Grup,Donem,Seri,Ad,Agg,Deger
bie_kt100h,2002-01,TP.KTF10,"İhtiyaç Kredisi (TL, Akım, %)",avg,74.875
bie_kt100h,2002-01,TP.KTF11,"Taşıt Kredisi (TL, Akım, %)",avg,57.705
bie_kt100h,2002-01,TP.KTF12,"Konut Kredisi (TL, Akım, %)",avg,49.9575
bie_kt100h,2002-01,TP.KTF17,"Ticari Krediler (TL, Akım, %)",avg,59.3
bie_kt100h,2002-01,TP.KTF17.EUR,"Ticari Krediler (Euro, Akım, %)",avg,8.9
bie_kt100h,2002-01,TP.KTF17.USD,"Ticari Krediler (ABD doları, Akım,%)",avg,7.01
bie_kt100h,2002-01,TP.KTFTUK,"Tüketici Kredisi (İhtiyaç+Taşıt+Konut) (TL, Akım, %)",avg,69.965
bie_kt100h,2002-02,TP.KTF10,"İhtiyaç Kredisi (TL, Akım, %)",avg,71.635
bie_kt100h,2002-02,TP.KTF11,"Taşıt Kredisi (TL, Akım, %)",avg,51.245
bie_kt100h,2002-02,TP.KTF12,"Konut Kredisi (TL, Akım, %)",avg,52.9575
bie_kt100h,2002-02,TP.KTF17,"Ticari Krediler (TL, Akım, %)",avg,58.3925
bie_kt100h,2002-02,TP.KTF17.EUR,"Ticari Krediler (Euro, Akım, %)",avg,7.85
bie_kt100h,2002-02,TP.KTF17.USD,"Ticari Krediler (ABD doları, Akım,%)",avg,7.1233
bie_kt100h,2002-02,TP.KTFTUK,"Tüketici Kredisi (İhtiyaç+Taşıt+Konut) (TL, Akım, %)",avg,68.0775
bie_kt100h,2002-03,TP.KTF10,"İhtiyaç Kredisi (TL, Akım, %)",avg,65.556
bie_kt100h,2002-03,TP.KTF11,"Taşıt Kredisi (TL, Akım, %)",avg,50.384
bie_kt100h,2002-03,TP.KTF12,"Konut Kredisi (TL, Akım, %)",avg,53.112
bie_kt100h,2002-03,TP.KTF17,"Ticari Krediler (TL, Akım, %)",avg,59.228
bie_kt100h,2002-03,TP.KTF17.EUR,"Ticari Krediler (Euro, Akım, %)",avg,8.06
bie_kt100h,2002-03,TP.KTF17.USD,"Ticari Krediler (ABD doları, Akım,%)",avg,6.324
bie_kt100h,2002-03,TP.KTFTUK,"Tüketici Kredisi (İhtiyaç+Taşıt+Konut) (TL, Akım, %)",avg,62.624
bie_kt100h,2002-04,TP.KTF10,"İhtiyaç Kredisi (TL, Akım, %)",avg,60.7325
bie_kt100h,2002-04,TP.KTF11,"Taşıt Kredisi (TL, Akım, %)",avg,48.8375
bie_kt100h,2002-04,TP.KTF12,"Konut Kredisi (TL, Akım, %)",avg,49.5025
bie_kt100h,2002-04,TP.KTF17,"Ticari Krediler (TL, Akım, %)",avg,52.225
bie_kt100h,2002-04,TP.KTF17.EUR,"Ticari Krediler (Euro, Akım, %)",avg,9.535
bie_kt100h,2002-04,TP.KTF17.USD,"Ticari Krediler (ABD doları, Akım,%)",avg,6.4875
bie_kt100h,2002-04,TP.KTFTUK,"Tüketici Kredisi (İhtiyaç+Taşıt+Konut) (TL, Akım, %)",avg,57.5225
bie_kt100h,2002-05,TP.KTF10,"İhtiyaç Kredisi (TL, Akım, %)",avg,53.116
bie_kt100h,2002-05,TP.KTF11,"Taşıt Kredisi (TL, Akım, %)",avg,42.006
bie_kt100h,2002-05,TP.KTF12,"Konut Kredisi (TL, Akım, %)",avg,44.698
bie_kt100h,2002-05,TP.KTF17,"Ticari Krediler (TL, Akım, %)",avg,46.974
bie_kt100h,2002-05,TP.KTF17.EUR,"Ticari Krediler (Euro, Akım, %)",avg,8.996
bie_kt100h,2002-05,TP.KTF17.USD,"Ticari Krediler (ABD doları, Akım,%)",avg,7.37
bie_kt100h,2002-05,TP.KTFTUK,"Tüketici Kredisi (İhtiyaç+Taşıt+Konut) (TL, Akım, %)",avg,49.456
bie_kt100h,2002-06,TP.KTF10,"İhtiyaç Kredisi (TL, Akım, %)",avg,52.7525
bie_kt100h,2002-06,TP.KTF11,"Taşıt Kredisi (TL, Akım, %)",avg,43.835
bie_kt100h,2002-06,TP.KTF12,"Konut Kredisi (TL, Akım, %)",avg,44.72
bie_kt100h,2002-06,TP.KTF17,"Ticari Krediler (TL, Akım, %)",avg,48.55
bie_kt100h,2002-06,TP.KTF17.EUR,"Ticari Krediler (Euro, Akım, %)",avg,6.4225
bie_kt100h,2002-06,TP.KTF17.USD,"Ticari Krediler (ABD doları, Akım,%)",avg,9.4175
bie_kt100h,2002-06,TP.KTFTUK,"Tüketici Kredisi (İhtiyaç+Taşıt+Konut) (TL, Akım, %)",avg,49.355
bie_kt100h,2002-07,TP.KTF10,"İhtiyaç Kredisi (TL, Akım, %)",avg,56.25
bie_kt100h,2002-07,TP.KTF11,"Taşıt Kredisi (TL, Akım, %)",avg,50.0375
bie_kt100h,2002-07,TP.KTF12,"Konut Kredisi (TL, Akım, %)",avg,48.26
bie_kt100h,2002-07,TP.KTF17,"Ticari Krediler (TL, Akım, %)",avg,46.7225
bie_kt100h,2002-07,TP.KTF17.EUR,"Ticari Krediler (Euro, Akım, %)",avg,6.5525
bie_kt100h,2002-07,TP.KTF17.USD,"Ticari Krediler (ABD doları, Akım,%)",avg,6.46
bie_kt100h,2002-07,TP.KTFTUK,"Tüketici Kredisi (İhtiyaç+Taşıt+Konut) (TL, Akım, %)",avg,53.4875
bie_kt100h,2002-08,TP.KTF10,"İhtiyaç Kredisi (TL, Akım, %)",avg,55.446
bie_kt100h,2002-08,TP.KTF11,"Taşıt Kredisi (TL, Akım, %)",avg,45.998
bie_kt100h,2002-08,TP.KTF12,"Konut Kredisi (TL, Akım, %)",avg,47.712
bie_kt100h,2002-08,TP.KTF17,"Ticari Krediler (TL, Akım, %)",avg,44.496
bie_kt100h,2002-08,TP.KTF17.EUR,"Ticari Krediler (Euro, Akım, %)",avg,6.11
bie_kt100h,2002-08,TP.KTF17.USD,"Ticari Krediler (ABD doları, Akım,%)",avg,5.864
bie_kt100h,2002-08,TP.KTFTUK,"Tüketici Kredisi (İhtiyaç+Taşıt+Konut) (TL, Akım, %)",avg,50.688
bie_kt100h,2002-09,TP.KTF10,"İhtiyaç Kredisi (TL, Akım, %)",avg,54.1475
bie_kt100h,2002-09,TP.KTF11,"Taşıt Kredisi (TL, Akım, %)",avg,46.42
bie_kt100h,2002-09,TP.KTF12,"Konut Kredisi (TL, Akım, %)",avg,46.6825
bie_kt100h,2002-09,TP.KTF17,"Ticari Krediler (TL, Akım, %)",avg,45.16
bie_kt100h,2002-09,TP.KTF17.EUR,"Ticari Krediler (Euro, Akım, %)",avg,6.88
bie_kt100h,2002-09,TP.KTF17.USD,"Ticari Krediler (ABD doları, Akım,%)",avg,6.58
bie_kt100h,2002-09,TP.KTFTUK,"Tüketici Kredisi (İhtiyaç+Taşıt+Konut) (TL, Akım, %)",avg,50.9925
bie_kt100h,2002-10,TP.KTF10,"İhtiyaç Kredisi (TL, Akım, %)",avg,54.085
bie_kt100h,2002-10,TP.KTF11,"Taşıt Kredisi (TL, Akım, %)",avg,46.485
bie_kt100h,2002-10,TP.KTF12,"Konut Kredisi (TL, Akım, %)",avg,49.0925
bie_kt100h,2002-10,TP.KTF17,"Ticari Krediler (TL, Akım, %)",avg,44.6575
bie_kt100h,2002-10,TP.KTF17.EUR,"Ticari Krediler (Euro, Akım, %)",avg,8.39
bie_kt100h,2002-10,TP.KTF17.USD,"Ticari Krediler (ABD doları, Akım,%)",avg,8.825
bie_kt100h,2002-10,TP.KTFTUK,"Tüketici Kredisi (İhtiyaç+Taşıt+Konut) (TL, Akım, %)",avg,50.865
bie_kt100h,2002-11,TP.KTF10,"İhtiyaç Kredisi (TL, Akım, %)",avg,53.012
bie_kt100h,2002-11,TP.KTF11,"Taşıt Kredisi (TL, Akım, %)",avg,45.494
bie_kt100h,2002-11,TP.KTF12,"Konut Kredisi (TL, Akım, %)",avg,47.998
bie_kt100h,2002-11,TP.KTF17,"Ticari Krediler (TL, Akım, %)",avg,41.92
bie_kt100h,2002-11,TP.KTF17.EUR,"Ticari Krediler (Euro, Akım, %)",avg,5.102
bie_kt100h,2002-11,TP.KTF17.USD,"Ticari Krediler (ABD doları, Akım,%)",avg,4.12
bie_kt100h,2002-11,TP.KTFTUK,"Tüketici Kredisi (İhtiyaç+Taşıt+Konut) (TL, Akım, %)",avg,49.948
bie_kt100h,2002-12,TP.KTF10,"İhtiyaç Kredisi (TL, Akım, %)",avg,49.4825
bie_kt100h,2002-12,TP.KTF11,"Taşıt Kredisi (TL, Akım, %)",avg,40.2525
bie_kt100h,2002-12,TP.KTF12,"Konut Kredisi (TL, Akım, %)",avg,44.305
bie_kt100h,2002-12,TP.KTF17,"Ticari Krediler (TL, Akım, %)",avg,43.3075
bie_kt100h,2002-12,TP.KTF17.EUR,"Ticari Krediler (Euro, Akım, %)",avg,5.385
bie_kt100h,2002-12,TP.KTF17.USD,"Ticari Krediler (ABD doları, Akım,%)",avg,5.5225
bie_kt100h,2002-12,TP.KTFTUK,"Tüketici Kredisi (İhtiyaç+Taşıt+Konut) (TL, Akım, %)",avg,44.71
bie_kt100h,2003-01,TP.KTF10,"İhtiyaç Kredisi (TL, Akım, %)",avg,49.318
bie_kt100h,2003-01,TP.KTF11,"Taşıt Kredisi (TL, Akım, %)",avg,40.348
bie_kt100h,2003-01,TP.KTF12,"Konut Kredisi (TL, Akım, %)",avg,44.028
bie_kt100h,2003-01,TP.KTF17,"Ticari Krediler (TL, Akım, %)",avg,43.228
bie_kt100h,2003-01,TP.KTF17.EUR,"Ticari Krediler (Euro, Akım, %)",avg,6.572
bie_kt100h,2003-01,TP.KTF17.USD,"Ticari Krediler (ABD doları, Akım,%)",avg,5.382
bie_kt100h,2003-01,TP.KTFTUK,"Tüketici Kredisi (İhtiyaç+Taşıt+Konut) (TL, Akım, %)",avg,44.688
bie_kt100h,2003-02,TP.KTF10,"İhtiyaç Kredisi (TL, Akım, %)",avg,48.5225
bie_kt100h,2003-02,TP.KTF11,"Taşıt Kredisi (TL, Akım, %)",avg,42.185
bie_kt100h,2003-02,TP.KTF12,"Konut Kredisi (TL, Akım, %)",avg,43.31
bie_kt100h,2003-02,TP.KTF17,"Ticari Krediler (TL, Akım, %)",avg,44.825
bie_kt100h,2003-02,TP.KTF17.EUR,"Ticari Krediler (Euro, Akım, %)",avg,6.43
bie_kt100h,2003-02,TP.KTF17.USD,"Ticari Krediler (ABD doları, Akım,%)",avg,6.4425
bie_kt100h,2003-02,TP.KTFTUK,"Tüketici Kredisi (İhtiyaç+Taşıt+Konut) (TL, Akım, %)",avg,46.115
bie_kt100h,2003-03,TP.KTF10,"İhtiyaç Kredisi (TL, Akım, %)",avg,51.11
bie_kt100h,2003-03,TP.KTF11,"Taşıt Kredisi (TL, Akım, %)",avg,45.7925
bie_kt100h,2003-03,TP.KTF12,"Konut Kredisi (TL, Akım, %)",avg,45.8475
bie_kt100h,2003-03,TP.KTF17,"Ticari Krediler (TL, Akım, %)",avg,46.1275
bie_kt100h,2003-03,TP.KTF17.EUR,"Ticari Krediler (Euro, Akım, %)",avg,6.47
bie_kt100h,2003-03,TP.KTF17.USD,"Ticari Krediler (ABD doları, Akım,%)",avg,5.4525
bie_kt100h,2003-03,TP.KTFTUK,"Tüketici Kredisi (İhtiyaç+Taşıt+Konut) (TL, Akım, %)",avg,49.3075
bie_kt100h,2003-04,TP.KTF10,"İhtiyaç Kredisi (TL, Akım, %)",avg,56.2325
bie_kt100h,2003-04,TP.KTF11,"Taşıt Kredisi (TL, Akım, %)",avg,50.0225
bie_kt100h,2003-04,TP.KTF12,"Konut Kredisi (TL, Akım, %)",avg,50.305
bie_kt100h,2003-04,TP.KTF17,"Ticari Krediler (TL, Akım, %)",avg,47.0225
bie_kt100h,2003-04,TP.KTF17.EUR,"Ticari Krediler (Euro, Akım, %)",avg,6.3075
bie_kt100h,2003-04,TP.KTF17.USD,"Ticari Krediler (ABD doları, Akım,%)",avg,4.39
bie_kt100h,2003-04,TP.KTFTUK,"Tüketici Kredisi (İhtiyaç+Taşıt+Konut) (TL, Akım, %)",avg,54.4225
bie_kt100h,2003-05,TP.KTF10,"İhtiyaç Kredisi (TL, Akım, %)",avg,53.836
bie_kt100h,2003-05,TP.KTF11,"Taşıt Kredisi (TL, Akım, %)",avg,46.346
bie_kt100h,2003-05,TP.KTF12,"Konut Kredisi (TL, Akım, %)",avg,45.362
bie_kt100h,2003-05,TP.KTF17,"Ticari Krediler (TL, Akım, %)",avg,43.938
bie_kt100h,2003-05,TP.KTF17.EUR,"Ticari Krediler (Euro, Akım, %)",avg,6.218
bie_kt100h,2003-05,TP.KTF17.USD,"Ticari Krediler (ABD doları, Akım,%)",avg,4.59
bie_kt100h,2003-05,TP.KTFTUK,"Tüketici Kredisi (İhtiyaç+Taşıt+Konut) (TL, Akım, %)",avg,51.1
bie_kt100h,2003-06,TP.KTF10,"İhtiyaç Kredisi (TL, Akım, %)",avg,48.5725
bie_kt100h,2003-06,TP.KTF11,"Taşıt Kredisi (TL, Akım, %)",avg,43.75
bie_kt100h,2003-06,TP.KTF12,"Konut Kredisi (TL, Akım, %)",avg,43.325
bie_kt100h,2003-06,TP.KTF17,"Ticari Krediler (TL, Akım, %)",avg,42.1675
bie_kt100h,2003-06,TP.KTF17.EUR,"Ticari Krediler (Euro, Akım, %)",avg,5.0825
bie_kt100h,2003-06,TP.KTF17.USD,"Ticari Krediler (ABD doları, Akım,%)",avg,5.81
bie_kt100h,2003-06,TP.KTFTUK,"Tüketici Kredisi (İhtiyaç+Taşıt+Konut) (TL, Akım, %)",avg,46.7825
bie_kt100h,2003-07,TP.KTF10,"İhtiyaç Kredisi (TL, Akım, %)",avg,47.125
bie_kt100h,2003-07,TP.KTF11,"Taşıt Kredisi (TL, Akım, %)",avg,41.9375
bie_kt100h,2003-07,TP.KTF12,"Konut Kredisi (TL, Akım, %)",avg,40.835
bie_kt100h,2003-07,TP.KTF17,"Ticari Krediler (TL, Akım, %)",avg,39.96
bie_kt100h,2003-07,TP.KTF17.EUR,"Ticari Krediler (Euro, Akım, %)",avg,5.3325
bie_kt100h,2003-07,TP.KTF17.USD,"Ticari Krediler (ABD doları, Akım,%)",avg,4.8375
bie_kt100h,2003-07,TP.KTFTUK,"Tüketici Kredisi (İhtiyaç+Taşıt+Konut) (TL, Akım, %)",avg,45.0075
bie_kt100h,2003-08,TP.KTF10,"İhtiyaç Kredisi (TL, Akım, %)",avg,46.574
bie_kt100h,2003-08,TP.KTF11,"Taşıt Kredisi (TL, Akım, %)",avg,39.162
bie_kt100h,2003-08,TP.KTF12,"Konut Kredisi (TL, Akım, %)",avg,39.238
bie_kt100h,2003-08,TP.KTF17,"Ticari Krediler (TL, Akım, %)",avg,37.606
bie_kt100h,2003-08,TP.KTF17.EUR,"Ticari Krediler (Euro, Akım, %)",avg,4.914
bie_kt100h,2003-08,TP.KTF17.USD,"Ticari Krediler (ABD doları, Akım,%)",avg,5.288
bie_kt100h,2003-08,TP.KTFTUK,"Tüketici Kredisi (İhtiyaç+Taşıt+Konut) (TL, Akım, %)",avg,43.748
bie_kt100h,2003-09,TP.KTF10,"İhtiyaç Kredisi (TL, Akım, %)",avg,42.955
bie_kt100h,2003-09,TP.KTF11,"Taşıt Kredisi (TL, Akım, %)",avg,34.73
bie_kt100h,2003-09,TP.KTF12,"Konut Kredisi (TL, Akım, %)",avg,37.775
bie_kt100h,2003-09,TP.KTF17,"Ticari Krediler (TL, Akım, %)",avg,36.8275
bie_kt100h,2003-09,TP.KTF17.EUR,"Ticari Krediler (Euro, Akım, %)",avg,5.605
bie_kt100h,2003-09,TP.KTF17.USD,"Ticari Krediler (ABD doları, Akım,%)",avg,5.875
bie_kt100h,2003-09,TP.KTFTUK,"Tüketici Kredisi (İhtiyaç+Taşıt+Konut) (TL, Akım, %)",avg,39.6275
bie_kt100h,2003-10,TP.KTF10,"İhtiyaç Kredisi (TL, Akım, %)",avg,38.146
bie_kt100h,2003-10,TP.KTF11,"Taşıt Kredisi (TL, Akım, %)",avg,30.528
bie_kt100h,2003-10,TP.KTF12,"Konut Kredisi (TL, Akım, %)",avg,33.784
bie_kt100h,2003-10,TP.KTF17,"Ticari Krediler (TL, Akım, %)",avg,34.426
bie_kt100h,2003-10,TP.KTF17.EUR,"Ticari Krediler (Euro, Akım, %)",avg,4.632
bie_kt100h,2003-10,TP.KTF17.USD,"Ticari Krediler (ABD doları, Akım,%)",avg,4.378
bie_kt100h,2003-10,TP.KTFTUK,"Tüketici Kredisi (İhtiyaç+Taşıt+Konut) (TL, Akım, %)",avg,34.814
bie_kt100h,2003-11,TP.KTF10,"İhtiyaç Kredisi (TL, Akım, %)",avg,33.8225
bie_kt100h,2003-11,TP.KTF11,"Taşıt Kredisi (TL, Akım, %)",avg,28.83
bie_kt100h,2003-11,TP.KTF12,"Konut Kredisi (TL, Akım, %)",avg,31.2075
bie_kt100h,2003-11,TP.KTF17,"Ticari Krediler (TL, Akım, %)",avg,32.76
bie_kt100h,2003-11,TP.KTF17.EUR,"Ticari Krediler (Euro, Akım, %)",avg,5.2075
bie_kt100h,2003-11,TP.KTF17.USD,"Ticari Krediler (ABD doları, Akım,%)",avg,4.975
bie_kt100h,2003-11,TP.KTFTUK,"Tüketici Kredisi (İhtiyaç+Taşıt+Konut) (TL, Akım, %)",avg,31.2825
bie_kt100h,2003-12,TP.KTF10,"İhtiyaç Kredisi (TL, Akım, %)",avg,33.74
bie_kt100h,2003-12,TP.KTF11,"Taşıt Kredisi (TL, Akım, %)",avg,28.2825
bie_kt100h,2003-12,TP.KTF12,"Konut Kredisi (TL, Akım, %)",avg,30.1275
bie_kt100h,2003-12,TP.KTF17,"Ticari Krediler (TL, Akım, %)",avg,32.26
bie_kt100h,2003-12,TP.KTF17.EUR,"Ticari Krediler (Euro, Akım, %)",avg,4.5725
bie_kt100h,2003-12,TP.KTF17.USD,"Ticari Krediler (ABD doları, Akım,%)",avg,4.775
bie_kt100h,2003-12,TP.KTFTUK,"Tüketici Kredisi (İhtiyaç+Taşıt+Konut) (TL, Akım, %)",avg,30.9025
bie_kt100h,2004-01,TP.KTF10,"İhtiyaç Kredisi (TL, Akım, %)",avg,33.422
bie_kt100h,2004-01,TP.KTF11,"Taşıt Kredisi (TL, Akım, %)",avg,27.022
bie_kt100h,2004-01,TP.KTF12,"Konut Kredisi (TL, Akım, %)",avg,28.532
bie_kt100h,2004-01,TP.KTF17,"Ticari Krediler (TL, Akım, %)",avg,30.67
bie_kt100h,2004-01,TP.KTF17.EUR,"Ticari Krediler (Euro, Akım, %)",avg,4.612
bie_kt100h,2004-01,TP.KTF17.USD,"Ticari Krediler (ABD doları, Akım,%)",avg,4.836
bie_kt100h,2004-01,TP.KTFTUK,"Tüketici Kredisi (İhtiyaç+Taşıt+Konut) (TL, Akım, %)",avg,30.198
bie_kt100h,2004-02,TP.KTF10,"İhtiyaç Kredisi (TL, Akım, %)",avg,31.2675
bie_kt100h,2004-02,TP.KTF11,"Taşıt Kredisi (TL, Akım, %)",avg,25.645
bie_kt100h,2004-02,TP.KTF12,"Konut Kredisi (TL, Akım, %)",avg,26.7425
bie_kt100h,2004-02,TP.KTF17,"Ticari Krediler (TL, Akım, %)",avg,28.6425
bie_kt100h,2004-02,TP.KTF17.EUR,"Ticari Krediler (Euro, Akım, %)",avg,4.7025
bie_kt100h,2004-02,TP.KTF17.USD,"Ticari Krediler (ABD doları, Akım,%)",avg,5.5775
bie_kt100h,2004-02,TP.KTFTUK,"Tüketici Kredisi (İhtiyaç+Taşıt+Konut) (TL, Akım, %)",avg,28.48
bie_kt100h,2004-03,TP.KTF10,"İhtiyaç Kredisi (TL, Akım, %)",avg,30.79
bie_kt100h,2004-03,TP.KTF11,"Taşıt Kredisi (TL, Akım, %)",avg,25.415
bie_kt100h,2004-03,TP.KTF12,"Konut Kredisi (TL, Akım, %)",avg,25.6325
bie_kt100h,2004-03,TP.KTF17,"Ticari Krediler (TL, Akım, %)",avg,28.7475
bie_kt100h,2004-03,TP.KTF17.EUR,"Ticari Krediler (Euro, Akım, %)",avg,4.9375
bie_kt100h,2004-03,TP.KTF17.USD,"Ticari Krediler (ABD doları, Akım,%)",avg,5.98
bie_kt100h,2004-03,TP.KTFTUK,"Tüketici Kredisi (İhtiyaç+Taşıt+Konut) (TL, Akım, %)",avg,27.5425
bie_kt100h,2004-04,TP.KTF10,"İhtiyaç Kredisi (TL, Akım, %)",avg,28.892
bie_kt100h,2004-04,TP.KTF11,"Taşıt Kredisi (TL, Akım, %)",avg,22.904
bie_kt100h,2004-04,TP.KTF12,"Konut Kredisi (TL, Akım, %)",avg,24.198
bie_kt100h,2004-04,TP.KTF17,"Ticari Krediler (TL, Akım, %)",avg,26.206
bie_kt100h,2004-04,TP.KTF17.EUR,"Ticari Krediler (Euro, Akım, %)",avg,4.3575
bie_kt100h,2004-04,TP.KTF17.USD,"Ticari Krediler (ABD doları, Akım,%)",avg,4.422
bie_kt100h,2004-04,TP.KTFTUK,"Tüketici Kredisi (İhtiyaç+Taşıt+Konut) (TL, Akım, %)",avg,25.504
bie_kt100h,2004-05,TP.KTF10,"İhtiyaç Kredisi (TL, Akım, %)",avg,29.2325
bie_kt100h,2004-05,TP.KTF11,"Taşıt Kredisi (TL, Akım, %)",avg,24.6975
bie_kt100h,2004-05,TP.KTF12,"Konut Kredisi (TL, Akım, %)",avg,26.465
bie_kt100h,2004-05,TP.KTF17,"Ticari Krediler (TL, Akım, %)",avg,26.5825
bie_kt100h,2004-05,TP.KTF17.EUR,"Ticari Krediler (Euro, Akım, %)",avg,4.555
bie_kt100h,2004-05,TP.KTF17.USD,"Ticari Krediler (ABD doları, Akım,%)",avg,5.5225
bie_kt100h,2004-05,TP.KTFTUK,"Tüketici Kredisi (İhtiyaç+Taşıt+Konut) (TL, Akım, %)",avg,26.725
bie_kt100h,2004-06,TP.KTF10,"İhtiyaç Kredisi (TL, Akım, %)",avg,33.6725
bie_kt100h,2004-06,TP.KTF11,"Taşıt Kredisi (TL, Akım, %)",avg,28.325
bie_kt100h,2004-06,TP.KTF12,"Konut Kredisi (TL, Akım, %)",avg,31.0125
bie_kt100h,2004-06,TP.KTF17,"Ticari Krediler (TL, Akım, %)",avg,27.3825
bie_kt100h,2004-06,TP.KTF17.EUR,"Ticari Krediler (Euro, Akım, %)",avg,4.82
bie_kt100h,2004-06,TP.KTF17.USD,"Ticari Krediler (ABD doları, Akım,%)",avg,4.865
bie_kt100h,2004-06,TP.KTFTUK,"Tüketici Kredisi (İhtiyaç+Taşıt+Konut) (TL, Akım, %)",avg,31.0225
bie_kt100h,2004-07,TP.KTF10,"İhtiyaç Kredisi (TL, Akım, %)",avg,33.228
bie_kt100h,2004-07,TP.KTF11,"Taşıt Kredisi (TL, Akım, %)",avg,28.658
bie_kt100h,2004-07,TP.KTF12,"Konut Kredisi (TL, Akım, %)",avg,30.552
bie_kt100h,2004-07,TP.KTF17,"Ticari Krediler (TL, Akım, %)",avg,26.614
bie_kt100h,2004-07,TP.KTF17.EUR,"Ticari Krediler (Euro, Akım, %)",avg,4.0
bie_kt100h,2004-07,TP.KTF17.USD,"Ticari Krediler (ABD doları, Akım,%)",avg,5.384
bie_kt100h,2004-07,TP.KTFTUK,"Tüketici Kredisi (İhtiyaç+Taşıt+Konut) (TL, Akım, %)",avg,31.062
bie_kt100h,2004-08,TP.KTF10,"İhtiyaç Kredisi (TL, Akım, %)",avg,32.4975
bie_kt100h,2004-08,TP.KTF11,"Taşıt Kredisi (TL, Akım, %)",avg,28.2475
bie_kt100h,2004-08,TP.KTF12,"Konut Kredisi (TL, Akım, %)",avg,29.9525
bie_kt100h,2004-08,TP.KTF17,"Ticari Krediler (TL, Akım, %)",avg,25.185
bie_kt100h,2004-08,TP.KTF17.EUR,"Ticari Krediler (Euro, Akım, %)",avg,5.055
bie_kt100h,2004-08,TP.KTF17.USD,"Ticari Krediler (ABD doları, Akım,%)",avg,5.19
bie_kt100h,2004-08,TP.KTFTUK,"Tüketici Kredisi (İhtiyaç+Taşıt+Konut) (TL, Akım, %)",avg,30.7275
bie_kt100h,2004-09,TP.KTF10,"İhtiyaç Kredisi (TL, Akım, %)",avg,32.6975
bie_kt100h,2004-09,TP.KTF11,"Taşıt Kredisi (TL, Akım, %)",avg,28.015
bie_kt100h,2004-09,TP.KTF12,"Konut Kredisi (TL, Akım, %)",avg,29.7225
bie_kt100h,2004-09,TP.KTF17,"Ticari Krediler (TL, Akım, %)",avg,25.4275
bie_kt100h,2004-09,TP.KTF17.EUR,"Ticari Krediler (Euro, Akım, %)",avg,4.87
bie_kt100h,2004-09,TP.KTF17.USD,"Ticari Krediler (ABD doları, Akım,%)",avg,5.6375
bie_kt100h,2004-09,TP.KTFTUK,"Tüketici Kredisi (İhtiyaç+Taşıt+Konut) (TL, Akım, %)",avg,30.6775
bie_kt100h,2004-10,TP.KTF10,"İhtiyaç Kredisi (TL, Akım, %)",avg,31.726
bie_kt100h,2004-10,TP.KTF11,"Taşıt Kredisi (TL, Akım, %)",avg,27.354
bie_kt100h,2004-10,TP.KTF12,"Konut Kredisi (TL, Akım, %)",avg,28.746
bie_kt100h,2004-10,TP.KTF17,"Ticari Krediler (TL, Akım, %)",avg,24.33
bie_kt100h,2004-10,TP.KTF17.EUR,"Ticari Krediler (Euro, Akım, %)",avg,4.74
bie_kt100h,2004-10,TP.KTF17.USD,"Ticari Krediler (ABD doları, Akım,%)",avg,4.466
bie_kt100h,2004-10,TP.KTFTUK,"Tüketici Kredisi (İhtiyaç+Taşıt+Konut) (TL, Akım, %)",avg,29.8
bie_kt100h,2004-11,TP.KTF10,"İhtiyaç Kredisi (TL, Akım, %)",avg,30.6175
bie_kt100h,2004-11,TP.KTF11,"Taşıt Kredisi (TL, Akım, %)",avg,25.64
bie_kt100h,2004-11,TP.KTF12,"Konut Kredisi (TL, Akım, %)",avg,26.975
bie_kt100h,2004-11,TP.KTF17,"Ticari Krediler (TL, Akım, %)",avg,23.745
bie_kt100h,2004-11,TP.KTF17.EUR,"Ticari Krediler (Euro, Akım, %)",avg,5.0
bie_kt100h,2004-11,TP.KTF17.USD,"Ticari Krediler (ABD doları, Akım,%)",avg,5.58
bie_kt100h,2004-11,TP.KTFTUK,"Tüketici Kredisi (İhtiyaç+Taşıt+Konut) (TL, Akım, %)",avg,28.3425
bie_kt100h,2004-12,TP.KTF10,"İhtiyaç Kredisi (TL, Akım, %)",avg,31.028
bie_kt100h,2004-12,TP.KTF11,"Taşıt Kredisi (TL, Akım, %)",avg,24.726
bie_kt100h,2004-12,TP.KTF12,"Konut Kredisi (TL, Akım, %)",avg,25.862
bie_kt100h,2004-12,TP.KTF17,"Ticari Krediler (TL, Akım, %)",avg,26.032
bie_kt100h,2004-12,TP.KTF17.EUR,"Ticari Krediler (Euro, Akım, %)",avg,5.126
bie_kt100h,2004-12,TP.KTF17.USD,"Ticari Krediler (ABD doları, Akım,%)",avg,6.506
bie_kt100h,2004-12,TP.KTFTUK,"Tüketici Kredisi (İhtiyaç+Taşıt+Konut) (TL, Akım, %)",avg,27.956
bie_kt100h,2005-01,TP.KTF10,"İhtiyaç Kredisi (TL, Akım, %)",avg,29.685
bie_kt100h,2005-01,TP.KTF11,"Taşıt Kredisi (TL, Akım, %)",avg,23.4925
bie_kt100h,2005-01,TP.KTF12,"Konut Kredisi (TL, Akım, %)",avg,22.1125
bie_kt100h,2005-01,TP.KTF17,"Ticari Krediler (TL, Akım, %)",avg,24.6125
bie_kt100h,2005-01,TP.KTF17.EUR,"Ticari Krediler (Euro, Akım, %)",avg,5.2367
bie_kt100h,2005-01,TP.KTF17.USD,"Ticari Krediler (ABD doları, Akım,%)",avg,5.4975
bie_kt100h,2005-01,TP.KTFTUK,"Tüketici Kredisi (İhtiyaç+Taşıt+Konut) (TL, Akım, %)",avg,26.385
bie_kt100h,2005-02,TP.KTF10,"İhtiyaç Kredisi (TL, Akım, %)",avg,26.2175
bie_kt100h,2005-02,TP.KTF11,"Taşıt Kredisi (TL, Akım, %)",avg,21.3
bie_kt100h,2005-02,TP.KTF12,"Konut Kredisi (TL, Akım, %)",avg,20.4075
bie_kt100h,2005-02,TP.KTF17,"Ticari Krediler (TL, Akım, %)",avg,22.985
bie_kt100h,2005-02,TP.KTF17.EUR,"Ticari Krediler (Euro, Akım, %)",avg,5.1425
bie_kt100h,2005-02,TP.KTF17.USD,"Ticari Krediler (ABD doları, Akım,%)",avg,6.47
bie_kt100h,2005-02,TP.KTFTUK,"Tüketici Kredisi (İhtiyaç+Taşıt+Konut) (TL, Akım, %)",avg,24.5925
bie_kt100h,2005-03,TP.KTF10,"İhtiyaç Kredisi (TL, Akım, %)",avg,26.2125
bie_kt100h,2005-03,TP.KTF11,"Taşıt Kredisi (TL, Akım, %)",avg,19.8
bie_kt100h,2005-03,TP.KTF12,"Konut Kredisi (TL, Akım, %)",avg,18.86
bie_kt100h,2005-03,TP.KTF17,"Ticari Krediler (TL, Akım, %)",avg,24.1825
bie_kt100h,2005-03,TP.KTF17.EUR,"Ticari Krediler (Euro, Akım, %)",avg,4.82
bie_kt100h,2005-03,TP.KTF17.USD,"Ticari Krediler (ABD doları, Akım,%)",avg,6.0375
bie_kt100h,2005-03,TP.KTFTUK,"Tüketici Kredisi (İhtiyaç+Taşıt+Konut) (TL, Akım, %)",avg,22.685
bie_kt100h,2005-04,TP.KTF10,"İhtiyaç Kredisi (TL, Akım, %)",avg,25.13
bie_kt100h,2005-04,TP.KTF11,"Taşıt Kredisi (TL, Akım, %)",avg,18.846
bie_kt100h,2005-04,TP.KTF12,"Konut Kredisi (TL, Akım, %)",avg,18.278
bie_kt100h,2005-04,TP.KTF17,"Ticari Krediler (TL, Akım, %)",avg,21.548
bie_kt100h,2005-04,TP.KTF17.EUR,"Ticari Krediler (Euro, Akım, %)",avg,4.898
bie_kt100h,2005-04,TP.KTF17.USD,"Ticari Krediler (ABD doları, Akım,%)",avg,6.028
bie_kt100h,2005-04,TP.KTFTUK,"Tüketici Kredisi (İhtiyaç+Taşıt+Konut) (TL, Akım, %)",avg,21.342
bie_kt100h,2005-05,TP.KTF10,"İhtiyaç Kredisi (TL, Akım, %)",avg,24.9775
bie_kt100h,2005-05,TP.KTF11,"Taşıt Kredisi (TL, Akım, %)",avg,18.3
bie_kt100h,2005-05,TP.KTF12,"Konut Kredisi (TL, Akım, %)",avg,18.0425
bie_kt100h,2005-05,TP.KTF17,"Ticari Krediler (TL, Akım, %)",avg,19.9675
bie_kt100h,2005-05,TP.KTF17.EUR,"Ticari Krediler (Euro, Akım, %)",avg,4.935
bie_kt100h,2005-05,TP.KTF17.USD,"Ticari Krediler (ABD doları, Akım,%)",avg,6.5275
bie_kt100h,2005-05,TP.KTFTUK,"Tüketici Kredisi (İhtiyaç+Taşıt+Konut) (TL, Akım, %)",avg,21.02
bie_kt100h,2005-06,TP.KTF10,"İhtiyaç Kredisi (TL, Akım, %)",avg,24.895
bie_kt100h,2005-06,TP.KTF11,"Taşıt Kredisi (TL, Akım, %)",avg,18.015
bie_kt100h,2005-06,TP.KTF12,"Konut Kredisi (TL, Akım, %)",avg,17.3425
bie_kt100h,2005-06,TP.KTF17,"Ticari Krediler (TL, Akım, %)",avg,20.515
bie_kt100h,2005-06,TP.KTF17.EUR,"Ticari Krediler (Euro, Akım, %)",avg,4.585
bie_kt100h,2005-06,TP.KTF17.USD,"Ticari Krediler (ABD doları, Akım,%)",avg,5.8875
bie_kt100h,2005-06,TP.KTFTUK,"Tüketici Kredisi (İhtiyaç+Taşıt+Konut) (TL, Akım, %)",avg,20.8775
bie_kt100h,2005-07,TP.KTF10,"İhtiyaç Kredisi (TL, Akım, %)",avg,25.072
bie_kt100h,2005-07,TP.KTF11,"Taşıt Kredisi (TL, Akım, %)",avg,17.412
bie_kt100h,2005-07,TP.KTF12,"Konut Kredisi (TL, Akım, %)",avg,16.114
bie_kt100h,2005-07,TP.KTF17,"Ticari Krediler (TL, Akım, %)",avg,19.31
bie_kt100h,2005-07,TP.KTF17.EUR,"Ticari Krediler (Euro, Akım, %)",avg,4.732
bie_kt100h,2005-07,TP.KTF17.USD,"Ticari Krediler (ABD doları, Akım,%)",avg,6.146
bie_kt100h,2005-07,TP.KTFTUK,"Tüketici Kredisi (İhtiyaç+Taşıt+Konut) (TL, Akım, %)",avg,20.04
bie_kt100h,2005-08,TP.KTF10,"İhtiyaç Kredisi (TL, Akım, %)",avg,24.2525
bie_kt100h,2005-08,TP.KTF11,"Taşıt Kredisi (TL, Akım, %)",avg,18.16
bie_kt100h,2005-08,TP.KTF12,"Konut Kredisi (TL, Akım, %)",avg,16.645
bie_kt100h,2005-08,TP.KTF17,"Ticari Krediler (TL, Akım, %)",avg,18.305
bie_kt100h,2005-08,TP.KTF17.EUR,"Ticari Krediler (Euro, Akım, %)",avg,4.8575
bie_kt100h,2005-08,TP.KTF17.USD,"Ticari Krediler (ABD doları, Akım,%)",avg,5.7125
bie_kt100h,2005-08,TP.KTFTUK,"Tüketici Kredisi (İhtiyaç+Taşıt+Konut) (TL, Akım, %)",avg,19.735
bie_kt100h,2005-09,TP.KTF10,"İhtiyaç Kredisi (TL, Akım, %)",avg,23.698
bie_kt100h,2005-09,TP.KTF11,"Taşıt Kredisi (TL, Akım, %)",avg,19.752
bie_kt100h,2005-09,TP.KTF12,"Konut Kredisi (TL, Akım, %)",avg,17.084
bie_kt100h,2005-09,TP.KTF17,"Ticari Krediler (TL, Akım, %)",avg,19.506
bie_kt100h,2005-09,TP.KTF17.EUR,"Ticari Krediler (Euro, Akım, %)",avg,4.344
bie_kt100h,2005-09,TP.KTF17.USD,"Ticari Krediler (ABD doları, Akım,%)",avg,6.266
bie_kt100h,2005-09,TP.KTFTUK,"Tüketici Kredisi (İhtiyaç+Taşıt+Konut) (TL, Akım, %)",avg,19.772
bie_kt100h,2005-10,TP.KTF10,"İhtiyaç Kredisi (TL, Akım, %)",avg,22.595
bie_kt100h,2005-10,TP.KTF11,"Taşıt Kredisi (TL, Akım, %)",avg,19.345
bie_kt100h,2005-10,TP.KTF12,"Konut Kredisi (TL, Akım, %)",avg,16.365
bie_kt100h,2005-10,TP.KTF17,"Ticari Krediler (TL, Akım, %)",avg,19.6225
bie_kt100h,2005-10,TP.KTF17.EUR,"Ticari Krediler (Euro, Akım, %)",avg,4.605
bie_kt100h,2005-10,TP.KTF17.USD,"Ticari Krediler (ABD doları, Akım,%)",avg,6.535
bie_kt100h,2005-10,TP.KTFTUK,"Tüketici Kredisi (İhtiyaç+Taşıt+Konut) (TL, Akım, %)",avg,18.915
bie_kt100h,2005-11,TP.KTF10,"İhtiyaç Kredisi (TL, Akım, %)",avg,21.6125
bie_kt100h,2005-11,TP.KTF11,"Taşıt Kredisi (TL, Akım, %)",avg,19.0025
bie_kt100h,2005-11,TP.KTF12,"Konut Kredisi (TL, Akım, %)",avg,15.905
bie_kt100h,2005-11,TP.KTF17,"Ticari Krediler (TL, Akım, %)",avg,17.3875
bie_kt100h,2005-11,TP.KTF17.EUR,"Ticari Krediler (Euro, Akım, %)",avg,4.4525
bie_kt100h,2005-11,TP.KTF17.USD,"Ticari Krediler (ABD doları, Akım,%)",avg,6.575
bie_kt100h,2005-11,TP.KTFTUK,"Tüketici Kredisi (İhtiyaç+Taşıt+Konut) (TL, Akım, %)",avg,18.3525
bie_kt100h,2005-12,TP.KTF10,"İhtiyaç Kredisi (TL, Akım, %)",avg,21.662
bie_kt100h,2005-12,TP.KTF11,"Taşıt Kredisi (TL, Akım, %)",avg,17.844
bie_kt100h,2005-12,TP.KTF12,"Konut Kredisi (TL, Akım, %)",avg,15.564
bie_kt100h,2005-12,TP.KTF17,"Ticari Krediler (TL, Akım, %)",avg,18.59
bie_kt100h,2005-12,TP.KTF17.EUR,"Ticari Krediler (Euro, Akım, %)",avg,4.8
bie_kt100h,2005-12,TP.KTF17.USD,"Ticari Krediler (ABD doları, Akım,%)",avg,6.322
bie_kt100h,2005-12,TP.KTFTUK,"Tüketici Kredisi (İhtiyaç+Taşıt+Konut) (TL, Akım, %)",avg,17.878
bie_kt100h,2006-01,TP.KTF10,"İhtiyaç Kredisi (TL, Akım, %)",avg,21.3533
bie_kt100h,2006-01,TP.KTF11,"Taşıt Kredisi (TL, Akım, %)",avg,17.78
bie_kt100h,2006-01,TP.KTF12,"Konut Kredisi (TL, Akım, %)",avg,15.1867
bie_kt100h,2006-01,TP.KTF17,"Ticari Krediler (TL, Akım, %)",avg,19.3133
bie_kt100h,2006-01,TP.KTF17.EUR,"Ticari Krediler (Euro, Akım, %)",avg,4.16
bie_kt100h,2006-01,TP.KTF17.USD,"Ticari Krediler (ABD doları, Akım,%)",avg,6.7433
bie_kt100h,2006-01,TP.KTFTUK,"Tüketici Kredisi (İhtiyaç+Taşıt+Konut) (TL, Akım, %)",avg,17.61
bie_kt100h,2006-02,TP.KTF10,"İhtiyaç Kredisi (TL, Akım, %)",avg,21.1875
bie_kt100h,2006-02,TP.KTF11,"Taşıt Kredisi (TL, Akım, %)",avg,17.61
bie_kt100h,2006-02,TP.KTF12,"Konut Kredisi (TL, Akım, %)",avg,14.895
bie_kt100h,2006-02,TP.KTF17,"Ticari Krediler (TL, Akım, %)",avg,19.085
bie_kt100h,2006-02,TP.KTF17.EUR,"Ticari Krediler (Euro, Akım, %)",avg,4.7325
bie_kt100h,2006-02,TP.KTF17.USD,"Ticari Krediler (ABD doları, Akım,%)",avg,6.4975
bie_kt100h,2006-02,TP.KTFTUK,"Tüketici Kredisi (İhtiyaç+Taşıt+Konut) (TL, Akım, %)",avg,17.2975
bie_kt100h,2006-03,TP.KTF10,"İhtiyaç Kredisi (TL, Akım, %)",avg,20.912
bie_kt100h,2006-03,TP.KTF11,"Taşıt Kredisi (TL, Akım, %)",avg,16.904
bie_kt100h,2006-03,TP.KTF12,"Konut Kredisi (TL, Akım, %)",avg,14.72
bie_kt100h,2006-03,TP.KTF17,"Ticari Krediler (TL, Akım, %)",avg,16.862
bie_kt100h,2006-03,TP.KTF17.EUR,"Ticari Krediler (Euro, Akım, %)",avg,4.414
bie_kt100h,2006-03,TP.KTF17.USD,"Ticari Krediler (ABD doları, Akım,%)",avg,6.092
bie_kt100h,2006-03,TP.KTFTUK,"Tüketici Kredisi (İhtiyaç+Taşıt+Konut) (TL, Akım, %)",avg,17.008
bie_kt100h,2006-04,TP.KTF10,"İhtiyaç Kredisi (TL, Akım, %)",avg,19.635
bie_kt100h,2006-04,TP.KTF11,"Taşıt Kredisi (TL, Akım, %)",avg,15.57
bie_kt100h,2006-04,TP.KTF12,"Konut Kredisi (TL, Akım, %)",avg,13.945
bie_kt100h,2006-04,TP.KTF17,"Ticari Krediler (TL, Akım, %)",avg,17.01
bie_kt100h,2006-04,TP.KTF17.EUR,"Ticari Krediler (Euro, Akım, %)",avg,4.3325
bie_kt100h,2006-04,TP.KTF17.USD,"Ticari Krediler (ABD doları, Akım,%)",avg,6.265
bie_kt100h,2006-04,TP.KTFTUK,"Tüketici Kredisi (İhtiyaç+Taşıt+Konut) (TL, Akım, %)",avg,16.2075
bie_kt100h,2006-05,TP.KTF10,"İhtiyaç Kredisi (TL, Akım, %)",avg,19.41
bie_kt100h,2006-05,TP.KTF11,"Taşıt Kredisi (TL, Akım, %)",avg,13.645
bie_kt100h,2006-05,TP.KTF12,"Konut Kredisi (TL, Akım, %)",avg,14.1725
bie_kt100h,2006-05,TP.KTF17,"Ticari Krediler (TL, Akım, %)",avg,16.015
bie_kt100h,2006-05,TP.KTF17.EUR,"Ticari Krediler (Euro, Akım, %)",avg,4.23
bie_kt100h,2006-05,TP.KTF17.USD,"Ticari Krediler (ABD doları, Akım,%)",avg,6.3275
bie_kt100h,2006-05,TP.KTFTUK,"Tüketici Kredisi (İhtiyaç+Taşıt+Konut) (TL, Akım, %)",avg,16.3
bie_kt100h,2006-06,TP.KTF10,"İhtiyaç Kredisi (TL, Akım, %)",avg,22.276
bie_kt100h,2006-06,TP.KTF11,"Taşıt Kredisi (TL, Akım, %)",avg,17.538
bie_kt100h,2006-06,TP.KTF12,"Konut Kredisi (TL, Akım, %)",avg,17.276
bie_kt100h,2006-06,TP.KTF17,"Ticari Krediler (TL, Akım, %)",avg,17.37
bie_kt100h,2006-06,TP.KTF17.EUR,"Ticari Krediler (Euro, Akım, %)",avg,4.75
bie_kt100h,2006-06,TP.KTF17.USD,"Ticari Krediler (ABD doları, Akım,%)",avg,6.728
bie_kt100h,2006-06,TP.KTFTUK,"Tüketici Kredisi (İhtiyaç+Taşıt+Konut) (TL, Akım, %)",avg,19.67
bie_kt100h,2006-07,TP.KTF10,"İhtiyaç Kredisi (TL, Akım, %)",avg,27.7675
bie_kt100h,2006-07,TP.KTF11,"Taşıt Kredisi (TL, Akım, %)",avg,22.8875
bie_kt100h,2006-07,TP.KTF12,"Konut Kredisi (TL, Akım, %)",avg,21.1675
bie_kt100h,2006-07,TP.KTF17,"Ticari Krediler (TL, Akım, %)",avg,19.825
bie_kt100h,2006-07,TP.KTF17.EUR,"Ticari Krediler (Euro, Akım, %)",avg,4.9475
bie_kt100h,2006-07,TP.KTF17.USD,"Ticari Krediler (ABD doları, Akım,%)",avg,6.5975
bie_kt100h,2006-07,TP.KTFTUK,"Tüketici Kredisi (İhtiyaç+Taşıt+Konut) (TL, Akım, %)",avg,25.2825
bie_kt100h,2006-08,TP.KTF10,"İhtiyaç Kredisi (TL, Akım, %)",avg,27.9575
bie_kt100h,2006-08,TP.KTF11,"Taşıt Kredisi (TL, Akım, %)",avg,22.435
bie_kt100h,2006-08,TP.KTF12,"Konut Kredisi (TL, Akım, %)",avg,21.705
bie_kt100h,2006-08,TP.KTF17,"Ticari Krediler (TL, Akım, %)",avg,19.975
bie_kt100h,2006-08,TP.KTF17.EUR,"Ticari Krediler (Euro, Akım, %)",avg,5.18
bie_kt100h,2006-08,TP.KTF17.USD,"Ticari Krediler (ABD doları, Akım,%)",avg,6.8525
bie_kt100h,2006-08,TP.KTFTUK,"Tüketici Kredisi (İhtiyaç+Taşıt+Konut) (TL, Akım, %)",avg,25.5075
bie_kt100h,2006-09,TP.KTF10,"İhtiyaç Kredisi (TL, Akım, %)",avg,27.06
bie_kt100h,2006-09,TP.KTF11,"Taşıt Kredisi (TL, Akım, %)",avg,21.496
bie_kt100h,2006-09,TP.KTF12,"Konut Kredisi (TL, Akım, %)",avg,21.752
bie_kt100h,2006-09,TP.KTF17,"Ticari Krediler (TL, Akım, %)",avg,19.782
bie_kt100h,2006-09,TP.KTF17.EUR,"Ticari Krediler (Euro, Akım, %)",avg,4.828
bie_kt100h,2006-09,TP.KTF17.USD,"Ticari Krediler (ABD doları, Akım,%)",avg,7.124
bie_kt100h,2006-09,TP.KTFTUK,"Tüketici Kredisi (İhtiyaç+Taşıt+Konut) (TL, Akım, %)",avg,24.764
bie_kt100h,2006-10,TP.KTF10,"İhtiyaç Kredisi (TL, Akım, %)",avg,26.5925
bie_kt100h,2006-10,TP.KTF11,"Taşıt Kredisi (TL, Akım, %)",avg,21.755
bie_kt100h,2006-10,TP.KTF12,"Konut Kredisi (TL, Akım, %)",avg,21.6475
bie_kt100h,2006-10,TP.KTF17,"Ticari Krediler (TL, Akım, %)",avg,20.3125
bie_kt100h,2006-10,TP.KTF17.EUR,"Ticari Krediler (Euro, Akım, %)",avg,5.58
bie_kt100h,2006-10,TP.KTF17.USD,"Ticari Krediler (ABD doları, Akım,%)",avg,7.515
bie_kt100h,2006-10,TP.KTFTUK,"Tüketici Kredisi (İhtiyaç+Taşıt+Konut) (TL, Akım, %)",avg,24.5125
bie_kt100h,2006-11,TP.KTF10,"İhtiyaç Kredisi (TL, Akım, %)",avg,26.28
bie_kt100h,2006-11,TP.KTF11,"Taşıt Kredisi (TL, Akım, %)",avg,21.825
bie_kt100h,2006-11,TP.KTF12,"Konut Kredisi (TL, Akım, %)",avg,21.45
bie_kt100h,2006-11,TP.KTF17,"Ticari Krediler (TL, Akım, %)",avg,20.5875
bie_kt100h,2006-11,TP.KTF17.EUR,"Ticari Krediler (Euro, Akım, %)",avg,5.23
bie_kt100h,2006-11,TP.KTF17.USD,"Ticari Krediler (ABD doları, Akım,%)",avg,7.215
bie_kt100h,2006-11,TP.KTFTUK,"Tüketici Kredisi (İhtiyaç+Taşıt+Konut) (TL, Akım, %)",avg,24.185
bie_kt100h,2006-12,TP.KTF10,"İhtiyaç Kredisi (TL, Akım, %)",avg,25.102
bie_kt100h,2006-12,TP.KTF11,"Taşıt Kredisi (TL, Akım, %)",avg,20.928
bie_kt100h,2006-12,TP.KTF12,"Konut Kredisi (TL, Akım, %)",avg,20.322
bie_kt100h,2006-12,TP.KTF17,"Ticari Krediler (TL, Akım, %)",avg,19.858
bie_kt100h,2006-12,TP.KTF17.EUR,"Ticari Krediler (Euro, Akım, %)",avg,5.428
bie_kt100h,2006-12,TP.KTF17.USD,"Ticari Krediler (ABD doları, Akım,%)",avg,7.31
bie_kt100h,2006-12,TP.KTFTUK,"Tüketici Kredisi (İhtiyaç+Taşıt+Konut) (TL, Akım, %)",avg,22.848
bie_kt100h,2007-01,TP.KTF10,"İhtiyaç Kredisi (TL, Akım, %)",avg,25.4975
bie_kt100h,2007-01,TP.KTF11,"Taşıt Kredisi (TL, Akım, %)",avg,21.27
bie_kt100h,2007-01,TP.KTF12,"Konut Kredisi (TL, Akım, %)",avg,21.3375
bie_kt100h,2007-01,TP.KTF17,"Ticari Krediler (TL, Akım, %)",avg,19.265
bie_kt100h,2007-01,TP.KTF17.EUR,"Ticari Krediler (Euro, Akım, %)",avg,6.0675
bie_kt100h,2007-01,TP.KTF17.USD,"Ticari Krediler (ABD doları, Akım,%)",avg,7.2925
bie_kt100h,2007-01,TP.KTFTUK,"Tüketici Kredisi (İhtiyaç+Taşıt+Konut) (TL, Akım, %)",avg,23.7275
bie_kt100h,2007-02,TP.KTF10,"İhtiyaç Kredisi (TL, Akım, %)",avg,24.8275
bie_kt100h,2007-02,TP.KTF11,"Taşıt Kredisi (TL, Akım, %)",avg,21.3375
bie_kt100h,2007-02,TP.KTF12,"Konut Kredisi (TL, Akım, %)",avg,20.2575
bie_kt100h,2007-02,TP.KTF17,"Ticari Krediler (TL, Akım, %)",avg,19.7525
bie_kt100h,2007-02,TP.KTF17.EUR,"Ticari Krediler (Euro, Akım, %)",avg,6.4925
bie_kt100h,2007-02,TP.KTF17.USD,"Ticari Krediler (ABD doları, Akım,%)",avg,7.29
bie_kt100h,2007-02,TP.KTFTUK,"Tüketici Kredisi (İhtiyaç+Taşıt+Konut) (TL, Akım, %)",avg,23.0325
bie_kt100h,2007-03,TP.KTF10,"İhtiyaç Kredisi (TL, Akım, %)",avg,24.576
bie_kt100h,2007-03,TP.KTF11,"Taşıt Kredisi (TL, Akım, %)",avg,20.262
bie_kt100h,2007-03,TP.KTF12,"Konut Kredisi (TL, Akım, %)",avg,19.456
bie_kt100h,2007-03,TP.KTF17,"Ticari Krediler (TL, Akım, %)",avg,19.298
bie_kt100h,2007-03,TP.KTF17.EUR,"Ticari Krediler (Euro, Akım, %)",avg,5.62
bie_kt100h,2007-03,TP.KTF17.USD,"Ticari Krediler (ABD doları, Akım,%)",avg,7.154
bie_kt100h,2007-03,TP.KTFTUK,"Tüketici Kredisi (İhtiyaç+Taşıt+Konut) (TL, Akım, %)",avg,22.398
bie_kt100h,2007-04,TP.KTF10,"İhtiyaç Kredisi (TL, Akım, %)",avg,23.4475
bie_kt100h,2007-04,TP.KTF11,"Taşıt Kredisi (TL, Akım, %)",avg,19.8
bie_kt100h,2007-04,TP.KTF12,"Konut Kredisi (TL, Akım, %)",avg,19.295
bie_kt100h,2007-04,TP.KTF17,"Ticari Krediler (TL, Akım, %)",avg,19.73
bie_kt100h,2007-04,TP.KTF17.EUR,"Ticari Krediler (Euro, Akım, %)",avg,6.175
bie_kt100h,2007-04,TP.KTF17.USD,"Ticari Krediler (ABD doları, Akım,%)",avg,6.785
bie_kt100h,2007-04,TP.KTFTUK,"Tüketici Kredisi (İhtiyaç+Taşıt+Konut) (TL, Akım, %)",avg,21.66
bie_kt100h,2007-05,TP.KTF10,"İhtiyaç Kredisi (TL, Akım, %)",avg,23.0825
bie_kt100h,2007-05,TP.KTF11,"Taşıt Kredisi (TL, Akım, %)",avg,19.6875
bie_kt100h,2007-05,TP.KTF12,"Konut Kredisi (TL, Akım, %)",avg,18.74
bie_kt100h,2007-05,TP.KTF17,"Ticari Krediler (TL, Akım, %)",avg,19.155
bie_kt100h,2007-05,TP.KTF17.EUR,"Ticari Krediler (Euro, Akım, %)",avg,6.1825
bie_kt100h,2007-05,TP.KTF17.USD,"Ticari Krediler (ABD doları, Akım,%)",avg,7.13
bie_kt100h,2007-05,TP.KTFTUK,"Tüketici Kredisi (İhtiyaç+Taşıt+Konut) (TL, Akım, %)",avg,21.25
bie_kt100h,2007-06,TP.KTF10,"İhtiyaç Kredisi (TL, Akım, %)",avg,23.544
bie_kt100h,2007-06,TP.KTF11,"Taşıt Kredisi (TL, Akım, %)",avg,19.526
bie_kt100h,2007-06,TP.KTF12,"Konut Kredisi (TL, Akım, %)",avg,18.032
bie_kt100h,2007-06,TP.KTF17,"Ticari Krediler (TL, Akım, %)",avg,18.788
bie_kt100h,2007-06,TP.KTF17.EUR,"Ticari Krediler (Euro, Akım, %)",avg,5.84
bie_kt100h,2007-06,TP.KTF17.USD,"Ticari Krediler (ABD doları, Akım,%)",avg,6.976
bie_kt100h,2007-06,TP.KTFTUK,"Tüketici Kredisi (İhtiyaç+Taşıt+Konut) (TL, Akım, %)",avg,21.106
bie_kt100h,2007-07,TP.KTF10,"İhtiyaç Kredisi (TL, Akım, %)",avg,23.04
bie_kt100h,2007-07,TP.KTF11,"Taşıt Kredisi (TL, Akım, %)",avg,19.34
bie_kt100h,2007-07,TP.KTF12,"Konut Kredisi (TL, Akım, %)",avg,17.4275
bie_kt100h,2007-07,TP.KTF17,"Ticari Krediler (TL, Akım, %)",avg,18.8725
bie_kt100h,2007-07,TP.KTF17.EUR,"Ticari Krediler (Euro, Akım, %)",avg,6.04
bie_kt100h,2007-07,TP.KTF17.USD,"Ticari Krediler (ABD doları, Akım,%)",avg,6.8775
bie_kt100h,2007-07,TP.KTFTUK,"Tüketici Kredisi (İhtiyaç+Taşıt+Konut) (TL, Akım, %)",avg,20.745
bie_kt100h,2007-08,TP.KTF10,"İhtiyaç Kredisi (TL, Akım, %)",avg,22.07
bie_kt100h,2007-08,TP.KTF11,"Taşıt Kredisi (TL, Akım, %)",avg,18.616
bie_kt100h,2007-08,TP.KTF12,"Konut Kredisi (TL, Akım, %)",avg,17.12
bie_kt100h,2007-08,TP.KTF17,"Ticari Krediler (TL, Akım, %)",avg,18.196
bie_kt100h,2007-08,TP.KTF17.EUR,"Ticari Krediler (Euro, Akım, %)",avg,6.196
bie_kt100h,2007-08,TP.KTF17.USD,"Ticari Krediler (ABD doları, Akım,%)",avg,6.846
bie_kt100h,2007-08,TP.KTFTUK,"Tüketici Kredisi (İhtiyaç+Taşıt+Konut) (TL, Akım, %)",avg,19.986
bie_kt100h,2007-09,TP.KTF10,"İhtiyaç Kredisi (TL, Akım, %)",avg,22.505
bie_kt100h,2007-09,TP.KTF11,"Taşıt Kredisi (TL, Akım, %)",avg,18.47
bie_kt100h,2007-09,TP.KTF12,"Konut Kredisi (TL, Akım, %)",avg,17.5825
bie_kt100h,2007-09,TP.KTF17,"Ticari Krediler (TL, Akım, %)",avg,18.3375
bie_kt100h,2007-09,TP.KTF17.EUR,"Ticari Krediler (Euro, Akım, %)",avg,6.335
bie_kt100h,2007-09,TP.KTF17.USD,"Ticari Krediler (ABD doları, Akım,%)",avg,6.8725
bie_kt100h,2007-09,TP.KTFTUK,"Tüketici Kredisi (İhtiyaç+Taşıt+Konut) (TL, Akım, %)",avg,20.505
bie_kt100h,2007-10,TP.KTF10,"İhtiyaç Kredisi (TL, Akım, %)",avg,21.3125
bie_kt100h,2007-10,TP.KTF11,"Taşıt Kredisi (TL, Akım, %)",avg,18.345
bie_kt100h,2007-10,TP.KTF12,"Konut Kredisi (TL, Akım, %)",avg,17.2675
bie_kt100h,2007-10,TP.KTF17,"Ticari Krediler (TL, Akım, %)",avg,17.9625
bie_kt100h,2007-10,TP.KTF17.EUR,"Ticari Krediler (Euro, Akım, %)",avg,6.1825
bie_kt100h,2007-10,TP.KTF17.USD,"Ticari Krediler (ABD doları, Akım,%)",avg,7.0875
bie_kt100h,2007-10,TP.KTFTUK,"Tüketici Kredisi (İhtiyaç+Taşıt+Konut) (TL, Akım, %)",avg,19.8775
bie_kt100h,2007-11,TP.KTF10,"İhtiyaç Kredisi (TL, Akım, %)",avg,21.144
bie_kt100h,2007-11,TP.KTF11,"Taşıt Kredisi (TL, Akım, %)",avg,17.646
bie_kt100h,2007-11,TP.KTF12,"Konut Kredisi (TL, Akım, %)",avg,16.942
bie_kt100h,2007-11,TP.KTF17,"Ticari Krediler (TL, Akım, %)",avg,17.432
bie_kt100h,2007-11,TP.KTF17.EUR,"Ticari Krediler (Euro, Akım, %)",avg,6.174
bie_kt100h,2007-11,TP.KTF17.USD,"Ticari Krediler (ABD doları, Akım,%)",avg,6.9
bie_kt100h,2007-11,TP.KTFTUK,"Tüketici Kredisi (İhtiyaç+Taşıt+Konut) (TL, Akım, %)",avg,19.388
bie_kt100h,2007-12,TP.KTF10,"İhtiyaç Kredisi (TL, Akım, %)",avg,19.55
bie_kt100h,2007-12,TP.KTF11,"Taşıt Kredisi (TL, Akım, %)",avg,16.785
bie_kt100h,2007-12,TP.KTF12,"Konut Kredisi (TL, Akım, %)",avg,16.5275
bie_kt100h,2007-12,TP.KTF17,"Ticari Krediler (TL, Akım, %)",avg,17.5825
bie_kt100h,2007-12,TP.KTF17.EUR,"Ticari Krediler (Euro, Akım, %)",avg,6.325
bie_kt100h,2007-12,TP.KTF17.USD,"Ticari Krediler (ABD doları, Akım,%)",avg,6.5275
bie_kt100h,2007-12,TP.KTFTUK,"Tüketici Kredisi (İhtiyaç+Taşıt+Konut) (TL, Akım, %)",avg,18.2975
bie_kt100h,2008-01,TP.KTF10,"İhtiyaç Kredisi (TL, Akım, %)",avg,19.8325
bie_kt100h,2008-01,TP.KTF11,"Taşıt Kredisi (TL, Akım, %)",avg,16.7925
bie_kt100h,2008-01,TP.KTF12,"Konut Kredisi (TL, Akım, %)",avg,16.505
bie_kt100h,2008-01,TP.KTF17,"Ticari Krediler (TL, Akım, %)",avg,17.265
bie_kt100h,2008-01,TP.KTF17.EUR,"Ticari Krediler (Euro, Akım, %)",avg,6.435
bie_kt100h,2008-01,TP.KTF17.USD,"Ticari Krediler (ABD doları, Akım,%)",avg,6.3325
bie_kt100h,2008-01,TP.KTFTUK,"Tüketici Kredisi (İhtiyaç+Taşıt+Konut) (TL, Akım, %)",avg,18.4675
bie_kt100h,2008-02,TP.KTF10,"İhtiyaç Kredisi (TL, Akım, %)",avg,19.936
bie_kt100h,2008-02,TP.KTF11,"Taşıt Kredisi (TL, Akım, %)",avg,16.94
bie_kt100h,2008-02,TP.KTF12,"Konut Kredisi (TL, Akım, %)",avg,16.386
bie_kt100h,2008-02,TP.KTF17,"Ticari Krediler (TL, Akım, %)",avg,16.85
bie_kt100h,2008-02,TP.KTF17.EUR,"Ticari Krediler (Euro, Akım, %)",avg,6.764
bie_kt100h,2008-02,TP.KTF17.USD,"Ticari Krediler (ABD doları, Akım,%)",avg,5.436
bie_kt100h,2008-02,TP.KTFTUK,"Tüketici Kredisi (İhtiyaç+Taşıt+Konut) (TL, Akım, %)",avg,18.378
bie_kt100h,2008-03,TP.KTF10,"İhtiyaç Kredisi (TL, Akım, %)",avg,20.6275
bie_kt100h,2008-03,TP.KTF11,"Taşıt Kredisi (TL, Akım, %)",avg,17.7575
bie_kt100h,2008-03,TP.KTF12,"Konut Kredisi (TL, Akım, %)",avg,17.2775
bie_kt100h,2008-03,TP.KTF17,"Ticari Krediler (TL, Akım, %)",avg,17.0375
bie_kt100h,2008-03,TP.KTF17.EUR,"Ticari Krediler (Euro, Akım, %)",avg,6.2775
bie_kt100h,2008-03,TP.KTF17.USD,"Ticari Krediler (ABD doları, Akım,%)",avg,5.305
bie_kt100h,2008-03,TP.KTFTUK,"Tüketici Kredisi (İhtiyaç+Taşıt+Konut) (TL, Akım, %)",avg,19.1275
bie_kt100h,2008-04,TP.KTF10,"İhtiyaç Kredisi (TL, Akım, %)",avg,20.9975
bie_kt100h,2008-04,TP.KTF11,"Taşıt Kredisi (TL, Akım, %)",avg,18.7625
bie_kt100h,2008-04,TP.KTF12,"Konut Kredisi (TL, Akım, %)",avg,18.0575
bie_kt100h,2008-04,TP.KTF17,"Ticari Krediler (TL, Akım, %)",avg,17.3925
bie_kt100h,2008-04,TP.KTF17.EUR,"Ticari Krediler (Euro, Akım, %)",avg,6.23
bie_kt100h,2008-04,TP.KTF17.USD,"Ticari Krediler (ABD doları, Akım,%)",avg,4.745
bie_kt100h,2008-04,TP.KTFTUK,"Tüketici Kredisi (İhtiyaç+Taşıt+Konut) (TL, Akım, %)",avg,19.8225
bie_kt100h,2008-05,TP.KTF10,"İhtiyaç Kredisi (TL, Akım, %)",avg,20.752
bie_kt100h,2008-05,TP.KTF11,"Taşıt Kredisi (TL, Akım, %)",avg,18.776
bie_kt100h,2008-05,TP.KTF12,"Konut Kredisi (TL, Akım, %)",avg,17.452
bie_kt100h,2008-05,TP.KTF17,"Ticari Krediler (TL, Akım, %)",avg,17.506
bie_kt100h,2008-05,TP.KTF17.EUR,"Ticari Krediler (Euro, Akım, %)",avg,6.082
bie_kt100h,2008-05,TP.KTF17.USD,"Ticari Krediler (ABD doları, Akım,%)",avg,4.7
bie_kt100h,2008-05,TP.KTFTUK,"Tüketici Kredisi (İhtiyaç+Taşıt+Konut) (TL, Akım, %)",avg,19.516
bie_kt100h,2008-06,TP.KTF10,"İhtiyaç Kredisi (TL, Akım, %)",avg,21.245
bie_kt100h,2008-06,TP.KTF11,"Taşıt Kredisi (TL, Akım, %)",avg,19.035
bie_kt100h,2008-06,TP.KTF12,"Konut Kredisi (TL, Akım, %)",avg,17.6025
bie_kt100h,2008-06,TP.KTF17,"Ticari Krediler (TL, Akım, %)",avg,18.0975
bie_kt100h,2008-06,TP.KTF17.EUR,"Ticari Krediler (Euro, Akım, %)",avg,6.4325
bie_kt100h,2008-06,TP.KTF17.USD,"Ticari Krediler (ABD doları, Akım,%)",avg,4.8125
bie_kt100h,2008-06,TP.KTFTUK,"Tüketici Kredisi (İhtiyaç+Taşıt+Konut) (TL, Akım, %)",avg,19.8725
bie_kt100h,2008-07,TP.KTF10,"İhtiyaç Kredisi (TL, Akım, %)",avg,21.71
bie_kt100h,2008-07,TP.KTF11,"Taşıt Kredisi (TL, Akım, %)",avg,20.0475
bie_kt100h,2008-07,TP.KTF12,"Konut Kredisi (TL, Akım, %)",avg,18.925
bie_kt100h,2008-07,TP.KTF17,"Ticari Krediler (TL, Akım, %)",avg,18.6525
bie_kt100h,2008-07,TP.KTF17.EUR,"Ticari Krediler (Euro, Akım, %)",avg,7.055
bie_kt100h,2008-07,TP.KTF17.USD,"Ticari Krediler (ABD doları, Akım,%)",avg,5.125
bie_kt100h,2008-07,TP.KTFTUK,"Tüketici Kredisi (İhtiyaç+Taşıt+Konut) (TL, Akım, %)",avg,20.775
bie_kt100h,2008-08,TP.KTF10,"İhtiyaç Kredisi (TL, Akım, %)",avg,22.162
bie_kt100h,2008-08,TP.KTF11,"Taşıt Kredisi (TL, Akım, %)",avg,19.888
bie_kt100h,2008-08,TP.KTF12,"Konut Kredisi (TL, Akım, %)",avg,19.086
bie_kt100h,2008-08,TP.KTF17,"Ticari Krediler (TL, Akım, %)",avg,18.346
bie_kt100h,2008-08,TP.KTF17.EUR,"Ticari Krediler (Euro, Akım, %)",avg,7.138
bie_kt100h,2008-08,TP.KTF17.USD,"Ticari Krediler (ABD doları, Akım,%)",avg,6.062
bie_kt100h,2008-08,TP.KTFTUK,"Tüketici Kredisi (İhtiyaç+Taşıt+Konut) (TL, Akım, %)",avg,21.244
bie_kt100h,2008-09,TP.KTF10,"İhtiyaç Kredisi (TL, Akım, %)",avg,21.2325
bie_kt100h,2008-09,TP.KTF11,"Taşıt Kredisi (TL, Akım, %)",avg,19.5525
bie_kt100h,2008-09,TP.KTF12,"Konut Kredisi (TL, Akım, %)",avg,18.5125
bie_kt100h,2008-09,TP.KTF17,"Ticari Krediler (TL, Akım, %)",avg,18.53
bie_kt100h,2008-09,TP.KTF17.EUR,"Ticari Krediler (Euro, Akım, %)",avg,7.37
bie_kt100h,2008-09,TP.KTF17.USD,"Ticari Krediler (ABD doları, Akım,%)",avg,5.02
bie_kt100h,2008-09,TP.KTFTUK,"Tüketici Kredisi (İhtiyaç+Taşıt+Konut) (TL, Akım, %)",avg,20.4575
bie_kt100h,2008-10,TP.KTF10,"İhtiyaç Kredisi (TL, Akım, %)",avg,22.342
bie_kt100h,2008-10,TP.KTF11,"Taşıt Kredisi (TL, Akım, %)",avg,20.6
bie_kt100h,2008-10,TP.KTF12,"Konut Kredisi (TL, Akım, %)",avg,19.286
bie_kt100h,2008-10,TP.KTF17,"Ticari Krediler (TL, Akım, %)",avg,20.446
bie_kt100h,2008-10,TP.KTF17.EUR,"Ticari Krediler (Euro, Akım, %)",avg,9.66
bie_kt100h,2008-10,TP.KTF17.USD,"Ticari Krediler (ABD doları, Akım,%)",avg,7.014
bie_kt100h,2008-10,TP.KTFTUK,"Tüketici Kredisi (İhtiyaç+Taşıt+Konut) (TL, Akım, %)",avg,21.32
bie_kt100h,2008-11,TP.KTF10,"İhtiyaç Kredisi (TL, Akım, %)",avg,25.085
bie_kt100h,2008-11,TP.KTF11,"Taşıt Kredisi (TL, Akım, %)",avg,24.0475
bie_kt100h,2008-11,TP.KTF12,"Konut Kredisi (TL, Akım, %)",avg,22.69
bie_kt100h,2008-11,TP.KTF17,"Ticari Krediler (TL, Akım, %)",avg,22.4375
bie_kt100h,2008-11,TP.KTF17.EUR,"Ticari Krediler (Euro, Akım, %)",avg,10.47
bie_kt100h,2008-11,TP.KTF17.USD,"Ticari Krediler (ABD doları, Akım,%)",avg,9.0
bie_kt100h,2008-11,TP.KTFTUK,"Tüketici Kredisi (İhtiyaç+Taşıt+Konut) (TL, Akım, %)",avg,24.5575
bie_kt100h,2008-12,TP.KTF10,"İhtiyaç Kredisi (TL, Akım, %)",avg,24.47
bie_kt100h,2008-12,TP.KTF11,"Taşıt Kredisi (TL, Akım, %)",avg,22.905
bie_kt100h,2008-12,TP.KTF12,"Konut Kredisi (TL, Akım, %)",avg,22.38
bie_kt100h,2008-12,TP.KTF17,"Ticari Krediler (TL, Akım, %)",avg,22.4225
bie_kt100h,2008-12,TP.KTF17.EUR,"Ticari Krediler (Euro, Akım, %)",avg,10.2375
bie_kt100h,2008-12,TP.KTF17.USD,"Ticari Krediler (ABD doları, Akım,%)",avg,8.895
bie_kt100h,2008-12,TP.KTFTUK,"Tüketici Kredisi (İhtiyaç+Taşıt+Konut) (TL, Akım, %)",avg,24.075
bie_kt100h,2009-01,TP.KTF10,"İhtiyaç Kredisi (TL, Akım, %)",avg,22.858
bie_kt100h,2009-01,TP.KTF11,"Taşıt Kredisi (TL, Akım, %)",avg,21.65
bie_kt100h,2009-01,TP.KTF12,"Konut Kredisi (TL, Akım, %)",avg,19.05
bie_kt100h,2009-01,TP.KTF17,"Ticari Krediler (TL, Akım, %)",avg,21.802
bie_kt100h,2009-01,TP.KTF17.EUR,"Ticari Krediler (Euro, Akım, %)",avg,9.21
bie_kt100h,2009-01,TP.KTF17.USD,"Ticari Krediler (ABD doları, Akım,%)",avg,6.174
bie_kt100h,2009-01,TP.KTFTUK,"Tüketici Kredisi (İhtiyaç+Taşıt+Konut) (TL, Akım, %)",avg,22.066
bie_kt100h,2009-02,TP.KTF10,"İhtiyaç Kredisi (TL, Akım, %)",avg,21.4725
bie_kt100h,2009-02,TP.KTF11,"Taşıt Kredisi (TL, Akım, %)",avg,20.8775
bie_kt100h,2009-02,TP.KTF12,"Konut Kredisi (TL, Akım, %)",avg,18.21
bie_kt100h,2009-02,TP.KTF17,"Ticari Krediler (TL, Akım, %)",avg,19.16
bie_kt100h,2009-02,TP.KTF17.EUR,"Ticari Krediler (Euro, Akım, %)",avg,7.8375
bie_kt100h,2009-02,TP.KTF17.USD,"Ticari Krediler (ABD doları, Akım,%)",avg,7.4475
bie_kt100h,2009-02,TP.KTFTUK,"Tüketici Kredisi (İhtiyaç+Taşıt+Konut) (TL, Akım, %)",avg,20.5375
bie_kt100h,2009-03,TP.KTF10,"İhtiyaç Kredisi (TL, Akım, %)",avg,21.8
bie_kt100h,2009-03,TP.KTF11,"Taşıt Kredisi (TL, Akım, %)",avg,20.07
bie_kt100h,2009-03,TP.KTF12,"Konut Kredisi (TL, Akım, %)",avg,18.2725
bie_kt100h,2009-03,TP.KTF17,"Ticari Krediler (TL, Akım, %)",avg,18.1725
bie_kt100h,2009-03,TP.KTF17.EUR,"Ticari Krediler (Euro, Akım, %)",avg,7.7375
bie_kt100h,2009-03,TP.KTF17.USD,"Ticari Krediler (ABD doları, Akım,%)",avg,7.2925
bie_kt100h,2009-03,TP.KTFTUK,"Tüketici Kredisi (İhtiyaç+Taşıt+Konut) (TL, Akım, %)",avg,20.6325
bie_kt100h,2009-04,TP.KTF10,"İhtiyaç Kredisi (TL, Akım, %)",avg,19.0125
bie_kt100h,2009-04,TP.KTF11,"Taşıt Kredisi (TL, Akım, %)",avg,18.6275
bie_kt100h,2009-04,TP.KTF12,"Konut Kredisi (TL, Akım, %)",avg,17.26
bie_kt100h,2009-04,TP.KTF17,"Ticari Krediler (TL, Akım, %)",avg,15.74
bie_kt100h,2009-04,TP.KTF17.EUR,"Ticari Krediler (Euro, Akım, %)",avg,7.345
bie_kt100h,2009-04,TP.KTF17.USD,"Ticari Krediler (ABD doları, Akım,%)",avg,6.6675
bie_kt100h,2009-04,TP.KTFTUK,"Tüketici Kredisi (İhtiyaç+Taşıt+Konut) (TL, Akım, %)",avg,18.5125
bie_kt100h,2009-05,TP.KTF10,"İhtiyaç Kredisi (TL, Akım, %)",avg,20.016
bie_kt100h,2009-05,TP.KTF11,"Taşıt Kredisi (TL, Akım, %)",avg,18.33
bie_kt100h,2009-05,TP.KTF12,"Konut Kredisi (TL, Akım, %)",avg,16.76
bie_kt100h,2009-05,TP.KTF17,"Ticari Krediler (TL, Akım, %)",avg,14.076
bie_kt100h,2009-05,TP.KTF17.EUR,"Ticari Krediler (Euro, Akım, %)",avg,7.652
bie_kt100h,2009-05,TP.KTF17.USD,"Ticari Krediler (ABD doları, Akım,%)",avg,6.446
bie_kt100h,2009-05,TP.KTFTUK,"Tüketici Kredisi (İhtiyaç+Taşıt+Konut) (TL, Akım, %)",avg,18.92
bie_kt100h,2009-06,TP.KTF10,"İhtiyaç Kredisi (TL, Akım, %)",avg,20.37
bie_kt100h,2009-06,TP.KTF11,"Taşıt Kredisi (TL, Akım, %)",avg,18.2425
bie_kt100h,2009-06,TP.KTF12,"Konut Kredisi (TL, Akım, %)",avg,16.33
bie_kt100h,2009-06,TP.KTF17,"Ticari Krediler (TL, Akım, %)",avg,13.2175
bie_kt100h,2009-06,TP.KTF17.EUR,"Ticari Krediler (Euro, Akım, %)",avg,6.69
bie_kt100h,2009-06,TP.KTF17.USD,"Ticari Krediler (ABD doları, Akım,%)",avg,5.8925
bie_kt100h,2009-06,TP.KTFTUK,"Tüketici Kredisi (İhtiyaç+Taşıt+Konut) (TL, Akım, %)",avg,18.92
bie_kt100h,2009-07,TP.KTF10,"İhtiyaç Kredisi (TL, Akım, %)",avg,19.736
bie_kt100h,2009-07,TP.KTF11,"Taşıt Kredisi (TL, Akım, %)",avg,18.224
bie_kt100h,2009-07,TP.KTF12,"Konut Kredisi (TL, Akım, %)",avg,15.928
bie_kt100h,2009-07,TP.KTF17,"Ticari Krediler (TL, Akım, %)",avg,13.156
bie_kt100h,2009-07,TP.KTF17.EUR,"Ticari Krediler (Euro, Akım, %)",avg,6.508
bie_kt100h,2009-07,TP.KTF17.USD,"Ticari Krediler (ABD doları, Akım,%)",avg,6.11
bie_kt100h,2009-07,TP.KTFTUK,"Tüketici Kredisi (İhtiyaç+Taşıt+Konut) (TL, Akım, %)",avg,18.566
bie_kt100h,2009-08,TP.KTF10,"İhtiyaç Kredisi (TL, Akım, %)",avg,18.5675
bie_kt100h,2009-08,TP.KTF11,"Taşıt Kredisi (TL, Akım, %)",avg,16.8925
bie_kt100h,2009-08,TP.KTF12,"Konut Kredisi (TL, Akım, %)",avg,14.845
bie_kt100h,2009-08,TP.KTF17,"Ticari Krediler (TL, Akım, %)",avg,12.1
bie_kt100h,2009-08,TP.KTF17.EUR,"Ticari Krediler (Euro, Akım, %)",avg,5.0025
bie_kt100h,2009-08,TP.KTF17.USD,"Ticari Krediler (ABD doları, Akım,%)",avg,5.3075
bie_kt100h,2009-08,TP.KTFTUK,"Tüketici Kredisi (İhtiyaç+Taşıt+Konut) (TL, Akım, %)",avg,17.4425
bie_kt100h,2009-09,TP.KTF10,"İhtiyaç Kredisi (TL, Akım, %)",avg,16.4475
bie_kt100h,2009-09,TP.KTF11,"Taşıt Kredisi (TL, Akım, %)",avg,15.665
bie_kt100h,2009-09,TP.KTF12,"Konut Kredisi (TL, Akım, %)",avg,12.9925
bie_kt100h,2009-09,TP.KTF17,"Ticari Krediler (TL, Akım, %)",avg,11.065
bie_kt100h,2009-09,TP.KTF17.EUR,"Ticari Krediler (Euro, Akım, %)",avg,5.2575
bie_kt100h,2009-09,TP.KTF17.USD,"Ticari Krediler (ABD doları, Akım,%)",avg,4.6
bie_kt100h,2009-09,TP.KTFTUK,"Tüketici Kredisi (İhtiyaç+Taşıt+Konut) (TL, Akım, %)",avg,14.725
bie_kt100h,2009-10,TP.KTF10,"İhtiyaç Kredisi (TL, Akım, %)",avg,17.034
bie_kt100h,2009-10,TP.KTF11,"Taşıt Kredisi (TL, Akım, %)",avg,15.022
bie_kt100h,2009-10,TP.KTF12,"Konut Kredisi (TL, Akım, %)",avg,12.64
bie_kt100h,2009-10,TP.KTF17,"Ticari Krediler (TL, Akım, %)",avg,10.54
bie_kt100h,2009-10,TP.KTF17.EUR,"Ticari Krediler (Euro, Akım, %)",avg,5.166
bie_kt100h,2009-10,TP.KTF17.USD,"Ticari Krediler (ABD doları, Akım,%)",avg,5.268
bie_kt100h,2009-10,TP.KTFTUK,"Tüketici Kredisi (İhtiyaç+Taşıt+Konut) (TL, Akım, %)",avg,14.62
bie_kt100h,2009-11,TP.KTF10,"İhtiyaç Kredisi (TL, Akım, %)",avg,15.005
bie_kt100h,2009-11,TP.KTF11,"Taşıt Kredisi (TL, Akım, %)",avg,14.065
bie_kt100h,2009-11,TP.KTF12,"Konut Kredisi (TL, Akım, %)",avg,12.115
bie_kt100h,2009-11,TP.KTF17,"Ticari Krediler (TL, Akım, %)",avg,9.775
bie_kt100h,2009-11,TP.KTF17.EUR,"Ticari Krediler (Euro, Akım, %)",avg,5.4675
bie_kt100h,2009-11,TP.KTF17.USD,"Ticari Krediler (ABD doları, Akım,%)",avg,4.8175
bie_kt100h,2009-11,TP.KTFTUK,"Tüketici Kredisi (İhtiyaç+Taşıt+Konut) (TL, Akım, %)",avg,13.6675
bie_kt100h,2009-12,TP.KTF10,"İhtiyaç Kredisi (TL, Akım, %)",avg,15.0675
bie_kt100h,2009-12,TP.KTF11,"Taşıt Kredisi (TL, Akım, %)",avg,13.1325
bie_kt100h,2009-12,TP.KTF12,"Konut Kredisi (TL, Akım, %)",avg,12.245
bie_kt100h,2009-12,TP.KTF17,"Ticari Krediler (TL, Akım, %)",avg,9.47
bie_kt100h,2009-12,TP.KTF17.EUR,"Ticari Krediler (Euro, Akım, %)",avg,5.23
bie_kt100h,2009-12,TP.KTF17.USD,"Ticari Krediler (ABD doları, Akım,%)",avg,4.115
bie_kt100h,2009-12,TP.KTFTUK,"Tüketici Kredisi (İhtiyaç+Taşıt+Konut) (TL, Akım, %)",avg,13.8275
bie_kt100h,2010-01,TP.KTF10,"İhtiyaç Kredisi (TL, Akım, %)",avg,14.956
bie_kt100h,2010-01,TP.KTF11,"Taşıt Kredisi (TL, Akım, %)",avg,13.182
bie_kt100h,2010-01,TP.KTF12,"Konut Kredisi (TL, Akım, %)",avg,12.13
bie_kt100h,2010-01,TP.KTF17,"Ticari Krediler (TL, Akım, %)",avg,9.262
bie_kt100h,2010-01,TP.KTF17.EUR,"Ticari Krediler (Euro, Akım, %)",avg,4.43
bie_kt100h,2010-01,TP.KTF17.USD,"Ticari Krediler (ABD doları, Akım,%)",avg,4.054
bie_kt100h,2010-01,TP.KTFTUK,"Tüketici Kredisi (İhtiyaç+Taşıt+Konut) (TL, Akım, %)",avg,13.792
bie_kt100h,2010-02,TP.KTF10,"İhtiyaç Kredisi (TL, Akım, %)",avg,14.4375
bie_kt100h,2010-02,TP.KTF11,"Taşıt Kredisi (TL, Akım, %)",avg,13.2725
bie_kt100h,2010-02,TP.KTF12,"Konut Kredisi (TL, Akım, %)",avg,11.975
bie_kt100h,2010-02,TP.KTF17,"Ticari Krediler (TL, Akım, %)",avg,8.8325
bie_kt100h,2010-02,TP.KTF17.EUR,"Ticari Krediler (Euro, Akım, %)",avg,3.995
bie_kt100h,2010-02,TP.KTF17.USD,"Ticari Krediler (ABD doları, Akım,%)",avg,4.4375
bie_kt100h,2010-02,TP.KTFTUK,"Tüketici Kredisi (İhtiyaç+Taşıt+Konut) (TL, Akım, %)",avg,13.52
bie_kt100h,2010-03,TP.KTF10,"İhtiyaç Kredisi (TL, Akım, %)",avg,14.5525
bie_kt100h,2010-03,TP.KTF11,"Taşıt Kredisi (TL, Akım, %)",avg,12.7275
bie_kt100h,2010-03,TP.KTF12,"Konut Kredisi (TL, Akım, %)",avg,11.7525
bie_kt100h,2010-03,TP.KTF17,"Ticari Krediler (TL, Akım, %)",avg,8.6975
bie_kt100h,2010-03,TP.KTF17.EUR,"Ticari Krediler (Euro, Akım, %)",avg,3.86
bie_kt100h,2010-03,TP.KTF17.USD,"Ticari Krediler (ABD doları, Akım,%)",avg,3.9375
bie_kt100h,2010-03,TP.KTFTUK,"Tüketici Kredisi (İhtiyaç+Taşıt+Konut) (TL, Akım, %)",avg,13.5125
bie_kt100h,2010-04,TP.KTF10,"İhtiyaç Kredisi (TL, Akım, %)",avg,14.012
bie_kt100h,2010-04,TP.KTF11,"Taşıt Kredisi (TL, Akım, %)",avg,12.012
bie_kt100h,2010-04,TP.KTF12,"Konut Kredisi (TL, Akım, %)",avg,11.5
bie_kt100h,2010-04,TP.KTF17,"Ticari Krediler (TL, Akım, %)",avg,9.362
bie_kt100h,2010-04,TP.KTF17.EUR,"Ticari Krediler (Euro, Akım, %)",avg,3.758
bie_kt100h,2010-04,TP.KTF17.USD,"Ticari Krediler (ABD doları, Akım,%)",avg,4.074
bie_kt100h,2010-04,TP.KTFTUK,"Tüketici Kredisi (İhtiyaç+Taşıt+Konut) (TL, Akım, %)",avg,13.004
bie_kt100h,2010-05,TP.KTF10,"İhtiyaç Kredisi (TL, Akım, %)",avg,14.195
bie_kt100h,2010-05,TP.KTF11,"Taşıt Kredisi (TL, Akım, %)",avg,11.74
bie_kt100h,2010-05,TP.KTF12,"Konut Kredisi (TL, Akım, %)",avg,11.505
bie_kt100h,2010-05,TP.KTF17,"Ticari Krediler (TL, Akım, %)",avg,8.905
bie_kt100h,2010-05,TP.KTF17.EUR,"Ticari Krediler (Euro, Akım, %)",avg,4.4
bie_kt100h,2010-05,TP.KTF17.USD,"Ticari Krediler (ABD doları, Akım,%)",avg,3.63
bie_kt100h,2010-05,TP.KTFTUK,"Tüketici Kredisi (İhtiyaç+Taşıt+Konut) (TL, Akım, %)",avg,13.1525
bie_kt100h,2010-06,TP.KTF10,"İhtiyaç Kredisi (TL, Akım, %)",avg,14.1125
bie_kt100h,2010-06,TP.KTF11,"Taşıt Kredisi (TL, Akım, %)",avg,11.75
bie_kt100h,2010-06,TP.KTF12,"Konut Kredisi (TL, Akım, %)",avg,11.295
bie_kt100h,2010-06,TP.KTF17,"Ticari Krediler (TL, Akım, %)",avg,9.125
bie_kt100h,2010-06,TP.KTF17.EUR,"Ticari Krediler (Euro, Akım, %)",avg,4.6775
bie_kt100h,2010-06,TP.KTF17.USD,"Ticari Krediler (ABD doları, Akım,%)",avg,4.1375
bie_kt100h,2010-06,TP.KTFTUK,"Tüketici Kredisi (İhtiyaç+Taşıt+Konut) (TL, Akım, %)",avg,13.0325
bie_kt100h,2010-07,TP.KTF10,"İhtiyaç Kredisi (TL, Akım, %)",avg,13.744
bie_kt100h,2010-07,TP.KTF11,"Taşıt Kredisi (TL, Akım, %)",avg,11.384
bie_kt100h,2010-07,TP.KTF12,"Konut Kredisi (TL, Akım, %)",avg,10.974
bie_kt100h,2010-07,TP.KTF17,"Ticari Krediler (TL, Akım, %)",avg,9.062
bie_kt100h,2010-07,TP.KTF17.EUR,"Ticari Krediler (Euro, Akım, %)",avg,4.34
bie_kt100h,2010-07,TP.KTF17.USD,"Ticari Krediler (ABD doları, Akım,%)",avg,4.636
bie_kt100h,2010-07,TP.KTFTUK,"Tüketici Kredisi (İhtiyaç+Taşıt+Konut) (TL, Akım, %)",avg,12.68
bie_kt100h,2010-08,TP.KTF10,"İhtiyaç Kredisi (TL, Akım, %)",avg,13.0125
bie_kt100h,2010-08,TP.KTF11,"Taşıt Kredisi (TL, Akım, %)",avg,10.87
bie_kt100h,2010-08,TP.KTF12,"Konut Kredisi (TL, Akım, %)",avg,10.7525
bie_kt100h,2010-08,TP.KTF17,"Ticari Krediler (TL, Akım, %)",avg,8.8325
bie_kt100h,2010-08,TP.KTF17.EUR,"Ticari Krediler (Euro, Akım, %)",avg,4.2225
bie_kt100h,2010-08,TP.KTF17.USD,"Ticari Krediler (ABD doları, Akım,%)",avg,4.48
bie_kt100h,2010-08,TP.KTFTUK,"Tüketici Kredisi (İhtiyaç+Taşıt+Konut) (TL, Akım, %)",avg,12.1075
bie_kt100h,2010-09,TP.KTF10,"İhtiyaç Kredisi (TL, Akım, %)",avg,12.4475
bie_kt100h,2010-09,TP.KTF11,"Taşıt Kredisi (TL, Akım, %)",avg,10.7875
bie_kt100h,2010-09,TP.KTF12,"Konut Kredisi (TL, Akım, %)",avg,10.6425
bie_kt100h,2010-09,TP.KTF17,"Ticari Krediler (TL, Akım, %)",avg,8.81
bie_kt100h,2010-09,TP.KTF17.EUR,"Ticari Krediler (Euro, Akım, %)",avg,3.705
bie_kt100h,2010-09,TP.KTF17.USD,"Ticari Krediler (ABD doları, Akım,%)",avg,3.4325
bie_kt100h,2010-09,TP.KTFTUK,"Tüketici Kredisi (İhtiyaç+Taşıt+Konut) (TL, Akım, %)",avg,11.7825
bie_kt100h,2010-10,TP.KTF10,"İhtiyaç Kredisi (TL, Akım, %)",avg,12.398
bie_kt100h,2010-10,TP.KTF11,"Taşıt Kredisi (TL, Akım, %)",avg,10.602
bie_kt100h,2010-10,TP.KTF12,"Konut Kredisi (TL, Akım, %)",avg,10.318
bie_kt100h,2010-10,TP.KTF17,"Ticari Krediler (TL, Akım, %)",avg,8.744
bie_kt100h,2010-10,TP.KTF17.EUR,"Ticari Krediler (Euro, Akım, %)",avg,3.958
bie_kt100h,2010-10,TP.KTF17.USD,"Ticari Krediler (ABD doları, Akım,%)",avg,3.634
bie_kt100h,2010-10,TP.KTFTUK,"Tüketici Kredisi (İhtiyaç+Taşıt+Konut) (TL, Akım, %)",avg,11.478
bie_kt100h,2010-11,TP.KTF10,"İhtiyaç Kredisi (TL, Akım, %)",avg,12.2833
bie_kt100h,2010-11,TP.KTF11,"Taşıt Kredisi (TL, Akım, %)",avg,10.2567
bie_kt100h,2010-11,TP.KTF12,"Konut Kredisi (TL, Akım, %)",avg,9.94
bie_kt100h,2010-11,TP.KTF17,"Ticari Krediler (TL, Akım, %)",avg,8.6333
bie_kt100h,2010-11,TP.KTF17.EUR,"Ticari Krediler (Euro, Akım, %)",avg,4.0867
bie_kt100h,2010-11,TP.KTF17.USD,"Ticari Krediler (ABD doları, Akım,%)",avg,3.6867
bie_kt100h,2010-11,TP.KTFTUK,"Tüketici Kredisi (İhtiyaç+Taşıt+Konut) (TL, Akım, %)",avg,11.2467
bie_kt100h,2010-12,TP.KTF10,"İhtiyaç Kredisi (TL, Akım, %)",avg,11.97
bie_kt100h,2010-12,TP.KTF11,"Taşıt Kredisi (TL, Akım, %)",avg,9.67
bie_kt100h,2010-12,TP.KTF12,"Konut Kredisi (TL, Akım, %)",avg,9.646
bie_kt100h,2010-12,TP.KTF17,"Ticari Krediler (TL, Akım, %)",avg,8.468
bie_kt100h,2010-12,TP.KTF17.EUR,"Ticari Krediler (Euro, Akım, %)",avg,4.384
bie_kt100h,2010-12,TP.KTF17.USD,"Ticari Krediler (ABD doları, Akım,%)",avg,4.2
bie_kt100h,2010-12,TP.KTFTUK,"Tüketici Kredisi (İhtiyaç+Taşıt+Konut) (TL, Akım, %)",avg,10.852
bie_kt100h,2011-01,TP.KTF10,"İhtiyaç Kredisi (TL, Akım, %)",avg,11.915
bie_kt100h,2011-01,TP.KTF11,"Taşıt Kredisi (TL, Akım, %)",avg,10.275
bie_kt100h,2011-01,TP.KTF12,"Konut Kredisi (TL, Akım, %)",avg,9.4675
bie_kt100h,2011-01,TP.KTF17,"Ticari Krediler (TL, Akım, %)",avg,8.415
bie_kt100h,2011-01,TP.KTF17.EUR,"Ticari Krediler (Euro, Akım, %)",avg,4.1975
bie_kt100h,2011-01,TP.KTF17.USD,"Ticari Krediler (ABD doları, Akım,%)",avg,3.9175
bie_kt100h,2011-01,TP.KTFTUK,"Tüketici Kredisi (İhtiyaç+Taşıt+Konut) (TL, Akım, %)",avg,10.8575
bie_kt100h,2011-02,TP.KTF10,"İhtiyaç Kredisi (TL, Akım, %)",avg,11.9375
bie_kt100h,2011-02,TP.KTF11,"Taşıt Kredisi (TL, Akım, %)",avg,10.4425
bie_kt100h,2011-02,TP.KTF12,"Konut Kredisi (TL, Akım, %)",avg,9.635
bie_kt100h,2011-02,TP.KTF17,"Ticari Krediler (TL, Akım, %)",avg,8.5525
bie_kt100h,2011-02,TP.KTF17.EUR,"Ticari Krediler (Euro, Akım, %)",avg,3.6575
bie_kt100h,2011-02,TP.KTF17.USD,"Ticari Krediler (ABD doları, Akım,%)",avg,4.33
bie_kt100h,2011-02,TP.KTFTUK,"Tüketici Kredisi (İhtiyaç+Taşıt+Konut) (TL, Akım, %)",avg,11.015
bie_kt100h,2011-03,TP.KTF10,"İhtiyaç Kredisi (TL, Akım, %)",avg,12.0
bie_kt100h,2011-03,TP.KTF11,"Taşıt Kredisi (TL, Akım, %)",avg,10.51
bie_kt100h,2011-03,TP.KTF12,"Konut Kredisi (TL, Akım, %)",avg,9.725
bie_kt100h,2011-03,TP.KTF17,"Ticari Krediler (TL, Akım, %)",avg,8.65
bie_kt100h,2011-03,TP.KTF17.EUR,"Ticari Krediler (Euro, Akım, %)",avg,4.05
bie_kt100h,2011-03,TP.KTF17.USD,"Ticari Krediler (ABD doları, Akım,%)",avg,4.42
bie_kt100h,2011-03,TP.KTFTUK,"Tüketici Kredisi (İhtiyaç+Taşıt+Konut) (TL, Akım, %)",avg,11.15
bie_kt100h,2011-04,TP.KTF10,"İhtiyaç Kredisi (TL, Akım, %)",avg,12.256
bie_kt100h,2011-04,TP.KTF11,"Taşıt Kredisi (TL, Akım, %)",avg,10.692
bie_kt100h,2011-04,TP.KTF12,"Konut Kredisi (TL, Akım, %)",avg,10.148
bie_kt100h,2011-04,TP.KTF17,"Ticari Krediler (TL, Akım, %)",avg,9.194
bie_kt100h,2011-04,TP.KTF17.EUR,"Ticari Krediler (Euro, Akım, %)",avg,4.106
bie_kt100h,2011-04,TP.KTF17.USD,"Ticari Krediler (ABD doları, Akım,%)",avg,4.756
bie_kt100h,2011-04,TP.KTFTUK,"Tüketici Kredisi (İhtiyaç+Taşıt+Konut) (TL, Akım, %)",avg,11.528
bie_kt100h,2011-05,TP.KTF10,"İhtiyaç Kredisi (TL, Akım, %)",avg,12.7225
bie_kt100h,2011-05,TP.KTF11,"Taşıt Kredisi (TL, Akım, %)",avg,10.95
bie_kt100h,2011-05,TP.KTF12,"Konut Kredisi (TL, Akım, %)",avg,10.3475
bie_kt100h,2011-05,TP.KTF17,"Ticari Krediler (TL, Akım, %)",avg,9.67
bie_kt100h,2011-05,TP.KTF17.EUR,"Ticari Krediler (Euro, Akım, %)",avg,4.7825
bie_kt100h,2011-05,TP.KTF17.USD,"Ticari Krediler (ABD doları, Akım,%)",avg,4.5625
bie_kt100h,2011-05,TP.KTFTUK,"Tüketici Kredisi (İhtiyaç+Taşıt+Konut) (TL, Akım, %)",avg,11.9325
bie_kt100h,2011-06,TP.KTF10,"İhtiyaç Kredisi (TL, Akım, %)",avg,13.2975
bie_kt100h,2011-06,TP.KTF11,"Taşıt Kredisi (TL, Akım, %)",avg,11.3675
bie_kt100h,2011-06,TP.KTF12,"Konut Kredisi (TL, Akım, %)",avg,10.7575
bie_kt100h,2011-06,TP.KTF17,"Ticari Krediler (TL, Akım, %)",avg,10.165
bie_kt100h,2011-06,TP.KTF17.EUR,"Ticari Krediler (Euro, Akım, %)",avg,5.1375
bie_kt100h,2011-06,TP.KTF17.USD,"Ticari Krediler (ABD doları, Akım,%)",avg,4.6625
bie_kt100h,2011-06,TP.KTFTUK,"Tüketici Kredisi (İhtiyaç+Taşıt+Konut) (TL, Akım, %)",avg,12.4625
bie_kt100h,2011-07,TP.KTF10,"İhtiyaç Kredisi (TL, Akım, %)",avg,16.52
bie_kt100h,2011-07,TP.KTF11,"Taşıt Kredisi (TL, Akım, %)",avg,12.48
bie_kt100h,2011-07,TP.KTF12,"Konut Kredisi (TL, Akım, %)",avg,12.086
bie_kt100h,2011-07,TP.KTF17,"Ticari Krediler (TL, Akım, %)",avg,11.436
bie_kt100h,2011-07,TP.KTF17.EUR,"Ticari Krediler (Euro, Akım, %)",avg,5.552
bie_kt100h,2011-07,TP.KTF17.USD,"Ticari Krediler (ABD doları, Akım,%)",avg,5.154
bie_kt100h,2011-07,TP.KTFTUK,"Tüketici Kredisi (İhtiyaç+Taşıt+Konut) (TL, Akım, %)",avg,14.984
bie_kt100h,2011-08,TP.KTF10,"İhtiyaç Kredisi (TL, Akım, %)",avg,17.345
bie_kt100h,2011-08,TP.KTF11,"Taşıt Kredisi (TL, Akım, %)",avg,12.8175
bie_kt100h,2011-08,TP.KTF12,"Konut Kredisi (TL, Akım, %)",avg,12.6575
bie_kt100h,2011-08,TP.KTF17,"Ticari Krediler (TL, Akım, %)",avg,11.47
bie_kt100h,2011-08,TP.KTF17.EUR,"Ticari Krediler (Euro, Akım, %)",avg,6.0825
bie_kt100h,2011-08,TP.KTF17.USD,"Ticari Krediler (ABD doları, Akım,%)",avg,5.3525
bie_kt100h,2011-08,TP.KTFTUK,"Tüketici Kredisi (İhtiyaç+Taşıt+Konut) (TL, Akım, %)",avg,15.7425
bie_kt100h,2011-09,TP.KTF10,"İhtiyaç Kredisi (TL, Akım, %)",avg,17.258
bie_kt100h,2011-09,TP.KTF11,"Taşıt Kredisi (TL, Akım, %)",avg,12.984
bie_kt100h,2011-09,TP.KTF12,"Konut Kredisi (TL, Akım, %)",avg,12.508
bie_kt100h,2011-09,TP.KTF17,"Ticari Krediler (TL, Akım, %)",avg,11.53
bie_kt100h,2011-09,TP.KTF17.EUR,"Ticari Krediler (Euro, Akım, %)",avg,5.816
bie_kt100h,2011-09,TP.KTF17.USD,"Ticari Krediler (ABD doları, Akım,%)",avg,5.182
bie_kt100h,2011-09,TP.KTFTUK,"Tüketici Kredisi (İhtiyaç+Taşıt+Konut) (TL, Akım, %)",avg,15.894
bie_kt100h,2011-10,TP.KTF10,"İhtiyaç Kredisi (TL, Akım, %)",avg,17.2525
bie_kt100h,2011-10,TP.KTF11,"Taşıt Kredisi (TL, Akım, %)",avg,12.9675
bie_kt100h,2011-10,TP.KTF12,"Konut Kredisi (TL, Akım, %)",avg,12.445
bie_kt100h,2011-10,TP.KTF17,"Ticari Krediler (TL, Akım, %)",avg,12.2575
bie_kt100h,2011-10,TP.KTF17.EUR,"Ticari Krediler (Euro, Akım, %)",avg,5.56
bie_kt100h,2011-10,TP.KTF17.USD,"Ticari Krediler (ABD doları, Akım,%)",avg,5.1425
bie_kt100h,2011-10,TP.KTFTUK,"Tüketici Kredisi (İhtiyaç+Taşıt+Konut) (TL, Akım, %)",avg,15.465
bie_kt100h,2011-11,TP.KTF10,"İhtiyaç Kredisi (TL, Akım, %)",avg,19.085
bie_kt100h,2011-11,TP.KTF11,"Taşıt Kredisi (TL, Akım, %)",avg,13.4225
bie_kt100h,2011-11,TP.KTF12,"Konut Kredisi (TL, Akım, %)",avg,14.1375
bie_kt100h,2011-11,TP.KTF17,"Ticari Krediler (TL, Akım, %)",avg,13.4
bie_kt100h,2011-11,TP.KTF17.EUR,"Ticari Krediler (Euro, Akım, %)",avg,6.3925
bie_kt100h,2011-11,TP.KTF17.USD,"Ticari Krediler (ABD doları, Akım,%)",avg,5.1325
bie_kt100h,2011-11,TP.KTFTUK,"Tüketici Kredisi (İhtiyaç+Taşıt+Konut) (TL, Akım, %)",avg,17.465
bie_kt100h,2011-12,TP.KTF10,"İhtiyaç Kredisi (TL, Akım, %)",avg,19.698
bie_kt100h,2011-12,TP.KTF11,"Taşıt Kredisi (TL, Akım, %)",avg,12.018
bie_kt100h,2011-12,TP.KTF12,"Konut Kredisi (TL, Akım, %)",avg,14.452
bie_kt100h,2011-12,TP.KTF17,"Ticari Krediler (TL, Akım, %)",avg,14.28
bie_kt100h,2011-12,TP.KTF17.EUR,"Ticari Krediler (Euro, Akım, %)",avg,6.232
bie_kt100h,2011-12,TP.KTF17.USD,"Ticari Krediler (ABD doları, Akım,%)",avg,5.586
bie_kt100h,2011-12,TP.KTFTUK,"Tüketici Kredisi (İhtiyaç+Taşıt+Konut) (TL, Akım, %)",avg,17.628
bie_kt100h,2012-01,TP.KTF10,"İhtiyaç Kredisi (TL, Akım, %)",avg,19.9725
bie_kt100h,2012-01,TP.KTF11,"Taşıt Kredisi (TL, Akım, %)",avg,15.04
bie_kt100h,2012-01,TP.KTF12,"Konut Kredisi (TL, Akım, %)",avg,14.5
bie_kt100h,2012-01,TP.KTF17,"Ticari Krediler (TL, Akım, %)",avg,15.2975
bie_kt100h,2012-01,TP.KTF17.EUR,"Ticari Krediler (Euro, Akım, %)",avg,5.04
bie_kt100h,2012-01,TP.KTF17.USD,"Ticari Krediler (ABD doları, Akım,%)",avg,5.48
bie_kt100h,2012-01,TP.KTFTUK,"Tüketici Kredisi (İhtiyaç+Taşıt+Konut) (TL, Akım, %)",avg,18.225
bie_kt100h,2012-02,TP.KTF10,"İhtiyaç Kredisi (TL, Akım, %)",avg,19.4225
bie_kt100h,2012-02,TP.KTF11,"Taşıt Kredisi (TL, Akım, %)",avg,14.82
bie_kt100h,2012-02,TP.KTF12,"Konut Kredisi (TL, Akım, %)",avg,13.9275
bie_kt100h,2012-02,TP.KTF17,"Ticari Krediler (TL, Akım, %)",avg,14.865
bie_kt100h,2012-02,TP.KTF17.EUR,"Ticari Krediler (Euro, Akım, %)",avg,5.83
bie_kt100h,2012-02,TP.KTF17.USD,"Ticari Krediler (ABD doları, Akım,%)",avg,6.205
bie_kt100h,2012-02,TP.KTFTUK,"Tüketici Kredisi (İhtiyaç+Taşıt+Konut) (TL, Akım, %)",avg,17.695
bie_kt100h,2012-03,TP.KTF10,"İhtiyaç Kredisi (TL, Akım, %)",avg,18.848
bie_kt100h,2012-03,TP.KTF11,"Taşıt Kredisi (TL, Akım, %)",avg,13.394
bie_kt100h,2012-03,TP.KTF12,"Konut Kredisi (TL, Akım, %)",avg,13.308
bie_kt100h,2012-03,TP.KTF17,"Ticari Krediler (TL, Akım, %)",avg,14.184
bie_kt100h,2012-03,TP.KTF17.EUR,"Ticari Krediler (Euro, Akım, %)",avg,6.204
bie_kt100h,2012-03,TP.KTF17.USD,"Ticari Krediler (ABD doları, Akım,%)",avg,6.166
bie_kt100h,2012-03,TP.KTFTUK,"Tüketici Kredisi (İhtiyaç+Taşıt+Konut) (TL, Akım, %)",avg,16.844
bie_kt100h,2012-04,TP.KTF10,"İhtiyaç Kredisi (TL, Akım, %)",avg,18.535
bie_kt100h,2012-04,TP.KTF11,"Taşıt Kredisi (TL, Akım, %)",avg,13.165
bie_kt100h,2012-04,TP.KTF12,"Konut Kredisi (TL, Akım, %)",avg,13.055
bie_kt100h,2012-04,TP.KTF17,"Ticari Krediler (TL, Akım, %)",avg,14.1825
bie_kt100h,2012-04,TP.KTF17.EUR,"Ticari Krediler (Euro, Akım, %)",avg,5.95
bie_kt100h,2012-04,TP.KTF17.USD,"Ticari Krediler (ABD doları, Akım,%)",avg,5.44
bie_kt100h,2012-04,TP.KTFTUK,"Tüketici Kredisi (İhtiyaç+Taşıt+Konut) (TL, Akım, %)",avg,16.4875
bie_kt100h,2012-05,TP.KTF10,"İhtiyaç Kredisi (TL, Akım, %)",avg,18.3475
bie_kt100h,2012-05,TP.KTF11,"Taşıt Kredisi (TL, Akım, %)",avg,12.9875
bie_kt100h,2012-05,TP.KTF12,"Konut Kredisi (TL, Akım, %)",avg,12.7525
bie_kt100h,2012-05,TP.KTF17,"Ticari Krediler (TL, Akım, %)",avg,14.0475
bie_kt100h,2012-05,TP.KTF17.EUR,"Ticari Krediler (Euro, Akım, %)",avg,5.4925
bie_kt100h,2012-05,TP.KTF17.USD,"Ticari Krediler (ABD doları, Akım,%)",avg,5.59
bie_kt100h,2012-05,TP.KTFTUK,"Tüketici Kredisi (İhtiyaç+Taşıt+Konut) (TL, Akım, %)",avg,16.13
bie_kt100h,2012-06,TP.KTF10,"İhtiyaç Kredisi (TL, Akım, %)",avg,18.098
bie_kt100h,2012-06,TP.KTF11,"Taşıt Kredisi (TL, Akım, %)",avg,12.986
bie_kt100h,2012-06,TP.KTF12,"Konut Kredisi (TL, Akım, %)",avg,12.602
bie_kt100h,2012-06,TP.KTF17,"Ticari Krediler (TL, Akım, %)",avg,14.308
bie_kt100h,2012-06,TP.KTF17.EUR,"Ticari Krediler (Euro, Akım, %)",avg,4.938
bie_kt100h,2012-06,TP.KTF17.USD,"Ticari Krediler (ABD doları, Akım,%)",avg,5.732
bie_kt100h,2012-06,TP.KTFTUK,"Tüketici Kredisi (İhtiyaç+Taşıt+Konut) (TL, Akım, %)",avg,15.902
bie_kt100h,2012-07,TP.KTF10,"İhtiyaç Kredisi (TL, Akım, %)",avg,17.865
bie_kt100h,2012-07,TP.KTF101,"İhtiyaç Kredisi (KMH Dahil) (TL, Akım, %)",avg,39.62
bie_kt100h,2012-07,TP.KTF11,"Taşıt Kredisi (TL, Akım, %)",avg,13.38
bie_kt100h,2012-07,TP.KTF12,"Konut Kredisi (TL, Akım, %)",avg,12.4175
bie_kt100h,2012-07,TP.KTF17,"Ticari Krediler (TL, Akım, %)",avg,15.08
bie_kt100h,2012-07,TP.KTF17.EUR,"Ticari Krediler (Euro, Akım, %)",avg,5.545
bie_kt100h,2012-07,TP.KTF17.USD,"Ticari Krediler (ABD doları, Akım,%)",avg,5.4925
bie_kt100h,2012-07,TP.KTF18,"Ticari Krediler (Tüzel Kişi KMH ve Kurumsal Kredi Kartları Hariç) (TL, Akım, %)",avg,12.19
bie_kt100h,2012-07,TP.KTFTUK,"Tüketici Kredisi (İhtiyaç+Taşıt+Konut) (TL, Akım, %)",avg,15.67
bie_kt100h,2012-07,TP.KTFTUK01,"Tüketici Kredisi (KMH Dahil) (İhtiyaç+Taşıt+Konut) (TL, Akım, %)",avg,31.85
bie_kt100h,2012-08,TP.KTF10,"İhtiyaç Kredisi (TL, Akım, %)",avg,17.478
bie_kt100h,2012-08,TP.KTF101,"İhtiyaç Kredisi (KMH Dahil) (TL, Akım, %)",avg,39.538
bie_kt100h,2012-08,TP.KTF11,"Taşıt Kredisi (TL, Akım, %)",avg,13.378
bie_kt100h,2012-08,TP.KTF12,"Konut Kredisi (TL, Akım, %)",avg,12.144
bie_kt100h,2012-08,TP.KTF17,"Ticari Krediler (TL, Akım, %)",avg,14.878
bie_kt100h,2012-08,TP.KTF17.EUR,"Ticari Krediler (Euro, Akım, %)",avg,4.858
bie_kt100h,2012-08,TP.KTF17.USD,"Ticari Krediler (ABD doları, Akım,%)",avg,4.848
bie_kt100h,2012-08,TP.KTF18,"Ticari Krediler (Tüzel Kişi KMH ve Kurumsal Kredi Kartları Hariç) (TL, Akım, %)",avg,10.896
bie_kt100h,2012-08,TP.KTFTUK,"Tüketici Kredisi (İhtiyaç+Taşıt+Konut) (TL, Akım, %)",avg,15.41
bie_kt100h,2012-08,TP.KTFTUK01,"Tüketici Kredisi (KMH Dahil) (İhtiyaç+Taşıt+Konut) (TL, Akım, %)",avg,32.726
bie_kt100h,2012-09,TP.KTF10,"İhtiyaç Kredisi (TL, Akım, %)",avg,16.645
bie_kt100h,2012-09,TP.KTF101,"İhtiyaç Kredisi (KMH Dahil) (TL, Akım, %)",avg,36.0675
bie_kt100h,2012-09,TP.KTF11,"Taşıt Kredisi (TL, Akım, %)",avg,12.995
bie_kt100h,2012-09,TP.KTF12,"Konut Kredisi (TL, Akım, %)",avg,12.0425
bie_kt100h,2012-09,TP.KTF17,"Ticari Krediler (TL, Akım, %)",avg,14.4
bie_kt100h,2012-09,TP.KTF17.EUR,"Ticari Krediler (Euro, Akım, %)",avg,4.4675
bie_kt100h,2012-09,TP.KTF17.USD,"Ticari Krediler (ABD doları, Akım,%)",avg,4.565
bie_kt100h,2012-09,TP.KTF18,"Ticari Krediler (Tüzel Kişi KMH ve Kurumsal Kredi Kartları Hariç) (TL, Akım, %)",avg,11.06
bie_kt100h,2012-09,TP.KTFTUK,"Tüketici Kredisi (İhtiyaç+Taşıt+Konut) (TL, Akım, %)",avg,14.7175
bie_kt100h,2012-09,TP.KTFTUK01,"Tüketici Kredisi (KMH Dahil) (İhtiyaç+Taşıt+Konut) (TL, Akım, %)",avg,28.765
bie_kt100h,2012-10,TP.KTF10,"İhtiyaç Kredisi (TL, Akım, %)",avg,16.31
bie_kt100h,2012-10,TP.KTF101,"İhtiyaç Kredisi (KMH Dahil) (TL, Akım, %)",avg,37.265
bie_kt100h,2012-10,TP.KTF11,"Taşıt Kredisi (TL, Akım, %)",avg,12.77
bie_kt100h,2012-10,TP.KTF12,"Konut Kredisi (TL, Akım, %)",avg,11.325
bie_kt100h,2012-10,TP.KTF17,"Ticari Krediler (TL, Akım, %)",avg,12.378
bie_kt100h,2012-10,TP.KTF17.EUR,"Ticari Krediler (Euro, Akım, %)",avg,4.49
bie_kt100h,2012-10,TP.KTF17.USD,"Ticari Krediler (ABD doları, Akım,%)",avg,4.34
bie_kt100h,2012-10,TP.KTF18,"Ticari Krediler (Tüzel Kişi KMH ve Kurumsal Kredi Kartları Hariç) (TL, Akım, %)",avg,9.68
bie_kt100h,2012-10,TP.KTFTUK,"Tüketici Kredisi (İhtiyaç+Taşıt+Konut) (TL, Akım, %)",avg,14.1475
bie_kt100h,2012-10,TP.KTFTUK01,"Tüketici Kredisi (KMH Dahil) (İhtiyaç+Taşıt+Konut) (TL, Akım, %)",avg,29.4425
bie_kt100h,2012-11,TP.KTF10,"İhtiyaç Kredisi (TL, Akım, %)",avg,15.726
bie_kt100h,2012-11,TP.KTF101,"İhtiyaç Kredisi (KMH Dahil) (TL, Akım, %)",avg,36.042
bie_kt100h,2012-11,TP.KTF11,"Taşıt Kredisi (TL, Akım, %)",avg,12.066
bie_kt100h,2012-11,TP.KTF12,"Konut Kredisi (TL, Akım, %)",avg,10.77
bie_kt100h,2012-11,TP.KTF17,"Ticari Krediler (TL, Akım, %)",avg,12.518
bie_kt100h,2012-11,TP.KTF17.EUR,"Ticari Krediler (Euro, Akım, %)",avg,4.512
bie_kt100h,2012-11,TP.KTF17.USD,"Ticari Krediler (ABD doları, Akım,%)",avg,4.386
bie_kt100h,2012-11,TP.KTF18,"Ticari Krediler (Tüzel Kişi KMH ve Kurumsal Kredi Kartları Hariç) (TL, Akım, %)",avg,9.366
bie_kt100h,2012-11,TP.KTFTUK,"Tüketici Kredisi (İhtiyaç+Taşıt+Konut) (TL, Akım, %)",avg,13.58
bie_kt100h,2012-11,TP.KTFTUK01,"Tüketici Kredisi (KMH Dahil) (İhtiyaç+Taşıt+Konut) (TL, Akım, %)",avg,28.614
bie_kt100h,2012-12,TP.KTF10,"İhtiyaç Kredisi (TL, Akım, %)",avg,14.25
bie_kt100h,2012-12,TP.KTF101,"İhtiyaç Kredisi (KMH Dahil) (TL, Akım, %)",avg,34.4125
bie_kt100h,2012-12,TP.KTF11,"Taşıt Kredisi (TL, Akım, %)",avg,11.0125
bie_kt100h,2012-12,TP.KTF12,"Konut Kredisi (TL, Akım, %)",avg,10.0875
bie_kt100h,2012-12,TP.KTF17,"Ticari Krediler (TL, Akım, %)",avg,11.6975
bie_kt100h,2012-12,TP.KTF17.EUR,"Ticari Krediler (Euro, Akım, %)",avg,4.3025
bie_kt100h,2012-12,TP.KTF17.USD,"Ticari Krediler (ABD doları, Akım,%)",avg,4.5825
bie_kt100h,2012-12,TP.KTF18,"Ticari Krediler (Tüzel Kişi KMH ve Kurumsal Kredi Kartları Hariç) (TL, Akım, %)",avg,8.7975
bie_kt100h,2012-12,TP.KTFTUK,"Tüketici Kredisi (İhtiyaç+Taşıt+Konut) (TL, Akım, %)",avg,12.3125
bie_kt100h,2012-12,TP.KTFTUK01,"Tüketici Kredisi (KMH Dahil) (İhtiyaç+Taşıt+Konut) (TL, Akım, %)",avg,25.9725
bie_kt100h,2013-01,TP.KTF10,"İhtiyaç Kredisi (TL, Akım, %)",avg,14.055
bie_kt100h,2013-01,TP.KTF101,"İhtiyaç Kredisi (KMH Dahil) (TL, Akım, %)",avg,33.9875
bie_kt100h,2013-01,TP.KTF11,"Taşıt Kredisi (TL, Akım, %)",avg,11.0575
bie_kt100h,2013-01,TP.KTF12,"Konut Kredisi (TL, Akım, %)",avg,9.775
bie_kt100h,2013-01,TP.KTF17,"Ticari Krediler (TL, Akım, %)",avg,12.05
bie_kt100h,2013-01,TP.KTF17.EUR,"Ticari Krediler (Euro, Akım, %)",avg,4.31
bie_kt100h,2013-01,TP.KTF17.USD,"Ticari Krediler (ABD doları, Akım,%)",avg,4.22
bie_kt100h,2013-01,TP.KTF18,"Ticari Krediler (Tüzel Kişi KMH ve Kurumsal Kredi Kartları Hariç) (TL, Akım, %)",avg,8.7475
bie_kt100h,2013-01,TP.KTFTUK,"Tüketici Kredisi (İhtiyaç+Taşıt+Konut) (TL, Akım, %)",avg,12.0425
bie_kt100h,2013-01,TP.KTFTUK01,"Tüketici Kredisi (KMH Dahil) (İhtiyaç+Taşıt+Konut) (TL, Akım, %)",avg,25.52
bie_kt100h,2013-02,TP.KTF10,"İhtiyaç Kredisi (TL, Akım, %)",avg,13.755
bie_kt100h,2013-02,TP.KTF101,"İhtiyaç Kredisi (KMH Dahil) (TL, Akım, %)",avg,31.035
bie_kt100h,2013-02,TP.KTF11,"Taşıt Kredisi (TL, Akım, %)",avg,10.9125
bie_kt100h,2013-02,TP.KTF12,"Konut Kredisi (TL, Akım, %)",avg,9.5775
bie_kt100h,2013-02,TP.KTF17,"Ticari Krediler (TL, Akım, %)",avg,11.7625
bie_kt100h,2013-02,TP.KTF17.EUR,"Ticari Krediler (Euro, Akım, %)",avg,4.1575
bie_kt100h,2013-02,TP.KTF17.USD,"Ticari Krediler (ABD doları, Akım,%)",avg,4.1675
bie_kt100h,2013-02,TP.KTF18,"Ticari Krediler (Tüzel Kişi KMH ve Kurumsal Kredi Kartları Hariç) (TL, Akım, %)",avg,8.1675
bie_kt100h,2013-02,TP.KTFTUK,"Tüketici Kredisi (İhtiyaç+Taşıt+Konut) (TL, Akım, %)",avg,11.885
bie_kt100h,2013-02,TP.KTFTUK01,"Tüketici Kredisi (KMH Dahil) (İhtiyaç+Taşıt+Konut) (TL, Akım, %)",avg,23.72
bie_kt100h,2013-03,TP.KTF10,"İhtiyaç Kredisi (TL, Akım, %)",avg,13.524
bie_kt100h,2013-03,TP.KTF101,"İhtiyaç Kredisi (KMH Dahil) (TL, Akım, %)",avg,29.422
bie_kt100h,2013-03,TP.KTF11,"Taşıt Kredisi (TL, Akım, %)",avg,10.48
bie_kt100h,2013-03,TP.KTF12,"Konut Kredisi (TL, Akım, %)",avg,9.306
bie_kt100h,2013-03,TP.KTF17,"Ticari Krediler (TL, Akım, %)",avg,11.058
bie_kt100h,2013-03,TP.KTF17.EUR,"Ticari Krediler (Euro, Akım, %)",avg,3.686
bie_kt100h,2013-03,TP.KTF17.USD,"Ticari Krediler (ABD doları, Akım,%)",avg,3.92
bie_kt100h,2013-03,TP.KTF18,"Ticari Krediler (Tüzel Kişi KMH ve Kurumsal Kredi Kartları Hariç) (TL, Akım, %)",avg,7.686
bie_kt100h,2013-03,TP.KTFTUK,"Tüketici Kredisi (İhtiyaç+Taşıt+Konut) (TL, Akım, %)",avg,11.728
bie_kt100h,2013-03,TP.KTFTUK01,"Tüketici Kredisi (KMH Dahil) (İhtiyaç+Taşıt+Konut) (TL, Akım, %)",avg,22.524
bie_kt100h,2013-04,TP.KTF10,"İhtiyaç Kredisi (TL, Akım, %)",avg,13.45
bie_kt100h,2013-04,TP.KTF101,"İhtiyaç Kredisi (KMH Dahil) (TL, Akım, %)",avg,29.4775
bie_kt100h,2013-04,TP.KTF11,"Taşıt Kredisi (TL, Akım, %)",avg,10.295
bie_kt100h,2013-04,TP.KTF12,"Konut Kredisi (TL, Akım, %)",avg,9.0575
bie_kt100h,2013-04,TP.KTF17,"Ticari Krediler (TL, Akım, %)",avg,10.68
bie_kt100h,2013-04,TP.KTF17.EUR,"Ticari Krediler (Euro, Akım, %)",avg,3.9525
bie_kt100h,2013-04,TP.KTF17.USD,"Ticari Krediler (ABD doları, Akım,%)",avg,3.9125
bie_kt100h,2013-04,TP.KTF18,"Ticari Krediler (Tüzel Kişi KMH ve Kurumsal Kredi Kartları Hariç) (TL, Akım, %)",avg,7.44
bie_kt100h,2013-04,TP.KTFTUK,"Tüketici Kredisi (İhtiyaç+Taşıt+Konut) (TL, Akım, %)",avg,11.5725
bie_kt100h,2013-04,TP.KTFTUK01,"Tüketici Kredisi (KMH Dahil) (İhtiyaç+Taşıt+Konut) (TL, Akım, %)",avg,22.39
bie_kt100h,2013-05,TP.KTF10,"İhtiyaç Kredisi (TL, Akım, %)",avg,12.672
bie_kt100h,2013-05,TP.KTF101,"İhtiyaç Kredisi (KMH Dahil) (TL, Akım, %)",avg,25.236
bie_kt100h,2013-05,TP.KTF11,"Taşıt Kredisi (TL, Akım, %)",avg,9.882
bie_kt100h,2013-05,TP.KTF12,"Konut Kredisi (TL, Akım, %)",avg,8.766
bie_kt100h,2013-05,TP.KTF17,"Ticari Krediler (TL, Akım, %)",avg,9.482
bie_kt100h,2013-05,TP.KTF17.EUR,"Ticari Krediler (Euro, Akım, %)",avg,3.626
bie_kt100h,2013-05,TP.KTF17.USD,"Ticari Krediler (ABD doları, Akım,%)",avg,3.986
bie_kt100h,2013-05,TP.KTF18,"Ticari Krediler (Tüzel Kişi KMH ve Kurumsal Kredi Kartları Hariç) (TL, Akım, %)",avg,6.788
bie_kt100h,2013-05,TP.KTFTUK,"Tüketici Kredisi (İhtiyaç+Taşıt+Konut) (TL, Akım, %)",avg,10.94
bie_kt100h,2013-05,TP.KTFTUK01,"Tüketici Kredisi (KMH Dahil) (İhtiyaç+Taşıt+Konut) (TL, Akım, %)",avg,19.206
bie_kt100h,2013-06,TP.KTF10,"İhtiyaç Kredisi (TL, Akım, %)",avg,11.82
bie_kt100h,2013-06,TP.KTF101,"İhtiyaç Kredisi (KMH Dahil) (TL, Akım, %)",avg,15.9125
bie_kt100h,2013-06,TP.KTF11,"Taşıt Kredisi (TL, Akım, %)",avg,9.6075
bie_kt100h,2013-06,TP.KTF12,"Konut Kredisi (TL, Akım, %)",avg,8.2975
bie_kt100h,2013-06,TP.KTF17,"Ticari Krediler (TL, Akım, %)",avg,9.2575
bie_kt100h,2013-06,TP.KTF17.EUR,"Ticari Krediler (Euro, Akım, %)",avg,3.825
bie_kt100h,2013-06,TP.KTF17.USD,"Ticari Krediler (ABD doları, Akım,%)",avg,4.18
bie_kt100h,2013-06,TP.KTF18,"Ticari Krediler (Tüzel Kişi KMH ve Kurumsal Kredi Kartları Hariç) (TL, Akım, %)",avg,7.735
bie_kt100h,2013-06,TP.KTFTUK,"Tüketici Kredisi (İhtiyaç+Taşıt+Konut) (TL, Akım, %)",avg,9.995
bie_kt100h,2013-06,TP.KTFTUK01,"Tüketici Kredisi (KMH Dahil) (İhtiyaç+Taşıt+Konut) (TL, Akım, %)",avg,12.49
bie_kt100h,2013-07,TP.KTF10,"İhtiyaç Kredisi (TL, Akım, %)",avg,12.465
bie_kt100h,2013-07,TP.KTF101,"İhtiyaç Kredisi (KMH Dahil) (TL, Akım, %)",avg,16.51
bie_kt100h,2013-07,TP.KTF11,"Taşıt Kredisi (TL, Akım, %)",avg,10.0975
bie_kt100h,2013-07,TP.KTF12,"Konut Kredisi (TL, Akım, %)",avg,8.905
bie_kt100h,2013-07,TP.KTF17,"Ticari Krediler (TL, Akım, %)",avg,10.615
bie_kt100h,2013-07,TP.KTF17.EUR,"Ticari Krediler (Euro, Akım, %)",avg,4.0
bie_kt100h,2013-07,TP.KTF17.USD,"Ticari Krediler (ABD doları, Akım,%)",avg,4.105
bie_kt100h,2013-07,TP.KTF18,"Ticari Krediler (Tüzel Kişi KMH ve Kurumsal Kredi Kartları Hariç) (TL, Akım, %)",avg,9.0625
bie_kt100h,2013-07,TP.KTFTUK,"Tüketici Kredisi (İhtiyaç+Taşıt+Konut) (TL, Akım, %)",avg,10.92
bie_kt100h,2013-07,TP.KTFTUK01,"Tüketici Kredisi (KMH Dahil) (İhtiyaç+Taşıt+Konut) (TL, Akım, %)",avg,13.7775
bie_kt100h,2013-08,TP.KTF10,"İhtiyaç Kredisi (TL, Akım, %)",avg,13.118
bie_kt100h,2013-08,TP.KTF101,"İhtiyaç Kredisi (KMH Dahil) (TL, Akım, %)",avg,17.638
bie_kt100h,2013-08,TP.KTF11,"Taşıt Kredisi (TL, Akım, %)",avg,10.598
bie_kt100h,2013-08,TP.KTF12,"Konut Kredisi (TL, Akım, %)",avg,9.778
bie_kt100h,2013-08,TP.KTF17,"Ticari Krediler (TL, Akım, %)",avg,10.958
bie_kt100h,2013-08,TP.KTF17.EUR,"Ticari Krediler (Euro, Akım, %)",avg,3.97
bie_kt100h,2013-08,TP.KTF17.USD,"Ticari Krediler (ABD doları, Akım,%)",avg,4.254
bie_kt100h,2013-08,TP.KTF18,"Ticari Krediler (Tüzel Kişi KMH ve Kurumsal Kredi Kartları Hariç) (TL, Akım, %)",avg,9.722
bie_kt100h,2013-08,TP.KTFTUK,"Tüketici Kredisi (İhtiyaç+Taşıt+Konut) (TL, Akım, %)",avg,11.826
bie_kt100h,2013-08,TP.KTFTUK01,"Tüketici Kredisi (KMH Dahil) (İhtiyaç+Taşıt+Konut) (TL, Akım, %)",avg,15.326
bie_kt100h,2013-09,TP.KTF10,"İhtiyaç Kredisi (TL, Akım, %)",avg,13.94
bie_kt100h,2013-09,TP.KTF101,"İhtiyaç Kredisi (KMH Dahil) (TL, Akım, %)",avg,17.8825
bie_kt100h,2013-09,TP.KTF11,"Taşıt Kredisi (TL, Akım, %)",avg,11.46
bie_kt100h,2013-09,TP.KTF12,"Konut Kredisi (TL, Akım, %)",avg,10.7325
bie_kt100h,2013-09,TP.KTF17,"Ticari Krediler (TL, Akım, %)",avg,11.325
bie_kt100h,2013-09,TP.KTF17.EUR,"Ticari Krediler (Euro, Akım, %)",avg,3.82
bie_kt100h,2013-09,TP.KTF17.USD,"Ticari Krediler (ABD doları, Akım,%)",avg,3.71
bie_kt100h,2013-09,TP.KTF18,"Ticari Krediler (Tüzel Kişi KMH ve Kurumsal Kredi Kartları Hariç) (TL, Akım, %)",avg,10.1625
bie_kt100h,2013-09,TP.KTFTUK,"Tüketici Kredisi (İhtiyaç+Taşıt+Konut) (TL, Akım, %)",avg,12.745
bie_kt100h,2013-09,TP.KTFTUK01,"Tüketici Kredisi (KMH Dahil) (İhtiyaç+Taşıt+Konut) (TL, Akım, %)",avg,15.805
bie_kt100h,2013-10,TP.KTF10,"İhtiyaç Kredisi (TL, Akım, %)",avg,13.8125
bie_kt100h,2013-10,TP.KTF101,"İhtiyaç Kredisi (KMH Dahil) (TL, Akım, %)",avg,18.73
bie_kt100h,2013-10,TP.KTF11,"Taşıt Kredisi (TL, Akım, %)",avg,11.8125
bie_kt100h,2013-10,TP.KTF12,"Konut Kredisi (TL, Akım, %)",avg,10.925
bie_kt100h,2013-10,TP.KTF17,"Ticari Krediler (TL, Akım, %)",avg,10.96
bie_kt100h,2013-10,TP.KTF17.EUR,"Ticari Krediler (Euro, Akım, %)",avg,3.915
bie_kt100h,2013-10,TP.KTF17.USD,"Ticari Krediler (ABD doları, Akım,%)",avg,4.0925
bie_kt100h,2013-10,TP.KTF18,"Ticari Krediler (Tüzel Kişi KMH ve Kurumsal Kredi Kartları Hariç) (TL, Akım, %)",avg,9.695
bie_kt100h,2013-10,TP.KTFTUK,"Tüketici Kredisi (İhtiyaç+Taşıt+Konut) (TL, Akım, %)",avg,12.89
bie_kt100h,2013-10,TP.KTFTUK01,"Tüketici Kredisi (KMH Dahil) (İhtiyaç+Taşıt+Konut) (TL, Akım, %)",avg,17.185
bie_kt100h,2013-11,TP.KTF10,"İhtiyaç Kredisi (TL, Akım, %)",avg,13.774
bie_kt100h,2013-11,TP.KTF101,"İhtiyaç Kredisi (KMH Dahil) (TL, Akım, %)",avg,17.52
bie_kt100h,2013-11,TP.KTF11,"Taşıt Kredisi (TL, Akım, %)",avg,11.284
bie_kt100h,2013-11,TP.KTF12,"Konut Kredisi (TL, Akım, %)",avg,10.624
bie_kt100h,2013-11,TP.KTF17,"Ticari Krediler (TL, Akım, %)",avg,10.832
bie_kt100h,2013-11,TP.KTF17.EUR,"Ticari Krediler (Euro, Akım, %)",avg,3.782
bie_kt100h,2013-11,TP.KTF17.USD,"Ticari Krediler (ABD doları, Akım,%)",avg,3.934
bie_kt100h,2013-11,TP.KTF18,"Ticari Krediler (Tüzel Kişi KMH ve Kurumsal Kredi Kartları Hariç) (TL, Akım, %)",avg,9.61
bie_kt100h,2013-11,TP.KTFTUK,"Tüketici Kredisi (İhtiyaç+Taşıt+Konut) (TL, Akım, %)",avg,12.592
bie_kt100h,2013-11,TP.KTFTUK01,"Tüketici Kredisi (KMH Dahil) (İhtiyaç+Taşıt+Konut) (TL, Akım, %)",avg,15.554
bie_kt100h,2013-12,TP.KTF10,"İhtiyaç Kredisi (TL, Akım, %)",avg,13.5725
bie_kt100h,2013-12,TP.KTF101,"İhtiyaç Kredisi (KMH Dahil) (TL, Akım, %)",avg,17.2825
bie_kt100h,2013-12,TP.KTF11,"Taşıt Kredisi (TL, Akım, %)",avg,10.9875
bie_kt100h,2013-12,TP.KTF12,"Konut Kredisi (TL, Akım, %)",avg,10.6075
bie_kt100h,2013-12,TP.KTF17,"Ticari Krediler (TL, Akım, %)",avg,11.3125
bie_kt100h,2013-12,TP.KTF17.EUR,"Ticari Krediler (Euro, Akım, %)",avg,4.1275
bie_kt100h,2013-12,TP.KTF17.USD,"Ticari Krediler (ABD doları, Akım,%)",avg,4.205
bie_kt100h,2013-12,TP.KTF18,"Ticari Krediler (Tüzel Kişi KMH ve Kurumsal Kredi Kartları Hariç) (TL, Akım, %)",avg,10.1925
bie_kt100h,2013-12,TP.KTFTUK,"Tüketici Kredisi (İhtiyaç+Taşıt+Konut) (TL, Akım, %)",avg,12.455
bie_kt100h,2013-12,TP.KTFTUK01,"Tüketici Kredisi (KMH Dahil) (İhtiyaç+Taşıt+Konut) (TL, Akım, %)",avg,15.345
bie_kt100h,2014-01,TP.KTF10,"İhtiyaç Kredisi (TL, Akım, %)",avg,15.03
bie_kt100h,2014-01,TP.KTF101,"İhtiyaç Kredisi (KMH Dahil) (TL, Akım, %)",avg,19.11
bie_kt100h,2014-01,TP.KTF11,"Taşıt Kredisi (TL, Akım, %)",avg,12.84
bie_kt100h,2014-01,TP.KTF12,"Konut Kredisi (TL, Akım, %)",avg,11.3
bie_kt100h,2014-01,TP.KTF17,"Ticari Krediler (TL, Akım, %)",avg,13.248
bie_kt100h,2014-01,TP.KTF17.EUR,"Ticari Krediler (Euro, Akım, %)",avg,4.358
bie_kt100h,2014-01,TP.KTF17.USD,"Ticari Krediler (ABD doları, Akım,%)",avg,4.086
bie_kt100h,2014-01,TP.KTF18,"Ticari Krediler (Tüzel Kişi KMH ve Kurumsal Kredi Kartları Hariç) (TL, Akım, %)",avg,12.378
bie_kt100h,2014-01,TP.KTFTUK,"Tüketici Kredisi (İhtiyaç+Taşıt+Konut) (TL, Akım, %)",avg,13.514
bie_kt100h,2014-01,TP.KTFTUK01,"Tüketici Kredisi (KMH Dahil) (İhtiyaç+Taşıt+Konut) (TL, Akım, %)",avg,16.862
bie_kt100h,2014-02,TP.KTF10,"İhtiyaç Kredisi (TL, Akım, %)",avg,16.8275
bie_kt100h,2014-02,TP.KTF101,"İhtiyaç Kredisi (KMH Dahil) (TL, Akım, %)",avg,20.255
bie_kt100h,2014-02,TP.KTF11,"Taşıt Kredisi (TL, Akım, %)",avg,15.0925
bie_kt100h,2014-02,TP.KTF12,"Konut Kredisi (TL, Akım, %)",avg,13.03
bie_kt100h,2014-02,TP.KTF17,"Ticari Krediler (TL, Akım, %)",avg,15.45
bie_kt100h,2014-02,TP.KTF17.EUR,"Ticari Krediler (Euro, Akım, %)",avg,4.1575
bie_kt100h,2014-02,TP.KTF17.USD,"Ticari Krediler (ABD doları, Akım,%)",avg,4.115
bie_kt100h,2014-02,TP.KTF18,"Ticari Krediler (Tüzel Kişi KMH ve Kurumsal Kredi Kartları Hariç) (TL, Akım, %)",avg,14.45
bie_kt100h,2014-02,TP.KTFTUK,"Tüketici Kredisi (İhtiyaç+Taşıt+Konut) (TL, Akım, %)",avg,15.4575
bie_kt100h,2014-02,TP.KTFTUK01,"Tüketici Kredisi (KMH Dahil) (İhtiyaç+Taşıt+Konut) (TL, Akım, %)",avg,18.5075
bie_kt100h,2014-03,TP.KTF10,"İhtiyaç Kredisi (TL, Akım, %)",avg,17.1475
bie_kt100h,2014-03,TP.KTF101,"İhtiyaç Kredisi (KMH Dahil) (TL, Akım, %)",avg,20.3625
bie_kt100h,2014-03,TP.KTF11,"Taşıt Kredisi (TL, Akım, %)",avg,15.21
bie_kt100h,2014-03,TP.KTF12,"Konut Kredisi (TL, Akım, %)",avg,13.505
bie_kt100h,2014-03,TP.KTF17,"Ticari Krediler (TL, Akım, %)",avg,16.0625
bie_kt100h,2014-03,TP.KTF17.EUR,"Ticari Krediler (Euro, Akım, %)",avg,4.2775
bie_kt100h,2014-03,TP.KTF17.USD,"Ticari Krediler (ABD doları, Akım,%)",avg,4.1725
bie_kt100h,2014-03,TP.KTF18,"Ticari Krediler (Tüzel Kişi KMH ve Kurumsal Kredi Kartları Hariç) (TL, Akım, %)",avg,15.3225
bie_kt100h,2014-03,TP.KTFTUK,"Tüketici Kredisi (İhtiyaç+Taşıt+Konut) (TL, Akım, %)",avg,15.89
bie_kt100h,2014-03,TP.KTFTUK01,"Tüketici Kredisi (KMH Dahil) (İhtiyaç+Taşıt+Konut) (TL, Akım, %)",avg,18.74
bie_kt100h,2014-04,TP.KTF10,"İhtiyaç Kredisi (TL, Akım, %)",avg,16.865
bie_kt100h,2014-04,TP.KTF101,"İhtiyaç Kredisi (KMH Dahil) (TL, Akım, %)",avg,20.3125
bie_kt100h,2014-04,TP.KTF11,"Taşıt Kredisi (TL, Akım, %)",avg,14.91
bie_kt100h,2014-04,TP.KTF12,"Konut Kredisi (TL, Akım, %)",avg,13.52
bie_kt100h,2014-04,TP.KTF17,"Ticari Krediler (TL, Akım, %)",avg,15.0625
bie_kt100h,2014-04,TP.KTF17.EUR,"Ticari Krediler (Euro, Akım, %)",avg,3.915
bie_kt100h,2014-04,TP.KTF17.USD,"Ticari Krediler (ABD doları, Akım,%)",avg,3.89
bie_kt100h,2014-04,TP.KTF18,"Ticari Krediler (Tüzel Kişi KMH ve Kurumsal Kredi Kartları Hariç) (TL, Akım, %)",avg,14.1125
bie_kt100h,2014-04,TP.KTFTUK,"Tüketici Kredisi (İhtiyaç+Taşıt+Konut) (TL, Akım, %)",avg,15.8625
bie_kt100h,2014-04,TP.KTFTUK01,"Tüketici Kredisi (KMH Dahil) (İhtiyaç+Taşıt+Konut) (TL, Akım, %)",avg,18.9425
bie_kt100h,2014-05,TP.KTF10,"İhtiyaç Kredisi (TL, Akım, %)",avg,16.684
bie_kt100h,2014-05,TP.KTF101,"İhtiyaç Kredisi (KMH Dahil) (TL, Akım, %)",avg,19.986
bie_kt100h,2014-05,TP.KTF11,"Taşıt Kredisi (TL, Akım, %)",avg,14.288
bie_kt100h,2014-05,TP.KTF12,"Konut Kredisi (TL, Akım, %)",avg,12.944
bie_kt100h,2014-05,TP.KTF17,"Ticari Krediler (TL, Akım, %)",avg,14.152
bie_kt100h,2014-05,TP.KTF17.EUR,"Ticari Krediler (Euro, Akım, %)",avg,3.534
bie_kt100h,2014-05,TP.KTF17.USD,"Ticari Krediler (ABD doları, Akım,%)",avg,4.012
bie_kt100h,2014-05,TP.KTF18,"Ticari Krediler (Tüzel Kişi KMH ve Kurumsal Kredi Kartları Hariç) (TL, Akım, %)",avg,13.244
bie_kt100h,2014-05,TP.KTFTUK,"Tüketici Kredisi (İhtiyaç+Taşıt+Konut) (TL, Akım, %)",avg,15.428
bie_kt100h,2014-05,TP.KTFTUK01,"Tüketici Kredisi (KMH Dahil) (İhtiyaç+Taşıt+Konut) (TL, Akım, %)",avg,18.314
bie_kt100h,2014-06,TP.KTF10,"İhtiyaç Kredisi (TL, Akım, %)",avg,15.96
bie_kt100h,2014-06,TP.KTF101,"İhtiyaç Kredisi (KMH Dahil) (TL, Akım, %)",avg,19.86
bie_kt100h,2014-06,TP.KTF11,"Taşıt Kredisi (TL, Akım, %)",avg,13.305
bie_kt100h,2014-06,TP.KTF12,"Konut Kredisi (TL, Akım, %)",avg,12.2875
bie_kt100h,2014-06,TP.KTF17,"Ticari Krediler (TL, Akım, %)",avg,13.5025
bie_kt100h,2014-06,TP.KTF17.EUR,"Ticari Krediler (Euro, Akım, %)",avg,3.315
bie_kt100h,2014-06,TP.KTF17.USD,"Ticari Krediler (ABD doları, Akım,%)",avg,3.5925
bie_kt100h,2014-06,TP.KTF18,"Ticari Krediler (Tüzel Kişi KMH ve Kurumsal Kredi Kartları Hariç) (TL, Akım, %)",avg,12.6175
bie_kt100h,2014-06,TP.KTFTUK,"Tüketici Kredisi (İhtiyaç+Taşıt+Konut) (TL, Akım, %)",avg,14.6275
bie_kt100h,2014-06,TP.KTFTUK01,"Tüketici Kredisi (KMH Dahil) (İhtiyaç+Taşıt+Konut) (TL, Akım, %)",avg,17.91
bie_kt100h,2014-07,TP.KTF10,"İhtiyaç Kredisi (TL, Akım, %)",avg,15.3175
bie_kt100h,2014-07,TP.KTF101,"İhtiyaç Kredisi (KMH Dahil) (TL, Akım, %)",avg,19.38
bie_kt100h,2014-07,TP.KTF11,"Taşıt Kredisi (TL, Akım, %)",avg,12.785
bie_kt100h,2014-07,TP.KTF12,"Konut Kredisi (TL, Akım, %)",avg,11.46
bie_kt100h,2014-07,TP.KTF17,"Ticari Krediler (TL, Akım, %)",avg,12.8625
bie_kt100h,2014-07,TP.KTF17.EUR,"Ticari Krediler (Euro, Akım, %)",avg,3.31
bie_kt100h,2014-07,TP.KTF17.USD,"Ticari Krediler (ABD doları, Akım,%)",avg,3.71
bie_kt100h,2014-07,TP.KTF18,"Ticari Krediler (Tüzel Kişi KMH ve Kurumsal Kredi Kartları Hariç) (TL, Akım, %)",avg,11.8625
bie_kt100h,2014-07,TP.KTFTUK,"Tüketici Kredisi (İhtiyaç+Taşıt+Konut) (TL, Akım, %)",avg,13.865
bie_kt100h,2014-07,TP.KTFTUK01,"Tüketici Kredisi (KMH Dahil) (İhtiyaç+Taşıt+Konut) (TL, Akım, %)",avg,17.2275
bie_kt100h,2014-08,TP.KTF10,"İhtiyaç Kredisi (TL, Akım, %)",avg,15.076
bie_kt100h,2014-08,TP.KTF101,"İhtiyaç Kredisi (KMH Dahil) (TL, Akım, %)",avg,19.794
bie_kt100h,2014-08,TP.KTF11,"Taşıt Kredisi (TL, Akım, %)",avg,12.84
bie_kt100h,2014-08,TP.KTF12,"Konut Kredisi (TL, Akım, %)",avg,11.058
bie_kt100h,2014-08,TP.KTF17,"Ticari Krediler (TL, Akım, %)",avg,11.628
bie_kt100h,2014-08,TP.KTF17.EUR,"Ticari Krediler (Euro, Akım, %)",avg,3.262
bie_kt100h,2014-08,TP.KTF17.USD,"Ticari Krediler (ABD doları, Akım,%)",avg,3.772
bie_kt100h,2014-08,TP.KTF18,"Ticari Krediler (Tüzel Kişi KMH ve Kurumsal Kredi Kartları Hariç) (TL, Akım, %)",avg,10.5
bie_kt100h,2014-08,TP.KTFTUK,"Tüketici Kredisi (İhtiyaç+Taşıt+Konut) (TL, Akım, %)",avg,13.582
bie_kt100h,2014-08,TP.KTFTUK01,"Tüketici Kredisi (KMH Dahil) (İhtiyaç+Taşıt+Konut) (TL, Akım, %)",avg,17.656
bie_kt100h,2014-09,TP.KTF10,"İhtiyaç Kredisi (TL, Akım, %)",avg,14.8575
bie_kt100h,2014-09,TP.KTF101,"İhtiyaç Kredisi (KMH Dahil) (TL, Akım, %)",avg,19.19
bie_kt100h,2014-09,TP.KTF11,"Taşıt Kredisi (TL, Akım, %)",avg,12.715
bie_kt100h,2014-09,TP.KTF12,"Konut Kredisi (TL, Akım, %)",avg,10.9075
bie_kt100h,2014-09,TP.KTF17,"Ticari Krediler (TL, Akım, %)",avg,12.22
bie_kt100h,2014-09,TP.KTF17.EUR,"Ticari Krediler (Euro, Akım, %)",avg,3.5325
bie_kt100h,2014-09,TP.KTF17.USD,"Ticari Krediler (ABD doları, Akım,%)",avg,3.385
bie_kt100h,2014-09,TP.KTF18,"Ticari Krediler (Tüzel Kişi KMH ve Kurumsal Kredi Kartları Hariç) (TL, Akım, %)",avg,10.995
bie_kt100h,2014-09,TP.KTFTUK,"Tüketici Kredisi (İhtiyaç+Taşıt+Konut) (TL, Akım, %)",avg,13.26
bie_kt100h,2014-09,TP.KTFTUK01,"Tüketici Kredisi (KMH Dahil) (İhtiyaç+Taşıt+Konut) (TL, Akım, %)",avg,16.755
bie_kt100h,2014-10,TP.KTF10,"İhtiyaç Kredisi (TL, Akım, %)",avg,14.91
bie_kt100h,2014-10,TP.KTF101,"İhtiyaç Kredisi (KMH Dahil) (TL, Akım, %)",avg,19.682
bie_kt100h,2014-10,TP.KTF11,"Taşıt Kredisi (TL, Akım, %)",avg,12.372
bie_kt100h,2014-10,TP.KTF12,"Konut Kredisi (TL, Akım, %)",avg,10.752
bie_kt100h,2014-10,TP.KTF17,"Ticari Krediler (TL, Akım, %)",avg,12.878
bie_kt100h,2014-10,TP.KTF17.EUR,"Ticari Krediler (Euro, Akım, %)",avg,3.618
bie_kt100h,2014-10,TP.KTF17.USD,"Ticari Krediler (ABD doları, Akım,%)",avg,3.942
bie_kt100h,2014-10,TP.KTF18,"Ticari Krediler (Tüzel Kişi KMH ve Kurumsal Kredi Kartları Hariç) (TL, Akım, %)",avg,11.762
bie_kt100h,2014-10,TP.KTFTUK,"Tüketici Kredisi (İhtiyaç+Taşıt+Konut) (TL, Akım, %)",avg,13.204
bie_kt100h,2014-10,TP.KTFTUK01,"Tüketici Kredisi (KMH Dahil) (İhtiyaç+Taşıt+Konut) (TL, Akım, %)",avg,17.188
bie_kt100h,2014-11,TP.KTF10,"İhtiyaç Kredisi (TL, Akım, %)",avg,14.68
bie_kt100h,2014-11,TP.KTF101,"İhtiyaç Kredisi (KMH Dahil) (TL, Akım, %)",avg,18.47
bie_kt100h,2014-11,TP.KTF11,"Taşıt Kredisi (TL, Akım, %)",avg,12.375
bie_kt100h,2014-11,TP.KTF12,"Konut Kredisi (TL, Akım, %)",avg,10.9125
bie_kt100h,2014-11,TP.KTF17,"Ticari Krediler (TL, Akım, %)",avg,13.0325
bie_kt100h,2014-11,TP.KTF17.EUR,"Ticari Krediler (Euro, Akım, %)",avg,3.495
bie_kt100h,2014-11,TP.KTF17.USD,"Ticari Krediler (ABD doları, Akım,%)",avg,3.625
bie_kt100h,2014-11,TP.KTF18,"Ticari Krediler (Tüzel Kişi KMH ve Kurumsal Kredi Kartları Hariç) (TL, Akım, %)",avg,11.815
bie_kt100h,2014-11,TP.KTFTUK,"Tüketici Kredisi (İhtiyaç+Taşıt+Konut) (TL, Akım, %)",avg,13.1875
bie_kt100h,2014-11,TP.KTFTUK01,"Tüketici Kredisi (KMH Dahil) (İhtiyaç+Taşıt+Konut) (TL, Akım, %)",avg,16.23
bie_kt100h,2014-12,TP.KTF10,"İhtiyaç Kredisi (TL, Akım, %)",avg,14.3875
bie_kt100h,2014-12,TP.KTF101,"İhtiyaç Kredisi (KMH Dahil) (TL, Akım, %)",avg,18.7625
bie_kt100h,2014-12,TP.KTF11,"Taşıt Kredisi (TL, Akım, %)",avg,12.6
bie_kt100h,2014-12,TP.KTF12,"Konut Kredisi (TL, Akım, %)",avg,11.0125
bie_kt100h,2014-12,TP.KTF17,"Ticari Krediler (TL, Akım, %)",avg,12.43
bie_kt100h,2014-12,TP.KTF17.EUR,"Ticari Krediler (Euro, Akım, %)",avg,3.4025
bie_kt100h,2014-12,TP.KTF17.USD,"Ticari Krediler (ABD doları, Akım,%)",avg,3.745
bie_kt100h,2014-12,TP.KTF18,"Ticari Krediler (Tüzel Kişi KMH ve Kurumsal Kredi Kartları Hariç) (TL, Akım, %)",avg,11.2175
bie_kt100h,2014-12,TP.KTFTUK,"Tüketici Kredisi (İhtiyaç+Taşıt+Konut) (TL, Akım, %)",avg,13.0925
bie_kt100h,2014-12,TP.KTFTUK01,"Tüketici Kredisi (KMH Dahil) (İhtiyaç+Taşıt+Konut) (TL, Akım, %)",avg,16.5475
bie_kt100h,2015-01,TP.KTF10,"İhtiyaç Kredisi (TL, Akım, %)",avg,14.864
bie_kt100h,2015-01,TP.KTF101,"İhtiyaç Kredisi (KMH Dahil) (TL, Akım, %)",avg,18.386
bie_kt100h,2015-01,TP.KTF11,"Taşıt Kredisi (TL, Akım, %)",avg,12.906
bie_kt100h,2015-01,TP.KTF12,"Konut Kredisi (TL, Akım, %)",avg,11.006
bie_kt100h,2015-01,TP.KTF17,"Ticari Krediler (TL, Akım, %)",avg,12.766
bie_kt100h,2015-01,TP.KTF17.EUR,"Ticari Krediler (Euro, Akım, %)",avg,3.298
bie_kt100h,2015-01,TP.KTF17.USD,"Ticari Krediler (ABD doları, Akım,%)",avg,4.066
bie_kt100h,2015-01,TP.KTF18,"Ticari Krediler (Tüzel Kişi KMH ve Kurumsal Kredi Kartları Hariç) (TL, Akım, %)",avg,11.476
bie_kt100h,2015-01,TP.KTFTUK,"Tüketici Kredisi (İhtiyaç+Taşıt+Konut) (TL, Akım, %)",avg,13.804
bie_kt100h,2015-01,TP.KTFTUK01,"Tüketici Kredisi (KMH Dahil) (İhtiyaç+Taşıt+Konut) (TL, Akım, %)",avg,16.852
bie_kt100h,2015-02,TP.KTF10,"İhtiyaç Kredisi (TL, Akım, %)",avg,14.89
bie_kt100h,2015-02,TP.KTF101,"İhtiyaç Kredisi (KMH Dahil) (TL, Akım, %)",avg,18.4925
bie_kt100h,2015-02,TP.KTF11,"Taşıt Kredisi (TL, Akım, %)",avg,13.0575
bie_kt100h,2015-02,TP.KTF12,"Konut Kredisi (TL, Akım, %)",avg,10.7975
bie_kt100h,2015-02,TP.KTF17,"Ticari Krediler (TL, Akım, %)",avg,12.7075
bie_kt100h,2015-02,TP.KTF17.EUR,"Ticari Krediler (Euro, Akım, %)",avg,2.9325
bie_kt100h,2015-02,TP.KTF17.USD,"Ticari Krediler (ABD doları, Akım,%)",avg,3.765
bie_kt100h,2015-02,TP.KTF18,"Ticari Krediler (Tüzel Kişi KMH ve Kurumsal Kredi Kartları Hariç) (TL, Akım, %)",avg,11.3525
bie_kt100h,2015-02,TP.KTFTUK,"Tüketici Kredisi (İhtiyaç+Taşıt+Konut) (TL, Akım, %)",avg,13.66
bie_kt100h,2015-02,TP.KTFTUK01,"Tüketici Kredisi (KMH Dahil) (İhtiyaç+Taşıt+Konut) (TL, Akım, %)",avg,16.73
bie_kt100h,2015-03,TP.KTF10,"İhtiyaç Kredisi (TL, Akım, %)",avg,14.675
bie_kt100h,2015-03,TP.KTF101,"İhtiyaç Kredisi (KMH Dahil) (TL, Akım, %)",avg,18.3025
bie_kt100h,2015-03,TP.KTF11,"Taşıt Kredisi (TL, Akım, %)",avg,12.5775
bie_kt100h,2015-03,TP.KTF12,"Konut Kredisi (TL, Akım, %)",avg,10.8175
bie_kt100h,2015-03,TP.KTF17,"Ticari Krediler (TL, Akım, %)",avg,12.83
bie_kt100h,2015-03,TP.KTF17.EUR,"Ticari Krediler (Euro, Akım, %)",avg,2.905
bie_kt100h,2015-03,TP.KTF17.USD,"Ticari Krediler (ABD doları, Akım,%)",avg,3.4975
bie_kt100h,2015-03,TP.KTF18,"Ticari Krediler (Tüzel Kişi KMH ve Kurumsal Kredi Kartları Hariç) (TL, Akım, %)",avg,11.525
bie_kt100h,2015-03,TP.KTFTUK,"Tüketici Kredisi (İhtiyaç+Taşıt+Konut) (TL, Akım, %)",avg,13.3425
bie_kt100h,2015-03,TP.KTFTUK01,"Tüketici Kredisi (KMH Dahil) (İhtiyaç+Taşıt+Konut) (TL, Akım, %)",avg,16.2975
bie_kt100h,2015-04,TP.KTF10,"İhtiyaç Kredisi (TL, Akım, %)",avg,14.8375
bie_kt100h,2015-04,TP.KTF101,"İhtiyaç Kredisi (KMH Dahil) (TL, Akım, %)",avg,18.375
bie_kt100h,2015-04,TP.KTF11,"Taşıt Kredisi (TL, Akım, %)",avg,12.7925
bie_kt100h,2015-04,TP.KTF12,"Konut Kredisi (TL, Akım, %)",avg,10.965
bie_kt100h,2015-04,TP.KTF17,"Ticari Krediler (TL, Akım, %)",avg,13.19
bie_kt100h,2015-04,TP.KTF17.EUR,"Ticari Krediler (Euro, Akım, %)",avg,2.98
bie_kt100h,2015-04,TP.KTF17.USD,"Ticari Krediler (ABD doları, Akım,%)",avg,3.4
bie_kt100h,2015-04,TP.KTF18,"Ticari Krediler (Tüzel Kişi KMH ve Kurumsal Kredi Kartları Hariç) (TL, Akım, %)",avg,11.8825
bie_kt100h,2015-04,TP.KTFTUK,"Tüketici Kredisi (İhtiyaç+Taşıt+Konut) (TL, Akım, %)",avg,13.5925
bie_kt100h,2015-04,TP.KTFTUK01,"Tüketici Kredisi (KMH Dahil) (İhtiyaç+Taşıt+Konut) (TL, Akım, %)",avg,16.535
bie_kt100h,2015-05,TP.KTF10,"İhtiyaç Kredisi (TL, Akım, %)",avg,15.43
bie_kt100h,2015-05,TP.KTF101,"İhtiyaç Kredisi (KMH Dahil) (TL, Akım, %)",avg,18.864
bie_kt100h,2015-05,TP.KTF11,"Taşıt Kredisi (TL, Akım, %)",avg,13.138
bie_kt100h,2015-05,TP.KTF12,"Konut Kredisi (TL, Akım, %)",avg,11.49
bie_kt100h,2015-05,TP.KTF17,"Ticari Krediler (TL, Akım, %)",avg,13.296
bie_kt100h,2015-05,TP.KTF17.EUR,"Ticari Krediler (Euro, Akım, %)",avg,3.174
bie_kt100h,2015-05,TP.KTF17.USD,"Ticari Krediler (ABD doları, Akım,%)",avg,3.498
bie_kt100h,2015-05,TP.KTF18,"Ticari Krediler (Tüzel Kişi KMH ve Kurumsal Kredi Kartları Hariç) (TL, Akım, %)",avg,12.144
bie_kt100h,2015-05,TP.KTFTUK,"Tüketici Kredisi (İhtiyaç+Taşıt+Konut) (TL, Akım, %)",avg,14.17
bie_kt100h,2015-05,TP.KTFTUK01,"Tüketici Kredisi (KMH Dahil) (İhtiyaç+Taşıt+Konut) (TL, Akım, %)",avg,17.078
bie_kt100h,2015-06,TP.KTF10,"İhtiyaç Kredisi (TL, Akım, %)",avg,15.675
bie_kt100h,2015-06,TP.KTF101,"İhtiyaç Kredisi (KMH Dahil) (TL, Akım, %)",avg,19.055
bie_kt100h,2015-06,TP.KTF11,"Taşıt Kredisi (TL, Akım, %)",avg,13.4425
bie_kt100h,2015-06,TP.KTF12,"Konut Kredisi (TL, Akım, %)",avg,11.865
bie_kt100h,2015-06,TP.KTF17,"Ticari Krediler (TL, Akım, %)",avg,13.5725
bie_kt100h,2015-06,TP.KTF17.EUR,"Ticari Krediler (Euro, Akım, %)",avg,2.8
bie_kt100h,2015-06,TP.KTF17.USD,"Ticari Krediler (ABD doları, Akım,%)",avg,3.74
bie_kt100h,2015-06,TP.KTF18,"Ticari Krediler (Tüzel Kişi KMH ve Kurumsal Kredi Kartları Hariç) (TL, Akım, %)",avg,12.495
bie_kt100h,2015-06,TP.KTFTUK,"Tüketici Kredisi (İhtiyaç+Taşıt+Konut) (TL, Akım, %)",avg,14.465
bie_kt100h,2015-06,TP.KTFTUK01,"Tüketici Kredisi (KMH Dahil) (İhtiyaç+Taşıt+Konut) (TL, Akım, %)",avg,17.33
bie_kt100h,2015-07,TP.KTF10,"İhtiyaç Kredisi (TL, Akım, %)",avg,15.702
bie_kt100h,2015-07,TP.KTF101,"İhtiyaç Kredisi (KMH Dahil) (TL, Akım, %)",avg,19.628
bie_kt100h,2015-07,TP.KTF11,"Taşıt Kredisi (TL, Akım, %)",avg,13.602
bie_kt100h,2015-07,TP.KTF12,"Konut Kredisi (TL, Akım, %)",avg,12.28
bie_kt100h,2015-07,TP.KTF17,"Ticari Krediler (TL, Akım, %)",avg,13.688
bie_kt100h,2015-07,TP.KTF17.EUR,"Ticari Krediler (Euro, Akım, %)",avg,3.246
bie_kt100h,2015-07,TP.KTF17.USD,"Ticari Krediler (ABD doları, Akım,%)",avg,3.918
bie_kt100h,2015-07,TP.KTF18,"Ticari Krediler (Tüzel Kişi KMH ve Kurumsal Kredi Kartları Hariç) (TL, Akım, %)",avg,12.44
bie_kt100h,2015-07,TP.KTFTUK,"Tüketici Kredisi (İhtiyaç+Taşıt+Konut) (TL, Akım, %)",avg,14.774
bie_kt100h,2015-07,TP.KTFTUK01,"Tüketici Kredisi (KMH Dahil) (İhtiyaç+Taşıt+Konut) (TL, Akım, %)",avg,18.21
bie_kt100h,2015-08,TP.KTF10,"İhtiyaç Kredisi (TL, Akım, %)",avg,16.045
bie_kt100h,2015-08,TP.KTF101,"İhtiyaç Kredisi (KMH Dahil) (TL, Akım, %)",avg,19.665
bie_kt100h,2015-08,TP.KTF11,"Taşıt Kredisi (TL, Akım, %)",avg,14.14
bie_kt100h,2015-08,TP.KTF12,"Konut Kredisi (TL, Akım, %)",avg,12.585
bie_kt100h,2015-08,TP.KTF17,"Ticari Krediler (TL, Akım, %)",avg,14.66
bie_kt100h,2015-08,TP.KTF17.EUR,"Ticari Krediler (Euro, Akım, %)",avg,2.7625
bie_kt100h,2015-08,TP.KTF17.USD,"Ticari Krediler (ABD doları, Akım,%)",avg,3.8
bie_kt100h,2015-08,TP.KTF18,"Ticari Krediler (Tüzel Kişi KMH ve Kurumsal Kredi Kartları Hariç) (TL, Akım, %)",avg,13.4925
bie_kt100h,2015-08,TP.KTFTUK,"Tüketici Kredisi (İhtiyaç+Taşıt+Konut) (TL, Akım, %)",avg,14.9625
bie_kt100h,2015-08,TP.KTFTUK01,"Tüketici Kredisi (KMH Dahil) (İhtiyaç+Taşıt+Konut) (TL, Akım, %)",avg,18.04
bie_kt100h,2015-09,TP.KTF10,"İhtiyaç Kredisi (TL, Akım, %)",avg,16.9075
bie_kt100h,2015-09,TP.KTF101,"İhtiyaç Kredisi (KMH Dahil) (TL, Akım, %)",avg,21.0275
bie_kt100h,2015-09,TP.KTF11,"Taşıt Kredisi (TL, Akım, %)",avg,15.1975
bie_kt100h,2015-09,TP.KTF12,"Konut Kredisi (TL, Akım, %)",avg,13.5725
bie_kt100h,2015-09,TP.KTF17,"Ticari Krediler (TL, Akım, %)",avg,15.6625
bie_kt100h,2015-09,TP.KTF17.EUR,"Ticari Krediler (Euro, Akım, %)",avg,2.8075
bie_kt100h,2015-09,TP.KTF17.USD,"Ticari Krediler (ABD doları, Akım,%)",avg,3.885
bie_kt100h,2015-09,TP.KTF18,"Ticari Krediler (Tüzel Kişi KMH ve Kurumsal Kredi Kartları Hariç) (TL, Akım, %)",avg,14.435
bie_kt100h,2015-09,TP.KTFTUK,"Tüketici Kredisi (İhtiyaç+Taşıt+Konut) (TL, Akım, %)",avg,15.99
bie_kt100h,2015-09,TP.KTFTUK01,"Tüketici Kredisi (KMH Dahil) (İhtiyaç+Taşıt+Konut) (TL, Akım, %)",avg,19.745
bie_kt100h,2015-10,TP.KTF10,"İhtiyaç Kredisi (TL, Akım, %)",avg,17.698
bie_kt100h,2015-10,TP.KTF101,"İhtiyaç Kredisi (KMH Dahil) (TL, Akım, %)",avg,21.402
bie_kt100h,2015-10,TP.KTF11,"Taşıt Kredisi (TL, Akım, %)",avg,15.818
bie_kt100h,2015-10,TP.KTF12,"Konut Kredisi (TL, Akım, %)",avg,14.302
bie_kt100h,2015-10,TP.KTF17,"Ticari Krediler (TL, Akım, %)",avg,15.848
bie_kt100h,2015-10,TP.KTF17.EUR,"Ticari Krediler (Euro, Akım, %)",avg,2.976
bie_kt100h,2015-10,TP.KTF17.USD,"Ticari Krediler (ABD doları, Akım,%)",avg,4.294
bie_kt100h,2015-10,TP.KTF18,"Ticari Krediler (Tüzel Kişi KMH ve Kurumsal Kredi Kartları Hariç) (TL, Akım, %)",avg,14.666
bie_kt100h,2015-10,TP.KTFTUK,"Tüketici Kredisi (İhtiyaç+Taşıt+Konut) (TL, Akım, %)",avg,16.74
bie_kt100h,2015-10,TP.KTFTUK01,"Tüketici Kredisi (KMH Dahil) (İhtiyaç+Taşıt+Konut) (TL, Akım, %)",avg,20.118
bie_kt100h,2015-11,TP.KTF10,"İhtiyaç Kredisi (TL, Akım, %)",avg,17.51
bie_kt100h,2015-11,TP.KTF101,"İhtiyaç Kredisi (KMH Dahil) (TL, Akım, %)",avg,21.17
bie_kt100h,2015-11,TP.KTF11,"Taşıt Kredisi (TL, Akım, %)",avg,15.62
bie_kt100h,2015-11,TP.KTF12,"Konut Kredisi (TL, Akım, %)",avg,14.125
bie_kt100h,2015-11,TP.KTF17,"Ticari Krediler (TL, Akım, %)",avg,15.44
bie_kt100h,2015-11,TP.KTF17.EUR,"Ticari Krediler (Euro, Akım, %)",avg,3.4575
bie_kt100h,2015-11,TP.KTF17.USD,"Ticari Krediler (ABD doları, Akım,%)",avg,3.835
bie_kt100h,2015-11,TP.KTF18,"Ticari Krediler (Tüzel Kişi KMH ve Kurumsal Kredi Kartları Hariç) (TL, Akım, %)",avg,14.1725
bie_kt100h,2015-11,TP.KTFTUK,"Tüketici Kredisi (İhtiyaç+Taşıt+Konut) (TL, Akım, %)",avg,16.575
bie_kt100h,2015-11,TP.KTFTUK01,"Tüketici Kredisi (KMH Dahil) (İhtiyaç+Taşıt+Konut) (TL, Akım, %)",avg,19.865
bie_kt100h,2015-12,TP.KTF10,"İhtiyaç Kredisi (TL, Akım, %)",avg,17.33
bie_kt100h,2015-12,TP.KTF101,"İhtiyaç Kredisi (KMH Dahil) (TL, Akım, %)",avg,20.9775
bie_kt100h,2015-12,TP.KTF11,"Taşıt Kredisi (TL, Akım, %)",avg,15.1775
bie_kt100h,2015-12,TP.KTF12,"Konut Kredisi (TL, Akım, %)",avg,14.005
bie_kt100h,2015-12,TP.KTF17,"Ticari Krediler (TL, Akım, %)",avg,15.6925
bie_kt100h,2015-12,TP.KTF17.EUR,"Ticari Krediler (Euro, Akım, %)",avg,3.0575
bie_kt100h,2015-12,TP.KTF17.USD,"Ticari Krediler (ABD doları, Akım,%)",avg,4.2625
bie_kt100h,2015-12,TP.KTF18,"Ticari Krediler (Tüzel Kişi KMH ve Kurumsal Kredi Kartları Hariç) (TL, Akım, %)",avg,14.48
bie_kt100h,2015-12,TP.KTFTUK,"Tüketici Kredisi (İhtiyaç+Taşıt+Konut) (TL, Akım, %)",avg,16.38
bie_kt100h,2015-12,TP.KTFTUK01,"Tüketici Kredisi (KMH Dahil) (İhtiyaç+Taşıt+Konut) (TL, Akım, %)",avg,19.58
bie_kt100h,2016-01,TP.KTF10,"İhtiyaç Kredisi (TL, Akım, %)",avg,17.61
bie_kt100h,2016-01,TP.KTF101,"İhtiyaç Kredisi (KMH Dahil) (TL, Akım, %)",avg,21.276
bie_kt100h,2016-01,TP.KTF11,"Taşıt Kredisi (TL, Akım, %)",avg,15.822
bie_kt100h,2016-01,TP.KTF12,"Konut Kredisi (TL, Akım, %)",avg,14.272
bie_kt100h,2016-01,TP.KTF17,"Ticari Krediler (TL, Akım, %)",avg,15.706
bie_kt100h,2016-01,TP.KTF17.EUR,"Ticari Krediler (Euro, Akım, %)",avg,3.226
bie_kt100h,2016-01,TP.KTF17.USD,"Ticari Krediler (ABD doları, Akım,%)",avg,4.228
bie_kt100h,2016-01,TP.KTF18,"Ticari Krediler (Tüzel Kişi KMH ve Kurumsal Kredi Kartları Hariç) (TL, Akım, %)",avg,14.532
bie_kt100h,2016-01,TP.KTFTUK,"Tüketici Kredisi (İhtiyaç+Taşıt+Konut) (TL, Akım, %)",avg,16.686
bie_kt100h,2016-01,TP.KTFTUK01,"Tüketici Kredisi (KMH Dahil) (İhtiyaç+Taşıt+Konut) (TL, Akım, %)",avg,19.942
bie_kt100h,2016-02,TP.KTF10,"İhtiyaç Kredisi (TL, Akım, %)",avg,17.9425
bie_kt100h,2016-02,TP.KTF101,"İhtiyaç Kredisi (KMH Dahil) (TL, Akım, %)",avg,21.3425
bie_kt100h,2016-02,TP.KTF11,"Taşıt Kredisi (TL, Akım, %)",avg,16.315
bie_kt100h,2016-02,TP.KTF12,"Konut Kredisi (TL, Akım, %)",avg,14.445
bie_kt100h,2016-02,TP.KTF17,"Ticari Krediler (TL, Akım, %)",avg,15.985
bie_kt100h,2016-02,TP.KTF17.EUR,"Ticari Krediler (Euro, Akım, %)",avg,3.1075
bie_kt100h,2016-02,TP.KTF17.USD,"Ticari Krediler (ABD doları, Akım,%)",avg,4.265
bie_kt100h,2016-02,TP.KTF18,"Ticari Krediler (Tüzel Kişi KMH ve Kurumsal Kredi Kartları Hariç) (TL, Akım, %)",avg,14.7525
bie_kt100h,2016-02,TP.KTFTUK,"Tüketici Kredisi (İhtiyaç+Taşıt+Konut) (TL, Akım, %)",avg,17.0075
bie_kt100h,2016-02,TP.KTFTUK01,"Tüketici Kredisi (KMH Dahil) (İhtiyaç+Taşıt+Konut) (TL, Akım, %)",avg,20.035
bie_kt100h,2016-03,TP.KTF10,"İhtiyaç Kredisi (TL, Akım, %)",avg,18.0275
bie_kt100h,2016-03,TP.KTF101,"İhtiyaç Kredisi (KMH Dahil) (TL, Akım, %)",avg,21.38
bie_kt100h,2016-03,TP.KTF11,"Taşıt Kredisi (TL, Akım, %)",avg,16.3325
bie_kt100h,2016-03,TP.KTF12,"Konut Kredisi (TL, Akım, %)",avg,14.4525
bie_kt100h,2016-03,TP.KTF17,"Ticari Krediler (TL, Akım, %)",avg,16.3825
bie_kt100h,2016-03,TP.KTF17.EUR,"Ticari Krediler (Euro, Akım, %)",avg,3.2225
bie_kt100h,2016-03,TP.KTF17.USD,"Ticari Krediler (ABD doları, Akım,%)",avg,3.89
bie_kt100h,2016-03,TP.KTF18,"Ticari Krediler (Tüzel Kişi KMH ve Kurumsal Kredi Kartları Hariç) (TL, Akım, %)",avg,15.06
bie_kt100h,2016-03,TP.KTFTUK,"Tüketici Kredisi (İhtiyaç+Taşıt+Konut) (TL, Akım, %)",avg,17.0025
bie_kt100h,2016-03,TP.KTFTUK01,"Tüketici Kredisi (KMH Dahil) (İhtiyaç+Taşıt+Konut) (TL, Akım, %)",avg,19.9575
bie_kt100h,2016-04,TP.KTF10,"İhtiyaç Kredisi (TL, Akım, %)",avg,17.854
bie_kt100h,2016-04,TP.KTF101,"İhtiyaç Kredisi (KMH Dahil) (TL, Akım, %)",avg,21.296
bie_kt100h,2016-04,TP.KTF11,"Taşıt Kredisi (TL, Akım, %)",avg,15.916
bie_kt100h,2016-04,TP.KTF12,"Konut Kredisi (TL, Akım, %)",avg,14.326
bie_kt100h,2016-04,TP.KTF17,"Ticari Krediler (TL, Akım, %)",avg,15.972
bie_kt100h,2016-04,TP.KTF17.EUR,"Ticari Krediler (Euro, Akım, %)",avg,3.36
bie_kt100h,2016-04,TP.KTF17.USD,"Ticari Krediler (ABD doları, Akım,%)",avg,4.342
bie_kt100h,2016-04,TP.KTF18,"Ticari Krediler (Tüzel Kişi KMH ve Kurumsal Kredi Kartları Hariç) (TL, Akım, %)",avg,14.674
bie_kt100h,2016-04,TP.KTFTUK,"Tüketici Kredisi (İhtiyaç+Taşıt+Konut) (TL, Akım, %)",avg,16.83
bie_kt100h,2016-04,TP.KTFTUK01,"Tüketici Kredisi (KMH Dahil) (İhtiyaç+Taşıt+Konut) (TL, Akım, %)",avg,19.862
bie_kt100h,2016-05,TP.KTF10,"İhtiyaç Kredisi (TL, Akım, %)",avg,17.515
bie_kt100h,2016-05,TP.KTF101,"İhtiyaç Kredisi (KMH Dahil) (TL, Akım, %)",avg,21.1025
bie_kt100h,2016-05,TP.KTF11,"Taşıt Kredisi (TL, Akım, %)",avg,15.5425
bie_kt100h,2016-05,TP.KTF12,"Konut Kredisi (TL, Akım, %)",avg,13.9575
bie_kt100h,2016-05,TP.KTF17,"Ticari Krediler (TL, Akım, %)",avg,15.4975
bie_kt100h,2016-05,TP.KTF17.EUR,"Ticari Krediler (Euro, Akım, %)",avg,3.0825
bie_kt100h,2016-05,TP.KTF17.USD,"Ticari Krediler (ABD doları, Akım,%)",avg,4.0475
bie_kt100h,2016-05,TP.KTF18,"Ticari Krediler (Tüzel Kişi KMH ve Kurumsal Kredi Kartları Hariç) (TL, Akım, %)",avg,14.12
bie_kt100h,2016-05,TP.KTFTUK,"Tüketici Kredisi (İhtiyaç+Taşıt+Konut) (TL, Akım, %)",avg,16.4825
bie_kt100h,2016-05,TP.KTFTUK01,"Tüketici Kredisi (KMH Dahil) (İhtiyaç+Taşıt+Konut) (TL, Akım, %)",avg,19.6275
bie_kt100h,2016-06,TP.KTF10,"İhtiyaç Kredisi (TL, Akım, %)",avg,17.33
bie_kt100h,2016-06,TP.KTF101,"İhtiyaç Kredisi (KMH Dahil) (TL, Akım, %)",avg,20.8
bie_kt100h,2016-06,TP.KTF11,"Taşıt Kredisi (TL, Akım, %)",avg,15.3
bie_kt100h,2016-06,TP.KTF12,"Konut Kredisi (TL, Akım, %)",avg,13.835
bie_kt100h,2016-06,TP.KTF17,"Ticari Krediler (TL, Akım, %)",avg,15.3175
bie_kt100h,2016-06,TP.KTF17.EUR,"Ticari Krediler (Euro, Akım, %)",avg,3.0575
bie_kt100h,2016-06,TP.KTF17.USD,"Ticari Krediler (ABD doları, Akım,%)",avg,4.065
bie_kt100h,2016-06,TP.KTF18,"Ticari Krediler (Tüzel Kişi KMH ve Kurumsal Kredi Kartları Hariç) (TL, Akım, %)",avg,14.04
bie_kt100h,2016-06,TP.KTFTUK,"Tüketici Kredisi (İhtiyaç+Taşıt+Konut) (TL, Akım, %)",avg,16.315
bie_kt100h,2016-06,TP.KTFTUK01,"Tüketici Kredisi (KMH Dahil) (İhtiyaç+Taşıt+Konut) (TL, Akım, %)",avg,19.34
bie_kt100h,2016-07,TP.KTF10,"İhtiyaç Kredisi (TL, Akım, %)",avg,17.384
bie_kt100h,2016-07,TP.KTF101,"İhtiyaç Kredisi (KMH Dahil) (TL, Akım, %)",avg,21.56
bie_kt100h,2016-07,TP.KTF11,"Taşıt Kredisi (TL, Akım, %)",avg,15.308
bie_kt100h,2016-07,TP.KTF12,"Konut Kredisi (TL, Akım, %)",avg,13.668
bie_kt100h,2016-07,TP.KTF17,"Ticari Krediler (TL, Akım, %)",avg,15.196
bie_kt100h,2016-07,TP.KTF17.EUR,"Ticari Krediler (Euro, Akım, %)",avg,3.04
bie_kt100h,2016-07,TP.KTF17.USD,"Ticari Krediler (ABD doları, Akım,%)",avg,4.15
bie_kt100h,2016-07,TP.KTF18,"Ticari Krediler (Tüzel Kişi KMH ve Kurumsal Kredi Kartları Hariç) (TL, Akım, %)",avg,13.708
bie_kt100h,2016-07,TP.KTFTUK,"Tüketici Kredisi (İhtiyaç+Taşıt+Konut) (TL, Akım, %)",avg,16.512
bie_kt100h,2016-07,TP.KTFTUK01,"Tüketici Kredisi (KMH Dahil) (İhtiyaç+Taşıt+Konut) (TL, Akım, %)",avg,20.384
bie_kt100h,2016-08,TP.KTF10,"İhtiyaç Kredisi (TL, Akım, %)",avg,17.52
bie_kt100h,2016-08,TP.KTF101,"İhtiyaç Kredisi (KMH Dahil) (TL, Akım, %)",avg,21.1175
bie_kt100h,2016-08,TP.KTF11,"Taşıt Kredisi (TL, Akım, %)",avg,15.4475
bie_kt100h,2016-08,TP.KTF12,"Konut Kredisi (TL, Akım, %)",avg,12.8575
bie_kt100h,2016-08,TP.KTF17,"Ticari Krediler (TL, Akım, %)",avg,14.6725
bie_kt100h,2016-08,TP.KTF17.EUR,"Ticari Krediler (Euro, Akım, %)",avg,3.67
bie_kt100h,2016-08,TP.KTF17.USD,"Ticari Krediler (ABD doları, Akım,%)",avg,4.5425
bie_kt100h,2016-08,TP.KTF18,"Ticari Krediler (Tüzel Kişi KMH ve Kurumsal Kredi Kartları Hariç) (TL, Akım, %)",avg,13.2525
bie_kt100h,2016-08,TP.KTFTUK,"Tüketici Kredisi (İhtiyaç+Taşıt+Konut) (TL, Akım, %)",avg,16.2
bie_kt100h,2016-08,TP.KTFTUK01,"Tüketici Kredisi (KMH Dahil) (İhtiyaç+Taşıt+Konut) (TL, Akım, %)",avg,19.46
bie_kt100h,2016-09,TP.KTF10,"İhtiyaç Kredisi (TL, Akım, %)",avg,17.336
bie_kt100h,2016-09,TP.KTF101,"İhtiyaç Kredisi (KMH Dahil) (TL, Akım, %)",avg,21.446
bie_kt100h,2016-09,TP.KTF11,"Taşıt Kredisi (TL, Akım, %)",avg,15.008
bie_kt100h,2016-09,TP.KTF12,"Konut Kredisi (TL, Akım, %)",avg,12.088
bie_kt100h,2016-09,TP.KTF17,"Ticari Krediler (TL, Akım, %)",avg,14.452
bie_kt100h,2016-09,TP.KTF17.EUR,"Ticari Krediler (Euro, Akım, %)",avg,2.786
bie_kt100h,2016-09,TP.KTF17.USD,"Ticari Krediler (ABD doları, Akım,%)",avg,4.208
bie_kt100h,2016-09,TP.KTF18,"Ticari Krediler (Tüzel Kişi KMH ve Kurumsal Kredi Kartları Hariç) (TL, Akım, %)",avg,12.882
bie_kt100h,2016-09,TP.KTFTUK,"Tüketici Kredisi (İhtiyaç+Taşıt+Konut) (TL, Akım, %)",avg,15.79
bie_kt100h,2016-09,TP.KTFTUK01,"Tüketici Kredisi (KMH Dahil) (İhtiyaç+Taşıt+Konut) (TL, Akım, %)",avg,19.664
bie_kt100h,2016-10,TP.KTF10,"İhtiyaç Kredisi (TL, Akım, %)",avg,16.72
bie_kt100h,2016-10,TP.KTF101,"İhtiyaç Kredisi (KMH Dahil) (TL, Akım, %)",avg,19.5325
bie_kt100h,2016-10,TP.KTF11,"Taşıt Kredisi (TL, Akım, %)",avg,14.735
bie_kt100h,2016-10,TP.KTF12,"Konut Kredisi (TL, Akım, %)",avg,12.115
bie_kt100h,2016-10,TP.KTF17,"Ticari Krediler (TL, Akım, %)",avg,14.7825
bie_kt100h,2016-10,TP.KTF17.EUR,"Ticari Krediler (Euro, Akım, %)",avg,3.2375
bie_kt100h,2016-10,TP.KTF17.USD,"Ticari Krediler (ABD doları, Akım,%)",avg,4.4275
bie_kt100h,2016-10,TP.KTF18,"Ticari Krediler (Tüzel Kişi KMH ve Kurumsal Kredi Kartları Hariç) (TL, Akım, %)",avg,13.365
bie_kt100h,2016-10,TP.KTFTUK,"Tüketici Kredisi (İhtiyaç+Taşıt+Konut) (TL, Akım, %)",avg,15.495
bie_kt100h,2016-10,TP.KTFTUK01,"Tüketici Kredisi (KMH Dahil) (İhtiyaç+Taşıt+Konut) (TL, Akım, %)",avg,17.97
bie_kt100h,2016-11,TP.KTF10,"İhtiyaç Kredisi (TL, Akım, %)",avg,16.085
bie_kt100h,2016-11,TP.KTF101,"İhtiyaç Kredisi (KMH Dahil) (TL, Akım, %)",avg,19.1175
bie_kt100h,2016-11,TP.KTF11,"Taşıt Kredisi (TL, Akım, %)",avg,13.7125
bie_kt100h,2016-11,TP.KTF12,"Konut Kredisi (TL, Akım, %)",avg,11.6925
bie_kt100h,2016-11,TP.KTF17,"Ticari Krediler (TL, Akım, %)",avg,13.9975
bie_kt100h,2016-11,TP.KTF17.EUR,"Ticari Krediler (Euro, Akım, %)",avg,3.1325
bie_kt100h,2016-11,TP.KTF17.USD,"Ticari Krediler (ABD doları, Akım,%)",avg,4.6675
bie_kt100h,2016-11,TP.KTF18,"Ticari Krediler (Tüzel Kişi KMH ve Kurumsal Kredi Kartları Hariç) (TL, Akım, %)",avg,12.655
bie_kt100h,2016-11,TP.KTFTUK,"Tüketici Kredisi (İhtiyaç+Taşıt+Konut) (TL, Akım, %)",avg,14.8325
bie_kt100h,2016-11,TP.KTFTUK01,"Tüketici Kredisi (KMH Dahil) (İhtiyaç+Taşıt+Konut) (TL, Akım, %)",avg,17.4625
bie_kt100h,2016-12,TP.KTF10,"İhtiyaç Kredisi (TL, Akım, %)",avg,16.2
bie_kt100h,2016-12,TP.KTF101,"İhtiyaç Kredisi (KMH Dahil) (TL, Akım, %)",avg,19.37
bie_kt100h,2016-12,TP.KTF11,"Taşıt Kredisi (TL, Akım, %)",avg,13.864
bie_kt100h,2016-12,TP.KTF12,"Konut Kredisi (TL, Akım, %)",avg,11.424
bie_kt100h,2016-12,TP.KTF17,"Ticari Krediler (TL, Akım, %)",avg,14.274
bie_kt100h,2016-12,TP.KTF17.EUR,"Ticari Krediler (Euro, Akım, %)",avg,3.068
bie_kt100h,2016-12,TP.KTF17.USD,"Ticari Krediler (ABD doları, Akım,%)",avg,4.662
bie_kt100h,2016-12,TP.KTF18,"Ticari Krediler (Tüzel Kişi KMH ve Kurumsal Kredi Kartları Hariç) (TL, Akım, %)",avg,13.13
bie_kt100h,2016-12,TP.KTFTUK,"Tüketici Kredisi (İhtiyaç+Taşıt+Konut) (TL, Akım, %)",avg,14.71
bie_kt100h,2016-12,TP.KTFTUK01,"Tüketici Kredisi (KMH Dahil) (İhtiyaç+Taşıt+Konut) (TL, Akım, %)",avg,17.476
bie_kt100h,2017-01,TP.KTF10,"İhtiyaç Kredisi (TL, Akım, %)",avg,16.3575
bie_kt100h,2017-01,TP.KTF101,"İhtiyaç Kredisi (KMH Dahil) (TL, Akım, %)",avg,19.1475
bie_kt100h,2017-01,TP.KTF11,"Taşıt Kredisi (TL, Akım, %)",avg,15.21
bie_kt100h,2017-01,TP.KTF12,"Konut Kredisi (TL, Akım, %)",avg,11.4525
bie_kt100h,2017-01,TP.KTF17,"Ticari Krediler (TL, Akım, %)",avg,13.9575
bie_kt100h,2017-01,TP.KTF17.EUR,"Ticari Krediler (Euro, Akım, %)",avg,2.7125
bie_kt100h,2017-01,TP.KTF17.USD,"Ticari Krediler (ABD doları, Akım,%)",avg,4.6475
bie_kt100h,2017-01,TP.KTF18,"Ticari Krediler (Tüzel Kişi KMH ve Kurumsal Kredi Kartları Hariç) (TL, Akım, %)",avg,12.9825
bie_kt100h,2017-01,TP.KTFTUK,"Tüketici Kredisi (İhtiyaç+Taşıt+Konut) (TL, Akım, %)",avg,14.9575
bie_kt100h,2017-01,TP.KTFTUK01,"Tüketici Kredisi (KMH Dahil) (İhtiyaç+Taşıt+Konut) (TL, Akım, %)",avg,17.5475
bie_kt100h,2017-02,TP.KTF10,"İhtiyaç Kredisi (TL, Akım, %)",avg,16.72
bie_kt100h,2017-02,TP.KTF101,"İhtiyaç Kredisi (KMH Dahil) (TL, Akım, %)",avg,19.3975
bie_kt100h,2017-02,TP.KTF11,"Taşıt Kredisi (TL, Akım, %)",avg,15.6175
bie_kt100h,2017-02,TP.KTF12,"Konut Kredisi (TL, Akım, %)",avg,11.3775
bie_kt100h,2017-02,TP.KTF17,"Ticari Krediler (TL, Akım, %)",avg,14.695
bie_kt100h,2017-02,TP.KTF17.EUR,"Ticari Krediler (Euro, Akım, %)",avg,3.41
bie_kt100h,2017-02,TP.KTF17.USD,"Ticari Krediler (ABD doları, Akım,%)",avg,4.32
bie_kt100h,2017-02,TP.KTF18,"Ticari Krediler (Tüzel Kişi KMH ve Kurumsal Kredi Kartları Hariç) (TL, Akım, %)",avg,13.715
bie_kt100h,2017-02,TP.KTFTUK,"Tüketici Kredisi (İhtiyaç+Taşıt+Konut) (TL, Akım, %)",avg,15.1025
bie_kt100h,2017-02,TP.KTFTUK01,"Tüketici Kredisi (KMH Dahil) (İhtiyaç+Taşıt+Konut) (TL, Akım, %)",avg,17.63
bie_kt100h,2017-03,TP.KTF10,"İhtiyaç Kredisi (TL, Akım, %)",avg,16.62
bie_kt100h,2017-03,TP.KTF101,"İhtiyaç Kredisi (KMH Dahil) (TL, Akım, %)",avg,19.216
bie_kt100h,2017-03,TP.KTF11,"Taşıt Kredisi (TL, Akım, %)",avg,15.382
bie_kt100h,2017-03,TP.KTF12,"Konut Kredisi (TL, Akım, %)",avg,11.056
bie_kt100h,2017-03,TP.KTF17,"Ticari Krediler (TL, Akım, %)",avg,15.232
bie_kt100h,2017-03,TP.KTF17.EUR,"Ticari Krediler (Euro, Akım, %)",avg,3.02
bie_kt100h,2017-03,TP.KTF17.USD,"Ticari Krediler (ABD doları, Akım,%)",avg,4.352
bie_kt100h,2017-03,TP.KTF18,"Ticari Krediler (Tüzel Kişi KMH ve Kurumsal Kredi Kartları Hariç) (TL, Akım, %)",avg,14.278
bie_kt100h,2017-03,TP.KTFTUK,"Tüketici Kredisi (İhtiyaç+Taşıt+Konut) (TL, Akım, %)",avg,14.744
bie_kt100h,2017-03,TP.KTFTUK01,"Tüketici Kredisi (KMH Dahil) (İhtiyaç+Taşıt+Konut) (TL, Akım, %)",avg,17.16
bie_kt100h,2017-04,TP.KTF10,"İhtiyaç Kredisi (TL, Akım, %)",avg,16.8825
bie_kt100h,2017-04,TP.KTF101,"İhtiyaç Kredisi (KMH Dahil) (TL, Akım, %)",avg,19.2825
bie_kt100h,2017-04,TP.KTF11,"Taşıt Kredisi (TL, Akım, %)",avg,15.68
bie_kt100h,2017-04,TP.KTF12,"Konut Kredisi (TL, Akım, %)",avg,11.275
bie_kt100h,2017-04,TP.KTF17,"Ticari Krediler (TL, Akım, %)",avg,15.485
bie_kt100h,2017-04,TP.KTF17.EUR,"Ticari Krediler (Euro, Akım, %)",avg,3.49
bie_kt100h,2017-04,TP.KTF17.USD,"Ticari Krediler (ABD doları, Akım,%)",avg,4.3525
bie_kt100h,2017-04,TP.KTF18,"Ticari Krediler (Tüzel Kişi KMH ve Kurumsal Kredi Kartları Hariç) (TL, Akım, %)",avg,14.715
bie_kt100h,2017-04,TP.KTFTUK,"Tüketici Kredisi (İhtiyaç+Taşıt+Konut) (TL, Akım, %)",avg,15.0425
bie_kt100h,2017-04,TP.KTFTUK01,"Tüketici Kredisi (KMH Dahil) (İhtiyaç+Taşıt+Konut) (TL, Akım, %)",avg,17.305
bie_kt100h,2017-05,TP.KTF10,"İhtiyaç Kredisi (TL, Akım, %)",avg,17.235
bie_kt100h,2017-05,TP.KTF101,"İhtiyaç Kredisi (KMH Dahil) (TL, Akım, %)",avg,19.69
bie_kt100h,2017-05,TP.KTF11,"Taşıt Kredisi (TL, Akım, %)",avg,15.6125
bie_kt100h,2017-05,TP.KTF12,"Konut Kredisi (TL, Akım, %)",avg,11.545
bie_kt100h,2017-05,TP.KTF17,"Ticari Krediler (TL, Akım, %)",avg,15.345
bie_kt100h,2017-05,TP.KTF17.EUR,"Ticari Krediler (Euro, Akım, %)",avg,3.245
bie_kt100h,2017-05,TP.KTF17.USD,"Ticari Krediler (ABD doları, Akım,%)",avg,4.375
bie_kt100h,2017-05,TP.KTF18,"Ticari Krediler (Tüzel Kişi KMH ve Kurumsal Kredi Kartları Hariç) (TL, Akım, %)",avg,14.34
bie_kt100h,2017-05,TP.KTFTUK,"Tüketici Kredisi (İhtiyaç+Taşıt+Konut) (TL, Akım, %)",avg,15.6125
bie_kt100h,2017-05,TP.KTFTUK01,"Tüketici Kredisi (KMH Dahil) (İhtiyaç+Taşıt+Konut) (TL, Akım, %)",avg,18.015
bie_kt100h,2017-06,TP.KTF10,"İhtiyaç Kredisi (TL, Akım, %)",avg,17.348
bie_kt100h,2017-06,TP.KTF101,"İhtiyaç Kredisi (KMH Dahil) (TL, Akım, %)",avg,19.744
bie_kt100h,2017-06,TP.KTF11,"Taşıt Kredisi (TL, Akım, %)",avg,15.366
bie_kt100h,2017-06,TP.KTF12,"Konut Kredisi (TL, Akım, %)",avg,11.72
bie_kt100h,2017-06,TP.KTF17,"Ticari Krediler (TL, Akım, %)",avg,16.162
bie_kt100h,2017-06,TP.KTF17.EUR,"Ticari Krediler (Euro, Akım, %)",avg,3.224
bie_kt100h,2017-06,TP.KTF17.USD,"Ticari Krediler (ABD doları, Akım,%)",avg,4.426
bie_kt100h,2017-06,TP.KTF18,"Ticari Krediler (Tüzel Kişi KMH ve Kurumsal Kredi Kartları Hariç) (TL, Akım, %)",avg,15.296
bie_kt100h,2017-06,TP.KTFTUK,"Tüketici Kredisi (İhtiyaç+Taşıt+Konut) (TL, Akım, %)",avg,15.832
bie_kt100h,2017-06,TP.KTFTUK01,"Tüketici Kredisi (KMH Dahil) (İhtiyaç+Taşıt+Konut) (TL, Akım, %)",avg,18.2
bie_kt100h,2017-07,TP.KTF10,"İhtiyaç Kredisi (TL, Akım, %)",avg,17.5425
bie_kt100h,2017-07,TP.KTF101,"İhtiyaç Kredisi (KMH Dahil) (TL, Akım, %)",avg,19.785
bie_kt100h,2017-07,TP.KTF11,"Taşıt Kredisi (TL, Akım, %)",avg,15.9725
bie_kt100h,2017-07,TP.KTF12,"Konut Kredisi (TL, Akım, %)",avg,12.015
bie_kt100h,2017-07,TP.KTF17,"Ticari Krediler (TL, Akım, %)",avg,16.865
bie_kt100h,2017-07,TP.KTF17.EUR,"Ticari Krediler (Euro, Akım, %)",avg,2.895
bie_kt100h,2017-07,TP.KTF17.USD,"Ticari Krediler (ABD doları, Akım,%)",avg,4.5475
bie_kt100h,2017-07,TP.KTF18,"Ticari Krediler (Tüzel Kişi KMH ve Kurumsal Kredi Kartları Hariç) (TL, Akım, %)",avg,15.945
bie_kt100h,2017-07,TP.KTFTUK,"Tüketici Kredisi (İhtiyaç+Taşıt+Konut) (TL, Akım, %)",avg,16.07
bie_kt100h,2017-07,TP.KTFTUK01,"Tüketici Kredisi (KMH Dahil) (İhtiyaç+Taşıt+Konut) (TL, Akım, %)",avg,18.2775
bie_kt100h,2017-08,TP.KTF10,"İhtiyaç Kredisi (TL, Akım, %)",avg,17.905
bie_kt100h,2017-08,TP.KTF101,"İhtiyaç Kredisi (KMH Dahil) (TL, Akım, %)",avg,19.97
bie_kt100h,2017-08,TP.KTF11,"Taşıt Kredisi (TL, Akım, %)",avg,16.215
bie_kt100h,2017-08,TP.KTF12,"Konut Kredisi (TL, Akım, %)",avg,12.49
bie_kt100h,2017-08,TP.KTF17,"Ticari Krediler (TL, Akım, %)",avg,15.98
bie_kt100h,2017-08,TP.KTF17.EUR,"Ticari Krediler (Euro, Akım, %)",avg,3.45
bie_kt100h,2017-08,TP.KTF17.USD,"Ticari Krediler (ABD doları, Akım,%)",avg,4.5875
bie_kt100h,2017-08,TP.KTF18,"Ticari Krediler (Tüzel Kişi KMH ve Kurumsal Kredi Kartları Hariç) (TL, Akım, %)",avg,15.0025
bie_kt100h,2017-08,TP.KTFTUK,"Tüketici Kredisi (İhtiyaç+Taşıt+Konut) (TL, Akım, %)",avg,16.42
bie_kt100h,2017-08,TP.KTFTUK01,"Tüketici Kredisi (KMH Dahil) (İhtiyaç+Taşıt+Konut) (TL, Akım, %)",avg,18.4625
bie_kt100h,2017-09,TP.KTF10,"İhtiyaç Kredisi (TL, Akım, %)",avg,18.164
bie_kt100h,2017-09,TP.KTF101,"İhtiyaç Kredisi (KMH Dahil) (TL, Akım, %)",avg,20.466
bie_kt100h,2017-09,TP.KTF11,"Taşıt Kredisi (TL, Akım, %)",avg,16.364
bie_kt100h,2017-09,TP.KTF12,"Konut Kredisi (TL, Akım, %)",avg,12.868
bie_kt100h,2017-09,TP.KTF17,"Ticari Krediler (TL, Akım, %)",avg,16.426
bie_kt100h,2017-09,TP.KTF17.EUR,"Ticari Krediler (Euro, Akım, %)",avg,2.926
bie_kt100h,2017-09,TP.KTF17.USD,"Ticari Krediler (ABD doları, Akım,%)",avg,4.326
bie_kt100h,2017-09,TP.KTF18,"Ticari Krediler (Tüzel Kişi KMH ve Kurumsal Kredi Kartları Hariç) (TL, Akım, %)",avg,15.502
bie_kt100h,2017-09,TP.KTFTUK,"Tüketici Kredisi (İhtiyaç+Taşıt+Konut) (TL, Akım, %)",avg,16.862
bie_kt100h,2017-09,TP.KTFTUK01,"Tüketici Kredisi (KMH Dahil) (İhtiyaç+Taşıt+Konut) (TL, Akım, %)",avg,19.188
bie_kt100h,2017-10,TP.KTF10,"İhtiyaç Kredisi (TL, Akım, %)",avg,18.5375
bie_kt100h,2017-10,TP.KTF101,"İhtiyaç Kredisi (KMH Dahil) (TL, Akım, %)",avg,20.63
bie_kt100h,2017-10,TP.KTF11,"Taşıt Kredisi (TL, Akım, %)",avg,15.685
bie_kt100h,2017-10,TP.KTF12,"Konut Kredisi (TL, Akım, %)",avg,13.045
bie_kt100h,2017-10,TP.KTF17,"Ticari Krediler (TL, Akım, %)",avg,16.335
bie_kt100h,2017-10,TP.KTF17.EUR,"Ticari Krediler (Euro, Akım, %)",avg,2.9325
bie_kt100h,2017-10,TP.KTF17.USD,"Ticari Krediler (ABD doları, Akım,%)",avg,4.195
bie_kt100h,2017-10,TP.KTF18,"Ticari Krediler (Tüzel Kişi KMH ve Kurumsal Kredi Kartları Hariç) (TL, Akım, %)",avg,15.3725
bie_kt100h,2017-10,TP.KTFTUK,"Tüketici Kredisi (İhtiyaç+Taşıt+Konut) (TL, Akım, %)",avg,17.0225
bie_kt100h,2017-10,TP.KTFTUK01,"Tüketici Kredisi (KMH Dahil) (İhtiyaç+Taşıt+Konut) (TL, Akım, %)",avg,19.1925
bie_kt100h,2017-11,TP.KTF10,"İhtiyaç Kredisi (TL, Akım, %)",avg,18.7925
bie_kt100h,2017-11,TP.KTF101,"İhtiyaç Kredisi (KMH Dahil) (TL, Akım, %)",avg,20.7975
bie_kt100h,2017-11,TP.KTF11,"Taşıt Kredisi (TL, Akım, %)",avg,14.485
bie_kt100h,2017-11,TP.KTF12,"Konut Kredisi (TL, Akım, %)",avg,13.1175
bie_kt100h,2017-11,TP.KTF17,"Ticari Krediler (TL, Akım, %)",avg,16.2825
bie_kt100h,2017-11,TP.KTF17.EUR,"Ticari Krediler (Euro, Akım, %)",avg,3.3075
bie_kt100h,2017-11,TP.KTF17.USD,"Ticari Krediler (ABD doları, Akım,%)",avg,4.2375
bie_kt100h,2017-11,TP.KTF18,"Ticari Krediler (Tüzel Kişi KMH ve Kurumsal Kredi Kartları Hariç) (TL, Akım, %)",avg,15.405
bie_kt100h,2017-11,TP.KTFTUK,"Tüketici Kredisi (İhtiyaç+Taşıt+Konut) (TL, Akım, %)",avg,17.155
bie_kt100h,2017-11,TP.KTFTUK01,"Tüketici Kredisi (KMH Dahil) (İhtiyaç+Taşıt+Konut) (TL, Akım, %)",avg,19.27
bie_kt100h,2017-12,TP.KTF10,"İhtiyaç Kredisi (TL, Akım, %)",avg,19.356
bie_kt100h,2017-12,TP.KTF101,"İhtiyaç Kredisi (KMH Dahil) (TL, Akım, %)",avg,21.224
bie_kt100h,2017-12,TP.KTF11,"Taşıt Kredisi (TL, Akım, %)",avg,14.642
bie_kt100h,2017-12,TP.KTF12,"Konut Kredisi (TL, Akım, %)",avg,13.524
bie_kt100h,2017-12,TP.KTF17,"Ticari Krediler (TL, Akım, %)",avg,16.946
bie_kt100h,2017-12,TP.KTF17.EUR,"Ticari Krediler (Euro, Akım, %)",avg,3.268
bie_kt100h,2017-12,TP.KTF17.USD,"Ticari Krediler (ABD doları, Akım,%)",avg,4.768
bie_kt100h,2017-12,TP.KTF18,"Ticari Krediler (Tüzel Kişi KMH ve Kurumsal Kredi Kartları Hariç) (TL, Akım, %)",avg,16.178
bie_kt100h,2017-12,TP.KTFTUK,"Tüketici Kredisi (İhtiyaç+Taşıt+Konut) (TL, Akım, %)",avg,17.718
bie_kt100h,2017-12,TP.KTFTUK01,"Tüketici Kredisi (KMH Dahil) (İhtiyaç+Taşıt+Konut) (TL, Akım, %)",avg,19.766
bie_kt100h,2018-01,TP.KTF10,"İhtiyaç Kredisi (TL, Akım, %)",avg,20.015
bie_kt100h,2018-01,TP.KTF101,"İhtiyaç Kredisi (KMH Dahil) (TL, Akım, %)",avg,21.7975
bie_kt100h,2018-01,TP.KTF11,"Taşıt Kredisi (TL, Akım, %)",avg,17.475
bie_kt100h,2018-01,TP.KTF12,"Konut Kredisi (TL, Akım, %)",avg,14.14
bie_kt100h,2018-01,TP.KTF17,"Ticari Krediler (TL, Akım, %)",avg,17.0425
bie_kt100h,2018-01,TP.KTF17.EUR,"Ticari Krediler (Euro, Akım, %)",avg,3.1925
bie_kt100h,2018-01,TP.KTF17.USD,"Ticari Krediler (ABD doları, Akım,%)",avg,4.28
bie_kt100h,2018-01,TP.KTF18,"Ticari Krediler (Tüzel Kişi KMH ve Kurumsal Kredi Kartları Hariç) (TL, Akım, %)",avg,16.23
bie_kt100h,2018-01,TP.KTFTUK,"Tüketici Kredisi (İhtiyaç+Taşıt+Konut) (TL, Akım, %)",avg,18.605
bie_kt100h,2018-01,TP.KTFTUK01,"Tüketici Kredisi (KMH Dahil) (İhtiyaç+Taşıt+Konut) (TL, Akım, %)",avg,20.63
bie_kt100h,2018-02,TP.KTF10,"İhtiyaç Kredisi (TL, Akım, %)",avg,20.1775
bie_kt100h,2018-02,TP.KTF101,"İhtiyaç Kredisi (KMH Dahil) (TL, Akım, %)",avg,21.7725
bie_kt100h,2018-02,TP.KTF11,"Taşıt Kredisi (TL, Akım, %)",avg,18.005
bie_kt100h,2018-02,TP.KTF12,"Konut Kredisi (TL, Akım, %)",avg,14.6825
bie_kt100h,2018-02,TP.KTF17,"Ticari Krediler (TL, Akım, %)",avg,17.5175
bie_kt100h,2018-02,TP.KTF17.EUR,"Ticari Krediler (Euro, Akım, %)",avg,3.105
bie_kt100h,2018-02,TP.KTF17.USD,"Ticari Krediler (ABD doları, Akım,%)",avg,4.6725
bie_kt100h,2018-02,TP.KTF18,"Ticari Krediler (Tüzel Kişi KMH ve Kurumsal Kredi Kartları Hariç) (TL, Akım, %)",avg,16.765
bie_kt100h,2018-02,TP.KTFTUK,"Tüketici Kredisi (İhtiyaç+Taşıt+Konut) (TL, Akım, %)",avg,18.915
bie_kt100h,2018-02,TP.KTFTUK01,"Tüketici Kredisi (KMH Dahil) (İhtiyaç+Taşıt+Konut) (TL, Akım, %)",avg,20.715
bie_kt100h,2018-03,TP.KTF10,"İhtiyaç Kredisi (TL, Akım, %)",avg,19.844
bie_kt100h,2018-03,TP.KTF101,"İhtiyaç Kredisi (KMH Dahil) (TL, Akım, %)",avg,21.514
bie_kt100h,2018-03,TP.KTF11,"Taşıt Kredisi (TL, Akım, %)",avg,17.392
bie_kt100h,2018-03,TP.KTF12,"Konut Kredisi (TL, Akım, %)",avg,14.788
bie_kt100h,2018-03,TP.KTF17,"Ticari Krediler (TL, Akım, %)",avg,17.488
bie_kt100h,2018-03,TP.KTF17.EUR,"Ticari Krediler (Euro, Akım, %)",avg,3.57
bie_kt100h,2018-03,TP.KTF17.USD,"Ticari Krediler (ABD doları, Akım,%)",avg,5.282
bie_kt100h,2018-03,TP.KTF18,"Ticari Krediler (Tüzel Kişi KMH ve Kurumsal Kredi Kartları Hariç) (TL, Akım, %)",avg,16.704
bie_kt100h,2018-03,TP.KTFTUK,"Tüketici Kredisi (İhtiyaç+Taşıt+Konut) (TL, Akım, %)",avg,18.632
bie_kt100h,2018-03,TP.KTFTUK01,"Tüketici Kredisi (KMH Dahil) (İhtiyaç+Taşıt+Konut) (TL, Akım, %)",avg,20.444
bie_kt100h,2018-04,TP.KTF10,"İhtiyaç Kredisi (TL, Akım, %)",avg,19.9775
bie_kt100h,2018-04,TP.KTF101,"İhtiyaç Kredisi (KMH Dahil) (TL, Akım, %)",avg,21.6575
bie_kt100h,2018-04,TP.KTF11,"Taşıt Kredisi (TL, Akım, %)",avg,18.185
bie_kt100h,2018-04,TP.KTF12,"Konut Kredisi (TL, Akım, %)",avg,14.83
bie_kt100h,2018-04,TP.KTF17,"Ticari Krediler (TL, Akım, %)",avg,17.18
bie_kt100h,2018-04,TP.KTF17.EUR,"Ticari Krediler (Euro, Akım, %)",avg,3.5725
bie_kt100h,2018-04,TP.KTF17.USD,"Ticari Krediler (ABD doları, Akım,%)",avg,5.38
bie_kt100h,2018-04,TP.KTF18,"Ticari Krediler (Tüzel Kişi KMH ve Kurumsal Kredi Kartları Hariç) (TL, Akım, %)",avg,16.3675
bie_kt100h,2018-04,TP.KTFTUK,"Tüketici Kredisi (İhtiyaç+Taşıt+Konut) (TL, Akım, %)",avg,18.8025
bie_kt100h,2018-04,TP.KTFTUK01,"Tüketici Kredisi (KMH Dahil) (İhtiyaç+Taşıt+Konut) (TL, Akım, %)",avg,20.6525
bie_kt100h,2018-05,TP.KTF10,"İhtiyaç Kredisi (TL, Akım, %)",avg,20.1875
bie_kt100h,2018-05,TP.KTF101,"İhtiyaç Kredisi (KMH Dahil) (TL, Akım, %)",avg,21.85
bie_kt100h,2018-05,TP.KTF11,"Taşıt Kredisi (TL, Akım, %)",avg,18.86
bie_kt100h,2018-05,TP.KTF12,"Konut Kredisi (TL, Akım, %)",avg,13.8775
bie_kt100h,2018-05,TP.KTF17,"Ticari Krediler (TL, Akım, %)",avg,17.9175
bie_kt100h,2018-05,TP.KTF17.EUR,"Ticari Krediler (Euro, Akım, %)",avg,3.925
bie_kt100h,2018-05,TP.KTF17.USD,"Ticari Krediler (ABD doları, Akım,%)",avg,5.5775
bie_kt100h,2018-05,TP.KTF18,"Ticari Krediler (Tüzel Kişi KMH ve Kurumsal Kredi Kartları Hariç) (TL, Akım, %)",avg,17.175
bie_kt100h,2018-05,TP.KTFTUK,"Tüketici Kredisi (İhtiyaç+Taşıt+Konut) (TL, Akım, %)",avg,18.5725
bie_kt100h,2018-05,TP.KTFTUK01,"Tüketici Kredisi (KMH Dahil) (İhtiyaç+Taşıt+Konut) (TL, Akım, %)",avg,20.5325
bie_kt100h,2018-06,TP.KTF10,"İhtiyaç Kredisi (TL, Akım, %)",avg,23.108
bie_kt100h,2018-06,TP.KTF101,"İhtiyaç Kredisi (KMH Dahil) (TL, Akım, %)",avg,23.536
bie_kt100h,2018-06,TP.KTF11,"Taşıt Kredisi (TL, Akım, %)",avg,21.736
bie_kt100h,2018-06,TP.KTF12,"Konut Kredisi (TL, Akım, %)",avg,13.098
bie_kt100h,2018-06,TP.KTF17,"Ticari Krediler (TL, Akım, %)",avg,22.466
bie_kt100h,2018-06,TP.KTF17.EUR,"Ticari Krediler (Euro, Akım, %)",avg,3.784
bie_kt100h,2018-06,TP.KTF17.USD,"Ticari Krediler (ABD doları, Akım,%)",avg,5.69
bie_kt100h,2018-06,TP.KTF18,"Ticari Krediler (Tüzel Kişi KMH ve Kurumsal Kredi Kartları Hariç) (TL, Akım, %)",avg,22.272
bie_kt100h,2018-06,TP.KTFTUK,"Tüketici Kredisi (İhtiyaç+Taşıt+Konut) (TL, Akım, %)",avg,19.172
bie_kt100h,2018-06,TP.KTFTUK01,"Tüketici Kredisi (KMH Dahil) (İhtiyaç+Taşıt+Konut) (TL, Akım, %)",avg,20.974
bie_kt100h,2018-07,TP.KTF10,"İhtiyaç Kredisi (TL, Akım, %)",avg,24.96
bie_kt100h,2018-07,TP.KTF101,"İhtiyaç Kredisi (KMH Dahil) (TL, Akım, %)",avg,24.6875
bie_kt100h,2018-07,TP.KTF11,"Taşıt Kredisi (TL, Akım, %)",avg,24.085
bie_kt100h,2018-07,TP.KTF12,"Konut Kredisi (TL, Akım, %)",avg,16.86
bie_kt100h,2018-07,TP.KTF17,"Ticari Krediler (TL, Akım, %)",avg,23.4625
bie_kt100h,2018-07,TP.KTF17.EUR,"Ticari Krediler (Euro, Akım, %)",avg,3.7775
bie_kt100h,2018-07,TP.KTF17.USD,"Ticari Krediler (ABD doları, Akım,%)",avg,5.4425
bie_kt100h,2018-07,TP.KTF18,"Ticari Krediler (Tüzel Kişi KMH ve Kurumsal Kredi Kartları Hariç) (TL, Akım, %)",avg,23.1675
bie_kt100h,2018-07,TP.KTFTUK,"Tüketici Kredisi (İhtiyaç+Taşıt+Konut) (TL, Akım, %)",avg,22.7625
bie_kt100h,2018-07,TP.KTFTUK01,"Tüketici Kredisi (KMH Dahil) (İhtiyaç+Taşıt+Konut) (TL, Akım, %)",avg,23.34
bie_kt100h,2018-08,TP.KTF10,"İhtiyaç Kredisi (TL, Akım, %)",avg,28.822
bie_kt100h,2018-08,TP.KTF101,"İhtiyaç Kredisi (KMH Dahil) (TL, Akım, %)",avg,27.192
bie_kt100h,2018-08,TP.KTF11,"Taşıt Kredisi (TL, Akım, %)",avg,26.354
bie_kt100h,2018-08,TP.KTF12,"Konut Kredisi (TL, Akım, %)",avg,18.992
bie_kt100h,2018-08,TP.KTF17,"Ticari Krediler (TL, Akım, %)",avg,28.62
bie_kt100h,2018-08,TP.KTF17.EUR,"Ticari Krediler (Euro, Akım, %)",avg,4.298
bie_kt100h,2018-08,TP.KTF17.USD,"Ticari Krediler (ABD doları, Akım,%)",avg,5.592
bie_kt100h,2018-08,TP.KTF18,"Ticari Krediler (Tüzel Kişi KMH ve Kurumsal Kredi Kartları Hariç) (TL, Akım, %)",avg,29.41
bie_kt100h,2018-08,TP.KTFTUK,"Tüketici Kredisi (İhtiyaç+Taşıt+Konut) (TL, Akım, %)",avg,27.956
bie_kt100h,2018-08,TP.KTFTUK01,"Tüketici Kredisi (KMH Dahil) (İhtiyaç+Taşıt+Konut) (TL, Akım, %)",avg,26.816
bie_kt100h,2018-09,TP.KTF10,"İhtiyaç Kredisi (TL, Akım, %)",avg,36.4075
bie_kt100h,2018-09,TP.KTF101,"İhtiyaç Kredisi (KMH Dahil) (TL, Akım, %)",avg,30.4075
bie_kt100h,2018-09,TP.KTF11,"Taşıt Kredisi (TL, Akım, %)",avg,32.44
bie_kt100h,2018-09,TP.KTF12,"Konut Kredisi (TL, Akım, %)",avg,25.18
bie_kt100h,2018-09,TP.KTF17,"Ticari Krediler (TL, Akım, %)",avg,34.8775
bie_kt100h,2018-09,TP.KTF17.EUR,"Ticari Krediler (Euro, Akım, %)",avg,4.745
bie_kt100h,2018-09,TP.KTF17.USD,"Ticari Krediler (ABD doları, Akım,%)",avg,6.8275
bie_kt100h,2018-09,TP.KTF18,"Ticari Krediler (Tüzel Kişi KMH ve Kurumsal Kredi Kartları Hariç) (TL, Akım, %)",avg,36.9875
bie_kt100h,2018-09,TP.KTFTUK,"Tüketici Kredisi (İhtiyaç+Taşıt+Konut) (TL, Akım, %)",avg,34.5675
bie_kt100h,2018-09,TP.KTFTUK01,"Tüketici Kredisi (KMH Dahil) (İhtiyaç+Taşıt+Konut) (TL, Akım, %)",avg,30.06
bie_kt100h,2018-10,TP.KTF10,"İhtiyaç Kredisi (TL, Akım, %)",avg,38.72
bie_kt100h,2018-10,TP.KTF101,"İhtiyaç Kredisi (KMH Dahil) (TL, Akım, %)",avg,31.9075
bie_kt100h,2018-10,TP.KTF11,"Taşıt Kredisi (TL, Akım, %)",avg,32.7825
bie_kt100h,2018-10,TP.KTF12,"Konut Kredisi (TL, Akım, %)",avg,28.9475
bie_kt100h,2018-10,TP.KTF17,"Ticari Krediler (TL, Akım, %)",avg,33.6225
bie_kt100h,2018-10,TP.KTF17.EUR,"Ticari Krediler (Euro, Akım, %)",avg,4.9175
bie_kt100h,2018-10,TP.KTF17.USD,"Ticari Krediler (ABD doları, Akım,%)",avg,6.38
bie_kt100h,2018-10,TP.KTF18,"Ticari Krediler (Tüzel Kişi KMH ve Kurumsal Kredi Kartları Hariç) (TL, Akım, %)",avg,34.86
bie_kt100h,2018-10,TP.KTFTUK,"Tüketici Kredisi (İhtiyaç+Taşıt+Konut) (TL, Akım, %)",avg,37.6825
bie_kt100h,2018-10,TP.KTFTUK01,"Tüketici Kredisi (KMH Dahil) (İhtiyaç+Taşıt+Konut) (TL, Akım, %)",avg,31.82
bie_kt100h,2018-11,TP.KTF10,"İhtiyaç Kredisi (TL, Akım, %)",avg,36.098
bie_kt100h,2018-11,TP.KTF101,"İhtiyaç Kredisi (KMH Dahil) (TL, Akım, %)",avg,32.428
bie_kt100h,2018-11,TP.KTF11,"Taşıt Kredisi (TL, Akım, %)",avg,30.828
bie_kt100h,2018-11,TP.KTF12,"Konut Kredisi (TL, Akım, %)",avg,28.63
bie_kt100h,2018-11,TP.KTF17,"Ticari Krediler (TL, Akım, %)",avg,29.906
bie_kt100h,2018-11,TP.KTF17.EUR,"Ticari Krediler (Euro, Akım, %)",avg,4.518
bie_kt100h,2018-11,TP.KTF17.USD,"Ticari Krediler (ABD doları, Akım,%)",avg,6.4
bie_kt100h,2018-11,TP.KTF18,"Ticari Krediler (Tüzel Kişi KMH ve Kurumsal Kredi Kartları Hariç) (TL, Akım, %)",avg,30.028
bie_kt100h,2018-11,TP.KTFTUK,"Tüketici Kredisi (İhtiyaç+Taşıt+Konut) (TL, Akım, %)",avg,35.24
bie_kt100h,2018-11,TP.KTFTUK01,"Tüketici Kredisi (KMH Dahil) (İhtiyaç+Taşıt+Konut) (TL, Akım, %)",avg,32.288
bie_kt100h,2018-12,TP.KTF10,"İhtiyaç Kredisi (TL, Akım, %)",avg,33.585
bie_kt100h,2018-12,TP.KTF101,"İhtiyaç Kredisi (KMH Dahil) (TL, Akım, %)",avg,31.79
bie_kt100h,2018-12,TP.KTF11,"Taşıt Kredisi (TL, Akım, %)",avg,29.4925
bie_kt100h,2018-12,TP.KTF12,"Konut Kredisi (TL, Akım, %)",avg,27.8225
bie_kt100h,2018-12,TP.KTF17,"Ticari Krediler (TL, Akım, %)",avg,28.3
bie_kt100h,2018-12,TP.KTF17.EUR,"Ticari Krediler (Euro, Akım, %)",avg,4.1525
bie_kt100h,2018-12,TP.KTF17.USD,"Ticari Krediler (ABD doları, Akım,%)",avg,7.1225
bie_kt100h,2018-12,TP.KTF18,"Ticari Krediler (Tüzel Kişi KMH ve Kurumsal Kredi Kartları Hariç) (TL, Akım, %)",avg,28.18
bie_kt100h,2018-12,TP.KTFTUK,"Tüketici Kredisi (İhtiyaç+Taşıt+Konut) (TL, Akım, %)",avg,33.065
bie_kt100h,2018-12,TP.KTFTUK01,"Tüketici Kredisi (KMH Dahil) (İhtiyaç+Taşıt+Konut) (TL, Akım, %)",avg,31.6375
bie_kt100h,2019-01,TP.KTF10,"İhtiyaç Kredisi (TL, Akım, %)",avg,30.8125
bie_kt100h,2019-01,TP.KTF101,"İhtiyaç Kredisi (KMH Dahil) (TL, Akım, %)",avg,30.6175
bie_kt100h,2019-01,TP.KTF11,"Taşıt Kredisi (TL, Akım, %)",avg,29.5175
bie_kt100h,2019-01,TP.KTF12,"Konut Kredisi (TL, Akım, %)",avg,26.22
bie_kt100h,2019-01,TP.KTF17,"Ticari Krediler (TL, Akım, %)",avg,26.2775
bie_kt100h,2019-01,TP.KTF17.EUR,"Ticari Krediler (Euro, Akım, %)",avg,4.57
bie_kt100h,2019-01,TP.KTF17.USD,"Ticari Krediler (ABD doları, Akım,%)",avg,6.5125
bie_kt100h,2019-01,TP.KTF18,"Ticari Krediler (Tüzel Kişi KMH ve Kurumsal Kredi Kartları Hariç) (TL, Akım, %)",avg,25.7975
bie_kt100h,2019-01,TP.KTFTUK,"Tüketici Kredisi (İhtiyaç+Taşıt+Konut) (TL, Akım, %)",avg,30.4925
bie_kt100h,2019-01,TP.KTFTUK01,"Tüketici Kredisi (KMH Dahil) (İhtiyaç+Taşıt+Konut) (TL, Akım, %)",avg,30.49
bie_kt100h,2019-02,TP.KTF10,"İhtiyaç Kredisi (TL, Akım, %)",avg,26.4175
bie_kt100h,2019-02,TP.KTF101,"İhtiyaç Kredisi (KMH Dahil) (TL, Akım, %)",avg,28.415
bie_kt100h,2019-02,TP.KTF11,"Taşıt Kredisi (TL, Akım, %)",avg,26.7825
bie_kt100h,2019-02,TP.KTF12,"Konut Kredisi (TL, Akım, %)",avg,22.9825
bie_kt100h,2019-02,TP.KTF17,"Ticari Krediler (TL, Akım, %)",avg,23.23
bie_kt100h,2019-02,TP.KTF17.EUR,"Ticari Krediler (Euro, Akım, %)",avg,4.0275
bie_kt100h,2019-02,TP.KTF17.USD,"Ticari Krediler (ABD doları, Akım,%)",avg,5.955
bie_kt100h,2019-02,TP.KTF18,"Ticari Krediler (Tüzel Kişi KMH ve Kurumsal Kredi Kartları Hariç) (TL, Akım, %)",avg,22.4575
bie_kt100h,2019-02,TP.KTFTUK,"Tüketici Kredisi (İhtiyaç+Taşıt+Konut) (TL, Akım, %)",avg,26.175
bie_kt100h,2019-02,TP.KTFTUK01,"Tüketici Kredisi (KMH Dahil) (İhtiyaç+Taşıt+Konut) (TL, Akım, %)",avg,28.185
bie_kt100h,2019-03,TP.KTF10,"İhtiyaç Kredisi (TL, Akım, %)",avg,23.512
bie_kt100h,2019-03,TP.KTF101,"İhtiyaç Kredisi (KMH Dahil) (TL, Akım, %)",avg,25.876
bie_kt100h,2019-03,TP.KTF11,"Taşıt Kredisi (TL, Akım, %)",avg,23.584
bie_kt100h,2019-03,TP.KTF12,"Konut Kredisi (TL, Akım, %)",avg,18.158
bie_kt100h,2019-03,TP.KTF17,"Ticari Krediler (TL, Akım, %)",avg,22.922
bie_kt100h,2019-03,TP.KTF17.EUR,"Ticari Krediler (Euro, Akım, %)",avg,4.132
bie_kt100h,2019-03,TP.KTF17.USD,"Ticari Krediler (ABD doları, Akım,%)",avg,5.938
bie_kt100h,2019-03,TP.KTF18,"Ticari Krediler (Tüzel Kişi KMH ve Kurumsal Kredi Kartları Hariç) (TL, Akım, %)",avg,22.182
bie_kt100h,2019-03,TP.KTFTUK,"Tüketici Kredisi (İhtiyaç+Taşıt+Konut) (TL, Akım, %)",avg,22.77
bie_kt100h,2019-03,TP.KTFTUK01,"Tüketici Kredisi (KMH Dahil) (İhtiyaç+Taşıt+Konut) (TL, Akım, %)",avg,25.108
bie_kt100h,2019-04,TP.KTF10,"İhtiyaç Kredisi (TL, Akım, %)",avg,25.935
bie_kt100h,2019-04,TP.KTF101,"İhtiyaç Kredisi (KMH Dahil) (TL, Akım, %)",avg,27.525
bie_kt100h,2019-04,TP.KTF11,"Taşıt Kredisi (TL, Akım, %)",avg,25.07
bie_kt100h,2019-04,TP.KTF12,"Konut Kredisi (TL, Akım, %)",avg,17.7
bie_kt100h,2019-04,TP.KTF17,"Ticari Krediler (TL, Akım, %)",avg,24.64
bie_kt100h,2019-04,TP.KTF17.EUR,"Ticari Krediler (Euro, Akım, %)",avg,4.055
bie_kt100h,2019-04,TP.KTF17.USD,"Ticari Krediler (ABD doları, Akım,%)",avg,5.7025
bie_kt100h,2019-04,TP.KTF18,"Ticari Krediler (Tüzel Kişi KMH ve Kurumsal Kredi Kartları Hariç) (TL, Akım, %)",avg,24.0425
bie_kt100h,2019-04,TP.KTFTUK,"Tüketici Kredisi (İhtiyaç+Taşıt+Konut) (TL, Akım, %)",avg,24.3225
bie_kt100h,2019-04,TP.KTFTUK01,"Tüketici Kredisi (KMH Dahil) (İhtiyaç+Taşıt+Konut) (TL, Akım, %)",avg,26.345
bie_kt100h,2019-05,TP.KTF10,"İhtiyaç Kredisi (TL, Akım, %)",avg,29.032
bie_kt100h,2019-05,TP.KTF101,"İhtiyaç Kredisi (KMH Dahil) (TL, Akım, %)",avg,29.046
bie_kt100h,2019-05,TP.KTF11,"Taşıt Kredisi (TL, Akım, %)",avg,27.582
bie_kt100h,2019-05,TP.KTF12,"Konut Kredisi (TL, Akım, %)",avg,20.452
bie_kt100h,2019-05,TP.KTF17,"Ticari Krediler (TL, Akım, %)",avg,26.754
bie_kt100h,2019-05,TP.KTF17.EUR,"Ticari Krediler (Euro, Akım, %)",avg,4.568
bie_kt100h,2019-05,TP.KTF17.USD,"Ticari Krediler (ABD doları, Akım,%)",avg,6.04
bie_kt100h,2019-05,TP.KTF18,"Ticari Krediler (Tüzel Kişi KMH ve Kurumsal Kredi Kartları Hariç) (TL, Akım, %)",avg,26.474
bie_kt100h,2019-05,TP.KTFTUK,"Tüketici Kredisi (İhtiyaç+Taşıt+Konut) (TL, Akım, %)",avg,27.846
bie_kt100h,2019-05,TP.KTFTUK01,"Tüketici Kredisi (KMH Dahil) (İhtiyaç+Taşıt+Konut) (TL, Akım, %)",avg,28.402
bie_kt100h,2019-06,TP.KTF10,"İhtiyaç Kredisi (TL, Akım, %)",avg,29.1275
bie_kt100h,2019-06,TP.KTF101,"İhtiyaç Kredisi (KMH Dahil) (TL, Akım, %)",avg,29.0875
bie_kt100h,2019-06,TP.KTF11,"Taşıt Kredisi (TL, Akım, %)",avg,28.68
bie_kt100h,2019-06,TP.KTF12,"Konut Kredisi (TL, Akım, %)",avg,21.8075
bie_kt100h,2019-06,TP.KTF17,"Ticari Krediler (TL, Akım, %)",avg,27.515
bie_kt100h,2019-06,TP.KTF17.EUR,"Ticari Krediler (Euro, Akım, %)",avg,3.185
bie_kt100h,2019-06,TP.KTF17.USD,"Ticari Krediler (ABD doları, Akım,%)",avg,5.1525
bie_kt100h,2019-06,TP.KTF18,"Ticari Krediler (Tüzel Kişi KMH ve Kurumsal Kredi Kartları Hariç) (TL, Akım, %)",avg,27.4375
bie_kt100h,2019-06,TP.KTFTUK,"Tüketici Kredisi (İhtiyaç+Taşıt+Konut) (TL, Akım, %)",avg,28.5775
bie_kt100h,2019-06,TP.KTFTUK01,"Tüketici Kredisi (KMH Dahil) (İhtiyaç+Taşıt+Konut) (TL, Akım, %)",avg,28.815
bie_kt100h,2019-07,TP.KTF10,"İhtiyaç Kredisi (TL, Akım, %)",avg,27.405
bie_kt100h,2019-07,TP.KTF101,"İhtiyaç Kredisi (KMH Dahil) (TL, Akım, %)",avg,27.1475
bie_kt100h,2019-07,TP.KTF11,"Taşıt Kredisi (TL, Akım, %)",avg,27.3975
bie_kt100h,2019-07,TP.KTF12,"Konut Kredisi (TL, Akım, %)",avg,21.06
bie_kt100h,2019-07,TP.KTF17,"Ticari Krediler (TL, Akım, %)",avg,23.89
bie_kt100h,2019-07,TP.KTF17.EUR,"Ticari Krediler (Euro, Akım, %)",avg,3.5325
bie_kt100h,2019-07,TP.KTF17.USD,"Ticari Krediler (ABD doları, Akım,%)",avg,6.105
bie_kt100h,2019-07,TP.KTF18,"Ticari Krediler (Tüzel Kişi KMH ve Kurumsal Kredi Kartları Hariç) (TL, Akım, %)",avg,23.57
bie_kt100h,2019-07,TP.KTFTUK,"Tüketici Kredisi (İhtiyaç+Taşıt+Konut) (TL, Akım, %)",avg,26.92
bie_kt100h,2019-07,TP.KTFTUK01,"Tüketici Kredisi (KMH Dahil) (İhtiyaç+Taşıt+Konut) (TL, Akım, %)",avg,26.905
bie_kt100h,2019-08,TP.KTF10,"İhtiyaç Kredisi (TL, Akım, %)",avg,23.088
bie_kt100h,2019-08,TP.KTF101,"İhtiyaç Kredisi (KMH Dahil) (TL, Akım, %)",avg,24.538
bie_kt100h,2019-08,TP.KTF11,"Taşıt Kredisi (TL, Akım, %)",avg,22.886
bie_kt100h,2019-08,TP.KTF12,"Konut Kredisi (TL, Akım, %)",avg,14.152
bie_kt100h,2019-08,TP.KTF17,"Ticari Krediler (TL, Akım, %)",avg,19.74
bie_kt100h,2019-08,TP.KTF17.EUR,"Ticari Krediler (Euro, Akım, %)",avg,3.446
bie_kt100h,2019-08,TP.KTF17.USD,"Ticari Krediler (ABD doları, Akım,%)",avg,5.256
bie_kt100h,2019-08,TP.KTF18,"Ticari Krediler (Tüzel Kişi KMH ve Kurumsal Kredi Kartları Hariç) (TL, Akım, %)",avg,18.72
bie_kt100h,2019-08,TP.KTFTUK,"Tüketici Kredisi (İhtiyaç+Taşıt+Konut) (TL, Akım, %)",avg,21.166
bie_kt100h,2019-08,TP.KTFTUK01,"Tüketici Kredisi (KMH Dahil) (İhtiyaç+Taşıt+Konut) (TL, Akım, %)",avg,23.024
bie_kt100h,2019-09,TP.KTF10,"İhtiyaç Kredisi (TL, Akım, %)",avg,20.1725
bie_kt100h,2019-09,TP.KTF101,"İhtiyaç Kredisi (KMH Dahil) (TL, Akım, %)",avg,22.1275
bie_kt100h,2019-09,TP.KTF11,"Taşıt Kredisi (TL, Akım, %)",avg,20.185
bie_kt100h,2019-09,TP.KTF12,"Konut Kredisi (TL, Akım, %)",avg,12.9825
bie_kt100h,2019-09,TP.KTF17,"Ticari Krediler (TL, Akım, %)",avg,18.085
bie_kt100h,2019-09,TP.KTF17.EUR,"Ticari Krediler (Euro, Akım, %)",avg,3.08
bie_kt100h,2019-09,TP.KTF17.USD,"Ticari Krediler (ABD doları, Akım,%)",avg,5.7925
bie_kt100h,2019-09,TP.KTF18,"Ticari Krediler (Tüzel Kişi KMH ve Kurumsal Kredi Kartları Hariç) (TL, Akım, %)",avg,17.2275
bie_kt100h,2019-09,TP.KTFTUK,"Tüketici Kredisi (İhtiyaç+Taşıt+Konut) (TL, Akım, %)",avg,18.2525
bie_kt100h,2019-09,TP.KTFTUK01,"Tüketici Kredisi (KMH Dahil) (İhtiyaç+Taşıt+Konut) (TL, Akım, %)",avg,20.335
bie_kt100h,2019-10,TP.KTF10,"İhtiyaç Kredisi (TL, Akım, %)",avg,18.3425
bie_kt100h,2019-10,TP.KTF101,"İhtiyaç Kredisi (KMH Dahil) (TL, Akım, %)",avg,19.1375
bie_kt100h,2019-10,TP.KTF11,"Taşıt Kredisi (TL, Akım, %)",avg,16.03
bie_kt100h,2019-10,TP.KTF12,"Konut Kredisi (TL, Akım, %)",avg,13.1175
bie_kt100h,2019-10,TP.KTF17,"Ticari Krediler (TL, Akım, %)",avg,15.8575
bie_kt100h,2019-10,TP.KTF17.EUR,"Ticari Krediler (Euro, Akım, %)",avg,2.72
bie_kt100h,2019-10,TP.KTF17.USD,"Ticari Krediler (ABD doları, Akım,%)",avg,4.805
bie_kt100h,2019-10,TP.KTF18,"Ticari Krediler (Tüzel Kişi KMH ve Kurumsal Kredi Kartları Hariç) (TL, Akım, %)",avg,15.2675
bie_kt100h,2019-10,TP.KTFTUK,"Tüketici Kredisi (İhtiyaç+Taşıt+Konut) (TL, Akım, %)",avg,17.1775
bie_kt100h,2019-10,TP.KTFTUK01,"Tüketici Kredisi (KMH Dahil) (İhtiyaç+Taşıt+Konut) (TL, Akım, %)",avg,18.1
bie_kt100h,2019-11,TP.KTF10,"İhtiyaç Kredisi (TL, Akım, %)",avg,16.986
bie_kt100h,2019-11,TP.KTF101,"İhtiyaç Kredisi (KMH Dahil) (TL, Akım, %)",avg,18.122
bie_kt100h,2019-11,TP.KTF11,"Taşıt Kredisi (TL, Akım, %)",avg,14.95
bie_kt100h,2019-11,TP.KTF12,"Konut Kredisi (TL, Akım, %)",avg,12.964
bie_kt100h,2019-11,TP.KTF17,"Ticari Krediler (TL, Akım, %)",avg,13.986
bie_kt100h,2019-11,TP.KTF17.EUR,"Ticari Krediler (Euro, Akım, %)",avg,3.016
bie_kt100h,2019-11,TP.KTF17.USD,"Ticari Krediler (ABD doları, Akım,%)",avg,4.74
bie_kt100h,2019-11,TP.KTF18,"Ticari Krediler (Tüzel Kişi KMH ve Kurumsal Kredi Kartları Hariç) (TL, Akım, %)",avg,13.228
bie_kt100h,2019-11,TP.KTFTUK,"Tüketici Kredisi (İhtiyaç+Taşıt+Konut) (TL, Akım, %)",avg,16.226
bie_kt100h,2019-11,TP.KTFTUK01,"Tüketici Kredisi (KMH Dahil) (İhtiyaç+Taşıt+Konut) (TL, Akım, %)",avg,17.38
bie_kt100h,2019-12,TP.KTF10,"İhtiyaç Kredisi (TL, Akım, %)",avg,15.9825
bie_kt100h,2019-12,TP.KTF101,"İhtiyaç Kredisi (KMH Dahil) (TL, Akım, %)",avg,17.355
bie_kt100h,2019-12,TP.KTF11,"Taşıt Kredisi (TL, Akım, %)",avg,13.745
bie_kt100h,2019-12,TP.KTF12,"Konut Kredisi (TL, Akım, %)",avg,12.685
bie_kt100h,2019-12,TP.KTF17,"Ticari Krediler (TL, Akım, %)",avg,13.5475
bie_kt100h,2019-12,TP.KTF17.EUR,"Ticari Krediler (Euro, Akım, %)",avg,3.0575
bie_kt100h,2019-12,TP.KTF17.USD,"Ticari Krediler (ABD doları, Akım,%)",avg,5.385
bie_kt100h,2019-12,TP.KTF18,"Ticari Krediler (Tüzel Kişi KMH ve Kurumsal Kredi Kartları Hariç) (TL, Akım, %)",avg,12.7025
bie_kt100h,2019-12,TP.KTFTUK,"Tüketici Kredisi (İhtiyaç+Taşıt+Konut) (TL, Akım, %)",avg,15.345
bie_kt100h,2019-12,TP.KTFTUK01,"Tüketici Kredisi (KMH Dahil) (İhtiyaç+Taşıt+Konut) (TL, Akım, %)",avg,16.6575
bie_kt100h,2020-01,TP.KTF10,"İhtiyaç Kredisi (TL, Akım, %)",avg,15.19
bie_kt100h,2020-01,TP.KTF101,"İhtiyaç Kredisi (KMH Dahil) (TL, Akım, %)",avg,16.008
bie_kt100h,2020-01,TP.KTF11,"Taşıt Kredisi (TL, Akım, %)",avg,14.056
bie_kt100h,2020-01,TP.KTF12,"Konut Kredisi (TL, Akım, %)",avg,11.882
bie_kt100h,2020-01,TP.KTF17,"Ticari Krediler (TL, Akım, %)",avg,11.858
bie_kt100h,2020-01,TP.KTF17.EUR,"Ticari Krediler (Euro, Akım, %)",avg,2.816
bie_kt100h,2020-01,TP.KTF17.USD,"Ticari Krediler (ABD doları, Akım,%)",avg,5.31
bie_kt100h,2020-01,TP.KTF18,"Ticari Krediler (Tüzel Kişi KMH ve Kurumsal Kredi Kartları Hariç) (TL, Akım, %)",avg,11.22
bie_kt100h,2020-01,TP.KTFTUK,"Tüketici Kredisi (İhtiyaç+Taşıt+Konut) (TL, Akım, %)",avg,14.606
bie_kt100h,2020-01,TP.KTFTUK01,"Tüketici Kredisi (KMH Dahil) (İhtiyaç+Taşıt+Konut) (TL, Akım, %)",avg,15.448
bie_kt100h,2020-02,TP.KTF10,"İhtiyaç Kredisi (TL, Akım, %)",avg,14.3575
bie_kt100h,2020-02,TP.KTF101,"İhtiyaç Kredisi (KMH Dahil) (TL, Akım, %)",avg,15.2875
bie_kt100h,2020-02,TP.KTF11,"Taşıt Kredisi (TL, Akım, %)",avg,13.12
bie_kt100h,2020-02,TP.KTF12,"Konut Kredisi (TL, Akım, %)",avg,11.425
bie_kt100h,2020-02,TP.KTF17,"Ticari Krediler (TL, Akım, %)",avg,11.235
bie_kt100h,2020-02,TP.KTF17.EUR,"Ticari Krediler (Euro, Akım, %)",avg,2.28
bie_kt100h,2020-02,TP.KTF17.USD,"Ticari Krediler (ABD doları, Akım,%)",avg,4.1075
bie_kt100h,2020-02,TP.KTF18,"Ticari Krediler (Tüzel Kişi KMH ve Kurumsal Kredi Kartları Hariç) (TL, Akım, %)",avg,10.65
bie_kt100h,2020-02,TP.KTFTUK,"Tüketici Kredisi (İhtiyaç+Taşıt+Konut) (TL, Akım, %)",avg,13.835
bie_kt100h,2020-02,TP.KTFTUK01,"Tüketici Kredisi (KMH Dahil) (İhtiyaç+Taşıt+Konut) (TL, Akım, %)",avg,14.7475
bie_kt100h,2020-03,TP.KTF10,"İhtiyaç Kredisi (TL, Akım, %)",avg,14.7275
bie_kt100h,2020-03,TP.KTF101,"İhtiyaç Kredisi (KMH Dahil) (TL, Akım, %)",avg,15.725
bie_kt100h,2020-03,TP.KTF11,"Taşıt Kredisi (TL, Akım, %)",avg,13.35
bie_kt100h,2020-03,TP.KTF12,"Konut Kredisi (TL, Akım, %)",avg,11.4025
bie_kt100h,2020-03,TP.KTF17,"Ticari Krediler (TL, Akım, %)",avg,11.89
bie_kt100h,2020-03,TP.KTF17.EUR,"Ticari Krediler (Euro, Akım, %)",avg,2.2075
bie_kt100h,2020-03,TP.KTF17.USD,"Ticari Krediler (ABD doları, Akım,%)",avg,3.955
bie_kt100h,2020-03,TP.KTF18,"Ticari Krediler (Tüzel Kişi KMH ve Kurumsal Kredi Kartları Hariç) (TL, Akım, %)",avg,11.2675
bie_kt100h,2020-03,TP.KTFTUK,"Tüketici Kredisi (İhtiyaç+Taşıt+Konut) (TL, Akım, %)",avg,14.04
bie_kt100h,2020-03,TP.KTFTUK01,"Tüketici Kredisi (KMH Dahil) (İhtiyaç+Taşıt+Konut) (TL, Akım, %)",avg,15.065
bie_kt100h,2020-04,TP.KTF10,"İhtiyaç Kredisi (TL, Akım, %)",avg,12.3925
bie_kt100h,2020-04,TP.KTF101,"İhtiyaç Kredisi (KMH Dahil) (TL, Akım, %)",avg,13.1425
bie_kt100h,2020-04,TP.KTF11,"Taşıt Kredisi (TL, Akım, %)",avg,13.91
bie_kt100h,2020-04,TP.KTF12,"Konut Kredisi (TL, Akım, %)",avg,11.7225
bie_kt100h,2020-04,TP.KTF17,"Ticari Krediler (TL, Akım, %)",avg,10.865
bie_kt100h,2020-04,TP.KTF17.EUR,"Ticari Krediler (Euro, Akım, %)",avg,2.0375
bie_kt100h,2020-04,TP.KTF17.USD,"Ticari Krediler (ABD doları, Akım,%)",avg,3.2375
bie_kt100h,2020-04,TP.KTF18,"Ticari Krediler (Tüzel Kişi KMH ve Kurumsal Kredi Kartları Hariç) (TL, Akım, %)",avg,10.3975
bie_kt100h,2020-04,TP.KTFTUK,"Tüketici Kredisi (İhtiyaç+Taşıt+Konut) (TL, Akım, %)",avg,12.065
bie_kt100h,2020-04,TP.KTFTUK01,"Tüketici Kredisi (KMH Dahil) (İhtiyaç+Taşıt+Konut) (TL, Akım, %)",avg,12.8875
bie_kt100h,2020-05,TP.KTF10,"İhtiyaç Kredisi (TL, Akım, %)",avg,10.608
bie_kt100h,2020-05,TP.KTF101,"İhtiyaç Kredisi (KMH Dahil) (TL, Akım, %)",avg,11.946
bie_kt100h,2020-05,TP.KTF11,"Taşıt Kredisi (TL, Akım, %)",avg,13.12
bie_kt100h,2020-05,TP.KTF12,"Konut Kredisi (TL, Akım, %)",avg,11.234
bie_kt100h,2020-05,TP.KTF17,"Ticari Krediler (TL, Akım, %)",avg,9.742
bie_kt100h,2020-05,TP.KTF17.EUR,"Ticari Krediler (Euro, Akım, %)",avg,2.532
bie_kt100h,2020-05,TP.KTF17.USD,"Ticari Krediler (ABD doları, Akım,%)",avg,3.458
bie_kt100h,2020-05,TP.KTF18,"Ticari Krediler (Tüzel Kişi KMH ve Kurumsal Kredi Kartları Hariç) (TL, Akım, %)",avg,9.172
bie_kt100h,2020-05,TP.KTFTUK,"Tüketici Kredisi (İhtiyaç+Taşıt+Konut) (TL, Akım, %)",avg,10.682
bie_kt100h,2020-05,TP.KTFTUK01,"Tüketici Kredisi (KMH Dahil) (İhtiyaç+Taşıt+Konut) (TL, Akım, %)",avg,11.88
bie_kt100h,2020-06,TP.KTF10,"İhtiyaç Kredisi (TL, Akım, %)",avg,12.665
bie_kt100h,2020-06,TP.KTF101,"İhtiyaç Kredisi (KMH Dahil) (TL, Akım, %)",avg,13.4225
bie_kt100h,2020-06,TP.KTF11,"Taşıt Kredisi (TL, Akım, %)",avg,11.635
bie_kt100h,2020-06,TP.KTF12,"Konut Kredisi (TL, Akım, %)",avg,9.3025
bie_kt100h,2020-06,TP.KTF17,"Ticari Krediler (TL, Akım, %)",avg,9.8925
bie_kt100h,2020-06,TP.KTF17.EUR,"Ticari Krediler (Euro, Akım, %)",avg,2.045
bie_kt100h,2020-06,TP.KTF17.USD,"Ticari Krediler (ABD doları, Akım,%)",avg,2.7025
bie_kt100h,2020-06,TP.KTF18,"Ticari Krediler (Tüzel Kişi KMH ve Kurumsal Kredi Kartları Hariç) (TL, Akım, %)",avg,9.205
bie_kt100h,2020-06,TP.KTFTUK,"Tüketici Kredisi (İhtiyaç+Taşıt+Konut) (TL, Akım, %)",avg,11.3975
bie_kt100h,2020-06,TP.KTFTUK01,"Tüketici Kredisi (KMH Dahil) (İhtiyaç+Taşıt+Konut) (TL, Akım, %)",avg,12.1125
bie_kt100h,2020-07,TP.KTF10,"İhtiyaç Kredisi (TL, Akım, %)",avg,12.368
bie_kt100h,2020-07,TP.KTF101,"İhtiyaç Kredisi (KMH Dahil) (TL, Akım, %)",avg,13.278
bie_kt100h,2020-07,TP.KTF11,"Taşıt Kredisi (TL, Akım, %)",avg,11.614
bie_kt100h,2020-07,TP.KTF12,"Konut Kredisi (TL, Akım, %)",avg,9.114
bie_kt100h,2020-07,TP.KTF17,"Ticari Krediler (TL, Akım, %)",avg,10.19
bie_kt100h,2020-07,TP.KTF17.EUR,"Ticari Krediler (Euro, Akım, %)",avg,2.39
bie_kt100h,2020-07,TP.KTF17.USD,"Ticari Krediler (ABD doları, Akım,%)",avg,3.56
bie_kt100h,2020-07,TP.KTF18,"Ticari Krediler (Tüzel Kişi KMH ve Kurumsal Kredi Kartları Hariç) (TL, Akım, %)",avg,9.46
bie_kt100h,2020-07,TP.KTFTUK,"Tüketici Kredisi (İhtiyaç+Taşıt+Konut) (TL, Akım, %)",avg,11.006
bie_kt100h,2020-07,TP.KTFTUK01,"Tüketici Kredisi (KMH Dahil) (İhtiyaç+Taşıt+Konut) (TL, Akım, %)",avg,11.81
bie_kt100h,2020-08,TP.KTF10,"İhtiyaç Kredisi (TL, Akım, %)",avg,16.535
bie_kt100h,2020-08,TP.KTF101,"İhtiyaç Kredisi (KMH Dahil) (TL, Akım, %)",avg,16.2425
bie_kt100h,2020-08,TP.KTF11,"Taşıt Kredisi (TL, Akım, %)",avg,14.385
bie_kt100h,2020-08,TP.KTF12,"Konut Kredisi (TL, Akım, %)",avg,11.085
bie_kt100h,2020-08,TP.KTF17,"Ticari Krediler (TL, Akım, %)",avg,12.795
bie_kt100h,2020-08,TP.KTF17.EUR,"Ticari Krediler (Euro, Akım, %)",avg,3.415
bie_kt100h,2020-08,TP.KTF17.USD,"Ticari Krediler (ABD doları, Akım,%)",avg,4.565
bie_kt100h,2020-08,TP.KTF18,"Ticari Krediler (Tüzel Kişi KMH ve Kurumsal Kredi Kartları Hariç) (TL, Akım, %)",avg,12.2975
bie_kt100h,2020-08,TP.KTFTUK,"Tüketici Kredisi (İhtiyaç+Taşıt+Konut) (TL, Akım, %)",avg,14.3925
bie_kt100h,2020-08,TP.KTFTUK01,"Tüketici Kredisi (KMH Dahil) (İhtiyaç+Taşıt+Konut) (TL, Akım, %)",avg,14.695
bie_kt100h,2020-09,TP.KTF10,"İhtiyaç Kredisi (TL, Akım, %)",avg,18.49
bie_kt100h,2020-09,TP.KTF101,"İhtiyaç Kredisi (KMH Dahil) (TL, Akım, %)",avg,17.4175
bie_kt100h,2020-09,TP.KTF11,"Taşıt Kredisi (TL, Akım, %)",avg,16.8175
bie_kt100h,2020-09,TP.KTF12,"Konut Kredisi (TL, Akım, %)",avg,14.155
bie_kt100h,2020-09,TP.KTF17,"Ticari Krediler (TL, Akım, %)",avg,14.2625
bie_kt100h,2020-09,TP.KTF17.EUR,"Ticari Krediler (Euro, Akım, %)",avg,2.865
bie_kt100h,2020-09,TP.KTF17.USD,"Ticari Krediler (ABD doları, Akım,%)",avg,3.865
bie_kt100h,2020-09,TP.KTF18,"Ticari Krediler (Tüzel Kişi KMH ve Kurumsal Kredi Kartları Hariç) (TL, Akım, %)",avg,13.9725
bie_kt100h,2020-09,TP.KTFTUK,"Tüketici Kredisi (İhtiyaç+Taşıt+Konut) (TL, Akım, %)",avg,17.2725
bie_kt100h,2020-09,TP.KTFTUK01,"Tüketici Kredisi (KMH Dahil) (İhtiyaç+Taşıt+Konut) (TL, Akım, %)",avg,16.835
bie_kt100h,2020-10,TP.KTF10,"İhtiyaç Kredisi (TL, Akım, %)",avg,19.502
bie_kt100h,2020-10,TP.KTF101,"İhtiyaç Kredisi (KMH Dahil) (TL, Akım, %)",avg,17.908
bie_kt100h,2020-10,TP.KTF11,"Taşıt Kredisi (TL, Akım, %)",avg,17.452
bie_kt100h,2020-10,TP.KTF12,"Konut Kredisi (TL, Akım, %)",avg,15.066
bie_kt100h,2020-10,TP.KTF17,"Ticari Krediler (TL, Akım, %)",avg,15.232
bie_kt100h,2020-10,TP.KTF17.EUR,"Ticari Krediler (Euro, Akım, %)",avg,3.134
bie_kt100h,2020-10,TP.KTF17.USD,"Ticari Krediler (ABD doları, Akım,%)",avg,3.864
bie_kt100h,2020-10,TP.KTF18,"Ticari Krediler (Tüzel Kişi KMH ve Kurumsal Kredi Kartları Hariç) (TL, Akım, %)",avg,15.126
bie_kt100h,2020-10,TP.KTFTUK,"Tüketici Kredisi (İhtiyaç+Taşıt+Konut) (TL, Akım, %)",avg,18.454
bie_kt100h,2020-10,TP.KTFTUK01,"Tüketici Kredisi (KMH Dahil) (İhtiyaç+Taşıt+Konut) (TL, Akım, %)",avg,17.516
bie_kt100h,2020-11,TP.KTF10,"İhtiyaç Kredisi (TL, Akım, %)",avg,21.0825
bie_kt100h,2020-11,TP.KTF101,"İhtiyaç Kredisi (KMH Dahil) (TL, Akım, %)",avg,18.91
bie_kt100h,2020-11,TP.KTF11,"Taşıt Kredisi (TL, Akım, %)",avg,18.8125
bie_kt100h,2020-11,TP.KTF12,"Konut Kredisi (TL, Akım, %)",avg,15.675
bie_kt100h,2020-11,TP.KTF17,"Ticari Krediler (TL, Akım, %)",avg,17.175
bie_kt100h,2020-11,TP.KTF17.EUR,"Ticari Krediler (Euro, Akım, %)",avg,2.7925
bie_kt100h,2020-11,TP.KTF17.USD,"Ticari Krediler (ABD doları, Akım,%)",avg,4.0175
bie_kt100h,2020-11,TP.KTF18,"Ticari Krediler (Tüzel Kişi KMH ve Kurumsal Kredi Kartları Hariç) (TL, Akım, %)",avg,17.015
bie_kt100h,2020-11,TP.KTFTUK,"Tüketici Kredisi (İhtiyaç+Taşıt+Konut) (TL, Akım, %)",avg,19.865
bie_kt100h,2020-11,TP.KTFTUK01,"Tüketici Kredisi (KMH Dahil) (İhtiyaç+Taşıt+Konut) (TL, Akım, %)",avg,18.48
bie_kt100h,2020-12,TP.KTF10,"İhtiyaç Kredisi (TL, Akım, %)",avg,22.76
bie_kt100h,2020-12,TP.KTF101,"İhtiyaç Kredisi (KMH Dahil) (TL, Akım, %)",avg,20.95
bie_kt100h,2020-12,TP.KTF11,"Taşıt Kredisi (TL, Akım, %)",avg,17.1475
bie_kt100h,2020-12,TP.KTF12,"Konut Kredisi (TL, Akım, %)",avg,18.1925
bie_kt100h,2020-12,TP.KTF17,"Ticari Krediler (TL, Akım, %)",avg,18.955
bie_kt100h,2020-12,TP.KTF17.EUR,"Ticari Krediler (Euro, Akım, %)",avg,3.1975
bie_kt100h,2020-12,TP.KTF17.USD,"Ticari Krediler (ABD doları, Akım,%)",avg,4.53
bie_kt100h,2020-12,TP.KTF18,"Ticari Krediler (Tüzel Kişi KMH ve Kurumsal Kredi Kartları Hariç) (TL, Akım, %)",avg,18.765
bie_kt100h,2020-12,TP.KTFTUK,"Tüketici Kredisi (İhtiyaç+Taşıt+Konut) (TL, Akım, %)",avg,21.915
bie_kt100h,2020-12,TP.KTFTUK01,"Tüketici Kredisi (KMH Dahil) (İhtiyaç+Taşıt+Konut) (TL, Akım, %)",avg,20.66
bie_kt100h,2021-01,TP.KTF10,"İhtiyaç Kredisi (TL, Akım, %)",avg,22.818
bie_kt100h,2021-01,TP.KTF101,"İhtiyaç Kredisi (KMH Dahil) (TL, Akım, %)",avg,22.256
bie_kt100h,2021-01,TP.KTF11,"Taşıt Kredisi (TL, Akım, %)",avg,19.04
bie_kt100h,2021-01,TP.KTF12,"Konut Kredisi (TL, Akım, %)",avg,18.388
bie_kt100h,2021-01,TP.KTF17,"Ticari Krediler (TL, Akım, %)",avg,20.148
bie_kt100h,2021-01,TP.KTF17.EUR,"Ticari Krediler (Euro, Akım, %)",avg,3.428
bie_kt100h,2021-01,TP.KTF17.USD,"Ticari Krediler (ABD doları, Akım,%)",avg,3.882
bie_kt100h,2021-01,TP.KTF18,"Ticari Krediler (Tüzel Kişi KMH ve Kurumsal Kredi Kartları Hariç) (TL, Akım, %)",avg,19.758
bie_kt100h,2021-01,TP.KTFTUK,"Tüketici Kredisi (İhtiyaç+Taşıt+Konut) (TL, Akım, %)",avg,22.116
bie_kt100h,2021-01,TP.KTFTUK01,"Tüketici Kredisi (KMH Dahil) (İhtiyaç+Taşıt+Konut) (TL, Akım, %)",avg,21.908
bie_kt100h,2021-02,TP.KTF10,"İhtiyaç Kredisi (TL, Akım, %)",avg,22.42
bie_kt100h,2021-02,TP.KTF101,"İhtiyaç Kredisi (KMH Dahil) (TL, Akım, %)",avg,23.1475
bie_kt100h,2021-02,TP.KTF11,"Taşıt Kredisi (TL, Akım, %)",avg,19.2275
bie_kt100h,2021-02,TP.KTF12,"Konut Kredisi (TL, Akım, %)",avg,17.985
bie_kt100h,2021-02,TP.KTF17,"Ticari Krediler (TL, Akım, %)",avg,19.8025
bie_kt100h,2021-02,TP.KTF17.EUR,"Ticari Krediler (Euro, Akım, %)",avg,2.84
bie_kt100h,2021-02,TP.KTF17.USD,"Ticari Krediler (ABD doları, Akım,%)",avg,3.3275
bie_kt100h,2021-02,TP.KTF18,"Ticari Krediler (Tüzel Kişi KMH ve Kurumsal Kredi Kartları Hariç) (TL, Akım, %)",avg,19.1525
bie_kt100h,2021-02,TP.KTFTUK,"Tüketici Kredisi (İhtiyaç+Taşıt+Konut) (TL, Akım, %)",avg,21.725
bie_kt100h,2021-02,TP.KTFTUK01,"Tüketici Kredisi (KMH Dahil) (İhtiyaç+Taşıt+Konut) (TL, Akım, %)",avg,22.6625
bie_kt100h,2021-03,TP.KTF10,"İhtiyaç Kredisi (TL, Akım, %)",avg,22.6425
bie_kt100h,2021-03,TP.KTF101,"İhtiyaç Kredisi (KMH Dahil) (TL, Akım, %)",avg,23.6875
bie_kt100h,2021-03,TP.KTF11,"Taşıt Kredisi (TL, Akım, %)",avg,19.3575
bie_kt100h,2021-03,TP.KTF12,"Konut Kredisi (TL, Akım, %)",avg,17.735
bie_kt100h,2021-03,TP.KTF17,"Ticari Krediler (TL, Akım, %)",avg,20.3775
bie_kt100h,2021-03,TP.KTF17.EUR,"Ticari Krediler (Euro, Akım, %)",avg,2.85
bie_kt100h,2021-03,TP.KTF17.USD,"Ticari Krediler (ABD doları, Akım,%)",avg,3.385
bie_kt100h,2021-03,TP.KTF18,"Ticari Krediler (Tüzel Kişi KMH ve Kurumsal Kredi Kartları Hariç) (TL, Akım, %)",avg,19.7825
bie_kt100h,2021-03,TP.KTFTUK,"Tüketici Kredisi (İhtiyaç+Taşıt+Konut) (TL, Akım, %)",avg,21.725
bie_kt100h,2021-03,TP.KTFTUK01,"Tüketici Kredisi (KMH Dahil) (İhtiyaç+Taşıt+Konut) (TL, Akım, %)",avg,22.9875
bie_kt100h,2021-04,TP.KTF10,"İhtiyaç Kredisi (TL, Akım, %)",avg,23.98
bie_kt100h,2021-04,TP.KTF101,"İhtiyaç Kredisi (KMH Dahil) (TL, Akım, %)",avg,24.504
bie_kt100h,2021-04,TP.KTF11,"Taşıt Kredisi (TL, Akım, %)",avg,21.724
bie_kt100h,2021-04,TP.KTF12,"Konut Kredisi (TL, Akım, %)",avg,18.134
bie_kt100h,2021-04,TP.KTF17,"Ticari Krediler (TL, Akım, %)",avg,21.144
bie_kt100h,2021-04,TP.KTF17.EUR,"Ticari Krediler (Euro, Akım, %)",avg,3.284
bie_kt100h,2021-04,TP.KTF17.USD,"Ticari Krediler (ABD doları, Akım,%)",avg,3.336
bie_kt100h,2021-04,TP.KTF18,"Ticari Krediler (Tüzel Kişi KMH ve Kurumsal Kredi Kartları Hariç) (TL, Akım, %)",avg,20.626
bie_kt100h,2021-04,TP.KTFTUK,"Tüketici Kredisi (İhtiyaç+Taşıt+Konut) (TL, Akım, %)",avg,23.014
bie_kt100h,2021-04,TP.KTFTUK01,"Tüketici Kredisi (KMH Dahil) (İhtiyaç+Taşıt+Konut) (TL, Akım, %)",avg,23.894
bie_kt100h,2021-05,TP.KTF10,"İhtiyaç Kredisi (TL, Akım, %)",avg,23.6625
bie_kt100h,2021-05,TP.KTF101,"İhtiyaç Kredisi (KMH Dahil) (TL, Akım, %)",avg,24.4925
bie_kt100h,2021-05,TP.KTF11,"Taşıt Kredisi (TL, Akım, %)",avg,22.385
bie_kt100h,2021-05,TP.KTF12,"Konut Kredisi (TL, Akım, %)",avg,17.835
bie_kt100h,2021-05,TP.KTF17,"Ticari Krediler (TL, Akım, %)",avg,21.5325
bie_kt100h,2021-05,TP.KTF17.EUR,"Ticari Krediler (Euro, Akım, %)",avg,3.6025
bie_kt100h,2021-05,TP.KTF17.USD,"Ticari Krediler (ABD doları, Akım,%)",avg,3.7275
bie_kt100h,2021-05,TP.KTF18,"Ticari Krediler (Tüzel Kişi KMH ve Kurumsal Kredi Kartları Hariç) (TL, Akım, %)",avg,20.895
bie_kt100h,2021-05,TP.KTFTUK,"Tüketici Kredisi (İhtiyaç+Taşıt+Konut) (TL, Akım, %)",avg,23.0275
bie_kt100h,2021-05,TP.KTFTUK01,"Tüketici Kredisi (KMH Dahil) (İhtiyaç+Taşıt+Konut) (TL, Akım, %)",avg,24.0625
bie_kt100h,2021-06,TP.KTF10,"İhtiyaç Kredisi (TL, Akım, %)",avg,23.37
bie_kt100h,2021-06,TP.KTF101,"İhtiyaç Kredisi (KMH Dahil) (TL, Akım, %)",avg,24.5625
bie_kt100h,2021-06,TP.KTF11,"Taşıt Kredisi (TL, Akım, %)",avg,22.0325
bie_kt100h,2021-06,TP.KTF12,"Konut Kredisi (TL, Akım, %)",avg,17.9
bie_kt100h,2021-06,TP.KTF17,"Ticari Krediler (TL, Akım, %)",avg,21.4425
bie_kt100h,2021-06,TP.KTF17.EUR,"Ticari Krediler (Euro, Akım, %)",avg,3.1475
bie_kt100h,2021-06,TP.KTF17.USD,"Ticari Krediler (ABD doları, Akım,%)",avg,3.46
bie_kt100h,2021-06,TP.KTF18,"Ticari Krediler (Tüzel Kişi KMH ve Kurumsal Kredi Kartları Hariç) (TL, Akım, %)",avg,20.7675
bie_kt100h,2021-06,TP.KTFTUK,"Tüketici Kredisi (İhtiyaç+Taşıt+Konut) (TL, Akım, %)",avg,22.3425
bie_kt100h,2021-06,TP.KTFTUK01,"Tüketici Kredisi (KMH Dahil) (İhtiyaç+Taşıt+Konut) (TL, Akım, %)",avg,23.7375
bie_kt100h,2021-07,TP.KTF10,"İhtiyaç Kredisi (TL, Akım, %)",avg,22.94
bie_kt100h,2021-07,TP.KTF101,"İhtiyaç Kredisi (KMH Dahil) (TL, Akım, %)",avg,24.506
bie_kt100h,2021-07,TP.KTF11,"Taşıt Kredisi (TL, Akım, %)",avg,22.254
bie_kt100h,2021-07,TP.KTF12,"Konut Kredisi (TL, Akım, %)",avg,17.934
bie_kt100h,2021-07,TP.KTF17,"Ticari Krediler (TL, Akım, %)",avg,21.062
bie_kt100h,2021-07,TP.KTF17.EUR,"Ticari Krediler (Euro, Akım, %)",avg,2.618
bie_kt100h,2021-07,TP.KTF17.USD,"Ticari Krediler (ABD doları, Akım,%)",avg,3.724
bie_kt100h,2021-07,TP.KTF18,"Ticari Krediler (Tüzel Kişi KMH ve Kurumsal Kredi Kartları Hariç) (TL, Akım, %)",avg,20.16
bie_kt100h,2021-07,TP.KTFTUK,"Tüketici Kredisi (İhtiyaç+Taşıt+Konut) (TL, Akım, %)",avg,22.152
bie_kt100h,2021-07,TP.KTFTUK01,"Tüketici Kredisi (KMH Dahil) (İhtiyaç+Taşıt+Konut) (TL, Akım, %)",avg,23.874
bie_kt100h,2021-08,TP.KTF10,"İhtiyaç Kredisi (TL, Akım, %)",avg,23.0475
bie_kt100h,2021-08,TP.KTF101,"İhtiyaç Kredisi (KMH Dahil) (TL, Akım, %)",avg,24.4375
bie_kt100h,2021-08,TP.KTF11,"Taşıt Kredisi (TL, Akım, %)",avg,21.795
bie_kt100h,2021-08,TP.KTF12,"Konut Kredisi (TL, Akım, %)",avg,17.8625
bie_kt100h,2021-08,TP.KTF17,"Ticari Krediler (TL, Akım, %)",avg,21.34
bie_kt100h,2021-08,TP.KTF17.EUR,"Ticari Krediler (Euro, Akım, %)",avg,2.55
bie_kt100h,2021-08,TP.KTF17.USD,"Ticari Krediler (ABD doları, Akım,%)",avg,3.015
bie_kt100h,2021-08,TP.KTF18,"Ticari Krediler (Tüzel Kişi KMH ve Kurumsal Kredi Kartları Hariç) (TL, Akım, %)",avg,20.555
bie_kt100h,2021-08,TP.KTFTUK,"Tüketici Kredisi (İhtiyaç+Taşıt+Konut) (TL, Akım, %)",avg,22.1075
bie_kt100h,2021-08,TP.KTFTUK01,"Tüketici Kredisi (KMH Dahil) (İhtiyaç+Taşıt+Konut) (TL, Akım, %)",avg,23.665
bie_kt100h,2021-09,TP.KTF10,"İhtiyaç Kredisi (TL, Akım, %)",avg,23.2825
bie_kt100h,2021-09,TP.KTF101,"İhtiyaç Kredisi (KMH Dahil) (TL, Akım, %)",avg,24.59
bie_kt100h,2021-09,TP.KTF11,"Taşıt Kredisi (TL, Akım, %)",avg,21.325
bie_kt100h,2021-09,TP.KTF12,"Konut Kredisi (TL, Akım, %)",avg,17.895
bie_kt100h,2021-09,TP.KTF17,"Ticari Krediler (TL, Akım, %)",avg,21.3225
bie_kt100h,2021-09,TP.KTF17.EUR,"Ticari Krediler (Euro, Akım, %)",avg,2.5475
bie_kt100h,2021-09,TP.KTF17.USD,"Ticari Krediler (ABD doları, Akım,%)",avg,2.6725
bie_kt100h,2021-09,TP.KTF18,"Ticari Krediler (Tüzel Kişi KMH ve Kurumsal Kredi Kartları Hariç) (TL, Akım, %)",avg,20.5025
bie_kt100h,2021-09,TP.KTFTUK,"Tüketici Kredisi (İhtiyaç+Taşıt+Konut) (TL, Akım, %)",avg,22.3125
bie_kt100h,2021-09,TP.KTFTUK01,"Tüketici Kredisi (KMH Dahil) (İhtiyaç+Taşıt+Konut) (TL, Akım, %)",avg,23.825
bie_kt100h,2021-10,TP.KTF10,"İhtiyaç Kredisi (TL, Akım, %)",avg,23.338
bie_kt100h,2021-10,TP.KTF101,"İhtiyaç Kredisi (KMH Dahil) (TL, Akım, %)",avg,24.666
bie_kt100h,2021-10,TP.KTF11,"Taşıt Kredisi (TL, Akım, %)",avg,20.73
bie_kt100h,2021-10,TP.KTF12,"Konut Kredisi (TL, Akım, %)",avg,17.82
bie_kt100h,2021-10,TP.KTF17,"Ticari Krediler (TL, Akım, %)",avg,20.352
bie_kt100h,2021-10,TP.KTF17.EUR,"Ticari Krediler (Euro, Akım, %)",avg,2.696
bie_kt100h,2021-10,TP.KTF17.USD,"Ticari Krediler (ABD doları, Akım,%)",avg,3.182
bie_kt100h,2021-10,TP.KTF18,"Ticari Krediler (Tüzel Kişi KMH ve Kurumsal Kredi Kartları Hariç) (TL, Akım, %)",avg,19.548
bie_kt100h,2021-10,TP.KTFTUK,"Tüketici Kredisi (İhtiyaç+Taşıt+Konut) (TL, Akım, %)",avg,22.214
bie_kt100h,2021-10,TP.KTFTUK01,"Tüketici Kredisi (KMH Dahil) (İhtiyaç+Taşıt+Konut) (TL, Akım, %)",avg,23.802
bie_kt100h,2021-11,TP.KTF10,"İhtiyaç Kredisi (TL, Akım, %)",avg,23.44
bie_kt100h,2021-11,TP.KTF101,"İhtiyaç Kredisi (KMH Dahil) (TL, Akım, %)",avg,24.635
bie_kt100h,2021-11,TP.KTF11,"Taşıt Kredisi (TL, Akım, %)",avg,21.4575
bie_kt100h,2021-11,TP.KTF12,"Konut Kredisi (TL, Akım, %)",avg,17.0975
bie_kt100h,2021-11,TP.KTF17,"Ticari Krediler (TL, Akım, %)",avg,19.24
bie_kt100h,2021-11,TP.KTF17.EUR,"Ticari Krediler (Euro, Akım, %)",avg,2.535
bie_kt100h,2021-11,TP.KTF17.USD,"Ticari Krediler (ABD doları, Akım,%)",avg,3.3325
bie_kt100h,2021-11,TP.KTF18,"Ticari Krediler (Tüzel Kişi KMH ve Kurumsal Kredi Kartları Hariç) (TL, Akım, %)",avg,18.385
bie_kt100h,2021-11,TP.KTFTUK,"Tüketici Kredisi (İhtiyaç+Taşıt+Konut) (TL, Akım, %)",avg,21.99
bie_kt100h,2021-11,TP.KTFTUK01,"Tüketici Kredisi (KMH Dahil) (İhtiyaç+Taşıt+Konut) (TL, Akım, %)",avg,23.5125
bie_kt100h,2021-12,TP.KTF10,"İhtiyaç Kredisi (TL, Akım, %)",avg,26.544
bie_kt100h,2021-12,TP.KTF101,"İhtiyaç Kredisi (KMH Dahil) (TL, Akım, %)",avg,25.236
bie_kt100h,2021-12,TP.KTF11,"Taşıt Kredisi (TL, Akım, %)",avg,24.824
bie_kt100h,2021-12,TP.KTF12,"Konut Kredisi (TL, Akım, %)",avg,17.308
bie_kt100h,2021-12,TP.KTF17,"Ticari Krediler (TL, Akım, %)",avg,21.586
bie_kt100h,2021-12,TP.KTF17.EUR,"Ticari Krediler (Euro, Akım, %)",avg,3.284
bie_kt100h,2021-12,TP.KTF17.USD,"Ticari Krediler (ABD doları, Akım,%)",avg,4.84
bie_kt100h,2021-12,TP.KTF18,"Ticari Krediler (Tüzel Kişi KMH ve Kurumsal Kredi Kartları Hariç) (TL, Akım, %)",avg,21.376
bie_kt100h,2021-12,TP.KTFTUK,"Tüketici Kredisi (İhtiyaç+Taşıt+Konut) (TL, Akım, %)",avg,24.154
bie_kt100h,2021-12,TP.KTFTUK01,"Tüketici Kredisi (KMH Dahil) (İhtiyaç+Taşıt+Konut) (TL, Akım, %)",avg,23.968
bie_kt100h,2022-01,TP.KTF10,"İhtiyaç Kredisi (TL, Akım, %)",avg,31.7025
bie_kt100h,2022-01,TP.KTF101,"İhtiyaç Kredisi (KMH Dahil) (TL, Akım, %)",avg,27.34
bie_kt100h,2022-01,TP.KTF11,"Taşıt Kredisi (TL, Akım, %)",avg,28.25
bie_kt100h,2022-01,TP.KTF12,"Konut Kredisi (TL, Akım, %)",avg,18.245
bie_kt100h,2022-01,TP.KTF17,"Ticari Krediler (TL, Akım, %)",avg,24.2
bie_kt100h,2022-01,TP.KTF17.EUR,"Ticari Krediler (Euro, Akım, %)",avg,3.955
bie_kt100h,2022-01,TP.KTF17.USD,"Ticari Krediler (ABD doları, Akım,%)",avg,4.655
bie_kt100h,2022-01,TP.KTF18,"Ticari Krediler (Tüzel Kişi KMH ve Kurumsal Kredi Kartları Hariç) (TL, Akım, %)",avg,24.3775
bie_kt100h,2022-01,TP.KTFTUK,"Tüketici Kredisi (İhtiyaç+Taşıt+Konut) (TL, Akım, %)",avg,28.705
bie_kt100h,2022-01,TP.KTFTUK01,"Tüketici Kredisi (KMH Dahil) (İhtiyaç+Taşıt+Konut) (TL, Akım, %)",avg,26.32
bie_kt100h,2022-02,TP.KTF10,"İhtiyaç Kredisi (TL, Akım, %)",avg,29.865
bie_kt100h,2022-02,TP.KTF101,"İhtiyaç Kredisi (KMH Dahil) (TL, Akım, %)",avg,26.865
bie_kt100h,2022-02,TP.KTF11,"Taşıt Kredisi (TL, Akım, %)",avg,26.8525
bie_kt100h,2022-02,TP.KTF12,"Konut Kredisi (TL, Akım, %)",avg,17.7975
bie_kt100h,2022-02,TP.KTF17,"Ticari Krediler (TL, Akım, %)",avg,21.42
bie_kt100h,2022-02,TP.KTF17.EUR,"Ticari Krediler (Euro, Akım, %)",avg,3.455
bie_kt100h,2022-02,TP.KTF17.USD,"Ticari Krediler (ABD doları, Akım,%)",avg,4.46
bie_kt100h,2022-02,TP.KTF18,"Ticari Krediler (Tüzel Kişi KMH ve Kurumsal Kredi Kartları Hariç) (TL, Akım, %)",avg,21.16
bie_kt100h,2022-02,TP.KTFTUK,"Tüketici Kredisi (İhtiyaç+Taşıt+Konut) (TL, Akım, %)",avg,27.35
bie_kt100h,2022-02,TP.KTFTUK01,"Tüketici Kredisi (KMH Dahil) (İhtiyaç+Taşıt+Konut) (TL, Akım, %)",avg,25.7975
bie_kt100h,2022-03,TP.KTF10,"İhtiyaç Kredisi (TL, Akım, %)",avg,28.9075
bie_kt100h,2022-03,TP.KTF101,"İhtiyaç Kredisi (KMH Dahil) (TL, Akım, %)",avg,26.59
bie_kt100h,2022-03,TP.KTF11,"Taşıt Kredisi (TL, Akım, %)",avg,25.395
bie_kt100h,2022-03,TP.KTF12,"Konut Kredisi (TL, Akım, %)",avg,17.9675
bie_kt100h,2022-03,TP.KTF17,"Ticari Krediler (TL, Akım, %)",avg,20.7325
bie_kt100h,2022-03,TP.KTF17.EUR,"Ticari Krediler (Euro, Akım, %)",avg,3.8925
bie_kt100h,2022-03,TP.KTF17.USD,"Ticari Krediler (ABD doları, Akım,%)",avg,4.36
bie_kt100h,2022-03,TP.KTF18,"Ticari Krediler (Tüzel Kişi KMH ve Kurumsal Kredi Kartları Hariç) (TL, Akım, %)",avg,20.3925
bie_kt100h,2022-03,TP.KTFTUK,"Tüketici Kredisi (İhtiyaç+Taşıt+Konut) (TL, Akım, %)",avg,26.3925
bie_kt100h,2022-03,TP.KTFTUK01,"Tüketici Kredisi (KMH Dahil) (İhtiyaç+Taşıt+Konut) (TL, Akım, %)",avg,25.385
bie_kt100h,2022-04,TP.KTF10,"İhtiyaç Kredisi (TL, Akım, %)",avg,27.732
bie_kt100h,2022-04,TP.KTF101,"İhtiyaç Kredisi (KMH Dahil) (TL, Akım, %)",avg,26.114
bie_kt100h,2022-04,TP.KTF11,"Taşıt Kredisi (TL, Akım, %)",avg,24.822
bie_kt100h,2022-04,TP.KTF12,"Konut Kredisi (TL, Akım, %)",avg,18.238
bie_kt100h,2022-04,TP.KTF17,"Ticari Krediler (TL, Akım, %)",avg,20.906
bie_kt100h,2022-04,TP.KTF17.EUR,"Ticari Krediler (Euro, Akım, %)",avg,3.512
bie_kt100h,2022-04,TP.KTF17.USD,"Ticari Krediler (ABD doları, Akım,%)",avg,5.13
bie_kt100h,2022-04,TP.KTF18,"Ticari Krediler (Tüzel Kişi KMH ve Kurumsal Kredi Kartları Hariç) (TL, Akım, %)",avg,20.622
bie_kt100h,2022-04,TP.KTFTUK,"Tüketici Kredisi (İhtiyaç+Taşıt+Konut) (TL, Akım, %)",avg,25.416
bie_kt100h,2022-04,TP.KTFTUK01,"Tüketici Kredisi (KMH Dahil) (İhtiyaç+Taşıt+Konut) (TL, Akım, %)",avg,24.856
bie_kt100h,2022-05,TP.KTF10,"İhtiyaç Kredisi (TL, Akım, %)",avg,28.6125
bie_kt100h,2022-05,TP.KTF101,"İhtiyaç Kredisi (KMH Dahil) (TL, Akım, %)",avg,26.62
bie_kt100h,2022-05,TP.KTF11,"Taşıt Kredisi (TL, Akım, %)",avg,24.2025
bie_kt100h,2022-05,TP.KTF12,"Konut Kredisi (TL, Akım, %)",avg,18.42
bie_kt100h,2022-05,TP.KTF17,"Ticari Krediler (TL, Akım, %)",avg,22.9
bie_kt100h,2022-05,TP.KTF17.EUR,"Ticari Krediler (Euro, Akım, %)",avg,3.5925
bie_kt100h,2022-05,TP.KTF17.USD,"Ticari Krediler (ABD doları, Akım,%)",avg,5.31
bie_kt100h,2022-05,TP.KTF18,"Ticari Krediler (Tüzel Kişi KMH ve Kurumsal Kredi Kartları Hariç) (TL, Akım, %)",avg,22.7975
bie_kt100h,2022-05,TP.KTFTUK,"Tüketici Kredisi (İhtiyaç+Taşıt+Konut) (TL, Akım, %)",avg,26.4875
bie_kt100h,2022-05,TP.KTFTUK01,"Tüketici Kredisi (KMH Dahil) (İhtiyaç+Taşıt+Konut) (TL, Akım, %)",avg,25.4925
bie_kt100h,2022-06,TP.KTF10,"İhtiyaç Kredisi (TL, Akım, %)",avg,30.8625
bie_kt100h,2022-06,TP.KTF101,"İhtiyaç Kredisi (KMH Dahil) (TL, Akım, %)",avg,27.855
bie_kt100h,2022-06,TP.KTF11,"Taşıt Kredisi (TL, Akım, %)",avg,25.0375
bie_kt100h,2022-06,TP.KTF12,"Konut Kredisi (TL, Akım, %)",avg,18.1775
bie_kt100h,2022-06,TP.KTF17,"Ticari Krediler (TL, Akım, %)",avg,25.765
bie_kt100h,2022-06,TP.KTF17.EUR,"Ticari Krediler (Euro, Akım, %)",avg,5.155
bie_kt100h,2022-06,TP.KTF17.USD,"Ticari Krediler (ABD doları, Akım,%)",avg,6.7775
bie_kt100h,2022-06,TP.KTF18,"Ticari Krediler (Tüzel Kişi KMH ve Kurumsal Kredi Kartları Hariç) (TL, Akım, %)",avg,26.205
bie_kt100h,2022-06,TP.KTFTUK,"Tüketici Kredisi (İhtiyaç+Taşıt+Konut) (TL, Akım, %)",avg,27.27
bie_kt100h,2022-06,TP.KTFTUK01,"Tüketici Kredisi (KMH Dahil) (İhtiyaç+Taşıt+Konut) (TL, Akım, %)",avg,26.0475
bie_kt100h,2022-07,TP.KTF10,"İhtiyaç Kredisi (TL, Akım, %)",avg,34.18
bie_kt100h,2022-07,TP.KTF101,"İhtiyaç Kredisi (KMH Dahil) (TL, Akım, %)",avg,29.062
bie_kt100h,2022-07,TP.KTF11,"Taşıt Kredisi (TL, Akım, %)",avg,27.528
bie_kt100h,2022-07,TP.KTF12,"Konut Kredisi (TL, Akım, %)",avg,18.304
bie_kt100h,2022-07,TP.KTF17,"Ticari Krediler (TL, Akım, %)",avg,28.434
bie_kt100h,2022-07,TP.KTF17.EUR,"Ticari Krediler (Euro, Akım, %)",avg,6.074
bie_kt100h,2022-07,TP.KTF17.USD,"Ticari Krediler (ABD doları, Akım,%)",avg,7.97
bie_kt100h,2022-07,TP.KTF18,"Ticari Krediler (Tüzel Kişi KMH ve Kurumsal Kredi Kartları Hariç) (TL, Akım, %)",avg,30.054
bie_kt100h,2022-07,TP.KTFTUK,"Tüketici Kredisi (İhtiyaç+Taşıt+Konut) (TL, Akım, %)",avg,31.43
bie_kt100h,2022-07,TP.KTFTUK01,"Tüketici Kredisi (KMH Dahil) (İhtiyaç+Taşıt+Konut) (TL, Akım, %)",avg,28.01
bie_kt100h,2022-08,TP.KTF10,"İhtiyaç Kredisi (TL, Akım, %)",avg,34.25
bie_kt100h,2022-08,TP.KTF101,"İhtiyaç Kredisi (KMH Dahil) (TL, Akım, %)",avg,29.2925
bie_kt100h,2022-08,TP.KTF11,"Taşıt Kredisi (TL, Akım, %)",avg,27.755
bie_kt100h,2022-08,TP.KTF12,"Konut Kredisi (TL, Akım, %)",avg,18.61
bie_kt100h,2022-08,TP.KTF17,"Ticari Krediler (TL, Akım, %)",avg,25.3075
bie_kt100h,2022-08,TP.KTF17.EUR,"Ticari Krediler (Euro, Akım, %)",avg,6.195
bie_kt100h,2022-08,TP.KTF17.USD,"Ticari Krediler (ABD doları, Akım,%)",avg,8.6925
bie_kt100h,2022-08,TP.KTF18,"Ticari Krediler (Tüzel Kişi KMH ve Kurumsal Kredi Kartları Hariç) (TL, Akım, %)",avg,25.6725
bie_kt100h,2022-08,TP.KTFTUK,"Tüketici Kredisi (İhtiyaç+Taşıt+Konut) (TL, Akım, %)",avg,31.4125
bie_kt100h,2022-08,TP.KTFTUK01,"Tüketici Kredisi (KMH Dahil) (İhtiyaç+Taşıt+Konut) (TL, Akım, %)",avg,28.23
bie_kt100h,2022-09,TP.KTF10,"İhtiyaç Kredisi (TL, Akım, %)",avg,32.398
bie_kt100h,2022-09,TP.KTF101,"İhtiyaç Kredisi (KMH Dahil) (TL, Akım, %)",avg,27.952
bie_kt100h,2022-09,TP.KTF11,"Taşıt Kredisi (TL, Akım, %)",avg,26.788
bie_kt100h,2022-09,TP.KTF12,"Konut Kredisi (TL, Akım, %)",avg,20.258
bie_kt100h,2022-09,TP.KTF17,"Ticari Krediler (TL, Akım, %)",avg,20.792
bie_kt100h,2022-09,TP.KTF17.EUR,"Ticari Krediler (Euro, Akım, %)",avg,6.906
bie_kt100h,2022-09,TP.KTF17.USD,"Ticari Krediler (ABD doları, Akım,%)",avg,8.638
bie_kt100h,2022-09,TP.KTF18,"Ticari Krediler (Tüzel Kişi KMH ve Kurumsal Kredi Kartları Hariç) (TL, Akım, %)",avg,20.56
bie_kt100h,2022-09,TP.KTFTUK,"Tüketici Kredisi (İhtiyaç+Taşıt+Konut) (TL, Akım, %)",avg,30.878
bie_kt100h,2022-09,TP.KTFTUK01,"Tüketici Kredisi (KMH Dahil) (İhtiyaç+Taşıt+Konut) (TL, Akım, %)",avg,27.462
bie_kt100h,2022-10,TP.KTF10,"İhtiyaç Kredisi (TL, Akım, %)",avg,31.4325
bie_kt100h,2022-10,TP.KTF101,"İhtiyaç Kredisi (KMH Dahil) (TL, Akım, %)",avg,26.8475
bie_kt100h,2022-10,TP.KTF11,"Taşıt Kredisi (TL, Akım, %)",avg,26.3325
bie_kt100h,2022-10,TP.KTF12,"Konut Kredisi (TL, Akım, %)",avg,20.9825
bie_kt100h,2022-10,TP.KTF17,"Ticari Krediler (TL, Akım, %)",avg,18.7175
bie_kt100h,2022-10,TP.KTF17.EUR,"Ticari Krediler (Euro, Akım, %)",avg,8.0025
bie_kt100h,2022-10,TP.KTF17.USD,"Ticari Krediler (ABD doları, Akım,%)",avg,9.3425
bie_kt100h,2022-10,TP.KTF18,"Ticari Krediler (Tüzel Kişi KMH ve Kurumsal Kredi Kartları Hariç) (TL, Akım, %)",avg,18.31
bie_kt100h,2022-10,TP.KTFTUK,"Tüketici Kredisi (İhtiyaç+Taşıt+Konut) (TL, Akım, %)",avg,30.25
bie_kt100h,2022-10,TP.KTFTUK01,"Tüketici Kredisi (KMH Dahil) (İhtiyaç+Taşıt+Konut) (TL, Akım, %)",avg,26.5275
bie_kt100h,2022-11,TP.KTF10,"İhtiyaç Kredisi (TL, Akım, %)",avg,30.6775
bie_kt100h,2022-11,TP.KTF101,"İhtiyaç Kredisi (KMH Dahil) (TL, Akım, %)",avg,25.9525
bie_kt100h,2022-11,TP.KTF11,"Taşıt Kredisi (TL, Akım, %)",avg,25.365
bie_kt100h,2022-11,TP.KTF12,"Konut Kredisi (TL, Akım, %)",avg,21.575
bie_kt100h,2022-11,TP.KTF17,"Ticari Krediler (TL, Akım, %)",avg,16.595
bie_kt100h,2022-11,TP.KTF17.EUR,"Ticari Krediler (Euro, Akım, %)",avg,7.5225
bie_kt100h,2022-11,TP.KTF17.USD,"Ticari Krediler (ABD doları, Akım,%)",avg,9.4525
bie_kt100h,2022-11,TP.KTF18,"Ticari Krediler (Tüzel Kişi KMH ve Kurumsal Kredi Kartları Hariç) (TL, Akım, %)",avg,16.08
bie_kt100h,2022-11,TP.KTFTUK,"Tüketici Kredisi (İhtiyaç+Taşıt+Konut) (TL, Akım, %)",avg,29.665
bie_kt100h,2022-11,TP.KTFTUK01,"Tüketici Kredisi (KMH Dahil) (İhtiyaç+Taşıt+Konut) (TL, Akım, %)",avg,25.7275
bie_kt100h,2022-12,TP.KTF10,"İhtiyaç Kredisi (TL, Akım, %)",avg,30.36
bie_kt100h,2022-12,TP.KTF101,"İhtiyaç Kredisi (KMH Dahil) (TL, Akım, %)",avg,25.17
bie_kt100h,2022-12,TP.KTF11,"Taşıt Kredisi (TL, Akım, %)",avg,24.92
bie_kt100h,2022-12,TP.KTF12,"Konut Kredisi (TL, Akım, %)",avg,20.564
bie_kt100h,2022-12,TP.KTF17,"Ticari Krediler (TL, Akım, %)",avg,14.586
bie_kt100h,2022-12,TP.KTF17.EUR,"Ticari Krediler (Euro, Akım, %)",avg,6.874
bie_kt100h,2022-12,TP.KTF17.USD,"Ticari Krediler (ABD doları, Akım,%)",avg,9.216
bie_kt100h,2022-12,TP.KTF18,"Ticari Krediler (Tüzel Kişi KMH ve Kurumsal Kredi Kartları Hariç) (TL, Akım, %)",avg,14.042
bie_kt100h,2022-12,TP.KTFTUK,"Tüketici Kredisi (İhtiyaç+Taşıt+Konut) (TL, Akım, %)",avg,29.006
bie_kt100h,2022-12,TP.KTFTUK01,"Tüketici Kredisi (KMH Dahil) (İhtiyaç+Taşıt+Konut) (TL, Akım, %)",avg,24.89
bie_kt100h,2023-01,TP.KTF10,"İhtiyaç Kredisi (TL, Akım, %)",avg,29.9775
bie_kt100h,2023-01,TP.KTF101,"İhtiyaç Kredisi (KMH Dahil) (TL, Akım, %)",avg,24.445
bie_kt100h,2023-01,TP.KTF11,"Taşıt Kredisi (TL, Akım, %)",avg,25.385
bie_kt100h,2023-01,TP.KTF12,"Konut Kredisi (TL, Akım, %)",avg,21.65
bie_kt100h,2023-01,TP.KTF17,"Ticari Krediler (TL, Akım, %)",avg,14.38
bie_kt100h,2023-01,TP.KTF17.EUR,"Ticari Krediler (Euro, Akım, %)",avg,7.125
bie_kt100h,2023-01,TP.KTF17.USD,"Ticari Krediler (ABD doları, Akım,%)",avg,9.525
bie_kt100h,2023-01,TP.KTF18,"Ticari Krediler (Tüzel Kişi KMH ve Kurumsal Kredi Kartları Hariç) (TL, Akım, %)",avg,13.68
bie_kt100h,2023-01,TP.KTFTUK,"Tüketici Kredisi (İhtiyaç+Taşıt+Konut) (TL, Akım, %)",avg,29.0525
bie_kt100h,2023-01,TP.KTFTUK01,"Tüketici Kredisi (KMH Dahil) (İhtiyaç+Taşıt+Konut) (TL, Akım, %)",avg,24.3375
bie_kt100h,2023-02,TP.KTF10,"İhtiyaç Kredisi (TL, Akım, %)",avg,30.115
bie_kt100h,2023-02,TP.KTF101,"İhtiyaç Kredisi (KMH Dahil) (TL, Akım, %)",avg,23.875
bie_kt100h,2023-02,TP.KTF11,"Taşıt Kredisi (TL, Akım, %)",avg,25.34
bie_kt100h,2023-02,TP.KTF12,"Konut Kredisi (TL, Akım, %)",avg,21.0125
bie_kt100h,2023-02,TP.KTF17,"Ticari Krediler (TL, Akım, %)",avg,14.205
bie_kt100h,2023-02,TP.KTF17.EUR,"Ticari Krediler (Euro, Akım, %)",avg,7.225
bie_kt100h,2023-02,TP.KTF17.USD,"Ticari Krediler (ABD doları, Akım,%)",avg,8.84
bie_kt100h,2023-02,TP.KTF18,"Ticari Krediler (Tüzel Kişi KMH ve Kurumsal Kredi Kartları Hariç) (TL, Akım, %)",avg,13.61
bie_kt100h,2023-02,TP.KTFTUK,"Tüketici Kredisi (İhtiyaç+Taşıt+Konut) (TL, Akım, %)",avg,28.69
bie_kt100h,2023-02,TP.KTFTUK01,"Tüketici Kredisi (KMH Dahil) (İhtiyaç+Taşıt+Konut) (TL, Akım, %)",avg,23.725
bie_kt100h,2023-03,TP.KTF10,"İhtiyaç Kredisi (TL, Akım, %)",avg,29.334
bie_kt100h,2023-03,TP.KTF101,"İhtiyaç Kredisi (KMH Dahil) (TL, Akım, %)",avg,23.572
bie_kt100h,2023-03,TP.KTF11,"Taşıt Kredisi (TL, Akım, %)",avg,24.95
bie_kt100h,2023-03,TP.KTF12,"Konut Kredisi (TL, Akım, %)",avg,17.606
bie_kt100h,2023-03,TP.KTF17,"Ticari Krediler (TL, Akım, %)",avg,15.22
bie_kt100h,2023-03,TP.KTF17.EUR,"Ticari Krediler (Euro, Akım, %)",avg,7.356
bie_kt100h,2023-03,TP.KTF17.USD,"Ticari Krediler (ABD doları, Akım,%)",avg,8.948
bie_kt100h,2023-03,TP.KTF18,"Ticari Krediler (Tüzel Kişi KMH ve Kurumsal Kredi Kartları Hariç) (TL, Akım, %)",avg,14.928
bie_kt100h,2023-03,TP.KTFTUK,"Tüketici Kredisi (İhtiyaç+Taşıt+Konut) (TL, Akım, %)",avg,26.672
bie_kt100h,2023-03,TP.KTFTUK01,"Tüketici Kredisi (KMH Dahil) (İhtiyaç+Taşıt+Konut) (TL, Akım, %)",avg,22.898
bie_kt100h,2023-04,TP.KTF10,"İhtiyaç Kredisi (TL, Akım, %)",avg,33.04
bie_kt100h,2023-04,TP.KTF101,"İhtiyaç Kredisi (KMH Dahil) (TL, Akım, %)",avg,24.35
bie_kt100h,2023-04,TP.KTF11,"Taşıt Kredisi (TL, Akım, %)",avg,25.09
bie_kt100h,2023-04,TP.KTF12,"Konut Kredisi (TL, Akım, %)",avg,18.5875
bie_kt100h,2023-04,TP.KTF17,"Ticari Krediler (TL, Akım, %)",avg,14.73
bie_kt100h,2023-04,TP.KTF17.EUR,"Ticari Krediler (Euro, Akım, %)",avg,7.9275
bie_kt100h,2023-04,TP.KTF17.USD,"Ticari Krediler (ABD doları, Akım,%)",avg,9.03
bie_kt100h,2023-04,TP.KTF18,"Ticari Krediler (Tüzel Kişi KMH ve Kurumsal Kredi Kartları Hariç) (TL, Akım, %)",avg,14.35
bie_kt100h,2023-04,TP.KTFTUK,"Tüketici Kredisi (İhtiyaç+Taşıt+Konut) (TL, Akım, %)",avg,29.2275
bie_kt100h,2023-04,TP.KTFTUK01,"Tüketici Kredisi (KMH Dahil) (İhtiyaç+Taşıt+Konut) (TL, Akım, %)",avg,23.695
bie_kt100h,2023-05,TP.KTF10,"İhtiyaç Kredisi (TL, Akım, %)",avg,36.9325
bie_kt100h,2023-05,TP.KTF101,"İhtiyaç Kredisi (KMH Dahil) (TL, Akım, %)",avg,25.3425
bie_kt100h,2023-05,TP.KTF11,"Taşıt Kredisi (TL, Akım, %)",avg,27.8025
bie_kt100h,2023-05,TP.KTF12,"Konut Kredisi (TL, Akım, %)",avg,18.5625
bie_kt100h,2023-05,TP.KTF17,"Ticari Krediler (TL, Akım, %)",avg,15.365
bie_kt100h,2023-05,TP.KTF17.EUR,"Ticari Krediler (Euro, Akım, %)",avg,7.62
bie_kt100h,2023-05,TP.KTF17.USD,"Ticari Krediler (ABD doları, Akım,%)",avg,9.7825
bie_kt100h,2023-05,TP.KTF18,"Ticari Krediler (Tüzel Kişi KMH ve Kurumsal Kredi Kartları Hariç) (TL, Akım, %)",avg,14.9475
bie_kt100h,2023-05,TP.KTFTUK,"Tüketici Kredisi (İhtiyaç+Taşıt+Konut) (TL, Akım, %)",avg,32.0225
bie_kt100h,2023-05,TP.KTFTUK01,"Tüketici Kredisi (KMH Dahil) (İhtiyaç+Taşıt+Konut) (TL, Akım, %)",avg,24.5925
bie_kt100h,2023-06,TP.KTF10,"İhtiyaç Kredisi (TL, Akım, %)",avg,41.464
bie_kt100h,2023-06,TP.KTF101,"İhtiyaç Kredisi (KMH Dahil) (TL, Akım, %)",avg,26.426
bie_kt100h,2023-06,TP.KTF11,"Taşıt Kredisi (TL, Akım, %)",avg,33.544
bie_kt100h,2023-06,TP.KTF12,"Konut Kredisi (TL, Akım, %)",avg,21.294
bie_kt100h,2023-06,TP.KTF17,"Ticari Krediler (TL, Akım, %)",avg,15.57
bie_kt100h,2023-06,TP.KTF17.EUR,"Ticari Krediler (Euro, Akım, %)",avg,8.462
bie_kt100h,2023-06,TP.KTF17.USD,"Ticari Krediler (ABD doları, Akım,%)",avg,10.084
bie_kt100h,2023-06,TP.KTF18,"Ticari Krediler (Tüzel Kişi KMH ve Kurumsal Kredi Kartları Hariç) (TL, Akım, %)",avg,15.328
bie_kt100h,2023-06,TP.KTFTUK,"Tüketici Kredisi (İhtiyaç+Taşıt+Konut) (TL, Akım, %)",avg,38.56
bie_kt100h,2023-06,TP.KTFTUK01,"Tüketici Kredisi (KMH Dahil) (İhtiyaç+Taşıt+Konut) (TL, Akım, %)",avg,26.254
bie_kt100h,2023-07,TP.KTF10,"İhtiyaç Kredisi (TL, Akım, %)",avg,47.605
bie_kt100h,2023-07,TP.KTF101,"İhtiyaç Kredisi (KMH Dahil) (TL, Akım, %)",avg,30.805
bie_kt100h,2023-07,TP.KTF11,"Taşıt Kredisi (TL, Akım, %)",avg,40.4925
bie_kt100h,2023-07,TP.KTF12,"Konut Kredisi (TL, Akım, %)",avg,32.24
bie_kt100h,2023-07,TP.KTF17,"Ticari Krediler (TL, Akım, %)",avg,24.415
bie_kt100h,2023-07,TP.KTF17.EUR,"Ticari Krediler (Euro, Akım, %)",avg,8.65
bie_kt100h,2023-07,TP.KTF17.USD,"Ticari Krediler (ABD doları, Akım,%)",avg,10.3725
bie_kt100h,2023-07,TP.KTF18,"Ticari Krediler (Tüzel Kişi KMH ve Kurumsal Kredi Kartları Hariç) (TL, Akım, %)",avg,24.8375
bie_kt100h,2023-07,TP.KTFTUK,"Tüketici Kredisi (İhtiyaç+Taşıt+Konut) (TL, Akım, %)",avg,45.825
bie_kt100h,2023-07,TP.KTFTUK01,"Tüketici Kredisi (KMH Dahil) (İhtiyaç+Taşıt+Konut) (TL, Akım, %)",avg,31.085
bie_kt100h,2023-08,TP.KTF10,"İhtiyaç Kredisi (TL, Akım, %)",avg,47.3625
bie_kt100h,2023-08,TP.KTF101,"İhtiyaç Kredisi (KMH Dahil) (TL, Akım, %)",avg,35.9525
bie_kt100h,2023-08,TP.KTF11,"Taşıt Kredisi (TL, Akım, %)",avg,37.925
bie_kt100h,2023-08,TP.KTF12,"Konut Kredisi (TL, Akım, %)",avg,36.22
bie_kt100h,2023-08,TP.KTF17,"Ticari Krediler (TL, Akım, %)",avg,31.4825
bie_kt100h,2023-08,TP.KTF17.EUR,"Ticari Krediler (Euro, Akım, %)",avg,8.785
bie_kt100h,2023-08,TP.KTF17.USD,"Ticari Krediler (ABD doları, Akım,%)",avg,10.1075
bie_kt100h,2023-08,TP.KTF18,"Ticari Krediler (Tüzel Kişi KMH ve Kurumsal Kredi Kartları Hariç) (TL, Akım, %)",avg,31.5775
bie_kt100h,2023-08,TP.KTFTUK,"Tüketici Kredisi (İhtiyaç+Taşıt+Konut) (TL, Akım, %)",avg,45.765
bie_kt100h,2023-08,TP.KTFTUK01,"Tüketici Kredisi (KMH Dahil) (İhtiyaç+Taşıt+Konut) (TL, Akım, %)",avg,36.005
bie_kt100h,2023-09,TP.KTF10,"İhtiyaç Kredisi (TL, Akım, %)",avg,57.956
bie_kt100h,2023-09,TP.KTF101,"İhtiyaç Kredisi (KMH Dahil) (TL, Akım, %)",avg,47.764
bie_kt100h,2023-09,TP.KTF11,"Taşıt Kredisi (TL, Akım, %)",avg,42.93
bie_kt100h,2023-09,TP.KTF12,"Konut Kredisi (TL, Akım, %)",avg,40.246
bie_kt100h,2023-09,TP.KTF17,"Ticari Krediler (TL, Akım, %)",avg,41.838
bie_kt100h,2023-09,TP.KTF17.EUR,"Ticari Krediler (Euro, Akım, %)",avg,8.496
bie_kt100h,2023-09,TP.KTF17.USD,"Ticari Krediler (ABD doları, Akım,%)",avg,9.66
bie_kt100h,2023-09,TP.KTF18,"Ticari Krediler (Tüzel Kişi KMH ve Kurumsal Kredi Kartları Hariç) (TL, Akım, %)",avg,41.874
bie_kt100h,2023-09,TP.KTFTUK,"Tüketici Kredisi (İhtiyaç+Taşıt+Konut) (TL, Akım, %)",avg,56.35
bie_kt100h,2023-09,TP.KTFTUK01,"Tüketici Kredisi (KMH Dahil) (İhtiyaç+Taşıt+Konut) (TL, Akım, %)",avg,47.508
bie_kt100h,2023-10,TP.KTF10,"İhtiyaç Kredisi (TL, Akım, %)",avg,60.7225
bie_kt100h,2023-10,TP.KTF101,"İhtiyaç Kredisi (KMH Dahil) (TL, Akım, %)",avg,55.8175
bie_kt100h,2023-10,TP.KTF11,"Taşıt Kredisi (TL, Akım, %)",avg,46.52
bie_kt100h,2023-10,TP.KTF12,"Konut Kredisi (TL, Akım, %)",avg,41.5275
bie_kt100h,2023-10,TP.KTF17,"Ticari Krediler (TL, Akım, %)",avg,48.9525
bie_kt100h,2023-10,TP.KTF17.EUR,"Ticari Krediler (Euro, Akım, %)",avg,8.8725
bie_kt100h,2023-10,TP.KTF17.USD,"Ticari Krediler (ABD doları, Akım,%)",avg,9.79
bie_kt100h,2023-10,TP.KTF18,"Ticari Krediler (Tüzel Kişi KMH ve Kurumsal Kredi Kartları Hariç) (TL, Akım, %)",avg,48.9325
bie_kt100h,2023-10,TP.KTFTUK,"Tüketici Kredisi (İhtiyaç+Taşıt+Konut) (TL, Akım, %)",avg,59.3925
bie_kt100h,2023-10,TP.KTFTUK01,"Tüketici Kredisi (KMH Dahil) (İhtiyaç+Taşıt+Konut) (TL, Akım, %)",avg,55.4475
bie_kt100h,2023-11,TP.KTF10,"İhtiyaç Kredisi (TL, Akım, %)",avg,60.02
bie_kt100h,2023-11,TP.KTF101,"İhtiyaç Kredisi (KMH Dahil) (TL, Akım, %)",avg,59.5925
bie_kt100h,2023-11,TP.KTF11,"Taşıt Kredisi (TL, Akım, %)",avg,43.92
bie_kt100h,2023-11,TP.KTF12,"Konut Kredisi (TL, Akım, %)",avg,42.15
bie_kt100h,2023-11,TP.KTF17,"Ticari Krediler (TL, Akım, %)",avg,51.575
bie_kt100h,2023-11,TP.KTF17.EUR,"Ticari Krediler (Euro, Akım, %)",avg,8.5475
bie_kt100h,2023-11,TP.KTF17.USD,"Ticari Krediler (ABD doları, Akım,%)",avg,9.7375
bie_kt100h,2023-11,TP.KTF18,"Ticari Krediler (Tüzel Kişi KMH ve Kurumsal Kredi Kartları Hariç) (TL, Akım, %)",avg,50.9025
bie_kt100h,2023-11,TP.KTFTUK,"Tüketici Kredisi (İhtiyaç+Taşıt+Konut) (TL, Akım, %)",avg,58.655
bie_kt100h,2023-11,TP.KTFTUK01,"Tüketici Kredisi (KMH Dahil) (İhtiyaç+Taşıt+Konut) (TL, Akım, %)",avg,59.055
bie_kt100h,2023-12,TP.KTF10,"İhtiyaç Kredisi (TL, Akım, %)",avg,61.694
bie_kt100h,2023-12,TP.KTF101,"İhtiyaç Kredisi (KMH Dahil) (TL, Akım, %)",avg,64.378
bie_kt100h,2023-12,TP.KTF11,"Taşıt Kredisi (TL, Akım, %)",avg,35.38
bie_kt100h,2023-12,TP.KTF12,"Konut Kredisi (TL, Akım, %)",avg,42.088
bie_kt100h,2023-12,TP.KTF17,"Ticari Krediler (TL, Akım, %)",avg,53.016
bie_kt100h,2023-12,TP.KTF17.EUR,"Ticari Krediler (Euro, Akım, %)",avg,8.216
bie_kt100h,2023-12,TP.KTF17.USD,"Ticari Krediler (ABD doları, Akım,%)",avg,9.29
bie_kt100h,2023-12,TP.KTF18,"Ticari Krediler (Tüzel Kişi KMH ve Kurumsal Kredi Kartları Hariç) (TL, Akım, %)",avg,52.286
bie_kt100h,2023-12,TP.KTFTUK,"Tüketici Kredisi (İhtiyaç+Taşıt+Konut) (TL, Akım, %)",avg,59.256
bie_kt100h,2023-12,TP.KTFTUK01,"Tüketici Kredisi (KMH Dahil) (İhtiyaç+Taşıt+Konut) (TL, Akım, %)",avg,63.2
bie_kt100h,2024-01,TP.KTF10,"İhtiyaç Kredisi (TL, Akım, %)",avg,62.305
bie_kt100h,2024-01,TP.KTF101,"İhtiyaç Kredisi (KMH Dahil) (TL, Akım, %)",avg,64.8275
bie_kt100h,2024-01,TP.KTF11,"Taşıt Kredisi (TL, Akım, %)",avg,44.39
bie_kt100h,2024-01,TP.KTF12,"Konut Kredisi (TL, Akım, %)",avg,41.5775
bie_kt100h,2024-01,TP.KTF17,"Ticari Krediler (TL, Akım, %)",avg,53.745
bie_kt100h,2024-01,TP.KTF17.EUR,"Ticari Krediler (Euro, Akım, %)",avg,7.84
bie_kt100h,2024-01,TP.KTF17.USD,"Ticari Krediler (ABD doları, Akım,%)",avg,8.9725
bie_kt100h,2024-01,TP.KTF18,"Ticari Krediler (Tüzel Kişi KMH ve Kurumsal Kredi Kartları Hariç) (TL, Akım, %)",avg,52.99
bie_kt100h,2024-01,TP.KTFTUK,"Tüketici Kredisi (İhtiyaç+Taşıt+Konut) (TL, Akım, %)",avg,61.0825
bie_kt100h,2024-01,TP.KTFTUK01,"Tüketici Kredisi (KMH Dahil) (İhtiyaç+Taşıt+Konut) (TL, Akım, %)",avg,64.27
bie_kt100h,2024-02,TP.KTF10,"İhtiyaç Kredisi (TL, Akım, %)",avg,60.9525
bie_kt100h,2024-02,TP.KTF101,"İhtiyaç Kredisi (KMH Dahil) (TL, Akım, %)",avg,63.93
bie_kt100h,2024-02,TP.KTF11,"Taşıt Kredisi (TL, Akım, %)",avg,43.2275
bie_kt100h,2024-02,TP.KTF12,"Konut Kredisi (TL, Akım, %)",avg,40.965
bie_kt100h,2024-02,TP.KTF17,"Ticari Krediler (TL, Akım, %)",avg,53.98
bie_kt100h,2024-02,TP.KTF17.EUR,"Ticari Krediler (Euro, Akım, %)",avg,7.6575
bie_kt100h,2024-02,TP.KTF17.USD,"Ticari Krediler (ABD doları, Akım,%)",avg,8.67
bie_kt100h,2024-02,TP.KTF18,"Ticari Krediler (Tüzel Kişi KMH ve Kurumsal Kredi Kartları Hariç) (TL, Akım, %)",avg,53.2675
bie_kt100h,2024-02,TP.KTFTUK,"Tüketici Kredisi (İhtiyaç+Taşıt+Konut) (TL, Akım, %)",avg,59.4925
bie_kt100h,2024-02,TP.KTFTUK01,"Tüketici Kredisi (KMH Dahil) (İhtiyaç+Taşıt+Konut) (TL, Akım, %)",avg,63.195
bie_kt100h,2024-03,TP.KTF10,"İhtiyaç Kredisi (TL, Akım, %)",avg,73.608
bie_kt100h,2024-03,TP.KTF101,"İhtiyaç Kredisi (KMH Dahil) (TL, Akım, %)",avg,68.014
bie_kt100h,2024-03,TP.KTF11,"Taşıt Kredisi (TL, Akım, %)",avg,44.392
bie_kt100h,2024-03,TP.KTF12,"Konut Kredisi (TL, Akım, %)",avg,42.302
bie_kt100h,2024-03,TP.KTF17,"Ticari Krediler (TL, Akım, %)",avg,59.646
bie_kt100h,2024-03,TP.KTF17.EUR,"Ticari Krediler (Euro, Akım, %)",avg,7.534
bie_kt100h,2024-03,TP.KTF17.USD,"Ticari Krediler (ABD doları, Akım,%)",avg,8.418
bie_kt100h,2024-03,TP.KTF18,"Ticari Krediler (Tüzel Kişi KMH ve Kurumsal Kredi Kartları Hariç) (TL, Akım, %)",avg,60.092
bie_kt100h,2024-03,TP.KTFTUK,"Tüketici Kredisi (İhtiyaç+Taşıt+Konut) (TL, Akım, %)",avg,69.568
bie_kt100h,2024-03,TP.KTFTUK01,"Tüketici Kredisi (KMH Dahil) (İhtiyaç+Taşıt+Konut) (TL, Akım, %)",avg,66.852
bie_kt100h,2024-04,TP.KTF10,"İhtiyaç Kredisi (TL, Akım, %)",avg,82.2475
bie_kt100h,2024-04,TP.KTF101,"İhtiyaç Kredisi (KMH Dahil) (TL, Akım, %)",avg,74.995
bie_kt100h,2024-04,TP.KTF11,"Taşıt Kredisi (TL, Akım, %)",avg,44.8
bie_kt100h,2024-04,TP.KTF12,"Konut Kredisi (TL, Akım, %)",avg,44.72
bie_kt100h,2024-04,TP.KTF17,"Ticari Krediler (TL, Akım, %)",avg,66.7725
bie_kt100h,2024-04,TP.KTF17.EUR,"Ticari Krediler (Euro, Akım, %)",avg,7.5275
bie_kt100h,2024-04,TP.KTF17.USD,"Ticari Krediler (ABD doları, Akım,%)",avg,8.3425
bie_kt100h,2024-04,TP.KTF18,"Ticari Krediler (Tüzel Kişi KMH ve Kurumsal Kredi Kartları Hariç) (TL, Akım, %)",avg,67.815
bie_kt100h,2024-04,TP.KTFTUK,"Tüketici Kredisi (İhtiyaç+Taşıt+Konut) (TL, Akım, %)",avg,79.1475
bie_kt100h,2024-04,TP.KTFTUK01,"Tüketici Kredisi (KMH Dahil) (İhtiyaç+Taşıt+Konut) (TL, Akım, %)",avg,74.095
bie_kt100h,2024-05,TP.KTF10,"İhtiyaç Kredisi (TL, Akım, %)",avg,78.004
bie_kt100h,2024-05,TP.KTF101,"İhtiyaç Kredisi (KMH Dahil) (TL, Akım, %)",avg,76.662
bie_kt100h,2024-05,TP.KTF11,"Taşıt Kredisi (TL, Akım, %)",avg,42.978
bie_kt100h,2024-05,TP.KTF12,"Konut Kredisi (TL, Akım, %)",avg,44.694
bie_kt100h,2024-05,TP.KTF17,"Ticari Krediler (TL, Akım, %)",avg,64.792
bie_kt100h,2024-05,TP.KTF17.EUR,"Ticari Krediler (Euro, Akım, %)",avg,7.094
bie_kt100h,2024-05,TP.KTF17.USD,"Ticari Krediler (ABD doları, Akım,%)",avg,8.812
bie_kt100h,2024-05,TP.KTF18,"Ticari Krediler (Tüzel Kişi KMH ve Kurumsal Kredi Kartları Hariç) (TL, Akım, %)",avg,64.152
bie_kt100h,2024-05,TP.KTFTUK,"Tüketici Kredisi (İhtiyaç+Taşıt+Konut) (TL, Akım, %)",avg,74.158
bie_kt100h,2024-05,TP.KTFTUK01,"Tüketici Kredisi (KMH Dahil) (İhtiyaç+Taşıt+Konut) (TL, Akım, %)",avg,75.304
bie_kt100h,2024-06,TP.KTF10,"İhtiyaç Kredisi (TL, Akım, %)",avg,74.91
bie_kt100h,2024-06,TP.KTF101,"İhtiyaç Kredisi (KMH Dahil) (TL, Akım, %)",avg,75.34
bie_kt100h,2024-06,TP.KTF11,"Taşıt Kredisi (TL, Akım, %)",avg,40.2425
bie_kt100h,2024-06,TP.KTF12,"Konut Kredisi (TL, Akım, %)",avg,44.4825
bie_kt100h,2024-06,TP.KTF17,"Ticari Krediler (TL, Akım, %)",avg,63.4825
bie_kt100h,2024-06,TP.KTF17.EUR,"Ticari Krediler (Euro, Akım, %)",avg,6.8575
bie_kt100h,2024-06,TP.KTF17.USD,"Ticari Krediler (ABD doları, Akım,%)",avg,8.72
bie_kt100h,2024-06,TP.KTF18,"Ticari Krediler (Tüzel Kişi KMH ve Kurumsal Kredi Kartları Hariç) (TL, Akım, %)",avg,61.89
bie_kt100h,2024-06,TP.KTFTUK,"Tüketici Kredisi (İhtiyaç+Taşıt+Konut) (TL, Akım, %)",avg,72.61
bie_kt100h,2024-06,TP.KTFTUK01,"Tüketici Kredisi (KMH Dahil) (İhtiyaç+Taşıt+Konut) (TL, Akım, %)",avg,74.4425
bie_kt100h,2024-07,TP.KTF10,"İhtiyaç Kredisi (TL, Akım, %)",avg,76.2225
bie_kt100h,2024-07,TP.KTF101,"İhtiyaç Kredisi (KMH Dahil) (TL, Akım, %)",avg,76.56
bie_kt100h,2024-07,TP.KTF11,"Taşıt Kredisi (TL, Akım, %)",avg,54.3925
bie_kt100h,2024-07,TP.KTF12,"Konut Kredisi (TL, Akım, %)",avg,44.0975
bie_kt100h,2024-07,TP.KTF17,"Ticari Krediler (TL, Akım, %)",avg,62.3775
bie_kt100h,2024-07,TP.KTF17.EUR,"Ticari Krediler (Euro, Akım, %)",avg,6.9675
bie_kt100h,2024-07,TP.KTF17.USD,"Ticari Krediler (ABD doları, Akım,%)",avg,8.285
bie_kt100h,2024-07,TP.KTF18,"Ticari Krediler (Tüzel Kişi KMH ve Kurumsal Kredi Kartları Hariç) (TL, Akım, %)",avg,60.3025
bie_kt100h,2024-07,TP.KTFTUK,"Tüketici Kredisi (İhtiyaç+Taşıt+Konut) (TL, Akım, %)",avg,73.85
bie_kt100h,2024-07,TP.KTFTUK01,"Tüketici Kredisi (KMH Dahil) (İhtiyaç+Taşıt+Konut) (TL, Akım, %)",avg,75.715
bie_kt100h,2024-08,TP.KTF10,"İhtiyaç Kredisi (TL, Akım, %)",avg,73.532
bie_kt100h,2024-08,TP.KTF101,"İhtiyaç Kredisi (KMH Dahil) (TL, Akım, %)",avg,75.344
bie_kt100h,2024-08,TP.KTF11,"Taşıt Kredisi (TL, Akım, %)",avg,52.864
bie_kt100h,2024-08,TP.KTF12,"Konut Kredisi (TL, Akım, %)",avg,43.53
bie_kt100h,2024-08,TP.KTF17,"Ticari Krediler (TL, Akım, %)",avg,60.582
bie_kt100h,2024-08,TP.KTF17.EUR,"Ticari Krediler (Euro, Akım, %)",avg,6.764
bie_kt100h,2024-08,TP.KTF17.USD,"Ticari Krediler (ABD doları, Akım,%)",avg,8.38
bie_kt100h,2024-08,TP.KTF18,"Ticari Krediler (Tüzel Kişi KMH ve Kurumsal Kredi Kartları Hariç) (TL, Akım, %)",avg,58.084
bie_kt100h,2024-08,TP.KTFTUK,"Tüketici Kredisi (İhtiyaç+Taşıt+Konut) (TL, Akım, %)",avg,70.97
bie_kt100h,2024-08,TP.KTFTUK01,"Tüketici Kredisi (KMH Dahil) (İhtiyaç+Taşıt+Konut) (TL, Akım, %)",avg,74.376
bie_kt100h,2024-09,TP.KTF10,"İhtiyaç Kredisi (TL, Akım, %)",avg,71.9025
bie_kt100h,2024-09,TP.KTF101,"İhtiyaç Kredisi (KMH Dahil) (TL, Akım, %)",avg,74.8675
bie_kt100h,2024-09,TP.KTF11,"Taşıt Kredisi (TL, Akım, %)",avg,47.7725
bie_kt100h,2024-09,TP.KTF12,"Konut Kredisi (TL, Akım, %)",avg,43.15
bie_kt100h,2024-09,TP.KTF17,"Ticari Krediler (TL, Akım, %)",avg,59.445
bie_kt100h,2024-09,TP.KTF17.EUR,"Ticari Krediler (Euro, Akım, %)",avg,6.735
bie_kt100h,2024-09,TP.KTF17.USD,"Ticari Krediler (ABD doları, Akım,%)",avg,7.9925
bie_kt100h,2024-09,TP.KTF18,"Ticari Krediler (Tüzel Kişi KMH ve Kurumsal Kredi Kartları Hariç) (TL, Akım, %)",avg,56.445
bie_kt100h,2024-09,TP.KTFTUK,"Tüketici Kredisi (İhtiyaç+Taşıt+Konut) (TL, Akım, %)",avg,68.6175
bie_kt100h,2024-09,TP.KTFTUK01,"Tüketici Kredisi (KMH Dahil) (İhtiyaç+Taşıt+Konut) (TL, Akım, %)",avg,73.605
bie_kt100h,2024-10,TP.KTF10,"İhtiyaç Kredisi (TL, Akım, %)",avg,71.0575
bie_kt100h,2024-10,TP.KTF101,"İhtiyaç Kredisi (KMH Dahil) (TL, Akım, %)",avg,74.3825
bie_kt100h,2024-10,TP.KTF11,"Taşıt Kredisi (TL, Akım, %)",avg,46.5975
bie_kt100h,2024-10,TP.KTF12,"Konut Kredisi (TL, Akım, %)",avg,41.5175
bie_kt100h,2024-10,TP.KTF17,"Ticari Krediler (TL, Akım, %)",avg,59.8125
bie_kt100h,2024-10,TP.KTF17.EUR,"Ticari Krediler (Euro, Akım, %)",avg,6.4825
bie_kt100h,2024-10,TP.KTF17.USD,"Ticari Krediler (ABD doları, Akım,%)",avg,7.7525
bie_kt100h,2024-10,TP.KTF18,"Ticari Krediler (Tüzel Kişi KMH ve Kurumsal Kredi Kartları Hariç) (TL, Akım, %)",avg,56.5225
bie_kt100h,2024-10,TP.KTFTUK,"Tüketici Kredisi (İhtiyaç+Taşıt+Konut) (TL, Akım, %)",avg,67.0275
bie_kt100h,2024-10,TP.KTFTUK01,"Tüketici Kredisi (KMH Dahil) (İhtiyaç+Taşıt+Konut) (TL, Akım, %)",avg,72.7625
bie_kt100h,2024-11,TP.KTF10,"İhtiyaç Kredisi (TL, Akım, %)",avg,70.3
bie_kt100h,2024-11,TP.KTF101,"İhtiyaç Kredisi (KMH Dahil) (TL, Akım, %)",avg,73.958
bie_kt100h,2024-11,TP.KTF11,"Taşıt Kredisi (TL, Akım, %)",avg,42.78
bie_kt100h,2024-11,TP.KTF12,"Konut Kredisi (TL, Akım, %)",avg,41.236
bie_kt100h,2024-11,TP.KTF17,"Ticari Krediler (TL, Akım, %)",avg,59.72
bie_kt100h,2024-11,TP.KTF17.EUR,"Ticari Krediler (Euro, Akım, %)",avg,6.24
bie_kt100h,2024-11,TP.KTF17.USD,"Ticari Krediler (ABD doları, Akım,%)",avg,7.81
bie_kt100h,2024-11,TP.KTF18,"Ticari Krediler (Tüzel Kişi KMH ve Kurumsal Kredi Kartları Hariç) (TL, Akım, %)",avg,55.032
bie_kt100h,2024-11,TP.KTFTUK,"Tüketici Kredisi (İhtiyaç+Taşıt+Konut) (TL, Akım, %)",avg,66.038
bie_kt100h,2024-11,TP.KTFTUK01,"Tüketici Kredisi (KMH Dahil) (İhtiyaç+Taşıt+Konut) (TL, Akım, %)",avg,72.22
bie_kt100h,2024-12,TP.KTF10,"İhtiyaç Kredisi (TL, Akım, %)",avg,69.4825
bie_kt100h,2024-12,TP.KTF101,"İhtiyaç Kredisi (KMH Dahil) (TL, Akım, %)",avg,73.695
bie_kt100h,2024-12,TP.KTF11,"Taşıt Kredisi (TL, Akım, %)",avg,39.9075
bie_kt100h,2024-12,TP.KTF12,"Konut Kredisi (TL, Akım, %)",avg,41.055
bie_kt100h,2024-12,TP.KTF17,"Ticari Krediler (TL, Akım, %)",avg,60.21
bie_kt100h,2024-12,TP.KTF17.EUR,"Ticari Krediler (Euro, Akım, %)",avg,5.9525
bie_kt100h,2024-12,TP.KTF17.USD,"Ticari Krediler (ABD doları, Akım,%)",avg,7.9575
bie_kt100h,2024-12,TP.KTF18,"Ticari Krediler (Tüzel Kişi KMH ve Kurumsal Kredi Kartları Hariç) (TL, Akım, %)",avg,55.59
bie_kt100h,2024-12,TP.KTFTUK,"Tüketici Kredisi (İhtiyaç+Taşıt+Konut) (TL, Akım, %)",avg,65.175
bie_kt100h,2024-12,TP.KTFTUK01,"Tüketici Kredisi (KMH Dahil) (İhtiyaç+Taşıt+Konut) (TL, Akım, %)",avg,71.9025
bie_kt100h,2025-01,TP.KTF10,"İhtiyaç Kredisi (TL, Akım, %)",avg,68.342
bie_kt100h,2025-01,TP.KTF101,"İhtiyaç Kredisi (KMH Dahil) (TL, Akım, %)",avg,73.142
bie_kt100h,2025-01,TP.KTF11,"Taşıt Kredisi (TL, Akım, %)",avg,46.168
bie_kt100h,2025-01,TP.KTF12,"Konut Kredisi (TL, Akım, %)",avg,40.536
bie_kt100h,2025-01,TP.KTF17,"Ticari Krediler (TL, Akım, %)",avg,59.856
bie_kt100h,2025-01,TP.KTF17.EUR,"Ticari Krediler (Euro, Akım, %)",avg,6.334
bie_kt100h,2025-01,TP.KTF17.USD,"Ticari Krediler (ABD doları, Akım,%)",avg,8.026
bie_kt100h,2025-01,TP.KTF18,"Ticari Krediler (Tüzel Kişi KMH ve Kurumsal Kredi Kartları Hariç) (TL, Akım, %)",avg,54.134
bie_kt100h,2025-01,TP.KTFTUK,"Tüketici Kredisi (İhtiyaç+Taşıt+Konut) (TL, Akım, %)",avg,65.288
bie_kt100h,2025-01,TP.KTFTUK01,"Tüketici Kredisi (KMH Dahil) (İhtiyaç+Taşıt+Konut) (TL, Akım, %)",avg,71.942
bie_kt100h,2025-02,TP.KTF10,"İhtiyaç Kredisi (TL, Akım, %)",avg,64.155
bie_kt100h,2025-02,TP.KTF101,"İhtiyaç Kredisi (KMH Dahil) (TL, Akım, %)",avg,71.455
bie_kt100h,2025-02,TP.KTF11,"Taşıt Kredisi (TL, Akım, %)",avg,41.4075
bie_kt100h,2025-02,TP.KTF12,"Konut Kredisi (TL, Akım, %)",avg,39.975
bie_kt100h,2025-02,TP.KTF17,"Ticari Krediler (TL, Akım, %)",avg,56.2425
bie_kt100h,2025-02,TP.KTF17.EUR,"Ticari Krediler (Euro, Akım, %)",avg,6.1725
bie_kt100h,2025-02,TP.KTF17.USD,"Ticari Krediler (ABD doları, Akım,%)",avg,7.9675
bie_kt100h,2025-02,TP.KTF18,"Ticari Krediler (Tüzel Kişi KMH ve Kurumsal Kredi Kartları Hariç) (TL, Akım, %)",avg,49.965
bie_kt100h,2025-02,TP.KTFTUK,"Tüketici Kredisi (İhtiyaç+Taşıt+Konut) (TL, Akım, %)",avg,61.53
bie_kt100h,2025-02,TP.KTFTUK01,"Tüketici Kredisi (KMH Dahil) (İhtiyaç+Taşıt+Konut) (TL, Akım, %)",avg,70.2375
bie_kt100h,2025-03,TP.KTF10,"İhtiyaç Kredisi (TL, Akım, %)",avg,65.76
bie_kt100h,2025-03,TP.KTF101,"İhtiyaç Kredisi (KMH Dahil) (TL, Akım, %)",avg,71.5875
bie_kt100h,2025-03,TP.KTF11,"Taşıt Kredisi (TL, Akım, %)",avg,40.975
bie_kt100h,2025-03,TP.KTF12,"Konut Kredisi (TL, Akım, %)",avg,39.38
bie_kt100h,2025-03,TP.KTF17,"Ticari Krediler (TL, Akım, %)",avg,57.65
bie_kt100h,2025-03,TP.KTF17.EUR,"Ticari Krediler (Euro, Akım, %)",avg,6.665
bie_kt100h,2025-03,TP.KTF17.USD,"Ticari Krediler (ABD doları, Akım,%)",avg,8.645
bie_kt100h,2025-03,TP.KTF18,"Ticari Krediler (Tüzel Kişi KMH ve Kurumsal Kredi Kartları Hariç) (TL, Akım, %)",avg,51.6725
bie_kt100h,2025-03,TP.KTFTUK,"Tüketici Kredisi (İhtiyaç+Taşıt+Konut) (TL, Akım, %)",avg,62.5
bie_kt100h,2025-03,TP.KTFTUK01,"Tüketici Kredisi (KMH Dahil) (İhtiyaç+Taşıt+Konut) (TL, Akım, %)",avg,70.275
bie_kt100h,2025-04,TP.KTF10,"İhtiyaç Kredisi (TL, Akım, %)",avg,70.2975
bie_kt100h,2025-04,TP.KTF101,"İhtiyaç Kredisi (KMH Dahil) (TL, Akım, %)",avg,73.65
bie_kt100h,2025-04,TP.KTF11,"Taşıt Kredisi (TL, Akım, %)",avg,43.985
bie_kt100h,2025-04,TP.KTF12,"Konut Kredisi (TL, Akım, %)",avg,39.5625
bie_kt100h,2025-04,TP.KTF17,"Ticari Krediler (TL, Akım, %)",avg,61.9275
bie_kt100h,2025-04,TP.KTF17.EUR,"Ticari Krediler (Euro, Akım, %)",avg,7.01
bie_kt100h,2025-04,TP.KTF17.USD,"Ticari Krediler (ABD doları, Akım,%)",avg,8.705
bie_kt100h,2025-04,TP.KTF18,"Ticari Krediler (Tüzel Kişi KMH ve Kurumsal Kredi Kartları Hariç) (TL, Akım, %)",avg,56.615
bie_kt100h,2025-04,TP.KTFTUK,"Tüketici Kredisi (İhtiyaç+Taşıt+Konut) (TL, Akım, %)",avg,66.725
bie_kt100h,2025-04,TP.KTFTUK01,"Tüketici Kredisi (KMH Dahil) (İhtiyaç+Taşıt+Konut) (TL, Akım, %)",avg,72.3675
bie_kt100h,2025-05,TP.KTF10,"İhtiyaç Kredisi (TL, Akım, %)",avg,73.352
bie_kt100h,2025-05,TP.KTF101,"İhtiyaç Kredisi (KMH Dahil) (TL, Akım, %)",avg,74.292
bie_kt100h,2025-05,TP.KTF11,"Taşıt Kredisi (TL, Akım, %)",avg,45.892
bie_kt100h,2025-05,TP.KTF12,"Konut Kredisi (TL, Akım, %)",avg,42.14
bie_kt100h,2025-05,TP.KTF17,"Ticari Krediler (TL, Akım, %)",avg,62.132
bie_kt100h,2025-05,TP.KTF17.EUR,"Ticari Krediler (Euro, Akım, %)",avg,7.158
bie_kt100h,2025-05,TP.KTF17.USD,"Ticari Krediler (ABD doları, Akım,%)",avg,8.712
bie_kt100h,2025-05,TP.KTF18,"Ticari Krediler (Tüzel Kişi KMH ve Kurumsal Kredi Kartları Hariç) (TL, Akım, %)",avg,57.874
bie_kt100h,2025-05,TP.KTFTUK,"Tüketici Kredisi (İhtiyaç+Taşıt+Konut) (TL, Akım, %)",avg,69.642
bie_kt100h,2025-05,TP.KTFTUK01,"Tüketici Kredisi (KMH Dahil) (İhtiyaç+Taşıt+Konut) (TL, Akım, %)",avg,73.028
bie_kt100h,2025-06,TP.KTF10,"İhtiyaç Kredisi (TL, Akım, %)",avg,70.7525
bie_kt100h,2025-06,TP.KTF101,"İhtiyaç Kredisi (KMH Dahil) (TL, Akım, %)",avg,74.565
bie_kt100h,2025-06,TP.KTF11,"Taşıt Kredisi (TL, Akım, %)",avg,44.875
bie_kt100h,2025-06,TP.KTF12,"Konut Kredisi (TL, Akım, %)",avg,43.47
bie_kt100h,2025-06,TP.KTF17,"Ticari Krediler (TL, Akım, %)",avg,63.1925
bie_kt100h,2025-06,TP.KTF17.EUR,"Ticari Krediler (Euro, Akım, %)",avg,7.24
bie_kt100h,2025-06,TP.KTF17.USD,"Ticari Krediler (ABD doları, Akım,%)",avg,8.6325
bie_kt100h,2025-06,TP.KTF18,"Ticari Krediler (Tüzel Kişi KMH ve Kurumsal Kredi Kartları Hariç) (TL, Akım, %)",avg,58.9575
bie_kt100h,2025-06,TP.KTFTUK,"Tüketici Kredisi (İhtiyaç+Taşıt+Konut) (TL, Akım, %)",avg,68.17
bie_kt100h,2025-06,TP.KTFTUK01,"Tüketici Kredisi (KMH Dahil) (İhtiyaç+Taşıt+Konut) (TL, Akım, %)",avg,73.56
bie_kt100h,2025-07,TP.KTF10,"İhtiyaç Kredisi (TL, Akım, %)",avg,68.185
bie_kt100h,2025-07,TP.KTF101,"İhtiyaç Kredisi (KMH Dahil) (TL, Akım, %)",avg,73.57
bie_kt100h,2025-07,TP.KTF11,"Taşıt Kredisi (TL, Akım, %)",avg,44.9475
bie_kt100h,2025-07,TP.KTF12,"Konut Kredisi (TL, Akım, %)",avg,42.5625
bie_kt100h,2025-07,TP.KTF17,"Ticari Krediler (TL, Akım, %)",avg,60.8375
bie_kt100h,2025-07,TP.KTF17.EUR,"Ticari Krediler (Euro, Akım, %)",avg,6.8625
bie_kt100h,2025-07,TP.KTF17.USD,"Ticari Krediler (ABD doları, Akım,%)",avg,8.5475
bie_kt100h,2025-07,TP.KTF18,"Ticari Krediler (Tüzel Kişi KMH ve Kurumsal Kredi Kartları Hariç) (TL, Akım, %)",avg,55.2525
bie_kt100h,2025-07,TP.KTFTUK,"Tüketici Kredisi (İhtiyaç+Taşıt+Konut) (TL, Akım, %)",avg,65.7425
bie_kt100h,2025-07,TP.KTFTUK01,"Tüketici Kredisi (KMH Dahil) (İhtiyaç+Taşıt+Konut) (TL, Akım, %)",avg,72.5625
bie_kt100h,2025-08,TP.KTF10,"İhtiyaç Kredisi (TL, Akım, %)",avg,65.298
bie_kt100h,2025-08,TP.KTF101,"İhtiyaç Kredisi (KMH Dahil) (TL, Akım, %)",avg,69.306
bie_kt100h,2025-08,TP.KTF11,"Taşıt Kredisi (TL, Akım, %)",avg,41.874
bie_kt100h,2025-08,TP.KTF12,"Konut Kredisi (TL, Akım, %)",avg,40.36
bie_kt100h,2025-08,TP.KTF17,"Ticari Krediler (TL, Akım, %)",avg,56.46
bie_kt100h,2025-08,TP.KTF17.EUR,"Ticari Krediler (Euro, Akım, %)",avg,6.21
bie_kt100h,2025-08,TP.KTF17.USD,"Ticari Krediler (ABD doları, Akım,%)",avg,8.088
bie_kt100h,2025-08,TP.KTF18,"Ticari Krediler (Tüzel Kişi KMH ve Kurumsal Kredi Kartları Hariç) (TL, Akım, %)",avg,51.178
bie_kt100h,2025-08,TP.KTFTUK,"Tüketici Kredisi (İhtiyaç+Taşıt+Konut) (TL, Akım, %)",avg,62.594
bie_kt100h,2025-08,TP.KTFTUK01,"Tüketici Kredisi (KMH Dahil) (İhtiyaç+Taşıt+Konut) (TL, Akım, %)",avg,68.196
bie_kt100h,2025-09,TP.KTF10,"İhtiyaç Kredisi (TL, Akım, %)",avg,62.1625
bie_kt100h,2025-09,TP.KTF101,"İhtiyaç Kredisi (KMH Dahil) (TL, Akım, %)",avg,67.6575
bie_kt100h,2025-09,TP.KTF11,"Taşıt Kredisi (TL, Akım, %)",avg,41.1625
bie_kt100h,2025-09,TP.KTF12,"Konut Kredisi (TL, Akım, %)",avg,38.8
bie_kt100h,2025-09,TP.KTF17,"Ticari Krediler (TL, Akım, %)",avg,54.785
bie_kt100h,2025-09,TP.KTF17.EUR,"Ticari Krediler (Euro, Akım, %)",avg,6.2275
bie_kt100h,2025-09,TP.KTF17.USD,"Ticari Krediler (ABD doları, Akım,%)",avg,7.7975
bie_kt100h,2025-09,TP.KTF18,"Ticari Krediler (Tüzel Kişi KMH ve Kurumsal Kredi Kartları Hariç) (TL, Akım, %)",avg,49.12
bie_kt100h,2025-09,TP.KTFTUK,"Tüketici Kredisi (İhtiyaç+Taşıt+Konut) (TL, Akım, %)",avg,59.6625
bie_kt100h,2025-09,TP.KTFTUK01,"Tüketici Kredisi (KMH Dahil) (İhtiyaç+Taşıt+Konut) (TL, Akım, %)",avg,66.5675
bie_kt100h,2025-10,TP.KTF10,"İhtiyaç Kredisi (TL, Akım, %)",avg,61.858
bie_kt100h,2025-10,TP.KTF101,"İhtiyaç Kredisi (KMH Dahil) (TL, Akım, %)",avg,65.468
bie_kt100h,2025-10,TP.KTF11,"Taşıt Kredisi (TL, Akım, %)",avg,36.562
bie_kt100h,2025-10,TP.KTF12,"Konut Kredisi (TL, Akım, %)",avg,37.94
bie_kt100h,2025-10,TP.KTF17,"Ticari Krediler (TL, Akım, %)",avg,53.724
bie_kt100h,2025-10,TP.KTF17.EUR,"Ticari Krediler (Euro, Akım, %)",avg,6.154
bie_kt100h,2025-10,TP.KTF17.USD,"Ticari Krediler (ABD doları, Akım,%)",avg,7.732
bie_kt100h,2025-10,TP.KTF18,"Ticari Krediler (Tüzel Kişi KMH ve Kurumsal Kredi Kartları Hariç) (TL, Akım, %)",avg,47.96
bie_kt100h,2025-10,TP.KTFTUK,"Tüketici Kredisi (İhtiyaç+Taşıt+Konut) (TL, Akım, %)",avg,58.792
bie_kt100h,2025-10,TP.KTFTUK01,"Tüketici Kredisi (KMH Dahil) (İhtiyaç+Taşıt+Konut) (TL, Akım, %)",avg,64.274
bie_kt100h,2025-11,TP.KTF10,"İhtiyaç Kredisi (TL, Akım, %)",avg,62.31
bie_kt100h,2025-11,TP.KTF101,"İhtiyaç Kredisi (KMH Dahil) (TL, Akım, %)",avg,65.6925
bie_kt100h,2025-11,TP.KTF11,"Taşıt Kredisi (TL, Akım, %)",avg,34.9475
bie_kt100h,2025-11,TP.KTF12,"Konut Kredisi (TL, Akım, %)",avg,37.7625
bie_kt100h,2025-11,TP.KTF17,"Ticari Krediler (TL, Akım, %)",avg,52.8575
bie_kt100h,2025-11,TP.KTF17.EUR,"Ticari Krediler (Euro, Akım, %)",avg,5.995
bie_kt100h,2025-11,TP.KTF17.USD,"Ticari Krediler (ABD doları, Akım,%)",avg,7.3075
bie_kt100h,2025-11,TP.KTF18,"Ticari Krediler (Tüzel Kişi KMH ve Kurumsal Kredi Kartları Hariç) (TL, Akım, %)",avg,47.1175
bie_kt100h,2025-11,TP.KTFTUK,"Tüketici Kredisi (İhtiyaç+Taşıt+Konut) (TL, Akım, %)",avg,59.0925
bie_kt100h,2025-11,TP.KTFTUK01,"Tüketici Kredisi (KMH Dahil) (İhtiyaç+Taşıt+Konut) (TL, Akım, %)",avg,64.4375
bie_kt100h,2025-12,TP.KTF10,"İhtiyaç Kredisi (TL, Akım, %)",avg,56.415
bie_kt100h,2025-12,TP.KTF101,"İhtiyaç Kredisi (KMH Dahil) (TL, Akım, %)",avg,61.5925
bie_kt100h,2025-12,TP.KTF11,"Taşıt Kredisi (TL, Akım, %)",avg,33.13
bie_kt100h,2025-12,TP.KTF12,"Konut Kredisi (TL, Akım, %)",avg,37.29
bie_kt100h,2025-12,TP.KTF17,"Ticari Krediler (TL, Akım, %)",avg,51.645
bie_kt100h,2025-12,TP.KTF17.EUR,"Ticari Krediler (Euro, Akım, %)",avg,5.7775
bie_kt100h,2025-12,TP.KTF17.USD,"Ticari Krediler (ABD doları, Akım,%)",avg,7.3725
bie_kt100h,2025-12,TP.KTF18,"Ticari Krediler (Tüzel Kişi KMH ve Kurumsal Kredi Kartları Hariç) (TL, Akım, %)",avg,46.45
bie_kt100h,2025-12,TP.KTFTUK,"Tüketici Kredisi (İhtiyaç+Taşıt+Konut) (TL, Akım, %)",avg,54.0725
bie_kt100h,2025-12,TP.KTFTUK01,"Tüketici Kredisi (KMH Dahil) (İhtiyaç+Taşıt+Konut) (TL, Akım, %)",avg,60.5325
bie_kt100h,2026-01,TP.KTF10,"İhtiyaç Kredisi (TL, Akım, %)",avg,59.752
bie_kt100h,2026-01,TP.KTF101,"İhtiyaç Kredisi (KMH Dahil) (TL, Akım, %)",avg,61.628
bie_kt100h,2026-01,TP.KTF11,"Taşıt Kredisi (TL, Akım, %)",avg,37.362
bie_kt100h,2026-01,TP.KTF12,"Konut Kredisi (TL, Akım, %)",avg,36.238
bie_kt100h,2026-01,TP.KTF17,"Ticari Krediler (TL, Akım, %)",avg,50.556
bie_kt100h,2026-01,TP.KTF17.EUR,"Ticari Krediler (Euro, Akım, %)",avg,5.826
bie_kt100h,2026-01,TP.KTF17.USD,"Ticari Krediler (ABD doları, Akım,%)",avg,7.33
bie_kt100h,2026-01,TP.KTF18,"Ticari Krediler (Tüzel Kişi KMH ve Kurumsal Kredi Kartları Hariç) (TL, Akım, %)",avg,45.678
bie_kt100h,2026-01,TP.KTFTUK,"Tüketici Kredisi (İhtiyaç+Taşıt+Konut) (TL, Akım, %)",avg,56.916
bie_kt100h,2026-01,TP.KTFTUK01,"Tüketici Kredisi (KMH Dahil) (İhtiyaç+Taşıt+Konut) (TL, Akım, %)",avg,60.726
bie_kt100h,2026-02,TP.KTF10,"İhtiyaç Kredisi (TL, Akım, %)",avg,59.0875
bie_kt100h,2026-02,TP.KTF101,"İhtiyaç Kredisi (KMH Dahil) (TL, Akım, %)",avg,61.81
bie_kt100h,2026-02,TP.KTF11,"Taşıt Kredisi (TL, Akım, %)",avg,36.8775
bie_kt100h,2026-02,TP.KTF12,"Konut Kredisi (TL, Akım, %)",avg,35.155
bie_kt100h,2026-02,TP.KTF17,"Ticari Krediler (TL, Akım, %)",avg,50.2
bie_kt100h,2026-02,TP.KTF17.EUR,"Ticari Krediler (Euro, Akım, %)",avg,5.84
bie_kt100h,2026-02,TP.KTF17.USD,"Ticari Krediler (ABD doları, Akım,%)",avg,7.1025
bie_kt100h,2026-02,TP.KTF18,"Ticari Krediler (Tüzel Kişi KMH ve Kurumsal Kredi Kartları Hariç) (TL, Akım, %)",avg,46.0775
bie_kt100h,2026-02,TP.KTFTUK,"Tüketici Kredisi (İhtiyaç+Taşıt+Konut) (TL, Akım, %)",avg,55.69
bie_kt100h,2026-02,TP.KTFTUK01,"Tüketici Kredisi (KMH Dahil) (İhtiyaç+Taşıt+Konut) (TL, Akım, %)",avg,60.4775
bie_kt100h,2026-03,TP.KTF10,"İhtiyaç Kredisi (TL, Akım, %)",avg,58.63
bie_kt100h,2026-03,TP.KTF101,"İhtiyaç Kredisi (KMH Dahil) (TL, Akım, %)",avg,61.215
bie_kt100h,2026-03,TP.KTF11,"Taşıt Kredisi (TL, Akım, %)",avg,35.6625
bie_kt100h,2026-03,TP.KTF12,"Konut Kredisi (TL, Akım, %)",avg,34.655
bie_kt100h,2026-03,TP.KTF17,"Ticari Krediler (TL, Akım, %)",avg,52.1575
bie_kt100h,2026-03,TP.KTF17.EUR,"Ticari Krediler (Euro, Akım, %)",avg,6.2075
bie_kt100h,2026-03,TP.KTF17.USD,"Ticari Krediler (ABD doları, Akım,%)",avg,7.52
bie_kt100h,2026-03,TP.KTF18,"Ticari Krediler (Tüzel Kişi KMH ve Kurumsal Kredi Kartları Hariç) (TL, Akım, %)",avg,47.835
bie_kt100h,2026-03,TP.KTFTUK,"Tüketici Kredisi (İhtiyaç+Taşıt+Konut) (TL, Akım, %)",avg,54.855
bie_kt100h,2026-03,TP.KTFTUK01,"Tüketici Kredisi (KMH Dahil) (İhtiyaç+Taşıt+Konut) (TL, Akım, %)",avg,59.7925
bie_kt100h,2026-04,TP.KTF10,"İhtiyaç Kredisi (TL, Akım, %)",avg,62.315
bie_kt100h,2026-04,TP.KTF101,"İhtiyaç Kredisi (KMH Dahil) (TL, Akım, %)",avg,62.6625
bie_kt100h,2026-04,TP.KTF11,"Taşıt Kredisi (TL, Akım, %)",avg,39.9475
bie_kt100h,2026-04,TP.KTF12,"Konut Kredisi (TL, Akım, %)",avg,36.615
bie_kt100h,2026-04,TP.KTF17,"Ticari Krediler (TL, Akım, %)",avg,53.7325
bie_kt100h,2026-04,TP.KTF17.EUR,"Ticari Krediler (Euro, Akım, %)",avg,6.74
bie_kt100h,2026-04,TP.KTF17.USD,"Ticari Krediler (ABD doları, Akım,%)",avg,7.9225
bie_kt100h,2026-04,TP.KTF18,"Ticari Krediler (Tüzel Kişi KMH ve Kurumsal Kredi Kartları Hariç) (TL, Akım, %)",avg,50.04
bie_kt100h,2026-04,TP.KTFTUK,"Tüketici Kredisi (İhtiyaç+Taşıt+Konut) (TL, Akım, %)",avg,58.8325
bie_kt100h,2026-04,TP.KTFTUK01,"Tüketici Kredisi (KMH Dahil) (İhtiyaç+Taşıt+Konut) (TL, Akım, %)",avg,61.5375
bie_kt100h,2026-05,TP.KTF10,"İhtiyaç Kredisi (TL, Akım, %)",avg,62.066
bie_kt100h,2026-05,TP.KTF101,"İhtiyaç Kredisi (KMH Dahil) (TL, Akım, %)",avg,62.752
bie_kt100h,2026-05,TP.KTF11,"Taşıt Kredisi (TL, Akım, %)",avg,36.278
bie_kt100h,2026-05,TP.KTF12,"Konut Kredisi (TL, Akım, %)",avg,38.426
bie_kt100h,2026-05,TP.KTF17,"Ticari Krediler (TL, Akım, %)",avg,53.34
bie_kt100h,2026-05,TP.KTF17.EUR,"Ticari Krediler (Euro, Akım, %)",avg,6.466
bie_kt100h,2026-05,TP.KTF17.USD,"Ticari Krediler (ABD doları, Akım,%)",avg,7.778
bie_kt100h,2026-05,TP.KTF18,"Ticari Krediler (Tüzel Kişi KMH ve Kurumsal Kredi Kartları Hariç) (TL, Akım, %)",avg,49.16
bie_kt100h,2026-05,TP.KTFTUK,"Tüketici Kredisi (İhtiyaç+Taşıt+Konut) (TL, Akım, %)",avg,59.666
bie_kt100h,2026-05,TP.KTFTUK01,"Tüketici Kredisi (KMH Dahil) (İhtiyaç+Taşıt+Konut) (TL, Akım, %)",avg,61.914
bie_kt100h,2026-06,TP.KTF10,"İhtiyaç Kredisi (TL, Akım, %)",avg,63.68
bie_kt100h,2026-06,TP.KTF101,"İhtiyaç Kredisi (KMH Dahil) (TL, Akım, %)",avg,63.2625
bie_kt100h,2026-06,TP.KTF11,"Taşıt Kredisi (TL, Akım, %)",avg,49.065
bie_kt100h,2026-06,TP.KTF12,"Konut Kredisi (TL, Akım, %)",avg,40.335
bie_kt100h,2026-06,TP.KTF17,"Ticari Krediler (TL, Akım, %)",avg,53.9625
bie_kt100h,2026-06,TP.KTF17.EUR,"Ticari Krediler (Euro, Akım, %)",avg,6.825
bie_kt100h,2026-06,TP.KTF17.USD,"Ticari Krediler (ABD doları, Akım,%)",avg,8.0325
bie_kt100h,2026-06,TP.KTF18,"Ticari Krediler (Tüzel Kişi KMH ve Kurumsal Kredi Kartları Hariç) (TL, Akım, %)",avg,50.5575
bie_kt100h,2026-06,TP.KTFTUK,"Tüketici Kredisi (İhtiyaç+Taşıt+Konut) (TL, Akım, %)",avg,61.7875
bie_kt100h,2026-06,TP.KTFTUK01,"Tüketici Kredisi (KMH Dahil) (İhtiyaç+Taşıt+Konut) (TL, Akım, %)",avg,62.62
bie_kt100h,2026-07,TP.KTF10,"İhtiyaç Kredisi (TL, Akım, %)",avg,64.542
bie_kt100h,2026-07,TP.KTF101,"İhtiyaç Kredisi (KMH Dahil) (TL, Akım, %)",avg,63.396
bie_kt100h,2026-07,TP.KTF11,"Taşıt Kredisi (TL, Akım, %)",avg,46.554
bie_kt100h,2026-07,TP.KTF12,"Konut Kredisi (TL, Akım, %)",avg,41.462
bie_kt100h,2026-07,TP.KTF17,"Ticari Krediler (TL, Akım, %)",avg,54.124
bie_kt100h,2026-07,TP.KTF17.EUR,"Ticari Krediler (Euro, Akım, %)",avg,6.928
bie_kt100h,2026-07,TP.KTF17.USD,"Ticari Krediler (ABD doları, Akım,%)",avg,7.99
bie_kt100h,2026-07,TP.KTF18,"Ticari Krediler (Tüzel Kişi KMH ve Kurumsal Kredi Kartları Hariç) (TL, Akım, %)",avg,50.128
bie_kt100h,2026-07,TP.KTFTUK,"Tüketici Kredisi (İhtiyaç+Taşıt+Konut) (TL, Akım, %)",avg,62.656
bie_kt100h,2026-07,TP.KTFTUK01,"Tüketici Kredisi (KMH Dahil) (İhtiyaç+Taşıt+Konut) (TL, Akım, %)",avg,62.862
bie_kt100h,2026-08,TP.KTF10,"İhtiyaç Kredisi (TL, Akım, %)",avg,63.9375
bie_kt100h,2026-08,TP.KTF101,"İhtiyaç Kredisi (KMH Dahil) (TL, Akım, %)",avg,63.48
bie_kt100h,2026-08,TP.KTF11,"Taşıt Kredisi (TL, Akım, %)",avg,48.0375
bie_kt100h,2026-08,TP.KTF12,"Konut Kredisi (TL, Akım, %)",avg,41.99
bie_kt100h,2026-08,TP.KTF17,"Ticari Krediler (TL, Akım, %)",avg,53.5625
bie_kt100h,2026-08,TP.KTF17.EUR,"Ticari Krediler (Euro, Akım, %)",avg,7.04
bie_kt100h,2026-08,TP.KTF17.USD,"Ticari Krediler (ABD doları, Akım,%)",avg,7.99
bie_kt100h,2026-08,TP.KTF18,"Ticari Krediler (Tüzel Kişi KMH ve Kurumsal Kredi Kartları Hariç) (TL, Akım, %)",avg,49.3575
bie_kt100h,2026-08,TP.KTFTUK,"Tüketici Kredisi (İhtiyaç+Taşıt+Konut) (TL, Akım, %)",avg,61.9425
bie_kt100h,2026-08,TP.KTFTUK01,"Tüketici Kredisi (KMH Dahil) (İhtiyaç+Taşıt+Konut) (TL, Akım, %)",avg,62.8975
bie_kt100h,2026-09,TP.KTF10,"İhtiyaç Kredisi (TL, Akım, %)",avg,63.2125
bie_kt100h,2026-09,TP.KTF101,"İhtiyaç Kredisi (KMH Dahil) (TL, Akım, %)",avg,63.1
bie_kt100h,2026-09,TP.KTF11,"Taşıt Kredisi (TL, Akım, %)",avg,42.8325
bie_kt100h,2026-09,TP.KTF12,"Konut Kredisi (TL, Akım, %)",avg,41.9125
bie_kt100h,2026-09,TP.KTF17,"Ticari Krediler (TL, Akım, %)",avg,53.1925
bie_kt100h,2026-09,TP.KTF17.EUR,"Ticari Krediler (Euro, Akım, %)",avg,6.845
bie_kt100h,2026-09,TP.KTF17.USD,"Ticari Krediler (ABD doları, Akım,%)",avg,8.135
bie_kt100h,2026-09,TP.KTF18,"Ticari Krediler (Tüzel Kişi KMH ve Kurumsal Kredi Kartları Hariç) (TL, Akım, %)",avg,48.9375
bie_kt100h,2026-09,TP.KTFTUK,"Tüketici Kredisi (İhtiyaç+Taşıt+Konut) (TL, Akım, %)",avg,61.105
bie_kt100h,2026-09,TP.KTFTUK01,"Tüketici Kredisi (KMH Dahil) (İhtiyaç+Taşıt+Konut) (TL, Akım, %)",avg,62.47
bie_kt210a,2012-07,TP.BKR.TRY.KTF10,"İhtiyaç Kredisi (TL, Stok, %)",avg,16.78
bie_kt210a,2012-07,TP.BKR.TRY.KTF101,"İhtiyaç Kredisi (KMH Dahil) (TL, Stok, %)",avg,19.7
bie_kt210a,2012-07,TP.BKR.TRY.17,"Taşıt Kredisi (TL, Stok, %)",avg,13.37
bie_kt210a,2012-07,TP.BKR.TRY.18,"Konut Kredisi (TL, Stok, %)",avg,11.75
bie_kt210a,2012-07,TP.BKR.TRY.1,"Ticari Krediler (TL, Stok, %)",avg,13.27
bie_kt210a,2012-07,TP.BKR.EUR.1,"Ticari Krediler (Euro, Stok, %)",avg,5.22
bie_kt210a,2012-07,TP.BKR.USD.1,"Ticari Krediler (ABD doları, Stok, %)",avg,5.24
bie_kt210a,2012-07,TP.BKR.TRY.KTF18,"Ticari Krediler (Tüzel Kişi KMH ve Kurumsal Kredi Kartları Hariç) (TL, Stok,%)",avg,12.33
bie_kt210a,2012-07,TP.BKR.TRY.KTFTUK,"Tüketici Kredisi (İhtiyaç+Taşıt+Konut) (TL, Stok,%)",avg,14.06
bie_kt210a,2012-07,TP.BKR.TRY.KTFTUK01,"Tüketici Kredisi (KMH Dahil) (TL Üzerinden Açılan) (İhtiyaç+Taşıt+Konut) (Stok,%)",avg,15.48
bie_kt210a,2012-08,TP.BKR.TRY.KTF10,"İhtiyaç Kredisi (TL, Stok, %)",avg,16.46
bie_kt210a,2012-08,TP.BKR.TRY.KTF101,"İhtiyaç Kredisi (KMH Dahil) (TL, Stok, %)",avg,19.42
bie_kt210a,2012-08,TP.BKR.TRY.17,"Taşıt Kredisi (TL, Stok, %)",avg,12.51
bie_kt210a,2012-08,TP.BKR.TRY.18,"Konut Kredisi (TL, Stok, %)",avg,11.81
bie_kt210a,2012-08,TP.BKR.TRY.1,"Ticari Krediler (TL, Stok, %)",avg,13.43
bie_kt210a,2012-08,TP.BKR.EUR.1,"Ticari Krediler (Euro, Stok, %)",avg,5.18
bie_kt210a,2012-08,TP.BKR.USD.1,"Ticari Krediler (ABD doları, Stok, %)",avg,5.22
bie_kt210a,2012-08,TP.BKR.TRY.KTF18,"Ticari Krediler (Tüzel Kişi KMH ve Kurumsal Kredi Kartları Hariç) (TL, Stok,%)",avg,12.44
bie_kt210a,2012-08,TP.BKR.TRY.KTFTUK,"Tüketici Kredisi (İhtiyaç+Taşıt+Konut) (TL, Stok,%)",avg,13.9
bie_kt210a,2012-08,TP.BKR.TRY.KTFTUK01,"Tüketici Kredisi (KMH Dahil) (TL Üzerinden Açılan) (İhtiyaç+Taşıt+Konut) (Stok,%)",avg,15.33
bie_kt210a,2012-09,TP.BKR.TRY.KTF10,"İhtiyaç Kredisi (TL, Stok, %)",avg,16.38
bie_kt210a,2012-09,TP.BKR.TRY.KTF101,"İhtiyaç Kredisi (KMH Dahil) (TL, Stok, %)",avg,19.31
bie_kt210a,2012-09,TP.BKR.TRY.17,"Taşıt Kredisi (TL, Stok, %)",avg,12.57
bie_kt210a,2012-09,TP.BKR.TRY.18,"Konut Kredisi (TL, Stok, %)",avg,11.8
bie_kt210a,2012-09,TP.BKR.TRY.1,"Ticari Krediler (TL, Stok, %)",avg,12.87
bie_kt210a,2012-09,TP.BKR.EUR.1,"Ticari Krediler (Euro, Stok, %)",avg,5.05
bie_kt210a,2012-09,TP.BKR.USD.1,"Ticari Krediler (ABD doları, Stok, %)",avg,5.17
bie_kt210a,2012-09,TP.BKR.TRY.KTF18,"Ticari Krediler (Tüzel Kişi KMH ve Kurumsal Kredi Kartları Hariç) (TL, Stok,%)",avg,11.97
bie_kt210a,2012-09,TP.BKR.TRY.KTFTUK,"Tüketici Kredisi (İhtiyaç+Taşıt+Konut) (TL, Stok,%)",avg,13.85
bie_kt210a,2012-09,TP.BKR.TRY.KTFTUK01,"Tüketici Kredisi (KMH Dahil) (TL Üzerinden Açılan) (İhtiyaç+Taşıt+Konut) (Stok,%)",avg,15.27
bie_kt210a,2012-10,TP.BKR.TRY.KTF10,"İhtiyaç Kredisi (TL, Stok, %)",avg,16.3
bie_kt210a,2012-10,TP.BKR.TRY.KTF101,"İhtiyaç Kredisi (KMH Dahil) (TL, Stok, %)",avg,19.39
bie_kt210a,2012-10,TP.BKR.TRY.17,"Taşıt Kredisi (TL, Stok, %)",avg,12.59
bie_kt210a,2012-10,TP.BKR.TRY.18,"Konut Kredisi (TL, Stok, %)",avg,12.0
bie_kt210a,2012-10,TP.BKR.TRY.1,"Ticari Krediler (TL, Stok, %)",avg,12.46
bie_kt210a,2012-10,TP.BKR.EUR.1,"Ticari Krediler (Euro, Stok, %)",avg,5.0
bie_kt210a,2012-10,TP.BKR.USD.1,"Ticari Krediler (ABD doları, Stok, %)",avg,5.17
bie_kt210a,2012-10,TP.BKR.TRY.KTF18,"Ticari Krediler (Tüzel Kişi KMH ve Kurumsal Kredi Kartları Hariç) (TL, Stok,%)",avg,11.48
bie_kt210a,2012-10,TP.BKR.TRY.KTFTUK,"Tüketici Kredisi (İhtiyaç+Taşıt+Konut) (TL, Stok,%)",avg,13.91
bie_kt210a,2012-10,TP.BKR.TRY.KTFTUK01,"Tüketici Kredisi (KMH Dahil) (TL Üzerinden Açılan) (İhtiyaç+Taşıt+Konut) (Stok,%)",avg,15.39
bie_kt210a,2012-11,TP.BKR.TRY.KTF10,"İhtiyaç Kredisi (TL, Stok, %)",avg,16.15
bie_kt210a,2012-11,TP.BKR.TRY.KTF101,"İhtiyaç Kredisi (KMH Dahil) (TL, Stok, %)",avg,19.19
bie_kt210a,2012-11,TP.BKR.TRY.17,"Taşıt Kredisi (TL, Stok, %)",avg,12.56
bie_kt210a,2012-11,TP.BKR.TRY.18,"Konut Kredisi (TL, Stok, %)",avg,11.9
bie_kt210a,2012-11,TP.BKR.TRY.1,"Ticari Krediler (TL, Stok, %)",avg,12.18
bie_kt210a,2012-11,TP.BKR.EUR.1,"Ticari Krediler (Euro, Stok, %)",avg,4.91
bie_kt210a,2012-11,TP.BKR.USD.1,"Ticari Krediler (ABD doları, Stok, %)",avg,5.12
bie_kt210a,2012-11,TP.BKR.TRY.KTF18,"Ticari Krediler (Tüzel Kişi KMH ve Kurumsal Kredi Kartları Hariç) (TL, Stok,%)",avg,11.21
bie_kt210a,2012-11,TP.BKR.TRY.KTFTUK,"Tüketici Kredisi (İhtiyaç+Taşıt+Konut) (TL, Stok,%)",avg,13.78
bie_kt210a,2012-11,TP.BKR.TRY.KTFTUK01,"Tüketici Kredisi (KMH Dahil) (TL Üzerinden Açılan) (İhtiyaç+Taşıt+Konut) (Stok,%)",avg,15.23
bie_kt210a,2012-12,TP.BKR.TRY.KTF10,"İhtiyaç Kredisi (TL, Stok, %)",avg,16.17
bie_kt210a,2012-12,TP.BKR.TRY.KTF101,"İhtiyaç Kredisi (KMH Dahil) (TL, Stok, %)",avg,19.12
bie_kt210a,2012-12,TP.BKR.TRY.17,"Taşıt Kredisi (TL, Stok, %)",avg,12.4
bie_kt210a,2012-12,TP.BKR.TRY.18,"Konut Kredisi (TL, Stok, %)",avg,11.88
bie_kt210a,2012-12,TP.BKR.TRY.1,"Ticari Krediler (TL, Stok, %)",avg,11.71
bie_kt210a,2012-12,TP.BKR.EUR.1,"Ticari Krediler (Euro, Stok, %)",avg,4.83
bie_kt210a,2012-12,TP.BKR.USD.1,"Ticari Krediler (ABD doları, Stok, %)",avg,5.08
bie_kt210a,2012-12,TP.BKR.TRY.KTF18,"Ticari Krediler (Tüzel Kişi KMH ve Kurumsal Kredi Kartları Hariç) (TL, Stok,%)",avg,10.81
bie_kt210a,2012-12,TP.BKR.TRY.KTFTUK,"Tüketici Kredisi (İhtiyaç+Taşıt+Konut) (TL, Stok,%)",avg,13.77
bie_kt210a,2012-12,TP.BKR.TRY.KTFTUK01,"Tüketici Kredisi (KMH Dahil) (TL Üzerinden Açılan) (İhtiyaç+Taşıt+Konut) (Stok,%)",avg,15.17
bie_kt210a,2013-01,TP.BKR.TRY.KTF10,"İhtiyaç Kredisi (TL, Stok, %)",avg,15.95
bie_kt210a,2013-01,TP.BKR.TRY.KTF101,"İhtiyaç Kredisi (KMH Dahil) (TL, Stok, %)",avg,18.89
bie_kt210a,2013-01,TP.BKR.TRY.17,"Taşıt Kredisi (TL, Stok, %)",avg,12.34
bie_kt210a,2013-01,TP.BKR.TRY.18,"Konut Kredisi (TL, Stok, %)",avg,11.57
bie_kt210a,2013-01,TP.BKR.TRY.1,"Ticari Krediler (TL, Stok, %)",avg,11.54
bie_kt210a,2013-01,TP.BKR.EUR.1,"Ticari Krediler (Euro, Stok, %)",avg,4.74
bie_kt210a,2013-01,TP.BKR.USD.1,"Ticari Krediler (ABD doları, Stok, %)",avg,5.03
bie_kt210a,2013-01,TP.BKR.TRY.KTF18,"Ticari Krediler (Tüzel Kişi KMH ve Kurumsal Kredi Kartları Hariç) (TL, Stok,%)",avg,10.61
bie_kt210a,2013-01,TP.BKR.TRY.KTFTUK,"Tüketici Kredisi (İhtiyaç+Taşıt+Konut) (TL, Stok,%)",avg,13.52
bie_kt210a,2013-01,TP.BKR.TRY.KTFTUK01,"Tüketici Kredisi (KMH Dahil) (TL Üzerinden Açılan) (İhtiyaç+Taşıt+Konut) (Stok,%)",avg,14.92
bie_kt210a,2013-02,TP.BKR.TRY.KTF10,"İhtiyaç Kredisi (TL, Stok, %)",avg,15.72
bie_kt210a,2013-02,TP.BKR.TRY.KTF101,"İhtiyaç Kredisi (KMH Dahil) (TL, Stok, %)",avg,18.56
bie_kt210a,2013-02,TP.BKR.TRY.17,"Taşıt Kredisi (TL, Stok, %)",avg,12.24
bie_kt210a,2013-02,TP.BKR.TRY.18,"Konut Kredisi (TL, Stok, %)",avg,11.31
bie_kt210a,2013-02,TP.BKR.TRY.1,"Ticari Krediler (TL, Stok, %)",avg,11.32
bie_kt210a,2013-02,TP.BKR.EUR.1,"Ticari Krediler (Euro, Stok, %)",avg,4.66
bie_kt210a,2013-02,TP.BKR.USD.1,"Ticari Krediler (ABD doları, Stok, %)",avg,4.96
bie_kt210a,2013-02,TP.BKR.TRY.KTF18,"Ticari Krediler (Tüzel Kişi KMH ve Kurumsal Kredi Kartları Hariç) (TL, Stok,%)",avg,10.33
bie_kt210a,2013-02,TP.BKR.TRY.KTFTUK,"Tüketici Kredisi (İhtiyaç+Taşıt+Konut) (TL, Stok,%)",avg,13.29
bie_kt210a,2013-02,TP.BKR.TRY.KTFTUK01,"Tüketici Kredisi (KMH Dahil) (TL Üzerinden Açılan) (İhtiyaç+Taşıt+Konut) (Stok,%)",avg,14.64
bie_kt210a,2013-03,TP.BKR.TRY.KTF10,"İhtiyaç Kredisi (TL, Stok, %)",avg,15.57
bie_kt210a,2013-03,TP.BKR.TRY.KTF101,"İhtiyaç Kredisi (KMH Dahil) (TL, Stok, %)",avg,18.42
bie_kt210a,2013-03,TP.BKR.TRY.17,"Taşıt Kredisi (TL, Stok, %)",avg,12.12
bie_kt210a,2013-03,TP.BKR.TRY.18,"Konut Kredisi (TL, Stok, %)",avg,11.02
bie_kt210a,2013-03,TP.BKR.TRY.1,"Ticari Krediler (TL, Stok, %)",avg,11.01
bie_kt210a,2013-03,TP.BKR.EUR.1,"Ticari Krediler (Euro, Stok, %)",avg,4.62
bie_kt210a,2013-03,TP.BKR.USD.1,"Ticari Krediler (ABD doları, Stok, %)",avg,4.91
bie_kt210a,2013-03,TP.BKR.TRY.KTF18,"Ticari Krediler (Tüzel Kişi KMH ve Kurumsal Kredi Kartları Hariç) (TL, Stok,%)",avg,10.16
bie_kt210a,2013-03,TP.BKR.TRY.KTFTUK,"Tüketici Kredisi (İhtiyaç+Taşıt+Konut) (TL, Stok,%)",avg,13.06
bie_kt210a,2013-03,TP.BKR.TRY.KTFTUK01,"Tüketici Kredisi (KMH Dahil) (TL Üzerinden Açılan) (İhtiyaç+Taşıt+Konut) (Stok,%)",avg,14.43
bie_kt210a,2013-04,TP.BKR.TRY.KTF10,"İhtiyaç Kredisi (TL, Stok, %)",avg,15.28
bie_kt210a,2013-04,TP.BKR.TRY.KTF101,"İhtiyaç Kredisi (KMH Dahil) (TL, Stok, %)",avg,17.7
bie_kt210a,2013-04,TP.BKR.TRY.17,"Taşıt Kredisi (TL, Stok, %)",avg,11.97
bie_kt210a,2013-04,TP.BKR.TRY.18,"Konut Kredisi (TL, Stok, %)",avg,10.86
bie_kt210a,2013-04,TP.BKR.TRY.1,"Ticari Krediler (TL, Stok, %)",avg,11.01
bie_kt210a,2013-04,TP.BKR.EUR.1,"Ticari Krediler (Euro, Stok, %)",avg,4.61
bie_kt210a,2013-04,TP.BKR.USD.1,"Ticari Krediler (ABD doları, Stok, %)",avg,4.86
bie_kt210a,2013-04,TP.BKR.TRY.KTF18,"Ticari Krediler (Tüzel Kişi KMH ve Kurumsal Kredi Kartları Hariç) (TL, Stok,%)",avg,10.15
bie_kt210a,2013-04,TP.BKR.TRY.KTFTUK,"Tüketici Kredisi (İhtiyaç+Taşıt+Konut) (TL, Stok,%)",avg,12.86
bie_kt210a,2013-04,TP.BKR.TRY.KTFTUK01,"Tüketici Kredisi (KMH Dahil) (TL Üzerinden Açılan) (İhtiyaç+Taşıt+Konut) (Stok,%)",avg,14.02
bie_kt210a,2013-05,TP.BKR.TRY.KTF10,"İhtiyaç Kredisi (TL, Stok, %)",avg,14.97
bie_kt210a,2013-05,TP.BKR.TRY.KTF101,"İhtiyaç Kredisi (KMH Dahil) (TL, Stok, %)",avg,16.1
bie_kt210a,2013-05,TP.BKR.TRY.17,"Taşıt Kredisi (TL, Stok, %)",avg,11.77
bie_kt210a,2013-05,TP.BKR.TRY.18,"Konut Kredisi (TL, Stok, %)",avg,10.78
bie_kt210a,2013-05,TP.BKR.TRY.1,"Ticari Krediler (TL, Stok, %)",avg,10.1
bie_kt210a,2013-05,TP.BKR.EUR.1,"Ticari Krediler (Euro, Stok, %)",avg,4.53
bie_kt210a,2013-05,TP.BKR.USD.1,"Ticari Krediler (ABD doları, Stok, %)",avg,4.85
bie_kt210a,2013-05,TP.BKR.TRY.KTF18,"Ticari Krediler (Tüzel Kişi KMH ve Kurumsal Kredi Kartları Hariç) (TL, Stok,%)",avg,9.65
bie_kt210a,2013-05,TP.BKR.TRY.KTFTUK,"Tüketici Kredisi (İhtiyaç+Taşıt+Konut) (TL, Stok,%)",avg,12.66
bie_kt210a,2013-05,TP.BKR.TRY.KTFTUK01,"Tüketici Kredisi (KMH Dahil) (TL Üzerinden Açılan) (İhtiyaç+Taşıt+Konut) (Stok,%)",avg,13.24
bie_kt210a,2013-06,TP.BKR.TRY.KTF10,"İhtiyaç Kredisi (TL, Stok, %)",avg,14.62
bie_kt210a,2013-06,TP.BKR.TRY.KTF101,"İhtiyaç Kredisi (KMH Dahil) (TL, Stok, %)",avg,15.42
bie_kt210a,2013-06,TP.BKR.TRY.17,"Taşıt Kredisi (TL, Stok, %)",avg,11.59
bie_kt210a,2013-06,TP.BKR.TRY.18,"Konut Kredisi (TL, Stok, %)",avg,10.19
bie_kt210a,2013-06,TP.BKR.TRY.1,"Ticari Krediler (TL, Stok, %)",avg,9.94
bie_kt210a,2013-06,TP.BKR.EUR.1,"Ticari Krediler (Euro, Stok, %)",avg,4.53
bie_kt210a,2013-06,TP.BKR.USD.1,"Ticari Krediler (ABD doları, Stok, %)",avg,4.77
bie_kt210a,2013-06,TP.BKR.TRY.KTF18,"Ticari Krediler (Tüzel Kişi KMH ve Kurumsal Kredi Kartları Hariç) (TL, Stok,%)",avg,9.54
bie_kt210a,2013-06,TP.BKR.TRY.KTFTUK,"Tüketici Kredisi (İhtiyaç+Taşıt+Konut) (TL, Stok,%)",avg,12.19
bie_kt210a,2013-06,TP.BKR.TRY.KTFTUK01,"Tüketici Kredisi (KMH Dahil) (TL Üzerinden Açılan) (İhtiyaç+Taşıt+Konut) (Stok,%)",avg,12.61
bie_kt210a,2013-07,TP.BKR.TRY.KTF10,"İhtiyaç Kredisi (TL, Stok, %)",avg,14.39
bie_kt210a,2013-07,TP.BKR.TRY.KTF101,"İhtiyaç Kredisi (KMH Dahil) (TL, Stok, %)",avg,15.15
bie_kt210a,2013-07,TP.BKR.TRY.17,"Taşıt Kredisi (TL, Stok, %)",avg,11.45
bie_kt210a,2013-07,TP.BKR.TRY.18,"Konut Kredisi (TL, Stok, %)",avg,10.09
bie_kt210a,2013-07,TP.BKR.TRY.1,"Ticari Krediler (TL, Stok, %)",avg,9.98
bie_kt210a,2013-07,TP.BKR.EUR.1,"Ticari Krediler (Euro, Stok, %)",avg,4.47
bie_kt210a,2013-07,TP.BKR.USD.1,"Ticari Krediler (ABD doları, Stok, %)",avg,4.75
bie_kt210a,2013-07,TP.BKR.TRY.KTF18,"Ticari Krediler (Tüzel Kişi KMH ve Kurumsal Kredi Kartları Hariç) (TL, Stok,%)",avg,9.57
bie_kt210a,2013-07,TP.BKR.TRY.KTFTUK,"Tüketici Kredisi (İhtiyaç+Taşıt+Konut) (TL, Stok,%)",avg,12.02
bie_kt210a,2013-07,TP.BKR.TRY.KTFTUK01,"Tüketici Kredisi (KMH Dahil) (TL Üzerinden Açılan) (İhtiyaç+Taşıt+Konut) (Stok,%)",avg,12.43
bie_kt210a,2013-08,TP.BKR.TRY.KTF10,"İhtiyaç Kredisi (TL, Stok, %)",avg,14.22
bie_kt210a,2013-08,TP.BKR.TRY.KTF101,"İhtiyaç Kredisi (KMH Dahil) (TL, Stok, %)",avg,14.95
bie_kt210a,2013-08,TP.BKR.TRY.17,"Taşıt Kredisi (TL, Stok, %)",avg,11.35
bie_kt210a,2013-08,TP.BKR.TRY.18,"Konut Kredisi (TL, Stok, %)",avg,9.98
bie_kt210a,2013-08,TP.BKR.TRY.1,"Ticari Krediler (TL, Stok, %)",avg,10.46
bie_kt210a,2013-08,TP.BKR.EUR.1,"Ticari Krediler (Euro, Stok, %)",avg,4.47
bie_kt210a,2013-08,TP.BKR.USD.1,"Ticari Krediler (ABD doları, Stok, %)",avg,4.78
bie_kt210a,2013-08,TP.BKR.TRY.KTF18,"Ticari Krediler (Tüzel Kişi KMH ve Kurumsal Kredi Kartları Hariç) (TL, Stok,%)",avg,10.14
bie_kt210a,2013-08,TP.BKR.TRY.KTFTUK,"Tüketici Kredisi (İhtiyaç+Taşıt+Konut) (TL, Stok,%)",avg,11.89
bie_kt210a,2013-08,TP.BKR.TRY.KTFTUK01,"Tüketici Kredisi (KMH Dahil) (TL Üzerinden Açılan) (İhtiyaç+Taşıt+Konut) (Stok,%)",avg,12.29
bie_kt210a,2013-09,TP.BKR.TRY.KTF10,"İhtiyaç Kredisi (TL, Stok, %)",avg,14.2
bie_kt210a,2013-09,TP.BKR.TRY.KTF101,"İhtiyaç Kredisi (KMH Dahil) (TL, Stok, %)",avg,14.89
bie_kt210a,2013-09,TP.BKR.TRY.17,"Taşıt Kredisi (TL, Stok, %)",avg,11.35
bie_kt210a,2013-09,TP.BKR.TRY.18,"Konut Kredisi (TL, Stok, %)",avg,10.0
bie_kt210a,2013-09,TP.BKR.TRY.1,"Ticari Krediler (TL, Stok, %)",avg,10.44
bie_kt210a,2013-09,TP.BKR.EUR.1,"Ticari Krediler (Euro, Stok, %)",avg,4.47
bie_kt210a,2013-09,TP.BKR.USD.1,"Ticari Krediler (ABD doları, Stok, %)",avg,4.76
bie_kt210a,2013-09,TP.BKR.TRY.KTF18,"Ticari Krediler (Tüzel Kişi KMH ve Kurumsal Kredi Kartları Hariç) (TL, Stok,%)",avg,10.11
bie_kt210a,2013-09,TP.BKR.TRY.KTFTUK,"Tüketici Kredisi (İhtiyaç+Taşıt+Konut) (TL, Stok,%)",avg,11.89
bie_kt210a,2013-09,TP.BKR.TRY.KTFTUK01,"Tüketici Kredisi (KMH Dahil) (TL Üzerinden Açılan) (İhtiyaç+Taşıt+Konut) (Stok,%)",avg,12.27
bie_kt210a,2013-10,TP.BKR.TRY.KTF10,"İhtiyaç Kredisi (TL, Stok, %)",avg,14.12
bie_kt210a,2013-10,TP.BKR.TRY.KTF101,"İhtiyaç Kredisi (KMH Dahil) (TL, Stok, %)",avg,14.77
bie_kt210a,2013-10,TP.BKR.TRY.17,"Taşıt Kredisi (TL, Stok, %)",avg,11.35
bie_kt210a,2013-10,TP.BKR.TRY.18,"Konut Kredisi (TL, Stok, %)",avg,10.01
bie_kt210a,2013-10,TP.BKR.TRY.1,"Ticari Krediler (TL, Stok, %)",avg,10.46
bie_kt210a,2013-10,TP.BKR.EUR.1,"Ticari Krediler (Euro, Stok, %)",avg,4.44
bie_kt210a,2013-10,TP.BKR.USD.1,"Ticari Krediler (ABD doları, Stok, %)",avg,4.68
bie_kt210a,2013-10,TP.BKR.TRY.KTF18,"Ticari Krediler (Tüzel Kişi KMH ve Kurumsal Kredi Kartları Hariç) (TL, Stok,%)",avg,10.14
bie_kt210a,2013-10,TP.BKR.TRY.KTFTUK,"Tüketici Kredisi (İhtiyaç+Taşıt+Konut) (TL, Stok,%)",avg,11.87
bie_kt210a,2013-10,TP.BKR.TRY.KTFTUK01,"Tüketici Kredisi (KMH Dahil) (TL Üzerinden Açılan) (İhtiyaç+Taşıt+Konut) (Stok,%)",avg,12.22
bie_kt210a,2013-11,TP.BKR.TRY.KTF10,"İhtiyaç Kredisi (TL, Stok, %)",avg,14.06
bie_kt210a,2013-11,TP.BKR.TRY.KTF101,"İhtiyaç Kredisi (KMH Dahil) (TL, Stok, %)",avg,14.68
bie_kt210a,2013-11,TP.BKR.TRY.17,"Taşıt Kredisi (TL, Stok, %)",avg,11.31
bie_kt210a,2013-11,TP.BKR.TRY.18,"Konut Kredisi (TL, Stok, %)",avg,10.09
bie_kt210a,2013-11,TP.BKR.TRY.1,"Ticari Krediler (TL, Stok, %)",avg,10.49
bie_kt210a,2013-11,TP.BKR.EUR.1,"Ticari Krediler (Euro, Stok, %)",avg,4.42
bie_kt210a,2013-11,TP.BKR.USD.1,"Ticari Krediler (ABD doları, Stok, %)",avg,4.62
bie_kt210a,2013-11,TP.BKR.TRY.KTF18,"Ticari Krediler (Tüzel Kişi KMH ve Kurumsal Kredi Kartları Hariç) (TL, Stok,%)",avg,10.2
bie_kt210a,2013-11,TP.BKR.TRY.KTFTUK,"Tüketici Kredisi (İhtiyaç+Taşıt+Konut) (TL, Stok,%)",avg,11.88
bie_kt210a,2013-11,TP.BKR.TRY.KTFTUK01,"Tüketici Kredisi (KMH Dahil) (TL Üzerinden Açılan) (İhtiyaç+Taşıt+Konut) (Stok,%)",avg,12.22
bie_kt210a,2013-12,TP.BKR.TRY.KTF10,"İhtiyaç Kredisi (TL, Stok, %)",avg,14.13
bie_kt210a,2013-12,TP.BKR.TRY.KTF101,"İhtiyaç Kredisi (KMH Dahil) (TL, Stok, %)",avg,14.74
bie_kt210a,2013-12,TP.BKR.TRY.17,"Taşıt Kredisi (TL, Stok, %)",avg,11.26
bie_kt210a,2013-12,TP.BKR.TRY.18,"Konut Kredisi (TL, Stok, %)",avg,10.15
bie_kt210a,2013-12,TP.BKR.TRY.1,"Ticari Krediler (TL, Stok, %)",avg,10.76
bie_kt210a,2013-12,TP.BKR.EUR.1,"Ticari Krediler (Euro, Stok, %)",avg,4.48
bie_kt210a,2013-12,TP.BKR.USD.1,"Ticari Krediler (ABD doları, Stok, %)",avg,4.8
bie_kt210a,2013-12,TP.BKR.TRY.KTF18,"Ticari Krediler (Tüzel Kişi KMH ve Kurumsal Kredi Kartları Hariç) (TL, Stok,%)",avg,10.46
bie_kt210a,2013-12,TP.BKR.TRY.KTFTUK,"Tüketici Kredisi (İhtiyaç+Taşıt+Konut) (TL, Stok,%)",avg,11.94
bie_kt210a,2013-12,TP.BKR.TRY.KTFTUK01,"Tüketici Kredisi (KMH Dahil) (TL Üzerinden Açılan) (İhtiyaç+Taşıt+Konut) (Stok,%)",avg,12.28
bie_kt210a,2014-01,TP.BKR.TRY.KTF10,"İhtiyaç Kredisi (TL, Stok, %)",avg,14.2
bie_kt210a,2014-01,TP.BKR.TRY.KTF101,"İhtiyaç Kredisi (KMH Dahil) (TL, Stok, %)",avg,14.84
bie_kt210a,2014-01,TP.BKR.TRY.17,"Taşıt Kredisi (TL, Stok, %)",avg,11.41
bie_kt210a,2014-01,TP.BKR.TRY.18,"Konut Kredisi (TL, Stok, %)",avg,10.21
bie_kt210a,2014-01,TP.BKR.TRY.1,"Ticari Krediler (TL, Stok, %)",avg,12.05
bie_kt210a,2014-01,TP.BKR.EUR.1,"Ticari Krediler (Euro, Stok, %)",avg,4.53
bie_kt210a,2014-01,TP.BKR.USD.1,"Ticari Krediler (ABD doları, Stok, %)",avg,4.74
bie_kt210a,2014-01,TP.BKR.TRY.KTF18,"Ticari Krediler (Tüzel Kişi KMH ve Kurumsal Kredi Kartları Hariç) (TL, Stok,%)",avg,11.76
bie_kt210a,2014-01,TP.BKR.TRY.KTFTUK,"Tüketici Kredisi (İhtiyaç+Taşıt+Konut) (TL, Stok,%)",avg,12.0
bie_kt210a,2014-01,TP.BKR.TRY.KTFTUK01,"Tüketici Kredisi (KMH Dahil) (TL Üzerinden Açılan) (İhtiyaç+Taşıt+Konut) (Stok,%)",avg,12.35
bie_kt210a,2014-02,TP.BKR.TRY.KTF10,"İhtiyaç Kredisi (TL, Stok, %)",avg,14.31
bie_kt210a,2014-02,TP.BKR.TRY.KTF101,"İhtiyaç Kredisi (KMH Dahil) (TL, Stok, %)",avg,14.97
bie_kt210a,2014-02,TP.BKR.TRY.17,"Taşıt Kredisi (TL, Stok, %)",avg,11.47
bie_kt210a,2014-02,TP.BKR.TRY.18,"Konut Kredisi (TL, Stok, %)",avg,10.27
bie_kt210a,2014-02,TP.BKR.TRY.1,"Ticari Krediler (TL, Stok, %)",avg,12.34
bie_kt210a,2014-02,TP.BKR.EUR.1,"Ticari Krediler (Euro, Stok, %)",avg,4.52
bie_kt210a,2014-02,TP.BKR.USD.1,"Ticari Krediler (ABD doları, Stok, %)",avg,4.71
bie_kt210a,2014-02,TP.BKR.TRY.KTF18,"Ticari Krediler (Tüzel Kişi KMH ve Kurumsal Kredi Kartları Hariç) (TL, Stok,%)",avg,12.02
bie_kt210a,2014-02,TP.BKR.TRY.KTFTUK,"Tüketici Kredisi (İhtiyaç+Taşıt+Konut) (TL, Stok,%)",avg,12.09
bie_kt210a,2014-02,TP.BKR.TRY.KTFTUK01,"Tüketici Kredisi (KMH Dahil) (TL Üzerinden Açılan) (İhtiyaç+Taşıt+Konut) (Stok,%)",avg,12.45
bie_kt210a,2014-03,TP.BKR.TRY.KTF10,"İhtiyaç Kredisi (TL, Stok, %)",avg,14.43
bie_kt210a,2014-03,TP.BKR.TRY.KTF101,"İhtiyaç Kredisi (KMH Dahil) (TL, Stok, %)",avg,15.12
bie_kt210a,2014-03,TP.BKR.TRY.17,"Taşıt Kredisi (TL, Stok, %)",avg,11.66
bie_kt210a,2014-03,TP.BKR.TRY.18,"Konut Kredisi (TL, Stok, %)",avg,10.4
bie_kt210a,2014-03,TP.BKR.TRY.1,"Ticari Krediler (TL, Stok, %)",avg,12.69
bie_kt210a,2014-03,TP.BKR.EUR.1,"Ticari Krediler (Euro, Stok, %)",avg,4.53
bie_kt210a,2014-03,TP.BKR.USD.1,"Ticari Krediler (ABD doları, Stok, %)",avg,4.71
bie_kt210a,2014-03,TP.BKR.TRY.KTF18,"Ticari Krediler (Tüzel Kişi KMH ve Kurumsal Kredi Kartları Hariç) (TL, Stok,%)",avg,12.39
bie_kt210a,2014-03,TP.BKR.TRY.KTFTUK,"Tüketici Kredisi (İhtiyaç+Taşıt+Konut) (TL, Stok,%)",avg,12.21
bie_kt210a,2014-03,TP.BKR.TRY.KTFTUK01,"Tüketici Kredisi (KMH Dahil) (TL Üzerinden Açılan) (İhtiyaç+Taşıt+Konut) (Stok,%)",avg,12.6
bie_kt210a,2014-04,TP.BKR.TRY.KTF10,"İhtiyaç Kredisi (TL, Stok, %)",avg,14.55
bie_kt210a,2014-04,TP.BKR.TRY.KTF101,"İhtiyaç Kredisi (KMH Dahil) (TL, Stok, %)",avg,15.2
bie_kt210a,2014-04,TP.BKR.TRY.17,"Taşıt Kredisi (TL, Stok, %)",avg,11.56
bie_kt210a,2014-04,TP.BKR.TRY.18,"Konut Kredisi (TL, Stok, %)",avg,10.24
bie_kt210a,2014-04,TP.BKR.TRY.1,"Ticari Krediler (TL, Stok, %)",avg,12.65
bie_kt210a,2014-04,TP.BKR.EUR.1,"Ticari Krediler (Euro, Stok, %)",avg,4.47
bie_kt210a,2014-04,TP.BKR.USD.1,"Ticari Krediler (ABD doları, Stok, %)",avg,4.64
bie_kt210a,2014-04,TP.BKR.TRY.KTF18,"Ticari Krediler (Tüzel Kişi KMH ve Kurumsal Kredi Kartları Hariç) (TL, Stok,%)",avg,12.36
bie_kt210a,2014-04,TP.BKR.TRY.KTFTUK,"Tüketici Kredisi (İhtiyaç+Taşıt+Konut) (TL, Stok,%)",avg,12.19
bie_kt210a,2014-04,TP.BKR.TRY.KTFTUK01,"Tüketici Kredisi (KMH Dahil) (TL Üzerinden Açılan) (İhtiyaç+Taşıt+Konut) (Stok,%)",avg,12.56
bie_kt210a,2014-05,TP.BKR.TRY.KTF10,"İhtiyaç Kredisi (TL, Stok, %)",avg,14.68
bie_kt210a,2014-05,TP.BKR.TRY.KTF101,"İhtiyaç Kredisi (KMH Dahil) (TL, Stok, %)",avg,15.34
bie_kt210a,2014-05,TP.BKR.TRY.17,"Taşıt Kredisi (TL, Stok, %)",avg,11.61
bie_kt210a,2014-05,TP.BKR.TRY.18,"Konut Kredisi (TL, Stok, %)",avg,10.16
bie_kt210a,2014-05,TP.BKR.TRY.1,"Ticari Krediler (TL, Stok, %)",avg,12.72
bie_kt210a,2014-05,TP.BKR.EUR.1,"Ticari Krediler (Euro, Stok, %)",avg,4.44
bie_kt210a,2014-05,TP.BKR.USD.1,"Ticari Krediler (ABD doları, Stok, %)",avg,4.63
bie_kt210a,2014-05,TP.BKR.TRY.KTF18,"Ticari Krediler (Tüzel Kişi KMH ve Kurumsal Kredi Kartları Hariç) (TL, Stok,%)",avg,12.44
bie_kt210a,2014-05,TP.BKR.TRY.KTFTUK,"Tüketici Kredisi (İhtiyaç+Taşıt+Konut) (TL, Stok,%)",avg,12.23
bie_kt210a,2014-05,TP.BKR.TRY.KTFTUK01,"Tüketici Kredisi (KMH Dahil) (TL Üzerinden Açılan) (İhtiyaç+Taşıt+Konut) (Stok,%)",avg,12.61
bie_kt210a,2014-06,TP.BKR.TRY.KTF10,"İhtiyaç Kredisi (TL, Stok, %)",avg,14.71
bie_kt210a,2014-06,TP.BKR.TRY.KTF101,"İhtiyaç Kredisi (KMH Dahil) (TL, Stok, %)",avg,15.39
bie_kt210a,2014-06,TP.BKR.TRY.17,"Taşıt Kredisi (TL, Stok, %)",avg,11.65
bie_kt210a,2014-06,TP.BKR.TRY.18,"Konut Kredisi (TL, Stok, %)",avg,10.21
bie_kt210a,2014-06,TP.BKR.TRY.1,"Ticari Krediler (TL, Stok, %)",avg,12.42
bie_kt210a,2014-06,TP.BKR.EUR.1,"Ticari Krediler (Euro, Stok, %)",avg,4.44
bie_kt210a,2014-06,TP.BKR.USD.1,"Ticari Krediler (ABD doları, Stok, %)",avg,4.7
bie_kt210a,2014-06,TP.BKR.TRY.KTF18,"Ticari Krediler (Tüzel Kişi KMH ve Kurumsal Kredi Kartları Hariç) (TL, Stok,%)",avg,12.11
bie_kt210a,2014-06,TP.BKR.TRY.KTFTUK,"Tüketici Kredisi (İhtiyaç+Taşıt+Konut) (TL, Stok,%)",avg,12.27
bie_kt210a,2014-06,TP.BKR.TRY.KTFTUK01,"Tüketici Kredisi (KMH Dahil) (TL Üzerinden Açılan) (İhtiyaç+Taşıt+Konut) (Stok,%)",avg,12.67
bie_kt210a,2014-07,TP.BKR.TRY.KTF10,"İhtiyaç Kredisi (TL, Stok, %)",avg,14.79
bie_kt210a,2014-07,TP.BKR.TRY.KTF101,"İhtiyaç Kredisi (KMH Dahil) (TL, Stok, %)",avg,15.44
bie_kt210a,2014-07,TP.BKR.TRY.17,"Taşıt Kredisi (TL, Stok, %)",avg,11.7
bie_kt210a,2014-07,TP.BKR.TRY.18,"Konut Kredisi (TL, Stok, %)",avg,10.31
bie_kt210a,2014-07,TP.BKR.TRY.1,"Ticari Krediler (TL, Stok, %)",avg,12.0
bie_kt210a,2014-07,TP.BKR.EUR.1,"Ticari Krediler (Euro, Stok, %)",avg,4.41
bie_kt210a,2014-07,TP.BKR.USD.1,"Ticari Krediler (ABD doları, Stok, %)",avg,4.72
bie_kt210a,2014-07,TP.BKR.TRY.KTF18,"Ticari Krediler (Tüzel Kişi KMH ve Kurumsal Kredi Kartları Hariç) (TL, Stok,%)",avg,11.69
bie_kt210a,2014-07,TP.BKR.TRY.KTFTUK,"Tüketici Kredisi (İhtiyaç+Taşıt+Konut) (TL, Stok,%)",avg,12.36
bie_kt210a,2014-07,TP.BKR.TRY.KTFTUK01,"Tüketici Kredisi (KMH Dahil) (TL Üzerinden Açılan) (İhtiyaç+Taşıt+Konut) (Stok,%)",avg,12.74
bie_kt210a,2014-08,TP.BKR.TRY.KTF10,"İhtiyaç Kredisi (TL, Stok, %)",avg,14.78
bie_kt210a,2014-08,TP.BKR.TRY.KTF101,"İhtiyaç Kredisi (KMH Dahil) (TL, Stok, %)",avg,15.45
bie_kt210a,2014-08,TP.BKR.TRY.17,"Taşıt Kredisi (TL, Stok, %)",avg,11.72
bie_kt210a,2014-08,TP.BKR.TRY.18,"Konut Kredisi (TL, Stok, %)",avg,10.3
bie_kt210a,2014-08,TP.BKR.TRY.1,"Ticari Krediler (TL, Stok, %)",avg,12.14
bie_kt210a,2014-08,TP.BKR.EUR.1,"Ticari Krediler (Euro, Stok, %)",avg,4.36
bie_kt210a,2014-08,TP.BKR.USD.1,"Ticari Krediler (ABD doları, Stok, %)",avg,4.68
bie_kt210a,2014-08,TP.BKR.TRY.KTF18,"Ticari Krediler (Tüzel Kişi KMH ve Kurumsal Kredi Kartları Hariç) (TL, Stok,%)",avg,11.83
bie_kt210a,2014-08,TP.BKR.TRY.KTFTUK,"Tüketici Kredisi (İhtiyaç+Taşıt+Konut) (TL, Stok,%)",avg,12.34
bie_kt210a,2014-08,TP.BKR.TRY.KTFTUK01,"Tüketici Kredisi (KMH Dahil) (TL Üzerinden Açılan) (İhtiyaç+Taşıt+Konut) (Stok,%)",avg,12.74
bie_kt210a,2014-09,TP.BKR.TRY.KTF10,"İhtiyaç Kredisi (TL, Stok, %)",avg,14.76
bie_kt210a,2014-09,TP.BKR.TRY.KTF101,"İhtiyaç Kredisi (KMH Dahil) (TL, Stok, %)",avg,15.46
bie_kt210a,2014-09,TP.BKR.TRY.17,"Taşıt Kredisi (TL, Stok, %)",avg,11.75
bie_kt210a,2014-09,TP.BKR.TRY.18,"Konut Kredisi (TL, Stok, %)",avg,10.33
bie_kt210a,2014-09,TP.BKR.TRY.1,"Ticari Krediler (TL, Stok, %)",avg,11.9
bie_kt210a,2014-09,TP.BKR.EUR.1,"Ticari Krediler (Euro, Stok, %)",avg,4.34
bie_kt210a,2014-09,TP.BKR.USD.1,"Ticari Krediler (ABD doları, Stok, %)",avg,4.64
bie_kt210a,2014-09,TP.BKR.TRY.KTF18,"Ticari Krediler (Tüzel Kişi KMH ve Kurumsal Kredi Kartları Hariç) (TL, Stok,%)",avg,11.58
bie_kt210a,2014-09,TP.BKR.TRY.KTFTUK,"Tüketici Kredisi (İhtiyaç+Taşıt+Konut) (TL, Stok,%)",avg,12.34
bie_kt210a,2014-09,TP.BKR.TRY.KTFTUK01,"Tüketici Kredisi (KMH Dahil) (TL Üzerinden Açılan) (İhtiyaç+Taşıt+Konut) (Stok,%)",avg,12.75
bie_kt210a,2014-10,TP.BKR.TRY.KTF10,"İhtiyaç Kredisi (TL, Stok, %)",avg,14.73
bie_kt210a,2014-10,TP.BKR.TRY.KTF101,"İhtiyaç Kredisi (KMH Dahil) (TL, Stok, %)",avg,15.46
bie_kt210a,2014-10,TP.BKR.TRY.17,"Taşıt Kredisi (TL, Stok, %)",avg,11.77
bie_kt210a,2014-10,TP.BKR.TRY.18,"Konut Kredisi (TL, Stok, %)",avg,10.3
bie_kt210a,2014-10,TP.BKR.TRY.1,"Ticari Krediler (TL, Stok, %)",avg,12.09
bie_kt210a,2014-10,TP.BKR.EUR.1,"Ticari Krediler (Euro, Stok, %)",avg,4.28
bie_kt210a,2014-10,TP.BKR.USD.1,"Ticari Krediler (ABD doları, Stok, %)",avg,4.64
bie_kt210a,2014-10,TP.BKR.TRY.KTF18,"Ticari Krediler (Tüzel Kişi KMH ve Kurumsal Kredi Kartları Hariç) (TL, Stok,%)",avg,11.76
bie_kt210a,2014-10,TP.BKR.TRY.KTFTUK,"Tüketici Kredisi (İhtiyaç+Taşıt+Konut) (TL, Stok,%)",avg,12.31
bie_kt210a,2014-10,TP.BKR.TRY.KTFTUK01,"Tüketici Kredisi (KMH Dahil) (TL Üzerinden Açılan) (İhtiyaç+Taşıt+Konut) (Stok,%)",avg,12.73
bie_kt210a,2014-11,TP.BKR.TRY.KTF10,"İhtiyaç Kredisi (TL, Stok, %)",avg,14.89
bie_kt210a,2014-11,TP.BKR.TRY.KTF101,"İhtiyaç Kredisi (KMH Dahil) (TL, Stok, %)",avg,15.64
bie_kt210a,2014-11,TP.BKR.TRY.17,"Taşıt Kredisi (TL, Stok, %)",avg,12.11
bie_kt210a,2014-11,TP.BKR.TRY.18,"Konut Kredisi (TL, Stok, %)",avg,10.65
bie_kt210a,2014-11,TP.BKR.TRY.1,"Ticari Krediler (TL, Stok, %)",avg,12.12
bie_kt210a,2014-11,TP.BKR.EUR.1,"Ticari Krediler (Euro, Stok, %)",avg,4.3
bie_kt210a,2014-11,TP.BKR.USD.1,"Ticari Krediler (ABD doları, Stok, %)",avg,4.68
bie_kt210a,2014-11,TP.BKR.TRY.KTF18,"Ticari Krediler (Tüzel Kişi KMH ve Kurumsal Kredi Kartları Hariç) (TL, Stok,%)",avg,11.81
bie_kt210a,2014-11,TP.BKR.TRY.KTFTUK,"Tüketici Kredisi (İhtiyaç+Taşıt+Konut) (TL, Stok,%)",avg,12.56
bie_kt210a,2014-11,TP.BKR.TRY.KTFTUK01,"Tüketici Kredisi (KMH Dahil) (TL Üzerinden Açılan) (İhtiyaç+Taşıt+Konut) (Stok,%)",avg,12.99
bie_kt210a,2014-12,TP.BKR.TRY.KTF10,"İhtiyaç Kredisi (TL, Stok, %)",avg,14.91
bie_kt210a,2014-12,TP.BKR.TRY.KTF101,"İhtiyaç Kredisi (KMH Dahil) (TL, Stok, %)",avg,15.6
bie_kt210a,2014-12,TP.BKR.TRY.17,"Taşıt Kredisi (TL, Stok, %)",avg,12.11
bie_kt210a,2014-12,TP.BKR.TRY.18,"Konut Kredisi (TL, Stok, %)",avg,10.64
bie_kt210a,2014-12,TP.BKR.TRY.1,"Ticari Krediler (TL, Stok, %)",avg,12.06
bie_kt210a,2014-12,TP.BKR.EUR.1,"Ticari Krediler (Euro, Stok, %)",avg,4.25
bie_kt210a,2014-12,TP.BKR.USD.1,"Ticari Krediler (ABD doları, Stok, %)",avg,4.69
bie_kt210a,2014-12,TP.BKR.TRY.KTF18,"Ticari Krediler (Tüzel Kişi KMH ve Kurumsal Kredi Kartları Hariç) (TL, Stok,%)",avg,11.73
bie_kt210a,2014-12,TP.BKR.TRY.KTFTUK,"Tüketici Kredisi (İhtiyaç+Taşıt+Konut) (TL, Stok,%)",avg,12.69
bie_kt210a,2014-12,TP.BKR.TRY.KTFTUK01,"Tüketici Kredisi (KMH Dahil) (TL Üzerinden Açılan) (İhtiyaç+Taşıt+Konut) (Stok,%)",avg,13.1
bie_kt210a,2015-01,TP.BKR.TRY.KTF10,"İhtiyaç Kredisi (TL, Stok, %)",avg,14.8
bie_kt210a,2015-01,TP.BKR.TRY.KTF101,"İhtiyaç Kredisi (KMH Dahil) (TL, Stok, %)",avg,15.36
bie_kt210a,2015-01,TP.BKR.TRY.17,"Taşıt Kredisi (TL, Stok, %)",avg,12.15
bie_kt210a,2015-01,TP.BKR.TRY.18,"Konut Kredisi (TL, Stok, %)",avg,10.65
bie_kt210a,2015-01,TP.BKR.TRY.1,"Ticari Krediler (TL, Stok, %)",avg,12.02
bie_kt210a,2015-01,TP.BKR.EUR.1,"Ticari Krediler (Euro, Stok, %)",avg,4.13
bie_kt210a,2015-01,TP.BKR.USD.1,"Ticari Krediler (ABD doları, Stok, %)",avg,4.63
bie_kt210a,2015-01,TP.BKR.TRY.KTF18,"Ticari Krediler (Tüzel Kişi KMH ve Kurumsal Kredi Kartları Hariç) (TL, Stok,%)",avg,11.69
bie_kt210a,2015-01,TP.BKR.TRY.KTFTUK,"Tüketici Kredisi (İhtiyaç+Taşıt+Konut) (TL, Stok,%)",avg,12.92
bie_kt210a,2015-01,TP.BKR.TRY.KTFTUK01,"Tüketici Kredisi (KMH Dahil) (TL Üzerinden Açılan) (İhtiyaç+Taşıt+Konut) (Stok,%)",avg,13.29
bie_kt210a,2015-02,TP.BKR.TRY.KTF10,"İhtiyaç Kredisi (TL, Stok, %)",avg,14.73
bie_kt210a,2015-02,TP.BKR.TRY.KTF101,"İhtiyaç Kredisi (KMH Dahil) (TL, Stok, %)",avg,15.31
bie_kt210a,2015-02,TP.BKR.TRY.17,"Taşıt Kredisi (TL, Stok, %)",avg,12.18
bie_kt210a,2015-02,TP.BKR.TRY.18,"Konut Kredisi (TL, Stok, %)",avg,10.65
bie_kt210a,2015-02,TP.BKR.TRY.1,"Ticari Krediler (TL, Stok, %)",avg,11.84
bie_kt210a,2015-02,TP.BKR.EUR.1,"Ticari Krediler (Euro, Stok, %)",avg,4.06
bie_kt210a,2015-02,TP.BKR.USD.1,"Ticari Krediler (ABD doları, Stok, %)",avg,4.61
bie_kt210a,2015-02,TP.BKR.TRY.KTF18,"Ticari Krediler (Tüzel Kişi KMH ve Kurumsal Kredi Kartları Hariç) (TL, Stok,%)",avg,11.51
bie_kt210a,2015-02,TP.BKR.TRY.KTFTUK,"Tüketici Kredisi (İhtiyaç+Taşıt+Konut) (TL, Stok,%)",avg,12.87
bie_kt210a,2015-02,TP.BKR.TRY.KTFTUK01,"Tüketici Kredisi (KMH Dahil) (TL Üzerinden Açılan) (İhtiyaç+Taşıt+Konut) (Stok,%)",avg,13.25
bie_kt210a,2015-03,TP.BKR.TRY.KTF10,"İhtiyaç Kredisi (TL, Stok, %)",avg,14.67
bie_kt210a,2015-03,TP.BKR.TRY.KTF101,"İhtiyaç Kredisi (KMH Dahil) (TL, Stok, %)",avg,15.28
bie_kt210a,2015-03,TP.BKR.TRY.17,"Taşıt Kredisi (TL, Stok, %)",avg,12.2
bie_kt210a,2015-03,TP.BKR.TRY.18,"Konut Kredisi (TL, Stok, %)",avg,10.67
bie_kt210a,2015-03,TP.BKR.TRY.1,"Ticari Krediler (TL, Stok, %)",avg,11.92
bie_kt210a,2015-03,TP.BKR.EUR.1,"Ticari Krediler (Euro, Stok, %)",avg,3.99
bie_kt210a,2015-03,TP.BKR.USD.1,"Ticari Krediler (ABD doları, Stok, %)",avg,4.61
bie_kt210a,2015-03,TP.BKR.TRY.KTF18,"Ticari Krediler (Tüzel Kişi KMH ve Kurumsal Kredi Kartları Hariç) (TL, Stok,%)",avg,11.58
bie_kt210a,2015-03,TP.BKR.TRY.KTFTUK,"Tüketici Kredisi (İhtiyaç+Taşıt+Konut) (TL, Stok,%)",avg,12.84
bie_kt210a,2015-03,TP.BKR.TRY.KTFTUK01,"Tüketici Kredisi (KMH Dahil) (TL Üzerinden Açılan) (İhtiyaç+Taşıt+Konut) (Stok,%)",avg,13.23
bie_kt210a,2015-04,TP.BKR.TRY.KTF10,"İhtiyaç Kredisi (TL, Stok, %)",avg,14.62
bie_kt210a,2015-04,TP.BKR.TRY.KTF101,"İhtiyaç Kredisi (KMH Dahil) (TL, Stok, %)",avg,15.23
bie_kt210a,2015-04,TP.BKR.TRY.17,"Taşıt Kredisi (TL, Stok, %)",avg,12.23
bie_kt210a,2015-04,TP.BKR.TRY.18,"Konut Kredisi (TL, Stok, %)",avg,10.66
bie_kt210a,2015-04,TP.BKR.TRY.1,"Ticari Krediler (TL, Stok, %)",avg,12.41
bie_kt210a,2015-04,TP.BKR.EUR.1,"Ticari Krediler (Euro, Stok, %)",avg,3.93
bie_kt210a,2015-04,TP.BKR.USD.1,"Ticari Krediler (ABD doları, Stok, %)",avg,4.58
bie_kt210a,2015-04,TP.BKR.TRY.KTF18,"Ticari Krediler (Tüzel Kişi KMH ve Kurumsal Kredi Kartları Hariç) (TL, Stok,%)",avg,12.07
bie_kt210a,2015-04,TP.BKR.TRY.KTFTUK,"Tüketici Kredisi (İhtiyaç+Taşıt+Konut) (TL, Stok,%)",avg,12.8
bie_kt210a,2015-04,TP.BKR.TRY.KTFTUK01,"Tüketici Kredisi (KMH Dahil) (TL Üzerinden Açılan) (İhtiyaç+Taşıt+Konut) (Stok,%)",avg,13.18
bie_kt210a,2015-05,TP.BKR.TRY.KTF10,"İhtiyaç Kredisi (TL, Stok, %)",avg,14.71
bie_kt210a,2015-05,TP.BKR.TRY.KTF101,"İhtiyaç Kredisi (KMH Dahil) (TL, Stok, %)",avg,15.31
bie_kt210a,2015-05,TP.BKR.TRY.17,"Taşıt Kredisi (TL, Stok, %)",avg,12.29
bie_kt210a,2015-05,TP.BKR.TRY.18,"Konut Kredisi (TL, Stok, %)",avg,10.68
bie_kt210a,2015-05,TP.BKR.TRY.1,"Ticari Krediler (TL, Stok, %)",avg,12.11
bie_kt210a,2015-05,TP.BKR.EUR.1,"Ticari Krediler (Euro, Stok, %)",avg,3.89
bie_kt210a,2015-05,TP.BKR.USD.1,"Ticari Krediler (ABD doları, Stok, %)",avg,4.6
bie_kt210a,2015-05,TP.BKR.TRY.KTF18,"Ticari Krediler (Tüzel Kişi KMH ve Kurumsal Kredi Kartları Hariç) (TL, Stok,%)",avg,11.78
bie_kt210a,2015-05,TP.BKR.TRY.KTFTUK,"Tüketici Kredisi (İhtiyaç+Taşıt+Konut) (TL, Stok,%)",avg,12.85
bie_kt210a,2015-05,TP.BKR.TRY.KTFTUK01,"Tüketici Kredisi (KMH Dahil) (TL Üzerinden Açılan) (İhtiyaç+Taşıt+Konut) (Stok,%)",avg,13.24
bie_kt210a,2015-06,TP.BKR.TRY.KTF10,"İhtiyaç Kredisi (TL, Stok, %)",avg,14.52
bie_kt210a,2015-06,TP.BKR.TRY.KTF101,"İhtiyaç Kredisi (KMH Dahil) (TL, Stok, %)",avg,15.16
bie_kt210a,2015-06,TP.BKR.TRY.17,"Taşıt Kredisi (TL, Stok, %)",avg,12.37
bie_kt210a,2015-06,TP.BKR.TRY.18,"Konut Kredisi (TL, Stok, %)",avg,10.72
bie_kt210a,2015-06,TP.BKR.TRY.1,"Ticari Krediler (TL, Stok, %)",avg,11.15
bie_kt210a,2015-06,TP.BKR.EUR.1,"Ticari Krediler (Euro, Stok, %)",avg,3.64
bie_kt210a,2015-06,TP.BKR.USD.1,"Ticari Krediler (ABD doları, Stok, %)",avg,4.45
bie_kt210a,2015-06,TP.BKR.TRY.KTF18,"Ticari Krediler (Tüzel Kişi KMH ve Kurumsal Kredi Kartları Hariç) (TL, Stok,%)",avg,10.75
bie_kt210a,2015-06,TP.BKR.TRY.KTFTUK,"Tüketici Kredisi (İhtiyaç+Taşıt+Konut) (TL, Stok,%)",avg,12.74
bie_kt210a,2015-06,TP.BKR.TRY.KTFTUK01,"Tüketici Kredisi (KMH Dahil) (TL Üzerinden Açılan) (İhtiyaç+Taşıt+Konut) (Stok,%)",avg,13.14
bie_kt210a,2015-07,TP.BKR.TRY.KTF10,"İhtiyaç Kredisi (TL, Stok, %)",avg,14.59
bie_kt210a,2015-07,TP.BKR.TRY.KTF101,"İhtiyaç Kredisi (KMH Dahil) (TL, Stok, %)",avg,15.28
bie_kt210a,2015-07,TP.BKR.TRY.17,"Taşıt Kredisi (TL, Stok, %)",avg,12.46
bie_kt210a,2015-07,TP.BKR.TRY.18,"Konut Kredisi (TL, Stok, %)",avg,10.77
bie_kt210a,2015-07,TP.BKR.TRY.1,"Ticari Krediler (TL, Stok, %)",avg,11.51
bie_kt210a,2015-07,TP.BKR.EUR.1,"Ticari Krediler (Euro, Stok, %)",avg,3.75
bie_kt210a,2015-07,TP.BKR.USD.1,"Ticari Krediler (ABD doları, Stok, %)",avg,4.5
bie_kt210a,2015-07,TP.BKR.TRY.KTF18,"Ticari Krediler (Tüzel Kişi KMH ve Kurumsal Kredi Kartları Hariç) (TL, Stok,%)",avg,11.15
bie_kt210a,2015-07,TP.BKR.TRY.KTFTUK,"Tüketici Kredisi (İhtiyaç+Taşıt+Konut) (TL, Stok,%)",avg,12.8
bie_kt210a,2015-07,TP.BKR.TRY.KTFTUK01,"Tüketici Kredisi (KMH Dahil) (TL Üzerinden Açılan) (İhtiyaç+Taşıt+Konut) (Stok,%)",avg,13.23
bie_kt210a,2015-08,TP.BKR.TRY.KTF10,"İhtiyaç Kredisi (TL, Stok, %)",avg,14.66
bie_kt210a,2015-08,TP.BKR.TRY.KTF101,"İhtiyaç Kredisi (KMH Dahil) (TL, Stok, %)",avg,15.36
bie_kt210a,2015-08,TP.BKR.TRY.17,"Taşıt Kredisi (TL, Stok, %)",avg,12.57
bie_kt210a,2015-08,TP.BKR.TRY.18,"Konut Kredisi (TL, Stok, %)",avg,10.82
bie_kt210a,2015-08,TP.BKR.TRY.1,"Ticari Krediler (TL, Stok, %)",avg,12.07
bie_kt210a,2015-08,TP.BKR.EUR.1,"Ticari Krediler (Euro, Stok, %)",avg,3.74
bie_kt210a,2015-08,TP.BKR.USD.1,"Ticari Krediler (ABD doları, Stok, %)",avg,4.5
bie_kt210a,2015-08,TP.BKR.TRY.KTF18,"Ticari Krediler (Tüzel Kişi KMH ve Kurumsal Kredi Kartları Hariç) (TL, Stok,%)",avg,11.7
bie_kt210a,2015-08,TP.BKR.TRY.KTFTUK,"Tüketici Kredisi (İhtiyaç+Taşıt+Konut) (TL, Stok,%)",avg,12.85
bie_kt210a,2015-08,TP.BKR.TRY.KTFTUK01,"Tüketici Kredisi (KMH Dahil) (TL Üzerinden Açılan) (İhtiyaç+Taşıt+Konut) (Stok,%)",avg,13.29
bie_kt210a,2015-09,TP.BKR.TRY.KTF10,"İhtiyaç Kredisi (TL, Stok, %)",avg,14.77
bie_kt210a,2015-09,TP.BKR.TRY.KTF101,"İhtiyaç Kredisi (KMH Dahil) (TL, Stok, %)",avg,15.48
bie_kt210a,2015-09,TP.BKR.TRY.17,"Taşıt Kredisi (TL, Stok, %)",avg,12.7
bie_kt210a,2015-09,TP.BKR.TRY.18,"Konut Kredisi (TL, Stok, %)",avg,10.89
bie_kt210a,2015-09,TP.BKR.TRY.1,"Ticari Krediler (TL, Stok, %)",avg,12.61
bie_kt210a,2015-09,TP.BKR.EUR.1,"Ticari Krediler (Euro, Stok, %)",avg,3.76
bie_kt210a,2015-09,TP.BKR.USD.1,"Ticari Krediler (ABD doları, Stok, %)",avg,4.56
bie_kt210a,2015-09,TP.BKR.TRY.KTF18,"Ticari Krediler (Tüzel Kişi KMH ve Kurumsal Kredi Kartları Hariç) (TL, Stok,%)",avg,12.26
bie_kt210a,2015-09,TP.BKR.TRY.KTFTUK,"Tüketici Kredisi (İhtiyaç+Taşıt+Konut) (TL, Stok,%)",avg,12.93
bie_kt210a,2015-09,TP.BKR.TRY.KTFTUK01,"Tüketici Kredisi (KMH Dahil) (TL Üzerinden Açılan) (İhtiyaç+Taşıt+Konut) (Stok,%)",avg,13.37
bie_kt210a,2015-10,TP.BKR.TRY.KTF10,"İhtiyaç Kredisi (TL, Stok, %)",avg,14.95
bie_kt210a,2015-10,TP.BKR.TRY.KTF101,"İhtiyaç Kredisi (KMH Dahil) (TL, Stok, %)",avg,15.67
bie_kt210a,2015-10,TP.BKR.TRY.17,"Taşıt Kredisi (TL, Stok, %)",avg,12.94
bie_kt210a,2015-10,TP.BKR.TRY.18,"Konut Kredisi (TL, Stok, %)",avg,11.04
bie_kt210a,2015-10,TP.BKR.TRY.1,"Ticari Krediler (TL, Stok, %)",avg,12.93
bie_kt210a,2015-10,TP.BKR.EUR.1,"Ticari Krediler (Euro, Stok, %)",avg,3.74
bie_kt210a,2015-10,TP.BKR.USD.1,"Ticari Krediler (ABD doları, Stok, %)",avg,4.59
bie_kt210a,2015-10,TP.BKR.TRY.KTF18,"Ticari Krediler (Tüzel Kişi KMH ve Kurumsal Kredi Kartları Hariç) (TL, Stok,%)",avg,12.59
bie_kt210a,2015-10,TP.BKR.TRY.KTFTUK,"Tüketici Kredisi (İhtiyaç+Taşıt+Konut) (TL, Stok,%)",avg,13.09
bie_kt210a,2015-10,TP.BKR.TRY.KTFTUK01,"Tüketici Kredisi (KMH Dahil) (TL Üzerinden Açılan) (İhtiyaç+Taşıt+Konut) (Stok,%)",avg,13.54
bie_kt210a,2015-11,TP.BKR.TRY.KTF10,"İhtiyaç Kredisi (TL, Stok, %)",avg,15.08
bie_kt210a,2015-11,TP.BKR.TRY.KTF101,"İhtiyaç Kredisi (KMH Dahil) (TL, Stok, %)",avg,15.81
bie_kt210a,2015-11,TP.BKR.TRY.17,"Taşıt Kredisi (TL, Stok, %)",avg,13.1
bie_kt210a,2015-11,TP.BKR.TRY.18,"Konut Kredisi (TL, Stok, %)",avg,11.11
bie_kt210a,2015-11,TP.BKR.TRY.1,"Ticari Krediler (TL, Stok, %)",avg,12.87
bie_kt210a,2015-11,TP.BKR.EUR.1,"Ticari Krediler (Euro, Stok, %)",avg,3.75
bie_kt210a,2015-11,TP.BKR.USD.1,"Ticari Krediler (ABD doları, Stok, %)",avg,4.63
bie_kt210a,2015-11,TP.BKR.TRY.KTF18,"Ticari Krediler (Tüzel Kişi KMH ve Kurumsal Kredi Kartları Hariç) (TL, Stok,%)",avg,12.53
bie_kt210a,2015-11,TP.BKR.TRY.KTFTUK,"Tüketici Kredisi (İhtiyaç+Taşıt+Konut) (TL, Stok,%)",avg,13.18
bie_kt210a,2015-11,TP.BKR.TRY.KTFTUK01,"Tüketici Kredisi (KMH Dahil) (TL Üzerinden Açılan) (İhtiyaç+Taşıt+Konut) (Stok,%)",avg,13.64
bie_kt210a,2015-12,TP.BKR.TRY.KTF10,"İhtiyaç Kredisi (TL, Stok, %)",avg,15.16
bie_kt210a,2015-12,TP.BKR.TRY.KTF101,"İhtiyaç Kredisi (KMH Dahil) (TL, Stok, %)",avg,15.86
bie_kt210a,2015-12,TP.BKR.TRY.17,"Taşıt Kredisi (TL, Stok, %)",avg,13.22
bie_kt210a,2015-12,TP.BKR.TRY.18,"Konut Kredisi (TL, Stok, %)",avg,11.18
bie_kt210a,2015-12,TP.BKR.TRY.1,"Ticari Krediler (TL, Stok, %)",avg,13.02
bie_kt210a,2015-12,TP.BKR.EUR.1,"Ticari Krediler (Euro, Stok, %)",avg,3.75
bie_kt210a,2015-12,TP.BKR.USD.1,"Ticari Krediler (ABD doları, Stok, %)",avg,4.68
bie_kt210a,2015-12,TP.BKR.TRY.KTF18,"Ticari Krediler (Tüzel Kişi KMH ve Kurumsal Kredi Kartları Hariç) (TL, Stok,%)",avg,12.68
bie_kt210a,2015-12,TP.BKR.TRY.KTFTUK,"Tüketici Kredisi (İhtiyaç+Taşıt+Konut) (TL, Stok,%)",avg,13.25
bie_kt210a,2015-12,TP.BKR.TRY.KTFTUK01,"Tüketici Kredisi (KMH Dahil) (TL Üzerinden Açılan) (İhtiyaç+Taşıt+Konut) (Stok,%)",avg,13.69
bie_kt210a,2016-01,TP.BKR.TRY.KTF10,"İhtiyaç Kredisi (TL, Stok, %)",avg,15.45
bie_kt210a,2016-01,TP.BKR.TRY.KTF101,"İhtiyaç Kredisi (KMH Dahil) (TL, Stok, %)",avg,16.14
bie_kt210a,2016-01,TP.BKR.TRY.17,"Taşıt Kredisi (TL, Stok, %)",avg,13.57
bie_kt210a,2016-01,TP.BKR.TRY.18,"Konut Kredisi (TL, Stok, %)",avg,11.3
bie_kt210a,2016-01,TP.BKR.TRY.1,"Ticari Krediler (TL, Stok, %)",avg,13.33
bie_kt210a,2016-01,TP.BKR.EUR.1,"Ticari Krediler (Euro, Stok, %)",avg,3.74
bie_kt210a,2016-01,TP.BKR.USD.1,"Ticari Krediler (ABD doları, Stok, %)",avg,4.74
bie_kt210a,2016-01,TP.BKR.TRY.KTF18,"Ticari Krediler (Tüzel Kişi KMH ve Kurumsal Kredi Kartları Hariç) (TL, Stok,%)",avg,13.01
bie_kt210a,2016-01,TP.BKR.TRY.KTFTUK,"Tüketici Kredisi (İhtiyaç+Taşıt+Konut) (TL, Stok,%)",avg,13.46
bie_kt210a,2016-01,TP.BKR.TRY.KTFTUK01,"Tüketici Kredisi (KMH Dahil) (TL Üzerinden Açılan) (İhtiyaç+Taşıt+Konut) (Stok,%)",avg,13.9
bie_kt210a,2016-02,TP.BKR.TRY.KTF10,"İhtiyaç Kredisi (TL, Stok, %)",avg,15.6
bie_kt210a,2016-02,TP.BKR.TRY.KTF101,"İhtiyaç Kredisi (KMH Dahil) (TL, Stok, %)",avg,16.3
bie_kt210a,2016-02,TP.BKR.TRY.17,"Taşıt Kredisi (TL, Stok, %)",avg,13.73
bie_kt210a,2016-02,TP.BKR.TRY.18,"Konut Kredisi (TL, Stok, %)",avg,11.38
bie_kt210a,2016-02,TP.BKR.TRY.1,"Ticari Krediler (TL, Stok, %)",avg,13.41
bie_kt210a,2016-02,TP.BKR.EUR.1,"Ticari Krediler (Euro, Stok, %)",avg,3.74
bie_kt210a,2016-02,TP.BKR.USD.1,"Ticari Krediler (ABD doları, Stok, %)",avg,4.8
bie_kt210a,2016-02,TP.BKR.TRY.KTF18,"Ticari Krediler (Tüzel Kişi KMH ve Kurumsal Kredi Kartları Hariç) (TL, Stok,%)",avg,13.07
bie_kt210a,2016-02,TP.BKR.TRY.KTFTUK,"Tüketici Kredisi (İhtiyaç+Taşıt+Konut) (TL, Stok,%)",avg,13.57
bie_kt210a,2016-02,TP.BKR.TRY.KTFTUK01,"Tüketici Kredisi (KMH Dahil) (TL Üzerinden Açılan) (İhtiyaç+Taşıt+Konut) (Stok,%)",avg,14.01
bie_kt210a,2016-03,TP.BKR.TRY.KTF10,"İhtiyaç Kredisi (TL, Stok, %)",avg,15.63
bie_kt210a,2016-03,TP.BKR.TRY.KTF101,"İhtiyaç Kredisi (KMH Dahil) (TL, Stok, %)",avg,16.25
bie_kt210a,2016-03,TP.BKR.TRY.17,"Taşıt Kredisi (TL, Stok, %)",avg,13.92
bie_kt210a,2016-03,TP.BKR.TRY.18,"Konut Kredisi (TL, Stok, %)",avg,11.48
bie_kt210a,2016-03,TP.BKR.TRY.1,"Ticari Krediler (TL, Stok, %)",avg,13.57
bie_kt210a,2016-03,TP.BKR.EUR.1,"Ticari Krediler (Euro, Stok, %)",avg,3.75
bie_kt210a,2016-03,TP.BKR.USD.1,"Ticari Krediler (ABD doları, Stok, %)",avg,4.85
bie_kt210a,2016-03,TP.BKR.TRY.KTF18,"Ticari Krediler (Tüzel Kişi KMH ve Kurumsal Kredi Kartları Hariç) (TL, Stok,%)",avg,13.23
bie_kt210a,2016-03,TP.BKR.TRY.KTFTUK,"Tüketici Kredisi (İhtiyaç+Taşıt+Konut) (TL, Stok,%)",avg,13.64
bie_kt210a,2016-03,TP.BKR.TRY.KTFTUK01,"Tüketici Kredisi (KMH Dahil) (TL Üzerinden Açılan) (İhtiyaç+Taşıt+Konut) (Stok,%)",avg,14.03
bie_kt210a,2016-04,TP.BKR.TRY.KTF10,"İhtiyaç Kredisi (TL, Stok, %)",avg,15.77
bie_kt210a,2016-04,TP.BKR.TRY.KTF101,"İhtiyaç Kredisi (KMH Dahil) (TL, Stok, %)",avg,16.37
bie_kt210a,2016-04,TP.BKR.TRY.17,"Taşıt Kredisi (TL, Stok, %)",avg,14.08
bie_kt210a,2016-04,TP.BKR.TRY.18,"Konut Kredisi (TL, Stok, %)",avg,11.56
bie_kt210a,2016-04,TP.BKR.TRY.1,"Ticari Krediler (TL, Stok, %)",avg,13.59
bie_kt210a,2016-04,TP.BKR.EUR.1,"Ticari Krediler (Euro, Stok, %)",avg,3.79
bie_kt210a,2016-04,TP.BKR.USD.1,"Ticari Krediler (ABD doları, Stok, %)",avg,4.96
bie_kt210a,2016-04,TP.BKR.TRY.KTF18,"Ticari Krediler (Tüzel Kişi KMH ve Kurumsal Kredi Kartları Hariç) (TL, Stok,%)",avg,13.26
bie_kt210a,2016-04,TP.BKR.TRY.KTFTUK,"Tüketici Kredisi (İhtiyaç+Taşıt+Konut) (TL, Stok,%)",avg,13.74
bie_kt210a,2016-04,TP.BKR.TRY.KTFTUK01,"Tüketici Kredisi (KMH Dahil) (TL Üzerinden Açılan) (İhtiyaç+Taşıt+Konut) (Stok,%)",avg,14.12
bie_kt210a,2016-05,TP.BKR.TRY.KTF10,"İhtiyaç Kredisi (TL, Stok, %)",avg,15.87
bie_kt210a,2016-05,TP.BKR.TRY.KTF101,"İhtiyaç Kredisi (KMH Dahil) (TL, Stok, %)",avg,16.48
bie_kt210a,2016-05,TP.BKR.TRY.17,"Taşıt Kredisi (TL, Stok, %)",avg,14.21
bie_kt210a,2016-05,TP.BKR.TRY.18,"Konut Kredisi (TL, Stok, %)",avg,11.66
bie_kt210a,2016-05,TP.BKR.TRY.1,"Ticari Krediler (TL, Stok, %)",avg,13.6
bie_kt210a,2016-05,TP.BKR.EUR.1,"Ticari Krediler (Euro, Stok, %)",avg,3.82
bie_kt210a,2016-05,TP.BKR.USD.1,"Ticari Krediler (ABD doları, Stok, %)",avg,5.02
bie_kt210a,2016-05,TP.BKR.TRY.KTF18,"Ticari Krediler (Tüzel Kişi KMH ve Kurumsal Kredi Kartları Hariç) (TL, Stok,%)",avg,13.25
bie_kt210a,2016-05,TP.BKR.TRY.KTFTUK,"Tüketici Kredisi (İhtiyaç+Taşıt+Konut) (TL, Stok,%)",avg,13.84
bie_kt210a,2016-05,TP.BKR.TRY.KTFTUK01,"Tüketici Kredisi (KMH Dahil) (TL Üzerinden Açılan) (İhtiyaç+Taşıt+Konut) (Stok,%)",avg,14.22
bie_kt210a,2016-06,TP.BKR.TRY.KTF10,"İhtiyaç Kredisi (TL, Stok, %)",avg,16.02
bie_kt210a,2016-06,TP.BKR.TRY.KTF101,"İhtiyaç Kredisi (KMH Dahil) (TL, Stok, %)",avg,16.61
bie_kt210a,2016-06,TP.BKR.TRY.17,"Taşıt Kredisi (TL, Stok, %)",avg,14.07
bie_kt210a,2016-06,TP.BKR.TRY.18,"Konut Kredisi (TL, Stok, %)",avg,11.74
bie_kt210a,2016-06,TP.BKR.TRY.1,"Ticari Krediler (TL, Stok, %)",avg,13.54
bie_kt210a,2016-06,TP.BKR.EUR.1,"Ticari Krediler (Euro, Stok, %)",avg,3.79
bie_kt210a,2016-06,TP.BKR.USD.1,"Ticari Krediler (ABD doları, Stok, %)",avg,4.99
bie_kt210a,2016-06,TP.BKR.TRY.KTF18,"Ticari Krediler (Tüzel Kişi KMH ve Kurumsal Kredi Kartları Hariç) (TL, Stok,%)",avg,13.2
bie_kt210a,2016-06,TP.BKR.TRY.KTFTUK,"Tüketici Kredisi (İhtiyaç+Taşıt+Konut) (TL, Stok,%)",avg,13.94
bie_kt210a,2016-06,TP.BKR.TRY.KTFTUK01,"Tüketici Kredisi (KMH Dahil) (TL Üzerinden Açılan) (İhtiyaç+Taşıt+Konut) (Stok,%)",avg,14.32
bie_kt210a,2016-07,TP.BKR.TRY.KTF10,"İhtiyaç Kredisi (TL, Stok, %)",avg,16.1
bie_kt210a,2016-07,TP.BKR.TRY.KTF101,"İhtiyaç Kredisi (KMH Dahil) (TL, Stok, %)",avg,16.7
bie_kt210a,2016-07,TP.BKR.TRY.17,"Taşıt Kredisi (TL, Stok, %)",avg,14.47
bie_kt210a,2016-07,TP.BKR.TRY.18,"Konut Kredisi (TL, Stok, %)",avg,11.78
bie_kt210a,2016-07,TP.BKR.TRY.1,"Ticari Krediler (TL, Stok, %)",avg,13.61
bie_kt210a,2016-07,TP.BKR.EUR.1,"Ticari Krediler (Euro, Stok, %)",avg,3.8
bie_kt210a,2016-07,TP.BKR.USD.1,"Ticari Krediler (ABD doları, Stok, %)",avg,5.02
bie_kt210a,2016-07,TP.BKR.TRY.KTF18,"Ticari Krediler (Tüzel Kişi KMH ve Kurumsal Kredi Kartları Hariç) (TL, Stok,%)",avg,13.28
bie_kt210a,2016-07,TP.BKR.TRY.KTFTUK,"Tüketici Kredisi (İhtiyaç+Taşıt+Konut) (TL, Stok,%)",avg,14.0
bie_kt210a,2016-07,TP.BKR.TRY.KTFTUK01,"Tüketici Kredisi (KMH Dahil) (TL Üzerinden Açılan) (İhtiyaç+Taşıt+Konut) (Stok,%)",avg,14.38
bie_kt210a,2016-08,TP.BKR.TRY.KTF10,"İhtiyaç Kredisi (TL, Stok, %)",avg,16.19
bie_kt210a,2016-08,TP.BKR.TRY.KTF101,"İhtiyaç Kredisi (KMH Dahil) (TL, Stok, %)",avg,16.81
bie_kt210a,2016-08,TP.BKR.TRY.17,"Taşıt Kredisi (TL, Stok, %)",avg,14.63
bie_kt210a,2016-08,TP.BKR.TRY.18,"Konut Kredisi (TL, Stok, %)",avg,11.81
bie_kt210a,2016-08,TP.BKR.TRY.1,"Ticari Krediler (TL, Stok, %)",avg,13.56
bie_kt210a,2016-08,TP.BKR.EUR.1,"Ticari Krediler (Euro, Stok, %)",avg,3.81
bie_kt210a,2016-08,TP.BKR.USD.1,"Ticari Krediler (ABD doları, Stok, %)",avg,5.06
bie_kt210a,2016-08,TP.BKR.TRY.KTF18,"Ticari Krediler (Tüzel Kişi KMH ve Kurumsal Kredi Kartları Hariç) (TL, Stok,%)",avg,13.23
bie_kt210a,2016-08,TP.BKR.TRY.KTFTUK,"Tüketici Kredisi (İhtiyaç+Taşıt+Konut) (TL, Stok,%)",avg,14.06
bie_kt210a,2016-08,TP.BKR.TRY.KTFTUK01,"Tüketici Kredisi (KMH Dahil) (TL Üzerinden Açılan) (İhtiyaç+Taşıt+Konut) (Stok,%)",avg,14.45
bie_kt210a,2016-09,TP.BKR.TRY.KTF10,"İhtiyaç Kredisi (TL, Stok, %)",avg,16.25
bie_kt210a,2016-09,TP.BKR.TRY.KTF101,"İhtiyaç Kredisi (KMH Dahil) (TL, Stok, %)",avg,16.88
bie_kt210a,2016-09,TP.BKR.TRY.17,"Taşıt Kredisi (TL, Stok, %)",avg,14.66
bie_kt210a,2016-09,TP.BKR.TRY.18,"Konut Kredisi (TL, Stok, %)",avg,11.83
bie_kt210a,2016-09,TP.BKR.TRY.1,"Ticari Krediler (TL, Stok, %)",avg,13.5
bie_kt210a,2016-09,TP.BKR.EUR.1,"Ticari Krediler (Euro, Stok, %)",avg,3.8
bie_kt210a,2016-09,TP.BKR.USD.1,"Ticari Krediler (ABD doları, Stok, %)",avg,5.09
bie_kt210a,2016-09,TP.BKR.TRY.KTF18,"Ticari Krediler (Tüzel Kişi KMH ve Kurumsal Kredi Kartları Hariç) (TL, Stok,%)",avg,13.18
bie_kt210a,2016-09,TP.BKR.TRY.KTFTUK,"Tüketici Kredisi (İhtiyaç+Taşıt+Konut) (TL, Stok,%)",avg,14.08
bie_kt210a,2016-09,TP.BKR.TRY.KTFTUK01,"Tüketici Kredisi (KMH Dahil) (TL Üzerinden Açılan) (İhtiyaç+Taşıt+Konut) (Stok,%)",avg,14.48
bie_kt210a,2016-10,TP.BKR.TRY.KTF10,"İhtiyaç Kredisi (TL, Stok, %)",avg,16.85
bie_kt210a,2016-10,TP.BKR.TRY.KTF101,"İhtiyaç Kredisi (KMH Dahil) (TL, Stok, %)",avg,17.41
bie_kt210a,2016-10,TP.BKR.TRY.17,"Taşıt Kredisi (TL, Stok, %)",avg,14.77
bie_kt210a,2016-10,TP.BKR.TRY.18,"Konut Kredisi (TL, Stok, %)",avg,11.86
bie_kt210a,2016-10,TP.BKR.TRY.1,"Ticari Krediler (TL, Stok, %)",avg,13.45
bie_kt210a,2016-10,TP.BKR.EUR.1,"Ticari Krediler (Euro, Stok, %)",avg,3.79
bie_kt210a,2016-10,TP.BKR.USD.1,"Ticari Krediler (ABD doları, Stok, %)",avg,5.12
bie_kt210a,2016-10,TP.BKR.TRY.KTF18,"Ticari Krediler (Tüzel Kişi KMH ve Kurumsal Kredi Kartları Hariç) (TL, Stok,%)",avg,13.12
bie_kt210a,2016-10,TP.BKR.TRY.KTFTUK,"Tüketici Kredisi (İhtiyaç+Taşıt+Konut) (TL, Stok,%)",avg,14.39
bie_kt210a,2016-10,TP.BKR.TRY.KTFTUK01,"Tüketici Kredisi (KMH Dahil) (TL Üzerinden Açılan) (İhtiyaç+Taşıt+Konut) (Stok,%)",avg,14.76
bie_kt210a,2016-11,TP.BKR.TRY.KTF10,"İhtiyaç Kredisi (TL, Stok, %)",avg,16.73
bie_kt210a,2016-11,TP.BKR.TRY.KTF101,"İhtiyaç Kredisi (KMH Dahil) (TL, Stok, %)",avg,17.26
bie_kt210a,2016-11,TP.BKR.TRY.17,"Taşıt Kredisi (TL, Stok, %)",avg,14.71
bie_kt210a,2016-11,TP.BKR.TRY.18,"Konut Kredisi (TL, Stok, %)",avg,11.86
bie_kt210a,2016-11,TP.BKR.TRY.1,"Ticari Krediler (TL, Stok, %)",avg,13.38
bie_kt210a,2016-11,TP.BKR.EUR.1,"Ticari Krediler (Euro, Stok, %)",avg,3.89
bie_kt210a,2016-11,TP.BKR.USD.1,"Ticari Krediler (ABD doları, Stok, %)",avg,5.3
bie_kt210a,2016-11,TP.BKR.TRY.KTF18,"Ticari Krediler (Tüzel Kişi KMH ve Kurumsal Kredi Kartları Hariç) (TL, Stok,%)",avg,13.05
bie_kt210a,2016-11,TP.BKR.TRY.KTFTUK,"Tüketici Kredisi (İhtiyaç+Taşıt+Konut) (TL, Stok,%)",avg,14.32
bie_kt210a,2016-11,TP.BKR.TRY.KTFTUK01,"Tüketici Kredisi (KMH Dahil) (TL Üzerinden Açılan) (İhtiyaç+Taşıt+Konut) (Stok,%)",avg,14.68
bie_kt210a,2016-12,TP.BKR.TRY.KTF10,"İhtiyaç Kredisi (TL, Stok, %)",avg,16.65
bie_kt210a,2016-12,TP.BKR.TRY.KTF101,"İhtiyaç Kredisi (KMH Dahil) (TL, Stok, %)",avg,17.15
bie_kt210a,2016-12,TP.BKR.TRY.17,"Taşıt Kredisi (TL, Stok, %)",avg,14.68
bie_kt210a,2016-12,TP.BKR.TRY.18,"Konut Kredisi (TL, Stok, %)",avg,11.84
bie_kt210a,2016-12,TP.BKR.TRY.1,"Ticari Krediler (TL, Stok, %)",avg,13.4
bie_kt210a,2016-12,TP.BKR.EUR.1,"Ticari Krediler (Euro, Stok, %)",avg,3.94
bie_kt210a,2016-12,TP.BKR.USD.1,"Ticari Krediler (ABD doları, Stok, %)",avg,5.36
bie_kt210a,2016-12,TP.BKR.TRY.KTF18,"Ticari Krediler (Tüzel Kişi KMH ve Kurumsal Kredi Kartları Hariç) (TL, Stok,%)",avg,13.11
bie_kt210a,2016-12,TP.BKR.TRY.KTFTUK,"Tüketici Kredisi (İhtiyaç+Taşıt+Konut) (TL, Stok,%)",avg,14.27
bie_kt210a,2016-12,TP.BKR.TRY.KTFTUK01,"Tüketici Kredisi (KMH Dahil) (TL Üzerinden Açılan) (İhtiyaç+Taşıt+Konut) (Stok,%)",avg,14.6
bie_kt210a,2017-01,TP.BKR.TRY.KTF10,"İhtiyaç Kredisi (TL, Stok, %)",avg,16.59
bie_kt210a,2017-01,TP.BKR.TRY.KTF101,"İhtiyaç Kredisi (KMH Dahil) (TL, Stok, %)",avg,17.03
bie_kt210a,2017-01,TP.BKR.TRY.17,"Taşıt Kredisi (TL, Stok, %)",avg,14.63
bie_kt210a,2017-01,TP.BKR.TRY.18,"Konut Kredisi (TL, Stok, %)",avg,11.83
bie_kt210a,2017-01,TP.BKR.TRY.1,"Ticari Krediler (TL, Stok, %)",avg,13.75
bie_kt210a,2017-01,TP.BKR.EUR.1,"Ticari Krediler (Euro, Stok, %)",avg,3.95
bie_kt210a,2017-01,TP.BKR.USD.1,"Ticari Krediler (ABD doları, Stok, %)",avg,5.43
bie_kt210a,2017-01,TP.BKR.TRY.KTF18,"Ticari Krediler (Tüzel Kişi KMH ve Kurumsal Kredi Kartları Hariç) (TL, Stok,%)",avg,13.49
bie_kt210a,2017-01,TP.BKR.TRY.KTFTUK,"Tüketici Kredisi (İhtiyaç+Taşıt+Konut) (TL, Stok,%)",avg,14.22
bie_kt210a,2017-01,TP.BKR.TRY.KTFTUK01,"Tüketici Kredisi (KMH Dahil) (TL Üzerinden Açılan) (İhtiyaç+Taşıt+Konut) (Stok,%)",avg,14.53
bie_kt210a,2017-02,TP.BKR.TRY.KTF10,"İhtiyaç Kredisi (TL, Stok, %)",avg,16.64
bie_kt210a,2017-02,TP.BKR.TRY.KTF101,"İhtiyaç Kredisi (KMH Dahil) (TL, Stok, %)",avg,17.08
bie_kt210a,2017-02,TP.BKR.TRY.17,"Taşıt Kredisi (TL, Stok, %)",avg,14.8
bie_kt210a,2017-02,TP.BKR.TRY.18,"Konut Kredisi (TL, Stok, %)",avg,11.81
bie_kt210a,2017-02,TP.BKR.TRY.1,"Ticari Krediler (TL, Stok, %)",avg,13.71
bie_kt210a,2017-02,TP.BKR.EUR.1,"Ticari Krediler (Euro, Stok, %)",avg,3.96
bie_kt210a,2017-02,TP.BKR.USD.1,"Ticari Krediler (ABD doları, Stok, %)",avg,5.54
bie_kt210a,2017-02,TP.BKR.TRY.KTF18,"Ticari Krediler (Tüzel Kişi KMH ve Kurumsal Kredi Kartları Hariç) (TL, Stok,%)",avg,13.46
bie_kt210a,2017-02,TP.BKR.TRY.KTFTUK,"Tüketici Kredisi (İhtiyaç+Taşıt+Konut) (TL, Stok,%)",avg,14.25
bie_kt210a,2017-02,TP.BKR.TRY.KTFTUK01,"Tüketici Kredisi (KMH Dahil) (TL Üzerinden Açılan) (İhtiyaç+Taşıt+Konut) (Stok,%)",avg,14.55
bie_kt210a,2017-03,TP.BKR.TRY.KTF10,"İhtiyaç Kredisi (TL, Stok, %)",avg,16.64
bie_kt210a,2017-03,TP.BKR.TRY.KTF101,"İhtiyaç Kredisi (KMH Dahil) (TL, Stok, %)",avg,17.07
bie_kt210a,2017-03,TP.BKR.TRY.17,"Taşıt Kredisi (TL, Stok, %)",avg,14.88
bie_kt210a,2017-03,TP.BKR.TRY.18,"Konut Kredisi (TL, Stok, %)",avg,11.77
bie_kt210a,2017-03,TP.BKR.TRY.1,"Ticari Krediler (TL, Stok, %)",avg,13.93
bie_kt210a,2017-03,TP.BKR.EUR.1,"Ticari Krediler (Euro, Stok, %)",avg,3.98
bie_kt210a,2017-03,TP.BKR.USD.1,"Ticari Krediler (ABD doları, Stok, %)",avg,5.53
bie_kt210a,2017-03,TP.BKR.TRY.KTF18,"Ticari Krediler (Tüzel Kişi KMH ve Kurumsal Kredi Kartları Hariç) (TL, Stok,%)",avg,13.72
bie_kt210a,2017-03,TP.BKR.TRY.KTFTUK,"Tüketici Kredisi (İhtiyaç+Taşıt+Konut) (TL, Stok,%)",avg,14.22
bie_kt210a,2017-03,TP.BKR.TRY.KTFTUK01,"Tüketici Kredisi (KMH Dahil) (TL Üzerinden Açılan) (İhtiyaç+Taşıt+Konut) (Stok,%)",avg,14.51
bie_kt210a,2017-04,TP.BKR.TRY.KTF10,"İhtiyaç Kredisi (TL, Stok, %)",avg,16.83
bie_kt210a,2017-04,TP.BKR.TRY.KTF101,"İhtiyaç Kredisi (KMH Dahil) (TL, Stok, %)",avg,17.23
bie_kt210a,2017-04,TP.BKR.TRY.17,"Taşıt Kredisi (TL, Stok, %)",avg,15.05
bie_kt210a,2017-04,TP.BKR.TRY.18,"Konut Kredisi (TL, Stok, %)",avg,11.67
bie_kt210a,2017-04,TP.BKR.TRY.1,"Ticari Krediler (TL, Stok, %)",avg,14.01
bie_kt210a,2017-04,TP.BKR.EUR.1,"Ticari Krediler (Euro, Stok, %)",avg,3.93
bie_kt210a,2017-04,TP.BKR.USD.1,"Ticari Krediler (ABD doları, Stok, %)",avg,5.53
bie_kt210a,2017-04,TP.BKR.TRY.KTF18,"Ticari Krediler (Tüzel Kişi KMH ve Kurumsal Kredi Kartları Hariç) (TL, Stok,%)",avg,13.82
bie_kt210a,2017-04,TP.BKR.TRY.KTFTUK,"Tüketici Kredisi (İhtiyaç+Taşıt+Konut) (TL, Stok,%)",avg,14.24
bie_kt210a,2017-04,TP.BKR.TRY.KTFTUK01,"Tüketici Kredisi (KMH Dahil) (TL Üzerinden Açılan) (İhtiyaç+Taşıt+Konut) (Stok,%)",avg,14.53
bie_kt210a,2017-05,TP.BKR.TRY.KTF10,"İhtiyaç Kredisi (TL, Stok, %)",avg,16.97
bie_kt210a,2017-05,TP.BKR.TRY.KTF101,"İhtiyaç Kredisi (KMH Dahil) (TL, Stok, %)",avg,17.37
bie_kt210a,2017-05,TP.BKR.TRY.17,"Taşıt Kredisi (TL, Stok, %)",avg,14.97
bie_kt210a,2017-05,TP.BKR.TRY.18,"Konut Kredisi (TL, Stok, %)",avg,11.76
bie_kt210a,2017-05,TP.BKR.TRY.1,"Ticari Krediler (TL, Stok, %)",avg,14.26
bie_kt210a,2017-05,TP.BKR.EUR.1,"Ticari Krediler (Euro, Stok, %)",avg,4.0
bie_kt210a,2017-05,TP.BKR.USD.1,"Ticari Krediler (ABD doları, Stok, %)",avg,5.61
bie_kt210a,2017-05,TP.BKR.TRY.KTF18,"Ticari Krediler (Tüzel Kişi KMH ve Kurumsal Kredi Kartları Hariç) (TL, Stok,%)",avg,14.07
bie_kt210a,2017-05,TP.BKR.TRY.KTFTUK,"Tüketici Kredisi (İhtiyaç+Taşıt+Konut) (TL, Stok,%)",avg,14.37
bie_kt210a,2017-05,TP.BKR.TRY.KTFTUK01,"Tüketici Kredisi (KMH Dahil) (TL Üzerinden Açılan) (İhtiyaç+Taşıt+Konut) (Stok,%)",avg,14.66
bie_kt210a,2017-06,TP.BKR.TRY.KTF10,"İhtiyaç Kredisi (TL, Stok, %)",avg,17.05
bie_kt210a,2017-06,TP.BKR.TRY.KTF101,"İhtiyaç Kredisi (KMH Dahil) (TL, Stok, %)",avg,17.43
bie_kt210a,2017-06,TP.BKR.TRY.17,"Taşıt Kredisi (TL, Stok, %)",avg,15.05
bie_kt210a,2017-06,TP.BKR.TRY.18,"Konut Kredisi (TL, Stok, %)",avg,11.76
bie_kt210a,2017-06,TP.BKR.TRY.1,"Ticari Krediler (TL, Stok, %)",avg,14.54
bie_kt210a,2017-06,TP.BKR.EUR.1,"Ticari Krediler (Euro, Stok, %)",avg,3.96
bie_kt210a,2017-06,TP.BKR.USD.1,"Ticari Krediler (ABD doları, Stok, %)",avg,5.61
bie_kt210a,2017-06,TP.BKR.TRY.KTF18,"Ticari Krediler (Tüzel Kişi KMH ve Kurumsal Kredi Kartları Hariç) (TL, Stok,%)",avg,14.36
bie_kt210a,2017-06,TP.BKR.TRY.KTFTUK,"Tüketici Kredisi (İhtiyaç+Taşıt+Konut) (TL, Stok,%)",avg,14.42
bie_kt210a,2017-06,TP.BKR.TRY.KTFTUK01,"Tüketici Kredisi (KMH Dahil) (TL Üzerinden Açılan) (İhtiyaç+Taşıt+Konut) (Stok,%)",avg,14.69
bie_kt210a,2017-07,TP.BKR.TRY.KTF10,"İhtiyaç Kredisi (TL, Stok, %)",avg,17.13
bie_kt210a,2017-07,TP.BKR.TRY.KTF101,"İhtiyaç Kredisi (KMH Dahil) (TL, Stok, %)",avg,17.54
bie_kt210a,2017-07,TP.BKR.TRY.17,"Taşıt Kredisi (TL, Stok, %)",avg,15.13
bie_kt210a,2017-07,TP.BKR.TRY.18,"Konut Kredisi (TL, Stok, %)",avg,11.75
bie_kt210a,2017-07,TP.BKR.TRY.1,"Ticari Krediler (TL, Stok, %)",avg,14.73
bie_kt210a,2017-07,TP.BKR.EUR.1,"Ticari Krediler (Euro, Stok, %)",avg,4.01
bie_kt210a,2017-07,TP.BKR.USD.1,"Ticari Krediler (ABD doları, Stok, %)",avg,5.76
bie_kt210a,2017-07,TP.BKR.TRY.KTF18,"Ticari Krediler (Tüzel Kişi KMH ve Kurumsal Kredi Kartları Hariç) (TL, Stok,%)",avg,14.53
bie_kt210a,2017-07,TP.BKR.TRY.KTFTUK,"Tüketici Kredisi (İhtiyaç+Taşıt+Konut) (TL, Stok,%)",avg,14.46
bie_kt210a,2017-07,TP.BKR.TRY.KTFTUK01,"Tüketici Kredisi (KMH Dahil) (TL Üzerinden Açılan) (İhtiyaç+Taşıt+Konut) (Stok,%)",avg,14.76
bie_kt210a,2017-08,TP.BKR.TRY.KTF10,"İhtiyaç Kredisi (TL, Stok, %)",avg,17.11
bie_kt210a,2017-08,TP.BKR.TRY.KTF101,"İhtiyaç Kredisi (KMH Dahil) (TL, Stok, %)",avg,17.49
bie_kt210a,2017-08,TP.BKR.TRY.17,"Taşıt Kredisi (TL, Stok, %)",avg,15.25
bie_kt210a,2017-08,TP.BKR.TRY.18,"Konut Kredisi (TL, Stok, %)",avg,11.78
bie_kt210a,2017-08,TP.BKR.TRY.1,"Ticari Krediler (TL, Stok, %)",avg,14.84
bie_kt210a,2017-08,TP.BKR.EUR.1,"Ticari Krediler (Euro, Stok, %)",avg,4.05
bie_kt210a,2017-08,TP.BKR.USD.1,"Ticari Krediler (ABD doları, Stok, %)",avg,5.78
bie_kt210a,2017-08,TP.BKR.TRY.KTF18,"Ticari Krediler (Tüzel Kişi KMH ve Kurumsal Kredi Kartları Hariç) (TL, Stok,%)",avg,14.65
bie_kt210a,2017-08,TP.BKR.TRY.KTFTUK,"Tüketici Kredisi (İhtiyaç+Taşıt+Konut) (TL, Stok,%)",avg,14.49
bie_kt210a,2017-08,TP.BKR.TRY.KTFTUK01,"Tüketici Kredisi (KMH Dahil) (TL Üzerinden Açılan) (İhtiyaç+Taşıt+Konut) (Stok,%)",avg,14.76
bie_kt210a,2017-09,TP.BKR.TRY.KTF10,"İhtiyaç Kredisi (TL, Stok, %)",avg,17.14
bie_kt210a,2017-09,TP.BKR.TRY.KTF101,"İhtiyaç Kredisi (KMH Dahil) (TL, Stok, %)",avg,17.55
bie_kt210a,2017-09,TP.BKR.TRY.17,"Taşıt Kredisi (TL, Stok, %)",avg,15.39
bie_kt210a,2017-09,TP.BKR.TRY.18,"Konut Kredisi (TL, Stok, %)",avg,11.81
bie_kt210a,2017-09,TP.BKR.TRY.1,"Ticari Krediler (TL, Stok, %)",avg,14.91
bie_kt210a,2017-09,TP.BKR.EUR.1,"Ticari Krediler (Euro, Stok, %)",avg,4.06
bie_kt210a,2017-09,TP.BKR.USD.1,"Ticari Krediler (ABD doları, Stok, %)",avg,5.8
bie_kt210a,2017-09,TP.BKR.TRY.KTF18,"Ticari Krediler (Tüzel Kişi KMH ve Kurumsal Kredi Kartları Hariç) (TL, Stok,%)",avg,14.72
bie_kt210a,2017-09,TP.BKR.TRY.KTFTUK,"Tüketici Kredisi (İhtiyaç+Taşıt+Konut) (TL, Stok,%)",avg,14.52
bie_kt210a,2017-09,TP.BKR.TRY.KTFTUK01,"Tüketici Kredisi (KMH Dahil) (TL Üzerinden Açılan) (İhtiyaç+Taşıt+Konut) (Stok,%)",avg,14.82
bie_kt210a,2017-10,TP.BKR.TRY.KTF10,"İhtiyaç Kredisi (TL, Stok, %)",avg,17.33
bie_kt210a,2017-10,TP.BKR.TRY.KTF101,"İhtiyaç Kredisi (KMH Dahil) (TL, Stok, %)",avg,17.73
bie_kt210a,2017-10,TP.BKR.TRY.17,"Taşıt Kredisi (TL, Stok, %)",avg,15.41
bie_kt210a,2017-10,TP.BKR.TRY.18,"Konut Kredisi (TL, Stok, %)",avg,11.85
bie_kt210a,2017-10,TP.BKR.TRY.1,"Ticari Krediler (TL, Stok, %)",avg,14.93
bie_kt210a,2017-10,TP.BKR.EUR.1,"Ticari Krediler (Euro, Stok, %)",avg,4.09
bie_kt210a,2017-10,TP.BKR.USD.1,"Ticari Krediler (ABD doları, Stok, %)",avg,5.8
bie_kt210a,2017-10,TP.BKR.TRY.KTF18,"Ticari Krediler (Tüzel Kişi KMH ve Kurumsal Kredi Kartları Hariç) (TL, Stok,%)",avg,14.72
bie_kt210a,2017-10,TP.BKR.TRY.KTFTUK,"Tüketici Kredisi (İhtiyaç+Taşıt+Konut) (TL, Stok,%)",avg,14.64
bie_kt210a,2017-10,TP.BKR.TRY.KTFTUK01,"Tüketici Kredisi (KMH Dahil) (TL Üzerinden Açılan) (İhtiyaç+Taşıt+Konut) (Stok,%)",avg,14.94
bie_kt210a,2017-11,TP.BKR.TRY.KTF10,"İhtiyaç Kredisi (TL, Stok, %)",avg,17.44
bie_kt210a,2017-11,TP.BKR.TRY.KTF101,"İhtiyaç Kredisi (KMH Dahil) (TL, Stok, %)",avg,17.86
bie_kt210a,2017-11,TP.BKR.TRY.17,"Taşıt Kredisi (TL, Stok, %)",avg,15.35
bie_kt210a,2017-11,TP.BKR.TRY.18,"Konut Kredisi (TL, Stok, %)",avg,11.9
bie_kt210a,2017-11,TP.BKR.TRY.1,"Ticari Krediler (TL, Stok, %)",avg,15.14
bie_kt210a,2017-11,TP.BKR.EUR.1,"Ticari Krediler (Euro, Stok, %)",avg,4.09
bie_kt210a,2017-11,TP.BKR.USD.1,"Ticari Krediler (ABD doları, Stok, %)",avg,5.85
bie_kt210a,2017-11,TP.BKR.TRY.KTF18,"Ticari Krediler (Tüzel Kişi KMH ve Kurumsal Kredi Kartları Hariç) (TL, Stok,%)",avg,14.94
bie_kt210a,2017-11,TP.BKR.TRY.KTFTUK,"Tüketici Kredisi (İhtiyaç+Taşıt+Konut) (TL, Stok,%)",avg,14.73
bie_kt210a,2017-11,TP.BKR.TRY.KTFTUK01,"Tüketici Kredisi (KMH Dahil) (TL Üzerinden Açılan) (İhtiyaç+Taşıt+Konut) (Stok,%)",avg,15.03
bie_kt210a,2017-12,TP.BKR.TRY.KTF10,"İhtiyaç Kredisi (TL, Stok, %)",avg,17.47
bie_kt210a,2017-12,TP.BKR.TRY.KTF101,"İhtiyaç Kredisi (KMH Dahil) (TL, Stok, %)",avg,17.87
bie_kt210a,2017-12,TP.BKR.TRY.17,"Taşıt Kredisi (TL, Stok, %)",avg,15.31
bie_kt210a,2017-12,TP.BKR.TRY.18,"Konut Kredisi (TL, Stok, %)",avg,11.95
bie_kt210a,2017-12,TP.BKR.TRY.1,"Ticari Krediler (TL, Stok, %)",avg,15.41
bie_kt210a,2017-12,TP.BKR.EUR.1,"Ticari Krediler (Euro, Stok, %)",avg,4.13
bie_kt210a,2017-12,TP.BKR.USD.1,"Ticari Krediler (ABD doları, Stok, %)",avg,5.94
bie_kt210a,2017-12,TP.BKR.TRY.KTF18,"Ticari Krediler (Tüzel Kişi KMH ve Kurumsal Kredi Kartları Hariç) (TL, Stok,%)",avg,15.23
bie_kt210a,2017-12,TP.BKR.TRY.KTFTUK,"Tüketici Kredisi (İhtiyaç+Taşıt+Konut) (TL, Stok,%)",avg,14.75
bie_kt210a,2017-12,TP.BKR.TRY.KTFTUK01,"Tüketici Kredisi (KMH Dahil) (TL Üzerinden Açılan) (İhtiyaç+Taşıt+Konut) (Stok,%)",avg,15.05
bie_kt210a,2018-01,TP.BKR.TRY.KTF10,"İhtiyaç Kredisi (TL, Stok, %)",avg,17.67
bie_kt210a,2018-01,TP.BKR.TRY.KTF101,"İhtiyaç Kredisi (KMH Dahil) (TL, Stok, %)",avg,18.08
bie_kt210a,2018-01,TP.BKR.TRY.17,"Taşıt Kredisi (TL, Stok, %)",avg,15.5
bie_kt210a,2018-01,TP.BKR.TRY.18,"Konut Kredisi (TL, Stok, %)",avg,12.0
bie_kt210a,2018-01,TP.BKR.TRY.1,"Ticari Krediler (TL, Stok, %)",avg,15.54
bie_kt210a,2018-01,TP.BKR.EUR.1,"Ticari Krediler (Euro, Stok, %)",avg,4.15
bie_kt210a,2018-01,TP.BKR.USD.1,"Ticari Krediler (ABD doları, Stok, %)",avg,6.0
bie_kt210a,2018-01,TP.BKR.TRY.KTF18,"Ticari Krediler (Tüzel Kişi KMH ve Kurumsal Kredi Kartları Hariç) (TL, Stok,%)",avg,15.34
bie_kt210a,2018-01,TP.BKR.TRY.KTFTUK,"Tüketici Kredisi (İhtiyaç+Taşıt+Konut) (TL, Stok,%)",avg,14.89
bie_kt210a,2018-01,TP.BKR.TRY.KTFTUK01,"Tüketici Kredisi (KMH Dahil) (TL Üzerinden Açılan) (İhtiyaç+Taşıt+Konut) (Stok,%)",avg,15.2
bie_kt210a,2018-02,TP.BKR.TRY.KTF10,"İhtiyaç Kredisi (TL, Stok, %)",avg,17.82
bie_kt210a,2018-02,TP.BKR.TRY.KTF101,"İhtiyaç Kredisi (KMH Dahil) (TL, Stok, %)",avg,18.22
bie_kt210a,2018-02,TP.BKR.TRY.17,"Taşıt Kredisi (TL, Stok, %)",avg,15.68
bie_kt210a,2018-02,TP.BKR.TRY.18,"Konut Kredisi (TL, Stok, %)",avg,12.06
bie_kt210a,2018-02,TP.BKR.TRY.1,"Ticari Krediler (TL, Stok, %)",avg,15.62
bie_kt210a,2018-02,TP.BKR.EUR.1,"Ticari Krediler (Euro, Stok, %)",avg,4.15
bie_kt210a,2018-02,TP.BKR.USD.1,"Ticari Krediler (ABD doları, Stok, %)",avg,6.04
bie_kt210a,2018-02,TP.BKR.TRY.KTF18,"Ticari Krediler (Tüzel Kişi KMH ve Kurumsal Kredi Kartları Hariç) (TL, Stok,%)",avg,15.42
bie_kt210a,2018-02,TP.BKR.TRY.KTFTUK,"Tüketici Kredisi (İhtiyaç+Taşıt+Konut) (TL, Stok,%)",avg,15.01
bie_kt210a,2018-02,TP.BKR.TRY.KTFTUK01,"Tüketici Kredisi (KMH Dahil) (TL Üzerinden Açılan) (İhtiyaç+Taşıt+Konut) (Stok,%)",avg,15.32
bie_kt210a,2018-03,TP.BKR.TRY.KTF10,"İhtiyaç Kredisi (TL, Stok, %)",avg,18.26
bie_kt210a,2018-03,TP.BKR.TRY.KTF101,"İhtiyaç Kredisi (KMH Dahil) (TL, Stok, %)",avg,18.64
bie_kt210a,2018-03,TP.BKR.TRY.17,"Taşıt Kredisi (TL, Stok, %)",avg,15.6
bie_kt210a,2018-03,TP.BKR.TRY.18,"Konut Kredisi (TL, Stok, %)",avg,12.15
bie_kt210a,2018-03,TP.BKR.TRY.1,"Ticari Krediler (TL, Stok, %)",avg,15.8
bie_kt210a,2018-03,TP.BKR.EUR.1,"Ticari Krediler (Euro, Stok, %)",avg,4.11
bie_kt210a,2018-03,TP.BKR.USD.1,"Ticari Krediler (ABD doları, Stok, %)",avg,6.08
bie_kt210a,2018-03,TP.BKR.TRY.KTF18,"Ticari Krediler (Tüzel Kişi KMH ve Kurumsal Kredi Kartları Hariç) (TL, Stok,%)",avg,15.61
bie_kt210a,2018-03,TP.BKR.TRY.KTFTUK,"Tüketici Kredisi (İhtiyaç+Taşıt+Konut) (TL, Stok,%)",avg,15.28
bie_kt210a,2018-03,TP.BKR.TRY.KTFTUK01,"Tüketici Kredisi (KMH Dahil) (TL Üzerinden Açılan) (İhtiyaç+Taşıt+Konut) (Stok,%)",avg,15.58
bie_kt210a,2018-04,TP.BKR.TRY.KTF10,"İhtiyaç Kredisi (TL, Stok, %)",avg,18.39
bie_kt210a,2018-04,TP.BKR.TRY.KTF101,"İhtiyaç Kredisi (KMH Dahil) (TL, Stok, %)",avg,18.76
bie_kt210a,2018-04,TP.BKR.TRY.17,"Taşıt Kredisi (TL, Stok, %)",avg,16.07
bie_kt210a,2018-04,TP.BKR.TRY.18,"Konut Kredisi (TL, Stok, %)",avg,12.21
bie_kt210a,2018-04,TP.BKR.TRY.1,"Ticari Krediler (TL, Stok, %)",avg,15.96
bie_kt210a,2018-04,TP.BKR.EUR.1,"Ticari Krediler (Euro, Stok, %)",avg,4.11
bie_kt210a,2018-04,TP.BKR.USD.1,"Ticari Krediler (ABD doları, Stok, %)",avg,6.18
bie_kt210a,2018-04,TP.BKR.TRY.KTF18,"Ticari Krediler (Tüzel Kişi KMH ve Kurumsal Kredi Kartları Hariç) (TL, Stok,%)",avg,15.76
bie_kt210a,2018-04,TP.BKR.TRY.KTFTUK,"Tüketici Kredisi (İhtiyaç+Taşıt+Konut) (TL, Stok,%)",avg,15.4
bie_kt210a,2018-04,TP.BKR.TRY.KTFTUK01,"Tüketici Kredisi (KMH Dahil) (TL Üzerinden Açılan) (İhtiyaç+Taşıt+Konut) (Stok,%)",avg,15.7
bie_kt210a,2018-05,TP.BKR.TRY.KTF10,"İhtiyaç Kredisi (TL, Stok, %)",avg,18.46
bie_kt210a,2018-05,TP.BKR.TRY.KTF101,"İhtiyaç Kredisi (KMH Dahil) (TL, Stok, %)",avg,18.82
bie_kt210a,2018-05,TP.BKR.TRY.17,"Taşıt Kredisi (TL, Stok, %)",avg,16.36
bie_kt210a,2018-05,TP.BKR.TRY.18,"Konut Kredisi (TL, Stok, %)",avg,12.25
bie_kt210a,2018-05,TP.BKR.TRY.1,"Ticari Krediler (TL, Stok, %)",avg,16.79
bie_kt210a,2018-05,TP.BKR.EUR.1,"Ticari Krediler (Euro, Stok, %)",avg,4.16
bie_kt210a,2018-05,TP.BKR.USD.1,"Ticari Krediler (ABD doları, Stok, %)",avg,6.32
bie_kt210a,2018-05,TP.BKR.TRY.KTF18,"Ticari Krediler (Tüzel Kişi KMH ve Kurumsal Kredi Kartları Hariç) (TL, Stok,%)",avg,16.6
bie_kt210a,2018-05,TP.BKR.TRY.KTFTUK,"Tüketici Kredisi (İhtiyaç+Taşıt+Konut) (TL, Stok,%)",avg,15.46
bie_kt210a,2018-05,TP.BKR.TRY.KTFTUK01,"Tüketici Kredisi (KMH Dahil) (TL Üzerinden Açılan) (İhtiyaç+Taşıt+Konut) (Stok,%)",avg,15.76
bie_kt210a,2018-06,TP.BKR.TRY.KTF10,"İhtiyaç Kredisi (TL, Stok, %)",avg,18.75
bie_kt210a,2018-06,TP.BKR.TRY.KTF101,"İhtiyaç Kredisi (KMH Dahil) (TL, Stok, %)",avg,19.1
bie_kt210a,2018-06,TP.BKR.TRY.17,"Taşıt Kredisi (TL, Stok, %)",avg,16.7
bie_kt210a,2018-06,TP.BKR.TRY.18,"Konut Kredisi (TL, Stok, %)",avg,12.3
bie_kt210a,2018-06,TP.BKR.TRY.1,"Ticari Krediler (TL, Stok, %)",avg,17.67
bie_kt210a,2018-06,TP.BKR.EUR.1,"Ticari Krediler (Euro, Stok, %)",avg,4.18
bie_kt210a,2018-06,TP.BKR.USD.1,"Ticari Krediler (ABD doları, Stok, %)",avg,6.45
bie_kt210a,2018-06,TP.BKR.TRY.KTF18,"Ticari Krediler (Tüzel Kişi KMH ve Kurumsal Kredi Kartları Hariç) (TL, Stok,%)",avg,17.51
bie_kt210a,2018-06,TP.BKR.TRY.KTFTUK,"Tüketici Kredisi (İhtiyaç+Taşıt+Konut) (TL, Stok,%)",avg,15.61
bie_kt210a,2018-06,TP.BKR.TRY.KTFTUK01,"Tüketici Kredisi (KMH Dahil) (TL Üzerinden Açılan) (İhtiyaç+Taşıt+Konut) (Stok,%)",avg,15.9
bie_kt210a,2018-07,TP.BKR.TRY.KTF10,"İhtiyaç Kredisi (TL, Stok, %)",avg,18.82
bie_kt210a,2018-07,TP.BKR.TRY.KTF101,"İhtiyaç Kredisi (KMH Dahil) (TL, Stok, %)",avg,19.19
bie_kt210a,2018-07,TP.BKR.TRY.17,"Taşıt Kredisi (TL, Stok, %)",avg,17.14
bie_kt210a,2018-07,TP.BKR.TRY.18,"Konut Kredisi (TL, Stok, %)",avg,12.39
bie_kt210a,2018-07,TP.BKR.TRY.1,"Ticari Krediler (TL, Stok, %)",avg,18.14
bie_kt210a,2018-07,TP.BKR.EUR.1,"Ticari Krediler (Euro, Stok, %)",avg,4.18
bie_kt210a,2018-07,TP.BKR.USD.1,"Ticari Krediler (ABD doları, Stok, %)",avg,6.47
bie_kt210a,2018-07,TP.BKR.TRY.KTF18,"Ticari Krediler (Tüzel Kişi KMH ve Kurumsal Kredi Kartları Hariç) (TL, Stok,%)",avg,17.94
bie_kt210a,2018-07,TP.BKR.TRY.KTFTUK,"Tüketici Kredisi (İhtiyaç+Taşıt+Konut) (TL, Stok,%)",avg,15.7
bie_kt210a,2018-07,TP.BKR.TRY.KTFTUK01,"Tüketici Kredisi (KMH Dahil) (TL Üzerinden Açılan) (İhtiyaç+Taşıt+Konut) (Stok,%)",avg,16.0
bie_kt210a,2018-08,TP.BKR.TRY.KTF10,"İhtiyaç Kredisi (TL, Stok, %)",avg,19.32
bie_kt210a,2018-08,TP.BKR.TRY.KTF101,"İhtiyaç Kredisi (KMH Dahil) (TL, Stok, %)",avg,19.84
bie_kt210a,2018-08,TP.BKR.TRY.17,"Taşıt Kredisi (TL, Stok, %)",avg,17.55
bie_kt210a,2018-08,TP.BKR.TRY.18,"Konut Kredisi (TL, Stok, %)",avg,12.46
bie_kt210a,2018-08,TP.BKR.TRY.1,"Ticari Krediler (TL, Stok, %)",avg,20.34
bie_kt210a,2018-08,TP.BKR.EUR.1,"Ticari Krediler (Euro, Stok, %)",avg,4.26
bie_kt210a,2018-08,TP.BKR.USD.1,"Ticari Krediler (ABD doları, Stok, %)",avg,6.58
bie_kt210a,2018-08,TP.BKR.TRY.KTF18,"Ticari Krediler (Tüzel Kişi KMH ve Kurumsal Kredi Kartları Hariç) (TL, Stok,%)",avg,20.17
bie_kt210a,2018-08,TP.BKR.TRY.KTFTUK,"Tüketici Kredisi (İhtiyaç+Taşıt+Konut) (TL, Stok,%)",avg,16.01
bie_kt210a,2018-08,TP.BKR.TRY.KTFTUK01,"Tüketici Kredisi (KMH Dahil) (TL Üzerinden Açılan) (İhtiyaç+Taşıt+Konut) (Stok,%)",avg,16.4
bie_kt210a,2018-09,TP.BKR.TRY.KTF10,"İhtiyaç Kredisi (TL, Stok, %)",avg,19.93
bie_kt210a,2018-09,TP.BKR.TRY.KTF101,"İhtiyaç Kredisi (KMH Dahil) (TL, Stok, %)",avg,20.43
bie_kt210a,2018-09,TP.BKR.TRY.17,"Taşıt Kredisi (TL, Stok, %)",avg,17.94
bie_kt210a,2018-09,TP.BKR.TRY.18,"Konut Kredisi (TL, Stok, %)",avg,12.55
bie_kt210a,2018-09,TP.BKR.TRY.1,"Ticari Krediler (TL, Stok, %)",avg,22.18
bie_kt210a,2018-09,TP.BKR.EUR.1,"Ticari Krediler (Euro, Stok, %)",avg,4.34
bie_kt210a,2018-09,TP.BKR.USD.1,"Ticari Krediler (ABD doları, Stok, %)",avg,6.72
bie_kt210a,2018-09,TP.BKR.TRY.KTF18,"Ticari Krediler (Tüzel Kişi KMH ve Kurumsal Kredi Kartları Hariç) (TL, Stok,%)",avg,22.04
bie_kt210a,2018-09,TP.BKR.TRY.KTFTUK,"Tüketici Kredisi (İhtiyaç+Taşıt+Konut) (TL, Stok,%)",avg,16.35
bie_kt210a,2018-09,TP.BKR.TRY.KTFTUK01,"Tüketici Kredisi (KMH Dahil) (TL Üzerinden Açılan) (İhtiyaç+Taşıt+Konut) (Stok,%)",avg,16.76
bie_kt210a,2018-10,TP.BKR.TRY.KTF10,"İhtiyaç Kredisi (TL, Stok, %)",avg,20.53
bie_kt210a,2018-10,TP.BKR.TRY.KTF101,"İhtiyaç Kredisi (KMH Dahil) (TL, Stok, %)",avg,21.31
bie_kt210a,2018-10,TP.BKR.TRY.17,"Taşıt Kredisi (TL, Stok, %)",avg,18.36
bie_kt210a,2018-10,TP.BKR.TRY.18,"Konut Kredisi (TL, Stok, %)",avg,12.61
bie_kt210a,2018-10,TP.BKR.TRY.1,"Ticari Krediler (TL, Stok, %)",avg,22.01
bie_kt210a,2018-10,TP.BKR.EUR.1,"Ticari Krediler (Euro, Stok, %)",avg,4.37
bie_kt210a,2018-10,TP.BKR.USD.1,"Ticari Krediler (ABD doları, Stok, %)",avg,6.78
bie_kt210a,2018-10,TP.BKR.TRY.KTF18,"Ticari Krediler (Tüzel Kişi KMH ve Kurumsal Kredi Kartları Hariç) (TL, Stok,%)",avg,21.76
bie_kt210a,2018-10,TP.BKR.TRY.KTFTUK,"Tüketici Kredisi (İhtiyaç+Taşıt+Konut) (TL, Stok,%)",avg,16.68
bie_kt210a,2018-10,TP.BKR.TRY.KTFTUK01,"Tüketici Kredisi (KMH Dahil) (TL Üzerinden Açılan) (İhtiyaç+Taşıt+Konut) (Stok,%)",avg,17.25
bie_kt210a,2018-11,TP.BKR.TRY.KTF10,"İhtiyaç Kredisi (TL, Stok, %)",avg,20.8
bie_kt210a,2018-11,TP.BKR.TRY.KTF101,"İhtiyaç Kredisi (KMH Dahil) (TL, Stok, %)",avg,21.59
bie_kt210a,2018-11,TP.BKR.TRY.17,"Taşıt Kredisi (TL, Stok, %)",avg,19.53
bie_kt210a,2018-11,TP.BKR.TRY.18,"Konut Kredisi (TL, Stok, %)",avg,12.67
bie_kt210a,2018-11,TP.BKR.TRY.1,"Ticari Krediler (TL, Stok, %)",avg,21.52
bie_kt210a,2018-11,TP.BKR.EUR.1,"Ticari Krediler (Euro, Stok, %)",avg,4.41
bie_kt210a,2018-11,TP.BKR.USD.1,"Ticari Krediler (ABD doları, Stok, %)",avg,6.94
bie_kt210a,2018-11,TP.BKR.TRY.KTF18,"Ticari Krediler (Tüzel Kişi KMH ve Kurumsal Kredi Kartları Hariç) (TL, Stok,%)",avg,21.26
bie_kt210a,2018-11,TP.BKR.TRY.KTFTUK,"Tüketici Kredisi (İhtiyaç+Taşıt+Konut) (TL, Stok,%)",avg,16.86
bie_kt210a,2018-11,TP.BKR.TRY.KTFTUK01,"Tüketici Kredisi (KMH Dahil) (TL Üzerinden Açılan) (İhtiyaç+Taşıt+Konut) (Stok,%)",avg,17.44
bie_kt210a,2018-12,TP.BKR.TRY.KTF10,"İhtiyaç Kredisi (TL, Stok, %)",avg,21.33
bie_kt210a,2018-12,TP.BKR.TRY.KTF101,"İhtiyaç Kredisi (KMH Dahil) (TL, Stok, %)",avg,22.09
bie_kt210a,2018-12,TP.BKR.TRY.17,"Taşıt Kredisi (TL, Stok, %)",avg,20.21
bie_kt210a,2018-12,TP.BKR.TRY.18,"Konut Kredisi (TL, Stok, %)",avg,12.73
bie_kt210a,2018-12,TP.BKR.TRY.1,"Ticari Krediler (TL, Stok, %)",avg,21.34
bie_kt210a,2018-12,TP.BKR.EUR.1,"Ticari Krediler (Euro, Stok, %)",avg,4.42
bie_kt210a,2018-12,TP.BKR.USD.1,"Ticari Krediler (ABD doları, Stok, %)",avg,7.11
bie_kt210a,2018-12,TP.BKR.TRY.KTF18,"Ticari Krediler (Tüzel Kişi KMH ve Kurumsal Kredi Kartları Hariç) (TL, Stok,%)",avg,21.08
bie_kt210a,2018-12,TP.BKR.TRY.KTFTUK,"Tüketici Kredisi (İhtiyaç+Taşıt+Konut) (TL, Stok,%)",avg,17.17
bie_kt210a,2018-12,TP.BKR.TRY.KTFTUK01,"Tüketici Kredisi (KMH Dahil) (TL Üzerinden Açılan) (İhtiyaç+Taşıt+Konut) (Stok,%)",avg,17.77
bie_kt210a,2019-01,TP.BKR.TRY.KTF10,"İhtiyaç Kredisi (TL, Stok, %)",avg,21.78
bie_kt210a,2019-01,TP.BKR.TRY.KTF101,"İhtiyaç Kredisi (KMH Dahil) (TL, Stok, %)",avg,22.51
bie_kt210a,2019-01,TP.BKR.TRY.17,"Taşıt Kredisi (TL, Stok, %)",avg,20.59
bie_kt210a,2019-01,TP.BKR.TRY.18,"Konut Kredisi (TL, Stok, %)",avg,12.78
bie_kt210a,2019-01,TP.BKR.TRY.1,"Ticari Krediler (TL, Stok, %)",avg,20.73
bie_kt210a,2019-01,TP.BKR.EUR.1,"Ticari Krediler (Euro, Stok, %)",avg,4.42
bie_kt210a,2019-01,TP.BKR.USD.1,"Ticari Krediler (ABD doları, Stok, %)",avg,7.15
bie_kt210a,2019-01,TP.BKR.TRY.KTF18,"Ticari Krediler (Tüzel Kişi KMH ve Kurumsal Kredi Kartları Hariç) (TL, Stok,%)",avg,20.47
bie_kt210a,2019-01,TP.BKR.TRY.KTFTUK,"Tüketici Kredisi (İhtiyaç+Taşıt+Konut) (TL, Stok,%)",avg,17.45
bie_kt210a,2019-01,TP.BKR.TRY.KTFTUK01,"Tüketici Kredisi (KMH Dahil) (TL Üzerinden Açılan) (İhtiyaç+Taşıt+Konut) (Stok,%)",avg,18.04
bie_kt210a,2019-02,TP.BKR.TRY.KTF10,"İhtiyaç Kredisi (TL, Stok, %)",avg,21.99
bie_kt210a,2019-02,TP.BKR.TRY.KTF101,"İhtiyaç Kredisi (KMH Dahil) (TL, Stok, %)",avg,22.68
bie_kt210a,2019-02,TP.BKR.TRY.17,"Taşıt Kredisi (TL, Stok, %)",avg,20.84
bie_kt210a,2019-02,TP.BKR.TRY.18,"Konut Kredisi (TL, Stok, %)",avg,12.84
bie_kt210a,2019-02,TP.BKR.TRY.1,"Ticari Krediler (TL, Stok, %)",avg,20.2
bie_kt210a,2019-02,TP.BKR.EUR.1,"Ticari Krediler (Euro, Stok, %)",avg,4.4
bie_kt210a,2019-02,TP.BKR.USD.1,"Ticari Krediler (ABD doları, Stok, %)",avg,7.2
bie_kt210a,2019-02,TP.BKR.TRY.KTF18,"Ticari Krediler (Tüzel Kişi KMH ve Kurumsal Kredi Kartları Hariç) (TL, Stok,%)",avg,19.92
bie_kt210a,2019-02,TP.BKR.TRY.KTFTUK,"Tüketici Kredisi (İhtiyaç+Taşıt+Konut) (TL, Stok,%)",avg,17.64
bie_kt210a,2019-02,TP.BKR.TRY.KTFTUK01,"Tüketici Kredisi (KMH Dahil) (TL Üzerinden Açılan) (İhtiyaç+Taşıt+Konut) (Stok,%)",avg,18.21
bie_kt210a,2019-03,TP.BKR.TRY.KTF10,"İhtiyaç Kredisi (TL, Stok, %)",avg,22.0
bie_kt210a,2019-03,TP.BKR.TRY.KTF101,"İhtiyaç Kredisi (KMH Dahil) (TL, Stok, %)",avg,22.66
bie_kt210a,2019-03,TP.BKR.TRY.17,"Taşıt Kredisi (TL, Stok, %)",avg,21.01
bie_kt210a,2019-03,TP.BKR.TRY.18,"Konut Kredisi (TL, Stok, %)",avg,12.93
bie_kt210a,2019-03,TP.BKR.TRY.1,"Ticari Krediler (TL, Stok, %)",avg,20.14
bie_kt210a,2019-03,TP.BKR.EUR.1,"Ticari Krediler (Euro, Stok, %)",avg,4.38
bie_kt210a,2019-03,TP.BKR.USD.1,"Ticari Krediler (ABD doları, Stok, %)",avg,7.19
bie_kt210a,2019-03,TP.BKR.TRY.KTF18,"Ticari Krediler (Tüzel Kişi KMH ve Kurumsal Kredi Kartları Hariç) (TL, Stok,%)",avg,19.9
bie_kt210a,2019-03,TP.BKR.TRY.KTFTUK,"Tüketici Kredisi (İhtiyaç+Taşıt+Konut) (TL, Stok,%)",avg,17.76
bie_kt210a,2019-03,TP.BKR.TRY.KTFTUK01,"Tüketici Kredisi (KMH Dahil) (TL Üzerinden Açılan) (İhtiyaç+Taşıt+Konut) (Stok,%)",avg,18.31
bie_kt210a,2019-04,TP.BKR.TRY.KTF10,"İhtiyaç Kredisi (TL, Stok, %)",avg,22.28
bie_kt210a,2019-04,TP.BKR.TRY.KTF101,"İhtiyaç Kredisi (KMH Dahil) (TL, Stok, %)",avg,22.81
bie_kt210a,2019-04,TP.BKR.TRY.17,"Taşıt Kredisi (TL, Stok, %)",avg,21.26
bie_kt210a,2019-04,TP.BKR.TRY.18,"Konut Kredisi (TL, Stok, %)",avg,13.02
bie_kt210a,2019-04,TP.BKR.TRY.1,"Ticari Krediler (TL, Stok, %)",avg,20.64
bie_kt210a,2019-04,TP.BKR.EUR.1,"Ticari Krediler (Euro, Stok, %)",avg,4.41
bie_kt210a,2019-04,TP.BKR.USD.1,"Ticari Krediler (ABD doları, Stok, %)",avg,7.21
bie_kt210a,2019-04,TP.BKR.TRY.KTF18,"Ticari Krediler (Tüzel Kişi KMH ve Kurumsal Kredi Kartları Hariç) (TL, Stok,%)",avg,20.41
bie_kt210a,2019-04,TP.BKR.TRY.KTFTUK,"Tüketici Kredisi (İhtiyaç+Taşıt+Konut) (TL, Stok,%)",avg,17.97
bie_kt210a,2019-04,TP.BKR.TRY.KTFTUK01,"Tüketici Kredisi (KMH Dahil) (TL Üzerinden Açılan) (İhtiyaç+Taşıt+Konut) (Stok,%)",avg,18.45
bie_kt210a,2019-05,TP.BKR.TRY.KTF10,"İhtiyaç Kredisi (TL, Stok, %)",avg,22.7
bie_kt210a,2019-05,TP.BKR.TRY.KTF101,"İhtiyaç Kredisi (KMH Dahil) (TL, Stok, %)",avg,23.16
bie_kt210a,2019-05,TP.BKR.TRY.17,"Taşıt Kredisi (TL, Stok, %)",avg,21.65
bie_kt210a,2019-05,TP.BKR.TRY.18,"Konut Kredisi (TL, Stok, %)",avg,13.12
bie_kt210a,2019-05,TP.BKR.TRY.1,"Ticari Krediler (TL, Stok, %)",avg,21.29
bie_kt210a,2019-05,TP.BKR.EUR.1,"Ticari Krediler (Euro, Stok, %)",avg,4.45
bie_kt210a,2019-05,TP.BKR.USD.1,"Ticari Krediler (ABD doları, Stok, %)",avg,7.2
bie_kt210a,2019-05,TP.BKR.TRY.KTF18,"Ticari Krediler (Tüzel Kişi KMH ve Kurumsal Kredi Kartları Hariç) (TL, Stok,%)",avg,21.08
bie_kt210a,2019-05,TP.BKR.TRY.KTFTUK,"Tüketici Kredisi (İhtiyaç+Taşıt+Konut) (TL, Stok,%)",avg,18.26
bie_kt210a,2019-05,TP.BKR.TRY.KTFTUK01,"Tüketici Kredisi (KMH Dahil) (TL Üzerinden Açılan) (İhtiyaç+Taşıt+Konut) (Stok,%)",avg,18.7
bie_kt210a,2019-06,TP.BKR.TRY.KTF10,"İhtiyaç Kredisi (TL, Stok, %)",avg,23.04
bie_kt210a,2019-06,TP.BKR.TRY.KTF101,"İhtiyaç Kredisi (KMH Dahil) (TL, Stok, %)",avg,23.5
bie_kt210a,2019-06,TP.BKR.TRY.17,"Taşıt Kredisi (TL, Stok, %)",avg,21.96
bie_kt210a,2019-06,TP.BKR.TRY.18,"Konut Kredisi (TL, Stok, %)",avg,13.17
bie_kt210a,2019-06,TP.BKR.TRY.1,"Ticari Krediler (TL, Stok, %)",avg,21.45
bie_kt210a,2019-06,TP.BKR.EUR.1,"Ticari Krediler (Euro, Stok, %)",avg,4.42
bie_kt210a,2019-06,TP.BKR.USD.1,"Ticari Krediler (ABD doları, Stok, %)",avg,7.09
bie_kt210a,2019-06,TP.BKR.TRY.KTF18,"Ticari Krediler (Tüzel Kişi KMH ve Kurumsal Kredi Kartları Hariç) (TL, Stok,%)",avg,21.25
bie_kt210a,2019-06,TP.BKR.TRY.KTFTUK,"Tüketici Kredisi (İhtiyaç+Taşıt+Konut) (TL, Stok,%)",avg,18.5
bie_kt210a,2019-06,TP.BKR.TRY.KTFTUK01,"Tüketici Kredisi (KMH Dahil) (TL Üzerinden Açılan) (İhtiyaç+Taşıt+Konut) (Stok,%)",avg,18.97
bie_kt210a,2019-07,TP.BKR.TRY.KTF10,"İhtiyaç Kredisi (TL, Stok, %)",avg,23.3
bie_kt210a,2019-07,TP.BKR.TRY.KTF101,"İhtiyaç Kredisi (KMH Dahil) (TL, Stok, %)",avg,23.58
bie_kt210a,2019-07,TP.BKR.TRY.17,"Taşıt Kredisi (TL, Stok, %)",avg,22.25
bie_kt210a,2019-07,TP.BKR.TRY.18,"Konut Kredisi (TL, Stok, %)",avg,13.23
bie_kt210a,2019-07,TP.BKR.TRY.1,"Ticari Krediler (TL, Stok, %)",avg,20.71
bie_kt210a,2019-07,TP.BKR.EUR.1,"Ticari Krediler (Euro, Stok, %)",avg,4.42
bie_kt210a,2019-07,TP.BKR.USD.1,"Ticari Krediler (ABD doları, Stok, %)",avg,7.06
bie_kt210a,2019-07,TP.BKR.TRY.KTF18,"Ticari Krediler (Tüzel Kişi KMH ve Kurumsal Kredi Kartları Hariç) (TL, Stok,%)",avg,20.57
bie_kt210a,2019-07,TP.BKR.TRY.KTFTUK,"Tüketici Kredisi (İhtiyaç+Taşıt+Konut) (TL, Stok,%)",avg,18.72
bie_kt210a,2019-07,TP.BKR.TRY.KTFTUK01,"Tüketici Kredisi (KMH Dahil) (TL Üzerinden Açılan) (İhtiyaç+Taşıt+Konut) (Stok,%)",avg,19.1
bie_kt210a,2019-08,TP.BKR.TRY.KTF10,"İhtiyaç Kredisi (TL, Stok, %)",avg,23.17
bie_kt210a,2019-08,TP.BKR.TRY.KTF101,"İhtiyaç Kredisi (KMH Dahil) (TL, Stok, %)",avg,23.45
bie_kt210a,2019-08,TP.BKR.TRY.17,"Taşıt Kredisi (TL, Stok, %)",avg,22.34
bie_kt210a,2019-08,TP.BKR.TRY.18,"Konut Kredisi (TL, Stok, %)",avg,13.22
bie_kt210a,2019-08,TP.BKR.TRY.1,"Ticari Krediler (TL, Stok, %)",avg,19.98
bie_kt210a,2019-08,TP.BKR.EUR.1,"Ticari Krediler (Euro, Stok, %)",avg,4.4
bie_kt210a,2019-08,TP.BKR.USD.1,"Ticari Krediler (ABD doları, Stok, %)",avg,7.02
bie_kt210a,2019-08,TP.BKR.TRY.KTF18,"Ticari Krediler (Tüzel Kişi KMH ve Kurumsal Kredi Kartları Hariç) (TL, Stok,%)",avg,19.83
bie_kt210a,2019-08,TP.BKR.TRY.KTFTUK,"Tüketici Kredisi (İhtiyaç+Taşıt+Konut) (TL, Stok,%)",avg,18.67
bie_kt210a,2019-08,TP.BKR.TRY.KTFTUK01,"Tüketici Kredisi (KMH Dahil) (TL Üzerinden Açılan) (İhtiyaç+Taşıt+Konut) (Stok,%)",avg,19.03
bie_kt210a,2019-09,TP.BKR.TRY.KTF10,"İhtiyaç Kredisi (TL, Stok, %)",avg,22.52
bie_kt210a,2019-09,TP.BKR.TRY.KTF101,"İhtiyaç Kredisi (KMH Dahil) (TL, Stok, %)",avg,22.8
bie_kt210a,2019-09,TP.BKR.TRY.17,"Taşıt Kredisi (TL, Stok, %)",avg,22.06
bie_kt210a,2019-09,TP.BKR.TRY.18,"Konut Kredisi (TL, Stok, %)",avg,13.18
bie_kt210a,2019-09,TP.BKR.TRY.1,"Ticari Krediler (TL, Stok, %)",avg,18.56
bie_kt210a,2019-09,TP.BKR.EUR.1,"Ticari Krediler (Euro, Stok, %)",avg,4.43
bie_kt210a,2019-09,TP.BKR.USD.1,"Ticari Krediler (ABD doları, Stok, %)",avg,7.03
bie_kt210a,2019-09,TP.BKR.TRY.KTF18,"Ticari Krediler (Tüzel Kişi KMH ve Kurumsal Kredi Kartları Hariç) (TL, Stok,%)",avg,18.39
bie_kt210a,2019-09,TP.BKR.TRY.KTFTUK,"Tüketici Kredisi (İhtiyaç+Taşıt+Konut) (TL, Stok,%)",avg,18.3
bie_kt210a,2019-09,TP.BKR.TRY.KTFTUK01,"Tüketici Kredisi (KMH Dahil) (TL Üzerinden Açılan) (İhtiyaç+Taşıt+Konut) (Stok,%)",avg,18.65
bie_kt210a,2019-10,TP.BKR.TRY.KTF10,"İhtiyaç Kredisi (TL, Stok, %)",avg,21.7
bie_kt210a,2019-10,TP.BKR.TRY.KTF101,"İhtiyaç Kredisi (KMH Dahil) (TL, Stok, %)",avg,21.64
bie_kt210a,2019-10,TP.BKR.TRY.17,"Taşıt Kredisi (TL, Stok, %)",avg,20.93
bie_kt210a,2019-10,TP.BKR.TRY.18,"Konut Kredisi (TL, Stok, %)",avg,12.82
bie_kt210a,2019-10,TP.BKR.TRY.1,"Ticari Krediler (TL, Stok, %)",avg,17.76
bie_kt210a,2019-10,TP.BKR.EUR.1,"Ticari Krediler (Euro, Stok, %)",avg,4.39
bie_kt210a,2019-10,TP.BKR.USD.1,"Ticari Krediler (ABD doları, Stok, %)",avg,6.97
bie_kt210a,2019-10,TP.BKR.TRY.KTF18,"Ticari Krediler (Tüzel Kişi KMH ve Kurumsal Kredi Kartları Hariç) (TL, Stok,%)",avg,17.69
bie_kt210a,2019-10,TP.BKR.TRY.KTFTUK,"Tüketici Kredisi (İhtiyaç+Taşıt+Konut) (TL, Stok,%)",avg,17.72
bie_kt210a,2019-10,TP.BKR.TRY.KTFTUK01,"Tüketici Kredisi (KMH Dahil) (TL Üzerinden Açılan) (İhtiyaç+Taşıt+Konut) (Stok,%)",avg,17.86
bie_kt210a,2019-11,TP.BKR.TRY.KTF10,"İhtiyaç Kredisi (TL, Stok, %)",avg,20.86
bie_kt210a,2019-11,TP.BKR.TRY.KTF101,"İhtiyaç Kredisi (KMH Dahil) (TL, Stok, %)",avg,20.86
bie_kt210a,2019-11,TP.BKR.TRY.17,"Taşıt Kredisi (TL, Stok, %)",avg,19.91
bie_kt210a,2019-11,TP.BKR.TRY.18,"Konut Kredisi (TL, Stok, %)",avg,12.78
bie_kt210a,2019-11,TP.BKR.TRY.1,"Ticari Krediler (TL, Stok, %)",avg,16.81
bie_kt210a,2019-11,TP.BKR.EUR.1,"Ticari Krediler (Euro, Stok, %)",avg,4.44
bie_kt210a,2019-11,TP.BKR.USD.1,"Ticari Krediler (ABD doları, Stok, %)",avg,6.83
bie_kt210a,2019-11,TP.BKR.TRY.KTF18,"Ticari Krediler (Tüzel Kişi KMH ve Kurumsal Kredi Kartları Hariç) (TL, Stok,%)",avg,16.73
bie_kt210a,2019-11,TP.BKR.TRY.KTFTUK,"Tüketici Kredisi (İhtiyaç+Taşıt+Konut) (TL, Stok,%)",avg,17.29
bie_kt210a,2019-11,TP.BKR.TRY.KTFTUK01,"Tüketici Kredisi (KMH Dahil) (TL Üzerinden Açılan) (İhtiyaç+Taşıt+Konut) (Stok,%)",avg,17.44
bie_kt210a,2019-12,TP.BKR.TRY.KTF10,"İhtiyaç Kredisi (TL, Stok, %)",avg,19.99
bie_kt210a,2019-12,TP.BKR.TRY.KTF101,"İhtiyaç Kredisi (KMH Dahil) (TL, Stok, %)",avg,20.02
bie_kt210a,2019-12,TP.BKR.TRY.17,"Taşıt Kredisi (TL, Stok, %)",avg,18.72
bie_kt210a,2019-12,TP.BKR.TRY.18,"Konut Kredisi (TL, Stok, %)",avg,12.73
bie_kt210a,2019-12,TP.BKR.TRY.1,"Ticari Krediler (TL, Stok, %)",avg,15.63
bie_kt210a,2019-12,TP.BKR.EUR.1,"Ticari Krediler (Euro, Stok, %)",avg,4.4
bie_kt210a,2019-12,TP.BKR.USD.1,"Ticari Krediler (ABD doları, Stok, %)",avg,6.74
bie_kt210a,2019-12,TP.BKR.TRY.KTF18,"Ticari Krediler (Tüzel Kişi KMH ve Kurumsal Kredi Kartları Hariç) (TL, Stok,%)",avg,15.54
bie_kt210a,2019-12,TP.BKR.TRY.KTFTUK,"Tüketici Kredisi (İhtiyaç+Taşıt+Konut) (TL, Stok,%)",avg,16.83
bie_kt210a,2019-12,TP.BKR.TRY.KTFTUK01,"Tüketici Kredisi (KMH Dahil) (TL Üzerinden Açılan) (İhtiyaç+Taşıt+Konut) (Stok,%)",avg,16.98
bie_kt210a,2020-01,TP.BKR.TRY.KTF10,"İhtiyaç Kredisi (TL, Stok, %)",avg,19.27
bie_kt210a,2020-01,TP.BKR.TRY.KTF101,"İhtiyaç Kredisi (KMH Dahil) (TL, Stok, %)",avg,19.19
bie_kt210a,2020-01,TP.BKR.TRY.17,"Taşıt Kredisi (TL, Stok, %)",avg,18.27
bie_kt210a,2020-01,TP.BKR.TRY.18,"Konut Kredisi (TL, Stok, %)",avg,12.66
bie_kt210a,2020-01,TP.BKR.TRY.1,"Ticari Krediler (TL, Stok, %)",avg,14.73
bie_kt210a,2020-01,TP.BKR.EUR.1,"Ticari Krediler (Euro, Stok, %)",avg,4.34
bie_kt210a,2020-01,TP.BKR.USD.1,"Ticari Krediler (ABD doları, Stok, %)",avg,6.69
bie_kt210a,2020-01,TP.BKR.TRY.KTF18,"Ticari Krediler (Tüzel Kişi KMH ve Kurumsal Kredi Kartları Hariç) (TL, Stok,%)",avg,14.66
bie_kt210a,2020-01,TP.BKR.TRY.KTFTUK,"Tüketici Kredisi (İhtiyaç+Taşıt+Konut) (TL, Stok,%)",avg,16.44
bie_kt210a,2020-01,TP.BKR.TRY.KTFTUK01,"Tüketici Kredisi (KMH Dahil) (TL Üzerinden Açılan) (İhtiyaç+Taşıt+Konut) (Stok,%)",avg,16.5
bie_kt210a,2020-02,TP.BKR.TRY.KTF10,"İhtiyaç Kredisi (TL, Stok, %)",avg,18.47
bie_kt210a,2020-02,TP.BKR.TRY.KTF101,"İhtiyaç Kredisi (KMH Dahil) (TL, Stok, %)",avg,18.44
bie_kt210a,2020-02,TP.BKR.TRY.17,"Taşıt Kredisi (TL, Stok, %)",avg,17.54
bie_kt210a,2020-02,TP.BKR.TRY.18,"Konut Kredisi (TL, Stok, %)",avg,12.58
bie_kt210a,2020-02,TP.BKR.TRY.1,"Ticari Krediler (TL, Stok, %)",avg,13.97
bie_kt210a,2020-02,TP.BKR.EUR.1,"Ticari Krediler (Euro, Stok, %)",avg,4.29
bie_kt210a,2020-02,TP.BKR.USD.1,"Ticari Krediler (ABD doları, Stok, %)",avg,6.66
bie_kt210a,2020-02,TP.BKR.TRY.KTF18,"Ticari Krediler (Tüzel Kişi KMH ve Kurumsal Kredi Kartları Hariç) (TL, Stok,%)",avg,13.9
bie_kt210a,2020-02,TP.BKR.TRY.KTFTUK,"Tüketici Kredisi (İhtiyaç+Taşıt+Konut) (TL, Stok,%)",avg,15.99
bie_kt210a,2020-02,TP.BKR.TRY.KTFTUK01,"Tüketici Kredisi (KMH Dahil) (TL Üzerinden Açılan) (İhtiyaç+Taşıt+Konut) (Stok,%)",avg,16.07
bie_kt210a,2020-03,TP.BKR.TRY.KTF10,"İhtiyaç Kredisi (TL, Stok, %)",avg,17.92
bie_kt210a,2020-03,TP.BKR.TRY.KTF101,"İhtiyaç Kredisi (KMH Dahil) (TL, Stok, %)",avg,17.92
bie_kt210a,2020-03,TP.BKR.TRY.17,"Taşıt Kredisi (TL, Stok, %)",avg,17.17
bie_kt210a,2020-03,TP.BKR.TRY.18,"Konut Kredisi (TL, Stok, %)",avg,12.52
bie_kt210a,2020-03,TP.BKR.TRY.1,"Ticari Krediler (TL, Stok, %)",avg,13.55
bie_kt210a,2020-03,TP.BKR.EUR.1,"Ticari Krediler (Euro, Stok, %)",avg,4.16
bie_kt210a,2020-03,TP.BKR.USD.1,"Ticari Krediler (ABD doları, Stok, %)",avg,6.54
bie_kt210a,2020-03,TP.BKR.TRY.KTF18,"Ticari Krediler (Tüzel Kişi KMH ve Kurumsal Kredi Kartları Hariç) (TL, Stok,%)",avg,13.47
bie_kt210a,2020-03,TP.BKR.TRY.KTFTUK,"Tüketici Kredisi (İhtiyaç+Taşıt+Konut) (TL, Stok,%)",avg,15.66
bie_kt210a,2020-03,TP.BKR.TRY.KTFTUK01,"Tüketici Kredisi (KMH Dahil) (TL Üzerinden Açılan) (İhtiyaç+Taşıt+Konut) (Stok,%)",avg,15.75
bie_kt210a,2020-04,TP.BKR.TRY.KTF10,"İhtiyaç Kredisi (TL, Stok, %)",avg,16.86
bie_kt210a,2020-04,TP.BKR.TRY.KTF101,"İhtiyaç Kredisi (KMH Dahil) (TL, Stok, %)",avg,16.81
bie_kt210a,2020-04,TP.BKR.TRY.17,"Taşıt Kredisi (TL, Stok, %)",avg,16.95
bie_kt210a,2020-04,TP.BKR.TRY.18,"Konut Kredisi (TL, Stok, %)",avg,12.49
bie_kt210a,2020-04,TP.BKR.TRY.1,"Ticari Krediler (TL, Stok, %)",avg,12.69
bie_kt210a,2020-04,TP.BKR.EUR.1,"Ticari Krediler (Euro, Stok, %)",avg,4.1
bie_kt210a,2020-04,TP.BKR.USD.1,"Ticari Krediler (ABD doları, Stok, %)",avg,6.43
bie_kt210a,2020-04,TP.BKR.TRY.KTF18,"Ticari Krediler (Tüzel Kişi KMH ve Kurumsal Kredi Kartları Hariç) (TL, Stok,%)",avg,12.63
bie_kt210a,2020-04,TP.BKR.TRY.KTFTUK,"Tüketici Kredisi (İhtiyaç+Taşıt+Konut) (TL, Stok,%)",avg,15.11
bie_kt210a,2020-04,TP.BKR.TRY.KTFTUK01,"Tüketici Kredisi (KMH Dahil) (TL Üzerinden Açılan) (İhtiyaç+Taşıt+Konut) (Stok,%)",avg,15.15
bie_kt210a,2020-05,TP.BKR.TRY.KTF10,"İhtiyaç Kredisi (TL, Stok, %)",avg,16.1
bie_kt210a,2020-05,TP.BKR.TRY.KTF101,"İhtiyaç Kredisi (KMH Dahil) (TL, Stok, %)",avg,16.1
bie_kt210a,2020-05,TP.BKR.TRY.17,"Taşıt Kredisi (TL, Stok, %)",avg,16.59
bie_kt210a,2020-05,TP.BKR.TRY.18,"Konut Kredisi (TL, Stok, %)",avg,12.46
bie_kt210a,2020-05,TP.BKR.TRY.1,"Ticari Krediler (TL, Stok, %)",avg,12.17
bie_kt210a,2020-05,TP.BKR.EUR.1,"Ticari Krediler (Euro, Stok, %)",avg,4.06
bie_kt210a,2020-05,TP.BKR.USD.1,"Ticari Krediler (ABD doları, Stok, %)",avg,6.24
bie_kt210a,2020-05,TP.BKR.TRY.KTF18,"Ticari Krediler (Tüzel Kişi KMH ve Kurumsal Kredi Kartları Hariç) (TL, Stok,%)",avg,12.11
bie_kt210a,2020-05,TP.BKR.TRY.KTFTUK,"Tüketici Kredisi (İhtiyaç+Taşıt+Konut) (TL, Stok,%)",avg,14.68
bie_kt210a,2020-05,TP.BKR.TRY.KTFTUK01,"Tüketici Kredisi (KMH Dahil) (TL Üzerinden Açılan) (İhtiyaç+Taşıt+Konut) (Stok,%)",avg,14.73
bie_kt210a,2020-06,TP.BKR.TRY.KTF10,"İhtiyaç Kredisi (TL, Stok, %)",avg,15.49
bie_kt210a,2020-06,TP.BKR.TRY.KTF101,"İhtiyaç Kredisi (KMH Dahil) (TL, Stok, %)",avg,15.52
bie_kt210a,2020-06,TP.BKR.TRY.17,"Taşıt Kredisi (TL, Stok, %)",avg,15.26
bie_kt210a,2020-06,TP.BKR.TRY.18,"Konut Kredisi (TL, Stok, %)",avg,12.02
bie_kt210a,2020-06,TP.BKR.TRY.1,"Ticari Krediler (TL, Stok, %)",avg,11.74
bie_kt210a,2020-06,TP.BKR.EUR.1,"Ticari Krediler (Euro, Stok, %)",avg,4.03
bie_kt210a,2020-06,TP.BKR.USD.1,"Ticari Krediler (ABD doları, Stok, %)",avg,5.92
bie_kt210a,2020-06,TP.BKR.TRY.KTF18,"Ticari Krediler (Tüzel Kişi KMH ve Kurumsal Kredi Kartları Hariç) (TL, Stok,%)",avg,11.68
bie_kt210a,2020-06,TP.BKR.TRY.KTFTUK,"Tüketici Kredisi (İhtiyaç+Taşıt+Konut) (TL, Stok,%)",avg,14.1
bie_kt210a,2020-06,TP.BKR.TRY.KTFTUK01,"Tüketici Kredisi (KMH Dahil) (TL Üzerinden Açılan) (İhtiyaç+Taşıt+Konut) (Stok,%)",avg,14.16
bie_kt210a,2020-07,TP.BKR.TRY.KTF10,"İhtiyaç Kredisi (TL, Stok, %)",avg,14.97
bie_kt210a,2020-07,TP.BKR.TRY.KTF101,"İhtiyaç Kredisi (KMH Dahil) (TL, Stok, %)",avg,15.01
bie_kt210a,2020-07,TP.BKR.TRY.17,"Taşıt Kredisi (TL, Stok, %)",avg,14.39
bie_kt210a,2020-07,TP.BKR.TRY.18,"Konut Kredisi (TL, Stok, %)",avg,11.62
bie_kt210a,2020-07,TP.BKR.TRY.1,"Ticari Krediler (TL, Stok, %)",avg,11.52
bie_kt210a,2020-07,TP.BKR.EUR.1,"Ticari Krediler (Euro, Stok, %)",avg,4.04
bie_kt210a,2020-07,TP.BKR.USD.1,"Ticari Krediler (ABD doları, Stok, %)",avg,5.84
bie_kt210a,2020-07,TP.BKR.TRY.KTF18,"Ticari Krediler (Tüzel Kişi KMH ve Kurumsal Kredi Kartları Hariç) (TL, Stok,%)",avg,11.46
bie_kt210a,2020-07,TP.BKR.TRY.KTFTUK,"Tüketici Kredisi (İhtiyaç+Taşıt+Konut) (TL, Stok,%)",avg,13.58
bie_kt210a,2020-07,TP.BKR.TRY.KTFTUK01,"Tüketici Kredisi (KMH Dahil) (TL Üzerinden Açılan) (İhtiyaç+Taşıt+Konut) (Stok,%)",avg,13.65
bie_kt210a,2020-08,TP.BKR.TRY.KTF10,"İhtiyaç Kredisi (TL, Stok, %)",avg,14.97
bie_kt210a,2020-08,TP.BKR.TRY.KTF101,"İhtiyaç Kredisi (KMH Dahil) (TL, Stok, %)",avg,15.03
bie_kt210a,2020-08,TP.BKR.TRY.17,"Taşıt Kredisi (TL, Stok, %)",avg,14.29
bie_kt210a,2020-08,TP.BKR.TRY.18,"Konut Kredisi (TL, Stok, %)",avg,11.54
bie_kt210a,2020-08,TP.BKR.TRY.1,"Ticari Krediler (TL, Stok, %)",avg,11.79
bie_kt210a,2020-08,TP.BKR.EUR.1,"Ticari Krediler (Euro, Stok, %)",avg,4.07
bie_kt210a,2020-08,TP.BKR.USD.1,"Ticari Krediler (ABD doları, Stok, %)",avg,5.8
bie_kt210a,2020-08,TP.BKR.TRY.KTF18,"Ticari Krediler (Tüzel Kişi KMH ve Kurumsal Kredi Kartları Hariç) (TL, Stok,%)",avg,11.72
bie_kt210a,2020-08,TP.BKR.TRY.KTFTUK,"Tüketici Kredisi (İhtiyaç+Taşıt+Konut) (TL, Stok,%)",avg,13.55
bie_kt210a,2020-08,TP.BKR.TRY.KTFTUK01,"Tüketici Kredisi (KMH Dahil) (TL Üzerinden Açılan) (İhtiyaç+Taşıt+Konut) (Stok,%)",avg,13.62
bie_kt210a,2020-09,TP.BKR.TRY.KTF10,"İhtiyaç Kredisi (TL, Stok, %)",avg,15.02
bie_kt210a,2020-09,TP.BKR.TRY.KTF101,"İhtiyaç Kredisi (KMH Dahil) (TL, Stok, %)",avg,15.08
bie_kt210a,2020-09,TP.BKR.TRY.17,"Taşıt Kredisi (TL, Stok, %)",avg,14.44
bie_kt210a,2020-09,TP.BKR.TRY.18,"Konut Kredisi (TL, Stok, %)",avg,11.61
bie_kt210a,2020-09,TP.BKR.TRY.1,"Ticari Krediler (TL, Stok, %)",avg,11.97
bie_kt210a,2020-09,TP.BKR.EUR.1,"Ticari Krediler (Euro, Stok, %)",avg,4.11
bie_kt210a,2020-09,TP.BKR.USD.1,"Ticari Krediler (ABD doları, Stok, %)",avg,5.77
bie_kt210a,2020-09,TP.BKR.TRY.KTF18,"Ticari Krediler (Tüzel Kişi KMH ve Kurumsal Kredi Kartları Hariç) (TL, Stok,%)",avg,11.91
bie_kt210a,2020-09,TP.BKR.TRY.KTFTUK,"Tüketici Kredisi (İhtiyaç+Taşıt+Konut) (TL, Stok,%)",avg,13.6
bie_kt210a,2020-09,TP.BKR.TRY.KTFTUK01,"Tüketici Kredisi (KMH Dahil) (TL Üzerinden Açılan) (İhtiyaç+Taşıt+Konut) (Stok,%)",avg,13.68
bie_kt210a,2020-10,TP.BKR.TRY.KTF10,"İhtiyaç Kredisi (TL, Stok, %)",avg,15.15
bie_kt210a,2020-10,TP.BKR.TRY.KTF101,"İhtiyaç Kredisi (KMH Dahil) (TL, Stok, %)",avg,15.2
bie_kt210a,2020-10,TP.BKR.TRY.17,"Taşıt Kredisi (TL, Stok, %)",avg,14.73
bie_kt210a,2020-10,TP.BKR.TRY.18,"Konut Kredisi (TL, Stok, %)",avg,11.67
bie_kt210a,2020-10,TP.BKR.TRY.1,"Ticari Krediler (TL, Stok, %)",avg,12.3
bie_kt210a,2020-10,TP.BKR.EUR.1,"Ticari Krediler (Euro, Stok, %)",avg,4.14
bie_kt210a,2020-10,TP.BKR.USD.1,"Ticari Krediler (ABD doları, Stok, %)",avg,5.71
bie_kt210a,2020-10,TP.BKR.TRY.KTF18,"Ticari Krediler (Tüzel Kişi KMH ve Kurumsal Kredi Kartları Hariç) (TL, Stok,%)",avg,12.23
bie_kt210a,2020-10,TP.BKR.TRY.KTFTUK,"Tüketici Kredisi (İhtiyaç+Taşıt+Konut) (TL, Stok,%)",avg,13.71
bie_kt210a,2020-10,TP.BKR.TRY.KTFTUK01,"Tüketici Kredisi (KMH Dahil) (TL Üzerinden Açılan) (İhtiyaç+Taşıt+Konut) (Stok,%)",avg,13.78
bie_kt210a,2020-11,TP.BKR.TRY.KTF10,"İhtiyaç Kredisi (TL, Stok, %)",avg,15.41
bie_kt210a,2020-11,TP.BKR.TRY.KTF101,"İhtiyaç Kredisi (KMH Dahil) (TL, Stok, %)",avg,15.48
bie_kt210a,2020-11,TP.BKR.TRY.17,"Taşıt Kredisi (TL, Stok, %)",avg,15.4
bie_kt210a,2020-11,TP.BKR.TRY.18,"Konut Kredisi (TL, Stok, %)",avg,11.74
bie_kt210a,2020-11,TP.BKR.TRY.1,"Ticari Krediler (TL, Stok, %)",avg,13.07
bie_kt210a,2020-11,TP.BKR.EUR.1,"Ticari Krediler (Euro, Stok, %)",avg,4.16
bie_kt210a,2020-11,TP.BKR.USD.1,"Ticari Krediler (ABD doları, Stok, %)",avg,5.64
bie_kt210a,2020-11,TP.BKR.TRY.KTF18,"Ticari Krediler (Tüzel Kişi KMH ve Kurumsal Kredi Kartları Hariç) (TL, Stok,%)",avg,12.96
bie_kt210a,2020-11,TP.BKR.TRY.KTFTUK,"Tüketici Kredisi (İhtiyaç+Taşıt+Konut) (TL, Stok,%)",avg,13.89
bie_kt210a,2020-11,TP.BKR.TRY.KTFTUK01,"Tüketici Kredisi (KMH Dahil) (TL Üzerinden Açılan) (İhtiyaç+Taşıt+Konut) (Stok,%)",avg,13.99
bie_kt210a,2020-12,TP.BKR.TRY.KTF10,"İhtiyaç Kredisi (TL, Stok, %)",avg,15.65
bie_kt210a,2020-12,TP.BKR.TRY.KTF101,"İhtiyaç Kredisi (KMH Dahil) (TL, Stok, %)",avg,15.94
bie_kt210a,2020-12,TP.BKR.TRY.17,"Taşıt Kredisi (TL, Stok, %)",avg,15.34
bie_kt210a,2020-12,TP.BKR.TRY.18,"Konut Kredisi (TL, Stok, %)",avg,11.78
bie_kt210a,2020-12,TP.BKR.TRY.1,"Ticari Krediler (TL, Stok, %)",avg,13.55
bie_kt210a,2020-12,TP.BKR.EUR.1,"Ticari Krediler (Euro, Stok, %)",avg,4.15
bie_kt210a,2020-12,TP.BKR.USD.1,"Ticari Krediler (ABD doları, Stok, %)",avg,5.51
bie_kt210a,2020-12,TP.BKR.TRY.KTF18,"Ticari Krediler (Tüzel Kişi KMH ve Kurumsal Kredi Kartları Hariç) (TL, Stok,%)",avg,13.42
bie_kt210a,2020-12,TP.BKR.TRY.KTFTUK,"Tüketici Kredisi (İhtiyaç+Taşıt+Konut) (TL, Stok,%)",avg,14.06
bie_kt210a,2020-12,TP.BKR.TRY.KTFTUK01,"Tüketici Kredisi (KMH Dahil) (TL Üzerinden Açılan) (İhtiyaç+Taşıt+Konut) (Stok,%)",avg,14.28
bie_kt210a,2021-01,TP.BKR.TRY.KTF10,"İhtiyaç Kredisi (TL, Stok, %)",avg,15.96
bie_kt210a,2021-01,TP.BKR.TRY.KTF101,"İhtiyaç Kredisi (KMH Dahil) (TL, Stok, %)",avg,16.39
bie_kt210a,2021-01,TP.BKR.TRY.17,"Taşıt Kredisi (TL, Stok, %)",avg,15.56
bie_kt210a,2021-01,TP.BKR.TRY.18,"Konut Kredisi (TL, Stok, %)",avg,11.83
bie_kt210a,2021-01,TP.BKR.TRY.1,"Ticari Krediler (TL, Stok, %)",avg,13.88
bie_kt210a,2021-01,TP.BKR.EUR.1,"Ticari Krediler (Euro, Stok, %)",avg,4.15
bie_kt210a,2021-01,TP.BKR.USD.1,"Ticari Krediler (ABD doları, Stok, %)",avg,5.44
bie_kt210a,2021-01,TP.BKR.TRY.KTF18,"Ticari Krediler (Tüzel Kişi KMH ve Kurumsal Kredi Kartları Hariç) (TL, Stok,%)",avg,13.72
bie_kt210a,2021-01,TP.BKR.TRY.KTFTUK,"Tüketici Kredisi (İhtiyaç+Taşıt+Konut) (TL, Stok,%)",avg,14.27
bie_kt210a,2021-01,TP.BKR.TRY.KTFTUK01,"Tüketici Kredisi (KMH Dahil) (TL Üzerinden Açılan) (İhtiyaç+Taşıt+Konut) (Stok,%)",avg,14.59
bie_kt210a,2021-02,TP.BKR.TRY.KTF10,"İhtiyaç Kredisi (TL, Stok, %)",avg,16.29
bie_kt210a,2021-02,TP.BKR.TRY.KTF101,"İhtiyaç Kredisi (KMH Dahil) (TL, Stok, %)",avg,16.83
bie_kt210a,2021-02,TP.BKR.TRY.17,"Taşıt Kredisi (TL, Stok, %)",avg,15.95
bie_kt210a,2021-02,TP.BKR.TRY.18,"Konut Kredisi (TL, Stok, %)",avg,11.92
bie_kt210a,2021-02,TP.BKR.TRY.1,"Ticari Krediler (TL, Stok, %)",avg,14.3
bie_kt210a,2021-02,TP.BKR.EUR.1,"Ticari Krediler (Euro, Stok, %)",avg,4.15
bie_kt210a,2021-02,TP.BKR.USD.1,"Ticari Krediler (ABD doları, Stok, %)",avg,5.41
bie_kt210a,2021-02,TP.BKR.TRY.KTF18,"Ticari Krediler (Tüzel Kişi KMH ve Kurumsal Kredi Kartları Hariç) (TL, Stok,%)",avg,14.1
bie_kt210a,2021-02,TP.BKR.TRY.KTFTUK,"Tüketici Kredisi (İhtiyaç+Taşıt+Konut) (TL, Stok,%)",avg,14.51
bie_kt210a,2021-02,TP.BKR.TRY.KTFTUK01,"Tüketici Kredisi (KMH Dahil) (TL Üzerinden Açılan) (İhtiyaç+Taşıt+Konut) (Stok,%)",avg,14.91
bie_kt210a,2021-03,TP.BKR.TRY.KTF10,"İhtiyaç Kredisi (TL, Stok, %)",avg,16.68
bie_kt210a,2021-03,TP.BKR.TRY.KTF101,"İhtiyaç Kredisi (KMH Dahil) (TL, Stok, %)",avg,17.22
bie_kt210a,2021-03,TP.BKR.TRY.17,"Taşıt Kredisi (TL, Stok, %)",avg,16.49
bie_kt210a,2021-03,TP.BKR.TRY.18,"Konut Kredisi (TL, Stok, %)",avg,12.03
bie_kt210a,2021-03,TP.BKR.TRY.1,"Ticari Krediler (TL, Stok, %)",avg,14.81
bie_kt210a,2021-03,TP.BKR.EUR.1,"Ticari Krediler (Euro, Stok, %)",avg,4.14
bie_kt210a,2021-03,TP.BKR.USD.1,"Ticari Krediler (ABD doları, Stok, %)",avg,5.35
bie_kt210a,2021-03,TP.BKR.TRY.KTF18,"Ticari Krediler (Tüzel Kişi KMH ve Kurumsal Kredi Kartları Hariç) (TL, Stok,%)",avg,14.62
bie_kt210a,2021-03,TP.BKR.TRY.KTFTUK,"Tüketici Kredisi (İhtiyaç+Taşıt+Konut) (TL, Stok,%)",avg,14.81
bie_kt210a,2021-03,TP.BKR.TRY.KTFTUK01,"Tüketici Kredisi (KMH Dahil) (TL Üzerinden Açılan) (İhtiyaç+Taşıt+Konut) (Stok,%)",avg,15.21
bie_kt210a,2021-04,TP.BKR.TRY.KTF10,"İhtiyaç Kredisi (TL, Stok, %)",avg,17.05
bie_kt210a,2021-04,TP.BKR.TRY.KTF101,"İhtiyaç Kredisi (KMH Dahil) (TL, Stok, %)",avg,17.57
bie_kt210a,2021-04,TP.BKR.TRY.17,"Taşıt Kredisi (TL, Stok, %)",avg,16.98
bie_kt210a,2021-04,TP.BKR.TRY.18,"Konut Kredisi (TL, Stok, %)",avg,12.12
bie_kt210a,2021-04,TP.BKR.TRY.1,"Ticari Krediler (TL, Stok, %)",avg,15.24
bie_kt210a,2021-04,TP.BKR.EUR.1,"Ticari Krediler (Euro, Stok, %)",avg,4.14
bie_kt210a,2021-04,TP.BKR.USD.1,"Ticari Krediler (ABD doları, Stok, %)",avg,5.34
bie_kt210a,2021-04,TP.BKR.TRY.KTF18,"Ticari Krediler (Tüzel Kişi KMH ve Kurumsal Kredi Kartları Hariç) (TL, Stok,%)",avg,15.04
bie_kt210a,2021-04,TP.BKR.TRY.KTFTUK,"Tüketici Kredisi (İhtiyaç+Taşıt+Konut) (TL, Stok,%)",avg,15.09
bie_kt210a,2021-04,TP.BKR.TRY.KTFTUK01,"Tüketici Kredisi (KMH Dahil) (TL Üzerinden Açılan) (İhtiyaç+Taşıt+Konut) (Stok,%)",avg,15.48
bie_kt210a,2021-05,TP.BKR.TRY.KTF10,"İhtiyaç Kredisi (TL, Stok, %)",avg,17.38
bie_kt210a,2021-05,TP.BKR.TRY.KTF101,"İhtiyaç Kredisi (KMH Dahil) (TL, Stok, %)",avg,17.97
bie_kt210a,2021-05,TP.BKR.TRY.17,"Taşıt Kredisi (TL, Stok, %)",avg,17.29
bie_kt210a,2021-05,TP.BKR.TRY.18,"Konut Kredisi (TL, Stok, %)",avg,12.18
bie_kt210a,2021-05,TP.BKR.TRY.1,"Ticari Krediler (TL, Stok, %)",avg,15.62
bie_kt210a,2021-05,TP.BKR.EUR.1,"Ticari Krediler (Euro, Stok, %)",avg,4.1
bie_kt210a,2021-05,TP.BKR.USD.1,"Ticari Krediler (ABD doları, Stok, %)",avg,5.32
bie_kt210a,2021-05,TP.BKR.TRY.KTF18,"Ticari Krediler (Tüzel Kişi KMH ve Kurumsal Kredi Kartları Hariç) (TL, Stok,%)",avg,15.4
bie_kt210a,2021-05,TP.BKR.TRY.KTFTUK,"Tüketici Kredisi (İhtiyaç+Taşıt+Konut) (TL, Stok,%)",avg,15.32
bie_kt210a,2021-05,TP.BKR.TRY.KTFTUK01,"Tüketici Kredisi (KMH Dahil) (TL Üzerinden Açılan) (İhtiyaç+Taşıt+Konut) (Stok,%)",avg,15.76
bie_kt210a,2021-06,TP.BKR.TRY.KTF10,"İhtiyaç Kredisi (TL, Stok, %)",avg,17.81
bie_kt210a,2021-06,TP.BKR.TRY.KTF101,"İhtiyaç Kredisi (KMH Dahil) (TL, Stok, %)",avg,18.38
bie_kt210a,2021-06,TP.BKR.TRY.17,"Taşıt Kredisi (TL, Stok, %)",avg,17.81
bie_kt210a,2021-06,TP.BKR.TRY.18,"Konut Kredisi (TL, Stok, %)",avg,12.33
bie_kt210a,2021-06,TP.BKR.TRY.1,"Ticari Krediler (TL, Stok, %)",avg,16.3
bie_kt210a,2021-06,TP.BKR.EUR.1,"Ticari Krediler (Euro, Stok, %)",avg,4.1
bie_kt210a,2021-06,TP.BKR.USD.1,"Ticari Krediler (ABD doları, Stok, %)",avg,5.28
bie_kt210a,2021-06,TP.BKR.TRY.KTF18,"Ticari Krediler (Tüzel Kişi KMH ve Kurumsal Kredi Kartları Hariç) (TL, Stok,%)",avg,16.08
bie_kt210a,2021-06,TP.BKR.TRY.KTFTUK,"Tüketici Kredisi (İhtiyaç+Taşıt+Konut) (TL, Stok,%)",avg,15.66
bie_kt210a,2021-06,TP.BKR.TRY.KTFTUK01,"Tüketici Kredisi (KMH Dahil) (TL Üzerinden Açılan) (İhtiyaç+Taşıt+Konut) (Stok,%)",avg,16.1
bie_kt210a,2021-07,TP.BKR.TRY.KTF10,"İhtiyaç Kredisi (TL, Stok, %)",avg,18.13
bie_kt210a,2021-07,TP.BKR.TRY.KTF101,"İhtiyaç Kredisi (KMH Dahil) (TL, Stok, %)",avg,18.7
bie_kt210a,2021-07,TP.BKR.TRY.17,"Taşıt Kredisi (TL, Stok, %)",avg,18.04
bie_kt210a,2021-07,TP.BKR.TRY.18,"Konut Kredisi (TL, Stok, %)",avg,12.43
bie_kt210a,2021-07,TP.BKR.TRY.1,"Ticari Krediler (TL, Stok, %)",avg,16.54
bie_kt210a,2021-07,TP.BKR.EUR.1,"Ticari Krediler (Euro, Stok, %)",avg,4.09
bie_kt210a,2021-07,TP.BKR.USD.1,"Ticari Krediler (ABD doları, Stok, %)",avg,5.23
bie_kt210a,2021-07,TP.BKR.TRY.KTF18,"Ticari Krediler (Tüzel Kişi KMH ve Kurumsal Kredi Kartları Hariç) (TL, Stok,%)",avg,16.33
bie_kt210a,2021-07,TP.BKR.TRY.KTFTUK,"Tüketici Kredisi (İhtiyaç+Taşıt+Konut) (TL, Stok,%)",avg,15.91
bie_kt210a,2021-07,TP.BKR.TRY.KTFTUK01,"Tüketici Kredisi (KMH Dahil) (TL Üzerinden Açılan) (İhtiyaç+Taşıt+Konut) (Stok,%)",avg,16.35
bie_kt210a,2021-08,TP.BKR.TRY.KTF10,"İhtiyaç Kredisi (TL, Stok, %)",avg,18.46
bie_kt210a,2021-08,TP.BKR.TRY.KTF101,"İhtiyaç Kredisi (KMH Dahil) (TL, Stok, %)",avg,19.02
bie_kt210a,2021-08,TP.BKR.TRY.17,"Taşıt Kredisi (TL, Stok, %)",avg,18.25
bie_kt210a,2021-08,TP.BKR.TRY.18,"Konut Kredisi (TL, Stok, %)",avg,12.57
bie_kt210a,2021-08,TP.BKR.TRY.1,"Ticari Krediler (TL, Stok, %)",avg,17.14
bie_kt210a,2021-08,TP.BKR.EUR.1,"Ticari Krediler (Euro, Stok, %)",avg,4.05
bie_kt210a,2021-08,TP.BKR.USD.1,"Ticari Krediler (ABD doları, Stok, %)",avg,5.18
bie_kt210a,2021-08,TP.BKR.TRY.KTF18,"Ticari Krediler (Tüzel Kişi KMH ve Kurumsal Kredi Kartları Hariç) (TL, Stok,%)",avg,16.94
bie_kt210a,2021-08,TP.BKR.TRY.KTFTUK,"Tüketici Kredisi (İhtiyaç+Taşıt+Konut) (TL, Stok,%)",avg,16.17
bie_kt210a,2021-08,TP.BKR.TRY.KTFTUK01,"Tüketici Kredisi (KMH Dahil) (TL Üzerinden Açılan) (İhtiyaç+Taşıt+Konut) (Stok,%)",avg,16.62
bie_kt210a,2021-09,TP.BKR.TRY.KTF10,"İhtiyaç Kredisi (TL, Stok, %)",avg,18.85
bie_kt210a,2021-09,TP.BKR.TRY.KTF101,"İhtiyaç Kredisi (KMH Dahil) (TL, Stok, %)",avg,19.38
bie_kt210a,2021-09,TP.BKR.TRY.17,"Taşıt Kredisi (TL, Stok, %)",avg,18.18
bie_kt210a,2021-09,TP.BKR.TRY.18,"Konut Kredisi (TL, Stok, %)",avg,12.72
bie_kt210a,2021-09,TP.BKR.TRY.1,"Ticari Krediler (TL, Stok, %)",avg,17.14
bie_kt210a,2021-09,TP.BKR.EUR.1,"Ticari Krediler (Euro, Stok, %)",avg,4.03
bie_kt210a,2021-09,TP.BKR.USD.1,"Ticari Krediler (ABD doları, Stok, %)",avg,5.1
bie_kt210a,2021-09,TP.BKR.TRY.KTF18,"Ticari Krediler (Tüzel Kişi KMH ve Kurumsal Kredi Kartları Hariç) (TL, Stok,%)",avg,16.93
bie_kt210a,2021-09,TP.BKR.TRY.KTFTUK,"Tüketici Kredisi (İhtiyaç+Taşıt+Konut) (TL, Stok,%)",avg,16.48
bie_kt210a,2021-09,TP.BKR.TRY.KTFTUK01,"Tüketici Kredisi (KMH Dahil) (TL Üzerinden Açılan) (İhtiyaç+Taşıt+Konut) (Stok,%)",avg,16.91
bie_kt210a,2021-10,TP.BKR.TRY.KTF10,"İhtiyaç Kredisi (TL, Stok, %)",avg,19.13
bie_kt210a,2021-10,TP.BKR.TRY.KTF101,"İhtiyaç Kredisi (KMH Dahil) (TL, Stok, %)",avg,19.65
bie_kt210a,2021-10,TP.BKR.TRY.17,"Taşıt Kredisi (TL, Stok, %)",avg,18.4
bie_kt210a,2021-10,TP.BKR.TRY.18,"Konut Kredisi (TL, Stok, %)",avg,12.86
bie_kt210a,2021-10,TP.BKR.TRY.1,"Ticari Krediler (TL, Stok, %)",avg,17.11
bie_kt210a,2021-10,TP.BKR.EUR.1,"Ticari Krediler (Euro, Stok, %)",avg,4.03
bie_kt210a,2021-10,TP.BKR.USD.1,"Ticari Krediler (ABD doları, Stok, %)",avg,5.08
bie_kt210a,2021-10,TP.BKR.TRY.KTF18,"Ticari Krediler (Tüzel Kişi KMH ve Kurumsal Kredi Kartları Hariç) (TL, Stok,%)",avg,16.92
bie_kt210a,2021-10,TP.BKR.TRY.KTFTUK,"Tüketici Kredisi (İhtiyaç+Taşıt+Konut) (TL, Stok,%)",avg,16.7
bie_kt210a,2021-10,TP.BKR.TRY.KTFTUK01,"Tüketici Kredisi (KMH Dahil) (TL Üzerinden Açılan) (İhtiyaç+Taşıt+Konut) (Stok,%)",avg,17.14
bie_kt210a,2021-11,TP.BKR.TRY.KTF10,"İhtiyaç Kredisi (TL, Stok, %)",avg,19.46
bie_kt210a,2021-11,TP.BKR.TRY.KTF101,"İhtiyaç Kredisi (KMH Dahil) (TL, Stok, %)",avg,19.94
bie_kt210a,2021-11,TP.BKR.TRY.17,"Taşıt Kredisi (TL, Stok, %)",avg,18.66
bie_kt210a,2021-11,TP.BKR.TRY.18,"Konut Kredisi (TL, Stok, %)",avg,13.04
bie_kt210a,2021-11,TP.BKR.TRY.1,"Ticari Krediler (TL, Stok, %)",avg,16.99
bie_kt210a,2021-11,TP.BKR.EUR.1,"Ticari Krediler (Euro, Stok, %)",avg,4.06
bie_kt210a,2021-11,TP.BKR.USD.1,"Ticari Krediler (ABD doları, Stok, %)",avg,5.1
bie_kt210a,2021-11,TP.BKR.TRY.KTF18,"Ticari Krediler (Tüzel Kişi KMH ve Kurumsal Kredi Kartları Hariç) (TL, Stok,%)",avg,16.8
bie_kt210a,2021-11,TP.BKR.TRY.KTFTUK,"Tüketici Kredisi (İhtiyaç+Taşıt+Konut) (TL, Stok,%)",avg,16.96
bie_kt210a,2021-11,TP.BKR.TRY.KTFTUK01,"Tüketici Kredisi (KMH Dahil) (TL Üzerinden Açılan) (İhtiyaç+Taşıt+Konut) (Stok,%)",avg,17.38
bie_kt210a,2021-12,TP.BKR.TRY.KTF10,"İhtiyaç Kredisi (TL, Stok, %)",avg,20.01
bie_kt210a,2021-12,TP.BKR.TRY.KTF101,"İhtiyaç Kredisi (KMH Dahil) (TL, Stok, %)",avg,20.29
bie_kt210a,2021-12,TP.BKR.TRY.17,"Taşıt Kredisi (TL, Stok, %)",avg,18.79
bie_kt210a,2021-12,TP.BKR.TRY.18,"Konut Kredisi (TL, Stok, %)",avg,13.23
bie_kt210a,2021-12,TP.BKR.TRY.1,"Ticari Krediler (TL, Stok, %)",avg,18.6
bie_kt210a,2021-12,TP.BKR.EUR.1,"Ticari Krediler (Euro, Stok, %)",avg,4.12
bie_kt210a,2021-12,TP.BKR.USD.1,"Ticari Krediler (ABD doları, Stok, %)",avg,5.18
bie_kt210a,2021-12,TP.BKR.TRY.KTF18,"Ticari Krediler (Tüzel Kişi KMH ve Kurumsal Kredi Kartları Hariç) (TL, Stok,%)",avg,18.5
bie_kt210a,2021-12,TP.BKR.TRY.KTFTUK,"Tüketici Kredisi (İhtiyaç+Taşıt+Konut) (TL, Stok,%)",avg,17.36
bie_kt210a,2021-12,TP.BKR.TRY.KTFTUK01,"Tüketici Kredisi (KMH Dahil) (TL Üzerinden Açılan) (İhtiyaç+Taşıt+Konut) (Stok,%)",avg,17.67
bie_kt210a,2022-01,TP.BKR.TRY.KTF10,"İhtiyaç Kredisi (TL, Stok, %)",avg,20.7
bie_kt210a,2022-01,TP.BKR.TRY.KTF101,"İhtiyaç Kredisi (KMH Dahil) (TL, Stok, %)",avg,20.94
bie_kt210a,2022-01,TP.BKR.TRY.17,"Taşıt Kredisi (TL, Stok, %)",avg,19.06
bie_kt210a,2022-01,TP.BKR.TRY.18,"Konut Kredisi (TL, Stok, %)",avg,13.34
bie_kt210a,2022-01,TP.BKR.TRY.1,"Ticari Krediler (TL, Stok, %)",avg,18.46
bie_kt210a,2022-01,TP.BKR.EUR.1,"Ticari Krediler (Euro, Stok, %)",avg,4.21
bie_kt210a,2022-01,TP.BKR.USD.1,"Ticari Krediler (ABD doları, Stok, %)",avg,5.23
bie_kt210a,2022-01,TP.BKR.TRY.KTF18,"Ticari Krediler (Tüzel Kişi KMH ve Kurumsal Kredi Kartları Hariç) (TL, Stok,%)",avg,18.35
bie_kt210a,2022-01,TP.BKR.TRY.KTFTUK,"Tüketici Kredisi (İhtiyaç+Taşıt+Konut) (TL, Stok,%)",avg,17.8
bie_kt210a,2022-01,TP.BKR.TRY.KTFTUK01,"Tüketici Kredisi (KMH Dahil) (TL Üzerinden Açılan) (İhtiyaç+Taşıt+Konut) (Stok,%)",avg,18.1
bie_kt210a,2022-02,TP.BKR.TRY.KTF10,"İhtiyaç Kredisi (TL, Stok, %)",avg,21.15
bie_kt210a,2022-02,TP.BKR.TRY.KTF101,"İhtiyaç Kredisi (KMH Dahil) (TL, Stok, %)",avg,21.35
bie_kt210a,2022-02,TP.BKR.TRY.17,"Taşıt Kredisi (TL, Stok, %)",avg,19.19
bie_kt210a,2022-02,TP.BKR.TRY.18,"Konut Kredisi (TL, Stok, %)",avg,13.25
bie_kt210a,2022-02,TP.BKR.TRY.1,"Ticari Krediler (TL, Stok, %)",avg,18.3
bie_kt210a,2022-02,TP.BKR.EUR.1,"Ticari Krediler (Euro, Stok, %)",avg,4.21
bie_kt210a,2022-02,TP.BKR.USD.1,"Ticari Krediler (ABD doları, Stok, %)",avg,5.25
bie_kt210a,2022-02,TP.BKR.TRY.KTF18,"Ticari Krediler (Tüzel Kişi KMH ve Kurumsal Kredi Kartları Hariç) (TL, Stok,%)",avg,18.17
bie_kt210a,2022-02,TP.BKR.TRY.KTFTUK,"Tüketici Kredisi (İhtiyaç+Taşıt+Konut) (TL, Stok,%)",avg,18.04
bie_kt210a,2022-02,TP.BKR.TRY.KTFTUK01,"Tüketici Kredisi (KMH Dahil) (TL Üzerinden Açılan) (İhtiyaç+Taşıt+Konut) (Stok,%)",avg,18.31
bie_kt210a,2022-03,TP.BKR.TRY.KTF10,"İhtiyaç Kredisi (TL, Stok, %)",avg,21.77
bie_kt210a,2022-03,TP.BKR.TRY.KTF101,"İhtiyaç Kredisi (KMH Dahil) (TL, Stok, %)",avg,21.92
bie_kt210a,2022-03,TP.BKR.TRY.17,"Taşıt Kredisi (TL, Stok, %)",avg,20.71
bie_kt210a,2022-03,TP.BKR.TRY.18,"Konut Kredisi (TL, Stok, %)",avg,13.45
bie_kt210a,2022-03,TP.BKR.TRY.1,"Ticari Krediler (TL, Stok, %)",avg,18.27
bie_kt210a,2022-03,TP.BKR.EUR.1,"Ticari Krediler (Euro, Stok, %)",avg,4.27
bie_kt210a,2022-03,TP.BKR.USD.1,"Ticari Krediler (ABD doları, Stok, %)",avg,5.36
bie_kt210a,2022-03,TP.BKR.TRY.KTF18,"Ticari Krediler (Tüzel Kişi KMH ve Kurumsal Kredi Kartları Hariç) (TL, Stok,%)",avg,18.16
bie_kt210a,2022-03,TP.BKR.TRY.KTFTUK,"Tüketici Kredisi (İhtiyaç+Taşıt+Konut) (TL, Stok,%)",avg,18.49
bie_kt210a,2022-03,TP.BKR.TRY.KTFTUK01,"Tüketici Kredisi (KMH Dahil) (TL Üzerinden Açılan) (İhtiyaç+Taşıt+Konut) (Stok,%)",avg,18.75
bie_kt210a,2022-04,TP.BKR.TRY.KTF10,"İhtiyaç Kredisi (TL, Stok, %)",avg,22.32
bie_kt210a,2022-04,TP.BKR.TRY.KTF101,"İhtiyaç Kredisi (KMH Dahil) (TL, Stok, %)",avg,22.41
bie_kt210a,2022-04,TP.BKR.TRY.17,"Taşıt Kredisi (TL, Stok, %)",avg,21.61
bie_kt210a,2022-04,TP.BKR.TRY.18,"Konut Kredisi (TL, Stok, %)",avg,13.69
bie_kt210a,2022-04,TP.BKR.TRY.1,"Ticari Krediler (TL, Stok, %)",avg,18.51
bie_kt210a,2022-04,TP.BKR.EUR.1,"Ticari Krediler (Euro, Stok, %)",avg,4.33
bie_kt210a,2022-04,TP.BKR.USD.1,"Ticari Krediler (ABD doları, Stok, %)",avg,5.54
bie_kt210a,2022-04,TP.BKR.TRY.KTF18,"Ticari Krediler (Tüzel Kişi KMH ve Kurumsal Kredi Kartları Hariç) (TL, Stok,%)",avg,18.4
bie_kt210a,2022-04,TP.BKR.TRY.KTFTUK,"Tüketici Kredisi (İhtiyaç+Taşıt+Konut) (TL, Stok,%)",avg,18.93
bie_kt210a,2022-04,TP.BKR.TRY.KTFTUK01,"Tüketici Kredisi (KMH Dahil) (TL Üzerinden Açılan) (İhtiyaç+Taşıt+Konut) (Stok,%)",avg,19.14
bie_kt210a,2022-05,TP.BKR.TRY.KTF10,"İhtiyaç Kredisi (TL, Stok, %)",avg,23.03
bie_kt210a,2022-05,TP.BKR.TRY.KTF101,"İhtiyaç Kredisi (KMH Dahil) (TL, Stok, %)",avg,23.07
bie_kt210a,2022-05,TP.BKR.TRY.17,"Taşıt Kredisi (TL, Stok, %)",avg,22.05
bie_kt210a,2022-05,TP.BKR.TRY.18,"Konut Kredisi (TL, Stok, %)",avg,13.93
bie_kt210a,2022-05,TP.BKR.TRY.1,"Ticari Krediler (TL, Stok, %)",avg,19.32
bie_kt210a,2022-05,TP.BKR.EUR.1,"Ticari Krediler (Euro, Stok, %)",avg,4.39
bie_kt210a,2022-05,TP.BKR.USD.1,"Ticari Krediler (ABD doları, Stok, %)",avg,5.84
bie_kt210a,2022-05,TP.BKR.TRY.KTF18,"Ticari Krediler (Tüzel Kişi KMH ve Kurumsal Kredi Kartları Hariç) (TL, Stok,%)",avg,19.22
bie_kt210a,2022-05,TP.BKR.TRY.KTFTUK,"Tüketici Kredisi (İhtiyaç+Taşıt+Konut) (TL, Stok,%)",avg,19.5
bie_kt210a,2022-05,TP.BKR.TRY.KTFTUK01,"Tüketici Kredisi (KMH Dahil) (TL Üzerinden Açılan) (İhtiyaç+Taşıt+Konut) (Stok,%)",avg,19.7
bie_kt210a,2022-06,TP.BKR.TRY.KTF10,"İhtiyaç Kredisi (TL, Stok, %)",avg,23.93
bie_kt210a,2022-06,TP.BKR.TRY.KTF101,"İhtiyaç Kredisi (KMH Dahil) (TL, Stok, %)",avg,23.89
bie_kt210a,2022-06,TP.BKR.TRY.17,"Taşıt Kredisi (TL, Stok, %)",avg,23.18
bie_kt210a,2022-06,TP.BKR.TRY.18,"Konut Kredisi (TL, Stok, %)",avg,14.2
bie_kt210a,2022-06,TP.BKR.TRY.1,"Ticari Krediler (TL, Stok, %)",avg,20.52
bie_kt210a,2022-06,TP.BKR.EUR.1,"Ticari Krediler (Euro, Stok, %)",avg,4.58
bie_kt210a,2022-06,TP.BKR.USD.1,"Ticari Krediler (ABD doları, Stok, %)",avg,6.27
bie_kt210a,2022-06,TP.BKR.TRY.KTF18,"Ticari Krediler (Tüzel Kişi KMH ve Kurumsal Kredi Kartları Hariç) (TL, Stok,%)",avg,20.45
bie_kt210a,2022-06,TP.BKR.TRY.KTFTUK,"Tüketici Kredisi (İhtiyaç+Taşıt+Konut) (TL, Stok,%)",avg,20.16
bie_kt210a,2022-06,TP.BKR.TRY.KTFTUK01,"Tüketici Kredisi (KMH Dahil) (TL Üzerinden Açılan) (İhtiyaç+Taşıt+Konut) (Stok,%)",avg,20.33
bie_kt210a,2022-07,TP.BKR.TRY.KTF10,"İhtiyaç Kredisi (TL, Stok, %)",avg,24.75
bie_kt210a,2022-07,TP.BKR.TRY.KTF101,"İhtiyaç Kredisi (KMH Dahil) (TL, Stok, %)",avg,24.64
bie_kt210a,2022-07,TP.BKR.TRY.17,"Taşıt Kredisi (TL, Stok, %)",avg,23.76
bie_kt210a,2022-07,TP.BKR.TRY.18,"Konut Kredisi (TL, Stok, %)",avg,14.3
bie_kt210a,2022-07,TP.BKR.TRY.1,"Ticari Krediler (TL, Stok, %)",avg,21.32
bie_kt210a,2022-07,TP.BKR.EUR.1,"Ticari Krediler (Euro, Stok, %)",avg,4.71
bie_kt210a,2022-07,TP.BKR.USD.1,"Ticari Krediler (ABD doları, Stok, %)",avg,6.52
bie_kt210a,2022-07,TP.BKR.TRY.KTF18,"Ticari Krediler (Tüzel Kişi KMH ve Kurumsal Kredi Kartları Hariç) (TL, Stok,%)",avg,21.27
bie_kt210a,2022-07,TP.BKR.TRY.KTFTUK,"Tüketici Kredisi (İhtiyaç+Taşıt+Konut) (TL, Stok,%)",avg,20.72
bie_kt210a,2022-07,TP.BKR.TRY.KTFTUK01,"Tüketici Kredisi (KMH Dahil) (TL Üzerinden Açılan) (İhtiyaç+Taşıt+Konut) (Stok,%)",avg,20.87
bie_kt210a,2022-08,TP.BKR.TRY.KTF10,"İhtiyaç Kredisi (TL, Stok, %)",avg,25.59
bie_kt210a,2022-08,TP.BKR.TRY.KTF101,"İhtiyaç Kredisi (KMH Dahil) (TL, Stok, %)",avg,25.39
bie_kt210a,2022-08,TP.BKR.TRY.17,"Taşıt Kredisi (TL, Stok, %)",avg,24.36
bie_kt210a,2022-08,TP.BKR.TRY.18,"Konut Kredisi (TL, Stok, %)",avg,14.43
bie_kt210a,2022-08,TP.BKR.TRY.1,"Ticari Krediler (TL, Stok, %)",avg,21.32
bie_kt210a,2022-08,TP.BKR.EUR.1,"Ticari Krediler (Euro, Stok, %)",avg,4.88
bie_kt210a,2022-08,TP.BKR.USD.1,"Ticari Krediler (ABD doları, Stok, %)",avg,6.77
bie_kt210a,2022-08,TP.BKR.TRY.KTF18,"Ticari Krediler (Tüzel Kişi KMH ve Kurumsal Kredi Kartları Hariç) (TL, Stok,%)",avg,21.3
bie_kt210a,2022-08,TP.BKR.TRY.KTFTUK,"Tüketici Kredisi (İhtiyaç+Taşıt+Konut) (TL, Stok,%)",avg,21.29
bie_kt210a,2022-08,TP.BKR.TRY.KTFTUK01,"Tüketici Kredisi (KMH Dahil) (TL Üzerinden Açılan) (İhtiyaç+Taşıt+Konut) (Stok,%)",avg,21.41
bie_kt210a,2022-09,TP.BKR.TRY.KTF10,"İhtiyaç Kredisi (TL, Stok, %)",avg,26.17
bie_kt210a,2022-09,TP.BKR.TRY.KTF101,"İhtiyaç Kredisi (KMH Dahil) (TL, Stok, %)",avg,25.82
bie_kt210a,2022-09,TP.BKR.TRY.17,"Taşıt Kredisi (TL, Stok, %)",avg,24.64
bie_kt210a,2022-09,TP.BKR.TRY.18,"Konut Kredisi (TL, Stok, %)",avg,14.55
bie_kt210a,2022-09,TP.BKR.TRY.1,"Ticari Krediler (TL, Stok, %)",avg,20.35
bie_kt210a,2022-09,TP.BKR.EUR.1,"Ticari Krediler (Euro, Stok, %)",avg,5.15
bie_kt210a,2022-09,TP.BKR.USD.1,"Ticari Krediler (ABD doları, Stok, %)",avg,7.29
bie_kt210a,2022-09,TP.BKR.TRY.KTF18,"Ticari Krediler (Tüzel Kişi KMH ve Kurumsal Kredi Kartları Hariç) (TL, Stok,%)",avg,20.33
bie_kt210a,2022-09,TP.BKR.TRY.KTFTUK,"Tüketici Kredisi (İhtiyaç+Taşıt+Konut) (TL, Stok,%)",avg,21.76
bie_kt210a,2022-09,TP.BKR.TRY.KTFTUK01,"Tüketici Kredisi (KMH Dahil) (TL Üzerinden Açılan) (İhtiyaç+Taşıt+Konut) (Stok,%)",avg,21.8
bie_kt210a,2022-10,TP.BKR.TRY.KTF10,"İhtiyaç Kredisi (TL, Stok, %)",avg,26.63
bie_kt210a,2022-10,TP.BKR.TRY.KTF101,"İhtiyaç Kredisi (KMH Dahil) (TL, Stok, %)",avg,26.07
bie_kt210a,2022-10,TP.BKR.TRY.17,"Taşıt Kredisi (TL, Stok, %)",avg,24.8
bie_kt210a,2022-10,TP.BKR.TRY.18,"Konut Kredisi (TL, Stok, %)",avg,14.66
bie_kt210a,2022-10,TP.BKR.TRY.1,"Ticari Krediler (TL, Stok, %)",avg,19.68
bie_kt210a,2022-10,TP.BKR.EUR.1,"Ticari Krediler (Euro, Stok, %)",avg,5.34
bie_kt210a,2022-10,TP.BKR.USD.1,"Ticari Krediler (ABD doları, Stok, %)",avg,7.44
bie_kt210a,2022-10,TP.BKR.TRY.KTF18,"Ticari Krediler (Tüzel Kişi KMH ve Kurumsal Kredi Kartları Hariç) (TL, Stok,%)",avg,19.68
bie_kt210a,2022-10,TP.BKR.TRY.KTFTUK,"Tüketici Kredisi (İhtiyaç+Taşıt+Konut) (TL, Stok,%)",avg,22.17
bie_kt210a,2022-10,TP.BKR.TRY.KTFTUK01,"Tüketici Kredisi (KMH Dahil) (TL Üzerinden Açılan) (İhtiyaç+Taşıt+Konut) (Stok,%)",avg,22.09
bie_kt210a,2022-11,TP.BKR.TRY.KTF10,"İhtiyaç Kredisi (TL, Stok, %)",avg,27.05
bie_kt210a,2022-11,TP.BKR.TRY.KTF101,"İhtiyaç Kredisi (KMH Dahil) (TL, Stok, %)",avg,26.25
bie_kt210a,2022-11,TP.BKR.TRY.17,"Taşıt Kredisi (TL, Stok, %)",avg,24.27
bie_kt210a,2022-11,TP.BKR.TRY.18,"Konut Kredisi (TL, Stok, %)",avg,14.79
bie_kt210a,2022-11,TP.BKR.TRY.1,"Ticari Krediler (TL, Stok, %)",avg,18.72
bie_kt210a,2022-11,TP.BKR.EUR.1,"Ticari Krediler (Euro, Stok, %)",avg,5.61
bie_kt210a,2022-11,TP.BKR.USD.1,"Ticari Krediler (ABD doları, Stok, %)",avg,7.94
bie_kt210a,2022-11,TP.BKR.TRY.KTF18,"Ticari Krediler (Tüzel Kişi KMH ve Kurumsal Kredi Kartları Hariç) (TL, Stok,%)",avg,18.74
bie_kt210a,2022-11,TP.BKR.TRY.KTFTUK,"Tüketici Kredisi (İhtiyaç+Taşıt+Konut) (TL, Stok,%)",avg,22.59
bie_kt210a,2022-11,TP.BKR.TRY.KTFTUK01,"Tüketici Kredisi (KMH Dahil) (TL Üzerinden Açılan) (İhtiyaç+Taşıt+Konut) (Stok,%)",avg,22.36
bie_kt210a,2022-12,TP.BKR.TRY.KTF10,"İhtiyaç Kredisi (TL, Stok, %)",avg,27.42
bie_kt210a,2022-12,TP.BKR.TRY.KTF101,"İhtiyaç Kredisi (KMH Dahil) (TL, Stok, %)",avg,26.38
bie_kt210a,2022-12,TP.BKR.TRY.17,"Taşıt Kredisi (TL, Stok, %)",avg,24.83
bie_kt210a,2022-12,TP.BKR.TRY.18,"Konut Kredisi (TL, Stok, %)",avg,14.96
bie_kt210a,2022-12,TP.BKR.TRY.1,"Ticari Krediler (TL, Stok, %)",avg,17.42
bie_kt210a,2022-12,TP.BKR.EUR.1,"Ticari Krediler (Euro, Stok, %)",avg,5.88
bie_kt210a,2022-12,TP.BKR.USD.1,"Ticari Krediler (ABD doları, Stok, %)",avg,8.31
bie_kt210a,2022-12,TP.BKR.TRY.KTF18,"Ticari Krediler (Tüzel Kişi KMH ve Kurumsal Kredi Kartları Hariç) (TL, Stok,%)",avg,17.46
bie_kt210a,2022-12,TP.BKR.TRY.KTFTUK,"Tüketici Kredisi (İhtiyaç+Taşıt+Konut) (TL, Stok,%)",avg,23.05
bie_kt210a,2022-12,TP.BKR.TRY.KTFTUK01,"Tüketici Kredisi (KMH Dahil) (TL Üzerinden Açılan) (İhtiyaç+Taşıt+Konut) (Stok,%)",avg,22.67
bie_kt210a,2023-01,TP.BKR.TRY.KTF10,"İhtiyaç Kredisi (TL, Stok, %)",avg,27.88
bie_kt210a,2023-01,TP.BKR.TRY.KTF101,"İhtiyaç Kredisi (KMH Dahil) (TL, Stok, %)",avg,26.71
bie_kt210a,2023-01,TP.BKR.TRY.17,"Taşıt Kredisi (TL, Stok, %)",avg,24.81
bie_kt210a,2023-01,TP.BKR.TRY.18,"Konut Kredisi (TL, Stok, %)",avg,15.11
bie_kt210a,2023-01,TP.BKR.TRY.1,"Ticari Krediler (TL, Stok, %)",avg,16.73
bie_kt210a,2023-01,TP.BKR.EUR.1,"Ticari Krediler (Euro, Stok, %)",avg,6.07
bie_kt210a,2023-01,TP.BKR.USD.1,"Ticari Krediler (ABD doları, Stok, %)",avg,8.48
bie_kt210a,2023-01,TP.BKR.TRY.KTF18,"Ticari Krediler (Tüzel Kişi KMH ve Kurumsal Kredi Kartları Hariç) (TL, Stok,%)",avg,16.75
bie_kt210a,2023-01,TP.BKR.TRY.KTFTUK,"Tüketici Kredisi (İhtiyaç+Taşıt+Konut) (TL, Stok,%)",avg,23.49
bie_kt210a,2023-01,TP.BKR.TRY.KTFTUK01,"Tüketici Kredisi (KMH Dahil) (TL Üzerinden Açılan) (İhtiyaç+Taşıt+Konut) (Stok,%)",avg,23.05
bie_kt210a,2023-02,TP.BKR.TRY.KTF10,"İhtiyaç Kredisi (TL, Stok, %)",avg,27.78
bie_kt210a,2023-02,TP.BKR.TRY.KTF101,"İhtiyaç Kredisi (KMH Dahil) (TL, Stok, %)",avg,26.04
bie_kt210a,2023-02,TP.BKR.TRY.17,"Taşıt Kredisi (TL, Stok, %)",avg,23.84
bie_kt210a,2023-02,TP.BKR.TRY.18,"Konut Kredisi (TL, Stok, %)",avg,15.25
bie_kt210a,2023-02,TP.BKR.TRY.1,"Ticari Krediler (TL, Stok, %)",avg,15.95
bie_kt210a,2023-02,TP.BKR.EUR.1,"Ticari Krediler (Euro, Stok, %)",avg,6.26
bie_kt210a,2023-02,TP.BKR.USD.1,"Ticari Krediler (ABD doları, Stok, %)",avg,8.58
bie_kt210a,2023-02,TP.BKR.TRY.KTF18,"Ticari Krediler (Tüzel Kişi KMH ve Kurumsal Kredi Kartları Hariç) (TL, Stok,%)",avg,15.94
bie_kt210a,2023-02,TP.BKR.TRY.KTFTUK,"Tüketici Kredisi (İhtiyaç+Taşıt+Konut) (TL, Stok,%)",avg,23.47
bie_kt210a,2023-02,TP.BKR.TRY.KTFTUK01,"Tüketici Kredisi (KMH Dahil) (TL Üzerinden Açılan) (İhtiyaç+Taşıt+Konut) (Stok,%)",avg,22.76
bie_kt210a,2023-03,TP.BKR.TRY.KTF10,"İhtiyaç Kredisi (TL, Stok, %)",avg,27.98
bie_kt210a,2023-03,TP.BKR.TRY.KTF101,"İhtiyaç Kredisi (KMH Dahil) (TL, Stok, %)",avg,26.29
bie_kt210a,2023-03,TP.BKR.TRY.17,"Taşıt Kredisi (TL, Stok, %)",avg,23.88
bie_kt210a,2023-03,TP.BKR.TRY.18,"Konut Kredisi (TL, Stok, %)",avg,15.45
bie_kt210a,2023-03,TP.BKR.TRY.1,"Ticari Krediler (TL, Stok, %)",avg,15.76
bie_kt210a,2023-03,TP.BKR.EUR.1,"Ticari Krediler (Euro, Stok, %)",avg,6.51
bie_kt210a,2023-03,TP.BKR.USD.1,"Ticari Krediler (ABD doları, Stok, %)",avg,8.76
bie_kt210a,2023-03,TP.BKR.TRY.KTF18,"Ticari Krediler (Tüzel Kişi KMH ve Kurumsal Kredi Kartları Hariç) (TL, Stok,%)",avg,15.78
bie_kt210a,2023-03,TP.BKR.TRY.KTFTUK,"Tüketici Kredisi (İhtiyaç+Taşıt+Konut) (TL, Stok,%)",avg,23.66
bie_kt210a,2023-03,TP.BKR.TRY.KTFTUK01,"Tüketici Kredisi (KMH Dahil) (TL Üzerinden Açılan) (İhtiyaç+Taşıt+Konut) (Stok,%)",avg,22.98
bie_kt210a,2023-04,TP.BKR.TRY.KTF10,"İhtiyaç Kredisi (TL, Stok, %)",avg,28.4
bie_kt210a,2023-04,TP.BKR.TRY.KTF101,"İhtiyaç Kredisi (KMH Dahil) (TL, Stok, %)",avg,26.64
bie_kt210a,2023-04,TP.BKR.TRY.17,"Taşıt Kredisi (TL, Stok, %)",avg,24.12
bie_kt210a,2023-04,TP.BKR.TRY.18,"Konut Kredisi (TL, Stok, %)",avg,15.64
bie_kt210a,2023-04,TP.BKR.TRY.1,"Ticari Krediler (TL, Stok, %)",avg,15.59
bie_kt210a,2023-04,TP.BKR.EUR.1,"Ticari Krediler (Euro, Stok, %)",avg,6.65
bie_kt210a,2023-04,TP.BKR.USD.1,"Ticari Krediler (ABD doları, Stok, %)",avg,8.79
bie_kt210a,2023-04,TP.BKR.TRY.KTF18,"Ticari Krediler (Tüzel Kişi KMH ve Kurumsal Kredi Kartları Hariç) (TL, Stok,%)",avg,15.58
bie_kt210a,2023-04,TP.BKR.TRY.KTFTUK,"Tüketici Kredisi (İhtiyaç+Taşıt+Konut) (TL, Stok,%)",avg,23.94
bie_kt210a,2023-04,TP.BKR.TRY.KTFTUK01,"Tüketici Kredisi (KMH Dahil) (TL Üzerinden Açılan) (İhtiyaç+Taşıt+Konut) (Stok,%)",avg,23.24
bie_kt210a,2023-05,TP.BKR.TRY.KTF10,"İhtiyaç Kredisi (TL, Stok, %)",avg,29.3
bie_kt210a,2023-05,TP.BKR.TRY.KTF101,"İhtiyaç Kredisi (KMH Dahil) (TL, Stok, %)",avg,27.53
bie_kt210a,2023-05,TP.BKR.TRY.17,"Taşıt Kredisi (TL, Stok, %)",avg,24.34
bie_kt210a,2023-05,TP.BKR.TRY.18,"Konut Kredisi (TL, Stok, %)",avg,15.82
bie_kt210a,2023-05,TP.BKR.TRY.1,"Ticari Krediler (TL, Stok, %)",avg,15.51
bie_kt210a,2023-05,TP.BKR.EUR.1,"Ticari Krediler (Euro, Stok, %)",avg,6.83
bie_kt210a,2023-05,TP.BKR.USD.1,"Ticari Krediler (ABD doları, Stok, %)",avg,8.94
bie_kt210a,2023-05,TP.BKR.TRY.KTF18,"Ticari Krediler (Tüzel Kişi KMH ve Kurumsal Kredi Kartları Hariç) (TL, Stok,%)",avg,15.49
bie_kt210a,2023-05,TP.BKR.TRY.KTFTUK,"Tüketici Kredisi (İhtiyaç+Taşıt+Konut) (TL, Stok,%)",avg,24.49
bie_kt210a,2023-05,TP.BKR.TRY.KTFTUK01,"Tüketici Kredisi (KMH Dahil) (TL Üzerinden Açılan) (İhtiyaç+Taşıt+Konut) (Stok,%)",avg,23.8
bie_kt210a,2023-06,TP.BKR.TRY.KTF10,"İhtiyaç Kredisi (TL, Stok, %)",avg,30.33
bie_kt210a,2023-06,TP.BKR.TRY.KTF101,"İhtiyaç Kredisi (KMH Dahil) (TL, Stok, %)",avg,28.44
bie_kt210a,2023-06,TP.BKR.TRY.17,"Taşıt Kredisi (TL, Stok, %)",avg,24.87
bie_kt210a,2023-06,TP.BKR.TRY.18,"Konut Kredisi (TL, Stok, %)",avg,15.96
bie_kt210a,2023-06,TP.BKR.TRY.1,"Ticari Krediler (TL, Stok, %)",avg,15.89
bie_kt210a,2023-06,TP.BKR.EUR.1,"Ticari Krediler (Euro, Stok, %)",avg,7.01
bie_kt210a,2023-06,TP.BKR.USD.1,"Ticari Krediler (ABD doları, Stok, %)",avg,9.09
bie_kt210a,2023-06,TP.BKR.TRY.KTF18,"Ticari Krediler (Tüzel Kişi KMH ve Kurumsal Kredi Kartları Hariç) (TL, Stok,%)",avg,15.82
bie_kt210a,2023-06,TP.BKR.TRY.KTFTUK,"Tüketici Kredisi (İhtiyaç+Taşıt+Konut) (TL, Stok,%)",avg,25.2
bie_kt210a,2023-06,TP.BKR.TRY.KTFTUK01,"Tüketici Kredisi (KMH Dahil) (TL Üzerinden Açılan) (İhtiyaç+Taşıt+Konut) (Stok,%)",avg,24.46
bie_kt210a,2023-07,TP.BKR.TRY.KTF10,"İhtiyaç Kredisi (TL, Stok, %)",avg,32.04
bie_kt210a,2023-07,TP.BKR.TRY.KTF101,"İhtiyaç Kredisi (KMH Dahil) (TL, Stok, %)",avg,30.87
bie_kt210a,2023-07,TP.BKR.TRY.17,"Taşıt Kredisi (TL, Stok, %)",avg,25.95
bie_kt210a,2023-07,TP.BKR.TRY.18,"Konut Kredisi (TL, Stok, %)",avg,16.31
bie_kt210a,2023-07,TP.BKR.TRY.1,"Ticari Krediler (TL, Stok, %)",avg,18.9
bie_kt210a,2023-07,TP.BKR.EUR.1,"Ticari Krediler (Euro, Stok, %)",avg,7.13
bie_kt210a,2023-07,TP.BKR.USD.1,"Ticari Krediler (ABD doları, Stok, %)",avg,9.18
bie_kt210a,2023-07,TP.BKR.TRY.KTF18,"Ticari Krediler (Tüzel Kişi KMH ve Kurumsal Kredi Kartları Hariç) (TL, Stok,%)",avg,18.58
bie_kt210a,2023-07,TP.BKR.TRY.KTFTUK,"Tüketici Kredisi (İhtiyaç+Taşıt+Konut) (TL, Stok,%)",avg,26.47
bie_kt210a,2023-07,TP.BKR.TRY.KTFTUK01,"Tüketici Kredisi (KMH Dahil) (TL Üzerinden Açılan) (İhtiyaç+Taşıt+Konut) (Stok,%)",avg,26.25
bie_kt210a,2023-08,TP.BKR.TRY.KTF10,"İhtiyaç Kredisi (TL, Stok, %)",avg,33.77
bie_kt210a,2023-08,TP.BKR.TRY.KTF101,"İhtiyaç Kredisi (KMH Dahil) (TL, Stok, %)",avg,34.43
bie_kt210a,2023-08,TP.BKR.TRY.17,"Taşıt Kredisi (TL, Stok, %)",avg,26.73
bie_kt210a,2023-08,TP.BKR.TRY.18,"Konut Kredisi (TL, Stok, %)",avg,16.78
bie_kt210a,2023-08,TP.BKR.TRY.1,"Ticari Krediler (TL, Stok, %)",avg,22.89
bie_kt210a,2023-08,TP.BKR.EUR.1,"Ticari Krediler (Euro, Stok, %)",avg,7.24
bie_kt210a,2023-08,TP.BKR.USD.1,"Ticari Krediler (ABD doları, Stok, %)",avg,9.25
bie_kt210a,2023-08,TP.BKR.TRY.KTF18,"Ticari Krediler (Tüzel Kişi KMH ve Kurumsal Kredi Kartları Hariç) (TL, Stok,%)",avg,22.26
bie_kt210a,2023-08,TP.BKR.TRY.KTFTUK,"Tüketici Kredisi (İhtiyaç+Taşıt+Konut) (TL, Stok,%)",avg,27.76
bie_kt210a,2023-08,TP.BKR.TRY.KTFTUK01,"Tüketici Kredisi (KMH Dahil) (TL Üzerinden Açılan) (İhtiyaç+Taşıt+Konut) (Stok,%)",avg,28.79
bie_kt210a,2023-09,TP.BKR.TRY.KTF10,"İhtiyaç Kredisi (TL, Stok, %)",avg,36.13
bie_kt210a,2023-09,TP.BKR.TRY.KTF101,"İhtiyaç Kredisi (KMH Dahil) (TL, Stok, %)",avg,38.26
bie_kt210a,2023-09,TP.BKR.TRY.17,"Taşıt Kredisi (TL, Stok, %)",avg,27.23
bie_kt210a,2023-09,TP.BKR.TRY.18,"Konut Kredisi (TL, Stok, %)",avg,17.02
bie_kt210a,2023-09,TP.BKR.TRY.1,"Ticari Krediler (TL, Stok, %)",avg,29.26
bie_kt210a,2023-09,TP.BKR.EUR.1,"Ticari Krediler (Euro, Stok, %)",avg,7.32
bie_kt210a,2023-09,TP.BKR.USD.1,"Ticari Krediler (ABD doları, Stok, %)",avg,9.31
bie_kt210a,2023-09,TP.BKR.TRY.KTF18,"Ticari Krediler (Tüzel Kişi KMH ve Kurumsal Kredi Kartları Hariç) (TL, Stok,%)",avg,28.46
bie_kt210a,2023-09,TP.BKR.TRY.KTFTUK,"Tüketici Kredisi (İhtiyaç+Taşıt+Konut) (TL, Stok,%)",avg,29.34
bie_kt210a,2023-09,TP.BKR.TRY.KTFTUK01,"Tüketici Kredisi (KMH Dahil) (TL Üzerinden Açılan) (İhtiyaç+Taşıt+Konut) (Stok,%)",avg,31.44
bie_kt210a,2023-10,TP.BKR.TRY.KTF10,"İhtiyaç Kredisi (TL, Stok, %)",avg,38.68
bie_kt210a,2023-10,TP.BKR.TRY.KTF101,"İhtiyaç Kredisi (KMH Dahil) (TL, Stok, %)",avg,41.88
bie_kt210a,2023-10,TP.BKR.TRY.17,"Taşıt Kredisi (TL, Stok, %)",avg,28.66
bie_kt210a,2023-10,TP.BKR.TRY.18,"Konut Kredisi (TL, Stok, %)",avg,17.22
bie_kt210a,2023-10,TP.BKR.TRY.1,"Ticari Krediler (TL, Stok, %)",avg,33.76
bie_kt210a,2023-10,TP.BKR.EUR.1,"Ticari Krediler (Euro, Stok, %)",avg,7.44
bie_kt210a,2023-10,TP.BKR.USD.1,"Ticari Krediler (ABD doları, Stok, %)",avg,9.37
bie_kt210a,2023-10,TP.BKR.TRY.KTF18,"Ticari Krediler (Tüzel Kişi KMH ve Kurumsal Kredi Kartları Hariç) (TL, Stok,%)",avg,32.82
bie_kt210a,2023-10,TP.BKR.TRY.KTFTUK,"Tüketici Kredisi (İhtiyaç+Taşıt+Konut) (TL, Stok,%)",avg,31.11
bie_kt210a,2023-10,TP.BKR.TRY.KTFTUK01,"Tüketici Kredisi (KMH Dahil) (TL Üzerinden Açılan) (İhtiyaç+Taşıt+Konut) (Stok,%)",avg,34.06
bie_kt210a,2023-11,TP.BKR.TRY.KTF10,"İhtiyaç Kredisi (TL, Stok, %)",avg,41.08
bie_kt210a,2023-11,TP.BKR.TRY.KTF101,"İhtiyaç Kredisi (KMH Dahil) (TL, Stok, %)",avg,44.95
bie_kt210a,2023-11,TP.BKR.TRY.17,"Taşıt Kredisi (TL, Stok, %)",avg,29.16
bie_kt210a,2023-11,TP.BKR.TRY.18,"Konut Kredisi (TL, Stok, %)",avg,17.44
bie_kt210a,2023-11,TP.BKR.TRY.1,"Ticari Krediler (TL, Stok, %)",avg,38.03
bie_kt210a,2023-11,TP.BKR.EUR.1,"Ticari Krediler (Euro, Stok, %)",avg,7.49
bie_kt210a,2023-11,TP.BKR.USD.1,"Ticari Krediler (ABD doları, Stok, %)",avg,9.38
bie_kt210a,2023-11,TP.BKR.TRY.KTF18,"Ticari Krediler (Tüzel Kişi KMH ve Kurumsal Kredi Kartları Hariç) (TL, Stok,%)",avg,37.11
bie_kt210a,2023-11,TP.BKR.TRY.KTFTUK,"Tüketici Kredisi (İhtiyaç+Taşıt+Konut) (TL, Stok,%)",avg,32.78
bie_kt210a,2023-11,TP.BKR.TRY.KTFTUK01,"Tüketici Kredisi (KMH Dahil) (TL Üzerinden Açılan) (İhtiyaç+Taşıt+Konut) (Stok,%)",avg,36.32
bie_kt210a,2023-12,TP.BKR.TRY.KTF10,"İhtiyaç Kredisi (TL, Stok, %)",avg,43.72
bie_kt210a,2023-12,TP.BKR.TRY.KTF101,"İhtiyaç Kredisi (KMH Dahil) (TL, Stok, %)",avg,47.31
bie_kt210a,2023-12,TP.BKR.TRY.17,"Taşıt Kredisi (TL, Stok, %)",avg,29.18
bie_kt210a,2023-12,TP.BKR.TRY.18,"Konut Kredisi (TL, Stok, %)",avg,17.68
bie_kt210a,2023-12,TP.BKR.TRY.1,"Ticari Krediler (TL, Stok, %)",avg,40.61
bie_kt210a,2023-12,TP.BKR.EUR.1,"Ticari Krediler (Euro, Stok, %)",avg,7.53
bie_kt210a,2023-12,TP.BKR.USD.1,"Ticari Krediler (ABD doları, Stok, %)",avg,9.4
bie_kt210a,2023-12,TP.BKR.TRY.KTF18,"Ticari Krediler (Tüzel Kişi KMH ve Kurumsal Kredi Kartları Hariç) (TL, Stok,%)",avg,39.82
bie_kt210a,2023-12,TP.BKR.TRY.KTFTUK,"Tüketici Kredisi (İhtiyaç+Taşıt+Konut) (TL, Stok,%)",avg,34.67
bie_kt210a,2023-12,TP.BKR.TRY.KTFTUK01,"Tüketici Kredisi (KMH Dahil) (TL Üzerinden Açılan) (İhtiyaç+Taşıt+Konut) (Stok,%)",avg,38.17
bie_kt210a,2024-01,TP.BKR.TRY.KTF10,"İhtiyaç Kredisi (TL, Stok, %)",avg,46.46
bie_kt210a,2024-01,TP.BKR.TRY.KTF101,"İhtiyaç Kredisi (KMH Dahil) (TL, Stok, %)",avg,49.67
bie_kt210a,2024-01,TP.BKR.TRY.17,"Taşıt Kredisi (TL, Stok, %)",avg,29.12
bie_kt210a,2024-01,TP.BKR.TRY.18,"Konut Kredisi (TL, Stok, %)",avg,17.97
bie_kt210a,2024-01,TP.BKR.TRY.1,"Ticari Krediler (TL, Stok, %)",avg,42.53
bie_kt210a,2024-01,TP.BKR.EUR.1,"Ticari Krediler (Euro, Stok, %)",avg,7.52
bie_kt210a,2024-01,TP.BKR.USD.1,"Ticari Krediler (ABD doları, Stok, %)",avg,9.34
bie_kt210a,2024-01,TP.BKR.TRY.KTF18,"Ticari Krediler (Tüzel Kişi KMH ve Kurumsal Kredi Kartları Hariç) (TL, Stok,%)",avg,41.77
bie_kt210a,2024-01,TP.BKR.TRY.KTFTUK,"Tüketici Kredisi (İhtiyaç+Taşıt+Konut) (TL, Stok,%)",avg,36.61
bie_kt210a,2024-01,TP.BKR.TRY.KTFTUK01,"Tüketici Kredisi (KMH Dahil) (TL Üzerinden Açılan) (İhtiyaç+Taşıt+Konut) (Stok,%)",avg,40.01
bie_kt210a,2024-02,TP.BKR.TRY.KTF10,"İhtiyaç Kredisi (TL, Stok, %)",avg,48.65
bie_kt210a,2024-02,TP.BKR.TRY.KTF101,"İhtiyaç Kredisi (KMH Dahil) (TL, Stok, %)",avg,51.51
bie_kt210a,2024-02,TP.BKR.TRY.17,"Taşıt Kredisi (TL, Stok, %)",avg,29.85
bie_kt210a,2024-02,TP.BKR.TRY.18,"Konut Kredisi (TL, Stok, %)",avg,18.41
bie_kt210a,2024-02,TP.BKR.TRY.1,"Ticari Krediler (TL, Stok, %)",avg,44.09
bie_kt210a,2024-02,TP.BKR.EUR.1,"Ticari Krediler (Euro, Stok, %)",avg,7.52
bie_kt210a,2024-02,TP.BKR.USD.1,"Ticari Krediler (ABD doları, Stok, %)",avg,9.22
bie_kt210a,2024-02,TP.BKR.TRY.KTF18,"Ticari Krediler (Tüzel Kişi KMH ve Kurumsal Kredi Kartları Hariç) (TL, Stok,%)",avg,43.43
bie_kt210a,2024-02,TP.BKR.TRY.KTFTUK,"Tüketici Kredisi (İhtiyaç+Taşıt+Konut) (TL, Stok,%)",avg,38.43
bie_kt210a,2024-02,TP.BKR.TRY.KTFTUK01,"Tüketici Kredisi (KMH Dahil) (TL Üzerinden Açılan) (İhtiyaç+Taşıt+Konut) (Stok,%)",avg,41.69
bie_kt210a,2024-03,TP.BKR.TRY.KTF10,"İhtiyaç Kredisi (TL, Stok, %)",avg,51.82
bie_kt210a,2024-03,TP.BKR.TRY.KTF101,"İhtiyaç Kredisi (KMH Dahil) (TL, Stok, %)",avg,54.13
bie_kt210a,2024-03,TP.BKR.TRY.17,"Taşıt Kredisi (TL, Stok, %)",avg,30.43
bie_kt210a,2024-03,TP.BKR.TRY.18,"Konut Kredisi (TL, Stok, %)",avg,19.08
bie_kt210a,2024-03,TP.BKR.TRY.1,"Ticari Krediler (TL, Stok, %)",avg,47.9
bie_kt210a,2024-03,TP.BKR.EUR.1,"Ticari Krediler (Euro, Stok, %)",avg,7.47
bie_kt210a,2024-03,TP.BKR.USD.1,"Ticari Krediler (ABD doları, Stok, %)",avg,9.11
bie_kt210a,2024-03,TP.BKR.TRY.KTF18,"Ticari Krediler (Tüzel Kişi KMH ve Kurumsal Kredi Kartları Hariç) (TL, Stok,%)",avg,47.09
bie_kt210a,2024-03,TP.BKR.TRY.KTFTUK,"Tüketici Kredisi (İhtiyaç+Taşıt+Konut) (TL, Stok,%)",avg,40.72
bie_kt210a,2024-03,TP.BKR.TRY.KTFTUK01,"Tüketici Kredisi (KMH Dahil) (TL Üzerinden Açılan) (İhtiyaç+Taşıt+Konut) (Stok,%)",avg,43.9
bie_kt210a,2024-04,TP.BKR.TRY.KTF10,"İhtiyaç Kredisi (TL, Stok, %)",avg,55.56
bie_kt210a,2024-04,TP.BKR.TRY.KTF101,"İhtiyaç Kredisi (KMH Dahil) (TL, Stok, %)",avg,59.6
bie_kt210a,2024-04,TP.BKR.TRY.17,"Taşıt Kredisi (TL, Stok, %)",avg,30.04
bie_kt210a,2024-04,TP.BKR.TRY.18,"Konut Kredisi (TL, Stok, %)",avg,19.48
bie_kt210a,2024-04,TP.BKR.TRY.1,"Ticari Krediler (TL, Stok, %)",avg,49.86
bie_kt210a,2024-04,TP.BKR.EUR.1,"Ticari Krediler (Euro, Stok, %)",avg,7.4
bie_kt210a,2024-04,TP.BKR.USD.1,"Ticari Krediler (ABD doları, Stok, %)",avg,9.02
bie_kt210a,2024-04,TP.BKR.TRY.KTF18,"Ticari Krediler (Tüzel Kişi KMH ve Kurumsal Kredi Kartları Hariç) (TL, Stok,%)",avg,48.91
bie_kt210a,2024-04,TP.BKR.TRY.KTFTUK,"Tüketici Kredisi (İhtiyaç+Taşıt+Konut) (TL, Stok,%)",avg,43.24
bie_kt210a,2024-04,TP.BKR.TRY.KTFTUK01,"Tüketici Kredisi (KMH Dahil) (TL Üzerinden Açılan) (İhtiyaç+Taşıt+Konut) (Stok,%)",avg,47.97
bie_kt210a,2024-05,TP.BKR.TRY.KTF10,"İhtiyaç Kredisi (TL, Stok, %)",avg,58.56
bie_kt210a,2024-05,TP.BKR.TRY.KTF101,"İhtiyaç Kredisi (KMH Dahil) (TL, Stok, %)",avg,61.93
bie_kt210a,2024-05,TP.BKR.TRY.17,"Taşıt Kredisi (TL, Stok, %)",avg,30.84
bie_kt210a,2024-05,TP.BKR.TRY.18,"Konut Kredisi (TL, Stok, %)",avg,20.03
bie_kt210a,2024-05,TP.BKR.TRY.1,"Ticari Krediler (TL, Stok, %)",avg,50.89
bie_kt210a,2024-05,TP.BKR.EUR.1,"Ticari Krediler (Euro, Stok, %)",avg,7.34
bie_kt210a,2024-05,TP.BKR.USD.1,"Ticari Krediler (ABD doları, Stok, %)",avg,8.93
bie_kt210a,2024-05,TP.BKR.TRY.KTF18,"Ticari Krediler (Tüzel Kişi KMH ve Kurumsal Kredi Kartları Hariç) (TL, Stok,%)",avg,49.97
bie_kt210a,2024-05,TP.BKR.TRY.KTFTUK,"Tüketici Kredisi (İhtiyaç+Taşıt+Konut) (TL, Stok,%)",avg,45.42
bie_kt210a,2024-05,TP.BKR.TRY.KTFTUK01,"Tüketici Kredisi (KMH Dahil) (TL Üzerinden Açılan) (İhtiyaç+Taşıt+Konut) (Stok,%)",avg,49.97
bie_kt210a,2024-06,TP.BKR.TRY.KTF10,"İhtiyaç Kredisi (TL, Stok, %)",avg,60.86
bie_kt210a,2024-06,TP.BKR.TRY.KTF101,"İhtiyaç Kredisi (KMH Dahil) (TL, Stok, %)",avg,63.94
bie_kt210a,2024-06,TP.BKR.TRY.17,"Taşıt Kredisi (TL, Stok, %)",avg,29.45
bie_kt210a,2024-06,TP.BKR.TRY.18,"Konut Kredisi (TL, Stok, %)",avg,20.38
bie_kt210a,2024-06,TP.BKR.TRY.1,"Ticari Krediler (TL, Stok, %)",avg,51.43
bie_kt210a,2024-06,TP.BKR.EUR.1,"Ticari Krediler (Euro, Stok, %)",avg,7.32
bie_kt210a,2024-06,TP.BKR.USD.1,"Ticari Krediler (ABD doları, Stok, %)",avg,8.9
bie_kt210a,2024-06,TP.BKR.TRY.KTF18,"Ticari Krediler (Tüzel Kişi KMH ve Kurumsal Kredi Kartları Hariç) (TL, Stok,%)",avg,50.51
bie_kt210a,2024-06,TP.BKR.TRY.KTFTUK,"Tüketici Kredisi (İhtiyaç+Taşıt+Konut) (TL, Stok,%)",avg,47.12
bie_kt210a,2024-06,TP.BKR.TRY.KTFTUK01,"Tüketici Kredisi (KMH Dahil) (TL Üzerinden Açılan) (İhtiyaç+Taşıt+Konut) (Stok,%)",avg,51.77
bie_kt210a,2024-07,TP.BKR.TRY.KTF10,"İhtiyaç Kredisi (TL, Stok, %)",avg,63.12
bie_kt210a,2024-07,TP.BKR.TRY.KTF101,"İhtiyaç Kredisi (KMH Dahil) (TL, Stok, %)",avg,65.94
bie_kt210a,2024-07,TP.BKR.TRY.17,"Taşıt Kredisi (TL, Stok, %)",avg,29.98
bie_kt210a,2024-07,TP.BKR.TRY.18,"Konut Kredisi (TL, Stok, %)",avg,20.96
bie_kt210a,2024-07,TP.BKR.TRY.1,"Ticari Krediler (TL, Stok, %)",avg,51.57
bie_kt210a,2024-07,TP.BKR.EUR.1,"Ticari Krediler (Euro, Stok, %)",avg,7.28
bie_kt210a,2024-07,TP.BKR.USD.1,"Ticari Krediler (ABD doları, Stok, %)",avg,8.85
bie_kt210a,2024-07,TP.BKR.TRY.KTF18,"Ticari Krediler (Tüzel Kişi KMH ve Kurumsal Kredi Kartları Hariç) (TL, Stok,%)",avg,50.61
bie_kt210a,2024-07,TP.BKR.TRY.KTFTUK,"Tüketici Kredisi (İhtiyaç+Taşıt+Konut) (TL, Stok,%)",avg,48.89
bie_kt210a,2024-07,TP.BKR.TRY.KTFTUK01,"Tüketici Kredisi (KMH Dahil) (TL Üzerinden Açılan) (İhtiyaç+Taşıt+Konut) (Stok,%)",avg,53.58
bie_kt210a,2024-08,TP.BKR.TRY.KTF10,"İhtiyaç Kredisi (TL, Stok, %)",avg,64.92
bie_kt210a,2024-08,TP.BKR.TRY.KTF101,"İhtiyaç Kredisi (KMH Dahil) (TL, Stok, %)",avg,67.39
bie_kt210a,2024-08,TP.BKR.TRY.17,"Taşıt Kredisi (TL, Stok, %)",avg,30.5
bie_kt210a,2024-08,TP.BKR.TRY.18,"Konut Kredisi (TL, Stok, %)",avg,21.61
bie_kt210a,2024-08,TP.BKR.TRY.1,"Ticari Krediler (TL, Stok, %)",avg,51.74
bie_kt210a,2024-08,TP.BKR.EUR.1,"Ticari Krediler (Euro, Stok, %)",avg,7.23
bie_kt210a,2024-08,TP.BKR.USD.1,"Ticari Krediler (ABD doları, Stok, %)",avg,8.78
bie_kt210a,2024-08,TP.BKR.TRY.KTF18,"Ticari Krediler (Tüzel Kişi KMH ve Kurumsal Kredi Kartları Hariç) (TL, Stok,%)",avg,50.84
bie_kt210a,2024-08,TP.BKR.TRY.KTFTUK,"Tüketici Kredisi (İhtiyaç+Taşıt+Konut) (TL, Stok,%)",avg,50.38
bie_kt210a,2024-08,TP.BKR.TRY.KTFTUK01,"Tüketici Kredisi (KMH Dahil) (TL Üzerinden Açılan) (İhtiyaç+Taşıt+Konut) (Stok,%)",avg,55.03
bie_kt210a,2024-09,TP.BKR.TRY.KTF10,"İhtiyaç Kredisi (TL, Stok, %)",avg,65.96
bie_kt210a,2024-09,TP.BKR.TRY.KTF101,"İhtiyaç Kredisi (KMH Dahil) (TL, Stok, %)",avg,68.21
bie_kt210a,2024-09,TP.BKR.TRY.17,"Taşıt Kredisi (TL, Stok, %)",avg,30.86
bie_kt210a,2024-09,TP.BKR.TRY.18,"Konut Kredisi (TL, Stok, %)",avg,22.39
bie_kt210a,2024-09,TP.BKR.TRY.1,"Ticari Krediler (TL, Stok, %)",avg,51.94
bie_kt210a,2024-09,TP.BKR.EUR.1,"Ticari Krediler (Euro, Stok, %)",avg,7.18
bie_kt210a,2024-09,TP.BKR.USD.1,"Ticari Krediler (ABD doları, Stok, %)",avg,8.72
bie_kt210a,2024-09,TP.BKR.TRY.KTF18,"Ticari Krediler (Tüzel Kişi KMH ve Kurumsal Kredi Kartları Hariç) (TL, Stok,%)",avg,50.97
bie_kt210a,2024-09,TP.BKR.TRY.KTFTUK,"Tüketici Kredisi (İhtiyaç+Taşıt+Konut) (TL, Stok,%)",avg,51.26
bie_kt210a,2024-09,TP.BKR.TRY.KTFTUK01,"Tüketici Kredisi (KMH Dahil) (TL Üzerinden Açılan) (İhtiyaç+Taşıt+Konut) (Stok,%)",avg,55.96
bie_kt210a,2024-10,TP.BKR.TRY.KTF10,"İhtiyaç Kredisi (TL, Stok, %)",avg,66.69
bie_kt210a,2024-10,TP.BKR.TRY.KTF101,"İhtiyaç Kredisi (KMH Dahil) (TL, Stok, %)",avg,68.76
bie_kt210a,2024-10,TP.BKR.TRY.17,"Taşıt Kredisi (TL, Stok, %)",avg,31.23
bie_kt210a,2024-10,TP.BKR.TRY.18,"Konut Kredisi (TL, Stok, %)",avg,23.35
bie_kt210a,2024-10,TP.BKR.TRY.1,"Ticari Krediler (TL, Stok, %)",avg,51.9
bie_kt210a,2024-10,TP.BKR.EUR.1,"Ticari Krediler (Euro, Stok, %)",avg,7.1
bie_kt210a,2024-10,TP.BKR.USD.1,"Ticari Krediler (ABD doları, Stok, %)",avg,8.58
bie_kt210a,2024-10,TP.BKR.TRY.KTF18,"Ticari Krediler (Tüzel Kişi KMH ve Kurumsal Kredi Kartları Hariç) (TL, Stok,%)",avg,50.9
bie_kt210a,2024-10,TP.BKR.TRY.KTFTUK,"Tüketici Kredisi (İhtiyaç+Taşıt+Konut) (TL, Stok,%)",avg,51.95
bie_kt210a,2024-10,TP.BKR.TRY.KTFTUK01,"Tüketici Kredisi (KMH Dahil) (TL Üzerinden Açılan) (İhtiyaç+Taşıt+Konut) (Stok,%)",avg,56.62
bie_kt210a,2024-11,TP.BKR.TRY.KTF10,"İhtiyaç Kredisi (TL, Stok, %)",avg,67.31
bie_kt210a,2024-11,TP.BKR.TRY.KTF101,"İhtiyaç Kredisi (KMH Dahil) (TL, Stok, %)",avg,69.11
bie_kt210a,2024-11,TP.BKR.TRY.17,"Taşıt Kredisi (TL, Stok, %)",avg,31.58
bie_kt210a,2024-11,TP.BKR.TRY.18,"Konut Kredisi (TL, Stok, %)",avg,24.24
bie_kt210a,2024-11,TP.BKR.TRY.1,"Ticari Krediler (TL, Stok, %)",avg,51.97
bie_kt210a,2024-11,TP.BKR.EUR.1,"Ticari Krediler (Euro, Stok, %)",avg,6.99
bie_kt210a,2024-11,TP.BKR.USD.1,"Ticari Krediler (ABD doları, Stok, %)",avg,8.43
bie_kt210a,2024-11,TP.BKR.TRY.KTF18,"Ticari Krediler (Tüzel Kişi KMH ve Kurumsal Kredi Kartları Hariç) (TL, Stok,%)",avg,50.8
bie_kt210a,2024-11,TP.BKR.TRY.KTFTUK,"Tüketici Kredisi (İhtiyaç+Taşıt+Konut) (TL, Stok,%)",avg,52.54
bie_kt210a,2024-11,TP.BKR.TRY.KTFTUK01,"Tüketici Kredisi (KMH Dahil) (TL Üzerinden Açılan) (İhtiyaç+Taşıt+Konut) (Stok,%)",avg,57.11
bie_kt210a,2024-12,TP.BKR.TRY.KTF10,"İhtiyaç Kredisi (TL, Stok, %)",avg,67.71
bie_kt210a,2024-12,TP.BKR.TRY.KTF101,"İhtiyaç Kredisi (KMH Dahil) (TL, Stok, %)",avg,69.27
bie_kt210a,2024-12,TP.BKR.TRY.17,"Taşıt Kredisi (TL, Stok, %)",avg,31.45
bie_kt210a,2024-12,TP.BKR.TRY.18,"Konut Kredisi (TL, Stok, %)",avg,25.1
bie_kt210a,2024-12,TP.BKR.TRY.1,"Ticari Krediler (TL, Stok, %)",avg,51.02
bie_kt210a,2024-12,TP.BKR.EUR.1,"Ticari Krediler (Euro, Stok, %)",avg,6.84
bie_kt210a,2024-12,TP.BKR.USD.1,"Ticari Krediler (ABD doları, Stok, %)",avg,8.28
bie_kt210a,2024-12,TP.BKR.TRY.KTF18,"Ticari Krediler (Tüzel Kişi KMH ve Kurumsal Kredi Kartları Hariç) (TL, Stok,%)",avg,49.77
bie_kt210a,2024-12,TP.BKR.TRY.KTFTUK,"Tüketici Kredisi (İhtiyaç+Taşıt+Konut) (TL, Stok,%)",avg,52.98
bie_kt210a,2024-12,TP.BKR.TRY.KTFTUK01,"Tüketici Kredisi (KMH Dahil) (TL Üzerinden Açılan) (İhtiyaç+Taşıt+Konut) (Stok,%)",avg,57.54
bie_kt210a,2025-01,TP.BKR.TRY.KTF10,"İhtiyaç Kredisi (TL, Stok, %)",avg,67.76
bie_kt210a,2025-01,TP.BKR.TRY.KTF101,"İhtiyaç Kredisi (KMH Dahil) (TL, Stok, %)",avg,69.26
bie_kt210a,2025-01,TP.BKR.TRY.17,"Taşıt Kredisi (TL, Stok, %)",avg,31.07
bie_kt210a,2025-01,TP.BKR.TRY.18,"Konut Kredisi (TL, Stok, %)",avg,25.72
bie_kt210a,2025-01,TP.BKR.TRY.1,"Ticari Krediler (TL, Stok, %)",avg,50.3
bie_kt210a,2025-01,TP.BKR.EUR.1,"Ticari Krediler (Euro, Stok, %)",avg,6.76
bie_kt210a,2025-01,TP.BKR.USD.1,"Ticari Krediler (ABD doları, Stok, %)",avg,8.16
bie_kt210a,2025-01,TP.BKR.TRY.KTF18,"Ticari Krediler (Tüzel Kişi KMH ve Kurumsal Kredi Kartları Hariç) (TL, Stok,%)",avg,48.96
bie_kt210a,2025-01,TP.BKR.TRY.KTFTUK,"Tüketici Kredisi (İhtiyaç+Taşıt+Konut) (TL, Stok,%)",avg,53.17
bie_kt210a,2025-01,TP.BKR.TRY.KTFTUK01,"Tüketici Kredisi (KMH Dahil) (TL Üzerinden Açılan) (İhtiyaç+Taşıt+Konut) (Stok,%)",avg,57.73
bie_kt210a,2025-02,TP.BKR.TRY.KTF10,"İhtiyaç Kredisi (TL, Stok, %)",avg,68.77
bie_kt210a,2025-02,TP.BKR.TRY.KTF101,"İhtiyaç Kredisi (KMH Dahil) (TL, Stok, %)",avg,69.76
bie_kt210a,2025-02,TP.BKR.TRY.17,"Taşıt Kredisi (TL, Stok, %)",avg,33.16
bie_kt210a,2025-02,TP.BKR.TRY.18,"Konut Kredisi (TL, Stok, %)",avg,26.26
bie_kt210a,2025-02,TP.BKR.TRY.1,"Ticari Krediler (TL, Stok, %)",avg,50.44
bie_kt210a,2025-02,TP.BKR.EUR.1,"Ticari Krediler (Euro, Stok, %)",avg,6.72
bie_kt210a,2025-02,TP.BKR.USD.1,"Ticari Krediler (ABD doları, Stok, %)",avg,8.11
bie_kt210a,2025-02,TP.BKR.TRY.KTF18,"Ticari Krediler (Tüzel Kişi KMH ve Kurumsal Kredi Kartları Hariç) (TL, Stok,%)",avg,49.12
bie_kt210a,2025-02,TP.BKR.TRY.KTFTUK,"Tüketici Kredisi (İhtiyaç+Taşıt+Konut) (TL, Stok,%)",avg,54.15
bie_kt210a,2025-02,TP.BKR.TRY.KTFTUK01,"Tüketici Kredisi (KMH Dahil) (TL Üzerinden Açılan) (İhtiyaç+Taşıt+Konut) (Stok,%)",avg,58.41
bie_kt210a,2025-03,TP.BKR.TRY.KTF10,"İhtiyaç Kredisi (TL, Stok, %)",avg,68.33
bie_kt210a,2025-03,TP.BKR.TRY.KTF101,"İhtiyaç Kredisi (KMH Dahil) (TL, Stok, %)",avg,69.14
bie_kt210a,2025-03,TP.BKR.TRY.17,"Taşıt Kredisi (TL, Stok, %)",avg,33.23
bie_kt210a,2025-03,TP.BKR.TRY.18,"Konut Kredisi (TL, Stok, %)",avg,26.75
bie_kt210a,2025-03,TP.BKR.TRY.1,"Ticari Krediler (TL, Stok, %)",avg,50.26
bie_kt210a,2025-03,TP.BKR.EUR.1,"Ticari Krediler (Euro, Stok, %)",avg,6.71
bie_kt210a,2025-03,TP.BKR.USD.1,"Ticari Krediler (ABD doları, Stok, %)",avg,8.08
bie_kt210a,2025-03,TP.BKR.TRY.KTF18,"Ticari Krediler (Tüzel Kişi KMH ve Kurumsal Kredi Kartları Hariç) (TL, Stok,%)",avg,48.95
bie_kt210a,2025-03,TP.BKR.TRY.KTFTUK,"Tüketici Kredisi (İhtiyaç+Taşıt+Konut) (TL, Stok,%)",avg,54.06
bie_kt210a,2025-03,TP.BKR.TRY.KTFTUK01,"Tüketici Kredisi (KMH Dahil) (TL Üzerinden Açılan) (İhtiyaç+Taşıt+Konut) (Stok,%)",avg,58.16
bie_kt210a,2025-04,TP.BKR.TRY.KTF10,"İhtiyaç Kredisi (TL, Stok, %)",avg,69.1
bie_kt210a,2025-04,TP.BKR.TRY.KTF101,"İhtiyaç Kredisi (KMH Dahil) (TL, Stok, %)",avg,69.98
bie_kt210a,2025-04,TP.BKR.TRY.17,"Taşıt Kredisi (TL, Stok, %)",avg,33.83
bie_kt210a,2025-04,TP.BKR.TRY.18,"Konut Kredisi (TL, Stok, %)",avg,27.24
bie_kt210a,2025-04,TP.BKR.TRY.1,"Ticari Krediler (TL, Stok, %)",avg,51.15
bie_kt210a,2025-04,TP.BKR.EUR.1,"Ticari Krediler (Euro, Stok, %)",avg,6.68
bie_kt210a,2025-04,TP.BKR.USD.1,"Ticari Krediler (ABD doları, Stok, %)",avg,8.1
bie_kt210a,2025-04,TP.BKR.TRY.KTF18,"Ticari Krediler (Tüzel Kişi KMH ve Kurumsal Kredi Kartları Hariç) (TL, Stok,%)",avg,49.79
bie_kt210a,2025-04,TP.BKR.TRY.KTFTUK,"Tüketici Kredisi (İhtiyaç+Taşıt+Konut) (TL, Stok,%)",avg,54.8
bie_kt210a,2025-04,TP.BKR.TRY.KTFTUK01,"Tüketici Kredisi (KMH Dahil) (TL Üzerinden Açılan) (İhtiyaç+Taşıt+Konut) (Stok,%)",avg,59.12
bie_kt210a,2025-05,TP.BKR.TRY.KTF10,"İhtiyaç Kredisi (TL, Stok, %)",avg,70.02
bie_kt210a,2025-05,TP.BKR.TRY.KTF101,"İhtiyaç Kredisi (KMH Dahil) (TL, Stok, %)",avg,70.62
bie_kt210a,2025-05,TP.BKR.TRY.17,"Taşıt Kredisi (TL, Stok, %)",avg,34.25
bie_kt210a,2025-05,TP.BKR.TRY.18,"Konut Kredisi (TL, Stok, %)",avg,27.86
bie_kt210a,2025-05,TP.BKR.TRY.1,"Ticari Krediler (TL, Stok, %)",avg,51.74
bie_kt210a,2025-05,TP.BKR.EUR.1,"Ticari Krediler (Euro, Stok, %)",avg,6.71
bie_kt210a,2025-05,TP.BKR.USD.1,"Ticari Krediler (ABD doları, Stok, %)",avg,8.02
bie_kt210a,2025-05,TP.BKR.TRY.KTF18,"Ticari Krediler (Tüzel Kişi KMH ve Kurumsal Kredi Kartları Hariç) (TL, Stok,%)",avg,50.4
bie_kt210a,2025-05,TP.BKR.TRY.KTFTUK,"Tüketici Kredisi (İhtiyaç+Taşıt+Konut) (TL, Stok,%)",avg,55.73
bie_kt210a,2025-05,TP.BKR.TRY.KTFTUK01,"Tüketici Kredisi (KMH Dahil) (TL Üzerinden Açılan) (İhtiyaç+Taşıt+Konut) (Stok,%)",avg,59.88
bie_kt210a,2025-06,TP.BKR.TRY.KTF10,"İhtiyaç Kredisi (TL, Stok, %)",avg,70.47
bie_kt210a,2025-06,TP.BKR.TRY.KTF101,"İhtiyaç Kredisi (KMH Dahil) (TL, Stok, %)",avg,71.07
bie_kt210a,2025-06,TP.BKR.TRY.17,"Taşıt Kredisi (TL, Stok, %)",avg,34.68
bie_kt210a,2025-06,TP.BKR.TRY.18,"Konut Kredisi (TL, Stok, %)",avg,28.35
bie_kt210a,2025-06,TP.BKR.TRY.1,"Ticari Krediler (TL, Stok, %)",avg,51.97
bie_kt210a,2025-06,TP.BKR.EUR.1,"Ticari Krediler (Euro, Stok, %)",avg,6.62
bie_kt210a,2025-06,TP.BKR.USD.1,"Ticari Krediler (ABD doları, Stok, %)",avg,8.02
bie_kt210a,2025-06,TP.BKR.TRY.KTF18,"Ticari Krediler (Tüzel Kişi KMH ve Kurumsal Kredi Kartları Hariç) (TL, Stok,%)",avg,50.58
bie_kt210a,2025-06,TP.BKR.TRY.KTFTUK,"Tüketici Kredisi (İhtiyaç+Taşıt+Konut) (TL, Stok,%)",avg,56.37
bie_kt210a,2025-06,TP.BKR.TRY.KTFTUK01,"Tüketici Kredisi (KMH Dahil) (TL Üzerinden Açılan) (İhtiyaç+Taşıt+Konut) (Stok,%)",avg,60.58
bie_kt210a,2025-07,TP.BKR.TRY.KTF10,"İhtiyaç Kredisi (TL, Stok, %)",avg,70.17
bie_kt210a,2025-07,TP.BKR.TRY.KTF101,"İhtiyaç Kredisi (KMH Dahil) (TL, Stok, %)",avg,70.86
bie_kt210a,2025-07,TP.BKR.TRY.17,"Taşıt Kredisi (TL, Stok, %)",avg,34.74
bie_kt210a,2025-07,TP.BKR.TRY.18,"Konut Kredisi (TL, Stok, %)",avg,28.89
bie_kt210a,2025-07,TP.BKR.TRY.1,"Ticari Krediler (TL, Stok, %)",avg,51.05
bie_kt210a,2025-07,TP.BKR.EUR.1,"Ticari Krediler (Euro, Stok, %)",avg,6.59
bie_kt210a,2025-07,TP.BKR.USD.1,"Ticari Krediler (ABD doları, Stok, %)",avg,8.03
bie_kt210a,2025-07,TP.BKR.TRY.KTF18,"Ticari Krediler (Tüzel Kişi KMH ve Kurumsal Kredi Kartları Hariç) (TL, Stok,%)",avg,49.66
bie_kt210a,2025-07,TP.BKR.TRY.KTFTUK,"Tüketici Kredisi (İhtiyaç+Taşıt+Konut) (TL, Stok,%)",avg,56.5
bie_kt210a,2025-07,TP.BKR.TRY.KTFTUK01,"Tüketici Kredisi (KMH Dahil) (TL Üzerinden Açılan) (İhtiyaç+Taşıt+Konut) (Stok,%)",avg,60.63
bie_kt210a,2025-08,TP.BKR.TRY.KTF10,"İhtiyaç Kredisi (TL, Stok, %)",avg,69.49
bie_kt210a,2025-08,TP.BKR.TRY.KTF101,"İhtiyaç Kredisi (KMH Dahil) (TL, Stok, %)",avg,69.17
bie_kt210a,2025-08,TP.BKR.TRY.17,"Taşıt Kredisi (TL, Stok, %)",avg,34.79
bie_kt210a,2025-08,TP.BKR.TRY.18,"Konut Kredisi (TL, Stok, %)",avg,29.37
bie_kt210a,2025-08,TP.BKR.TRY.1,"Ticari Krediler (TL, Stok, %)",avg,50.08
bie_kt210a,2025-08,TP.BKR.EUR.1,"Ticari Krediler (Euro, Stok, %)",avg,6.53
bie_kt210a,2025-08,TP.BKR.USD.1,"Ticari Krediler (ABD doları, Stok, %)",avg,8.02
bie_kt210a,2025-08,TP.BKR.TRY.KTF18,"Ticari Krediler (Tüzel Kişi KMH ve Kurumsal Kredi Kartları Hariç) (TL, Stok,%)",avg,48.93
bie_kt210a,2025-08,TP.BKR.TRY.KTFTUK,"Tüketici Kredisi (İhtiyaç+Taşıt+Konut) (TL, Stok,%)",avg,56.28
bie_kt210a,2025-08,TP.BKR.TRY.KTFTUK01,"Tüketici Kredisi (KMH Dahil) (TL Üzerinden Açılan) (İhtiyaç+Taşıt+Konut) (Stok,%)",avg,59.56
bie_kt210a,2025-09,TP.BKR.TRY.KTF10,"İhtiyaç Kredisi (TL, Stok, %)",avg,68.25
bie_kt210a,2025-09,TP.BKR.TRY.KTF101,"İhtiyaç Kredisi (KMH Dahil) (TL, Stok, %)",avg,67.97
bie_kt210a,2025-09,TP.BKR.TRY.17,"Taşıt Kredisi (TL, Stok, %)",avg,35.16
bie_kt210a,2025-09,TP.BKR.TRY.18,"Konut Kredisi (TL, Stok, %)",avg,29.77
bie_kt210a,2025-09,TP.BKR.TRY.1,"Ticari Krediler (TL, Stok, %)",avg,49.2
bie_kt210a,2025-09,TP.BKR.EUR.1,"Ticari Krediler (Euro, Stok, %)",avg,6.49
bie_kt210a,2025-09,TP.BKR.USD.1,"Ticari Krediler (ABD doları, Stok, %)",avg,7.97
bie_kt210a,2025-09,TP.BKR.TRY.KTF18,"Ticari Krediler (Tüzel Kişi KMH ve Kurumsal Kredi Kartları Hariç) (TL, Stok,%)",avg,47.99
bie_kt210a,2025-09,TP.BKR.TRY.KTFTUK,"Tüketici Kredisi (İhtiyaç+Taşıt+Konut) (TL, Stok,%)",avg,55.8
bie_kt210a,2025-09,TP.BKR.TRY.KTFTUK01,"Tüketici Kredisi (KMH Dahil) (TL Üzerinden Açılan) (İhtiyaç+Taşıt+Konut) (Stok,%)",avg,58.92
bie_kt210a,2025-10,TP.BKR.TRY.KTF10,"İhtiyaç Kredisi (TL, Stok, %)",avg,67.32
bie_kt210a,2025-10,TP.BKR.TRY.KTF101,"İhtiyaç Kredisi (KMH Dahil) (TL, Stok, %)",avg,66.44
bie_kt210a,2025-10,TP.BKR.TRY.17,"Taşıt Kredisi (TL, Stok, %)",avg,35.0
bie_kt210a,2025-10,TP.BKR.TRY.18,"Konut Kredisi (TL, Stok, %)",avg,30.15
bie_kt210a,2025-10,TP.BKR.TRY.1,"Ticari Krediler (TL, Stok, %)",avg,48.36
bie_kt210a,2025-10,TP.BKR.EUR.1,"Ticari Krediler (Euro, Stok, %)",avg,6.45
bie_kt210a,2025-10,TP.BKR.USD.1,"Ticari Krediler (ABD doları, Stok, %)",avg,7.87
bie_kt210a,2025-10,TP.BKR.TRY.KTF18,"Ticari Krediler (Tüzel Kişi KMH ve Kurumsal Kredi Kartları Hariç) (TL, Stok,%)",avg,47.19
bie_kt210a,2025-10,TP.BKR.TRY.KTFTUK,"Tüketici Kredisi (İhtiyaç+Taşıt+Konut) (TL, Stok,%)",avg,55.29
bie_kt210a,2025-10,TP.BKR.TRY.KTFTUK01,"Tüketici Kredisi (KMH Dahil) (TL Üzerinden Açılan) (İhtiyaç+Taşıt+Konut) (Stok,%)",avg,57.88
bie_kt210a,2025-11,TP.BKR.TRY.KTF10,"İhtiyaç Kredisi (TL, Stok, %)",avg,66.51
bie_kt210a,2025-11,TP.BKR.TRY.KTF101,"İhtiyaç Kredisi (KMH Dahil) (TL, Stok, %)",avg,65.82
bie_kt210a,2025-11,TP.BKR.TRY.17,"Taşıt Kredisi (TL, Stok, %)",avg,34.51
bie_kt210a,2025-11,TP.BKR.TRY.18,"Konut Kredisi (TL, Stok, %)",avg,30.48
bie_kt210a,2025-11,TP.BKR.TRY.1,"Ticari Krediler (TL, Stok, %)",avg,47.63
bie_kt210a,2025-11,TP.BKR.EUR.1,"Ticari Krediler (Euro, Stok, %)",avg,6.7
bie_kt210a,2025-11,TP.BKR.USD.1,"Ticari Krediler (ABD doları, Stok, %)",avg,7.8
bie_kt210a,2025-11,TP.BKR.TRY.KTF18,"Ticari Krediler (Tüzel Kişi KMH ve Kurumsal Kredi Kartları Hariç) (TL, Stok,%)",avg,46.47
bie_kt210a,2025-11,TP.BKR.TRY.KTFTUK,"Tüketici Kredisi (İhtiyaç+Taşıt+Konut) (TL, Stok,%)",avg,54.94
bie_kt210a,2025-11,TP.BKR.TRY.KTFTUK01,"Tüketici Kredisi (KMH Dahil) (TL Üzerinden Açılan) (İhtiyaç+Taşıt+Konut) (Stok,%)",avg,57.56
bie_kt210a,2025-12,TP.BKR.TRY.KTF10,"İhtiyaç Kredisi (TL, Stok, %)",avg,64.29
bie_kt210a,2025-12,TP.BKR.TRY.KTF101,"İhtiyaç Kredisi (KMH Dahil) (TL, Stok, %)",avg,63.56
bie_kt210a,2025-12,TP.BKR.TRY.17,"Taşıt Kredisi (TL, Stok, %)",avg,33.78
bie_kt210a,2025-12,TP.BKR.TRY.18,"Konut Kredisi (TL, Stok, %)",avg,30.81
bie_kt210a,2025-12,TP.BKR.TRY.1,"Ticari Krediler (TL, Stok, %)",avg,46.77
bie_kt210a,2025-12,TP.BKR.EUR.1,"Ticari Krediler (Euro, Stok, %)",avg,6.39
bie_kt210a,2025-12,TP.BKR.USD.1,"Ticari Krediler (ABD doları, Stok, %)",avg,7.7
bie_kt210a,2025-12,TP.BKR.TRY.KTF18,"Ticari Krediler (Tüzel Kişi KMH ve Kurumsal Kredi Kartları Hariç) (TL, Stok,%)",avg,45.6
bie_kt210a,2025-12,TP.BKR.TRY.KTFTUK,"Tüketici Kredisi (İhtiyaç+Taşıt+Konut) (TL, Stok,%)",avg,53.78
bie_kt210a,2025-12,TP.BKR.TRY.KTFTUK01,"Tüketici Kredisi (KMH Dahil) (TL Üzerinden Açılan) (İhtiyaç+Taşıt+Konut) (Stok,%)",avg,56.06
bie_kt210a,2026-01,TP.BKR.TRY.KTF10,"İhtiyaç Kredisi (TL, Stok, %)",avg,63.98
bie_kt210a,2026-01,TP.BKR.TRY.KTF101,"İhtiyaç Kredisi (KMH Dahil) (TL, Stok, %)",avg,62.8
bie_kt210a,2026-01,TP.BKR.TRY.17,"Taşıt Kredisi (TL, Stok, %)",avg,33.59
bie_kt210a,2026-01,TP.BKR.TRY.18,"Konut Kredisi (TL, Stok, %)",avg,31.01
bie_kt210a,2026-01,TP.BKR.TRY.1,"Ticari Krediler (TL, Stok, %)",avg,46.0
bie_kt210a,2026-01,TP.BKR.EUR.1,"Ticari Krediler (Euro, Stok, %)",avg,6.36
bie_kt210a,2026-01,TP.BKR.USD.1,"Ticari Krediler (ABD doları, Stok, %)",avg,7.63
bie_kt210a,2026-01,TP.BKR.TRY.KTF18,"Ticari Krediler (Tüzel Kişi KMH ve Kurumsal Kredi Kartları Hariç) (TL, Stok,%)",avg,44.98
bie_kt210a,2026-01,TP.BKR.TRY.KTFTUK,"Tüketici Kredisi (İhtiyaç+Taşıt+Konut) (TL, Stok,%)",avg,53.54
bie_kt210a,2026-01,TP.BKR.TRY.KTFTUK01,"Tüketici Kredisi (KMH Dahil) (TL Üzerinden Açılan) (İhtiyaç+Taşıt+Konut) (Stok,%)",avg,55.53
bie_kt210a,2026-02,TP.BKR.TRY.KTF10,"İhtiyaç Kredisi (TL, Stok, %)",avg,63.01
bie_kt210a,2026-02,TP.BKR.TRY.KTF101,"İhtiyaç Kredisi (KMH Dahil) (TL, Stok, %)",avg,62.89
bie_kt210a,2026-02,TP.BKR.TRY.17,"Taşıt Kredisi (TL, Stok, %)",avg,34.27
bie_kt210a,2026-02,TP.BKR.TRY.18,"Konut Kredisi (TL, Stok, %)",avg,31.22
bie_kt210a,2026-02,TP.BKR.TRY.1,"Ticari Krediler (TL, Stok, %)",avg,45.53
bie_kt210a,2026-02,TP.BKR.EUR.1,"Ticari Krediler (Euro, Stok, %)",avg,6.35
bie_kt210a,2026-02,TP.BKR.USD.1,"Ticari Krediler (ABD doları, Stok, %)",avg,7.58
bie_kt210a,2026-02,TP.BKR.TRY.KTF18,"Ticari Krediler (Tüzel Kişi KMH ve Kurumsal Kredi Kartları Hariç) (TL, Stok,%)",avg,44.28
bie_kt210a,2026-02,TP.BKR.TRY.KTFTUK,"Tüketici Kredisi (İhtiyaç+Taşıt+Konut) (TL, Stok,%)",avg,52.89
bie_kt210a,2026-02,TP.BKR.TRY.KTFTUK01,"Tüketici Kredisi (KMH Dahil) (TL Üzerinden Açılan) (İhtiyaç+Taşıt+Konut) (Stok,%)",avg,55.53
bie_kt210a,2026-03,TP.BKR.TRY.KTF10,"İhtiyaç Kredisi (TL, Stok, %)",avg,62.06
bie_kt210a,2026-03,TP.BKR.TRY.KTF101,"İhtiyaç Kredisi (KMH Dahil) (TL, Stok, %)",avg,61.87
bie_kt210a,2026-03,TP.BKR.TRY.17,"Taşıt Kredisi (TL, Stok, %)",avg,39.69
bie_kt210a,2026-03,TP.BKR.TRY.18,"Konut Kredisi (TL, Stok, %)",avg,31.35
bie_kt210a,2026-03,TP.BKR.TRY.1,"Ticari Krediler (TL, Stok, %)",avg,45.93
bie_kt210a,2026-03,TP.BKR.EUR.1,"Ticari Krediler (Euro, Stok, %)",avg,6.37
bie_kt210a,2026-03,TP.BKR.USD.1,"Ticari Krediler (ABD doları, Stok, %)",avg,7.58
bie_kt210a,2026-03,TP.BKR.TRY.KTF18,"Ticari Krediler (Tüzel Kişi KMH ve Kurumsal Kredi Kartları Hariç) (TL, Stok,%)",avg,44.69
bie_kt210a,2026-03,TP.BKR.TRY.KTFTUK,"Tüketici Kredisi (İhtiyaç+Taşıt+Konut) (TL, Stok,%)",avg,52.34
bie_kt210a,2026-03,TP.BKR.TRY.KTFTUK01,"Tüketici Kredisi (KMH Dahil) (TL Üzerinden Açılan) (İhtiyaç+Taşıt+Konut) (Stok,%)",avg,54.9
bie_kt210a,2026-04,TP.BKR.TRY.KTF10,"İhtiyaç Kredisi (TL, Stok, %)",avg,62.08
bie_kt210a,2026-04,TP.BKR.TRY.KTF101,"İhtiyaç Kredisi (KMH Dahil) (TL, Stok, %)",avg,62.26
bie_kt210a,2026-04,TP.BKR.TRY.17,"Taşıt Kredisi (TL, Stok, %)",avg,39.73
bie_kt210a,2026-04,TP.BKR.TRY.18,"Konut Kredisi (TL, Stok, %)",avg,31.63
bie_kt210a,2026-04,TP.BKR.TRY.1,"Ticari Krediler (TL, Stok, %)",avg,46.27
bie_kt210a,2026-04,TP.BKR.EUR.1,"Ticari Krediler (Euro, Stok, %)",avg,6.4
bie_kt210a,2026-04,TP.BKR.USD.1,"Ticari Krediler (ABD doları, Stok, %)",avg,7.6
bie_kt210a,2026-04,TP.BKR.TRY.KTF18,"Ticari Krediler (Tüzel Kişi KMH ve Kurumsal Kredi Kartları Hariç) (TL, Stok,%)",avg,44.93
bie_kt210a,2026-04,TP.BKR.TRY.KTFTUK,"Tüketici Kredisi (İhtiyaç+Taşıt+Konut) (TL, Stok,%)",avg,52.35
bie_kt210a,2026-04,TP.BKR.TRY.KTFTUK01,"Tüketici Kredisi (KMH Dahil) (TL Üzerinden Açılan) (İhtiyaç+Taşıt+Konut) (Stok,%)",avg,55.15
bie_kt210a,2026-05,TP.BKR.TRY.KTF10,"İhtiyaç Kredisi (TL, Stok, %)",avg,61.99
bie_kt210a,2026-05,TP.BKR.TRY.KTF101,"İhtiyaç Kredisi (KMH Dahil) (TL, Stok, %)",avg,62.15
bie_kt210a,2026-05,TP.BKR.TRY.17,"Taşıt Kredisi (TL, Stok, %)",avg,39.43
bie_kt210a,2026-05,TP.BKR.TRY.18,"Konut Kredisi (TL, Stok, %)",avg,31.87
bie_kt210a,2026-05,TP.BKR.TRY.1,"Ticari Krediler (TL, Stok, %)",avg,46.46
bie_kt210a,2026-05,TP.BKR.EUR.1,"Ticari Krediler (Euro, Stok, %)",avg,6.42
bie_kt210a,2026-05,TP.BKR.USD.1,"Ticari Krediler (ABD doları, Stok, %)",avg,7.58
bie_kt210a,2026-05,TP.BKR.TRY.KTF18,"Ticari Krediler (Tüzel Kişi KMH ve Kurumsal Kredi Kartları Hariç) (TL, Stok,%)",avg,45.26
bie_kt210a,2026-05,TP.BKR.TRY.KTFTUK,"Tüketici Kredisi (İhtiyaç+Taşıt+Konut) (TL, Stok,%)",avg,52.32
bie_kt210a,2026-05,TP.BKR.TRY.KTFTUK01,"Tüketici Kredisi (KMH Dahil) (TL Üzerinden Açılan) (İhtiyaç+Taşıt+Konut) (Stok,%)",avg,55.09
bie_kt210a,2026-06,TP.BKR.TRY.KTF10,"İhtiyaç Kredisi (TL, Stok, %)",avg,62.27
bie_kt210a,2026-06,TP.BKR.TRY.KTF101,"İhtiyaç Kredisi (KMH Dahil) (TL, Stok, %)",avg,62.23
bie_kt210a,2026-06,TP.BKR.TRY.17,"Taşıt Kredisi (TL, Stok, %)",avg,40.12
bie_kt210a,2026-06,TP.BKR.TRY.18,"Konut Kredisi (TL, Stok, %)",avg,32.21
bie_kt210a,2026-06,TP.BKR.TRY.1,"Ticari Krediler (TL, Stok, %)",avg,46.92
bie_kt210a,2026-06,TP.BKR.EUR.1,"Ticari Krediler (Euro, Stok, %)",avg,6.53
bie_kt210a,2026-06,TP.BKR.USD.1,"Ticari Krediler (ABD doları, Stok, %)",avg,7.61
bie_kt210a,2026-06,TP.BKR.TRY.KTF18,"Ticari Krediler (Tüzel Kişi KMH ve Kurumsal Kredi Kartları Hariç) (TL, Stok,%)",avg,45.64
bie_kt210a,2026-06,TP.BKR.TRY.KTFTUK,"Tüketici Kredisi (İhtiyaç+Taşıt+Konut) (TL, Stok,%)",avg,52.68
bie_kt210a,2026-06,TP.BKR.TRY.KTFTUK01,"Tüketici Kredisi (KMH Dahil) (TL Üzerinden Açılan) (İhtiyaç+Taşıt+Konut) (Stok,%)",avg,55.38
bie_kt210a,2026-07,TP.BKR.TRY.KTF10,"İhtiyaç Kredisi (TL, Stok, %)",avg,62.58
bie_kt210a,2026-07,TP.BKR.TRY.KTF101,"İhtiyaç Kredisi (KMH Dahil) (TL, Stok, %)",avg,62.46
bie_kt210a,2026-07,TP.BKR.TRY.17,"Taşıt Kredisi (TL, Stok, %)",avg,40.37
bie_kt210a,2026-07,TP.BKR.TRY.18,"Konut Kredisi (TL, Stok, %)",avg,32.48
bie_kt210a,2026-07,TP.BKR.TRY.1,"Ticari Krediler (TL, Stok, %)",avg,46.98
bie_kt210a,2026-07,TP.BKR.EUR.1,"Ticari Krediler (Euro, Stok, %)",avg,6.54
bie_kt210a,2026-07,TP.BKR.USD.1,"Ticari Krediler (ABD doları, Stok, %)",avg,7.67
bie_kt210a,2026-07,TP.BKR.TRY.KTF18,"Ticari Krediler (Tüzel Kişi KMH ve Kurumsal Kredi Kartları Hariç) (TL, Stok,%)",avg,45.7
bie_kt210a,2026-07,TP.BKR.TRY.KTFTUK,"Tüketici Kredisi (İhtiyaç+Taşıt+Konut) (TL, Stok,%)",avg,52.92
bie_kt210a,2026-07,TP.BKR.TRY.KTFTUK01,"Tüketici Kredisi (KMH Dahil) (TL Üzerinden Açılan) (İhtiyaç+Taşıt+Konut) (Stok,%)",avg,55.6
bie_kt210a,2026-08,TP.BKR.TRY.KTF10,"İhtiyaç Kredisi (TL, Stok, %)",avg,62.69
bie_kt210a,2026-08,TP.BKR.TRY.KTF101,"İhtiyaç Kredisi (KMH Dahil) (TL, Stok, %)",avg,62.59
bie_kt210a,2026-08,TP.BKR.TRY.17,"Taşıt Kredisi (TL, Stok, %)",avg,40.15
bie_kt210a,2026-08,TP.BKR.TRY.18,"Konut Kredisi (TL, Stok, %)",avg,32.8
bie_kt210a,2026-08,TP.BKR.TRY.1,"Ticari Krediler (TL, Stok, %)",avg,46.79
bie_kt210a,2026-08,TP.BKR.EUR.1,"Ticari Krediler (Euro, Stok, %)",avg,6.61
bie_kt210a,2026-08,TP.BKR.USD.1,"Ticari Krediler (ABD doları, Stok, %)",avg,7.71
bie_kt210a,2026-08,TP.BKR.TRY.KTF18,"Ticari Krediler (Tüzel Kişi KMH ve Kurumsal Kredi Kartları Hariç) (TL, Stok,%)",avg,45.31
bie_kt210a,2026-08,TP.BKR.TRY.KTFTUK,"Tüketici Kredisi (İhtiyaç+Taşıt+Konut) (TL, Stok,%)",avg,53.06
bie_kt210a,2026-08,TP.BKR.TRY.KTFTUK01,"Tüketici Kredisi (KMH Dahil) (TL Üzerinden Açılan) (İhtiyaç+Taşıt+Konut) (Stok,%)",avg,55.77
