"Hazne","Donem","Seri","Deger"
"F","2010-Q4","TP.FINHESTNKS71011.ZP1","-485175057.4388"
"F","2010-Q4","TP.FINHESTNKS71011.ZP2","0"
"F","2010-Q4","TP.FINHESTNKS71011.ZP3","0"
"F","2010-Q4","TP.FINHESTNKS71011.ZP4","0"
"F","2010-Q4","TP.FINHESTNKS71011.ZP5","221569277.4017"
"F","2010-Q4","TP.FINHESTNKS71011.ZP6","32508885.6131"
"F","2010-Q4","TP.FINHESTNKS71011.ZP7","88022150.073"
"F","2010-Q4","TP.FINHESTNKS71011.ZP8","101038241.7155"
"F","2010-Q4","TP.FINHESTNKS71011.ZP9","9700755.4979"
"F","2010-Q4","TP.FINHESTNKS71011.ZP10","0"
"F","2010-Q4","TP.FINHESTNKS71011.ZP11","9700755.4979"
"F","2010-Q4","TP.FINHESTNKS71011.ZP12","3768888.6012"
"F","2010-Q4","TP.FINHESTNKS71011.ZP13","3768888.6012"
"F","2010-Q4","TP.FINHESTNKS71011.ZP14","0"
"F","2010-Q4","TP.FINHESTNKS71011.ZP15","54658259.276"
"F","2010-Q4","TP.FINHESTNKS71011.ZP16","54076846.2334"
"F","2010-Q4","TP.FINHESTNKS71011.ZP17","581413.0426"
"F","2010-Q4","TP.FINHESTNKS71011.ZP18","0"
"F","2010-Q4","TP.FINHESTNKS71011.ZP19","0"
"F","2010-Q4","TP.FINHESTNKS71011.ZP20","4192696.8778"
"F","2010-Q4","TP.FINHESTNKS71011.ZP21","274731"
"F","2010-Q4","TP.FINHESTNKS71011.ZP22","50353713.6568"
"F","2010-Q4","TP.FINHESTNKS71011.ZP23","344518322.3113"
"F","2010-Q4","TP.FINHESTNKS71011.ZP24","0"
"F","2010-Q4","TP.FINHESTNKS71011.ZP26","0"
"F","2010-Q4","TP.FINHESTNKS71011.ZP27","0"
"F","2010-Q4","TP.FINHESTNKS71011.ZP28","0"
"F","2010-Q4","TP.FINHESTNKS71011.ZP29","0"
"F","2010-Q4","TP.FINHESTNKS71011.ZP30","0"
"F","2010-Q4","TP.FINHESTNKS71011.ZP31","662535.8914"
"F","2010-Q4","TP.FINHESTNKS71011.ZP32","25148.4738"
"F","2010-Q4","TP.FINHESTNKS71011.ZP33","637387.4176"
"F","2010-Q4","TP.FINHESTNKS71011.ZP34","461925748.9401"
"F","2010-Q4","TP.FINHESTNKS71011.ZP35","223197382.1815"
"F","2010-Q4","TP.FINHESTNKS71011.ZP36","238728393.1145"
"F","2010-Q4","TP.FINHESTNKS71011.ZP37","163367471.8334"
"F","2010-Q4","TP.FINHESTNKS71011.ZP38","163367471.8334"
"F","2010-Q4","TP.FINHESTNKS71011.ZP39","0"
"F","2010-Q4","TP.FINHESTNKS71011.ZP40","0"
"F","2010-Q4","TP.FINHESTNKS71011.ZP41","0"
"F","2010-Q4","TP.FINHESTNKS71011.ZP43","438084"
"F","2010-Q4","TP.FINHESTNKS71011.ZP44","203299539.0852"
"F","2010-Q4","TP.FINHESTNKS71011.ZP45","829693379.7501"
"F","2011-Q4","TP.FINHESTNKS71011.ZP1","-672546707.3802"
"F","2011-Q4","TP.FINHESTNKS71011.ZP2","0"
"F","2011-Q4","TP.FINHESTNKS71011.ZP3","0"
"F","2011-Q4","TP.FINHESTNKS71011.ZP4","0"
"F","2011-Q4","TP.FINHESTNKS71011.ZP5","230471272.3144"
"F","2011-Q4","TP.FINHESTNKS71011.ZP6","28327306.1296"
"F","2011-Q4","TP.FINHESTNKS71011.ZP7","87051276.869"
"F","2011-Q4","TP.FINHESTNKS71011.ZP8","115092689.3158"
"F","2011-Q4","TP.FINHESTNKS71011.ZP9","15172464.8464"
"F","2011-Q4","TP.FINHESTNKS71011.ZP10","0"
"F","2011-Q4","TP.FINHESTNKS71011.ZP11","15172464.8464"
"F","2011-Q4","TP.FINHESTNKS71011.ZP12","6605543.9126"
"F","2011-Q4","TP.FINHESTNKS71011.ZP13","6605543.9126"
"F","2011-Q4","TP.FINHESTNKS71011.ZP14","0"
"F","2011-Q4","TP.FINHESTNKS71011.ZP15","58798474.2306"
"F","2011-Q4","TP.FINHESTNKS71011.ZP16","58572405.1744"
"F","2011-Q4","TP.FINHESTNKS71011.ZP17","226069.0562"
"F","2011-Q4","TP.FINHESTNKS71011.ZP18","0"
"F","2011-Q4","TP.FINHESTNKS71011.ZP19","0"
"F","2011-Q4","TP.FINHESTNKS71011.ZP20","4776847.0009"
"F","2011-Q4","TP.FINHESTNKS71011.ZP21","628893"
"F","2011-Q4","TP.FINHESTNKS71011.ZP22","61680730.6548"
"F","2011-Q4","TP.FINHESTNKS71011.ZP23","378134225.9598"
"F","2011-Q4","TP.FINHESTNKS71011.ZP24","0"
"F","2011-Q4","TP.FINHESTNKS71011.ZP26","0"
"F","2011-Q4","TP.FINHESTNKS71011.ZP27","0"
"F","2011-Q4","TP.FINHESTNKS71011.ZP28","0"
"F","2011-Q4","TP.FINHESTNKS71011.ZP29","0"
"F","2011-Q4","TP.FINHESTNKS71011.ZP30","0"
"F","2011-Q4","TP.FINHESTNKS71011.ZP31","993723.402"
"F","2011-Q4","TP.FINHESTNKS71011.ZP32","37719.6575"
"F","2011-Q4","TP.FINHESTNKS71011.ZP33","956003.7445"
"F","2011-Q4","TP.FINHESTNKS71011.ZP34","612595369.6987"
"F","2011-Q4","TP.FINHESTNKS71011.ZP35","262315411.1842"
"F","2011-Q4","TP.FINHESTNKS71011.ZP36","350279958.5145"
"F","2011-Q4","TP.FINHESTNKS71011.ZP37","242934069.6921"
"F","2011-Q4","TP.FINHESTNKS71011.ZP38","242934069.6921"
"F","2011-Q4","TP.FINHESTNKS71011.ZP39","0"
"F","2011-Q4","TP.FINHESTNKS71011.ZP40","0"
"F","2011-Q4","TP.FINHESTNKS71011.ZP41","0"
"F","2011-Q4","TP.FINHESTNKS71011.ZP43","912492"
"F","2011-Q4","TP.FINHESTNKS71011.ZP44","193245278.5472"
"F","2011-Q4","TP.FINHESTNKS71011.ZP45","1050680933.3399"
"F","2012-Q4","TP.FINHESTNKS71011.ZP1","-760099324.5481"
"F","2012-Q4","TP.FINHESTNKS71011.ZP2","0"
"F","2012-Q4","TP.FINHESTNKS71011.ZP3","0"
"F","2012-Q4","TP.FINHESTNKS71011.ZP4","0"
"F","2012-Q4","TP.FINHESTNKS71011.ZP5","256437342.0911"
"F","2012-Q4","TP.FINHESTNKS71011.ZP6","34889115.9141"
"F","2012-Q4","TP.FINHESTNKS71011.ZP7","90903108.8"
"F","2012-Q4","TP.FINHESTNKS71011.ZP8","130645117.3769"
"F","2012-Q4","TP.FINHESTNKS71011.ZP9","23093210.8583"
"F","2012-Q4","TP.FINHESTNKS71011.ZP10","4830047.052"
"F","2012-Q4","TP.FINHESTNKS71011.ZP11","18263163.8063"
"F","2012-Q4","TP.FINHESTNKS71011.ZP12","8009825.1841"
"F","2012-Q4","TP.FINHESTNKS71011.ZP13","8009825.1841"
"F","2012-Q4","TP.FINHESTNKS71011.ZP14","0"
"F","2012-Q4","TP.FINHESTNKS71011.ZP15","74759795.6464"
"F","2012-Q4","TP.FINHESTNKS71011.ZP16","74053663.9553"
"F","2012-Q4","TP.FINHESTNKS71011.ZP17","706131.6911"
"F","2012-Q4","TP.FINHESTNKS71011.ZP18","0"
"F","2012-Q4","TP.FINHESTNKS71011.ZP19","0"
"F","2012-Q4","TP.FINHESTNKS71011.ZP20","6619893.8027"
"F","2012-Q4","TP.FINHESTNKS71011.ZP21","340367"
"F","2012-Q4","TP.FINHESTNKS71011.ZP22","75582362.8933"
"F","2012-Q4","TP.FINHESTNKS71011.ZP23","444842797.4759"
"F","2012-Q4","TP.FINHESTNKS71011.ZP24","0"
"F","2012-Q4","TP.FINHESTNKS71011.ZP26","0"
"F","2012-Q4","TP.FINHESTNKS71011.ZP27","0"
"F","2012-Q4","TP.FINHESTNKS71011.ZP28","0"
"F","2012-Q4","TP.FINHESTNKS71011.ZP29","0"
"F","2012-Q4","TP.FINHESTNKS71011.ZP30","0"
"F","2012-Q4","TP.FINHESTNKS71011.ZP31","4309556.7534"
"F","2012-Q4","TP.FINHESTNKS71011.ZP32","163581.7416"
"F","2012-Q4","TP.FINHESTNKS71011.ZP33","4145975.0118"
"F","2012-Q4","TP.FINHESTNKS71011.ZP34","694333800.8218"
"F","2012-Q4","TP.FINHESTNKS71011.ZP35","299908902.9077"
"F","2012-Q4","TP.FINHESTNKS71011.ZP36","394424900.7733"
"F","2012-Q4","TP.FINHESTNKS71011.ZP37","304242393.0813"
"F","2012-Q4","TP.FINHESTNKS71011.ZP38","304242393.0813"
"F","2012-Q4","TP.FINHESTNKS71011.ZP39","0"
"F","2012-Q4","TP.FINHESTNKS71011.ZP40","0"
"F","2012-Q4","TP.FINHESTNKS71011.ZP41","0"
"F","2012-Q4","TP.FINHESTNKS71011.ZP43","564683"
"F","2012-Q4","TP.FINHESTNKS71011.ZP44","201491688.3676"
"F","2012-Q4","TP.FINHESTNKS71011.ZP45","1204942122.024"
"F","2013-Q4","TP.FINHESTNKS71011.ZP1","-970007181.6771"
"F","2013-Q4","TP.FINHESTNKS71011.ZP2","0"
"F","2013-Q4","TP.FINHESTNKS71011.ZP3","0"
"F","2013-Q4","TP.FINHESTNKS71011.ZP4","0"
"F","2013-Q4","TP.FINHESTNKS71011.ZP5","321069042.1441"
"F","2013-Q4","TP.FINHESTNKS71011.ZP6","39014854.7654"
"F","2013-Q4","TP.FINHESTNKS71011.ZP7","108070352.229"
"F","2013-Q4","TP.FINHESTNKS71011.ZP8","173983835.1497"
"F","2013-Q4","TP.FINHESTNKS71011.ZP9","28972222.0792"
"F","2013-Q4","TP.FINHESTNKS71011.ZP10","4379673.8057"
"F","2013-Q4","TP.FINHESTNKS71011.ZP11","24592548.2735"
"F","2013-Q4","TP.FINHESTNKS71011.ZP12","8043517.8375"
"F","2013-Q4","TP.FINHESTNKS71011.ZP13","8043517.8375"
"F","2013-Q4","TP.FINHESTNKS71011.ZP14","0"
"F","2013-Q4","TP.FINHESTNKS71011.ZP15","80528101.2513"
"F","2013-Q4","TP.FINHESTNKS71011.ZP16","79448997.1084"
"F","2013-Q4","TP.FINHESTNKS71011.ZP17","1079104.143"
"F","2013-Q4","TP.FINHESTNKS71011.ZP18","0"
"F","2013-Q4","TP.FINHESTNKS71011.ZP19","0"
"F","2013-Q4","TP.FINHESTNKS71011.ZP20","8113017.8658"
"F","2013-Q4","TP.FINHESTNKS71011.ZP21","881142"
"F","2013-Q4","TP.FINHESTNKS71011.ZP22","88704058.4922"
"F","2013-Q4","TP.FINHESTNKS71011.ZP23","536311101.6701"
"F","2013-Q4","TP.FINHESTNKS71011.ZP24","0"
"F","2013-Q4","TP.FINHESTNKS71011.ZP26","0"
"F","2013-Q4","TP.FINHESTNKS71011.ZP27","0"
"F","2013-Q4","TP.FINHESTNKS71011.ZP28","0"
"F","2013-Q4","TP.FINHESTNKS71011.ZP29","0"
"F","2013-Q4","TP.FINHESTNKS71011.ZP30","0"
"F","2013-Q4","TP.FINHESTNKS71011.ZP31","13965969.3962"
"F","2013-Q4","TP.FINHESTNKS71011.ZP32","269708.6105"
"F","2013-Q4","TP.FINHESTNKS71011.ZP33","13696260.7857"
"F","2013-Q4","TP.FINHESTNKS71011.ZP34","929686547.7463"
"F","2013-Q4","TP.FINHESTNKS71011.ZP35","360148936.7715"
"F","2013-Q4","TP.FINHESTNKS71011.ZP36","569537613.7201"
"F","2013-Q4","TP.FINHESTNKS71011.ZP37","324028549.7482"
"F","2013-Q4","TP.FINHESTNKS71011.ZP38","324028549.7482"
"F","2013-Q4","TP.FINHESTNKS71011.ZP39","0"
"F","2013-Q4","TP.FINHESTNKS71011.ZP40","0"
"F","2013-Q4","TP.FINHESTNKS71011.ZP41","0"
"F","2013-Q4","TP.FINHESTNKS71011.ZP42","0"
"F","2013-Q4","TP.FINHESTNKS71011.ZP43","2616076"
"F","2013-Q4","TP.FINHESTNKS71011.ZP44","236021140.4565"
"F","2013-Q4","TP.FINHESTNKS71011.ZP45","1506318283.3473"
"F","2014-Q4","TP.FINHESTNKS71011.ZP1","-1167175732.8683"
"F","2014-Q4","TP.FINHESTNKS71011.ZP2","0"
"F","2014-Q4","TP.FINHESTNKS71011.ZP3","0"
"F","2014-Q4","TP.FINHESTNKS71011.ZP4","0"
"F","2014-Q4","TP.FINHESTNKS71011.ZP5","352081720.2164"
"F","2014-Q4","TP.FINHESTNKS71011.ZP6","40504518.8091"
"F","2014-Q4","TP.FINHESTNKS71011.ZP7","122106448.5113"
"F","2014-Q4","TP.FINHESTNKS71011.ZP8","189470752.896"
"F","2014-Q4","TP.FINHESTNKS71011.ZP9","32295936.3994"
"F","2014-Q4","TP.FINHESTNKS71011.ZP10","4993950.8059"
"F","2014-Q4","TP.FINHESTNKS71011.ZP11","27301985.5935"
"F","2014-Q4","TP.FINHESTNKS71011.ZP12","12190524.1961"
"F","2014-Q4","TP.FINHESTNKS71011.ZP13","12190524.1961"
"F","2014-Q4","TP.FINHESTNKS71011.ZP14","0"
"F","2014-Q4","TP.FINHESTNKS71011.ZP15","100141993.7927"
"F","2014-Q4","TP.FINHESTNKS71011.ZP16","99883757.957"
"F","2014-Q4","TP.FINHESTNKS71011.ZP17","258235.8357"
"F","2014-Q4","TP.FINHESTNKS71011.ZP18","0"
"F","2014-Q4","TP.FINHESTNKS71011.ZP19","0"
"F","2014-Q4","TP.FINHESTNKS71011.ZP20","9765883.4227"
"F","2014-Q4","TP.FINHESTNKS71011.ZP21","1019751"
"F","2014-Q4","TP.FINHESTNKS71011.ZP22","96532445.6737"
"F","2014-Q4","TP.FINHESTNKS71011.ZP23","604028254.7009"
"F","2014-Q4","TP.FINHESTNKS71011.ZP24","0"
"F","2014-Q4","TP.FINHESTNKS71011.ZP26","0"
"F","2014-Q4","TP.FINHESTNKS71011.ZP27","0"
"F","2014-Q4","TP.FINHESTNKS71011.ZP28","0"
"F","2014-Q4","TP.FINHESTNKS71011.ZP29","0"
"F","2014-Q4","TP.FINHESTNKS71011.ZP30","0"
"F","2014-Q4","TP.FINHESTNKS71011.ZP31","22862109.4126"
"F","2014-Q4","TP.FINHESTNKS71011.ZP32","1143790.9659"
"F","2014-Q4","TP.FINHESTNKS71011.ZP33","21718318.4466"
"F","2014-Q4","TP.FINHESTNKS71011.ZP34","1120752826.0489"
"F","2014-Q4","TP.FINHESTNKS71011.ZP35","432012811.5714"
"F","2014-Q4","TP.FINHESTNKS71011.ZP36","688740017.1385"
"F","2014-Q4","TP.FINHESTNKS71011.ZP37","406474468.1899"
"F","2014-Q4","TP.FINHESTNKS71011.ZP38","406474468.1899"
"F","2014-Q4","TP.FINHESTNKS71011.ZP39","0"
"F","2014-Q4","TP.FINHESTNKS71011.ZP40","0"
"F","2014-Q4","TP.FINHESTNKS71011.ZP41","0"
"F","2014-Q4","TP.FINHESTNKS71011.ZP42","0"
"F","2014-Q4","TP.FINHESTNKS71011.ZP43","940283"
"F","2014-Q4","TP.FINHESTNKS71011.ZP44","220174300.9178"
"F","2014-Q4","TP.FINHESTNKS71011.ZP45","1771203987.5692"
"F","2015-Q1","TP.FINHESTNKS71011.ZP1","-1204819394.8416"
"F","2015-Q1","TP.FINHESTNKS71011.ZP2","0"
"F","2015-Q1","TP.FINHESTNKS71011.ZP3","0"
"F","2015-Q1","TP.FINHESTNKS71011.ZP4","0"
"F","2015-Q1","TP.FINHESTNKS71011.ZP5","359675344.2063"
"F","2015-Q1","TP.FINHESTNKS71011.ZP6","36131723.733"
"F","2015-Q1","TP.FINHESTNKS71011.ZP7","123766903.5261"
"F","2015-Q1","TP.FINHESTNKS71011.ZP8","199776716.9471"
"F","2015-Q1","TP.FINHESTNKS71011.ZP9","31457308.4919"
"F","2015-Q1","TP.FINHESTNKS71011.ZP10","6698400.2587"
"F","2015-Q1","TP.FINHESTNKS71011.ZP11","24758908.2332"
"F","2015-Q1","TP.FINHESTNKS71011.ZP12","13283254.1677"
"F","2015-Q1","TP.FINHESTNKS71011.ZP13","13283254.1677"
"F","2015-Q1","TP.FINHESTNKS71011.ZP14","0"
"F","2015-Q1","TP.FINHESTNKS71011.ZP15","102029304.2766"
"F","2015-Q1","TP.FINHESTNKS71011.ZP16","101533632.3099"
"F","2015-Q1","TP.FINHESTNKS71011.ZP17","495671.9667"
"F","2015-Q1","TP.FINHESTNKS71011.ZP18","0"
"F","2015-Q1","TP.FINHESTNKS71011.ZP19","0"
"F","2015-Q1","TP.FINHESTNKS71011.ZP20","10688001.7797"
"F","2015-Q1","TP.FINHESTNKS71011.ZP21","2184823"
"F","2015-Q1","TP.FINHESTNKS71011.ZP22","102027086.2164"
"F","2015-Q1","TP.FINHESTNKS71011.ZP23","621345122.1386"
"F","2015-Q1","TP.FINHESTNKS71011.ZP24","0"
"F","2015-Q1","TP.FINHESTNKS71011.ZP26","0"
"F","2015-Q1","TP.FINHESTNKS71011.ZP27","0"
"F","2015-Q1","TP.FINHESTNKS71011.ZP28","0"
"F","2015-Q1","TP.FINHESTNKS71011.ZP29","0"
"F","2015-Q1","TP.FINHESTNKS71011.ZP30","0"
"F","2015-Q1","TP.FINHESTNKS71011.ZP31","23460309.68"
"F","2015-Q1","TP.FINHESTNKS71011.ZP32","152062.8579"
"F","2015-Q1","TP.FINHESTNKS71011.ZP33","23308246.8222"
"F","2015-Q1","TP.FINHESTNKS71011.ZP34","1199898948.932"
"F","2015-Q1","TP.FINHESTNKS71011.ZP35","383983356.7519"
"F","2015-Q1","TP.FINHESTNKS71011.ZP36","815915592.1801"
"F","2015-Q1","TP.FINHESTNKS71011.ZP37","402186089.7919"
"F","2015-Q1","TP.FINHESTNKS71011.ZP38","402186089.7919"
"F","2015-Q1","TP.FINHESTNKS71011.ZP39","0"
"F","2015-Q1","TP.FINHESTNKS71011.ZP40","0"
"F","2015-Q1","TP.FINHESTNKS71011.ZP41","0"
"F","2015-Q1","TP.FINHESTNKS71011.ZP42","0"
"F","2015-Q1","TP.FINHESTNKS71011.ZP43","1504948"
"F","2015-Q1","TP.FINHESTNKS71011.ZP44","199114220.5763"
"F","2015-Q1","TP.FINHESTNKS71011.ZP45","1826164516.9802"
"F","2015-Q2","TP.FINHESTNKS71011.ZP1","-1353896214.7316"
"F","2015-Q2","TP.FINHESTNKS71011.ZP2","0"
"F","2015-Q2","TP.FINHESTNKS71011.ZP3","0"
"F","2015-Q2","TP.FINHESTNKS71011.ZP4","0"
"F","2015-Q2","TP.FINHESTNKS71011.ZP5","379007149.9878"
"F","2015-Q2","TP.FINHESTNKS71011.ZP6","40876989.6076"
"F","2015-Q2","TP.FINHESTNKS71011.ZP7","134758963.5433"
"F","2015-Q2","TP.FINHESTNKS71011.ZP8","203371196.8369"
"F","2015-Q2","TP.FINHESTNKS71011.ZP9","30679931.5671"
"F","2015-Q2","TP.FINHESTNKS71011.ZP10","6729646.141"
"F","2015-Q2","TP.FINHESTNKS71011.ZP11","23950285.4261"
"F","2015-Q2","TP.FINHESTNKS71011.ZP12","14206626.0267"
"F","2015-Q2","TP.FINHESTNKS71011.ZP13","14206626.0267"
"F","2015-Q2","TP.FINHESTNKS71011.ZP14","0"
"F","2015-Q2","TP.FINHESTNKS71011.ZP15","111094529.0743"
"F","2015-Q2","TP.FINHESTNKS71011.ZP16","110787437.0539"
"F","2015-Q2","TP.FINHESTNKS71011.ZP17","307092.0204"
"F","2015-Q2","TP.FINHESTNKS71011.ZP18","0"
"F","2015-Q2","TP.FINHESTNKS71011.ZP19","0"
"F","2015-Q2","TP.FINHESTNKS71011.ZP20","11195646.2132"
"F","2015-Q2","TP.FINHESTNKS71011.ZP21","1717043"
"F","2015-Q2","TP.FINHESTNKS71011.ZP22","109590954.1995"
"F","2015-Q2","TP.FINHESTNKS71011.ZP23","657491880.0687"
"F","2015-Q2","TP.FINHESTNKS71011.ZP24","0"
"F","2015-Q2","TP.FINHESTNKS71011.ZP26","0"
"F","2015-Q2","TP.FINHESTNKS71011.ZP27","0"
"F","2015-Q2","TP.FINHESTNKS71011.ZP28","0"
"F","2015-Q2","TP.FINHESTNKS71011.ZP29","0"
"F","2015-Q2","TP.FINHESTNKS71011.ZP30","0"
"F","2015-Q2","TP.FINHESTNKS71011.ZP31","26147836.0869"
"F","2015-Q2","TP.FINHESTNKS71011.ZP32","342693.9285"
"F","2015-Q2","TP.FINHESTNKS71011.ZP33","25805142.1584"
"F","2015-Q2","TP.FINHESTNKS71011.ZP34","1296576735.3386"
"F","2015-Q2","TP.FINHESTNKS71011.ZP35","417709621.0234"
"F","2015-Q2","TP.FINHESTNKS71011.ZP36","878867114.3152"
"F","2015-Q2","TP.FINHESTNKS71011.ZP37","478192594.8648"
"F","2015-Q2","TP.FINHESTNKS71011.ZP38","478192594.8648"
"F","2015-Q2","TP.FINHESTNKS71011.ZP39","0"
"F","2015-Q2","TP.FINHESTNKS71011.ZP40","0"
"F","2015-Q2","TP.FINHESTNKS71011.ZP41","0"
"F","2015-Q2","TP.FINHESTNKS71011.ZP42","0"
"F","2015-Q2","TP.FINHESTNKS71011.ZP43","1583116"
"F","2015-Q2","TP.FINHESTNKS71011.ZP44","208887812.5101"
"F","2015-Q2","TP.FINHESTNKS71011.ZP45","2011388094.8003"
"F","2015-Q3","TP.FINHESTNKS71011.ZP1","-1400051922.9301"
"F","2015-Q3","TP.FINHESTNKS71011.ZP2","0"
"F","2015-Q3","TP.FINHESTNKS71011.ZP3","0"
"F","2015-Q3","TP.FINHESTNKS71011.ZP4","0"
"F","2015-Q3","TP.FINHESTNKS71011.ZP5","416701755.7717"
"F","2015-Q3","TP.FINHESTNKS71011.ZP6","45923826.5204"
"F","2015-Q3","TP.FINHESTNKS71011.ZP7","147789836.504"
"F","2015-Q3","TP.FINHESTNKS71011.ZP8","222988092.7472"
"F","2015-Q3","TP.FINHESTNKS71011.ZP9","31837497.3911"
"F","2015-Q3","TP.FINHESTNKS71011.ZP10","6621692.3943"
"F","2015-Q3","TP.FINHESTNKS71011.ZP11","25215804.9968"
"F","2015-Q3","TP.FINHESTNKS71011.ZP12","15295730.5529"
"F","2015-Q3","TP.FINHESTNKS71011.ZP13","15295730.5529"
"F","2015-Q3","TP.FINHESTNKS71011.ZP14","0"
"F","2015-Q3","TP.FINHESTNKS71011.ZP15","114212154.0656"
"F","2015-Q3","TP.FINHESTNKS71011.ZP16","113102371.1909"
"F","2015-Q3","TP.FINHESTNKS71011.ZP17","1109782.8747"
"F","2015-Q3","TP.FINHESTNKS71011.ZP18","0"
"F","2015-Q3","TP.FINHESTNKS71011.ZP19","0"
"F","2015-Q3","TP.FINHESTNKS71011.ZP20","11627833.756"
"F","2015-Q3","TP.FINHESTNKS71011.ZP21","2318955"
"F","2015-Q3","TP.FINHESTNKS71011.ZP22","121408709.711"
"F","2015-Q3","TP.FINHESTNKS71011.ZP23","713402636.2482"
"F","2015-Q3","TP.FINHESTNKS71011.ZP24","0"
"F","2015-Q3","TP.FINHESTNKS71011.ZP26","0"
"F","2015-Q3","TP.FINHESTNKS71011.ZP27","0"
"F","2015-Q3","TP.FINHESTNKS71011.ZP28","0"
"F","2015-Q3","TP.FINHESTNKS71011.ZP29","0"
"F","2015-Q3","TP.FINHESTNKS71011.ZP30","0"
"F","2015-Q3","TP.FINHESTNKS71011.ZP31","27935763.4643"
"F","2015-Q3","TP.FINHESTNKS71011.ZP32","309015.5736"
"F","2015-Q3","TP.FINHESTNKS71011.ZP33","27626747.8907"
"F","2015-Q3","TP.FINHESTNKS71011.ZP34","1407509999.9106"
"F","2015-Q3","TP.FINHESTNKS71011.ZP35","445381487.3305"
"F","2015-Q3","TP.FINHESTNKS71011.ZP36","962128512.5801"
"F","2015-Q3","TP.FINHESTNKS71011.ZP37","449703461.7813"
"F","2015-Q3","TP.FINHESTNKS71011.ZP38","449703461.7813"
"F","2015-Q3","TP.FINHESTNKS71011.ZP39","0"
"F","2015-Q3","TP.FINHESTNKS71011.ZP40","0"
"F","2015-Q3","TP.FINHESTNKS71011.ZP41","0"
"F","2015-Q3","TP.FINHESTNKS71011.ZP42","0"
"F","2015-Q3","TP.FINHESTNKS71011.ZP43","3473770"
"F","2015-Q3","TP.FINHESTNKS71011.ZP44","224831564.0221"
"F","2015-Q3","TP.FINHESTNKS71011.ZP45","2113454559.1782"
"F","2015-Q4","TP.FINHESTNKS71011.ZP1","-1449150313.2883"
"F","2015-Q4","TP.FINHESTNKS71011.ZP2","0"
"F","2015-Q4","TP.FINHESTNKS71011.ZP3","0"
"F","2015-Q4","TP.FINHESTNKS71011.ZP4","0"
"F","2015-Q4","TP.FINHESTNKS71011.ZP5","409170154.5865"
"F","2015-Q4","TP.FINHESTNKS71011.ZP6","48129467.7919"
"F","2015-Q4","TP.FINHESTNKS71011.ZP7","147473862.8034"
"F","2015-Q4","TP.FINHESTNKS71011.ZP8","213566823.9912"
"F","2015-Q4","TP.FINHESTNKS71011.ZP9","31795955.747"
"F","2015-Q4","TP.FINHESTNKS71011.ZP10","7108390.6334"
"F","2015-Q4","TP.FINHESTNKS71011.ZP11","24687565.1136"
"F","2015-Q4","TP.FINHESTNKS71011.ZP12","11783199.0578"
"F","2015-Q4","TP.FINHESTNKS71011.ZP13","11783199.0578"
"F","2015-Q4","TP.FINHESTNKS71011.ZP14","0"
"F","2015-Q4","TP.FINHESTNKS71011.ZP15","97679524.0743"
"F","2015-Q4","TP.FINHESTNKS71011.ZP16","96468610.0994"
"F","2015-Q4","TP.FINHESTNKS71011.ZP17","1210913.9749"
"F","2015-Q4","TP.FINHESTNKS71011.ZP18","0"
"F","2015-Q4","TP.FINHESTNKS71011.ZP19","0"
"F","2015-Q4","TP.FINHESTNKS71011.ZP20","12529693.7024"
"F","2015-Q4","TP.FINHESTNKS71011.ZP21","1251670"
"F","2015-Q4","TP.FINHESTNKS71011.ZP22","116185677.3027"
"F","2015-Q4","TP.FINHESTNKS71011.ZP23","680395874.4707"
"F","2015-Q4","TP.FINHESTNKS71011.ZP24","0"
"F","2015-Q4","TP.FINHESTNKS71011.ZP26","0"
"F","2015-Q4","TP.FINHESTNKS71011.ZP27","0"
"F","2015-Q4","TP.FINHESTNKS71011.ZP28","0"
"F","2015-Q4","TP.FINHESTNKS71011.ZP29","0"
"F","2015-Q4","TP.FINHESTNKS71011.ZP30","0"
"F","2015-Q4","TP.FINHESTNKS71011.ZP31","29976096.0131"
"F","2015-Q4","TP.FINHESTNKS71011.ZP32","364631.1598"
"F","2015-Q4","TP.FINHESTNKS71011.ZP33","29611464.8533"
"F","2015-Q4","TP.FINHESTNKS71011.ZP34","1410035443.697"
"F","2015-Q4","TP.FINHESTNKS71011.ZP35","448619659.8368"
"F","2015-Q4","TP.FINHESTNKS71011.ZP36","961415783.8602"
"F","2015-Q4","TP.FINHESTNKS71011.ZP37","468979908.5594"
"F","2015-Q4","TP.FINHESTNKS71011.ZP38","468979908.5594"
"F","2015-Q4","TP.FINHESTNKS71011.ZP39","0"
"F","2015-Q4","TP.FINHESTNKS71011.ZP40","0"
"F","2015-Q4","TP.FINHESTNKS71011.ZP41","0"
"F","2015-Q4","TP.FINHESTNKS71011.ZP42","0"
"F","2015-Q4","TP.FINHESTNKS71011.ZP43","1953642"
"F","2015-Q4","TP.FINHESTNKS71011.ZP44","218601097.4894"
"F","2015-Q4","TP.FINHESTNKS71011.ZP45","2129546187.759"
"F","2016-Q1","TP.FINHESTNKS71011.ZP1","-1483228690.3664"
"F","2016-Q1","TP.FINHESTNKS71011.ZP2","0"
"F","2016-Q1","TP.FINHESTNKS71011.ZP3","0"
"F","2016-Q1","TP.FINHESTNKS71011.ZP4","0"
"F","2016-Q1","TP.FINHESTNKS71011.ZP5","406454410.8918"
"F","2016-Q1","TP.FINHESTNKS71011.ZP6","41827117.941"
"F","2016-Q1","TP.FINHESTNKS71011.ZP7","143485894.157"
"F","2016-Q1","TP.FINHESTNKS71011.ZP8","221141398.7938"
"F","2016-Q1","TP.FINHESTNKS71011.ZP9","33670295.5992"
"F","2016-Q1","TP.FINHESTNKS71011.ZP10","7009368.6962"
"F","2016-Q1","TP.FINHESTNKS71011.ZP11","26660926.903"
"F","2016-Q1","TP.FINHESTNKS71011.ZP12","11185155.2444"
"F","2016-Q1","TP.FINHESTNKS71011.ZP13","11185155.2444"
"F","2016-Q1","TP.FINHESTNKS71011.ZP14","0"
"F","2016-Q1","TP.FINHESTNKS71011.ZP15","101734418.4756"
"F","2016-Q1","TP.FINHESTNKS71011.ZP16","100455188.0392"
"F","2016-Q1","TP.FINHESTNKS71011.ZP17","1279230.4364"
"F","2016-Q1","TP.FINHESTNKS71011.ZP18","0"
"F","2016-Q1","TP.FINHESTNKS71011.ZP19","0"
"F","2016-Q1","TP.FINHESTNKS71011.ZP20","13923305.1588"
"F","2016-Q1","TP.FINHESTNKS71011.ZP21","1295874"
"F","2016-Q1","TP.FINHESTNKS71011.ZP22","117936639.4257"
"F","2016-Q1","TP.FINHESTNKS71011.ZP23","686200098.7954"
"F","2016-Q1","TP.FINHESTNKS71011.ZP24","0"
"F","2016-Q1","TP.FINHESTNKS71011.ZP26","0"
"F","2016-Q1","TP.FINHESTNKS71011.ZP27","0"
"F","2016-Q1","TP.FINHESTNKS71011.ZP28","0"
"F","2016-Q1","TP.FINHESTNKS71011.ZP29","0"
"F","2016-Q1","TP.FINHESTNKS71011.ZP30","0"
"F","2016-Q1","TP.FINHESTNKS71011.ZP31","32632681.1173"
"F","2016-Q1","TP.FINHESTNKS71011.ZP32","2169530.0789"
"F","2016-Q1","TP.FINHESTNKS71011.ZP33","30463151.0384"
"F","2016-Q1","TP.FINHESTNKS71011.ZP34","1437539522.5273"
"F","2016-Q1","TP.FINHESTNKS71011.ZP35","460552528.5656"
"F","2016-Q1","TP.FINHESTNKS71011.ZP36","976986993.9616"
"F","2016-Q1","TP.FINHESTNKS71011.ZP37","478732628.445"
"F","2016-Q1","TP.FINHESTNKS71011.ZP38","478732628.445"
"F","2016-Q1","TP.FINHESTNKS71011.ZP39","0"
"F","2016-Q1","TP.FINHESTNKS71011.ZP40","0"
"F","2016-Q1","TP.FINHESTNKS71011.ZP41","0"
"F","2016-Q1","TP.FINHESTNKS71011.ZP42","0"
"F","2016-Q1","TP.FINHESTNKS71011.ZP43","2637282"
"F","2016-Q1","TP.FINHESTNKS71011.ZP44","217886675.0722"
"F","2016-Q1","TP.FINHESTNKS71011.ZP45","2169428789.1617"
"F","2016-Q2","TP.FINHESTNKS71011.ZP1","-1505298021.7392"
"F","2016-Q2","TP.FINHESTNKS71011.ZP2","0"
"F","2016-Q2","TP.FINHESTNKS71011.ZP3","0"
"F","2016-Q2","TP.FINHESTNKS71011.ZP4","0"
"F","2016-Q2","TP.FINHESTNKS71011.ZP5","410848799.4102"
"F","2016-Q2","TP.FINHESTNKS71011.ZP6","47173165.3564"
"F","2016-Q2","TP.FINHESTNKS71011.ZP7","149450639.216"
"F","2016-Q2","TP.FINHESTNKS71011.ZP8","214224994.8377"
"F","2016-Q2","TP.FINHESTNKS71011.ZP9","34229260.5381"
"F","2016-Q2","TP.FINHESTNKS71011.ZP10","6919045.7615"
"F","2016-Q2","TP.FINHESTNKS71011.ZP11","27310214.7766"
"F","2016-Q2","TP.FINHESTNKS71011.ZP12","11694428.319"
"F","2016-Q2","TP.FINHESTNKS71011.ZP13","11694428.319"
"F","2016-Q2","TP.FINHESTNKS71011.ZP14","0"
"F","2016-Q2","TP.FINHESTNKS71011.ZP15","105106370.2104"
"F","2016-Q2","TP.FINHESTNKS71011.ZP16","103680631.4448"
"F","2016-Q2","TP.FINHESTNKS71011.ZP17","1425738.7656"
"F","2016-Q2","TP.FINHESTNKS71011.ZP18","0"
"F","2016-Q2","TP.FINHESTNKS71011.ZP19","0"
"F","2016-Q2","TP.FINHESTNKS71011.ZP20","14856572.3976"
"F","2016-Q2","TP.FINHESTNKS71011.ZP21","1640887"
"F","2016-Q2","TP.FINHESTNKS71011.ZP22","129239914.2763"
"F","2016-Q2","TP.FINHESTNKS71011.ZP23","707616232.1516"
"F","2016-Q2","TP.FINHESTNKS71011.ZP24","0"
"F","2016-Q2","TP.FINHESTNKS71011.ZP26","0"
"F","2016-Q2","TP.FINHESTNKS71011.ZP27","0"
"F","2016-Q2","TP.FINHESTNKS71011.ZP28","0"
"F","2016-Q2","TP.FINHESTNKS71011.ZP29","0"
"F","2016-Q2","TP.FINHESTNKS71011.ZP30","0"
"F","2016-Q2","TP.FINHESTNKS71011.ZP31","33059234.2609"
"F","2016-Q2","TP.FINHESTNKS71011.ZP32","1879861.036"
"F","2016-Q2","TP.FINHESTNKS71011.ZP33","31179373.2249"
"F","2016-Q2","TP.FINHESTNKS71011.ZP34","1502542246.1733"
"F","2016-Q2","TP.FINHESTNKS71011.ZP35","488966524.7959"
"F","2016-Q2","TP.FINHESTNKS71011.ZP36","1013575721.3774"
"F","2016-Q2","TP.FINHESTNKS71011.ZP37","439898837.3837"
"F","2016-Q2","TP.FINHESTNKS71011.ZP38","439898837.3837"
"F","2016-Q2","TP.FINHESTNKS71011.ZP39","0"
"F","2016-Q2","TP.FINHESTNKS71011.ZP40","0"
"F","2016-Q2","TP.FINHESTNKS71011.ZP41","0"
"F","2016-Q2","TP.FINHESTNKS71011.ZP42","0"
"F","2016-Q2","TP.FINHESTNKS71011.ZP43","2650013"
"F","2016-Q2","TP.FINHESTNKS71011.ZP44","234763923.0729"
"F","2016-Q2","TP.FINHESTNKS71011.ZP45","2212914253.8907"
"F","2016-Q3","TP.FINHESTNKS71011.ZP1","-1529063615.7251"
"F","2016-Q3","TP.FINHESTNKS71011.ZP2","0"
"F","2016-Q3","TP.FINHESTNKS71011.ZP3","0"
"F","2016-Q3","TP.FINHESTNKS71011.ZP4","0"
"F","2016-Q3","TP.FINHESTNKS71011.ZP5","425384361.0765"
"F","2016-Q3","TP.FINHESTNKS71011.ZP6","49343131.1086"
"F","2016-Q3","TP.FINHESTNKS71011.ZP7","145703892.885"
"F","2016-Q3","TP.FINHESTNKS71011.ZP8","230337337.0829"
"F","2016-Q3","TP.FINHESTNKS71011.ZP9","33440624.5645"
"F","2016-Q3","TP.FINHESTNKS71011.ZP10","7704487.052"
"F","2016-Q3","TP.FINHESTNKS71011.ZP11","25736137.5125"
"F","2016-Q3","TP.FINHESTNKS71011.ZP12","12027394.1949"
"F","2016-Q3","TP.FINHESTNKS71011.ZP13","12027394.1949"
"F","2016-Q3","TP.FINHESTNKS71011.ZP14","0"
"F","2016-Q3","TP.FINHESTNKS71011.ZP15","109350464.2831"
"F","2016-Q3","TP.FINHESTNKS71011.ZP16","107563810.5109"
"F","2016-Q3","TP.FINHESTNKS71011.ZP17","1786653.7722"
"F","2016-Q3","TP.FINHESTNKS71011.ZP18","0"
"F","2016-Q3","TP.FINHESTNKS71011.ZP19","0"
"F","2016-Q3","TP.FINHESTNKS71011.ZP20","15043820.4356"
"F","2016-Q3","TP.FINHESTNKS71011.ZP21","1270401"
"F","2016-Q3","TP.FINHESTNKS71011.ZP22","126414243.8845"
"F","2016-Q3","TP.FINHESTNKS71011.ZP23","722931309.4391"
"F","2016-Q3","TP.FINHESTNKS71011.ZP24","0"
"F","2016-Q3","TP.FINHESTNKS71011.ZP26","0"
"F","2016-Q3","TP.FINHESTNKS71011.ZP27","0"
"F","2016-Q3","TP.FINHESTNKS71011.ZP28","0"
"F","2016-Q3","TP.FINHESTNKS71011.ZP29","0"
"F","2016-Q3","TP.FINHESTNKS71011.ZP30","0"
"F","2016-Q3","TP.FINHESTNKS71011.ZP31","34299227.9431"
"F","2016-Q3","TP.FINHESTNKS71011.ZP32","284307.7771"
"F","2016-Q3","TP.FINHESTNKS71011.ZP33","34014920.1661"
"F","2016-Q3","TP.FINHESTNKS71011.ZP34","1550687194.7166"
"F","2016-Q3","TP.FINHESTNKS71011.ZP35","509577655.4829"
"F","2016-Q3","TP.FINHESTNKS71011.ZP36","1041109539.2337"
"F","2016-Q3","TP.FINHESTNKS71011.ZP37","430072836.079"
"F","2016-Q3","TP.FINHESTNKS71011.ZP38","430072836.079"
"F","2016-Q3","TP.FINHESTNKS71011.ZP39","0"
"F","2016-Q3","TP.FINHESTNKS71011.ZP40","0"
"F","2016-Q3","TP.FINHESTNKS71011.ZP41","0"
"F","2016-Q3","TP.FINHESTNKS71011.ZP42","0"
"F","2016-Q3","TP.FINHESTNKS71011.ZP43","2189799"
"F","2016-Q3","TP.FINHESTNKS71011.ZP44","234745867.4255"
"F","2016-Q3","TP.FINHESTNKS71011.ZP45","2251994925.1642"
"F","2016-Q4","TP.FINHESTNKS71011.ZP1","-1683556564.1596"
"F","2016-Q4","TP.FINHESTNKS71011.ZP2","0"
"F","2016-Q4","TP.FINHESTNKS71011.ZP3","0"
"F","2016-Q4","TP.FINHESTNKS71011.ZP4","0"
"F","2016-Q4","TP.FINHESTNKS71011.ZP5","487090947.6555"
"F","2016-Q4","TP.FINHESTNKS71011.ZP6","51263838.8099"
"F","2016-Q4","TP.FINHESTNKS71011.ZP7","177629946.144"
"F","2016-Q4","TP.FINHESTNKS71011.ZP8","258197162.7016"
"F","2016-Q4","TP.FINHESTNKS71011.ZP9","23001999.2304"
"F","2016-Q4","TP.FINHESTNKS71011.ZP10","7341564.0771"
"F","2016-Q4","TP.FINHESTNKS71011.ZP11","15660435.1534"
"F","2016-Q4","TP.FINHESTNKS71011.ZP12","24849571.0847"
"F","2016-Q4","TP.FINHESTNKS71011.ZP13","24849571.0847"
"F","2016-Q4","TP.FINHESTNKS71011.ZP14","0"
"F","2016-Q4","TP.FINHESTNKS71011.ZP15","116507930.6122"
"F","2016-Q4","TP.FINHESTNKS71011.ZP16","114825440.5359"
"F","2016-Q4","TP.FINHESTNKS71011.ZP17","1682490.0763"
"F","2016-Q4","TP.FINHESTNKS71011.ZP18","1682490.0763"
"F","2016-Q4","TP.FINHESTNKS71011.ZP19","0"
"F","2016-Q4","TP.FINHESTNKS71011.ZP20","15999960.6201"
"F","2016-Q4","TP.FINHESTNKS71011.ZP21","2332539"
"F","2016-Q4","TP.FINHESTNKS71011.ZP22","136913395.6739"
"F","2016-Q4","TP.FINHESTNKS71011.ZP23","806696343.8767"
"F","2016-Q4","TP.FINHESTNKS71011.ZP24","0"
"F","2016-Q4","TP.FINHESTNKS71011.ZP26","0"
"F","2016-Q4","TP.FINHESTNKS71011.ZP27","0"
"F","2016-Q4","TP.FINHESTNKS71011.ZP28","0"
"F","2016-Q4","TP.FINHESTNKS71011.ZP29","0"
"F","2016-Q4","TP.FINHESTNKS71011.ZP30","0"
"F","2016-Q4","TP.FINHESTNKS71011.ZP31","40687990.5521"
"F","2016-Q4","TP.FINHESTNKS71011.ZP32","591184.2596"
"F","2016-Q4","TP.FINHESTNKS71011.ZP33","40096806.2925"
"F","2016-Q4","TP.FINHESTNKS71011.ZP34","1712438285.3002"
"F","2016-Q4","TP.FINHESTNKS71011.ZP35","545516552.5777"
"F","2016-Q4","TP.FINHESTNKS71011.ZP36","1166921732.7226"
"F","2016-Q4","TP.FINHESTNKS71011.ZP37","455255183.2773"
"F","2016-Q4","TP.FINHESTNKS71011.ZP38","455255183.2773"
"F","2016-Q4","TP.FINHESTNKS71011.ZP39","0"
"F","2016-Q4","TP.FINHESTNKS71011.ZP40","0"
"F","2016-Q4","TP.FINHESTNKS71011.ZP41","0"
"F","2016-Q4","TP.FINHESTNKS71011.ZP42","0"
"F","2016-Q4","TP.FINHESTNKS71011.ZP43","3442893"
"F","2016-Q4","TP.FINHESTNKS71011.ZP44","278428555.9068"
"F","2016-Q4","TP.FINHESTNKS71011.ZP45","2490252908.0364"
"F","2017-Q1","TP.FINHESTNKS71011.ZP1","-1710811032.5212"
"F","2017-Q1","TP.FINHESTNKS71011.ZP2","0"
"F","2017-Q1","TP.FINHESTNKS71011.ZP3","0"
"F","2017-Q1","TP.FINHESTNKS71011.ZP4","0"
"F","2017-Q1","TP.FINHESTNKS71011.ZP5","513681884.4506"
"F","2017-Q1","TP.FINHESTNKS71011.ZP6","52952333.7991"
"F","2017-Q1","TP.FINHESTNKS71011.ZP7","183079495.843"
"F","2017-Q1","TP.FINHESTNKS71011.ZP8","277650054.8086"
"F","2017-Q1","TP.FINHESTNKS71011.ZP9","23383700.8549"
"F","2017-Q1","TP.FINHESTNKS71011.ZP10","6743590.8654"
"F","2017-Q1","TP.FINHESTNKS71011.ZP11","16640109.9894"
"F","2017-Q1","TP.FINHESTNKS71011.ZP12","25206380.0432"
"F","2017-Q1","TP.FINHESTNKS71011.ZP13","25206380.0432"
"F","2017-Q1","TP.FINHESTNKS71011.ZP14","0"
"F","2017-Q1","TP.FINHESTNKS71011.ZP15","119425288.1284"
"F","2017-Q1","TP.FINHESTNKS71011.ZP16","117165725.063"
"F","2017-Q1","TP.FINHESTNKS71011.ZP17","2259563.0653"
"F","2017-Q1","TP.FINHESTNKS71011.ZP18","2259563.0653"
"F","2017-Q1","TP.FINHESTNKS71011.ZP19","0"
"F","2017-Q1","TP.FINHESTNKS71011.ZP20","17539104.1405"
"F","2017-Q1","TP.FINHESTNKS71011.ZP21","2276649"
"F","2017-Q1","TP.FINHESTNKS71011.ZP22","204288169.8422"
"F","2017-Q1","TP.FINHESTNKS71011.ZP23","905801176.4598"
"F","2017-Q1","TP.FINHESTNKS71011.ZP24","0"
"F","2017-Q1","TP.FINHESTNKS71011.ZP26","0"
"F","2017-Q1","TP.FINHESTNKS71011.ZP27","0"
"F","2017-Q1","TP.FINHESTNKS71011.ZP28","0"
"F","2017-Q1","TP.FINHESTNKS71011.ZP29","0"
"F","2017-Q1","TP.FINHESTNKS71011.ZP30","0"
"F","2017-Q1","TP.FINHESTNKS71011.ZP31","42909540.847"
"F","2017-Q1","TP.FINHESTNKS71011.ZP32","1540868.882"
"F","2017-Q1","TP.FINHESTNKS71011.ZP33","41368671.965"
"F","2017-Q1","TP.FINHESTNKS71011.ZP34","1782542125.1259"
"F","2017-Q1","TP.FINHESTNKS71011.ZP35","546341457.5059"
"F","2017-Q1","TP.FINHESTNKS71011.ZP36","1236200667.62"
"F","2017-Q1","TP.FINHESTNKS71011.ZP37","527723162.3195"
"F","2017-Q1","TP.FINHESTNKS71011.ZP38","527723162.3195"
"F","2017-Q1","TP.FINHESTNKS71011.ZP39","0"
"F","2017-Q1","TP.FINHESTNKS71011.ZP40","0"
"F","2017-Q1","TP.FINHESTNKS71011.ZP41","0"
"F","2017-Q1","TP.FINHESTNKS71011.ZP42","0"
"F","2017-Q1","TP.FINHESTNKS71011.ZP43","4214957"
"F","2017-Q1","TP.FINHESTNKS71011.ZP44","259222423.6886"
"F","2017-Q1","TP.FINHESTNKS71011.ZP45","2616612208.981"
"F","2017-Q2","TP.FINHESTNKS71011.ZP1","-1784672770.9472"
"F","2017-Q2","TP.FINHESTNKS71011.ZP2","0"
"F","2017-Q2","TP.FINHESTNKS71011.ZP3","0"
"F","2017-Q2","TP.FINHESTNKS71011.ZP4","0"
"F","2017-Q2","TP.FINHESTNKS71011.ZP5","512586188.5986"
"F","2017-Q2","TP.FINHESTNKS71011.ZP6","54995770.443"
"F","2017-Q2","TP.FINHESTNKS71011.ZP7","179591839.699"
"F","2017-Q2","TP.FINHESTNKS71011.ZP8","277998578.4565"
"F","2017-Q2","TP.FINHESTNKS71011.ZP9","26542299.0728"
"F","2017-Q2","TP.FINHESTNKS71011.ZP10","9366539.3098"
"F","2017-Q2","TP.FINHESTNKS71011.ZP11","17175759.763"
"F","2017-Q2","TP.FINHESTNKS71011.ZP12","24436555.3325"
"F","2017-Q2","TP.FINHESTNKS71011.ZP13","24436555.3325"
"F","2017-Q2","TP.FINHESTNKS71011.ZP14","0"
"F","2017-Q2","TP.FINHESTNKS71011.ZP15","123792058.9782"
"F","2017-Q2","TP.FINHESTNKS71011.ZP16","119754594.0558"
"F","2017-Q2","TP.FINHESTNKS71011.ZP17","4037464.9224"
"F","2017-Q2","TP.FINHESTNKS71011.ZP18","4037464.9224"
"F","2017-Q2","TP.FINHESTNKS71011.ZP19","0"
"F","2017-Q2","TP.FINHESTNKS71011.ZP20","16853082.1288"
"F","2017-Q2","TP.FINHESTNKS71011.ZP21","2843135"
"F","2017-Q2","TP.FINHESTNKS71011.ZP22","217458553.0822"
"F","2017-Q2","TP.FINHESTNKS71011.ZP23","924511872.1931"
"F","2017-Q2","TP.FINHESTNKS71011.ZP24","0"
"F","2017-Q2","TP.FINHESTNKS71011.ZP26","0"
"F","2017-Q2","TP.FINHESTNKS71011.ZP27","0"
"F","2017-Q2","TP.FINHESTNKS71011.ZP28","0"
"F","2017-Q2","TP.FINHESTNKS71011.ZP29","0"
"F","2017-Q2","TP.FINHESTNKS71011.ZP30","0"
"F","2017-Q2","TP.FINHESTNKS71011.ZP31","41369163.5253"
"F","2017-Q2","TP.FINHESTNKS71011.ZP32","1800429.1816"
"F","2017-Q2","TP.FINHESTNKS71011.ZP33","39568734.3438"
"F","2017-Q2","TP.FINHESTNKS71011.ZP34","1853160189.9307"
"F","2017-Q2","TP.FINHESTNKS71011.ZP35","521009702.0344"
"F","2017-Q2","TP.FINHESTNKS71011.ZP36","1332150487.8963"
"F","2017-Q2","TP.FINHESTNKS71011.ZP37","533431535.4"
"F","2017-Q2","TP.FINHESTNKS71011.ZP38","533431535.4"
"F","2017-Q2","TP.FINHESTNKS71011.ZP39","0"
"F","2017-Q2","TP.FINHESTNKS71011.ZP40","0"
"F","2017-Q2","TP.FINHESTNKS71011.ZP41","0"
"F","2017-Q2","TP.FINHESTNKS71011.ZP42","0"
"F","2017-Q2","TP.FINHESTNKS71011.ZP43","4912305"
"F","2017-Q2","TP.FINHESTNKS71011.ZP44","276311449.2843"
"F","2017-Q2","TP.FINHESTNKS71011.ZP45","2709184643.1402"
"F","2017-Q3","TP.FINHESTNKS71011.ZP1","-1851607197.589"
"F","2017-Q3","TP.FINHESTNKS71011.ZP2","0"
"F","2017-Q3","TP.FINHESTNKS71011.ZP3","0"
"F","2017-Q3","TP.FINHESTNKS71011.ZP4","0"
"F","2017-Q3","TP.FINHESTNKS71011.ZP5","539468012.0569"
"F","2017-Q3","TP.FINHESTNKS71011.ZP6","58302587.0581"
"F","2017-Q3","TP.FINHESTNKS71011.ZP7","190029615.515"
"F","2017-Q3","TP.FINHESTNKS71011.ZP8","291135809.4837"
"F","2017-Q3","TP.FINHESTNKS71011.ZP9","40768563.6763"
"F","2017-Q3","TP.FINHESTNKS71011.ZP10","12463131.2274"
"F","2017-Q3","TP.FINHESTNKS71011.ZP11","28305432.4489"
"F","2017-Q3","TP.FINHESTNKS71011.ZP12","24685776.2828"
"F","2017-Q3","TP.FINHESTNKS71011.ZP13","24685776.2828"
"F","2017-Q3","TP.FINHESTNKS71011.ZP14","0"
"F","2017-Q3","TP.FINHESTNKS71011.ZP15","125305311.8954"
"F","2017-Q3","TP.FINHESTNKS71011.ZP16","120932099.6789"
"F","2017-Q3","TP.FINHESTNKS71011.ZP17","4373212.2164"
"F","2017-Q3","TP.FINHESTNKS71011.ZP18","4373212.2164"
"F","2017-Q3","TP.FINHESTNKS71011.ZP19","0"
"F","2017-Q3","TP.FINHESTNKS71011.ZP20","15332263.6999"
"F","2017-Q3","TP.FINHESTNKS71011.ZP21","1721334"
"F","2017-Q3","TP.FINHESTNKS71011.ZP22","200094369.8261"
"F","2017-Q3","TP.FINHESTNKS71011.ZP23","947375631.4374"
"F","2017-Q3","TP.FINHESTNKS71011.ZP24","0"
"F","2017-Q3","TP.FINHESTNKS71011.ZP26","0"
"F","2017-Q3","TP.FINHESTNKS71011.ZP27","0"
"F","2017-Q3","TP.FINHESTNKS71011.ZP28","0"
"F","2017-Q3","TP.FINHESTNKS71011.ZP29","0"
"F","2017-Q3","TP.FINHESTNKS71011.ZP30","0"
"F","2017-Q3","TP.FINHESTNKS71011.ZP31","44570945.2455"
"F","2017-Q3","TP.FINHESTNKS71011.ZP32","1763325.9596"
"F","2017-Q3","TP.FINHESTNKS71011.ZP33","42807619.2859"
"F","2017-Q3","TP.FINHESTNKS71011.ZP34","1920088166.1221"
"F","2017-Q3","TP.FINHESTNKS71011.ZP35","544479846.9171"
"F","2017-Q3","TP.FINHESTNKS71011.ZP36","1375608319.2051"
"F","2017-Q3","TP.FINHESTNKS71011.ZP37","545675533.8718"
"F","2017-Q3","TP.FINHESTNKS71011.ZP38","545675533.8718"
"F","2017-Q3","TP.FINHESTNKS71011.ZP39","0"
"F","2017-Q3","TP.FINHESTNKS71011.ZP40","0"
"F","2017-Q3","TP.FINHESTNKS71011.ZP41","0"
"F","2017-Q3","TP.FINHESTNKS71011.ZP42","0"
"F","2017-Q3","TP.FINHESTNKS71011.ZP43","3739866"
"F","2017-Q3","TP.FINHESTNKS71011.ZP44","284908317.7869"
"F","2017-Q3","TP.FINHESTNKS71011.ZP45","2798982829.0264"
"F","2017-Q4","TP.FINHESTNKS71011.ZP1","-2030879604.8827"
"F","2017-Q4","TP.FINHESTNKS71011.ZP2","0"
"F","2017-Q4","TP.FINHESTNKS71011.ZP3","0"
"F","2017-Q4","TP.FINHESTNKS71011.ZP4","0"
"F","2017-Q4","TP.FINHESTNKS71011.ZP5","568030551.8547"
"F","2017-Q4","TP.FINHESTNKS71011.ZP6","61186638.5049"
"F","2017-Q4","TP.FINHESTNKS71011.ZP7","203461650.831"
"F","2017-Q4","TP.FINHESTNKS71011.ZP8","303382262.5189"
"F","2017-Q4","TP.FINHESTNKS71011.ZP9","38452992.066"
"F","2017-Q4","TP.FINHESTNKS71011.ZP10","15986585.3447"
"F","2017-Q4","TP.FINHESTNKS71011.ZP11","22466406.7213"
"F","2017-Q4","TP.FINHESTNKS71011.ZP12","29174422.2173"
"F","2017-Q4","TP.FINHESTNKS71011.ZP13","29174422.2173"
"F","2017-Q4","TP.FINHESTNKS71011.ZP14","0"
"F","2017-Q4","TP.FINHESTNKS71011.ZP15","149579304.8487"
"F","2017-Q4","TP.FINHESTNKS71011.ZP16","144587581.5179"
"F","2017-Q4","TP.FINHESTNKS71011.ZP17","4991723.3308"
"F","2017-Q4","TP.FINHESTNKS71011.ZP18","4991723.3308"
"F","2017-Q4","TP.FINHESTNKS71011.ZP19","0"
"F","2017-Q4","TP.FINHESTNKS71011.ZP20","4990399.0506"
"F","2017-Q4","TP.FINHESTNKS71011.ZP21","2330244"
"F","2017-Q4","TP.FINHESTNKS71011.ZP22","222181734.3503"
"F","2017-Q4","TP.FINHESTNKS71011.ZP23","1014739648.3878"
"F","2017-Q4","TP.FINHESTNKS71011.ZP24","0"
"F","2017-Q4","TP.FINHESTNKS71011.ZP26","0"
"F","2017-Q4","TP.FINHESTNKS71011.ZP27","0"
"F","2017-Q4","TP.FINHESTNKS71011.ZP28","0"
"F","2017-Q4","TP.FINHESTNKS71011.ZP29","0"
"F","2017-Q4","TP.FINHESTNKS71011.ZP30","0"
"F","2017-Q4","TP.FINHESTNKS71011.ZP31","52624574.9885"
"F","2017-Q4","TP.FINHESTNKS71011.ZP32","1085677.9813"
"F","2017-Q4","TP.FINHESTNKS71011.ZP33","51538897.0072"
"F","2017-Q4","TP.FINHESTNKS71011.ZP34","2040593519.477"
"F","2017-Q4","TP.FINHESTNKS71011.ZP35","581132344.9757"
"F","2017-Q4","TP.FINHESTNKS71011.ZP36","1459461174.5013"
"F","2017-Q4","TP.FINHESTNKS71011.ZP37","646051442.1782"
"F","2017-Q4","TP.FINHESTNKS71011.ZP38","646051442.1782"
"F","2017-Q4","TP.FINHESTNKS71011.ZP39","0"
"F","2017-Q4","TP.FINHESTNKS71011.ZP40","0"
"F","2017-Q4","TP.FINHESTNKS71011.ZP41","0"
"F","2017-Q4","TP.FINHESTNKS71011.ZP42","0"
"F","2017-Q4","TP.FINHESTNKS71011.ZP43","4140936"
"F","2017-Q4","TP.FINHESTNKS71011.ZP44","302208780.6267"
"F","2017-Q4","TP.FINHESTNKS71011.ZP45","3045619253.2704"
"F","2018-Q1","TP.FINHESTNKS71011.ZP1","-2074044525.995"
"F","2018-Q1","TP.FINHESTNKS71011.ZP2","0"
"F","2018-Q1","TP.FINHESTNKS71011.ZP3","0"
"F","2018-Q1","TP.FINHESTNKS71011.ZP4","0"
"F","2018-Q1","TP.FINHESTNKS71011.ZP5","571880237.6842"
"F","2018-Q1","TP.FINHESTNKS71011.ZP6","63968669.2112"
"F","2018-Q1","TP.FINHESTNKS71011.ZP7","197678053.003"
"F","2018-Q1","TP.FINHESTNKS71011.ZP8","310233515.4701"
"F","2018-Q1","TP.FINHESTNKS71011.ZP9","45601221.1439"
"F","2018-Q1","TP.FINHESTNKS71011.ZP10","26132724.8998"
"F","2018-Q1","TP.FINHESTNKS71011.ZP11","19468496.2441"
"F","2018-Q1","TP.FINHESTNKS71011.ZP12","30635208.777"
"F","2018-Q1","TP.FINHESTNKS71011.ZP13","30635208.777"
"F","2018-Q1","TP.FINHESTNKS71011.ZP14","0"
"F","2018-Q1","TP.FINHESTNKS71011.ZP15","159108543.6322"
"F","2018-Q1","TP.FINHESTNKS71011.ZP16","153484707.3269"
"F","2018-Q1","TP.FINHESTNKS71011.ZP17","5623836.3054"
"F","2018-Q1","TP.FINHESTNKS71011.ZP18","5623836.3054"
"F","2018-Q1","TP.FINHESTNKS71011.ZP19","0"
"F","2018-Q1","TP.FINHESTNKS71011.ZP20","18719924.587"
"F","2018-Q1","TP.FINHESTNKS71011.ZP21","2689454"
"F","2018-Q1","TP.FINHESTNKS71011.ZP22","238817144.3253"
"F","2018-Q1","TP.FINHESTNKS71011.ZP23","1067451734.1496"
"F","2018-Q1","TP.FINHESTNKS71011.ZP24","0"
"F","2018-Q1","TP.FINHESTNKS71011.ZP26","0"
"F","2018-Q1","TP.FINHESTNKS71011.ZP27","0"
"F","2018-Q1","TP.FINHESTNKS71011.ZP28","0"
"F","2018-Q1","TP.FINHESTNKS71011.ZP29","0"
"F","2018-Q1","TP.FINHESTNKS71011.ZP30","0"
"F","2018-Q1","TP.FINHESTNKS71011.ZP31","58858738.5626"
"F","2018-Q1","TP.FINHESTNKS71011.ZP32","2176787.4527"
"F","2018-Q1","TP.FINHESTNKS71011.ZP33","56681951.1099"
"F","2018-Q1","TP.FINHESTNKS71011.ZP34","2159775749.2185"
"F","2018-Q1","TP.FINHESTNKS71011.ZP35","625319320.0868"
"F","2018-Q1","TP.FINHESTNKS71011.ZP36","1534456429.1317"
"F","2018-Q1","TP.FINHESTNKS71011.ZP37","610030344.2387"
"F","2018-Q1","TP.FINHESTNKS71011.ZP38","610030344.2387"
"F","2018-Q1","TP.FINHESTNKS71011.ZP39","0"
"F","2018-Q1","TP.FINHESTNKS71011.ZP40","0"
"F","2018-Q1","TP.FINHESTNKS71011.ZP41","0"
"F","2018-Q1","TP.FINHESTNKS71011.ZP42","0"
"F","2018-Q1","TP.FINHESTNKS71011.ZP43","5275123"
"F","2018-Q1","TP.FINHESTNKS71011.ZP44","307556305.1248"
"F","2018-Q1","TP.FINHESTNKS71011.ZP45","3141496260.1446"
"F","2018-Q2","TP.FINHESTNKS71011.ZP1","-2193566537.837"
"F","2018-Q2","TP.FINHESTNKS71011.ZP2","0"
"F","2018-Q2","TP.FINHESTNKS71011.ZP3","0"
"F","2018-Q2","TP.FINHESTNKS71011.ZP4","0"
"F","2018-Q2","TP.FINHESTNKS71011.ZP5","633235757.0703"
"F","2018-Q2","TP.FINHESTNKS71011.ZP6","67062103.0667"
"F","2018-Q2","TP.FINHESTNKS71011.ZP7","227762302.7218"
"F","2018-Q2","TP.FINHESTNKS71011.ZP8","338411351.2818"
"F","2018-Q2","TP.FINHESTNKS71011.ZP9","46304993.4776"
"F","2018-Q2","TP.FINHESTNKS71011.ZP10","27374184.7623"
"F","2018-Q2","TP.FINHESTNKS71011.ZP11","18930808.7153"
"F","2018-Q2","TP.FINHESTNKS71011.ZP12","35087938.4065"
"F","2018-Q2","TP.FINHESTNKS71011.ZP13","35087938.4065"
"F","2018-Q2","TP.FINHESTNKS71011.ZP14","0"
"F","2018-Q2","TP.FINHESTNKS71011.ZP15","174880155.8644"
"F","2018-Q2","TP.FINHESTNKS71011.ZP16","168844771.4947"
"F","2018-Q2","TP.FINHESTNKS71011.ZP17","6035384.3698"
"F","2018-Q2","TP.FINHESTNKS71011.ZP18","6035384.3698"
"F","2018-Q2","TP.FINHESTNKS71011.ZP19","0"
"F","2018-Q2","TP.FINHESTNKS71011.ZP20","19667561.7709"
"F","2018-Q2","TP.FINHESTNKS71011.ZP21","4917976"
"F","2018-Q2","TP.FINHESTNKS71011.ZP22","261211758.767"
"F","2018-Q2","TP.FINHESTNKS71011.ZP23","1175306141.3567"
"F","2018-Q2","TP.FINHESTNKS71011.ZP24","0"
"F","2018-Q2","TP.FINHESTNKS71011.ZP26","0"
"F","2018-Q2","TP.FINHESTNKS71011.ZP27","0"
"F","2018-Q2","TP.FINHESTNKS71011.ZP28","0"
"F","2018-Q2","TP.FINHESTNKS71011.ZP29","0"
"F","2018-Q2","TP.FINHESTNKS71011.ZP30","0"
"F","2018-Q2","TP.FINHESTNKS71011.ZP31","62932855.9013"
"F","2018-Q2","TP.FINHESTNKS71011.ZP32","2160119.9005"
"F","2018-Q2","TP.FINHESTNKS71011.ZP33","60772736.0008"
"F","2018-Q2","TP.FINHESTNKS71011.ZP34","2362096514.9248"
"F","2018-Q2","TP.FINHESTNKS71011.ZP35","666398427.6685"
"F","2018-Q2","TP.FINHESTNKS71011.ZP36","1695698087.2563"
"F","2018-Q2","TP.FINHESTNKS71011.ZP37","595423478.6606"
"F","2018-Q2","TP.FINHESTNKS71011.ZP38","595423478.6606"
"F","2018-Q2","TP.FINHESTNKS71011.ZP39","0"
"F","2018-Q2","TP.FINHESTNKS71011.ZP40","0"
"F","2018-Q2","TP.FINHESTNKS71011.ZP41","0"
"F","2018-Q2","TP.FINHESTNKS71011.ZP42","0"
"F","2018-Q2","TP.FINHESTNKS71011.ZP43","8852434"
"F","2018-Q2","TP.FINHESTNKS71011.ZP44","339567395.707"
"F","2018-Q2","TP.FINHESTNKS71011.ZP45","3368872679.1937"
"F","2018-Q3","TP.FINHESTNKS71011.ZP1","-2405057158.1583"
"F","2018-Q3","TP.FINHESTNKS71011.ZP2","0"
"F","2018-Q3","TP.FINHESTNKS71011.ZP3","0"
"F","2018-Q3","TP.FINHESTNKS71011.ZP4","0"
"F","2018-Q3","TP.FINHESTNKS71011.ZP5","733019342.3583"
"F","2018-Q3","TP.FINHESTNKS71011.ZP6","70920951.836"
"F","2018-Q3","TP.FINHESTNKS71011.ZP7","268441118.3069"
"F","2018-Q3","TP.FINHESTNKS71011.ZP8","393657272.2154"
"F","2018-Q3","TP.FINHESTNKS71011.ZP9","39185674.8882"
"F","2018-Q3","TP.FINHESTNKS71011.ZP10","18669478.0593"
"F","2018-Q3","TP.FINHESTNKS71011.ZP11","20516196.829"
"F","2018-Q3","TP.FINHESTNKS71011.ZP12","47885015.0759"
"F","2018-Q3","TP.FINHESTNKS71011.ZP13","47885015.0759"
"F","2018-Q3","TP.FINHESTNKS71011.ZP14","0"
"F","2018-Q3","TP.FINHESTNKS71011.ZP15","221367770.0104"
"F","2018-Q3","TP.FINHESTNKS71011.ZP16","215925459.1323"
"F","2018-Q3","TP.FINHESTNKS71011.ZP17","5442310.8782"
"F","2018-Q3","TP.FINHESTNKS71011.ZP18","5442310.8782"
"F","2018-Q3","TP.FINHESTNKS71011.ZP19","0"
"F","2018-Q3","TP.FINHESTNKS71011.ZP20","20316306.5319"
"F","2018-Q3","TP.FINHESTNKS71011.ZP21","8568757"
"F","2018-Q3","TP.FINHESTNKS71011.ZP22","320172930.0701"
"F","2018-Q3","TP.FINHESTNKS71011.ZP23","1390515795.9349"
"F","2018-Q3","TP.FINHESTNKS71011.ZP24","0"
"F","2018-Q3","TP.FINHESTNKS71011.ZP26","0"
"F","2018-Q3","TP.FINHESTNKS71011.ZP27","0"
"F","2018-Q3","TP.FINHESTNKS71011.ZP28","0"
"F","2018-Q3","TP.FINHESTNKS71011.ZP29","0"
"F","2018-Q3","TP.FINHESTNKS71011.ZP30","0"
"F","2018-Q3","TP.FINHESTNKS71011.ZP31","75933733.4335"
"F","2018-Q3","TP.FINHESTNKS71011.ZP32","3691513.2471"
"F","2018-Q3","TP.FINHESTNKS71011.ZP33","72242220.1864"
"F","2018-Q3","TP.FINHESTNKS71011.ZP34","2754730833.1145"
"F","2018-Q3","TP.FINHESTNKS71011.ZP35","779779274.2811"
"F","2018-Q3","TP.FINHESTNKS71011.ZP36","1974951558.8334"
"F","2018-Q3","TP.FINHESTNKS71011.ZP37","556215044.7812"
"F","2018-Q3","TP.FINHESTNKS71011.ZP38","556215044.7812"
"F","2018-Q3","TP.FINHESTNKS71011.ZP39","0"
"F","2018-Q3","TP.FINHESTNKS71011.ZP40","0"
"F","2018-Q3","TP.FINHESTNKS71011.ZP41","0"
"F","2018-Q3","TP.FINHESTNKS71011.ZP42","0"
"F","2018-Q3","TP.FINHESTNKS71011.ZP43","15539815"
"F","2018-Q3","TP.FINHESTNKS71011.ZP44","393153527.7641"
"F","2018-Q3","TP.FINHESTNKS71011.ZP45","3795572954.0932"
"F","2018-Q4","TP.FINHESTNKS71011.ZP1","-2146422444.6223"
"F","2018-Q4","TP.FINHESTNKS71011.ZP2","0"
"F","2018-Q4","TP.FINHESTNKS71011.ZP3","0"
"F","2018-Q4","TP.FINHESTNKS71011.ZP4","0"
"F","2018-Q4","TP.FINHESTNKS71011.ZP5","674783939.0734"
"F","2018-Q4","TP.FINHESTNKS71011.ZP6","68381480.3792"
"F","2018-Q4","TP.FINHESTNKS71011.ZP7","242718152.1404"
"F","2018-Q4","TP.FINHESTNKS71011.ZP8","363684306.5538"
"F","2018-Q4","TP.FINHESTNKS71011.ZP9","36913989.8922"
"F","2018-Q4","TP.FINHESTNKS71011.ZP10","13287674.6225"
"F","2018-Q4","TP.FINHESTNKS71011.ZP11","23626315.2697"
"F","2018-Q4","TP.FINHESTNKS71011.ZP12","34630467.5627"
"F","2018-Q4","TP.FINHESTNKS71011.ZP13","34630467.5627"
"F","2018-Q4","TP.FINHESTNKS71011.ZP14","0"
"F","2018-Q4","TP.FINHESTNKS71011.ZP15","194187853.6394"
"F","2018-Q4","TP.FINHESTNKS71011.ZP16","188114199.3414"
"F","2018-Q4","TP.FINHESTNKS71011.ZP17","6073654.298"
"F","2018-Q4","TP.FINHESTNKS71011.ZP18","6073654.298"
"F","2018-Q4","TP.FINHESTNKS71011.ZP19","0"
"F","2018-Q4","TP.FINHESTNKS71011.ZP20","20987700.0499"
"F","2018-Q4","TP.FINHESTNKS71011.ZP21","3398221"
"F","2018-Q4","TP.FINHESTNKS71011.ZP22","327598982.805"
"F","2018-Q4","TP.FINHESTNKS71011.ZP23","1292501154.0225"
"F","2018-Q4","TP.FINHESTNKS71011.ZP24","0"
"F","2018-Q4","TP.FINHESTNKS71011.ZP26","0"
"F","2018-Q4","TP.FINHESTNKS71011.ZP27","0"
"F","2018-Q4","TP.FINHESTNKS71011.ZP28","0"
"F","2018-Q4","TP.FINHESTNKS71011.ZP29","0"
"F","2018-Q4","TP.FINHESTNKS71011.ZP30","0"
"F","2018-Q4","TP.FINHESTNKS71011.ZP31","67043992.4589"
"F","2018-Q4","TP.FINHESTNKS71011.ZP32","6157729.9312"
"F","2018-Q4","TP.FINHESTNKS71011.ZP33","60886262.5277"
"F","2018-Q4","TP.FINHESTNKS71011.ZP34","2478875600.7446"
"F","2018-Q4","TP.FINHESTNKS71011.ZP35","744416423.1551"
"F","2018-Q4","TP.FINHESTNKS71011.ZP36","1734459177.5895"
"F","2018-Q4","TP.FINHESTNKS71011.ZP37","508833055.5403"
"F","2018-Q4","TP.FINHESTNKS71011.ZP38","508833055.5403"
"F","2018-Q4","TP.FINHESTNKS71011.ZP39","0"
"F","2018-Q4","TP.FINHESTNKS71011.ZP40","0"
"F","2018-Q4","TP.FINHESTNKS71011.ZP41","0"
"F","2018-Q4","TP.FINHESTNKS71011.ZP42","0"
"F","2018-Q4","TP.FINHESTNKS71011.ZP43","10140868"
"F","2018-Q4","TP.FINHESTNKS71011.ZP44","374030081.9011"
"F","2018-Q4","TP.FINHESTNKS71011.ZP45","3438923598.6448"
"F","2019-Q1","TP.FINHESTNKS71011.ZP1","-2181549534.792"
"F","2019-Q1","TP.FINHESTNKS71011.ZP2","0"
"F","2019-Q1","TP.FINHESTNKS71011.ZP3","0"
"F","2019-Q1","TP.FINHESTNKS71011.ZP4","0"
"F","2019-Q1","TP.FINHESTNKS71011.ZP5","778517452.0599"
"F","2019-Q1","TP.FINHESTNKS71011.ZP6","70729215.5551"
"F","2019-Q1","TP.FINHESTNKS71011.ZP7","286334587.5996"
"F","2019-Q1","TP.FINHESTNKS71011.ZP8","421453648.9052"
"F","2019-Q1","TP.FINHESTNKS71011.ZP9","55582155.8868"
"F","2019-Q1","TP.FINHESTNKS71011.ZP10","26611749.1914"
"F","2019-Q1","TP.FINHESTNKS71011.ZP11","28970406.6953"
"F","2019-Q1","TP.FINHESTNKS71011.ZP12","36242776.8691"
"F","2019-Q1","TP.FINHESTNKS71011.ZP13","36242776.8691"
"F","2019-Q1","TP.FINHESTNKS71011.ZP14","0"
"F","2019-Q1","TP.FINHESTNKS71011.ZP15","201530413.3088"
"F","2019-Q1","TP.FINHESTNKS71011.ZP16","196867963.7974"
"F","2019-Q1","TP.FINHESTNKS71011.ZP17","4662449.5115"
"F","2019-Q1","TP.FINHESTNKS71011.ZP18","4662449.5115"
"F","2019-Q1","TP.FINHESTNKS71011.ZP19","0"
"F","2019-Q1","TP.FINHESTNKS71011.ZP20","23303381.9921"
"F","2019-Q1","TP.FINHESTNKS71011.ZP21","4082130"
"F","2019-Q1","TP.FINHESTNKS71011.ZP22","320394876.7783"
"F","2019-Q1","TP.FINHESTNKS71011.ZP23","1419653186.8949"
"F","2019-Q1","TP.FINHESTNKS71011.ZP24","0"
"F","2019-Q1","TP.FINHESTNKS71011.ZP26","0"
"F","2019-Q1","TP.FINHESTNKS71011.ZP27","0"
"F","2019-Q1","TP.FINHESTNKS71011.ZP28","0"
"F","2019-Q1","TP.FINHESTNKS71011.ZP29","0"
"F","2019-Q1","TP.FINHESTNKS71011.ZP30","0"
"F","2019-Q1","TP.FINHESTNKS71011.ZP31","81206385.8134"
"F","2019-Q1","TP.FINHESTNKS71011.ZP32","6594763.0647"
"F","2019-Q1","TP.FINHESTNKS71011.ZP33","74611622.7487"
"F","2019-Q1","TP.FINHESTNKS71011.ZP34","2612881988.6734"
"F","2019-Q1","TP.FINHESTNKS71011.ZP35","774250168.0384"
"F","2019-Q1","TP.FINHESTNKS71011.ZP36","1838631820.635"
"F","2019-Q1","TP.FINHESTNKS71011.ZP37","552403031.4323"
"F","2019-Q1","TP.FINHESTNKS71011.ZP38","552403031.4323"
"F","2019-Q1","TP.FINHESTNKS71011.ZP39","0"
"F","2019-Q1","TP.FINHESTNKS71011.ZP40","0"
"F","2019-Q1","TP.FINHESTNKS71011.ZP41","0"
"F","2019-Q1","TP.FINHESTNKS71011.ZP42","0"
"F","2019-Q1","TP.FINHESTNKS71011.ZP43","11566135"
"F","2019-Q1","TP.FINHESTNKS71011.ZP44","343145180.7678"
"F","2019-Q1","TP.FINHESTNKS71011.ZP45","3601202721.6869"
"F","2019-Q2","TP.FINHESTNKS71011.ZP1","-2205489850.0519"
"F","2019-Q2","TP.FINHESTNKS71011.ZP2","0"
"F","2019-Q2","TP.FINHESTNKS71011.ZP3","0"
"F","2019-Q2","TP.FINHESTNKS71011.ZP4","0"
"F","2019-Q2","TP.FINHESTNKS71011.ZP5","780381962.0788"
"F","2019-Q2","TP.FINHESTNKS71011.ZP6","73127399.522"
"F","2019-Q2","TP.FINHESTNKS71011.ZP7","299406624.9851"
"F","2019-Q2","TP.FINHESTNKS71011.ZP8","407847937.5717"
"F","2019-Q2","TP.FINHESTNKS71011.ZP9","61036767.9202"
"F","2019-Q2","TP.FINHESTNKS71011.ZP10","37577657.8921"
"F","2019-Q2","TP.FINHESTNKS71011.ZP11","23459110.028"
"F","2019-Q2","TP.FINHESTNKS71011.ZP12","37266526.1172"
"F","2019-Q2","TP.FINHESTNKS71011.ZP13","37266526.1172"
"F","2019-Q2","TP.FINHESTNKS71011.ZP14","0"
"F","2019-Q2","TP.FINHESTNKS71011.ZP15","217487806.3665"
"F","2019-Q2","TP.FINHESTNKS71011.ZP16","213174693.4093"
"F","2019-Q2","TP.FINHESTNKS71011.ZP17","4313112.9572"
"F","2019-Q2","TP.FINHESTNKS71011.ZP18","4313112.9572"
"F","2019-Q2","TP.FINHESTNKS71011.ZP19","0"
"F","2019-Q2","TP.FINHESTNKS71011.ZP20","24615805.3453"
"F","2019-Q2","TP.FINHESTNKS71011.ZP21","3878263"
"F","2019-Q2","TP.FINHESTNKS71011.ZP22","324238261.9396"
"F","2019-Q2","TP.FINHESTNKS71011.ZP23","1448905392.7676"
"F","2019-Q2","TP.FINHESTNKS71011.ZP24","0"
"F","2019-Q2","TP.FINHESTNKS71011.ZP26","0"
"F","2019-Q2","TP.FINHESTNKS71011.ZP27","0"
"F","2019-Q2","TP.FINHESTNKS71011.ZP28","0"
"F","2019-Q2","TP.FINHESTNKS71011.ZP29","0"
"F","2019-Q2","TP.FINHESTNKS71011.ZP30","0"
"F","2019-Q2","TP.FINHESTNKS71011.ZP31","74864348.6345"
"F","2019-Q2","TP.FINHESTNKS71011.ZP32","5506987.0885"
"F","2019-Q2","TP.FINHESTNKS71011.ZP33","69357361.5461"
"F","2019-Q2","TP.FINHESTNKS71011.ZP34","2663566043.2534"
"F","2019-Q2","TP.FINHESTNKS71011.ZP35","817444283.0178"
"F","2019-Q2","TP.FINHESTNKS71011.ZP36","1846121760.2356"
"F","2019-Q2","TP.FINHESTNKS71011.ZP37","528435248.8083"
"F","2019-Q2","TP.FINHESTNKS71011.ZP38","528435248.8083"
"F","2019-Q2","TP.FINHESTNKS71011.ZP39","0"
"F","2019-Q2","TP.FINHESTNKS71011.ZP40","0"
"F","2019-Q2","TP.FINHESTNKS71011.ZP41","0"
"F","2019-Q2","TP.FINHESTNKS71011.ZP42","0"
"F","2019-Q2","TP.FINHESTNKS71011.ZP43","10809358"
"F","2019-Q2","TP.FINHESTNKS71011.ZP44","376720244.1232"
"F","2019-Q2","TP.FINHESTNKS71011.ZP45","3654395242.8195"
"F","2019-Q3","TP.FINHESTNKS71011.ZP1","-2203203046.9724"
"F","2019-Q3","TP.FINHESTNKS71011.ZP2","0"
"F","2019-Q3","TP.FINHESTNKS71011.ZP3","0"
"F","2019-Q3","TP.FINHESTNKS71011.ZP4","0"
"F","2019-Q3","TP.FINHESTNKS71011.ZP5","794336399.3487"
"F","2019-Q3","TP.FINHESTNKS71011.ZP6","75318378.8005"
"F","2019-Q3","TP.FINHESTNKS71011.ZP7","294492388.4601"
"F","2019-Q3","TP.FINHESTNKS71011.ZP8","424525632.0881"
"F","2019-Q3","TP.FINHESTNKS71011.ZP9","60159894.6804"
"F","2019-Q3","TP.FINHESTNKS71011.ZP10","31656232.6579"
"F","2019-Q3","TP.FINHESTNKS71011.ZP11","28503662.0225"
"F","2019-Q3","TP.FINHESTNKS71011.ZP12","37124107.478"
"F","2019-Q3","TP.FINHESTNKS71011.ZP13","37124107.478"
"F","2019-Q3","TP.FINHESTNKS71011.ZP14","0"
"F","2019-Q3","TP.FINHESTNKS71011.ZP15","224489441.0259"
"F","2019-Q3","TP.FINHESTNKS71011.ZP16","219646055.569"
"F","2019-Q3","TP.FINHESTNKS71011.ZP17","4843385.4569"
"F","2019-Q3","TP.FINHESTNKS71011.ZP18","4843385.4569"
"F","2019-Q3","TP.FINHESTNKS71011.ZP19","0"
"F","2019-Q3","TP.FINHESTNKS71011.ZP20","25127984.3743"
"F","2019-Q3","TP.FINHESTNKS71011.ZP21","4832239"
"F","2019-Q3","TP.FINHESTNKS71011.ZP22","346076836.852"
"F","2019-Q3","TP.FINHESTNKS71011.ZP23","1492146902.7593"
"F","2019-Q3","TP.FINHESTNKS71011.ZP24","0"
"F","2019-Q3","TP.FINHESTNKS71011.ZP26","0"
"F","2019-Q3","TP.FINHESTNKS71011.ZP27","0"
"F","2019-Q3","TP.FINHESTNKS71011.ZP28","0"
"F","2019-Q3","TP.FINHESTNKS71011.ZP29","0"
"F","2019-Q3","TP.FINHESTNKS71011.ZP30","0"
"F","2019-Q3","TP.FINHESTNKS71011.ZP31","74938533.0751"
"F","2019-Q3","TP.FINHESTNKS71011.ZP32","6945111.6105"
"F","2019-Q3","TP.FINHESTNKS71011.ZP33","67993421.4646"
"F","2019-Q3","TP.FINHESTNKS71011.ZP34","2619900774.3964"
"F","2019-Q3","TP.FINHESTNKS71011.ZP35","819993907.2359"
"F","2019-Q3","TP.FINHESTNKS71011.ZP36","1799906867.1606"
"F","2019-Q3","TP.FINHESTNKS71011.ZP37","605941229.4618"
"F","2019-Q3","TP.FINHESTNKS71011.ZP38","605941229.4618"
"F","2019-Q3","TP.FINHESTNKS71011.ZP39","0"
"F","2019-Q3","TP.FINHESTNKS71011.ZP40","0"
"F","2019-Q3","TP.FINHESTNKS71011.ZP41","0"
"F","2019-Q3","TP.FINHESTNKS71011.ZP42","0"
"F","2019-Q3","TP.FINHESTNKS71011.ZP43","14413121"
"F","2019-Q3","TP.FINHESTNKS71011.ZP44","380156291.7983"
"F","2019-Q3","TP.FINHESTNKS71011.ZP45","3695349949.7317"
"F","2019-Q4","TP.FINHESTNKS71011.ZP1","-2138182979.1566"
"F","2019-Q4","TP.FINHESTNKS71011.ZP2","0"
"F","2019-Q4","TP.FINHESTNKS71011.ZP3","0"
"F","2019-Q4","TP.FINHESTNKS71011.ZP4","0"
"F","2019-Q4","TP.FINHESTNKS71011.ZP5","881490396.6255"
"F","2019-Q4","TP.FINHESTNKS71011.ZP6","75941319.8289"
"F","2019-Q4","TP.FINHESTNKS71011.ZP7","328481302.4985"
"F","2019-Q4","TP.FINHESTNKS71011.ZP8","477067774.2981"
"F","2019-Q4","TP.FINHESTNKS71011.ZP9","62975904.024"
"F","2019-Q4","TP.FINHESTNKS71011.ZP10","32163326.4557"
"F","2019-Q4","TP.FINHESTNKS71011.ZP11","30812577.5684"
"F","2019-Q4","TP.FINHESTNKS71011.ZP12","43649012.5178"
"F","2019-Q4","TP.FINHESTNKS71011.ZP13","43649012.5178"
"F","2019-Q4","TP.FINHESTNKS71011.ZP14","0"
"F","2019-Q4","TP.FINHESTNKS71011.ZP15","244405890.6652"
"F","2019-Q4","TP.FINHESTNKS71011.ZP16","238514647.1641"
"F","2019-Q4","TP.FINHESTNKS71011.ZP17","5891243.5011"
"F","2019-Q4","TP.FINHESTNKS71011.ZP18","5891243.5011"
"F","2019-Q4","TP.FINHESTNKS71011.ZP19","0"
"F","2019-Q4","TP.FINHESTNKS71011.ZP20","26729942.8883"
"F","2019-Q4","TP.FINHESTNKS71011.ZP21","4000583"
"F","2019-Q4","TP.FINHESTNKS71011.ZP22","355147587.6473"
"F","2019-Q4","TP.FINHESTNKS71011.ZP23","1618399317.3682"
"F","2019-Q4","TP.FINHESTNKS71011.ZP24","0"
"F","2019-Q4","TP.FINHESTNKS71011.ZP26","0"
"F","2019-Q4","TP.FINHESTNKS71011.ZP27","0"
"F","2019-Q4","TP.FINHESTNKS71011.ZP28","0"
"F","2019-Q4","TP.FINHESTNKS71011.ZP29","0"
"F","2019-Q4","TP.FINHESTNKS71011.ZP30","0"
"F","2019-Q4","TP.FINHESTNKS71011.ZP31","80799698.2134"
"F","2019-Q4","TP.FINHESTNKS71011.ZP32","7851497.79"
"F","2019-Q4","TP.FINHESTNKS71011.ZP33","72948200.4234"
"F","2019-Q4","TP.FINHESTNKS71011.ZP34","2716716255.8582"
"F","2019-Q4","TP.FINHESTNKS71011.ZP35","804959064.3067"
"F","2019-Q4","TP.FINHESTNKS71011.ZP36","1911757191.5515"
"F","2019-Q4","TP.FINHESTNKS71011.ZP37","532866045.4859"
"F","2019-Q4","TP.FINHESTNKS71011.ZP38","532866045.4859"
"F","2019-Q4","TP.FINHESTNKS71011.ZP39","0"
"F","2019-Q4","TP.FINHESTNKS71011.ZP40","0"
"F","2019-Q4","TP.FINHESTNKS71011.ZP41","0"
"F","2019-Q4","TP.FINHESTNKS71011.ZP42","0"
"F","2019-Q4","TP.FINHESTNKS71011.ZP43","8379306"
"F","2019-Q4","TP.FINHESTNKS71011.ZP44","417820990.9674"
"F","2019-Q4","TP.FINHESTNKS71011.ZP45","3756582296.5249"
"F","2020-Q1","TP.FINHESTNKS71011.ZP1","-2360013210.5511"
"F","2020-Q1","TP.FINHESTNKS71011.ZP2","0"
"F","2020-Q1","TP.FINHESTNKS71011.ZP3","0"
"F","2020-Q1","TP.FINHESTNKS71011.ZP4","0"
"F","2020-Q1","TP.FINHESTNKS71011.ZP5","945594490.8822"
"F","2020-Q1","TP.FINHESTNKS71011.ZP6","78490904.0568"
"F","2020-Q1","TP.FINHESTNKS71011.ZP7","331516211.0962"
"F","2020-Q1","TP.FINHESTNKS71011.ZP8","535587375.7292"
"F","2020-Q1","TP.FINHESTNKS71011.ZP9","71710994.7757"
"F","2020-Q1","TP.FINHESTNKS71011.ZP10","33803373.7687"
"F","2020-Q1","TP.FINHESTNKS71011.ZP11","37907621.007"
"F","2020-Q1","TP.FINHESTNKS71011.ZP12","47852753.8819"
"F","2020-Q1","TP.FINHESTNKS71011.ZP13","47852753.8819"
"F","2020-Q1","TP.FINHESTNKS71011.ZP14","0"
"F","2020-Q1","TP.FINHESTNKS71011.ZP15","273349642.4371"
"F","2020-Q1","TP.FINHESTNKS71011.ZP16","251321495.5971"
"F","2020-Q1","TP.FINHESTNKS71011.ZP17","22028146.8401"
"F","2020-Q1","TP.FINHESTNKS71011.ZP18","10493402.8468"
"F","2020-Q1","TP.FINHESTNKS71011.ZP19","11534743.9933"
"F","2020-Q1","TP.FINHESTNKS71011.ZP20","28176196.5694"
"F","2020-Q1","TP.FINHESTNKS71011.ZP21","5757441"
"F","2020-Q1","TP.FINHESTNKS71011.ZP22","357216411.2921"
"F","2020-Q1","TP.FINHESTNKS71011.ZP23","1729657930.8384"
"F","2020-Q1","TP.FINHESTNKS71011.ZP24","0"
"F","2020-Q1","TP.FINHESTNKS71011.ZP26","0"
"F","2020-Q1","TP.FINHESTNKS71011.ZP27","0"
"F","2020-Q1","TP.FINHESTNKS71011.ZP28","0"
"F","2020-Q1","TP.FINHESTNKS71011.ZP29","0"
"F","2020-Q1","TP.FINHESTNKS71011.ZP30","0"
"F","2020-Q1","TP.FINHESTNKS71011.ZP31","113807771.1303"
"F","2020-Q1","TP.FINHESTNKS71011.ZP32","10801257.8829"
"F","2020-Q1","TP.FINHESTNKS71011.ZP33","103006513.2474"
"F","2020-Q1","TP.FINHESTNKS71011.ZP34","2913977844.1484"
"F","2020-Q1","TP.FINHESTNKS71011.ZP35","873933814.697"
"F","2020-Q1","TP.FINHESTNKS71011.ZP36","2040044029.4514"
"F","2020-Q1","TP.FINHESTNKS71011.ZP37","657402584.2835"
"F","2020-Q1","TP.FINHESTNKS71011.ZP38","657402584.2835"
"F","2020-Q1","TP.FINHESTNKS71011.ZP39","0"
"F","2020-Q1","TP.FINHESTNKS71011.ZP40","0"
"F","2020-Q1","TP.FINHESTNKS71011.ZP41","0"
"F","2020-Q1","TP.FINHESTNKS71011.ZP42","0"
"F","2020-Q1","TP.FINHESTNKS71011.ZP43","13581689"
"F","2020-Q1","TP.FINHESTNKS71011.ZP44","390901252.8273"
"F","2020-Q1","TP.FINHESTNKS71011.ZP45","4089671141.3895"
"F","2020-Q2","TP.FINHESTNKS71011.ZP1","-2725236502.3598"
"F","2020-Q2","TP.FINHESTNKS71011.ZP2","0"
"F","2020-Q2","TP.FINHESTNKS71011.ZP3","0"
"F","2020-Q2","TP.FINHESTNKS71011.ZP4","0"
"F","2020-Q2","TP.FINHESTNKS71011.ZP5","1070917683.2303"
"F","2020-Q2","TP.FINHESTNKS71011.ZP6","78657131.6951"
"F","2020-Q2","TP.FINHESTNKS71011.ZP7","410699804.0698"
"F","2020-Q2","TP.FINHESTNKS71011.ZP8","581560747.4653"
"F","2020-Q2","TP.FINHESTNKS71011.ZP9","90443577.939"
"F","2020-Q2","TP.FINHESTNKS71011.ZP10","40179131.0541"
"F","2020-Q2","TP.FINHESTNKS71011.ZP11","50264446.8849"
"F","2020-Q2","TP.FINHESTNKS71011.ZP12","50483458.0636"
"F","2020-Q2","TP.FINHESTNKS71011.ZP13","50483458.0636"
"F","2020-Q2","TP.FINHESTNKS71011.ZP14","0"
"F","2020-Q2","TP.FINHESTNKS71011.ZP15","302463480.8728"
"F","2020-Q2","TP.FINHESTNKS71011.ZP16","275624939.4237"
"F","2020-Q2","TP.FINHESTNKS71011.ZP17","26838541.4491"
"F","2020-Q2","TP.FINHESTNKS71011.ZP18","11306184.3688"
"F","2020-Q2","TP.FINHESTNKS71011.ZP19","15532357.0803"
"F","2020-Q2","TP.FINHESTNKS71011.ZP20","29059310.8852"
"F","2020-Q2","TP.FINHESTNKS71011.ZP21","4992454"
"F","2020-Q2","TP.FINHESTNKS71011.ZP22","336860557.0711"
"F","2020-Q2","TP.FINHESTNKS71011.ZP23","1885220522.062"
"F","2020-Q2","TP.FINHESTNKS71011.ZP24","0"
"F","2020-Q2","TP.FINHESTNKS71011.ZP26","0"
"F","2020-Q2","TP.FINHESTNKS71011.ZP27","0"
"F","2020-Q2","TP.FINHESTNKS71011.ZP28","0"
"F","2020-Q2","TP.FINHESTNKS71011.ZP29","0"
"F","2020-Q2","TP.FINHESTNKS71011.ZP30","0"
"F","2020-Q2","TP.FINHESTNKS71011.ZP31","120949667.6831"
"F","2020-Q2","TP.FINHESTNKS71011.ZP32","11603018.5658"
"F","2020-Q2","TP.FINHESTNKS71011.ZP33","109346649.1173"
"F","2020-Q2","TP.FINHESTNKS71011.ZP34","3217352268.9095"
"F","2020-Q2","TP.FINHESTNKS71011.ZP35","921035624.1617"
"F","2020-Q2","TP.FINHESTNKS71011.ZP36","2296316644.7478"
"F","2020-Q2","TP.FINHESTNKS71011.ZP37","878160265.058"
"F","2020-Q2","TP.FINHESTNKS71011.ZP38","878160265.058"
"F","2020-Q2","TP.FINHESTNKS71011.ZP39","0"
"F","2020-Q2","TP.FINHESTNKS71011.ZP40","0"
"F","2020-Q2","TP.FINHESTNKS71011.ZP41","0"
"F","2020-Q2","TP.FINHESTNKS71011.ZP42","0"
"F","2020-Q2","TP.FINHESTNKS71011.ZP43","13736642"
"F","2020-Q2","TP.FINHESTNKS71011.ZP44","380258180.7711"
"F","2020-Q2","TP.FINHESTNKS71011.ZP45","4610457024.4218"
"F","2020-Q3","TP.FINHESTNKS71011.ZP1","-3026126766.2515"
"F","2020-Q3","TP.FINHESTNKS71011.ZP2","0"
"F","2020-Q3","TP.FINHESTNKS71011.ZP3","0"
"F","2020-Q3","TP.FINHESTNKS71011.ZP4","0"
"F","2020-Q3","TP.FINHESTNKS71011.ZP5","1161341957.5793"
"F","2020-Q3","TP.FINHESTNKS71011.ZP6","83176723.4901"
"F","2020-Q3","TP.FINHESTNKS71011.ZP7","454501585.1424"
"F","2020-Q3","TP.FINHESTNKS71011.ZP8","623663648.9468"
"F","2020-Q3","TP.FINHESTNKS71011.ZP9","76070530.6487"
"F","2020-Q3","TP.FINHESTNKS71011.ZP10","19597703.4358"
"F","2020-Q3","TP.FINHESTNKS71011.ZP11","56472827.2129"
"F","2020-Q3","TP.FINHESTNKS71011.ZP12","58898090.8604"
"F","2020-Q3","TP.FINHESTNKS71011.ZP13","58898090.8604"
"F","2020-Q3","TP.FINHESTNKS71011.ZP14","0"
"F","2020-Q3","TP.FINHESTNKS71011.ZP15","339589580.9934"
"F","2020-Q3","TP.FINHESTNKS71011.ZP16","315058261.9049"
"F","2020-Q3","TP.FINHESTNKS71011.ZP17","24531319.0885"
"F","2020-Q3","TP.FINHESTNKS71011.ZP18","8740398.0732"
"F","2020-Q3","TP.FINHESTNKS71011.ZP19","15790921.0153"
"F","2020-Q3","TP.FINHESTNKS71011.ZP20","30225521.5324"
"F","2020-Q3","TP.FINHESTNKS71011.ZP21","7477344"
"F","2020-Q3","TP.FINHESTNKS71011.ZP22","443274351.1585"
"F","2020-Q3","TP.FINHESTNKS71011.ZP23","2116877376.7726"
"F","2020-Q3","TP.FINHESTNKS71011.ZP24","0"
"F","2020-Q3","TP.FINHESTNKS71011.ZP26","0"
"F","2020-Q3","TP.FINHESTNKS71011.ZP27","0"
"F","2020-Q3","TP.FINHESTNKS71011.ZP28","0"
"F","2020-Q3","TP.FINHESTNKS71011.ZP29","0"
"F","2020-Q3","TP.FINHESTNKS71011.ZP30","0"
"F","2020-Q3","TP.FINHESTNKS71011.ZP31","79500503.36"
"F","2020-Q3","TP.FINHESTNKS71011.ZP32","1630823.2648"
"F","2020-Q3","TP.FINHESTNKS71011.ZP33","77869680.0952"
"F","2020-Q3","TP.FINHESTNKS71011.ZP34","3484978163.5221"
"F","2020-Q3","TP.FINHESTNKS71011.ZP35","982275092.5411"
"F","2020-Q3","TP.FINHESTNKS71011.ZP36","2502703070.981"
"F","2020-Q3","TP.FINHESTNKS71011.ZP37","1110559700.272"
"F","2020-Q3","TP.FINHESTNKS71011.ZP38","1110559700.272"
"F","2020-Q3","TP.FINHESTNKS71011.ZP39","0"
"F","2020-Q3","TP.FINHESTNKS71011.ZP40","0"
"F","2020-Q3","TP.FINHESTNKS71011.ZP41","0"
"F","2020-Q3","TP.FINHESTNKS71011.ZP42","0"
"F","2020-Q3","TP.FINHESTNKS71011.ZP43","17588792"
"F","2020-Q3","TP.FINHESTNKS71011.ZP44","450376983.87"
"F","2020-Q3","TP.FINHESTNKS71011.ZP45","5143004143.0241"
"F","2020-Q4","TP.FINHESTNKS71011.ZP1","-3326543723.2883"
"F","2020-Q4","TP.FINHESTNKS71011.ZP2","0"
"F","2020-Q4","TP.FINHESTNKS71011.ZP3","0"
"F","2020-Q4","TP.FINHESTNKS71011.ZP4","0"
"F","2020-Q4","TP.FINHESTNKS71011.ZP5","1182210032.3735"
"F","2020-Q4","TP.FINHESTNKS71011.ZP6","97232731.349"
"F","2020-Q4","TP.FINHESTNKS71011.ZP7","441336744.7593"
"F","2020-Q4","TP.FINHESTNKS71011.ZP8","643640556.2652"
"F","2020-Q4","TP.FINHESTNKS71011.ZP9","62357455.3899"
"F","2020-Q4","TP.FINHESTNKS71011.ZP10","14128398.6911"
"F","2020-Q4","TP.FINHESTNKS71011.ZP11","48229056.6988"
"F","2020-Q4","TP.FINHESTNKS71011.ZP12","49430457.0069"
"F","2020-Q4","TP.FINHESTNKS71011.ZP13","49430457.0069"
"F","2020-Q4","TP.FINHESTNKS71011.ZP14","0"
"F","2020-Q4","TP.FINHESTNKS71011.ZP15","332184818.6155"
"F","2020-Q4","TP.FINHESTNKS71011.ZP16","306725037.6159"
"F","2020-Q4","TP.FINHESTNKS71011.ZP17","25459780.9995"
"F","2020-Q4","TP.FINHESTNKS71011.ZP18","8261870.2818"
"F","2020-Q4","TP.FINHESTNKS71011.ZP19","17197910.7178"
"F","2020-Q4","TP.FINHESTNKS71011.ZP20","32102882.4239"
"F","2020-Q4","TP.FINHESTNKS71011.ZP21","4878629"
"F","2020-Q4","TP.FINHESTNKS71011.ZP22","463800927.1309"
"F","2020-Q4","TP.FINHESTNKS71011.ZP23","2126965201.9406"
"F","2020-Q4","TP.FINHESTNKS71011.ZP24","0"
"F","2020-Q4","TP.FINHESTNKS71011.ZP26","0"
"F","2020-Q4","TP.FINHESTNKS71011.ZP27","0"
"F","2020-Q4","TP.FINHESTNKS71011.ZP28","0"
"F","2020-Q4","TP.FINHESTNKS71011.ZP29","0"
"F","2020-Q4","TP.FINHESTNKS71011.ZP30","0"
"F","2020-Q4","TP.FINHESTNKS71011.ZP31","83914690.27"
"F","2020-Q4","TP.FINHESTNKS71011.ZP32","1492285.2248"
"F","2020-Q4","TP.FINHESTNKS71011.ZP33","82422405.0452"
"F","2020-Q4","TP.FINHESTNKS71011.ZP34","3467791138.315"
"F","2020-Q4","TP.FINHESTNKS71011.ZP35","1000852636.6869"
"F","2020-Q4","TP.FINHESTNKS71011.ZP36","2466938501.6281"
"F","2020-Q4","TP.FINHESTNKS71011.ZP37","1380208751.4009"
"F","2020-Q4","TP.FINHESTNKS71011.ZP38","1380208751.4009"
"F","2020-Q4","TP.FINHESTNKS71011.ZP39","0"
"F","2020-Q4","TP.FINHESTNKS71011.ZP40","0"
"F","2020-Q4","TP.FINHESTNKS71011.ZP41","0"
"F","2020-Q4","TP.FINHESTNKS71011.ZP42","0"
"F","2020-Q4","TP.FINHESTNKS71011.ZP43","14826522"
"F","2020-Q4","TP.FINHESTNKS71011.ZP44","506767823.243"
"F","2020-Q4","TP.FINHESTNKS71011.ZP45","5453508925.2289"
"F","2021-Q1","TP.FINHESTNKS71011.ZP1","-3753230645.9764"
"F","2021-Q1","TP.FINHESTNKS71011.ZP2","0"
"F","2021-Q1","TP.FINHESTNKS71011.ZP3","0"
"F","2021-Q1","TP.FINHESTNKS71011.ZP4","0"
"F","2021-Q1","TP.FINHESTNKS71011.ZP5","1238387880.7599"
"F","2021-Q1","TP.FINHESTNKS71011.ZP6","103731383.2367"
"F","2021-Q1","TP.FINHESTNKS71011.ZP7","455777648.9331"
"F","2021-Q1","TP.FINHESTNKS71011.ZP8","678878848.5902"
"F","2021-Q1","TP.FINHESTNKS71011.ZP9","66668745.8477"
"F","2021-Q1","TP.FINHESTNKS71011.ZP10","14768536.8655"
"F","2021-Q1","TP.FINHESTNKS71011.ZP11","51900208.9822"
"F","2021-Q1","TP.FINHESTNKS71011.ZP12","58510571.7384"
"F","2021-Q1","TP.FINHESTNKS71011.ZP13","58510571.7384"
"F","2021-Q1","TP.FINHESTNKS71011.ZP14","0"
"F","2021-Q1","TP.FINHESTNKS71011.ZP15","363309526.0553"
"F","2021-Q1","TP.FINHESTNKS71011.ZP16","334117803.8073"
"F","2021-Q1","TP.FINHESTNKS71011.ZP17","29191722.248"
"F","2021-Q1","TP.FINHESTNKS71011.ZP18","10191639.1205"
"F","2021-Q1","TP.FINHESTNKS71011.ZP19","19000083.1275"
"F","2021-Q1","TP.FINHESTNKS71011.ZP20","35057405.8282"
"F","2021-Q1","TP.FINHESTNKS71011.ZP21","7118960"
"F","2021-Q1","TP.FINHESTNKS71011.ZP22","516527564.6531"
"F","2021-Q1","TP.FINHESTNKS71011.ZP23","2285580654.8825"
"F","2021-Q1","TP.FINHESTNKS71011.ZP24","0"
"F","2021-Q1","TP.FINHESTNKS71011.ZP26","0"
"F","2021-Q1","TP.FINHESTNKS71011.ZP27","0"
"F","2021-Q1","TP.FINHESTNKS71011.ZP28","0"
"F","2021-Q1","TP.FINHESTNKS71011.ZP29","0"
"F","2021-Q1","TP.FINHESTNKS71011.ZP30","0"
"F","2021-Q1","TP.FINHESTNKS71011.ZP31","93971368.54"
"F","2021-Q1","TP.FINHESTNKS71011.ZP32","1281361.7919"
"F","2021-Q1","TP.FINHESTNKS71011.ZP33","92690006.7481"
"F","2021-Q1","TP.FINHESTNKS71011.ZP34","3721354118.3098"
"F","2021-Q1","TP.FINHESTNKS71011.ZP35","1098329742.3501"
"F","2021-Q1","TP.FINHESTNKS71011.ZP36","2623024375.9596"
"F","2021-Q1","TP.FINHESTNKS71011.ZP37","1715790079.273"
"F","2021-Q1","TP.FINHESTNKS71011.ZP38","1715790079.273"
"F","2021-Q1","TP.FINHESTNKS71011.ZP39","0"
"F","2021-Q1","TP.FINHESTNKS71011.ZP40","0"
"F","2021-Q1","TP.FINHESTNKS71011.ZP41","0"
"F","2021-Q1","TP.FINHESTNKS71011.ZP42","0"
"F","2021-Q1","TP.FINHESTNKS71011.ZP43","14889755"
"F","2021-Q1","TP.FINHESTNKS71011.ZP44","492805979.7362"
"F","2021-Q1","TP.FINHESTNKS71011.ZP45","6038811300.8589"
"F","2021-Q2","TP.FINHESTNKS71011.ZP1","-3714307742.6424"
"F","2021-Q2","TP.FINHESTNKS71011.ZP2","0"
"F","2021-Q2","TP.FINHESTNKS71011.ZP3","0"
"F","2021-Q2","TP.FINHESTNKS71011.ZP4","0"
"F","2021-Q2","TP.FINHESTNKS71011.ZP5","1293824131.2239"
"F","2021-Q2","TP.FINHESTNKS71011.ZP6","114549556.6269"
"F","2021-Q2","TP.FINHESTNKS71011.ZP7","499971288.9627"
"F","2021-Q2","TP.FINHESTNKS71011.ZP8","679303285.6343"
"F","2021-Q2","TP.FINHESTNKS71011.ZP9","67730030.9804"
"F","2021-Q2","TP.FINHESTNKS71011.ZP10","9557564.6168"
"F","2021-Q2","TP.FINHESTNKS71011.ZP11","58172466.3636"
"F","2021-Q2","TP.FINHESTNKS71011.ZP12","64413727.2599"
"F","2021-Q2","TP.FINHESTNKS71011.ZP13","64413727.2599"
"F","2021-Q2","TP.FINHESTNKS71011.ZP14","0"
"F","2021-Q2","TP.FINHESTNKS71011.ZP15","385246626.7577"
"F","2021-Q2","TP.FINHESTNKS71011.ZP16","351100717.4384"
"F","2021-Q2","TP.FINHESTNKS71011.ZP17","34145909.3193"
"F","2021-Q2","TP.FINHESTNKS71011.ZP18","13162621.5443"
"F","2021-Q2","TP.FINHESTNKS71011.ZP19","20983287.775"
"F","2021-Q2","TP.FINHESTNKS71011.ZP20","36111440.1351"
"F","2021-Q2","TP.FINHESTNKS71011.ZP21","4394742"
"F","2021-Q2","TP.FINHESTNKS71011.ZP22","573616161.0844"
"F","2021-Q2","TP.FINHESTNKS71011.ZP23","2425336859.4413"
"F","2021-Q2","TP.FINHESTNKS71011.ZP24","0"
"F","2021-Q2","TP.FINHESTNKS71011.ZP26","0"
"F","2021-Q2","TP.FINHESTNKS71011.ZP27","0"
"F","2021-Q2","TP.FINHESTNKS71011.ZP28","0"
"F","2021-Q2","TP.FINHESTNKS71011.ZP29","0"
"F","2021-Q2","TP.FINHESTNKS71011.ZP30","0"
"F","2021-Q2","TP.FINHESTNKS71011.ZP31","121219261.128"
"F","2021-Q2","TP.FINHESTNKS71011.ZP32","1359243.0238"
"F","2021-Q2","TP.FINHESTNKS71011.ZP33","119860018.1042"
"F","2021-Q2","TP.FINHESTNKS71011.ZP34","3865287218.1022"
"F","2021-Q2","TP.FINHESTNKS71011.ZP35","1166511658.5105"
"F","2021-Q2","TP.FINHESTNKS71011.ZP36","2698775559.5917"
"F","2021-Q2","TP.FINHESTNKS71011.ZP37","1563501606.7538"
"F","2021-Q2","TP.FINHESTNKS71011.ZP38","1563501606.7538"
"F","2021-Q2","TP.FINHESTNKS71011.ZP39","0"
"F","2021-Q2","TP.FINHESTNKS71011.ZP40","0"
"F","2021-Q2","TP.FINHESTNKS71011.ZP41","0"
"F","2021-Q2","TP.FINHESTNKS71011.ZP42","0"
"F","2021-Q2","TP.FINHESTNKS71011.ZP43","13598626"
"F","2021-Q2","TP.FINHESTNKS71011.ZP44","576037890.0997"
"F","2021-Q2","TP.FINHESTNKS71011.ZP45","6139644602.0837"
"F","2021-Q3","TP.FINHESTNKS71011.ZP1","-3834480442.3258"
"F","2021-Q3","TP.FINHESTNKS71011.ZP2","0"
"F","2021-Q3","TP.FINHESTNKS71011.ZP3","0"
"F","2021-Q3","TP.FINHESTNKS71011.ZP4","0"
"F","2021-Q3","TP.FINHESTNKS71011.ZP5","1399395154.3141"
"F","2021-Q3","TP.FINHESTNKS71011.ZP6","124668042.1838"
"F","2021-Q3","TP.FINHESTNKS71011.ZP7","530376441.0037"
"F","2021-Q3","TP.FINHESTNKS71011.ZP8","744350671.1266"
"F","2021-Q3","TP.FINHESTNKS71011.ZP9","74497040.3988"
"F","2021-Q3","TP.FINHESTNKS71011.ZP10","10203264.0539"
"F","2021-Q3","TP.FINHESTNKS71011.ZP11","64293776.3449"
"F","2021-Q3","TP.FINHESTNKS71011.ZP12","74088534.1405"
"F","2021-Q3","TP.FINHESTNKS71011.ZP13","74088534.1405"
"F","2021-Q3","TP.FINHESTNKS71011.ZP14","0"
"F","2021-Q3","TP.FINHESTNKS71011.ZP15","401919822.8484"
"F","2021-Q3","TP.FINHESTNKS71011.ZP16","363419023.4354"
"F","2021-Q3","TP.FINHESTNKS71011.ZP17","38500799.413"
"F","2021-Q3","TP.FINHESTNKS71011.ZP18","13526094.4769"
"F","2021-Q3","TP.FINHESTNKS71011.ZP19","24974704.9362"
"F","2021-Q3","TP.FINHESTNKS71011.ZP20","37607618.4065"
"F","2021-Q3","TP.FINHESTNKS71011.ZP21","5059816"
"F","2021-Q3","TP.FINHESTNKS71011.ZP22","626206215.4075"
"F","2021-Q3","TP.FINHESTNKS71011.ZP23","2618774201.5158"
"F","2021-Q3","TP.FINHESTNKS71011.ZP24","0"
"F","2021-Q3","TP.FINHESTNKS71011.ZP26","0"
"F","2021-Q3","TP.FINHESTNKS71011.ZP27","0"
"F","2021-Q3","TP.FINHESTNKS71011.ZP28","0"
"F","2021-Q3","TP.FINHESTNKS71011.ZP29","0"
"F","2021-Q3","TP.FINHESTNKS71011.ZP30","0"
"F","2021-Q3","TP.FINHESTNKS71011.ZP31","121588073.42"
"F","2021-Q3","TP.FINHESTNKS71011.ZP32","1235645.4924"
"F","2021-Q3","TP.FINHESTNKS71011.ZP33","120352427.9276"
"F","2021-Q3","TP.FINHESTNKS71011.ZP34","3961215676.383"
"F","2021-Q3","TP.FINHESTNKS71011.ZP35","1279605369.3161"
"F","2021-Q3","TP.FINHESTNKS71011.ZP36","2681610307.0669"
"F","2021-Q3","TP.FINHESTNKS71011.ZP37","1745142059.1013"
"F","2021-Q3","TP.FINHESTNKS71011.ZP38","1745142059.1013"
"F","2021-Q3","TP.FINHESTNKS71011.ZP39","0"
"F","2021-Q3","TP.FINHESTNKS71011.ZP40","0"
"F","2021-Q3","TP.FINHESTNKS71011.ZP41","0"
"F","2021-Q3","TP.FINHESTNKS71011.ZP42","0"
"F","2021-Q3","TP.FINHESTNKS71011.ZP43","12254810"
"F","2021-Q3","TP.FINHESTNKS71011.ZP44","613054024.9373"
"F","2021-Q3","TP.FINHESTNKS71011.ZP45","6453254643.8417"
"F","2021-Q4","TP.FINHESTNKS71011.ZP1","-5086852994.1966"
"F","2021-Q4","TP.FINHESTNKS71011.ZP2","0"
"F","2021-Q4","TP.FINHESTNKS71011.ZP3","0"
"F","2021-Q4","TP.FINHESTNKS71011.ZP4","0"
"F","2021-Q4","TP.FINHESTNKS71011.ZP5","1845156383.8788"
"F","2021-Q4","TP.FINHESTNKS71011.ZP6","109181097.6637"
"F","2021-Q4","TP.FINHESTNKS71011.ZP7","800534073.0358"
"F","2021-Q4","TP.FINHESTNKS71011.ZP8","935441213.1794"
"F","2021-Q4","TP.FINHESTNKS71011.ZP9","75173821.9121"
"F","2021-Q4","TP.FINHESTNKS71011.ZP10","3755434.1825"
"F","2021-Q4","TP.FINHESTNKS71011.ZP11","71418387.7296"
"F","2021-Q4","TP.FINHESTNKS71011.ZP12","72556324.5377"
"F","2021-Q4","TP.FINHESTNKS71011.ZP13","72556324.5377"
"F","2021-Q4","TP.FINHESTNKS71011.ZP14","0"
"F","2021-Q4","TP.FINHESTNKS71011.ZP15","577246539.0882"
"F","2021-Q4","TP.FINHESTNKS71011.ZP16","526696896.7361"
"F","2021-Q4","TP.FINHESTNKS71011.ZP17","50549642.3521"
"F","2021-Q4","TP.FINHESTNKS71011.ZP18","16903420.7762"
"F","2021-Q4","TP.FINHESTNKS71011.ZP19","33646221.5758"
"F","2021-Q4","TP.FINHESTNKS71011.ZP20","41867737.2372"
"F","2021-Q4","TP.FINHESTNKS71011.ZP21","24438838"
"F","2021-Q4","TP.FINHESTNKS71011.ZP22","821536779.295"
"F","2021-Q4","TP.FINHESTNKS71011.ZP23","3457976423.9489"
"F","2021-Q4","TP.FINHESTNKS71011.ZP24","0"
"F","2021-Q4","TP.FINHESTNKS71011.ZP26","0"
"F","2021-Q4","TP.FINHESTNKS71011.ZP27","0"
"F","2021-Q4","TP.FINHESTNKS71011.ZP28","0"
"F","2021-Q4","TP.FINHESTNKS71011.ZP29","0"
"F","2021-Q4","TP.FINHESTNKS71011.ZP30","0"
"F","2021-Q4","TP.FINHESTNKS71011.ZP31","166443458.75"
"F","2021-Q4","TP.FINHESTNKS71011.ZP32","1760344.1395"
"F","2021-Q4","TP.FINHESTNKS71011.ZP33","164683114.6105"
"F","2021-Q4","TP.FINHESTNKS71011.ZP34","5095090180.787"
"F","2021-Q4","TP.FINHESTNKS71011.ZP35","1647097987.3769"
"F","2021-Q4","TP.FINHESTNKS71011.ZP36","3447992193.4101"
"F","2021-Q4","TP.FINHESTNKS71011.ZP37","2443870183.5228"
"F","2021-Q4","TP.FINHESTNKS71011.ZP38","2443870183.5228"
"F","2021-Q4","TP.FINHESTNKS71011.ZP39","0"
"F","2021-Q4","TP.FINHESTNKS71011.ZP40","0"
"F","2021-Q4","TP.FINHESTNKS71011.ZP41","0"
"F","2021-Q4","TP.FINHESTNKS71011.ZP42","0"
"F","2021-Q4","TP.FINHESTNKS71011.ZP43","33571691"
"F","2021-Q4","TP.FINHESTNKS71011.ZP44","805853904.0858"
"F","2021-Q4","TP.FINHESTNKS71011.ZP45","8544829418.1456"
"F","2022-Q1","TP.FINHESTNKS71011.ZP1","-5513206992.0829"
"F","2022-Q1","TP.FINHESTNKS71011.ZP2","0"
"F","2022-Q1","TP.FINHESTNKS71011.ZP3","0"
"F","2022-Q1","TP.FINHESTNKS71011.ZP4","0"
"F","2022-Q1","TP.FINHESTNKS71011.ZP5","2072966965.2949"
"F","2022-Q1","TP.FINHESTNKS71011.ZP6","126073497.6096"
"F","2022-Q1","TP.FINHESTNKS71011.ZP7","828865564.5691"
"F","2022-Q1","TP.FINHESTNKS71011.ZP8","1118027903.1162"
"F","2022-Q1","TP.FINHESTNKS71011.ZP9","74624804.89"
"F","2022-Q1","TP.FINHESTNKS71011.ZP10","1694485.1639"
"F","2022-Q1","TP.FINHESTNKS71011.ZP11","72930319.7261"
"F","2022-Q1","TP.FINHESTNKS71011.ZP12","84216425.9633"
"F","2022-Q1","TP.FINHESTNKS71011.ZP13","84216425.9633"
"F","2022-Q1","TP.FINHESTNKS71011.ZP14","0"
"F","2022-Q1","TP.FINHESTNKS71011.ZP15","676689378.9455"
"F","2022-Q1","TP.FINHESTNKS71011.ZP16","614129767.7336"
"F","2022-Q1","TP.FINHESTNKS71011.ZP17","62559611.212"
"F","2022-Q1","TP.FINHESTNKS71011.ZP18","22020586.7152"
"F","2022-Q1","TP.FINHESTNKS71011.ZP19","40539024.4968"
"F","2022-Q1","TP.FINHESTNKS71011.ZP20","49083290.6902"
"F","2022-Q1","TP.FINHESTNKS71011.ZP21","19441433"
"F","2022-Q1","TP.FINHESTNKS71011.ZP22","971193069.8715"
"F","2022-Q1","TP.FINHESTNKS71011.ZP23","3948215368.6554"
"F","2022-Q1","TP.FINHESTNKS71011.ZP24","0"
"F","2022-Q1","TP.FINHESTNKS71011.ZP26","0"
"F","2022-Q1","TP.FINHESTNKS71011.ZP27","0"
"F","2022-Q1","TP.FINHESTNKS71011.ZP28","0"
"F","2022-Q1","TP.FINHESTNKS71011.ZP29","0"
"F","2022-Q1","TP.FINHESTNKS71011.ZP30","0"
"F","2022-Q1","TP.FINHESTNKS71011.ZP31","186225089.814"
"F","2022-Q1","TP.FINHESTNKS71011.ZP32","2602027.6419"
"F","2022-Q1","TP.FINHESTNKS71011.ZP33","183623062.1721"
"F","2022-Q1","TP.FINHESTNKS71011.ZP34","5789855397.1835"
"F","2022-Q1","TP.FINHESTNKS71011.ZP35","2171634147.463"
"F","2022-Q1","TP.FINHESTNKS71011.ZP36","3618221249.7205"
"F","2022-Q1","TP.FINHESTNKS71011.ZP37","2401904664.2933"
"F","2022-Q1","TP.FINHESTNKS71011.ZP38","2401904664.2933"
"F","2022-Q1","TP.FINHESTNKS71011.ZP39","0"
"F","2022-Q1","TP.FINHESTNKS71011.ZP40","0"
"F","2022-Q1","TP.FINHESTNKS71011.ZP41","0"
"F","2022-Q1","TP.FINHESTNKS71011.ZP42","0"
"F","2022-Q1","TP.FINHESTNKS71011.ZP43","26603046"
"F","2022-Q1","TP.FINHESTNKS71011.ZP44","1056834163.4475"
"F","2022-Q1","TP.FINHESTNKS71011.ZP45","9461422360.7383"
"F","2022-Q2","TP.FINHESTNKS71011.ZP1","-5996537732.795"
"F","2022-Q2","TP.FINHESTNKS71011.ZP2","0"
"F","2022-Q2","TP.FINHESTNKS71011.ZP3","0"
"F","2022-Q2","TP.FINHESTNKS71011.ZP4","0"
"F","2022-Q2","TP.FINHESTNKS71011.ZP5","2388280902.4999"
"F","2022-Q2","TP.FINHESTNKS71011.ZP6","153527387.8577"
"F","2022-Q2","TP.FINHESTNKS71011.ZP7","986084157.6134"
"F","2022-Q2","TP.FINHESTNKS71011.ZP8","1248669357.0288"
"F","2022-Q2","TP.FINHESTNKS71011.ZP9","75757068.7732"
"F","2022-Q2","TP.FINHESTNKS71011.ZP10","2061803.2041"
"F","2022-Q2","TP.FINHESTNKS71011.ZP11","73695265.5691"
"F","2022-Q2","TP.FINHESTNKS71011.ZP12","97483408.951"
"F","2022-Q2","TP.FINHESTNKS71011.ZP13","97483408.951"
"F","2022-Q2","TP.FINHESTNKS71011.ZP14","0"
"F","2022-Q2","TP.FINHESTNKS71011.ZP15","795539113.3894"
"F","2022-Q2","TP.FINHESTNKS71011.ZP16","722713746.7315"
"F","2022-Q2","TP.FINHESTNKS71011.ZP17","72825366.6579"
"F","2022-Q2","TP.FINHESTNKS71011.ZP18","17042264.3438"
"F","2022-Q2","TP.FINHESTNKS71011.ZP19","55783102.3141"
"F","2022-Q2","TP.FINHESTNKS71011.ZP20","56255533.2991"
"F","2022-Q2","TP.FINHESTNKS71011.ZP21","21009832"
"F","2022-Q2","TP.FINHESTNKS71011.ZP22","1202274889.4748"
"F","2022-Q2","TP.FINHESTNKS71011.ZP23","4636600748.3874"
"F","2022-Q2","TP.FINHESTNKS71011.ZP24","0"
"F","2022-Q2","TP.FINHESTNKS71011.ZP26","0"
"F","2022-Q2","TP.FINHESTNKS71011.ZP27","0"
"F","2022-Q2","TP.FINHESTNKS71011.ZP28","0"
"F","2022-Q2","TP.FINHESTNKS71011.ZP29","0"
"F","2022-Q2","TP.FINHESTNKS71011.ZP30","0"
"F","2022-Q2","TP.FINHESTNKS71011.ZP31","199527346.6"
"F","2022-Q2","TP.FINHESTNKS71011.ZP32","3604093.4608"
"F","2022-Q2","TP.FINHESTNKS71011.ZP33","195923253.1392"
"F","2022-Q2","TP.FINHESTNKS71011.ZP34","6545888361.2891"
"F","2022-Q2","TP.FINHESTNKS71011.ZP35","2684566099.4252"
"F","2022-Q2","TP.FINHESTNKS71011.ZP36","3861322261.8639"
"F","2022-Q2","TP.FINHESTNKS71011.ZP37","2374760331.0052"
"F","2022-Q2","TP.FINHESTNKS71011.ZP38","2374760331.0052"
"F","2022-Q2","TP.FINHESTNKS71011.ZP39","0"
"F","2022-Q2","TP.FINHESTNKS71011.ZP40","0"
"F","2022-Q2","TP.FINHESTNKS71011.ZP41","0"
"F","2022-Q2","TP.FINHESTNKS71011.ZP42","0"
"F","2022-Q2","TP.FINHESTNKS71011.ZP43","27034457"
"F","2022-Q2","TP.FINHESTNKS71011.ZP44","1485927985.2881"
"F","2022-Q2","TP.FINHESTNKS71011.ZP45","10633138481.1824"
"F","2022-Q3","TP.FINHESTNKS71011.ZP1","-6657248533.2151"
"F","2022-Q3","TP.FINHESTNKS71011.ZP2","0"
"F","2022-Q3","TP.FINHESTNKS71011.ZP3","0"
"F","2022-Q3","TP.FINHESTNKS71011.ZP4","0"
"F","2022-Q3","TP.FINHESTNKS71011.ZP5","2868647393.3878"
"F","2022-Q3","TP.FINHESTNKS71011.ZP6","188417621.8861"
"F","2022-Q3","TP.FINHESTNKS71011.ZP7","1120111329.9709"
"F","2022-Q3","TP.FINHESTNKS71011.ZP8","1560118441.5308"
"F","2022-Q3","TP.FINHESTNKS71011.ZP9","74797674.9839"
"F","2022-Q3","TP.FINHESTNKS71011.ZP10","3887289.2603"
"F","2022-Q3","TP.FINHESTNKS71011.ZP11","70910385.7236"
"F","2022-Q3","TP.FINHESTNKS71011.ZP12","110315110.9048"
"F","2022-Q3","TP.FINHESTNKS71011.ZP13","110315110.9048"
"F","2022-Q3","TP.FINHESTNKS71011.ZP14","0"
"F","2022-Q3","TP.FINHESTNKS71011.ZP15","955665568.9436"
"F","2022-Q3","TP.FINHESTNKS71011.ZP16","836340475.8764"
"F","2022-Q3","TP.FINHESTNKS71011.ZP17","119325093.0672"
"F","2022-Q3","TP.FINHESTNKS71011.ZP18","35025813.4019"
"F","2022-Q3","TP.FINHESTNKS71011.ZP19","84299279.6653"
"F","2022-Q3","TP.FINHESTNKS71011.ZP20","65904247.8305"
"F","2022-Q3","TP.FINHESTNKS71011.ZP21","19939638"
"F","2022-Q3","TP.FINHESTNKS71011.ZP22","1302918435.4235"
"F","2022-Q3","TP.FINHESTNKS71011.ZP23","5398188069.4741"
"F","2022-Q3","TP.FINHESTNKS71011.ZP24","0"
"F","2022-Q3","TP.FINHESTNKS71011.ZP26","0"
"F","2022-Q3","TP.FINHESTNKS71011.ZP27","0"
"F","2022-Q3","TP.FINHESTNKS71011.ZP28","0"
"F","2022-Q3","TP.FINHESTNKS71011.ZP29","0"
"F","2022-Q3","TP.FINHESTNKS71011.ZP30","0"
"F","2022-Q3","TP.FINHESTNKS71011.ZP31","231251999.97"
"F","2022-Q3","TP.FINHESTNKS71011.ZP32","13427330.8812"
"F","2022-Q3","TP.FINHESTNKS71011.ZP33","217824669.0888"
"F","2022-Q3","TP.FINHESTNKS71011.ZP34","7167940230.2811"
"F","2022-Q3","TP.FINHESTNKS71011.ZP35","3153163942.3596"
"F","2022-Q3","TP.FINHESTNKS71011.ZP36","4014776287.9215"
"F","2022-Q3","TP.FINHESTNKS71011.ZP37","2843277535.5331"
"F","2022-Q3","TP.FINHESTNKS71011.ZP38","2843277535.5331"
"F","2022-Q3","TP.FINHESTNKS71011.ZP39","0"
"F","2022-Q3","TP.FINHESTNKS71011.ZP40","0"
"F","2022-Q3","TP.FINHESTNKS71011.ZP41","0"
"F","2022-Q3","TP.FINHESTNKS71011.ZP42","0"
"F","2022-Q3","TP.FINHESTNKS71011.ZP43","24763581"
"F","2022-Q3","TP.FINHESTNKS71011.ZP44","1788203255.9051"
"F","2022-Q3","TP.FINHESTNKS71011.ZP45","12055436602.6892"
"F","2022-Q4","TP.FINHESTNKS71011.ZP1","-10436403099.552"
"F","2022-Q4","TP.FINHESTNKS71011.ZP2","0"
"F","2022-Q4","TP.FINHESTNKS71011.ZP3","0"
"F","2022-Q4","TP.FINHESTNKS71011.ZP4","0"
"F","2022-Q4","TP.FINHESTNKS71011.ZP5","3262597506.5584"
"F","2022-Q4","TP.FINHESTNKS71011.ZP6","190247186.2757"
"F","2022-Q4","TP.FINHESTNKS71011.ZP7","1280349285.9421"
"F","2022-Q4","TP.FINHESTNKS71011.ZP8","1792001034.3406"
"F","2022-Q4","TP.FINHESTNKS71011.ZP9","72952551.6508"
"F","2022-Q4","TP.FINHESTNKS71011.ZP10","1866586.4364"
"F","2022-Q4","TP.FINHESTNKS71011.ZP11","71085965.2144"
"F","2022-Q4","TP.FINHESTNKS71011.ZP12","88353941.7844"
"F","2022-Q4","TP.FINHESTNKS71011.ZP13","88353941.7844"
"F","2022-Q4","TP.FINHESTNKS71011.ZP14","0"
"F","2022-Q4","TP.FINHESTNKS71011.ZP15","1094982958.4078"
"F","2022-Q4","TP.FINHESTNKS71011.ZP16","902745776.9265"
"F","2022-Q4","TP.FINHESTNKS71011.ZP17","192237181.4813"
"F","2022-Q4","TP.FINHESTNKS71011.ZP18","54209803.139"
"F","2022-Q4","TP.FINHESTNKS71011.ZP19","138027378.3423"
"F","2022-Q4","TP.FINHESTNKS71011.ZP20","82881736.741"
"F","2022-Q4","TP.FINHESTNKS71011.ZP21","16169920"
"F","2022-Q4","TP.FINHESTNKS71011.ZP22","1446478587.779"
"F","2022-Q4","TP.FINHESTNKS71011.ZP23","6064417202.9214"
"F","2022-Q4","TP.FINHESTNKS71011.ZP24","0"
"F","2022-Q4","TP.FINHESTNKS71011.ZP26","0"
"F","2022-Q4","TP.FINHESTNKS71011.ZP27","0"
"F","2022-Q4","TP.FINHESTNKS71011.ZP28","0"
"F","2022-Q4","TP.FINHESTNKS71011.ZP29","0"
"F","2022-Q4","TP.FINHESTNKS71011.ZP30","0"
"F","2022-Q4","TP.FINHESTNKS71011.ZP31","262364205.914"
"F","2022-Q4","TP.FINHESTNKS71011.ZP32","22872615.2045"
"F","2022-Q4","TP.FINHESTNKS71011.ZP33","239491590.7095"
"F","2022-Q4","TP.FINHESTNKS71011.ZP34","7808631685.2761"
"F","2022-Q4","TP.FINHESTNKS71011.ZP35","3632220219.2087"
"F","2022-Q4","TP.FINHESTNKS71011.ZP36","4176411466.0674"
"F","2022-Q4","TP.FINHESTNKS71011.ZP37","6589344407.9967"
"F","2022-Q4","TP.FINHESTNKS71011.ZP38","6589344407.9967"
"F","2022-Q4","TP.FINHESTNKS71011.ZP39","0"
"F","2022-Q4","TP.FINHESTNKS71011.ZP40","0"
"F","2022-Q4","TP.FINHESTNKS71011.ZP41","0"
"F","2022-Q4","TP.FINHESTNKS71011.ZP42","0"
"F","2022-Q4","TP.FINHESTNKS71011.ZP43","23286410"
"F","2022-Q4","TP.FINHESTNKS71011.ZP44","1817193593.2866"
"F","2022-Q4","TP.FINHESTNKS71011.ZP45","16500820302.4734"
"F","2023-Q1","TP.FINHESTNKS71011.ZP1","-9478202117.5035"
"F","2023-Q1","TP.FINHESTNKS71011.ZP2","0"
"F","2023-Q1","TP.FINHESTNKS71011.ZP3","0"
"F","2023-Q1","TP.FINHESTNKS71011.ZP4","0"
"F","2023-Q1","TP.FINHESTNKS71011.ZP5","3358853485.1324"
"F","2023-Q1","TP.FINHESTNKS71011.ZP6","217666901.7139"
"F","2023-Q1","TP.FINHESTNKS71011.ZP7","1350195094.0003"
"F","2023-Q1","TP.FINHESTNKS71011.ZP8","1790991489.4183"
"F","2023-Q1","TP.FINHESTNKS71011.ZP9","79118359.8427"
"F","2023-Q1","TP.FINHESTNKS71011.ZP10","64580.7979"
"F","2023-Q1","TP.FINHESTNKS71011.ZP11","79053779.0447"
"F","2023-Q1","TP.FINHESTNKS71011.ZP12","90723348.436"
"F","2023-Q1","TP.FINHESTNKS71011.ZP13","90723348.436"
"F","2023-Q1","TP.FINHESTNKS71011.ZP14","0"
"F","2023-Q1","TP.FINHESTNKS71011.ZP15","1144854159.7089"
"F","2023-Q1","TP.FINHESTNKS71011.ZP16","928308260.8399"
"F","2023-Q1","TP.FINHESTNKS71011.ZP17","216545898.869"
"F","2023-Q1","TP.FINHESTNKS71011.ZP18","31817993.2307"
"F","2023-Q1","TP.FINHESTNKS71011.ZP19","184727905.6383"
"F","2023-Q1","TP.FINHESTNKS71011.ZP20","102898122.5446"
"F","2023-Q1","TP.FINHESTNKS71011.ZP21","13148615"
"F","2023-Q1","TP.FINHESTNKS71011.ZP22","1531862693.2426"
"F","2023-Q1","TP.FINHESTNKS71011.ZP23","6321458783.9072"
"F","2023-Q1","TP.FINHESTNKS71011.ZP24","0"
"F","2023-Q1","TP.FINHESTNKS71011.ZP26","0"
"F","2023-Q1","TP.FINHESTNKS71011.ZP27","0"
"F","2023-Q1","TP.FINHESTNKS71011.ZP28","0"
"F","2023-Q1","TP.FINHESTNKS71011.ZP29","0"
"F","2023-Q1","TP.FINHESTNKS71011.ZP30","0"
"F","2023-Q1","TP.FINHESTNKS71011.ZP31","261811304.36"
"F","2023-Q1","TP.FINHESTNKS71011.ZP32","29960063.5461"
"F","2023-Q1","TP.FINHESTNKS71011.ZP33","231851240.8139"
"F","2023-Q1","TP.FINHESTNKS71011.ZP34","8498407564.0401"
"F","2023-Q1","TP.FINHESTNKS71011.ZP35","3853646834.1624"
"F","2023-Q1","TP.FINHESTNKS71011.ZP36","4644760729.8777"
"F","2023-Q1","TP.FINHESTNKS71011.ZP37","5063199412.8812"
"F","2023-Q1","TP.FINHESTNKS71011.ZP38","5063199412.8812"
"F","2023-Q1","TP.FINHESTNKS71011.ZP39","0"
"F","2023-Q1","TP.FINHESTNKS71011.ZP40","0"
"F","2023-Q1","TP.FINHESTNKS71011.ZP41","0"
"F","2023-Q1","TP.FINHESTNKS71011.ZP42","0"
"F","2023-Q1","TP.FINHESTNKS71011.ZP43","18835385"
"F","2023-Q1","TP.FINHESTNKS71011.ZP44","1957407235.1294"
"F","2023-Q1","TP.FINHESTNKS71011.ZP45","15799660901.4107"
"F","2023-Q2","TP.FINHESTNKS71011.ZP1","-10897764445.4293"
"F","2023-Q2","TP.FINHESTNKS71011.ZP2","0"
"F","2023-Q2","TP.FINHESTNKS71011.ZP3","0"
"F","2023-Q2","TP.FINHESTNKS71011.ZP4","0"
"F","2023-Q2","TP.FINHESTNKS71011.ZP5","3858440197.7022"
"F","2023-Q2","TP.FINHESTNKS71011.ZP6","244906825.3937"
"F","2023-Q2","TP.FINHESTNKS71011.ZP7","1551044221.3315"
"F","2023-Q2","TP.FINHESTNKS71011.ZP8","2062489150.977"
"F","2023-Q2","TP.FINHESTNKS71011.ZP9","93313330.76"
"F","2023-Q2","TP.FINHESTNKS71011.ZP10","4193623.3993"
"F","2023-Q2","TP.FINHESTNKS71011.ZP11","89119707.3607"
"F","2023-Q2","TP.FINHESTNKS71011.ZP12","127317422.1022"
"F","2023-Q2","TP.FINHESTNKS71011.ZP13","127317422.1022"
"F","2023-Q2","TP.FINHESTNKS71011.ZP14","0"
"F","2023-Q2","TP.FINHESTNKS71011.ZP15","1502580870.5229"
"F","2023-Q2","TP.FINHESTNKS71011.ZP16","1249939014.0481"
"F","2023-Q2","TP.FINHESTNKS71011.ZP17","252641856.4748"
"F","2023-Q2","TP.FINHESTNKS71011.ZP18","20020550.4655"
"F","2023-Q2","TP.FINHESTNKS71011.ZP19","232621306.0094"
"F","2023-Q2","TP.FINHESTNKS71011.ZP20","119414622.2063"
"F","2023-Q2","TP.FINHESTNKS71011.ZP21","64137395"
"F","2023-Q2","TP.FINHESTNKS71011.ZP22","2078524744.1796"
"F","2023-Q2","TP.FINHESTNKS71011.ZP23","7843728582.4731"
"F","2023-Q2","TP.FINHESTNKS71011.ZP24","0"
"F","2023-Q2","TP.FINHESTNKS71011.ZP26","0"
"F","2023-Q2","TP.FINHESTNKS71011.ZP27","0"
"F","2023-Q2","TP.FINHESTNKS71011.ZP28","0"
"F","2023-Q2","TP.FINHESTNKS71011.ZP29","0"
"F","2023-Q2","TP.FINHESTNKS71011.ZP30","0"
"F","2023-Q2","TP.FINHESTNKS71011.ZP31","307404990.747"
"F","2023-Q2","TP.FINHESTNKS71011.ZP32","26456588.5465"
"F","2023-Q2","TP.FINHESTNKS71011.ZP33","280948402.2005"
"F","2023-Q2","TP.FINHESTNKS71011.ZP34","10213863372.4963"
"F","2023-Q2","TP.FINHESTNKS71011.ZP35","4659737477.8351"
"F","2023-Q2","TP.FINHESTNKS71011.ZP36","5554125894.6612"
"F","2023-Q2","TP.FINHESTNKS71011.ZP37","5436207225.3111"
"F","2023-Q2","TP.FINHESTNKS71011.ZP38","5436207225.3111"
"F","2023-Q2","TP.FINHESTNKS71011.ZP39","0"
"F","2023-Q2","TP.FINHESTNKS71011.ZP40","0"
"F","2023-Q2","TP.FINHESTNKS71011.ZP41","0"
"F","2023-Q2","TP.FINHESTNKS71011.ZP42","0"
"F","2023-Q2","TP.FINHESTNKS71011.ZP43","24489910"
"F","2023-Q2","TP.FINHESTNKS71011.ZP44","2759527529.3481"
"F","2023-Q2","TP.FINHESTNKS71011.ZP45","18741493027.9025"
"F","2023-Q3","TP.FINHESTNKS71011.ZP1","-14065180802.1244"
"F","2023-Q3","TP.FINHESTNKS71011.ZP2","0"
"F","2023-Q3","TP.FINHESTNKS71011.ZP3","0"
"F","2023-Q3","TP.FINHESTNKS71011.ZP4","0"
"F","2023-Q3","TP.FINHESTNKS71011.ZP5","4502864334.6092"
"F","2023-Q3","TP.FINHESTNKS71011.ZP6","288892017.1702"
"F","2023-Q3","TP.FINHESTNKS71011.ZP7","1753485926.5818"
"F","2023-Q3","TP.FINHESTNKS71011.ZP8","2460486390.8572"
"F","2023-Q3","TP.FINHESTNKS71011.ZP9","83147111.6536"
"F","2023-Q3","TP.FINHESTNKS71011.ZP10","3827204.138"
"F","2023-Q3","TP.FINHESTNKS71011.ZP11","79319907.5156"
"F","2023-Q3","TP.FINHESTNKS71011.ZP12","136692220.2554"
"F","2023-Q3","TP.FINHESTNKS71011.ZP13","136692220.2554"
"F","2023-Q3","TP.FINHESTNKS71011.ZP14","0"
"F","2023-Q3","TP.FINHESTNKS71011.ZP15","2215581257.9123"
"F","2023-Q3","TP.FINHESTNKS71011.ZP16","1911903836.3587"
"F","2023-Q3","TP.FINHESTNKS71011.ZP17","303677421.5536"
"F","2023-Q3","TP.FINHESTNKS71011.ZP18","38547336.7249"
"F","2023-Q3","TP.FINHESTNKS71011.ZP19","265130084.8287"
"F","2023-Q3","TP.FINHESTNKS71011.ZP20","140314402.6459"
"F","2023-Q3","TP.FINHESTNKS71011.ZP21","33902062"
"F","2023-Q3","TP.FINHESTNKS71011.ZP22","2083224490.7401"
"F","2023-Q3","TP.FINHESTNKS71011.ZP23","9195725879.8165"
"F","2023-Q3","TP.FINHESTNKS71011.ZP24","0"
"F","2023-Q3","TP.FINHESTNKS71011.ZP26","0"
"F","2023-Q3","TP.FINHESTNKS71011.ZP27","0"
"F","2023-Q3","TP.FINHESTNKS71011.ZP28","0"
"F","2023-Q3","TP.FINHESTNKS71011.ZP29","0"
"F","2023-Q3","TP.FINHESTNKS71011.ZP30","0"
"F","2023-Q3","TP.FINHESTNKS71011.ZP31","347926438.952"
"F","2023-Q3","TP.FINHESTNKS71011.ZP32","27515532.4698"
"F","2023-Q3","TP.FINHESTNKS71011.ZP33","320410906.4822"
"F","2023-Q3","TP.FINHESTNKS71011.ZP34","10870418232.216"
"F","2023-Q3","TP.FINHESTNKS71011.ZP35","5010257130.3814"
"F","2023-Q3","TP.FINHESTNKS71011.ZP36","5860161101.8345"
"F","2023-Q3","TP.FINHESTNKS71011.ZP37","8871671236.1482"
"F","2023-Q3","TP.FINHESTNKS71011.ZP38","8871671236.1482"
"F","2023-Q3","TP.FINHESTNKS71011.ZP39","0"
"F","2023-Q3","TP.FINHESTNKS71011.ZP40","0"
"F","2023-Q3","TP.FINHESTNKS71011.ZP41","0"
"F","2023-Q3","TP.FINHESTNKS71011.ZP42","0"
"F","2023-Q3","TP.FINHESTNKS71011.ZP43","23475488"
"F","2023-Q3","TP.FINHESTNKS71011.ZP44","3147415286.6247"
"F","2023-Q3","TP.FINHESTNKS71011.ZP45","23260906681.9409"
"F","2023-Q4","TP.FINHESTNKS71011.ZP1","-15726166125.9527"
"F","2023-Q4","TP.FINHESTNKS71011.ZP2","0"
"F","2023-Q4","TP.FINHESTNKS71011.ZP3","0"
"F","2023-Q4","TP.FINHESTNKS71011.ZP4","0"
"F","2023-Q4","TP.FINHESTNKS71011.ZP5","5081032589.9576"
"F","2023-Q4","TP.FINHESTNKS71011.ZP6","293676485.3098"
"F","2023-Q4","TP.FINHESTNKS71011.ZP7","1934561664.515"
"F","2023-Q4","TP.FINHESTNKS71011.ZP8","2852794440.1328"
"F","2023-Q4","TP.FINHESTNKS71011.ZP9","87736647.6813"
"F","2023-Q4","TP.FINHESTNKS71011.ZP10","5576719.4882"
"F","2023-Q4","TP.FINHESTNKS71011.ZP11","82159928.1931"
"F","2023-Q4","TP.FINHESTNKS71011.ZP12","170192068.8961"
"F","2023-Q4","TP.FINHESTNKS71011.ZP13","170192068.8961"
"F","2023-Q4","TP.FINHESTNKS71011.ZP14","0"
"F","2023-Q4","TP.FINHESTNKS71011.ZP15","2406637347.259"
"F","2023-Q4","TP.FINHESTNKS71011.ZP16","2055605469.8859"
"F","2023-Q4","TP.FINHESTNKS71011.ZP17","351031877.3731"
"F","2023-Q4","TP.FINHESTNKS71011.ZP18","41771106.8545"
"F","2023-Q4","TP.FINHESTNKS71011.ZP19","309260770.5186"
"F","2023-Q4","TP.FINHESTNKS71011.ZP20","161063772.4549"
"F","2023-Q4","TP.FINHESTNKS71011.ZP21","20661064"
"F","2023-Q4","TP.FINHESTNKS71011.ZP22","2419989541.9335"
"F","2023-Q4","TP.FINHESTNKS71011.ZP23","10347313032.1824"
"F","2023-Q4","TP.FINHESTNKS71011.ZP24","0"
"F","2023-Q4","TP.FINHESTNKS71011.ZP26","0"
"F","2023-Q4","TP.FINHESTNKS71011.ZP27","0"
"F","2023-Q4","TP.FINHESTNKS71011.ZP28","0"
"F","2023-Q4","TP.FINHESTNKS71011.ZP29","0"
"F","2023-Q4","TP.FINHESTNKS71011.ZP30","0"
"F","2023-Q4","TP.FINHESTNKS71011.ZP31","396062320.368"
"F","2023-Q4","TP.FINHESTNKS71011.ZP32","33469785.1322"
"F","2023-Q4","TP.FINHESTNKS71011.ZP33","362592535.2358"
"F","2023-Q4","TP.FINHESTNKS71011.ZP34","11920347224.281"
"F","2023-Q4","TP.FINHESTNKS71011.ZP35","5321395424.5867"
"F","2023-Q4","TP.FINHESTNKS71011.ZP36","6598951799.6943"
"F","2023-Q4","TP.FINHESTNKS71011.ZP37","10194927010.3582"
"F","2023-Q4","TP.FINHESTNKS71011.ZP38","10194927010.3582"
"F","2023-Q4","TP.FINHESTNKS71011.ZP39","0"
"F","2023-Q4","TP.FINHESTNKS71011.ZP40","0"
"F","2023-Q4","TP.FINHESTNKS71011.ZP41","0"
"F","2023-Q4","TP.FINHESTNKS71011.ZP42","0"
"F","2023-Q4","TP.FINHESTNKS71011.ZP43","20372404"
"F","2023-Q4","TP.FINHESTNKS71011.ZP44","3541770199.1279"
"F","2023-Q4","TP.FINHESTNKS71011.ZP45","26073479158.135"
"F","2024-Q1","TP.FINHESTNKS71011.ZP1","-18154239713.818"
"F","2024-Q1","TP.FINHESTNKS71011.ZP2","0"
"F","2024-Q1","TP.FINHESTNKS71011.ZP3","0"
"F","2024-Q1","TP.FINHESTNKS71011.ZP4","0"
"F","2024-Q1","TP.FINHESTNKS71011.ZP5","5230739856.7899"
"F","2024-Q1","TP.FINHESTNKS71011.ZP6","340041043.2812"
"F","2024-Q1","TP.FINHESTNKS71011.ZP7","2147202229.0591"
"F","2024-Q1","TP.FINHESTNKS71011.ZP8","2743496584.4496"
"F","2024-Q1","TP.FINHESTNKS71011.ZP9","101409744.9255"
"F","2024-Q1","TP.FINHESTNKS71011.ZP10","3437921.8933"
"F","2024-Q1","TP.FINHESTNKS71011.ZP11","97971823.0322"
"F","2024-Q1","TP.FINHESTNKS71011.ZP12","192407403.8372"
"F","2024-Q1","TP.FINHESTNKS71011.ZP13","192407403.8372"
"F","2024-Q1","TP.FINHESTNKS71011.ZP14","0"
"F","2024-Q1","TP.FINHESTNKS71011.ZP15","2881260407.1706"
"F","2024-Q1","TP.FINHESTNKS71011.ZP16","2386577088.4514"
"F","2024-Q1","TP.FINHESTNKS71011.ZP17","494683318.7192"
"F","2024-Q1","TP.FINHESTNKS71011.ZP18","96428662.7594"
"F","2024-Q1","TP.FINHESTNKS71011.ZP19","398254655.9598"
"F","2024-Q1","TP.FINHESTNKS71011.ZP20","192159034.4534"
"F","2024-Q1","TP.FINHESTNKS71011.ZP21","22740968"
"F","2024-Q1","TP.FINHESTNKS71011.ZP22","2725413323.3855"
"F","2024-Q1","TP.FINHESTNKS71011.ZP23","11346130738.5621"
"F","2024-Q1","TP.FINHESTNKS71011.ZP24","0"
"F","2024-Q1","TP.FINHESTNKS71011.ZP26","0"
"F","2024-Q1","TP.FINHESTNKS71011.ZP27","0"
"F","2024-Q1","TP.FINHESTNKS71011.ZP28","0"
"F","2024-Q1","TP.FINHESTNKS71011.ZP29","0"
"F","2024-Q1","TP.FINHESTNKS71011.ZP30","0"
"F","2024-Q1","TP.FINHESTNKS71011.ZP31","456265091.2334"
"F","2024-Q1","TP.FINHESTNKS71011.ZP32","41969565.8043"
"F","2024-Q1","TP.FINHESTNKS71011.ZP33","414295525.429"
"F","2024-Q1","TP.FINHESTNKS71011.ZP34","13093157589.0467"
"F","2024-Q1","TP.FINHESTNKS71011.ZP35","5755285209.1532"
"F","2024-Q1","TP.FINHESTNKS71011.ZP36","7337872379.8935"
"F","2024-Q1","TP.FINHESTNKS71011.ZP37","12135724318.7508"
"F","2024-Q1","TP.FINHESTNKS71011.ZP38","12135724318.7508"
"F","2024-Q1","TP.FINHESTNKS71011.ZP39","0"
"F","2024-Q1","TP.FINHESTNKS71011.ZP40","0"
"F","2024-Q1","TP.FINHESTNKS71011.ZP41","0"
"F","2024-Q1","TP.FINHESTNKS71011.ZP42","0"
"F","2024-Q1","TP.FINHESTNKS71011.ZP43","23199720"
"F","2024-Q1","TP.FINHESTNKS71011.ZP44","3792023733.3493"
"F","2024-Q1","TP.FINHESTNKS71011.ZP45","29500370452.3801"
"F","2024-Q2","TP.FINHESTNKS71011.ZP1","-18046839862.0989"
"F","2024-Q2","TP.FINHESTNKS71011.ZP2","0"
"F","2024-Q2","TP.FINHESTNKS71011.ZP3","0"
"F","2024-Q2","TP.FINHESTNKS71011.ZP4","0"
"F","2024-Q2","TP.FINHESTNKS71011.ZP5","5435222251.9123"
"F","2024-Q2","TP.FINHESTNKS71011.ZP6","388230677.917"
"F","2024-Q2","TP.FINHESTNKS71011.ZP7","2080993622.7101"
"F","2024-Q2","TP.FINHESTNKS71011.ZP8","2965997951.2852"
"F","2024-Q2","TP.FINHESTNKS71011.ZP9","171131466.5968"
"F","2024-Q2","TP.FINHESTNKS71011.ZP10","17822762.1547"
"F","2024-Q2","TP.FINHESTNKS71011.ZP11","153308704.4421"
"F","2024-Q2","TP.FINHESTNKS71011.ZP12","198037260.5535"
"F","2024-Q2","TP.FINHESTNKS71011.ZP13","198037260.5535"
"F","2024-Q2","TP.FINHESTNKS71011.ZP14","0"
"F","2024-Q2","TP.FINHESTNKS71011.ZP15","3429691124.9127"
"F","2024-Q2","TP.FINHESTNKS71011.ZP16","2806482280.5679"
"F","2024-Q2","TP.FINHESTNKS71011.ZP17","623208844.3449"
"F","2024-Q2","TP.FINHESTNKS71011.ZP18","188608947.7017"
"F","2024-Q2","TP.FINHESTNKS71011.ZP19","434599896.6432"
"F","2024-Q2","TP.FINHESTNKS71011.ZP20","208898811.9172"
"F","2024-Q2","TP.FINHESTNKS71011.ZP21","20296238"
"F","2024-Q2","TP.FINHESTNKS71011.ZP22","2779765486.2869"
"F","2024-Q2","TP.FINHESTNKS71011.ZP23","12243042640.1793"
"F","2024-Q2","TP.FINHESTNKS71011.ZP24","0"
"F","2024-Q2","TP.FINHESTNKS71011.ZP26","0"
"F","2024-Q2","TP.FINHESTNKS71011.ZP27","0"
"F","2024-Q2","TP.FINHESTNKS71011.ZP28","0"
"F","2024-Q2","TP.FINHESTNKS71011.ZP29","0"
"F","2024-Q2","TP.FINHESTNKS71011.ZP30","0"
"F","2024-Q2","TP.FINHESTNKS71011.ZP31","495804679.393"
"F","2024-Q2","TP.FINHESTNKS71011.ZP32","45627011.7338"
"F","2024-Q2","TP.FINHESTNKS71011.ZP33","450177667.6592"
"F","2024-Q2","TP.FINHESTNKS71011.ZP34","13968354160.1053"
"F","2024-Q2","TP.FINHESTNKS71011.ZP35","6339311132.211"
"F","2024-Q2","TP.FINHESTNKS71011.ZP36","7629043027.8943"
"F","2024-Q2","TP.FINHESTNKS71011.ZP37","12450855317.7485"
"F","2024-Q2","TP.FINHESTNKS71011.ZP38","12450855317.7485"
"F","2024-Q2","TP.FINHESTNKS71011.ZP39","0"
"F","2024-Q2","TP.FINHESTNKS71011.ZP40","0"
"F","2024-Q2","TP.FINHESTNKS71011.ZP41","0"
"F","2024-Q2","TP.FINHESTNKS71011.ZP42","0"
"F","2024-Q2","TP.FINHESTNKS71011.ZP43","28369391"
"F","2024-Q2","TP.FINHESTNKS71011.ZP44","3346498954.0314"
"F","2024-Q2","TP.FINHESTNKS71011.ZP45","30289882502.2782"
"F","2024-Q3","TP.FINHESTNKS71011.ZP1","-17132120898.3557"
"F","2024-Q3","TP.FINHESTNKS71011.ZP2","0"
"F","2024-Q3","TP.FINHESTNKS71011.ZP3","0"
"F","2024-Q3","TP.FINHESTNKS71011.ZP4","0"
"F","2024-Q3","TP.FINHESTNKS71011.ZP5","5859498992.0968"
"F","2024-Q3","TP.FINHESTNKS71011.ZP6","436072735.3679"
"F","2024-Q3","TP.FINHESTNKS71011.ZP7","2300534974.5344"
"F","2024-Q3","TP.FINHESTNKS71011.ZP8","3122891282.1945"
"F","2024-Q3","TP.FINHESTNKS71011.ZP9","200290739.135"
"F","2024-Q3","TP.FINHESTNKS71011.ZP10","27245123.0943"
"F","2024-Q3","TP.FINHESTNKS71011.ZP11","173045616.0407"
"F","2024-Q3","TP.FINHESTNKS71011.ZP12","217495747.2148"
"F","2024-Q3","TP.FINHESTNKS71011.ZP13","217495747.2148"
"F","2024-Q3","TP.FINHESTNKS71011.ZP14","0"
"F","2024-Q3","TP.FINHESTNKS71011.ZP15","3709410601.7291"
"F","2024-Q3","TP.FINHESTNKS71011.ZP16","2867468623.0065"
"F","2024-Q3","TP.FINHESTNKS71011.ZP17","841941978.7227"
"F","2024-Q3","TP.FINHESTNKS71011.ZP18","286911622.2311"
"F","2024-Q3","TP.FINHESTNKS71011.ZP19","555030356.4915"
"F","2024-Q3","TP.FINHESTNKS71011.ZP20","235147497.4756"
"F","2024-Q3","TP.FINHESTNKS71011.ZP21","17002872"
"F","2024-Q3","TP.FINHESTNKS71011.ZP22","3154791481.5582"
"F","2024-Q3","TP.FINHESTNKS71011.ZP23","13393637931.2095"
"F","2024-Q3","TP.FINHESTNKS71011.ZP24","0"
"F","2024-Q3","TP.FINHESTNKS71011.ZP26","0"
"F","2024-Q3","TP.FINHESTNKS71011.ZP27","0"
"F","2024-Q3","TP.FINHESTNKS71011.ZP28","0"
"F","2024-Q3","TP.FINHESTNKS71011.ZP29","0"
"F","2024-Q3","TP.FINHESTNKS71011.ZP30","0"
"F","2024-Q3","TP.FINHESTNKS71011.ZP31","585109922.4"
"F","2024-Q3","TP.FINHESTNKS71011.ZP32","40161354.4133"
"F","2024-Q3","TP.FINHESTNKS71011.ZP33","544948567.9867"
"F","2024-Q3","TP.FINHESTNKS71011.ZP34","15156972066.9556"
"F","2024-Q3","TP.FINHESTNKS71011.ZP35","7215196550.2633"
"F","2024-Q3","TP.FINHESTNKS71011.ZP36","7941775516.6923"
"F","2024-Q3","TP.FINHESTNKS71011.ZP37","10974983837.1553"
"F","2024-Q3","TP.FINHESTNKS71011.ZP38","10974983837.1553"
"F","2024-Q3","TP.FINHESTNKS71011.ZP39","0"
"F","2024-Q3","TP.FINHESTNKS71011.ZP40","0"
"F","2024-Q3","TP.FINHESTNKS71011.ZP41","0"
"F","2024-Q3","TP.FINHESTNKS71011.ZP42","0"
"F","2024-Q3","TP.FINHESTNKS71011.ZP43","35641762"
"F","2024-Q3","TP.FINHESTNKS71011.ZP44","3773051241.0543"
"F","2024-Q3","TP.FINHESTNKS71011.ZP45","30525758829.5652"
"F","2024-Q4","TP.FINHESTNKS71011.ZP1","-19882907859.0409"
"F","2024-Q4","TP.FINHESTNKS71011.ZP2","0"
"F","2024-Q4","TP.FINHESTNKS71011.ZP3","0"
"F","2024-Q4","TP.FINHESTNKS71011.ZP4","0"
"F","2024-Q4","TP.FINHESTNKS71011.ZP5","6216880174.2348"
"F","2024-Q4","TP.FINHESTNKS71011.ZP6","412435223.8124"
"F","2024-Q4","TP.FINHESTNKS71011.ZP7","2393675101.0516"
"F","2024-Q4","TP.FINHESTNKS71011.ZP8","3410769849.3708"
"F","2024-Q4","TP.FINHESTNKS71011.ZP9","210889817.7447"
"F","2024-Q4","TP.FINHESTNKS71011.ZP10","29338264.2448"
"F","2024-Q4","TP.FINHESTNKS71011.ZP11","181551553.5"
"F","2024-Q4","TP.FINHESTNKS71011.ZP12","169836146.1484"
"F","2024-Q4","TP.FINHESTNKS71011.ZP13","169836146.1484"
"F","2024-Q4","TP.FINHESTNKS71011.ZP14","0"
"F","2024-Q4","TP.FINHESTNKS71011.ZP15","4016572902.7989"
"F","2024-Q4","TP.FINHESTNKS71011.ZP16","2941827283.0203"
"F","2024-Q4","TP.FINHESTNKS71011.ZP17","1074745619.7786"
"F","2024-Q4","TP.FINHESTNKS71011.ZP18","421311695.2494"
"F","2024-Q4","TP.FINHESTNKS71011.ZP19","653433924.5292"
"F","2024-Q4","TP.FINHESTNKS71011.ZP20","276520690.7148"
"F","2024-Q4","TP.FINHESTNKS71011.ZP21","29162852"
"F","2024-Q4","TP.FINHESTNKS71011.ZP22","3193339345.3495"
"F","2024-Q4","TP.FINHESTNKS71011.ZP23","14113201928.9912"
"F","2024-Q4","TP.FINHESTNKS71011.ZP24","0"
"F","2024-Q4","TP.FINHESTNKS71011.ZP26","0"
"F","2024-Q4","TP.FINHESTNKS71011.ZP27","0"
"F","2024-Q4","TP.FINHESTNKS71011.ZP28","0"
"F","2024-Q4","TP.FINHESTNKS71011.ZP29","0"
"F","2024-Q4","TP.FINHESTNKS71011.ZP30","0"
"F","2024-Q4","TP.FINHESTNKS71011.ZP31","669818228.036"
"F","2024-Q4","TP.FINHESTNKS71011.ZP32","41548308.4706"
"F","2024-Q4","TP.FINHESTNKS71011.ZP33","628269919.5654"
"F","2024-Q4","TP.FINHESTNKS71011.ZP34","15891511522.5518"
"F","2024-Q4","TP.FINHESTNKS71011.ZP35","7223241249.1974"
"F","2024-Q4","TP.FINHESTNKS71011.ZP36","8668270273.3544"
"F","2024-Q4","TP.FINHESTNKS71011.ZP37","12940043965.2486"
"F","2024-Q4","TP.FINHESTNKS71011.ZP38","12940043965.2486"
"F","2024-Q4","TP.FINHESTNKS71011.ZP39","0"
"F","2024-Q4","TP.FINHESTNKS71011.ZP40","0"
"F","2024-Q4","TP.FINHESTNKS71011.ZP41","0"
"F","2024-Q4","TP.FINHESTNKS71011.ZP42","0"
"F","2024-Q4","TP.FINHESTNKS71011.ZP43","25697649"
"F","2024-Q4","TP.FINHESTNKS71011.ZP44","4469038423.1956"
"F","2024-Q4","TP.FINHESTNKS71011.ZP45","33996109788.032"
"F","2025-Q1","TP.FINHESTNKS71011.ZP1","-21243021359.2969"
"F","2025-Q1","TP.FINHESTNKS71011.ZP2","0"
"F","2025-Q1","TP.FINHESTNKS71011.ZP3","0"
"F","2025-Q1","TP.FINHESTNKS71011.ZP4","0"
"F","2025-Q1","TP.FINHESTNKS71011.ZP5","6653411230.4021"
"F","2025-Q1","TP.FINHESTNKS71011.ZP6","444339955.8019"
"F","2025-Q1","TP.FINHESTNKS71011.ZP7","2495790301.3416"
"F","2025-Q1","TP.FINHESTNKS71011.ZP8","3713280973.2586"
"F","2025-Q1","TP.FINHESTNKS71011.ZP9","240415486.8742"
"F","2025-Q1","TP.FINHESTNKS71011.ZP10","28739108.5584"
"F","2025-Q1","TP.FINHESTNKS71011.ZP11","211676378.3158"
"F","2025-Q1","TP.FINHESTNKS71011.ZP12","192203686.3167"
"F","2025-Q1","TP.FINHESTNKS71011.ZP13","192203686.3167"
"F","2025-Q1","TP.FINHESTNKS71011.ZP14","0"
"F","2025-Q1","TP.FINHESTNKS71011.ZP15","4246102081.8839"
"F","2025-Q1","TP.FINHESTNKS71011.ZP16","3108017685.5252"
"F","2025-Q1","TP.FINHESTNKS71011.ZP17","1138084396.3587"
"F","2025-Q1","TP.FINHESTNKS71011.ZP18","203985917.9519"
"F","2025-Q1","TP.FINHESTNKS71011.ZP19","934098478.4068"
"F","2025-Q1","TP.FINHESTNKS71011.ZP20","328524384.035"
"F","2025-Q1","TP.FINHESTNKS71011.ZP21","20275779"
"F","2025-Q1","TP.FINHESTNKS71011.ZP22","3498315596.298"
"F","2025-Q1","TP.FINHESTNKS71011.ZP23","15179248244.8099"
"F","2025-Q1","TP.FINHESTNKS71011.ZP24","0"
"F","2025-Q1","TP.FINHESTNKS71011.ZP26","0"
"F","2025-Q1","TP.FINHESTNKS71011.ZP27","0"
"F","2025-Q1","TP.FINHESTNKS71011.ZP28","0"
"F","2025-Q1","TP.FINHESTNKS71011.ZP29","0"
"F","2025-Q1","TP.FINHESTNKS71011.ZP30","0"
"F","2025-Q1","TP.FINHESTNKS71011.ZP31","755800724.545"
"F","2025-Q1","TP.FINHESTNKS71011.ZP32","47802913.0325"
"F","2025-Q1","TP.FINHESTNKS71011.ZP33","707997811.5125"
"F","2025-Q1","TP.FINHESTNKS71011.ZP34","17817183951.0531"
"F","2025-Q1","TP.FINHESTNKS71011.ZP35","8121800878.3027"
"F","2025-Q1","TP.FINHESTNKS71011.ZP36","9695383072.7504"
"F","2025-Q1","TP.FINHESTNKS71011.ZP37","13146962423.0875"
"F","2025-Q1","TP.FINHESTNKS71011.ZP38","13146962423.0875"
"F","2025-Q1","TP.FINHESTNKS71011.ZP39","0"
"F","2025-Q1","TP.FINHESTNKS71011.ZP40","0"
"F","2025-Q1","TP.FINHESTNKS71011.ZP41","0"
"F","2025-Q1","TP.FINHESTNKS71011.ZP42","0"
"F","2025-Q1","TP.FINHESTNKS71011.ZP43","39083021"
"F","2025-Q1","TP.FINHESTNKS71011.ZP44","4663239484.4212"
"F","2025-Q1","TP.FINHESTNKS71011.ZP45","36422269604.1068"
"F","2025-Q2","TP.FINHESTNKS71011.ZP1","-23004461319.0113"
"F","2025-Q2","TP.FINHESTNKS71011.ZP2","0"
"F","2025-Q2","TP.FINHESTNKS71011.ZP3","0"
"F","2025-Q2","TP.FINHESTNKS71011.ZP4","0"
"F","2025-Q2","TP.FINHESTNKS71011.ZP5","6879838480.0903"
"F","2025-Q2","TP.FINHESTNKS71011.ZP6","485173705.8705"
"F","2025-Q2","TP.FINHESTNKS71011.ZP7","2749156274.4327"
"F","2025-Q2","TP.FINHESTNKS71011.ZP8","3645508499.7871"
"F","2025-Q2","TP.FINHESTNKS71011.ZP9","312775748.6973"
"F","2025-Q2","TP.FINHESTNKS71011.ZP10","33630428.1276"
"F","2025-Q2","TP.FINHESTNKS71011.ZP11","279145320.5697"
"F","2025-Q2","TP.FINHESTNKS71011.ZP12","215586113.7728"
"F","2025-Q2","TP.FINHESTNKS71011.ZP13","215586113.7728"
"F","2025-Q2","TP.FINHESTNKS71011.ZP14","0"
"F","2025-Q2","TP.FINHESTNKS71011.ZP15","4879681540.0024"
"F","2025-Q2","TP.FINHESTNKS71011.ZP16","3491758097.9159"
"F","2025-Q2","TP.FINHESTNKS71011.ZP17","1387923442.0865"
"F","2025-Q2","TP.FINHESTNKS71011.ZP18","287791126.6564"
"F","2025-Q2","TP.FINHESTNKS71011.ZP19","1100132315.4301"
"F","2025-Q2","TP.FINHESTNKS71011.ZP20","356271341.0962"
"F","2025-Q2","TP.FINHESTNKS71011.ZP21","17500080"
"F","2025-Q2","TP.FINHESTNKS71011.ZP22","3922065123.1038"
"F","2025-Q2","TP.FINHESTNKS71011.ZP23","16583718426.7628"
"F","2025-Q2","TP.FINHESTNKS71011.ZP24","0"
"F","2025-Q2","TP.FINHESTNKS71011.ZP26","0"
"F","2025-Q2","TP.FINHESTNKS71011.ZP27","0"
"F","2025-Q2","TP.FINHESTNKS71011.ZP28","0"
"F","2025-Q2","TP.FINHESTNKS71011.ZP29","0"
"F","2025-Q2","TP.FINHESTNKS71011.ZP30","0"
"F","2025-Q2","TP.FINHESTNKS71011.ZP31","820934666.192"
"F","2025-Q2","TP.FINHESTNKS71011.ZP32","60450319.7271"
"F","2025-Q2","TP.FINHESTNKS71011.ZP33","760484346.4649"
"F","2025-Q2","TP.FINHESTNKS71011.ZP34","19865924143.0196"
"F","2025-Q2","TP.FINHESTNKS71011.ZP35","9035592129.4544"
"F","2025-Q2","TP.FINHESTNKS71011.ZP36","10830332013.5652"
"F","2025-Q2","TP.FINHESTNKS71011.ZP37","13590204142.7707"
"F","2025-Q2","TP.FINHESTNKS71011.ZP38","13590204142.7707"
"F","2025-Q2","TP.FINHESTNKS71011.ZP39","0"
"F","2025-Q2","TP.FINHESTNKS71011.ZP40","0"
"F","2025-Q2","TP.FINHESTNKS71011.ZP41","0"
"F","2025-Q2","TP.FINHESTNKS71011.ZP42","0"
"F","2025-Q2","TP.FINHESTNKS71011.ZP43","51731230"
"F","2025-Q2","TP.FINHESTNKS71011.ZP44","5259385563.7918"
"F","2025-Q2","TP.FINHESTNKS71011.ZP45","39588179745.7741"
"F","2025-Q3","TP.FINHESTNKS71011.ZP1","-24480038912.4607"
"F","2025-Q3","TP.FINHESTNKS71011.ZP2","0"
"F","2025-Q3","TP.FINHESTNKS71011.ZP3","0"
"F","2025-Q3","TP.FINHESTNKS71011.ZP4","0"
"F","2025-Q3","TP.FINHESTNKS71011.ZP5","7696269715.2456"
"F","2025-Q3","TP.FINHESTNKS71011.ZP6","532942514.1512"
"F","2025-Q3","TP.FINHESTNKS71011.ZP7","3189305561.0324"
"F","2025-Q3","TP.FINHESTNKS71011.ZP8","3974021640.0621"
"F","2025-Q3","TP.FINHESTNKS71011.ZP9","405618806.7041"
"F","2025-Q3","TP.FINHESTNKS71011.ZP10","61592018.2577"
"F","2025-Q3","TP.FINHESTNKS71011.ZP11","344026788.4464"
"F","2025-Q3","TP.FINHESTNKS71011.ZP12","245400199.7399"
"F","2025-Q3","TP.FINHESTNKS71011.ZP13","245400199.7399"
"F","2025-Q3","TP.FINHESTNKS71011.ZP14","0"
"F","2025-Q3","TP.FINHESTNKS71011.ZP15","5467660104.8337"
"F","2025-Q3","TP.FINHESTNKS71011.ZP16","3682989915.9338"
"F","2025-Q3","TP.FINHESTNKS71011.ZP17","1784670188.8998"
"F","2025-Q3","TP.FINHESTNKS71011.ZP18","435039665.6029"
"F","2025-Q3","TP.FINHESTNKS71011.ZP19","1349630523.297"
"F","2025-Q3","TP.FINHESTNKS71011.ZP20","378567159.216"
"F","2025-Q3","TP.FINHESTNKS71011.ZP21","21394218"
"F","2025-Q3","TP.FINHESTNKS71011.ZP22","4352970237.7663"
"F","2025-Q3","TP.FINHESTNKS71011.ZP23","18567880441.5056"
"F","2025-Q3","TP.FINHESTNKS71011.ZP24","0"
"F","2025-Q3","TP.FINHESTNKS71011.ZP26","0"
"F","2025-Q3","TP.FINHESTNKS71011.ZP27","0"
"F","2025-Q3","TP.FINHESTNKS71011.ZP28","0"
"F","2025-Q3","TP.FINHESTNKS71011.ZP29","0"
"F","2025-Q3","TP.FINHESTNKS71011.ZP30","0"
"F","2025-Q3","TP.FINHESTNKS71011.ZP31","930907039.9"
"F","2025-Q3","TP.FINHESTNKS71011.ZP32","68548242.0412"
"F","2025-Q3","TP.FINHESTNKS71011.ZP33","862358797.8588"
"F","2025-Q3","TP.FINHESTNKS71011.ZP34","21509120786.1844"
"F","2025-Q3","TP.FINHESTNKS71011.ZP35","9782965095.8081"
"F","2025-Q3","TP.FINHESTNKS71011.ZP36","11726155690.3763"
"F","2025-Q3","TP.FINHESTNKS71011.ZP37","14805308287.1496"
"F","2025-Q3","TP.FINHESTNKS71011.ZP38","14805308287.1496"
"F","2025-Q3","TP.FINHESTNKS71011.ZP39","0"
"F","2025-Q3","TP.FINHESTNKS71011.ZP40","0"
"F","2025-Q3","TP.FINHESTNKS71011.ZP41","0"
"F","2025-Q3","TP.FINHESTNKS71011.ZP42","0"
"F","2025-Q3","TP.FINHESTNKS71011.ZP43","55534997"
"F","2025-Q3","TP.FINHESTNKS71011.ZP44","5747048243.7322"
"F","2025-Q3","TP.FINHESTNKS71011.ZP45","43047919353.9663"
"F","2025-Q4","TP.FINHESTNKS71011.ZP1","-27710224380.5408"
"F","2025-Q4","TP.FINHESTNKS71011.ZP2","0"
"F","2025-Q4","TP.FINHESTNKS71011.ZP3","0"
"F","2025-Q4","TP.FINHESTNKS71011.ZP4","0"
"F","2025-Q4","TP.FINHESTNKS71011.ZP5","8470957146.2762"
"F","2025-Q4","TP.FINHESTNKS71011.ZP6","582948168.2638"
"F","2025-Q4","TP.FINHESTNKS71011.ZP7","3536798152.5625"
"F","2025-Q4","TP.FINHESTNKS71011.ZP8","4351210825.4499"
"F","2025-Q4","TP.FINHESTNKS71011.ZP9","493131454.8689"
"F","2025-Q4","TP.FINHESTNKS71011.ZP10","78830171.3016"
"F","2025-Q4","TP.FINHESTNKS71011.ZP11","414301283.5673"
"F","2025-Q4","TP.FINHESTNKS71011.ZP12","251644114.0976"
"F","2025-Q4","TP.FINHESTNKS71011.ZP13","251644114.0976"
"F","2025-Q4","TP.FINHESTNKS71011.ZP14","0"
"F","2025-Q4","TP.FINHESTNKS71011.ZP15","5771351896.9423"
"F","2025-Q4","TP.FINHESTNKS71011.ZP16","4086212574.3536"
"F","2025-Q4","TP.FINHESTNKS71011.ZP17","1685139322.5887"
"F","2025-Q4","TP.FINHESTNKS71011.ZP18","512686007.8584"
"F","2025-Q4","TP.FINHESTNKS71011.ZP19","1172453314.7304"
"F","2025-Q4","TP.FINHESTNKS71011.ZP20","425274752.7105"
"F","2025-Q4","TP.FINHESTNKS71011.ZP21","28349179"
"F","2025-Q4","TP.FINHESTNKS71011.ZP22","4731662014.3253"
"F","2025-Q4","TP.FINHESTNKS71011.ZP23","20172370558.2208"
"F","2025-Q4","TP.FINHESTNKS71011.ZP24","0"
"F","2025-Q4","TP.FINHESTNKS71011.ZP26","0"
"F","2025-Q4","TP.FINHESTNKS71011.ZP27","0"
"F","2025-Q4","TP.FINHESTNKS71011.ZP28","0"
"F","2025-Q4","TP.FINHESTNKS71011.ZP29","0"
"F","2025-Q4","TP.FINHESTNKS71011.ZP30","0"
"F","2025-Q4","TP.FINHESTNKS71011.ZP31","953987387.48"
"F","2025-Q4","TP.FINHESTNKS71011.ZP32","66798015.9154"
"F","2025-Q4","TP.FINHESTNKS71011.ZP33","887189371.5646"
"F","2025-Q4","TP.FINHESTNKS71011.ZP34","23519868749.8934"
"F","2025-Q4","TP.FINHESTNKS71011.ZP35","10216761654.6"
"F","2025-Q4","TP.FINHESTNKS71011.ZP36","13303107095.2934"
"F","2025-Q4","TP.FINHESTNKS71011.ZP37","17004048853.5532"
"F","2025-Q4","TP.FINHESTNKS71011.ZP38","17004048853.5532"
"F","2025-Q4","TP.FINHESTNKS71011.ZP39","0"
"F","2025-Q4","TP.FINHESTNKS71011.ZP40","0"
"F","2025-Q4","TP.FINHESTNKS71011.ZP41","0"
"F","2025-Q4","TP.FINHESTNKS71011.ZP42","0"
"F","2025-Q4","TP.FINHESTNKS71011.ZP43","56125193"
"F","2025-Q4","TP.FINHESTNKS71011.ZP44","6348564754.8349"
"F","2025-Q4","TP.FINHESTNKS71011.ZP45","47882594938.7615"
"F","2026-Q1","TP.FINHESTNKS71011.ZP1","-30108159524.4445"
"F","2026-Q1","TP.FINHESTNKS71011.ZP2","0"
"F","2026-Q1","TP.FINHESTNKS71011.ZP3","0"
"F","2026-Q1","TP.FINHESTNKS71011.ZP4","0"
"F","2026-Q1","TP.FINHESTNKS71011.ZP5","8593544693.515"
"F","2026-Q1","TP.FINHESTNKS71011.ZP6","624344492.6626"
"F","2026-Q1","TP.FINHESTNKS71011.ZP7","3569108066.1421"
"F","2026-Q1","TP.FINHESTNKS71011.ZP8","4400092134.7103"
"F","2026-Q1","TP.FINHESTNKS71011.ZP9","538979625.7777"
"F","2026-Q1","TP.FINHESTNKS71011.ZP10","109131777.7415"
"F","2026-Q1","TP.FINHESTNKS71011.ZP11","429847848.0362"
"F","2026-Q1","TP.FINHESTNKS71011.ZP12","268731089.5175"
"F","2026-Q1","TP.FINHESTNKS71011.ZP13","268731089.5175"
"F","2026-Q1","TP.FINHESTNKS71011.ZP14","0"
"F","2026-Q1","TP.FINHESTNKS71011.ZP15","5938291669.3488"
"F","2026-Q1","TP.FINHESTNKS71011.ZP16","4187007547.0691"
"F","2026-Q1","TP.FINHESTNKS71011.ZP17","1751284122.2797"
"F","2026-Q1","TP.FINHESTNKS71011.ZP18","403688233.9451"
"F","2026-Q1","TP.FINHESTNKS71011.ZP19","1347595888.3346"
"F","2026-Q1","TP.FINHESTNKS71011.ZP20","468669005.0095"
"F","2026-Q1","TP.FINHESTNKS71011.ZP21","45117433"
"F","2026-Q1","TP.FINHESTNKS71011.ZP22","4815057097.5579"
"F","2026-Q1","TP.FINHESTNKS71011.ZP23","20668390613.7263"
"F","2026-Q1","TP.FINHESTNKS71011.ZP24","0"
"F","2026-Q1","TP.FINHESTNKS71011.ZP26","0"
"F","2026-Q1","TP.FINHESTNKS71011.ZP27","0"
"F","2026-Q1","TP.FINHESTNKS71011.ZP28","0"
"F","2026-Q1","TP.FINHESTNKS71011.ZP29","0"
"F","2026-Q1","TP.FINHESTNKS71011.ZP30","0"
"F","2026-Q1","TP.FINHESTNKS71011.ZP31","993087770.76"
"F","2026-Q1","TP.FINHESTNKS71011.ZP32","66705599.7348"
"F","2026-Q1","TP.FINHESTNKS71011.ZP33","926382171.0252"
"F","2026-Q1","TP.FINHESTNKS71011.ZP34","25339760798.2257"
"F","2026-Q1","TP.FINHESTNKS71011.ZP35","10736623319.4983"
"F","2026-Q1","TP.FINHESTNKS71011.ZP36","14603137478.7274"
"F","2026-Q1","TP.FINHESTNKS71011.ZP37","17987270521.6991"
"F","2026-Q1","TP.FINHESTNKS71011.ZP38","17987270521.6991"
"F","2026-Q1","TP.FINHESTNKS71011.ZP39","0"
"F","2026-Q1","TP.FINHESTNKS71011.ZP40","0"
"F","2026-Q1","TP.FINHESTNKS71011.ZP41","0"
"F","2026-Q1","TP.FINHESTNKS71011.ZP42","0"
"F","2026-Q1","TP.FINHESTNKS71011.ZP43","44256604"
"F","2026-Q1","TP.FINHESTNKS71011.ZP44","6412174443.4859"
"F","2026-Q1","TP.FINHESTNKS71011.ZP45","50776550138.1707"
"B","2010-Q4","TP.FINHESTNKS71012.ZP1","-61703744.8093"
"B","2010-Q4","TP.FINHESTNKS71012.ZP2","10459997.6"
"B","2010-Q4","TP.FINHESTNKS71012.ZP3","8138466.7"
"B","2010-Q4","TP.FINHESTNKS71012.ZP4","2321530.9"
"B","2010-Q4","TP.FINHESTNKS71012.ZP5","42967939.8448"
"B","2010-Q4","TP.FINHESTNKS71012.ZP6","3155057.668"
"B","2010-Q4","TP.FINHESTNKS71012.ZP7","23031129.5355"
"B","2010-Q4","TP.FINHESTNKS71012.ZP8","16781752.6413"
"B","2010-Q4","TP.FINHESTNKS71012.ZP9","436325638.2645"
"B","2010-Q4","TP.FINHESTNKS71012.ZP10","19138233.0428"
"B","2010-Q4","TP.FINHESTNKS71012.ZP11","417187405.2217"
"B","2010-Q4","TP.FINHESTNKS71012.ZP12","546926491.3692"
"B","2010-Q4","TP.FINHESTNKS71012.ZP13","257814866.8365"
"B","2010-Q4","TP.FINHESTNKS71012.ZP14","289111624.5327"
"B","2010-Q4","TP.FINHESTNKS71012.ZP15","10684244.1756"
"B","2010-Q4","TP.FINHESTNKS71012.ZP16","10446384.3291"
"B","2010-Q4","TP.FINHESTNKS71012.ZP17","237859.8465"
"B","2010-Q4","TP.FINHESTNKS71012.ZP20","0"
"B","2010-Q4","TP.FINHESTNKS71012.ZP21","2439938.039"
"B","2010-Q4","TP.FINHESTNKS71012.ZP22","20033361.7104"
"B","2010-Q4","TP.FINHESTNKS71012.ZP23","1069837611.0036"
"B","2010-Q4","TP.FINHESTNKS71012.ZP24","0"
"B","2010-Q4","TP.FINHESTNKS71012.ZP26","0"
"B","2010-Q4","TP.FINHESTNKS71012.ZP27","645485981.1453"
"B","2010-Q4","TP.FINHESTNKS71012.ZP28","43615454.4762"
"B","2010-Q4","TP.FINHESTNKS71012.ZP29","131772995.805"
"B","2010-Q4","TP.FINHESTNKS71012.ZP30","470097530.8641"
"B","2010-Q4","TP.FINHESTNKS71012.ZP31","3210950.2194"
"B","2010-Q4","TP.FINHESTNKS71012.ZP32","1453839.0743"
"B","2010-Q4","TP.FINHESTNKS71012.ZP33","1757111.145"
"B","2010-Q4","TP.FINHESTNKS71012.ZP34","126617487.7995"
"B","2010-Q4","TP.FINHESTNKS71012.ZP35","78727166.9629"
"B","2010-Q4","TP.FINHESTNKS71012.ZP36","47890320.8366"
"B","2010-Q4","TP.FINHESTNKS71012.ZP37","305178148.3137"
"B","2010-Q4","TP.FINHESTNKS71012.ZP38","273887815.3137"
"B","2010-Q4","TP.FINHESTNKS71012.ZP39","31290333"
"B","2010-Q4","TP.FINHESTNKS71012.ZP40","23187206"
"B","2010-Q4","TP.FINHESTNKS71012.ZP41","8103127"
"B","2010-Q4","TP.FINHESTNKS71012.ZP42","25677849.0624"
"B","2010-Q4","TP.FINHESTNKS71012.ZP43","3172509.039"
"B","2010-Q4","TP.FINHESTNKS71012.ZP44","22198430.2337"
"B","2010-Q4","TP.FINHESTNKS71012.ZP45","1131541355.8129"
"B","2011-Q4","TP.FINHESTNKS71012.ZP1","26339808.6112"
"B","2011-Q4","TP.FINHESTNKS71012.ZP2","21513975.7"
"B","2011-Q4","TP.FINHESTNKS71012.ZP3","18677555.2"
"B","2011-Q4","TP.FINHESTNKS71012.ZP4","2836420.5"
"B","2011-Q4","TP.FINHESTNKS71012.ZP5","68355169.7722"
"B","2011-Q4","TP.FINHESTNKS71012.ZP6","3595323.737"
"B","2011-Q4","TP.FINHESTNKS71012.ZP7","33551033.1297"
"B","2011-Q4","TP.FINHESTNKS71012.ZP8","31208812.9055"
"B","2011-Q4","TP.FINHESTNKS71012.ZP9","427745639.8304"
"B","2011-Q4","TP.FINHESTNKS71012.ZP10","7332612.2638"
"B","2011-Q4","TP.FINHESTNKS71012.ZP11","420413027.5667"
"B","2011-Q4","TP.FINHESTNKS71012.ZP12","715329016.8134"
"B","2011-Q4","TP.FINHESTNKS71012.ZP13","306099117.0112"
"B","2011-Q4","TP.FINHESTNKS71012.ZP14","409229899.8022"
"B","2011-Q4","TP.FINHESTNKS71012.ZP15","12619928.7482"
"B","2011-Q4","TP.FINHESTNKS71012.ZP16","12397099.6822"
"B","2011-Q4","TP.FINHESTNKS71012.ZP17","222829.066"
"B","2011-Q4","TP.FINHESTNKS71012.ZP20","0"
"B","2011-Q4","TP.FINHESTNKS71012.ZP21","4959424.183"
"B","2011-Q4","TP.FINHESTNKS71012.ZP22","21248671.5979"
"B","2011-Q4","TP.FINHESTNKS71012.ZP23","1271771826.6452"
"B","2011-Q4","TP.FINHESTNKS71012.ZP24","0"
"B","2011-Q4","TP.FINHESTNKS71012.ZP26","0"
"B","2011-Q4","TP.FINHESTNKS71012.ZP27","757821914.0209"
"B","2011-Q4","TP.FINHESTNKS71012.ZP28","48588103.3914"
"B","2011-Q4","TP.FINHESTNKS71012.ZP29","169581399.3083"
"B","2011-Q4","TP.FINHESTNKS71012.ZP30","539652411.3212"
"B","2011-Q4","TP.FINHESTNKS71012.ZP31","19389255.4698"
"B","2011-Q4","TP.FINHESTNKS71012.ZP32","13288884.1359"
"B","2011-Q4","TP.FINHESTNKS71012.ZP33","6100371.3339"
"B","2011-Q4","TP.FINHESTNKS71012.ZP34","170209879.5914"
"B","2011-Q4","TP.FINHESTNKS71012.ZP35","111963012.7142"
"B","2011-Q4","TP.FINHESTNKS71012.ZP36","58246866.8772"
"B","2011-Q4","TP.FINHESTNKS71012.ZP37","236137012.2777"
"B","2011-Q4","TP.FINHESTNKS71012.ZP38","210741391.2777"
"B","2011-Q4","TP.FINHESTNKS71012.ZP39","25395621"
"B","2011-Q4","TP.FINHESTNKS71012.ZP40","20460590"
"B","2011-Q4","TP.FINHESTNKS71012.ZP41","4935031"
"B","2011-Q4","TP.FINHESTNKS71012.ZP42","29614112.2446"
"B","2011-Q4","TP.FINHESTNKS71012.ZP43","3979200.183"
"B","2011-Q4","TP.FINHESTNKS71012.ZP44","28280644.2465"
"B","2011-Q4","TP.FINHESTNKS71012.ZP45","1245432018.0339"
"B","2012-Q4","TP.FINHESTNKS71012.ZP1","-8681999.372"
"B","2012-Q4","TP.FINHESTNKS71012.ZP2","36965493.5"
"B","2012-Q4","TP.FINHESTNKS71012.ZP3","34297820"
"B","2012-Q4","TP.FINHESTNKS71012.ZP4","2667673.5"
"B","2012-Q4","TP.FINHESTNKS71012.ZP5","52779210.2963"
"B","2012-Q4","TP.FINHESTNKS71012.ZP6","5000107.159"
"B","2012-Q4","TP.FINHESTNKS71012.ZP7","33712896.8271"
"B","2012-Q4","TP.FINHESTNKS71012.ZP8","14066206.3102"
"B","2012-Q4","TP.FINHESTNKS71012.ZP9","472669865.8451"
"B","2012-Q4","TP.FINHESTNKS71012.ZP10","8163436.4835"
"B","2012-Q4","TP.FINHESTNKS71012.ZP11","464506429.3616"
"B","2012-Q4","TP.FINHESTNKS71012.ZP12","843700125.8612"
"B","2012-Q4","TP.FINHESTNKS71012.ZP13","359304828.4805"
"B","2012-Q4","TP.FINHESTNKS71012.ZP14","484395297.3807"
"B","2012-Q4","TP.FINHESTNKS71012.ZP15","15806304.0829"
"B","2012-Q4","TP.FINHESTNKS71012.ZP16","15540480.5161"
"B","2012-Q4","TP.FINHESTNKS71012.ZP17","265823.5668"
"B","2012-Q4","TP.FINHESTNKS71012.ZP20","0"
"B","2012-Q4","TP.FINHESTNKS71012.ZP21","2635826.443"
"B","2012-Q4","TP.FINHESTNKS71012.ZP22","28583166.4721"
"B","2012-Q4","TP.FINHESTNKS71012.ZP23","1453139992.5006"
"B","2012-Q4","TP.FINHESTNKS71012.ZP24","0"
"B","2012-Q4","TP.FINHESTNKS71012.ZP26","0"
"B","2012-Q4","TP.FINHESTNKS71012.ZP27","834314300.8234"
"B","2012-Q4","TP.FINHESTNKS71012.ZP28","52016427.138"
"B","2012-Q4","TP.FINHESTNKS71012.ZP29","183193364.7902"
"B","2012-Q4","TP.FINHESTNKS71012.ZP30","599104508.8952"
"B","2012-Q4","TP.FINHESTNKS71012.ZP31","44924111.4948"
"B","2012-Q4","TP.FINHESTNKS71012.ZP32","29969128.8447"
"B","2012-Q4","TP.FINHESTNKS71012.ZP33","14954982.6501"
"B","2012-Q4","TP.FINHESTNKS71012.ZP34","171245534.4645"
"B","2012-Q4","TP.FINHESTNKS71012.ZP35","114001336.4414"
"B","2012-Q4","TP.FINHESTNKS71012.ZP36","57244198.0231"
"B","2012-Q4","TP.FINHESTNKS71012.ZP37","313417093.4239"
"B","2012-Q4","TP.FINHESTNKS71012.ZP38","289297394.4239"
"B","2012-Q4","TP.FINHESTNKS71012.ZP39","24119699"
"B","2012-Q4","TP.FINHESTNKS71012.ZP40","17153718"
"B","2012-Q4","TP.FINHESTNKS71012.ZP41","6965981"
"B","2012-Q4","TP.FINHESTNKS71012.ZP42","39521801.0982"
"B","2012-Q4","TP.FINHESTNKS71012.ZP43","4278246.443"
"B","2012-Q4","TP.FINHESTNKS71012.ZP44","54120904.1247"
"B","2012-Q4","TP.FINHESTNKS71012.ZP45","1461821991.8726"
"B","2013-Q4","TP.FINHESTNKS71012.ZP1","48277632.5779"
"B","2013-Q4","TP.FINHESTNKS71012.ZP2","46063752.13"
"B","2013-Q4","TP.FINHESTNKS71012.ZP3","42850276"
"B","2013-Q4","TP.FINHESTNKS71012.ZP4","3213476.13"
"B","2013-Q4","TP.FINHESTNKS71012.ZP5","59598069.1772"
"B","2013-Q4","TP.FINHESTNKS71012.ZP6","10193489.2594"
"B","2013-Q4","TP.FINHESTNKS71012.ZP7","31370077.1811"
"B","2013-Q4","TP.FINHESTNKS71012.ZP8","18034502.7367"
"B","2013-Q4","TP.FINHESTNKS71012.ZP9","485987358.6956"
"B","2013-Q4","TP.FINHESTNKS71012.ZP10","11094283.4966"
"B","2013-Q4","TP.FINHESTNKS71012.ZP11","474893075.199"
"B","2013-Q4","TP.FINHESTNKS71012.ZP12","1121345926.5022"
"B","2013-Q4","TP.FINHESTNKS71012.ZP13","434846554.5942"
"B","2013-Q4","TP.FINHESTNKS71012.ZP14","686499371.9081"
"B","2013-Q4","TP.FINHESTNKS71012.ZP15","18497377.765"
"B","2013-Q4","TP.FINHESTNKS71012.ZP16","17626938.3141"
"B","2013-Q4","TP.FINHESTNKS71012.ZP17","870439.4508"
"B","2013-Q4","TP.FINHESTNKS71012.ZP20","0"
"B","2013-Q4","TP.FINHESTNKS71012.ZP21","11770417.962"
"B","2013-Q4","TP.FINHESTNKS71012.ZP22","33894930.3336"
"B","2013-Q4","TP.FINHESTNKS71012.ZP23","1777157832.5657"
"B","2013-Q4","TP.FINHESTNKS71012.ZP24","3524139"
"B","2013-Q4","TP.FINHESTNKS71012.ZP26","3524139"
"B","2013-Q4","TP.FINHESTNKS71012.ZP27","1014511712.0309"
"B","2013-Q4","TP.FINHESTNKS71012.ZP28","64998561.6283"
"B","2013-Q4","TP.FINHESTNKS71012.ZP29","233568659.2312"
"B","2013-Q4","TP.FINHESTNKS71012.ZP30","715944491.1714"
"B","2013-Q4","TP.FINHESTNKS71012.ZP31","71672144.9003"
"B","2013-Q4","TP.FINHESTNKS71012.ZP32","67848574.7703"
"B","2013-Q4","TP.FINHESTNKS71012.ZP33","3823570.13"
"B","2013-Q4","TP.FINHESTNKS71012.ZP34","246908544.7271"
"B","2013-Q4","TP.FINHESTNKS71012.ZP35","158861527.3842"
"B","2013-Q4","TP.FINHESTNKS71012.ZP36","88047017.3429"
"B","2013-Q4","TP.FINHESTNKS71012.ZP37","273362064.1487"
"B","2013-Q4","TP.FINHESTNKS71012.ZP38","247269550.1487"
"B","2013-Q4","TP.FINHESTNKS71012.ZP39","26092514"
"B","2013-Q4","TP.FINHESTNKS71012.ZP40","10256661"
"B","2013-Q4","TP.FINHESTNKS71012.ZP41","15835853"
"B","2013-Q4","TP.FINHESTNKS71012.ZP42","48058736.3765"
"B","2013-Q4","TP.FINHESTNKS71012.ZP43","7723626.962"
"B","2013-Q4","TP.FINHESTNKS71012.ZP44","63119231.8424"
"B","2013-Q4","TP.FINHESTNKS71012.ZP45","1728880199.9878"
"B","2014-Q4","TP.FINHESTNKS71012.ZP1","30807310.2135"
"B","2014-Q4","TP.FINHESTNKS71012.ZP2","50554517.57"
"B","2014-Q4","TP.FINHESTNKS71012.ZP3","47307178"
"B","2014-Q4","TP.FINHESTNKS71012.ZP4","3247339.57"
"B","2014-Q4","TP.FINHESTNKS71012.ZP5","53405093.5098"
"B","2014-Q4","TP.FINHESTNKS71012.ZP6","8403329.3203"
"B","2014-Q4","TP.FINHESTNKS71012.ZP7","33976863.804"
"B","2014-Q4","TP.FINHESTNKS71012.ZP8","11024900.3855"
"B","2014-Q4","TP.FINHESTNKS71012.ZP9","543337287.5171"
"B","2014-Q4","TP.FINHESTNKS71012.ZP10","12979717.7856"
"B","2014-Q4","TP.FINHESTNKS71012.ZP11","530357569.7316"
"B","2014-Q4","TP.FINHESTNKS71012.ZP12","1333026132.5532"
"B","2014-Q4","TP.FINHESTNKS71012.ZP13","502769344.6709"
"B","2014-Q4","TP.FINHESTNKS71012.ZP14","830256787.8824"
"B","2014-Q4","TP.FINHESTNKS71012.ZP15","22954444.2063"
"B","2014-Q4","TP.FINHESTNKS71012.ZP16","21898750.3733"
"B","2014-Q4","TP.FINHESTNKS71012.ZP17","1055693.833"
"B","2014-Q4","TP.FINHESTNKS71012.ZP20","0"
"B","2014-Q4","TP.FINHESTNKS71012.ZP21","8631603.837"
"B","2014-Q4","TP.FINHESTNKS71012.ZP22","27106744.9101"
"B","2014-Q4","TP.FINHESTNKS71012.ZP23","2039015824.1035"
"B","2014-Q4","TP.FINHESTNKS71012.ZP24","3600846"
"B","2014-Q4","TP.FINHESTNKS71012.ZP26","3600846"
"B","2014-Q4","TP.FINHESTNKS71012.ZP27","1117303798.1545"
"B","2014-Q4","TP.FINHESTNKS71012.ZP28","73953676.5182"
"B","2014-Q4","TP.FINHESTNKS71012.ZP29","252639576.0184"
"B","2014-Q4","TP.FINHESTNKS71012.ZP30","790710545.6179"
"B","2014-Q4","TP.FINHESTNKS71012.ZP31","105686840.2831"
"B","2014-Q4","TP.FINHESTNKS71012.ZP32","101377104.7343"
"B","2014-Q4","TP.FINHESTNKS71012.ZP33","4309735.5488"
"B","2014-Q4","TP.FINHESTNKS71012.ZP34","291643727.6902"
"B","2014-Q4","TP.FINHESTNKS71012.ZP35","187033186.1813"
"B","2014-Q4","TP.FINHESTNKS71012.ZP36","104610541.5088"
"B","2014-Q4","TP.FINHESTNKS71012.ZP37","354813427.5279"
"B","2014-Q4","TP.FINHESTNKS71012.ZP38","327845259.5279"
"B","2014-Q4","TP.FINHESTNKS71012.ZP39","26968168"
"B","2014-Q4","TP.FINHESTNKS71012.ZP40","12336284"
"B","2014-Q4","TP.FINHESTNKS71012.ZP41","14631884"
"B","2014-Q4","TP.FINHESTNKS71012.ZP42","62722728.152"
"B","2014-Q4","TP.FINHESTNKS71012.ZP43","7138918.837"
"B","2014-Q4","TP.FINHESTNKS71012.ZP44","65298227.2454"
"B","2014-Q4","TP.FINHESTNKS71012.ZP45","2008208513.89"
"B","2015-Q1","TP.FINHESTNKS71012.ZP1","125509510.1876"
"B","2015-Q1","TP.FINHESTNKS71012.ZP2","54428627.84"
"B","2015-Q1","TP.FINHESTNKS71012.ZP3","50934356"
"B","2015-Q1","TP.FINHESTNKS71012.ZP4","3494271.84"
"B","2015-Q1","TP.FINHESTNKS71012.ZP5","63679902.8134"
"B","2015-Q1","TP.FINHESTNKS71012.ZP6","10099836.0479"
"B","2015-Q1","TP.FINHESTNKS71012.ZP7","39960399.2206"
"B","2015-Q1","TP.FINHESTNKS71012.ZP8","13619667.5449"
"B","2015-Q1","TP.FINHESTNKS71012.ZP9","581269027.3503"
"B","2015-Q1","TP.FINHESTNKS71012.ZP10","68500463.4044"
"B","2015-Q1","TP.FINHESTNKS71012.ZP11","512768563.9459"
"B","2015-Q1","TP.FINHESTNKS71012.ZP12","1423909667.7476"
"B","2015-Q1","TP.FINHESTNKS71012.ZP13","625995715.8797"
"B","2015-Q1","TP.FINHESTNKS71012.ZP14","797913951.8679"
"B","2015-Q1","TP.FINHESTNKS71012.ZP15","23602868.1371"
"B","2015-Q1","TP.FINHESTNKS71012.ZP16","22569632.1774"
"B","2015-Q1","TP.FINHESTNKS71012.ZP17","1033235.9596"
"B","2015-Q1","TP.FINHESTNKS71012.ZP18","0"
"B","2015-Q1","TP.FINHESTNKS71012.ZP19","0"
"B","2015-Q1","TP.FINHESTNKS71012.ZP20","0"
"B","2015-Q1","TP.FINHESTNKS71012.ZP21","15029171.555"
"B","2015-Q1","TP.FINHESTNKS71012.ZP22","31762755.6659"
"B","2015-Q1","TP.FINHESTNKS71012.ZP23","2193682021.1092"
"B","2015-Q1","TP.FINHESTNKS71012.ZP24","3874678"
"B","2015-Q1","TP.FINHESTNKS71012.ZP26","3874678"
"B","2015-Q1","TP.FINHESTNKS71012.ZP27","1168335493.0313"
"B","2015-Q1","TP.FINHESTNKS71012.ZP28","79569521.5127"
"B","2015-Q1","TP.FINHESTNKS71012.ZP29","249195630.2955"
"B","2015-Q1","TP.FINHESTNKS71012.ZP30","839570341.223"
"B","2015-Q1","TP.FINHESTNKS71012.ZP31","117460791.4064"
"B","2015-Q1","TP.FINHESTNKS71012.ZP32","84811423.8201"
"B","2015-Q1","TP.FINHESTNKS71012.ZP33","32649367.5863"
"B","2015-Q1","TP.FINHESTNKS71012.ZP34","302556811.451"
"B","2015-Q1","TP.FINHESTNKS71012.ZP35","186025347.1494"
"B","2015-Q1","TP.FINHESTNKS71012.ZP36","116531464.3015"
"B","2015-Q1","TP.FINHESTNKS71012.ZP37","326214109.1235"
"B","2015-Q1","TP.FINHESTNKS71012.ZP38","295911439.1235"
"B","2015-Q1","TP.FINHESTNKS71012.ZP39","30302670"
"B","2015-Q1","TP.FINHESTNKS71012.ZP40","12871057"
"B","2015-Q1","TP.FINHESTNKS71012.ZP41","17431613"
"B","2015-Q1","TP.FINHESTNKS71012.ZP42","66859280.0989"
"B","2015-Q1","TP.FINHESTNKS71012.ZP43","11628517.555"
"B","2015-Q1","TP.FINHESTNKS71012.ZP44","71242830.2555"
"B","2015-Q1","TP.FINHESTNKS71012.ZP45","2068172510.9216"
"B","2015-Q2","TP.FINHESTNKS71012.ZP1","124932262.9042"
"B","2015-Q2","TP.FINHESTNKS71012.ZP2","54282982.68"
"B","2015-Q2","TP.FINHESTNKS71012.ZP3","50640300"
"B","2015-Q2","TP.FINHESTNKS71012.ZP4","3642682.68"
"B","2015-Q2","TP.FINHESTNKS71012.ZP5","79623149.385"
"B","2015-Q2","TP.FINHESTNKS71012.ZP6","11295138.5239"
"B","2015-Q2","TP.FINHESTNKS71012.ZP7","50499880.4418"
"B","2015-Q2","TP.FINHESTNKS71012.ZP8","17828130.4193"
"B","2015-Q2","TP.FINHESTNKS71012.ZP9","597662296.5529"
"B","2015-Q2","TP.FINHESTNKS71012.ZP10","72531819.8963"
"B","2015-Q2","TP.FINHESTNKS71012.ZP11","525130476.6567"
"B","2015-Q2","TP.FINHESTNKS71012.ZP12","1506332929.1744"
"B","2015-Q2","TP.FINHESTNKS71012.ZP13","665614176.7013"
"B","2015-Q2","TP.FINHESTNKS71012.ZP14","840718752.473"
"B","2015-Q2","TP.FINHESTNKS71012.ZP15","24732305.0926"
"B","2015-Q2","TP.FINHESTNKS71012.ZP16","23592087.2935"
"B","2015-Q2","TP.FINHESTNKS71012.ZP17","1140217.7991"
"B","2015-Q2","TP.FINHESTNKS71012.ZP18","0"
"B","2015-Q2","TP.FINHESTNKS71012.ZP19","0"
"B","2015-Q2","TP.FINHESTNKS71012.ZP20","0"
"B","2015-Q2","TP.FINHESTNKS71012.ZP21","13512055.41"
"B","2015-Q2","TP.FINHESTNKS71012.ZP22","31264708.2992"
"B","2015-Q2","TP.FINHESTNKS71012.ZP23","2307410426.5941"
"B","2015-Q2","TP.FINHESTNKS71012.ZP24","4039342"
"B","2015-Q2","TP.FINHESTNKS71012.ZP26","4039342"
"B","2015-Q2","TP.FINHESTNKS71012.ZP27","1245948558.8699"
"B","2015-Q2","TP.FINHESTNKS71012.ZP28","84837291.1124"
"B","2015-Q2","TP.FINHESTNKS71012.ZP29","280874591.0898"
"B","2015-Q2","TP.FINHESTNKS71012.ZP30","880236676.6677"
"B","2015-Q2","TP.FINHESTNKS71012.ZP31","121065562.9272"
"B","2015-Q2","TP.FINHESTNKS71012.ZP32","89108113.3267"
"B","2015-Q2","TP.FINHESTNKS71012.ZP33","31957449.6005"
"B","2015-Q2","TP.FINHESTNKS71012.ZP34","332299670.3898"
"B","2015-Q2","TP.FINHESTNKS71012.ZP35","189682486.7978"
"B","2015-Q2","TP.FINHESTNKS71012.ZP36","142617183.592"
"B","2015-Q2","TP.FINHESTNKS71012.ZP37","322250729.954"
"B","2015-Q2","TP.FINHESTNKS71012.ZP38","293561567.954"
"B","2015-Q2","TP.FINHESTNKS71012.ZP39","28689162"
"B","2015-Q2","TP.FINHESTNKS71012.ZP40","12732350"
"B","2015-Q2","TP.FINHESTNKS71012.ZP41","15956812"
"B","2015-Q2","TP.FINHESTNKS71012.ZP42","70165993.0833"
"B","2015-Q2","TP.FINHESTNKS71012.ZP43","9662244.41"
"B","2015-Q2","TP.FINHESTNKS71012.ZP44","77046062.0556"
"B","2015-Q2","TP.FINHESTNKS71012.ZP45","2182478163.6898"
"B","2015-Q3","TP.FINHESTNKS71012.ZP1","180541226.9508"
"B","2015-Q3","TP.FINHESTNKS71012.ZP2","59344628.06"
"B","2015-Q3","TP.FINHESTNKS71012.ZP3","55210015"
"B","2015-Q3","TP.FINHESTNKS71012.ZP4","4134613.06"
"B","2015-Q3","TP.FINHESTNKS71012.ZP5","119215560.0186"
"B","2015-Q3","TP.FINHESTNKS71012.ZP6","13939057.8719"
"B","2015-Q3","TP.FINHESTNKS71012.ZP7","66044447.2872"
"B","2015-Q3","TP.FINHESTNKS71012.ZP8","39232054.8596"
"B","2015-Q3","TP.FINHESTNKS71012.ZP9","639696045.7862"
"B","2015-Q3","TP.FINHESTNKS71012.ZP10","74336456.9866"
"B","2015-Q3","TP.FINHESTNKS71012.ZP11","565359588.7996"
"B","2015-Q3","TP.FINHESTNKS71012.ZP12","1601568924.2456"
"B","2015-Q3","TP.FINHESTNKS71012.ZP13","677215173.9216"
"B","2015-Q3","TP.FINHESTNKS71012.ZP14","924353750.324"
"B","2015-Q3","TP.FINHESTNKS71012.ZP15","27024092.8937"
"B","2015-Q3","TP.FINHESTNKS71012.ZP16","25901752.4526"
"B","2015-Q3","TP.FINHESTNKS71012.ZP17","1122340.4411"
"B","2015-Q3","TP.FINHESTNKS71012.ZP18","0"
"B","2015-Q3","TP.FINHESTNKS71012.ZP19","0"
"B","2015-Q3","TP.FINHESTNKS71012.ZP20","0"
"B","2015-Q3","TP.FINHESTNKS71012.ZP21","22739287.568"
"B","2015-Q3","TP.FINHESTNKS71012.ZP22","39016765.8825"
"B","2015-Q3","TP.FINHESTNKS71012.ZP23","2508605304.4546"
"B","2015-Q3","TP.FINHESTNKS71012.ZP24","4584863"
"B","2015-Q3","TP.FINHESTNKS71012.ZP26","4584863"
"B","2015-Q3","TP.FINHESTNKS71012.ZP27","1346328919.1896"
"B","2015-Q3","TP.FINHESTNKS71012.ZP28","96163085.0986"
"B","2015-Q3","TP.FINHESTNKS71012.ZP29","297316430.6848"
"B","2015-Q3","TP.FINHESTNKS71012.ZP30","952849403.4063"
"B","2015-Q3","TP.FINHESTNKS71012.ZP31","125362843.2003"
"B","2015-Q3","TP.FINHESTNKS71012.ZP32","92337963.0904"
"B","2015-Q3","TP.FINHESTNKS71012.ZP33","33024880.1099"
"B","2015-Q3","TP.FINHESTNKS71012.ZP34","358798119.2916"
"B","2015-Q3","TP.FINHESTNKS71012.ZP35","175524051.6069"
"B","2015-Q3","TP.FINHESTNKS71012.ZP36","183274067.6847"
"B","2015-Q3","TP.FINHESTNKS71012.ZP37","318037194.6162"
"B","2015-Q3","TP.FINHESTNKS71012.ZP38","278176018.6162"
"B","2015-Q3","TP.FINHESTNKS71012.ZP39","39861176"
"B","2015-Q3","TP.FINHESTNKS71012.ZP40","13526771"
"B","2015-Q3","TP.FINHESTNKS71012.ZP41","26334405"
"B","2015-Q3","TP.FINHESTNKS71012.ZP42","72829196.3156"
"B","2015-Q3","TP.FINHESTNKS71012.ZP43","14738815.568"
"B","2015-Q3","TP.FINHESTNKS71012.ZP44","87384126.3225"
"B","2015-Q3","TP.FINHESTNKS71012.ZP45","2328064077.5038"
"B","2015-Q4","TP.FINHESTNKS71012.ZP1","140654376.3336"
"B","2015-Q4","TP.FINHESTNKS71012.ZP2","55091688.07"
"B","2015-Q4","TP.FINHESTNKS71012.ZP3","51191476"
"B","2015-Q4","TP.FINHESTNKS71012.ZP4","3900212.07"
"B","2015-Q4","TP.FINHESTNKS71012.ZP5","72186143.9508"
"B","2015-Q4","TP.FINHESTNKS71012.ZP6","12182014.8219"
"B","2015-Q4","TP.FINHESTNKS71012.ZP7","36003157.7798"
"B","2015-Q4","TP.FINHESTNKS71012.ZP8","24000971.3492"
"B","2015-Q4","TP.FINHESTNKS71012.ZP9","584172634.5039"
"B","2015-Q4","TP.FINHESTNKS71012.ZP10","68095411.7416"
"B","2015-Q4","TP.FINHESTNKS71012.ZP11","516077222.7622"
"B","2015-Q4","TP.FINHESTNKS71012.ZP12","1599706034.9978"
"B","2015-Q4","TP.FINHESTNKS71012.ZP13","682336992.6605"
"B","2015-Q4","TP.FINHESTNKS71012.ZP14","917369042.3373"
"B","2015-Q4","TP.FINHESTNKS71012.ZP15","28232251.3221"
"B","2015-Q4","TP.FINHESTNKS71012.ZP16","27210072.1048"
"B","2015-Q4","TP.FINHESTNKS71012.ZP17","1022179.2174"
"B","2015-Q4","TP.FINHESTNKS71012.ZP18","0"
"B","2015-Q4","TP.FINHESTNKS71012.ZP19","0"
"B","2015-Q4","TP.FINHESTNKS71012.ZP20","0"
"B","2015-Q4","TP.FINHESTNKS71012.ZP21","13481997.345"
"B","2015-Q4","TP.FINHESTNKS71012.ZP22","36668794.7564"
"B","2015-Q4","TP.FINHESTNKS71012.ZP23","2389539544.9461"
"B","2015-Q4","TP.FINHESTNKS71012.ZP24","4324958"
"B","2015-Q4","TP.FINHESTNKS71012.ZP26","4324958"
"B","2015-Q4","TP.FINHESTNKS71012.ZP27","1296714682.1395"
"B","2015-Q4","TP.FINHESTNKS71012.ZP28","90120403.8704"
"B","2015-Q4","TP.FINHESTNKS71012.ZP29","299490364.4167"
"B","2015-Q4","TP.FINHESTNKS71012.ZP30","907103913.8524"
"B","2015-Q4","TP.FINHESTNKS71012.ZP31","117197629.9195"
"B","2015-Q4","TP.FINHESTNKS71012.ZP32","88482049.4465"
"B","2015-Q4","TP.FINHESTNKS71012.ZP33","28715580.473"
"B","2015-Q4","TP.FINHESTNKS71012.ZP34","349763968.3595"
"B","2015-Q4","TP.FINHESTNKS71012.ZP35","165333246.9403"
"B","2015-Q4","TP.FINHESTNKS71012.ZP36","184430721.4192"
"B","2015-Q4","TP.FINHESTNKS71012.ZP37","312829101.3984"
"B","2015-Q4","TP.FINHESTNKS71012.ZP38","276175181.3984"
"B","2015-Q4","TP.FINHESTNKS71012.ZP39","36653920"
"B","2015-Q4","TP.FINHESTNKS71012.ZP40","12079088"
"B","2015-Q4","TP.FINHESTNKS71012.ZP41","24574832"
"B","2015-Q4","TP.FINHESTNKS71012.ZP42","76570003.9091"
"B","2015-Q4","TP.FINHESTNKS71012.ZP43","9276781.345"
"B","2015-Q4","TP.FINHESTNKS71012.ZP44","82208043.5415"
"B","2015-Q4","TP.FINHESTNKS71012.ZP45","2248885168.6125"
"B","2016-Q1","TP.FINHESTNKS71012.ZP1","122048482.3753"
"B","2016-Q1","TP.FINHESTNKS71012.ZP2","57325343.64"
"B","2016-Q1","TP.FINHESTNKS71012.ZP3","53471236"
"B","2016-Q1","TP.FINHESTNKS71012.ZP4","3854107.64"
"B","2016-Q1","TP.FINHESTNKS71012.ZP5","145302304.1781"
"B","2016-Q1","TP.FINHESTNKS71012.ZP6","11579386.163"
"B","2016-Q1","TP.FINHESTNKS71012.ZP7","38334482.5864"
"B","2016-Q1","TP.FINHESTNKS71012.ZP8","95388435.4287"
"B","2016-Q1","TP.FINHESTNKS71012.ZP9","555558811.5046"
"B","2016-Q1","TP.FINHESTNKS71012.ZP10","69623125.7312"
"B","2016-Q1","TP.FINHESTNKS71012.ZP11","485935685.7734"
"B","2016-Q1","TP.FINHESTNKS71012.ZP12","1627313197.0512"
"B","2016-Q1","TP.FINHESTNKS71012.ZP13","683505481.3761"
"B","2016-Q1","TP.FINHESTNKS71012.ZP14","943807715.6751"
"B","2016-Q1","TP.FINHESTNKS71012.ZP15","30366929.7507"
"B","2016-Q1","TP.FINHESTNKS71012.ZP16","29242234.357"
"B","2016-Q1","TP.FINHESTNKS71012.ZP17","1124695.3937"
"B","2016-Q1","TP.FINHESTNKS71012.ZP18","0"
"B","2016-Q1","TP.FINHESTNKS71012.ZP19","0"
"B","2016-Q1","TP.FINHESTNKS71012.ZP20","0"
"B","2016-Q1","TP.FINHESTNKS71012.ZP21","14094855.446"
"B","2016-Q1","TP.FINHESTNKS71012.ZP22","43514149.5578"
"B","2016-Q1","TP.FINHESTNKS71012.ZP23","2473475591.1284"
"B","2016-Q1","TP.FINHESTNKS71012.ZP24","4273856"
"B","2016-Q1","TP.FINHESTNKS71012.ZP26","4273856"
"B","2016-Q1","TP.FINHESTNKS71012.ZP27","1346949064.0771"
"B","2016-Q1","TP.FINHESTNKS71012.ZP28","91528890.9561"
"B","2016-Q1","TP.FINHESTNKS71012.ZP29","296392522.454"
"B","2016-Q1","TP.FINHESTNKS71012.ZP30","959027650.667"
"B","2016-Q1","TP.FINHESTNKS71012.ZP31","115864130.922"
"B","2016-Q1","TP.FINHESTNKS71012.ZP32","85907254.3725"
"B","2016-Q1","TP.FINHESTNKS71012.ZP33","29956876.5495"
"B","2016-Q1","TP.FINHESTNKS71012.ZP34","342070846.2521"
"B","2016-Q1","TP.FINHESTNKS71012.ZP35","157850408.4036"
"B","2016-Q1","TP.FINHESTNKS71012.ZP36","184220437.8485"
"B","2016-Q1","TP.FINHESTNKS71012.ZP37","354847233.2904"
"B","2016-Q1","TP.FINHESTNKS71012.ZP38","318617378.2021"
"B","2016-Q1","TP.FINHESTNKS71012.ZP39","36229855.0883"
"B","2016-Q1","TP.FINHESTNKS71012.ZP40","11469855.3787"
"B","2016-Q1","TP.FINHESTNKS71012.ZP41","24759999.7096"
"B","2016-Q1","TP.FINHESTNKS71012.ZP42","84824444.2955"
"B","2016-Q1","TP.FINHESTNKS71012.ZP43","12031436.446"
"B","2016-Q1","TP.FINHESTNKS71012.ZP44","90566097.47"
"B","2016-Q1","TP.FINHESTNKS71012.ZP45","2351427108.7531"
"B","2016-Q2","TP.FINHESTNKS71012.ZP1","144525186.9477"
"B","2016-Q2","TP.FINHESTNKS71012.ZP2","62109787.19"
"B","2016-Q2","TP.FINHESTNKS71012.ZP3","58206385"
"B","2016-Q2","TP.FINHESTNKS71012.ZP4","3903402.19"
"B","2016-Q2","TP.FINHESTNKS71012.ZP5","139914859.2113"
"B","2016-Q2","TP.FINHESTNKS71012.ZP6","12407081.051"
"B","2016-Q2","TP.FINHESTNKS71012.ZP7","39167660.65"
"B","2016-Q2","TP.FINHESTNKS71012.ZP8","88340117.5103"
"B","2016-Q2","TP.FINHESTNKS71012.ZP9","593267027.0462"
"B","2016-Q2","TP.FINHESTNKS71012.ZP10","72258874.165"
"B","2016-Q2","TP.FINHESTNKS71012.ZP11","521008152.8813"
"B","2016-Q2","TP.FINHESTNKS71012.ZP12","1688859783.967"
"B","2016-Q2","TP.FINHESTNKS71012.ZP13","709573047.2071"
"B","2016-Q2","TP.FINHESTNKS71012.ZP14","979286736.7599"
"B","2016-Q2","TP.FINHESTNKS71012.ZP15","30144459.1953"
"B","2016-Q2","TP.FINHESTNKS71012.ZP16","28657655.3977"
"B","2016-Q2","TP.FINHESTNKS71012.ZP17","1486803.7975"
"B","2016-Q2","TP.FINHESTNKS71012.ZP18","0"
"B","2016-Q2","TP.FINHESTNKS71012.ZP19","0"
"B","2016-Q2","TP.FINHESTNKS71012.ZP20","0"
"B","2016-Q2","TP.FINHESTNKS71012.ZP21","12834526.777"
"B","2016-Q2","TP.FINHESTNKS71012.ZP22","47609895.2819"
"B","2016-Q2","TP.FINHESTNKS71012.ZP23","2574740338.6687"
"B","2016-Q2","TP.FINHESTNKS71012.ZP24","4328708"
"B","2016-Q2","TP.FINHESTNKS71012.ZP26","4328708"
"B","2016-Q2","TP.FINHESTNKS71012.ZP27","1395721775.4062"
"B","2016-Q2","TP.FINHESTNKS71012.ZP28","102957199.1825"
"B","2016-Q2","TP.FINHESTNKS71012.ZP29","321459702.1144"
"B","2016-Q2","TP.FINHESTNKS71012.ZP30","971304874.1092"
"B","2016-Q2","TP.FINHESTNKS71012.ZP31","122424245.4423"
"B","2016-Q2","TP.FINHESTNKS71012.ZP32","91559385.063"
"B","2016-Q2","TP.FINHESTNKS71012.ZP33","30864860.3793"
"B","2016-Q2","TP.FINHESTNKS71012.ZP34","352396643.9853"
"B","2016-Q2","TP.FINHESTNKS71012.ZP35","156785938.9542"
"B","2016-Q2","TP.FINHESTNKS71012.ZP36","195610705.0311"
"B","2016-Q2","TP.FINHESTNKS71012.ZP37","355369102.6845"
"B","2016-Q2","TP.FINHESTNKS71012.ZP38","316916336.3899"
"B","2016-Q2","TP.FINHESTNKS71012.ZP39","38452766.2946"
"B","2016-Q2","TP.FINHESTNKS71012.ZP40","11929946.3498"
"B","2016-Q2","TP.FINHESTNKS71012.ZP41","26522819.9448"
"B","2016-Q2","TP.FINHESTNKS71012.ZP42","89877703.978"
"B","2016-Q2","TP.FINHESTNKS71012.ZP43","13113179.777"
"B","2016-Q2","TP.FINHESTNKS71012.ZP44","96983792.4477"
"B","2016-Q2","TP.FINHESTNKS71012.ZP45","2430215151.7209"
"B","2016-Q3","TP.FINHESTNKS71012.ZP1","134576382.2156"
"B","2016-Q3","TP.FINHESTNKS71012.ZP2","60485996.95"
"B","2016-Q3","TP.FINHESTNKS71012.ZP3","56435674"
"B","2016-Q3","TP.FINHESTNKS71012.ZP4","4050322.95"
"B","2016-Q3","TP.FINHESTNKS71012.ZP5","112755097.9949"
"B","2016-Q3","TP.FINHESTNKS71012.ZP6","14825167.869"
"B","2016-Q3","TP.FINHESTNKS71012.ZP7","44083396.9649"
"B","2016-Q3","TP.FINHESTNKS71012.ZP8","53846533.1611"
"B","2016-Q3","TP.FINHESTNKS71012.ZP9","633339665.3294"
"B","2016-Q3","TP.FINHESTNKS71012.ZP10","71240835.4796"
"B","2016-Q3","TP.FINHESTNKS71012.ZP11","562098829.8498"
"B","2016-Q3","TP.FINHESTNKS71012.ZP12","1734283253.6806"
"B","2016-Q3","TP.FINHESTNKS71012.ZP13","734501341.9077"
"B","2016-Q3","TP.FINHESTNKS71012.ZP14","999781911.7729"
"B","2016-Q3","TP.FINHESTNKS71012.ZP15","31272378.7608"
"B","2016-Q3","TP.FINHESTNKS71012.ZP16","30065411.6861"
"B","2016-Q3","TP.FINHESTNKS71012.ZP17","1206967.0747"
"B","2016-Q3","TP.FINHESTNKS71012.ZP18","0"
"B","2016-Q3","TP.FINHESTNKS71012.ZP19","0"
"B","2016-Q3","TP.FINHESTNKS71012.ZP20","0"
"B","2016-Q3","TP.FINHESTNKS71012.ZP21","11649359.432"
"B","2016-Q3","TP.FINHESTNKS71012.ZP22","49034925.9169"
"B","2016-Q3","TP.FINHESTNKS71012.ZP23","2632820678.0646"
"B","2016-Q3","TP.FINHESTNKS71012.ZP24","4491657"
"B","2016-Q3","TP.FINHESTNKS71012.ZP26","4491657"
"B","2016-Q3","TP.FINHESTNKS71012.ZP27","1429025478.9022"
"B","2016-Q3","TP.FINHESTNKS71012.ZP28","109830756.9974"
"B","2016-Q3","TP.FINHESTNKS71012.ZP29","313677720.7358"
"B","2016-Q3","TP.FINHESTNKS71012.ZP30","1005517001.169"
"B","2016-Q3","TP.FINHESTNKS71012.ZP31","125116926.2416"
"B","2016-Q3","TP.FINHESTNKS71012.ZP32","93985839.8873"
"B","2016-Q3","TP.FINHESTNKS71012.ZP33","31131086.3543"
"B","2016-Q3","TP.FINHESTNKS71012.ZP34","358772763.8461"
"B","2016-Q3","TP.FINHESTNKS71012.ZP35","155940718.2995"
"B","2016-Q3","TP.FINHESTNKS71012.ZP36","202832045.5466"
"B","2016-Q3","TP.FINHESTNKS71012.ZP37","380407224.6546"
"B","2016-Q3","TP.FINHESTNKS71012.ZP38","340569870.1537"
"B","2016-Q3","TP.FINHESTNKS71012.ZP39","39837354.5008"
"B","2016-Q3","TP.FINHESTNKS71012.ZP40","12555808.1883"
"B","2016-Q3","TP.FINHESTNKS71012.ZP41","27281546.3126"
"B","2016-Q3","TP.FINHESTNKS71012.ZP42","93419864.2418"
"B","2016-Q3","TP.FINHESTNKS71012.ZP43","8488968.432"
"B","2016-Q3","TP.FINHESTNKS71012.ZP44","98521412.5308"
"B","2016-Q3","TP.FINHESTNKS71012.ZP45","2498244295.849"
"B","2016-Q4","TP.FINHESTNKS71012.ZP1","142224582.6411"
"B","2016-Q4","TP.FINHESTNKS71012.ZP2","54028512.79"
"B","2016-Q4","TP.FINHESTNKS71012.ZP3","49449492"
"B","2016-Q4","TP.FINHESTNKS71012.ZP4","4579020.79"
"B","2016-Q4","TP.FINHESTNKS71012.ZP5","146178567.7938"
"B","2016-Q4","TP.FINHESTNKS71012.ZP6","17314545.32"
"B","2016-Q4","TP.FINHESTNKS71012.ZP7","49151074.8708"
"B","2016-Q4","TP.FINHESTNKS71012.ZP8","79712947.603"
"B","2016-Q4","TP.FINHESTNKS71012.ZP9","672554933.0134"
"B","2016-Q4","TP.FINHESTNKS71012.ZP10","55595483.5461"
"B","2016-Q4","TP.FINHESTNKS71012.ZP11","616959449.4674"
"B","2016-Q4","TP.FINHESTNKS71012.ZP12","1882903357.9085"
"B","2016-Q4","TP.FINHESTNKS71012.ZP13","764218225.9258"
"B","2016-Q4","TP.FINHESTNKS71012.ZP14","1118685131.9827"
"B","2016-Q4","TP.FINHESTNKS71012.ZP15","34618037.6957"
"B","2016-Q4","TP.FINHESTNKS71012.ZP16","33173926.5821"
"B","2016-Q4","TP.FINHESTNKS71012.ZP17","1444111.1136"
"B","2016-Q4","TP.FINHESTNKS71012.ZP18","193026.3035"
"B","2016-Q4","TP.FINHESTNKS71012.ZP19","1251084.8101"
"B","2016-Q4","TP.FINHESTNKS71012.ZP20","0"
"B","2016-Q4","TP.FINHESTNKS71012.ZP21","26070268.508"
"B","2016-Q4","TP.FINHESTNKS71012.ZP22","50112292.958"
"B","2016-Q4","TP.FINHESTNKS71012.ZP23","2866465970.6674"
"B","2016-Q4","TP.FINHESTNKS71012.ZP24","5071996"
"B","2016-Q4","TP.FINHESTNKS71012.ZP26","5071996"
"B","2016-Q4","TP.FINHESTNKS71012.ZP27","1549803273.586"
"B","2016-Q4","TP.FINHESTNKS71012.ZP28","109297723.0641"
"B","2016-Q4","TP.FINHESTNKS71012.ZP29","360038824.5647"
"B","2016-Q4","TP.FINHESTNKS71012.ZP30","1080466725.9571"
"B","2016-Q4","TP.FINHESTNKS71012.ZP31","142455829.9893"
"B","2016-Q4","TP.FINHESTNKS71012.ZP32","108605968.9809"
"B","2016-Q4","TP.FINHESTNKS71012.ZP33","33849861.0084"
"B","2016-Q4","TP.FINHESTNKS71012.ZP34","401861508.0443"
"B","2016-Q4","TP.FINHESTNKS71012.ZP35","154497061.0629"
"B","2016-Q4","TP.FINHESTNKS71012.ZP36","247364446.9814"
"B","2016-Q4","TP.FINHESTNKS71012.ZP37","410391615.8676"
"B","2016-Q4","TP.FINHESTNKS71012.ZP38","368838793.7239"
"B","2016-Q4","TP.FINHESTNKS71012.ZP39","41552822.1437"
"B","2016-Q4","TP.FINHESTNKS71012.ZP40","12634901.9988"
"B","2016-Q4","TP.FINHESTNKS71012.ZP41","28917920.1449"
"B","2016-Q4","TP.FINHESTNKS71012.ZP42","97832423.9049"
"B","2016-Q4","TP.FINHESTNKS71012.ZP43","17079782.508"
"B","2016-Q4","TP.FINHESTNKS71012.ZP44","99744958.1264"
"B","2016-Q4","TP.FINHESTNKS71012.ZP45","2724241388.0264"
"B","2017-Q1","TP.FINHESTNKS71012.ZP1","111504874.9588"
"B","2017-Q1","TP.FINHESTNKS71012.ZP2","67009365.73"
"B","2017-Q1","TP.FINHESTNKS71012.ZP3","62226409"
"B","2017-Q1","TP.FINHESTNKS71012.ZP4","4782956.73"
"B","2017-Q1","TP.FINHESTNKS71012.ZP5","84036235.6568"
"B","2017-Q1","TP.FINHESTNKS71012.ZP6","15752356.636"
"B","2017-Q1","TP.FINHESTNKS71012.ZP7","49798615.7927"
"B","2017-Q1","TP.FINHESTNKS71012.ZP8","18485263.2281"
"B","2017-Q1","TP.FINHESTNKS71012.ZP9","709438582.6222"
"B","2017-Q1","TP.FINHESTNKS71012.ZP10","82738027.8985"
"B","2017-Q1","TP.FINHESTNKS71012.ZP11","626700554.7237"
"B","2017-Q1","TP.FINHESTNKS71012.ZP12","2039240653.5015"
"B","2017-Q1","TP.FINHESTNKS71012.ZP13","686825999.827"
"B","2017-Q1","TP.FINHESTNKS71012.ZP14","1352414653.6745"
"B","2017-Q1","TP.FINHESTNKS71012.ZP15","36955045.8118"
"B","2017-Q1","TP.FINHESTNKS71012.ZP16","34759169.7899"
"B","2017-Q1","TP.FINHESTNKS71012.ZP17","2195876.0219"
"B","2017-Q1","TP.FINHESTNKS71012.ZP18","13010.6562"
"B","2017-Q1","TP.FINHESTNKS71012.ZP19","2182865.3657"
"B","2017-Q1","TP.FINHESTNKS71012.ZP20","0"
"B","2017-Q1","TP.FINHESTNKS71012.ZP21","24460958.138"
"B","2017-Q1","TP.FINHESTNKS71012.ZP22","70331398.8058"
"B","2017-Q1","TP.FINHESTNKS71012.ZP23","3031472240.2661"
"B","2017-Q1","TP.FINHESTNKS71012.ZP24","5304261"
"B","2017-Q1","TP.FINHESTNKS71012.ZP26","5304261"
"B","2017-Q1","TP.FINHESTNKS71012.ZP27","1563235572.5494"
"B","2017-Q1","TP.FINHESTNKS71012.ZP28","110386276.8662"
"B","2017-Q1","TP.FINHESTNKS71012.ZP29","378489899.0652"
"B","2017-Q1","TP.FINHESTNKS71012.ZP30","1074359396.618"
"B","2017-Q1","TP.FINHESTNKS71012.ZP31","151838362.7986"
"B","2017-Q1","TP.FINHESTNKS71012.ZP32","106979086.0056"
"B","2017-Q1","TP.FINHESTNKS71012.ZP33","44859276.7929"
"B","2017-Q1","TP.FINHESTNKS71012.ZP34","525026917.3782"
"B","2017-Q1","TP.FINHESTNKS71012.ZP35","146221741.4213"
"B","2017-Q1","TP.FINHESTNKS71012.ZP36","378805175.9569"
"B","2017-Q1","TP.FINHESTNKS71012.ZP37","446219602.1672"
"B","2017-Q1","TP.FINHESTNKS71012.ZP38","403507804.738"
"B","2017-Q1","TP.FINHESTNKS71012.ZP39","42711797.4292"
"B","2017-Q1","TP.FINHESTNKS71012.ZP40","12551404.1987"
"B","2017-Q1","TP.FINHESTNKS71012.ZP41","30160393.2306"
"B","2017-Q1","TP.FINHESTNKS71012.ZP42","105233622.3805"
"B","2017-Q1","TP.FINHESTNKS71012.ZP43","14926466.138"
"B","2017-Q1","TP.FINHESTNKS71012.ZP44","108182560.8955"
"B","2017-Q1","TP.FINHESTNKS71012.ZP45","2919967365.3073"
"B","2017-Q2","TP.FINHESTNKS71012.ZP1","94048247.2442"
"B","2017-Q2","TP.FINHESTNKS71012.ZP2","69641666.17"
"B","2017-Q2","TP.FINHESTNKS71012.ZP3","64924310"
"B","2017-Q2","TP.FINHESTNKS71012.ZP4","4717356.17"
"B","2017-Q2","TP.FINHESTNKS71012.ZP5","80089098.1636"
"B","2017-Q2","TP.FINHESTNKS71012.ZP6","20426673.357"
"B","2017-Q2","TP.FINHESTNKS71012.ZP7","49349802.6636"
"B","2017-Q2","TP.FINHESTNKS71012.ZP8","10312622.143"
"B","2017-Q2","TP.FINHESTNKS71012.ZP9","704017372.4292"
"B","2017-Q2","TP.FINHESTNKS71012.ZP10","81785635.8366"
"B","2017-Q2","TP.FINHESTNKS71012.ZP11","622231736.5926"
"B","2017-Q2","TP.FINHESTNKS71012.ZP12","2146757072.4013"
"B","2017-Q2","TP.FINHESTNKS71012.ZP13","665886358.7408"
"B","2017-Q2","TP.FINHESTNKS71012.ZP14","1480870713.6606"
"B","2017-Q2","TP.FINHESTNKS71012.ZP15","40727045.0105"
"B","2017-Q2","TP.FINHESTNKS71012.ZP16","38167086.75"
"B","2017-Q2","TP.FINHESTNKS71012.ZP17","2559958.2605"
"B","2017-Q2","TP.FINHESTNKS71012.ZP18","13830.9765"
"B","2017-Q2","TP.FINHESTNKS71012.ZP19","2546127.284"
"B","2017-Q2","TP.FINHESTNKS71012.ZP20","0"
"B","2017-Q2","TP.FINHESTNKS71012.ZP21","20547009.956"
"B","2017-Q2","TP.FINHESTNKS71012.ZP22","72524493.3029"
"B","2017-Q2","TP.FINHESTNKS71012.ZP23","3134303757.4335"
"B","2017-Q2","TP.FINHESTNKS71012.ZP24","5231839"
"B","2017-Q2","TP.FINHESTNKS71012.ZP26","5231839"
"B","2017-Q2","TP.FINHESTNKS71012.ZP27","1614636991.7493"
"B","2017-Q2","TP.FINHESTNKS71012.ZP28","115375100.396"
"B","2017-Q2","TP.FINHESTNKS71012.ZP29","410007724.5153"
"B","2017-Q2","TP.FINHESTNKS71012.ZP30","1089254166.838"
"B","2017-Q2","TP.FINHESTNKS71012.ZP31","165864834.6856"
"B","2017-Q2","TP.FINHESTNKS71012.ZP32","122460104.6381"
"B","2017-Q2","TP.FINHESTNKS71012.ZP33","43404730.0475"
"B","2017-Q2","TP.FINHESTNKS71012.ZP34","537191049.7809"
"B","2017-Q2","TP.FINHESTNKS71012.ZP35","146212101.4231"
"B","2017-Q2","TP.FINHESTNKS71012.ZP36","390978948.3579"
"B","2017-Q2","TP.FINHESTNKS71012.ZP37","482657442.2374"
"B","2017-Q2","TP.FINHESTNKS71012.ZP38","438995706.055"
"B","2017-Q2","TP.FINHESTNKS71012.ZP39","43661736.1824"
"B","2017-Q2","TP.FINHESTNKS71012.ZP40","12591617.7876"
"B","2017-Q2","TP.FINHESTNKS71012.ZP41","31070118.3948"
"B","2017-Q2","TP.FINHESTNKS71012.ZP42","109248127.8062"
"B","2017-Q2","TP.FINHESTNKS71012.ZP43","13922172.956"
"B","2017-Q2","TP.FINHESTNKS71012.ZP44","111503051.974"
"B","2017-Q2","TP.FINHESTNKS71012.ZP45","3040255510.1893"
"B","2017-Q3","TP.FINHESTNKS71012.ZP1","89311210.3557"
"B","2017-Q3","TP.FINHESTNKS71012.ZP2","77886248.27"
"B","2017-Q3","TP.FINHESTNKS71012.ZP3","73014658"
"B","2017-Q3","TP.FINHESTNKS71012.ZP4","4871590.27"
"B","2017-Q3","TP.FINHESTNKS71012.ZP5","172032955.2122"
"B","2017-Q3","TP.FINHESTNKS71012.ZP6","23729600.28"
"B","2017-Q3","TP.FINHESTNKS71012.ZP7","43230559.7976"
"B","2017-Q3","TP.FINHESTNKS71012.ZP8","105072795.1346"
"B","2017-Q3","TP.FINHESTNKS71012.ZP9","707171596.785"
"B","2017-Q3","TP.FINHESTNKS71012.ZP10","82284264.9969"
"B","2017-Q3","TP.FINHESTNKS71012.ZP11","624887331.788"
"B","2017-Q3","TP.FINHESTNKS71012.ZP12","2233849139.0042"
"B","2017-Q3","TP.FINHESTNKS71012.ZP13","698274787.8625"
"B","2017-Q3","TP.FINHESTNKS71012.ZP14","1535574351.1416"
"B","2017-Q3","TP.FINHESTNKS71012.ZP15","43506986.8407"
"B","2017-Q3","TP.FINHESTNKS71012.ZP16","40503356.3978"
"B","2017-Q3","TP.FINHESTNKS71012.ZP17","3003630.4429"
"B","2017-Q3","TP.FINHESTNKS71012.ZP18","38152.8935"
"B","2017-Q3","TP.FINHESTNKS71012.ZP19","2965477.5494"
"B","2017-Q3","TP.FINHESTNKS71012.ZP20","0"
"B","2017-Q3","TP.FINHESTNKS71012.ZP21","23415530.037"
"B","2017-Q3","TP.FINHESTNKS71012.ZP22","66191199.3676"
"B","2017-Q3","TP.FINHESTNKS71012.ZP23","3324053655.5166"
"B","2017-Q3","TP.FINHESTNKS71012.ZP24","5403144"
"B","2017-Q3","TP.FINHESTNKS71012.ZP26","5403144"
"B","2017-Q3","TP.FINHESTNKS71012.ZP27","1771092026.1074"
"B","2017-Q3","TP.FINHESTNKS71012.ZP28","116216464.7902"
"B","2017-Q3","TP.FINHESTNKS71012.ZP29","429163727.1073"
"B","2017-Q3","TP.FINHESTNKS71012.ZP30","1225711834.2099"
"B","2017-Q3","TP.FINHESTNKS71012.ZP31","175054299.7622"
"B","2017-Q3","TP.FINHESTNKS71012.ZP32","125171833.7881"
"B","2017-Q3","TP.FINHESTNKS71012.ZP33","49882465.974"
"B","2017-Q3","TP.FINHESTNKS71012.ZP34","552915914.3381"
"B","2017-Q3","TP.FINHESTNKS71012.ZP35","152419836.0724"
"B","2017-Q3","TP.FINHESTNKS71012.ZP36","400496078.2656"
"B","2017-Q3","TP.FINHESTNKS71012.ZP37","501628824.1639"
"B","2017-Q3","TP.FINHESTNKS71012.ZP38","457084364.0996"
"B","2017-Q3","TP.FINHESTNKS71012.ZP39","44544460.0643"
"B","2017-Q3","TP.FINHESTNKS71012.ZP40","13368141.6246"
"B","2017-Q3","TP.FINHESTNKS71012.ZP41","31176318.4397"
"B","2017-Q3","TP.FINHESTNKS71012.ZP42","111348374.0073"
"B","2017-Q3","TP.FINHESTNKS71012.ZP43","13200182.037"
"B","2017-Q3","TP.FINHESTNKS71012.ZP44","104099680.7451"
"B","2017-Q3","TP.FINHESTNKS71012.ZP45","3234742445.1609"
"B","2017-Q4","TP.FINHESTNKS71012.ZP1","113690139.3452"
"B","2017-Q4","TP.FINHESTNKS71012.ZP2","94894828.2"
"B","2017-Q4","TP.FINHESTNKS71012.ZP3","89704330"
"B","2017-Q4","TP.FINHESTNKS71012.ZP4","5190498.2"
"B","2017-Q4","TP.FINHESTNKS71012.ZP5","90609608.3162"
"B","2017-Q4","TP.FINHESTNKS71012.ZP6","25359061.182"
"B","2017-Q4","TP.FINHESTNKS71012.ZP7","45302350.3791"
"B","2017-Q4","TP.FINHESTNKS71012.ZP8","19948196.7551"
"B","2017-Q4","TP.FINHESTNKS71012.ZP9","713187701.9232"
"B","2017-Q4","TP.FINHESTNKS71012.ZP10","90117680.8484"
"B","2017-Q4","TP.FINHESTNKS71012.ZP11","623070021.0749"
"B","2017-Q4","TP.FINHESTNKS71012.ZP12","2359908870.065"
"B","2017-Q4","TP.FINHESTNKS71012.ZP13","742870256.8359"
"B","2017-Q4","TP.FINHESTNKS71012.ZP14","1617038613.229"
"B","2017-Q4","TP.FINHESTNKS71012.ZP15","46669290.1254"
"B","2017-Q4","TP.FINHESTNKS71012.ZP16","43442102.2387"
"B","2017-Q4","TP.FINHESTNKS71012.ZP17","3227187.8867"
"B","2017-Q4","TP.FINHESTNKS71012.ZP18","141903.2093"
"B","2017-Q4","TP.FINHESTNKS71012.ZP19","3085284.6774"
"B","2017-Q4","TP.FINHESTNKS71012.ZP20","0"
"B","2017-Q4","TP.FINHESTNKS71012.ZP21","24152637.697"
"B","2017-Q4","TP.FINHESTNKS71012.ZP22","74306140.0804"
"B","2017-Q4","TP.FINHESTNKS71012.ZP23","3403729076.4072"
"B","2017-Q4","TP.FINHESTNKS71012.ZP24","5805107"
"B","2017-Q4","TP.FINHESTNKS71012.ZP26","5805107"
"B","2017-Q4","TP.FINHESTNKS71012.ZP27","1730411713.2698"
"B","2017-Q4","TP.FINHESTNKS71012.ZP28","116204715.9259"
"B","2017-Q4","TP.FINHESTNKS71012.ZP29","442548459.6747"
"B","2017-Q4","TP.FINHESTNKS71012.ZP30","1171658537.6692"
"B","2017-Q4","TP.FINHESTNKS71012.ZP31","188694286.2696"
"B","2017-Q4","TP.FINHESTNKS71012.ZP32","132378459.3946"
"B","2017-Q4","TP.FINHESTNKS71012.ZP33","56315826.8749"
"B","2017-Q4","TP.FINHESTNKS71012.ZP34","610005810.5736"
"B","2017-Q4","TP.FINHESTNKS71012.ZP35","171446174.64"
"B","2017-Q4","TP.FINHESTNKS71012.ZP36","438559635.9335"
"B","2017-Q4","TP.FINHESTNKS71012.ZP37","511000033.9817"
"B","2017-Q4","TP.FINHESTNKS71012.ZP38","465013743.3"
"B","2017-Q4","TP.FINHESTNKS71012.ZP39","45986290.6817"
"B","2017-Q4","TP.FINHESTNKS71012.ZP40","13875477.5273"
"B","2017-Q4","TP.FINHESTNKS71012.ZP41","32110813.1544"
"B","2017-Q4","TP.FINHESTNKS71012.ZP42","115065967.1813"
"B","2017-Q4","TP.FINHESTNKS71012.ZP43","17808613.697"
"B","2017-Q4","TP.FINHESTNKS71012.ZP44","111247405.089"
"B","2017-Q4","TP.FINHESTNKS71012.ZP45","3290038937.062"
"B","2018-Q1","TP.FINHESTNKS71012.ZP1","131500092.4618"
"B","2018-Q1","TP.FINHESTNKS71012.ZP2","106861832.74"
"B","2018-Q1","TP.FINHESTNKS71012.ZP3","101250831"
"B","2018-Q1","TP.FINHESTNKS71012.ZP4","5611001.74"
"B","2018-Q1","TP.FINHESTNKS71012.ZP5","131604507.0839"
"B","2018-Q1","TP.FINHESTNKS71012.ZP6","25979535.959"
"B","2018-Q1","TP.FINHESTNKS71012.ZP7","50191562.5333"
"B","2018-Q1","TP.FINHESTNKS71012.ZP8","55433408.5915"
"B","2018-Q1","TP.FINHESTNKS71012.ZP9","691489706.3925"
"B","2018-Q1","TP.FINHESTNKS71012.ZP10","85728133.8225"
"B","2018-Q1","TP.FINHESTNKS71012.ZP11","605761572.57"
"B","2018-Q1","TP.FINHESTNKS71012.ZP12","2452582607.3648"
"B","2018-Q1","TP.FINHESTNKS71012.ZP13","783102843.6811"
"B","2018-Q1","TP.FINHESTNKS71012.ZP14","1669479763.6837"
"B","2018-Q1","TP.FINHESTNKS71012.ZP15","49652576.0273"
"B","2018-Q1","TP.FINHESTNKS71012.ZP16","46294409.488"
"B","2018-Q1","TP.FINHESTNKS71012.ZP17","3358166.5393"
"B","2018-Q1","TP.FINHESTNKS71012.ZP18","61682.7708"
"B","2018-Q1","TP.FINHESTNKS71012.ZP19","3296483.7685"
"B","2018-Q1","TP.FINHESTNKS71012.ZP20","0"
"B","2018-Q1","TP.FINHESTNKS71012.ZP21","28107333.673"
"B","2018-Q1","TP.FINHESTNKS71012.ZP22","85855066.034"
"B","2018-Q1","TP.FINHESTNKS71012.ZP23","3546153629.3155"
"B","2018-Q1","TP.FINHESTNKS71012.ZP24","6223890"
"B","2018-Q1","TP.FINHESTNKS71012.ZP26","6223890"
"B","2018-Q1","TP.FINHESTNKS71012.ZP27","1795620876.1878"
"B","2018-Q1","TP.FINHESTNKS71012.ZP28","117626677.2678"
"B","2018-Q1","TP.FINHESTNKS71012.ZP29","447585253.8253"
"B","2018-Q1","TP.FINHESTNKS71012.ZP30","1230408945.0947"
"B","2018-Q1","TP.FINHESTNKS71012.ZP31","209160794.9293"
"B","2018-Q1","TP.FINHESTNKS71012.ZP32","157934968.3745"
"B","2018-Q1","TP.FINHESTNKS71012.ZP33","51225826.5548"
"B","2018-Q1","TP.FINHESTNKS71012.ZP34","621515977.9099"
"B","2018-Q1","TP.FINHESTNKS71012.ZP35","171597979.9104"
"B","2018-Q1","TP.FINHESTNKS71012.ZP36","449917997.9995"
"B","2018-Q1","TP.FINHESTNKS71012.ZP37","511391173.1234"
"B","2018-Q1","TP.FINHESTNKS71012.ZP38","460509303.8534"
"B","2018-Q1","TP.FINHESTNKS71012.ZP39","50881869.27"
"B","2018-Q1","TP.FINHESTNKS71012.ZP40","14646182.1546"
"B","2018-Q1","TP.FINHESTNKS71012.ZP41","36235687.1154"
"B","2018-Q1","TP.FINHESTNKS71012.ZP42","127196687.3802"
"B","2018-Q1","TP.FINHESTNKS71012.ZP43","16232570.673"
"B","2018-Q1","TP.FINHESTNKS71012.ZP44","127311566.6501"
"B","2018-Q1","TP.FINHESTNKS71012.ZP45","3414653536.8536"
"B","2018-Q2","TP.FINHESTNKS71012.ZP1","165053464.4634"
"B","2018-Q2","TP.FINHESTNKS71012.ZP2","111486782.07"
"B","2018-Q2","TP.FINHESTNKS71012.ZP3","105233059"
"B","2018-Q2","TP.FINHESTNKS71012.ZP4","6253723.07"
"B","2018-Q2","TP.FINHESTNKS71012.ZP5","285370623.8331"
"B","2018-Q2","TP.FINHESTNKS71012.ZP6","26017378.267"
"B","2018-Q2","TP.FINHESTNKS71012.ZP7","62750094.3227"
"B","2018-Q2","TP.FINHESTNKS71012.ZP8","196603151.2433"
"B","2018-Q2","TP.FINHESTNKS71012.ZP9","663881401.1067"
"B","2018-Q2","TP.FINHESTNKS71012.ZP10","84369939.1979"
"B","2018-Q2","TP.FINHESTNKS71012.ZP11","579511461.9088"
"B","2018-Q2","TP.FINHESTNKS71012.ZP12","2529654203.3339"
"B","2018-Q2","TP.FINHESTNKS71012.ZP13","803350704.8801"
"B","2018-Q2","TP.FINHESTNKS71012.ZP14","1726303498.4539"
"B","2018-Q2","TP.FINHESTNKS71012.ZP15","52438326.9154"
"B","2018-Q2","TP.FINHESTNKS71012.ZP16","49519733.4165"
"B","2018-Q2","TP.FINHESTNKS71012.ZP17","2918593.4989"
"B","2018-Q2","TP.FINHESTNKS71012.ZP18","82962.1333"
"B","2018-Q2","TP.FINHESTNKS71012.ZP19","2835631.3656"
"B","2018-Q2","TP.FINHESTNKS71012.ZP20","0"
"B","2018-Q2","TP.FINHESTNKS71012.ZP21","51730490.452"
"B","2018-Q2","TP.FINHESTNKS71012.ZP22","93428275.5254"
"B","2018-Q2","TP.FINHESTNKS71012.ZP23","3787990103.2365"
"B","2018-Q2","TP.FINHESTNKS71012.ZP24","6937396"
"B","2018-Q2","TP.FINHESTNKS71012.ZP26","6937396"
"B","2018-Q2","TP.FINHESTNKS71012.ZP27","2045779367.6741"
"B","2018-Q2","TP.FINHESTNKS71012.ZP28","132111556.2489"
"B","2018-Q2","TP.FINHESTNKS71012.ZP29","494112162.7077"
"B","2018-Q2","TP.FINHESTNKS71012.ZP30","1419555648.7175"
"B","2018-Q2","TP.FINHESTNKS71012.ZP31","228062578.104"
"B","2018-Q2","TP.FINHESTNKS71012.ZP32","173748962.3352"
"B","2018-Q2","TP.FINHESTNKS71012.ZP33","54313615.7688"
"B","2018-Q2","TP.FINHESTNKS71012.ZP34","591167646.4787"
"B","2018-Q2","TP.FINHESTNKS71012.ZP35","156512822.989"
"B","2018-Q2","TP.FINHESTNKS71012.ZP36","434654823.4897"
"B","2018-Q2","TP.FINHESTNKS71012.ZP37","456043202.1681"
"B","2018-Q2","TP.FINHESTNKS71012.ZP38","407153571.7862"
"B","2018-Q2","TP.FINHESTNKS71012.ZP39","48889630.382"
"B","2018-Q2","TP.FINHESTNKS71012.ZP40","14275333.4915"
"B","2018-Q2","TP.FINHESTNKS71012.ZP41","34614296.8905"
"B","2018-Q2","TP.FINHESTNKS71012.ZP42","130574585.0217"
"B","2018-Q2","TP.FINHESTNKS71012.ZP43","34061295.452"
"B","2018-Q2","TP.FINHESTNKS71012.ZP44","130310567.8746"
"B","2018-Q2","TP.FINHESTNKS71012.ZP45","3622936638.7732"
"B","2018-Q3","TP.FINHESTNKS71012.ZP1","169134633.7358"
"B","2018-Q3","TP.FINHESTNKS71012.ZP2","115560048.15"
"B","2018-Q3","TP.FINHESTNKS71012.ZP3","107329868"
"B","2018-Q3","TP.FINHESTNKS71012.ZP4","8230180.15"
"B","2018-Q3","TP.FINHESTNKS71012.ZP5","408681692.3475"
"B","2018-Q3","TP.FINHESTNKS71012.ZP6","50982668.998"
"B","2018-Q3","TP.FINHESTNKS71012.ZP7","79352051.9636"
"B","2018-Q3","TP.FINHESTNKS71012.ZP8","278346971.3859"
"B","2018-Q3","TP.FINHESTNKS71012.ZP9","683049847.6103"
"B","2018-Q3","TP.FINHESTNKS71012.ZP10","94130539.7381"
"B","2018-Q3","TP.FINHESTNKS71012.ZP11","588919307.8722"
"B","2018-Q3","TP.FINHESTNKS71012.ZP12","2859310528.9696"
"B","2018-Q3","TP.FINHESTNKS71012.ZP13","976567123.96"
"B","2018-Q3","TP.FINHESTNKS71012.ZP14","1882743405.0096"
"B","2018-Q3","TP.FINHESTNKS71012.ZP15","66627042.7011"
"B","2018-Q3","TP.FINHESTNKS71012.ZP16","64084798.7466"
"B","2018-Q3","TP.FINHESTNKS71012.ZP17","2542243.9545"
"B","2018-Q3","TP.FINHESTNKS71012.ZP18","61593.5204"
"B","2018-Q3","TP.FINHESTNKS71012.ZP19","2480650.4341"
"B","2018-Q3","TP.FINHESTNKS71012.ZP20","0"
"B","2018-Q3","TP.FINHESTNKS71012.ZP21","107055021.3"
"B","2018-Q3","TP.FINHESTNKS71012.ZP22","126738213.6262"
"B","2018-Q3","TP.FINHESTNKS71012.ZP23","4367022394.7047"
"B","2018-Q3","TP.FINHESTNKS71012.ZP24","9130622"
"B","2018-Q3","TP.FINHESTNKS71012.ZP26","9130622"
"B","2018-Q3","TP.FINHESTNKS71012.ZP27","2288540746.721"
"B","2018-Q3","TP.FINHESTNKS71012.ZP28","136652445.0555"
"B","2018-Q3","TP.FINHESTNKS71012.ZP29","525779295.5567"
"B","2018-Q3","TP.FINHESTNKS71012.ZP30","1626109006.1088"
"B","2018-Q3","TP.FINHESTNKS71012.ZP31","278585775.226"
"B","2018-Q3","TP.FINHESTNKS71012.ZP32","149940520.7388"
"B","2018-Q3","TP.FINHESTNKS71012.ZP33","128645254.4872"
"B","2018-Q3","TP.FINHESTNKS71012.ZP34","777996456.7057"
"B","2018-Q3","TP.FINHESTNKS71012.ZP35","212913059.7135"
"B","2018-Q3","TP.FINHESTNKS71012.ZP36","565083396.9922"
"B","2018-Q3","TP.FINHESTNKS71012.ZP37","474244430.8732"
"B","2018-Q3","TP.FINHESTNKS71012.ZP38","432117770.5249"
"B","2018-Q3","TP.FINHESTNKS71012.ZP39","42126660.3483"
"B","2018-Q3","TP.FINHESTNKS71012.ZP40","12484326.2332"
"B","2018-Q3","TP.FINHESTNKS71012.ZP41","29642334.1151"
"B","2018-Q3","TP.FINHESTNKS71012.ZP42","138967352.6633"
"B","2018-Q3","TP.FINHESTNKS71012.ZP43","73762449.3"
"B","2018-Q3","TP.FINHESTNKS71012.ZP44","156659927.4797"
"B","2018-Q3","TP.FINHESTNKS71012.ZP45","4197887760.9689"
"B","2018-Q4","TP.FINHESTNKS71012.ZP1","58354014.5645"
"B","2018-Q4","TP.FINHESTNKS71012.ZP2","112993849.48"
"B","2018-Q4","TP.FINHESTNKS71012.ZP3","105904019"
"B","2018-Q4","TP.FINHESTNKS71012.ZP4","7089830.48"
"B","2018-Q4","TP.FINHESTNKS71012.ZP5","397605793.6844"
"B","2018-Q4","TP.FINHESTNKS71012.ZP6","44142311.805"
"B","2018-Q4","TP.FINHESTNKS71012.ZP7","73535418.0427"
"B","2018-Q4","TP.FINHESTNKS71012.ZP8","279928063.8367"
"B","2018-Q4","TP.FINHESTNKS71012.ZP9","657487570.2474"
"B","2018-Q4","TP.FINHESTNKS71012.ZP10","96795398.8442"
"B","2018-Q4","TP.FINHESTNKS71012.ZP11","560692171.4032"
"B","2018-Q4","TP.FINHESTNKS71012.ZP12","2644137298.5179"
"B","2018-Q4","TP.FINHESTNKS71012.ZP13","959243751.6186"
"B","2018-Q4","TP.FINHESTNKS71012.ZP14","1684893546.8993"
"B","2018-Q4","TP.FINHESTNKS71012.ZP15","61325497.4398"
"B","2018-Q4","TP.FINHESTNKS71012.ZP16","59213550.5359"
"B","2018-Q4","TP.FINHESTNKS71012.ZP17","2111946.9039"
"B","2018-Q4","TP.FINHESTNKS71012.ZP18","74532.8377"
"B","2018-Q4","TP.FINHESTNKS71012.ZP19","2037414.0662"
"B","2018-Q4","TP.FINHESTNKS71012.ZP20","0"
"B","2018-Q4","TP.FINHESTNKS71012.ZP21","53070604.998"
"B","2018-Q4","TP.FINHESTNKS71012.ZP22","119465250.7612"
"B","2018-Q4","TP.FINHESTNKS71012.ZP23","4046085865.1287"
"B","2018-Q4","TP.FINHESTNKS71012.ZP24","7844169"
"B","2018-Q4","TP.FINHESTNKS71012.ZP26","7844169"
"B","2018-Q4","TP.FINHESTNKS71012.ZP27","2148382313.3165"
"B","2018-Q4","TP.FINHESTNKS71012.ZP28","116457714.5084"
"B","2018-Q4","TP.FINHESTNKS71012.ZP29","492387552.0416"
"B","2018-Q4","TP.FINHESTNKS71012.ZP30","1539537046.7665"
"B","2018-Q4","TP.FINHESTNKS71012.ZP31","240277392.7374"
"B","2018-Q4","TP.FINHESTNKS71012.ZP32","107284782.6965"
"B","2018-Q4","TP.FINHESTNKS71012.ZP33","132992610.0409"
"B","2018-Q4","TP.FINHESTNKS71012.ZP34","645711621.0231"
"B","2018-Q4","TP.FINHESTNKS71012.ZP35","176835431.8753"
"B","2018-Q4","TP.FINHESTNKS71012.ZP36","468876189.1478"
"B","2018-Q4","TP.FINHESTNKS71012.ZP37","609899305.1775"
"B","2018-Q4","TP.FINHESTNKS71012.ZP38","572354768.1677"
"B","2018-Q4","TP.FINHESTNKS71012.ZP39","37544537.0098"
"B","2018-Q4","TP.FINHESTNKS71012.ZP40","9235703.4101"
"B","2018-Q4","TP.FINHESTNKS71012.ZP41","28308833.5998"
"B","2018-Q4","TP.FINHESTNKS71012.ZP42","142210682.5236"
"B","2018-Q4","TP.FINHESTNKS71012.ZP43","38355159.998"
"B","2018-Q4","TP.FINHESTNKS71012.ZP44","155051206.7881"
"B","2018-Q4","TP.FINHESTNKS71012.ZP45","3987731850.5642"
"B","2019-Q1","TP.FINHESTNKS71012.ZP1","145067839.8158"
"B","2019-Q1","TP.FINHESTNKS71012.ZP2","123728878"
"B","2019-Q1","TP.FINHESTNKS71012.ZP3","115470319"
"B","2019-Q1","TP.FINHESTNKS71012.ZP4","8258559"
"B","2019-Q1","TP.FINHESTNKS71012.ZP5","470261546.9819"
"B","2019-Q1","TP.FINHESTNKS71012.ZP6","40671554.613"
"B","2019-Q1","TP.FINHESTNKS71012.ZP7","85028106.3752"
"B","2019-Q1","TP.FINHESTNKS71012.ZP8","344561885.9937"
"B","2019-Q1","TP.FINHESTNKS71012.ZP9","702749648.8215"
"B","2019-Q1","TP.FINHESTNKS71012.ZP10","99343427.2698"
"B","2019-Q1","TP.FINHESTNKS71012.ZP11","603406221.5517"
"B","2019-Q1","TP.FINHESTNKS71012.ZP12","2713558159.4029"
"B","2019-Q1","TP.FINHESTNKS71012.ZP13","957359184.3293"
"B","2019-Q1","TP.FINHESTNKS71012.ZP14","1756198975.0736"
"B","2019-Q1","TP.FINHESTNKS71012.ZP15","65729494.7013"
"B","2019-Q1","TP.FINHESTNKS71012.ZP16","62422008.5369"
"B","2019-Q1","TP.FINHESTNKS71012.ZP17","3307486.1644"
"B","2019-Q1","TP.FINHESTNKS71012.ZP18","245131.1536"
"B","2019-Q1","TP.FINHESTNKS71012.ZP19","3062355.0108"
"B","2019-Q1","TP.FINHESTNKS71012.ZP20","0"
"B","2019-Q1","TP.FINHESTNKS71012.ZP21","61322145"
"B","2019-Q1","TP.FINHESTNKS71012.ZP22","113396317.1305"
"B","2019-Q1","TP.FINHESTNKS71012.ZP23","4250746190.0381"
"B","2019-Q1","TP.FINHESTNKS71012.ZP24","8258559"
"B","2019-Q1","TP.FINHESTNKS71012.ZP26","8258559"
"B","2019-Q1","TP.FINHESTNKS71012.ZP27","2317653197.3455"
"B","2019-Q1","TP.FINHESTNKS71012.ZP28","117972691.9551"
"B","2019-Q1","TP.FINHESTNKS71012.ZP29","579438672.0475"
"B","2019-Q1","TP.FINHESTNKS71012.ZP30","1620241833.3429"
"B","2019-Q1","TP.FINHESTNKS71012.ZP31","279229811.0694"
"B","2019-Q1","TP.FINHESTNKS71012.ZP32","150974799.1369"
"B","2019-Q1","TP.FINHESTNKS71012.ZP33","128255011.9325"
"B","2019-Q1","TP.FINHESTNKS71012.ZP34","611952916.0486"
"B","2019-Q1","TP.FINHESTNKS71012.ZP35","147303421.4288"
"B","2019-Q1","TP.FINHESTNKS71012.ZP36","464649494.6199"
"B","2019-Q1","TP.FINHESTNKS71012.ZP37","540734762.6811"
"B","2019-Q1","TP.FINHESTNKS71012.ZP38","485265513.6333"
"B","2019-Q1","TP.FINHESTNKS71012.ZP39","55469249.0478"
"B","2019-Q1","TP.FINHESTNKS71012.ZP40","28869931.8638"
"B","2019-Q1","TP.FINHESTNKS71012.ZP41","26599317.184"
"B","2019-Q1","TP.FINHESTNKS71012.ZP42","151028102.8248"
"B","2019-Q1","TP.FINHESTNKS71012.ZP43","34347259"
"B","2019-Q1","TP.FINHESTNKS71012.ZP44","162473742.2528"
"B","2019-Q1","TP.FINHESTNKS71012.ZP45","4105678350.2223"
"B","2019-Q2","TP.FINHESTNKS71012.ZP1","129693636.6758"
"B","2019-Q2","TP.FINHESTNKS71012.ZP2","140374341"
"B","2019-Q2","TP.FINHESTNKS71012.ZP3","131781955"
"B","2019-Q2","TP.FINHESTNKS71012.ZP4","8592386"
"B","2019-Q2","TP.FINHESTNKS71012.ZP5","448374229.7037"
"B","2019-Q2","TP.FINHESTNKS71012.ZP6","48363392.131"
"B","2019-Q2","TP.FINHESTNKS71012.ZP7","103758313.5476"
"B","2019-Q2","TP.FINHESTNKS71012.ZP8","296252524.0251"
"B","2019-Q2","TP.FINHESTNKS71012.ZP9","823081795.0934"
"B","2019-Q2","TP.FINHESTNKS71012.ZP10","120918172.3321"
"B","2019-Q2","TP.FINHESTNKS71012.ZP11","702163622.7613"
"B","2019-Q2","TP.FINHESTNKS71012.ZP12","2791723817.5086"
"B","2019-Q2","TP.FINHESTNKS71012.ZP13","1025643823.4348"
"B","2019-Q2","TP.FINHESTNKS71012.ZP14","1766079994.0737"
"B","2019-Q2","TP.FINHESTNKS71012.ZP15","69891977.6155"
"B","2019-Q2","TP.FINHESTNKS71012.ZP16","66662852.4447"
"B","2019-Q2","TP.FINHESTNKS71012.ZP17","3229125.1709"
"B","2019-Q2","TP.FINHESTNKS71012.ZP18","170674.9115"
"B","2019-Q2","TP.FINHESTNKS71012.ZP19","3058450.2593"
"B","2019-Q2","TP.FINHESTNKS71012.ZP20","0"
"B","2019-Q2","TP.FINHESTNKS71012.ZP21","45846750.998"
"B","2019-Q2","TP.FINHESTNKS71012.ZP22","115711237.3115"
"B","2019-Q2","TP.FINHESTNKS71012.ZP23","4435004149.2307"
"B","2019-Q2","TP.FINHESTNKS71012.ZP24","8592386"
"B","2019-Q2","TP.FINHESTNKS71012.ZP26","8592386"
"B","2019-Q2","TP.FINHESTNKS71012.ZP27","2335335842.6752"
"B","2019-Q2","TP.FINHESTNKS71012.ZP28","126777090.0902"
"B","2019-Q2","TP.FINHESTNKS71012.ZP29","593218672.3409"
"B","2019-Q2","TP.FINHESTNKS71012.ZP30","1615340080.2441"
"B","2019-Q2","TP.FINHESTNKS71012.ZP31","287979423.9558"
"B","2019-Q2","TP.FINHESTNKS71012.ZP32","168086970.4773"
"B","2019-Q2","TP.FINHESTNKS71012.ZP33","119892453.4784"
"B","2019-Q2","TP.FINHESTNKS71012.ZP34","682747988.1178"
"B","2019-Q2","TP.FINHESTNKS71012.ZP35","192301096.3833"
"B","2019-Q2","TP.FINHESTNKS71012.ZP36","490446891.7345"
"B","2019-Q2","TP.FINHESTNKS71012.ZP37","636553471.2986"
"B","2019-Q2","TP.FINHESTNKS71012.ZP38","576873466.2703"
"B","2019-Q2","TP.FINHESTNKS71012.ZP39","59680005.0282"
"B","2019-Q2","TP.FINHESTNKS71012.ZP40","34009510.6183"
"B","2019-Q2","TP.FINHESTNKS71012.ZP41","25670494.41"
"B","2019-Q2","TP.FINHESTNKS71012.ZP42","163712146.2721"
"B","2019-Q2","TP.FINHESTNKS71012.ZP43","34208508.998"
"B","2019-Q2","TP.FINHESTNKS71012.ZP44","156180745.2374"
"B","2019-Q2","TP.FINHESTNKS71012.ZP45","4305310512.5549"
"B","2019-Q3","TP.FINHESTNKS71012.ZP1","76139059.949"
"B","2019-Q3","TP.FINHESTNKS71012.ZP2","154679916"
"B","2019-Q3","TP.FINHESTNKS71012.ZP3","146404108"
"B","2019-Q3","TP.FINHESTNKS71012.ZP4","8275808"
"B","2019-Q3","TP.FINHESTNKS71012.ZP5","471976499.9955"
"B","2019-Q3","TP.FINHESTNKS71012.ZP6","45046100.012"
"B","2019-Q3","TP.FINHESTNKS71012.ZP7","110232522.5217"
"B","2019-Q3","TP.FINHESTNKS71012.ZP8","316697877.4619"
"B","2019-Q3","TP.FINHESTNKS71012.ZP9","909751022.5035"
"B","2019-Q3","TP.FINHESTNKS71012.ZP10","132701292.948"
"B","2019-Q3","TP.FINHESTNKS71012.ZP11","777049729.5555"
"B","2019-Q3","TP.FINHESTNKS71012.ZP12","2769783059.9997"
"B","2019-Q3","TP.FINHESTNKS71012.ZP13","1020342204.839"
"B","2019-Q3","TP.FINHESTNKS71012.ZP14","1749440855.1606"
"B","2019-Q3","TP.FINHESTNKS71012.ZP15","71822764.5212"
"B","2019-Q3","TP.FINHESTNKS71012.ZP16","67394407.8283"
"B","2019-Q3","TP.FINHESTNKS71012.ZP17","4428356.693"
"B","2019-Q3","TP.FINHESTNKS71012.ZP18","265614.3729"
"B","2019-Q3","TP.FINHESTNKS71012.ZP19","4162742.3201"
"B","2019-Q3","TP.FINHESTNKS71012.ZP20","0"
"B","2019-Q3","TP.FINHESTNKS71012.ZP21","41502704.431"
"B","2019-Q3","TP.FINHESTNKS71012.ZP22","122987129.2734"
"B","2019-Q3","TP.FINHESTNKS71012.ZP23","4542503096.7243"
"B","2019-Q3","TP.FINHESTNKS71012.ZP24","8275808"
"B","2019-Q3","TP.FINHESTNKS71012.ZP26","8275808"
"B","2019-Q3","TP.FINHESTNKS71012.ZP27","2473583294.8598"
"B","2019-Q3","TP.FINHESTNKS71012.ZP28","135055143.0956"
"B","2019-Q3","TP.FINHESTNKS71012.ZP29","649027701.7411"
"B","2019-Q3","TP.FINHESTNKS71012.ZP30","1689500450.023"
"B","2019-Q3","TP.FINHESTNKS71012.ZP31","269734637.0783"
"B","2019-Q3","TP.FINHESTNKS71012.ZP32","146679214.0673"
"B","2019-Q3","TP.FINHESTNKS71012.ZP33","123055423.011"
"B","2019-Q3","TP.FINHESTNKS71012.ZP34","613923119.2031"
"B","2019-Q3","TP.FINHESTNKS71012.ZP35","164762753.7886"
"B","2019-Q3","TP.FINHESTNKS71012.ZP36","449160365.4145"
"B","2019-Q3","TP.FINHESTNKS71012.ZP37","722399646.8641"
"B","2019-Q3","TP.FINHESTNKS71012.ZP38","654357833.0792"
"B","2019-Q3","TP.FINHESTNKS71012.ZP39","68041813.7848"
"B","2019-Q3","TP.FINHESTNKS71012.ZP40","35544142.6562"
"B","2019-Q3","TP.FINHESTNKS71012.ZP41","32497671.1286"
"B","2019-Q3","TP.FINHESTNKS71012.ZP42","166976949.251"
"B","2019-Q3","TP.FINHESTNKS71012.ZP43","37595753.431"
"B","2019-Q3","TP.FINHESTNKS71012.ZP44","173874828.088"
"B","2019-Q3","TP.FINHESTNKS71012.ZP45","4466364036.7753"
"B","2019-Q4","TP.FINHESTNKS71012.ZP1","-31066037.9095"
"B","2019-Q4","TP.FINHESTNKS71012.ZP2","169712621"
"B","2019-Q4","TP.FINHESTNKS71012.ZP3","160904576"
"B","2019-Q4","TP.FINHESTNKS71012.ZP4","8808045"
"B","2019-Q4","TP.FINHESTNKS71012.ZP5","488526613.8344"
"B","2019-Q4","TP.FINHESTNKS71012.ZP6","49480767.691"
"B","2019-Q4","TP.FINHESTNKS71012.ZP7","107139566.3496"
"B","2019-Q4","TP.FINHESTNKS71012.ZP8","331906279.7938"
"B","2019-Q4","TP.FINHESTNKS71012.ZP9","1061892887.6673"
"B","2019-Q4","TP.FINHESTNKS71012.ZP10","161109453.3297"
"B","2019-Q4","TP.FINHESTNKS71012.ZP11","900783434.3376"
"B","2019-Q4","TP.FINHESTNKS71012.ZP12","2895926868.1952"
"B","2019-Q4","TP.FINHESTNKS71012.ZP13","1009839917.2866"
"B","2019-Q4","TP.FINHESTNKS71012.ZP14","1886086950.9087"
"B","2019-Q4","TP.FINHESTNKS71012.ZP15","78205327.4553"
"B","2019-Q4","TP.FINHESTNKS71012.ZP16","72474483.5012"
"B","2019-Q4","TP.FINHESTNKS71012.ZP17","5730843.9542"
"B","2019-Q4","TP.FINHESTNKS71012.ZP18","383550.1174"
"B","2019-Q4","TP.FINHESTNKS71012.ZP19","5347293.8367"
"B","2019-Q4","TP.FINHESTNKS71012.ZP20","0"
"B","2019-Q4","TP.FINHESTNKS71012.ZP21","39099096.1292"
"B","2019-Q4","TP.FINHESTNKS71012.ZP22","125325735.3203"
"B","2019-Q4","TP.FINHESTNKS71012.ZP23","4858689149.6017"
"B","2019-Q4","TP.FINHESTNKS71012.ZP24","8808045"
"B","2019-Q4","TP.FINHESTNKS71012.ZP26","8808045"
"B","2019-Q4","TP.FINHESTNKS71012.ZP27","2680398782.0718"
"B","2019-Q4","TP.FINHESTNKS71012.ZP28","137625316.8859"
"B","2019-Q4","TP.FINHESTNKS71012.ZP29","713281941.3809"
"B","2019-Q4","TP.FINHESTNKS71012.ZP30","1829491523.805"
"B","2019-Q4","TP.FINHESTNKS71012.ZP31","272557510.725"
"B","2019-Q4","TP.FINHESTNKS71012.ZP32","140804915.2025"
"B","2019-Q4","TP.FINHESTNKS71012.ZP33","131752595.5225"
"B","2019-Q4","TP.FINHESTNKS71012.ZP34","612496633.893"
"B","2019-Q4","TP.FINHESTNKS71012.ZP35","150798640.2264"
"B","2019-Q4","TP.FINHESTNKS71012.ZP36","461697993.6666"
"B","2019-Q4","TP.FINHESTNKS71012.ZP37","937411059.3521"
"B","2019-Q4","TP.FINHESTNKS71012.ZP38","855394127.8113"
"B","2019-Q4","TP.FINHESTNKS71012.ZP39","82016931.5408"
"B","2019-Q4","TP.FINHESTNKS71012.ZP40","39654498.0535"
"B","2019-Q4","TP.FINHESTNKS71012.ZP41","42362433.4873"
"B","2019-Q4","TP.FINHESTNKS71012.ZP42","182563633.6388"
"B","2019-Q4","TP.FINHESTNKS71012.ZP43","31056217.127"
"B","2019-Q4","TP.FINHESTNKS71012.ZP44","164463305.7036"
"B","2019-Q4","TP.FINHESTNKS71012.ZP45","4889755187.5112"
"B","2020-Q1","TP.FINHESTNKS71012.ZP1","201872255.3598"
"B","2020-Q1","TP.FINHESTNKS71012.ZP2","214231183"
"B","2020-Q1","TP.FINHESTNKS71012.ZP3","204653067"
"B","2020-Q1","TP.FINHESTNKS71012.ZP4","9578116"
"B","2020-Q1","TP.FINHESTNKS71012.ZP5","408491016.5308"
"B","2020-Q1","TP.FINHESTNKS71012.ZP6","45784893.668"
"B","2020-Q1","TP.FINHESTNKS71012.ZP7","94847326.7122"
"B","2020-Q1","TP.FINHESTNKS71012.ZP8","267858796.1506"
"B","2020-Q1","TP.FINHESTNKS71012.ZP9","1165672434.0004"
"B","2020-Q1","TP.FINHESTNKS71012.ZP10","130338555.4678"
"B","2020-Q1","TP.FINHESTNKS71012.ZP11","1035333878.5326"
"B","2020-Q1","TP.FINHESTNKS71012.ZP12","3113902873.3923"
"B","2020-Q1","TP.FINHESTNKS71012.ZP13","1082091213.3304"
"B","2020-Q1","TP.FINHESTNKS71012.ZP14","2031811660.0619"
"B","2020-Q1","TP.FINHESTNKS71012.ZP15","105697050.9189"
"B","2020-Q1","TP.FINHESTNKS71012.ZP16","92858664.3931"
"B","2020-Q1","TP.FINHESTNKS71012.ZP17","12838386.5258"
"B","2020-Q1","TP.FINHESTNKS71012.ZP18","213098.7783"
"B","2020-Q1","TP.FINHESTNKS71012.ZP19","12625287.7475"
"B","2020-Q1","TP.FINHESTNKS71012.ZP20","0"
"B","2020-Q1","TP.FINHESTNKS71012.ZP21","54324948.3256"
"B","2020-Q1","TP.FINHESTNKS71012.ZP22","180013483.8339"
"B","2020-Q1","TP.FINHESTNKS71012.ZP23","5242332990.002"
"B","2020-Q1","TP.FINHESTNKS71012.ZP24","9578116"
"B","2020-Q1","TP.FINHESTNKS71012.ZP26","9578116"
"B","2020-Q1","TP.FINHESTNKS71012.ZP27","3040458880.2267"
"B","2020-Q1","TP.FINHESTNKS71012.ZP28","160849747.8511"
"B","2020-Q1","TP.FINHESTNKS71012.ZP29","733456957.0623"
"B","2020-Q1","TP.FINHESTNKS71012.ZP30","2146152175.3133"
"B","2020-Q1","TP.FINHESTNKS71012.ZP31","298076581.8976"
"B","2020-Q1","TP.FINHESTNKS71012.ZP32","160216122.8724"
"B","2020-Q1","TP.FINHESTNKS71012.ZP33","137860459.0252"
"B","2020-Q1","TP.FINHESTNKS71012.ZP34","600048947.5149"
"B","2020-Q1","TP.FINHESTNKS71012.ZP35","140593687.6863"
"B","2020-Q1","TP.FINHESTNKS71012.ZP36","459455259.8286"
"B","2020-Q1","TP.FINHESTNKS71012.ZP37","660596187.3107"
"B","2020-Q1","TP.FINHESTNKS71012.ZP38","539907961.6748"
"B","2020-Q1","TP.FINHESTNKS71012.ZP39","120688225.6358"
"B","2020-Q1","TP.FINHESTNKS71012.ZP40","35655911.7097"
"B","2020-Q1","TP.FINHESTNKS71012.ZP41","85032313.9262"
"B","2020-Q1","TP.FINHESTNKS71012.ZP42","198582051.3893"
"B","2020-Q1","TP.FINHESTNKS71012.ZP43","43939529.5285"
"B","2020-Q1","TP.FINHESTNKS71012.ZP44","189180440.7745"
"B","2020-Q1","TP.FINHESTNKS71012.ZP45","5040460734.6422"
"B","2020-Q2","TP.FINHESTNKS71012.ZP1","190424760.5397"
"B","2020-Q2","TP.FINHESTNKS71012.ZP2","277428330"
"B","2020-Q2","TP.FINHESTNKS71012.ZP3","267310799"
"B","2020-Q2","TP.FINHESTNKS71012.ZP4","10117531"
"B","2020-Q2","TP.FINHESTNKS71012.ZP5","493046529.7199"
"B","2020-Q2","TP.FINHESTNKS71012.ZP6","48662062.296"
"B","2020-Q2","TP.FINHESTNKS71012.ZP7","118295014.0208"
"B","2020-Q2","TP.FINHESTNKS71012.ZP8","326089453.4032"
"B","2020-Q2","TP.FINHESTNKS71012.ZP9","1291166727.681"
"B","2020-Q2","TP.FINHESTNKS71012.ZP10","159953650.7824"
"B","2020-Q2","TP.FINHESTNKS71012.ZP11","1131213076.8986"
"B","2020-Q2","TP.FINHESTNKS71012.ZP12","3510524113.4487"
"B","2020-Q2","TP.FINHESTNKS71012.ZP13","1143053728.6041"
"B","2020-Q2","TP.FINHESTNKS71012.ZP14","2367470384.8446"
"B","2020-Q2","TP.FINHESTNKS71012.ZP15","130139841.0929"
"B","2020-Q2","TP.FINHESTNKS71012.ZP16","114376555.4773"
"B","2020-Q2","TP.FINHESTNKS71012.ZP17","15763285.6156"
"B","2020-Q2","TP.FINHESTNKS71012.ZP18","171453.4745"
"B","2020-Q2","TP.FINHESTNKS71012.ZP19","15591832.1411"
"B","2020-Q2","TP.FINHESTNKS71012.ZP20","0"
"B","2020-Q2","TP.FINHESTNKS71012.ZP21","49111945.3609"
"B","2020-Q2","TP.FINHESTNKS71012.ZP22","176558899.6921"
"B","2020-Q2","TP.FINHESTNKS71012.ZP23","5927976386.9956"
"B","2020-Q2","TP.FINHESTNKS71012.ZP24","10117531"
"B","2020-Q2","TP.FINHESTNKS71012.ZP26","10117531"
"B","2020-Q2","TP.FINHESTNKS71012.ZP27","3375166677.002"
"B","2020-Q2","TP.FINHESTNKS71012.ZP28","204252573.0431"
"B","2020-Q2","TP.FINHESTNKS71012.ZP29","954749949.0546"
"B","2020-Q2","TP.FINHESTNKS71012.ZP30","2216164154.9042"
"B","2020-Q2","TP.FINHESTNKS71012.ZP31","322235260.005"
"B","2020-Q2","TP.FINHESTNKS71012.ZP32","192131597.7614"
"B","2020-Q2","TP.FINHESTNKS71012.ZP33","130103662.2435"
"B","2020-Q2","TP.FINHESTNKS71012.ZP34","697175646.8637"
"B","2020-Q2","TP.FINHESTNKS71012.ZP35","191026624.9037"
"B","2020-Q2","TP.FINHESTNKS71012.ZP36","506149021.96"
"B","2020-Q2","TP.FINHESTNKS71012.ZP37","860420195.9175"
"B","2020-Q2","TP.FINHESTNKS71012.ZP38","707457015.1597"
"B","2020-Q2","TP.FINHESTNKS71012.ZP39","152963180.7578"
"B","2020-Q2","TP.FINHESTNKS71012.ZP40","41348439.4859"
"B","2020-Q2","TP.FINHESTNKS71012.ZP41","111614741.272"
"B","2020-Q2","TP.FINHESTNKS71012.ZP42","218956211.5897"
"B","2020-Q2","TP.FINHESTNKS71012.ZP43","37783287.6094"
"B","2020-Q2","TP.FINHESTNKS71012.ZP44","215696816.4686"
"B","2020-Q2","TP.FINHESTNKS71012.ZP45","5737551626.4559"
"B","2020-Q3","TP.FINHESTNKS71012.ZP1","115959676.9956"
"B","2020-Q3","TP.FINHESTNKS71012.ZP2","338315517"
"B","2020-Q3","TP.FINHESTNKS71012.ZP3","326534640"
"B","2020-Q3","TP.FINHESTNKS71012.ZP4","11780877"
"B","2020-Q3","TP.FINHESTNKS71012.ZP5","463805424.002"
"B","2020-Q3","TP.FINHESTNKS71012.ZP6","64765717.109"
"B","2020-Q3","TP.FINHESTNKS71012.ZP7","48852168.1856"
"B","2020-Q3","TP.FINHESTNKS71012.ZP8","350187538.7075"
"B","2020-Q3","TP.FINHESTNKS71012.ZP9","1377755066.1425"
"B","2020-Q3","TP.FINHESTNKS71012.ZP10","180355862.6854"
"B","2020-Q3","TP.FINHESTNKS71012.ZP11","1197399203.457"
"B","2020-Q3","TP.FINHESTNKS71012.ZP12","3841674582.6387"
"B","2020-Q3","TP.FINHESTNKS71012.ZP13","1252990498.8089"
"B","2020-Q3","TP.FINHESTNKS71012.ZP14","2588684083.8298"
"B","2020-Q3","TP.FINHESTNKS71012.ZP15","153605756.7769"
"B","2020-Q3","TP.FINHESTNKS71012.ZP16","136158083.3079"
"B","2020-Q3","TP.FINHESTNKS71012.ZP17","17447673.469"
"B","2020-Q3","TP.FINHESTNKS71012.ZP18","73644.6147"
"B","2020-Q3","TP.FINHESTNKS71012.ZP19","17374028.8543"
"B","2020-Q3","TP.FINHESTNKS71012.ZP20","0"
"B","2020-Q3","TP.FINHESTNKS71012.ZP21","72127135.0681"
"B","2020-Q3","TP.FINHESTNKS71012.ZP22","197420738.6143"
"B","2020-Q3","TP.FINHESTNKS71012.ZP23","6444704220.2426"
"B","2020-Q3","TP.FINHESTNKS71012.ZP24","11780877"
"B","2020-Q3","TP.FINHESTNKS71012.ZP26","11780877"
"B","2020-Q3","TP.FINHESTNKS71012.ZP27","3667775430.0423"
"B","2020-Q3","TP.FINHESTNKS71012.ZP28","195004964.2235"
"B","2020-Q3","TP.FINHESTNKS71012.ZP29","1042565910.6972"
"B","2020-Q3","TP.FINHESTNKS71012.ZP30","2430204555.1216"
"B","2020-Q3","TP.FINHESTNKS71012.ZP31","346265257.8607"
"B","2020-Q3","TP.FINHESTNKS71012.ZP32","54205235.0079"
"B","2020-Q3","TP.FINHESTNKS71012.ZP33","292060022.8529"
"B","2020-Q3","TP.FINHESTNKS71012.ZP34","812193818.2473"
"B","2020-Q3","TP.FINHESTNKS71012.ZP35","232259269.0276"
"B","2020-Q3","TP.FINHESTNKS71012.ZP36","579934549.2197"
"B","2020-Q3","TP.FINHESTNKS71012.ZP37","958738868.9171"
"B","2020-Q3","TP.FINHESTNKS71012.ZP38","817934491.5393"
"B","2020-Q3","TP.FINHESTNKS71012.ZP39","140804377.3778"
"B","2020-Q3","TP.FINHESTNKS71012.ZP40","29593437.679"
"B","2020-Q3","TP.FINHESTNKS71012.ZP41","111210939.6988"
"B","2020-Q3","TP.FINHESTNKS71012.ZP42","233473952.3693"
"B","2020-Q3","TP.FINHESTNKS71012.ZP43","58585976.152"
"B","2020-Q3","TP.FINHESTNKS71012.ZP44","239930362.6581"
"B","2020-Q3","TP.FINHESTNKS71012.ZP45","6328744543.2469"
"B","2020-Q4","TP.FINHESTNKS71012.ZP1","90056856.4182"
"B","2020-Q4","TP.FINHESTNKS71012.ZP2","331075426"
"B","2020-Q4","TP.FINHESTNKS71012.ZP3","319703047"
"B","2020-Q4","TP.FINHESTNKS71012.ZP4","11372379"
"B","2020-Q4","TP.FINHESTNKS71012.ZP5","538987962.4516"
"B","2020-Q4","TP.FINHESTNKS71012.ZP6","66220279.725"
"B","2020-Q4","TP.FINHESTNKS71012.ZP7","74379341.412"
"B","2020-Q4","TP.FINHESTNKS71012.ZP8","398388341.3146"
"B","2020-Q4","TP.FINHESTNKS71012.ZP9","1357727081.2674"
"B","2020-Q4","TP.FINHESTNKS71012.ZP10","180329899.751"
"B","2020-Q4","TP.FINHESTNKS71012.ZP11","1177397181.5164"
"B","2020-Q4","TP.FINHESTNKS71012.ZP12","3936578567.5329"
"B","2020-Q4","TP.FINHESTNKS71012.ZP13","1319586509.3164"
"B","2020-Q4","TP.FINHESTNKS71012.ZP14","2616992058.2166"
"B","2020-Q4","TP.FINHESTNKS71012.ZP15","168284657.1022"
"B","2020-Q4","TP.FINHESTNKS71012.ZP16","147244021.0557"
"B","2020-Q4","TP.FINHESTNKS71012.ZP17","21040636.0465"
"B","2020-Q4","TP.FINHESTNKS71012.ZP18","88062.6255"
"B","2020-Q4","TP.FINHESTNKS71012.ZP19","20952573.421"
"B","2020-Q4","TP.FINHESTNKS71012.ZP20","0"
"B","2020-Q4","TP.FINHESTNKS71012.ZP21","52365411.3927"
"B","2020-Q4","TP.FINHESTNKS71012.ZP22","202404611.4573"
"B","2020-Q4","TP.FINHESTNKS71012.ZP23","6587423717.2041"
"B","2020-Q4","TP.FINHESTNKS71012.ZP24","11372379"
"B","2020-Q4","TP.FINHESTNKS71012.ZP26","11372379"
"B","2020-Q4","TP.FINHESTNKS71012.ZP27","3709456542.7575"
"B","2020-Q4","TP.FINHESTNKS71012.ZP28","170151332.0455"
"B","2020-Q4","TP.FINHESTNKS71012.ZP29","1083568803.4922"
"B","2020-Q4","TP.FINHESTNKS71012.ZP30","2455736407.2198"
"B","2020-Q4","TP.FINHESTNKS71012.ZP31","330024402.3854"
"B","2020-Q4","TP.FINHESTNKS71012.ZP32","46307421.9392"
"B","2020-Q4","TP.FINHESTNKS71012.ZP33","283716980.4462"
"B","2020-Q4","TP.FINHESTNKS71012.ZP34","844541156.5913"
"B","2020-Q4","TP.FINHESTNKS71012.ZP35","257758175.2376"
"B","2020-Q4","TP.FINHESTNKS71012.ZP36","586782981.3537"
"B","2020-Q4","TP.FINHESTNKS71012.ZP37","1068175511.2592"
"B","2020-Q4","TP.FINHESTNKS71012.ZP38","931640713.9883"
"B","2020-Q4","TP.FINHESTNKS71012.ZP39","136534797.2709"
"B","2020-Q4","TP.FINHESTNKS71012.ZP40","26717572.0284"
"B","2020-Q4","TP.FINHESTNKS71012.ZP41","109817225.2425"
"B","2020-Q4","TP.FINHESTNKS71012.ZP42","249120082.9818"
"B","2020-Q4","TP.FINHESTNKS71012.ZP43","41652340.3523"
"B","2020-Q4","TP.FINHESTNKS71012.ZP44","243024445.4584"
"B","2020-Q4","TP.FINHESTNKS71012.ZP45","6497366860.7859"
"B","2021-Q1","TP.FINHESTNKS71012.ZP1","373500955.7667"
"B","2021-Q1","TP.FINHESTNKS71012.ZP2","336940327"
"B","2021-Q1","TP.FINHESTNKS71012.ZP3","324284923"
"B","2021-Q1","TP.FINHESTNKS71012.ZP4","12655404"
"B","2021-Q1","TP.FINHESTNKS71012.ZP5","710230273.6146"
"B","2021-Q1","TP.FINHESTNKS71012.ZP6","92370840.9947"
"B","2021-Q1","TP.FINHESTNKS71012.ZP7","173214868.0299"
"B","2021-Q1","TP.FINHESTNKS71012.ZP8","444644564.59"
"B","2021-Q1","TP.FINHESTNKS71012.ZP9","1400782371.5806"
"B","2021-Q1","TP.FINHESTNKS71012.ZP10","185327428.4467"
"B","2021-Q1","TP.FINHESTNKS71012.ZP11","1215454943.1339"
"B","2021-Q1","TP.FINHESTNKS71012.ZP12","4124757895.1566"
"B","2021-Q1","TP.FINHESTNKS71012.ZP13","1497596435.2329"
"B","2021-Q1","TP.FINHESTNKS71012.ZP14","2627161459.9237"
"B","2021-Q1","TP.FINHESTNKS71012.ZP15","200671111.9137"
"B","2021-Q1","TP.FINHESTNKS71012.ZP16","174734525.1479"
"B","2021-Q1","TP.FINHESTNKS71012.ZP17","25936586.7659"
"B","2021-Q1","TP.FINHESTNKS71012.ZP18","211918.7885"
"B","2021-Q1","TP.FINHESTNKS71012.ZP19","25724667.9774"
"B","2021-Q1","TP.FINHESTNKS71012.ZP20","0"
"B","2021-Q1","TP.FINHESTNKS71012.ZP21","66445087.469"
"B","2021-Q1","TP.FINHESTNKS71012.ZP22","176449956.9128"
"B","2021-Q1","TP.FINHESTNKS71012.ZP23","7016277023.6472"
"B","2021-Q1","TP.FINHESTNKS71012.ZP24","12655404"
"B","2021-Q1","TP.FINHESTNKS71012.ZP26","12655404"
"B","2021-Q1","TP.FINHESTNKS71012.ZP27","4033226013.7648"
"B","2021-Q1","TP.FINHESTNKS71012.ZP28","167908890.7199"
"B","2021-Q1","TP.FINHESTNKS71012.ZP29","1148934415.8462"
"B","2021-Q1","TP.FINHESTNKS71012.ZP30","2716382707.1987"
"B","2021-Q1","TP.FINHESTNKS71012.ZP31","355562499.2656"
"B","2021-Q1","TP.FINHESTNKS71012.ZP32","40554497.0143"
"B","2021-Q1","TP.FINHESTNKS71012.ZP33","315008002.2513"
"B","2021-Q1","TP.FINHESTNKS71012.ZP34","908015441.0264"
"B","2021-Q1","TP.FINHESTNKS71012.ZP35","321436856.6233"
"B","2021-Q1","TP.FINHESTNKS71012.ZP36","586578584.4031"
"B","2021-Q1","TP.FINHESTNKS71012.ZP37","752872627.8241"
"B","2021-Q1","TP.FINHESTNKS71012.ZP38","588349682.9072"
"B","2021-Q1","TP.FINHESTNKS71012.ZP39","164522944.917"
"B","2021-Q1","TP.FINHESTNKS71012.ZP40","39182528.8613"
"B","2021-Q1","TP.FINHESTNKS71012.ZP41","125340416.0557"
"B","2021-Q1","TP.FINHESTNKS71012.ZP42","255600133.8016"
"B","2021-Q1","TP.FINHESTNKS71012.ZP43","38419543.6591"
"B","2021-Q1","TP.FINHESTNKS71012.ZP44","286424404.5387"
"B","2021-Q1","TP.FINHESTNKS71012.ZP45","6642776067.8805"
"B","2021-Q2","TP.FINHESTNKS71012.ZP1","456966796.8954"
"B","2021-Q2","TP.FINHESTNKS71012.ZP2","366141671"
"B","2021-Q2","TP.FINHESTNKS71012.ZP3","352820650"
"B","2021-Q2","TP.FINHESTNKS71012.ZP4","13321021"
"B","2021-Q2","TP.FINHESTNKS71012.ZP5","816520810.8904"
"B","2021-Q2","TP.FINHESTNKS71012.ZP6","93982563.2719"
"B","2021-Q2","TP.FINHESTNKS71012.ZP7","168943609.5835"
"B","2021-Q2","TP.FINHESTNKS71012.ZP8","553594638.035"
"B","2021-Q2","TP.FINHESTNKS71012.ZP9","1504389905.5959"
"B","2021-Q2","TP.FINHESTNKS71012.ZP10","198820562.7235"
"B","2021-Q2","TP.FINHESTNKS71012.ZP11","1305569342.8724"
"B","2021-Q2","TP.FINHESTNKS71012.ZP12","4180379458.4633"
"B","2021-Q2","TP.FINHESTNKS71012.ZP13","1523965761.4442"
"B","2021-Q2","TP.FINHESTNKS71012.ZP14","2656413697.0192"
"B","2021-Q2","TP.FINHESTNKS71012.ZP15","223430678.9697"
"B","2021-Q2","TP.FINHESTNKS71012.ZP16","195090677.5709"
"B","2021-Q2","TP.FINHESTNKS71012.ZP17","28340001.3988"
"B","2021-Q2","TP.FINHESTNKS71012.ZP18","245324.6811"
"B","2021-Q2","TP.FINHESTNKS71012.ZP19","28094676.7177"
"B","2021-Q2","TP.FINHESTNKS71012.ZP20","0"
"B","2021-Q2","TP.FINHESTNKS71012.ZP21","54587976.0192"
"B","2021-Q2","TP.FINHESTNKS71012.ZP22","166530214.3586"
"B","2021-Q2","TP.FINHESTNKS71012.ZP23","7311980715.2972"
"B","2021-Q2","TP.FINHESTNKS71012.ZP24","13321021"
"B","2021-Q2","TP.FINHESTNKS71012.ZP26","13321021"
"B","2021-Q2","TP.FINHESTNKS71012.ZP27","4266429558.0904"
"B","2021-Q2","TP.FINHESTNKS71012.ZP28","196756618.3871"
"B","2021-Q2","TP.FINHESTNKS71012.ZP29","1254721877.1488"
"B","2021-Q2","TP.FINHESTNKS71012.ZP30","2814951062.5545"
"B","2021-Q2","TP.FINHESTNKS71012.ZP31","365338830.9691"
"B","2021-Q2","TP.FINHESTNKS71012.ZP32","47334801.013"
"B","2021-Q2","TP.FINHESTNKS71012.ZP33","318004029.9561"
"B","2021-Q2","TP.FINHESTNKS71012.ZP34","851706968.9264"
"B","2021-Q2","TP.FINHESTNKS71012.ZP35","266558406.547"
"B","2021-Q2","TP.FINHESTNKS71012.ZP36","585148562.3794"
"B","2021-Q2","TP.FINHESTNKS71012.ZP37","768842174.5142"
"B","2021-Q2","TP.FINHESTNKS71012.ZP38","579332069.8837"
"B","2021-Q2","TP.FINHESTNKS71012.ZP39","189510104.6305"
"B","2021-Q2","TP.FINHESTNKS71012.ZP40","45383002.0081"
"B","2021-Q2","TP.FINHESTNKS71012.ZP41","144127102.6224"
"B","2021-Q2","TP.FINHESTNKS71012.ZP42","272012098.0732"
"B","2021-Q2","TP.FINHESTNKS71012.ZP43","32567979.7396"
"B","2021-Q2","TP.FINHESTNKS71012.ZP44","284795287.089"
"B","2021-Q2","TP.FINHESTNKS71012.ZP45","6855013918.4017"
"B","2021-Q3","TP.FINHESTNKS71012.ZP1","544542451.1336"
"B","2021-Q3","TP.FINHESTNKS71012.ZP2","409921677"
"B","2021-Q3","TP.FINHESTNKS71012.ZP3","340636545"
"B","2021-Q3","TP.FINHESTNKS71012.ZP4","69285132"
"B","2021-Q3","TP.FINHESTNKS71012.ZP5","1084630378.8582"
"B","2021-Q3","TP.FINHESTNKS71012.ZP6","101268891.056"
"B","2021-Q3","TP.FINHESTNKS71012.ZP7","258046002.1161"
"B","2021-Q3","TP.FINHESTNKS71012.ZP8","725315485.6861"
"B","2021-Q3","TP.FINHESTNKS71012.ZP9","1554568172.7029"
"B","2021-Q3","TP.FINHESTNKS71012.ZP10","208317749.9873"
"B","2021-Q3","TP.FINHESTNKS71012.ZP11","1346250422.7156"
"B","2021-Q3","TP.FINHESTNKS71012.ZP12","4300231583.4661"
"B","2021-Q3","TP.FINHESTNKS71012.ZP13","1649791014.5615"
"B","2021-Q3","TP.FINHESTNKS71012.ZP14","2650440568.9046"
"B","2021-Q3","TP.FINHESTNKS71012.ZP15","233632572.1439"
"B","2021-Q3","TP.FINHESTNKS71012.ZP16","201602185.1762"
"B","2021-Q3","TP.FINHESTNKS71012.ZP17","32030386.9677"
"B","2021-Q3","TP.FINHESTNKS71012.ZP18","302639.1597"
"B","2021-Q3","TP.FINHESTNKS71012.ZP19","31727747.8081"
"B","2021-Q3","TP.FINHESTNKS71012.ZP20","0"
"B","2021-Q3","TP.FINHESTNKS71012.ZP21","53359277.4965"
"B","2021-Q3","TP.FINHESTNKS71012.ZP22","224811016.7478"
"B","2021-Q3","TP.FINHESTNKS71012.ZP23","7861154678.4153"
"B","2021-Q3","TP.FINHESTNKS71012.ZP24","69285132"
"B","2021-Q3","TP.FINHESTNKS71012.ZP26","69285132"
"B","2021-Q3","TP.FINHESTNKS71012.ZP27","4665011914.4094"
"B","2021-Q3","TP.FINHESTNKS71012.ZP28","200257335.718"
"B","2021-Q3","TP.FINHESTNKS71012.ZP29","1472621972.6048"
"B","2021-Q3","TP.FINHESTNKS71012.ZP30","2992132606.0866"
"B","2021-Q3","TP.FINHESTNKS71012.ZP31","374816353.1646"
"B","2021-Q3","TP.FINHESTNKS71012.ZP32","53489333.5844"
"B","2021-Q3","TP.FINHESTNKS71012.ZP33","321327019.5802"
"B","2021-Q3","TP.FINHESTNKS71012.ZP34","822304092.7927"
"B","2021-Q3","TP.FINHESTNKS71012.ZP35","236674336.2389"
"B","2021-Q3","TP.FINHESTNKS71012.ZP36","585629756.5539"
"B","2021-Q3","TP.FINHESTNKS71012.ZP37","769084684.9662"
"B","2021-Q3","TP.FINHESTNKS71012.ZP38","556285581.5426"
"B","2021-Q3","TP.FINHESTNKS71012.ZP39","212799103.4236"
"B","2021-Q3","TP.FINHESTNKS71012.ZP40","50906152.0403"
"B","2021-Q3","TP.FINHESTNKS71012.ZP41","161892951.3833"
"B","2021-Q3","TP.FINHESTNKS71012.ZP42","283491160.4214"
"B","2021-Q3","TP.FINHESTNKS71012.ZP43","31785741.8108"
"B","2021-Q3","TP.FINHESTNKS71012.ZP44","300833147.7165"
"B","2021-Q3","TP.FINHESTNKS71012.ZP45","7316612227.2817"
"B","2021-Q4","TP.FINHESTNKS71012.ZP1","571163053.3838"
"B","2021-Q4","TP.FINHESTNKS71012.ZP2","600077864"
"B","2021-Q4","TP.FINHESTNKS71012.ZP3","499485010"
"B","2021-Q4","TP.FINHESTNKS71012.ZP4","100592854"
"B","2021-Q4","TP.FINHESTNKS71012.ZP5","1472645837.9297"
"B","2021-Q4","TP.FINHESTNKS71012.ZP6","156200040.9971"
"B","2021-Q4","TP.FINHESTNKS71012.ZP7","371345536.1726"
"B","2021-Q4","TP.FINHESTNKS71012.ZP8","945100260.76"
"B","2021-Q4","TP.FINHESTNKS71012.ZP9","2001996467.0043"
"B","2021-Q4","TP.FINHESTNKS71012.ZP10","266570277.4769"
"B","2021-Q4","TP.FINHESTNKS71012.ZP11","1735426189.5274"
"B","2021-Q4","TP.FINHESTNKS71012.ZP12","5268130842.6083"
"B","2021-Q4","TP.FINHESTNKS71012.ZP13","2194354787.0101"
"B","2021-Q4","TP.FINHESTNKS71012.ZP14","3073776055.5982"
"B","2021-Q4","TP.FINHESTNKS71012.ZP15","357420593.4169"
"B","2021-Q4","TP.FINHESTNKS71012.ZP16","309934080.5227"
"B","2021-Q4","TP.FINHESTNKS71012.ZP17","47486512.8942"
"B","2021-Q4","TP.FINHESTNKS71012.ZP18","188668.2566"
"B","2021-Q4","TP.FINHESTNKS71012.ZP19","47297844.6376"
"B","2021-Q4","TP.FINHESTNKS71012.ZP20","0"
"B","2021-Q4","TP.FINHESTNKS71012.ZP21","109690835.2647"
"B","2021-Q4","TP.FINHESTNKS71012.ZP22","279643813.039"
"B","2021-Q4","TP.FINHESTNKS71012.ZP23","10089606253.2629"
"B","2021-Q4","TP.FINHESTNKS71012.ZP24","100592854"
"B","2021-Q4","TP.FINHESTNKS71012.ZP26","100592854"
"B","2021-Q4","TP.FINHESTNKS71012.ZP27","5922598955.91"
"B","2021-Q4","TP.FINHESTNKS71012.ZP28","215506033.4703"
"B","2021-Q4","TP.FINHESTNKS71012.ZP29","2185123412.3602"
"B","2021-Q4","TP.FINHESTNKS71012.ZP30","3521969510.0795"
"B","2021-Q4","TP.FINHESTNKS71012.ZP31","491059396.397"
"B","2021-Q4","TP.FINHESTNKS71012.ZP32","53923792.4233"
"B","2021-Q4","TP.FINHESTNKS71012.ZP33","437135603.9736"
"B","2021-Q4","TP.FINHESTNKS71012.ZP34","1288303106.7587"
"B","2021-Q4","TP.FINHESTNKS71012.ZP35","415978048.7981"
"B","2021-Q4","TP.FINHESTNKS71012.ZP36","872325057.9606"
"B","2021-Q4","TP.FINHESTNKS71012.ZP37","893238368.8458"
"B","2021-Q4","TP.FINHESTNKS71012.ZP38","600676213.3408"
"B","2021-Q4","TP.FINHESTNKS71012.ZP39","292562155.505"
"B","2021-Q4","TP.FINHESTNKS71012.ZP40","40284085.1277"
"B","2021-Q4","TP.FINHESTNKS71012.ZP41","252278070.3773"
"B","2021-Q4","TP.FINHESTNKS71012.ZP42","351024356.6421"
"B","2021-Q4","TP.FINHESTNKS71012.ZP43","66067951.1833"
"B","2021-Q4","TP.FINHESTNKS71012.ZP44","405558210.1423"
"B","2021-Q4","TP.FINHESTNKS71012.ZP45","9518443199.8791"
"B","2022-Q1","TP.FINHESTNKS71012.ZP1","824403335.0711"
"B","2022-Q1","TP.FINHESTNKS71012.ZP2","727347525"
"B","2022-Q1","TP.FINHESTNKS71012.ZP3","615031923"
"B","2022-Q1","TP.FINHESTNKS71012.ZP4","112315602"
"B","2022-Q1","TP.FINHESTNKS71012.ZP5","1512003888.5928"
"B","2022-Q1","TP.FINHESTNKS71012.ZP6","179879767.9628"
"B","2022-Q1","TP.FINHESTNKS71012.ZP7","401916633.4098"
"B","2022-Q1","TP.FINHESTNKS71012.ZP8","930207487.2202"
"B","2022-Q1","TP.FINHESTNKS71012.ZP9","2543592082.5805"
"B","2022-Q1","TP.FINHESTNKS71012.ZP10","341722388.255"
"B","2022-Q1","TP.FINHESTNKS71012.ZP11","2201869694.3255"
"B","2022-Q1","TP.FINHESTNKS71012.ZP12","5767546297.414"
"B","2022-Q1","TP.FINHESTNKS71012.ZP13","2780271327.0801"
"B","2022-Q1","TP.FINHESTNKS71012.ZP14","2987274970.3339"
"B","2022-Q1","TP.FINHESTNKS71012.ZP15","367832604.2065"
"B","2022-Q1","TP.FINHESTNKS71012.ZP16","311791219.9527"
"B","2022-Q1","TP.FINHESTNKS71012.ZP17","56041384.2538"
"B","2022-Q1","TP.FINHESTNKS71012.ZP18","307822.9758"
"B","2022-Q1","TP.FINHESTNKS71012.ZP19","55733561.278"
"B","2022-Q1","TP.FINHESTNKS71012.ZP20","0"
"B","2022-Q1","TP.FINHESTNKS71012.ZP21","114062894.3236"
"B","2022-Q1","TP.FINHESTNKS71012.ZP22","384027699.9179"
"B","2022-Q1","TP.FINHESTNKS71012.ZP23","11416412992.0352"
"B","2022-Q1","TP.FINHESTNKS71012.ZP24","112315602"
"B","2022-Q1","TP.FINHESTNKS71012.ZP26","112315602"
"B","2022-Q1","TP.FINHESTNKS71012.ZP27","6638453920.0375"
"B","2022-Q1","TP.FINHESTNKS71012.ZP28","232961695.9005"
"B","2022-Q1","TP.FINHESTNKS71012.ZP29","2319198937.8217"
"B","2022-Q1","TP.FINHESTNKS71012.ZP30","4086293286.3153"
"B","2022-Q1","TP.FINHESTNKS71012.ZP31","508044374.6529"
"B","2022-Q1","TP.FINHESTNKS71012.ZP32","55602475.5463"
"B","2022-Q1","TP.FINHESTNKS71012.ZP33","452441899.1067"
"B","2022-Q1","TP.FINHESTNKS71012.ZP34","1362959399.5813"
"B","2022-Q1","TP.FINHESTNKS71012.ZP35","484084628.4687"
"B","2022-Q1","TP.FINHESTNKS71012.ZP36","878874771.1126"
"B","2022-Q1","TP.FINHESTNKS71012.ZP37","1032265130.3827"
"B","2022-Q1","TP.FINHESTNKS71012.ZP38","690327869.8971"
"B","2022-Q1","TP.FINHESTNKS71012.ZP39","341937260.4856"
"B","2022-Q1","TP.FINHESTNKS71012.ZP40","46864563.0244"
"B","2022-Q1","TP.FINHESTNKS71012.ZP41","295072697.4612"
"B","2022-Q1","TP.FINHESTNKS71012.ZP42","400732842.0467"
"B","2022-Q1","TP.FINHESTNKS71012.ZP43","61212999.0279"
"B","2022-Q1","TP.FINHESTNKS71012.ZP44","476025389.2352"
"B","2022-Q1","TP.FINHESTNKS71012.ZP45","10592009656.9641"
"B","2022-Q2","TP.FINHESTNKS71012.ZP1","1099480510.4212"
"B","2022-Q2","TP.FINHESTNKS71012.ZP2","808922975"
"B","2022-Q2","TP.FINHESTNKS71012.ZP3","685813630"
"B","2022-Q2","TP.FINHESTNKS71012.ZP4","123109345"
"B","2022-Q2","TP.FINHESTNKS71012.ZP5","1570591103.8952"
"B","2022-Q2","TP.FINHESTNKS71012.ZP6","207914939.1044"
"B","2022-Q2","TP.FINHESTNKS71012.ZP7","417573115.8247"
"B","2022-Q2","TP.FINHESTNKS71012.ZP8","945103048.9661"
"B","2022-Q2","TP.FINHESTNKS71012.ZP9","2962007319.6469"
"B","2022-Q2","TP.FINHESTNKS71012.ZP10","399138578.5025"
"B","2022-Q2","TP.FINHESTNKS71012.ZP11","2562868741.1443"
"B","2022-Q2","TP.FINHESTNKS71012.ZP12","6649571854.7086"
"B","2022-Q2","TP.FINHESTNKS71012.ZP13","3387748331.9745"
"B","2022-Q2","TP.FINHESTNKS71012.ZP14","3261823522.7341"
"B","2022-Q2","TP.FINHESTNKS71012.ZP15","405380962.4709"
"B","2022-Q2","TP.FINHESTNKS71012.ZP16","334535775.2096"
"B","2022-Q2","TP.FINHESTNKS71012.ZP17","70845187.2612"
"B","2022-Q2","TP.FINHESTNKS71012.ZP18","293289.674"
"B","2022-Q2","TP.FINHESTNKS71012.ZP19","70551897.5872"
"B","2022-Q2","TP.FINHESTNKS71012.ZP20","0"
"B","2022-Q2","TP.FINHESTNKS71012.ZP21","144111648.84"
"B","2022-Q2","TP.FINHESTNKS71012.ZP22","669803401.3038"
"B","2022-Q2","TP.FINHESTNKS71012.ZP23","13210389265.8654"
"B","2022-Q2","TP.FINHESTNKS71012.ZP24","123109345"
"B","2022-Q2","TP.FINHESTNKS71012.ZP26","123109345"
"B","2022-Q2","TP.FINHESTNKS71012.ZP27","7640591212.0662"
"B","2022-Q2","TP.FINHESTNKS71012.ZP28","258557834.707"
"B","2022-Q2","TP.FINHESTNKS71012.ZP29","2600637890.7667"
"B","2022-Q2","TP.FINHESTNKS71012.ZP30","4781395486.5924"
"B","2022-Q2","TP.FINHESTNKS71012.ZP31","523007257.0844"
"B","2022-Q2","TP.FINHESTNKS71012.ZP32","56271707.7609"
"B","2022-Q2","TP.FINHESTNKS71012.ZP33","466735549.3235"
"B","2022-Q2","TP.FINHESTNKS71012.ZP34","1587065466.8763"
"B","2022-Q2","TP.FINHESTNKS71012.ZP35","504997676.8883"
"B","2022-Q2","TP.FINHESTNKS71012.ZP36","1082067789.988"
"B","2022-Q2","TP.FINHESTNKS71012.ZP37","1142153141.5457"
"B","2022-Q2","TP.FINHESTNKS71012.ZP38","759071552.8209"
"B","2022-Q2","TP.FINHESTNKS71012.ZP39","383081588.7248"
"B","2022-Q2","TP.FINHESTNKS71012.ZP40","47810181.6188"
"B","2022-Q2","TP.FINHESTNKS71012.ZP41","335271407.106"
"B","2022-Q2","TP.FINHESTNKS71012.ZP42","441870202.1127"
"B","2022-Q2","TP.FINHESTNKS71012.ZP43","79488295.7084"
"B","2022-Q2","TP.FINHESTNKS71012.ZP44","573623835.0505"
"B","2022-Q2","TP.FINHESTNKS71012.ZP45","12110908755.4441"
"B","2022-Q3","TP.FINHESTNKS71012.ZP1","1176608518.536"
"B","2022-Q3","TP.FINHESTNKS71012.ZP2","852204589"
"B","2022-Q3","TP.FINHESTNKS71012.ZP3","721570739"
"B","2022-Q3","TP.FINHESTNKS71012.ZP4","130633850"
"B","2022-Q3","TP.FINHESTNKS71012.ZP5","1887577961.2784"
"B","2022-Q3","TP.FINHESTNKS71012.ZP6","255102214.1793"
"B","2022-Q3","TP.FINHESTNKS71012.ZP7","410851845.9411"
"B","2022-Q3","TP.FINHESTNKS71012.ZP8","1221623901.158"
"B","2022-Q3","TP.FINHESTNKS71012.ZP9","3409343836.1753"
"B","2022-Q3","TP.FINHESTNKS71012.ZP10","456496944.4938"
"B","2022-Q3","TP.FINHESTNKS71012.ZP11","2952846891.6815"
"B","2022-Q3","TP.FINHESTNKS71012.ZP12","7116306189.5393"
"B","2022-Q3","TP.FINHESTNKS71012.ZP13","4090802791.1691"
"B","2022-Q3","TP.FINHESTNKS71012.ZP14","3025503398.3702"
"B","2022-Q3","TP.FINHESTNKS71012.ZP15","472550502.4263"
"B","2022-Q3","TP.FINHESTNKS71012.ZP16","383391990.1952"
"B","2022-Q3","TP.FINHESTNKS71012.ZP17","89158512.2312"
"B","2022-Q3","TP.FINHESTNKS71012.ZP18","1821867.1745"
"B","2022-Q3","TP.FINHESTNKS71012.ZP19","87336645.0566"
"B","2022-Q3","TP.FINHESTNKS71012.ZP20","0"
"B","2022-Q3","TP.FINHESTNKS71012.ZP21","160409956.1721"
"B","2022-Q3","TP.FINHESTNKS71012.ZP22","837672335.6645"
"B","2022-Q3","TP.FINHESTNKS71012.ZP23","14736065370.2559"
"B","2022-Q3","TP.FINHESTNKS71012.ZP24","130633850"
"B","2022-Q3","TP.FINHESTNKS71012.ZP26","130633850"
"B","2022-Q3","TP.FINHESTNKS71012.ZP27","8572598182.9773"
"B","2022-Q3","TP.FINHESTNKS71012.ZP28","289805192.3903"
"B","2022-Q3","TP.FINHESTNKS71012.ZP29","2725424119.8337"
"B","2022-Q3","TP.FINHESTNKS71012.ZP30","5557368870.7532"
"B","2022-Q3","TP.FINHESTNKS71012.ZP31","552385303.311"
"B","2022-Q3","TP.FINHESTNKS71012.ZP32","56067319.2235"
"B","2022-Q3","TP.FINHESTNKS71012.ZP33","496317984.0875"
"B","2022-Q3","TP.FINHESTNKS71012.ZP34","1592489122.1931"
"B","2022-Q3","TP.FINHESTNKS71012.ZP35","636725983.2882"
"B","2022-Q3","TP.FINHESTNKS71012.ZP36","955763138.9049"
"B","2022-Q3","TP.FINHESTNKS71012.ZP37","1467498352.2219"
"B","2022-Q3","TP.FINHESTNKS71012.ZP38","971404669.7565"
"B","2022-Q3","TP.FINHESTNKS71012.ZP39","496093682.4654"
"B","2022-Q3","TP.FINHESTNKS71012.ZP40","72731719.5846"
"B","2022-Q3","TP.FINHESTNKS71012.ZP41","423361962.8808"
"B","2022-Q3","TP.FINHESTNKS71012.ZP42","513549573.4879"
"B","2022-Q3","TP.FINHESTNKS71012.ZP43","83157881.9223"
"B","2022-Q3","TP.FINHESTNKS71012.ZP44","647144585.6065"
"B","2022-Q3","TP.FINHESTNKS71012.ZP45","13559456851.7199"
"B","2022-Q4","TP.FINHESTNKS71012.ZP1","1078558395.1106"
"B","2022-Q4","TP.FINHESTNKS71012.ZP2","995517558"
"B","2022-Q4","TP.FINHESTNKS71012.ZP3","857249028"
"B","2022-Q4","TP.FINHESTNKS71012.ZP4","138268530"
"B","2022-Q4","TP.FINHESTNKS71012.ZP5","1996889286.085"
"B","2022-Q4","TP.FINHESTNKS71012.ZP6","298360454.0369"
"B","2022-Q4","TP.FINHESTNKS71012.ZP7","279625650.7472"
"B","2022-Q4","TP.FINHESTNKS71012.ZP8","1418903181.3009"
"B","2022-Q4","TP.FINHESTNKS71012.ZP9","3844704946.4736"
"B","2022-Q4","TP.FINHESTNKS71012.ZP10","510686855.8769"
"B","2022-Q4","TP.FINHESTNKS71012.ZP11","3334018090.5966"
"B","2022-Q4","TP.FINHESTNKS71012.ZP12","7844173621.9911"
"B","2022-Q4","TP.FINHESTNKS71012.ZP13","4715401508.3239"
"B","2022-Q4","TP.FINHESTNKS71012.ZP14","3128772113.6672"
"B","2022-Q4","TP.FINHESTNKS71012.ZP15","654082343.8396"
"B","2022-Q4","TP.FINHESTNKS71012.ZP16","534629106.2165"
"B","2022-Q4","TP.FINHESTNKS71012.ZP17","119453237.6231"
"B","2022-Q4","TP.FINHESTNKS71012.ZP18","1459142.5577"
"B","2022-Q4","TP.FINHESTNKS71012.ZP19","117994095.0654"
"B","2022-Q4","TP.FINHESTNKS71012.ZP20","0"
"B","2022-Q4","TP.FINHESTNKS71012.ZP21","141901959.4946"
"B","2022-Q4","TP.FINHESTNKS71012.ZP22","969935025.7555"
"B","2022-Q4","TP.FINHESTNKS71012.ZP23","16447204741.6392"
"B","2022-Q4","TP.FINHESTNKS71012.ZP24","138268530"
"B","2022-Q4","TP.FINHESTNKS71012.ZP26","138268530"
"B","2022-Q4","TP.FINHESTNKS71012.ZP27","9581354166.4333"
"B","2022-Q4","TP.FINHESTNKS71012.ZP28","306755184.3439"
"B","2022-Q4","TP.FINHESTNKS71012.ZP29","3119310785.8207"
"B","2022-Q4","TP.FINHESTNKS71012.ZP30","6155288196.2687"
"B","2022-Q4","TP.FINHESTNKS71012.ZP31","514256570.4861"
"B","2022-Q4","TP.FINHESTNKS71012.ZP32","58604465.2757"
"B","2022-Q4","TP.FINHESTNKS71012.ZP33","455652105.2104"
"B","2022-Q4","TP.FINHESTNKS71012.ZP34","1639162631.1056"
"B","2022-Q4","TP.FINHESTNKS71012.ZP35","677221995.4939"
"B","2022-Q4","TP.FINHESTNKS71012.ZP36","961940635.6118"
"B","2022-Q4","TP.FINHESTNKS71012.ZP37","2081059854.7821"
"B","2022-Q4","TP.FINHESTNKS71012.ZP38","1346375753.4825"
"B","2022-Q4","TP.FINHESTNKS71012.ZP39","734684101.2996"
"B","2022-Q4","TP.FINHESTNKS71012.ZP40","98402644.2878"
"B","2022-Q4","TP.FINHESTNKS71012.ZP41","636281457.0119"
"B","2022-Q4","TP.FINHESTNKS71012.ZP42","636607390.6732"
"B","2022-Q4","TP.FINHESTNKS71012.ZP43","57619186.2641"
"B","2022-Q4","TP.FINHESTNKS71012.ZP44","720318016.7842"
"B","2022-Q4","TP.FINHESTNKS71012.ZP45","15368646346.5286"
"B","2023-Q1","TP.FINHESTNKS71012.ZP1","1249448117.2878"
"B","2023-Q1","TP.FINHESTNKS71012.ZP2","1141692128"
"B","2023-Q1","TP.FINHESTNKS71012.ZP3","998956287"
"B","2023-Q1","TP.FINHESTNKS71012.ZP4","142735841"
"B","2023-Q1","TP.FINHESTNKS71012.ZP5","1878322039.2988"
"B","2023-Q1","TP.FINHESTNKS71012.ZP6","282141584.1349"
"B","2023-Q1","TP.FINHESTNKS71012.ZP7","347807279.0269"
"B","2023-Q1","TP.FINHESTNKS71012.ZP8","1248373176.137"
"B","2023-Q1","TP.FINHESTNKS71012.ZP9","4281014016.5337"
"B","2023-Q1","TP.FINHESTNKS71012.ZP10","564867904.1848"
"B","2023-Q1","TP.FINHESTNKS71012.ZP11","3716146112.349"
"B","2023-Q1","TP.FINHESTNKS71012.ZP12","8850256503.5624"
"B","2023-Q1","TP.FINHESTNKS71012.ZP13","5301498030.3639"
"B","2023-Q1","TP.FINHESTNKS71012.ZP14","3548758473.1985"
"B","2023-Q1","TP.FINHESTNKS71012.ZP15","702376827.6831"
"B","2023-Q1","TP.FINHESTNKS71012.ZP16","511930230.7006"
"B","2023-Q1","TP.FINHESTNKS71012.ZP17","190446596.9825"
"B","2023-Q1","TP.FINHESTNKS71012.ZP18","975998.5842"
"B","2023-Q1","TP.FINHESTNKS71012.ZP19","189470598.3983"
"B","2023-Q1","TP.FINHESTNKS71012.ZP20","0"
"B","2023-Q1","TP.FINHESTNKS71012.ZP21","128812502.5717"
"B","2023-Q1","TP.FINHESTNKS71012.ZP22","1075480140.782"
"B","2023-Q1","TP.FINHESTNKS71012.ZP23","18057954158.4317"
"B","2023-Q1","TP.FINHESTNKS71012.ZP24","142735841"
"B","2023-Q1","TP.FINHESTNKS71012.ZP26","142735841"
"B","2023-Q1","TP.FINHESTNKS71012.ZP27","10479605284.0058"
"B","2023-Q1","TP.FINHESTNKS71012.ZP28","330117931.28"
"B","2023-Q1","TP.FINHESTNKS71012.ZP29","3521184234.255"
"B","2023-Q1","TP.FINHESTNKS71012.ZP30","6628303118.4707"
"B","2023-Q1","TP.FINHESTNKS71012.ZP31","501986549.4799"
"B","2023-Q1","TP.FINHESTNKS71012.ZP32","46880028.8261"
"B","2023-Q1","TP.FINHESTNKS71012.ZP33","455106520.6539"
"B","2023-Q1","TP.FINHESTNKS71012.ZP34","1836342581.2959"
"B","2023-Q1","TP.FINHESTNKS71012.ZP35","757135854.1779"
"B","2023-Q1","TP.FINHESTNKS71012.ZP36","1079206727.118"
"B","2023-Q1","TP.FINHESTNKS71012.ZP37","2265263389.0919"
"B","2023-Q1","TP.FINHESTNKS71012.ZP38","1368807181.6041"
"B","2023-Q1","TP.FINHESTNKS71012.ZP39","896456207.4878"
"B","2023-Q1","TP.FINHESTNKS71012.ZP40","96138100.7817"
"B","2023-Q1","TP.FINHESTNKS71012.ZP41","800318106.7061"
"B","2023-Q1","TP.FINHESTNKS71012.ZP42","701360629.6567"
"B","2023-Q1","TP.FINHESTNKS71012.ZP43","52682486.6906"
"B","2023-Q1","TP.FINHESTNKS71012.ZP44","828529279.9232"
"B","2023-Q1","TP.FINHESTNKS71012.ZP45","16808506041.1439"
"B","2023-Q2","TP.FINHESTNKS71012.ZP1","966798121.1864"
"B","2023-Q2","TP.FINHESTNKS71012.ZP2","1260858669"
"B","2023-Q2","TP.FINHESTNKS71012.ZP3","1069903100"
"B","2023-Q2","TP.FINHESTNKS71012.ZP4","190955569"
"B","2023-Q2","TP.FINHESTNKS71012.ZP5","2681637877.941"
"B","2023-Q2","TP.FINHESTNKS71012.ZP6","339434120.2902"
"B","2023-Q2","TP.FINHESTNKS71012.ZP7","573796544.008"
"B","2023-Q2","TP.FINHESTNKS71012.ZP8","1768407213.6428"
"B","2023-Q2","TP.FINHESTNKS71012.ZP9","4654328428.3494"
"B","2023-Q2","TP.FINHESTNKS71012.ZP10","607726230.8486"
"B","2023-Q2","TP.FINHESTNKS71012.ZP11","4046602197.5008"
"B","2023-Q2","TP.FINHESTNKS71012.ZP12","10411753599.132"
"B","2023-Q2","TP.FINHESTNKS71012.ZP13","6634784078.0858"
"B","2023-Q2","TP.FINHESTNKS71012.ZP14","3776969521.0462"
"B","2023-Q2","TP.FINHESTNKS71012.ZP15","912752113.5222"
"B","2023-Q2","TP.FINHESTNKS71012.ZP16","678945297.1298"
"B","2023-Q2","TP.FINHESTNKS71012.ZP17","233806816.3925"
"B","2023-Q2","TP.FINHESTNKS71012.ZP18","583588.3947"
"B","2023-Q2","TP.FINHESTNKS71012.ZP19","233223227.9978"
"B","2023-Q2","TP.FINHESTNKS71012.ZP20","0"
"B","2023-Q2","TP.FINHESTNKS71012.ZP21","157311363.9041"
"B","2023-Q2","TP.FINHESTNKS71012.ZP22","1657760427.8736"
"B","2023-Q2","TP.FINHESTNKS71012.ZP23","21736402479.7223"
"B","2023-Q2","TP.FINHESTNKS71012.ZP24","190955569"
"B","2023-Q2","TP.FINHESTNKS71012.ZP26","190955569"
"B","2023-Q2","TP.FINHESTNKS71012.ZP27","12787099219.7259"
"B","2023-Q2","TP.FINHESTNKS71012.ZP28","464611225.3122"
"B","2023-Q2","TP.FINHESTNKS71012.ZP29","4396324497.7724"
"B","2023-Q2","TP.FINHESTNKS71012.ZP30","7926163496.6413"
"B","2023-Q2","TP.FINHESTNKS71012.ZP31","620132918.0876"
"B","2023-Q2","TP.FINHESTNKS71012.ZP32","25992143.8203"
"B","2023-Q2","TP.FINHESTNKS71012.ZP33","594140774.2673"
"B","2023-Q2","TP.FINHESTNKS71012.ZP34","2448892240.7354"
"B","2023-Q2","TP.FINHESTNKS71012.ZP35","1195288354.4349"
"B","2023-Q2","TP.FINHESTNKS71012.ZP36","1253603886.3005"
"B","2023-Q2","TP.FINHESTNKS71012.ZP37","2633489085.252"
"B","2023-Q2","TP.FINHESTNKS71012.ZP38","1529850202.1459"
"B","2023-Q2","TP.FINHESTNKS71012.ZP39","1103638883.1061"
"B","2023-Q2","TP.FINHESTNKS71012.ZP40","93666062.5592"
"B","2023-Q2","TP.FINHESTNKS71012.ZP41","1009972820.5469"
"B","2023-Q2","TP.FINHESTNKS71012.ZP42","860633973.2861"
"B","2023-Q2","TP.FINHESTNKS71012.ZP43","112056923.4336"
"B","2023-Q2","TP.FINHESTNKS71012.ZP44","1116344429.0153"
"B","2023-Q2","TP.FINHESTNKS71012.ZP45","20769604358.5359"
"B","2023-Q3","TP.FINHESTNKS71012.ZP1","77962170.8843"
"B","2023-Q3","TP.FINHESTNKS71012.ZP2","1311019123"
"B","2023-Q3","TP.FINHESTNKS71012.ZP3","1112214063"
"B","2023-Q3","TP.FINHESTNKS71012.ZP4","198805060"
"B","2023-Q3","TP.FINHESTNKS71012.ZP5","3150218211.6106"
"B","2023-Q3","TP.FINHESTNKS71012.ZP6","293054243.5353"
"B","2023-Q3","TP.FINHESTNKS71012.ZP7","628149824.4525"
"B","2023-Q3","TP.FINHESTNKS71012.ZP8","2229014143.6228"
"B","2023-Q3","TP.FINHESTNKS71012.ZP9","5031176923.8421"
"B","2023-Q3","TP.FINHESTNKS71012.ZP10","660427048.3164"
"B","2023-Q3","TP.FINHESTNKS71012.ZP11","4370749875.5257"
"B","2023-Q3","TP.FINHESTNKS71012.ZP12","11079669574.3778"
"B","2023-Q3","TP.FINHESTNKS71012.ZP13","7149238524.7676"
"B","2023-Q3","TP.FINHESTNKS71012.ZP14","3930431049.6102"
"B","2023-Q3","TP.FINHESTNKS71012.ZP15","1149363528.7825"
"B","2023-Q3","TP.FINHESTNKS71012.ZP16","856547040.627"
"B","2023-Q3","TP.FINHESTNKS71012.ZP17","292816488.1555"
"B","2023-Q3","TP.FINHESTNKS71012.ZP18","1472153.6745"
"B","2023-Q3","TP.FINHESTNKS71012.ZP19","291344334.481"
"B","2023-Q3","TP.FINHESTNKS71012.ZP20","0"
"B","2023-Q3","TP.FINHESTNKS71012.ZP21","162920808.2753"
"B","2023-Q3","TP.FINHESTNKS71012.ZP22","1731262680.9793"
"B","2023-Q3","TP.FINHESTNKS71012.ZP23","23615630850.8676"
"B","2023-Q3","TP.FINHESTNKS71012.ZP24","198805060"
"B","2023-Q3","TP.FINHESTNKS71012.ZP26","198805060"
"B","2023-Q3","TP.FINHESTNKS71012.ZP27","14569554776.7366"
"B","2023-Q3","TP.FINHESTNKS71012.ZP28","409577410.0795"
"B","2023-Q3","TP.FINHESTNKS71012.ZP29","4853411924.4841"
"B","2023-Q3","TP.FINHESTNKS71012.ZP30","9306565442.173"
"B","2023-Q3","TP.FINHESTNKS71012.ZP31","697053022.0494"
"B","2023-Q3","TP.FINHESTNKS71012.ZP32","25297623.3783"
"B","2023-Q3","TP.FINHESTNKS71012.ZP33","671755398.6711"
"B","2023-Q3","TP.FINHESTNKS71012.ZP34","2514164556.5267"
"B","2023-Q3","TP.FINHESTNKS71012.ZP35","1200309289.2914"
"B","2023-Q3","TP.FINHESTNKS71012.ZP36","1313855267.2353"
"B","2023-Q3","TP.FINHESTNKS71012.ZP37","3417033069.1114"
"B","2023-Q3","TP.FINHESTNKS71012.ZP38","1970218368.9689"
"B","2023-Q3","TP.FINHESTNKS71012.ZP39","1446814700.1425"
"B","2023-Q3","TP.FINHESTNKS71012.ZP40","126847067.5085"
"B","2023-Q3","TP.FINHESTNKS71012.ZP41","1319967632.6339"
"B","2023-Q3","TP.FINHESTNKS71012.ZP42","1004523759.5816"
"B","2023-Q3","TP.FINHESTNKS71012.ZP43","74441781.6721"
"B","2023-Q3","TP.FINHESTNKS71012.ZP44","1062092654.3056"
"B","2023-Q3","TP.FINHESTNKS71012.ZP45","23537668679.9833"
"B","2023-Q4","TP.FINHESTNKS71012.ZP1","228812644.8894"
"B","2023-Q4","TP.FINHESTNKS71012.ZP2","1637205481"
"B","2023-Q4","TP.FINHESTNKS71012.ZP3","1417869832"
"B","2023-Q4","TP.FINHESTNKS71012.ZP4","219335649"
"B","2023-Q4","TP.FINHESTNKS71012.ZP5","3846478762.1556"
"B","2023-Q4","TP.FINHESTNKS71012.ZP6","300983969.1755"
"B","2023-Q4","TP.FINHESTNKS71012.ZP7","862545894.5966"
"B","2023-Q4","TP.FINHESTNKS71012.ZP8","2682948898.3835"
"B","2023-Q4","TP.FINHESTNKS71012.ZP9","5522530909.674"
"B","2023-Q4","TP.FINHESTNKS71012.ZP10","728683630.3148"
"B","2023-Q4","TP.FINHESTNKS71012.ZP11","4793847279.3592"
"B","2023-Q4","TP.FINHESTNKS71012.ZP12","11835270540.3509"
"B","2023-Q4","TP.FINHESTNKS71012.ZP13","7732109351.0345"
"B","2023-Q4","TP.FINHESTNKS71012.ZP14","4103161189.3164"
"B","2023-Q4","TP.FINHESTNKS71012.ZP15","1267991319.0976"
"B","2023-Q4","TP.FINHESTNKS71012.ZP16","915315980.7615"
"B","2023-Q4","TP.FINHESTNKS71012.ZP17","352675338.3361"
"B","2023-Q4","TP.FINHESTNKS71012.ZP18","1565291.5646"
"B","2023-Q4","TP.FINHESTNKS71012.ZP19","351110046.7714"
"B","2023-Q4","TP.FINHESTNKS71012.ZP20","0"
"B","2023-Q4","TP.FINHESTNKS71012.ZP21","157675574.0556"
"B","2023-Q4","TP.FINHESTNKS71012.ZP22","1866960042.8102"
"B","2023-Q4","TP.FINHESTNKS71012.ZP23","26134112629.1439"
"B","2023-Q4","TP.FINHESTNKS71012.ZP24","219335649"
"B","2023-Q4","TP.FINHESTNKS71012.ZP26","219335649"
"B","2023-Q4","TP.FINHESTNKS71012.ZP27","16418564686.8227"
"B","2023-Q4","TP.FINHESTNKS71012.ZP28","402611902.1562"
"B","2023-Q4","TP.FINHESTNKS71012.ZP29","5249531523.2031"
"B","2023-Q4","TP.FINHESTNKS71012.ZP30","10766421261.4634"
"B","2023-Q4","TP.FINHESTNKS71012.ZP31","826363747.2718"
"B","2023-Q4","TP.FINHESTNKS71012.ZP32","61764760.2199"
"B","2023-Q4","TP.FINHESTNKS71012.ZP33","764598987.0519"
"B","2023-Q4","TP.FINHESTNKS71012.ZP34","2475359768.6535"
"B","2023-Q4","TP.FINHESTNKS71012.ZP35","1200948835.164"
"B","2023-Q4","TP.FINHESTNKS71012.ZP36","1274410933.4895"
"B","2023-Q4","TP.FINHESTNKS71012.ZP37","3605356157.3448"
"B","2023-Q4","TP.FINHESTNKS71012.ZP38","1889893569.1932"
"B","2023-Q4","TP.FINHESTNKS71012.ZP39","1715462588.1516"
"B","2023-Q4","TP.FINHESTNKS71012.ZP40","147874389.3739"
"B","2023-Q4","TP.FINHESTNKS71012.ZP41","1567588198.7777"
"B","2023-Q4","TP.FINHESTNKS71012.ZP42","1147879918.0646"
"B","2023-Q4","TP.FINHESTNKS71012.ZP43","54348772.7661"
"B","2023-Q4","TP.FINHESTNKS71012.ZP44","1158091284.331"
"B","2023-Q4","TP.FINHESTNKS71012.ZP45","25905299984.2545"
"B","2024-Q1","TP.FINHESTNKS71012.ZP1","-194333355.4031"
"B","2024-Q1","TP.FINHESTNKS71012.ZP2","1990991618"
"B","2024-Q1","TP.FINHESTNKS71012.ZP3","1754221328"
"B","2024-Q1","TP.FINHESTNKS71012.ZP4","236770290"
"B","2024-Q1","TP.FINHESTNKS71012.ZP5","3060660505.7737"
"B","2024-Q1","TP.FINHESTNKS71012.ZP6","285552660.0723"
"B","2024-Q1","TP.FINHESTNKS71012.ZP7","850913952.9734"
"B","2024-Q1","TP.FINHESTNKS71012.ZP8","1924193892.7281"
"B","2024-Q1","TP.FINHESTNKS71012.ZP9","6523183365.5363"
"B","2024-Q1","TP.FINHESTNKS71012.ZP10","803896951.5664"
"B","2024-Q1","TP.FINHESTNKS71012.ZP11","5719286413.9699"
"B","2024-Q1","TP.FINHESTNKS71012.ZP12","13562924183.5929"
"B","2024-Q1","TP.FINHESTNKS71012.ZP13","8749543369.2221"
"B","2024-Q1","TP.FINHESTNKS71012.ZP14","4813380814.3708"
"B","2024-Q1","TP.FINHESTNKS71012.ZP15","1469908018.6732"
"B","2024-Q1","TP.FINHESTNKS71012.ZP16","1014372242.3522"
"B","2024-Q1","TP.FINHESTNKS71012.ZP17","455535776.321"
"B","2024-Q1","TP.FINHESTNKS71012.ZP18","5835422.3331"
"B","2024-Q1","TP.FINHESTNKS71012.ZP19","449700353.9878"
"B","2024-Q1","TP.FINHESTNKS71012.ZP20","0"
"B","2024-Q1","TP.FINHESTNKS71012.ZP21","179334674.5813"
"B","2024-Q1","TP.FINHESTNKS71012.ZP22","2094976496.8785"
"B","2024-Q1","TP.FINHESTNKS71012.ZP23","28881978863.0359"
"B","2024-Q1","TP.FINHESTNKS71012.ZP24","236770290"
"B","2024-Q1","TP.FINHESTNKS71012.ZP26","236770290"
"B","2024-Q1","TP.FINHESTNKS71012.ZP27","16991388380.3503"
"B","2024-Q1","TP.FINHESTNKS71012.ZP28","440098002.7294"
"B","2024-Q1","TP.FINHESTNKS71012.ZP29","5965100960.1348"
"B","2024-Q1","TP.FINHESTNKS71012.ZP30","10586189417.4861"
"B","2024-Q1","TP.FINHESTNKS71012.ZP31","1092573910.088"
"B","2024-Q1","TP.FINHESTNKS71012.ZP32","166928605.7697"
"B","2024-Q1","TP.FINHESTNKS71012.ZP33","925645304.3183"
"B","2024-Q1","TP.FINHESTNKS71012.ZP34","3155145046.3065"
"B","2024-Q1","TP.FINHESTNKS71012.ZP35","1419080283.3437"
"B","2024-Q1","TP.FINHESTNKS71012.ZP36","1736064762.9628"
"B","2024-Q1","TP.FINHESTNKS71012.ZP37","4778323995.6398"
"B","2024-Q1","TP.FINHESTNKS71012.ZP38","2352869926.1215"
"B","2024-Q1","TP.FINHESTNKS71012.ZP39","2425454069.5183"
"B","2024-Q1","TP.FINHESTNKS71012.ZP40","289347714.031"
"B","2024-Q1","TP.FINHESTNKS71012.ZP41","2136106355.4873"
"B","2024-Q1","TP.FINHESTNKS71012.ZP42","1371116266.5706"
"B","2024-Q1","TP.FINHESTNKS71012.ZP43","63917647.7609"
"B","2024-Q1","TP.FINHESTNKS71012.ZP44","1387076681.723"
"B","2024-Q1","TP.FINHESTNKS71012.ZP45","29076312218.439"
"B","2024-Q2","TP.FINHESTNKS71012.ZP1","-1273719683.7253"
"B","2024-Q2","TP.FINHESTNKS71012.ZP2","2146692445"
"B","2024-Q2","TP.FINHESTNKS71012.ZP3","1907349949"
"B","2024-Q2","TP.FINHESTNKS71012.ZP4","239342496"
"B","2024-Q2","TP.FINHESTNKS71012.ZP5","3594273725.994"
"B","2024-Q2","TP.FINHESTNKS71012.ZP6","266554112.3994"
"B","2024-Q2","TP.FINHESTNKS71012.ZP7","835977587.0509"
"B","2024-Q2","TP.FINHESTNKS71012.ZP8","2491742026.5437"
"B","2024-Q2","TP.FINHESTNKS71012.ZP9","6551382006.8091"
"B","2024-Q2","TP.FINHESTNKS71012.ZP10","804465599.8993"
"B","2024-Q2","TP.FINHESTNKS71012.ZP11","5746916406.9097"
"B","2024-Q2","TP.FINHESTNKS71012.ZP12","14667970717.89"
"B","2024-Q2","TP.FINHESTNKS71012.ZP13","9526938031.9489"
"B","2024-Q2","TP.FINHESTNKS71012.ZP14","5141032685.9411"
"B","2024-Q2","TP.FINHESTNKS71012.ZP15","1674702591.6974"
"B","2024-Q2","TP.FINHESTNKS71012.ZP16","1214801017.0097"
"B","2024-Q2","TP.FINHESTNKS71012.ZP17","459901574.6877"
"B","2024-Q2","TP.FINHESTNKS71012.ZP18","11575306.352"
"B","2024-Q2","TP.FINHESTNKS71012.ZP19","448326268.3357"
"B","2024-Q2","TP.FINHESTNKS71012.ZP20","0"
"B","2024-Q2","TP.FINHESTNKS71012.ZP21","151455666.1272"
"B","2024-Q2","TP.FINHESTNKS71012.ZP22","2155525516.9819"
"B","2024-Q2","TP.FINHESTNKS71012.ZP23","30942002670.4996"
"B","2024-Q2","TP.FINHESTNKS71012.ZP24","239342496"
"B","2024-Q2","TP.FINHESTNKS71012.ZP26","239342496"
"B","2024-Q2","TP.FINHESTNKS71012.ZP27","18152775899.3028"
"B","2024-Q2","TP.FINHESTNKS71012.ZP28","550866398.2516"
"B","2024-Q2","TP.FINHESTNKS71012.ZP29","6101538093.117"
"B","2024-Q2","TP.FINHESTNKS71012.ZP30","11500371407.9343"
"B","2024-Q2","TP.FINHESTNKS71012.ZP31","1190876704.3867"
"B","2024-Q2","TP.FINHESTNKS71012.ZP32","174491313.9992"
"B","2024-Q2","TP.FINHESTNKS71012.ZP33","1016385390.3875"
"B","2024-Q2","TP.FINHESTNKS71012.ZP34","3365510547.1544"
"B","2024-Q2","TP.FINHESTNKS71012.ZP35","1421471868.1427"
"B","2024-Q2","TP.FINHESTNKS71012.ZP36","1944038679.0117"
"B","2024-Q2","TP.FINHESTNKS71012.ZP37","6273994787.5049"
"B","2024-Q2","TP.FINHESTNKS71012.ZP38","3323218164.0015"
"B","2024-Q2","TP.FINHESTNKS71012.ZP39","2950776623.5034"
"B","2024-Q2","TP.FINHESTNKS71012.ZP40","526824203.3551"
"B","2024-Q2","TP.FINHESTNKS71012.ZP41","2423952420.1483"
"B","2024-Q2","TP.FINHESTNKS71012.ZP42","1554546080.747"
"B","2024-Q2","TP.FINHESTNKS71012.ZP43","75366133.7335"
"B","2024-Q2","TP.FINHESTNKS71012.ZP44","1363309705.3955"
"B","2024-Q2","TP.FINHESTNKS71012.ZP45","32215722354.2249"
"B","2024-Q3","TP.FINHESTNKS71012.ZP1","-1532734107.9821"
"B","2024-Q3","TP.FINHESTNKS71012.ZP2","2415720307"
"B","2024-Q3","TP.FINHESTNKS71012.ZP3","2159953008"
"B","2024-Q3","TP.FINHESTNKS71012.ZP4","255767299"
"B","2024-Q3","TP.FINHESTNKS71012.ZP5","3719028875.9934"
"B","2024-Q3","TP.FINHESTNKS71012.ZP6","269502105.2151"
"B","2024-Q3","TP.FINHESTNKS71012.ZP7","903745333.0187"
"B","2024-Q3","TP.FINHESTNKS71012.ZP8","2545781437.7596"
"B","2024-Q3","TP.FINHESTNKS71012.ZP9","7508883994.2549"
"B","2024-Q3","TP.FINHESTNKS71012.ZP10","880590998.0276"
"B","2024-Q3","TP.FINHESTNKS71012.ZP11","6628292996.2273"
"B","2024-Q3","TP.FINHESTNKS71012.ZP12","15888396101.6159"
"B","2024-Q3","TP.FINHESTNKS71012.ZP13","10835090656.2961"
"B","2024-Q3","TP.FINHESTNKS71012.ZP14","5053305445.3198"
"B","2024-Q3","TP.FINHESTNKS71012.ZP15","1821906871.7501"
"B","2024-Q3","TP.FINHESTNKS71012.ZP16","1260301765.3993"
"B","2024-Q3","TP.FINHESTNKS71012.ZP17","561605106.3507"
"B","2024-Q3","TP.FINHESTNKS71012.ZP18","10163196.2742"
"B","2024-Q3","TP.FINHESTNKS71012.ZP19","551441910.0765"
"B","2024-Q3","TP.FINHESTNKS71012.ZP20","0"
"B","2024-Q3","TP.FINHESTNKS71012.ZP21","185836307.2315"
"B","2024-Q3","TP.FINHESTNKS71012.ZP22","2025201586.7294"
"B","2024-Q3","TP.FINHESTNKS71012.ZP23","33564974044.5751"
"B","2024-Q3","TP.FINHESTNKS71012.ZP24","255767299"
"B","2024-Q3","TP.FINHESTNKS71012.ZP26","255767299"
"B","2024-Q3","TP.FINHESTNKS71012.ZP27","19393842361.9055"
"B","2024-Q3","TP.FINHESTNKS71012.ZP28","591907238.2368"
"B","2024-Q3","TP.FINHESTNKS71012.ZP29","6595781589.2612"
"B","2024-Q3","TP.FINHESTNKS71012.ZP30","12206153534.4076"
"B","2024-Q3","TP.FINHESTNKS71012.ZP31","1357721905.5233"
"B","2024-Q3","TP.FINHESTNKS71012.ZP32","225862075.7263"
"B","2024-Q3","TP.FINHESTNKS71012.ZP33","1131859829.797"
"B","2024-Q3","TP.FINHESTNKS71012.ZP34","3499549375.1843"
"B","2024-Q3","TP.FINHESTNKS71012.ZP35","1512629361.5525"
"B","2024-Q3","TP.FINHESTNKS71012.ZP36","1986920013.6318"
"B","2024-Q3","TP.FINHESTNKS71012.ZP37","7138078017.2939"
"B","2024-Q3","TP.FINHESTNKS71012.ZP38","3336585880.3561"
"B","2024-Q3","TP.FINHESTNKS71012.ZP39","3801492136.9378"
"B","2024-Q3","TP.FINHESTNKS71012.ZP40","935712452.6764"
"B","2024-Q3","TP.FINHESTNKS71012.ZP41","2865779684.2614"
"B","2024-Q3","TP.FINHESTNKS71012.ZP42","1706909858.175"
"B","2024-Q3","TP.FINHESTNKS71012.ZP43","73364202.7282"
"B","2024-Q3","TP.FINHESTNKS71012.ZP44","1672475132.747"
"B","2024-Q3","TP.FINHESTNKS71012.ZP45","35097708152.5572"
"B","2024-Q4","TP.FINHESTNKS71012.ZP1","-1716834297.4247"
"B","2024-Q4","TP.FINHESTNKS71012.ZP2","2521771241"
"B","2024-Q4","TP.FINHESTNKS71012.ZP3","2266929626"
"B","2024-Q4","TP.FINHESTNKS71012.ZP4","254841615"
"B","2024-Q4","TP.FINHESTNKS71012.ZP5","3598245257.5766"
"B","2024-Q4","TP.FINHESTNKS71012.ZP6","251771179.8184"
"B","2024-Q4","TP.FINHESTNKS71012.ZP7","850690920.8748"
"B","2024-Q4","TP.FINHESTNKS71012.ZP8","2495783156.8834"
"B","2024-Q4","TP.FINHESTNKS71012.ZP9","8389852710.1901"
"B","2024-Q4","TP.FINHESTNKS71012.ZP10","956660054.5239"
"B","2024-Q4","TP.FINHESTNKS71012.ZP11","7433192655.6662"
"B","2024-Q4","TP.FINHESTNKS71012.ZP12","16934830828.3239"
"B","2024-Q4","TP.FINHESTNKS71012.ZP13","11157678377.5448"
"B","2024-Q4","TP.FINHESTNKS71012.ZP14","5777152450.7791"
"B","2024-Q4","TP.FINHESTNKS71012.ZP15","2025964500.4143"
"B","2024-Q4","TP.FINHESTNKS71012.ZP16","1409584031.342"
"B","2024-Q4","TP.FINHESTNKS71012.ZP17","616380469.0722"
"B","2024-Q4","TP.FINHESTNKS71012.ZP18","11373624.1907"
"B","2024-Q4","TP.FINHESTNKS71012.ZP19","605006844.8815"
"B","2024-Q4","TP.FINHESTNKS71012.ZP20","0"
"B","2024-Q4","TP.FINHESTNKS71012.ZP21","145436585.2114"
"B","2024-Q4","TP.FINHESTNKS71012.ZP22","2107767866.6433"
"B","2024-Q4","TP.FINHESTNKS71012.ZP23","35723868989.3597"
"B","2024-Q4","TP.FINHESTNKS71012.ZP24","254841615"
"B","2024-Q4","TP.FINHESTNKS71012.ZP26","254841615"
"B","2024-Q4","TP.FINHESTNKS71012.ZP27","20254282533.069"
"B","2024-Q4","TP.FINHESTNKS71012.ZP28","579803731.6172"
"B","2024-Q4","TP.FINHESTNKS71012.ZP29","6793128717.7465"
"B","2024-Q4","TP.FINHESTNKS71012.ZP30","12881350083.7053"
"B","2024-Q4","TP.FINHESTNKS71012.ZP31","1576193371.3321"
"B","2024-Q4","TP.FINHESTNKS71012.ZP32","279785944.3048"
"B","2024-Q4","TP.FINHESTNKS71012.ZP33","1296407427.0273"
"B","2024-Q4","TP.FINHESTNKS71012.ZP34","3811128571.4301"
"B","2024-Q4","TP.FINHESTNKS71012.ZP35","1642711189.7159"
"B","2024-Q4","TP.FINHESTNKS71012.ZP36","2168417381.7142"
"B","2024-Q4","TP.FINHESTNKS71012.ZP37","7833628737.0689"
"B","2024-Q4","TP.FINHESTNKS71012.ZP38","3353108609.7042"
"B","2024-Q4","TP.FINHESTNKS71012.ZP39","4480520127.3647"
"B","2024-Q4","TP.FINHESTNKS71012.ZP40","1297636364.651"
"B","2024-Q4","TP.FINHESTNKS71012.ZP41","3182883762.7137"
"B","2024-Q4","TP.FINHESTNKS71012.ZP42","1892974268.9788"
"B","2024-Q4","TP.FINHESTNKS71012.ZP43","89829043.3675"
"B","2024-Q4","TP.FINHESTNKS71012.ZP44","1727825146.5379"
"B","2024-Q4","TP.FINHESTNKS71012.ZP45","37440703286.7843"
"B","2025-Q1","TP.FINHESTNKS71012.ZP1","-1814591993.4656"
"B","2025-Q1","TP.FINHESTNKS71012.ZP2","3157860403"
"B","2025-Q1","TP.FINHESTNKS71012.ZP3","2879143114"
"B","2025-Q1","TP.FINHESTNKS71012.ZP4","278717289"
"B","2025-Q1","TP.FINHESTNKS71012.ZP5","3836585201.8092"
"B","2025-Q1","TP.FINHESTNKS71012.ZP6","251627388.3337"
"B","2025-Q1","TP.FINHESTNKS71012.ZP7","1283323976.8942"
"B","2025-Q1","TP.FINHESTNKS71012.ZP8","2301633836.5813"
"B","2025-Q1","TP.FINHESTNKS71012.ZP9","9332184624.7768"
"B","2025-Q1","TP.FINHESTNKS71012.ZP10","1052629272.8733"
"B","2025-Q1","TP.FINHESTNKS71012.ZP11","8279555351.9034"
"B","2025-Q1","TP.FINHESTNKS71012.ZP12","18999468378.9021"
"B","2025-Q1","TP.FINHESTNKS71012.ZP13","12314139385.7774"
"B","2025-Q1","TP.FINHESTNKS71012.ZP14","6685328993.1247"
"B","2025-Q1","TP.FINHESTNKS71012.ZP15","2181119501.9801"
"B","2025-Q1","TP.FINHESTNKS71012.ZP16","1485129123.1116"
"B","2025-Q1","TP.FINHESTNKS71012.ZP17","695990378.8685"
"B","2025-Q1","TP.FINHESTNKS71012.ZP18","9544673.3229"
"B","2025-Q1","TP.FINHESTNKS71012.ZP19","686445705.5457"
"B","2025-Q1","TP.FINHESTNKS71012.ZP20","0"
"B","2025-Q1","TP.FINHESTNKS71012.ZP21","207043745.8036"
"B","2025-Q1","TP.FINHESTNKS71012.ZP22","1776370533.3552"
"B","2025-Q1","TP.FINHESTNKS71012.ZP23","39490632389.627"
"B","2025-Q1","TP.FINHESTNKS71012.ZP24","278717289"
"B","2025-Q1","TP.FINHESTNKS71012.ZP26","278717289"
"B","2025-Q1","TP.FINHESTNKS71012.ZP27","22234067557.6732"
"B","2025-Q1","TP.FINHESTNKS71012.ZP28","753508557.055"
"B","2025-Q1","TP.FINHESTNKS71012.ZP29","7892526847.1879"
"B","2025-Q1","TP.FINHESTNKS71012.ZP30","13588032153.4304"
"B","2025-Q1","TP.FINHESTNKS71012.ZP31","1900577191.4616"
"B","2025-Q1","TP.FINHESTNKS71012.ZP32","425438639.1097"
"B","2025-Q1","TP.FINHESTNKS71012.ZP33","1475138552.3519"
"B","2025-Q1","TP.FINHESTNKS71012.ZP34","4686222087.2505"
"B","2025-Q1","TP.FINHESTNKS71012.ZP35","1772085918.7894"
"B","2025-Q1","TP.FINHESTNKS71012.ZP36","2914136168.4612"
"B","2025-Q1","TP.FINHESTNKS71012.ZP37","7986875686.6442"
"B","2025-Q1","TP.FINHESTNKS71012.ZP38","3133180227.4763"
"B","2025-Q1","TP.FINHESTNKS71012.ZP39","4853695459.1679"
"B","2025-Q1","TP.FINHESTNKS71012.ZP40","794468501.8091"
"B","2025-Q1","TP.FINHESTNKS71012.ZP41","4059226957.3587"
"B","2025-Q1","TP.FINHESTNKS71012.ZP42","2176762489.6984"
"B","2025-Q1","TP.FINHESTNKS71012.ZP43","77217282.2681"
"B","2025-Q1","TP.FINHESTNKS71012.ZP44","1964784799.0966"
"B","2025-Q1","TP.FINHESTNKS71012.ZP45","41305224383.0926"
"B","2025-Q2","TP.FINHESTNKS71012.ZP1","-2361629197.4915"
"B","2025-Q2","TP.FINHESTNKS71012.ZP2","3604792471"
"B","2025-Q2","TP.FINHESTNKS71012.ZP3","3302301377"
"B","2025-Q2","TP.FINHESTNKS71012.ZP4","302491094"
"B","2025-Q2","TP.FINHESTNKS71012.ZP5","4558891546.9002"
"B","2025-Q2","TP.FINHESTNKS71012.ZP6","281828809.0719"
"B","2025-Q2","TP.FINHESTNKS71012.ZP7","1865354547.4152"
"B","2025-Q2","TP.FINHESTNKS71012.ZP8","2411708190.4132"
"B","2025-Q2","TP.FINHESTNKS71012.ZP9","10019844772.3483"
"B","2025-Q2","TP.FINHESTNKS71012.ZP10","1201722765.0696"
"B","2025-Q2","TP.FINHESTNKS71012.ZP11","8818122007.2787"
"B","2025-Q2","TP.FINHESTNKS71012.ZP12","21167312029.5201"
"B","2025-Q2","TP.FINHESTNKS71012.ZP13","14032886403.4208"
"B","2025-Q2","TP.FINHESTNKS71012.ZP14","7134425626.0993"
"B","2025-Q2","TP.FINHESTNKS71012.ZP15","2487137021.1849"
"B","2025-Q2","TP.FINHESTNKS71012.ZP16","1661798170.3461"
"B","2025-Q2","TP.FINHESTNKS71012.ZP17","825338850.8388"
"B","2025-Q2","TP.FINHESTNKS71012.ZP18","7920139.0451"
"B","2025-Q2","TP.FINHESTNKS71012.ZP19","817418711.7937"
"B","2025-Q2","TP.FINHESTNKS71012.ZP20","0"
"B","2025-Q2","TP.FINHESTNKS71012.ZP21","199423947.419"
"B","2025-Q2","TP.FINHESTNKS71012.ZP22","1963129477.4182"
"B","2025-Q2","TP.FINHESTNKS71012.ZP23","44000531265.7906"
"B","2025-Q2","TP.FINHESTNKS71012.ZP24","302491094"
"B","2025-Q2","TP.FINHESTNKS71012.ZP26","302491094"
"B","2025-Q2","TP.FINHESTNKS71012.ZP27","24458399420.066"
"B","2025-Q2","TP.FINHESTNKS71012.ZP28","731739728.263"
"B","2025-Q2","TP.FINHESTNKS71012.ZP29","9332746483.3489"
"B","2025-Q2","TP.FINHESTNKS71012.ZP30","14393913208.4541"
"B","2025-Q2","TP.FINHESTNKS71012.ZP31","2132952151.3694"
"B","2025-Q2","TP.FINHESTNKS71012.ZP32","264496593.3649"
"B","2025-Q2","TP.FINHESTNKS71012.ZP33","1868455558.0046"
"B","2025-Q2","TP.FINHESTNKS71012.ZP34","5069984924.2048"
"B","2025-Q2","TP.FINHESTNKS71012.ZP35","1928160392.7209"
"B","2025-Q2","TP.FINHESTNKS71012.ZP36","3141824531.4839"
"B","2025-Q2","TP.FINHESTNKS71012.ZP37","9647910216.5306"
"B","2025-Q2","TP.FINHESTNKS71012.ZP38","3754553060.9605"
"B","2025-Q2","TP.FINHESTNKS71012.ZP39","5893357155.5701"
"B","2025-Q2","TP.FINHESTNKS71012.ZP40","1041457298.5159"
"B","2025-Q2","TP.FINHESTNKS71012.ZP41","4851899857.0542"
"B","2025-Q2","TP.FINHESTNKS71012.ZP42","2420313384.1918"
"B","2025-Q2","TP.FINHESTNKS71012.ZP43","130136369.4629"
"B","2025-Q2","TP.FINHESTNKS71012.ZP44","2199972903.4566"
"B","2025-Q2","TP.FINHESTNKS71012.ZP45","46362160463.2821"
"B","2025-Q3","TP.FINHESTNKS71012.ZP1","-2064653291.5539"
"B","2025-Q3","TP.FINHESTNKS71012.ZP2","4372110090"
"B","2025-Q3","TP.FINHESTNKS71012.ZP3","4057089042"
"B","2025-Q3","TP.FINHESTNKS71012.ZP4","315021048"
"B","2025-Q3","TP.FINHESTNKS71012.ZP5","5602336724.8888"
"B","2025-Q3","TP.FINHESTNKS71012.ZP6","269668515.9705"
"B","2025-Q3","TP.FINHESTNKS71012.ZP7","2920704539.4717"
"B","2025-Q3","TP.FINHESTNKS71012.ZP8","2411963669.4466"
"B","2025-Q3","TP.FINHESTNKS71012.ZP9","12050338440.1464"
"B","2025-Q3","TP.FINHESTNKS71012.ZP10","1359561158.1417"
"B","2025-Q3","TP.FINHESTNKS71012.ZP11","10690777282.0047"
"B","2025-Q3","TP.FINHESTNKS71012.ZP12","23055049075.1647"
"B","2025-Q3","TP.FINHESTNKS71012.ZP13","15066811093.4056"
"B","2025-Q3","TP.FINHESTNKS71012.ZP14","7988237981.7591"
"B","2025-Q3","TP.FINHESTNKS71012.ZP15","2960742568.6648"
"B","2025-Q3","TP.FINHESTNKS71012.ZP16","1911528741.239"
"B","2025-Q3","TP.FINHESTNKS71012.ZP17","1049213827.4259"
"B","2025-Q3","TP.FINHESTNKS71012.ZP18","15440783.8515"
"B","2025-Q3","TP.FINHESTNKS71012.ZP19","1033773043.5744"
"B","2025-Q3","TP.FINHESTNKS71012.ZP20","0"
"B","2025-Q3","TP.FINHESTNKS71012.ZP21","268696526.9188"
"B","2025-Q3","TP.FINHESTNKS71012.ZP22","2227384883.5608"
"B","2025-Q3","TP.FINHESTNKS71012.ZP23","50536658309.3443"
"B","2025-Q3","TP.FINHESTNKS71012.ZP24","315021048"
"B","2025-Q3","TP.FINHESTNKS71012.ZP26","315021048"
"B","2025-Q3","TP.FINHESTNKS71012.ZP27","27718861633.6461"
"B","2025-Q3","TP.FINHESTNKS71012.ZP28","784454640.6055"
"B","2025-Q3","TP.FINHESTNKS71012.ZP29","10647324184.9057"
"B","2025-Q3","TP.FINHESTNKS71012.ZP30","16287082808.1349"
"B","2025-Q3","TP.FINHESTNKS71012.ZP31","2517224701.9383"
"B","2025-Q3","TP.FINHESTNKS71012.ZP32","211002361.6172"
"B","2025-Q3","TP.FINHESTNKS71012.ZP33","2306222340.3211"
"B","2025-Q3","TP.FINHESTNKS71012.ZP34","5484708359.8102"
"B","2025-Q3","TP.FINHESTNKS71012.ZP35","1886083928.8288"
"B","2025-Q3","TP.FINHESTNKS71012.ZP36","3598624430.9814"
"B","2025-Q3","TP.FINHESTNKS71012.ZP37","11101801610.185"
"B","2025-Q3","TP.FINHESTNKS71012.ZP38","3866728449.4208"
"B","2025-Q3","TP.FINHESTNKS71012.ZP39","7235073160.7642"
"B","2025-Q3","TP.FINHESTNKS71012.ZP40","1281719985.4471"
"B","2025-Q3","TP.FINHESTNKS71012.ZP41","5953353175.3171"
"B","2025-Q3","TP.FINHESTNKS71012.ZP42","2760193415.55"
"B","2025-Q3","TP.FINHESTNKS71012.ZP43","95383811.5471"
"B","2025-Q3","TP.FINHESTNKS71012.ZP44","2608117020.2215"
"B","2025-Q3","TP.FINHESTNKS71012.ZP45","52601311600.8982"
"B","2025-Q4","TP.FINHESTNKS71012.ZP1","-2088191471.0666"
"B","2025-Q4","TP.FINHESTNKS71012.ZP2","5323781826"
"B","2025-Q4","TP.FINHESTNKS71012.ZP3","4998859501"
"B","2025-Q4","TP.FINHESTNKS71012.ZP4","324922325"
"B","2025-Q4","TP.FINHESTNKS71012.ZP5","5482291322.3797"
"B","2025-Q4","TP.FINHESTNKS71012.ZP6","313208556.1515"
"B","2025-Q4","TP.FINHESTNKS71012.ZP7","2809644895.3367"
"B","2025-Q4","TP.FINHESTNKS71012.ZP8","2359437870.8916"
"B","2025-Q4","TP.FINHESTNKS71012.ZP9","12861321338.2264"
"B","2025-Q4","TP.FINHESTNKS71012.ZP10","1456203245.7769"
"B","2025-Q4","TP.FINHESTNKS71012.ZP11","11405118092.4495"
"B","2025-Q4","TP.FINHESTNKS71012.ZP12","24844152271.1893"
"B","2025-Q4","TP.FINHESTNKS71012.ZP13","16179927051.8587"
"B","2025-Q4","TP.FINHESTNKS71012.ZP14","8664225219.3306"
"B","2025-Q4","TP.FINHESTNKS71012.ZP15","3532772293.4385"
"B","2025-Q4","TP.FINHESTNKS71012.ZP16","2200587306.2796"
"B","2025-Q4","TP.FINHESTNKS71012.ZP17","1332184987.1589"
"B","2025-Q4","TP.FINHESTNKS71012.ZP18","23911182.7155"
"B","2025-Q4","TP.FINHESTNKS71012.ZP19","1308273804.4435"
"B","2025-Q4","TP.FINHESTNKS71012.ZP20","0"
"B","2025-Q4","TP.FINHESTNKS71012.ZP21","279688117.9487"
"B","2025-Q4","TP.FINHESTNKS71012.ZP22","2306946291.6335"
"B","2025-Q4","TP.FINHESTNKS71012.ZP23","54630953460.8162"
"B","2025-Q4","TP.FINHESTNKS71012.ZP24","324922325"
"B","2025-Q4","TP.FINHESTNKS71012.ZP26","324922325"
"B","2025-Q4","TP.FINHESTNKS71012.ZP27","29367651550.3379"
"B","2025-Q4","TP.FINHESTNKS71012.ZP28","795779951.8628"
"B","2025-Q4","TP.FINHESTNKS71012.ZP29","11570162135.4971"
"B","2025-Q4","TP.FINHESTNKS71012.ZP30","17001709462.9781"
"B","2025-Q4","TP.FINHESTNKS71012.ZP31","2876312813.2291"
"B","2025-Q4","TP.FINHESTNKS71012.ZP32","197458563.7874"
"B","2025-Q4","TP.FINHESTNKS71012.ZP33","2678854249.4417"
"B","2025-Q4","TP.FINHESTNKS71012.ZP34","5690355900.0509"
"B","2025-Q4","TP.FINHESTNKS71012.ZP35","2149094582.1122"
"B","2025-Q4","TP.FINHESTNKS71012.ZP36","3541261317.9387"
"B","2025-Q4","TP.FINHESTNKS71012.ZP37","12373578432.5082"
"B","2025-Q4","TP.FINHESTNKS71012.ZP38","4093050933.641"
"B","2025-Q4","TP.FINHESTNKS71012.ZP39","8280527498.8673"
"B","2025-Q4","TP.FINHESTNKS71012.ZP40","1564752990.3445"
"B","2025-Q4","TP.FINHESTNKS71012.ZP41","6715774508.5228"
"B","2025-Q4","TP.FINHESTNKS71012.ZP42","3194417656.4105"
"B","2025-Q4","TP.FINHESTNKS71012.ZP43","107760756.4887"
"B","2025-Q4","TP.FINHESTNKS71012.ZP44","2784145497.8575"
"B","2025-Q4","TP.FINHESTNKS71012.ZP45","56719144931.8827"
"B","2026-Q1","TP.FINHESTNKS71012.ZP1","-1963618422.212"
"B","2026-Q1","TP.FINHESTNKS71012.ZP2","4840688615"
"B","2026-Q1","TP.FINHESTNKS71012.ZP3","4506629588"
"B","2026-Q1","TP.FINHESTNKS71012.ZP4","334059027"
"B","2026-Q1","TP.FINHESTNKS71012.ZP5","5913495937.9229"
"B","2026-Q1","TP.FINHESTNKS71012.ZP6","315454506.7764"
"B","2026-Q1","TP.FINHESTNKS71012.ZP7","3060627759.9982"
"B","2026-Q1","TP.FINHESTNKS71012.ZP8","2537413671.1482"
"B","2026-Q1","TP.FINHESTNKS71012.ZP9","12282088794.2685"
"B","2026-Q1","TP.FINHESTNKS71012.ZP10","1492404501.197"
"B","2026-Q1","TP.FINHESTNKS71012.ZP11","10789684293.0715"
"B","2026-Q1","TP.FINHESTNKS71012.ZP12","27319085183.8924"
"B","2026-Q1","TP.FINHESTNKS71012.ZP13","16790951027.4802"
"B","2026-Q1","TP.FINHESTNKS71012.ZP14","10528134156.4122"
"B","2026-Q1","TP.FINHESTNKS71012.ZP15","3824817345.8275"
"B","2026-Q1","TP.FINHESTNKS71012.ZP16","2448331162.1085"
"B","2026-Q1","TP.FINHESTNKS71012.ZP17","1376486183.719"
"B","2026-Q1","TP.FINHESTNKS71012.ZP18","18569227.6732"
"B","2026-Q1","TP.FINHESTNKS71012.ZP19","1357916956.0458"
"B","2026-Q1","TP.FINHESTNKS71012.ZP20","0"
"B","2026-Q1","TP.FINHESTNKS71012.ZP21","276640461.9693"
"B","2026-Q1","TP.FINHESTNKS71012.ZP22","2646160750.3413"
"B","2026-Q1","TP.FINHESTNKS71012.ZP23","57102977089.2219"
"B","2026-Q1","TP.FINHESTNKS71012.ZP24","334059027"
"B","2026-Q1","TP.FINHESTNKS71012.ZP26","334059027"
"B","2026-Q1","TP.FINHESTNKS71012.ZP27","30178573537.321"
"B","2026-Q1","TP.FINHESTNKS71012.ZP28","826741446.5713"
"B","2026-Q1","TP.FINHESTNKS71012.ZP29","12171980444.2992"
"B","2026-Q1","TP.FINHESTNKS71012.ZP30","17179851646.4505"
"B","2026-Q1","TP.FINHESTNKS71012.ZP31","3124410881.3202"
"B","2026-Q1","TP.FINHESTNKS71012.ZP32","321787737.6705"
"B","2026-Q1","TP.FINHESTNKS71012.ZP33","2802623143.6496"
"B","2026-Q1","TP.FINHESTNKS71012.ZP34","6240008744.3413"
"B","2026-Q1","TP.FINHESTNKS71012.ZP35","1728105558.7773"
"B","2026-Q1","TP.FINHESTNKS71012.ZP36","4511903185.564"
"B","2026-Q1","TP.FINHESTNKS71012.ZP37","12401485441.7884"
"B","2026-Q1","TP.FINHESTNKS71012.ZP38","3860711829.3799"
"B","2026-Q1","TP.FINHESTNKS71012.ZP39","8540773612.4084"
"B","2026-Q1","TP.FINHESTNKS71012.ZP40","1423624334.0213"
"B","2026-Q1","TP.FINHESTNKS71012.ZP41","7117149278.3872"
"B","2026-Q1","TP.FINHESTNKS71012.ZP42","3468604103.4876"
"B","2026-Q1","TP.FINHESTNKS71012.ZP43","265064155.6785"
"B","2026-Q1","TP.FINHESTNKS71012.ZP44","3054389620.497"
"B","2026-Q1","TP.FINHESTNKS71012.ZP45","59066595511.4339"
"K","2010-Q4","TP.FINHESTNKS71013.ZP1","-218004518.4362"
"K","2010-Q4","TP.FINHESTNKS71013.ZP2","0"
"K","2010-Q4","TP.FINHESTNKS71013.ZP3","0"
"K","2010-Q4","TP.FINHESTNKS71013.ZP4","0"
"K","2010-Q4","TP.FINHESTNKS71013.ZP5","46479109.738"
"K","2010-Q4","TP.FINHESTNKS71013.ZP6","5998277.7153"
"K","2010-Q4","TP.FINHESTNKS71013.ZP7","40480832.0228"
"K","2010-Q4","TP.FINHESTNKS71013.ZP8","0"
"K","2010-Q4","TP.FINHESTNKS71013.ZP9","1797273.3889"
"K","2010-Q4","TP.FINHESTNKS71013.ZP10","1797273.3889"
"K","2010-Q4","TP.FINHESTNKS71013.ZP11","0"
"K","2010-Q4","TP.FINHESTNKS71013.ZP12","27536688.0738"
"K","2010-Q4","TP.FINHESTNKS71013.ZP13","10179156.3023"
"K","2010-Q4","TP.FINHESTNKS71013.ZP14","17357531.7715"
"K","2010-Q4","TP.FINHESTNKS71013.ZP15","76313965.6414"
"K","2010-Q4","TP.FINHESTNKS71013.ZP16","76313965.6414"
"K","2010-Q4","TP.FINHESTNKS71013.ZP17","0"
"K","2010-Q4","TP.FINHESTNKS71013.ZP18","0"
"K","2010-Q4","TP.FINHESTNKS71013.ZP19","0"
"K","2010-Q4","TP.FINHESTNKS71013.ZP20","0"
"K","2010-Q4","TP.FINHESTNKS71013.ZP21","0"
"K","2010-Q4","TP.FINHESTNKS71013.ZP22","200870730.8031"
"K","2010-Q4","TP.FINHESTNKS71013.ZP23","352997767.6452"
"K","2010-Q4","TP.FINHESTNKS71013.ZP24","0"
"K","2010-Q4","TP.FINHESTNKS71013.ZP26","0"
"K","2010-Q4","TP.FINHESTNKS71013.ZP27","1646304.358"
"K","2010-Q4","TP.FINHESTNKS71013.ZP28","1646304.358"
"K","2010-Q4","TP.FINHESTNKS71013.ZP29","0"
"K","2010-Q4","TP.FINHESTNKS71013.ZP30","0"
"K","2010-Q4","TP.FINHESTNKS71013.ZP31","428499839.4086"
"K","2010-Q4","TP.FINHESTNKS71013.ZP32","0"
"K","2010-Q4","TP.FINHESTNKS71013.ZP33","428499839.4086"
"K","2010-Q4","TP.FINHESTNKS71013.ZP34","66966385.326"
"K","2010-Q4","TP.FINHESTNKS71013.ZP35","10337795.1533"
"K","2010-Q4","TP.FINHESTNKS71013.ZP36","56628590.1727"
"K","2010-Q4","TP.FINHESTNKS71013.ZP37","0"
"K","2010-Q4","TP.FINHESTNKS71013.ZP38","0"
"K","2010-Q4","TP.FINHESTNKS71013.ZP39","0"
"K","2010-Q4","TP.FINHESTNKS71013.ZP40","0"
"K","2010-Q4","TP.FINHESTNKS71013.ZP41","0"
"K","2010-Q4","TP.FINHESTNKS71013.ZP42","0"
"K","2010-Q4","TP.FINHESTNKS71013.ZP43","0"
"K","2010-Q4","TP.FINHESTNKS71013.ZP44","73889756.9888"
"K","2010-Q4","TP.FINHESTNKS71013.ZP45","571002286.0814"
"K","2011-Q4","TP.FINHESTNKS71013.ZP1","-241132411.482"
"K","2011-Q4","TP.FINHESTNKS71013.ZP2","0"
"K","2011-Q4","TP.FINHESTNKS71013.ZP3","0"
"K","2011-Q4","TP.FINHESTNKS71013.ZP4","0"
"K","2011-Q4","TP.FINHESTNKS71013.ZP5","57387803.5563"
"K","2011-Q4","TP.FINHESTNKS71013.ZP6","3152984.517"
"K","2011-Q4","TP.FINHESTNKS71013.ZP7","54234819.0393"
"K","2011-Q4","TP.FINHESTNKS71013.ZP8","0"
"K","2011-Q4","TP.FINHESTNKS71013.ZP9","2232202.8535"
"K","2011-Q4","TP.FINHESTNKS71013.ZP10","2232202.8535"
"K","2011-Q4","TP.FINHESTNKS71013.ZP11","0"
"K","2011-Q4","TP.FINHESTNKS71013.ZP12","26799965.3115"
"K","2011-Q4","TP.FINHESTNKS71013.ZP13","12083570.0756"
"K","2011-Q4","TP.FINHESTNKS71013.ZP14","14716395.236"
"K","2011-Q4","TP.FINHESTNKS71013.ZP15","83761870.8089"
"K","2011-Q4","TP.FINHESTNKS71013.ZP16","83761870.8089"
"K","2011-Q4","TP.FINHESTNKS71013.ZP17","0"
"K","2011-Q4","TP.FINHESTNKS71013.ZP18","0"
"K","2011-Q4","TP.FINHESTNKS71013.ZP19","0"
"K","2011-Q4","TP.FINHESTNKS71013.ZP20","0"
"K","2011-Q4","TP.FINHESTNKS71013.ZP21","0"
"K","2011-Q4","TP.FINHESTNKS71013.ZP22","201273314.2984"
"K","2011-Q4","TP.FINHESTNKS71013.ZP23","371455156.8286"
"K","2011-Q4","TP.FINHESTNKS71013.ZP24","0"
"K","2011-Q4","TP.FINHESTNKS71013.ZP26","0"
"K","2011-Q4","TP.FINHESTNKS71013.ZP27","1793357.8417"
"K","2011-Q4","TP.FINHESTNKS71013.ZP28","1793357.8417"
"K","2011-Q4","TP.FINHESTNKS71013.ZP29","0"
"K","2011-Q4","TP.FINHESTNKS71013.ZP30","0"
"K","2011-Q4","TP.FINHESTNKS71013.ZP31","442199855.9877"
"K","2011-Q4","TP.FINHESTNKS71013.ZP32","0"
"K","2011-Q4","TP.FINHESTNKS71013.ZP33","442199855.9877"
"K","2011-Q4","TP.FINHESTNKS71013.ZP34","69294139.803"
"K","2011-Q4","TP.FINHESTNKS71013.ZP35","8183877.6083"
"K","2011-Q4","TP.FINHESTNKS71013.ZP36","61110262.1947"
"K","2011-Q4","TP.FINHESTNKS71013.ZP37","0"
"K","2011-Q4","TP.FINHESTNKS71013.ZP38","0"
"K","2011-Q4","TP.FINHESTNKS71013.ZP39","0"
"K","2011-Q4","TP.FINHESTNKS71013.ZP40","0"
"K","2011-Q4","TP.FINHESTNKS71013.ZP41","0"
"K","2011-Q4","TP.FINHESTNKS71013.ZP42","0"
"K","2011-Q4","TP.FINHESTNKS71013.ZP43","0"
"K","2011-Q4","TP.FINHESTNKS71013.ZP44","99300214.6782"
"K","2011-Q4","TP.FINHESTNKS71013.ZP45","612587568.3106"
"K","2012-Q4","TP.FINHESTNKS71013.ZP1","-264405142.3005"
"K","2012-Q4","TP.FINHESTNKS71013.ZP2","0"
"K","2012-Q4","TP.FINHESTNKS71013.ZP3","0"
"K","2012-Q4","TP.FINHESTNKS71013.ZP4","0"
"K","2012-Q4","TP.FINHESTNKS71013.ZP5","56601408.8886"
"K","2012-Q4","TP.FINHESTNKS71013.ZP6","1922590.3983"
"K","2012-Q4","TP.FINHESTNKS71013.ZP7","54678818.4902"
"K","2012-Q4","TP.FINHESTNKS71013.ZP8","0"
"K","2012-Q4","TP.FINHESTNKS71013.ZP9","1922238.7705"
"K","2012-Q4","TP.FINHESTNKS71013.ZP10","1922238.7705"
"K","2012-Q4","TP.FINHESTNKS71013.ZP11","0"
"K","2012-Q4","TP.FINHESTNKS71013.ZP12","30623374.8126"
"K","2012-Q4","TP.FINHESTNKS71013.ZP13","12452752.6194"
"K","2012-Q4","TP.FINHESTNKS71013.ZP14","18170622.1932"
"K","2012-Q4","TP.FINHESTNKS71013.ZP15","91491022.3563"
"K","2012-Q4","TP.FINHESTNKS71013.ZP16","91491022.3563"
"K","2012-Q4","TP.FINHESTNKS71013.ZP17","0"
"K","2012-Q4","TP.FINHESTNKS71013.ZP18","0"
"K","2012-Q4","TP.FINHESTNKS71013.ZP19","0"
"K","2012-Q4","TP.FINHESTNKS71013.ZP20","0"
"K","2012-Q4","TP.FINHESTNKS71013.ZP21","0"
"K","2012-Q4","TP.FINHESTNKS71013.ZP22","202428792.2359"
"K","2012-Q4","TP.FINHESTNKS71013.ZP23","383066837.0639"
"K","2012-Q4","TP.FINHESTNKS71013.ZP24","0"
"K","2012-Q4","TP.FINHESTNKS71013.ZP26","0"
"K","2012-Q4","TP.FINHESTNKS71013.ZP27","2012528.2805"
"K","2012-Q4","TP.FINHESTNKS71013.ZP28","2012528.2805"
"K","2012-Q4","TP.FINHESTNKS71013.ZP29","0"
"K","2012-Q4","TP.FINHESTNKS71013.ZP30","0"
"K","2012-Q4","TP.FINHESTNKS71013.ZP31","488738323.0771"
"K","2012-Q4","TP.FINHESTNKS71013.ZP32","0"
"K","2012-Q4","TP.FINHESTNKS71013.ZP33","0"
"K","2012-Q4","TP.FINHESTNKS71013.ZP34","70773347.4374"
"K","2012-Q4","TP.FINHESTNKS71013.ZP35","12296079.3636"
"K","2012-Q4","TP.FINHESTNKS71013.ZP36","58477268.0737"
"K","2012-Q4","TP.FINHESTNKS71013.ZP37","0"
"K","2012-Q4","TP.FINHESTNKS71013.ZP38","0"
"K","2012-Q4","TP.FINHESTNKS71013.ZP39","0"
"K","2012-Q4","TP.FINHESTNKS71013.ZP40","0"
"K","2012-Q4","TP.FINHESTNKS71013.ZP41","0"
"K","2012-Q4","TP.FINHESTNKS71013.ZP42","0"
"K","2012-Q4","TP.FINHESTNKS71013.ZP43","0"
"K","2012-Q4","TP.FINHESTNKS71013.ZP44","85947780.5694"
"K","2012-Q4","TP.FINHESTNKS71013.ZP45","647471979.3644"
"K","2013-Q4","TP.FINHESTNKS71013.ZP1","-244788252.0653"
"K","2013-Q4","TP.FINHESTNKS71013.ZP2","0"
"K","2013-Q4","TP.FINHESTNKS71013.ZP3","0"
"K","2013-Q4","TP.FINHESTNKS71013.ZP4","0"
"K","2013-Q4","TP.FINHESTNKS71013.ZP5","70964074.4842"
"K","2013-Q4","TP.FINHESTNKS71013.ZP6","1181324.883"
"K","2013-Q4","TP.FINHESTNKS71013.ZP7","69782749.6012"
"K","2013-Q4","TP.FINHESTNKS71013.ZP8","0"
"K","2013-Q4","TP.FINHESTNKS71013.ZP9","89131.5823"
"K","2013-Q4","TP.FINHESTNKS71013.ZP10","89131.5823"
"K","2013-Q4","TP.FINHESTNKS71013.ZP11","0"
"K","2013-Q4","TP.FINHESTNKS71013.ZP12","32559822.8203"
"K","2013-Q4","TP.FINHESTNKS71013.ZP13","11862372.7022"
"K","2013-Q4","TP.FINHESTNKS71013.ZP14","20697450.1182"
"K","2013-Q4","TP.FINHESTNKS71013.ZP15","97858034.3048"
"K","2013-Q4","TP.FINHESTNKS71013.ZP16","97858034.3048"
"K","2013-Q4","TP.FINHESTNKS71013.ZP17","0"
"K","2013-Q4","TP.FINHESTNKS71013.ZP18","0"
"K","2013-Q4","TP.FINHESTNKS71013.ZP19","0"
"K","2013-Q4","TP.FINHESTNKS71013.ZP20","0"
"K","2013-Q4","TP.FINHESTNKS71013.ZP21","0"
"K","2013-Q4","TP.FINHESTNKS71013.ZP22","178879764.9613"
"K","2013-Q4","TP.FINHESTNKS71013.ZP23","380350828.1529"
"K","2013-Q4","TP.FINHESTNKS71013.ZP24","0"
"K","2013-Q4","TP.FINHESTNKS71013.ZP26","0"
"K","2013-Q4","TP.FINHESTNKS71013.ZP27","2834380.6635"
"K","2013-Q4","TP.FINHESTNKS71013.ZP28","2834380.6635"
"K","2013-Q4","TP.FINHESTNKS71013.ZP29","0"
"K","2013-Q4","TP.FINHESTNKS71013.ZP30","0"
"K","2013-Q4","TP.FINHESTNKS71013.ZP31","485451881.3358"
"K","2013-Q4","TP.FINHESTNKS71013.ZP32","0"
"K","2013-Q4","TP.FINHESTNKS71013.ZP33","485451881.3358"
"K","2013-Q4","TP.FINHESTNKS71013.ZP34","82107771.2235"
"K","2013-Q4","TP.FINHESTNKS71013.ZP35","12129738.5664"
"K","2013-Q4","TP.FINHESTNKS71013.ZP36","69978032.6571"
"K","2013-Q4","TP.FINHESTNKS71013.ZP37","0"
"K","2013-Q4","TP.FINHESTNKS71013.ZP38","0"
"K","2013-Q4","TP.FINHESTNKS71013.ZP39","0"
"K","2013-Q4","TP.FINHESTNKS71013.ZP40","0"
"K","2013-Q4","TP.FINHESTNKS71013.ZP41","0"
"K","2013-Q4","TP.FINHESTNKS71013.ZP42","0"
"K","2013-Q4","TP.FINHESTNKS71013.ZP43","0"
"K","2013-Q4","TP.FINHESTNKS71013.ZP44","54745046.9953"
"K","2013-Q4","TP.FINHESTNKS71013.ZP45","625139080.2182"
"K","2014-Q4","TP.FINHESTNKS71013.ZP1","-292261125.752"
"K","2014-Q4","TP.FINHESTNKS71013.ZP2","0"
"K","2014-Q4","TP.FINHESTNKS71013.ZP3","0"
"K","2014-Q4","TP.FINHESTNKS71013.ZP4","0"
"K","2014-Q4","TP.FINHESTNKS71013.ZP5","67675562.2614"
"K","2014-Q4","TP.FINHESTNKS71013.ZP6","2512346.3692"
"K","2014-Q4","TP.FINHESTNKS71013.ZP7","65163215.8922"
"K","2014-Q4","TP.FINHESTNKS71013.ZP8","0"
"K","2014-Q4","TP.FINHESTNKS71013.ZP9","210036.0378"
"K","2014-Q4","TP.FINHESTNKS71013.ZP10","210036.4111"
"K","2014-Q4","TP.FINHESTNKS71013.ZP11","-0.3733"
"K","2014-Q4","TP.FINHESTNKS71013.ZP12","44976867.6463"
"K","2014-Q4","TP.FINHESTNKS71013.ZP13","13354363.15"
"K","2014-Q4","TP.FINHESTNKS71013.ZP14","31622504.4963"
"K","2014-Q4","TP.FINHESTNKS71013.ZP15","117960798.8842"
"K","2014-Q4","TP.FINHESTNKS71013.ZP16","117960798.8842"
"K","2014-Q4","TP.FINHESTNKS71013.ZP17","0"
"K","2014-Q4","TP.FINHESTNKS71013.ZP18","0"
"K","2014-Q4","TP.FINHESTNKS71013.ZP19","0"
"K","2014-Q4","TP.FINHESTNKS71013.ZP20","0"
"K","2014-Q4","TP.FINHESTNKS71013.ZP21","0"
"K","2014-Q4","TP.FINHESTNKS71013.ZP22","159845214.7266"
"K","2014-Q4","TP.FINHESTNKS71013.ZP23","390668479.5564"
"K","2014-Q4","TP.FINHESTNKS71013.ZP24","0"
"K","2014-Q4","TP.FINHESTNKS71013.ZP26","0"
"K","2014-Q4","TP.FINHESTNKS71013.ZP27","62669.5032"
"K","2014-Q4","TP.FINHESTNKS71013.ZP28","62669.5032"
"K","2014-Q4","TP.FINHESTNKS71013.ZP29","0"
"K","2014-Q4","TP.FINHESTNKS71013.ZP30","0"
"K","2014-Q4","TP.FINHESTNKS71013.ZP31","542558701.4186"
"K","2014-Q4","TP.FINHESTNKS71013.ZP32","0"
"K","2014-Q4","TP.FINHESTNKS71013.ZP33","542558701.4186"
"K","2014-Q4","TP.FINHESTNKS71013.ZP34","82600205.7807"
"K","2014-Q4","TP.FINHESTNKS71013.ZP35","12236890.0172"
"K","2014-Q4","TP.FINHESTNKS71013.ZP36","70363315.7636"
"K","2014-Q4","TP.FINHESTNKS71013.ZP37","0"
"K","2014-Q4","TP.FINHESTNKS71013.ZP38","0"
"K","2014-Q4","TP.FINHESTNKS71013.ZP39","0"
"K","2014-Q4","TP.FINHESTNKS71013.ZP40","0"
"K","2014-Q4","TP.FINHESTNKS71013.ZP41","0"
"K","2014-Q4","TP.FINHESTNKS71013.ZP42","1328510.6417"
"K","2014-Q4","TP.FINHESTNKS71013.ZP43","0"
"K","2014-Q4","TP.FINHESTNKS71013.ZP44","56379517.9641"
"K","2014-Q4","TP.FINHESTNKS71013.ZP45","682929605.3084"
"K","2015-Q1","TP.FINHESTNKS71013.ZP1","-328276332.1182"
"K","2015-Q1","TP.FINHESTNKS71013.ZP2","0"
"K","2015-Q1","TP.FINHESTNKS71013.ZP3","0"
"K","2015-Q1","TP.FINHESTNKS71013.ZP4","0"
"K","2015-Q1","TP.FINHESTNKS71013.ZP5","59570840.1584"
"K","2015-Q1","TP.FINHESTNKS71013.ZP6","2961313.3099"
"K","2015-Q1","TP.FINHESTNKS71013.ZP7","56609526.8495"
"K","2015-Q1","TP.FINHESTNKS71013.ZP8","0"
"K","2015-Q1","TP.FINHESTNKS71013.ZP9","272576.3331"
"K","2015-Q1","TP.FINHESTNKS71013.ZP10","0"
"K","2015-Q1","TP.FINHESTNKS71013.ZP11","272576.3331"
"K","2015-Q1","TP.FINHESTNKS71013.ZP12","49092730.9538"
"K","2015-Q1","TP.FINHESTNKS71013.ZP13","12873258.584"
"K","2015-Q1","TP.FINHESTNKS71013.ZP14","36219472.3698"
"K","2015-Q1","TP.FINHESTNKS71013.ZP15","129350776.9197"
"K","2015-Q1","TP.FINHESTNKS71013.ZP16","129350776.9197"
"K","2015-Q1","TP.FINHESTNKS71013.ZP17","0"
"K","2015-Q1","TP.FINHESTNKS71013.ZP18","0"
"K","2015-Q1","TP.FINHESTNKS71013.ZP19","0"
"K","2015-Q1","TP.FINHESTNKS71013.ZP20","0"
"K","2015-Q1","TP.FINHESTNKS71013.ZP21","0"
"K","2015-Q1","TP.FINHESTNKS71013.ZP22","128977085.8514"
"K","2015-Q1","TP.FINHESTNKS71013.ZP23","367264010.2164"
"K","2015-Q1","TP.FINHESTNKS71013.ZP24","0"
"K","2015-Q1","TP.FINHESTNKS71013.ZP26","0"
"K","2015-Q1","TP.FINHESTNKS71013.ZP27","1849942.6544"
"K","2015-Q1","TP.FINHESTNKS71013.ZP28","1849942.6544"
"K","2015-Q1","TP.FINHESTNKS71013.ZP29","0"
"K","2015-Q1","TP.FINHESTNKS71013.ZP30","0"
"K","2015-Q1","TP.FINHESTNKS71013.ZP31","559286103.8576"
"K","2015-Q1","TP.FINHESTNKS71013.ZP32","64704838.9301"
"K","2015-Q1","TP.FINHESTNKS71013.ZP33","494581264.9276"
"K","2015-Q1","TP.FINHESTNKS71013.ZP34","85127204.1639"
"K","2015-Q1","TP.FINHESTNKS71013.ZP35","8261754.9542"
"K","2015-Q1","TP.FINHESTNKS71013.ZP36","76865449.2097"
"K","2015-Q1","TP.FINHESTNKS71013.ZP37","0"
"K","2015-Q1","TP.FINHESTNKS71013.ZP38","0"
"K","2015-Q1","TP.FINHESTNKS71013.ZP39","0"
"K","2015-Q1","TP.FINHESTNKS71013.ZP40","0"
"K","2015-Q1","TP.FINHESTNKS71013.ZP41","0"
"K","2015-Q1","TP.FINHESTNKS71013.ZP42","1448569.3562"
"K","2015-Q1","TP.FINHESTNKS71013.ZP43","0"
"K","2015-Q1","TP.FINHESTNKS71013.ZP44","47828522.3026"
"K","2015-Q1","TP.FINHESTNKS71013.ZP45","695540342.3347"
"K","2015-Q2","TP.FINHESTNKS71013.ZP1","-325681996.3018"
"K","2015-Q2","TP.FINHESTNKS71013.ZP2","0"
"K","2015-Q2","TP.FINHESTNKS71013.ZP3","0"
"K","2015-Q2","TP.FINHESTNKS71013.ZP4","0"
"K","2015-Q2","TP.FINHESTNKS71013.ZP5","74269895.7245"
"K","2015-Q2","TP.FINHESTNKS71013.ZP6","3539773.9328"
"K","2015-Q2","TP.FINHESTNKS71013.ZP7","70730121.7927"
"K","2015-Q2","TP.FINHESTNKS71013.ZP8","0"
"K","2015-Q2","TP.FINHESTNKS71013.ZP9","310025.5786"
"K","2015-Q2","TP.FINHESTNKS71013.ZP10","0"
"K","2015-Q2","TP.FINHESTNKS71013.ZP11","310025.5786"
"K","2015-Q2","TP.FINHESTNKS71013.ZP12","49534311.9329"
"K","2015-Q2","TP.FINHESTNKS71013.ZP13","12965673.5489"
"K","2015-Q2","TP.FINHESTNKS71013.ZP14","36568638.384"
"K","2015-Q2","TP.FINHESTNKS71013.ZP15","133686998.352"
"K","2015-Q2","TP.FINHESTNKS71013.ZP16","133686998.352"
"K","2015-Q2","TP.FINHESTNKS71013.ZP17","0"
"K","2015-Q2","TP.FINHESTNKS71013.ZP18","0"
"K","2015-Q2","TP.FINHESTNKS71013.ZP19","0"
"K","2015-Q2","TP.FINHESTNKS71013.ZP20","0"
"K","2015-Q2","TP.FINHESTNKS71013.ZP21","0"
"K","2015-Q2","TP.FINHESTNKS71013.ZP22","133396991.3991"
"K","2015-Q2","TP.FINHESTNKS71013.ZP23","391198222.9872"
"K","2015-Q2","TP.FINHESTNKS71013.ZP24","0"
"K","2015-Q2","TP.FINHESTNKS71013.ZP26","0"
"K","2015-Q2","TP.FINHESTNKS71013.ZP27","1924919.5544"
"K","2015-Q2","TP.FINHESTNKS71013.ZP28","1924919.5544"
"K","2015-Q2","TP.FINHESTNKS71013.ZP29","0"
"K","2015-Q2","TP.FINHESTNKS71013.ZP30","0"
"K","2015-Q2","TP.FINHESTNKS71013.ZP31","572315819.8879"
"K","2015-Q2","TP.FINHESTNKS71013.ZP32","66212270.7637"
"K","2015-Q2","TP.FINHESTNKS71013.ZP33","506103549.1243"
"K","2015-Q2","TP.FINHESTNKS71013.ZP34","87672252.2925"
"K","2015-Q2","TP.FINHESTNKS71013.ZP35","8465273.9011"
"K","2015-Q2","TP.FINHESTNKS71013.ZP36","79206978.3914"
"K","2015-Q2","TP.FINHESTNKS71013.ZP37","0"
"K","2015-Q2","TP.FINHESTNKS71013.ZP38","0"
"K","2015-Q2","TP.FINHESTNKS71013.ZP39","0"
"K","2015-Q2","TP.FINHESTNKS71013.ZP40","0"
"K","2015-Q2","TP.FINHESTNKS71013.ZP41","0"
"K","2015-Q2","TP.FINHESTNKS71013.ZP42","1612328.8205"
"K","2015-Q2","TP.FINHESTNKS71013.ZP43","0"
"K","2015-Q2","TP.FINHESTNKS71013.ZP44","53354898.7336"
"K","2015-Q2","TP.FINHESTNKS71013.ZP45","716880219.289"
"K","2015-Q3","TP.FINHESTNKS71013.ZP1","-355433276.7563"
"K","2015-Q3","TP.FINHESTNKS71013.ZP2","0"
"K","2015-Q3","TP.FINHESTNKS71013.ZP3","0"
"K","2015-Q3","TP.FINHESTNKS71013.ZP4","0"
"K","2015-Q3","TP.FINHESTNKS71013.ZP5","74152388.0736"
"K","2015-Q3","TP.FINHESTNKS71013.ZP6","3509937.1498"
"K","2015-Q3","TP.FINHESTNKS71013.ZP7","70642450.9248"
"K","2015-Q3","TP.FINHESTNKS71013.ZP8","0"
"K","2015-Q3","TP.FINHESTNKS71013.ZP9","308811.7976"
"K","2015-Q3","TP.FINHESTNKS71013.ZP10","0"
"K","2015-Q3","TP.FINHESTNKS71013.ZP11","308811.7976"
"K","2015-Q3","TP.FINHESTNKS71013.ZP12","52400559.8709"
"K","2015-Q3","TP.FINHESTNKS71013.ZP13","13739259.1017"
"K","2015-Q3","TP.FINHESTNKS71013.ZP14","38661300.7692"
"K","2015-Q3","TP.FINHESTNKS71013.ZP15","137044374.3428"
"K","2015-Q3","TP.FINHESTNKS71013.ZP16","137044374.3428"
"K","2015-Q3","TP.FINHESTNKS71013.ZP17","0"
"K","2015-Q3","TP.FINHESTNKS71013.ZP18","0"
"K","2015-Q3","TP.FINHESTNKS71013.ZP19","0"
"K","2015-Q3","TP.FINHESTNKS71013.ZP20","0"
"K","2015-Q3","TP.FINHESTNKS71013.ZP21","0"
"K","2015-Q3","TP.FINHESTNKS71013.ZP22","136681585.4452"
"K","2015-Q3","TP.FINHESTNKS71013.ZP23","400587719.5301"
"K","2015-Q3","TP.FINHESTNKS71013.ZP24","0"
"K","2015-Q3","TP.FINHESTNKS71013.ZP26","0"
"K","2015-Q3","TP.FINHESTNKS71013.ZP27","2007516.0744"
"K","2015-Q3","TP.FINHESTNKS71013.ZP28","2007516.0744"
"K","2015-Q3","TP.FINHESTNKS71013.ZP29","0"
"K","2015-Q3","TP.FINHESTNKS71013.ZP30","0"
"K","2015-Q3","TP.FINHESTNKS71013.ZP31","598449013.7947"
"K","2015-Q3","TP.FINHESTNKS71013.ZP32","69235668.0747"
"K","2015-Q3","TP.FINHESTNKS71013.ZP33","529213345.72"
"K","2015-Q3","TP.FINHESTNKS71013.ZP34","98030444.2765"
"K","2015-Q3","TP.FINHESTNKS71013.ZP35","8966702.5098"
"K","2015-Q3","TP.FINHESTNKS71013.ZP36","89063741.7668"
"K","2015-Q3","TP.FINHESTNKS71013.ZP37","0"
"K","2015-Q3","TP.FINHESTNKS71013.ZP38","0"
"K","2015-Q3","TP.FINHESTNKS71013.ZP39","0"
"K","2015-Q3","TP.FINHESTNKS71013.ZP40","0"
"K","2015-Q3","TP.FINHESTNKS71013.ZP41","0"
"K","2015-Q3","TP.FINHESTNKS71013.ZP42","1605693.6244"
"K","2015-Q3","TP.FINHESTNKS71013.ZP43","0"
"K","2015-Q3","TP.FINHESTNKS71013.ZP44","55928328.5164"
"K","2015-Q3","TP.FINHESTNKS71013.ZP45","756020996.2864"
"K","2015-Q4","TP.FINHESTNKS71013.ZP1","-301864960.3366"
"K","2015-Q4","TP.FINHESTNKS71013.ZP2","0"
"K","2015-Q4","TP.FINHESTNKS71013.ZP3","0"
"K","2015-Q4","TP.FINHESTNKS71013.ZP4","0"
"K","2015-Q4","TP.FINHESTNKS71013.ZP5","79941690.3018"
"K","2015-Q4","TP.FINHESTNKS71013.ZP6","3825822.7745"
"K","2015-Q4","TP.FINHESTNKS71013.ZP7","76115867.5484"
"K","2015-Q4","TP.FINHESTNKS71013.ZP8","0"
"K","2015-Q4","TP.FINHESTNKS71013.ZP9","237013.5092"
"K","2015-Q4","TP.FINHESTNKS71013.ZP10","0"
"K","2015-Q4","TP.FINHESTNKS71013.ZP11","237013.5092"
"K","2015-Q4","TP.FINHESTNKS71013.ZP12","51739544.5552"
"K","2015-Q4","TP.FINHESTNKS71013.ZP13","13670269.1272"
"K","2015-Q4","TP.FINHESTNKS71013.ZP14","38069275.428"
"K","2015-Q4","TP.FINHESTNKS71013.ZP15","148749345.3733"
"K","2015-Q4","TP.FINHESTNKS71013.ZP16","148749345.3733"
"K","2015-Q4","TP.FINHESTNKS71013.ZP17","0"
"K","2015-Q4","TP.FINHESTNKS71013.ZP18","0"
"K","2015-Q4","TP.FINHESTNKS71013.ZP19","0"
"K","2015-Q4","TP.FINHESTNKS71013.ZP20","0"
"K","2015-Q4","TP.FINHESTNKS71013.ZP21","0"
"K","2015-Q4","TP.FINHESTNKS71013.ZP22","147341280.9854"
"K","2015-Q4","TP.FINHESTNKS71013.ZP23","428008874.725"
"K","2015-Q4","TP.FINHESTNKS71013.ZP24","0"
"K","2015-Q4","TP.FINHESTNKS71013.ZP26","0"
"K","2015-Q4","TP.FINHESTNKS71013.ZP27","2083464.9044"
"K","2015-Q4","TP.FINHESTNKS71013.ZP28","2083464.9044"
"K","2015-Q4","TP.FINHESTNKS71013.ZP29","0"
"K","2015-Q4","TP.FINHESTNKS71013.ZP30","0"
"K","2015-Q4","TP.FINHESTNKS71013.ZP31","556238224.4518"
"K","2015-Q4","TP.FINHESTNKS71013.ZP32","64352224.1509"
"K","2015-Q4","TP.FINHESTNKS71013.ZP33","491886000.3009"
"K","2015-Q4","TP.FINHESTNKS71013.ZP34","97349835.577"
"K","2015-Q4","TP.FINHESTNKS71013.ZP35","9413644.1046"
"K","2015-Q4","TP.FINHESTNKS71013.ZP36","87936191.4724"
"K","2015-Q4","TP.FINHESTNKS71013.ZP37","0"
"K","2015-Q4","TP.FINHESTNKS71013.ZP38","0"
"K","2015-Q4","TP.FINHESTNKS71013.ZP39","0"
"K","2015-Q4","TP.FINHESTNKS71013.ZP40","0"
"K","2015-Q4","TP.FINHESTNKS71013.ZP41","0"
"K","2015-Q4","TP.FINHESTNKS71013.ZP42","2147137.2889"
"K","2015-Q4","TP.FINHESTNKS71013.ZP43","0"
"K","2015-Q4","TP.FINHESTNKS71013.ZP44","72055172.8395"
"K","2015-Q4","TP.FINHESTNKS71013.ZP45","729873835.0617"
"K","2016-Q1","TP.FINHESTNKS71013.ZP1","-318459243.8988"
"K","2016-Q1","TP.FINHESTNKS71013.ZP2","0"
"K","2016-Q1","TP.FINHESTNKS71013.ZP3","0"
"K","2016-Q1","TP.FINHESTNKS71013.ZP4","0"
"K","2016-Q1","TP.FINHESTNKS71013.ZP5","73487990.5314"
"K","2016-Q1","TP.FINHESTNKS71013.ZP6","3546962.5503"
"K","2016-Q1","TP.FINHESTNKS71013.ZP7","69941027.904"
"K","2016-Q1","TP.FINHESTNKS71013.ZP8","0"
"K","2016-Q1","TP.FINHESTNKS71013.ZP9","291408.474"
"K","2016-Q1","TP.FINHESTNKS71013.ZP10","0"
"K","2016-Q1","TP.FINHESTNKS71013.ZP11","291408.474"
"K","2016-Q1","TP.FINHESTNKS71013.ZP12","52701950.7266"
"K","2016-Q1","TP.FINHESTNKS71013.ZP13","13965397.0671"
"K","2016-Q1","TP.FINHESTNKS71013.ZP14","38736553.6595"
"K","2016-Q1","TP.FINHESTNKS71013.ZP15","151275857.3745"
"K","2016-Q1","TP.FINHESTNKS71013.ZP16","151275857.3745"
"K","2016-Q1","TP.FINHESTNKS71013.ZP17","0"
"K","2016-Q1","TP.FINHESTNKS71013.ZP18","0"
"K","2016-Q1","TP.FINHESTNKS71013.ZP19","0"
"K","2016-Q1","TP.FINHESTNKS71013.ZP20","0"
"K","2016-Q1","TP.FINHESTNKS71013.ZP21","0"
"K","2016-Q1","TP.FINHESTNKS71013.ZP22","137940997.6721"
"K","2016-Q1","TP.FINHESTNKS71013.ZP23","415698204.7786"
"K","2016-Q1","TP.FINHESTNKS71013.ZP24","0"
"K","2016-Q1","TP.FINHESTNKS71013.ZP26","0"
"K","2016-Q1","TP.FINHESTNKS71013.ZP27","2183581.9044"
"K","2016-Q1","TP.FINHESTNKS71013.ZP28","2183581.9044"
"K","2016-Q1","TP.FINHESTNKS71013.ZP29","0"
"K","2016-Q1","TP.FINHESTNKS71013.ZP30","0"
"K","2016-Q1","TP.FINHESTNKS71013.ZP31","571450018.5227"
"K","2016-Q1","TP.FINHESTNKS71013.ZP32","66112104.6099"
"K","2016-Q1","TP.FINHESTNKS71013.ZP33","505337913.9128"
"K","2016-Q1","TP.FINHESTNKS71013.ZP34","96308042.3808"
"K","2016-Q1","TP.FINHESTNKS71013.ZP35","9489176.3843"
"K","2016-Q1","TP.FINHESTNKS71013.ZP36","86818865.9966"
"K","2016-Q1","TP.FINHESTNKS71013.ZP37","0"
"K","2016-Q1","TP.FINHESTNKS71013.ZP38","0"
"K","2016-Q1","TP.FINHESTNKS71013.ZP39","0"
"K","2016-Q1","TP.FINHESTNKS71013.ZP40","0"
"K","2016-Q1","TP.FINHESTNKS71013.ZP41","0"
"K","2016-Q1","TP.FINHESTNKS71013.ZP42","2269814.3122"
"K","2016-Q1","TP.FINHESTNKS71013.ZP43","0"
"K","2016-Q1","TP.FINHESTNKS71013.ZP44","61945991.5572"
"K","2016-Q1","TP.FINHESTNKS71013.ZP45","734157448.6774"
"K","2016-Q2","TP.FINHESTNKS71013.ZP1","-339532706.2131"
"K","2016-Q2","TP.FINHESTNKS71013.ZP2","0"
"K","2016-Q2","TP.FINHESTNKS71013.ZP3","0"
"K","2016-Q2","TP.FINHESTNKS71013.ZP4","0"
"K","2016-Q2","TP.FINHESTNKS71013.ZP5","82060894.7636"
"K","2016-Q2","TP.FINHESTNKS71013.ZP6","3876851.962"
"K","2016-Q2","TP.FINHESTNKS71013.ZP7","78184042.7244"
"K","2016-Q2","TP.FINHESTNKS71013.ZP8","0"
"K","2016-Q2","TP.FINHESTNKS71013.ZP9","225022.4239"
"K","2016-Q2","TP.FINHESTNKS71013.ZP10","0"
"K","2016-Q2","TP.FINHESTNKS71013.ZP11","225022.4239"
"K","2016-Q2","TP.FINHESTNKS71013.ZP12","53856983.6417"
"K","2016-Q2","TP.FINHESTNKS71013.ZP13","14349815.0211"
"K","2016-Q2","TP.FINHESTNKS71013.ZP14","39507168.6206"
"K","2016-Q2","TP.FINHESTNKS71013.ZP15","153865371.4824"
"K","2016-Q2","TP.FINHESTNKS71013.ZP16","153865371.4824"
"K","2016-Q2","TP.FINHESTNKS71013.ZP17","0"
"K","2016-Q2","TP.FINHESTNKS71013.ZP18","0"
"K","2016-Q2","TP.FINHESTNKS71013.ZP19","0"
"K","2016-Q2","TP.FINHESTNKS71013.ZP20","0"
"K","2016-Q2","TP.FINHESTNKS71013.ZP21","0"
"K","2016-Q2","TP.FINHESTNKS71013.ZP22","145701943.087"
"K","2016-Q2","TP.FINHESTNKS71013.ZP23","435710215.3985"
"K","2016-Q2","TP.FINHESTNKS71013.ZP24","0"
"K","2016-Q2","TP.FINHESTNKS71013.ZP26","0"
"K","2016-Q2","TP.FINHESTNKS71013.ZP27","2144985.5"
"K","2016-Q2","TP.FINHESTNKS71013.ZP28","2144985.5"
"K","2016-Q2","TP.FINHESTNKS71013.ZP29","0"
"K","2016-Q2","TP.FINHESTNKS71013.ZP30","0"
"K","2016-Q2","TP.FINHESTNKS71013.ZP31","601632231.7409"
"K","2016-Q2","TP.FINHESTNKS71013.ZP32","69603940.4187"
"K","2016-Q2","TP.FINHESTNKS71013.ZP33","532028291.3222"
"K","2016-Q2","TP.FINHESTNKS71013.ZP34","98667569.3022"
"K","2016-Q2","TP.FINHESTNKS71013.ZP35","9980184.0695"
"K","2016-Q2","TP.FINHESTNKS71013.ZP36","88687385.2327"
"K","2016-Q2","TP.FINHESTNKS71013.ZP37","0"
"K","2016-Q2","TP.FINHESTNKS71013.ZP38","0"
"K","2016-Q2","TP.FINHESTNKS71013.ZP39","0"
"K","2016-Q2","TP.FINHESTNKS71013.ZP40","0"
"K","2016-Q2","TP.FINHESTNKS71013.ZP41","0"
"K","2016-Q2","TP.FINHESTNKS71013.ZP42","5727622.7272"
"K","2016-Q2","TP.FINHESTNKS71013.ZP43","0"
"K","2016-Q2","TP.FINHESTNKS71013.ZP44","67070512.3412"
"K","2016-Q2","TP.FINHESTNKS71013.ZP45","775242921.6116"
"K","2016-Q3","TP.FINHESTNKS71013.ZP1","-353539150.562"
"K","2016-Q3","TP.FINHESTNKS71013.ZP2","0"
"K","2016-Q3","TP.FINHESTNKS71013.ZP3","0"
"K","2016-Q3","TP.FINHESTNKS71013.ZP4","0"
"K","2016-Q3","TP.FINHESTNKS71013.ZP5","76167653.0981"
"K","2016-Q3","TP.FINHESTNKS71013.ZP6","3646452.9052"
"K","2016-Q3","TP.FINHESTNKS71013.ZP7","72521200.1158"
"K","2016-Q3","TP.FINHESTNKS71013.ZP8","0"
"K","2016-Q3","TP.FINHESTNKS71013.ZP9","438760.0967"
"K","2016-Q3","TP.FINHESTNKS71013.ZP10","53427.4288"
"K","2016-Q3","TP.FINHESTNKS71013.ZP11","385332.6678"
"K","2016-Q3","TP.FINHESTNKS71013.ZP12","56173861.4584"
"K","2016-Q3","TP.FINHESTNKS71013.ZP13","15012385.4285"
"K","2016-Q3","TP.FINHESTNKS71013.ZP14","41161476.0299"
"K","2016-Q3","TP.FINHESTNKS71013.ZP15","157420548.2344"
"K","2016-Q3","TP.FINHESTNKS71013.ZP16","157420548.2344"
"K","2016-Q3","TP.FINHESTNKS71013.ZP17","0"
"K","2016-Q3","TP.FINHESTNKS71013.ZP18","0"
"K","2016-Q3","TP.FINHESTNKS71013.ZP19","0"
"K","2016-Q3","TP.FINHESTNKS71013.ZP20","0"
"K","2016-Q3","TP.FINHESTNKS71013.ZP21","0"
"K","2016-Q3","TP.FINHESTNKS71013.ZP22","143295471.0417"
"K","2016-Q3","TP.FINHESTNKS71013.ZP23","433496293.9292"
"K","2016-Q3","TP.FINHESTNKS71013.ZP24","0"
"K","2016-Q3","TP.FINHESTNKS71013.ZP26","0"
"K","2016-Q3","TP.FINHESTNKS71013.ZP27","2173007.5165"
"K","2016-Q3","TP.FINHESTNKS71013.ZP28","2173007.5165"
"K","2016-Q3","TP.FINHESTNKS71013.ZP29","0"
"K","2016-Q3","TP.FINHESTNKS71013.ZP30","0"
"K","2016-Q3","TP.FINHESTNKS71013.ZP31","605250047.8859"
"K","2016-Q3","TP.FINHESTNKS71013.ZP32","70022492.2285"
"K","2016-Q3","TP.FINHESTNKS71013.ZP33","535227555.6574"
"K","2016-Q3","TP.FINHESTNKS71013.ZP34","103505502.1474"
"K","2016-Q3","TP.FINHESTNKS71013.ZP35","10641010.053"
"K","2016-Q3","TP.FINHESTNKS71013.ZP36","92864492.0944"
"K","2016-Q3","TP.FINHESTNKS71013.ZP37","0"
"K","2016-Q3","TP.FINHESTNKS71013.ZP38","0"
"K","2016-Q3","TP.FINHESTNKS71013.ZP39","0"
"K","2016-Q3","TP.FINHESTNKS71013.ZP40","0"
"K","2016-Q3","TP.FINHESTNKS71013.ZP41","0"
"K","2016-Q3","TP.FINHESTNKS71013.ZP42","8213675.5721"
"K","2016-Q3","TP.FINHESTNKS71013.ZP43","0"
"K","2016-Q3","TP.FINHESTNKS71013.ZP44","67893211.3694"
"K","2016-Q3","TP.FINHESTNKS71013.ZP45","787035444.4912"
"K","2016-Q4","TP.FINHESTNKS71013.ZP1","-362089674.431"
"K","2016-Q4","TP.FINHESTNKS71013.ZP2","0"
"K","2016-Q4","TP.FINHESTNKS71013.ZP3","0"
"K","2016-Q4","TP.FINHESTNKS71013.ZP4","0"
"K","2016-Q4","TP.FINHESTNKS71013.ZP5","77469263.5127"
"K","2016-Q4","TP.FINHESTNKS71013.ZP6","3805300.658"
"K","2016-Q4","TP.FINHESTNKS71013.ZP7","73663962.8547"
"K","2016-Q4","TP.FINHESTNKS71013.ZP8","0"
"K","2016-Q4","TP.FINHESTNKS71013.ZP9","266470.3733"
"K","2016-Q4","TP.FINHESTNKS71013.ZP10","0"
"K","2016-Q4","TP.FINHESTNKS71013.ZP11","266470.3733"
"K","2016-Q4","TP.FINHESTNKS71013.ZP12","60596353.669"
"K","2016-Q4","TP.FINHESTNKS71013.ZP13","16059234.0834"
"K","2016-Q4","TP.FINHESTNKS71013.ZP14","44537119.5856"
"K","2016-Q4","TP.FINHESTNKS71013.ZP15","163691984.6679"
"K","2016-Q4","TP.FINHESTNKS71013.ZP16","163691984.6679"
"K","2016-Q4","TP.FINHESTNKS71013.ZP17","0"
"K","2016-Q4","TP.FINHESTNKS71013.ZP18","0"
"K","2016-Q4","TP.FINHESTNKS71013.ZP19","0"
"K","2016-Q4","TP.FINHESTNKS71013.ZP20","0"
"K","2016-Q4","TP.FINHESTNKS71013.ZP21","0"
"K","2016-Q4","TP.FINHESTNKS71013.ZP22","173645706.0045"
"K","2016-Q4","TP.FINHESTNKS71013.ZP23","475669778.2274"
"K","2016-Q4","TP.FINHESTNKS71013.ZP24","0"
"K","2016-Q4","TP.FINHESTNKS71013.ZP26","0"
"K","2016-Q4","TP.FINHESTNKS71013.ZP27","2251618.5675"
"K","2016-Q4","TP.FINHESTNKS71013.ZP28","2251618.5675"
"K","2016-Q4","TP.FINHESTNKS71013.ZP29","0"
"K","2016-Q4","TP.FINHESTNKS71013.ZP30","0"
"K","2016-Q4","TP.FINHESTNKS71013.ZP31","621475539.7234"
"K","2016-Q4","TP.FINHESTNKS71013.ZP32","71899649.2483"
"K","2016-Q4","TP.FINHESTNKS71013.ZP33","549575890.4751"
"K","2016-Q4","TP.FINHESTNKS71013.ZP34","116640365.0558"
"K","2016-Q4","TP.FINHESTNKS71013.ZP35","12245391.4241"
"K","2016-Q4","TP.FINHESTNKS71013.ZP36","104394973.6317"
"K","2016-Q4","TP.FINHESTNKS71013.ZP37","0"
"K","2016-Q4","TP.FINHESTNKS71013.ZP38","0"
"K","2016-Q4","TP.FINHESTNKS71013.ZP39","0"
"K","2016-Q4","TP.FINHESTNKS71013.ZP40","0"
"K","2016-Q4","TP.FINHESTNKS71013.ZP41","0"
"K","2016-Q4","TP.FINHESTNKS71013.ZP42","12516745.4007"
"K","2016-Q4","TP.FINHESTNKS71013.ZP43","0"
"K","2016-Q4","TP.FINHESTNKS71013.ZP44","84875183.9109"
"K","2016-Q4","TP.FINHESTNKS71013.ZP45","837759452.6583"
"K","2017-Q1","TP.FINHESTNKS71013.ZP1","-460522090.2727"
"K","2017-Q1","TP.FINHESTNKS71013.ZP2","0"
"K","2017-Q1","TP.FINHESTNKS71013.ZP3","0"
"K","2017-Q1","TP.FINHESTNKS71013.ZP4","0"
"K","2017-Q1","TP.FINHESTNKS71013.ZP5","80831275.4027"
"K","2017-Q1","TP.FINHESTNKS71013.ZP6","3967988.0123"
"K","2017-Q1","TP.FINHESTNKS71013.ZP7","76863287.3935"
"K","2017-Q1","TP.FINHESTNKS71013.ZP8","0"
"K","2017-Q1","TP.FINHESTNKS71013.ZP9","363468.6078"
"K","2017-Q1","TP.FINHESTNKS71013.ZP10","57555.6219"
"K","2017-Q1","TP.FINHESTNKS71013.ZP11","305912.9859"
"K","2017-Q1","TP.FINHESTNKS71013.ZP12","62109543.3321"
"K","2017-Q1","TP.FINHESTNKS71013.ZP13","16578094.7568"
"K","2017-Q1","TP.FINHESTNKS71013.ZP14","45531448.5753"
"K","2017-Q1","TP.FINHESTNKS71013.ZP15","110188461.6015"
"K","2017-Q1","TP.FINHESTNKS71013.ZP16","110188461.6015"
"K","2017-Q1","TP.FINHESTNKS71013.ZP17","0"
"K","2017-Q1","TP.FINHESTNKS71013.ZP18","0"
"K","2017-Q1","TP.FINHESTNKS71013.ZP19","0"
"K","2017-Q1","TP.FINHESTNKS71013.ZP20","0"
"K","2017-Q1","TP.FINHESTNKS71013.ZP21","0"
"K","2017-Q1","TP.FINHESTNKS71013.ZP22","178054288.0187"
"K","2017-Q1","TP.FINHESTNKS71013.ZP23","431547036.9627"
"K","2017-Q1","TP.FINHESTNKS71013.ZP24","0"
"K","2017-Q1","TP.FINHESTNKS71013.ZP26","0"
"K","2017-Q1","TP.FINHESTNKS71013.ZP27","2108434.8"
"K","2017-Q1","TP.FINHESTNKS71013.ZP28","2108434.8"
"K","2017-Q1","TP.FINHESTNKS71013.ZP29","0"
"K","2017-Q1","TP.FINHESTNKS71013.ZP30","0"
"K","2017-Q1","TP.FINHESTNKS71013.ZP31","659406120.7185"
"K","2017-Q1","TP.FINHESTNKS71013.ZP32","76287907.989"
"K","2017-Q1","TP.FINHESTNKS71013.ZP33","583118212.7295"
"K","2017-Q1","TP.FINHESTNKS71013.ZP34","124530610.2214"
"K","2017-Q1","TP.FINHESTNKS71013.ZP35","13159854.9636"
"K","2017-Q1","TP.FINHESTNKS71013.ZP36","111370755.2578"
"K","2017-Q1","TP.FINHESTNKS71013.ZP37","0"
"K","2017-Q1","TP.FINHESTNKS71013.ZP38","0"
"K","2017-Q1","TP.FINHESTNKS71013.ZP39","0"
"K","2017-Q1","TP.FINHESTNKS71013.ZP40","0"
"K","2017-Q1","TP.FINHESTNKS71013.ZP41","0"
"K","2017-Q1","TP.FINHESTNKS71013.ZP42","12679953.4286"
"K","2017-Q1","TP.FINHESTNKS71013.ZP43","0"
"K","2017-Q1","TP.FINHESTNKS71013.ZP44","93344008.0669"
"K","2017-Q1","TP.FINHESTNKS71013.ZP45","892069127.2354"
"K","2017-Q2","TP.FINHESTNKS71013.ZP1","-476275875.0903"
"K","2017-Q2","TP.FINHESTNKS71013.ZP2","0"
"K","2017-Q2","TP.FINHESTNKS71013.ZP3","0"
"K","2017-Q2","TP.FINHESTNKS71013.ZP4","0"
"K","2017-Q2","TP.FINHESTNKS71013.ZP5","98797149.6475"
"K","2017-Q2","TP.FINHESTNKS71013.ZP6","4732121.1518"
"K","2017-Q2","TP.FINHESTNKS71013.ZP7","94065028.4957"
"K","2017-Q2","TP.FINHESTNKS71013.ZP8","0"
"K","2017-Q2","TP.FINHESTNKS71013.ZP9","422258.9191"
"K","2017-Q2","TP.FINHESTNKS71013.ZP10","66865.1272"
"K","2017-Q2","TP.FINHESTNKS71013.ZP11","355393.792"
"K","2017-Q2","TP.FINHESTNKS71013.ZP12","62460781.9432"
"K","2017-Q2","TP.FINHESTNKS71013.ZP13","16671846.3233"
"K","2017-Q2","TP.FINHESTNKS71013.ZP14","45788935.62"
"K","2017-Q2","TP.FINHESTNKS71013.ZP15","105194265.382"
"K","2017-Q2","TP.FINHESTNKS71013.ZP16","105194265.382"
"K","2017-Q2","TP.FINHESTNKS71013.ZP17","0"
"K","2017-Q2","TP.FINHESTNKS71013.ZP18","0"
"K","2017-Q2","TP.FINHESTNKS71013.ZP19","0"
"K","2017-Q2","TP.FINHESTNKS71013.ZP20","0"
"K","2017-Q2","TP.FINHESTNKS71013.ZP21","0"
"K","2017-Q2","TP.FINHESTNKS71013.ZP22","184166580.8329"
"K","2017-Q2","TP.FINHESTNKS71013.ZP23","451041036.7247"
"K","2017-Q2","TP.FINHESTNKS71013.ZP24","0"
"K","2017-Q2","TP.FINHESTNKS71013.ZP26","0"
"K","2017-Q2","TP.FINHESTNKS71013.ZP27","2186323.9"
"K","2017-Q2","TP.FINHESTNKS71013.ZP28","2186323.9"
"K","2017-Q2","TP.FINHESTNKS71013.ZP29","0"
"K","2017-Q2","TP.FINHESTNKS71013.ZP30","0"
"K","2017-Q2","TP.FINHESTNKS71013.ZP31","692626941.5604"
"K","2017-Q2","TP.FINHESTNKS71013.ZP32","80131285.9075"
"K","2017-Q2","TP.FINHESTNKS71013.ZP33","612495655.6529"
"K","2017-Q2","TP.FINHESTNKS71013.ZP34","125516448.5636"
"K","2017-Q2","TP.FINHESTNKS71013.ZP35","13264034.0853"
"K","2017-Q2","TP.FINHESTNKS71013.ZP36","112252414.4783"
"K","2017-Q2","TP.FINHESTNKS71013.ZP37","0"
"K","2017-Q2","TP.FINHESTNKS71013.ZP38","0"
"K","2017-Q2","TP.FINHESTNKS71013.ZP39","0"
"K","2017-Q2","TP.FINHESTNKS71013.ZP40","0"
"K","2017-Q2","TP.FINHESTNKS71013.ZP41","0"
"K","2017-Q2","TP.FINHESTNKS71013.ZP42","13002865.6733"
"K","2017-Q2","TP.FINHESTNKS71013.ZP43","0"
"K","2017-Q2","TP.FINHESTNKS71013.ZP44","93984332.1177"
"K","2017-Q2","TP.FINHESTNKS71013.ZP45","927316911.815"
"K","2017-Q3","TP.FINHESTNKS71013.ZP1","-495168162.5438"
"K","2017-Q3","TP.FINHESTNKS71013.ZP2","0"
"K","2017-Q3","TP.FINHESTNKS71013.ZP3","0"
"K","2017-Q3","TP.FINHESTNKS71013.ZP4","0"
"K","2017-Q3","TP.FINHESTNKS71013.ZP5","112102557.3294"
"K","2017-Q3","TP.FINHESTNKS71013.ZP6","5145783.8147"
"K","2017-Q3","TP.FINHESTNKS71013.ZP7","106956773.5147"
"K","2017-Q3","TP.FINHESTNKS71013.ZP8","0"
"K","2017-Q3","TP.FINHESTNKS71013.ZP9","536845.7944"
"K","2017-Q3","TP.FINHESTNKS71013.ZP10","85010.0749"
"K","2017-Q3","TP.FINHESTNKS71013.ZP11","451835.7195"
"K","2017-Q3","TP.FINHESTNKS71013.ZP12","62110515.4213"
"K","2017-Q3","TP.FINHESTNKS71013.ZP13","16578354.224"
"K","2017-Q3","TP.FINHESTNKS71013.ZP14","45532161.1973"
"K","2017-Q3","TP.FINHESTNKS71013.ZP15","99544685.7383"
"K","2017-Q3","TP.FINHESTNKS71013.ZP16","99544685.7383"
"K","2017-Q3","TP.FINHESTNKS71013.ZP17","0"
"K","2017-Q3","TP.FINHESTNKS71013.ZP18","0"
"K","2017-Q3","TP.FINHESTNKS71013.ZP19","0"
"K","2017-Q3","TP.FINHESTNKS71013.ZP20","0"
"K","2017-Q3","TP.FINHESTNKS71013.ZP21","0"
"K","2017-Q3","TP.FINHESTNKS71013.ZP22","186459946.0738"
"K","2017-Q3","TP.FINHESTNKS71013.ZP23","460754550.3572"
"K","2017-Q3","TP.FINHESTNKS71013.ZP24","0"
"K","2017-Q3","TP.FINHESTNKS71013.ZP26","0"
"K","2017-Q3","TP.FINHESTNKS71013.ZP27","2280895.9"
"K","2017-Q3","TP.FINHESTNKS71013.ZP28","2280895.9"
"K","2017-Q3","TP.FINHESTNKS71013.ZP29","0"
"K","2017-Q3","TP.FINHESTNKS71013.ZP30","0"
"K","2017-Q3","TP.FINHESTNKS71013.ZP31","715767731.4903"
"K","2017-Q3","TP.FINHESTNKS71013.ZP32","82808486.4937"
"K","2017-Q3","TP.FINHESTNKS71013.ZP33","632959244.9966"
"K","2017-Q3","TP.FINHESTNKS71013.ZP34","128716891.1699"
"K","2017-Q3","TP.FINHESTNKS71013.ZP35","13602242.9839"
"K","2017-Q3","TP.FINHESTNKS71013.ZP36","115114648.186"
"K","2017-Q3","TP.FINHESTNKS71013.ZP37","0"
"K","2017-Q3","TP.FINHESTNKS71013.ZP38","0"
"K","2017-Q3","TP.FINHESTNKS71013.ZP39","0"
"K","2017-Q3","TP.FINHESTNKS71013.ZP40","0"
"K","2017-Q3","TP.FINHESTNKS71013.ZP41","0"
"K","2017-Q3","TP.FINHESTNKS71013.ZP42","12798283.8853"
"K","2017-Q3","TP.FINHESTNKS71013.ZP43","0"
"K","2017-Q3","TP.FINHESTNKS71013.ZP44","96358910.4554"
"K","2017-Q3","TP.FINHESTNKS71013.ZP45","955922712.9009"
"K","2017-Q4","TP.FINHESTNKS71013.ZP1","-543880798.98"
"K","2017-Q4","TP.FINHESTNKS71013.ZP2","0"
"K","2017-Q4","TP.FINHESTNKS71013.ZP3","0"
"K","2017-Q4","TP.FINHESTNKS71013.ZP4","0"
"K","2017-Q4","TP.FINHESTNKS71013.ZP5","111497989.0738"
"K","2017-Q4","TP.FINHESTNKS71013.ZP6","5194677.7912"
"K","2017-Q4","TP.FINHESTNKS71013.ZP7","106303311.2826"
"K","2017-Q4","TP.FINHESTNKS71013.ZP8","0"
"K","2017-Q4","TP.FINHESTNKS71013.ZP9","387044.5978"
"K","2017-Q4","TP.FINHESTNKS71013.ZP10","61288.9038"
"K","2017-Q4","TP.FINHESTNKS71013.ZP11","325755.694"
"K","2017-Q4","TP.FINHESTNKS71013.ZP12","64969158.7117"
"K","2017-Q4","TP.FINHESTNKS71013.ZP13","17341374.797"
"K","2017-Q4","TP.FINHESTNKS71013.ZP14","47627783.9146"
"K","2017-Q4","TP.FINHESTNKS71013.ZP15","97301543.1291"
"K","2017-Q4","TP.FINHESTNKS71013.ZP16","97301543.1291"
"K","2017-Q4","TP.FINHESTNKS71013.ZP17","0"
"K","2017-Q4","TP.FINHESTNKS71013.ZP18","0"
"K","2017-Q4","TP.FINHESTNKS71013.ZP19","0"
"K","2017-Q4","TP.FINHESTNKS71013.ZP20","0"
"K","2017-Q4","TP.FINHESTNKS71013.ZP21","0"
"K","2017-Q4","TP.FINHESTNKS71013.ZP22","193395844.0974"
"K","2017-Q4","TP.FINHESTNKS71013.ZP23","467551579.6098"
"K","2017-Q4","TP.FINHESTNKS71013.ZP24","0"
"K","2017-Q4","TP.FINHESTNKS71013.ZP26","0"
"K","2017-Q4","TP.FINHESTNKS71013.ZP27","2334760.9"
"K","2017-Q4","TP.FINHESTNKS71013.ZP28","2334760.9"
"K","2017-Q4","TP.FINHESTNKS71013.ZP29","0"
"K","2017-Q4","TP.FINHESTNKS71013.ZP30","0"
"K","2017-Q4","TP.FINHESTNKS71013.ZP31","743664533.7774"
"K","2017-Q4","TP.FINHESTNKS71013.ZP32","86035918.9048"
"K","2017-Q4","TP.FINHESTNKS71013.ZP33","657628614.8726"
"K","2017-Q4","TP.FINHESTNKS71013.ZP34","144208545.5776"
"K","2017-Q4","TP.FINHESTNKS71013.ZP35","15239333.8549"
"K","2017-Q4","TP.FINHESTNKS71013.ZP36","128969211.7227"
"K","2017-Q4","TP.FINHESTNKS71013.ZP37","0"
"K","2017-Q4","TP.FINHESTNKS71013.ZP38","0"
"K","2017-Q4","TP.FINHESTNKS71013.ZP39","0"
"K","2017-Q4","TP.FINHESTNKS71013.ZP40","0"
"K","2017-Q4","TP.FINHESTNKS71013.ZP41","0"
"K","2017-Q4","TP.FINHESTNKS71013.ZP42","14310549.4779"
"K","2017-Q4","TP.FINHESTNKS71013.ZP43","0"
"K","2017-Q4","TP.FINHESTNKS71013.ZP44","106913988.8569"
"K","2017-Q4","TP.FINHESTNKS71013.ZP45","1011432378.5898"
"K","2018-Q1","TP.FINHESTNKS71013.ZP1","-561098217.0799"
"K","2018-Q1","TP.FINHESTNKS71013.ZP2","0"
"K","2018-Q1","TP.FINHESTNKS71013.ZP3","0"
"K","2018-Q1","TP.FINHESTNKS71013.ZP4","0"
"K","2018-Q1","TP.FINHESTNKS71013.ZP5","112929093.4977"
"K","2018-Q1","TP.FINHESTNKS71013.ZP6","5240753.1648"
"K","2018-Q1","TP.FINHESTNKS71013.ZP7","107688340.33"
"K","2018-Q1","TP.FINHESTNKS71013.ZP8","0"
"K","2018-Q1","TP.FINHESTNKS71013.ZP9","527827.8527"
"K","2018-Q1","TP.FINHESTNKS71013.ZP10","83582.0747"
"K","2018-Q1","TP.FINHESTNKS71013.ZP11","444245.778"
"K","2018-Q1","TP.FINHESTNKS71013.ZP12","70016731.6236"
"K","2018-Q1","TP.FINHESTNKS71013.ZP13","18688657.9606"
"K","2018-Q1","TP.FINHESTNKS71013.ZP14","51328073.6631"
"K","2018-Q1","TP.FINHESTNKS71013.ZP15","174987282.263"
"K","2018-Q1","TP.FINHESTNKS71013.ZP16","174987282.263"
"K","2018-Q1","TP.FINHESTNKS71013.ZP17","0"
"K","2018-Q1","TP.FINHESTNKS71013.ZP18","0"
"K","2018-Q1","TP.FINHESTNKS71013.ZP19","0"
"K","2018-Q1","TP.FINHESTNKS71013.ZP20","0"
"K","2018-Q1","TP.FINHESTNKS71013.ZP21","0"
"K","2018-Q1","TP.FINHESTNKS71013.ZP22","189238446.2153"
"K","2018-Q1","TP.FINHESTNKS71013.ZP23","547699381.4523"
"K","2018-Q1","TP.FINHESTNKS71013.ZP24","0"
"K","2018-Q1","TP.FINHESTNKS71013.ZP26","0"
"K","2018-Q1","TP.FINHESTNKS71013.ZP27","2418301.7"
"K","2018-Q1","TP.FINHESTNKS71013.ZP28","2418301.7"
"K","2018-Q1","TP.FINHESTNKS71013.ZP29","0"
"K","2018-Q1","TP.FINHESTNKS71013.ZP30","0"
"K","2018-Q1","TP.FINHESTNKS71013.ZP31","755472808.9403"
"K","2018-Q1","TP.FINHESTNKS71013.ZP32","87402039.9959"
"K","2018-Q1","TP.FINHESTNKS71013.ZP33","668070768.9444"
"K","2018-Q1","TP.FINHESTNKS71013.ZP34","159887240.2464"
"K","2018-Q1","TP.FINHESTNKS71013.ZP35","16896190.3297"
"K","2018-Q1","TP.FINHESTNKS71013.ZP36","142991049.9167"
"K","2018-Q1","TP.FINHESTNKS71013.ZP37","75149894.4133"
"K","2018-Q1","TP.FINHESTNKS71013.ZP38","75149894.4133"
"K","2018-Q1","TP.FINHESTNKS71013.ZP39","0"
"K","2018-Q1","TP.FINHESTNKS71013.ZP40","0"
"K","2018-Q1","TP.FINHESTNKS71013.ZP41","0"
"K","2018-Q1","TP.FINHESTNKS71013.ZP42","14576545.5647"
"K","2018-Q1","TP.FINHESTNKS71013.ZP43","0"
"K","2018-Q1","TP.FINHESTNKS71013.ZP44","101292807.6675"
"K","2018-Q1","TP.FINHESTNKS71013.ZP45","1108797598.5322"
"K","2018-Q2","TP.FINHESTNKS71013.ZP1","-587259005.2485"
"K","2018-Q2","TP.FINHESTNKS71013.ZP2","0"
"K","2018-Q2","TP.FINHESTNKS71013.ZP3","0"
"K","2018-Q2","TP.FINHESTNKS71013.ZP4","0"
"K","2018-Q2","TP.FINHESTNKS71013.ZP5","100888807.5916"
"K","2018-Q2","TP.FINHESTNKS71013.ZP6","4884366.2902"
"K","2018-Q2","TP.FINHESTNKS71013.ZP7","96004441.2985"
"K","2018-Q2","TP.FINHESTNKS71013.ZP8","0"
"K","2018-Q2","TP.FINHESTNKS71013.ZP9","489953.2872"
"K","2018-Q2","TP.FINHESTNKS71013.ZP10","77584.5989"
"K","2018-Q2","TP.FINHESTNKS71013.ZP11","412368.6884"
"K","2018-Q2","TP.FINHESTNKS71013.ZP12","77531329.2986"
"K","2018-Q2","TP.FINHESTNKS71013.ZP13","20694432.0435"
"K","2018-Q2","TP.FINHESTNKS71013.ZP14","56836897.2552"
"K","2018-Q2","TP.FINHESTNKS71013.ZP15","188663137.7054"
"K","2018-Q2","TP.FINHESTNKS71013.ZP16","188663137.7054"
"K","2018-Q2","TP.FINHESTNKS71013.ZP17","0"
"K","2018-Q2","TP.FINHESTNKS71013.ZP18","0"
"K","2018-Q2","TP.FINHESTNKS71013.ZP19","0"
"K","2018-Q2","TP.FINHESTNKS71013.ZP20","0"
"K","2018-Q2","TP.FINHESTNKS71013.ZP21","0"
"K","2018-Q2","TP.FINHESTNKS71013.ZP22","192877713.9123"
"K","2018-Q2","TP.FINHESTNKS71013.ZP23","560450941.7952"
"K","2018-Q2","TP.FINHESTNKS71013.ZP24","0"
"K","2018-Q2","TP.FINHESTNKS71013.ZP26","0"
"K","2018-Q2","TP.FINHESTNKS71013.ZP27","2540424.4"
"K","2018-Q2","TP.FINHESTNKS71013.ZP28","2540424.4"
"K","2018-Q2","TP.FINHESTNKS71013.ZP29","0"
"K","2018-Q2","TP.FINHESTNKS71013.ZP30","0"
"K","2018-Q2","TP.FINHESTNKS71013.ZP31","768258227.1007"
"K","2018-Q2","TP.FINHESTNKS71013.ZP32","88881208.5592"
"K","2018-Q2","TP.FINHESTNKS71013.ZP33","679377018.5414"
"K","2018-Q2","TP.FINHESTNKS71013.ZP34","175385032.0045"
"K","2018-Q2","TP.FINHESTNKS71013.ZP35","18533929.7693"
"K","2018-Q2","TP.FINHESTNKS71013.ZP36","156851102.2352"
"K","2018-Q2","TP.FINHESTNKS71013.ZP37","86580350.5801"
"K","2018-Q2","TP.FINHESTNKS71013.ZP38","86580350.5801"
"K","2018-Q2","TP.FINHESTNKS71013.ZP39","0"
"K","2018-Q2","TP.FINHESTNKS71013.ZP40","0"
"K","2018-Q2","TP.FINHESTNKS71013.ZP41","0"
"K","2018-Q2","TP.FINHESTNKS71013.ZP42","14499687.2427"
"K","2018-Q2","TP.FINHESTNKS71013.ZP43","0"
"K","2018-Q2","TP.FINHESTNKS71013.ZP44","100446225.7158"
"K","2018-Q2","TP.FINHESTNKS71013.ZP45","1147709947.0437"
"K","2018-Q3","TP.FINHESTNKS71013.ZP1","-684011641.3462"
"K","2018-Q3","TP.FINHESTNKS71013.ZP2","0"
"K","2018-Q3","TP.FINHESTNKS71013.ZP3","0"
"K","2018-Q3","TP.FINHESTNKS71013.ZP4","0"
"K","2018-Q3","TP.FINHESTNKS71013.ZP5","108185019.8993"
"K","2018-Q3","TP.FINHESTNKS71013.ZP6","5008192.4555"
"K","2018-Q3","TP.FINHESTNKS71013.ZP7","103176827.4369"
"K","2018-Q3","TP.FINHESTNKS71013.ZP8","0"
"K","2018-Q3","TP.FINHESTNKS71013.ZP9","13386666.491"
"K","2018-Q3","TP.FINHESTNKS71013.ZP10","2119792.1868"
"K","2018-Q3","TP.FINHESTNKS71013.ZP11","11266874.3042"
"K","2018-Q3","TP.FINHESTNKS71013.ZP12","88291335.7051"
"K","2018-Q3","TP.FINHESTNKS71013.ZP13","23566460.9817"
"K","2018-Q3","TP.FINHESTNKS71013.ZP14","64724874.7234"
"K","2018-Q3","TP.FINHESTNKS71013.ZP15","197374365.752"
"K","2018-Q3","TP.FINHESTNKS71013.ZP16","197374365.752"
"K","2018-Q3","TP.FINHESTNKS71013.ZP17","0"
"K","2018-Q3","TP.FINHESTNKS71013.ZP18","0"
"K","2018-Q3","TP.FINHESTNKS71013.ZP19","0"
"K","2018-Q3","TP.FINHESTNKS71013.ZP20","0"
"K","2018-Q3","TP.FINHESTNKS71013.ZP21","0"
"K","2018-Q3","TP.FINHESTNKS71013.ZP22","206435557.4251"
"K","2018-Q3","TP.FINHESTNKS71013.ZP23","613672945.2725"
"K","2018-Q3","TP.FINHESTNKS71013.ZP24","0"
"K","2018-Q3","TP.FINHESTNKS71013.ZP26","0"
"K","2018-Q3","TP.FINHESTNKS71013.ZP27","2645970"
"K","2018-Q3","TP.FINHESTNKS71013.ZP28","2645970"
"K","2018-Q3","TP.FINHESTNKS71013.ZP29","0"
"K","2018-Q3","TP.FINHESTNKS71013.ZP30","0"
"K","2018-Q3","TP.FINHESTNKS71013.ZP31","864983083.3246"
"K","2018-Q3","TP.FINHESTNKS71013.ZP32","100071485.234"
"K","2018-Q3","TP.FINHESTNKS71013.ZP33","764911598.0906"
"K","2018-Q3","TP.FINHESTNKS71013.ZP34","214600982.8234"
"K","2018-Q3","TP.FINHESTNKS71013.ZP35","22678101.4241"
"K","2018-Q3","TP.FINHESTNKS71013.ZP36","191922881.3994"
"K","2018-Q3","TP.FINHESTNKS71013.ZP37","88838265.1048"
"K","2018-Q3","TP.FINHESTNKS71013.ZP38","88838265.1048"
"K","2018-Q3","TP.FINHESTNKS71013.ZP39","0"
"K","2018-Q3","TP.FINHESTNKS71013.ZP40","0"
"K","2018-Q3","TP.FINHESTNKS71013.ZP41","0"
"K","2018-Q3","TP.FINHESTNKS71013.ZP42","14407999.0212"
"K","2018-Q3","TP.FINHESTNKS71013.ZP43","0"
"K","2018-Q3","TP.FINHESTNKS71013.ZP44","112208286.3448"
"K","2018-Q3","TP.FINHESTNKS71013.ZP45","1297684586.6188"
"K","2018-Q4","TP.FINHESTNKS71013.ZP1","-690265607.9441"
"K","2018-Q4","TP.FINHESTNKS71013.ZP2","0"
"K","2018-Q4","TP.FINHESTNKS71013.ZP3","0"
"K","2018-Q4","TP.FINHESTNKS71013.ZP4","0"
"K","2018-Q4","TP.FINHESTNKS71013.ZP5","98599217.8186"
"K","2018-Q4","TP.FINHESTNKS71013.ZP6","4584566.6672"
"K","2018-Q4","TP.FINHESTNKS71013.ZP7","94014651.1441"
"K","2018-Q4","TP.FINHESTNKS71013.ZP8","0"
"K","2018-Q4","TP.FINHESTNKS71013.ZP9","13780605.9176"
"K","2018-Q4","TP.FINHESTNKS71013.ZP10","2182172.8937"
"K","2018-Q4","TP.FINHESTNKS71013.ZP11","11598433.024"
"K","2018-Q4","TP.FINHESTNKS71013.ZP12","85916781.0391"
"K","2018-Q4","TP.FINHESTNKS71013.ZP13","22932651.9059"
"K","2018-Q4","TP.FINHESTNKS71013.ZP14","62984129.1332"
"K","2018-Q4","TP.FINHESTNKS71013.ZP15","196514758.9525"
"K","2018-Q4","TP.FINHESTNKS71013.ZP16","196514758.9525"
"K","2018-Q4","TP.FINHESTNKS71013.ZP17","0"
"K","2018-Q4","TP.FINHESTNKS71013.ZP18","0"
"K","2018-Q4","TP.FINHESTNKS71013.ZP19","0"
"K","2018-Q4","TP.FINHESTNKS71013.ZP20","0"
"K","2018-Q4","TP.FINHESTNKS71013.ZP21","0"
"K","2018-Q4","TP.FINHESTNKS71013.ZP22","226373217.9342"
"K","2018-Q4","TP.FINHESTNKS71013.ZP23","621184581.6621"
"K","2018-Q4","TP.FINHESTNKS71013.ZP24","0"
"K","2018-Q4","TP.FINHESTNKS71013.ZP26","0"
"K","2018-Q4","TP.FINHESTNKS71013.ZP27","2731196.37"
"K","2018-Q4","TP.FINHESTNKS71013.ZP28","2731196.37"
"K","2018-Q4","TP.FINHESTNKS71013.ZP29","0"
"K","2018-Q4","TP.FINHESTNKS71013.ZP30","0"
"K","2018-Q4","TP.FINHESTNKS71013.ZP31","885270132.4835"
"K","2018-Q4","TP.FINHESTNKS71013.ZP32","102418531.2971"
"K","2018-Q4","TP.FINHESTNKS71013.ZP33","782851601.1864"
"K","2018-Q4","TP.FINHESTNKS71013.ZP34","200145080.7297"
"K","2018-Q4","TP.FINHESTNKS71013.ZP35","21150464.3669"
"K","2018-Q4","TP.FINHESTNKS71013.ZP36","178994616.3627"
"K","2018-Q4","TP.FINHESTNKS71013.ZP37","86156600.6126"
"K","2018-Q4","TP.FINHESTNKS71013.ZP38","86156600.6126"
"K","2018-Q4","TP.FINHESTNKS71013.ZP39","0"
"K","2018-Q4","TP.FINHESTNKS71013.ZP40","0"
"K","2018-Q4","TP.FINHESTNKS71013.ZP41","0"
"K","2018-Q4","TP.FINHESTNKS71013.ZP42","17982950.3205"
"K","2018-Q4","TP.FINHESTNKS71013.ZP43","0"
"K","2018-Q4","TP.FINHESTNKS71013.ZP44","119164229.0899"
"K","2018-Q4","TP.FINHESTNKS71013.ZP45","1311450189.6061"
"K","2019-Q1","TP.FINHESTNKS71013.ZP1","-728781143.1857"
"K","2019-Q1","TP.FINHESTNKS71013.ZP2","0"
"K","2019-Q1","TP.FINHESTNKS71013.ZP3","0"
"K","2019-Q1","TP.FINHESTNKS71013.ZP4","0"
"K","2019-Q1","TP.FINHESTNKS71013.ZP5","136041944.5485"
"K","2019-Q1","TP.FINHESTNKS71013.ZP6","367827.4779"
"K","2019-Q1","TP.FINHESTNKS71013.ZP7","135674117.0706"
"K","2019-Q1","TP.FINHESTNKS71013.ZP8","0"
"K","2019-Q1","TP.FINHESTNKS71013.ZP9","13569754.5423"
"K","2019-Q1","TP.FINHESTNKS71013.ZP10","541320.1094"
"K","2019-Q1","TP.FINHESTNKS71013.ZP11","13028434.4543"
"K","2019-Q1","TP.FINHESTNKS71013.ZP12","89387656.7064"
"K","2019-Q1","TP.FINHESTNKS71013.ZP13","26286967.4671"
"K","2019-Q1","TP.FINHESTNKS71013.ZP14","63100689.2392"
"K","2019-Q1","TP.FINHESTNKS71013.ZP15","207649385.7721"
"K","2019-Q1","TP.FINHESTNKS71013.ZP16","207649385.7721"
"K","2019-Q1","TP.FINHESTNKS71013.ZP17","0"
"K","2019-Q1","TP.FINHESTNKS71013.ZP18","0"
"K","2019-Q1","TP.FINHESTNKS71013.ZP19","0"
"K","2019-Q1","TP.FINHESTNKS71013.ZP20","0"
"K","2019-Q1","TP.FINHESTNKS71013.ZP21","0"
"K","2019-Q1","TP.FINHESTNKS71013.ZP22","205858451.7684"
"K","2019-Q1","TP.FINHESTNKS71013.ZP23","652507193.3376"
"K","2019-Q1","TP.FINHESTNKS71013.ZP24","0"
"K","2019-Q1","TP.FINHESTNKS71013.ZP26","0"
"K","2019-Q1","TP.FINHESTNKS71013.ZP27","2798593.77"
"K","2019-Q1","TP.FINHESTNKS71013.ZP28","2798593.77"
"K","2019-Q1","TP.FINHESTNKS71013.ZP29","0"
"K","2019-Q1","TP.FINHESTNKS71013.ZP30","0"
"K","2019-Q1","TP.FINHESTNKS71013.ZP31","935761632.8527"
"K","2019-Q1","TP.FINHESTNKS71013.ZP32","102703775.6465"
"K","2019-Q1","TP.FINHESTNKS71013.ZP33","833057857.2063"
"K","2019-Q1","TP.FINHESTNKS71013.ZP34","208614951.1646"
"K","2019-Q1","TP.FINHESTNKS71013.ZP35","23962924.7771"
"K","2019-Q1","TP.FINHESTNKS71013.ZP36","184652026.3875"
"K","2019-Q1","TP.FINHESTNKS71013.ZP37","92223160.9113"
"K","2019-Q1","TP.FINHESTNKS71013.ZP38","92223160.9113"
"K","2019-Q1","TP.FINHESTNKS71013.ZP39","0"
"K","2019-Q1","TP.FINHESTNKS71013.ZP40","0"
"K","2019-Q1","TP.FINHESTNKS71013.ZP41","0"
"K","2019-Q1","TP.FINHESTNKS71013.ZP42","17760573.9737"
"K","2019-Q1","TP.FINHESTNKS71013.ZP43","0"
"K","2019-Q1","TP.FINHESTNKS71013.ZP44","124129423.8509"
"K","2019-Q1","TP.FINHESTNKS71013.ZP45","1381288336.5233"
"K","2019-Q2","TP.FINHESTNKS71013.ZP1","-835105801.2051"
"K","2019-Q2","TP.FINHESTNKS71013.ZP2","0"
"K","2019-Q2","TP.FINHESTNKS71013.ZP3","0"
"K","2019-Q2","TP.FINHESTNKS71013.ZP4","0"
"K","2019-Q2","TP.FINHESTNKS71013.ZP5","98955493.1689"
"K","2019-Q2","TP.FINHESTNKS71013.ZP6","257212.0495"
"K","2019-Q2","TP.FINHESTNKS71013.ZP7","98698281.1193"
"K","2019-Q2","TP.FINHESTNKS71013.ZP8","0"
"K","2019-Q2","TP.FINHESTNKS71013.ZP9","14072802.5568"
"K","2019-Q2","TP.FINHESTNKS71013.ZP10","225089.1512"
"K","2019-Q2","TP.FINHESTNKS71013.ZP11","13847713.4056"
"K","2019-Q2","TP.FINHESTNKS71013.ZP12","36401720.307"
"K","2019-Q2","TP.FINHESTNKS71013.ZP13","33211354.3472"
"K","2019-Q2","TP.FINHESTNKS71013.ZP14","3190365.9599"
"K","2019-Q2","TP.FINHESTNKS71013.ZP15","211763859.2311"
"K","2019-Q2","TP.FINHESTNKS71013.ZP16","211763859.2311"
"K","2019-Q2","TP.FINHESTNKS71013.ZP17","0"
"K","2019-Q2","TP.FINHESTNKS71013.ZP18","0"
"K","2019-Q2","TP.FINHESTNKS71013.ZP19","0"
"K","2019-Q2","TP.FINHESTNKS71013.ZP20","0"
"K","2019-Q2","TP.FINHESTNKS71013.ZP21","0"
"K","2019-Q2","TP.FINHESTNKS71013.ZP22","217402292.7142"
"K","2019-Q2","TP.FINHESTNKS71013.ZP23","578596167.9779"
"K","2019-Q2","TP.FINHESTNKS71013.ZP24","0"
"K","2019-Q2","TP.FINHESTNKS71013.ZP26","0"
"K","2019-Q2","TP.FINHESTNKS71013.ZP27","2921224.77"
"K","2019-Q2","TP.FINHESTNKS71013.ZP28","2921224.77"
"K","2019-Q2","TP.FINHESTNKS71013.ZP29","0"
"K","2019-Q2","TP.FINHESTNKS71013.ZP30","0"
"K","2019-Q2","TP.FINHESTNKS71013.ZP31","1037266736.7726"
"K","2019-Q2","TP.FINHESTNKS71013.ZP32","132478034.0374"
"K","2019-Q2","TP.FINHESTNKS71013.ZP33","904788702.7353"
"K","2019-Q2","TP.FINHESTNKS71013.ZP34","135502558.0904"
"K","2019-Q2","TP.FINHESTNKS71013.ZP35","23962462.7373"
"K","2019-Q2","TP.FINHESTNKS71013.ZP36","111540095.3531"
"K","2019-Q2","TP.FINHESTNKS71013.ZP37","94329782.2424"
"K","2019-Q2","TP.FINHESTNKS71013.ZP38","94329782.2424"
"K","2019-Q2","TP.FINHESTNKS71013.ZP39","0"
"K","2019-Q2","TP.FINHESTNKS71013.ZP40","0"
"K","2019-Q2","TP.FINHESTNKS71013.ZP41","0"
"K","2019-Q2","TP.FINHESTNKS71013.ZP42","17846084.443"
"K","2019-Q2","TP.FINHESTNKS71013.ZP43","0"
"K","2019-Q2","TP.FINHESTNKS71013.ZP44","125835582.8646"
"K","2019-Q2","TP.FINHESTNKS71013.ZP45","1413701969.183"
"K","2019-Q3","TP.FINHESTNKS71013.ZP1","-859326554.5189"
"K","2019-Q3","TP.FINHESTNKS71013.ZP2","0"
"K","2019-Q3","TP.FINHESTNKS71013.ZP3","0"
"K","2019-Q3","TP.FINHESTNKS71013.ZP4","0"
"K","2019-Q3","TP.FINHESTNKS71013.ZP5","134389245.5647"
"K","2019-Q3","TP.FINHESTNKS71013.ZP6","366286.0473"
"K","2019-Q3","TP.FINHESTNKS71013.ZP7","134022959.5174"
"K","2019-Q3","TP.FINHESTNKS71013.ZP8","0"
"K","2019-Q3","TP.FINHESTNKS71013.ZP9","13497397.6196"
"K","2019-Q3","TP.FINHESTNKS71013.ZP10","63115.974"
"K","2019-Q3","TP.FINHESTNKS71013.ZP11","13434281.6456"
"K","2019-Q3","TP.FINHESTNKS71013.ZP12","35948677.2649"
"K","2019-Q3","TP.FINHESTNKS71013.ZP13","33145863.805"
"K","2019-Q3","TP.FINHESTNKS71013.ZP14","2802813.4599"
"K","2019-Q3","TP.FINHESTNKS71013.ZP15","215007747.9456"
"K","2019-Q3","TP.FINHESTNKS71013.ZP16","215007747.9456"
"K","2019-Q3","TP.FINHESTNKS71013.ZP17","0"
"K","2019-Q3","TP.FINHESTNKS71013.ZP18","0"
"K","2019-Q3","TP.FINHESTNKS71013.ZP19","0"
"K","2019-Q3","TP.FINHESTNKS71013.ZP20","0"
"K","2019-Q3","TP.FINHESTNKS71013.ZP21","0"
"K","2019-Q3","TP.FINHESTNKS71013.ZP22","224877075.9312"
"K","2019-Q3","TP.FINHESTNKS71013.ZP23","623720144.326"
"K","2019-Q3","TP.FINHESTNKS71013.ZP24","0"
"K","2019-Q3","TP.FINHESTNKS71013.ZP26","0"
"K","2019-Q3","TP.FINHESTNKS71013.ZP27","3065071.57"
"K","2019-Q3","TP.FINHESTNKS71013.ZP28","3065071.57"
"K","2019-Q3","TP.FINHESTNKS71013.ZP29","0"
"K","2019-Q3","TP.FINHESTNKS71013.ZP30","0"
"K","2019-Q3","TP.FINHESTNKS71013.ZP31","1107878558.423"
"K","2019-Q3","TP.FINHESTNKS71013.ZP32","141318150.8997"
"K","2019-Q3","TP.FINHESTNKS71013.ZP33","966560407.5232"
"K","2019-Q3","TP.FINHESTNKS71013.ZP34","125839431.9747"
"K","2019-Q3","TP.FINHESTNKS71013.ZP35","23513045.847"
"K","2019-Q3","TP.FINHESTNKS71013.ZP36","102326386.1277"
"K","2019-Q3","TP.FINHESTNKS71013.ZP37","96556245.2424"
"K","2019-Q3","TP.FINHESTNKS71013.ZP38","96556245.2424"
"K","2019-Q3","TP.FINHESTNKS71013.ZP39","0"
"K","2019-Q3","TP.FINHESTNKS71013.ZP40","0"
"K","2019-Q3","TP.FINHESTNKS71013.ZP41","0"
"K","2019-Q3","TP.FINHESTNKS71013.ZP42","17770789.4747"
"K","2019-Q3","TP.FINHESTNKS71013.ZP43","0"
"K","2019-Q3","TP.FINHESTNKS71013.ZP44","131936602.1602"
"K","2019-Q3","TP.FINHESTNKS71013.ZP45","1483046698.8449"
"K","2019-Q4","TP.FINHESTNKS71013.ZP1","-945778212.3978"
"K","2019-Q4","TP.FINHESTNKS71013.ZP2","0"
"K","2019-Q4","TP.FINHESTNKS71013.ZP3","0"
"K","2019-Q4","TP.FINHESTNKS71013.ZP4","0"
"K","2019-Q4","TP.FINHESTNKS71013.ZP5","138402343.7094"
"K","2019-Q4","TP.FINHESTNKS71013.ZP6","339885.6717"
"K","2019-Q4","TP.FINHESTNKS71013.ZP7","138062458.0376"
"K","2019-Q4","TP.FINHESTNKS71013.ZP8","0"
"K","2019-Q4","TP.FINHESTNKS71013.ZP9","13803633.1037"
"K","2019-Q4","TP.FINHESTNKS71013.ZP10","62976.0643"
"K","2019-Q4","TP.FINHESTNKS71013.ZP11","13740657.0393"
"K","2019-Q4","TP.FINHESTNKS71013.ZP12","40967936.1257"
"K","2019-Q4","TP.FINHESTNKS71013.ZP13","34615180.4453"
"K","2019-Q4","TP.FINHESTNKS71013.ZP14","6352755.6804"
"K","2019-Q4","TP.FINHESTNKS71013.ZP15","227547696.7879"
"K","2019-Q4","TP.FINHESTNKS71013.ZP16","227547696.7879"
"K","2019-Q4","TP.FINHESTNKS71013.ZP17","0"
"K","2019-Q4","TP.FINHESTNKS71013.ZP18","0"
"K","2019-Q4","TP.FINHESTNKS71013.ZP19","0"
"K","2019-Q4","TP.FINHESTNKS71013.ZP20","0"
"K","2019-Q4","TP.FINHESTNKS71013.ZP21","0"
"K","2019-Q4","TP.FINHESTNKS71013.ZP22","251113193.0489"
"K","2019-Q4","TP.FINHESTNKS71013.ZP23","671834802.7755"
"K","2019-Q4","TP.FINHESTNKS71013.ZP24","0"
"K","2019-Q4","TP.FINHESTNKS71013.ZP26","0"
"K","2019-Q4","TP.FINHESTNKS71013.ZP27","3145571.27"
"K","2019-Q4","TP.FINHESTNKS71013.ZP28","3145571.27"
"K","2019-Q4","TP.FINHESTNKS71013.ZP29","0"
"K","2019-Q4","TP.FINHESTNKS71013.ZP30","0"
"K","2019-Q4","TP.FINHESTNKS71013.ZP31","1223505074.1284"
"K","2019-Q4","TP.FINHESTNKS71013.ZP32","66265971.3995"
"K","2019-Q4","TP.FINHESTNKS71013.ZP33","1157239102.7288"
"K","2019-Q4","TP.FINHESTNKS71013.ZP34","138099511.6679"
"K","2019-Q4","TP.FINHESTNKS71013.ZP35","24882490.1411"
"K","2019-Q4","TP.FINHESTNKS71013.ZP36","113217021.5268"
"K","2019-Q4","TP.FINHESTNKS71013.ZP37","89456543.1539"
"K","2019-Q4","TP.FINHESTNKS71013.ZP38","89456543.1539"
"K","2019-Q4","TP.FINHESTNKS71013.ZP39","0"
"K","2019-Q4","TP.FINHESTNKS71013.ZP40","0"
"K","2019-Q4","TP.FINHESTNKS71013.ZP41","0"
"K","2019-Q4","TP.FINHESTNKS71013.ZP42","20493630.2046"
"K","2019-Q4","TP.FINHESTNKS71013.ZP43","0.0022"
"K","2019-Q4","TP.FINHESTNKS71013.ZP44","142912684.7463"
"K","2019-Q4","TP.FINHESTNKS71013.ZP45","1617613015.1733"
"K","2020-Q1","TP.FINHESTNKS71013.ZP1","-982163596.5295"
"K","2020-Q1","TP.FINHESTNKS71013.ZP2","0"
"K","2020-Q1","TP.FINHESTNKS71013.ZP3","0"
"K","2020-Q1","TP.FINHESTNKS71013.ZP4","0"
"K","2020-Q1","TP.FINHESTNKS71013.ZP5","220456498.5069"
"K","2020-Q1","TP.FINHESTNKS71013.ZP6","468937.2592"
"K","2020-Q1","TP.FINHESTNKS71013.ZP7","56870770.4875"
"K","2020-Q1","TP.FINHESTNKS71013.ZP8","163116790.7602"
"K","2020-Q1","TP.FINHESTNKS71013.ZP9","17182103.0815"
"K","2020-Q1","TP.FINHESTNKS71013.ZP10","3857784.1366"
"K","2020-Q1","TP.FINHESTNKS71013.ZP11","13324318.945"
"K","2020-Q1","TP.FINHESTNKS71013.ZP12","119343993.5294"
"K","2020-Q1","TP.FINHESTNKS71013.ZP13","0"
"K","2020-Q1","TP.FINHESTNKS71013.ZP14","119343993.5294"
"K","2020-Q1","TP.FINHESTNKS71013.ZP15","125258844.3702"
"K","2020-Q1","TP.FINHESTNKS71013.ZP16","125258844.3702"
"K","2020-Q1","TP.FINHESTNKS71013.ZP17","0"
"K","2020-Q1","TP.FINHESTNKS71013.ZP18","0"
"K","2020-Q1","TP.FINHESTNKS71013.ZP19","0"
"K","2020-Q1","TP.FINHESTNKS71013.ZP20","0"
"K","2020-Q1","TP.FINHESTNKS71013.ZP21","289508.6799"
"K","2020-Q1","TP.FINHESTNKS71013.ZP22","221776422.969"
"K","2020-Q1","TP.FINHESTNKS71013.ZP23","704307371.137"
"K","2020-Q1","TP.FINHESTNKS71013.ZP24","0"
"K","2020-Q1","TP.FINHESTNKS71013.ZP26","0"
"K","2020-Q1","TP.FINHESTNKS71013.ZP27","4151457.3531"
"K","2020-Q1","TP.FINHESTNKS71013.ZP28","3237029.3"
"K","2020-Q1","TP.FINHESTNKS71013.ZP29","914428.0531"
"K","2020-Q1","TP.FINHESTNKS71013.ZP30","0"
"K","2020-Q1","TP.FINHESTNKS71013.ZP31","1239471739.9137"
"K","2020-Q1","TP.FINHESTNKS71013.ZP32","19642340.1903"
"K","2020-Q1","TP.FINHESTNKS71013.ZP33","1219829399.7234"
"K","2020-Q1","TP.FINHESTNKS71013.ZP34","246926692.2552"
"K","2020-Q1","TP.FINHESTNKS71013.ZP35","128756"
"K","2020-Q1","TP.FINHESTNKS71013.ZP36","246797936.2552"
"K","2020-Q1","TP.FINHESTNKS71013.ZP37","0"
"K","2020-Q1","TP.FINHESTNKS71013.ZP38","0"
"K","2020-Q1","TP.FINHESTNKS71013.ZP39","0"
"K","2020-Q1","TP.FINHESTNKS71013.ZP40","0"
"K","2020-Q1","TP.FINHESTNKS71013.ZP41","0"
"K","2020-Q1","TP.FINHESTNKS71013.ZP42","21966716.5023"
"K","2020-Q1","TP.FINHESTNKS71013.ZP43","498578.9813"
"K","2020-Q1","TP.FINHESTNKS71013.ZP44","173455782.6609"
"K","2020-Q1","TP.FINHESTNKS71013.ZP45","1686470967.6665"
"K","2020-Q2","TP.FINHESTNKS71013.ZP1","-1156628572.6957"
"K","2020-Q2","TP.FINHESTNKS71013.ZP2","0"
"K","2020-Q2","TP.FINHESTNKS71013.ZP3","0"
"K","2020-Q2","TP.FINHESTNKS71013.ZP4","0"
"K","2020-Q2","TP.FINHESTNKS71013.ZP5","247623122.6456"
"K","2020-Q2","TP.FINHESTNKS71013.ZP6","619285.6161"
"K","2020-Q2","TP.FINHESTNKS71013.ZP7","64246159.8032"
"K","2020-Q2","TP.FINHESTNKS71013.ZP8","182757677.2264"
"K","2020-Q2","TP.FINHESTNKS71013.ZP9","17197409.4325"
"K","2020-Q2","TP.FINHESTNKS71013.ZP10","3749848.829"
"K","2020-Q2","TP.FINHESTNKS71013.ZP11","13447560.6035"
"K","2020-Q2","TP.FINHESTNKS71013.ZP12","157482065.2734"
"K","2020-Q2","TP.FINHESTNKS71013.ZP13","0"
"K","2020-Q2","TP.FINHESTNKS71013.ZP14","157482065.2734"
"K","2020-Q2","TP.FINHESTNKS71013.ZP15","126601525.5495"
"K","2020-Q2","TP.FINHESTNKS71013.ZP16","126601525.5495"
"K","2020-Q2","TP.FINHESTNKS71013.ZP17","0"
"K","2020-Q2","TP.FINHESTNKS71013.ZP18","0"
"K","2020-Q2","TP.FINHESTNKS71013.ZP19","0"
"K","2020-Q2","TP.FINHESTNKS71013.ZP20","0"
"K","2020-Q2","TP.FINHESTNKS71013.ZP21","1041316.0875"
"K","2020-Q2","TP.FINHESTNKS71013.ZP22","245040084.4393"
"K","2020-Q2","TP.FINHESTNKS71013.ZP23","794985523.4278"
"K","2020-Q2","TP.FINHESTNKS71013.ZP24","0"
"K","2020-Q2","TP.FINHESTNKS71013.ZP26","0"
"K","2020-Q2","TP.FINHESTNKS71013.ZP27","4258278.3001"
"K","2020-Q2","TP.FINHESTNKS71013.ZP28","3354970.5084"
"K","2020-Q2","TP.FINHESTNKS71013.ZP29","903307.7917"
"K","2020-Q2","TP.FINHESTNKS71013.ZP30","0"
"K","2020-Q2","TP.FINHESTNKS71013.ZP31","1496120699.7776"
"K","2020-Q2","TP.FINHESTNKS71013.ZP32","22566844.1109"
"K","2020-Q2","TP.FINHESTNKS71013.ZP33","1473553855.6667"
"K","2020-Q2","TP.FINHESTNKS71013.ZP34","258449799.9198"
"K","2020-Q2","TP.FINHESTNKS71013.ZP35","116721"
"K","2020-Q2","TP.FINHESTNKS71013.ZP36","258333078.9198"
"K","2020-Q2","TP.FINHESTNKS71013.ZP37","0"
"K","2020-Q2","TP.FINHESTNKS71013.ZP38","0"
"K","2020-Q2","TP.FINHESTNKS71013.ZP39","0"
"K","2020-Q2","TP.FINHESTNKS71013.ZP40","0"
"K","2020-Q2","TP.FINHESTNKS71013.ZP41","0"
"K","2020-Q2","TP.FINHESTNKS71013.ZP42","22706307.0869"
"K","2020-Q2","TP.FINHESTNKS71013.ZP43","1290134.0438"
"K","2020-Q2","TP.FINHESTNKS71013.ZP44","168788876.9953"
"K","2020-Q2","TP.FINHESTNKS71013.ZP45","1951614096.1235"
"K","2020-Q3","TP.FINHESTNKS71013.ZP1","-1286395662.8951"
"K","2020-Q3","TP.FINHESTNKS71013.ZP2","0"
"K","2020-Q3","TP.FINHESTNKS71013.ZP3","0"
"K","2020-Q3","TP.FINHESTNKS71013.ZP4","0"
"K","2020-Q3","TP.FINHESTNKS71013.ZP5","322092165.8349"
"K","2020-Q3","TP.FINHESTNKS71013.ZP6","250811.4701"
"K","2020-Q3","TP.FINHESTNKS71013.ZP7","85004843.8204"
"K","2020-Q3","TP.FINHESTNKS71013.ZP8","236836510.5444"
"K","2020-Q3","TP.FINHESTNKS71013.ZP9","16852315.8327"
"K","2020-Q3","TP.FINHESTNKS71013.ZP10","1259611.8896"
"K","2020-Q3","TP.FINHESTNKS71013.ZP11","15592703.943"
"K","2020-Q3","TP.FINHESTNKS71013.ZP12","174018792.8238"
"K","2020-Q3","TP.FINHESTNKS71013.ZP13","0"
"K","2020-Q3","TP.FINHESTNKS71013.ZP14","174018792.8238"
"K","2020-Q3","TP.FINHESTNKS71013.ZP15","129679557.5319"
"K","2020-Q3","TP.FINHESTNKS71013.ZP16","129679557.5319"
"K","2020-Q3","TP.FINHESTNKS71013.ZP17","0"
"K","2020-Q3","TP.FINHESTNKS71013.ZP18","0"
"K","2020-Q3","TP.FINHESTNKS71013.ZP19","0"
"K","2020-Q3","TP.FINHESTNKS71013.ZP20","0"
"K","2020-Q3","TP.FINHESTNKS71013.ZP21","1846935.0631"
"K","2020-Q3","TP.FINHESTNKS71013.ZP22","246673930.468"
"K","2020-Q3","TP.FINHESTNKS71013.ZP23","891163697.5543"
"K","2020-Q3","TP.FINHESTNKS71013.ZP24","0"
"K","2020-Q3","TP.FINHESTNKS71013.ZP26","0"
"K","2020-Q3","TP.FINHESTNKS71013.ZP27","4179801.7193"
"K","2020-Q3","TP.FINHESTNKS71013.ZP28","3492796.5084"
"K","2020-Q3","TP.FINHESTNKS71013.ZP29","687005.2109"
"K","2020-Q3","TP.FINHESTNKS71013.ZP30","0"
"K","2020-Q3","TP.FINHESTNKS71013.ZP31","1674517547.4883"
"K","2020-Q3","TP.FINHESTNKS71013.ZP32","173944363.323"
"K","2020-Q3","TP.FINHESTNKS71013.ZP33","1500573184.1653"
"K","2020-Q3","TP.FINHESTNKS71013.ZP34","298084465.9186"
"K","2020-Q3","TP.FINHESTNKS71013.ZP35","116412"
"K","2020-Q3","TP.FINHESTNKS71013.ZP36","297968053.9186"
"K","2020-Q3","TP.FINHESTNKS71013.ZP37","0"
"K","2020-Q3","TP.FINHESTNKS71013.ZP38","0"
"K","2020-Q3","TP.FINHESTNKS71013.ZP39","0"
"K","2020-Q3","TP.FINHESTNKS71013.ZP40","0"
"K","2020-Q3","TP.FINHESTNKS71013.ZP41","0"
"K","2020-Q3","TP.FINHESTNKS71013.ZP42","22221916.9452"
"K","2020-Q3","TP.FINHESTNKS71013.ZP43","2283947.775"
"K","2020-Q3","TP.FINHESTNKS71013.ZP44","176271680.603"
"K","2020-Q3","TP.FINHESTNKS71013.ZP45","2177559360.4495"
"K","2020-Q4","TP.FINHESTNKS71013.ZP1","-1298351344.3074"
"K","2020-Q4","TP.FINHESTNKS71013.ZP2","0"
"K","2020-Q4","TP.FINHESTNKS71013.ZP3","0"
"K","2020-Q4","TP.FINHESTNKS71013.ZP4","0"
"K","2020-Q4","TP.FINHESTNKS71013.ZP5","298299280.9913"
"K","2020-Q4","TP.FINHESTNKS71013.ZP6","75576.67"
"K","2020-Q4","TP.FINHESTNKS71013.ZP7","87286843.3289"
"K","2020-Q4","TP.FINHESTNKS71013.ZP8","210936860.9924"
"K","2020-Q4","TP.FINHESTNKS71013.ZP9","17214090.5014"
"K","2020-Q4","TP.FINHESTNKS71013.ZP10","1256968.9408"
"K","2020-Q4","TP.FINHESTNKS71013.ZP11","15957121.5606"
"K","2020-Q4","TP.FINHESTNKS71013.ZP12","173457948.8546"
"K","2020-Q4","TP.FINHESTNKS71013.ZP13","0"
"K","2020-Q4","TP.FINHESTNKS71013.ZP14","173457948.8546"
"K","2020-Q4","TP.FINHESTNKS71013.ZP15","133469654.5142"
"K","2020-Q4","TP.FINHESTNKS71013.ZP16","133469654.5142"
"K","2020-Q4","TP.FINHESTNKS71013.ZP17","0"
"K","2020-Q4","TP.FINHESTNKS71013.ZP18","0"
"K","2020-Q4","TP.FINHESTNKS71013.ZP19","0"
"K","2020-Q4","TP.FINHESTNKS71013.ZP20","0"
"K","2020-Q4","TP.FINHESTNKS71013.ZP21","0"
"K","2020-Q4","TP.FINHESTNKS71013.ZP22","309791044.5774"
"K","2020-Q4","TP.FINHESTNKS71013.ZP23","932232019.439"
"K","2020-Q4","TP.FINHESTNKS71013.ZP24","0"
"K","2020-Q4","TP.FINHESTNKS71013.ZP26","0"
"K","2020-Q4","TP.FINHESTNKS71013.ZP27","5718754.6085"
"K","2020-Q4","TP.FINHESTNKS71013.ZP28","3632618.5584"
"K","2020-Q4","TP.FINHESTNKS71013.ZP29","2086136.0501"
"K","2020-Q4","TP.FINHESTNKS71013.ZP30","0"
"K","2020-Q4","TP.FINHESTNKS71013.ZP31","1705880324.6595"
"K","2020-Q4","TP.FINHESTNKS71013.ZP32","172613048.7151"
"K","2020-Q4","TP.FINHESTNKS71013.ZP33","1533267275.9444"
"K","2020-Q4","TP.FINHESTNKS71013.ZP34","303815564.7011"
"K","2020-Q4","TP.FINHESTNKS71013.ZP35","109300"
"K","2020-Q4","TP.FINHESTNKS71013.ZP36","303706264.7011"
"K","2020-Q4","TP.FINHESTNKS71013.ZP37","0"
"K","2020-Q4","TP.FINHESTNKS71013.ZP38","0"
"K","2020-Q4","TP.FINHESTNKS71013.ZP39","0"
"K","2020-Q4","TP.FINHESTNKS71013.ZP40","0"
"K","2020-Q4","TP.FINHESTNKS71013.ZP41","0"
"K","2020-Q4","TP.FINHESTNKS71013.ZP42","28368544.6974"
"K","2020-Q4","TP.FINHESTNKS71013.ZP43","0"
"K","2020-Q4","TP.FINHESTNKS71013.ZP44","186800175.08"
"K","2020-Q4","TP.FINHESTNKS71013.ZP45","2230583363.7465"
"K","2021-Q1","TP.FINHESTNKS71013.ZP1","-964031322.6038"
"K","2021-Q1","TP.FINHESTNKS71013.ZP2","0"
"K","2021-Q1","TP.FINHESTNKS71013.ZP3","0"
"K","2021-Q1","TP.FINHESTNKS71013.ZP4","0"
"K","2021-Q1","TP.FINHESTNKS71013.ZP5","368084975.9176"
"K","2021-Q1","TP.FINHESTNKS71013.ZP6","97157.9833"
"K","2021-Q1","TP.FINHESTNKS71013.ZP7","93736929.1122"
"K","2021-Q1","TP.FINHESTNKS71013.ZP8","274250888.8221"
"K","2021-Q1","TP.FINHESTNKS71013.ZP9","16996825.5977"
"K","2021-Q1","TP.FINHESTNKS71013.ZP10","1064298.8982"
"K","2021-Q1","TP.FINHESTNKS71013.ZP11","15932526.6995"
"K","2021-Q1","TP.FINHESTNKS71013.ZP12","186845196.0248"
"K","2021-Q1","TP.FINHESTNKS71013.ZP13","0"
"K","2021-Q1","TP.FINHESTNKS71013.ZP14","186845196.0248"
"K","2021-Q1","TP.FINHESTNKS71013.ZP15","456001477.2018"
"K","2021-Q1","TP.FINHESTNKS71013.ZP16","456001477.2018"
"K","2021-Q1","TP.FINHESTNKS71013.ZP17","0"
"K","2021-Q1","TP.FINHESTNKS71013.ZP18","0"
"K","2021-Q1","TP.FINHESTNKS71013.ZP19","0"
"K","2021-Q1","TP.FINHESTNKS71013.ZP20","0"
"K","2021-Q1","TP.FINHESTNKS71013.ZP21","840904.422"
"K","2021-Q1","TP.FINHESTNKS71013.ZP22","281467998.8386"
"K","2021-Q1","TP.FINHESTNKS71013.ZP23","1310237378.0025"
"K","2021-Q1","TP.FINHESTNKS71013.ZP24","0"
"K","2021-Q1","TP.FINHESTNKS71013.ZP26","0"
"K","2021-Q1","TP.FINHESTNKS71013.ZP27","5240179.5334"
"K","2021-Q1","TP.FINHESTNKS71013.ZP28","3739762.8"
"K","2021-Q1","TP.FINHESTNKS71013.ZP29","1500416.7334"
"K","2021-Q1","TP.FINHESTNKS71013.ZP30","0"
"K","2021-Q1","TP.FINHESTNKS71013.ZP31","1753794165.0412"
"K","2021-Q1","TP.FINHESTNKS71013.ZP32","187157891.9345"
"K","2021-Q1","TP.FINHESTNKS71013.ZP33","1566636273.1067"
"K","2021-Q1","TP.FINHESTNKS71013.ZP34","299122111.3803"
"K","2021-Q1","TP.FINHESTNKS71013.ZP35","112484"
"K","2021-Q1","TP.FINHESTNKS71013.ZP36","299009627.3803"
"K","2021-Q1","TP.FINHESTNKS71013.ZP37","0"
"K","2021-Q1","TP.FINHESTNKS71013.ZP38","0"
"K","2021-Q1","TP.FINHESTNKS71013.ZP39","0"
"K","2021-Q1","TP.FINHESTNKS71013.ZP40","0"
"K","2021-Q1","TP.FINHESTNKS71013.ZP41","0"
"K","2021-Q1","TP.FINHESTNKS71013.ZP42","26761655.536"
"K","2021-Q1","TP.FINHESTNKS71013.ZP43","510442.3688"
"K","2021-Q1","TP.FINHESTNKS71013.ZP44","188840146.7467"
"K","2021-Q1","TP.FINHESTNKS71013.ZP45","2274268700.6064"
"K","2021-Q2","TP.FINHESTNKS71013.ZP1","-1076564640.0907"
"K","2021-Q2","TP.FINHESTNKS71013.ZP2","0"
"K","2021-Q2","TP.FINHESTNKS71013.ZP3","0"
"K","2021-Q2","TP.FINHESTNKS71013.ZP4","0"
"K","2021-Q2","TP.FINHESTNKS71013.ZP5","354032931.8567"
"K","2021-Q2","TP.FINHESTNKS71013.ZP6","265383.0023"
"K","2021-Q2","TP.FINHESTNKS71013.ZP7","93451812.1394"
"K","2021-Q2","TP.FINHESTNKS71013.ZP8","260315736.715"
"K","2021-Q2","TP.FINHESTNKS71013.ZP9","17479100.9934"
"K","2021-Q2","TP.FINHESTNKS71013.ZP10","1230040.6088"
"K","2021-Q2","TP.FINHESTNKS71013.ZP11","16249060.3846"
"K","2021-Q2","TP.FINHESTNKS71013.ZP12","195148897.6443"
"K","2021-Q2","TP.FINHESTNKS71013.ZP13","0"
"K","2021-Q2","TP.FINHESTNKS71013.ZP14","195148897.6443"
"K","2021-Q2","TP.FINHESTNKS71013.ZP15","458364510.1643"
"K","2021-Q2","TP.FINHESTNKS71013.ZP16","458364510.1643"
"K","2021-Q2","TP.FINHESTNKS71013.ZP17","0"
"K","2021-Q2","TP.FINHESTNKS71013.ZP18","0"
"K","2021-Q2","TP.FINHESTNKS71013.ZP19","0"
"K","2021-Q2","TP.FINHESTNKS71013.ZP20","0"
"K","2021-Q2","TP.FINHESTNKS71013.ZP21","1773308.5847"
"K","2021-Q2","TP.FINHESTNKS71013.ZP22","318891960.5029"
"K","2021-Q2","TP.FINHESTNKS71013.ZP23","1345690709.7464"
"K","2021-Q2","TP.FINHESTNKS71013.ZP24","0"
"K","2021-Q2","TP.FINHESTNKS71013.ZP26","0"
"K","2021-Q2","TP.FINHESTNKS71013.ZP27","5489287.5138"
"K","2021-Q2","TP.FINHESTNKS71013.ZP28","3872515.6064"
"K","2021-Q2","TP.FINHESTNKS71013.ZP29","1616771.9074"
"K","2021-Q2","TP.FINHESTNKS71013.ZP30","0"
"K","2021-Q2","TP.FINHESTNKS71013.ZP31","1890213150.6664"
"K","2021-Q2","TP.FINHESTNKS71013.ZP32","183942859.3895"
"K","2021-Q2","TP.FINHESTNKS71013.ZP33","1706270291.2769"
"K","2021-Q2","TP.FINHESTNKS71013.ZP34","307755126.8335"
"K","2021-Q2","TP.FINHESTNKS71013.ZP35","117080"
"K","2021-Q2","TP.FINHESTNKS71013.ZP36","307638046.8335"
"K","2021-Q2","TP.FINHESTNKS71013.ZP37","0"
"K","2021-Q2","TP.FINHESTNKS71013.ZP38","0"
"K","2021-Q2","TP.FINHESTNKS71013.ZP39","0"
"K","2021-Q2","TP.FINHESTNKS71013.ZP40","0"
"K","2021-Q2","TP.FINHESTNKS71013.ZP41","0"
"K","2021-Q2","TP.FINHESTNKS71013.ZP42","26543441.4347"
"K","2021-Q2","TP.FINHESTNKS71013.ZP43","2740262.6813"
"K","2021-Q2","TP.FINHESTNKS71013.ZP44","189514080.7076"
"K","2021-Q2","TP.FINHESTNKS71013.ZP45","2422255349.8371"
"K","2021-Q3","TP.FINHESTNKS71013.ZP1","-1105119268.4839"
"K","2021-Q3","TP.FINHESTNKS71013.ZP2","0"
"K","2021-Q3","TP.FINHESTNKS71013.ZP3","0"
"K","2021-Q3","TP.FINHESTNKS71013.ZP4","0"
"K","2021-Q3","TP.FINHESTNKS71013.ZP5","436174149.7959"
"K","2021-Q3","TP.FINHESTNKS71013.ZP6","353044.0116"
"K","2021-Q3","TP.FINHESTNKS71013.ZP7","144486085.2165"
"K","2021-Q3","TP.FINHESTNKS71013.ZP8","291335020.5678"
"K","2021-Q3","TP.FINHESTNKS71013.ZP9","17235533.2566"
"K","2021-Q3","TP.FINHESTNKS71013.ZP10","1209116.9574"
"K","2021-Q3","TP.FINHESTNKS71013.ZP11","16026416.2992"
"K","2021-Q3","TP.FINHESTNKS71013.ZP12","198810955.2454"
"K","2021-Q3","TP.FINHESTNKS71013.ZP13","0"
"K","2021-Q3","TP.FINHESTNKS71013.ZP14","198810955.2454"
"K","2021-Q3","TP.FINHESTNKS71013.ZP15","457762407.239"
"K","2021-Q3","TP.FINHESTNKS71013.ZP16","457762407.239"
"K","2021-Q3","TP.FINHESTNKS71013.ZP17","0"
"K","2021-Q3","TP.FINHESTNKS71013.ZP18","0"
"K","2021-Q3","TP.FINHESTNKS71013.ZP19","0"
"K","2021-Q3","TP.FINHESTNKS71013.ZP20","0"
"K","2021-Q3","TP.FINHESTNKS71013.ZP21","2639525.3514"
"K","2021-Q3","TP.FINHESTNKS71013.ZP22","336857762.7319"
"K","2021-Q3","TP.FINHESTNKS71013.ZP23","1449480333.6203"
"K","2021-Q3","TP.FINHESTNKS71013.ZP24","0"
"K","2021-Q3","TP.FINHESTNKS71013.ZP26","0"
"K","2021-Q3","TP.FINHESTNKS71013.ZP27","5636590.0287"
"K","2021-Q3","TP.FINHESTNKS71013.ZP28","4030871.8064"
"K","2021-Q3","TP.FINHESTNKS71013.ZP29","1605718.2223"
"K","2021-Q3","TP.FINHESTNKS71013.ZP30","0"
"K","2021-Q3","TP.FINHESTNKS71013.ZP31","1955592906.4325"
"K","2021-Q3","TP.FINHESTNKS71013.ZP32","190385520.1673"
"K","2021-Q3","TP.FINHESTNKS71013.ZP33","1765207386.2652"
"K","2021-Q3","TP.FINHESTNKS71013.ZP34","305990280.0794"
"K","2021-Q3","TP.FINHESTNKS71013.ZP35","279464"
"K","2021-Q3","TP.FINHESTNKS71013.ZP36","305710816.0794"
"K","2021-Q3","TP.FINHESTNKS71013.ZP37","0"
"K","2021-Q3","TP.FINHESTNKS71013.ZP38","0"
"K","2021-Q3","TP.FINHESTNKS71013.ZP39","0"
"K","2021-Q3","TP.FINHESTNKS71013.ZP40","0"
"K","2021-Q3","TP.FINHESTNKS71013.ZP41","0"
"K","2021-Q3","TP.FINHESTNKS71013.ZP42","26016708.2386"
"K","2021-Q3","TP.FINHESTNKS71013.ZP43","4132530.1313"
"K","2021-Q3","TP.FINHESTNKS71013.ZP44","257230587.1938"
"K","2021-Q3","TP.FINHESTNKS71013.ZP45","2554599602.1042"
"K","2021-Q4","TP.FINHESTNKS71013.ZP1","-1426852393.5006"
"K","2021-Q4","TP.FINHESTNKS71013.ZP2","0"
"K","2021-Q4","TP.FINHESTNKS71013.ZP3","0"
"K","2021-Q4","TP.FINHESTNKS71013.ZP4","0"
"K","2021-Q4","TP.FINHESTNKS71013.ZP5","484457754.1418"
"K","2021-Q4","TP.FINHESTNKS71013.ZP6","272893.6887"
"K","2021-Q4","TP.FINHESTNKS71013.ZP7","189652519.5886"
"K","2021-Q4","TP.FINHESTNKS71013.ZP8","294532340.8645"
"K","2021-Q4","TP.FINHESTNKS71013.ZP9","16771525.9212"
"K","2021-Q4","TP.FINHESTNKS71013.ZP10","1659730.8083"
"K","2021-Q4","TP.FINHESTNKS71013.ZP11","15111795.1129"
"K","2021-Q4","TP.FINHESTNKS71013.ZP12","261540398.888"
"K","2021-Q4","TP.FINHESTNKS71013.ZP13","0"
"K","2021-Q4","TP.FINHESTNKS71013.ZP14","261540398.888"
"K","2021-Q4","TP.FINHESTNKS71013.ZP15","593700489.9421"
"K","2021-Q4","TP.FINHESTNKS71013.ZP16","593700489.9421"
"K","2021-Q4","TP.FINHESTNKS71013.ZP17","0"
"K","2021-Q4","TP.FINHESTNKS71013.ZP18","0"
"K","2021-Q4","TP.FINHESTNKS71013.ZP19","0"
"K","2021-Q4","TP.FINHESTNKS71013.ZP20","0"
"K","2021-Q4","TP.FINHESTNKS71013.ZP21","0"
"K","2021-Q4","TP.FINHESTNKS71013.ZP22","428589185.8385"
"K","2021-Q4","TP.FINHESTNKS71013.ZP23","1785059354.7316"
"K","2021-Q4","TP.FINHESTNKS71013.ZP24","0"
"K","2021-Q4","TP.FINHESTNKS71013.ZP26","0"
"K","2021-Q4","TP.FINHESTNKS71013.ZP27","6885346.4009"
"K","2021-Q4","TP.FINHESTNKS71013.ZP28","4184374.6077"
"K","2021-Q4","TP.FINHESTNKS71013.ZP29","2700971.7932"
"K","2021-Q4","TP.FINHESTNKS71013.ZP30","0"
"K","2021-Q4","TP.FINHESTNKS71013.ZP31","2422171801.7038"
"K","2021-Q4","TP.FINHESTNKS71013.ZP32","236560156.8094"
"K","2021-Q4","TP.FINHESTNKS71013.ZP33","2185611644.8944"
"K","2021-Q4","TP.FINHESTNKS71013.ZP34","385419990.154"
"K","2021-Q4","TP.FINHESTNKS71013.ZP35","580052"
"K","2021-Q4","TP.FINHESTNKS71013.ZP36","384839938.154"
"K","2021-Q4","TP.FINHESTNKS71013.ZP37","0"
"K","2021-Q4","TP.FINHESTNKS71013.ZP38","0"
"K","2021-Q4","TP.FINHESTNKS71013.ZP39","0"
"K","2021-Q4","TP.FINHESTNKS71013.ZP40","0"
"K","2021-Q4","TP.FINHESTNKS71013.ZP41","0"
"K","2021-Q4","TP.FINHESTNKS71013.ZP42","32231429.9359"
"K","2021-Q4","TP.FINHESTNKS71013.ZP43","0"
"K","2021-Q4","TP.FINHESTNKS71013.ZP44","365203180.0377"
"K","2021-Q4","TP.FINHESTNKS71013.ZP45","3211911748.2322"
"K","2022-Q1","TP.FINHESTNKS71013.ZP1","-1809517909.7944"
"K","2022-Q1","TP.FINHESTNKS71013.ZP2","0"
"K","2022-Q1","TP.FINHESTNKS71013.ZP3","0"
"K","2022-Q1","TP.FINHESTNKS71013.ZP4","0"
"K","2022-Q1","TP.FINHESTNKS71013.ZP5","578696690.3341"
"K","2022-Q1","TP.FINHESTNKS71013.ZP6","191222.6097"
"K","2022-Q1","TP.FINHESTNKS71013.ZP7","207723350.8679"
"K","2022-Q1","TP.FINHESTNKS71013.ZP8","370782116.8565"
"K","2022-Q1","TP.FINHESTNKS71013.ZP9","17121824.0858"
"K","2022-Q1","TP.FINHESTNKS71013.ZP10","2559366.5267"
"K","2022-Q1","TP.FINHESTNKS71013.ZP11","14562457.5591"
"K","2022-Q1","TP.FINHESTNKS71013.ZP12","347682117.5845"
"K","2022-Q1","TP.FINHESTNKS71013.ZP13","0"
"K","2022-Q1","TP.FINHESTNKS71013.ZP14","347682117.5845"
"K","2022-Q1","TP.FINHESTNKS71013.ZP15","603312752.8573"
"K","2022-Q1","TP.FINHESTNKS71013.ZP16","603312752.8573"
"K","2022-Q1","TP.FINHESTNKS71013.ZP17","0"
"K","2022-Q1","TP.FINHESTNKS71013.ZP18","0"
"K","2022-Q1","TP.FINHESTNKS71013.ZP19","0"
"K","2022-Q1","TP.FINHESTNKS71013.ZP20","0"
"K","2022-Q1","TP.FINHESTNKS71013.ZP21","1338786.7385"
"K","2022-Q1","TP.FINHESTNKS71013.ZP22","484125510.4881"
"K","2022-Q1","TP.FINHESTNKS71013.ZP23","2032277682.0884"
"K","2022-Q1","TP.FINHESTNKS71013.ZP24","0"
"K","2022-Q1","TP.FINHESTNKS71013.ZP26","0"
"K","2022-Q1","TP.FINHESTNKS71013.ZP27","6369008.2566"
"K","2022-Q1","TP.FINHESTNKS71013.ZP28","4310868.9564"
"K","2022-Q1","TP.FINHESTNKS71013.ZP29","2058139.3002"
"K","2022-Q1","TP.FINHESTNKS71013.ZP30","0"
"K","2022-Q1","TP.FINHESTNKS71013.ZP31","2982592489.2806"
"K","2022-Q1","TP.FINHESTNKS71013.ZP32","309603099.6669"
"K","2022-Q1","TP.FINHESTNKS71013.ZP33","2672989389.6137"
"K","2022-Q1","TP.FINHESTNKS71013.ZP34","433123447.4817"
"K","2022-Q1","TP.FINHESTNKS71013.ZP35","575025"
"K","2022-Q1","TP.FINHESTNKS71013.ZP36","432548422.4817"
"K","2022-Q1","TP.FINHESTNKS71013.ZP37","0"
"K","2022-Q1","TP.FINHESTNKS71013.ZP38","0"
"K","2022-Q1","TP.FINHESTNKS71013.ZP39","0"
"K","2022-Q1","TP.FINHESTNKS71013.ZP40","0"
"K","2022-Q1","TP.FINHESTNKS71013.ZP41","0"
"K","2022-Q1","TP.FINHESTNKS71013.ZP42","32979945.1113"
"K","2022-Q1","TP.FINHESTNKS71013.ZP43","968549.625"
"K","2022-Q1","TP.FINHESTNKS71013.ZP44","385762152.1275"
"K","2022-Q1","TP.FINHESTNKS71013.ZP45","3841795591.8828"
"K","2022-Q2","TP.FINHESTNKS71013.ZP1","-1901181767.9719"
"K","2022-Q2","TP.FINHESTNKS71013.ZP2","0"
"K","2022-Q2","TP.FINHESTNKS71013.ZP3","0"
"K","2022-Q2","TP.FINHESTNKS71013.ZP4","0"
"K","2022-Q2","TP.FINHESTNKS71013.ZP5","801182220.0818"
"K","2022-Q2","TP.FINHESTNKS71013.ZP6","412466.1686"
"K","2022-Q2","TP.FINHESTNKS71013.ZP7","240959656.6145"
"K","2022-Q2","TP.FINHESTNKS71013.ZP8","559810097.2986"
"K","2022-Q2","TP.FINHESTNKS71013.ZP9","17456683.6994"
"K","2022-Q2","TP.FINHESTNKS71013.ZP10","3465168.9732"
"K","2022-Q2","TP.FINHESTNKS71013.ZP11","13991514.7262"
"K","2022-Q2","TP.FINHESTNKS71013.ZP12","388750411.9097"
"K","2022-Q2","TP.FINHESTNKS71013.ZP13","0"
"K","2022-Q2","TP.FINHESTNKS71013.ZP14","388750411.9097"
"K","2022-Q2","TP.FINHESTNKS71013.ZP15","611105481.885"
"K","2022-Q2","TP.FINHESTNKS71013.ZP16","611105481.885"
"K","2022-Q2","TP.FINHESTNKS71013.ZP17","0"
"K","2022-Q2","TP.FINHESTNKS71013.ZP18","0"
"K","2022-Q2","TP.FINHESTNKS71013.ZP19","0"
"K","2022-Q2","TP.FINHESTNKS71013.ZP20","0"
"K","2022-Q2","TP.FINHESTNKS71013.ZP21","2966014.2242"
"K","2022-Q2","TP.FINHESTNKS71013.ZP22","525890255.4243"
"K","2022-Q2","TP.FINHESTNKS71013.ZP23","2347351067.2243"
"K","2022-Q2","TP.FINHESTNKS71013.ZP24","0"
"K","2022-Q2","TP.FINHESTNKS71013.ZP26","0"
"K","2022-Q2","TP.FINHESTNKS71013.ZP27","6150654.4435"
"K","2022-Q2","TP.FINHESTNKS71013.ZP28","4478970.0064"
"K","2022-Q2","TP.FINHESTNKS71013.ZP29","1671684.4371"
"K","2022-Q2","TP.FINHESTNKS71013.ZP30","0"
"K","2022-Q2","TP.FINHESTNKS71013.ZP31","3322493821.0726"
"K","2022-Q2","TP.FINHESTNKS71013.ZP32","372481601.2245"
"K","2022-Q2","TP.FINHESTNKS71013.ZP33","2950012219.8481"
"K","2022-Q2","TP.FINHESTNKS71013.ZP34","457560736.3085"
"K","2022-Q2","TP.FINHESTNKS71013.ZP35","1155936"
"K","2022-Q2","TP.FINHESTNKS71013.ZP36","456404800.3085"
"K","2022-Q2","TP.FINHESTNKS71013.ZP37","0"
"K","2022-Q2","TP.FINHESTNKS71013.ZP38","0"
"K","2022-Q2","TP.FINHESTNKS71013.ZP39","0"
"K","2022-Q2","TP.FINHESTNKS71013.ZP40","0"
"K","2022-Q2","TP.FINHESTNKS71013.ZP41","0"
"K","2022-Q2","TP.FINHESTNKS71013.ZP42","32301880.5838"
"K","2022-Q2","TP.FINHESTNKS71013.ZP43","5096780.9375"
"K","2022-Q2","TP.FINHESTNKS71013.ZP44","424928961.8503"
"K","2022-Q2","TP.FINHESTNKS71013.ZP45","4248532835.1962"
"K","2022-Q3","TP.FINHESTNKS71013.ZP1","-2328944643.0966"
"K","2022-Q3","TP.FINHESTNKS71013.ZP2","0"
"K","2022-Q3","TP.FINHESTNKS71013.ZP3","0"
"K","2022-Q3","TP.FINHESTNKS71013.ZP4","0"
"K","2022-Q3","TP.FINHESTNKS71013.ZP5","753217814.9984"
"K","2022-Q3","TP.FINHESTNKS71013.ZP6","432223.9756"
"K","2022-Q3","TP.FINHESTNKS71013.ZP7","165744425.9296"
"K","2022-Q3","TP.FINHESTNKS71013.ZP8","587041165.0932"
"K","2022-Q3","TP.FINHESTNKS71013.ZP9","17664525.845"
"K","2022-Q3","TP.FINHESTNKS71013.ZP10","4505643.1276"
"K","2022-Q3","TP.FINHESTNKS71013.ZP11","13158882.7174"
"K","2022-Q3","TP.FINHESTNKS71013.ZP12","417211493.4551"
"K","2022-Q3","TP.FINHESTNKS71013.ZP13","0"
"K","2022-Q3","TP.FINHESTNKS71013.ZP14","417211493.4551"
"K","2022-Q3","TP.FINHESTNKS71013.ZP15","637137210.8503"
"K","2022-Q3","TP.FINHESTNKS71013.ZP16","637137210.8503"
"K","2022-Q3","TP.FINHESTNKS71013.ZP17","0"
"K","2022-Q3","TP.FINHESTNKS71013.ZP18","0"
"K","2022-Q3","TP.FINHESTNKS71013.ZP19","0"
"K","2022-Q3","TP.FINHESTNKS71013.ZP20","0"
"K","2022-Q3","TP.FINHESTNKS71013.ZP21","4562743.8737"
"K","2022-Q3","TP.FINHESTNKS71013.ZP22","571155448.152"
"K","2022-Q3","TP.FINHESTNKS71013.ZP23","2400949237.1745"
"K","2022-Q3","TP.FINHESTNKS71013.ZP24","0"
"K","2022-Q3","TP.FINHESTNKS71013.ZP26","0"
"K","2022-Q3","TP.FINHESTNKS71013.ZP27","6026675.8696"
"K","2022-Q3","TP.FINHESTNKS71013.ZP28","4577636.2564"
"K","2022-Q3","TP.FINHESTNKS71013.ZP29","1449039.6132"
"K","2022-Q3","TP.FINHESTNKS71013.ZP30","0"
"K","2022-Q3","TP.FINHESTNKS71013.ZP31","3764257001.6428"
"K","2022-Q3","TP.FINHESTNKS71013.ZP32","419806863.8246"
"K","2022-Q3","TP.FINHESTNKS71013.ZP33","3344450137.8182"
"K","2022-Q3","TP.FINHESTNKS71013.ZP34","468098684.6709"
"K","2022-Q3","TP.FINHESTNKS71013.ZP35","1217352"
"K","2022-Q3","TP.FINHESTNKS71013.ZP36","466881332.6709"
"K","2022-Q3","TP.FINHESTNKS71013.ZP37","0"
"K","2022-Q3","TP.FINHESTNKS71013.ZP38","0"
"K","2022-Q3","TP.FINHESTNKS71013.ZP39","0"
"K","2022-Q3","TP.FINHESTNKS71013.ZP40","0"
"K","2022-Q3","TP.FINHESTNKS71013.ZP41","0"
"K","2022-Q3","TP.FINHESTNKS71013.ZP42","31050176.515"
"K","2022-Q3","TP.FINHESTNKS71013.ZP43","7155808.9313"
"K","2022-Q3","TP.FINHESTNKS71013.ZP44","453305532.6417"
"K","2022-Q3","TP.FINHESTNKS71013.ZP45","4729893880.2711"
"K","2022-Q4","TP.FINHESTNKS71013.ZP1","-2269183632.6124"
"K","2022-Q4","TP.FINHESTNKS71013.ZP2","0"
"K","2022-Q4","TP.FINHESTNKS71013.ZP3","0"
"K","2022-Q4","TP.FINHESTNKS71013.ZP4","0"
"K","2022-Q4","TP.FINHESTNKS71013.ZP5","953918758.0078"
"K","2022-Q4","TP.FINHESTNKS71013.ZP6","163501.5582"
"K","2022-Q4","TP.FINHESTNKS71013.ZP7","218826410.7469"
"K","2022-Q4","TP.FINHESTNKS71013.ZP8","734928845.7027"
"K","2022-Q4","TP.FINHESTNKS71013.ZP9","18617948.4393"
"K","2022-Q4","TP.FINHESTNKS71013.ZP10","5204956.7399"
"K","2022-Q4","TP.FINHESTNKS71013.ZP11","13412991.6995"
"K","2022-Q4","TP.FINHESTNKS71013.ZP12","436881748.6294"
"K","2022-Q4","TP.FINHESTNKS71013.ZP13","0"
"K","2022-Q4","TP.FINHESTNKS71013.ZP14","436881748.6294"
"K","2022-Q4","TP.FINHESTNKS71013.ZP15","1210909113.5442"
"K","2022-Q4","TP.FINHESTNKS71013.ZP16","1210909113.5442"
"K","2022-Q4","TP.FINHESTNKS71013.ZP17","0"
"K","2022-Q4","TP.FINHESTNKS71013.ZP18","0"
"K","2022-Q4","TP.FINHESTNKS71013.ZP19","0"
"K","2022-Q4","TP.FINHESTNKS71013.ZP20","0"
"K","2022-Q4","TP.FINHESTNKS71013.ZP21","0"
"K","2022-Q4","TP.FINHESTNKS71013.ZP22","684387744.0792"
"K","2022-Q4","TP.FINHESTNKS71013.ZP23","3304715312.6999"
"K","2022-Q4","TP.FINHESTNKS71013.ZP24","0"
"K","2022-Q4","TP.FINHESTNKS71013.ZP26","0"
"K","2022-Q4","TP.FINHESTNKS71013.ZP27","7831956.9224"
"K","2022-Q4","TP.FINHESTNKS71013.ZP28","4738470.4364"
"K","2022-Q4","TP.FINHESTNKS71013.ZP29","3093486.486"
"K","2022-Q4","TP.FINHESTNKS71013.ZP30","0"
"K","2022-Q4","TP.FINHESTNKS71013.ZP31","4327453019.5672"
"K","2022-Q4","TP.FINHESTNKS71013.ZP32","461619474.2436"
"K","2022-Q4","TP.FINHESTNKS71013.ZP33","3865833545.3236"
"K","2022-Q4","TP.FINHESTNKS71013.ZP34","517082795.2026"
"K","2022-Q4","TP.FINHESTNKS71013.ZP35","1458939"
"K","2022-Q4","TP.FINHESTNKS71013.ZP36","515623856.2026"
"K","2022-Q4","TP.FINHESTNKS71013.ZP37","0"
"K","2022-Q4","TP.FINHESTNKS71013.ZP38","0"
"K","2022-Q4","TP.FINHESTNKS71013.ZP39","0"
"K","2022-Q4","TP.FINHESTNKS71013.ZP40","0"
"K","2022-Q4","TP.FINHESTNKS71013.ZP41","0"
"K","2022-Q4","TP.FINHESTNKS71013.ZP42","43948382.9905"
"K","2022-Q4","TP.FINHESTNKS71013.ZP43","0"
"K","2022-Q4","TP.FINHESTNKS71013.ZP44","677582790.6295"
"K","2022-Q4","TP.FINHESTNKS71013.ZP45","5573898945.3123"
"K","2023-Q1","TP.FINHESTNKS71013.ZP1","-2584622666.0623"
"K","2023-Q1","TP.FINHESTNKS71013.ZP2","0"
"K","2023-Q1","TP.FINHESTNKS71013.ZP3","0"
"K","2023-Q1","TP.FINHESTNKS71013.ZP4","0"
"K","2023-Q1","TP.FINHESTNKS71013.ZP5","1036919652.4627"
"K","2023-Q1","TP.FINHESTNKS71013.ZP6","151087.8452"
"K","2023-Q1","TP.FINHESTNKS71013.ZP7","276300699.6717"
"K","2023-Q1","TP.FINHESTNKS71013.ZP8","760467864.9458"
"K","2023-Q1","TP.FINHESTNKS71013.ZP9","18327944.971"
"K","2023-Q1","TP.FINHESTNKS71013.ZP10","4399621.1444"
"K","2023-Q1","TP.FINHESTNKS71013.ZP11","13928323.8266"
"K","2023-Q1","TP.FINHESTNKS71013.ZP12","568999482.8709"
"K","2023-Q1","TP.FINHESTNKS71013.ZP13","0"
"K","2023-Q1","TP.FINHESTNKS71013.ZP14","568999482.8709"
"K","2023-Q1","TP.FINHESTNKS71013.ZP15","1224248045.2179"
"K","2023-Q1","TP.FINHESTNKS71013.ZP16","1224248045.2179"
"K","2023-Q1","TP.FINHESTNKS71013.ZP17","0"
"K","2023-Q1","TP.FINHESTNKS71013.ZP18","0"
"K","2023-Q1","TP.FINHESTNKS71013.ZP19","0"
"K","2023-Q1","TP.FINHESTNKS71013.ZP20","0"
"K","2023-Q1","TP.FINHESTNKS71013.ZP21","1765164.2991"
"K","2023-Q1","TP.FINHESTNKS71013.ZP22","757908189.7161"
"K","2023-Q1","TP.FINHESTNKS71013.ZP23","3608168479.5376"
"K","2023-Q1","TP.FINHESTNKS71013.ZP24","0"
"K","2023-Q1","TP.FINHESTNKS71013.ZP26","0"
"K","2023-Q1","TP.FINHESTNKS71013.ZP27","7830025.9804"
"K","2023-Q1","TP.FINHESTNKS71013.ZP28","4861296.7864"
"K","2023-Q1","TP.FINHESTNKS71013.ZP29","2968729.194"
"K","2023-Q1","TP.FINHESTNKS71013.ZP30","0"
"K","2023-Q1","TP.FINHESTNKS71013.ZP31","4843139655.4814"
"K","2023-Q1","TP.FINHESTNKS71013.ZP32","517551158.755"
"K","2023-Q1","TP.FINHESTNKS71013.ZP33","4325588496.7264"
"K","2023-Q1","TP.FINHESTNKS71013.ZP34","541707977.5838"
"K","2023-Q1","TP.FINHESTNKS71013.ZP35","2745109"
"K","2023-Q1","TP.FINHESTNKS71013.ZP36","538962868.5838"
"K","2023-Q1","TP.FINHESTNKS71013.ZP37","0"
"K","2023-Q1","TP.FINHESTNKS71013.ZP38","0"
"K","2023-Q1","TP.FINHESTNKS71013.ZP39","0"
"K","2023-Q1","TP.FINHESTNKS71013.ZP40","0"
"K","2023-Q1","TP.FINHESTNKS71013.ZP41","0"
"K","2023-Q1","TP.FINHESTNKS71013.ZP42","44507624.2872"
"K","2023-Q1","TP.FINHESTNKS71013.ZP43","2150396.5625"
"K","2023-Q1","TP.FINHESTNKS71013.ZP44","753455465.7045"
"K","2023-Q1","TP.FINHESTNKS71013.ZP45","6192791145.5999"
"K","2023-Q2","TP.FINHESTNKS71013.ZP1","-3185425594.7767"
"K","2023-Q2","TP.FINHESTNKS71013.ZP2","0"
"K","2023-Q2","TP.FINHESTNKS71013.ZP3","0"
"K","2023-Q2","TP.FINHESTNKS71013.ZP4","0"
"K","2023-Q2","TP.FINHESTNKS71013.ZP5","1182177076.529"
"K","2023-Q2","TP.FINHESTNKS71013.ZP6","233715.1834"
"K","2023-Q2","TP.FINHESTNKS71013.ZP7","326278280.3883"
"K","2023-Q2","TP.FINHESTNKS71013.ZP8","855665080.9572"
"K","2023-Q2","TP.FINHESTNKS71013.ZP9","20072706.2318"
"K","2023-Q2","TP.FINHESTNKS71013.ZP10","5733776.5066"
"K","2023-Q2","TP.FINHESTNKS71013.ZP11","14338929.7252"
"K","2023-Q2","TP.FINHESTNKS71013.ZP12","668296257.7101"
"K","2023-Q2","TP.FINHESTNKS71013.ZP13","0"
"K","2023-Q2","TP.FINHESTNKS71013.ZP14","668296257.7101"
"K","2023-Q2","TP.FINHESTNKS71013.ZP15","1245373299.7411"
"K","2023-Q2","TP.FINHESTNKS71013.ZP16","1245373299.7411"
"K","2023-Q2","TP.FINHESTNKS71013.ZP17","0"
"K","2023-Q2","TP.FINHESTNKS71013.ZP18","0"
"K","2023-Q2","TP.FINHESTNKS71013.ZP19","0"
"K","2023-Q2","TP.FINHESTNKS71013.ZP20","0"
"K","2023-Q2","TP.FINHESTNKS71013.ZP21","3926439.9642"
"K","2023-Q2","TP.FINHESTNKS71013.ZP22","814773507.7438"
"K","2023-Q2","TP.FINHESTNKS71013.ZP23","3934619287.9199"
"K","2023-Q2","TP.FINHESTNKS71013.ZP24","0"
"K","2023-Q2","TP.FINHESTNKS71013.ZP26","0"
"K","2023-Q2","TP.FINHESTNKS71013.ZP27","7777684.3662"
"K","2023-Q2","TP.FINHESTNKS71013.ZP28","4988934.7864"
"K","2023-Q2","TP.FINHESTNKS71013.ZP29","2788749.5798"
"K","2023-Q2","TP.FINHESTNKS71013.ZP30","0"
"K","2023-Q2","TP.FINHESTNKS71013.ZP31","5507245096.4193"
"K","2023-Q2","TP.FINHESTNKS71013.ZP32","598069801.1086"
"K","2023-Q2","TP.FINHESTNKS71013.ZP33","4909175295.3108"
"K","2023-Q2","TP.FINHESTNKS71013.ZP34","704572797.9638"
"K","2023-Q2","TP.FINHESTNKS71013.ZP35","2849039"
"K","2023-Q2","TP.FINHESTNKS71013.ZP36","701723758.9638"
"K","2023-Q2","TP.FINHESTNKS71013.ZP37","0"
"K","2023-Q2","TP.FINHESTNKS71013.ZP38","0"
"K","2023-Q2","TP.FINHESTNKS71013.ZP39","0"
"K","2023-Q2","TP.FINHESTNKS71013.ZP40","0"
"K","2023-Q2","TP.FINHESTNKS71013.ZP41","0"
"K","2023-Q2","TP.FINHESTNKS71013.ZP42","44285864.0163"
"K","2023-Q2","TP.FINHESTNKS71013.ZP43","6731411.125"
"K","2023-Q2","TP.FINHESTNKS71013.ZP44","849432028.806"
"K","2023-Q2","TP.FINHESTNKS71013.ZP45","7120044882.6965"
"K","2023-Q3","TP.FINHESTNKS71013.ZP1","-3080707010.6625"
"K","2023-Q3","TP.FINHESTNKS71013.ZP2","0"
"K","2023-Q3","TP.FINHESTNKS71013.ZP3","0"
"K","2023-Q3","TP.FINHESTNKS71013.ZP4","0"
"K","2023-Q3","TP.FINHESTNKS71013.ZP5","1497677888.3069"
"K","2023-Q3","TP.FINHESTNKS71013.ZP6","296016.6407"
"K","2023-Q3","TP.FINHESTNKS71013.ZP7","437023790.6307"
"K","2023-Q3","TP.FINHESTNKS71013.ZP8","1060358081.0355"
"K","2023-Q3","TP.FINHESTNKS71013.ZP9","19197572.8213"
"K","2023-Q3","TP.FINHESTNKS71013.ZP10","5511019.5905"
"K","2023-Q3","TP.FINHESTNKS71013.ZP11","13686553.2308"
"K","2023-Q3","TP.FINHESTNKS71013.ZP12","714494605.9085"
"K","2023-Q3","TP.FINHESTNKS71013.ZP13","0"
"K","2023-Q3","TP.FINHESTNKS71013.ZP14","714494605.9085"
"K","2023-Q3","TP.FINHESTNKS71013.ZP15","1307112636.5394"
"K","2023-Q3","TP.FINHESTNKS71013.ZP16","1307112636.5394"
"K","2023-Q3","TP.FINHESTNKS71013.ZP17","0"
"K","2023-Q3","TP.FINHESTNKS71013.ZP18","0"
"K","2023-Q3","TP.FINHESTNKS71013.ZP19","0"
"K","2023-Q3","TP.FINHESTNKS71013.ZP20","0"
"K","2023-Q3","TP.FINHESTNKS71013.ZP21","6481666.015"
"K","2023-Q3","TP.FINHESTNKS71013.ZP22","986672834.5056"
"K","2023-Q3","TP.FINHESTNKS71013.ZP23","4531637204.0968"
"K","2023-Q3","TP.FINHESTNKS71013.ZP24","0"
"K","2023-Q3","TP.FINHESTNKS71013.ZP26","0"
"K","2023-Q3","TP.FINHESTNKS71013.ZP27","7587995.9269"
"K","2023-Q3","TP.FINHESTNKS71013.ZP28","5113314.9364"
"K","2023-Q3","TP.FINHESTNKS71013.ZP29","2474680.9905"
"K","2023-Q3","TP.FINHESTNKS71013.ZP30","0"
"K","2023-Q3","TP.FINHESTNKS71013.ZP31","5916356833.2269"
"K","2023-Q3","TP.FINHESTNKS71013.ZP32","651146888.1573"
"K","2023-Q3","TP.FINHESTNKS71013.ZP33","5265209945.0696"
"K","2023-Q3","TP.FINHESTNKS71013.ZP34","739912665.1043"
"K","2023-Q3","TP.FINHESTNKS71013.ZP35","2867409"
"K","2023-Q3","TP.FINHESTNKS71013.ZP36","737045256.1043"
"K","2023-Q3","TP.FINHESTNKS71013.ZP37","0"
"K","2023-Q3","TP.FINHESTNKS71013.ZP38","0"
"K","2023-Q3","TP.FINHESTNKS71013.ZP39","0"
"K","2023-Q3","TP.FINHESTNKS71013.ZP40","0"
"K","2023-Q3","TP.FINHESTNKS71013.ZP41","0"
"K","2023-Q3","TP.FINHESTNKS71013.ZP42","41517889.8419"
"K","2023-Q3","TP.FINHESTNKS71013.ZP43","8660445.0813"
"K","2023-Q3","TP.FINHESTNKS71013.ZP44","898308385.578"
"K","2023-Q3","TP.FINHESTNKS71013.ZP45","7612344214.7592"
"K","2023-Q4","TP.FINHESTNKS71013.ZP1","-2352572098.7716"
"K","2023-Q4","TP.FINHESTNKS71013.ZP2","0"
"K","2023-Q4","TP.FINHESTNKS71013.ZP3","0"
"K","2023-Q4","TP.FINHESTNKS71013.ZP4","0"
"K","2023-Q4","TP.FINHESTNKS71013.ZP5","1706672124.7736"
"K","2023-Q4","TP.FINHESTNKS71013.ZP6","791298.9336"
"K","2023-Q4","TP.FINHESTNKS71013.ZP7","371912559.8224"
"K","2023-Q4","TP.FINHESTNKS71013.ZP8","1333968266.0175"
"K","2023-Q4","TP.FINHESTNKS71013.ZP9","20928711.8043"
"K","2023-Q4","TP.FINHESTNKS71013.ZP10","7883073.3015"
"K","2023-Q4","TP.FINHESTNKS71013.ZP11","13045638.5028"
"K","2023-Q4","TP.FINHESTNKS71013.ZP12","827123830.3312"
"K","2023-Q4","TP.FINHESTNKS71013.ZP13","0"
"K","2023-Q4","TP.FINHESTNKS71013.ZP14","827123830.3312"
"K","2023-Q4","TP.FINHESTNKS71013.ZP15","2604845936.8549"
"K","2023-Q4","TP.FINHESTNKS71013.ZP16","2604845936.8549"
"K","2023-Q4","TP.FINHESTNKS71013.ZP17","0"
"K","2023-Q4","TP.FINHESTNKS71013.ZP18","0"
"K","2023-Q4","TP.FINHESTNKS71013.ZP19","0"
"K","2023-Q4","TP.FINHESTNKS71013.ZP20","0"
"K","2023-Q4","TP.FINHESTNKS71013.ZP21","0"
"K","2023-Q4","TP.FINHESTNKS71013.ZP22","1196256751.1888"
"K","2023-Q4","TP.FINHESTNKS71013.ZP23","6355827354.9528"
"K","2023-Q4","TP.FINHESTNKS71013.ZP24","0"
"K","2023-Q4","TP.FINHESTNKS71013.ZP26","0"
"K","2023-Q4","TP.FINHESTNKS71013.ZP27","12386574.9527"
"K","2023-Q4","TP.FINHESTNKS71013.ZP28","5398013.0364"
"K","2023-Q4","TP.FINHESTNKS71013.ZP29","6988561.9163"
"K","2023-Q4","TP.FINHESTNKS71013.ZP30","0"
"K","2023-Q4","TP.FINHESTNKS71013.ZP31","6642579212.0507"
"K","2023-Q4","TP.FINHESTNKS71013.ZP32","685758102.0424"
"K","2023-Q4","TP.FINHESTNKS71013.ZP33","5956821110.0083"
"K","2023-Q4","TP.FINHESTNKS71013.ZP34","877286854.379"
"K","2023-Q4","TP.FINHESTNKS71013.ZP35","4126330"
"K","2023-Q4","TP.FINHESTNKS71013.ZP36","873160524.379"
"K","2023-Q4","TP.FINHESTNKS71013.ZP37","0"
"K","2023-Q4","TP.FINHESTNKS71013.ZP38","0"
"K","2023-Q4","TP.FINHESTNKS71013.ZP39","0"
"K","2023-Q4","TP.FINHESTNKS71013.ZP40","0"
"K","2023-Q4","TP.FINHESTNKS71013.ZP41","0"
"K","2023-Q4","TP.FINHESTNKS71013.ZP42","62183118.3762"
"K","2023-Q4","TP.FINHESTNKS71013.ZP43","0"
"K","2023-Q4","TP.FINHESTNKS71013.ZP44","1113963693.9658"
"K","2023-Q4","TP.FINHESTNKS71013.ZP45","8708399453.7244"
"K","2024-Q1","TP.FINHESTNKS71013.ZP1","-3079941398.7994"
"K","2024-Q1","TP.FINHESTNKS71013.ZP2","0"
"K","2024-Q1","TP.FINHESTNKS71013.ZP3","0"
"K","2024-Q1","TP.FINHESTNKS71013.ZP4","0"
"K","2024-Q1","TP.FINHESTNKS71013.ZP5","1500722606.6531"
"K","2024-Q1","TP.FINHESTNKS71013.ZP6","1279307.1005"
"K","2024-Q1","TP.FINHESTNKS71013.ZP7","549828835.9607"
"K","2024-Q1","TP.FINHESTNKS71013.ZP8","949614463.592"
"K","2024-Q1","TP.FINHESTNKS71013.ZP9","21706048.7304"
"K","2024-Q1","TP.FINHESTNKS71013.ZP10","8845265.5897"
"K","2024-Q1","TP.FINHESTNKS71013.ZP11","12860783.1407"
"K","2024-Q1","TP.FINHESTNKS71013.ZP12","908596048.8441"
"K","2024-Q1","TP.FINHESTNKS71013.ZP13","0"
"K","2024-Q1","TP.FINHESTNKS71013.ZP14","908596048.8441"
"K","2024-Q1","TP.FINHESTNKS71013.ZP15","2684923867.9733"
"K","2024-Q1","TP.FINHESTNKS71013.ZP16","2684923867.9733"
"K","2024-Q1","TP.FINHESTNKS71013.ZP17","0"
"K","2024-Q1","TP.FINHESTNKS71013.ZP18","0"
"K","2024-Q1","TP.FINHESTNKS71013.ZP19","0"
"K","2024-Q1","TP.FINHESTNKS71013.ZP20","0"
"K","2024-Q1","TP.FINHESTNKS71013.ZP21","20240177.32"
"K","2024-Q1","TP.FINHESTNKS71013.ZP22","1335646265.5844"
"K","2024-Q1","TP.FINHESTNKS71013.ZP23","6471835015.1053"
"K","2024-Q1","TP.FINHESTNKS71013.ZP24","0"
"K","2024-Q1","TP.FINHESTNKS71013.ZP26","0"
"K","2024-Q1","TP.FINHESTNKS71013.ZP27","12170259.6873"
"K","2024-Q1","TP.FINHESTNKS71013.ZP28","5791722.3214"
"K","2024-Q1","TP.FINHESTNKS71013.ZP29","6378537.3659"
"K","2024-Q1","TP.FINHESTNKS71013.ZP30","0"
"K","2024-Q1","TP.FINHESTNKS71013.ZP31","7355748485.9631"
"K","2024-Q1","TP.FINHESTNKS71013.ZP32","644957439.9823"
"K","2024-Q1","TP.FINHESTNKS71013.ZP33","6710791045.9808"
"K","2024-Q1","TP.FINHESTNKS71013.ZP34","935217934.791"
"K","2024-Q1","TP.FINHESTNKS71013.ZP35","2950006"
"K","2024-Q1","TP.FINHESTNKS71013.ZP36","932267928.791"
"K","2024-Q1","TP.FINHESTNKS71013.ZP37","0"
"K","2024-Q1","TP.FINHESTNKS71013.ZP38","0"
"K","2024-Q1","TP.FINHESTNKS71013.ZP39","0"
"K","2024-Q1","TP.FINHESTNKS71013.ZP40","0"
"K","2024-Q1","TP.FINHESTNKS71013.ZP41","0"
"K","2024-Q1","TP.FINHESTNKS71013.ZP42","68697106.8342"
"K","2024-Q1","TP.FINHESTNKS71013.ZP43","3479644.0153"
"K","2024-Q1","TP.FINHESTNKS71013.ZP44","1176462982.6137"
"K","2024-Q1","TP.FINHESTNKS71013.ZP45","9551776413.9046"
"K","2024-Q2","TP.FINHESTNKS71013.ZP1","-3921840335.2625"
"K","2024-Q2","TP.FINHESTNKS71013.ZP2","0"
"K","2024-Q2","TP.FINHESTNKS71013.ZP3","0"
"K","2024-Q2","TP.FINHESTNKS71013.ZP4","0"
"K","2024-Q2","TP.FINHESTNKS71013.ZP5","1785845348.1469"
"K","2024-Q2","TP.FINHESTNKS71013.ZP6","761596.8131"
"K","2024-Q2","TP.FINHESTNKS71013.ZP7","960608760.1948"
"K","2024-Q2","TP.FINHESTNKS71013.ZP8","824474991.139"
"K","2024-Q2","TP.FINHESTNKS71013.ZP9","21048561.7357"
"K","2024-Q2","TP.FINHESTNKS71013.ZP10","4665902.0214"
"K","2024-Q2","TP.FINHESTNKS71013.ZP11","16382659.7144"
"K","2024-Q2","TP.FINHESTNKS71013.ZP12","819717412.0965"
"K","2024-Q2","TP.FINHESTNKS71013.ZP13","0"
"K","2024-Q2","TP.FINHESTNKS71013.ZP14","819717412.0965"
"K","2024-Q2","TP.FINHESTNKS71013.ZP15","2698555590.0362"
"K","2024-Q2","TP.FINHESTNKS71013.ZP16","2698555590.0362"
"K","2024-Q2","TP.FINHESTNKS71013.ZP17","0"
"K","2024-Q2","TP.FINHESTNKS71013.ZP18","0"
"K","2024-Q2","TP.FINHESTNKS71013.ZP19","0"
"K","2024-Q2","TP.FINHESTNKS71013.ZP20","0"
"K","2024-Q2","TP.FINHESTNKS71013.ZP21","18348284.8277"
"K","2024-Q2","TP.FINHESTNKS71013.ZP22","1117732237.4201"
"K","2024-Q2","TP.FINHESTNKS71013.ZP23","6461247434.2632"
"K","2024-Q2","TP.FINHESTNKS71013.ZP24","0"
"K","2024-Q2","TP.FINHESTNKS71013.ZP26","0"
"K","2024-Q2","TP.FINHESTNKS71013.ZP27","12111082.9723"
"K","2024-Q2","TP.FINHESTNKS71013.ZP28","6097210.9814"
"K","2024-Q2","TP.FINHESTNKS71013.ZP29","6013871.9909"
"K","2024-Q2","TP.FINHESTNKS71013.ZP30","0"
"K","2024-Q2","TP.FINHESTNKS71013.ZP31","7743645599.7344"
"K","2024-Q2","TP.FINHESTNKS71013.ZP32","661076339.1115"
"K","2024-Q2","TP.FINHESTNKS71013.ZP33","7082569260.6229"
"K","2024-Q2","TP.FINHESTNKS71013.ZP34","977244189.8741"
"K","2024-Q2","TP.FINHESTNKS71013.ZP35","2740134"
"K","2024-Q2","TP.FINHESTNKS71013.ZP36","974504055.8741"
"K","2024-Q2","TP.FINHESTNKS71013.ZP37","0"
"K","2024-Q2","TP.FINHESTNKS71013.ZP38","0"
"K","2024-Q2","TP.FINHESTNKS71013.ZP39","0"
"K","2024-Q2","TP.FINHESTNKS71013.ZP40","0"
"K","2024-Q2","TP.FINHESTNKS71013.ZP41","0"
"K","2024-Q2","TP.FINHESTNKS71013.ZP42","66434700.7299"
"K","2024-Q2","TP.FINHESTNKS71013.ZP43","3251616.5705"
"K","2024-Q2","TP.FINHESTNKS71013.ZP44","1580400579.6446"
"K","2024-Q2","TP.FINHESTNKS71013.ZP45","10383087769.5257"
"K","2024-Q3","TP.FINHESTNKS71013.ZP1","-4250424974.6114"
"K","2024-Q3","TP.FINHESTNKS71013.ZP2","0"
"K","2024-Q3","TP.FINHESTNKS71013.ZP3","0"
"K","2024-Q3","TP.FINHESTNKS71013.ZP4","0"
"K","2024-Q3","TP.FINHESTNKS71013.ZP5","1777716809.215"
"K","2024-Q3","TP.FINHESTNKS71013.ZP6","640562.4488"
"K","2024-Q3","TP.FINHESTNKS71013.ZP7","881132525.7119"
"K","2024-Q3","TP.FINHESTNKS71013.ZP8","895943721.0543"
"K","2024-Q3","TP.FINHESTNKS71013.ZP9","20333709.6507"
"K","2024-Q3","TP.FINHESTNKS71013.ZP10","3973370.7553"
"K","2024-Q3","TP.FINHESTNKS71013.ZP11","16360338.8953"
"K","2024-Q3","TP.FINHESTNKS71013.ZP12","876487460.9545"
"K","2024-Q3","TP.FINHESTNKS71013.ZP13","0"
"K","2024-Q3","TP.FINHESTNKS71013.ZP14","876487460.9545"
"K","2024-Q3","TP.FINHESTNKS71013.ZP15","2757554828.5962"
"K","2024-Q3","TP.FINHESTNKS71013.ZP16","2757554828.5962"
"K","2024-Q3","TP.FINHESTNKS71013.ZP17","0"
"K","2024-Q3","TP.FINHESTNKS71013.ZP18","0"
"K","2024-Q3","TP.FINHESTNKS71013.ZP19","0"
"K","2024-Q3","TP.FINHESTNKS71013.ZP20","0"
"K","2024-Q3","TP.FINHESTNKS71013.ZP21","14385263.3269"
"K","2024-Q3","TP.FINHESTNKS71013.ZP22","1489850295.6566"
"K","2024-Q3","TP.FINHESTNKS71013.ZP23","6936328367.3998"
"K","2024-Q3","TP.FINHESTNKS71013.ZP24","0"
"K","2024-Q3","TP.FINHESTNKS71013.ZP26","0"
"K","2024-Q3","TP.FINHESTNKS71013.ZP27","12277363.3688"
"K","2024-Q3","TP.FINHESTNKS71013.ZP28","6486070.9814"
"K","2024-Q3","TP.FINHESTNKS71013.ZP29","5791292.3874"
"K","2024-Q3","TP.FINHESTNKS71013.ZP30","0"
"K","2024-Q3","TP.FINHESTNKS71013.ZP31","8546330219.4634"
"K","2024-Q3","TP.FINHESTNKS71013.ZP32","694010338.2026"
"K","2024-Q3","TP.FINHESTNKS71013.ZP33","7852319881.2608"
"K","2024-Q3","TP.FINHESTNKS71013.ZP34","1073992853.6688"
"K","2024-Q3","TP.FINHESTNKS71013.ZP35","3718593"
"K","2024-Q3","TP.FINHESTNKS71013.ZP36","1070274260.6688"
"K","2024-Q3","TP.FINHESTNKS71013.ZP37","0"
"K","2024-Q3","TP.FINHESTNKS71013.ZP38","0"
"K","2024-Q3","TP.FINHESTNKS71013.ZP39","0"
"K","2024-Q3","TP.FINHESTNKS71013.ZP40","0"
"K","2024-Q3","TP.FINHESTNKS71013.ZP41","0"
"K","2024-Q3","TP.FINHESTNKS71013.ZP42","60010244.8901"
"K","2024-Q3","TP.FINHESTNKS71013.ZP43","4508093.7716"
"K","2024-Q3","TP.FINHESTNKS71013.ZP44","1489634566.8486"
"K","2024-Q3","TP.FINHESTNKS71013.ZP45","11186753342.0112"
"K","2024-Q4","TP.FINHESTNKS71013.ZP1","-3320937150.7805"
"K","2024-Q4","TP.FINHESTNKS71013.ZP2","0"
"K","2024-Q4","TP.FINHESTNKS71013.ZP3","0"
"K","2024-Q4","TP.FINHESTNKS71013.ZP4","0"
"K","2024-Q4","TP.FINHESTNKS71013.ZP5","1812255202.2107"
"K","2024-Q4","TP.FINHESTNKS71013.ZP6","435815.5092"
"K","2024-Q4","TP.FINHESTNKS71013.ZP7","863217536.7227"
"K","2024-Q4","TP.FINHESTNKS71013.ZP8","948601849.9788"
"K","2024-Q4","TP.FINHESTNKS71013.ZP9","29853266.1304"
"K","2024-Q4","TP.FINHESTNKS71013.ZP10","9023860.9064"
"K","2024-Q4","TP.FINHESTNKS71013.ZP11","20829405.224"
"K","2024-Q4","TP.FINHESTNKS71013.ZP12","977251454.7035"
"K","2024-Q4","TP.FINHESTNKS71013.ZP13","0"
"K","2024-Q4","TP.FINHESTNKS71013.ZP14","977251454.7035"
"K","2024-Q4","TP.FINHESTNKS71013.ZP15","3691029492.2726"
"K","2024-Q4","TP.FINHESTNKS71013.ZP16","3691029492.2726"
"K","2024-Q4","TP.FINHESTNKS71013.ZP17","0"
"K","2024-Q4","TP.FINHESTNKS71013.ZP18","0"
"K","2024-Q4","TP.FINHESTNKS71013.ZP19","0"
"K","2024-Q4","TP.FINHESTNKS71013.ZP20","0"
"K","2024-Q4","TP.FINHESTNKS71013.ZP21","26016035.4389"
"K","2024-Q4","TP.FINHESTNKS71013.ZP22","1949411401.3075"
"K","2024-Q4","TP.FINHESTNKS71013.ZP23","8485816852.0637"
"K","2024-Q4","TP.FINHESTNKS71013.ZP24","0"
"K","2024-Q4","TP.FINHESTNKS71013.ZP26","0"
"K","2024-Q4","TP.FINHESTNKS71013.ZP27","19594143.4058"
"K","2024-Q4","TP.FINHESTNKS71013.ZP28","6849604.9814"
"K","2024-Q4","TP.FINHESTNKS71013.ZP29","12744538.4244"
"K","2024-Q4","TP.FINHESTNKS71013.ZP30","0"
"K","2024-Q4","TP.FINHESTNKS71013.ZP31","9106135475.8374"
"K","2024-Q4","TP.FINHESTNKS71013.ZP32","719817569.6541"
"K","2024-Q4","TP.FINHESTNKS71013.ZP33","8386317906.1833"
"K","2024-Q4","TP.FINHESTNKS71013.ZP34","1082211578.0562"
"K","2024-Q4","TP.FINHESTNKS71013.ZP35","3068756"
"K","2024-Q4","TP.FINHESTNKS71013.ZP36","1079142822.0562"
"K","2024-Q4","TP.FINHESTNKS71013.ZP37","0"
"K","2024-Q4","TP.FINHESTNKS71013.ZP38","0"
"K","2024-Q4","TP.FINHESTNKS71013.ZP39","0"
"K","2024-Q4","TP.FINHESTNKS71013.ZP40","0"
"K","2024-Q4","TP.FINHESTNKS71013.ZP41","0"
"K","2024-Q4","TP.FINHESTNKS71013.ZP42","97585624.0514"
"K","2024-Q4","TP.FINHESTNKS71013.ZP43","1949145.6901"
"K","2024-Q4","TP.FINHESTNKS71013.ZP44","1499278035.8033"
"K","2024-Q4","TP.FINHESTNKS71013.ZP45","11806754002.8442"
"K","2025-Q1","TP.FINHESTNKS71013.ZP1","-3901826540.2554"
"K","2025-Q1","TP.FINHESTNKS71013.ZP2","0"
"K","2025-Q1","TP.FINHESTNKS71013.ZP3","0"
"K","2025-Q1","TP.FINHESTNKS71013.ZP4","0"
"K","2025-Q1","TP.FINHESTNKS71013.ZP5","1486245154.2264"
"K","2025-Q1","TP.FINHESTNKS71013.ZP6","631584.5332"
"K","2025-Q1","TP.FINHESTNKS71013.ZP7","956821928.3948"
"K","2025-Q1","TP.FINHESTNKS71013.ZP8","528791641.2983"
"K","2025-Q1","TP.FINHESTNKS71013.ZP9","32182741.7465"
"K","2025-Q1","TP.FINHESTNKS71013.ZP10","2848602.7382"
"K","2025-Q1","TP.FINHESTNKS71013.ZP11","29334139.0083"
"K","2025-Q1","TP.FINHESTNKS71013.ZP12","1050013864.7702"
"K","2025-Q1","TP.FINHESTNKS71013.ZP13","0"
"K","2025-Q1","TP.FINHESTNKS71013.ZP14","1050013864.7702"
"K","2025-Q1","TP.FINHESTNKS71013.ZP15","3710182613.5472"
"K","2025-Q1","TP.FINHESTNKS71013.ZP16","3710182613.5472"
"K","2025-Q1","TP.FINHESTNKS71013.ZP17","0"
"K","2025-Q1","TP.FINHESTNKS71013.ZP18","0"
"K","2025-Q1","TP.FINHESTNKS71013.ZP19","0"
"K","2025-Q1","TP.FINHESTNKS71013.ZP20","0"
"K","2025-Q1","TP.FINHESTNKS71013.ZP21","98509816.8669"
"K","2025-Q1","TP.FINHESTNKS71013.ZP22","2537666223.3206"
"K","2025-Q1","TP.FINHESTNKS71013.ZP23","8914800414.4778"
"K","2025-Q1","TP.FINHESTNKS71013.ZP24","0"
"K","2025-Q1","TP.FINHESTNKS71013.ZP26","0"
"K","2025-Q1","TP.FINHESTNKS71013.ZP27","17454498.4645"
"K","2025-Q1","TP.FINHESTNKS71013.ZP28","7194863.9"
"K","2025-Q1","TP.FINHESTNKS71013.ZP29","10259634.5645"
"K","2025-Q1","TP.FINHESTNKS71013.ZP30","0"
"K","2025-Q1","TP.FINHESTNKS71013.ZP31","9881661250.0149"
"K","2025-Q1","TP.FINHESTNKS71013.ZP32","719896130.8059"
"K","2025-Q1","TP.FINHESTNKS71013.ZP33","9161765119.209"
"K","2025-Q1","TP.FINHESTNKS71013.ZP34","1174124720.2001"
"K","2025-Q1","TP.FINHESTNKS71013.ZP35","769844"
"K","2025-Q1","TP.FINHESTNKS71013.ZP36","1173354876.2001"
"K","2025-Q1","TP.FINHESTNKS71013.ZP37","0"
"K","2025-Q1","TP.FINHESTNKS71013.ZP38","0"
"K","2025-Q1","TP.FINHESTNKS71013.ZP39","0"
"K","2025-Q1","TP.FINHESTNKS71013.ZP40","0"
"K","2025-Q1","TP.FINHESTNKS71013.ZP41","0"
"K","2025-Q1","TP.FINHESTNKS71013.ZP42","83983537.0782"
"K","2025-Q1","TP.FINHESTNKS71013.ZP43","75155321.2026"
"K","2025-Q1","TP.FINHESTNKS71013.ZP44","1584247627.773"
"K","2025-Q1","TP.FINHESTNKS71013.ZP45","12816626954.7332"
"K","2025-Q2","TP.FINHESTNKS71013.ZP1","-3863638740.5027"
"K","2025-Q2","TP.FINHESTNKS71013.ZP2","0"
"K","2025-Q2","TP.FINHESTNKS71013.ZP3","0"
"K","2025-Q2","TP.FINHESTNKS71013.ZP4","0"
"K","2025-Q2","TP.FINHESTNKS71013.ZP5","2216964468.6731"
"K","2025-Q2","TP.FINHESTNKS71013.ZP6","653043.1185"
"K","2025-Q2","TP.FINHESTNKS71013.ZP7","1339717507.1437"
"K","2025-Q2","TP.FINHESTNKS71013.ZP8","876593918.4109"
"K","2025-Q2","TP.FINHESTNKS71013.ZP9","59811258.5921"
"K","2025-Q2","TP.FINHESTNKS71013.ZP10","1665484.6463"
"K","2025-Q2","TP.FINHESTNKS71013.ZP11","58145773.9458"
"K","2025-Q2","TP.FINHESTNKS71013.ZP12","1145057044.9292"
"K","2025-Q2","TP.FINHESTNKS71013.ZP13","0"
"K","2025-Q2","TP.FINHESTNKS71013.ZP14","1145057044.9292"
"K","2025-Q2","TP.FINHESTNKS71013.ZP15","4053229455.9742"
"K","2025-Q2","TP.FINHESTNKS71013.ZP16","4053229455.9742"
"K","2025-Q2","TP.FINHESTNKS71013.ZP17","0"
"K","2025-Q2","TP.FINHESTNKS71013.ZP18","0"
"K","2025-Q2","TP.FINHESTNKS71013.ZP19","0"
"K","2025-Q2","TP.FINHESTNKS71013.ZP20","0"
"K","2025-Q2","TP.FINHESTNKS71013.ZP21","5133615.6104"
"K","2025-Q2","TP.FINHESTNKS71013.ZP22","2776670686.444"
"K","2025-Q2","TP.FINHESTNKS71013.ZP23","10256866530.223"
"K","2025-Q2","TP.FINHESTNKS71013.ZP24","0"
"K","2025-Q2","TP.FINHESTNKS71013.ZP26","0"
"K","2025-Q2","TP.FINHESTNKS71013.ZP27","17621493.953"
"K","2025-Q2","TP.FINHESTNKS71013.ZP28","7514004"
"K","2025-Q2","TP.FINHESTNKS71013.ZP29","10107489.953"
"K","2025-Q2","TP.FINHESTNKS71013.ZP30","0"
"K","2025-Q2","TP.FINHESTNKS71013.ZP31","10979023539.7451"
"K","2025-Q2","TP.FINHESTNKS71013.ZP32","1097079496.6591"
"K","2025-Q2","TP.FINHESTNKS71013.ZP33","9881944043.0861"
"K","2025-Q2","TP.FINHESTNKS71013.ZP34","1319297621.3046"
"K","2025-Q2","TP.FINHESTNKS71013.ZP35","1636425"
"K","2025-Q2","TP.FINHESTNKS71013.ZP36","1317661196.3046"
"K","2025-Q2","TP.FINHESTNKS71013.ZP37","0"
"K","2025-Q2","TP.FINHESTNKS71013.ZP38","0"
"K","2025-Q2","TP.FINHESTNKS71013.ZP39","0"
"K","2025-Q2","TP.FINHESTNKS71013.ZP40","0"
"K","2025-Q2","TP.FINHESTNKS71013.ZP41","0"
"K","2025-Q2","TP.FINHESTNKS71013.ZP42","84410267.0135"
"K","2025-Q2","TP.FINHESTNKS71013.ZP43","5329170.9138"
"K","2025-Q2","TP.FINHESTNKS71013.ZP44","1714823177.7956"
"K","2025-Q2","TP.FINHESTNKS71013.ZP45","14120505270.7257"
"K","2025-Q3","TP.FINHESTNKS71013.ZP1","-4517656734.1224"
"K","2025-Q3","TP.FINHESTNKS71013.ZP2","0"
"K","2025-Q3","TP.FINHESTNKS71013.ZP3","0"
"K","2025-Q3","TP.FINHESTNKS71013.ZP4","0"
"K","2025-Q3","TP.FINHESTNKS71013.ZP5","2903415725.9741"
"K","2025-Q3","TP.FINHESTNKS71013.ZP6","1562014.3635"
"K","2025-Q3","TP.FINHESTNKS71013.ZP7","819455561.7418"
"K","2025-Q3","TP.FINHESTNKS71013.ZP8","2082398149.8688"
"K","2025-Q3","TP.FINHESTNKS71013.ZP9","60371444.4387"
"K","2025-Q3","TP.FINHESTNKS71013.ZP10","2072278.7276"
"K","2025-Q3","TP.FINHESTNKS71013.ZP11","58299165.7111"
"K","2025-Q3","TP.FINHESTNKS71013.ZP12","1225780083.1416"
"K","2025-Q3","TP.FINHESTNKS71013.ZP13","0"
"K","2025-Q3","TP.FINHESTNKS71013.ZP14","1225780083.1416"
"K","2025-Q3","TP.FINHESTNKS71013.ZP15","4066684861.2312"
"K","2025-Q3","TP.FINHESTNKS71013.ZP16","4066684861.2312"
"K","2025-Q3","TP.FINHESTNKS71013.ZP17","0"
"K","2025-Q3","TP.FINHESTNKS71013.ZP18","0"
"K","2025-Q3","TP.FINHESTNKS71013.ZP19","0"
"K","2025-Q3","TP.FINHESTNKS71013.ZP20","0"
"K","2025-Q3","TP.FINHESTNKS71013.ZP21","7400164.4682"
"K","2025-Q3","TP.FINHESTNKS71013.ZP22","3058611897.8344"
"K","2025-Q3","TP.FINHESTNKS71013.ZP23","11322264177.0882"
"K","2025-Q3","TP.FINHESTNKS71013.ZP24","0"
"K","2025-Q3","TP.FINHESTNKS71013.ZP26","0"
"K","2025-Q3","TP.FINHESTNKS71013.ZP27","16995914.73"
"K","2025-Q3","TP.FINHESTNKS71013.ZP28","7869626.38"
"K","2025-Q3","TP.FINHESTNKS71013.ZP29","9126288.35"
"K","2025-Q3","TP.FINHESTNKS71013.ZP30","0"
"K","2025-Q3","TP.FINHESTNKS71013.ZP31","12590987545.1105"
"K","2025-Q3","TP.FINHESTNKS71013.ZP32","1437232391.3899"
"K","2025-Q3","TP.FINHESTNKS71013.ZP33","11153755153.7206"
"K","2025-Q3","TP.FINHESTNKS71013.ZP34","1365698322.6585"
"K","2025-Q3","TP.FINHESTNKS71013.ZP35","2154862"
"K","2025-Q3","TP.FINHESTNKS71013.ZP36","1363543460.6585"
"K","2025-Q3","TP.FINHESTNKS71013.ZP37","0"
"K","2025-Q3","TP.FINHESTNKS71013.ZP38","0"
"K","2025-Q3","TP.FINHESTNKS71013.ZP39","0"
"K","2025-Q3","TP.FINHESTNKS71013.ZP40","0"
"K","2025-Q3","TP.FINHESTNKS71013.ZP41","0"
"K","2025-Q3","TP.FINHESTNKS71013.ZP42","84429976.0152"
"K","2025-Q3","TP.FINHESTNKS71013.ZP43","6376190.8005"
"K","2025-Q3","TP.FINHESTNKS71013.ZP44","1775432961.8959"
"K","2025-Q3","TP.FINHESTNKS71013.ZP45","15839920911.2105"
"K","2025-Q4","TP.FINHESTNKS71013.ZP1","-4543929497.5767"
"K","2025-Q4","TP.FINHESTNKS71013.ZP2","0"
"K","2025-Q4","TP.FINHESTNKS71013.ZP3","0"
"K","2025-Q4","TP.FINHESTNKS71013.ZP4","0"
"K","2025-Q4","TP.FINHESTNKS71013.ZP5","3141395117.1478"
"K","2025-Q4","TP.FINHESTNKS71013.ZP6","904503.2503"
"K","2025-Q4","TP.FINHESTNKS71013.ZP7","790033411.6584"
"K","2025-Q4","TP.FINHESTNKS71013.ZP8","2350457202.2392"
"K","2025-Q4","TP.FINHESTNKS71013.ZP9","67094337.8121"
"K","2025-Q4","TP.FINHESTNKS71013.ZP10","1653552.4693"
"K","2025-Q4","TP.FINHESTNKS71013.ZP11","65440785.3427"
"K","2025-Q4","TP.FINHESTNKS71013.ZP12","1319332722.2643"
"K","2025-Q4","TP.FINHESTNKS71013.ZP13","0"
"K","2025-Q4","TP.FINHESTNKS71013.ZP14","1319332722.2643"
"K","2025-Q4","TP.FINHESTNKS71013.ZP15","4550127910.3063"
"K","2025-Q4","TP.FINHESTNKS71013.ZP16","4550127910.3063"
"K","2025-Q4","TP.FINHESTNKS71013.ZP17","0"
"K","2025-Q4","TP.FINHESTNKS71013.ZP18","0"
"K","2025-Q4","TP.FINHESTNKS71013.ZP19","0"
"K","2025-Q4","TP.FINHESTNKS71013.ZP20","0"
"K","2025-Q4","TP.FINHESTNKS71013.ZP21","6018271.2155"
"K","2025-Q4","TP.FINHESTNKS71013.ZP22","3711681410.9816"
"K","2025-Q4","TP.FINHESTNKS71013.ZP23","12795649769.7276"
"K","2025-Q4","TP.FINHESTNKS71013.ZP24","0"
"K","2025-Q4","TP.FINHESTNKS71013.ZP26","0"
"K","2025-Q4","TP.FINHESTNKS71013.ZP27","27746955.5782"
"K","2025-Q4","TP.FINHESTNKS71013.ZP28","8181968.38"
"K","2025-Q4","TP.FINHESTNKS71013.ZP29","19564987.1982"
"K","2025-Q4","TP.FINHESTNKS71013.ZP30","0"
"K","2025-Q4","TP.FINHESTNKS71013.ZP31","13651239526.6624"
"K","2025-Q4","TP.FINHESTNKS71013.ZP32","1708889300.0739"
"K","2025-Q4","TP.FINHESTNKS71013.ZP33","11942350226.5885"
"K","2025-Q4","TP.FINHESTNKS71013.ZP34","1475384179.9524"
"K","2025-Q4","TP.FINHESTNKS71013.ZP35","1738348"
"K","2025-Q4","TP.FINHESTNKS71013.ZP36","1473645831.9524"
"K","2025-Q4","TP.FINHESTNKS71013.ZP37","0"
"K","2025-Q4","TP.FINHESTNKS71013.ZP38","0"
"K","2025-Q4","TP.FINHESTNKS71013.ZP39","0"
"K","2025-Q4","TP.FINHESTNKS71013.ZP40","0"
"K","2025-Q4","TP.FINHESTNKS71013.ZP41","0"
"K","2025-Q4","TP.FINHESTNKS71013.ZP42","90422668.1971"
"K","2025-Q4","TP.FINHESTNKS71013.ZP43","5129691.9057"
"K","2025-Q4","TP.FINHESTNKS71013.ZP44","2089656245.0084"
"K","2025-Q4","TP.FINHESTNKS71013.ZP45","17339579267.3043"
"K","2026-Q1","TP.FINHESTNKS71013.ZP1","-4958247126.577"
"K","2026-Q1","TP.FINHESTNKS71013.ZP2","0"
"K","2026-Q1","TP.FINHESTNKS71013.ZP3","0"
"K","2026-Q1","TP.FINHESTNKS71013.ZP4","0"
"K","2026-Q1","TP.FINHESTNKS71013.ZP5","3061473021.9717"
"K","2026-Q1","TP.FINHESTNKS71013.ZP6","1360367.716"
"K","2026-Q1","TP.FINHESTNKS71013.ZP7","733739611.8236"
"K","2026-Q1","TP.FINHESTNKS71013.ZP8","2326373042.4322"
"K","2026-Q1","TP.FINHESTNKS71013.ZP9","84751114.7337"
"K","2026-Q1","TP.FINHESTNKS71013.ZP10","1802927.7926"
"K","2026-Q1","TP.FINHESTNKS71013.ZP11","82948186.9411"
"K","2026-Q1","TP.FINHESTNKS71013.ZP12","1405002414.0916"
"K","2026-Q1","TP.FINHESTNKS71013.ZP13","0"
"K","2026-Q1","TP.FINHESTNKS71013.ZP14","1405002414.0916"
"K","2026-Q1","TP.FINHESTNKS71013.ZP15","4576964047.4453"
"K","2026-Q1","TP.FINHESTNKS71013.ZP16","4576964047.4453"
"K","2026-Q1","TP.FINHESTNKS71013.ZP17","0"
"K","2026-Q1","TP.FINHESTNKS71013.ZP18","0"
"K","2026-Q1","TP.FINHESTNKS71013.ZP19","0"
"K","2026-Q1","TP.FINHESTNKS71013.ZP20","0"
"K","2026-Q1","TP.FINHESTNKS71013.ZP21","12317166.6634"
"K","2026-Q1","TP.FINHESTNKS71013.ZP22","3688076965.1156"
"K","2026-Q1","TP.FINHESTNKS71013.ZP23","12828584730.0213"
"K","2026-Q1","TP.FINHESTNKS71013.ZP24","0"
"K","2026-Q1","TP.FINHESTNKS71013.ZP26","0"
"K","2026-Q1","TP.FINHESTNKS71013.ZP27","23467959.7794"
"K","2026-Q1","TP.FINHESTNKS71013.ZP28","8449063.88"
"K","2026-Q1","TP.FINHESTNKS71013.ZP29","15018895.8994"
"K","2026-Q1","TP.FINHESTNKS71013.ZP30","0"
"K","2026-Q1","TP.FINHESTNKS71013.ZP31","13851675682.5953"
"K","2026-Q1","TP.FINHESTNKS71013.ZP32","1861785224.3231"
"K","2026-Q1","TP.FINHESTNKS71013.ZP33","11989890458.2722"
"K","2026-Q1","TP.FINHESTNKS71013.ZP34","1531583409.9488"
"K","2026-Q1","TP.FINHESTNKS71013.ZP35","1689880"
"K","2026-Q1","TP.FINHESTNKS71013.ZP36","1529893529.9488"
"K","2026-Q1","TP.FINHESTNKS71013.ZP37","0"
"K","2026-Q1","TP.FINHESTNKS71013.ZP38","0"
"K","2026-Q1","TP.FINHESTNKS71013.ZP39","0"
"K","2026-Q1","TP.FINHESTNKS71013.ZP40","0"
"K","2026-Q1","TP.FINHESTNKS71013.ZP41","0"
"K","2026-Q1","TP.FINHESTNKS71013.ZP42","88442010.9464"
"K","2026-Q1","TP.FINHESTNKS71013.ZP43","3773549.7066"
"K","2026-Q1","TP.FINHESTNKS71013.ZP44","2287889243.6217"
"K","2026-Q1","TP.FINHESTNKS71013.ZP45","17786831856.5983"
"H","2010-Q4","TP.FINHESTNKS71014.ZP1","299989799.3358"
"H","2010-Q4","TP.FINHESTNKS71014.ZP2","0"
"H","2010-Q4","TP.FINHESTNKS71014.ZP3","0"
"H","2010-Q4","TP.FINHESTNKS71014.ZP4","0"
"H","2010-Q4","TP.FINHESTNKS71014.ZP5","359651913.7642"
"H","2010-Q4","TP.FINHESTNKS71014.ZP6","6553871.6247"
"H","2010-Q4","TP.FINHESTNKS71014.ZP7","40345373.5"
"H","2010-Q4","TP.FINHESTNKS71014.ZP8","312752668.6395"
"H","2010-Q4","TP.FINHESTNKS71014.ZP9","10517436.2601"
"H","2010-Q4","TP.FINHESTNKS71014.ZP10","0"
"H","2010-Q4","TP.FINHESTNKS71014.ZP11","10517436.2601"
"H","2010-Q4","TP.FINHESTNKS71014.ZP12","420372.5473"
"H","2010-Q4","TP.FINHESTNKS71014.ZP13","420372.5473"
"H","2010-Q4","TP.FINHESTNKS71014.ZP14","0"
"H","2010-Q4","TP.FINHESTNKS71014.ZP15","88410282.0807"
"H","2010-Q4","TP.FINHESTNKS71014.ZP16","57939221.9698"
"H","2010-Q4","TP.FINHESTNKS71014.ZP17","30471060.1109"
"H","2010-Q4","TP.FINHESTNKS71014.ZP18","23187206"
"H","2010-Q4","TP.FINHESTNKS71014.ZP19","7283854.1109"
"H","2010-Q4","TP.FINHESTNKS71014.ZP20","21485152.1847"
"H","2010-Q4","TP.FINHESTNKS71014.ZP21","54223"
"H","2010-Q4","TP.FINHESTNKS71014.ZP22","10455093.4416"
"H","2010-Q4","TP.FINHESTNKS71014.ZP23","490994473.2786"
"H","2010-Q4","TP.FINHESTNKS71014.ZP24","0"
"H","2010-Q4","TP.FINHESTNKS71014.ZP26","0"
"H","2010-Q4","TP.FINHESTNKS71014.ZP27","0"
"H","2010-Q4","TP.FINHESTNKS71014.ZP28","0"
"H","2010-Q4","TP.FINHESTNKS71014.ZP29","0"
"H","2010-Q4","TP.FINHESTNKS71014.ZP30","0"
"H","2010-Q4","TP.FINHESTNKS71014.ZP31","0"
"H","2010-Q4","TP.FINHESTNKS71014.ZP32","0"
"H","2010-Q4","TP.FINHESTNKS71014.ZP33","0"
"H","2010-Q4","TP.FINHESTNKS71014.ZP34","186289848.8344"
"H","2010-Q4","TP.FINHESTNKS71014.ZP35","54223151.6691"
"H","2010-Q4","TP.FINHESTNKS71014.ZP36","132066697.1652"
"H","2010-Q4","TP.FINHESTNKS71014.ZP37","0"
"H","2010-Q4","TP.FINHESTNKS71014.ZP38","0"
"H","2010-Q4","TP.FINHESTNKS71014.ZP39","0"
"H","2010-Q4","TP.FINHESTNKS71014.ZP40","0"
"H","2010-Q4","TP.FINHESTNKS71014.ZP41","0"
"H","2010-Q4","TP.FINHESTNKS71014.ZP42","0"
"H","2010-Q4","TP.FINHESTNKS71014.ZP43","195582"
"H","2010-Q4","TP.FINHESTNKS71014.ZP44","4519243.1084"
"H","2010-Q4","TP.FINHESTNKS71014.ZP45","191004673.9428"
"H","2011-Q4","TP.FINHESTNKS71014.ZP1","315718274.3071"
"H","2011-Q4","TP.FINHESTNKS71014.ZP2","0"
"H","2011-Q4","TP.FINHESTNKS71014.ZP3","0"
"H","2011-Q4","TP.FINHESTNKS71014.ZP4","0"
"H","2011-Q4","TP.FINHESTNKS71014.ZP5","425824368.2883"
"H","2011-Q4","TP.FINHESTNKS71014.ZP6","18744797.8365"
"H","2011-Q4","TP.FINHESTNKS71014.ZP7","52848024"
"H","2011-Q4","TP.FINHESTNKS71014.ZP8","354231546.4518"
"H","2011-Q4","TP.FINHESTNKS71014.ZP9","11953363.3292"
"H","2011-Q4","TP.FINHESTNKS71014.ZP10","0"
"H","2011-Q4","TP.FINHESTNKS71014.ZP11","11953363.3292"
"H","2011-Q4","TP.FINHESTNKS71014.ZP12","288727.1019"
"H","2011-Q4","TP.FINHESTNKS71014.ZP13","288727.1019"
"H","2011-Q4","TP.FINHESTNKS71014.ZP14","0"
"H","2011-Q4","TP.FINHESTNKS71014.ZP15","85203289.4281"
"H","2011-Q4","TP.FINHESTNKS71014.ZP16","60256566.5503"
"H","2011-Q4","TP.FINHESTNKS71014.ZP17","24946722.8778"
"H","2011-Q4","TP.FINHESTNKS71014.ZP18","20460590"
"H","2011-Q4","TP.FINHESTNKS71014.ZP19","4486132.8778"
"H","2011-Q4","TP.FINHESTNKS71014.ZP20","24837265.2437"
"H","2011-Q4","TP.FINHESTNKS71014.ZP21","81995"
"H","2011-Q4","TP.FINHESTNKS71014.ZP22","12847943.8813"
"H","2011-Q4","TP.FINHESTNKS71014.ZP23","561036952.2724"
"H","2011-Q4","TP.FINHESTNKS71014.ZP24","0"
"H","2011-Q4","TP.FINHESTNKS71014.ZP26","0"
"H","2011-Q4","TP.FINHESTNKS71014.ZP27","0"
"H","2011-Q4","TP.FINHESTNKS71014.ZP28","0"
"H","2011-Q4","TP.FINHESTNKS71014.ZP29","0"
"H","2011-Q4","TP.FINHESTNKS71014.ZP30","0"
"H","2011-Q4","TP.FINHESTNKS71014.ZP31","0"
"H","2011-Q4","TP.FINHESTNKS71014.ZP32","0"
"H","2011-Q4","TP.FINHESTNKS71014.ZP33","0"
"H","2011-Q4","TP.FINHESTNKS71014.ZP34","238798546.0923"
"H","2011-Q4","TP.FINHESTNKS71014.ZP35","66399876.5825"
"H","2011-Q4","TP.FINHESTNKS71014.ZP36","172398669.5098"
"H","2011-Q4","TP.FINHESTNKS71014.ZP37","0"
"H","2011-Q4","TP.FINHESTNKS71014.ZP38","0"
"H","2011-Q4","TP.FINHESTNKS71014.ZP39","0"
"H","2011-Q4","TP.FINHESTNKS71014.ZP40","0"
"H","2011-Q4","TP.FINHESTNKS71014.ZP41","0"
"H","2011-Q4","TP.FINHESTNKS71014.ZP42","0"
"H","2011-Q4","TP.FINHESTNKS71014.ZP43","358166"
"H","2011-Q4","TP.FINHESTNKS71014.ZP44","6161965.873"
"H","2011-Q4","TP.FINHESTNKS71014.ZP45","245318677.9653"
"H","2012-Q4","TP.FINHESTNKS71014.ZP1","329727918.0191"
"H","2012-Q4","TP.FINHESTNKS71014.ZP2","0"
"H","2012-Q4","TP.FINHESTNKS71014.ZP3","0"
"H","2012-Q4","TP.FINHESTNKS71014.ZP4","0"
"H","2012-Q4","TP.FINHESTNKS71014.ZP5","463525457.9236"
"H","2012-Q4","TP.FINHESTNKS71014.ZP6","17023584.1745"
"H","2012-Q4","TP.FINHESTNKS71014.ZP7","60667050.1"
"H","2012-Q4","TP.FINHESTNKS71014.ZP8","385834823.6492"
"H","2012-Q4","TP.FINHESTNKS71014.ZP9","16494432.0698"
"H","2012-Q4","TP.FINHESTNKS71014.ZP10","7510547.5816"
"H","2012-Q4","TP.FINHESTNKS71014.ZP11","8983884.4882"
"H","2012-Q4","TP.FINHESTNKS71014.ZP12","410472.4872"
"H","2012-Q4","TP.FINHESTNKS71014.ZP13","410472.4872"
"H","2012-Q4","TP.FINHESTNKS71014.ZP14","0"
"H","2012-Q4","TP.FINHESTNKS71014.ZP15","95225325.4244"
"H","2012-Q4","TP.FINHESTNKS71014.ZP16","72077581.6823"
"H","2012-Q4","TP.FINHESTNKS71014.ZP17","23147743.7421"
"H","2012-Q4","TP.FINHESTNKS71014.ZP18","14362790.9462"
"H","2012-Q4","TP.FINHESTNKS71014.ZP19","8784952.7959"
"H","2012-Q4","TP.FINHESTNKS71014.ZP20","32901907.2955"
"H","2012-Q4","TP.FINHESTNKS71014.ZP21","17040"
"H","2012-Q4","TP.FINHESTNKS71014.ZP22","14889333.445"
"H","2012-Q4","TP.FINHESTNKS71014.ZP23","623463968.6454"
"H","2012-Q4","TP.FINHESTNKS71014.ZP24","0"
"H","2012-Q4","TP.FINHESTNKS71014.ZP26","0"
"H","2012-Q4","TP.FINHESTNKS71014.ZP27","0"
"H","2012-Q4","TP.FINHESTNKS71014.ZP28","0"
"H","2012-Q4","TP.FINHESTNKS71014.ZP29","0"
"H","2012-Q4","TP.FINHESTNKS71014.ZP30","0"
"H","2012-Q4","TP.FINHESTNKS71014.ZP31","0"
"H","2012-Q4","TP.FINHESTNKS71014.ZP32","0"
"H","2012-Q4","TP.FINHESTNKS71014.ZP33","0"
"H","2012-Q4","TP.FINHESTNKS71014.ZP34","285337758.7564"
"H","2012-Q4","TP.FINHESTNKS71014.ZP35","83278080.1852"
"H","2012-Q4","TP.FINHESTNKS71014.ZP36","202059678.5712"
"H","2012-Q4","TP.FINHESTNKS71014.ZP37","0"
"H","2012-Q4","TP.FINHESTNKS71014.ZP38","0"
"H","2012-Q4","TP.FINHESTNKS71014.ZP39","0"
"H","2012-Q4","TP.FINHESTNKS71014.ZP40","0"
"H","2012-Q4","TP.FINHESTNKS71014.ZP41","0"
"H","2012-Q4","TP.FINHESTNKS71014.ZP42","0"
"H","2012-Q4","TP.FINHESTNKS71014.ZP43","62778"
"H","2012-Q4","TP.FINHESTNKS71014.ZP44","8335513.8698"
"H","2012-Q4","TP.FINHESTNKS71014.ZP45","293736050.6262"
"H","2013-Q4","TP.FINHESTNKS71014.ZP1","367928804.2982"
"H","2013-Q4","TP.FINHESTNKS71014.ZP2","0"
"H","2013-Q4","TP.FINHESTNKS71014.ZP3","0"
"H","2013-Q4","TP.FINHESTNKS71014.ZP4","0"
"H","2013-Q4","TP.FINHESTNKS71014.ZP5","552925594.1051"
"H","2013-Q4","TP.FINHESTNKS71014.ZP6","27468445.7756"
"H","2013-Q4","TP.FINHESTNKS71014.ZP7","77105355"
"H","2013-Q4","TP.FINHESTNKS71014.ZP8","448351793.3294"
"H","2013-Q4","TP.FINHESTNKS71014.ZP9","19951049.3102"
"H","2013-Q4","TP.FINHESTNKS71014.ZP10","8162838.8983"
"H","2013-Q4","TP.FINHESTNKS71014.ZP11","11788210.4119"
"H","2013-Q4","TP.FINHESTNKS71014.ZP12","386383.6371"
"H","2013-Q4","TP.FINHESTNKS71014.ZP13","386383.6371"
"H","2013-Q4","TP.FINHESTNKS71014.ZP14","0"
"H","2013-Q4","TP.FINHESTNKS71014.ZP15","99738287.5938"
"H","2013-Q4","TP.FINHESTNKS71014.ZP16","75595317.1875"
"H","2013-Q4","TP.FINHESTNKS71014.ZP17","24142970.4062"
"H","2013-Q4","TP.FINHESTNKS71014.ZP18","10256661"
"H","2013-Q4","TP.FINHESTNKS71014.ZP19","13886309.4062"
"H","2013-Q4","TP.FINHESTNKS71014.ZP20","39945718.5107"
"H","2013-Q4","TP.FINHESTNKS71014.ZP21","238635"
"H","2013-Q4","TP.FINHESTNKS71014.ZP22","17105559.5099"
"H","2013-Q4","TP.FINHESTNKS71014.ZP23","730291227.6666"
"H","2013-Q4","TP.FINHESTNKS71014.ZP24","0"
"H","2013-Q4","TP.FINHESTNKS71014.ZP26","0"
"H","2013-Q4","TP.FINHESTNKS71014.ZP27","0"
"H","2013-Q4","TP.FINHESTNKS71014.ZP28","0"
"H","2013-Q4","TP.FINHESTNKS71014.ZP29","0"
"H","2013-Q4","TP.FINHESTNKS71014.ZP30","0"
"H","2013-Q4","TP.FINHESTNKS71014.ZP31","0"
"H","2013-Q4","TP.FINHESTNKS71014.ZP32","0"
"H","2013-Q4","TP.FINHESTNKS71014.ZP33","0"
"H","2013-Q4","TP.FINHESTNKS71014.ZP34","354432659.4087"
"H","2013-Q4","TP.FINHESTNKS71014.ZP35","96037896.3247"
"H","2013-Q4","TP.FINHESTNKS71014.ZP36","258394763.084"
"H","2013-Q4","TP.FINHESTNKS71014.ZP37","0"
"H","2013-Q4","TP.FINHESTNKS71014.ZP38","0"
"H","2013-Q4","TP.FINHESTNKS71014.ZP39","0"
"H","2013-Q4","TP.FINHESTNKS71014.ZP40","0"
"H","2013-Q4","TP.FINHESTNKS71014.ZP41","0"
"H","2013-Q4","TP.FINHESTNKS71014.ZP42","0"
"H","2013-Q4","TP.FINHESTNKS71014.ZP43","679620"
"H","2013-Q4","TP.FINHESTNKS71014.ZP44","7250143.9598"
"H","2013-Q4","TP.FINHESTNKS71014.ZP45","362362423.3685"
"H","2014-Q4","TP.FINHESTNKS71014.ZP1","447389245.9628"
"H","2014-Q4","TP.FINHESTNKS71014.ZP2","0"
"H","2014-Q4","TP.FINHESTNKS71014.ZP3","0"
"H","2014-Q4","TP.FINHESTNKS71014.ZP4","0"
"H","2014-Q4","TP.FINHESTNKS71014.ZP5","627759196.5288"
"H","2014-Q4","TP.FINHESTNKS71014.ZP6","30809255.6996"
"H","2014-Q4","TP.FINHESTNKS71014.ZP7","88104565"
"H","2014-Q4","TP.FINHESTNKS71014.ZP8","508845375.8292"
"H","2014-Q4","TP.FINHESTNKS71014.ZP9","22644375.8917"
"H","2014-Q4","TP.FINHESTNKS71014.ZP10","8312686.522"
"H","2014-Q4","TP.FINHESTNKS71014.ZP11","14331689.3697"
"H","2014-Q4","TP.FINHESTNKS71014.ZP12","447983.8092"
"H","2014-Q4","TP.FINHESTNKS71014.ZP13","447983.8092"
"H","2014-Q4","TP.FINHESTNKS71014.ZP14","0"
"H","2014-Q4","TP.FINHESTNKS71014.ZP15","113712017.1677"
"H","2014-Q4","TP.FINHESTNKS71014.ZP16","88057778.8363"
"H","2014-Q4","TP.FINHESTNKS71014.ZP17","25654238.3313"
"H","2014-Q4","TP.FINHESTNKS71014.ZP18","12336284"
"H","2014-Q4","TP.FINHESTNKS71014.ZP19","13317954.3313"
"H","2014-Q4","TP.FINHESTNKS71014.ZP20","54285355.3711"
"H","2014-Q4","TP.FINHESTNKS71014.ZP21","78671"
"H","2014-Q4","TP.FINHESTNKS71014.ZP22","18689481.5544"
"H","2014-Q4","TP.FINHESTNKS71014.ZP23","837617081.3229"
"H","2014-Q4","TP.FINHESTNKS71014.ZP24","0"
"H","2014-Q4","TP.FINHESTNKS71014.ZP26","0"
"H","2014-Q4","TP.FINHESTNKS71014.ZP27","0"
"H","2014-Q4","TP.FINHESTNKS71014.ZP28","0"
"H","2014-Q4","TP.FINHESTNKS71014.ZP29","0"
"H","2014-Q4","TP.FINHESTNKS71014.ZP30","0"
"H","2014-Q4","TP.FINHESTNKS71014.ZP31","0"
"H","2014-Q4","TP.FINHESTNKS71014.ZP32","0"
"H","2014-Q4","TP.FINHESTNKS71014.ZP33","0"
"H","2014-Q4","TP.FINHESTNKS71014.ZP34","381234162.5108"
"H","2014-Q4","TP.FINHESTNKS71014.ZP35","92287397.4894"
"H","2014-Q4","TP.FINHESTNKS71014.ZP36","288946765.0214"
"H","2014-Q4","TP.FINHESTNKS71014.ZP37","0"
"H","2014-Q4","TP.FINHESTNKS71014.ZP38","0"
"H","2014-Q4","TP.FINHESTNKS71014.ZP39","0"
"H","2014-Q4","TP.FINHESTNKS71014.ZP40","0"
"H","2014-Q4","TP.FINHESTNKS71014.ZP41","0"
"H","2014-Q4","TP.FINHESTNKS71014.ZP42","0"
"H","2014-Q4","TP.FINHESTNKS71014.ZP43","110912"
"H","2014-Q4","TP.FINHESTNKS71014.ZP44","8882760.8493"
"H","2014-Q4","TP.FINHESTNKS71014.ZP45","390227835.3601"
"H","2015-Q1","TP.FINHESTNKS71014.ZP1","489840149.5539"
"H","2015-Q1","TP.FINHESTNKS71014.ZP2","0"
"H","2015-Q1","TP.FINHESTNKS71014.ZP3","0"
"H","2015-Q1","TP.FINHESTNKS71014.ZP4","0"
"H","2015-Q1","TP.FINHESTNKS71014.ZP5","671992193.4864"
"H","2015-Q1","TP.FINHESTNKS71014.ZP6","42152941.9653"
"H","2015-Q1","TP.FINHESTNKS71014.ZP7","91828532.7619"
"H","2015-Q1","TP.FINHESTNKS71014.ZP8","538010718.7593"
"H","2015-Q1","TP.FINHESTNKS71014.ZP9","21856211.7011"
"H","2015-Q1","TP.FINHESTNKS71014.ZP10","8511880.4669"
"H","2015-Q1","TP.FINHESTNKS71014.ZP11","13344331.2341"
"H","2015-Q1","TP.FINHESTNKS71014.ZP12","458374.4393"
"H","2015-Q1","TP.FINHESTNKS71014.ZP13","458374.4393"
"H","2015-Q1","TP.FINHESTNKS71014.ZP14","0"
"H","2015-Q1","TP.FINHESTNKS71014.ZP15","120681723.4589"
"H","2015-Q1","TP.FINHESTNKS71014.ZP16","91907961.3852"
"H","2015-Q1","TP.FINHESTNKS71014.ZP17","28773762.0737"
"H","2015-Q1","TP.FINHESTNKS71014.ZP18","12871057"
"H","2015-Q1","TP.FINHESTNKS71014.ZP19","15902705.0737"
"H","2015-Q1","TP.FINHESTNKS71014.ZP20","57619847.6754"
"H","2015-Q1","TP.FINHESTNKS71014.ZP21","177284"
"H","2015-Q1","TP.FINHESTNKS71014.ZP22","18276448.285"
"H","2015-Q1","TP.FINHESTNKS71014.ZP23","891062083.046"
"H","2015-Q1","TP.FINHESTNKS71014.ZP24","0"
"H","2015-Q1","TP.FINHESTNKS71014.ZP26","0"
"H","2015-Q1","TP.FINHESTNKS71014.ZP27","0"
"H","2015-Q1","TP.FINHESTNKS71014.ZP28","0"
"H","2015-Q1","TP.FINHESTNKS71014.ZP29","0"
"H","2015-Q1","TP.FINHESTNKS71014.ZP30","0"
"H","2015-Q1","TP.FINHESTNKS71014.ZP31","0"
"H","2015-Q1","TP.FINHESTNKS71014.ZP32","0"
"H","2015-Q1","TP.FINHESTNKS71014.ZP33","0"
"H","2015-Q1","TP.FINHESTNKS71014.ZP34","391463694.9385"
"H","2015-Q1","TP.FINHESTNKS71014.ZP35","93205082.2755"
"H","2015-Q1","TP.FINHESTNKS71014.ZP36","298258612.663"
"H","2015-Q1","TP.FINHESTNKS71014.ZP37","0"
"H","2015-Q1","TP.FINHESTNKS71014.ZP38","0"
"H","2015-Q1","TP.FINHESTNKS71014.ZP39","0"
"H","2015-Q1","TP.FINHESTNKS71014.ZP40","0"
"H","2015-Q1","TP.FINHESTNKS71014.ZP41","0"
"H","2015-Q1","TP.FINHESTNKS71014.ZP42","0"
"H","2015-Q1","TP.FINHESTNKS71014.ZP43","371136"
"H","2015-Q1","TP.FINHESTNKS71014.ZP44","9387102.5536"
"H","2015-Q1","TP.FINHESTNKS71014.ZP45","401221933.4921"
"H","2015-Q2","TP.FINHESTNKS71014.ZP1","516672039.5471"
"H","2015-Q2","TP.FINHESTNKS71014.ZP2","0"
"H","2015-Q2","TP.FINHESTNKS71014.ZP3","0"
"H","2015-Q2","TP.FINHESTNKS71014.ZP4","0"
"H","2015-Q2","TP.FINHESTNKS71014.ZP5","705561828.3356"
"H","2015-Q2","TP.FINHESTNKS71014.ZP6","42150776.7803"
"H","2015-Q2","TP.FINHESTNKS71014.ZP7","103355956.2679"
"H","2015-Q2","TP.FINHESTNKS71014.ZP8","560055095.2874"
"H","2015-Q2","TP.FINHESTNKS71014.ZP9","22279999.2194"
"H","2015-Q2","TP.FINHESTNKS71014.ZP10","8944257.1916"
"H","2015-Q2","TP.FINHESTNKS71014.ZP11","13335742.0278"
"H","2015-Q2","TP.FINHESTNKS71014.ZP12","523925.8019"
"H","2015-Q2","TP.FINHESTNKS71014.ZP13","523925.8019"
"H","2015-Q2","TP.FINHESTNKS71014.ZP14","0"
"H","2015-Q2","TP.FINHESTNKS71014.ZP15","120964427.7463"
"H","2015-Q2","TP.FINHESTNKS71014.ZP16","93722575.5657"
"H","2015-Q2","TP.FINHESTNKS71014.ZP17","27241852.1806"
"H","2015-Q2","TP.FINHESTNKS71014.ZP18","12732350"
"H","2015-Q2","TP.FINHESTNKS71014.ZP19","14509502.1806"
"H","2015-Q2","TP.FINHESTNKS71014.ZP20","60582675.6906"
"H","2015-Q2","TP.FINHESTNKS71014.ZP21","350138"
"H","2015-Q2","TP.FINHESTNKS71014.ZP22","19556173.7186"
"H","2015-Q2","TP.FINHESTNKS71014.ZP23","929819168.5124"
"H","2015-Q2","TP.FINHESTNKS71014.ZP24","0"
"H","2015-Q2","TP.FINHESTNKS71014.ZP26","0"
"H","2015-Q2","TP.FINHESTNKS71014.ZP27","0"
"H","2015-Q2","TP.FINHESTNKS71014.ZP28","0"
"H","2015-Q2","TP.FINHESTNKS71014.ZP29","0"
"H","2015-Q2","TP.FINHESTNKS71014.ZP30","0"
"H","2015-Q2","TP.FINHESTNKS71014.ZP31","0"
"H","2015-Q2","TP.FINHESTNKS71014.ZP32","0"
"H","2015-Q2","TP.FINHESTNKS71014.ZP33","0"
"H","2015-Q2","TP.FINHESTNKS71014.ZP34","402729826.1503"
"H","2015-Q2","TP.FINHESTNKS71014.ZP35","95547645.8552"
"H","2015-Q2","TP.FINHESTNKS71014.ZP36","307182180.295"
"H","2015-Q2","TP.FINHESTNKS71014.ZP37","0"
"H","2015-Q2","TP.FINHESTNKS71014.ZP38","0"
"H","2015-Q2","TP.FINHESTNKS71014.ZP39","0"
"H","2015-Q2","TP.FINHESTNKS71014.ZP40","0"
"H","2015-Q2","TP.FINHESTNKS71014.ZP41","0"
"H","2015-Q2","TP.FINHESTNKS71014.ZP42","0"
"H","2015-Q2","TP.FINHESTNKS71014.ZP43","256377"
"H","2015-Q2","TP.FINHESTNKS71014.ZP44","10160925.8151"
"H","2015-Q2","TP.FINHESTNKS71014.ZP45","413147128.9654"
"H","2015-Q3","TP.FINHESTNKS71014.ZP1","569050049.0097"
"H","2015-Q3","TP.FINHESTNKS71014.ZP2","0"
"H","2015-Q3","TP.FINHESTNKS71014.ZP3","0"
"H","2015-Q3","TP.FINHESTNKS71014.ZP4","0"
"H","2015-Q3","TP.FINHESTNKS71014.ZP5","758042671.8787"
"H","2015-Q3","TP.FINHESTNKS71014.ZP6","48551902.0515"
"H","2015-Q3","TP.FINHESTNKS71014.ZP7","113164894.93"
"H","2015-Q3","TP.FINHESTNKS71014.ZP8","596325874.8972"
"H","2015-Q3","TP.FINHESTNKS71014.ZP9","22906319.0732"
"H","2015-Q3","TP.FINHESTNKS71014.ZP10","8641302.1648"
"H","2015-Q3","TP.FINHESTNKS71014.ZP11","14265016.9084"
"H","2015-Q3","TP.FINHESTNKS71014.ZP12","312103.02"
"H","2015-Q3","TP.FINHESTNKS71014.ZP13","312103.02"
"H","2015-Q3","TP.FINHESTNKS71014.ZP14","0"
"H","2015-Q3","TP.FINHESTNKS71014.ZP15","126319072.152"
"H","2015-Q3","TP.FINHESTNKS71014.ZP16","88690019.4677"
"H","2015-Q3","TP.FINHESTNKS71014.ZP17","37629052.6842"
"H","2015-Q3","TP.FINHESTNKS71014.ZP18","13526771"
"H","2015-Q3","TP.FINHESTNKS71014.ZP19","24102281.6842"
"H","2015-Q3","TP.FINHESTNKS71014.ZP20","62807056.1839"
"H","2015-Q3","TP.FINHESTNKS71014.ZP21","199564"
"H","2015-Q3","TP.FINHESTNKS71014.ZP22","19362619.8504"
"H","2015-Q3","TP.FINHESTNKS71014.ZP23","989949406.1583"
"H","2015-Q3","TP.FINHESTNKS71014.ZP24","0"
"H","2015-Q3","TP.FINHESTNKS71014.ZP26","0"
"H","2015-Q3","TP.FINHESTNKS71014.ZP27","0"
"H","2015-Q3","TP.FINHESTNKS71014.ZP28","0"
"H","2015-Q3","TP.FINHESTNKS71014.ZP29","0"
"H","2015-Q3","TP.FINHESTNKS71014.ZP30","0"
"H","2015-Q3","TP.FINHESTNKS71014.ZP31","0"
"H","2015-Q3","TP.FINHESTNKS71014.ZP32","0"
"H","2015-Q3","TP.FINHESTNKS71014.ZP33","0"
"H","2015-Q3","TP.FINHESTNKS71014.ZP34","410083559.9546"
"H","2015-Q3","TP.FINHESTNKS71014.ZP35","98527703.4379"
"H","2015-Q3","TP.FINHESTNKS71014.ZP36","311555856.5167"
"H","2015-Q3","TP.FINHESTNKS71014.ZP37","0"
"H","2015-Q3","TP.FINHESTNKS71014.ZP38","0"
"H","2015-Q3","TP.FINHESTNKS71014.ZP39","0"
"H","2015-Q3","TP.FINHESTNKS71014.ZP40","0"
"H","2015-Q3","TP.FINHESTNKS71014.ZP41","0"
"H","2015-Q3","TP.FINHESTNKS71014.ZP42","0"
"H","2015-Q3","TP.FINHESTNKS71014.ZP43","446840"
"H","2015-Q3","TP.FINHESTNKS71014.ZP44","10368957.1939"
"H","2015-Q3","TP.FINHESTNKS71014.ZP45","420899357.1485"
"H","2015-Q4","TP.FINHESTNKS71014.ZP1","554491927.5789"
"H","2015-Q4","TP.FINHESTNKS71014.ZP2","0"
"H","2015-Q4","TP.FINHESTNKS71014.ZP3","0"
"H","2015-Q4","TP.FINHESTNKS71014.ZP4","0"
"H","2015-Q4","TP.FINHESTNKS71014.ZP5","744614587.1764"
"H","2015-Q4","TP.FINHESTNKS71014.ZP6","40006440.2787"
"H","2015-Q4","TP.FINHESTNKS71014.ZP7","110001762"
"H","2015-Q4","TP.FINHESTNKS71014.ZP8","594606384.8977"
"H","2015-Q4","TP.FINHESTNKS71014.ZP9","22997673.8871"
"H","2015-Q4","TP.FINHESTNKS71014.ZP10","9400066.4037"
"H","2015-Q4","TP.FINHESTNKS71014.ZP11","13597607.4834"
"H","2015-Q4","TP.FINHESTNKS71014.ZP12","386538.4693"
"H","2015-Q4","TP.FINHESTNKS71014.ZP13","386538.4693"
"H","2015-Q4","TP.FINHESTNKS71014.ZP14","0"
"H","2015-Q4","TP.FINHESTNKS71014.ZP15","126508973.0328"
"H","2015-Q4","TP.FINHESTNKS71014.ZP16","92088146.225"
"H","2015-Q4","TP.FINHESTNKS71014.ZP17","34420826.8077"
"H","2015-Q4","TP.FINHESTNKS71014.ZP18","12079088"
"H","2015-Q4","TP.FINHESTNKS71014.ZP19","22341738.8077"
"H","2015-Q4","TP.FINHESTNKS71014.ZP20","66187447.4957"
"H","2015-Q4","TP.FINHESTNKS71014.ZP21","170546"
"H","2015-Q4","TP.FINHESTNKS71014.ZP22","21049132.6875"
"H","2015-Q4","TP.FINHESTNKS71014.ZP23","981914898.7487"
"H","2015-Q4","TP.FINHESTNKS71014.ZP24","0"
"H","2015-Q4","TP.FINHESTNKS71014.ZP26","0"
"H","2015-Q4","TP.FINHESTNKS71014.ZP27","0"
"H","2015-Q4","TP.FINHESTNKS71014.ZP28","0"
"H","2015-Q4","TP.FINHESTNKS71014.ZP29","0"
"H","2015-Q4","TP.FINHESTNKS71014.ZP30","0"
"H","2015-Q4","TP.FINHESTNKS71014.ZP31","0"
"H","2015-Q4","TP.FINHESTNKS71014.ZP32","0"
"H","2015-Q4","TP.FINHESTNKS71014.ZP33","0"
"H","2015-Q4","TP.FINHESTNKS71014.ZP34","416393903.375"
"H","2015-Q4","TP.FINHESTNKS71014.ZP35","100722678.7129"
"H","2015-Q4","TP.FINHESTNKS71014.ZP36","315671224.6621"
"H","2015-Q4","TP.FINHESTNKS71014.ZP37","0"
"H","2015-Q4","TP.FINHESTNKS71014.ZP38","0"
"H","2015-Q4","TP.FINHESTNKS71014.ZP39","0"
"H","2015-Q4","TP.FINHESTNKS71014.ZP40","0"
"H","2015-Q4","TP.FINHESTNKS71014.ZP41","0"
"H","2015-Q4","TP.FINHESTNKS71014.ZP42","0"
"H","2015-Q4","TP.FINHESTNKS71014.ZP43","166859"
"H","2015-Q4","TP.FINHESTNKS71014.ZP44","10862208.7948"
"H","2015-Q4","TP.FINHESTNKS71014.ZP45","427422971.1699"
"H","2016-Q1","TP.FINHESTNKS71014.ZP1","588128738.5304"
"H","2016-Q1","TP.FINHESTNKS71014.ZP2","0"
"H","2016-Q1","TP.FINHESTNKS71014.ZP3","0"
"H","2016-Q1","TP.FINHESTNKS71014.ZP4","0"
"H","2016-Q1","TP.FINHESTNKS71014.ZP5","771396185.5007"
"H","2016-Q1","TP.FINHESTNKS71014.ZP6","48094385.4215"
"H","2016-Q1","TP.FINHESTNKS71014.ZP7","115809951.01"
"H","2016-Q1","TP.FINHESTNKS71014.ZP8","607491849.0693"
"H","2016-Q1","TP.FINHESTNKS71014.ZP9","22978841.4977"
"H","2016-Q1","TP.FINHESTNKS71014.ZP10","9248031.3272"
"H","2016-Q1","TP.FINHESTNKS71014.ZP11","13730810.1705"
"H","2016-Q1","TP.FINHESTNKS71014.ZP12","278393.6145"
"H","2016-Q1","TP.FINHESTNKS71014.ZP13","278393.6145"
"H","2016-Q1","TP.FINHESTNKS71014.ZP14","0"
"H","2016-Q1","TP.FINHESTNKS71014.ZP15","130982663.6085"
"H","2016-Q1","TP.FINHESTNKS71014.ZP16","97156734.3503"
"H","2016-Q1","TP.FINHESTNKS71014.ZP17","33825929.2582"
"H","2016-Q1","TP.FINHESTNKS71014.ZP18","11469855.3787"
"H","2016-Q1","TP.FINHESTNKS71014.ZP19","22356073.8795"
"H","2016-Q1","TP.FINHESTNKS71014.ZP20","73170953.4489"
"H","2016-Q1","TP.FINHESTNKS71014.ZP21","292480"
"H","2016-Q1","TP.FINHESTNKS71014.ZP22","22773528.4958"
"H","2016-Q1","TP.FINHESTNKS71014.ZP23","1021873046.1662"
"H","2016-Q1","TP.FINHESTNKS71014.ZP24","0"
"H","2016-Q1","TP.FINHESTNKS71014.ZP26","0"
"H","2016-Q1","TP.FINHESTNKS71014.ZP27","0"
"H","2016-Q1","TP.FINHESTNKS71014.ZP28","0"
"H","2016-Q1","TP.FINHESTNKS71014.ZP29","0"
"H","2016-Q1","TP.FINHESTNKS71014.ZP30","0"
"H","2016-Q1","TP.FINHESTNKS71014.ZP31","0"
"H","2016-Q1","TP.FINHESTNKS71014.ZP32","0"
"H","2016-Q1","TP.FINHESTNKS71014.ZP33","0"
"H","2016-Q1","TP.FINHESTNKS71014.ZP34","420941873.7308"
"H","2016-Q1","TP.FINHESTNKS71014.ZP35","99704055.5731"
"H","2016-Q1","TP.FINHESTNKS71014.ZP36","321237818.1576"
"H","2016-Q1","TP.FINHESTNKS71014.ZP37","0"
"H","2016-Q1","TP.FINHESTNKS71014.ZP38","0"
"H","2016-Q1","TP.FINHESTNKS71014.ZP39","0"
"H","2016-Q1","TP.FINHESTNKS71014.ZP40","0"
"H","2016-Q1","TP.FINHESTNKS71014.ZP41","0"
"H","2016-Q1","TP.FINHESTNKS71014.ZP42","0"
"H","2016-Q1","TP.FINHESTNKS71014.ZP43","115925"
"H","2016-Q1","TP.FINHESTNKS71014.ZP44","12686508.905"
"H","2016-Q1","TP.FINHESTNKS71014.ZP45","433744307.6357"
"H","2016-Q2","TP.FINHESTNKS71014.ZP1","613149595.0504"
"H","2016-Q2","TP.FINHESTNKS71014.ZP2","0"
"H","2016-Q2","TP.FINHESTNKS71014.ZP3","0"
"H","2016-Q2","TP.FINHESTNKS71014.ZP4","0"
"H","2016-Q2","TP.FINHESTNKS71014.ZP5","802447095.0168"
"H","2016-Q2","TP.FINHESTNKS71014.ZP6","53829338.1753"
"H","2016-Q2","TP.FINHESTNKS71014.ZP7","124170345.73"
"H","2016-Q2","TP.FINHESTNKS71014.ZP8","624447411.1115"
"H","2016-Q2","TP.FINHESTNKS71014.ZP9","22316509.1248"
"H","2016-Q2","TP.FINHESTNKS71014.ZP10","8304382.3805"
"H","2016-Q2","TP.FINHESTNKS71014.ZP11","14012126.7444"
"H","2016-Q2","TP.FINHESTNKS71014.ZP12","408955.2983"
"H","2016-Q2","TP.FINHESTNKS71014.ZP13","408955.2983"
"H","2016-Q2","TP.FINHESTNKS71014.ZP14","0"
"H","2016-Q2","TP.FINHESTNKS71014.ZP15","129013859.0524"
"H","2016-Q2","TP.FINHESTNKS71014.ZP16","93473635.3209"
"H","2016-Q2","TP.FINHESTNKS71014.ZP17","35540223.7315"
"H","2016-Q2","TP.FINHESTNKS71014.ZP18","11929946.3498"
"H","2016-Q2","TP.FINHESTNKS71014.ZP19","23610277.3817"
"H","2016-Q2","TP.FINHESTNKS71014.ZP20","80748754.3076"
"H","2016-Q2","TP.FINHESTNKS71014.ZP21","407667"
"H","2016-Q2","TP.FINHESTNKS71014.ZP22","22731936.9936"
"H","2016-Q2","TP.FINHESTNKS71014.ZP23","1058074776.7936"
"H","2016-Q2","TP.FINHESTNKS71014.ZP24","0"
"H","2016-Q2","TP.FINHESTNKS71014.ZP26","0"
"H","2016-Q2","TP.FINHESTNKS71014.ZP27","0"
"H","2016-Q2","TP.FINHESTNKS71014.ZP28","0"
"H","2016-Q2","TP.FINHESTNKS71014.ZP29","0"
"H","2016-Q2","TP.FINHESTNKS71014.ZP30","0"
"H","2016-Q2","TP.FINHESTNKS71014.ZP31","0"
"H","2016-Q2","TP.FINHESTNKS71014.ZP32","0"
"H","2016-Q2","TP.FINHESTNKS71014.ZP33","0"
"H","2016-Q2","TP.FINHESTNKS71014.ZP34","431825962.3642"
"H","2016-Q2","TP.FINHESTNKS71014.ZP35","102946770.3896"
"H","2016-Q2","TP.FINHESTNKS71014.ZP36","328879191.9747"
"H","2016-Q2","TP.FINHESTNKS71014.ZP37","0"
"H","2016-Q2","TP.FINHESTNKS71014.ZP38","0"
"H","2016-Q2","TP.FINHESTNKS71014.ZP39","0"
"H","2016-Q2","TP.FINHESTNKS71014.ZP40","0"
"H","2016-Q2","TP.FINHESTNKS71014.ZP41","0"
"H","2016-Q2","TP.FINHESTNKS71014.ZP42","0"
"H","2016-Q2","TP.FINHESTNKS71014.ZP43","127505"
"H","2016-Q2","TP.FINHESTNKS71014.ZP44","12971714.379"
"H","2016-Q2","TP.FINHESTNKS71014.ZP45","444925181.7432"
"H","2016-Q3","TP.FINHESTNKS71014.ZP1","631530896.0547"
"H","2016-Q3","TP.FINHESTNKS71014.ZP2","0"
"H","2016-Q3","TP.FINHESTNKS71014.ZP3","0"
"H","2016-Q3","TP.FINHESTNKS71014.ZP4","0"
"H","2016-Q3","TP.FINHESTNKS71014.ZP5","820022764.105"
"H","2016-Q3","TP.FINHESTNKS71014.ZP6","58777860.3265"
"H","2016-Q3","TP.FINHESTNKS71014.ZP7","124131031.63"
"H","2016-Q3","TP.FINHESTNKS71014.ZP8","637113872.1486"
"H","2016-Q3","TP.FINHESTNKS71014.ZP9","21695707.9503"
"H","2016-Q3","TP.FINHESTNKS71014.ZP10","7763906.4458"
"H","2016-Q3","TP.FINHESTNKS71014.ZP11","13931801.5045"
"H","2016-Q3","TP.FINHESTNKS71014.ZP12","408975.1255"
"H","2016-Q3","TP.FINHESTNKS71014.ZP13","408975.1255"
"H","2016-Q3","TP.FINHESTNKS71014.ZP14","0"
"H","2016-Q3","TP.FINHESTNKS71014.ZP15","131435344.7245"
"H","2016-Q3","TP.FINHESTNKS71014.ZP16","94591611.0705"
"H","2016-Q3","TP.FINHESTNKS71014.ZP17","36843733.654"
"H","2016-Q3","TP.FINHESTNKS71014.ZP18","12555808.1883"
"H","2016-Q3","TP.FINHESTNKS71014.ZP19","24287925.4657"
"H","2016-Q3","TP.FINHESTNKS71014.ZP20","86589719.3782"
"H","2016-Q3","TP.FINHESTNKS71014.ZP21","32170"
"H","2016-Q3","TP.FINHESTNKS71014.ZP22","22678759.6733"
"H","2016-Q3","TP.FINHESTNKS71014.ZP23","1082863440.9568"
"H","2016-Q3","TP.FINHESTNKS71014.ZP24","0"
"H","2016-Q3","TP.FINHESTNKS71014.ZP26","0"
"H","2016-Q3","TP.FINHESTNKS71014.ZP27","0"
"H","2016-Q3","TP.FINHESTNKS71014.ZP28","0"
"H","2016-Q3","TP.FINHESTNKS71014.ZP29","0"
"H","2016-Q3","TP.FINHESTNKS71014.ZP30","0"
"H","2016-Q3","TP.FINHESTNKS71014.ZP31","0"
"H","2016-Q3","TP.FINHESTNKS71014.ZP32","0"
"H","2016-Q3","TP.FINHESTNKS71014.ZP33","0"
"H","2016-Q3","TP.FINHESTNKS71014.ZP34","439089440.4834"
"H","2016-Q3","TP.FINHESTNKS71014.ZP35","105836917.6894"
"H","2016-Q3","TP.FINHESTNKS71014.ZP36","333252522.794"
"H","2016-Q3","TP.FINHESTNKS71014.ZP37","0"
"H","2016-Q3","TP.FINHESTNKS71014.ZP38","0"
"H","2016-Q3","TP.FINHESTNKS71014.ZP39","0"
"H","2016-Q3","TP.FINHESTNKS71014.ZP40","0"
"H","2016-Q3","TP.FINHESTNKS71014.ZP41","0"
"H","2016-Q3","TP.FINHESTNKS71014.ZP42","0"
"H","2016-Q3","TP.FINHESTNKS71014.ZP43","113470"
"H","2016-Q3","TP.FINHESTNKS71014.ZP44","12129634.4187"
"H","2016-Q3","TP.FINHESTNKS71014.ZP45","451332544.9021"
"H","2016-Q4","TP.FINHESTNKS71014.ZP1","673939387.185"
"H","2016-Q4","TP.FINHESTNKS71014.ZP2","0"
"H","2016-Q4","TP.FINHESTNKS71014.ZP3","0"
"H","2016-Q4","TP.FINHESTNKS71014.ZP4","0"
"H","2016-Q4","TP.FINHESTNKS71014.ZP5","871666020.6708"
"H","2016-Q4","TP.FINHESTNKS71014.ZP6","56213698.9989"
"H","2016-Q4","TP.FINHESTNKS71014.ZP7","139072953.05"
"H","2016-Q4","TP.FINHESTNKS71014.ZP8","676379368.6219"
"H","2016-Q4","TP.FINHESTNKS71014.ZP9","18154210.5442"
"H","2016-Q4","TP.FINHESTNKS71014.ZP10","5757834.5511"
"H","2016-Q4","TP.FINHESTNKS71014.ZP11","12396375.9931"
"H","2016-Q4","TP.FINHESTNKS71014.ZP12","466628.2308"
"H","2016-Q4","TP.FINHESTNKS71014.ZP13","466628.2308"
"H","2016-Q4","TP.FINHESTNKS71014.ZP14","0"
"H","2016-Q4","TP.FINHESTNKS71014.ZP15","134672524.9036"
"H","2016-Q4","TP.FINHESTNKS71014.ZP16","96246303.9498"
"H","2016-Q4","TP.FINHESTNKS71014.ZP17","38426220.9538"
"H","2016-Q4","TP.FINHESTNKS71014.ZP18","12634901.9988"
"H","2016-Q4","TP.FINHESTNKS71014.ZP19","25791318.955"
"H","2016-Q4","TP.FINHESTNKS71014.ZP20","94349208.6855"
"H","2016-Q4","TP.FINHESTNKS71014.ZP21","63238"
"H","2016-Q4","TP.FINHESTNKS71014.ZP22","25982247.0364"
"H","2016-Q4","TP.FINHESTNKS71014.ZP23","1145354078.0712"
"H","2016-Q4","TP.FINHESTNKS71014.ZP24","0"
"H","2016-Q4","TP.FINHESTNKS71014.ZP26","0"
"H","2016-Q4","TP.FINHESTNKS71014.ZP27","0"
"H","2016-Q4","TP.FINHESTNKS71014.ZP28","0"
"H","2016-Q4","TP.FINHESTNKS71014.ZP29","0"
"H","2016-Q4","TP.FINHESTNKS71014.ZP30","0"
"H","2016-Q4","TP.FINHESTNKS71014.ZP31","0"
"H","2016-Q4","TP.FINHESTNKS71014.ZP32","0"
"H","2016-Q4","TP.FINHESTNKS71014.ZP33","0"
"H","2016-Q4","TP.FINHESTNKS71014.ZP34","458180513.6647"
"H","2016-Q4","TP.FINHESTNKS71014.ZP35","104425448.4339"
"H","2016-Q4","TP.FINHESTNKS71014.ZP36","353755065.2308"
"H","2016-Q4","TP.FINHESTNKS71014.ZP37","0"
"H","2016-Q4","TP.FINHESTNKS71014.ZP38","0"
"H","2016-Q4","TP.FINHESTNKS71014.ZP39","0"
"H","2016-Q4","TP.FINHESTNKS71014.ZP40","0"
"H","2016-Q4","TP.FINHESTNKS71014.ZP41","0"
"H","2016-Q4","TP.FINHESTNKS71014.ZP42","0"
"H","2016-Q4","TP.FINHESTNKS71014.ZP43","414731"
"H","2016-Q4","TP.FINHESTNKS71014.ZP44","12819446.2215"
"H","2016-Q4","TP.FINHESTNKS71014.ZP45","471414690.8862"
"H","2017-Q1","TP.FINHESTNKS71014.ZP1","688028155.3008"
"H","2017-Q1","TP.FINHESTNKS71014.ZP2","0"
"H","2017-Q1","TP.FINHESTNKS71014.ZP3","0"
"H","2017-Q1","TP.FINHESTNKS71014.ZP4","0"
"H","2017-Q1","TP.FINHESTNKS71014.ZP5","884097275.5408"
"H","2017-Q1","TP.FINHESTNKS71014.ZP6","55211010.3793"
"H","2017-Q1","TP.FINHESTNKS71014.ZP7","150929679"
"H","2017-Q1","TP.FINHESTNKS71014.ZP8","677956586.1614"
"H","2017-Q1","TP.FINHESTNKS71014.ZP9","17925927.3447"
"H","2017-Q1","TP.FINHESTNKS71014.ZP10","6439782.7038"
"H","2017-Q1","TP.FINHESTNKS71014.ZP11","11486144.6409"
"H","2017-Q1","TP.FINHESTNKS71014.ZP12","532740.327"
"H","2017-Q1","TP.FINHESTNKS71014.ZP13","532740.327"
"H","2017-Q1","TP.FINHESTNKS71014.ZP14","0"
"H","2017-Q1","TP.FINHESTNKS71014.ZP15","144441350.6969"
"H","2017-Q1","TP.FINHESTNKS71014.ZP16","106184992.3549"
"H","2017-Q1","TP.FINHESTNKS71014.ZP17","38256358.342"
"H","2017-Q1","TP.FINHESTNKS71014.ZP18","12551404.1987"
"H","2017-Q1","TP.FINHESTNKS71014.ZP19","25704954.1434"
"H","2017-Q1","TP.FINHESTNKS71014.ZP20","100374472.0669"
"H","2017-Q1","TP.FINHESTNKS71014.ZP21","371888"
"H","2017-Q1","TP.FINHESTNKS71014.ZP22","28002216.9471"
"H","2017-Q1","TP.FINHESTNKS71014.ZP23","1175745870.9235"
"H","2017-Q1","TP.FINHESTNKS71014.ZP24","0"
"H","2017-Q1","TP.FINHESTNKS71014.ZP26","0"
"H","2017-Q1","TP.FINHESTNKS71014.ZP27","0"
"H","2017-Q1","TP.FINHESTNKS71014.ZP28","0"
"H","2017-Q1","TP.FINHESTNKS71014.ZP29","0"
"H","2017-Q1","TP.FINHESTNKS71014.ZP30","0"
"H","2017-Q1","TP.FINHESTNKS71014.ZP31","0"
"H","2017-Q1","TP.FINHESTNKS71014.ZP32","0"
"H","2017-Q1","TP.FINHESTNKS71014.ZP33","0"
"H","2017-Q1","TP.FINHESTNKS71014.ZP34","471087698.0788"
"H","2017-Q1","TP.FINHESTNKS71014.ZP35","104369242.7376"
"H","2017-Q1","TP.FINHESTNKS71014.ZP36","366718455.3411"
"H","2017-Q1","TP.FINHESTNKS71014.ZP37","0"
"H","2017-Q1","TP.FINHESTNKS71014.ZP38","0"
"H","2017-Q1","TP.FINHESTNKS71014.ZP39","0"
"H","2017-Q1","TP.FINHESTNKS71014.ZP40","0"
"H","2017-Q1","TP.FINHESTNKS71014.ZP41","0"
"H","2017-Q1","TP.FINHESTNKS71014.ZP42","0"
"H","2017-Q1","TP.FINHESTNKS71014.ZP43","207818"
"H","2017-Q1","TP.FINHESTNKS71014.ZP44","16422199.5439"
"H","2017-Q1","TP.FINHESTNKS71014.ZP45","487717715.6227"
"H","2017-Q2","TP.FINHESTNKS71014.ZP1","707978699.4122"
"H","2017-Q2","TP.FINHESTNKS71014.ZP2","0"
"H","2017-Q2","TP.FINHESTNKS71014.ZP3","0"
"H","2017-Q2","TP.FINHESTNKS71014.ZP4","0"
"H","2017-Q2","TP.FINHESTNKS71014.ZP5","928878489.9962"
"H","2017-Q2","TP.FINHESTNKS71014.ZP6","57523240.1651"
"H","2017-Q2","TP.FINHESTNKS71014.ZP7","164545753"
"H","2017-Q2","TP.FINHESTNKS71014.ZP8","706809496.8311"
"H","2017-Q2","TP.FINHESTNKS71014.ZP9","17663829.0998"
"H","2017-Q2","TP.FINHESTNKS71014.ZP10","6079915.775"
"H","2017-Q2","TP.FINHESTNKS71014.ZP11","11583913.3249"
"H","2017-Q2","TP.FINHESTNKS71014.ZP12","799485.0736"
"H","2017-Q2","TP.FINHESTNKS71014.ZP13","799485.0736"
"H","2017-Q2","TP.FINHESTNKS71014.ZP14","0"
"H","2017-Q2","TP.FINHESTNKS71014.ZP15","132059985.2268"
"H","2017-Q2","TP.FINHESTNKS71014.ZP16","94995672.2273"
"H","2017-Q2","TP.FINHESTNKS71014.ZP17","37064312.9995"
"H","2017-Q2","TP.FINHESTNKS71014.ZP18","12591617.7876"
"H","2017-Q2","TP.FINHESTNKS71014.ZP19","24472695.2119"
"H","2017-Q2","TP.FINHESTNKS71014.ZP20","105397911.6604"
"H","2017-Q2","TP.FINHESTNKS71014.ZP21","132095"
"H","2017-Q2","TP.FINHESTNKS71014.ZP22","27844392.0964"
"H","2017-Q2","TP.FINHESTNKS71014.ZP23","1212776188.1533"
"H","2017-Q2","TP.FINHESTNKS71014.ZP24","0"
"H","2017-Q2","TP.FINHESTNKS71014.ZP26","0"
"H","2017-Q2","TP.FINHESTNKS71014.ZP27","0"
"H","2017-Q2","TP.FINHESTNKS71014.ZP28","0"
"H","2017-Q2","TP.FINHESTNKS71014.ZP29","0"
"H","2017-Q2","TP.FINHESTNKS71014.ZP30","0"
"H","2017-Q2","TP.FINHESTNKS71014.ZP31","0"
"H","2017-Q2","TP.FINHESTNKS71014.ZP32","0"
"H","2017-Q2","TP.FINHESTNKS71014.ZP33","0"
"H","2017-Q2","TP.FINHESTNKS71014.ZP34","488452161.2039"
"H","2017-Q2","TP.FINHESTNKS71014.ZP35","107970582.6722"
"H","2017-Q2","TP.FINHESTNKS71014.ZP36","380481578.5316"
"H","2017-Q2","TP.FINHESTNKS71014.ZP37","0"
"H","2017-Q2","TP.FINHESTNKS71014.ZP38","0"
"H","2017-Q2","TP.FINHESTNKS71014.ZP39","0"
"H","2017-Q2","TP.FINHESTNKS71014.ZP40","0"
"H","2017-Q2","TP.FINHESTNKS71014.ZP41","0"
"H","2017-Q2","TP.FINHESTNKS71014.ZP42","0"
"H","2017-Q2","TP.FINHESTNKS71014.ZP43","386985"
"H","2017-Q2","TP.FINHESTNKS71014.ZP44","15958342.5372"
"H","2017-Q2","TP.FINHESTNKS71014.ZP45","504797488.7411"
"H","2017-Q3","TP.FINHESTNKS71014.ZP1","718374006.8873"
"H","2017-Q3","TP.FINHESTNKS71014.ZP2","0"
"H","2017-Q3","TP.FINHESTNKS71014.ZP3","0"
"H","2017-Q3","TP.FINHESTNKS71014.ZP4","0"
"H","2017-Q3","TP.FINHESTNKS71014.ZP5","949781136.7876"
"H","2017-Q3","TP.FINHESTNKS71014.ZP6","54724943.6115"
"H","2017-Q3","TP.FINHESTNKS71014.ZP7","166028294"
"H","2017-Q3","TP.FINHESTNKS71014.ZP8","729027899.1761"
"H","2017-Q3","TP.FINHESTNKS71014.ZP9","21216119.6255"
"H","2017-Q3","TP.FINHESTNKS71014.ZP10","8736868.2233"
"H","2017-Q3","TP.FINHESTNKS71014.ZP11","12479251.4021"
"H","2017-Q3","TP.FINHESTNKS71014.ZP12","834431.3923"
"H","2017-Q3","TP.FINHESTNKS71014.ZP13","834431.3923"
"H","2017-Q3","TP.FINHESTNKS71014.ZP14","0"
"H","2017-Q3","TP.FINHESTNKS71014.ZP15","134947921.1782"
"H","2017-Q3","TP.FINHESTNKS71014.ZP16","97780303.7732"
"H","2017-Q3","TP.FINHESTNKS71014.ZP17","37167617.405"
"H","2017-Q3","TP.FINHESTNKS71014.ZP18","13368141.6246"
"H","2017-Q3","TP.FINHESTNKS71014.ZP19","23799475.7804"
"H","2017-Q3","TP.FINHESTNKS71014.ZP20","108814394.4622"
"H","2017-Q3","TP.FINHESTNKS71014.ZP21","36730"
"H","2017-Q3","TP.FINHESTNKS71014.ZP22","29898335.0575"
"H","2017-Q3","TP.FINHESTNKS71014.ZP23","1245529068.5033"
"H","2017-Q3","TP.FINHESTNKS71014.ZP24","0"
"H","2017-Q3","TP.FINHESTNKS71014.ZP26","0"
"H","2017-Q3","TP.FINHESTNKS71014.ZP27","0"
"H","2017-Q3","TP.FINHESTNKS71014.ZP28","0"
"H","2017-Q3","TP.FINHESTNKS71014.ZP29","0"
"H","2017-Q3","TP.FINHESTNKS71014.ZP30","0"
"H","2017-Q3","TP.FINHESTNKS71014.ZP31","0"
"H","2017-Q3","TP.FINHESTNKS71014.ZP32","0"
"H","2017-Q3","TP.FINHESTNKS71014.ZP33","0"
"H","2017-Q3","TP.FINHESTNKS71014.ZP34","512338046.8274"
"H","2017-Q3","TP.FINHESTNKS71014.ZP35","114083908.322"
"H","2017-Q3","TP.FINHESTNKS71014.ZP36","398254138.5054"
"H","2017-Q3","TP.FINHESTNKS71014.ZP37","0"
"H","2017-Q3","TP.FINHESTNKS71014.ZP38","0"
"H","2017-Q3","TP.FINHESTNKS71014.ZP39","0"
"H","2017-Q3","TP.FINHESTNKS71014.ZP40","0"
"H","2017-Q3","TP.FINHESTNKS71014.ZP41","0"
"H","2017-Q3","TP.FINHESTNKS71014.ZP42","0"
"H","2017-Q3","TP.FINHESTNKS71014.ZP43","185025"
"H","2017-Q3","TP.FINHESTNKS71014.ZP44","14631989.7886"
"H","2017-Q3","TP.FINHESTNKS71014.ZP45","527155061.616"
"H","2017-Q4","TP.FINHESTNKS71014.ZP1","769705980.4525"
"H","2017-Q4","TP.FINHESTNKS71014.ZP2","0"
"H","2017-Q4","TP.FINHESTNKS71014.ZP3","0"
"H","2017-Q4","TP.FINHESTNKS71014.ZP4","0"
"H","2017-Q4","TP.FINHESTNKS71014.ZP5","986211193.2908"
"H","2017-Q4","TP.FINHESTNKS71014.ZP6","51835505.2818"
"H","2017-Q4","TP.FINHESTNKS71014.ZP7","172043840"
"H","2017-Q4","TP.FINHESTNKS71014.ZP8","762331848.009"
"H","2017-Q4","TP.FINHESTNKS71014.ZP9","25527049.6234"
"H","2017-Q4","TP.FINHESTNKS71014.ZP10","12675545.8856"
"H","2017-Q4","TP.FINHESTNKS71014.ZP11","12851503.7379"
"H","2017-Q4","TP.FINHESTNKS71014.ZP12","639029.707"
"H","2017-Q4","TP.FINHESTNKS71014.ZP13","639029.707"
"H","2017-Q4","TP.FINHESTNKS71014.ZP14","0"
"H","2017-Q4","TP.FINHESTNKS71014.ZP15","146062626.64"
"H","2017-Q4","TP.FINHESTNKS71014.ZP16","108295247.1758"
"H","2017-Q4","TP.FINHESTNKS71014.ZP17","37767379.4642"
"H","2017-Q4","TP.FINHESTNKS71014.ZP18","13875477.5273"
"H","2017-Q4","TP.FINHESTNKS71014.ZP19","23891901.9369"
"H","2017-Q4","TP.FINHESTNKS71014.ZP20","124386118.099"
"H","2017-Q4","TP.FINHESTNKS71014.ZP21","34674"
"H","2017-Q4","TP.FINHESTNKS71014.ZP22","31237475.0887"
"H","2017-Q4","TP.FINHESTNKS71014.ZP23","1314098166.4488"
"H","2017-Q4","TP.FINHESTNKS71014.ZP24","0"
"H","2017-Q4","TP.FINHESTNKS71014.ZP26","0"
"H","2017-Q4","TP.FINHESTNKS71014.ZP27","0"
"H","2017-Q4","TP.FINHESTNKS71014.ZP28","0"
"H","2017-Q4","TP.FINHESTNKS71014.ZP29","0"
"H","2017-Q4","TP.FINHESTNKS71014.ZP30","0"
"H","2017-Q4","TP.FINHESTNKS71014.ZP31","0"
"H","2017-Q4","TP.FINHESTNKS71014.ZP32","0"
"H","2017-Q4","TP.FINHESTNKS71014.ZP33","0"
"H","2017-Q4","TP.FINHESTNKS71014.ZP34","528072107.2919"
"H","2017-Q4","TP.FINHESTNKS71014.ZP35","117760921.6462"
"H","2017-Q4","TP.FINHESTNKS71014.ZP36","410311185.6457"
"H","2017-Q4","TP.FINHESTNKS71014.ZP37","0"
"H","2017-Q4","TP.FINHESTNKS71014.ZP38","0"
"H","2017-Q4","TP.FINHESTNKS71014.ZP39","0"
"H","2017-Q4","TP.FINHESTNKS71014.ZP40","0"
"H","2017-Q4","TP.FINHESTNKS71014.ZP41","0"
"H","2017-Q4","TP.FINHESTNKS71014.ZP42","0"
"H","2017-Q4","TP.FINHESTNKS71014.ZP43","190736"
"H","2017-Q4","TP.FINHESTNKS71014.ZP44","16129342.7044"
"H","2017-Q4","TP.FINHESTNKS71014.ZP45","544392185.9964"
"H","2018-Q1","TP.FINHESTNKS71014.ZP1","810938548.7279"
"H","2018-Q1","TP.FINHESTNKS71014.ZP2","0"
"H","2018-Q1","TP.FINHESTNKS71014.ZP3","0"
"H","2018-Q1","TP.FINHESTNKS71014.ZP4","0"
"H","2018-Q1","TP.FINHESTNKS71014.ZP5","1025270707.6132"
"H","2018-Q1","TP.FINHESTNKS71014.ZP6","50504670.3788"
"H","2018-Q1","TP.FINHESTNKS71014.ZP7","176378336"
"H","2018-Q1","TP.FINHESTNKS71014.ZP8","798387701.2344"
"H","2018-Q1","TP.FINHESTNKS71014.ZP9","29820845.6393"
"H","2018-Q1","TP.FINHESTNKS71014.ZP10","15769104.1056"
"H","2018-Q1","TP.FINHESTNKS71014.ZP11","14051741.5336"
"H","2018-Q1","TP.FINHESTNKS71014.ZP12","703054.4866"
"H","2018-Q1","TP.FINHESTNKS71014.ZP13","703054.4866"
"H","2018-Q1","TP.FINHESTNKS71014.ZP14","0"
"H","2018-Q1","TP.FINHESTNKS71014.ZP15","157956376.3541"
"H","2018-Q1","TP.FINHESTNKS71014.ZP16","116056509.9287"
"H","2018-Q1","TP.FINHESTNKS71014.ZP17","41899866.4253"
"H","2018-Q1","TP.FINHESTNKS71014.ZP18","14646182.1546"
"H","2018-Q1","TP.FINHESTNKS71014.ZP19","27253684.2708"
"H","2018-Q1","TP.FINHESTNKS71014.ZP20","123053308.3579"
"H","2018-Q1","TP.FINHESTNKS71014.ZP21","36057"
"H","2018-Q1","TP.FINHESTNKS71014.ZP22","32302684.552"
"H","2018-Q1","TP.FINHESTNKS71014.ZP23","1369143034.0029"
"H","2018-Q1","TP.FINHESTNKS71014.ZP24","0"
"H","2018-Q1","TP.FINHESTNKS71014.ZP26","0"
"H","2018-Q1","TP.FINHESTNKS71014.ZP27","0"
"H","2018-Q1","TP.FINHESTNKS71014.ZP28","0"
"H","2018-Q1","TP.FINHESTNKS71014.ZP29","0"
"H","2018-Q1","TP.FINHESTNKS71014.ZP30","0"
"H","2018-Q1","TP.FINHESTNKS71014.ZP31","0"
"H","2018-Q1","TP.FINHESTNKS71014.ZP32","0"
"H","2018-Q1","TP.FINHESTNKS71014.ZP33","0"
"H","2018-Q1","TP.FINHESTNKS71014.ZP34","539501489.6175"
"H","2018-Q1","TP.FINHESTNKS71014.ZP35","119685054.1513"
"H","2018-Q1","TP.FINHESTNKS71014.ZP36","419816435.4663"
"H","2018-Q1","TP.FINHESTNKS71014.ZP37","0"
"H","2018-Q1","TP.FINHESTNKS71014.ZP38","0"
"H","2018-Q1","TP.FINHESTNKS71014.ZP39","0"
"H","2018-Q1","TP.FINHESTNKS71014.ZP40","0"
"H","2018-Q1","TP.FINHESTNKS71014.ZP41","0"
"H","2018-Q1","TP.FINHESTNKS71014.ZP42","0"
"H","2018-Q1","TP.FINHESTNKS71014.ZP43","218642"
"H","2018-Q1","TP.FINHESTNKS71014.ZP44","18484353.6574"
"H","2018-Q1","TP.FINHESTNKS71014.ZP45","558204485.275"
"H","2018-Q2","TP.FINHESTNKS71014.ZP1","876046666.6533"
"H","2018-Q2","TP.FINHESTNKS71014.ZP2","0"
"H","2018-Q2","TP.FINHESTNKS71014.ZP3","0"
"H","2018-Q2","TP.FINHESTNKS71014.ZP4","0"
"H","2018-Q2","TP.FINHESTNKS71014.ZP5","1105630102.6309"
"H","2018-Q2","TP.FINHESTNKS71014.ZP6","62357158.0163"
"H","2018-Q2","TP.FINHESTNKS71014.ZP7","208574449.0977"
"H","2018-Q2","TP.FINHESTNKS71014.ZP8","834698495.5169"
"H","2018-Q2","TP.FINHESTNKS71014.ZP9","33553753.7726"
"H","2018-Q2","TP.FINHESTNKS71014.ZP10","18156743.9953"
"H","2018-Q2","TP.FINHESTNKS71014.ZP11","15397009.7773"
"H","2018-Q2","TP.FINHESTNKS71014.ZP12","859490.4222"
"H","2018-Q2","TP.FINHESTNKS71014.ZP13","859490.4222"
"H","2018-Q2","TP.FINHESTNKS71014.ZP14","0"
"H","2018-Q2","TP.FINHESTNKS71014.ZP15","150990220.2248"
"H","2018-Q2","TP.FINHESTNKS71014.ZP16","111054567.7115"
"H","2018-Q2","TP.FINHESTNKS71014.ZP17","39935652.5133"
"H","2018-Q2","TP.FINHESTNKS71014.ZP18","14275333.4915"
"H","2018-Q2","TP.FINHESTNKS71014.ZP19","25660319.0218"
"H","2018-Q2","TP.FINHESTNKS71014.ZP20","125406710.4934"
"H","2018-Q2","TP.FINHESTNKS71014.ZP21","77668"
"H","2018-Q2","TP.FINHESTNKS71014.ZP22","34081994.4433"
"H","2018-Q2","TP.FINHESTNKS71014.ZP23","1450599939.9872"
"H","2018-Q2","TP.FINHESTNKS71014.ZP24","0"
"H","2018-Q2","TP.FINHESTNKS71014.ZP26","0"
"H","2018-Q2","TP.FINHESTNKS71014.ZP27","0"
"H","2018-Q2","TP.FINHESTNKS71014.ZP28","0"
"H","2018-Q2","TP.FINHESTNKS71014.ZP29","0"
"H","2018-Q2","TP.FINHESTNKS71014.ZP30","0"
"H","2018-Q2","TP.FINHESTNKS71014.ZP31","0"
"H","2018-Q2","TP.FINHESTNKS71014.ZP32","0"
"H","2018-Q2","TP.FINHESTNKS71014.ZP33","0"
"H","2018-Q2","TP.FINHESTNKS71014.ZP34","555339710.6339"
"H","2018-Q2","TP.FINHESTNKS71014.ZP35","124385043.5621"
"H","2018-Q2","TP.FINHESTNKS71014.ZP36","430954667.0718"
"H","2018-Q2","TP.FINHESTNKS71014.ZP37","0"
"H","2018-Q2","TP.FINHESTNKS71014.ZP38","0"
"H","2018-Q2","TP.FINHESTNKS71014.ZP39","0"
"H","2018-Q2","TP.FINHESTNKS71014.ZP40","0"
"H","2018-Q2","TP.FINHESTNKS71014.ZP41","0"
"H","2018-Q2","TP.FINHESTNKS71014.ZP42","0"
"H","2018-Q2","TP.FINHESTNKS71014.ZP43","214989"
"H","2018-Q2","TP.FINHESTNKS71014.ZP44","18998573.7001"
"H","2018-Q2","TP.FINHESTNKS71014.ZP45","574553273.334"
"H","2018-Q3","TP.FINHESTNKS71014.ZP1","1026903417.721"
"H","2018-Q3","TP.FINHESTNKS71014.ZP2","0"
"H","2018-Q3","TP.FINHESTNKS71014.ZP3","0"
"H","2018-Q3","TP.FINHESTNKS71014.ZP4","0"
"H","2018-Q3","TP.FINHESTNKS71014.ZP5","1247564158.1757"
"H","2018-Q3","TP.FINHESTNKS71014.ZP6","63022293.5637"
"H","2018-Q3","TP.FINHESTNKS71014.ZP7","233079815.8514"
"H","2018-Q3","TP.FINHESTNKS71014.ZP8","951462048.7605"
"H","2018-Q3","TP.FINHESTNKS71014.ZP9","32364588.4192"
"H","2018-Q3","TP.FINHESTNKS71014.ZP10","12989783.9968"
"H","2018-Q3","TP.FINHESTNKS71014.ZP11","19374804.4224"
"H","2018-Q3","TP.FINHESTNKS71014.ZP12","1196382.1901"
"H","2018-Q3","TP.FINHESTNKS71014.ZP13","1196382.1901"
"H","2018-Q3","TP.FINHESTNKS71014.ZP14","0"
"H","2018-Q3","TP.FINHESTNKS71014.ZP15","156337858.0613"
"H","2018-Q3","TP.FINHESTNKS71014.ZP16","122195752.5457"
"H","2018-Q3","TP.FINHESTNKS71014.ZP17","34142105.5156"
"H","2018-Q3","TP.FINHESTNKS71014.ZP18","12484326.2332"
"H","2018-Q3","TP.FINHESTNKS71014.ZP19","21657779.2824"
"H","2018-Q3","TP.FINHESTNKS71014.ZP20","133059045.1526"
"H","2018-Q3","TP.FINHESTNKS71014.ZP21","97890"
"H","2018-Q3","TP.FINHESTNKS71014.ZP22","36625413.9433"
"H","2018-Q3","TP.FINHESTNKS71014.ZP23","1607245335.9421"
"H","2018-Q3","TP.FINHESTNKS71014.ZP24","0"
"H","2018-Q3","TP.FINHESTNKS71014.ZP26","0"
"H","2018-Q3","TP.FINHESTNKS71014.ZP27","0"
"H","2018-Q3","TP.FINHESTNKS71014.ZP28","0"
"H","2018-Q3","TP.FINHESTNKS71014.ZP29","0"
"H","2018-Q3","TP.FINHESTNKS71014.ZP30","0"
"H","2018-Q3","TP.FINHESTNKS71014.ZP31","0"
"H","2018-Q3","TP.FINHESTNKS71014.ZP32","0"
"H","2018-Q3","TP.FINHESTNKS71014.ZP33","0"
"H","2018-Q3","TP.FINHESTNKS71014.ZP34","558941120.9246"
"H","2018-Q3","TP.FINHESTNKS71014.ZP35","134561533.6455"
"H","2018-Q3","TP.FINHESTNKS71014.ZP36","424379587.2792"
"H","2018-Q3","TP.FINHESTNKS71014.ZP37","0"
"H","2018-Q3","TP.FINHESTNKS71014.ZP38","0"
"H","2018-Q3","TP.FINHESTNKS71014.ZP39","0"
"H","2018-Q3","TP.FINHESTNKS71014.ZP40","0"
"H","2018-Q3","TP.FINHESTNKS71014.ZP41","0"
"H","2018-Q3","TP.FINHESTNKS71014.ZP42","0"
"H","2018-Q3","TP.FINHESTNKS71014.ZP43","1522178"
"H","2018-Q3","TP.FINHESTNKS71014.ZP44","19878619.2964"
"H","2018-Q3","TP.FINHESTNKS71014.ZP45","580341918.2211"
"H","2018-Q4","TP.FINHESTNKS71014.ZP1","997820570.2088"
"H","2018-Q4","TP.FINHESTNKS71014.ZP2","0"
"H","2018-Q4","TP.FINHESTNKS71014.ZP3","0"
"H","2018-Q4","TP.FINHESTNKS71014.ZP4","0"
"H","2018-Q4","TP.FINHESTNKS71014.ZP5","1207964679.6221"
"H","2018-Q4","TP.FINHESTNKS71014.ZP6","45846168.7246"
"H","2018-Q4","TP.FINHESTNKS71014.ZP7","207023237.9094"
"H","2018-Q4","TP.FINHESTNKS71014.ZP8","955095272.9881"
"H","2018-Q4","TP.FINHESTNKS71014.ZP9","31753174.9689"
"H","2018-Q4","TP.FINHESTNKS71014.ZP10","12849191.3936"
"H","2018-Q4","TP.FINHESTNKS71014.ZP11","18903983.5753"
"H","2018-Q4","TP.FINHESTNKS71014.ZP12","1303904.4919"
"H","2018-Q4","TP.FINHESTNKS71014.ZP13","1303904.4919"
"H","2018-Q4","TP.FINHESTNKS71014.ZP14","0"
"H","2018-Q4","TP.FINHESTNKS71014.ZP15","148106097.3365"
"H","2018-Q4","TP.FINHESTNKS71014.ZP16","118747161.5286"
"H","2018-Q4","TP.FINHESTNKS71014.ZP17","29358935.8079"
"H","2018-Q4","TP.FINHESTNKS71014.ZP18","9235703.4101"
"H","2018-Q4","TP.FINHESTNKS71014.ZP19","20123232.3978"
"H","2018-Q4","TP.FINHESTNKS71014.ZP20","139205932.7942"
"H","2018-Q4","TP.FINHESTNKS71014.ZP21","33819"
"H","2018-Q4","TP.FINHESTNKS71014.ZP22","37430973.5933"
"H","2018-Q4","TP.FINHESTNKS71014.ZP23","1565798581.8069"
"H","2018-Q4","TP.FINHESTNKS71014.ZP24","0"
"H","2018-Q4","TP.FINHESTNKS71014.ZP26","0"
"H","2018-Q4","TP.FINHESTNKS71014.ZP27","0"
"H","2018-Q4","TP.FINHESTNKS71014.ZP28","0"
"H","2018-Q4","TP.FINHESTNKS71014.ZP29","0"
"H","2018-Q4","TP.FINHESTNKS71014.ZP30","0"
"H","2018-Q4","TP.FINHESTNKS71014.ZP31","0"
"H","2018-Q4","TP.FINHESTNKS71014.ZP32","0"
"H","2018-Q4","TP.FINHESTNKS71014.ZP33","0"
"H","2018-Q4","TP.FINHESTNKS71014.ZP34","547337563.971"
"H","2018-Q4","TP.FINHESTNKS71014.ZP35","140620407.0471"
"H","2018-Q4","TP.FINHESTNKS71014.ZP36","406717156.9239"
"H","2018-Q4","TP.FINHESTNKS71014.ZP37","0"
"H","2018-Q4","TP.FINHESTNKS71014.ZP38","0"
"H","2018-Q4","TP.FINHESTNKS71014.ZP39","0"
"H","2018-Q4","TP.FINHESTNKS71014.ZP40","0"
"H","2018-Q4","TP.FINHESTNKS71014.ZP41","0"
"H","2018-Q4","TP.FINHESTNKS71014.ZP42","0"
"H","2018-Q4","TP.FINHESTNKS71014.ZP43","479522"
"H","2018-Q4","TP.FINHESTNKS71014.ZP44","20160925.6271"
"H","2018-Q4","TP.FINHESTNKS71014.ZP45","567978011.5981"
"H","2019-Q1","TP.FINHESTNKS71014.ZP1","1108728032.4257"
"H","2019-Q1","TP.FINHESTNKS71014.ZP2","0"
"H","2019-Q1","TP.FINHESTNKS71014.ZP3","0"
"H","2019-Q1","TP.FINHESTNKS71014.ZP4","0"
"H","2019-Q1","TP.FINHESTNKS71014.ZP5","1277155625.526"
"H","2019-Q1","TP.FINHESTNKS71014.ZP6","49265144.5371"
"H","2019-Q1","TP.FINHESTNKS71014.ZP7","248993991.3891"
"H","2019-Q1","TP.FINHESTNKS71014.ZP8","978896489.5998"
"H","2019-Q1","TP.FINHESTNKS71014.ZP9","46250845.6759"
"H","2019-Q1","TP.FINHESTNKS71014.ZP10","25241758.0139"
"H","2019-Q1","TP.FINHESTNKS71014.ZP11","21009087.662"
"H","2019-Q1","TP.FINHESTNKS71014.ZP12","1553699.0706"
"H","2019-Q1","TP.FINHESTNKS71014.ZP13","1553699.0706"
"H","2019-Q1","TP.FINHESTNKS71014.ZP14","0"
"H","2019-Q1","TP.FINHESTNKS71014.ZP15","170703871.3965"
"H","2019-Q1","TP.FINHESTNKS71014.ZP16","123204558.0246"
"H","2019-Q1","TP.FINHESTNKS71014.ZP17","47499313.3719"
"H","2019-Q1","TP.FINHESTNKS71014.ZP18","28984015.8638"
"H","2019-Q1","TP.FINHESTNKS71014.ZP19","18515297.5082"
"H","2019-Q1","TP.FINHESTNKS71014.ZP20","145485294.8065"
"H","2019-Q1","TP.FINHESTNKS71014.ZP21","74948"
"H","2019-Q1","TP.FINHESTNKS71014.ZP22","39647487.0445"
"H","2019-Q1","TP.FINHESTNKS71014.ZP23","1680871771.5199"
"H","2019-Q1","TP.FINHESTNKS71014.ZP24","0"
"H","2019-Q1","TP.FINHESTNKS71014.ZP26","0"
"H","2019-Q1","TP.FINHESTNKS71014.ZP27","0"
"H","2019-Q1","TP.FINHESTNKS71014.ZP28","0"
"H","2019-Q1","TP.FINHESTNKS71014.ZP29","0"
"H","2019-Q1","TP.FINHESTNKS71014.ZP30","0"
"H","2019-Q1","TP.FINHESTNKS71014.ZP31","0"
"H","2019-Q1","TP.FINHESTNKS71014.ZP32","0"
"H","2019-Q1","TP.FINHESTNKS71014.ZP33","0"
"H","2019-Q1","TP.FINHESTNKS71014.ZP34","549097915.0494"
"H","2019-Q1","TP.FINHESTNKS71014.ZP35","139097552.595"
"H","2019-Q1","TP.FINHESTNKS71014.ZP36","410000362.4544"
"H","2019-Q1","TP.FINHESTNKS71014.ZP37","0"
"H","2019-Q1","TP.FINHESTNKS71014.ZP38","0"
"H","2019-Q1","TP.FINHESTNKS71014.ZP39","0"
"H","2019-Q1","TP.FINHESTNKS71014.ZP40","0"
"H","2019-Q1","TP.FINHESTNKS71014.ZP41","0"
"H","2019-Q1","TP.FINHESTNKS71014.ZP42","0"
"H","2019-Q1","TP.FINHESTNKS71014.ZP43","438413"
"H","2019-Q1","TP.FINHESTNKS71014.ZP44","22607411.0448"
"H","2019-Q1","TP.FINHESTNKS71014.ZP45","572143739.0943"
"H","2019-Q2","TP.FINHESTNKS71014.ZP1","1211660343.2158"
"H","2019-Q2","TP.FINHESTNKS71014.ZP2","0"
"H","2019-Q2","TP.FINHESTNKS71014.ZP3","0"
"H","2019-Q2","TP.FINHESTNKS71014.ZP4","0"
"H","2019-Q2","TP.FINHESTNKS71014.ZP5","1357966263.8327"
"H","2019-Q2","TP.FINHESTNKS71014.ZP6","55911418.7781"
"H","2019-Q2","TP.FINHESTNKS71014.ZP7","270260538.2171"
"H","2019-Q2","TP.FINHESTNKS71014.ZP8","1031794306.8375"
"H","2019-Q2","TP.FINHESTNKS71014.ZP9","51645078.5323"
"H","2019-Q2","TP.FINHESTNKS71014.ZP10","30202243.3654"
"H","2019-Q2","TP.FINHESTNKS71014.ZP11","21442835.1669"
"H","2019-Q2","TP.FINHESTNKS71014.ZP12","2047208.636"
"H","2019-Q2","TP.FINHESTNKS71014.ZP13","2047208.636"
"H","2019-Q2","TP.FINHESTNKS71014.ZP14","0"
"H","2019-Q2","TP.FINHESTNKS71014.ZP15","178792386.6483"
"H","2019-Q2","TP.FINHESTNKS71014.ZP16","126654619.7481"
"H","2019-Q2","TP.FINHESTNKS71014.ZP17","52137766.9002"
"H","2019-Q2","TP.FINHESTNKS71014.ZP18","34112757.6183"
"H","2019-Q2","TP.FINHESTNKS71014.ZP19","18025009.2819"
"H","2019-Q2","TP.FINHESTNKS71014.ZP20","156942425.3698"
"H","2019-Q2","TP.FINHESTNKS71014.ZP21","42531"
"H","2019-Q2","TP.FINHESTNKS71014.ZP22","40908766.5642"
"H","2019-Q2","TP.FINHESTNKS71014.ZP23","1788344660.5832"
"H","2019-Q2","TP.FINHESTNKS71014.ZP24","0"
"H","2019-Q2","TP.FINHESTNKS71014.ZP26","0"
"H","2019-Q2","TP.FINHESTNKS71014.ZP27","0"
"H","2019-Q2","TP.FINHESTNKS71014.ZP28","0"
"H","2019-Q2","TP.FINHESTNKS71014.ZP29","0"
"H","2019-Q2","TP.FINHESTNKS71014.ZP30","0"
"H","2019-Q2","TP.FINHESTNKS71014.ZP31","0"
"H","2019-Q2","TP.FINHESTNKS71014.ZP32","0"
"H","2019-Q2","TP.FINHESTNKS71014.ZP33","0"
"H","2019-Q2","TP.FINHESTNKS71014.ZP34","554559548.5215"
"H","2019-Q2","TP.FINHESTNKS71014.ZP35","146952974.2851"
"H","2019-Q2","TP.FINHESTNKS71014.ZP36","407606574.2364"
"H","2019-Q2","TP.FINHESTNKS71014.ZP37","0"
"H","2019-Q2","TP.FINHESTNKS71014.ZP38","0"
"H","2019-Q2","TP.FINHESTNKS71014.ZP39","0"
"H","2019-Q2","TP.FINHESTNKS71014.ZP40","0"
"H","2019-Q2","TP.FINHESTNKS71014.ZP41","0"
"H","2019-Q2","TP.FINHESTNKS71014.ZP42","0"
"H","2019-Q2","TP.FINHESTNKS71014.ZP43","270168"
"H","2019-Q2","TP.FINHESTNKS71014.ZP44","21854600.8458"
"H","2019-Q2","TP.FINHESTNKS71014.ZP45","576684317.3674"
"H","2019-Q3","TP.FINHESTNKS71014.ZP1","1256682793.0954"
"H","2019-Q3","TP.FINHESTNKS71014.ZP2","0"
"H","2019-Q3","TP.FINHESTNKS71014.ZP3","0"
"H","2019-Q3","TP.FINHESTNKS71014.ZP4","0"
"H","2019-Q3","TP.FINHESTNKS71014.ZP5","1421216078.1577"
"H","2019-Q3","TP.FINHESTNKS71014.ZP6","61993681.3684"
"H","2019-Q3","TP.FINHESTNKS71014.ZP7","293031653.4583"
"H","2019-Q3","TP.FINHESTNKS71014.ZP8","1066190743.331"
"H","2019-Q3","TP.FINHESTNKS71014.ZP9","46246462.7496"
"H","2019-Q3","TP.FINHESTNKS71014.ZP10","23534098.9135"
"H","2019-Q3","TP.FINHESTNKS71014.ZP11","22712363.8361"
"H","2019-Q3","TP.FINHESTNKS71014.ZP12","2148189.6903"
"H","2019-Q3","TP.FINHESTNKS71014.ZP13","2148189.6903"
"H","2019-Q3","TP.FINHESTNKS71014.ZP14","0"
"H","2019-Q3","TP.FINHESTNKS71014.ZP15","189918805.3663"
"H","2019-Q3","TP.FINHESTNKS71014.ZP16","131148733.7312"
"H","2019-Q3","TP.FINHESTNKS71014.ZP17","58770071.635"
"H","2019-Q3","TP.FINHESTNKS71014.ZP18","35636365.6562"
"H","2019-Q3","TP.FINHESTNKS71014.ZP19","23133705.9788"
"H","2019-Q3","TP.FINHESTNKS71014.ZP20","159619754.3514"
"H","2019-Q3","TP.FINHESTNKS71014.ZP21","262896"
"H","2019-Q3","TP.FINHESTNKS71014.ZP22","43141410.7929"
"H","2019-Q3","TP.FINHESTNKS71014.ZP23","1862553597.1082"
"H","2019-Q3","TP.FINHESTNKS71014.ZP24","0"
"H","2019-Q3","TP.FINHESTNKS71014.ZP26","0"
"H","2019-Q3","TP.FINHESTNKS71014.ZP27","0"
"H","2019-Q3","TP.FINHESTNKS71014.ZP28","0"
"H","2019-Q3","TP.FINHESTNKS71014.ZP29","0"
"H","2019-Q3","TP.FINHESTNKS71014.ZP30","0"
"H","2019-Q3","TP.FINHESTNKS71014.ZP31","0"
"H","2019-Q3","TP.FINHESTNKS71014.ZP32","0"
"H","2019-Q3","TP.FINHESTNKS71014.ZP33","0"
"H","2019-Q3","TP.FINHESTNKS71014.ZP34","581700035.2105"
"H","2019-Q3","TP.FINHESTNKS71014.ZP35","153868209.8772"
"H","2019-Q3","TP.FINHESTNKS71014.ZP36","427831825.3333"
"H","2019-Q3","TP.FINHESTNKS71014.ZP37","0"
"H","2019-Q3","TP.FINHESTNKS71014.ZP38","0"
"H","2019-Q3","TP.FINHESTNKS71014.ZP39","0"
"H","2019-Q3","TP.FINHESTNKS71014.ZP40","0"
"H","2019-Q3","TP.FINHESTNKS71014.ZP41","0"
"H","2019-Q3","TP.FINHESTNKS71014.ZP42","0"
"H","2019-Q3","TP.FINHESTNKS71014.ZP43","196912"
"H","2019-Q3","TP.FINHESTNKS71014.ZP44","23973856.8023"
"H","2019-Q3","TP.FINHESTNKS71014.ZP45","605870804.0128"
"H","2019-Q4","TP.FINHESTNKS71014.ZP1","1354878357.2247"
"H","2019-Q4","TP.FINHESTNKS71014.ZP2","0"
"H","2019-Q4","TP.FINHESTNKS71014.ZP3","0"
"H","2019-Q4","TP.FINHESTNKS71014.ZP4","0"
"H","2019-Q4","TP.FINHESTNKS71014.ZP5","1515039258.8969"
"H","2019-Q4","TP.FINHESTNKS71014.ZP6","64088403.2076"
"H","2019-Q4","TP.FINHESTNKS71014.ZP7","327902907.1555"
"H","2019-Q4","TP.FINHESTNKS71014.ZP8","1123047948.5338"
"H","2019-Q4","TP.FINHESTNKS71014.ZP9","42932540.6677"
"H","2019-Q4","TP.FINHESTNKS71014.ZP10","19864261.1612"
"H","2019-Q4","TP.FINHESTNKS71014.ZP11","23068279.5065"
"H","2019-Q4","TP.FINHESTNKS71014.ZP12","2180673.0528"
"H","2019-Q4","TP.FINHESTNKS71014.ZP13","2180673.0528"
"H","2019-Q4","TP.FINHESTNKS71014.ZP14","0"
"H","2019-Q4","TP.FINHESTNKS71014.ZP15","227098766.644"
"H","2019-Q4","TP.FINHESTNKS71014.ZP16","156703922.5585"
"H","2019-Q4","TP.FINHESTNKS71014.ZP17","70394844.0855"
"H","2019-Q4","TP.FINHESTNKS71014.ZP18","39787181.0535"
"H","2019-Q4","TP.FINHESTNKS71014.ZP19","30607663.032"
"H","2019-Q4","TP.FINHESTNKS71014.ZP20","176327320.9551"
"H","2019-Q4","TP.FINHESTNKS71014.ZP21","9563"
"H","2019-Q4","TP.FINHESTNKS71014.ZP22","45316187.4946"
"H","2019-Q4","TP.FINHESTNKS71014.ZP23","2008904310.7112"
"H","2019-Q4","TP.FINHESTNKS71014.ZP24","0"
"H","2019-Q4","TP.FINHESTNKS71014.ZP26","0"
"H","2019-Q4","TP.FINHESTNKS71014.ZP27","0"
"H","2019-Q4","TP.FINHESTNKS71014.ZP28","0"
"H","2019-Q4","TP.FINHESTNKS71014.ZP29","0"
"H","2019-Q4","TP.FINHESTNKS71014.ZP30","0"
"H","2019-Q4","TP.FINHESTNKS71014.ZP31","0"
"H","2019-Q4","TP.FINHESTNKS71014.ZP32","0"
"H","2019-Q4","TP.FINHESTNKS71014.ZP33","0"
"H","2019-Q4","TP.FINHESTNKS71014.ZP34","629360204.3011"
"H","2019-Q4","TP.FINHESTNKS71014.ZP35","158081499.398"
"H","2019-Q4","TP.FINHESTNKS71014.ZP36","471278704.9031"
"H","2019-Q4","TP.FINHESTNKS71014.ZP37","0"
"H","2019-Q4","TP.FINHESTNKS71014.ZP38","0"
"H","2019-Q4","TP.FINHESTNKS71014.ZP39","0"
"H","2019-Q4","TP.FINHESTNKS71014.ZP40","0"
"H","2019-Q4","TP.FINHESTNKS71014.ZP41","0"
"H","2019-Q4","TP.FINHESTNKS71014.ZP42","0"
"H","2019-Q4","TP.FINHESTNKS71014.ZP43","402658"
"H","2019-Q4","TP.FINHESTNKS71014.ZP44","24263091.1853"
"H","2019-Q4","TP.FINHESTNKS71014.ZP45","654025953.4865"
"H","2020-Q1","TP.FINHESTNKS71014.ZP1","1524958473.8425"
"H","2020-Q1","TP.FINHESTNKS71014.ZP2","0"
"H","2020-Q1","TP.FINHESTNKS71014.ZP3","0"
"H","2020-Q1","TP.FINHESTNKS71014.ZP4","0"
"H","2020-Q1","TP.FINHESTNKS71014.ZP5","1695814812.3749"
"H","2020-Q1","TP.FINHESTNKS71014.ZP6","84742494.9076"
"H","2020-Q1","TP.FINHESTNKS71014.ZP7","452231250.0632"
"H","2020-Q1","TP.FINHESTNKS71014.ZP8","1158841067.4041"
"H","2020-Q1","TP.FINHESTNKS71014.ZP9","46171821.0317"
"H","2020-Q1","TP.FINHESTNKS71014.ZP10","20988335.3684"
"H","2020-Q1","TP.FINHESTNKS71014.ZP11","25183485.6633"
"H","2020-Q1","TP.FINHESTNKS71014.ZP12","2166780.147"
"H","2020-Q1","TP.FINHESTNKS71014.ZP13","2166780.147"
"H","2020-Q1","TP.FINHESTNKS71014.ZP14","0"
"H","2020-Q1","TP.FINHESTNKS71014.ZP15","238409119.0772"
"H","2020-Q1","TP.FINHESTNKS71014.ZP16","152587426.8073"
"H","2020-Q1","TP.FINHESTNKS71014.ZP17","85821692.27"
"H","2020-Q1","TP.FINHESTNKS71014.ZP18","27137071.4424"
"H","2020-Q1","TP.FINHESTNKS71014.ZP19","58684620.8276"
"H","2020-Q1","TP.FINHESTNKS71014.ZP20","192372571.3222"
"H","2020-Q1","TP.FINHESTNKS71014.ZP21","169946"
"H","2020-Q1","TP.FINHESTNKS71014.ZP22","46387689.7212"
"H","2020-Q1","TP.FINHESTNKS71014.ZP23","2221492739.6742"
"H","2020-Q1","TP.FINHESTNKS71014.ZP24","0"
"H","2020-Q1","TP.FINHESTNKS71014.ZP26","0"
"H","2020-Q1","TP.FINHESTNKS71014.ZP27","0"
"H","2020-Q1","TP.FINHESTNKS71014.ZP28","0"
"H","2020-Q1","TP.FINHESTNKS71014.ZP29","0"
"H","2020-Q1","TP.FINHESTNKS71014.ZP30","0"
"H","2020-Q1","TP.FINHESTNKS71014.ZP31","0"
"H","2020-Q1","TP.FINHESTNKS71014.ZP32","0"
"H","2020-Q1","TP.FINHESTNKS71014.ZP33","0"
"H","2020-Q1","TP.FINHESTNKS71014.ZP34","670526843.8678"
"H","2020-Q1","TP.FINHESTNKS71014.ZP35","155800056.2983"
"H","2020-Q1","TP.FINHESTNKS71014.ZP36","514726787.5696"
"H","2020-Q1","TP.FINHESTNKS71014.ZP37","0"
"H","2020-Q1","TP.FINHESTNKS71014.ZP38","0"
"H","2020-Q1","TP.FINHESTNKS71014.ZP39","0"
"H","2020-Q1","TP.FINHESTNKS71014.ZP40","0"
"H","2020-Q1","TP.FINHESTNKS71014.ZP41","0"
"H","2020-Q1","TP.FINHESTNKS71014.ZP42","0"
"H","2020-Q1","TP.FINHESTNKS71014.ZP43","1373299.4957"
"H","2020-Q1","TP.FINHESTNKS71014.ZP44","24634122.4682"
"H","2020-Q1","TP.FINHESTNKS71014.ZP45","696534265.8317"
"H","2020-Q2","TP.FINHESTNKS71014.ZP1","1727360527.5097"
"H","2020-Q2","TP.FINHESTNKS71014.ZP2","0"
"H","2020-Q2","TP.FINHESTNKS71014.ZP3","0"
"H","2020-Q2","TP.FINHESTNKS71014.ZP4","0"
"H","2020-Q2","TP.FINHESTNKS71014.ZP5","1862329341.3348"
"H","2020-Q2","TP.FINHESTNKS71014.ZP6","128005473.7117"
"H","2020-Q2","TP.FINHESTNKS71014.ZP7","574563511.7894"
"H","2020-Q2","TP.FINHESTNKS71014.ZP8","1159760355.8337"
"H","2020-Q2","TP.FINHESTNKS71014.ZP9","56445542.396"
"H","2020-Q2","TP.FINHESTNKS71014.ZP10","20347260.4071"
"H","2020-Q2","TP.FINHESTNKS71014.ZP11","36098281.989"
"H","2020-Q2","TP.FINHESTNKS71014.ZP12","2570490.8341"
"H","2020-Q2","TP.FINHESTNKS71014.ZP13","2570490.8341"
"H","2020-Q2","TP.FINHESTNKS71014.ZP14","0"
"H","2020-Q2","TP.FINHESTNKS71014.ZP15","317759068.8165"
"H","2020-Q2","TP.FINHESTNKS71014.ZP16","207397715.1235"
"H","2020-Q2","TP.FINHESTNKS71014.ZP17","110361353.6931"
"H","2020-Q2","TP.FINHESTNKS71014.ZP18","31469551.6832"
"H","2020-Q2","TP.FINHESTNKS71014.ZP19","78891802.0099"
"H","2020-Q2","TP.FINHESTNKS71014.ZP20","212603207.7915"
"H","2020-Q2","TP.FINHESTNKS71014.ZP21","27897"
"H","2020-Q2","TP.FINHESTNKS71014.ZP22","50224745.7275"
"H","2020-Q2","TP.FINHESTNKS71014.ZP23","2501960293.9004"
"H","2020-Q2","TP.FINHESTNKS71014.ZP24","0"
"H","2020-Q2","TP.FINHESTNKS71014.ZP26","0"
"H","2020-Q2","TP.FINHESTNKS71014.ZP27","0"
"H","2020-Q2","TP.FINHESTNKS71014.ZP28","0"
"H","2020-Q2","TP.FINHESTNKS71014.ZP29","0"
"H","2020-Q2","TP.FINHESTNKS71014.ZP30","0"
"H","2020-Q2","TP.FINHESTNKS71014.ZP31","0"
"H","2020-Q2","TP.FINHESTNKS71014.ZP32","0"
"H","2020-Q2","TP.FINHESTNKS71014.ZP33","0"
"H","2020-Q2","TP.FINHESTNKS71014.ZP34","746046032.3022"
"H","2020-Q2","TP.FINHESTNKS71014.ZP35","152933547.1806"
"H","2020-Q2","TP.FINHESTNKS71014.ZP36","593112485.1216"
"H","2020-Q2","TP.FINHESTNKS71014.ZP37","0"
"H","2020-Q2","TP.FINHESTNKS71014.ZP38","0"
"H","2020-Q2","TP.FINHESTNKS71014.ZP39","0"
"H","2020-Q2","TP.FINHESTNKS71014.ZP40","0"
"H","2020-Q2","TP.FINHESTNKS71014.ZP41","0"
"H","2020-Q2","TP.FINHESTNKS71014.ZP42","0"
"H","2020-Q2","TP.FINHESTNKS71014.ZP43","1261392.7953"
"H","2020-Q2","TP.FINHESTNKS71014.ZP44","27292341.2933"
"H","2020-Q2","TP.FINHESTNKS71014.ZP45","774599766.3908"
"H","2020-Q3","TP.FINHESTNKS71014.ZP1","1875131913.4683"
"H","2020-Q3","TP.FINHESTNKS71014.ZP2","0"
"H","2020-Q3","TP.FINHESTNKS71014.ZP3","0"
"H","2020-Q3","TP.FINHESTNKS71014.ZP4","0"
"H","2020-Q3","TP.FINHESTNKS71014.ZP5","2047122157.2175"
"H","2020-Q3","TP.FINHESTNKS71014.ZP6","114730812.363"
"H","2020-Q3","TP.FINHESTNKS71014.ZP7","686443349.3545"
"H","2020-Q3","TP.FINHESTNKS71014.ZP8","1245947995.5"
"H","2020-Q3","TP.FINHESTNKS71014.ZP9","78495774.2351"
"H","2020-Q3","TP.FINHESTNKS71014.ZP10","24159241.2948"
"H","2020-Q3","TP.FINHESTNKS71014.ZP11","54336532.9403"
"H","2020-Q3","TP.FINHESTNKS71014.ZP12","2942181.4123"
"H","2020-Q3","TP.FINHESTNKS71014.ZP13","2942181.4123"
"H","2020-Q3","TP.FINHESTNKS71014.ZP14","0"
"H","2020-Q3","TP.FINHESTNKS71014.ZP15","347677136.3516"
"H","2020-Q3","TP.FINHESTNKS71014.ZP16","248851751.5313"
"H","2020-Q3","TP.FINHESTNKS71014.ZP17","98825384.8203"
"H","2020-Q3","TP.FINHESTNKS71014.ZP18","22523031.7783"
"H","2020-Q3","TP.FINHESTNKS71014.ZP19","76302353.042"
"H","2020-Q3","TP.FINHESTNKS71014.ZP20","225470347.7822"
"H","2020-Q3","TP.FINHESTNKS71014.ZP21","34014"
"H","2020-Q3","TP.FINHESTNKS71014.ZP22","53814973.0826"
"H","2020-Q3","TP.FINHESTNKS71014.ZP23","2755556584.0813"
"H","2020-Q3","TP.FINHESTNKS71014.ZP24","0"
"H","2020-Q3","TP.FINHESTNKS71014.ZP26","0"
"H","2020-Q3","TP.FINHESTNKS71014.ZP27","0"
"H","2020-Q3","TP.FINHESTNKS71014.ZP28","0"
"H","2020-Q3","TP.FINHESTNKS71014.ZP29","0"
"H","2020-Q3","TP.FINHESTNKS71014.ZP30","0"
"H","2020-Q3","TP.FINHESTNKS71014.ZP31","0"
"H","2020-Q3","TP.FINHESTNKS71014.ZP32","0"
"H","2020-Q3","TP.FINHESTNKS71014.ZP33","0"
"H","2020-Q3","TP.FINHESTNKS71014.ZP34","850515339.1379"
"H","2020-Q3","TP.FINHESTNKS71014.ZP35","176862518.4666"
"H","2020-Q3","TP.FINHESTNKS71014.ZP36","673652820.6713"
"H","2020-Q3","TP.FINHESTNKS71014.ZP37","0"
"H","2020-Q3","TP.FINHESTNKS71014.ZP38","0"
"H","2020-Q3","TP.FINHESTNKS71014.ZP39","0"
"H","2020-Q3","TP.FINHESTNKS71014.ZP40","0"
"H","2020-Q3","TP.FINHESTNKS71014.ZP41","0"
"H","2020-Q3","TP.FINHESTNKS71014.ZP42","0"
"H","2020-Q3","TP.FINHESTNKS71014.ZP43","1045611.2042"
"H","2020-Q3","TP.FINHESTNKS71014.ZP44","28863720.2709"
"H","2020-Q3","TP.FINHESTNKS71014.ZP45","880424670.613"
"H","2020-Q4","TP.FINHESTNKS71014.ZP1","1910694719.3258"
"H","2020-Q4","TP.FINHESTNKS71014.ZP2","0"
"H","2020-Q4","TP.FINHESTNKS71014.ZP3","0"
"H","2020-Q4","TP.FINHESTNKS71014.ZP4","0"
"H","2020-Q4","TP.FINHESTNKS71014.ZP5","2061865110.9709"
"H","2020-Q4","TP.FINHESTNKS71014.ZP6","76088842.1043"
"H","2020-Q4","TP.FINHESTNKS71014.ZP7","707007752.6773"
"H","2020-Q4","TP.FINHESTNKS71014.ZP8","1278768516.1893"
"H","2020-Q4","TP.FINHESTNKS71014.ZP9","76868781.325"
"H","2020-Q4","TP.FINHESTNKS71014.ZP10","21165549.544"
"H","2020-Q4","TP.FINHESTNKS71014.ZP11","55703231.781"
"H","2020-Q4","TP.FINHESTNKS71014.ZP12","2984799.5024"
"H","2020-Q4","TP.FINHESTNKS71014.ZP13","2984799.5024"
"H","2020-Q4","TP.FINHESTNKS71014.ZP14","0"
"H","2020-Q4","TP.FINHESTNKS71014.ZP15","380634353.4473"
"H","2020-Q4","TP.FINHESTNKS71014.ZP16","290599973.2224"
"H","2020-Q4","TP.FINHESTNKS71014.ZP17","90034380.2249"
"H","2020-Q4","TP.FINHESTNKS71014.ZP18","20609063.7007"
"H","2020-Q4","TP.FINHESTNKS71014.ZP19","69425316.5242"
"H","2020-Q4","TP.FINHESTNKS71014.ZP20","245385745.2554"
"H","2020-Q4","TP.FINHESTNKS71014.ZP21","39570"
"H","2020-Q4","TP.FINHESTNKS71014.ZP22","52789618.6589"
"H","2020-Q4","TP.FINHESTNKS71014.ZP23","2820567979.1598"
"H","2020-Q4","TP.FINHESTNKS71014.ZP24","0"
"H","2020-Q4","TP.FINHESTNKS71014.ZP26","0"
"H","2020-Q4","TP.FINHESTNKS71014.ZP27","0"
"H","2020-Q4","TP.FINHESTNKS71014.ZP28","0"
"H","2020-Q4","TP.FINHESTNKS71014.ZP29","0"
"H","2020-Q4","TP.FINHESTNKS71014.ZP30","0"
"H","2020-Q4","TP.FINHESTNKS71014.ZP31","0"
"H","2020-Q4","TP.FINHESTNKS71014.ZP32","0"
"H","2020-Q4","TP.FINHESTNKS71014.ZP33","0"
"H","2020-Q4","TP.FINHESTNKS71014.ZP34","876842576.5103"
"H","2020-Q4","TP.FINHESTNKS71014.ZP35","193989883.5679"
"H","2020-Q4","TP.FINHESTNKS71014.ZP36","682852692.9425"
"H","2020-Q4","TP.FINHESTNKS71014.ZP37","0"
"H","2020-Q4","TP.FINHESTNKS71014.ZP38","0"
"H","2020-Q4","TP.FINHESTNKS71014.ZP39","0"
"H","2020-Q4","TP.FINHESTNKS71014.ZP40","0"
"H","2020-Q4","TP.FINHESTNKS71014.ZP41","0"
"H","2020-Q4","TP.FINHESTNKS71014.ZP42","0"
"H","2020-Q4","TP.FINHESTNKS71014.ZP43","1067768.0404"
"H","2020-Q4","TP.FINHESTNKS71014.ZP44","31962915.2833"
"H","2020-Q4","TP.FINHESTNKS71014.ZP45","909873259.834"
"H","2021-Q1","TP.FINHESTNKS71014.ZP1","2076290688.7132"
"H","2021-Q1","TP.FINHESTNKS71014.ZP2","0"
"H","2021-Q1","TP.FINHESTNKS71014.ZP3","0"
"H","2021-Q1","TP.FINHESTNKS71014.ZP4","0"
"H","2021-Q1","TP.FINHESTNKS71014.ZP5","2189757070.5624"
"H","2021-Q1","TP.FINHESTNKS71014.ZP6","63731571.0608"
"H","2021-Q1","TP.FINHESTNKS71014.ZP7","723639209.3042"
"H","2021-Q1","TP.FINHESTNKS71014.ZP8","1402386290.1975"
"H","2021-Q1","TP.FINHESTNKS71014.ZP9","82286807.46"
"H","2021-Q1","TP.FINHESTNKS71014.ZP10","25267173.6418"
"H","2021-Q1","TP.FINHESTNKS71014.ZP11","57019633.8182"
"H","2021-Q1","TP.FINHESTNKS71014.ZP12","3363874.9549"
"H","2021-Q1","TP.FINHESTNKS71014.ZP13","3363874.9549"
"H","2021-Q1","TP.FINHESTNKS71014.ZP14","0"
"H","2021-Q1","TP.FINHESTNKS71014.ZP15","438925447.8194"
"H","2021-Q1","TP.FINHESTNKS71014.ZP16","329530811.9163"
"H","2021-Q1","TP.FINHESTNKS71014.ZP17","109394635.9031"
"H","2021-Q1","TP.FINHESTNKS71014.ZP18","30415579.8532"
"H","2021-Q1","TP.FINHESTNKS71014.ZP19","78979056.0499"
"H","2021-Q1","TP.FINHESTNKS71014.ZP20","247304383.5095"
"H","2021-Q1","TP.FINHESTNKS71014.ZP21","66218"
"H","2021-Q1","TP.FINHESTNKS71014.ZP22","58667639.7383"
"H","2021-Q1","TP.FINHESTNKS71014.ZP23","3020371442.0445"
"H","2021-Q1","TP.FINHESTNKS71014.ZP24","0"
"H","2021-Q1","TP.FINHESTNKS71014.ZP26","0"
"H","2021-Q1","TP.FINHESTNKS71014.ZP27","0"
"H","2021-Q1","TP.FINHESTNKS71014.ZP28","0"
"H","2021-Q1","TP.FINHESTNKS71014.ZP29","0"
"H","2021-Q1","TP.FINHESTNKS71014.ZP30","0"
"H","2021-Q1","TP.FINHESTNKS71014.ZP31","0"
"H","2021-Q1","TP.FINHESTNKS71014.ZP32","0"
"H","2021-Q1","TP.FINHESTNKS71014.ZP33","0"
"H","2021-Q1","TP.FINHESTNKS71014.ZP34","908945796.7686"
"H","2021-Q1","TP.FINHESTNKS71014.ZP35","211338459.1389"
"H","2021-Q1","TP.FINHESTNKS71014.ZP36","697607337.6297"
"H","2021-Q1","TP.FINHESTNKS71014.ZP37","0"
"H","2021-Q1","TP.FINHESTNKS71014.ZP38","0"
"H","2021-Q1","TP.FINHESTNKS71014.ZP39","0"
"H","2021-Q1","TP.FINHESTNKS71014.ZP40","0"
"H","2021-Q1","TP.FINHESTNKS71014.ZP41","0"
"H","2021-Q1","TP.FINHESTNKS71014.ZP42","0"
"H","2021-Q1","TP.FINHESTNKS71014.ZP43","1251771.8631"
"H","2021-Q1","TP.FINHESTNKS71014.ZP44","33883184.6997"
"H","2021-Q1","TP.FINHESTNKS71014.ZP45","944080753.3313"
"H","2021-Q2","TP.FINHESTNKS71014.ZP1","2265648351.672"
"H","2021-Q2","TP.FINHESTNKS71014.ZP2","0"
"H","2021-Q2","TP.FINHESTNKS71014.ZP3","0"
"H","2021-Q2","TP.FINHESTNKS71014.ZP4","0"
"H","2021-Q2","TP.FINHESTNKS71014.ZP5","2386151722.9668"
"H","2021-Q2","TP.FINHESTNKS71014.ZP6","81556526.1232"
"H","2021-Q2","TP.FINHESTNKS71014.ZP7","793807615.4852"
"H","2021-Q2","TP.FINHESTNKS71014.ZP8","1510787581.3585"
"H","2021-Q2","TP.FINHESTNKS71014.ZP9","86959053.5405"
"H","2021-Q2","TP.FINHESTNKS71014.ZP10","19927123.1737"
"H","2021-Q2","TP.FINHESTNKS71014.ZP11","67031930.3668"
"H","2021-Q2","TP.FINHESTNKS71014.ZP12","3424139.9941"
"H","2021-Q2","TP.FINHESTNKS71014.ZP13","3424139.9941"
"H","2021-Q2","TP.FINHESTNKS71014.ZP14","0"
"H","2021-Q2","TP.FINHESTNKS71014.ZP15","441183902.5793"
"H","2021-Q2","TP.FINHESTNKS71014.ZP16","314159708.6669"
"H","2021-Q2","TP.FINHESTNKS71014.ZP17","127024193.9124"
"H","2021-Q2","TP.FINHESTNKS71014.ZP18","35565909.7197"
"H","2021-Q2","TP.FINHESTNKS71014.ZP19","91458284.1927"
"H","2021-Q2","TP.FINHESTNKS71014.ZP20","262444099.3727"
"H","2021-Q2","TP.FINHESTNKS71014.ZP21","51504"
"H","2021-Q2","TP.FINHESTNKS71014.ZP22","60227485.206"
"H","2021-Q2","TP.FINHESTNKS71014.ZP23","3240441907.6594"
"H","2021-Q2","TP.FINHESTNKS71014.ZP24","0"
"H","2021-Q2","TP.FINHESTNKS71014.ZP26","0"
"H","2021-Q2","TP.FINHESTNKS71014.ZP27","0"
"H","2021-Q2","TP.FINHESTNKS71014.ZP28","0"
"H","2021-Q2","TP.FINHESTNKS71014.ZP29","0"
"H","2021-Q2","TP.FINHESTNKS71014.ZP30","0"
"H","2021-Q2","TP.FINHESTNKS71014.ZP31","0"
"H","2021-Q2","TP.FINHESTNKS71014.ZP32","0"
"H","2021-Q2","TP.FINHESTNKS71014.ZP33","0"
"H","2021-Q2","TP.FINHESTNKS71014.ZP34","939887808.7651"
"H","2021-Q2","TP.FINHESTNKS71014.ZP35","228689204.341"
"H","2021-Q2","TP.FINHESTNKS71014.ZP36","711198604.4242"
"H","2021-Q2","TP.FINHESTNKS71014.ZP37","0"
"H","2021-Q2","TP.FINHESTNKS71014.ZP38","0"
"H","2021-Q2","TP.FINHESTNKS71014.ZP39","0"
"H","2021-Q2","TP.FINHESTNKS71014.ZP40","0"
"H","2021-Q2","TP.FINHESTNKS71014.ZP41","0"
"H","2021-Q2","TP.FINHESTNKS71014.ZP42","0"
"H","2021-Q2","TP.FINHESTNKS71014.ZP43","1195466.1831"
"H","2021-Q2","TP.FINHESTNKS71014.ZP44","33710281.0391"
"H","2021-Q2","TP.FINHESTNKS71014.ZP45","974793555.9874"
"H","2021-Q3","TP.FINHESTNKS71014.ZP1","2372541419.5809"
"H","2021-Q3","TP.FINHESTNKS71014.ZP2","0"
"H","2021-Q3","TP.FINHESTNKS71014.ZP3","0"
"H","2021-Q3","TP.FINHESTNKS71014.ZP4","0"
"H","2021-Q3","TP.FINHESTNKS71014.ZP5","2500289109.6422"
"H","2021-Q3","TP.FINHESTNKS71014.ZP6","74817075.2689"
"H","2021-Q3","TP.FINHESTNKS71014.ZP7","833567907.7643"
"H","2021-Q3","TP.FINHESTNKS71014.ZP8","1591904126.609"
"H","2021-Q3","TP.FINHESTNKS71014.ZP9","98611130.4405"
"H","2021-Q3","TP.FINHESTNKS71014.ZP10","18778872.6313"
"H","2021-Q3","TP.FINHESTNKS71014.ZP11","79832257.8092"
"H","2021-Q3","TP.FINHESTNKS71014.ZP12","2911282.5216"
"H","2021-Q3","TP.FINHESTNKS71014.ZP13","2911282.5216"
"H","2021-Q3","TP.FINHESTNKS71014.ZP14","0"
"H","2021-Q3","TP.FINHESTNKS71014.ZP15","463028703.1338"
"H","2021-Q3","TP.FINHESTNKS71014.ZP16","320760786.091"
"H","2021-Q3","TP.FINHESTNKS71014.ZP17","142267917.0429"
"H","2021-Q3","TP.FINHESTNKS71014.ZP18","40619772.5812"
"H","2021-Q3","TP.FINHESTNKS71014.ZP19","101648144.4616"
"H","2021-Q3","TP.FINHESTNKS71014.ZP20","271900250.2535"
"H","2021-Q3","TP.FINHESTNKS71014.ZP21","69789"
"H","2021-Q3","TP.FINHESTNKS71014.ZP22","63225051.6297"
"H","2021-Q3","TP.FINHESTNKS71014.ZP23","3400035316.6213"
"H","2021-Q3","TP.FINHESTNKS71014.ZP24","0"
"H","2021-Q3","TP.FINHESTNKS71014.ZP26","0"
"H","2021-Q3","TP.FINHESTNKS71014.ZP27","0"
"H","2021-Q3","TP.FINHESTNKS71014.ZP28","0"
"H","2021-Q3","TP.FINHESTNKS71014.ZP29","0"
"H","2021-Q3","TP.FINHESTNKS71014.ZP30","0"
"H","2021-Q3","TP.FINHESTNKS71014.ZP31","0"
"H","2021-Q3","TP.FINHESTNKS71014.ZP32","0"
"H","2021-Q3","TP.FINHESTNKS71014.ZP33","0"
"H","2021-Q3","TP.FINHESTNKS71014.ZP34","991707182.0887"
"H","2021-Q3","TP.FINHESTNKS71014.ZP35","254575422.8684"
"H","2021-Q3","TP.FINHESTNKS71014.ZP36","737131759.2203"
"H","2021-Q3","TP.FINHESTNKS71014.ZP37","0"
"H","2021-Q3","TP.FINHESTNKS71014.ZP38","0"
"H","2021-Q3","TP.FINHESTNKS71014.ZP39","0"
"H","2021-Q3","TP.FINHESTNKS71014.ZP40","0"
"H","2021-Q3","TP.FINHESTNKS71014.ZP41","0"
"H","2021-Q3","TP.FINHESTNKS71014.ZP42","0"
"H","2021-Q3","TP.FINHESTNKS71014.ZP43","1503669.9058"
"H","2021-Q3","TP.FINHESTNKS71014.ZP44","34283045.0459"
"H","2021-Q3","TP.FINHESTNKS71014.ZP45","1027493897.0404"
"H","2021-Q4","TP.FINHESTNKS71014.ZP1","3258436777.6673"
"H","2021-Q4","TP.FINHESTNKS71014.ZP2","0"
"H","2021-Q4","TP.FINHESTNKS71014.ZP3","0"
"H","2021-Q4","TP.FINHESTNKS71014.ZP4","0"
"H","2021-Q4","TP.FINHESTNKS71014.ZP5","3199064384.8436"
"H","2021-Q4","TP.FINHESTNKS71014.ZP6","105660496.8332"
"H","2021-Q4","TP.FINHESTNKS71014.ZP7","1267313633.5548"
"H","2021-Q4","TP.FINHESTNKS71014.ZP8","1826090254.4557"
"H","2021-Q4","TP.FINHESTNKS71014.ZP9","128947103.1369"
"H","2021-Q4","TP.FINHESTNKS71014.ZP10","12984323.3023"
"H","2021-Q4","TP.FINHESTNKS71014.ZP11","115962779.8346"
"H","2021-Q4","TP.FINHESTNKS71014.ZP12","3873839.6236"
"H","2021-Q4","TP.FINHESTNKS71014.ZP13","3873839.6236"
"H","2021-Q4","TP.FINHESTNKS71014.ZP14","0"
"H","2021-Q4","TP.FINHESTNKS71014.ZP15","598415079.1284"
"H","2021-Q4","TP.FINHESTNKS71014.ZP16","403889078.8697"
"H","2021-Q4","TP.FINHESTNKS71014.ZP17","194526000.2587"
"H","2021-Q4","TP.FINHESTNKS71014.ZP18","28517925.1452"
"H","2021-Q4","TP.FINHESTNKS71014.ZP19","166008075.1136"
"H","2021-Q4","TP.FINHESTNKS71014.ZP20","341388049.3408"
"H","2021-Q4","TP.FINHESTNKS71014.ZP21","282179"
"H","2021-Q4","TP.FINHESTNKS71014.ZP22","72719694.5462"
"H","2021-Q4","TP.FINHESTNKS71014.ZP23","4344690329.6195"
"H","2021-Q4","TP.FINHESTNKS71014.ZP24","0"
"H","2021-Q4","TP.FINHESTNKS71014.ZP26","0"
"H","2021-Q4","TP.FINHESTNKS71014.ZP27","0"
"H","2021-Q4","TP.FINHESTNKS71014.ZP28","0"
"H","2021-Q4","TP.FINHESTNKS71014.ZP29","0"
"H","2021-Q4","TP.FINHESTNKS71014.ZP30","0"
"H","2021-Q4","TP.FINHESTNKS71014.ZP31","0"
"H","2021-Q4","TP.FINHESTNKS71014.ZP32","0"
"H","2021-Q4","TP.FINHESTNKS71014.ZP33","0"
"H","2021-Q4","TP.FINHESTNKS71014.ZP34","1044660534.9304"
"H","2021-Q4","TP.FINHESTNKS71014.ZP35","273317890.1531"
"H","2021-Q4","TP.FINHESTNKS71014.ZP36","771342644.7773"
"H","2021-Q4","TP.FINHESTNKS71014.ZP37","0"
"H","2021-Q4","TP.FINHESTNKS71014.ZP38","0"
"H","2021-Q4","TP.FINHESTNKS71014.ZP39","0"
"H","2021-Q4","TP.FINHESTNKS71014.ZP40","0"
"H","2021-Q4","TP.FINHESTNKS71014.ZP41","0"
"H","2021-Q4","TP.FINHESTNKS71014.ZP42","0"
"H","2021-Q4","TP.FINHESTNKS71014.ZP43","2789383.0814"
"H","2021-Q4","TP.FINHESTNKS71014.ZP44","38803633.9404"
"H","2021-Q4","TP.FINHESTNKS71014.ZP45","1086253551.9523"
"H","2022-Q1","TP.FINHESTNKS71014.ZP1","3727017548.2144"
"H","2022-Q1","TP.FINHESTNKS71014.ZP2","0"
"H","2022-Q1","TP.FINHESTNKS71014.ZP3","0"
"H","2022-Q1","TP.FINHESTNKS71014.ZP4","0"
"H","2022-Q1","TP.FINHESTNKS71014.ZP5","3549842854.2962"
"H","2022-Q1","TP.FINHESTNKS71014.ZP6","106244850.8667"
"H","2022-Q1","TP.FINHESTNKS71014.ZP7","1378581571.4432"
"H","2022-Q1","TP.FINHESTNKS71014.ZP8","2065016431.9863"
"H","2022-Q1","TP.FINHESTNKS71014.ZP9","154615227.2207"
"H","2022-Q1","TP.FINHESTNKS71014.ZP10","12834864.0797"
"H","2022-Q1","TP.FINHESTNKS71014.ZP11","141780363.141"
"H","2022-Q1","TP.FINHESTNKS71014.ZP12","4666057.3063"
"H","2022-Q1","TP.FINHESTNKS71014.ZP13","4666057.3063"
"H","2022-Q1","TP.FINHESTNKS71014.ZP14","0"
"H","2022-Q1","TP.FINHESTNKS71014.ZP15","699803358.6232"
"H","2022-Q1","TP.FINHESTNKS71014.ZP16","476467093.6034"
"H","2022-Q1","TP.FINHESTNKS71014.ZP17","223336265.0198"
"H","2022-Q1","TP.FINHESTNKS71014.ZP18","33678875.9419"
"H","2022-Q1","TP.FINHESTNKS71014.ZP19","189657389.0779"
"H","2022-Q1","TP.FINHESTNKS71014.ZP20","384629496.4678"
"H","2022-Q1","TP.FINHESTNKS71014.ZP21","71529"
"H","2022-Q1","TP.FINHESTNKS71014.ZP22","83567230.4342"
"H","2022-Q1","TP.FINHESTNKS71014.ZP23","4877195753.3485"
"H","2022-Q1","TP.FINHESTNKS71014.ZP24","0"
"H","2022-Q1","TP.FINHESTNKS71014.ZP26","0"
"H","2022-Q1","TP.FINHESTNKS71014.ZP27","0"
"H","2022-Q1","TP.FINHESTNKS71014.ZP28","0"
"H","2022-Q1","TP.FINHESTNKS71014.ZP29","0"
"H","2022-Q1","TP.FINHESTNKS71014.ZP30","0"
"H","2022-Q1","TP.FINHESTNKS71014.ZP31","0"
"H","2022-Q1","TP.FINHESTNKS71014.ZP32","0"
"H","2022-Q1","TP.FINHESTNKS71014.ZP33","0"
"H","2022-Q1","TP.FINHESTNKS71014.ZP34","1098671012.5793"
"H","2022-Q1","TP.FINHESTNKS71014.ZP35","303554325.4719"
"H","2022-Q1","TP.FINHESTNKS71014.ZP36","795116687.1073"
"H","2022-Q1","TP.FINHESTNKS71014.ZP37","0"
"H","2022-Q1","TP.FINHESTNKS71014.ZP38","0"
"H","2022-Q1","TP.FINHESTNKS71014.ZP39","0"
"H","2022-Q1","TP.FINHESTNKS71014.ZP40","0"
"H","2022-Q1","TP.FINHESTNKS71014.ZP41","0"
"H","2022-Q1","TP.FINHESTNKS71014.ZP42","0"
"H","2022-Q1","TP.FINHESTNKS71014.ZP43","2086799.4092"
"H","2022-Q1","TP.FINHESTNKS71014.ZP44","49420393.1456"
"H","2022-Q1","TP.FINHESTNKS71014.ZP45","1150178205.1341"
"H","2022-Q2","TP.FINHESTNKS71014.ZP1","4128525236.2602"
"H","2022-Q2","TP.FINHESTNKS71014.ZP2","0"
"H","2022-Q2","TP.FINHESTNKS71014.ZP3","0"
"H","2022-Q2","TP.FINHESTNKS71014.ZP4","0"
"H","2022-Q2","TP.FINHESTNKS71014.ZP5","3990727689.0748"
"H","2022-Q2","TP.FINHESTNKS71014.ZP6","104067400.717"
"H","2022-Q2","TP.FINHESTNKS71014.ZP7","1510858584.6138"
"H","2022-Q2","TP.FINHESTNKS71014.ZP8","2375801703.7441"
"H","2022-Q2","TP.FINHESTNKS71014.ZP9","180073873.3004"
"H","2022-Q2","TP.FINHESTNKS71014.ZP10","19263135.243"
"H","2022-Q2","TP.FINHESTNKS71014.ZP11","160810738.0574"
"H","2022-Q2","TP.FINHESTNKS71014.ZP12","5549045.6514"
"H","2022-Q2","TP.FINHESTNKS71014.ZP13","5549045.6514"
"H","2022-Q2","TP.FINHESTNKS71014.ZP14","0"
"H","2022-Q2","TP.FINHESTNKS71014.ZP15","767375034.76"
"H","2022-Q2","TP.FINHESTNKS71014.ZP16","527963999.9544"
"H","2022-Q2","TP.FINHESTNKS71014.ZP17","239411034.8056"
"H","2022-Q2","TP.FINHESTNKS71014.ZP18","31251114.331"
"H","2022-Q2","TP.FINHESTNKS71014.ZP19","208159920.4747"
"H","2022-Q2","TP.FINHESTNKS71014.ZP20","417916549.3974"
"H","2022-Q2","TP.FINHESTNKS71014.ZP21","136065"
"H","2022-Q2","TP.FINHESTNKS71014.ZP22","97094634.4593"
"H","2022-Q2","TP.FINHESTNKS71014.ZP23","5458872891.6434"
"H","2022-Q2","TP.FINHESTNKS71014.ZP24","0"
"H","2022-Q2","TP.FINHESTNKS71014.ZP26","0"
"H","2022-Q2","TP.FINHESTNKS71014.ZP27","0"
"H","2022-Q2","TP.FINHESTNKS71014.ZP28","0"
"H","2022-Q2","TP.FINHESTNKS71014.ZP29","0"
"H","2022-Q2","TP.FINHESTNKS71014.ZP30","0"
"H","2022-Q2","TP.FINHESTNKS71014.ZP31","0"
"H","2022-Q2","TP.FINHESTNKS71014.ZP32","0"
"H","2022-Q2","TP.FINHESTNKS71014.ZP33","0"
"H","2022-Q2","TP.FINHESTNKS71014.ZP34","1268108067.9099"
"H","2022-Q2","TP.FINHESTNKS71014.ZP35","374839189.2006"
"H","2022-Q2","TP.FINHESTNKS71014.ZP36","893268878.7093"
"H","2022-Q2","TP.FINHESTNKS71014.ZP37","0"
"H","2022-Q2","TP.FINHESTNKS71014.ZP38","0"
"H","2022-Q2","TP.FINHESTNKS71014.ZP39","0"
"H","2022-Q2","TP.FINHESTNKS71014.ZP40","0"
"H","2022-Q2","TP.FINHESTNKS71014.ZP41","0"
"H","2022-Q2","TP.FINHESTNKS71014.ZP42","0"
"H","2022-Q2","TP.FINHESTNKS71014.ZP43","3663914.4183"
"H","2022-Q2","TP.FINHESTNKS71014.ZP44","58575673.055"
"H","2022-Q2","TP.FINHESTNKS71014.ZP45","1330347655.3832"
"H","2022-Q3","TP.FINHESTNKS71014.ZP1","4813289360.6077"
"H","2022-Q3","TP.FINHESTNKS71014.ZP2","0"
"H","2022-Q3","TP.FINHESTNKS71014.ZP3","0"
"H","2022-Q3","TP.FINHESTNKS71014.ZP4","0"
"H","2022-Q3","TP.FINHESTNKS71014.ZP5","4498532615.1368"
"H","2022-Q3","TP.FINHESTNKS71014.ZP6","100279643.1973"
"H","2022-Q3","TP.FINHESTNKS71014.ZP7","1635578511.9633"
"H","2022-Q3","TP.FINHESTNKS71014.ZP8","2762674459.9762"
"H","2022-Q3","TP.FINHESTNKS71014.ZP9","205200422.454"
"H","2022-Q3","TP.FINHESTNKS71014.ZP10","17321480.3476"
"H","2022-Q3","TP.FINHESTNKS71014.ZP11","187878942.1064"
"H","2022-Q3","TP.FINHESTNKS71014.ZP12","7462335.3276"
"H","2022-Q3","TP.FINHESTNKS71014.ZP13","7462335.3276"
"H","2022-Q3","TP.FINHESTNKS71014.ZP14","0"
"H","2022-Q3","TP.FINHESTNKS71014.ZP15","960789864.3225"
"H","2022-Q3","TP.FINHESTNKS71014.ZP16","673179787.1554"
"H","2022-Q3","TP.FINHESTNKS71014.ZP17","287610077.1671"
"H","2022-Q3","TP.FINHESTNKS71014.ZP18","38740295.753"
"H","2022-Q3","TP.FINHESTNKS71014.ZP19","248869781.4141"
"H","2022-Q3","TP.FINHESTNKS71014.ZP20","478695502.1723"
"H","2022-Q3","TP.FINHESTNKS71014.ZP21","660660"
"H","2022-Q3","TP.FINHESTNKS71014.ZP22","119325122.296"
"H","2022-Q3","TP.FINHESTNKS71014.ZP23","6270666521.7093"
"H","2022-Q3","TP.FINHESTNKS71014.ZP24","0"
"H","2022-Q3","TP.FINHESTNKS71014.ZP26","0"
"H","2022-Q3","TP.FINHESTNKS71014.ZP27","0"
"H","2022-Q3","TP.FINHESTNKS71014.ZP28","0"
"H","2022-Q3","TP.FINHESTNKS71014.ZP29","0"
"H","2022-Q3","TP.FINHESTNKS71014.ZP30","0"
"H","2022-Q3","TP.FINHESTNKS71014.ZP31","0"
"H","2022-Q3","TP.FINHESTNKS71014.ZP32","0"
"H","2022-Q3","TP.FINHESTNKS71014.ZP33","0"
"H","2022-Q3","TP.FINHESTNKS71014.ZP34","1387893011.1829"
"H","2022-Q3","TP.FINHESTNKS71014.ZP35","467479435.7718"
"H","2022-Q3","TP.FINHESTNKS71014.ZP36","920413575.4111"
"H","2022-Q3","TP.FINHESTNKS71014.ZP37","0"
"H","2022-Q3","TP.FINHESTNKS71014.ZP38","0"
"H","2022-Q3","TP.FINHESTNKS71014.ZP39","0"
"H","2022-Q3","TP.FINHESTNKS71014.ZP40","0"
"H","2022-Q3","TP.FINHESTNKS71014.ZP41","0"
"H","2022-Q3","TP.FINHESTNKS71014.ZP42","0"
"H","2022-Q3","TP.FINHESTNKS71014.ZP43","5220542.1922"
"H","2022-Q3","TP.FINHESTNKS71014.ZP44","64263607.7265"
"H","2022-Q3","TP.FINHESTNKS71014.ZP45","1457377161.1016"
"H","2022-Q4","TP.FINHESTNKS71014.ZP1","5647292887.7316"
"H","2022-Q4","TP.FINHESTNKS71014.ZP2","0"
"H","2022-Q4","TP.FINHESTNKS71014.ZP3","0"
"H","2022-Q4","TP.FINHESTNKS71014.ZP4","0"
"H","2022-Q4","TP.FINHESTNKS71014.ZP5","4786013978.4826"
"H","2022-Q4","TP.FINHESTNKS71014.ZP6","115965576.8364"
"H","2022-Q4","TP.FINHESTNKS71014.ZP7","1732942674.9934"
"H","2022-Q4","TP.FINHESTNKS71014.ZP8","2937105726.6528"
"H","2022-Q4","TP.FINHESTNKS71014.ZP9","220424965.3666"
"H","2022-Q4","TP.FINHESTNKS71014.ZP10","12094424.3216"
"H","2022-Q4","TP.FINHESTNKS71014.ZP11","208330541.0451"
"H","2022-Q4","TP.FINHESTNKS71014.ZP12","42981790.6953"
"H","2022-Q4","TP.FINHESTNKS71014.ZP13","42981790.6953"
"H","2022-Q4","TP.FINHESTNKS71014.ZP14","0"
"H","2022-Q4","TP.FINHESTNKS71014.ZP15","1561800171.8568"
"H","2022-Q4","TP.FINHESTNKS71014.ZP16","1138806489.6616"
"H","2022-Q4","TP.FINHESTNKS71014.ZP17","422993682.1952"
"H","2022-Q4","TP.FINHESTNKS71014.ZP18","52164411.0823"
"H","2022-Q4","TP.FINHESTNKS71014.ZP19","370829271.1129"
"H","2022-Q4","TP.FINHESTNKS71014.ZP20","597674036.9227"
"H","2022-Q4","TP.FINHESTNKS71014.ZP21","839788"
"H","2022-Q4","TP.FINHESTNKS71014.ZP22","126477991.069"
"H","2022-Q4","TP.FINHESTNKS71014.ZP23","7336212722.393"
"H","2022-Q4","TP.FINHESTNKS71014.ZP24","0"
"H","2022-Q4","TP.FINHESTNKS71014.ZP26","0"
"H","2022-Q4","TP.FINHESTNKS71014.ZP27","0"
"H","2022-Q4","TP.FINHESTNKS71014.ZP28","0"
"H","2022-Q4","TP.FINHESTNKS71014.ZP29","0"
"H","2022-Q4","TP.FINHESTNKS71014.ZP30","0"
"H","2022-Q4","TP.FINHESTNKS71014.ZP31","0"
"H","2022-Q4","TP.FINHESTNKS71014.ZP32","0"
"H","2022-Q4","TP.FINHESTNKS71014.ZP33","0"
"H","2022-Q4","TP.FINHESTNKS71014.ZP34","1613799297.1138"
"H","2022-Q4","TP.FINHESTNKS71014.ZP35","633959583.4121"
"H","2022-Q4","TP.FINHESTNKS71014.ZP36","979839713.7016"
"H","2022-Q4","TP.FINHESTNKS71014.ZP37","0"
"H","2022-Q4","TP.FINHESTNKS71014.ZP38","0"
"H","2022-Q4","TP.FINHESTNKS71014.ZP39","0"
"H","2022-Q4","TP.FINHESTNKS71014.ZP40","0"
"H","2022-Q4","TP.FINHESTNKS71014.ZP41","0"
"H","2022-Q4","TP.FINHESTNKS71014.ZP42","0"
"H","2022-Q4","TP.FINHESTNKS71014.ZP43","6195151.2305"
"H","2022-Q4","TP.FINHESTNKS71014.ZP44","68925386.3171"
"H","2022-Q4","TP.FINHESTNKS71014.ZP45","1688919834.6614"
"H","2023-Q1","TP.FINHESTNKS71014.ZP1","5949687476.7352"
"H","2023-Q1","TP.FINHESTNKS71014.ZP2","0"
"H","2023-Q1","TP.FINHESTNKS71014.ZP3","0"
"H","2023-Q1","TP.FINHESTNKS71014.ZP4","0"
"H","2023-Q1","TP.FINHESTNKS71014.ZP5","5392164686.8203"
"H","2023-Q1","TP.FINHESTNKS71014.ZP6","111866409.5727"
"H","2023-Q1","TP.FINHESTNKS71014.ZP7","1962059471.476"
"H","2023-Q1","TP.FINHESTNKS71014.ZP8","3318238805.7716"
"H","2023-Q1","TP.FINHESTNKS71014.ZP9","241209674.9941"
"H","2023-Q1","TP.FINHESTNKS71014.ZP10","9008899.9028"
"H","2023-Q1","TP.FINHESTNKS71014.ZP11","232200775.0913"
"H","2023-Q1","TP.FINHESTNKS71014.ZP12","7083604.5575"
"H","2023-Q1","TP.FINHESTNKS71014.ZP13","7083604.5575"
"H","2023-Q1","TP.FINHESTNKS71014.ZP14","0"
"H","2023-Q1","TP.FINHESTNKS71014.ZP15","1549720254.2767"
"H","2023-Q1","TP.FINHESTNKS71014.ZP16","1060256542.6404"
"H","2023-Q1","TP.FINHESTNKS71014.ZP17","489463711.6363"
"H","2023-Q1","TP.FINHESTNKS71014.ZP18","54935553.6522"
"H","2023-Q1","TP.FINHESTNKS71014.ZP19","434528157.9841"
"H","2023-Q1","TP.FINHESTNKS71014.ZP20","642970131.3993"
"H","2023-Q1","TP.FINHESTNKS71014.ZP21","1591014"
"H","2023-Q1","TP.FINHESTNKS71014.ZP22","152229602.8865"
"H","2023-Q1","TP.FINHESTNKS71014.ZP23","7986968968.9344"
"H","2023-Q1","TP.FINHESTNKS71014.ZP24","0"
"H","2023-Q1","TP.FINHESTNKS71014.ZP26","0"
"H","2023-Q1","TP.FINHESTNKS71014.ZP27","0"
"H","2023-Q1","TP.FINHESTNKS71014.ZP28","0"
"H","2023-Q1","TP.FINHESTNKS71014.ZP29","0"
"H","2023-Q1","TP.FINHESTNKS71014.ZP30","0"
"H","2023-Q1","TP.FINHESTNKS71014.ZP31","0"
"H","2023-Q1","TP.FINHESTNKS71014.ZP32","0"
"H","2023-Q1","TP.FINHESTNKS71014.ZP33","0"
"H","2023-Q1","TP.FINHESTNKS71014.ZP34","1944408950.495"
"H","2023-Q1","TP.FINHESTNKS71014.ZP35","886804412.5281"
"H","2023-Q1","TP.FINHESTNKS71014.ZP36","1057604537.9669"
"H","2023-Q1","TP.FINHESTNKS71014.ZP37","0"
"H","2023-Q1","TP.FINHESTNKS71014.ZP38","0"
"H","2023-Q1","TP.FINHESTNKS71014.ZP39","0"
"H","2023-Q1","TP.FINHESTNKS71014.ZP40","0"
"H","2023-Q1","TP.FINHESTNKS71014.ZP41","0"
"H","2023-Q1","TP.FINHESTNKS71014.ZP42","0"
"H","2023-Q1","TP.FINHESTNKS71014.ZP43","6279349.6176"
"H","2023-Q1","TP.FINHESTNKS71014.ZP44","86593192.0866"
"H","2023-Q1","TP.FINHESTNKS71014.ZP45","2037281492.1993"
"H","2023-Q2","TP.FINHESTNKS71014.ZP1","7453314078.5099"
"H","2023-Q2","TP.FINHESTNKS71014.ZP2","0"
"H","2023-Q2","TP.FINHESTNKS71014.ZP3","0"
"H","2023-Q2","TP.FINHESTNKS71014.ZP4","0"
"H","2023-Q2","TP.FINHESTNKS71014.ZP5","6742371118.4758"
"H","2023-Q2","TP.FINHESTNKS71014.ZP6","218982898.2077"
"H","2023-Q2","TP.FINHESTNKS71014.ZP7","2459633679.7333"
"H","2023-Q2","TP.FINHESTNKS71014.ZP8","4063754540.5348"
"H","2023-Q2","TP.FINHESTNKS71014.ZP9","339180431.8777"
"H","2023-Q2","TP.FINHESTNKS71014.ZP10","9712825.9468"
"H","2023-Q2","TP.FINHESTNKS71014.ZP11","329467605.9309"
"H","2023-Q2","TP.FINHESTNKS71014.ZP12","6415882.4308"
"H","2023-Q2","TP.FINHESTNKS71014.ZP13","6415882.4308"
"H","2023-Q2","TP.FINHESTNKS71014.ZP14","0"
"H","2023-Q2","TP.FINHESTNKS71014.ZP15","1852648688.4397"
"H","2023-Q2","TP.FINHESTNKS71014.ZP16","1235458478.2009"
"H","2023-Q2","TP.FINHESTNKS71014.ZP17","617190210.2388"
"H","2023-Q2","TP.FINHESTNKS71014.ZP18","59190384.2829"
"H","2023-Q2","TP.FINHESTNKS71014.ZP19","557999825.9559"
"H","2023-Q2","TP.FINHESTNKS71014.ZP20","785505215.0962"
"H","2023-Q2","TP.FINHESTNKS71014.ZP21","3775496"
"H","2023-Q2","TP.FINHESTNKS71014.ZP22","160175467.6933"
"H","2023-Q2","TP.FINHESTNKS71014.ZP23","9890072300.0134"
"H","2023-Q2","TP.FINHESTNKS71014.ZP24","0"
"H","2023-Q2","TP.FINHESTNKS71014.ZP26","0"
"H","2023-Q2","TP.FINHESTNKS71014.ZP27","0"
"H","2023-Q2","TP.FINHESTNKS71014.ZP28","0"
"H","2023-Q2","TP.FINHESTNKS71014.ZP29","0"
"H","2023-Q2","TP.FINHESTNKS71014.ZP30","0"
"H","2023-Q2","TP.FINHESTNKS71014.ZP31","0"
"H","2023-Q2","TP.FINHESTNKS71014.ZP32","0"
"H","2023-Q2","TP.FINHESTNKS71014.ZP33","0"
"H","2023-Q2","TP.FINHESTNKS71014.ZP34","2273653216.0429"
"H","2023-Q2","TP.FINHESTNKS71014.ZP35","1067750258.8626"
"H","2023-Q2","TP.FINHESTNKS71014.ZP36","1205902957.1802"
"H","2023-Q2","TP.FINHESTNKS71014.ZP37","0"
"H","2023-Q2","TP.FINHESTNKS71014.ZP38","0"
"H","2023-Q2","TP.FINHESTNKS71014.ZP39","0"
"H","2023-Q2","TP.FINHESTNKS71014.ZP40","0"
"H","2023-Q2","TP.FINHESTNKS71014.ZP41","0"
"H","2023-Q2","TP.FINHESTNKS71014.ZP42","0"
"H","2023-Q2","TP.FINHESTNKS71014.ZP43","6372802.3098"
"H","2023-Q2","TP.FINHESTNKS71014.ZP44","156732203.1508"
"H","2023-Q2","TP.FINHESTNKS71014.ZP45","2436758221.5034"
"H","2023-Q3","TP.FINHESTNKS71014.ZP1","9000079697.6307"
"H","2023-Q3","TP.FINHESTNKS71014.ZP2","0"
"H","2023-Q3","TP.FINHESTNKS71014.ZP3","0"
"H","2023-Q3","TP.FINHESTNKS71014.ZP4","0"
"H","2023-Q3","TP.FINHESTNKS71014.ZP5","7503487739.3236"
"H","2023-Q3","TP.FINHESTNKS71014.ZP6","119813983.4283"
"H","2023-Q3","TP.FINHESTNKS71014.ZP7","2607583981.625"
"H","2023-Q3","TP.FINHESTNKS71014.ZP8","4776089774.2703"
"H","2023-Q3","TP.FINHESTNKS71014.ZP9","324550141.4953"
"H","2023-Q3","TP.FINHESTNKS71014.ZP10","9503341.0745"
"H","2023-Q3","TP.FINHESTNKS71014.ZP11","315046800.4207"
"H","2023-Q3","TP.FINHESTNKS71014.ZP12","8196117.1356"
"H","2023-Q3","TP.FINHESTNKS71014.ZP13","8196117.1356"
"H","2023-Q3","TP.FINHESTNKS71014.ZP14","0"
"H","2023-Q3","TP.FINHESTNKS71014.ZP15","2722046253.605"
"H","2023-Q3","TP.FINHESTNKS71014.ZP16","1871725463.1717"
"H","2023-Q3","TP.FINHESTNKS71014.ZP17","850320790.4333"
"H","2023-Q3","TP.FINHESTNKS71014.ZP18","85635974.4399"
"H","2023-Q3","TP.FINHESTNKS71014.ZP19","764684815.9935"
"H","2023-Q3","TP.FINHESTNKS71014.ZP20","905727246.7776"
"H","2023-Q3","TP.FINHESTNKS71014.ZP21","220400"
"H","2023-Q3","TP.FINHESTNKS71014.ZP22","201669811.4605"
"H","2023-Q3","TP.FINHESTNKS71014.ZP23","11665897709.7976"
"H","2023-Q3","TP.FINHESTNKS71014.ZP24","0"
"H","2023-Q3","TP.FINHESTNKS71014.ZP26","0"
"H","2023-Q3","TP.FINHESTNKS71014.ZP27","0"
"H","2023-Q3","TP.FINHESTNKS71014.ZP28","0"
"H","2023-Q3","TP.FINHESTNKS71014.ZP29","0"
"H","2023-Q3","TP.FINHESTNKS71014.ZP30","0"
"H","2023-Q3","TP.FINHESTNKS71014.ZP31","0"
"H","2023-Q3","TP.FINHESTNKS71014.ZP32","0"
"H","2023-Q3","TP.FINHESTNKS71014.ZP33","0"
"H","2023-Q3","TP.FINHESTNKS71014.ZP34","2544641258.9677"
"H","2023-Q3","TP.FINHESTNKS71014.ZP35","1312938133.6987"
"H","2023-Q3","TP.FINHESTNKS71014.ZP36","1231703125.269"
"H","2023-Q3","TP.FINHESTNKS71014.ZP37","0"
"H","2023-Q3","TP.FINHESTNKS71014.ZP38","0"
"H","2023-Q3","TP.FINHESTNKS71014.ZP39","0"
"H","2023-Q3","TP.FINHESTNKS71014.ZP40","0"
"H","2023-Q3","TP.FINHESTNKS71014.ZP41","0"
"H","2023-Q3","TP.FINHESTNKS71014.ZP42","0"
"H","2023-Q3","TP.FINHESTNKS71014.ZP43","7137747.537"
"H","2023-Q3","TP.FINHESTNKS71014.ZP44","114039005.6621"
"H","2023-Q3","TP.FINHESTNKS71014.ZP45","2665818012.1669"
"H","2023-Q4","TP.FINHESTNKS71014.ZP1","9637617179.1693"
"H","2023-Q4","TP.FINHESTNKS71014.ZP2","0"
"H","2023-Q4","TP.FINHESTNKS71014.ZP3","0"
"H","2023-Q4","TP.FINHESTNKS71014.ZP4","0"
"H","2023-Q4","TP.FINHESTNKS71014.ZP5","8244532091.848"
"H","2023-Q4","TP.FINHESTNKS71014.ZP6","107102845.462"
"H","2023-Q4","TP.FINHESTNKS71014.ZP7","2763135115.023"
"H","2023-Q4","TP.FINHESTNKS71014.ZP8","5374294131.363"
"H","2023-Q4","TP.FINHESTNKS71014.ZP9","383113193.7311"
"H","2023-Q4","TP.FINHESTNKS71014.ZP10","11926258.8194"
"H","2023-Q4","TP.FINHESTNKS71014.ZP11","371186934.9116"
"H","2023-Q4","TP.FINHESTNKS71014.ZP12","10460274.8844"
"H","2023-Q4","TP.FINHESTNKS71014.ZP13","10460274.8844"
"H","2023-Q4","TP.FINHESTNKS71014.ZP14","0"
"H","2023-Q4","TP.FINHESTNKS71014.ZP15","2674611091.4585"
"H","2023-Q4","TP.FINHESTNKS71014.ZP16","1662855719.016"
"H","2023-Q4","TP.FINHESTNKS71014.ZP17","1011755372.4424"
"H","2023-Q4","TP.FINHESTNKS71014.ZP18","95757912.5651"
"H","2023-Q4","TP.FINHESTNKS71014.ZP19","915997459.8773"
"H","2023-Q4","TP.FINHESTNKS71014.ZP20","1048999263.9858"
"H","2023-Q4","TP.FINHESTNKS71014.ZP21","286932"
"H","2023-Q4","TP.FINHESTNKS71014.ZP22","265981585.4036"
"H","2023-Q4","TP.FINHESTNKS71014.ZP23","12627984433.3113"
"H","2023-Q4","TP.FINHESTNKS71014.ZP24","0"
"H","2023-Q4","TP.FINHESTNKS71014.ZP26","0"
"H","2023-Q4","TP.FINHESTNKS71014.ZP27","0"
"H","2023-Q4","TP.FINHESTNKS71014.ZP28","0"
"H","2023-Q4","TP.FINHESTNKS71014.ZP29","0"
"H","2023-Q4","TP.FINHESTNKS71014.ZP30","0"
"H","2023-Q4","TP.FINHESTNKS71014.ZP31","0"
"H","2023-Q4","TP.FINHESTNKS71014.ZP32","0"
"H","2023-Q4","TP.FINHESTNKS71014.ZP33","0"
"H","2023-Q4","TP.FINHESTNKS71014.ZP34","2854424371.5178"
"H","2023-Q4","TP.FINHESTNKS71014.ZP35","1640428265.9192"
"H","2023-Q4","TP.FINHESTNKS71014.ZP36","1213996105.5986"
"H","2023-Q4","TP.FINHESTNKS71014.ZP37","0"
"H","2023-Q4","TP.FINHESTNKS71014.ZP38","0"
"H","2023-Q4","TP.FINHESTNKS71014.ZP39","0"
"H","2023-Q4","TP.FINHESTNKS71014.ZP40","0"
"H","2023-Q4","TP.FINHESTNKS71014.ZP41","0"
"H","2023-Q4","TP.FINHESTNKS71014.ZP42","0"
"H","2023-Q4","TP.FINHESTNKS71014.ZP43","6956699.2895"
"H","2023-Q4","TP.FINHESTNKS71014.ZP44","128986183.3347"
"H","2023-Q4","TP.FINHESTNKS71014.ZP45","2990367254.142"
"H","2024-Q1","TP.FINHESTNKS71014.ZP1","11091397581.6564"
"H","2024-Q1","TP.FINHESTNKS71014.ZP2","0"
"H","2024-Q1","TP.FINHESTNKS71014.ZP3","0"
"H","2024-Q1","TP.FINHESTNKS71014.ZP4","0"
"H","2024-Q1","TP.FINHESTNKS71014.ZP5","8913285780.1776"
"H","2024-Q1","TP.FINHESTNKS71014.ZP6","97571987.6513"
"H","2024-Q1","TP.FINHESTNKS71014.ZP7","3312856029.069"
"H","2024-Q1","TP.FINHESTNKS71014.ZP8","5502857763.4574"
"H","2024-Q1","TP.FINHESTNKS71014.ZP9","428281339.1323"
"H","2024-Q1","TP.FINHESTNKS71014.ZP10","12010324.3357"
"H","2024-Q1","TP.FINHESTNKS71014.ZP11","416271014.7966"
"H","2024-Q1","TP.FINHESTNKS71014.ZP12","13838571.0533"
"H","2024-Q1","TP.FINHESTNKS71014.ZP13","13838571.0533"
"H","2024-Q1","TP.FINHESTNKS71014.ZP14","0"
"H","2024-Q1","TP.FINHESTNKS71014.ZP15","3564406325.8367"
"H","2024-Q1","TP.FINHESTNKS71014.ZP16","2089171351.3585"
"H","2024-Q1","TP.FINHESTNKS71014.ZP17","1475234974.4782"
"H","2024-Q1","TP.FINHESTNKS71014.ZP18","162648585.9727"
"H","2024-Q1","TP.FINHESTNKS71014.ZP19","1312586388.5055"
"H","2024-Q1","TP.FINHESTNKS71014.ZP20","1247654338.9514"
"H","2024-Q1","TP.FINHESTNKS71014.ZP21","681597"
"H","2024-Q1","TP.FINHESTNKS71014.ZP22","327062753.023"
"H","2024-Q1","TP.FINHESTNKS71014.ZP23","14495210705.1744"
"H","2024-Q1","TP.FINHESTNKS71014.ZP24","0"
"H","2024-Q1","TP.FINHESTNKS71014.ZP26","0"
"H","2024-Q1","TP.FINHESTNKS71014.ZP27","0"
"H","2024-Q1","TP.FINHESTNKS71014.ZP28","0"
"H","2024-Q1","TP.FINHESTNKS71014.ZP29","0"
"H","2024-Q1","TP.FINHESTNKS71014.ZP30","0"
"H","2024-Q1","TP.FINHESTNKS71014.ZP31","0"
"H","2024-Q1","TP.FINHESTNKS71014.ZP32","0"
"H","2024-Q1","TP.FINHESTNKS71014.ZP33","0"
"H","2024-Q1","TP.FINHESTNKS71014.ZP34","3219746888.2506"
"H","2024-Q1","TP.FINHESTNKS71014.ZP35","2024233771.9735"
"H","2024-Q1","TP.FINHESTNKS71014.ZP36","1195513116.2771"
"H","2024-Q1","TP.FINHESTNKS71014.ZP37","0"
"H","2024-Q1","TP.FINHESTNKS71014.ZP38","0"
"H","2024-Q1","TP.FINHESTNKS71014.ZP39","0"
"H","2024-Q1","TP.FINHESTNKS71014.ZP40","0"
"H","2024-Q1","TP.FINHESTNKS71014.ZP41","0"
"H","2024-Q1","TP.FINHESTNKS71014.ZP42","0"
"H","2024-Q1","TP.FINHESTNKS71014.ZP43","8093705.1252"
"H","2024-Q1","TP.FINHESTNKS71014.ZP44","175972530.1421"
"H","2024-Q1","TP.FINHESTNKS71014.ZP45","3403813123.5179"
"H","2024-Q2","TP.FINHESTNKS71014.ZP1","12366267464.013"
"H","2024-Q2","TP.FINHESTNKS71014.ZP2","0"
"H","2024-Q2","TP.FINHESTNKS71014.ZP3","0"
"H","2024-Q2","TP.FINHESTNKS71014.ZP4","0"
"H","2024-Q2","TP.FINHESTNKS71014.ZP5","9647524066.7393"
"H","2024-Q2","TP.FINHESTNKS71014.ZP6","160497595.5062"
"H","2024-Q2","TP.FINHESTNKS71014.ZP7","3255187675.786"
"H","2024-Q2","TP.FINHESTNKS71014.ZP8","6231838795.4471"
"H","2024-Q2","TP.FINHESTNKS71014.ZP9","436258148.7235"
"H","2024-Q2","TP.FINHESTNKS71014.ZP10","24200603.1222"
"H","2024-Q2","TP.FINHESTNKS71014.ZP11","412057545.6013"
"H","2024-Q2","TP.FINHESTNKS71014.ZP12","10901788.9683"
"H","2024-Q2","TP.FINHESTNKS71014.ZP13","10901788.9683"
"H","2024-Q2","TP.FINHESTNKS71014.ZP14","0"
"H","2024-Q2","TP.FINHESTNKS71014.ZP15","4138276068.0503"
"H","2024-Q2","TP.FINHESTNKS71014.ZP16","2270609863.5794"
"H","2024-Q2","TP.FINHESTNKS71014.ZP17","1867666204.4709"
"H","2024-Q2","TP.FINHESTNKS71014.ZP18","339345895.9043"
"H","2024-Q2","TP.FINHESTNKS71014.ZP19","1528320308.5666"
"H","2024-Q2","TP.FINHESTNKS71014.ZP20","1412081969.5598"
"H","2024-Q2","TP.FINHESTNKS71014.ZP21","1085843"
"H","2024-Q2","TP.FINHESTNKS71014.ZP22","367338831.8119"
"H","2024-Q2","TP.FINHESTNKS71014.ZP23","16013466716.853"
"H","2024-Q2","TP.FINHESTNKS71014.ZP24","0"
"H","2024-Q2","TP.FINHESTNKS71014.ZP26","0"
"H","2024-Q2","TP.FINHESTNKS71014.ZP27","0"
"H","2024-Q2","TP.FINHESTNKS71014.ZP28","0"
"H","2024-Q2","TP.FINHESTNKS71014.ZP29","0"
"H","2024-Q2","TP.FINHESTNKS71014.ZP30","0"
"H","2024-Q2","TP.FINHESTNKS71014.ZP31","0"
"H","2024-Q2","TP.FINHESTNKS71014.ZP32","0"
"H","2024-Q2","TP.FINHESTNKS71014.ZP33","0"
"H","2024-Q2","TP.FINHESTNKS71014.ZP34","3438665718.688"
"H","2024-Q2","TP.FINHESTNKS71014.ZP35","2312083431.9242"
"H","2024-Q2","TP.FINHESTNKS71014.ZP36","1126582286.7638"
"H","2024-Q2","TP.FINHESTNKS71014.ZP37","0"
"H","2024-Q2","TP.FINHESTNKS71014.ZP38","0"
"H","2024-Q2","TP.FINHESTNKS71014.ZP39","0"
"H","2024-Q2","TP.FINHESTNKS71014.ZP40","0"
"H","2024-Q2","TP.FINHESTNKS71014.ZP41","0"
"H","2024-Q2","TP.FINHESTNKS71014.ZP42","0"
"H","2024-Q2","TP.FINHESTNKS71014.ZP43","11712217.6509"
"H","2024-Q2","TP.FINHESTNKS71014.ZP44","196821316.5011"
"H","2024-Q2","TP.FINHESTNKS71014.ZP45","3647199252.8401"
"H","2024-Q3","TP.FINHESTNKS71014.ZP1","13404069018.6019"
"H","2024-Q3","TP.FINHESTNKS71014.ZP2","0"
"H","2024-Q3","TP.FINHESTNKS71014.ZP3","0"
"H","2024-Q3","TP.FINHESTNKS71014.ZP4","0"
"H","2024-Q3","TP.FINHESTNKS71014.ZP5","10437055579.7197"
"H","2024-Q3","TP.FINHESTNKS71014.ZP6","153647781.4711"
"H","2024-Q3","TP.FINHESTNKS71014.ZP7","3662109003.42"
"H","2024-Q3","TP.FINHESTNKS71014.ZP8","6621298794.8286"
"H","2024-Q3","TP.FINHESTNKS71014.ZP9","458076983.4462"
"H","2024-Q3","TP.FINHESTNKS71014.ZP10","27097278.5872"
"H","2024-Q3","TP.FINHESTNKS71014.ZP11","430979704.859"
"H","2024-Q3","TP.FINHESTNKS71014.ZP12","19650170.5813"
"H","2024-Q3","TP.FINHESTNKS71014.ZP13","19650170.5813"
"H","2024-Q3","TP.FINHESTNKS71014.ZP14","0"
"H","2024-Q3","TP.FINHESTNKS71014.ZP15","4504353522.1473"
"H","2024-Q3","TP.FINHESTNKS71014.ZP16","2106408470.2829"
"H","2024-Q3","TP.FINHESTNKS71014.ZP17","2397945051.8644"
"H","2024-Q3","TP.FINHESTNKS71014.ZP18","623931984.4704"
"H","2024-Q3","TP.FINHESTNKS71014.ZP19","1774013067.394"
"H","2024-Q3","TP.FINHESTNKS71014.ZP20","1531772605.5895"
"H","2024-Q3","TP.FINHESTNKS71014.ZP21","1102121"
"H","2024-Q3","TP.FINHESTNKS71014.ZP22","408891272.8757"
"H","2024-Q3","TP.FINHESTNKS71014.ZP23","17360902255.3595"
"H","2024-Q3","TP.FINHESTNKS71014.ZP24","0"
"H","2024-Q3","TP.FINHESTNKS71014.ZP26","0"
"H","2024-Q3","TP.FINHESTNKS71014.ZP27","0"
"H","2024-Q3","TP.FINHESTNKS71014.ZP28","0"
"H","2024-Q3","TP.FINHESTNKS71014.ZP29","0"
"H","2024-Q3","TP.FINHESTNKS71014.ZP30","0"
"H","2024-Q3","TP.FINHESTNKS71014.ZP31","0"
"H","2024-Q3","TP.FINHESTNKS71014.ZP32","0"
"H","2024-Q3","TP.FINHESTNKS71014.ZP33","0"
"H","2024-Q3","TP.FINHESTNKS71014.ZP34","3738583189.9354"
"H","2024-Q3","TP.FINHESTNKS71014.ZP35","2641287119.3486"
"H","2024-Q3","TP.FINHESTNKS71014.ZP36","1097296070.5868"
"H","2024-Q3","TP.FINHESTNKS71014.ZP37","0"
"H","2024-Q3","TP.FINHESTNKS71014.ZP38","0"
"H","2024-Q3","TP.FINHESTNKS71014.ZP39","0"
"H","2024-Q3","TP.FINHESTNKS71014.ZP40","0"
"H","2024-Q3","TP.FINHESTNKS71014.ZP41","0"
"H","2024-Q3","TP.FINHESTNKS71014.ZP42","0"
"H","2024-Q3","TP.FINHESTNKS71014.ZP43","14777867.0586"
"H","2024-Q3","TP.FINHESTNKS71014.ZP44","203472179.7637"
"H","2024-Q3","TP.FINHESTNKS71014.ZP45","3956833236.7576"
"H","2024-Q4","TP.FINHESTNKS71014.ZP1","14017218244.191"
"H","2024-Q4","TP.FINHESTNKS71014.ZP2","0"
"H","2024-Q4","TP.FINHESTNKS71014.ZP3","0"
"H","2024-Q4","TP.FINHESTNKS71014.ZP4","0"
"H","2024-Q4","TP.FINHESTNKS71014.ZP5","10805397303.6035"
"H","2024-Q4","TP.FINHESTNKS71014.ZP6","165891419.8448"
"H","2024-Q4","TP.FINHESTNKS71014.ZP7","3715275901.821"
"H","2024-Q4","TP.FINHESTNKS71014.ZP8","6924229981.9377"
"H","2024-Q4","TP.FINHESTNKS71014.ZP9","445065508.9102"
"H","2024-Q4","TP.FINHESTNKS71014.ZP10","30926158.444"
"H","2024-Q4","TP.FINHESTNKS71014.ZP11","414139350.4662"
"H","2024-Q4","TP.FINHESTNKS71014.ZP12","41175970.1326"
"H","2024-Q4","TP.FINHESTNKS71014.ZP13","41175970.1326"
"H","2024-Q4","TP.FINHESTNKS71014.ZP14","0"
"H","2024-Q4","TP.FINHESTNKS71014.ZP15","4952556105.4856"
"H","2024-Q4","TP.FINHESTNKS71014.ZP16","2163162066.9717"
"H","2024-Q4","TP.FINHESTNKS71014.ZP17","2789394038.5139"
"H","2024-Q4","TP.FINHESTNKS71014.ZP18","852905415.559"
"H","2024-Q4","TP.FINHESTNKS71014.ZP19","1936488622.9549"
"H","2024-Q4","TP.FINHESTNKS71014.ZP20","1714039202.3154"
"H","2024-Q4","TP.FINHESTNKS71014.ZP21","1706428"
"H","2024-Q4","TP.FINHESTNKS71014.ZP22","479613020.9154"
"H","2024-Q4","TP.FINHESTNKS71014.ZP23","18439553539.3627"
"H","2024-Q4","TP.FINHESTNKS71014.ZP24","0"
"H","2024-Q4","TP.FINHESTNKS71014.ZP26","0"
"H","2024-Q4","TP.FINHESTNKS71014.ZP27","0"
"H","2024-Q4","TP.FINHESTNKS71014.ZP28","0"
"H","2024-Q4","TP.FINHESTNKS71014.ZP29","0"
"H","2024-Q4","TP.FINHESTNKS71014.ZP30","0"
"H","2024-Q4","TP.FINHESTNKS71014.ZP31","0"
"H","2024-Q4","TP.FINHESTNKS71014.ZP32","0"
"H","2024-Q4","TP.FINHESTNKS71014.ZP33","0"
"H","2024-Q4","TP.FINHESTNKS71014.ZP34","4167855577.3938"
"H","2024-Q4","TP.FINHESTNKS71014.ZP35","3018437544.8108"
"H","2024-Q4","TP.FINHESTNKS71014.ZP36","1149418032.583"
"H","2024-Q4","TP.FINHESTNKS71014.ZP37","0"
"H","2024-Q4","TP.FINHESTNKS71014.ZP38","0"
"H","2024-Q4","TP.FINHESTNKS71014.ZP39","0"
"H","2024-Q4","TP.FINHESTNKS71014.ZP40","0"
"H","2024-Q4","TP.FINHESTNKS71014.ZP41","0"
"H","2024-Q4","TP.FINHESTNKS71014.ZP42","0"
"H","2024-Q4","TP.FINHESTNKS71014.ZP43","14272179.5927"
"H","2024-Q4","TP.FINHESTNKS71014.ZP44","240207538.1852"
"H","2024-Q4","TP.FINHESTNKS71014.ZP45","4422335295.1717"
"H","2025-Q1","TP.FINHESTNKS71014.ZP1","15928702823.4889"
"H","2025-Q1","TP.FINHESTNKS71014.ZP2","0"
"H","2025-Q1","TP.FINHESTNKS71014.ZP3","0"
"H","2025-Q1","TP.FINHESTNKS71014.ZP4","0"
"H","2025-Q1","TP.FINHESTNKS71014.ZP5","12437295954.1295"
"H","2025-Q1","TP.FINHESTNKS71014.ZP6","307415194.6058"
"H","2025-Q1","TP.FINHESTNKS71014.ZP7","4510056641.1993"
"H","2025-Q1","TP.FINHESTNKS71014.ZP8","7619824118.3245"
"H","2025-Q1","TP.FINHESTNKS71014.ZP9","521531975.064"
"H","2025-Q1","TP.FINHESTNKS71014.ZP10","82301369.9631"
"H","2025-Q1","TP.FINHESTNKS71014.ZP11","439230605.1009"
"H","2025-Q1","TP.FINHESTNKS71014.ZP12","61364997.6633"
"H","2025-Q1","TP.FINHESTNKS71014.ZP13","61364997.6633"
"H","2025-Q1","TP.FINHESTNKS71014.ZP14","0"
"H","2025-Q1","TP.FINHESTNKS71014.ZP15","5245295304.9548"
"H","2025-Q1","TP.FINHESTNKS71014.ZP16","2225674621.0141"
"H","2025-Q1","TP.FINHESTNKS71014.ZP17","3019620683.9406"
"H","2025-Q1","TP.FINHESTNKS71014.ZP18","580937910.5343"
"H","2025-Q1","TP.FINHESTNKS71014.ZP19","2438682773.4063"
"H","2025-Q1","TP.FINHESTNKS71014.ZP20","1932221642.7415"
"H","2025-Q1","TP.FINHESTNKS71014.ZP21","1582732"
"H","2025-Q1","TP.FINHESTNKS71014.ZP22","529576505.2682"
"H","2025-Q1","TP.FINHESTNKS71014.ZP23","20728869111.8214"
"H","2025-Q1","TP.FINHESTNKS71014.ZP24","0"
"H","2025-Q1","TP.FINHESTNKS71014.ZP26","0"
"H","2025-Q1","TP.FINHESTNKS71014.ZP27","0"
"H","2025-Q1","TP.FINHESTNKS71014.ZP28","0"
"H","2025-Q1","TP.FINHESTNKS71014.ZP29","0"
"H","2025-Q1","TP.FINHESTNKS71014.ZP30","0"
"H","2025-Q1","TP.FINHESTNKS71014.ZP31","0"
"H","2025-Q1","TP.FINHESTNKS71014.ZP32","0"
"H","2025-Q1","TP.FINHESTNKS71014.ZP33","0"
"H","2025-Q1","TP.FINHESTNKS71014.ZP34","4504746010.1743"
"H","2025-Q1","TP.FINHESTNKS71014.ZP35","3240738813.7717"
"H","2025-Q1","TP.FINHESTNKS71014.ZP36","1264007196.4027"
"H","2025-Q1","TP.FINHESTNKS71014.ZP37","0"
"H","2025-Q1","TP.FINHESTNKS71014.ZP38","0"
"H","2025-Q1","TP.FINHESTNKS71014.ZP39","0"
"H","2025-Q1","TP.FINHESTNKS71014.ZP40","0"
"H","2025-Q1","TP.FINHESTNKS71014.ZP41","0"
"H","2025-Q1","TP.FINHESTNKS71014.ZP42","0"
"H","2025-Q1","TP.FINHESTNKS71014.ZP43","15922301.1998"
"H","2025-Q1","TP.FINHESTNKS71014.ZP44","279497976.9583"
"H","2025-Q1","TP.FINHESTNKS71014.ZP45","4800166288.3324"
"H","2025-Q2","TP.FINHESTNKS71014.ZP1","17105372356.8557"
"H","2025-Q2","TP.FINHESTNKS71014.ZP2","0"
"H","2025-Q2","TP.FINHESTNKS71014.ZP3","0"
"H","2025-Q2","TP.FINHESTNKS71014.ZP4","0"
"H","2025-Q2","TP.FINHESTNKS71014.ZP5","13035916525.0566"
"H","2025-Q2","TP.FINHESTNKS71014.ZP6","244688064.464"
"H","2025-Q2","TP.FINHESTNKS71014.ZP7","4821086704"
"H","2025-Q2","TP.FINHESTNKS71014.ZP8","7970141756.5926"
"H","2025-Q2","TP.FINHESTNKS71014.ZP9","607241299.1248"
"H","2025-Q2","TP.FINHESTNKS71014.ZP10","141362899.324"
"H","2025-Q2","TP.FINHESTNKS71014.ZP11","465878399.8009"
"H","2025-Q2","TP.FINHESTNKS71014.ZP12","56739071.3609"
"H","2025-Q2","TP.FINHESTNKS71014.ZP13","56739071.3609"
"H","2025-Q2","TP.FINHESTNKS71014.ZP14","0"
"H","2025-Q2","TP.FINHESTNKS71014.ZP15","6008398516.5795"
"H","2025-Q2","TP.FINHESTNKS71014.ZP16","2328303653.9348"
"H","2025-Q2","TP.FINHESTNKS71014.ZP17","3680094862.6448"
"H","2025-Q2","TP.FINHESTNKS71014.ZP18","745746032.8143"
"H","2025-Q2","TP.FINHESTNKS71014.ZP19","2934348829.8304"
"H","2025-Q2","TP.FINHESTNKS71014.ZP20","2148452310.1092"
"H","2025-Q2","TP.FINHESTNKS71014.ZP21","1850419"
"H","2025-Q2","TP.FINHESTNKS71014.ZP22","592885484.2704"
"H","2025-Q2","TP.FINHESTNKS71014.ZP23","22451483625.5014"
"H","2025-Q2","TP.FINHESTNKS71014.ZP24","0"
"H","2025-Q2","TP.FINHESTNKS71014.ZP26","0"
"H","2025-Q2","TP.FINHESTNKS71014.ZP27","0"
"H","2025-Q2","TP.FINHESTNKS71014.ZP28","0"
"H","2025-Q2","TP.FINHESTNKS71014.ZP29","0"
"H","2025-Q2","TP.FINHESTNKS71014.ZP30","0"
"H","2025-Q2","TP.FINHESTNKS71014.ZP31","0"
"H","2025-Q2","TP.FINHESTNKS71014.ZP32","0"
"H","2025-Q2","TP.FINHESTNKS71014.ZP33","0"
"H","2025-Q2","TP.FINHESTNKS71014.ZP34","5035431640.1059"
"H","2025-Q2","TP.FINHESTNKS71014.ZP35","3620917040.2467"
"H","2025-Q2","TP.FINHESTNKS71014.ZP36","1414514599.8592"
"H","2025-Q2","TP.FINHESTNKS71014.ZP37","0"
"H","2025-Q2","TP.FINHESTNKS71014.ZP38","0"
"H","2025-Q2","TP.FINHESTNKS71014.ZP39","0"
"H","2025-Q2","TP.FINHESTNKS71014.ZP40","0"
"H","2025-Q2","TP.FINHESTNKS71014.ZP41","0"
"H","2025-Q2","TP.FINHESTNKS71014.ZP42","0"
"H","2025-Q2","TP.FINHESTNKS71014.ZP43","16088850.6527"
"H","2025-Q2","TP.FINHESTNKS71014.ZP44","294590777.8871"
"H","2025-Q2","TP.FINHESTNKS71014.ZP45","5346111268.6457"
"H","2025-Q3","TP.FINHESTNKS71014.ZP1","19046821564.3165"
"H","2025-Q3","TP.FINHESTNKS71014.ZP2","0"
"H","2025-Q3","TP.FINHESTNKS71014.ZP3","0"
"H","2025-Q3","TP.FINHESTNKS71014.ZP4","0"
"H","2025-Q3","TP.FINHESTNKS71014.ZP5","13916860294.2837"
"H","2025-Q3","TP.FINHESTNKS71014.ZP6","248604595.6902"
"H","2025-Q3","TP.FINHESTNKS71014.ZP7","5438566913"
"H","2025-Q3","TP.FINHESTNKS71014.ZP8","8229688785.5935"
"H","2025-Q3","TP.FINHESTNKS71014.ZP9","768210453.4396"
"H","2025-Q3","TP.FINHESTNKS71014.ZP10","259687536.5881"
"H","2025-Q3","TP.FINHESTNKS71014.ZP11","508522916.8516"
"H","2025-Q3","TP.FINHESTNKS71014.ZP12","32214661.8687"
"H","2025-Q3","TP.FINHESTNKS71014.ZP13","32214661.8687"
"H","2025-Q3","TP.FINHESTNKS71014.ZP14","0"
"H","2025-Q3","TP.FINHESTNKS71014.ZP15","7133401597.1187"
"H","2025-Q3","TP.FINHESTNKS71014.ZP16","2732212452.6802"
"H","2025-Q3","TP.FINHESTNKS71014.ZP17","4401189144.4385"
"H","2025-Q3","TP.FINHESTNKS71014.ZP18","831239535.9927"
"H","2025-Q3","TP.FINHESTNKS71014.ZP19","3569949608.4458"
"H","2025-Q3","TP.FINHESTNKS71014.ZP20","2466056232.3492"
"H","2025-Q3","TP.FINHESTNKS71014.ZP21","1743471"
"H","2025-Q3","TP.FINHESTNKS71014.ZP22","663399735.8831"
"H","2025-Q3","TP.FINHESTNKS71014.ZP23","24981886445.9431"
"H","2025-Q3","TP.FINHESTNKS71014.ZP24","0"
"H","2025-Q3","TP.FINHESTNKS71014.ZP26","0"
"H","2025-Q3","TP.FINHESTNKS71014.ZP27","0"
"H","2025-Q3","TP.FINHESTNKS71014.ZP28","0"
"H","2025-Q3","TP.FINHESTNKS71014.ZP29","0"
"H","2025-Q3","TP.FINHESTNKS71014.ZP30","0"
"H","2025-Q3","TP.FINHESTNKS71014.ZP31","0"
"H","2025-Q3","TP.FINHESTNKS71014.ZP32","0"
"H","2025-Q3","TP.FINHESTNKS71014.ZP33","0"
"H","2025-Q3","TP.FINHESTNKS71014.ZP34","5594442485.3814"
"H","2025-Q3","TP.FINHESTNKS71014.ZP35","3950612137.86"
"H","2025-Q3","TP.FINHESTNKS71014.ZP36","1643830347.5214"
"H","2025-Q3","TP.FINHESTNKS71014.ZP37","0"
"H","2025-Q3","TP.FINHESTNKS71014.ZP38","0"
"H","2025-Q3","TP.FINHESTNKS71014.ZP39","0"
"H","2025-Q3","TP.FINHESTNKS71014.ZP40","0"
"H","2025-Q3","TP.FINHESTNKS71014.ZP41","0"
"H","2025-Q3","TP.FINHESTNKS71014.ZP42","0"
"H","2025-Q3","TP.FINHESTNKS71014.ZP43","21686969.0394"
"H","2025-Q3","TP.FINHESTNKS71014.ZP44","318935427.2057"
"H","2025-Q3","TP.FINHESTNKS71014.ZP45","5935064881.6266"
"H","2025-Q4","TP.FINHESTNKS71014.ZP1","20154745516.5918"
"H","2025-Q4","TP.FINHESTNKS71014.ZP2","0"
"H","2025-Q4","TP.FINHESTNKS71014.ZP3","0"
"H","2025-Q4","TP.FINHESTNKS71014.ZP4","0"
"H","2025-Q4","TP.FINHESTNKS71014.ZP5","14559924855.223"
"H","2025-Q4","TP.FINHESTNKS71014.ZP6","210455515.0076"
"H","2025-Q4","TP.FINHESTNKS71014.ZP7","6233963092"
"H","2025-Q4","TP.FINHESTNKS71014.ZP8","8115506248.2154"
"H","2025-Q4","TP.FINHESTNKS71014.ZP9","870414371.0771"
"H","2025-Q4","TP.FINHESTNKS71014.ZP10","364611172.6644"
"H","2025-Q4","TP.FINHESTNKS71014.ZP11","505803198.4127"
"H","2025-Q4","TP.FINHESTNKS71014.ZP12","19028030.8343"
"H","2025-Q4","TP.FINHESTNKS71014.ZP13","19028030.8343"
"H","2025-Q4","TP.FINHESTNKS71014.ZP14","0"
"H","2025-Q4","TP.FINHESTNKS71014.ZP15","7745217222.0674"
"H","2025-Q4","TP.FINHESTNKS71014.ZP16","2788263022.9478"
"H","2025-Q4","TP.FINHESTNKS71014.ZP17","4956954199.1196"
"H","2025-Q4","TP.FINHESTNKS71014.ZP18","929502478.4019"
"H","2025-Q4","TP.FINHESTNKS71014.ZP19","4027451720.7177"
"H","2025-Q4","TP.FINHESTNKS71014.ZP20","2859565571.8971"
"H","2025-Q4","TP.FINHESTNKS71014.ZP21","2560775"
"H","2025-Q4","TP.FINHESTNKS71014.ZP22","716989703.2521"
"H","2025-Q4","TP.FINHESTNKS71014.ZP23","26773700529.3509"
"H","2025-Q4","TP.FINHESTNKS71014.ZP24","0"
"H","2025-Q4","TP.FINHESTNKS71014.ZP26","0"
"H","2025-Q4","TP.FINHESTNKS71014.ZP27","0"
"H","2025-Q4","TP.FINHESTNKS71014.ZP28","0"
"H","2025-Q4","TP.FINHESTNKS71014.ZP29","0"
"H","2025-Q4","TP.FINHESTNKS71014.ZP30","0"
"H","2025-Q4","TP.FINHESTNKS71014.ZP31","0"
"H","2025-Q4","TP.FINHESTNKS71014.ZP32","0"
"H","2025-Q4","TP.FINHESTNKS71014.ZP33","0"
"H","2025-Q4","TP.FINHESTNKS71014.ZP34","6237410233.4824"
"H","2025-Q4","TP.FINHESTNKS71014.ZP35","4417263619.0464"
"H","2025-Q4","TP.FINHESTNKS71014.ZP36","1820146614.436"
"H","2025-Q4","TP.FINHESTNKS71014.ZP37","0"
"H","2025-Q4","TP.FINHESTNKS71014.ZP38","0"
"H","2025-Q4","TP.FINHESTNKS71014.ZP39","0"
"H","2025-Q4","TP.FINHESTNKS71014.ZP40","0"
"H","2025-Q4","TP.FINHESTNKS71014.ZP41","0"
"H","2025-Q4","TP.FINHESTNKS71014.ZP42","0"
"H","2025-Q4","TP.FINHESTNKS71014.ZP43","23564421.7698"
"H","2025-Q4","TP.FINHESTNKS71014.ZP44","357980357.5069"
"H","2025-Q4","TP.FINHESTNKS71014.ZP45","6618955012.7591"
"H","2026-Q1","TP.FINHESTNKS71014.ZP1","21346203280.3202"
"H","2026-Q1","TP.FINHESTNKS71014.ZP2","0"
"H","2026-Q1","TP.FINHESTNKS71014.ZP3","0"
"H","2026-Q1","TP.FINHESTNKS71014.ZP4","0"
"H","2026-Q1","TP.FINHESTNKS71014.ZP5","15356799936.2591"
"H","2026-Q1","TP.FINHESTNKS71014.ZP6","168157772.8283"
"H","2026-Q1","TP.FINHESTNKS71014.ZP7","6866216644"
"H","2026-Q1","TP.FINHESTNKS71014.ZP8","8322425519.4307"
"H","2026-Q1","TP.FINHESTNKS71014.ZP9","1040800756.1356"
"H","2026-Q1","TP.FINHESTNKS71014.ZP10","508163598.5884"
"H","2026-Q1","TP.FINHESTNKS71014.ZP11","532637157.5472"
"H","2026-Q1","TP.FINHESTNKS71014.ZP12","13036624.8842"
"H","2026-Q1","TP.FINHESTNKS71014.ZP13","13036624.8842"
"H","2026-Q1","TP.FINHESTNKS71014.ZP14","0"
"H","2026-Q1","TP.FINHESTNKS71014.ZP15","8280487581.5439"
"H","2026-Q1","TP.FINHESTNKS71014.ZP16","3079906099.1342"
"H","2026-Q1","TP.FINHESTNKS71014.ZP17","5200581482.4097"
"H","2026-Q1","TP.FINHESTNKS71014.ZP18","977538170.2612"
"H","2026-Q1","TP.FINHESTNKS71014.ZP19","4223043312.1485"
"H","2026-Q1","TP.FINHESTNKS71014.ZP20","3088377109.4245"
"H","2026-Q1","TP.FINHESTNKS71014.ZP21","4393451"
"H","2026-Q1","TP.FINHESTNKS71014.ZP22","778270455.6751"
"H","2026-Q1","TP.FINHESTNKS71014.ZP23","28562165914.9224"
"H","2026-Q1","TP.FINHESTNKS71014.ZP24","0"
"H","2026-Q1","TP.FINHESTNKS71014.ZP26","0"
"H","2026-Q1","TP.FINHESTNKS71014.ZP27","0"
"H","2026-Q1","TP.FINHESTNKS71014.ZP28","0"
"H","2026-Q1","TP.FINHESTNKS71014.ZP29","0"
"H","2026-Q1","TP.FINHESTNKS71014.ZP30","0"
"H","2026-Q1","TP.FINHESTNKS71014.ZP31","0"
"H","2026-Q1","TP.FINHESTNKS71014.ZP32","0"
"H","2026-Q1","TP.FINHESTNKS71014.ZP33","0"
"H","2026-Q1","TP.FINHESTNKS71014.ZP34","6755140613.3416"
"H","2026-Q1","TP.FINHESTNKS71014.ZP35","4765591631.7967"
"H","2026-Q1","TP.FINHESTNKS71014.ZP36","1989548981.5449"
"H","2026-Q1","TP.FINHESTNKS71014.ZP37","0"
"H","2026-Q1","TP.FINHESTNKS71014.ZP38","0"
"H","2026-Q1","TP.FINHESTNKS71014.ZP39","0"
"H","2026-Q1","TP.FINHESTNKS71014.ZP40","0"
"H","2026-Q1","TP.FINHESTNKS71014.ZP41","0"
"H","2026-Q1","TP.FINHESTNKS71014.ZP42","0"
"H","2026-Q1","TP.FINHESTNKS71014.ZP43","38369407.2475"
"H","2026-Q1","TP.FINHESTNKS71014.ZP44","422452614.013"
"H","2026-Q1","TP.FINHESTNKS71014.ZP45","7215962634.6022"
"NPISH","2010-Q4","TP.FINHESTNKS71015.ZP1","7764779.1133"
"NPISH","2010-Q4","TP.FINHESTNKS71015.ZP2","0"
"NPISH","2010-Q4","TP.FINHESTNKS71015.ZP3","0"
"NPISH","2010-Q4","TP.FINHESTNKS71015.ZP4","0"
"NPISH","2010-Q4","TP.FINHESTNKS71015.ZP5","16279439.1915"
"NPISH","2010-Q4","TP.FINHESTNKS71015.ZP6","95472.9131"
"NPISH","2010-Q4","TP.FINHESTNKS71015.ZP7","966178"
"NPISH","2010-Q4","TP.FINHESTNKS71015.ZP8","15217788.2783"
"NPISH","2010-Q4","TP.FINHESTNKS71015.ZP9","0"
"NPISH","2010-Q4","TP.FINHESTNKS71015.ZP10","0"
"NPISH","2010-Q4","TP.FINHESTNKS71015.ZP11","0"
"NPISH","2010-Q4","TP.FINHESTNKS71015.ZP12","111805.9485"
"NPISH","2010-Q4","TP.FINHESTNKS71015.ZP13","111805.9485"
"NPISH","2010-Q4","TP.FINHESTNKS71015.ZP14","0"
"NPISH","2010-Q4","TP.FINHESTNKS71015.ZP15","7651598.6334"
"NPISH","2010-Q4","TP.FINHESTNKS71015.ZP16","7651598.6334"
"NPISH","2010-Q4","TP.FINHESTNKS71015.ZP17","0"
"NPISH","2010-Q4","TP.FINHESTNKS71015.ZP18","0"
"NPISH","2010-Q4","TP.FINHESTNKS71015.ZP19","0"
"NPISH","2010-Q4","TP.FINHESTNKS71015.ZP21","0"
"NPISH","2010-Q4","TP.FINHESTNKS71015.ZP22","427959"
"NPISH","2010-Q4","TP.FINHESTNKS71015.ZP23","24470802.7734"
"NPISH","2010-Q4","TP.FINHESTNKS71015.ZP24","0"
"NPISH","2010-Q4","TP.FINHESTNKS71015.ZP26","0"
"NPISH","2010-Q4","TP.FINHESTNKS71015.ZP27","0"
"NPISH","2010-Q4","TP.FINHESTNKS71015.ZP28","0"
"NPISH","2010-Q4","TP.FINHESTNKS71015.ZP29","0"
"NPISH","2010-Q4","TP.FINHESTNKS71015.ZP30","0"
"NPISH","2010-Q4","TP.FINHESTNKS71015.ZP31","0"
"NPISH","2010-Q4","TP.FINHESTNKS71015.ZP32","0"
"NPISH","2010-Q4","TP.FINHESTNKS71015.ZP33","0"
"NPISH","2010-Q4","TP.FINHESTNKS71015.ZP34","114546"
"NPISH","2010-Q4","TP.FINHESTNKS71015.ZP35","31494.3248"
"NPISH","2010-Q4","TP.FINHESTNKS71015.ZP36","83051.6752"
"NPISH","2010-Q4","TP.FINHESTNKS71015.ZP37","16591477.6601"
"NPISH","2010-Q4","TP.FINHESTNKS71015.ZP38","16591477.6601"
"NPISH","2010-Q4","TP.FINHESTNKS71015.ZP39","0"
"NPISH","2010-Q4","TP.FINHESTNKS71015.ZP40","0"
"NPISH","2010-Q4","TP.FINHESTNKS71015.ZP41","0"
"NPISH","2010-Q4","TP.FINHESTNKS71015.ZP42","0"
"NPISH","2010-Q4","TP.FINHESTNKS71015.ZP43","0"
"NPISH","2010-Q4","TP.FINHESTNKS71015.ZP44","0"
"NPISH","2010-Q4","TP.FINHESTNKS71015.ZP45","16706023.6601"
"NPISH","2011-Q4","TP.FINHESTNKS71015.ZP1","6570741.967"
"NPISH","2011-Q4","TP.FINHESTNKS71015.ZP2","0"
"NPISH","2011-Q4","TP.FINHESTNKS71015.ZP3","0"
"NPISH","2011-Q4","TP.FINHESTNKS71015.ZP4","0"
"NPISH","2011-Q4","TP.FINHESTNKS71015.ZP5","19557538.0722"
"NPISH","2011-Q4","TP.FINHESTNKS71015.ZP6","71261.013"
"NPISH","2011-Q4","TP.FINHESTNKS71015.ZP7","1375358"
"NPISH","2011-Q4","TP.FINHESTNKS71015.ZP8","18110919.0592"
"NPISH","2011-Q4","TP.FINHESTNKS71015.ZP9","0"
"NPISH","2011-Q4","TP.FINHESTNKS71015.ZP12","17854.1408"
"NPISH","2011-Q4","TP.FINHESTNKS71015.ZP13","17854.1408"
"NPISH","2011-Q4","TP.FINHESTNKS71015.ZP14","0"
"NPISH","2011-Q4","TP.FINHESTNKS71015.ZP15","5020761.9754"
"NPISH","2011-Q4","TP.FINHESTNKS71015.ZP16","5020761.9754"
"NPISH","2011-Q4","TP.FINHESTNKS71015.ZP17","0"
"NPISH","2011-Q4","TP.FINHESTNKS71015.ZP18","0"
"NPISH","2011-Q4","TP.FINHESTNKS71015.ZP19","0"
"NPISH","2011-Q4","TP.FINHESTNKS71015.ZP21","0"
"NPISH","2011-Q4","TP.FINHESTNKS71015.ZP22","707439"
"NPISH","2011-Q4","TP.FINHESTNKS71015.ZP23","25303593.1884"
"NPISH","2011-Q4","TP.FINHESTNKS71015.ZP24","0"
"NPISH","2011-Q4","TP.FINHESTNKS71015.ZP26","0"
"NPISH","2011-Q4","TP.FINHESTNKS71015.ZP27","0"
"NPISH","2011-Q4","TP.FINHESTNKS71015.ZP28","0"
"NPISH","2011-Q4","TP.FINHESTNKS71015.ZP29","0"
"NPISH","2011-Q4","TP.FINHESTNKS71015.ZP30","0"
"NPISH","2011-Q4","TP.FINHESTNKS71015.ZP31","0"
"NPISH","2011-Q4","TP.FINHESTNKS71015.ZP32","0"
"NPISH","2011-Q4","TP.FINHESTNKS71015.ZP33","0"
"NPISH","2011-Q4","TP.FINHESTNKS71015.ZP34","154990"
"NPISH","2011-Q4","TP.FINHESTNKS71015.ZP35","52705.4949"
"NPISH","2011-Q4","TP.FINHESTNKS71015.ZP36","102284.5051"
"NPISH","2011-Q4","TP.FINHESTNKS71015.ZP37","18577854.2214"
"NPISH","2011-Q4","TP.FINHESTNKS71015.ZP38","18577854.2214"
"NPISH","2011-Q4","TP.FINHESTNKS71015.ZP39","0"
"NPISH","2011-Q4","TP.FINHESTNKS71015.ZP40","0"
"NPISH","2011-Q4","TP.FINHESTNKS71015.ZP41","0"
"NPISH","2011-Q4","TP.FINHESTNKS71015.ZP42","0"
"NPISH","2011-Q4","TP.FINHESTNKS71015.ZP43","0"
"NPISH","2011-Q4","TP.FINHESTNKS71015.ZP44","7"
"NPISH","2011-Q4","TP.FINHESTNKS71015.ZP45","18732851.2214"
"NPISH","2012-Q4","TP.FINHESTNKS71015.ZP1","7650710.1167"
"NPISH","2012-Q4","TP.FINHESTNKS71015.ZP2","0"
"NPISH","2012-Q4","TP.FINHESTNKS71015.ZP3","0"
"NPISH","2012-Q4","TP.FINHESTNKS71015.ZP4","0"
"NPISH","2012-Q4","TP.FINHESTNKS71015.ZP5","17109259.3924"
"NPISH","2012-Q4","TP.FINHESTNKS71015.ZP6","102276.0726"
"NPISH","2012-Q4","TP.FINHESTNKS71015.ZP7","1512074"
"NPISH","2012-Q4","TP.FINHESTNKS71015.ZP8","15494909.3198"
"NPISH","2012-Q4","TP.FINHESTNKS71015.ZP9","0"
"NPISH","2012-Q4","TP.FINHESTNKS71015.ZP10","0"
"NPISH","2012-Q4","TP.FINHESTNKS71015.ZP11","0"
"NPISH","2012-Q4","TP.FINHESTNKS71015.ZP12","4518.7291"
"NPISH","2012-Q4","TP.FINHESTNKS71015.ZP13","4518.7291"
"NPISH","2012-Q4","TP.FINHESTNKS71015.ZP14","0"
"NPISH","2012-Q4","TP.FINHESTNKS71015.ZP15","8652721.7175"
"NPISH","2012-Q4","TP.FINHESTNKS71015.ZP16","8652721.7175"
"NPISH","2012-Q4","TP.FINHESTNKS71015.ZP17","0"
"NPISH","2012-Q4","TP.FINHESTNKS71015.ZP18","0"
"NPISH","2012-Q4","TP.FINHESTNKS71015.ZP19","0"
"NPISH","2012-Q4","TP.FINHESTNKS71015.ZP21","0"
"NPISH","2012-Q4","TP.FINHESTNKS71015.ZP22","848437"
"NPISH","2012-Q4","TP.FINHESTNKS71015.ZP23","26614936.839"
"NPISH","2012-Q4","TP.FINHESTNKS71015.ZP24","0"
"NPISH","2012-Q4","TP.FINHESTNKS71015.ZP26","0"
"NPISH","2012-Q4","TP.FINHESTNKS71015.ZP27","0"
"NPISH","2012-Q4","TP.FINHESTNKS71015.ZP28","0"
"NPISH","2012-Q4","TP.FINHESTNKS71015.ZP29","0"
"NPISH","2012-Q4","TP.FINHESTNKS71015.ZP30","0"
"NPISH","2012-Q4","TP.FINHESTNKS71015.ZP31","0"
"NPISH","2012-Q4","TP.FINHESTNKS71015.ZP32","0"
"NPISH","2012-Q4","TP.FINHESTNKS71015.ZP33","0"
"NPISH","2012-Q4","TP.FINHESTNKS71015.ZP34","191743"
"NPISH","2012-Q4","TP.FINHESTNKS71015.ZP35","79112.47"
"NPISH","2012-Q4","TP.FINHESTNKS71015.ZP36","112630.53"
"NPISH","2012-Q4","TP.FINHESTNKS71015.ZP37","18772473.7224"
"NPISH","2012-Q4","TP.FINHESTNKS71015.ZP38","18772473.7224"
"NPISH","2012-Q4","TP.FINHESTNKS71015.ZP39","0"
"NPISH","2012-Q4","TP.FINHESTNKS71015.ZP40","0"
"NPISH","2012-Q4","TP.FINHESTNKS71015.ZP41","0"
"NPISH","2012-Q4","TP.FINHESTNKS71015.ZP42","0"
"NPISH","2012-Q4","TP.FINHESTNKS71015.ZP43","0"
"NPISH","2012-Q4","TP.FINHESTNKS71015.ZP44","10"
"NPISH","2012-Q4","TP.FINHESTNKS71015.ZP45","18964226.7224"
"NPISH","2013-Q4","TP.FINHESTNKS71015.ZP1","1349696.4813"
"NPISH","2013-Q4","TP.FINHESTNKS71015.ZP2","0"
"NPISH","2013-Q4","TP.FINHESTNKS71015.ZP3","0"
"NPISH","2013-Q4","TP.FINHESTNKS71015.ZP4","0"
"NPISH","2013-Q4","TP.FINHESTNKS71015.ZP5","15308057.3308"
"NPISH","2013-Q4","TP.FINHESTNKS71015.ZP6","100339.6084"
"NPISH","2013-Q4","TP.FINHESTNKS71015.ZP7","1707567"
"NPISH","2013-Q4","TP.FINHESTNKS71015.ZP8","13500150.7224"
"NPISH","2013-Q4","TP.FINHESTNKS71015.ZP9","0"
"NPISH","2013-Q4","TP.FINHESTNKS71015.ZP10","0"
"NPISH","2013-Q4","TP.FINHESTNKS71015.ZP11","0"
"NPISH","2013-Q4","TP.FINHESTNKS71015.ZP12","4251.9959"
"NPISH","2013-Q4","TP.FINHESTNKS71015.ZP13","4251.9959"
"NPISH","2013-Q4","TP.FINHESTNKS71015.ZP14","0"
"NPISH","2013-Q4","TP.FINHESTNKS71015.ZP15","6731545.1585"
"NPISH","2013-Q4","TP.FINHESTNKS71015.ZP16","6731545.1585"
"NPISH","2013-Q4","TP.FINHESTNKS71015.ZP17","0"
"NPISH","2013-Q4","TP.FINHESTNKS71015.ZP18","0"
"NPISH","2013-Q4","TP.FINHESTNKS71015.ZP19","0"
"NPISH","2013-Q4","TP.FINHESTNKS71015.ZP20","0"
"NPISH","2013-Q4","TP.FINHESTNKS71015.ZP21","0"
"NPISH","2013-Q4","TP.FINHESTNKS71015.ZP22","989233"
"NPISH","2013-Q4","TP.FINHESTNKS71015.ZP23","23033087.4851"
"NPISH","2013-Q4","TP.FINHESTNKS71015.ZP24","0"
"NPISH","2013-Q4","TP.FINHESTNKS71015.ZP26","0"
"NPISH","2013-Q4","TP.FINHESTNKS71015.ZP27","0"
"NPISH","2013-Q4","TP.FINHESTNKS71015.ZP28","0"
"NPISH","2013-Q4","TP.FINHESTNKS71015.ZP29","0"
"NPISH","2013-Q4","TP.FINHESTNKS71015.ZP30","0"
"NPISH","2013-Q4","TP.FINHESTNKS71015.ZP31","0"
"NPISH","2013-Q4","TP.FINHESTNKS71015.ZP32","0"
"NPISH","2013-Q4","TP.FINHESTNKS71015.ZP33","0"
"NPISH","2013-Q4","TP.FINHESTNKS71015.ZP34","275344"
"NPISH","2013-Q4","TP.FINHESTNKS71015.ZP35","53744.2437"
"NPISH","2013-Q4","TP.FINHESTNKS71015.ZP36","221599.7563"
"NPISH","2013-Q4","TP.FINHESTNKS71015.ZP37","21408042.0038"
"NPISH","2013-Q4","TP.FINHESTNKS71015.ZP38","21408042.0038"
"NPISH","2013-Q4","TP.FINHESTNKS71015.ZP39","0"
"NPISH","2013-Q4","TP.FINHESTNKS71015.ZP40","0"
"NPISH","2013-Q4","TP.FINHESTNKS71015.ZP41","0"
"NPISH","2013-Q4","TP.FINHESTNKS71015.ZP42","0"
"NPISH","2013-Q4","TP.FINHESTNKS71015.ZP43","0"
"NPISH","2013-Q4","TP.FINHESTNKS71015.ZP44","5"
"NPISH","2013-Q4","TP.FINHESTNKS71015.ZP45","21683391.0038"
"NPISH","2014-Q4","TP.FINHESTNKS71015.ZP1","4185221.8175"
"NPISH","2014-Q4","TP.FINHESTNKS71015.ZP2","0"
"NPISH","2014-Q4","TP.FINHESTNKS71015.ZP3","0"
"NPISH","2014-Q4","TP.FINHESTNKS71015.ZP4","0"
"NPISH","2014-Q4","TP.FINHESTNKS71015.ZP5","17683907.6911"
"NPISH","2014-Q4","TP.FINHESTNKS71015.ZP6","122229.8232"
"NPISH","2014-Q4","TP.FINHESTNKS71015.ZP7","2147154"
"NPISH","2014-Q4","TP.FINHESTNKS71015.ZP8","15414523.8679"
"NPISH","2014-Q4","TP.FINHESTNKS71015.ZP12","20791.4594"
"NPISH","2014-Q4","TP.FINHESTNKS71015.ZP13","20791.4594"
"NPISH","2014-Q4","TP.FINHESTNKS71015.ZP14","0"
"NPISH","2014-Q4","TP.FINHESTNKS71015.ZP15","9633491.692"
"NPISH","2014-Q4","TP.FINHESTNKS71015.ZP16","9633491.692"
"NPISH","2014-Q4","TP.FINHESTNKS71015.ZP17","0"
"NPISH","2014-Q4","TP.FINHESTNKS71015.ZP18","0"
"NPISH","2014-Q4","TP.FINHESTNKS71015.ZP19","0"
"NPISH","2014-Q4","TP.FINHESTNKS71015.ZP20","0"
"NPISH","2014-Q4","TP.FINHESTNKS71015.ZP22","993936"
"NPISH","2014-Q4","TP.FINHESTNKS71015.ZP23","28332126.8425"
"NPISH","2014-Q4","TP.FINHESTNKS71015.ZP24","0"
"NPISH","2014-Q4","TP.FINHESTNKS71015.ZP26","0"
"NPISH","2014-Q4","TP.FINHESTNKS71015.ZP27","0"
"NPISH","2014-Q4","TP.FINHESTNKS71015.ZP28","0"
"NPISH","2014-Q4","TP.FINHESTNKS71015.ZP29","0"
"NPISH","2014-Q4","TP.FINHESTNKS71015.ZP30","0"
"NPISH","2014-Q4","TP.FINHESTNKS71015.ZP31","0"
"NPISH","2014-Q4","TP.FINHESTNKS71015.ZP32","0"
"NPISH","2014-Q4","TP.FINHESTNKS71015.ZP33","0"
"NPISH","2014-Q4","TP.FINHESTNKS71015.ZP34","228417"
"NPISH","2014-Q4","TP.FINHESTNKS71015.ZP35","90312.4798"
"NPISH","2014-Q4","TP.FINHESTNKS71015.ZP36","138104.5202"
"NPISH","2014-Q4","TP.FINHESTNKS71015.ZP37","23918488.0251"
"NPISH","2014-Q4","TP.FINHESTNKS71015.ZP38","23918488.0251"
"NPISH","2014-Q4","TP.FINHESTNKS71015.ZP39","0"
"NPISH","2014-Q4","TP.FINHESTNKS71015.ZP40","0"
"NPISH","2014-Q4","TP.FINHESTNKS71015.ZP41","0"
"NPISH","2014-Q4","TP.FINHESTNKS71015.ZP42","0"
"NPISH","2014-Q4","TP.FINHESTNKS71015.ZP43","0"
"NPISH","2014-Q4","TP.FINHESTNKS71015.ZP44","0"
"NPISH","2014-Q4","TP.FINHESTNKS71015.ZP45","24146905.0251"
"NPISH","2015-Q1","TP.FINHESTNKS71015.ZP1","-405628.9803"
"NPISH","2015-Q1","TP.FINHESTNKS71015.ZP2","0"
"NPISH","2015-Q1","TP.FINHESTNKS71015.ZP3","0"
"NPISH","2015-Q1","TP.FINHESTNKS71015.ZP4","0"
"NPISH","2015-Q1","TP.FINHESTNKS71015.ZP5","11867441.5175"
"NPISH","2015-Q1","TP.FINHESTNKS71015.ZP6","109034.1111"
"NPISH","2015-Q1","TP.FINHESTNKS71015.ZP7","2120390"
"NPISH","2015-Q1","TP.FINHESTNKS71015.ZP8","9638017.4064"
"NPISH","2015-Q1","TP.FINHESTNKS71015.ZP9","0"
"NPISH","2015-Q1","TP.FINHESTNKS71015.ZP10","0"
"NPISH","2015-Q1","TP.FINHESTNKS71015.ZP11","0"
"NPISH","2015-Q1","TP.FINHESTNKS71015.ZP12","12257.3789"
"NPISH","2015-Q1","TP.FINHESTNKS71015.ZP13","12257.3789"
"NPISH","2015-Q1","TP.FINHESTNKS71015.ZP14","0"
"NPISH","2015-Q1","TP.FINHESTNKS71015.ZP15","8465219.1555"
"NPISH","2015-Q1","TP.FINHESTNKS71015.ZP16","8465219.1555"
"NPISH","2015-Q1","TP.FINHESTNKS71015.ZP17","0"
"NPISH","2015-Q1","TP.FINHESTNKS71015.ZP18","0"
"NPISH","2015-Q1","TP.FINHESTNKS71015.ZP19","0"
"NPISH","2015-Q1","TP.FINHESTNKS71015.ZP20","0"
"NPISH","2015-Q1","TP.FINHESTNKS71015.ZP21","0"
"NPISH","2015-Q1","TP.FINHESTNKS71015.ZP22","1006720"
"NPISH","2015-Q1","TP.FINHESTNKS71015.ZP23","21351638.0519"
"NPISH","2015-Q1","TP.FINHESTNKS71015.ZP24","0"
"NPISH","2015-Q1","TP.FINHESTNKS71015.ZP26","0"
"NPISH","2015-Q1","TP.FINHESTNKS71015.ZP27","0"
"NPISH","2015-Q1","TP.FINHESTNKS71015.ZP28","0"
"NPISH","2015-Q1","TP.FINHESTNKS71015.ZP29","0"
"NPISH","2015-Q1","TP.FINHESTNKS71015.ZP30","0"
"NPISH","2015-Q1","TP.FINHESTNKS71015.ZP31","0"
"NPISH","2015-Q1","TP.FINHESTNKS71015.ZP32","0"
"NPISH","2015-Q1","TP.FINHESTNKS71015.ZP33","0"
"NPISH","2015-Q1","TP.FINHESTNKS71015.ZP34","420976"
"NPISH","2015-Q1","TP.FINHESTNKS71015.ZP35","155842.0124"
"NPISH","2015-Q1","TP.FINHESTNKS71015.ZP36","265133.9876"
"NPISH","2015-Q1","TP.FINHESTNKS71015.ZP37","21336291.0323"
"NPISH","2015-Q1","TP.FINHESTNKS71015.ZP38","21336291.0323"
"NPISH","2015-Q1","TP.FINHESTNKS71015.ZP39","0"
"NPISH","2015-Q1","TP.FINHESTNKS71015.ZP40","0"
"NPISH","2015-Q1","TP.FINHESTNKS71015.ZP41","0"
"NPISH","2015-Q1","TP.FINHESTNKS71015.ZP42","0"
"NPISH","2015-Q1","TP.FINHESTNKS71015.ZP43","0"
"NPISH","2015-Q1","TP.FINHESTNKS71015.ZP44","0"
"NPISH","2015-Q1","TP.FINHESTNKS71015.ZP45","21757267.0323"
"NPISH","2015-Q2","TP.FINHESTNKS71015.ZP1","-208682.6444"
"NPISH","2015-Q2","TP.FINHESTNKS71015.ZP2","0"
"NPISH","2015-Q2","TP.FINHESTNKS71015.ZP3","0"
"NPISH","2015-Q2","TP.FINHESTNKS71015.ZP4","0"
"NPISH","2015-Q2","TP.FINHESTNKS71015.ZP5","15314474.4948"
"NPISH","2015-Q2","TP.FINHESTNKS71015.ZP6","123353.8222"
"NPISH","2015-Q2","TP.FINHESTNKS71015.ZP7","2199811"
"NPISH","2015-Q2","TP.FINHESTNKS71015.ZP8","12991309.6726"
"NPISH","2015-Q2","TP.FINHESTNKS71015.ZP9","0"
"NPISH","2015-Q2","TP.FINHESTNKS71015.ZP10","0"
"NPISH","2015-Q2","TP.FINHESTNKS71015.ZP11","0"
"NPISH","2015-Q2","TP.FINHESTNKS71015.ZP12","7377.3071"
"NPISH","2015-Q2","TP.FINHESTNKS71015.ZP13","7377.3071"
"NPISH","2015-Q2","TP.FINHESTNKS71015.ZP14","0"
"NPISH","2015-Q2","TP.FINHESTNKS71015.ZP15","8235515.8237"
"NPISH","2015-Q2","TP.FINHESTNKS71015.ZP16","8235515.8237"
"NPISH","2015-Q2","TP.FINHESTNKS71015.ZP17","0"
"NPISH","2015-Q2","TP.FINHESTNKS71015.ZP18","0"
"NPISH","2015-Q2","TP.FINHESTNKS71015.ZP19","0"
"NPISH","2015-Q2","TP.FINHESTNKS71015.ZP20","0"
"NPISH","2015-Q2","TP.FINHESTNKS71015.ZP21","0"
"NPISH","2015-Q2","TP.FINHESTNKS71015.ZP22","1027344"
"NPISH","2015-Q2","TP.FINHESTNKS71015.ZP23","24584711.6257"
"NPISH","2015-Q2","TP.FINHESTNKS71015.ZP24","0"
"NPISH","2015-Q2","TP.FINHESTNKS71015.ZP26","0"
"NPISH","2015-Q2","TP.FINHESTNKS71015.ZP27","0"
"NPISH","2015-Q2","TP.FINHESTNKS71015.ZP28","0"
"NPISH","2015-Q2","TP.FINHESTNKS71015.ZP29","0"
"NPISH","2015-Q2","TP.FINHESTNKS71015.ZP30","0"
"NPISH","2015-Q2","TP.FINHESTNKS71015.ZP31","0"
"NPISH","2015-Q2","TP.FINHESTNKS71015.ZP32","0"
"NPISH","2015-Q2","TP.FINHESTNKS71015.ZP33","0"
"NPISH","2015-Q2","TP.FINHESTNKS71015.ZP34","654957"
"NPISH","2015-Q2","TP.FINHESTNKS71015.ZP35","199624.0546"
"NPISH","2015-Q2","TP.FINHESTNKS71015.ZP36","455332.9454"
"NPISH","2015-Q2","TP.FINHESTNKS71015.ZP37","24138437.2701"
"NPISH","2015-Q2","TP.FINHESTNKS71015.ZP38","24138437.2701"
"NPISH","2015-Q2","TP.FINHESTNKS71015.ZP39","0"
"NPISH","2015-Q2","TP.FINHESTNKS71015.ZP40","0"
"NPISH","2015-Q2","TP.FINHESTNKS71015.ZP41","0"
"NPISH","2015-Q2","TP.FINHESTNKS71015.ZP42","0"
"NPISH","2015-Q2","TP.FINHESTNKS71015.ZP43","0"
"NPISH","2015-Q2","TP.FINHESTNKS71015.ZP44","0"
"NPISH","2015-Q2","TP.FINHESTNKS71015.ZP45","24793394.2701"
"NPISH","2015-Q3","TP.FINHESTNKS71015.ZP1","-5447997.05"
"NPISH","2015-Q3","TP.FINHESTNKS71015.ZP2","0"
"NPISH","2015-Q3","TP.FINHESTNKS71015.ZP3","0"
"NPISH","2015-Q3","TP.FINHESTNKS71015.ZP4","0"
"NPISH","2015-Q3","TP.FINHESTNKS71015.ZP5","13928014.3916"
"NPISH","2015-Q3","TP.FINHESTNKS71015.ZP6","138583.5793"
"NPISH","2015-Q3","TP.FINHESTNKS71015.ZP7","2378869"
"NPISH","2015-Q3","TP.FINHESTNKS71015.ZP8","11410561.8123"
"NPISH","2015-Q3","TP.FINHESTNKS71015.ZP9","0"
"NPISH","2015-Q3","TP.FINHESTNKS71015.ZP10","0"
"NPISH","2015-Q3","TP.FINHESTNKS71015.ZP11","0"
"NPISH","2015-Q3","TP.FINHESTNKS71015.ZP12","2565.615"
"NPISH","2015-Q3","TP.FINHESTNKS71015.ZP13","2565.615"
"NPISH","2015-Q3","TP.FINHESTNKS71015.ZP14","0"
"NPISH","2015-Q3","TP.FINHESTNKS71015.ZP15","7143884.3908"
"NPISH","2015-Q3","TP.FINHESTNKS71015.ZP16","7143884.3908"
"NPISH","2015-Q3","TP.FINHESTNKS71015.ZP17","0"
"NPISH","2015-Q3","TP.FINHESTNKS71015.ZP18","0"
"NPISH","2015-Q3","TP.FINHESTNKS71015.ZP19","0"
"NPISH","2015-Q3","TP.FINHESTNKS71015.ZP20","0"
"NPISH","2015-Q3","TP.FINHESTNKS71015.ZP21","0"
"NPISH","2015-Q3","TP.FINHESTNKS71015.ZP22","1040613"
"NPISH","2015-Q3","TP.FINHESTNKS71015.ZP23","22115077.3975"
"NPISH","2015-Q3","TP.FINHESTNKS71015.ZP24","0"
"NPISH","2015-Q3","TP.FINHESTNKS71015.ZP26","0"
"NPISH","2015-Q3","TP.FINHESTNKS71015.ZP27","0"
"NPISH","2015-Q3","TP.FINHESTNKS71015.ZP28","0"
"NPISH","2015-Q3","TP.FINHESTNKS71015.ZP29","0"
"NPISH","2015-Q3","TP.FINHESTNKS71015.ZP30","0"
"NPISH","2015-Q3","TP.FINHESTNKS71015.ZP31","0"
"NPISH","2015-Q3","TP.FINHESTNKS71015.ZP32","0"
"NPISH","2015-Q3","TP.FINHESTNKS71015.ZP33","0"
"NPISH","2015-Q3","TP.FINHESTNKS71015.ZP34","444409"
"NPISH","2015-Q3","TP.FINHESTNKS71015.ZP35","170167.4671"
"NPISH","2015-Q3","TP.FINHESTNKS71015.ZP36","274241.5329"
"NPISH","2015-Q3","TP.FINHESTNKS71015.ZP37","27118665.4474"
"NPISH","2015-Q3","TP.FINHESTNKS71015.ZP38","27118665.4474"
"NPISH","2015-Q3","TP.FINHESTNKS71015.ZP39","0"
"NPISH","2015-Q3","TP.FINHESTNKS71015.ZP40","0"
"NPISH","2015-Q3","TP.FINHESTNKS71015.ZP41","0"
"NPISH","2015-Q3","TP.FINHESTNKS71015.ZP42","0"
"NPISH","2015-Q3","TP.FINHESTNKS71015.ZP43","0"
"NPISH","2015-Q3","TP.FINHESTNKS71015.ZP44","0"
"NPISH","2015-Q3","TP.FINHESTNKS71015.ZP45","27563074.4474"
"NPISH","2015-Q4","TP.FINHESTNKS71015.ZP1","-5288674.6978"
"NPISH","2015-Q4","TP.FINHESTNKS71015.ZP2","0"
"NPISH","2015-Q4","TP.FINHESTNKS71015.ZP3","0"
"NPISH","2015-Q4","TP.FINHESTNKS71015.ZP4","0"
"NPISH","2015-Q4","TP.FINHESTNKS71015.ZP5","17086013.276"
"NPISH","2015-Q4","TP.FINHESTNKS71015.ZP6","156571.1078"
"NPISH","2015-Q4","TP.FINHESTNKS71015.ZP7","2368307"
"NPISH","2015-Q4","TP.FINHESTNKS71015.ZP8","14561135.1682"
"NPISH","2015-Q4","TP.FINHESTNKS71015.ZP9","0"
"NPISH","2015-Q4","TP.FINHESTNKS71015.ZP10","0"
"NPISH","2015-Q4","TP.FINHESTNKS71015.ZP11","0"
"NPISH","2015-Q4","TP.FINHESTNKS71015.ZP12","10546.8708"
"NPISH","2015-Q4","TP.FINHESTNKS71015.ZP13","10546.8708"
"NPISH","2015-Q4","TP.FINHESTNKS71015.ZP14","0"
"NPISH","2015-Q4","TP.FINHESTNKS71015.ZP15","6866574.4018"
"NPISH","2015-Q4","TP.FINHESTNKS71015.ZP16","6866574.4018"
"NPISH","2015-Q4","TP.FINHESTNKS71015.ZP17","0"
"NPISH","2015-Q4","TP.FINHESTNKS71015.ZP18","0"
"NPISH","2015-Q4","TP.FINHESTNKS71015.ZP19","0"
"NPISH","2015-Q4","TP.FINHESTNKS71015.ZP20","0"
"NPISH","2015-Q4","TP.FINHESTNKS71015.ZP21","0"
"NPISH","2015-Q4","TP.FINHESTNKS71015.ZP22","1098968"
"NPISH","2015-Q4","TP.FINHESTNKS71015.ZP23","25062102.5487"
"NPISH","2015-Q4","TP.FINHESTNKS71015.ZP24","0"
"NPISH","2015-Q4","TP.FINHESTNKS71015.ZP26","0"
"NPISH","2015-Q4","TP.FINHESTNKS71015.ZP27","0"
"NPISH","2015-Q4","TP.FINHESTNKS71015.ZP28","0"
"NPISH","2015-Q4","TP.FINHESTNKS71015.ZP29","0"
"NPISH","2015-Q4","TP.FINHESTNKS71015.ZP30","0"
"NPISH","2015-Q4","TP.FINHESTNKS71015.ZP31","0"
"NPISH","2015-Q4","TP.FINHESTNKS71015.ZP32","0"
"NPISH","2015-Q4","TP.FINHESTNKS71015.ZP33","0"
"NPISH","2015-Q4","TP.FINHESTNKS71015.ZP34","462913"
"NPISH","2015-Q4","TP.FINHESTNKS71015.ZP35","177256.9378"
"NPISH","2015-Q4","TP.FINHESTNKS71015.ZP36","285656.0622"
"NPISH","2015-Q4","TP.FINHESTNKS71015.ZP37","29887864.2465"
"NPISH","2015-Q4","TP.FINHESTNKS71015.ZP38","29887864.2465"
"NPISH","2015-Q4","TP.FINHESTNKS71015.ZP39","0"
"NPISH","2015-Q4","TP.FINHESTNKS71015.ZP40","0"
"NPISH","2015-Q4","TP.FINHESTNKS71015.ZP41","0"
"NPISH","2015-Q4","TP.FINHESTNKS71015.ZP42","0"
"NPISH","2015-Q4","TP.FINHESTNKS71015.ZP43","0"
"NPISH","2015-Q4","TP.FINHESTNKS71015.ZP44","0"
"NPISH","2015-Q4","TP.FINHESTNKS71015.ZP45","30350777.2465"
"NPISH","2016-Q1","TP.FINHESTNKS71015.ZP1","-1780571.1004"
"NPISH","2016-Q1","TP.FINHESTNKS71015.ZP2","0"
"NPISH","2016-Q1","TP.FINHESTNKS71015.ZP3","0"
"NPISH","2016-Q1","TP.FINHESTNKS71015.ZP4","0"
"NPISH","2016-Q1","TP.FINHESTNKS71015.ZP5","16506607.7093"
"NPISH","2016-Q1","TP.FINHESTNKS71015.ZP6","136068.7847"
"NPISH","2016-Q1","TP.FINHESTNKS71015.ZP7","2255444"
"NPISH","2016-Q1","TP.FINHESTNKS71015.ZP8","14115094.9246"
"NPISH","2016-Q1","TP.FINHESTNKS71015.ZP9","0"
"NPISH","2016-Q1","TP.FINHESTNKS71015.ZP10","0"
"NPISH","2016-Q1","TP.FINHESTNKS71015.ZP11","0"
"NPISH","2016-Q1","TP.FINHESTNKS71015.ZP12","677.4641"
"NPISH","2016-Q1","TP.FINHESTNKS71015.ZP13","677.4641"
"NPISH","2016-Q1","TP.FINHESTNKS71015.ZP14","0"
"NPISH","2016-Q1","TP.FINHESTNKS71015.ZP15","6980154.8042"
"NPISH","2016-Q1","TP.FINHESTNKS71015.ZP16","6980154.8042"
"NPISH","2016-Q1","TP.FINHESTNKS71015.ZP17","0"
"NPISH","2016-Q1","TP.FINHESTNKS71015.ZP18","0"
"NPISH","2016-Q1","TP.FINHESTNKS71015.ZP19","0"
"NPISH","2016-Q1","TP.FINHESTNKS71015.ZP20","0"
"NPISH","2016-Q1","TP.FINHESTNKS71015.ZP21","0"
"NPISH","2016-Q1","TP.FINHESTNKS71015.ZP22","1177184"
"NPISH","2016-Q1","TP.FINHESTNKS71015.ZP23","24664623.9776"
"NPISH","2016-Q1","TP.FINHESTNKS71015.ZP24","0"
"NPISH","2016-Q1","TP.FINHESTNKS71015.ZP26","0"
"NPISH","2016-Q1","TP.FINHESTNKS71015.ZP27","0"
"NPISH","2016-Q1","TP.FINHESTNKS71015.ZP28","0"
"NPISH","2016-Q1","TP.FINHESTNKS71015.ZP29","0"
"NPISH","2016-Q1","TP.FINHESTNKS71015.ZP30","0"
"NPISH","2016-Q1","TP.FINHESTNKS71015.ZP31","0"
"NPISH","2016-Q1","TP.FINHESTNKS71015.ZP32","0"
"NPISH","2016-Q1","TP.FINHESTNKS71015.ZP33","0"
"NPISH","2016-Q1","TP.FINHESTNKS71015.ZP34","471020"
"NPISH","2016-Q1","TP.FINHESTNKS71015.ZP35","174345.8611"
"NPISH","2016-Q1","TP.FINHESTNKS71015.ZP36","296674.1389"
"NPISH","2016-Q1","TP.FINHESTNKS71015.ZP37","25974175.0781"
"NPISH","2016-Q1","TP.FINHESTNKS71015.ZP38","25974175.0781"
"NPISH","2016-Q1","TP.FINHESTNKS71015.ZP39","0"
"NPISH","2016-Q1","TP.FINHESTNKS71015.ZP40","0"
"NPISH","2016-Q1","TP.FINHESTNKS71015.ZP41","0"
"NPISH","2016-Q1","TP.FINHESTNKS71015.ZP42","0"
"NPISH","2016-Q1","TP.FINHESTNKS71015.ZP43","0"
"NPISH","2016-Q1","TP.FINHESTNKS71015.ZP44","0"
"NPISH","2016-Q1","TP.FINHESTNKS71015.ZP45","26445195.0781"
"NPISH","2016-Q2","TP.FINHESTNKS71015.ZP1","-4519304.3361"
"NPISH","2016-Q2","TP.FINHESTNKS71015.ZP2","0"
"NPISH","2016-Q2","TP.FINHESTNKS71015.ZP3","0"
"NPISH","2016-Q2","TP.FINHESTNKS71015.ZP4","0"
"NPISH","2016-Q2","TP.FINHESTNKS71015.ZP5","17047407.4464"
"NPISH","2016-Q2","TP.FINHESTNKS71015.ZP6","153460.1378"
"NPISH","2016-Q2","TP.FINHESTNKS71015.ZP7","2346859"
"NPISH","2016-Q2","TP.FINHESTNKS71015.ZP8","14547088.3087"
"NPISH","2016-Q2","TP.FINHESTNKS71015.ZP9","0"
"NPISH","2016-Q2","TP.FINHESTNKS71015.ZP10","0"
"NPISH","2016-Q2","TP.FINHESTNKS71015.ZP11","0"
"NPISH","2016-Q2","TP.FINHESTNKS71015.ZP12","189.0897"
"NPISH","2016-Q2","TP.FINHESTNKS71015.ZP13","189.0897"
"NPISH","2016-Q2","TP.FINHESTNKS71015.ZP14","0"
"NPISH","2016-Q2","TP.FINHESTNKS71015.ZP15","6958601.1969"
"NPISH","2016-Q2","TP.FINHESTNKS71015.ZP16","6958601.1969"
"NPISH","2016-Q2","TP.FINHESTNKS71015.ZP17","0"
"NPISH","2016-Q2","TP.FINHESTNKS71015.ZP18","0"
"NPISH","2016-Q2","TP.FINHESTNKS71015.ZP19","0"
"NPISH","2016-Q2","TP.FINHESTNKS71015.ZP20","0"
"NPISH","2016-Q2","TP.FINHESTNKS71015.ZP21","0"
"NPISH","2016-Q2","TP.FINHESTNKS71015.ZP22","1280987"
"NPISH","2016-Q2","TP.FINHESTNKS71015.ZP23","25287184.7331"
"NPISH","2016-Q2","TP.FINHESTNKS71015.ZP24","0"
"NPISH","2016-Q2","TP.FINHESTNKS71015.ZP26","0"
"NPISH","2016-Q2","TP.FINHESTNKS71015.ZP27","0"
"NPISH","2016-Q2","TP.FINHESTNKS71015.ZP28","0"
"NPISH","2016-Q2","TP.FINHESTNKS71015.ZP29","0"
"NPISH","2016-Q2","TP.FINHESTNKS71015.ZP30","0"
"NPISH","2016-Q2","TP.FINHESTNKS71015.ZP31","0"
"NPISH","2016-Q2","TP.FINHESTNKS71015.ZP32","0"
"NPISH","2016-Q2","TP.FINHESTNKS71015.ZP33","0"
"NPISH","2016-Q2","TP.FINHESTNKS71015.ZP34","512478"
"NPISH","2016-Q2","TP.FINHESTNKS71015.ZP35","211065.9823"
"NPISH","2016-Q2","TP.FINHESTNKS71015.ZP36","301412.0177"
"NPISH","2016-Q2","TP.FINHESTNKS71015.ZP37","29294011.0692"
"NPISH","2016-Q2","TP.FINHESTNKS71015.ZP38","29294011.0692"
"NPISH","2016-Q2","TP.FINHESTNKS71015.ZP39","0"
"NPISH","2016-Q2","TP.FINHESTNKS71015.ZP40","0"
"NPISH","2016-Q2","TP.FINHESTNKS71015.ZP41","0"
"NPISH","2016-Q2","TP.FINHESTNKS71015.ZP42","0"
"NPISH","2016-Q2","TP.FINHESTNKS71015.ZP43","0"
"NPISH","2016-Q2","TP.FINHESTNKS71015.ZP44","0"
"NPISH","2016-Q2","TP.FINHESTNKS71015.ZP45","29806489.0692"
"NPISH","2016-Q3","TP.FINHESTNKS71015.ZP1","-5696787.7984"
"NPISH","2016-Q3","TP.FINHESTNKS71015.ZP2","0"
"NPISH","2016-Q3","TP.FINHESTNKS71015.ZP3","0"
"NPISH","2016-Q3","TP.FINHESTNKS71015.ZP4","0"
"NPISH","2016-Q3","TP.FINHESTNKS71015.ZP5","16962559.7478"
"NPISH","2016-Q3","TP.FINHESTNKS71015.ZP6","160519.3046"
"NPISH","2016-Q3","TP.FINHESTNKS71015.ZP7","2413107"
"NPISH","2016-Q3","TP.FINHESTNKS71015.ZP8","14388933.4432"
"NPISH","2016-Q3","TP.FINHESTNKS71015.ZP9","0"
"NPISH","2016-Q3","TP.FINHESTNKS71015.ZP10","0"
"NPISH","2016-Q3","TP.FINHESTNKS71015.ZP11","0"
"NPISH","2016-Q3","TP.FINHESTNKS71015.ZP12","266.1229"
"NPISH","2016-Q3","TP.FINHESTNKS71015.ZP13","266.1229"
"NPISH","2016-Q3","TP.FINHESTNKS71015.ZP14","0"
"NPISH","2016-Q3","TP.FINHESTNKS71015.ZP15","7238302.9998"
"NPISH","2016-Q3","TP.FINHESTNKS71015.ZP16","7238302.9998"
"NPISH","2016-Q3","TP.FINHESTNKS71015.ZP17","0"
"NPISH","2016-Q3","TP.FINHESTNKS71015.ZP18","0"
"NPISH","2016-Q3","TP.FINHESTNKS71015.ZP19","0"
"NPISH","2016-Q3","TP.FINHESTNKS71015.ZP20","0"
"NPISH","2016-Q3","TP.FINHESTNKS71015.ZP21","0"
"NPISH","2016-Q3","TP.FINHESTNKS71015.ZP22","1268185"
"NPISH","2016-Q3","TP.FINHESTNKS71015.ZP23","25469313.8704"
"NPISH","2016-Q3","TP.FINHESTNKS71015.ZP24","0"
"NPISH","2016-Q3","TP.FINHESTNKS71015.ZP26","0"
"NPISH","2016-Q3","TP.FINHESTNKS71015.ZP27","0"
"NPISH","2016-Q3","TP.FINHESTNKS71015.ZP28","0"
"NPISH","2016-Q3","TP.FINHESTNKS71015.ZP29","0"
"NPISH","2016-Q3","TP.FINHESTNKS71015.ZP30","0"
"NPISH","2016-Q3","TP.FINHESTNKS71015.ZP31","0"
"NPISH","2016-Q3","TP.FINHESTNKS71015.ZP32","0"
"NPISH","2016-Q3","TP.FINHESTNKS71015.ZP33","0"
"NPISH","2016-Q3","TP.FINHESTNKS71015.ZP34","524566"
"NPISH","2016-Q3","TP.FINHESTNKS71015.ZP35","208203.8233"
"NPISH","2016-Q3","TP.FINHESTNKS71015.ZP36","316362.1767"
"NPISH","2016-Q3","TP.FINHESTNKS71015.ZP37","30641535.6689"
"NPISH","2016-Q3","TP.FINHESTNKS71015.ZP38","30641535.6689"
"NPISH","2016-Q3","TP.FINHESTNKS71015.ZP39","0"
"NPISH","2016-Q3","TP.FINHESTNKS71015.ZP40","0"
"NPISH","2016-Q3","TP.FINHESTNKS71015.ZP41","0"
"NPISH","2016-Q3","TP.FINHESTNKS71015.ZP42","0"
"NPISH","2016-Q3","TP.FINHESTNKS71015.ZP43","0"
"NPISH","2016-Q3","TP.FINHESTNKS71015.ZP44","0"
"NPISH","2016-Q3","TP.FINHESTNKS71015.ZP45","31166101.6689"
"NPISH","2016-Q4","TP.FINHESTNKS71015.ZP1","-1550087.593"
"NPISH","2016-Q4","TP.FINHESTNKS71015.ZP2","0"
"NPISH","2016-Q4","TP.FINHESTNKS71015.ZP3","0"
"NPISH","2016-Q4","TP.FINHESTNKS71015.ZP4","0"
"NPISH","2016-Q4","TP.FINHESTNKS71015.ZP5","18932702.0518"
"NPISH","2016-Q4","TP.FINHESTNKS71015.ZP6","134868.8449"
"NPISH","2016-Q4","TP.FINHESTNKS71015.ZP7","2614848"
"NPISH","2016-Q4","TP.FINHESTNKS71015.ZP8","16182985.2069"
"NPISH","2016-Q4","TP.FINHESTNKS71015.ZP9","1392222.4177"
"NPISH","2016-Q4","TP.FINHESTNKS71015.ZP10","441560.7233"
"NPISH","2016-Q4","TP.FINHESTNKS71015.ZP11","950661.6944"
"NPISH","2016-Q4","TP.FINHESTNKS71015.ZP12","422.2721"
"NPISH","2016-Q4","TP.FINHESTNKS71015.ZP13","422.2721"
"NPISH","2016-Q4","TP.FINHESTNKS71015.ZP14","0"
"NPISH","2016-Q4","TP.FINHESTNKS71015.ZP15","8023075.3921"
"NPISH","2016-Q4","TP.FINHESTNKS71015.ZP16","8023075.3921"
"NPISH","2016-Q4","TP.FINHESTNKS71015.ZP17","0"
"NPISH","2016-Q4","TP.FINHESTNKS71015.ZP18","0"
"NPISH","2016-Q4","TP.FINHESTNKS71015.ZP19","0"
"NPISH","2016-Q4","TP.FINHESTNKS71015.ZP20","0"
"NPISH","2016-Q4","TP.FINHESTNKS71015.ZP21","0"
"NPISH","2016-Q4","TP.FINHESTNKS71015.ZP22","1378528"
"NPISH","2016-Q4","TP.FINHESTNKS71015.ZP23","29726950.1337"
"NPISH","2016-Q4","TP.FINHESTNKS71015.ZP24","0"
"NPISH","2016-Q4","TP.FINHESTNKS71015.ZP26","0"
"NPISH","2016-Q4","TP.FINHESTNKS71015.ZP27","0"
"NPISH","2016-Q4","TP.FINHESTNKS71015.ZP28","0"
"NPISH","2016-Q4","TP.FINHESTNKS71015.ZP29","0"
"NPISH","2016-Q4","TP.FINHESTNKS71015.ZP30","0"
"NPISH","2016-Q4","TP.FINHESTNKS71015.ZP31","0"
"NPISH","2016-Q4","TP.FINHESTNKS71015.ZP32","0"
"NPISH","2016-Q4","TP.FINHESTNKS71015.ZP33","0"
"NPISH","2016-Q4","TP.FINHESTNKS71015.ZP34","594729"
"NPISH","2016-Q4","TP.FINHESTNKS71015.ZP35","180560.5987"
"NPISH","2016-Q4","TP.FINHESTNKS71015.ZP36","414168.4013"
"NPISH","2016-Q4","TP.FINHESTNKS71015.ZP37","30682308.7267"
"NPISH","2016-Q4","TP.FINHESTNKS71015.ZP38","30682308.7267"
"NPISH","2016-Q4","TP.FINHESTNKS71015.ZP39","0"
"NPISH","2016-Q4","TP.FINHESTNKS71015.ZP40","0"
"NPISH","2016-Q4","TP.FINHESTNKS71015.ZP41","0"
"NPISH","2016-Q4","TP.FINHESTNKS71015.ZP42","0"
"NPISH","2016-Q4","TP.FINHESTNKS71015.ZP43","0"
"NPISH","2016-Q4","TP.FINHESTNKS71015.ZP44","0"
"NPISH","2016-Q4","TP.FINHESTNKS71015.ZP45","31277037.7267"
"NPISH","2017-Q1","TP.FINHESTNKS71015.ZP1","1069988.9403"
"NPISH","2017-Q1","TP.FINHESTNKS71015.ZP2","0"
"NPISH","2017-Q1","TP.FINHESTNKS71015.ZP3","0"
"NPISH","2017-Q1","TP.FINHESTNKS71015.ZP4","0"
"NPISH","2017-Q1","TP.FINHESTNKS71015.ZP5","20055558.9573"
"NPISH","2017-Q1","TP.FINHESTNKS71015.ZP6","253097.4755"
"NPISH","2017-Q1","TP.FINHESTNKS71015.ZP7","2811241"
"NPISH","2017-Q1","TP.FINHESTNKS71015.ZP8","16991220.4818"
"NPISH","2017-Q1","TP.FINHESTNKS71015.ZP9","1438078.5344"
"NPISH","2017-Q1","TP.FINHESTNKS71015.ZP10","516621.1541"
"NPISH","2017-Q1","TP.FINHESTNKS71015.ZP11","921457.3803"
"NPISH","2017-Q1","TP.FINHESTNKS71015.ZP12","2142.0004"
"NPISH","2017-Q1","TP.FINHESTNKS71015.ZP13","2142.0004"
"NPISH","2017-Q1","TP.FINHESTNKS71015.ZP14","0"
"NPISH","2017-Q1","TP.FINHESTNKS71015.ZP15","10328217.109"
"NPISH","2017-Q1","TP.FINHESTNKS71015.ZP16","10328217.109"
"NPISH","2017-Q1","TP.FINHESTNKS71015.ZP17","0"
"NPISH","2017-Q1","TP.FINHESTNKS71015.ZP18","0"
"NPISH","2017-Q1","TP.FINHESTNKS71015.ZP19","0"
"NPISH","2017-Q1","TP.FINHESTNKS71015.ZP20","0"
"NPISH","2017-Q1","TP.FINHESTNKS71015.ZP21","0"
"NPISH","2017-Q1","TP.FINHESTNKS71015.ZP22","1542198"
"NPISH","2017-Q1","TP.FINHESTNKS71015.ZP23","33366194.6011"
"NPISH","2017-Q1","TP.FINHESTNKS71015.ZP24","0"
"NPISH","2017-Q1","TP.FINHESTNKS71015.ZP26","0"
"NPISH","2017-Q1","TP.FINHESTNKS71015.ZP27","0"
"NPISH","2017-Q1","TP.FINHESTNKS71015.ZP28","0"
"NPISH","2017-Q1","TP.FINHESTNKS71015.ZP29","0"
"NPISH","2017-Q1","TP.FINHESTNKS71015.ZP30","0"
"NPISH","2017-Q1","TP.FINHESTNKS71015.ZP31","0"
"NPISH","2017-Q1","TP.FINHESTNKS71015.ZP32","0"
"NPISH","2017-Q1","TP.FINHESTNKS71015.ZP33","0"
"NPISH","2017-Q1","TP.FINHESTNKS71015.ZP34","603303"
"NPISH","2017-Q1","TP.FINHESTNKS71015.ZP35","187346.5866"
"NPISH","2017-Q1","TP.FINHESTNKS71015.ZP36","415956.4134"
"NPISH","2017-Q1","TP.FINHESTNKS71015.ZP37","31692902.6608"
"NPISH","2017-Q1","TP.FINHESTNKS71015.ZP38","31692902.6608"
"NPISH","2017-Q1","TP.FINHESTNKS71015.ZP39","0"
"NPISH","2017-Q1","TP.FINHESTNKS71015.ZP40","0"
"NPISH","2017-Q1","TP.FINHESTNKS71015.ZP41","0"
"NPISH","2017-Q1","TP.FINHESTNKS71015.ZP42","0"
"NPISH","2017-Q1","TP.FINHESTNKS71015.ZP43","0"
"NPISH","2017-Q1","TP.FINHESTNKS71015.ZP44","0"
"NPISH","2017-Q1","TP.FINHESTNKS71015.ZP45","32296205.6608"
"NPISH","2017-Q2","TP.FINHESTNKS71015.ZP1","1259976.4262"
"NPISH","2017-Q2","TP.FINHESTNKS71015.ZP2","0"
"NPISH","2017-Q2","TP.FINHESTNKS71015.ZP3","0"
"NPISH","2017-Q2","TP.FINHESTNKS71015.ZP4","0"
"NPISH","2017-Q2","TP.FINHESTNKS71015.ZP5","20220833.2077"
"NPISH","2017-Q2","TP.FINHESTNKS71015.ZP6","262864.5361"
"NPISH","2017-Q2","TP.FINHESTNKS71015.ZP7","2816233"
"NPISH","2017-Q2","TP.FINHESTNKS71015.ZP8","17141735.6716"
"NPISH","2017-Q2","TP.FINHESTNKS71015.ZP9","1493574.1503"
"NPISH","2017-Q2","TP.FINHESTNKS71015.ZP10","514090.404"
"NPISH","2017-Q2","TP.FINHESTNKS71015.ZP11","979483.7463"
"NPISH","2017-Q2","TP.FINHESTNKS71015.ZP12","47475.0285"
"NPISH","2017-Q2","TP.FINHESTNKS71015.ZP13","47475.0285"
"NPISH","2017-Q2","TP.FINHESTNKS71015.ZP14","0"
"NPISH","2017-Q2","TP.FINHESTNKS71015.ZP15","11438018.4549"
"NPISH","2017-Q2","TP.FINHESTNKS71015.ZP16","11438018.4549"
"NPISH","2017-Q2","TP.FINHESTNKS71015.ZP17","0"
"NPISH","2017-Q2","TP.FINHESTNKS71015.ZP18","0"
"NPISH","2017-Q2","TP.FINHESTNKS71015.ZP19","0"
"NPISH","2017-Q2","TP.FINHESTNKS71015.ZP20","0"
"NPISH","2017-Q2","TP.FINHESTNKS71015.ZP21","0"
"NPISH","2017-Q2","TP.FINHESTNKS71015.ZP22","1691959"
"NPISH","2017-Q2","TP.FINHESTNKS71015.ZP23","34891859.8413"
"NPISH","2017-Q2","TP.FINHESTNKS71015.ZP24","0"
"NPISH","2017-Q2","TP.FINHESTNKS71015.ZP26","0"
"NPISH","2017-Q2","TP.FINHESTNKS71015.ZP27","0"
"NPISH","2017-Q2","TP.FINHESTNKS71015.ZP28","0"
"NPISH","2017-Q2","TP.FINHESTNKS71015.ZP29","0"
"NPISH","2017-Q2","TP.FINHESTNKS71015.ZP30","0"
"NPISH","2017-Q2","TP.FINHESTNKS71015.ZP31","0"
"NPISH","2017-Q2","TP.FINHESTNKS71015.ZP32","0"
"NPISH","2017-Q2","TP.FINHESTNKS71015.ZP33","0"
"NPISH","2017-Q2","TP.FINHESTNKS71015.ZP34","715940"
"NPISH","2017-Q2","TP.FINHESTNKS71015.ZP35","194707.3791"
"NPISH","2017-Q2","TP.FINHESTNKS71015.ZP36","521232.6209"
"NPISH","2017-Q2","TP.FINHESTNKS71015.ZP37","32915935.4151"
"NPISH","2017-Q2","TP.FINHESTNKS71015.ZP38","32915935.4151"
"NPISH","2017-Q2","TP.FINHESTNKS71015.ZP39","0"
"NPISH","2017-Q2","TP.FINHESTNKS71015.ZP40","0"
"NPISH","2017-Q2","TP.FINHESTNKS71015.ZP41","0"
"NPISH","2017-Q2","TP.FINHESTNKS71015.ZP42","0"
"NPISH","2017-Q2","TP.FINHESTNKS71015.ZP43","0"
"NPISH","2017-Q2","TP.FINHESTNKS71015.ZP44","8"
"NPISH","2017-Q2","TP.FINHESTNKS71015.ZP45","33631883.4151"
"NPISH","2017-Q3","TP.FINHESTNKS71015.ZP1","257752.033"
"NPISH","2017-Q3","TP.FINHESTNKS71015.ZP2","0"
"NPISH","2017-Q3","TP.FINHESTNKS71015.ZP3","0"
"NPISH","2017-Q3","TP.FINHESTNKS71015.ZP4","0"
"NPISH","2017-Q3","TP.FINHESTNKS71015.ZP5","21867807.6762"
"NPISH","2017-Q3","TP.FINHESTNKS71015.ZP6","278670.2028"
"NPISH","2017-Q3","TP.FINHESTNKS71015.ZP7","3022821"
"NPISH","2017-Q3","TP.FINHESTNKS71015.ZP8","18566316.4734"
"NPISH","2017-Q3","TP.FINHESTNKS71015.ZP9","1583380.6168"
"NPISH","2017-Q3","TP.FINHESTNKS71015.ZP10","652041.3742"
"NPISH","2017-Q3","TP.FINHESTNKS71015.ZP11","931339.2425"
"NPISH","2017-Q3","TP.FINHESTNKS71015.ZP12","3535.357"
"NPISH","2017-Q3","TP.FINHESTNKS71015.ZP13","3535.357"
"NPISH","2017-Q3","TP.FINHESTNKS71015.ZP14","0"
"NPISH","2017-Q3","TP.FINHESTNKS71015.ZP15","10576295.6749"
"NPISH","2017-Q3","TP.FINHESTNKS71015.ZP16","10576295.6749"
"NPISH","2017-Q3","TP.FINHESTNKS71015.ZP17","0"
"NPISH","2017-Q3","TP.FINHESTNKS71015.ZP18","0"
"NPISH","2017-Q3","TP.FINHESTNKS71015.ZP19","0"
"NPISH","2017-Q3","TP.FINHESTNKS71015.ZP20","0"
"NPISH","2017-Q3","TP.FINHESTNKS71015.ZP21","0"
"NPISH","2017-Q3","TP.FINHESTNKS71015.ZP22","1828795"
"NPISH","2017-Q3","TP.FINHESTNKS71015.ZP23","35859814.3248"
"NPISH","2017-Q3","TP.FINHESTNKS71015.ZP24","0"
"NPISH","2017-Q3","TP.FINHESTNKS71015.ZP26","0"
"NPISH","2017-Q3","TP.FINHESTNKS71015.ZP27","0"
"NPISH","2017-Q3","TP.FINHESTNKS71015.ZP28","0"
"NPISH","2017-Q3","TP.FINHESTNKS71015.ZP29","0"
"NPISH","2017-Q3","TP.FINHESTNKS71015.ZP30","0"
"NPISH","2017-Q3","TP.FINHESTNKS71015.ZP31","0"
"NPISH","2017-Q3","TP.FINHESTNKS71015.ZP32","0"
"NPISH","2017-Q3","TP.FINHESTNKS71015.ZP33","0"
"NPISH","2017-Q3","TP.FINHESTNKS71015.ZP34","706939"
"NPISH","2017-Q3","TP.FINHESTNKS71015.ZP35","190654.8223"
"NPISH","2017-Q3","TP.FINHESTNKS71015.ZP36","516284.1777"
"NPISH","2017-Q3","TP.FINHESTNKS71015.ZP37","34895123.2918"
"NPISH","2017-Q3","TP.FINHESTNKS71015.ZP38","34895123.2918"
"NPISH","2017-Q3","TP.FINHESTNKS71015.ZP39","0"
"NPISH","2017-Q3","TP.FINHESTNKS71015.ZP40","0"
"NPISH","2017-Q3","TP.FINHESTNKS71015.ZP41","0"
"NPISH","2017-Q3","TP.FINHESTNKS71015.ZP42","0"
"NPISH","2017-Q3","TP.FINHESTNKS71015.ZP43","0"
"NPISH","2017-Q3","TP.FINHESTNKS71015.ZP44","0"
"NPISH","2017-Q3","TP.FINHESTNKS71015.ZP45","35602062.2918"
"NPISH","2017-Q4","TP.FINHESTNKS71015.ZP1","-473855.6316"
"NPISH","2017-Q4","TP.FINHESTNKS71015.ZP2","0"
"NPISH","2017-Q4","TP.FINHESTNKS71015.ZP3","0"
"NPISH","2017-Q4","TP.FINHESTNKS71015.ZP4","0"
"NPISH","2017-Q4","TP.FINHESTNKS71015.ZP5","22615444.9076"
"NPISH","2017-Q4","TP.FINHESTNKS71015.ZP6","261150.2481"
"NPISH","2017-Q4","TP.FINHESTNKS71015.ZP7","3033412"
"NPISH","2017-Q4","TP.FINHESTNKS71015.ZP8","19320882.6595"
"NPISH","2017-Q4","TP.FINHESTNKS71015.ZP9","1166636.825"
"NPISH","2017-Q4","TP.FINHESTNKS71015.ZP10","579297.601"
"NPISH","2017-Q4","TP.FINHESTNKS71015.ZP11","587339.224"
"NPISH","2017-Q4","TP.FINHESTNKS71015.ZP12","1175.2192"
"NPISH","2017-Q4","TP.FINHESTNKS71015.ZP13","1175.2192"
"NPISH","2017-Q4","TP.FINHESTNKS71015.ZP14","0"
"NPISH","2017-Q4","TP.FINHESTNKS71015.ZP15","11293697.8218"
"NPISH","2017-Q4","TP.FINHESTNKS71015.ZP16","11293697.8218"
"NPISH","2017-Q4","TP.FINHESTNKS71015.ZP17","0"
"NPISH","2017-Q4","TP.FINHESTNKS71015.ZP18","0"
"NPISH","2017-Q4","TP.FINHESTNKS71015.ZP19","0"
"NPISH","2017-Q4","TP.FINHESTNKS71015.ZP20","0"
"NPISH","2017-Q4","TP.FINHESTNKS71015.ZP21","0"
"NPISH","2017-Q4","TP.FINHESTNKS71015.ZP22","1872579"
"NPISH","2017-Q4","TP.FINHESTNKS71015.ZP23","36949533.7736"
"NPISH","2017-Q4","TP.FINHESTNKS71015.ZP24","0"
"NPISH","2017-Q4","TP.FINHESTNKS71015.ZP26","0"
"NPISH","2017-Q4","TP.FINHESTNKS71015.ZP27","0"
"NPISH","2017-Q4","TP.FINHESTNKS71015.ZP28","0"
"NPISH","2017-Q4","TP.FINHESTNKS71015.ZP29","0"
"NPISH","2017-Q4","TP.FINHESTNKS71015.ZP30","0"
"NPISH","2017-Q4","TP.FINHESTNKS71015.ZP31","0"
"NPISH","2017-Q4","TP.FINHESTNKS71015.ZP32","0"
"NPISH","2017-Q4","TP.FINHESTNKS71015.ZP33","0"
"NPISH","2017-Q4","TP.FINHESTNKS71015.ZP34","747943"
"NPISH","2017-Q4","TP.FINHESTNKS71015.ZP35","206534.415"
"NPISH","2017-Q4","TP.FINHESTNKS71015.ZP36","541408.585"
"NPISH","2017-Q4","TP.FINHESTNKS71015.ZP37","36675446.4052"
"NPISH","2017-Q4","TP.FINHESTNKS71015.ZP38","36675446.4052"
"NPISH","2017-Q4","TP.FINHESTNKS71015.ZP39","0"
"NPISH","2017-Q4","TP.FINHESTNKS71015.ZP40","0"
"NPISH","2017-Q4","TP.FINHESTNKS71015.ZP41","0"
"NPISH","2017-Q4","TP.FINHESTNKS71015.ZP42","0"
"NPISH","2017-Q4","TP.FINHESTNKS71015.ZP43","0"
"NPISH","2017-Q4","TP.FINHESTNKS71015.ZP44","0"
"NPISH","2017-Q4","TP.FINHESTNKS71015.ZP45","37423389.4052"
"NPISH","2018-Q1","TP.FINHESTNKS71015.ZP1","-1672812.5115"
"NPISH","2018-Q1","TP.FINHESTNKS71015.ZP2","0"
"NPISH","2018-Q1","TP.FINHESTNKS71015.ZP3","0"
"NPISH","2018-Q1","TP.FINHESTNKS71015.ZP4","0"
"NPISH","2018-Q1","TP.FINHESTNKS71015.ZP5","22811843.8454"
"NPISH","2018-Q1","TP.FINHESTNKS71015.ZP6","273024.2132"
"NPISH","2018-Q1","TP.FINHESTNKS71015.ZP7","3156722"
"NPISH","2018-Q1","TP.FINHESTNKS71015.ZP8","19382097.6322"
"NPISH","2018-Q1","TP.FINHESTNKS71015.ZP9","1219681.4039"
"NPISH","2018-Q1","TP.FINHESTNKS71015.ZP10","644961.0204"
"NPISH","2018-Q1","TP.FINHESTNKS71015.ZP11","574720.3834"
"NPISH","2018-Q1","TP.FINHESTNKS71015.ZP12","1034.7404"
"NPISH","2018-Q1","TP.FINHESTNKS71015.ZP13","1034.7404"
"NPISH","2018-Q1","TP.FINHESTNKS71015.ZP14","0"
"NPISH","2018-Q1","TP.FINHESTNKS71015.ZP15","11347032.0792"
"NPISH","2018-Q1","TP.FINHESTNKS71015.ZP16","11347032.0792"
"NPISH","2018-Q1","TP.FINHESTNKS71015.ZP17","0"
"NPISH","2018-Q1","TP.FINHESTNKS71015.ZP18","0"
"NPISH","2018-Q1","TP.FINHESTNKS71015.ZP19","0"
"NPISH","2018-Q1","TP.FINHESTNKS71015.ZP20","0"
"NPISH","2018-Q1","TP.FINHESTNKS71015.ZP21","0"
"NPISH","2018-Q1","TP.FINHESTNKS71015.ZP22","2075919"
"NPISH","2018-Q1","TP.FINHESTNKS71015.ZP23","37455511.0688"
"NPISH","2018-Q1","TP.FINHESTNKS71015.ZP24","0"
"NPISH","2018-Q1","TP.FINHESTNKS71015.ZP26","0"
"NPISH","2018-Q1","TP.FINHESTNKS71015.ZP27","0"
"NPISH","2018-Q1","TP.FINHESTNKS71015.ZP28","0"
"NPISH","2018-Q1","TP.FINHESTNKS71015.ZP29","0"
"NPISH","2018-Q1","TP.FINHESTNKS71015.ZP30","0"
"NPISH","2018-Q1","TP.FINHESTNKS71015.ZP31","0"
"NPISH","2018-Q1","TP.FINHESTNKS71015.ZP32","0"
"NPISH","2018-Q1","TP.FINHESTNKS71015.ZP33","0"
"NPISH","2018-Q1","TP.FINHESTNKS71015.ZP34","785320"
"NPISH","2018-Q1","TP.FINHESTNKS71015.ZP35","172920.2023"
"NPISH","2018-Q1","TP.FINHESTNKS71015.ZP36","612399.7977"
"NPISH","2018-Q1","TP.FINHESTNKS71015.ZP37","38343003.5804"
"NPISH","2018-Q1","TP.FINHESTNKS71015.ZP38","38343003.5804"
"NPISH","2018-Q1","TP.FINHESTNKS71015.ZP39","0"
"NPISH","2018-Q1","TP.FINHESTNKS71015.ZP40","0"
"NPISH","2018-Q1","TP.FINHESTNKS71015.ZP41","0"
"NPISH","2018-Q1","TP.FINHESTNKS71015.ZP42","0"
"NPISH","2018-Q1","TP.FINHESTNKS71015.ZP43","0"
"NPISH","2018-Q1","TP.FINHESTNKS71015.ZP44","0"
"NPISH","2018-Q1","TP.FINHESTNKS71015.ZP45","39128323.5804"
"NPISH","2018-Q2","TP.FINHESTNKS71015.ZP1","-2889580.1"
"NPISH","2018-Q2","TP.FINHESTNKS71015.ZP2","0"
"NPISH","2018-Q2","TP.FINHESTNKS71015.ZP3","0"
"NPISH","2018-Q2","TP.FINHESTNKS71015.ZP4","0"
"NPISH","2018-Q2","TP.FINHESTNKS71015.ZP5","25095414.159"
"NPISH","2018-Q2","TP.FINHESTNKS71015.ZP6","286227.2758"
"NPISH","2018-Q2","TP.FINHESTNKS71015.ZP7","3420959"
"NPISH","2018-Q2","TP.FINHESTNKS71015.ZP8","21388227.8832"
"NPISH","2018-Q2","TP.FINHESTNKS71015.ZP9","1278663.4617"
"NPISH","2018-Q2","TP.FINHESTNKS71015.ZP10","691915.5838"
"NPISH","2018-Q2","TP.FINHESTNKS71015.ZP11","586747.8779"
"NPISH","2018-Q2","TP.FINHESTNKS71015.ZP12","2786.5806"
"NPISH","2018-Q2","TP.FINHESTNKS71015.ZP13","2786.5806"
"NPISH","2018-Q2","TP.FINHESTNKS71015.ZP14","0"
"NPISH","2018-Q2","TP.FINHESTNKS71015.ZP15","9476823.3941"
"NPISH","2018-Q2","TP.FINHESTNKS71015.ZP16","9476823.3941"
"NPISH","2018-Q2","TP.FINHESTNKS71015.ZP17","0"
"NPISH","2018-Q2","TP.FINHESTNKS71015.ZP18","0"
"NPISH","2018-Q2","TP.FINHESTNKS71015.ZP19","0"
"NPISH","2018-Q2","TP.FINHESTNKS71015.ZP20","0"
"NPISH","2018-Q2","TP.FINHESTNKS71015.ZP21","0"
"NPISH","2018-Q2","TP.FINHESTNKS71015.ZP22","2197721"
"NPISH","2018-Q2","TP.FINHESTNKS71015.ZP23","38051408.5954"
"NPISH","2018-Q2","TP.FINHESTNKS71015.ZP24","0"
"NPISH","2018-Q2","TP.FINHESTNKS71015.ZP26","0"
"NPISH","2018-Q2","TP.FINHESTNKS71015.ZP27","0"
"NPISH","2018-Q2","TP.FINHESTNKS71015.ZP28","0"
"NPISH","2018-Q2","TP.FINHESTNKS71015.ZP29","0"
"NPISH","2018-Q2","TP.FINHESTNKS71015.ZP30","0"
"NPISH","2018-Q2","TP.FINHESTNKS71015.ZP31","0"
"NPISH","2018-Q2","TP.FINHESTNKS71015.ZP32","0"
"NPISH","2018-Q2","TP.FINHESTNKS71015.ZP33","0"
"NPISH","2018-Q2","TP.FINHESTNKS71015.ZP34","743772"
"NPISH","2018-Q2","TP.FINHESTNKS71015.ZP35","126562.4362"
"NPISH","2018-Q2","TP.FINHESTNKS71015.ZP36","617209.5638"
"NPISH","2018-Q2","TP.FINHESTNKS71015.ZP37","40197216.6954"
"NPISH","2018-Q2","TP.FINHESTNKS71015.ZP38","40197216.6954"
"NPISH","2018-Q2","TP.FINHESTNKS71015.ZP39","0"
"NPISH","2018-Q2","TP.FINHESTNKS71015.ZP40","0"
"NPISH","2018-Q2","TP.FINHESTNKS71015.ZP41","0"
"NPISH","2018-Q2","TP.FINHESTNKS71015.ZP42","0"
"NPISH","2018-Q2","TP.FINHESTNKS71015.ZP43","0"
"NPISH","2018-Q2","TP.FINHESTNKS71015.ZP44","0"
"NPISH","2018-Q2","TP.FINHESTNKS71015.ZP45","40940988.6954"
"NPISH","2018-Q3","TP.FINHESTNKS71015.ZP1","-3377819.5121"
"NPISH","2018-Q3","TP.FINHESTNKS71015.ZP2","0"
"NPISH","2018-Q3","TP.FINHESTNKS71015.ZP3","0"
"NPISH","2018-Q3","TP.FINHESTNKS71015.ZP4","0"
"NPISH","2018-Q3","TP.FINHESTNKS71015.ZP5","27861520.0506"
"NPISH","2018-Q3","TP.FINHESTNKS71015.ZP6","302697.2002"
"NPISH","2018-Q3","TP.FINHESTNKS71015.ZP7","3580924"
"NPISH","2018-Q3","TP.FINHESTNKS71015.ZP8","23977898.8504"
"NPISH","2018-Q3","TP.FINHESTNKS71015.ZP9","1352239.5755"
"NPISH","2018-Q3","TP.FINHESTNKS71015.ZP10","542732.0678"
"NPISH","2018-Q3","TP.FINHESTNKS71015.ZP11","809507.5076"
"NPISH","2018-Q3","TP.FINHESTNKS71015.ZP12","9542.6275"
"NPISH","2018-Q3","TP.FINHESTNKS71015.ZP13","9542.6275"
"NPISH","2018-Q3","TP.FINHESTNKS71015.ZP14","0"
"NPISH","2018-Q3","TP.FINHESTNKS71015.ZP15","8209275.9367"
"NPISH","2018-Q3","TP.FINHESTNKS71015.ZP16","8209275.9367"
"NPISH","2018-Q3","TP.FINHESTNKS71015.ZP17","0"
"NPISH","2018-Q3","TP.FINHESTNKS71015.ZP18","0"
"NPISH","2018-Q3","TP.FINHESTNKS71015.ZP19","0"
"NPISH","2018-Q3","TP.FINHESTNKS71015.ZP20","0"
"NPISH","2018-Q3","TP.FINHESTNKS71015.ZP21","0"
"NPISH","2018-Q3","TP.FINHESTNKS71015.ZP22","2452135"
"NPISH","2018-Q3","TP.FINHESTNKS71015.ZP23","39884713.1902"
"NPISH","2018-Q3","TP.FINHESTNKS71015.ZP24","0"
"NPISH","2018-Q3","TP.FINHESTNKS71015.ZP26","0"
"NPISH","2018-Q3","TP.FINHESTNKS71015.ZP27","0"
"NPISH","2018-Q3","TP.FINHESTNKS71015.ZP28","0"
"NPISH","2018-Q3","TP.FINHESTNKS71015.ZP29","0"
"NPISH","2018-Q3","TP.FINHESTNKS71015.ZP30","0"
"NPISH","2018-Q3","TP.FINHESTNKS71015.ZP31","0"
"NPISH","2018-Q3","TP.FINHESTNKS71015.ZP32","0"
"NPISH","2018-Q3","TP.FINHESTNKS71015.ZP33","0"
"NPISH","2018-Q3","TP.FINHESTNKS71015.ZP34","752311"
"NPISH","2018-Q3","TP.FINHESTNKS71015.ZP35","164134.3434"
"NPISH","2018-Q3","TP.FINHESTNKS71015.ZP36","588176.6566"
"NPISH","2018-Q3","TP.FINHESTNKS71015.ZP37","42510221.7024"
"NPISH","2018-Q3","TP.FINHESTNKS71015.ZP38","42510221.7024"
"NPISH","2018-Q3","TP.FINHESTNKS71015.ZP39","0"
"NPISH","2018-Q3","TP.FINHESTNKS71015.ZP40","0"
"NPISH","2018-Q3","TP.FINHESTNKS71015.ZP41","0"
"NPISH","2018-Q3","TP.FINHESTNKS71015.ZP42","0"
"NPISH","2018-Q3","TP.FINHESTNKS71015.ZP43","0"
"NPISH","2018-Q3","TP.FINHESTNKS71015.ZP44","0"
"NPISH","2018-Q3","TP.FINHESTNKS71015.ZP45","43262532.7024"
"NPISH","2018-Q4","TP.FINHESTNKS71015.ZP1","-3303968.1751"
"NPISH","2018-Q4","TP.FINHESTNKS71015.ZP2","0"
"NPISH","2018-Q4","TP.FINHESTNKS71015.ZP3","0"
"NPISH","2018-Q4","TP.FINHESTNKS71015.ZP4","0"
"NPISH","2018-Q4","TP.FINHESTNKS71015.ZP5","25788328.3524"
"NPISH","2018-Q4","TP.FINHESTNKS71015.ZP6","293021.1073"
"NPISH","2018-Q4","TP.FINHESTNKS71015.ZP7","3300186"
"NPISH","2018-Q4","TP.FINHESTNKS71015.ZP8","22195121.2451"
"NPISH","2018-Q4","TP.FINHESTNKS71015.ZP9","1626956.6536"
"NPISH","2018-Q4","TP.FINHESTNKS71015.ZP10","658361.8001"
"NPISH","2018-Q4","TP.FINHESTNKS71015.ZP11","968594.8535"
"NPISH","2018-Q4","TP.FINHESTNKS71015.ZP12","49039.8567"
"NPISH","2018-Q4","TP.FINHESTNKS71015.ZP13","49039.8567"
"NPISH","2018-Q4","TP.FINHESTNKS71015.ZP14","0"
"NPISH","2018-Q4","TP.FINHESTNKS71015.ZP15","8493661.6457"
"NPISH","2018-Q4","TP.FINHESTNKS71015.ZP16","8493661.6457"
"NPISH","2018-Q4","TP.FINHESTNKS71015.ZP17","0"
"NPISH","2018-Q4","TP.FINHESTNKS71015.ZP18","0"
"NPISH","2018-Q4","TP.FINHESTNKS71015.ZP19","0"
"NPISH","2018-Q4","TP.FINHESTNKS71015.ZP20","0"
"NPISH","2018-Q4","TP.FINHESTNKS71015.ZP21","0"
"NPISH","2018-Q4","TP.FINHESTNKS71015.ZP22","2418622"
"NPISH","2018-Q4","TP.FINHESTNKS71015.ZP23","38376608.5084"
"NPISH","2018-Q4","TP.FINHESTNKS71015.ZP24","0"
"NPISH","2018-Q4","TP.FINHESTNKS71015.ZP26","0"
"NPISH","2018-Q4","TP.FINHESTNKS71015.ZP27","0"
"NPISH","2018-Q4","TP.FINHESTNKS71015.ZP28","0"
"NPISH","2018-Q4","TP.FINHESTNKS71015.ZP29","0"
"NPISH","2018-Q4","TP.FINHESTNKS71015.ZP30","0"
"NPISH","2018-Q4","TP.FINHESTNKS71015.ZP31","0"
"NPISH","2018-Q4","TP.FINHESTNKS71015.ZP32","0"
"NPISH","2018-Q4","TP.FINHESTNKS71015.ZP33","0"
"NPISH","2018-Q4","TP.FINHESTNKS71015.ZP34","687405"
"NPISH","2018-Q4","TP.FINHESTNKS71015.ZP35","189048.5972"
"NPISH","2018-Q4","TP.FINHESTNKS71015.ZP36","498356.4028"
"NPISH","2018-Q4","TP.FINHESTNKS71015.ZP37","40993167.6835"
"NPISH","2018-Q4","TP.FINHESTNKS71015.ZP38","40993167.6835"
"NPISH","2018-Q4","TP.FINHESTNKS71015.ZP39","0"
"NPISH","2018-Q4","TP.FINHESTNKS71015.ZP40","0"
"NPISH","2018-Q4","TP.FINHESTNKS71015.ZP41","0"
"NPISH","2018-Q4","TP.FINHESTNKS71015.ZP42","0"
"NPISH","2018-Q4","TP.FINHESTNKS71015.ZP43","0"
"NPISH","2018-Q4","TP.FINHESTNKS71015.ZP44","4"
"NPISH","2018-Q4","TP.FINHESTNKS71015.ZP45","41680576.6835"
"NPISH","2019-Q1","TP.FINHESTNKS71015.ZP1","-4887071.0445"
"NPISH","2019-Q1","TP.FINHESTNKS71015.ZP2","0"
"NPISH","2019-Q1","TP.FINHESTNKS71015.ZP3","0"
"NPISH","2019-Q1","TP.FINHESTNKS71015.ZP4","0"
"NPISH","2019-Q1","TP.FINHESTNKS71015.ZP5","25089628.4132"
"NPISH","2019-Q1","TP.FINHESTNKS71015.ZP6","303081.3744"
"NPISH","2019-Q1","TP.FINHESTNKS71015.ZP7","3439822"
"NPISH","2019-Q1","TP.FINHESTNKS71015.ZP8","21346725.0387"
"NPISH","2019-Q1","TP.FINHESTNKS71015.ZP9","1682814.8091"
"NPISH","2019-Q1","TP.FINHESTNKS71015.ZP10","918409.2436"
"NPISH","2019-Q1","TP.FINHESTNKS71015.ZP11","764405.5655"
"NPISH","2019-Q1","TP.FINHESTNKS71015.ZP12","79280.8873"
"NPISH","2019-Q1","TP.FINHESTNKS71015.ZP13","79280.8873"
"NPISH","2019-Q1","TP.FINHESTNKS71015.ZP14","0"
"NPISH","2019-Q1","TP.FINHESTNKS71015.ZP15","8551372.2448"
"NPISH","2019-Q1","TP.FINHESTNKS71015.ZP16","8551372.2448"
"NPISH","2019-Q1","TP.FINHESTNKS71015.ZP17","0"
"NPISH","2019-Q1","TP.FINHESTNKS71015.ZP18","0"
"NPISH","2019-Q1","TP.FINHESTNKS71015.ZP19","0"
"NPISH","2019-Q1","TP.FINHESTNKS71015.ZP20","0"
"NPISH","2019-Q1","TP.FINHESTNKS71015.ZP21","0"
"NPISH","2019-Q1","TP.FINHESTNKS71015.ZP22","2762219"
"NPISH","2019-Q1","TP.FINHESTNKS71015.ZP23","38165315.3543"
"NPISH","2019-Q1","TP.FINHESTNKS71015.ZP24","0"
"NPISH","2019-Q1","TP.FINHESTNKS71015.ZP26","0"
"NPISH","2019-Q1","TP.FINHESTNKS71015.ZP27","0"
"NPISH","2019-Q1","TP.FINHESTNKS71015.ZP28","0"
"NPISH","2019-Q1","TP.FINHESTNKS71015.ZP29","0"
"NPISH","2019-Q1","TP.FINHESTNKS71015.ZP30","0"
"NPISH","2019-Q1","TP.FINHESTNKS71015.ZP31","0"
"NPISH","2019-Q1","TP.FINHESTNKS71015.ZP32","0"
"NPISH","2019-Q1","TP.FINHESTNKS71015.ZP33","0"
"NPISH","2019-Q1","TP.FINHESTNKS71015.ZP34","651804"
"NPISH","2019-Q1","TP.FINHESTNKS71015.ZP35","161640.3829"
"NPISH","2019-Q1","TP.FINHESTNKS71015.ZP36","490163.6171"
"NPISH","2019-Q1","TP.FINHESTNKS71015.ZP37","42400582.3988"
"NPISH","2019-Q1","TP.FINHESTNKS71015.ZP38","42400582.3988"
"NPISH","2019-Q1","TP.FINHESTNKS71015.ZP39","0"
"NPISH","2019-Q1","TP.FINHESTNKS71015.ZP40","0"
"NPISH","2019-Q1","TP.FINHESTNKS71015.ZP41","0"
"NPISH","2019-Q1","TP.FINHESTNKS71015.ZP42","0"
"NPISH","2019-Q1","TP.FINHESTNKS71015.ZP43","0"
"NPISH","2019-Q1","TP.FINHESTNKS71015.ZP44","0"
"NPISH","2019-Q1","TP.FINHESTNKS71015.ZP45","43052386.3988"
"NPISH","2019-Q2","TP.FINHESTNKS71015.ZP1","-5499937.306"
"NPISH","2019-Q2","TP.FINHESTNKS71015.ZP2","0"
"NPISH","2019-Q2","TP.FINHESTNKS71015.ZP3","0"
"NPISH","2019-Q2","TP.FINHESTNKS71015.ZP4","0"
"NPISH","2019-Q2","TP.FINHESTNKS71015.ZP5","26975946.5313"
"NPISH","2019-Q2","TP.FINHESTNKS71015.ZP6","313357.8194"
"NPISH","2019-Q2","TP.FINHESTNKS71015.ZP7","3897248"
"NPISH","2019-Q2","TP.FINHESTNKS71015.ZP8","22765340.7119"
"NPISH","2019-Q2","TP.FINHESTNKS71015.ZP9","1739873.2603"
"NPISH","2019-Q2","TP.FINHESTNKS71015.ZP10","1017484.6689"
"NPISH","2019-Q2","TP.FINHESTNKS71015.ZP11","722388.5914"
"NPISH","2019-Q2","TP.FINHESTNKS71015.ZP12","28923.1134"
"NPISH","2019-Q2","TP.FINHESTNKS71015.ZP13","28923.1134"
"NPISH","2019-Q2","TP.FINHESTNKS71015.ZP14","0"
"NPISH","2019-Q2","TP.FINHESTNKS71015.ZP15","10268201.5236"
"NPISH","2019-Q2","TP.FINHESTNKS71015.ZP16","10268201.5236"
"NPISH","2019-Q2","TP.FINHESTNKS71015.ZP17","0"
"NPISH","2019-Q2","TP.FINHESTNKS71015.ZP18","0"
"NPISH","2019-Q2","TP.FINHESTNKS71015.ZP19","0"
"NPISH","2019-Q2","TP.FINHESTNKS71015.ZP20","0"
"NPISH","2019-Q2","TP.FINHESTNKS71015.ZP21","0"
"NPISH","2019-Q2","TP.FINHESTNKS71015.ZP22","201463"
"NPISH","2019-Q2","TP.FINHESTNKS71015.ZP23","39214407.4286"
"NPISH","2019-Q2","TP.FINHESTNKS71015.ZP24","0"
"NPISH","2019-Q2","TP.FINHESTNKS71015.ZP26","0"
"NPISH","2019-Q2","TP.FINHESTNKS71015.ZP27","0"
"NPISH","2019-Q2","TP.FINHESTNKS71015.ZP28","0"
"NPISH","2019-Q2","TP.FINHESTNKS71015.ZP29","0"
"NPISH","2019-Q2","TP.FINHESTNKS71015.ZP30","0"
"NPISH","2019-Q2","TP.FINHESTNKS71015.ZP31","0"
"NPISH","2019-Q2","TP.FINHESTNKS71015.ZP32","0"
"NPISH","2019-Q2","TP.FINHESTNKS71015.ZP33","0"
"NPISH","2019-Q2","TP.FINHESTNKS71015.ZP34","876104.6989"
"NPISH","2019-Q2","TP.FINHESTNKS71015.ZP35","365837.1437"
"NPISH","2019-Q2","TP.FINHESTNKS71015.ZP36","510267.5552"
"NPISH","2019-Q2","TP.FINHESTNKS71015.ZP37","43838240.0357"
"NPISH","2019-Q2","TP.FINHESTNKS71015.ZP38","43838240.0357"
"NPISH","2019-Q2","TP.FINHESTNKS71015.ZP39","0"
"NPISH","2019-Q2","TP.FINHESTNKS71015.ZP40","0"
"NPISH","2019-Q2","TP.FINHESTNKS71015.ZP41","0"
"NPISH","2019-Q2","TP.FINHESTNKS71015.ZP42","0"
"NPISH","2019-Q2","TP.FINHESTNKS71015.ZP43","0"
"NPISH","2019-Q2","TP.FINHESTNKS71015.ZP44","0"
"NPISH","2019-Q2","TP.FINHESTNKS71015.ZP45","44714344.7347"
"NPISH","2019-Q3","TP.FINHESTNKS71015.ZP1","-3257870.8978"
"NPISH","2019-Q3","TP.FINHESTNKS71015.ZP2","0"
"NPISH","2019-Q3","TP.FINHESTNKS71015.ZP3","0"
"NPISH","2019-Q3","TP.FINHESTNKS71015.ZP4","0"
"NPISH","2019-Q3","TP.FINHESTNKS71015.ZP5","30376421.5178"
"NPISH","2019-Q3","TP.FINHESTNKS71015.ZP6","322746.3727"
"NPISH","2019-Q3","TP.FINHESTNKS71015.ZP7","3940357"
"NPISH","2019-Q3","TP.FINHESTNKS71015.ZP8","26113318.1451"
"NPISH","2019-Q3","TP.FINHESTNKS71015.ZP9","1792001.8234"
"NPISH","2019-Q3","TP.FINHESTNKS71015.ZP10","911921.597"
"NPISH","2019-Q3","TP.FINHESTNKS71015.ZP11","880080.2264"
"NPISH","2019-Q3","TP.FINHESTNKS71015.ZP12","25076.0932"
"NPISH","2019-Q3","TP.FINHESTNKS71015.ZP13","25076.0932"
"NPISH","2019-Q3","TP.FINHESTNKS71015.ZP14","0"
"NPISH","2019-Q3","TP.FINHESTNKS71015.ZP15","10252963.6067"
"NPISH","2019-Q3","TP.FINHESTNKS71015.ZP16","10252963.6067"
"NPISH","2019-Q3","TP.FINHESTNKS71015.ZP17","0"
"NPISH","2019-Q3","TP.FINHESTNKS71015.ZP18","0"
"NPISH","2019-Q3","TP.FINHESTNKS71015.ZP19","0"
"NPISH","2019-Q3","TP.FINHESTNKS71015.ZP20","0"
"NPISH","2019-Q3","TP.FINHESTNKS71015.ZP21","0"
"NPISH","2019-Q3","TP.FINHESTNKS71015.ZP22","361657"
"NPISH","2019-Q3","TP.FINHESTNKS71015.ZP23","42808120.0412"
"NPISH","2019-Q3","TP.FINHESTNKS71015.ZP24","0"
"NPISH","2019-Q3","TP.FINHESTNKS71015.ZP26","0"
"NPISH","2019-Q3","TP.FINHESTNKS71015.ZP27","0"
"NPISH","2019-Q3","TP.FINHESTNKS71015.ZP28","0"
"NPISH","2019-Q3","TP.FINHESTNKS71015.ZP29","0"
"NPISH","2019-Q3","TP.FINHESTNKS71015.ZP30","0"
"NPISH","2019-Q3","TP.FINHESTNKS71015.ZP31","0"
"NPISH","2019-Q3","TP.FINHESTNKS71015.ZP32","0"
"NPISH","2019-Q3","TP.FINHESTNKS71015.ZP33","0"
"NPISH","2019-Q3","TP.FINHESTNKS71015.ZP34","914307.8414"
"NPISH","2019-Q3","TP.FINHESTNKS71015.ZP35","364471.0749"
"NPISH","2019-Q3","TP.FINHESTNKS71015.ZP36","549836.7665"
"NPISH","2019-Q3","TP.FINHESTNKS71015.ZP37","45151683.0975"
"NPISH","2019-Q3","TP.FINHESTNKS71015.ZP38","45151683.0975"
"NPISH","2019-Q3","TP.FINHESTNKS71015.ZP39","0"
"NPISH","2019-Q3","TP.FINHESTNKS71015.ZP40","0"
"NPISH","2019-Q3","TP.FINHESTNKS71015.ZP41","0"
"NPISH","2019-Q3","TP.FINHESTNKS71015.ZP42","0"
"NPISH","2019-Q3","TP.FINHESTNKS71015.ZP43","0"
"NPISH","2019-Q3","TP.FINHESTNKS71015.ZP44","0"
"NPISH","2019-Q3","TP.FINHESTNKS71015.ZP45","46065990.9389"
"NPISH","2019-Q4","TP.FINHESTNKS71015.ZP1","1562082.7017"
"NPISH","2019-Q4","TP.FINHESTNKS71015.ZP2","0"
"NPISH","2019-Q4","TP.FINHESTNKS71015.ZP3","0"
"NPISH","2019-Q4","TP.FINHESTNKS71015.ZP4","0"
"NPISH","2019-Q4","TP.FINHESTNKS71015.ZP5","34117015.8297"
"NPISH","2019-Q4","TP.FINHESTNKS71015.ZP6","279889.5925"
"NPISH","2019-Q4","TP.FINHESTNKS71015.ZP7","4192878"
"NPISH","2019-Q4","TP.FINHESTNKS71015.ZP8","29644248.2372"
"NPISH","2019-Q4","TP.FINHESTNKS71015.ZP9","2029317.6041"
"NPISH","2019-Q4","TP.FINHESTNKS71015.ZP10","938935.694"
"NPISH","2019-Q4","TP.FINHESTNKS71015.ZP11","1090381.9101"
"NPISH","2019-Q4","TP.FINHESTNKS71015.ZP12","104336.0323"
"NPISH","2019-Q4","TP.FINHESTNKS71015.ZP13","104336.0323"
"NPISH","2019-Q4","TP.FINHESTNKS71015.ZP14","0"
"NPISH","2019-Q4","TP.FINHESTNKS71015.ZP15","10966537.1709"
"NPISH","2019-Q4","TP.FINHESTNKS71015.ZP16","10966537.1709"
"NPISH","2019-Q4","TP.FINHESTNKS71015.ZP17","0"
"NPISH","2019-Q4","TP.FINHESTNKS71015.ZP18","0"
"NPISH","2019-Q4","TP.FINHESTNKS71015.ZP19","0"
"NPISH","2019-Q4","TP.FINHESTNKS71015.ZP20","0"
"NPISH","2019-Q4","TP.FINHESTNKS71015.ZP21","0"
"NPISH","2019-Q4","TP.FINHESTNKS71015.ZP22","424247"
"NPISH","2019-Q4","TP.FINHESTNKS71015.ZP23","47641453.637"
"NPISH","2019-Q4","TP.FINHESTNKS71015.ZP24","0"
"NPISH","2019-Q4","TP.FINHESTNKS71015.ZP26","0"
"NPISH","2019-Q4","TP.FINHESTNKS71015.ZP27","0"
"NPISH","2019-Q4","TP.FINHESTNKS71015.ZP28","0"
"NPISH","2019-Q4","TP.FINHESTNKS71015.ZP29","0"
"NPISH","2019-Q4","TP.FINHESTNKS71015.ZP30","0"
"NPISH","2019-Q4","TP.FINHESTNKS71015.ZP31","0"
"NPISH","2019-Q4","TP.FINHESTNKS71015.ZP32","0"
"NPISH","2019-Q4","TP.FINHESTNKS71015.ZP33","0"
"NPISH","2019-Q4","TP.FINHESTNKS71015.ZP34","969480.2037"
"NPISH","2019-Q4","TP.FINHESTNKS71015.ZP35","372732.4337"
"NPISH","2019-Q4","TP.FINHESTNKS71015.ZP36","596747.77"
"NPISH","2019-Q4","TP.FINHESTNKS71015.ZP37","45109890.7316"
"NPISH","2019-Q4","TP.FINHESTNKS71015.ZP38","45109890.7316"
"NPISH","2019-Q4","TP.FINHESTNKS71015.ZP39","0"
"NPISH","2019-Q4","TP.FINHESTNKS71015.ZP40","0"
"NPISH","2019-Q4","TP.FINHESTNKS71015.ZP41","0"
"NPISH","2019-Q4","TP.FINHESTNKS71015.ZP42","0"
"NPISH","2019-Q4","TP.FINHESTNKS71015.ZP43","0"
"NPISH","2019-Q4","TP.FINHESTNKS71015.ZP44","0"
"NPISH","2019-Q4","TP.FINHESTNKS71015.ZP45","46079370.9353"
"NPISH","2020-Q1","TP.FINHESTNKS71015.ZP1","-653982.5788"
"NPISH","2020-Q1","TP.FINHESTNKS71015.ZP2","0"
"NPISH","2020-Q1","TP.FINHESTNKS71015.ZP3","0"
"NPISH","2020-Q1","TP.FINHESTNKS71015.ZP4","0"
"NPISH","2020-Q1","TP.FINHESTNKS71015.ZP5","36726687.7424"
"NPISH","2020-Q1","TP.FINHESTNKS71015.ZP6","289286.349"
"NPISH","2020-Q1","TP.FINHESTNKS71015.ZP7","4334108"
"NPISH","2020-Q1","TP.FINHESTNKS71015.ZP8","32103293.3934"
"NPISH","2020-Q1","TP.FINHESTNKS71015.ZP9","2097448.0523"
"NPISH","2020-Q1","TP.FINHESTNKS71015.ZP10","953437.4464"
"NPISH","2020-Q1","TP.FINHESTNKS71015.ZP11","1144010.6059"
"NPISH","2020-Q1","TP.FINHESTNKS71015.ZP12","33701.4937"
"NPISH","2020-Q1","TP.FINHESTNKS71015.ZP13","33701.4937"
"NPISH","2020-Q1","TP.FINHESTNKS71015.ZP14","0"
"NPISH","2020-Q1","TP.FINHESTNKS71015.ZP15","7821095.6246"
"NPISH","2020-Q1","TP.FINHESTNKS71015.ZP16","7821095.6246"
"NPISH","2020-Q1","TP.FINHESTNKS71015.ZP17","0"
"NPISH","2020-Q1","TP.FINHESTNKS71015.ZP18","0"
"NPISH","2020-Q1","TP.FINHESTNKS71015.ZP19","0"
"NPISH","2020-Q1","TP.FINHESTNKS71015.ZP20","0"
"NPISH","2020-Q1","TP.FINHESTNKS71015.ZP21","0"
"NPISH","2020-Q1","TP.FINHESTNKS71015.ZP22","325123"
"NPISH","2020-Q1","TP.FINHESTNKS71015.ZP23","47004055.9129"
"NPISH","2020-Q1","TP.FINHESTNKS71015.ZP24","0"
"NPISH","2020-Q1","TP.FINHESTNKS71015.ZP26","0"
"NPISH","2020-Q1","TP.FINHESTNKS71015.ZP27","0"
"NPISH","2020-Q1","TP.FINHESTNKS71015.ZP28","0"
"NPISH","2020-Q1","TP.FINHESTNKS71015.ZP29","0"
"NPISH","2020-Q1","TP.FINHESTNKS71015.ZP30","0"
"NPISH","2020-Q1","TP.FINHESTNKS71015.ZP31","0"
"NPISH","2020-Q1","TP.FINHESTNKS71015.ZP32","0"
"NPISH","2020-Q1","TP.FINHESTNKS71015.ZP33","0"
"NPISH","2020-Q1","TP.FINHESTNKS71015.ZP34","1033662.6579"
"NPISH","2020-Q1","TP.FINHESTNKS71015.ZP35","341943.6523"
"NPISH","2020-Q1","TP.FINHESTNKS71015.ZP36","691719.0056"
"NPISH","2020-Q1","TP.FINHESTNKS71015.ZP37","46624368.8338"
"NPISH","2020-Q1","TP.FINHESTNKS71015.ZP38","46624368.8338"
"NPISH","2020-Q1","TP.FINHESTNKS71015.ZP39","0"
"NPISH","2020-Q1","TP.FINHESTNKS71015.ZP40","0"
"NPISH","2020-Q1","TP.FINHESTNKS71015.ZP41","0"
"NPISH","2020-Q1","TP.FINHESTNKS71015.ZP42","0"
"NPISH","2020-Q1","TP.FINHESTNKS71015.ZP43","0"
"NPISH","2020-Q1","TP.FINHESTNKS71015.ZP44","7"
"NPISH","2020-Q1","TP.FINHESTNKS71015.ZP45","47658038.4917"
"NPISH","2020-Q2","TP.FINHESTNKS71015.ZP1","2354645.6816"
"NPISH","2020-Q2","TP.FINHESTNKS71015.ZP2","0"
"NPISH","2020-Q2","TP.FINHESTNKS71015.ZP3","0"
"NPISH","2020-Q2","TP.FINHESTNKS71015.ZP4","0"
"NPISH","2020-Q2","TP.FINHESTNKS71015.ZP5","39035649.6452"
"NPISH","2020-Q2","TP.FINHESTNKS71015.ZP6","289898.9982"
"NPISH","2020-Q2","TP.FINHESTNKS71015.ZP7","5580211"
"NPISH","2020-Q2","TP.FINHESTNKS71015.ZP8","33165539.647"
"NPISH","2020-Q2","TP.FINHESTNKS71015.ZP9","2101890.0171"
"NPISH","2020-Q2","TP.FINHESTNKS71015.ZP10","757680.7966"
"NPISH","2020-Q2","TP.FINHESTNKS71015.ZP11","1344209.2205"
"NPISH","2020-Q2","TP.FINHESTNKS71015.ZP12","32828.738"
"NPISH","2020-Q2","TP.FINHESTNKS71015.ZP13","32828.738"
"NPISH","2020-Q2","TP.FINHESTNKS71015.ZP14","0"
"NPISH","2020-Q2","TP.FINHESTNKS71015.ZP15","9266644.3293"
"NPISH","2020-Q2","TP.FINHESTNKS71015.ZP16","9266644.3293"
"NPISH","2020-Q2","TP.FINHESTNKS71015.ZP17","0"
"NPISH","2020-Q2","TP.FINHESTNKS71015.ZP18","0"
"NPISH","2020-Q2","TP.FINHESTNKS71015.ZP19","0"
"NPISH","2020-Q2","TP.FINHESTNKS71015.ZP20","0"
"NPISH","2020-Q2","TP.FINHESTNKS71015.ZP21","0"
"NPISH","2020-Q2","TP.FINHESTNKS71015.ZP22","263104"
"NPISH","2020-Q2","TP.FINHESTNKS71015.ZP23","50700116.7297"
"NPISH","2020-Q2","TP.FINHESTNKS71015.ZP24","0"
"NPISH","2020-Q2","TP.FINHESTNKS71015.ZP26","0"
"NPISH","2020-Q2","TP.FINHESTNKS71015.ZP27","0"
"NPISH","2020-Q2","TP.FINHESTNKS71015.ZP28","0"
"NPISH","2020-Q2","TP.FINHESTNKS71015.ZP29","0"
"NPISH","2020-Q2","TP.FINHESTNKS71015.ZP30","0"
"NPISH","2020-Q2","TP.FINHESTNKS71015.ZP31","0"
"NPISH","2020-Q2","TP.FINHESTNKS71015.ZP32","0"
"NPISH","2020-Q2","TP.FINHESTNKS71015.ZP33","0"
"NPISH","2020-Q2","TP.FINHESTNKS71015.ZP34","1622332.3626"
"NPISH","2020-Q2","TP.FINHESTNKS71015.ZP35","601506.2758"
"NPISH","2020-Q2","TP.FINHESTNKS71015.ZP36","1020826.0868"
"NPISH","2020-Q2","TP.FINHESTNKS71015.ZP37","46723109.6855"
"NPISH","2020-Q2","TP.FINHESTNKS71015.ZP38","46723109.6855"
"NPISH","2020-Q2","TP.FINHESTNKS71015.ZP39","0"
"NPISH","2020-Q2","TP.FINHESTNKS71015.ZP40","0"
"NPISH","2020-Q2","TP.FINHESTNKS71015.ZP41","0"
"NPISH","2020-Q2","TP.FINHESTNKS71015.ZP42","0"
"NPISH","2020-Q2","TP.FINHESTNKS71015.ZP43","0"
"NPISH","2020-Q2","TP.FINHESTNKS71015.ZP44","29"
"NPISH","2020-Q2","TP.FINHESTNKS71015.ZP45","48345471.0481"
"NPISH","2020-Q3","TP.FINHESTNKS71015.ZP1","9131144.3057"
"NPISH","2020-Q3","TP.FINHESTNKS71015.ZP2","0"
"NPISH","2020-Q3","TP.FINHESTNKS71015.ZP3","0"
"NPISH","2020-Q3","TP.FINHESTNKS71015.ZP4","0"
"NPISH","2020-Q3","TP.FINHESTNKS71015.ZP5","42544141.1998"
"NPISH","2020-Q3","TP.FINHESTNKS71015.ZP6","306556.4214"
"NPISH","2020-Q3","TP.FINHESTNKS71015.ZP7","5879571"
"NPISH","2020-Q3","TP.FINHESTNKS71015.ZP8","36358013.7783"
"NPISH","2020-Q3","TP.FINHESTNKS71015.ZP9","7969516.48"
"NPISH","2020-Q3","TP.FINHESTNKS71015.ZP10","2452838.6849"
"NPISH","2020-Q3","TP.FINHESTNKS71015.ZP11","5516677.7951"
"NPISH","2020-Q3","TP.FINHESTNKS71015.ZP12","28144.0476"
"NPISH","2020-Q3","TP.FINHESTNKS71015.ZP13","28144.0476"
"NPISH","2020-Q3","TP.FINHESTNKS71015.ZP14","0"
"NPISH","2020-Q3","TP.FINHESTNKS71015.ZP15","9185753.1896"
"NPISH","2020-Q3","TP.FINHESTNKS71015.ZP16","9185753.1896"
"NPISH","2020-Q3","TP.FINHESTNKS71015.ZP17","0"
"NPISH","2020-Q3","TP.FINHESTNKS71015.ZP18","0"
"NPISH","2020-Q3","TP.FINHESTNKS71015.ZP19","0"
"NPISH","2020-Q3","TP.FINHESTNKS71015.ZP20","0"
"NPISH","2020-Q3","TP.FINHESTNKS71015.ZP21","0"
"NPISH","2020-Q3","TP.FINHESTNKS71015.ZP22","530602"
"NPISH","2020-Q3","TP.FINHESTNKS71015.ZP23","60258156.917"
"NPISH","2020-Q3","TP.FINHESTNKS71015.ZP24","0"
"NPISH","2020-Q3","TP.FINHESTNKS71015.ZP26","0"
"NPISH","2020-Q3","TP.FINHESTNKS71015.ZP27","0"
"NPISH","2020-Q3","TP.FINHESTNKS71015.ZP28","0"
"NPISH","2020-Q3","TP.FINHESTNKS71015.ZP29","0"
"NPISH","2020-Q3","TP.FINHESTNKS71015.ZP30","0"
"NPISH","2020-Q3","TP.FINHESTNKS71015.ZP31","0"
"NPISH","2020-Q3","TP.FINHESTNKS71015.ZP32","0"
"NPISH","2020-Q3","TP.FINHESTNKS71015.ZP33","0"
"NPISH","2020-Q3","TP.FINHESTNKS71015.ZP34","1719220.957"
"NPISH","2020-Q3","TP.FINHESTNKS71015.ZP35","654927.0391"
"NPISH","2020-Q3","TP.FINHESTNKS71015.ZP36","1064293.9179"
"NPISH","2020-Q3","TP.FINHESTNKS71015.ZP37","49407791.6542"
"NPISH","2020-Q3","TP.FINHESTNKS71015.ZP38","49407791.6542"
"NPISH","2020-Q3","TP.FINHESTNKS71015.ZP39","0"
"NPISH","2020-Q3","TP.FINHESTNKS71015.ZP40","0"
"NPISH","2020-Q3","TP.FINHESTNKS71015.ZP41","0"
"NPISH","2020-Q3","TP.FINHESTNKS71015.ZP42","0"
"NPISH","2020-Q3","TP.FINHESTNKS71015.ZP43","0"
"NPISH","2020-Q3","TP.FINHESTNKS71015.ZP44","0"
"NPISH","2020-Q3","TP.FINHESTNKS71015.ZP45","51127012.6112"
"NPISH","2020-Q4","TP.FINHESTNKS71015.ZP1","2740617.1728"
"NPISH","2020-Q4","TP.FINHESTNKS71015.ZP2","0"
"NPISH","2020-Q4","TP.FINHESTNKS71015.ZP3","0"
"NPISH","2020-Q4","TP.FINHESTNKS71015.ZP4","0"
"NPISH","2020-Q4","TP.FINHESTNKS71015.ZP5","43700065.1711"
"NPISH","2020-Q4","TP.FINHESTNKS71015.ZP6","326927.8709"
"NPISH","2020-Q4","TP.FINHESTNKS71015.ZP7","5985837"
"NPISH","2020-Q4","TP.FINHESTNKS71015.ZP8","37387300.3001"
"NPISH","2020-Q4","TP.FINHESTNKS71015.ZP9","7185108.8"
"NPISH","2020-Q4","TP.FINHESTNKS71015.ZP10","1978394.5272"
"NPISH","2020-Q4","TP.FINHESTNKS71015.ZP11","5206714.2728"
"NPISH","2020-Q4","TP.FINHESTNKS71015.ZP12","32553.3915"
"NPISH","2020-Q4","TP.FINHESTNKS71015.ZP13","32553.3915"
"NPISH","2020-Q4","TP.FINHESTNKS71015.ZP14","0"
"NPISH","2020-Q4","TP.FINHESTNKS71015.ZP15","11614408.337"
"NPISH","2020-Q4","TP.FINHESTNKS71015.ZP16","11614408.337"
"NPISH","2020-Q4","TP.FINHESTNKS71015.ZP17","0"
"NPISH","2020-Q4","TP.FINHESTNKS71015.ZP18","0"
"NPISH","2020-Q4","TP.FINHESTNKS71015.ZP19","0"
"NPISH","2020-Q4","TP.FINHESTNKS71015.ZP20","0"
"NPISH","2020-Q4","TP.FINHESTNKS71015.ZP21","0"
"NPISH","2020-Q4","TP.FINHESTNKS71015.ZP22","516961"
"NPISH","2020-Q4","TP.FINHESTNKS71015.ZP23","63049096.6996"
"NPISH","2020-Q4","TP.FINHESTNKS71015.ZP24","0"
"NPISH","2020-Q4","TP.FINHESTNKS71015.ZP26","0"
"NPISH","2020-Q4","TP.FINHESTNKS71015.ZP27","0"
"NPISH","2020-Q4","TP.FINHESTNKS71015.ZP28","0"
"NPISH","2020-Q4","TP.FINHESTNKS71015.ZP29","0"
"NPISH","2020-Q4","TP.FINHESTNKS71015.ZP30","0"
"NPISH","2020-Q4","TP.FINHESTNKS71015.ZP31","0"
"NPISH","2020-Q4","TP.FINHESTNKS71015.ZP32","0"
"NPISH","2020-Q4","TP.FINHESTNKS71015.ZP33","0"
"NPISH","2020-Q4","TP.FINHESTNKS71015.ZP34","2320450.1707"
"NPISH","2020-Q4","TP.FINHESTNKS71015.ZP35","866598.4433"
"NPISH","2020-Q4","TP.FINHESTNKS71015.ZP36","1453851.7274"
"NPISH","2020-Q4","TP.FINHESTNKS71015.ZP37","57988029.3561"
"NPISH","2020-Q4","TP.FINHESTNKS71015.ZP38","57988029.3561"
"NPISH","2020-Q4","TP.FINHESTNKS71015.ZP39","0"
"NPISH","2020-Q4","TP.FINHESTNKS71015.ZP40","0"
"NPISH","2020-Q4","TP.FINHESTNKS71015.ZP41","0"
"NPISH","2020-Q4","TP.FINHESTNKS71015.ZP42","0"
"NPISH","2020-Q4","TP.FINHESTNKS71015.ZP43","0"
"NPISH","2020-Q4","TP.FINHESTNKS71015.ZP44","0"
"NPISH","2020-Q4","TP.FINHESTNKS71015.ZP45","60308479.5268"
"NPISH","2021-Q1","TP.FINHESTNKS71015.ZP1","-3659583.0512"
"NPISH","2021-Q1","TP.FINHESTNKS71015.ZP2","0"
"NPISH","2021-Q1","TP.FINHESTNKS71015.ZP3","0"
"NPISH","2021-Q1","TP.FINHESTNKS71015.ZP4","0"
"NPISH","2021-Q1","TP.FINHESTNKS71015.ZP5","48994799.5515"
"NPISH","2021-Q1","TP.FINHESTNKS71015.ZP6","348778.4391"
"NPISH","2021-Q1","TP.FINHESTNKS71015.ZP7","6398056"
"NPISH","2021-Q1","TP.FINHESTNKS71015.ZP8","42247965.1124"
"NPISH","2021-Q1","TP.FINHESTNKS71015.ZP9","3975475.68"
"NPISH","2021-Q1","TP.FINHESTNKS71015.ZP10","844000"
"NPISH","2021-Q1","TP.FINHESTNKS71015.ZP11","3131475.68"
"NPISH","2021-Q1","TP.FINHESTNKS71015.ZP12","31606.5181"
"NPISH","2021-Q1","TP.FINHESTNKS71015.ZP13","31606.5181"
"NPISH","2021-Q1","TP.FINHESTNKS71015.ZP14","0"
"NPISH","2021-Q1","TP.FINHESTNKS71015.ZP15","6989896.4079"
"NPISH","2021-Q1","TP.FINHESTNKS71015.ZP16","6989896.4079"
"NPISH","2021-Q1","TP.FINHESTNKS71015.ZP17","0"
"NPISH","2021-Q1","TP.FINHESTNKS71015.ZP18","0"
"NPISH","2021-Q1","TP.FINHESTNKS71015.ZP19","0"
"NPISH","2021-Q1","TP.FINHESTNKS71015.ZP20","0"
"NPISH","2021-Q1","TP.FINHESTNKS71015.ZP21","0"
"NPISH","2021-Q1","TP.FINHESTNKS71015.ZP22","634178"
"NPISH","2021-Q1","TP.FINHESTNKS71015.ZP23","60625956.1574"
"NPISH","2021-Q1","TP.FINHESTNKS71015.ZP24","0"
"NPISH","2021-Q1","TP.FINHESTNKS71015.ZP26","0"
"NPISH","2021-Q1","TP.FINHESTNKS71015.ZP27","0"
"NPISH","2021-Q1","TP.FINHESTNKS71015.ZP28","0"
"NPISH","2021-Q1","TP.FINHESTNKS71015.ZP29","0"
"NPISH","2021-Q1","TP.FINHESTNKS71015.ZP30","0"
"NPISH","2021-Q1","TP.FINHESTNKS71015.ZP31","0"
"NPISH","2021-Q1","TP.FINHESTNKS71015.ZP32","0"
"NPISH","2021-Q1","TP.FINHESTNKS71015.ZP33","0"
"NPISH","2021-Q1","TP.FINHESTNKS71015.ZP34","2421818.9077"
"NPISH","2021-Q1","TP.FINHESTNKS71015.ZP35","884820.6014"
"NPISH","2021-Q1","TP.FINHESTNKS71015.ZP36","1536998.3062"
"NPISH","2021-Q1","TP.FINHESTNKS71015.ZP37","61863720.301"
"NPISH","2021-Q1","TP.FINHESTNKS71015.ZP38","61863720.301"
"NPISH","2021-Q1","TP.FINHESTNKS71015.ZP39","0"
"NPISH","2021-Q1","TP.FINHESTNKS71015.ZP40","0"
"NPISH","2021-Q1","TP.FINHESTNKS71015.ZP41","0"
"NPISH","2021-Q1","TP.FINHESTNKS71015.ZP42","0"
"NPISH","2021-Q1","TP.FINHESTNKS71015.ZP43","0"
"NPISH","2021-Q1","TP.FINHESTNKS71015.ZP44","0"
"NPISH","2021-Q1","TP.FINHESTNKS71015.ZP45","64285539.2086"
"NPISH","2021-Q2","TP.FINHESTNKS71015.ZP1","-7283020.9411"
"NPISH","2021-Q2","TP.FINHESTNKS71015.ZP2","0"
"NPISH","2021-Q2","TP.FINHESTNKS71015.ZP3","0"
"NPISH","2021-Q2","TP.FINHESTNKS71015.ZP4","0"
"NPISH","2021-Q2","TP.FINHESTNKS71015.ZP5","51003186.8605"
"NPISH","2021-Q2","TP.FINHESTNKS71015.ZP6","385152.6347"
"NPISH","2021-Q2","TP.FINHESTNKS71015.ZP7","6971804"
"NPISH","2021-Q2","TP.FINHESTNKS71015.ZP8","43646230.2257"
"NPISH","2021-Q2","TP.FINHESTNKS71015.ZP9","4204876.136"
"NPISH","2021-Q2","TP.FINHESTNKS71015.ZP10","774810"
"NPISH","2021-Q2","TP.FINHESTNKS71015.ZP11","3430066.136"
"NPISH","2021-Q2","TP.FINHESTNKS71015.ZP12","25897.6655"
"NPISH","2021-Q2","TP.FINHESTNKS71015.ZP13","25897.6655"
"NPISH","2021-Q2","TP.FINHESTNKS71015.ZP14","0"
"NPISH","2021-Q2","TP.FINHESTNKS71015.ZP15","7448446.8483"
"NPISH","2021-Q2","TP.FINHESTNKS71015.ZP16","7448446.8483"
"NPISH","2021-Q2","TP.FINHESTNKS71015.ZP17","0"
"NPISH","2021-Q2","TP.FINHESTNKS71015.ZP18","0"
"NPISH","2021-Q2","TP.FINHESTNKS71015.ZP19","0"
"NPISH","2021-Q2","TP.FINHESTNKS71015.ZP20","0"
"NPISH","2021-Q2","TP.FINHESTNKS71015.ZP21","0"
"NPISH","2021-Q2","TP.FINHESTNKS71015.ZP22","619354"
"NPISH","2021-Q2","TP.FINHESTNKS71015.ZP23","63301761.5102"
"NPISH","2021-Q2","TP.FINHESTNKS71015.ZP24","0"
"NPISH","2021-Q2","TP.FINHESTNKS71015.ZP26","0"
"NPISH","2021-Q2","TP.FINHESTNKS71015.ZP27","0"
"NPISH","2021-Q2","TP.FINHESTNKS71015.ZP28","0"
"NPISH","2021-Q2","TP.FINHESTNKS71015.ZP29","0"
"NPISH","2021-Q2","TP.FINHESTNKS71015.ZP30","0"
"NPISH","2021-Q2","TP.FINHESTNKS71015.ZP31","0"
"NPISH","2021-Q2","TP.FINHESTNKS71015.ZP32","0"
"NPISH","2021-Q2","TP.FINHESTNKS71015.ZP33","0"
"NPISH","2021-Q2","TP.FINHESTNKS71015.ZP34","2269278.3999"
"NPISH","2021-Q2","TP.FINHESTNKS71015.ZP35","851156.5492"
"NPISH","2021-Q2","TP.FINHESTNKS71015.ZP36","1418121.8506"
"NPISH","2021-Q2","TP.FINHESTNKS71015.ZP37","68315504.0514"
"NPISH","2021-Q2","TP.FINHESTNKS71015.ZP38","68315504.0514"
"NPISH","2021-Q2","TP.FINHESTNKS71015.ZP39","0"
"NPISH","2021-Q2","TP.FINHESTNKS71015.ZP40","0"
"NPISH","2021-Q2","TP.FINHESTNKS71015.ZP41","0"
"NPISH","2021-Q2","TP.FINHESTNKS71015.ZP42","0"
"NPISH","2021-Q2","TP.FINHESTNKS71015.ZP43","0"
"NPISH","2021-Q2","TP.FINHESTNKS71015.ZP44","0"
"NPISH","2021-Q2","TP.FINHESTNKS71015.ZP45","70584782.4513"
"NPISH","2021-Q3","TP.FINHESTNKS71015.ZP1","-9124915.6635"
"NPISH","2021-Q3","TP.FINHESTNKS71015.ZP2","0"
"NPISH","2021-Q3","TP.FINHESTNKS71015.ZP3","0"
"NPISH","2021-Q3","TP.FINHESTNKS71015.ZP4","0"
"NPISH","2021-Q3","TP.FINHESTNKS71015.ZP5","54665411.044"
"NPISH","2021-Q3","TP.FINHESTNKS71015.ZP6","419174.2537"
"NPISH","2021-Q3","TP.FINHESTNKS71015.ZP7","7365316"
"NPISH","2021-Q3","TP.FINHESTNKS71015.ZP8","46880920.7902"
"NPISH","2021-Q3","TP.FINHESTNKS71015.ZP9","4367618.62"
"NPISH","2021-Q3","TP.FINHESTNKS71015.ZP10","766290"
"NPISH","2021-Q3","TP.FINHESTNKS71015.ZP11","3601328.62"
"NPISH","2021-Q3","TP.FINHESTNKS71015.ZP12","45394.8562"
"NPISH","2021-Q3","TP.FINHESTNKS71015.ZP13","45394.8562"
"NPISH","2021-Q3","TP.FINHESTNKS71015.ZP14","0"
"NPISH","2021-Q3","TP.FINHESTNKS71015.ZP15","7568304.9899"
"NPISH","2021-Q3","TP.FINHESTNKS71015.ZP16","7568304.9899"
"NPISH","2021-Q3","TP.FINHESTNKS71015.ZP17","0"
"NPISH","2021-Q3","TP.FINHESTNKS71015.ZP18","0"
"NPISH","2021-Q3","TP.FINHESTNKS71015.ZP19","0"
"NPISH","2021-Q3","TP.FINHESTNKS71015.ZP20","0"
"NPISH","2021-Q3","TP.FINHESTNKS71015.ZP21","0"
"NPISH","2021-Q3","TP.FINHESTNKS71015.ZP22","1056579"
"NPISH","2021-Q3","TP.FINHESTNKS71015.ZP23","67703308.5101"
"NPISH","2021-Q3","TP.FINHESTNKS71015.ZP24","0"
"NPISH","2021-Q3","TP.FINHESTNKS71015.ZP26","0"
"NPISH","2021-Q3","TP.FINHESTNKS71015.ZP27","0"
"NPISH","2021-Q3","TP.FINHESTNKS71015.ZP28","0"
"NPISH","2021-Q3","TP.FINHESTNKS71015.ZP29","0"
"NPISH","2021-Q3","TP.FINHESTNKS71015.ZP30","0"
"NPISH","2021-Q3","TP.FINHESTNKS71015.ZP31","0"
"NPISH","2021-Q3","TP.FINHESTNKS71015.ZP32","0"
"NPISH","2021-Q3","TP.FINHESTNKS71015.ZP33","0"
"NPISH","2021-Q3","TP.FINHESTNKS71015.ZP34","2478216.886"
"NPISH","2021-Q3","TP.FINHESTNKS71015.ZP35","940054.9779"
"NPISH","2021-Q3","TP.FINHESTNKS71015.ZP36","1538161.9081"
"NPISH","2021-Q3","TP.FINHESTNKS71015.ZP37","74350005.2875"
"NPISH","2021-Q3","TP.FINHESTNKS71015.ZP38","74350005.2875"
"NPISH","2021-Q3","TP.FINHESTNKS71015.ZP39","0"
"NPISH","2021-Q3","TP.FINHESTNKS71015.ZP40","0"
"NPISH","2021-Q3","TP.FINHESTNKS71015.ZP41","0"
"NPISH","2021-Q3","TP.FINHESTNKS71015.ZP42","0"
"NPISH","2021-Q3","TP.FINHESTNKS71015.ZP43","0"
"NPISH","2021-Q3","TP.FINHESTNKS71015.ZP44","2"
"NPISH","2021-Q3","TP.FINHESTNKS71015.ZP45","76828224.1735"
"NPISH","2021-Q4","TP.FINHESTNKS71015.ZP1","7362578.2083"
"NPISH","2021-Q4","TP.FINHESTNKS71015.ZP2","0"
"NPISH","2021-Q4","TP.FINHESTNKS71015.ZP3","0"
"NPISH","2021-Q4","TP.FINHESTNKS71015.ZP4","0"
"NPISH","2021-Q4","TP.FINHESTNKS71015.ZP5","64572327.3928"
"NPISH","2021-Q4","TP.FINHESTNKS71015.ZP6","391545.2847"
"NPISH","2021-Q4","TP.FINHESTNKS71015.ZP7","8765789"
"NPISH","2021-Q4","TP.FINHESTNKS71015.ZP8","55414993.1081"
"NPISH","2021-Q4","TP.FINHESTNKS71015.ZP9","4916684.05"
"NPISH","2021-Q4","TP.FINHESTNKS71015.ZP10","908350"
"NPISH","2021-Q4","TP.FINHESTNKS71015.ZP11","4008334.05"
"NPISH","2021-Q4","TP.FINHESTNKS71015.ZP12","16824.2205"
"NPISH","2021-Q4","TP.FINHESTNKS71015.ZP13","16824.2205"
"NPISH","2021-Q4","TP.FINHESTNKS71015.ZP14","0"
"NPISH","2021-Q4","TP.FINHESTNKS71015.ZP15","10427004.1359"
"NPISH","2021-Q4","TP.FINHESTNKS71015.ZP16","10427004.1359"
"NPISH","2021-Q4","TP.FINHESTNKS71015.ZP17","0"
"NPISH","2021-Q4","TP.FINHESTNKS71015.ZP18","0"
"NPISH","2021-Q4","TP.FINHESTNKS71015.ZP19","0"
"NPISH","2021-Q4","TP.FINHESTNKS71015.ZP20","0"
"NPISH","2021-Q4","TP.FINHESTNKS71015.ZP21","0"
"NPISH","2021-Q4","TP.FINHESTNKS71015.ZP22","870586"
"NPISH","2021-Q4","TP.FINHESTNKS71015.ZP23","80803425.7991"
"NPISH","2021-Q4","TP.FINHESTNKS71015.ZP24","0"
"NPISH","2021-Q4","TP.FINHESTNKS71015.ZP26","0"
"NPISH","2021-Q4","TP.FINHESTNKS71015.ZP27","0"
"NPISH","2021-Q4","TP.FINHESTNKS71015.ZP28","0"
"NPISH","2021-Q4","TP.FINHESTNKS71015.ZP29","0"
"NPISH","2021-Q4","TP.FINHESTNKS71015.ZP30","0"
"NPISH","2021-Q4","TP.FINHESTNKS71015.ZP31","0"
"NPISH","2021-Q4","TP.FINHESTNKS71015.ZP32","0"
"NPISH","2021-Q4","TP.FINHESTNKS71015.ZP33","0"
"NPISH","2021-Q4","TP.FINHESTNKS71015.ZP34","2569914.748"
"NPISH","2021-Q4","TP.FINHESTNKS71015.ZP35","903321.9643"
"NPISH","2021-Q4","TP.FINHESTNKS71015.ZP36","1666592.7837"
"NPISH","2021-Q4","TP.FINHESTNKS71015.ZP37","70870930.8429"
"NPISH","2021-Q4","TP.FINHESTNKS71015.ZP38","70870930.8429"
"NPISH","2021-Q4","TP.FINHESTNKS71015.ZP39","0"
"NPISH","2021-Q4","TP.FINHESTNKS71015.ZP40","0"
"NPISH","2021-Q4","TP.FINHESTNKS71015.ZP41","0"
"NPISH","2021-Q4","TP.FINHESTNKS71015.ZP42","0"
"NPISH","2021-Q4","TP.FINHESTNKS71015.ZP43","0"
"NPISH","2021-Q4","TP.FINHESTNKS71015.ZP44","2"
"NPISH","2021-Q4","TP.FINHESTNKS71015.ZP45","73440847.5909"
"NPISH","2022-Q1","TP.FINHESTNKS71015.ZP1","4177533.4303"
"NPISH","2022-Q1","TP.FINHESTNKS71015.ZP2","0"
"NPISH","2022-Q1","TP.FINHESTNKS71015.ZP3","0"
"NPISH","2022-Q1","TP.FINHESTNKS71015.ZP4","0"
"NPISH","2022-Q1","TP.FINHESTNKS71015.ZP5","70038249.1452"
"NPISH","2022-Q1","TP.FINHESTNKS71015.ZP6","452124.8144"
"NPISH","2022-Q1","TP.FINHESTNKS71015.ZP7","10300843"
"NPISH","2022-Q1","TP.FINHESTNKS71015.ZP8","59285281.3308"
"NPISH","2022-Q1","TP.FINHESTNKS71015.ZP9","6182831.484"
"NPISH","2022-Q1","TP.FINHESTNKS71015.ZP10","1273240"
"NPISH","2022-Q1","TP.FINHESTNKS71015.ZP11","4909591.484"
"NPISH","2022-Q1","TP.FINHESTNKS71015.ZP12","14498.9309"
"NPISH","2022-Q1","TP.FINHESTNKS71015.ZP13","14498.9309"
"NPISH","2022-Q1","TP.FINHESTNKS71015.ZP14","0"
"NPISH","2022-Q1","TP.FINHESTNKS71015.ZP15","12550472.3296"
"NPISH","2022-Q1","TP.FINHESTNKS71015.ZP16","12550472.3296"
"NPISH","2022-Q1","TP.FINHESTNKS71015.ZP17","0"
"NPISH","2022-Q1","TP.FINHESTNKS71015.ZP18","0"
"NPISH","2022-Q1","TP.FINHESTNKS71015.ZP19","0"
"NPISH","2022-Q1","TP.FINHESTNKS71015.ZP20","0"
"NPISH","2022-Q1","TP.FINHESTNKS71015.ZP21","0"
"NPISH","2022-Q1","TP.FINHESTNKS71015.ZP22","1008174"
"NPISH","2022-Q1","TP.FINHESTNKS71015.ZP23","89794225.8897"
"NPISH","2022-Q1","TP.FINHESTNKS71015.ZP24","0"
"NPISH","2022-Q1","TP.FINHESTNKS71015.ZP26","0"
"NPISH","2022-Q1","TP.FINHESTNKS71015.ZP27","0"
"NPISH","2022-Q1","TP.FINHESTNKS71015.ZP28","0"
"NPISH","2022-Q1","TP.FINHESTNKS71015.ZP29","0"
"NPISH","2022-Q1","TP.FINHESTNKS71015.ZP30","0"
"NPISH","2022-Q1","TP.FINHESTNKS71015.ZP31","0"
"NPISH","2022-Q1","TP.FINHESTNKS71015.ZP32","0"
"NPISH","2022-Q1","TP.FINHESTNKS71015.ZP33","0"
"NPISH","2022-Q1","TP.FINHESTNKS71015.ZP34","3780673.7733"
"NPISH","2022-Q1","TP.FINHESTNKS71015.ZP35","2167325.7002"
"NPISH","2022-Q1","TP.FINHESTNKS71015.ZP36","1613348.0731"
"NPISH","2022-Q1","TP.FINHESTNKS71015.ZP37","81836016.6861"
"NPISH","2022-Q1","TP.FINHESTNKS71015.ZP38","81836016.6861"
"NPISH","2022-Q1","TP.FINHESTNKS71015.ZP39","0"
"NPISH","2022-Q1","TP.FINHESTNKS71015.ZP40","0"
"NPISH","2022-Q1","TP.FINHESTNKS71015.ZP41","0"
"NPISH","2022-Q1","TP.FINHESTNKS71015.ZP42","0"
"NPISH","2022-Q1","TP.FINHESTNKS71015.ZP43","0"
"NPISH","2022-Q1","TP.FINHESTNKS71015.ZP44","2"
"NPISH","2022-Q1","TP.FINHESTNKS71015.ZP45","85616692.4594"
"NPISH","2022-Q2","TP.FINHESTNKS71015.ZP1","-13386109.4912"
"NPISH","2022-Q2","TP.FINHESTNKS71015.ZP2","0"
"NPISH","2022-Q2","TP.FINHESTNKS71015.ZP3","0"
"NPISH","2022-Q2","TP.FINHESTNKS71015.ZP4","0"
"NPISH","2022-Q2","TP.FINHESTNKS71015.ZP5","69997234.2201"
"NPISH","2022-Q2","TP.FINHESTNKS71015.ZP6","550579.9637"
"NPISH","2022-Q2","TP.FINHESTNKS71015.ZP7","12020061"
"NPISH","2022-Q2","TP.FINHESTNKS71015.ZP8","57426593.2564"
"NPISH","2022-Q2","TP.FINHESTNKS71015.ZP9","5987626.08"
"NPISH","2022-Q2","TP.FINHESTNKS71015.ZP10","1160230"
"NPISH","2022-Q2","TP.FINHESTNKS71015.ZP11","4827396.08"
"NPISH","2022-Q2","TP.FINHESTNKS71015.ZP12","16322.6169"
"NPISH","2022-Q2","TP.FINHESTNKS71015.ZP13","16322.6169"
"NPISH","2022-Q2","TP.FINHESTNKS71015.ZP14","0"
"NPISH","2022-Q2","TP.FINHESTNKS71015.ZP15","13826341.1297"
"NPISH","2022-Q2","TP.FINHESTNKS71015.ZP16","13826341.1297"
"NPISH","2022-Q2","TP.FINHESTNKS71015.ZP17","0"
"NPISH","2022-Q2","TP.FINHESTNKS71015.ZP18","0"
"NPISH","2022-Q2","TP.FINHESTNKS71015.ZP19","0"
"NPISH","2022-Q2","TP.FINHESTNKS71015.ZP20","0"
"NPISH","2022-Q2","TP.FINHESTNKS71015.ZP21","0"
"NPISH","2022-Q2","TP.FINHESTNKS71015.ZP22","772494"
"NPISH","2022-Q2","TP.FINHESTNKS71015.ZP23","90600018.0468"
"NPISH","2022-Q2","TP.FINHESTNKS71015.ZP24","0"
"NPISH","2022-Q2","TP.FINHESTNKS71015.ZP26","0"
"NPISH","2022-Q2","TP.FINHESTNKS71015.ZP27","0"
"NPISH","2022-Q2","TP.FINHESTNKS71015.ZP28","0"
"NPISH","2022-Q2","TP.FINHESTNKS71015.ZP29","0"
"NPISH","2022-Q2","TP.FINHESTNKS71015.ZP30","0"
"NPISH","2022-Q2","TP.FINHESTNKS71015.ZP31","0"
"NPISH","2022-Q2","TP.FINHESTNKS71015.ZP32","0"
"NPISH","2022-Q2","TP.FINHESTNKS71015.ZP33","0"
"NPISH","2022-Q2","TP.FINHESTNKS71015.ZP34","4329379.4539"
"NPISH","2022-Q2","TP.FINHESTNKS71015.ZP35","2469820.7959"
"NPISH","2022-Q2","TP.FINHESTNKS71015.ZP36","1859558.6581"
"NPISH","2022-Q2","TP.FINHESTNKS71015.ZP37","99656709.0841"
"NPISH","2022-Q2","TP.FINHESTNKS71015.ZP38","99656709.0841"
"NPISH","2022-Q2","TP.FINHESTNKS71015.ZP39","0"
"NPISH","2022-Q2","TP.FINHESTNKS71015.ZP40","0"
"NPISH","2022-Q2","TP.FINHESTNKS71015.ZP41","0"
"NPISH","2022-Q2","TP.FINHESTNKS71015.ZP42","0"
"NPISH","2022-Q2","TP.FINHESTNKS71015.ZP43","0"
"NPISH","2022-Q2","TP.FINHESTNKS71015.ZP44","39"
"NPISH","2022-Q2","TP.FINHESTNKS71015.ZP45","103986127.538"
"NPISH","2022-Q3","TP.FINHESTNKS71015.ZP1","-17453811.9882"
"NPISH","2022-Q3","TP.FINHESTNKS71015.ZP2","0"
"NPISH","2022-Q3","TP.FINHESTNKS71015.ZP3","0"
"NPISH","2022-Q3","TP.FINHESTNKS71015.ZP4","0"
"NPISH","2022-Q3","TP.FINHESTNKS71015.ZP5","79595564.0264"
"NPISH","2022-Q3","TP.FINHESTNKS71015.ZP6","675703.3313"
"NPISH","2022-Q3","TP.FINHESTNKS71015.ZP7","14367791"
"NPISH","2022-Q3","TP.FINHESTNKS71015.ZP8","64552069.6951"
"NPISH","2022-Q3","TP.FINHESTNKS71015.ZP9","5903890.672"
"NPISH","2022-Q3","TP.FINHESTNKS71015.ZP10","1064340"
"NPISH","2022-Q3","TP.FINHESTNKS71015.ZP11","4839550.672"
"NPISH","2022-Q3","TP.FINHESTNKS71015.ZP12","17415.5841"
"NPISH","2022-Q3","TP.FINHESTNKS71015.ZP13","17415.5841"
"NPISH","2022-Q3","TP.FINHESTNKS71015.ZP14","0"
"NPISH","2022-Q3","TP.FINHESTNKS71015.ZP15","23223010.269"
"NPISH","2022-Q3","TP.FINHESTNKS71015.ZP16","23223010.269"
"NPISH","2022-Q3","TP.FINHESTNKS71015.ZP17","0"
"NPISH","2022-Q3","TP.FINHESTNKS71015.ZP18","0"
"NPISH","2022-Q3","TP.FINHESTNKS71015.ZP19","0"
"NPISH","2022-Q3","TP.FINHESTNKS71015.ZP20","0"
"NPISH","2022-Q3","TP.FINHESTNKS71015.ZP21","0"
"NPISH","2022-Q3","TP.FINHESTNKS71015.ZP22","1417299"
"NPISH","2022-Q3","TP.FINHESTNKS71015.ZP23","110157179.5515"
"NPISH","2022-Q3","TP.FINHESTNKS71015.ZP24","0"
"NPISH","2022-Q3","TP.FINHESTNKS71015.ZP26","0"
"NPISH","2022-Q3","TP.FINHESTNKS71015.ZP27","0"
"NPISH","2022-Q3","TP.FINHESTNKS71015.ZP28","0"
"NPISH","2022-Q3","TP.FINHESTNKS71015.ZP29","0"
"NPISH","2022-Q3","TP.FINHESTNKS71015.ZP30","0"
"NPISH","2022-Q3","TP.FINHESTNKS71015.ZP31","0"
"NPISH","2022-Q3","TP.FINHESTNKS71015.ZP32","0"
"NPISH","2022-Q3","TP.FINHESTNKS71015.ZP33","0"
"NPISH","2022-Q3","TP.FINHESTNKS71015.ZP34","5306510.483"
"NPISH","2022-Q3","TP.FINHESTNKS71015.ZP35","3128050.4196"
"NPISH","2022-Q3","TP.FINHESTNKS71015.ZP36","2178460.0634"
"NPISH","2022-Q3","TP.FINHESTNKS71015.ZP37","122304433.0567"
"NPISH","2022-Q3","TP.FINHESTNKS71015.ZP38","122304433.0567"
"NPISH","2022-Q3","TP.FINHESTNKS71015.ZP39","0"
"NPISH","2022-Q3","TP.FINHESTNKS71015.ZP40","0"
"NPISH","2022-Q3","TP.FINHESTNKS71015.ZP41","0"
"NPISH","2022-Q3","TP.FINHESTNKS71015.ZP42","0"
"NPISH","2022-Q3","TP.FINHESTNKS71015.ZP43","0"
"NPISH","2022-Q3","TP.FINHESTNKS71015.ZP44","48"
"NPISH","2022-Q3","TP.FINHESTNKS71015.ZP45","127610991.5397"
"NPISH","2022-Q4","TP.FINHESTNKS71015.ZP1","30835130.6384"
"NPISH","2022-Q4","TP.FINHESTNKS71015.ZP2","0"
"NPISH","2022-Q4","TP.FINHESTNKS71015.ZP3","0"
"NPISH","2022-Q4","TP.FINHESTNKS71015.ZP4","0"
"NPISH","2022-Q4","TP.FINHESTNKS71015.ZP5","79274639.8731"
"NPISH","2022-Q4","TP.FINHESTNKS71015.ZP6","378919.6737"
"NPISH","2022-Q4","TP.FINHESTNKS71015.ZP7","15440754"
"NPISH","2022-Q4","TP.FINHESTNKS71015.ZP8","63454966.1994"
"NPISH","2022-Q4","TP.FINHESTNKS71015.ZP9","5345193.037"
"NPISH","2022-Q4","TP.FINHESTNKS71015.ZP10","997181.0355"
"NPISH","2022-Q4","TP.FINHESTNKS71015.ZP11","4348012.0015"
"NPISH","2022-Q4","TP.FINHESTNKS71015.ZP12","15420.7937"
"NPISH","2022-Q4","TP.FINHESTNKS71015.ZP13","15420.7937"
"NPISH","2022-Q4","TP.FINHESTNKS71015.ZP14","0"
"NPISH","2022-Q4","TP.FINHESTNKS71015.ZP15","39426288.8272"
"NPISH","2022-Q4","TP.FINHESTNKS71015.ZP16","39426288.8272"
"NPISH","2022-Q4","TP.FINHESTNKS71015.ZP17","0"
"NPISH","2022-Q4","TP.FINHESTNKS71015.ZP18","0"
"NPISH","2022-Q4","TP.FINHESTNKS71015.ZP19","0"
"NPISH","2022-Q4","TP.FINHESTNKS71015.ZP20","0"
"NPISH","2022-Q4","TP.FINHESTNKS71015.ZP21","0"
"NPISH","2022-Q4","TP.FINHESTNKS71015.ZP22","1032661"
"NPISH","2022-Q4","TP.FINHESTNKS71015.ZP23","125094203.531"
"NPISH","2022-Q4","TP.FINHESTNKS71015.ZP24","0"
"NPISH","2022-Q4","TP.FINHESTNKS71015.ZP26","0"
"NPISH","2022-Q4","TP.FINHESTNKS71015.ZP27","0"
"NPISH","2022-Q4","TP.FINHESTNKS71015.ZP28","0"
"NPISH","2022-Q4","TP.FINHESTNKS71015.ZP29","0"
"NPISH","2022-Q4","TP.FINHESTNKS71015.ZP30","0"
"NPISH","2022-Q4","TP.FINHESTNKS71015.ZP31","0"
"NPISH","2022-Q4","TP.FINHESTNKS71015.ZP32","0"
"NPISH","2022-Q4","TP.FINHESTNKS71015.ZP33","0"
"NPISH","2022-Q4","TP.FINHESTNKS71015.ZP34","6187899.7958"
"NPISH","2022-Q4","TP.FINHESTNKS71015.ZP35","3955801.6661"
"NPISH","2022-Q4","TP.FINHESTNKS71015.ZP36","2232098.1297"
"NPISH","2022-Q4","TP.FINHESTNKS71015.ZP37","88071134.0968"
"NPISH","2022-Q4","TP.FINHESTNKS71015.ZP38","88071134.0968"
"NPISH","2022-Q4","TP.FINHESTNKS71015.ZP39","0"
"NPISH","2022-Q4","TP.FINHESTNKS71015.ZP40","0"
"NPISH","2022-Q4","TP.FINHESTNKS71015.ZP41","0"
"NPISH","2022-Q4","TP.FINHESTNKS71015.ZP42","0"
"NPISH","2022-Q4","TP.FINHESTNKS71015.ZP43","0"
"NPISH","2022-Q4","TP.FINHESTNKS71015.ZP44","39"
"NPISH","2022-Q4","TP.FINHESTNKS71015.ZP45","94259072.8926"
"NPISH","2023-Q1","TP.FINHESTNKS71015.ZP1","36937398.5243"
"NPISH","2023-Q1","TP.FINHESTNKS71015.ZP2","0"
"NPISH","2023-Q1","TP.FINHESTNKS71015.ZP3","0"
"NPISH","2023-Q1","TP.FINHESTNKS71015.ZP4","0"
"NPISH","2023-Q1","TP.FINHESTNKS71015.ZP5","98386530.4699"
"NPISH","2023-Q1","TP.FINHESTNKS71015.ZP6","433532.1483"
"NPISH","2023-Q1","TP.FINHESTNKS71015.ZP7","20684058"
"NPISH","2023-Q1","TP.FINHESTNKS71015.ZP8","77268940.3216"
"NPISH","2023-Q1","TP.FINHESTNKS71015.ZP9","4599062.98"
"NPISH","2023-Q1","TP.FINHESTNKS71015.ZP10","776090"
"NPISH","2023-Q1","TP.FINHESTNKS71015.ZP11","3822972.98"
"NPISH","2023-Q1","TP.FINHESTNKS71015.ZP12","17727.4977"
"NPISH","2023-Q1","TP.FINHESTNKS71015.ZP13","17727.4977"
"NPISH","2023-Q1","TP.FINHESTNKS71015.ZP14","0"
"NPISH","2023-Q1","TP.FINHESTNKS71015.ZP15","39554750.6498"
"NPISH","2023-Q1","TP.FINHESTNKS71015.ZP16","39554750.6498"
"NPISH","2023-Q1","TP.FINHESTNKS71015.ZP17","0"
"NPISH","2023-Q1","TP.FINHESTNKS71015.ZP18","0"
"NPISH","2023-Q1","TP.FINHESTNKS71015.ZP19","0"
"NPISH","2023-Q1","TP.FINHESTNKS71015.ZP20","0"
"NPISH","2023-Q1","TP.FINHESTNKS71015.ZP21","0"
"NPISH","2023-Q1","TP.FINHESTNKS71015.ZP22","1183958"
"NPISH","2023-Q1","TP.FINHESTNKS71015.ZP23","143742029.5974"
"NPISH","2023-Q1","TP.FINHESTNKS71015.ZP24","0"
"NPISH","2023-Q1","TP.FINHESTNKS71015.ZP26","0"
"NPISH","2023-Q1","TP.FINHESTNKS71015.ZP27","0"
"NPISH","2023-Q1","TP.FINHESTNKS71015.ZP28","0"
"NPISH","2023-Q1","TP.FINHESTNKS71015.ZP29","0"
"NPISH","2023-Q1","TP.FINHESTNKS71015.ZP30","0"
"NPISH","2023-Q1","TP.FINHESTNKS71015.ZP31","0"
"NPISH","2023-Q1","TP.FINHESTNKS71015.ZP32","0"
"NPISH","2023-Q1","TP.FINHESTNKS71015.ZP33","0"
"NPISH","2023-Q1","TP.FINHESTNKS71015.ZP34","6040051.5099"
"NPISH","2023-Q1","TP.FINHESTNKS71015.ZP35","3963986.2033"
"NPISH","2023-Q1","TP.FINHESTNKS71015.ZP36","2076065.3066"
"NPISH","2023-Q1","TP.FINHESTNKS71015.ZP37","100764543.5633"
"NPISH","2023-Q1","TP.FINHESTNKS71015.ZP38","100764543.5633"
"NPISH","2023-Q1","TP.FINHESTNKS71015.ZP39","0"
"NPISH","2023-Q1","TP.FINHESTNKS71015.ZP40","0"
"NPISH","2023-Q1","TP.FINHESTNKS71015.ZP41","0"
"NPISH","2023-Q1","TP.FINHESTNKS71015.ZP42","0"
"NPISH","2023-Q1","TP.FINHESTNKS71015.ZP43","0"
"NPISH","2023-Q1","TP.FINHESTNKS71015.ZP44","36"
"NPISH","2023-Q1","TP.FINHESTNKS71015.ZP45","106804631.0732"
"NPISH","2023-Q2","TP.FINHESTNKS71015.ZP1","43559081.9728"
"NPISH","2023-Q2","TP.FINHESTNKS71015.ZP2","0"
"NPISH","2023-Q2","TP.FINHESTNKS71015.ZP3","0"
"NPISH","2023-Q2","TP.FINHESTNKS71015.ZP4","0"
"NPISH","2023-Q2","TP.FINHESTNKS71015.ZP5","114528170.2373"
"NPISH","2023-Q2","TP.FINHESTNKS71015.ZP6","487786.5275"
"NPISH","2023-Q2","TP.FINHESTNKS71015.ZP7","25243451"
"NPISH","2023-Q2","TP.FINHESTNKS71015.ZP8","88796932.7098"
"NPISH","2023-Q2","TP.FINHESTNKS71015.ZP9","4867402.635"
"NPISH","2023-Q2","TP.FINHESTNKS71015.ZP10","416470"
"NPISH","2023-Q2","TP.FINHESTNKS71015.ZP11","4450932.635"
"NPISH","2023-Q2","TP.FINHESTNKS71015.ZP12","22610.5718"
"NPISH","2023-Q2","TP.FINHESTNKS71015.ZP13","22610.5718"
"NPISH","2023-Q2","TP.FINHESTNKS71015.ZP14","0"
"NPISH","2023-Q2","TP.FINHESTNKS71015.ZP15","43222736.2644"
"NPISH","2023-Q2","TP.FINHESTNKS71015.ZP16","43222736.2644"
"NPISH","2023-Q2","TP.FINHESTNKS71015.ZP17","0"
"NPISH","2023-Q2","TP.FINHESTNKS71015.ZP18","0"
"NPISH","2023-Q2","TP.FINHESTNKS71015.ZP19","0"
"NPISH","2023-Q2","TP.FINHESTNKS71015.ZP20","0"
"NPISH","2023-Q2","TP.FINHESTNKS71015.ZP21","0"
"NPISH","2023-Q2","TP.FINHESTNKS71015.ZP22","1459800"
"NPISH","2023-Q2","TP.FINHESTNKS71015.ZP23","164100719.7084"
"NPISH","2023-Q2","TP.FINHESTNKS71015.ZP24","0"
"NPISH","2023-Q2","TP.FINHESTNKS71015.ZP26","0"
"NPISH","2023-Q2","TP.FINHESTNKS71015.ZP27","0"
"NPISH","2023-Q2","TP.FINHESTNKS71015.ZP28","0"
"NPISH","2023-Q2","TP.FINHESTNKS71015.ZP29","0"
"NPISH","2023-Q2","TP.FINHESTNKS71015.ZP30","0"
"NPISH","2023-Q2","TP.FINHESTNKS71015.ZP31","0"
"NPISH","2023-Q2","TP.FINHESTNKS71015.ZP32","0"
"NPISH","2023-Q2","TP.FINHESTNKS71015.ZP33","0"
"NPISH","2023-Q2","TP.FINHESTNKS71015.ZP34","7166876.7084"
"NPISH","2023-Q2","TP.FINHESTNKS71015.ZP35","4826117.6363"
"NPISH","2023-Q2","TP.FINHESTNKS71015.ZP36","2340759.0721"
"NPISH","2023-Q2","TP.FINHESTNKS71015.ZP37","113374722.0272"
"NPISH","2023-Q2","TP.FINHESTNKS71015.ZP38","113374722.0272"
"NPISH","2023-Q2","TP.FINHESTNKS71015.ZP39","0"
"NPISH","2023-Q2","TP.FINHESTNKS71015.ZP40","0"
"NPISH","2023-Q2","TP.FINHESTNKS71015.ZP41","0"
"NPISH","2023-Q2","TP.FINHESTNKS71015.ZP42","0"
"NPISH","2023-Q2","TP.FINHESTNKS71015.ZP43","0"
"NPISH","2023-Q2","TP.FINHESTNKS71015.ZP44","39"
"NPISH","2023-Q2","TP.FINHESTNKS71015.ZP45","120541637.7356"
"NPISH","2023-Q3","TP.FINHESTNKS71015.ZP1","77970429.9008"
"NPISH","2023-Q3","TP.FINHESTNKS71015.ZP2","0"
"NPISH","2023-Q3","TP.FINHESTNKS71015.ZP3","0"
"NPISH","2023-Q3","TP.FINHESTNKS71015.ZP4","0"
"NPISH","2023-Q3","TP.FINHESTNKS71015.ZP5","133097534.9273"
"NPISH","2023-Q3","TP.FINHESTNKS71015.ZP6","575392.8403"
"NPISH","2023-Q3","TP.FINHESTNKS71015.ZP7","31080573"
"NPISH","2023-Q3","TP.FINHESTNKS71015.ZP8","101441569.087"
"NPISH","2023-Q3","TP.FINHESTNKS71015.ZP9","5441419.416"
"NPISH","2023-Q3","TP.FINHESTNKS71015.ZP10","353260"
"NPISH","2023-Q3","TP.FINHESTNKS71015.ZP11","5088159.416"
"NPISH","2023-Q3","TP.FINHESTNKS71015.ZP12","26742.4108"
"NPISH","2023-Q3","TP.FINHESTNKS71015.ZP13","26742.4108"
"NPISH","2023-Q3","TP.FINHESTNKS71015.ZP14","0"
"NPISH","2023-Q3","TP.FINHESTNKS71015.ZP15","78389916.237"
"NPISH","2023-Q3","TP.FINHESTNKS71015.ZP16","78389916.237"
"NPISH","2023-Q3","TP.FINHESTNKS71015.ZP17","0"
"NPISH","2023-Q3","TP.FINHESTNKS71015.ZP18","0"
"NPISH","2023-Q3","TP.FINHESTNKS71015.ZP19","0"
"NPISH","2023-Q3","TP.FINHESTNKS71015.ZP20","0"
"NPISH","2023-Q3","TP.FINHESTNKS71015.ZP21","0"
"NPISH","2023-Q3","TP.FINHESTNKS71015.ZP22","2841318"
"NPISH","2023-Q3","TP.FINHESTNKS71015.ZP23","219796930.9911"
"NPISH","2023-Q3","TP.FINHESTNKS71015.ZP24","0"
"NPISH","2023-Q3","TP.FINHESTNKS71015.ZP26","0"
"NPISH","2023-Q3","TP.FINHESTNKS71015.ZP27","0"
"NPISH","2023-Q3","TP.FINHESTNKS71015.ZP28","0"
"NPISH","2023-Q3","TP.FINHESTNKS71015.ZP29","0"
"NPISH","2023-Q3","TP.FINHESTNKS71015.ZP30","0"
"NPISH","2023-Q3","TP.FINHESTNKS71015.ZP31","0"
"NPISH","2023-Q3","TP.FINHESTNKS71015.ZP32","0"
"NPISH","2023-Q3","TP.FINHESTNKS71015.ZP33","0"
"NPISH","2023-Q3","TP.FINHESTNKS71015.ZP34","8089672.2736"
"NPISH","2023-Q3","TP.FINHESTNKS71015.ZP35","5525326.7328"
"NPISH","2023-Q3","TP.FINHESTNKS71015.ZP36","2564345.5408"
"NPISH","2023-Q3","TP.FINHESTNKS71015.ZP37","133736787.8167"
"NPISH","2023-Q3","TP.FINHESTNKS71015.ZP38","133736787.8167"
"NPISH","2023-Q3","TP.FINHESTNKS71015.ZP39","0"
"NPISH","2023-Q3","TP.FINHESTNKS71015.ZP40","0"
"NPISH","2023-Q3","TP.FINHESTNKS71015.ZP41","0"
"NPISH","2023-Q3","TP.FINHESTNKS71015.ZP42","0"
"NPISH","2023-Q3","TP.FINHESTNKS71015.ZP43","0"
"NPISH","2023-Q3","TP.FINHESTNKS71015.ZP44","41"
"NPISH","2023-Q3","TP.FINHESTNKS71015.ZP45","141826501.0903"
"NPISH","2023-Q4","TP.FINHESTNKS71015.ZP1","8831851.0934"
"NPISH","2023-Q4","TP.FINHESTNKS71015.ZP2","0"
"NPISH","2023-Q4","TP.FINHESTNKS71015.ZP3","0"
"NPISH","2023-Q4","TP.FINHESTNKS71015.ZP4","0"
"NPISH","2023-Q4","TP.FINHESTNKS71015.ZP5","151472994.1457"
"NPISH","2023-Q4","TP.FINHESTNKS71015.ZP6","1041272.4508"
"NPISH","2023-Q4","TP.FINHESTNKS71015.ZP7","31526057"
"NPISH","2023-Q4","TP.FINHESTNKS71015.ZP8","118905664.6949"
"NPISH","2023-Q4","TP.FINHESTNKS71015.ZP9","6416227.546"
"NPISH","2023-Q4","TP.FINHESTNKS71015.ZP10","494890"
"NPISH","2023-Q4","TP.FINHESTNKS71015.ZP11","5921337.546"
"NPISH","2023-Q4","TP.FINHESTNKS71015.ZP12","20655.5591"
"NPISH","2023-Q4","TP.FINHESTNKS71015.ZP13","20655.5591"
"NPISH","2023-Q4","TP.FINHESTNKS71015.ZP14","0"
"NPISH","2023-Q4","TP.FINHESTNKS71015.ZP15","72286687.4933"
"NPISH","2023-Q4","TP.FINHESTNKS71015.ZP16","72286687.4933"
"NPISH","2023-Q4","TP.FINHESTNKS71015.ZP17","0"
"NPISH","2023-Q4","TP.FINHESTNKS71015.ZP18","0"
"NPISH","2023-Q4","TP.FINHESTNKS71015.ZP19","0"
"NPISH","2023-Q4","TP.FINHESTNKS71015.ZP20","0"
"NPISH","2023-Q4","TP.FINHESTNKS71015.ZP21","0"
"NPISH","2023-Q4","TP.FINHESTNKS71015.ZP22","1268918"
"NPISH","2023-Q4","TP.FINHESTNKS71015.ZP23","231465482.744"
"NPISH","2023-Q4","TP.FINHESTNKS71015.ZP24","0"
"NPISH","2023-Q4","TP.FINHESTNKS71015.ZP26","0"
"NPISH","2023-Q4","TP.FINHESTNKS71015.ZP27","0"
"NPISH","2023-Q4","TP.FINHESTNKS71015.ZP28","0"
"NPISH","2023-Q4","TP.FINHESTNKS71015.ZP29","0"
"NPISH","2023-Q4","TP.FINHESTNKS71015.ZP30","0"
"NPISH","2023-Q4","TP.FINHESTNKS71015.ZP31","0"
"NPISH","2023-Q4","TP.FINHESTNKS71015.ZP32","0"
"NPISH","2023-Q4","TP.FINHESTNKS71015.ZP33","0"
"NPISH","2023-Q4","TP.FINHESTNKS71015.ZP34","8226237.1904"
"NPISH","2023-Q4","TP.FINHESTNKS71015.ZP35","5650683.2183"
"NPISH","2023-Q4","TP.FINHESTNKS71015.ZP36","2575553.9721"
"NPISH","2023-Q4","TP.FINHESTNKS71015.ZP37","214407350.4602"
"NPISH","2023-Q4","TP.FINHESTNKS71015.ZP38","214407350.4602"
"NPISH","2023-Q4","TP.FINHESTNKS71015.ZP39","0"
"NPISH","2023-Q4","TP.FINHESTNKS71015.ZP40","0"
"NPISH","2023-Q4","TP.FINHESTNKS71015.ZP41","0"
"NPISH","2023-Q4","TP.FINHESTNKS71015.ZP42","0"
"NPISH","2023-Q4","TP.FINHESTNKS71015.ZP43","0"
"NPISH","2023-Q4","TP.FINHESTNKS71015.ZP44","44"
"NPISH","2023-Q4","TP.FINHESTNKS71015.ZP45","222633631.6507"
"NPISH","2024-Q1","TP.FINHESTNKS71015.ZP1","12603982.3648"
"NPISH","2024-Q1","TP.FINHESTNKS71015.ZP2","0"
"NPISH","2024-Q1","TP.FINHESTNKS71015.ZP3","0"
"NPISH","2024-Q1","TP.FINHESTNKS71015.ZP4","0"
"NPISH","2024-Q1","TP.FINHESTNKS71015.ZP5","171270990.6166"
"NPISH","2024-Q1","TP.FINHESTNKS71015.ZP6","1205664.6964"
"NPISH","2024-Q1","TP.FINHESTNKS71015.ZP7","38241840"
"NPISH","2024-Q1","TP.FINHESTNKS71015.ZP8","131823485.9202"
"NPISH","2024-Q1","TP.FINHESTNKS71015.ZP9","7760596.944"
"NPISH","2024-Q1","TP.FINHESTNKS71015.ZP10","914151.068"
"NPISH","2024-Q1","TP.FINHESTNKS71015.ZP11","6846445.876"
"NPISH","2024-Q1","TP.FINHESTNKS71015.ZP12","27343.8815"
"NPISH","2024-Q1","TP.FINHESTNKS71015.ZP13","27343.8815"
"NPISH","2024-Q1","TP.FINHESTNKS71015.ZP14","0"
"NPISH","2024-Q1","TP.FINHESTNKS71015.ZP15","88490132.1645"
"NPISH","2024-Q1","TP.FINHESTNKS71015.ZP16","88490132.1645"
"NPISH","2024-Q1","TP.FINHESTNKS71015.ZP17","0"
"NPISH","2024-Q1","TP.FINHESTNKS71015.ZP18","0"
"NPISH","2024-Q1","TP.FINHESTNKS71015.ZP19","0"
"NPISH","2024-Q1","TP.FINHESTNKS71015.ZP20","0"
"NPISH","2024-Q1","TP.FINHESTNKS71015.ZP21","0"
"NPISH","2024-Q1","TP.FINHESTNKS71015.ZP22","1585146"
"NPISH","2024-Q1","TP.FINHESTNKS71015.ZP23","269134209.6066"
"NPISH","2024-Q1","TP.FINHESTNKS71015.ZP24","0"
"NPISH","2024-Q1","TP.FINHESTNKS71015.ZP26","0"
"NPISH","2024-Q1","TP.FINHESTNKS71015.ZP27","0"
"NPISH","2024-Q1","TP.FINHESTNKS71015.ZP28","0"
"NPISH","2024-Q1","TP.FINHESTNKS71015.ZP29","0"
"NPISH","2024-Q1","TP.FINHESTNKS71015.ZP30","0"
"NPISH","2024-Q1","TP.FINHESTNKS71015.ZP31","0"
"NPISH","2024-Q1","TP.FINHESTNKS71015.ZP32","0"
"NPISH","2024-Q1","TP.FINHESTNKS71015.ZP33","0"
"NPISH","2024-Q1","TP.FINHESTNKS71015.ZP34","8273011.8142"
"NPISH","2024-Q1","TP.FINHESTNKS71015.ZP35","5714608.95"
"NPISH","2024-Q1","TP.FINHESTNKS71015.ZP36","2558402.8642"
"NPISH","2024-Q1","TP.FINHESTNKS71015.ZP37","248257190.4276"
"NPISH","2024-Q1","TP.FINHESTNKS71015.ZP38","248257190.4276"
"NPISH","2024-Q1","TP.FINHESTNKS71015.ZP39","0"
"NPISH","2024-Q1","TP.FINHESTNKS71015.ZP40","0"
"NPISH","2024-Q1","TP.FINHESTNKS71015.ZP41","0"
"NPISH","2024-Q1","TP.FINHESTNKS71015.ZP42","0"
"NPISH","2024-Q1","TP.FINHESTNKS71015.ZP43","0"
"NPISH","2024-Q1","TP.FINHESTNKS71015.ZP44","25"
"NPISH","2024-Q1","TP.FINHESTNKS71015.ZP45","256530227.2418"
"NPISH","2024-Q2","TP.FINHESTNKS71015.ZP1","31118823.4024"
"NPISH","2024-Q2","TP.FINHESTNKS71015.ZP2","0"
"NPISH","2024-Q2","TP.FINHESTNKS71015.ZP3","0"
"NPISH","2024-Q2","TP.FINHESTNKS71015.ZP4","0"
"NPISH","2024-Q2","TP.FINHESTNKS71015.ZP5","188280584.8832"
"NPISH","2024-Q2","TP.FINHESTNKS71015.ZP6","1376528.0153"
"NPISH","2024-Q2","TP.FINHESTNKS71015.ZP7","39920224"
"NPISH","2024-Q2","TP.FINHESTNKS71015.ZP8","146983832.8679"
"NPISH","2024-Q2","TP.FINHESTNKS71015.ZP9","8320365.649"
"NPISH","2024-Q2","TP.FINHESTNKS71015.ZP10","992327.813"
"NPISH","2024-Q2","TP.FINHESTNKS71015.ZP11","7328037.836"
"NPISH","2024-Q2","TP.FINHESTNKS71015.ZP12","32140.5971"
"NPISH","2024-Q2","TP.FINHESTNKS71015.ZP13","32140.5971"
"NPISH","2024-Q2","TP.FINHESTNKS71015.ZP14","0"
"NPISH","2024-Q2","TP.FINHESTNKS71015.ZP15","122769081.0601"
"NPISH","2024-Q2","TP.FINHESTNKS71015.ZP16","122769081.0601"
"NPISH","2024-Q2","TP.FINHESTNKS71015.ZP17","0"
"NPISH","2024-Q2","TP.FINHESTNKS71015.ZP18","0"
"NPISH","2024-Q2","TP.FINHESTNKS71015.ZP19","0"
"NPISH","2024-Q2","TP.FINHESTNKS71015.ZP20","0"
"NPISH","2024-Q2","TP.FINHESTNKS71015.ZP21","0"
"NPISH","2024-Q2","TP.FINHESTNKS71015.ZP22","2945936"
"NPISH","2024-Q2","TP.FINHESTNKS71015.ZP23","322348108.1893"
"NPISH","2024-Q2","TP.FINHESTNKS71015.ZP24","0"
"NPISH","2024-Q2","TP.FINHESTNKS71015.ZP26","0"
"NPISH","2024-Q2","TP.FINHESTNKS71015.ZP27","0"
"NPISH","2024-Q2","TP.FINHESTNKS71015.ZP28","0"
"NPISH","2024-Q2","TP.FINHESTNKS71015.ZP29","0"
"NPISH","2024-Q2","TP.FINHESTNKS71015.ZP30","0"
"NPISH","2024-Q2","TP.FINHESTNKS71015.ZP31","0"
"NPISH","2024-Q2","TP.FINHESTNKS71015.ZP32","0"
"NPISH","2024-Q2","TP.FINHESTNKS71015.ZP33","0"
"NPISH","2024-Q2","TP.FINHESTNKS71015.ZP34","7789777.2837"
"NPISH","2024-Q2","TP.FINHESTNKS71015.ZP35","5282149.1916"
"NPISH","2024-Q2","TP.FINHESTNKS71015.ZP36","2507628.0921"
"NPISH","2024-Q2","TP.FINHESTNKS71015.ZP37","283439482.5032"
"NPISH","2024-Q2","TP.FINHESTNKS71015.ZP38","283439482.5032"
"NPISH","2024-Q2","TP.FINHESTNKS71015.ZP39","0"
"NPISH","2024-Q2","TP.FINHESTNKS71015.ZP40","0"
"NPISH","2024-Q2","TP.FINHESTNKS71015.ZP41","0"
"NPISH","2024-Q2","TP.FINHESTNKS71015.ZP42","0"
"NPISH","2024-Q2","TP.FINHESTNKS71015.ZP43","0"
"NPISH","2024-Q2","TP.FINHESTNKS71015.ZP44","25"
"NPISH","2024-Q2","TP.FINHESTNKS71015.ZP45","291229284.7869"
"NPISH","2024-Q3","TP.FINHESTNKS71015.ZP1","4904106.4528"
"NPISH","2024-Q3","TP.FINHESTNKS71015.ZP2","0"
"NPISH","2024-Q3","TP.FINHESTNKS71015.ZP3","0"
"NPISH","2024-Q3","TP.FINHESTNKS71015.ZP4","0"
"NPISH","2024-Q3","TP.FINHESTNKS71015.ZP5","221600897.9487"
"NPISH","2024-Q3","TP.FINHESTNKS71015.ZP6","1546158.949"
"NPISH","2024-Q3","TP.FINHESTNKS71015.ZP7","45341829"
"NPISH","2024-Q3","TP.FINHESTNKS71015.ZP8","174712909.9997"
"NPISH","2024-Q3","TP.FINHESTNKS71015.ZP9","10183180.9"
"NPISH","2024-Q3","TP.FINHESTNKS71015.ZP10","984336.637"
"NPISH","2024-Q3","TP.FINHESTNKS71015.ZP11","9198844.263"
"NPISH","2024-Q3","TP.FINHESTNKS71015.ZP12","22864.7661"
"NPISH","2024-Q3","TP.FINHESTNKS71015.ZP13","22864.7661"
"NPISH","2024-Q3","TP.FINHESTNKS71015.ZP14","0"
"NPISH","2024-Q3","TP.FINHESTNKS71015.ZP15","109760565.628"
"NPISH","2024-Q3","TP.FINHESTNKS71015.ZP16","109760565.628"
"NPISH","2024-Q3","TP.FINHESTNKS71015.ZP17","0"
"NPISH","2024-Q3","TP.FINHESTNKS71015.ZP18","0"
"NPISH","2024-Q3","TP.FINHESTNKS71015.ZP19","0"
"NPISH","2024-Q3","TP.FINHESTNKS71015.ZP20","0"
"NPISH","2024-Q3","TP.FINHESTNKS71015.ZP21","0"
"NPISH","2024-Q3","TP.FINHESTNKS71015.ZP22","3179761"
"NPISH","2024-Q3","TP.FINHESTNKS71015.ZP23","344747270.2428"
"NPISH","2024-Q3","TP.FINHESTNKS71015.ZP24","0"
"NPISH","2024-Q3","TP.FINHESTNKS71015.ZP26","0"
"NPISH","2024-Q3","TP.FINHESTNKS71015.ZP27","0"
"NPISH","2024-Q3","TP.FINHESTNKS71015.ZP28","0"
"NPISH","2024-Q3","TP.FINHESTNKS71015.ZP29","0"
"NPISH","2024-Q3","TP.FINHESTNKS71015.ZP30","0"
"NPISH","2024-Q3","TP.FINHESTNKS71015.ZP31","0"
"NPISH","2024-Q3","TP.FINHESTNKS71015.ZP32","0"
"NPISH","2024-Q3","TP.FINHESTNKS71015.ZP33","0"
"NPISH","2024-Q3","TP.FINHESTNKS71015.ZP34","21475009.3884"
"NPISH","2024-Q3","TP.FINHESTNKS71015.ZP35","13422363.7326"
"NPISH","2024-Q3","TP.FINHESTNKS71015.ZP36","8052645.6558"
"NPISH","2024-Q3","TP.FINHESTNKS71015.ZP37","318368015.4016"
"NPISH","2024-Q3","TP.FINHESTNKS71015.ZP38","318368015.4016"
"NPISH","2024-Q3","TP.FINHESTNKS71015.ZP39","0"
"NPISH","2024-Q3","TP.FINHESTNKS71015.ZP40","0"
"NPISH","2024-Q3","TP.FINHESTNKS71015.ZP41","0"
"NPISH","2024-Q3","TP.FINHESTNKS71015.ZP42","0"
"NPISH","2024-Q3","TP.FINHESTNKS71015.ZP43","0"
"NPISH","2024-Q3","TP.FINHESTNKS71015.ZP44","139"
"NPISH","2024-Q3","TP.FINHESTNKS71015.ZP45","339843163.79"
"NPISH","2024-Q4","TP.FINHESTNKS71015.ZP1","63040575.4638"
"NPISH","2024-Q4","TP.FINHESTNKS71015.ZP2","0"
"NPISH","2024-Q4","TP.FINHESTNKS71015.ZP3","0"
"NPISH","2024-Q4","TP.FINHESTNKS71015.ZP4","0"
"NPISH","2024-Q4","TP.FINHESTNKS71015.ZP5","243789822.7642"
"NPISH","2024-Q4","TP.FINHESTNKS71015.ZP6","1041272.4508"
"NPISH","2024-Q4","TP.FINHESTNKS71015.ZP7","47811317"
"NPISH","2024-Q4","TP.FINHESTNKS71015.ZP8","194937233.3134"
"NPISH","2024-Q4","TP.FINHESTNKS71015.ZP9","8829032.23"
"NPISH","2024-Q4","TP.FINHESTNKS71015.ZP10","780109.0553"
"NPISH","2024-Q4","TP.FINHESTNKS71015.ZP11","8048923.1747"
"NPISH","2024-Q4","TP.FINHESTNKS71015.ZP12","2948375.5078"
"NPISH","2024-Q4","TP.FINHESTNKS71015.ZP13","2948375.5078"
"NPISH","2024-Q4","TP.FINHESTNKS71015.ZP14","0"
"NPISH","2024-Q4","TP.FINHESTNKS71015.ZP15","106690229.5264"
"NPISH","2024-Q4","TP.FINHESTNKS71015.ZP16","106690229.5264"
"NPISH","2024-Q4","TP.FINHESTNKS71015.ZP17","0"
"NPISH","2024-Q4","TP.FINHESTNKS71015.ZP18","0"
"NPISH","2024-Q4","TP.FINHESTNKS71015.ZP19","0"
"NPISH","2024-Q4","TP.FINHESTNKS71015.ZP20","0"
"NPISH","2024-Q4","TP.FINHESTNKS71015.ZP21","0"
"NPISH","2024-Q4","TP.FINHESTNKS71015.ZP22","2308897"
"NPISH","2024-Q4","TP.FINHESTNKS71015.ZP23","364566357.0284"
"NPISH","2024-Q4","TP.FINHESTNKS71015.ZP24","0"
"NPISH","2024-Q4","TP.FINHESTNKS71015.ZP26","0"
"NPISH","2024-Q4","TP.FINHESTNKS71015.ZP27","0"
"NPISH","2024-Q4","TP.FINHESTNKS71015.ZP28","0"
"NPISH","2024-Q4","TP.FINHESTNKS71015.ZP29","0"
"NPISH","2024-Q4","TP.FINHESTNKS71015.ZP30","0"
"NPISH","2024-Q4","TP.FINHESTNKS71015.ZP31","0"
"NPISH","2024-Q4","TP.FINHESTNKS71015.ZP32","0"
"NPISH","2024-Q4","TP.FINHESTNKS71015.ZP33","0"
"NPISH","2024-Q4","TP.FINHESTNKS71015.ZP34","22623990.3844"
"NPISH","2024-Q4","TP.FINHESTNKS71015.ZP35","14140502.6899"
"NPISH","2024-Q4","TP.FINHESTNKS71015.ZP36","8483487.6945"
"NPISH","2024-Q4","TP.FINHESTNKS71015.ZP37","278901642.1802"
"NPISH","2024-Q4","TP.FINHESTNKS71015.ZP38","278901642.1802"
"NPISH","2024-Q4","TP.FINHESTNKS71015.ZP39","0"
"NPISH","2024-Q4","TP.FINHESTNKS71015.ZP40","0"
"NPISH","2024-Q4","TP.FINHESTNKS71015.ZP41","0"
"NPISH","2024-Q4","TP.FINHESTNKS71015.ZP42","0"
"NPISH","2024-Q4","TP.FINHESTNKS71015.ZP43","0"
"NPISH","2024-Q4","TP.FINHESTNKS71015.ZP44","149"
"NPISH","2024-Q4","TP.FINHESTNKS71015.ZP45","301525781.5646"
"NPISH","2025-Q1","TP.FINHESTNKS71015.ZP1","43485374.4643"
"NPISH","2025-Q1","TP.FINHESTNKS71015.ZP2","0"
"NPISH","2025-Q1","TP.FINHESTNKS71015.ZP3","0"
"NPISH","2025-Q1","TP.FINHESTNKS71015.ZP4","0"
"NPISH","2025-Q1","TP.FINHESTNKS71015.ZP5","261849813.09"
"NPISH","2025-Q1","TP.FINHESTNKS71015.ZP6","1121822.1142"
"NPISH","2025-Q1","TP.FINHESTNKS71015.ZP7","52732175"
"NPISH","2025-Q1","TP.FINHESTNKS71015.ZP8","207995815.9757"
"NPISH","2025-Q1","TP.FINHESTNKS71015.ZP9","8637267.96"
"NPISH","2025-Q1","TP.FINHESTNKS71015.ZP10","186518.8499"
"NPISH","2025-Q1","TP.FINHESTNKS71015.ZP11","8450749.1101"
"NPISH","2025-Q1","TP.FINHESTNKS71015.ZP12","1502344.6827"
"NPISH","2025-Q1","TP.FINHESTNKS71015.ZP13","1502344.6827"
"NPISH","2025-Q1","TP.FINHESTNKS71015.ZP14","0"
"NPISH","2025-Q1","TP.FINHESTNKS71015.ZP15","95447552.313"
"NPISH","2025-Q1","TP.FINHESTNKS71015.ZP16","95447552.313"
"NPISH","2025-Q1","TP.FINHESTNKS71015.ZP17","0"
"NPISH","2025-Q1","TP.FINHESTNKS71015.ZP18","0"
"NPISH","2025-Q1","TP.FINHESTNKS71015.ZP19","0"
"NPISH","2025-Q1","TP.FINHESTNKS71015.ZP20","0"
"NPISH","2025-Q1","TP.FINHESTNKS71015.ZP21","0"
"NPISH","2025-Q1","TP.FINHESTNKS71015.ZP22","3892588"
"NPISH","2025-Q1","TP.FINHESTNKS71015.ZP23","371329566.0456"
"NPISH","2025-Q1","TP.FINHESTNKS71015.ZP24","0"
"NPISH","2025-Q1","TP.FINHESTNKS71015.ZP26","0"
"NPISH","2025-Q1","TP.FINHESTNKS71015.ZP27","0"
"NPISH","2025-Q1","TP.FINHESTNKS71015.ZP28","0"
"NPISH","2025-Q1","TP.FINHESTNKS71015.ZP29","0"
"NPISH","2025-Q1","TP.FINHESTNKS71015.ZP30","0"
"NPISH","2025-Q1","TP.FINHESTNKS71015.ZP31","0"
"NPISH","2025-Q1","TP.FINHESTNKS71015.ZP32","0"
"NPISH","2025-Q1","TP.FINHESTNKS71015.ZP33","0"
"NPISH","2025-Q1","TP.FINHESTNKS71015.ZP34","27367444.334"
"NPISH","2025-Q1","TP.FINHESTNKS71015.ZP35","16946422.8529"
"NPISH","2025-Q1","TP.FINHESTNKS71015.ZP36","10421021.4811"
"NPISH","2025-Q1","TP.FINHESTNKS71015.ZP37","300476623.2473"
"NPISH","2025-Q1","TP.FINHESTNKS71015.ZP38","300476623.2473"
"NPISH","2025-Q1","TP.FINHESTNKS71015.ZP39","0"
"NPISH","2025-Q1","TP.FINHESTNKS71015.ZP40","0"
"NPISH","2025-Q1","TP.FINHESTNKS71015.ZP41","0"
"NPISH","2025-Q1","TP.FINHESTNKS71015.ZP42","0"
"NPISH","2025-Q1","TP.FINHESTNKS71015.ZP43","0"
"NPISH","2025-Q1","TP.FINHESTNKS71015.ZP44","124"
"NPISH","2025-Q1","TP.FINHESTNKS71015.ZP45","327844191.5813"
"NPISH","2025-Q2","TP.FINHESTNKS71015.ZP1","48449524.5774"
"NPISH","2025-Q2","TP.FINHESTNKS71015.ZP2","0"
"NPISH","2025-Q2","TP.FINHESTNKS71015.ZP3","0"
"NPISH","2025-Q2","TP.FINHESTNKS71015.ZP4","0"
"NPISH","2025-Q2","TP.FINHESTNKS71015.ZP5","295916265.0011"
"NPISH","2025-Q2","TP.FINHESTNKS71015.ZP6","1224914.8099"
"NPISH","2025-Q2","TP.FINHESTNKS71015.ZP7","58275969"
"NPISH","2025-Q2","TP.FINHESTNKS71015.ZP8","236415381.1912"
"NPISH","2025-Q2","TP.FINHESTNKS71015.ZP9","9815758.544"
"NPISH","2025-Q2","TP.FINHESTNKS71015.ZP10","236950"
"NPISH","2025-Q2","TP.FINHESTNKS71015.ZP11","9578808.544"
"NPISH","2025-Q2","TP.FINHESTNKS71015.ZP12","1584176.9806"
"NPISH","2025-Q2","TP.FINHESTNKS71015.ZP13","1584176.9806"
"NPISH","2025-Q2","TP.FINHESTNKS71015.ZP14","0"
"NPISH","2025-Q2","TP.FINHESTNKS71015.ZP15","105955204.1276"
"NPISH","2025-Q2","TP.FINHESTNKS71015.ZP16","105955204.1276"
"NPISH","2025-Q2","TP.FINHESTNKS71015.ZP17","0"
"NPISH","2025-Q2","TP.FINHESTNKS71015.ZP18","0"
"NPISH","2025-Q2","TP.FINHESTNKS71015.ZP19","0"
"NPISH","2025-Q2","TP.FINHESTNKS71015.ZP20","0"
"NPISH","2025-Q2","TP.FINHESTNKS71015.ZP21","0"
"NPISH","2025-Q2","TP.FINHESTNKS71015.ZP22","3777396"
"NPISH","2025-Q2","TP.FINHESTNKS71015.ZP23","417048800.6533"
"NPISH","2025-Q2","TP.FINHESTNKS71015.ZP24","0"
"NPISH","2025-Q2","TP.FINHESTNKS71015.ZP26","0"
"NPISH","2025-Q2","TP.FINHESTNKS71015.ZP27","0"
"NPISH","2025-Q2","TP.FINHESTNKS71015.ZP28","0"
"NPISH","2025-Q2","TP.FINHESTNKS71015.ZP29","0"
"NPISH","2025-Q2","TP.FINHESTNKS71015.ZP30","0"
"NPISH","2025-Q2","TP.FINHESTNKS71015.ZP31","0"
"NPISH","2025-Q2","TP.FINHESTNKS71015.ZP32","0"
"NPISH","2025-Q2","TP.FINHESTNKS71015.ZP33","0"
"NPISH","2025-Q2","TP.FINHESTNKS71015.ZP34","40509132.5086"
"NPISH","2025-Q2","TP.FINHESTNKS71015.ZP35","26346919.9431"
"NPISH","2025-Q2","TP.FINHESTNKS71015.ZP36","14162212.5655"
"NPISH","2025-Q2","TP.FINHESTNKS71015.ZP37","328089686.5673"
"NPISH","2025-Q2","TP.FINHESTNKS71015.ZP38","328089686.5673"
"NPISH","2025-Q2","TP.FINHESTNKS71015.ZP39","0"
"NPISH","2025-Q2","TP.FINHESTNKS71015.ZP40","0"
"NPISH","2025-Q2","TP.FINHESTNKS71015.ZP41","0"
"NPISH","2025-Q2","TP.FINHESTNKS71015.ZP42","0"
"NPISH","2025-Q2","TP.FINHESTNKS71015.ZP43","0"
"NPISH","2025-Q2","TP.FINHESTNKS71015.ZP44","457"
"NPISH","2025-Q2","TP.FINHESTNKS71015.ZP45","368599276.0759"
"NPISH","2025-Q3","TP.FINHESTNKS71015.ZP1","53867352.242"
"NPISH","2025-Q3","TP.FINHESTNKS71015.ZP2","0"
"NPISH","2025-Q3","TP.FINHESTNKS71015.ZP3","0"
"NPISH","2025-Q3","TP.FINHESTNKS71015.ZP4","0"
"NPISH","2025-Q3","TP.FINHESTNKS71015.ZP5","332827465.4361"
"NPISH","2025-Q3","TP.FINHESTNKS71015.ZP6","1345516.4006"
"NPISH","2025-Q3","TP.FINHESTNKS71015.ZP7","64003713"
"NPISH","2025-Q3","TP.FINHESTNKS71015.ZP8","267478236.0354"
"NPISH","2025-Q3","TP.FINHESTNKS71015.ZP9","12599792.22"
"NPISH","2025-Q3","TP.FINHESTNKS71015.ZP10","894150"
"NPISH","2025-Q3","TP.FINHESTNKS71015.ZP11","11705642.22"
"NPISH","2025-Q3","TP.FINHESTNKS71015.ZP12","779939.5016"
"NPISH","2025-Q3","TP.FINHESTNKS71015.ZP13","779939.5016"
"NPISH","2025-Q3","TP.FINHESTNKS71015.ZP14","0"
"NPISH","2025-Q3","TP.FINHESTNKS71015.ZP15","110589357.386"
"NPISH","2025-Q3","TP.FINHESTNKS71015.ZP16","110589357.386"
"NPISH","2025-Q3","TP.FINHESTNKS71015.ZP17","0"
"NPISH","2025-Q3","TP.FINHESTNKS71015.ZP18","0"
"NPISH","2025-Q3","TP.FINHESTNKS71015.ZP19","0"
"NPISH","2025-Q3","TP.FINHESTNKS71015.ZP20","0"
"NPISH","2025-Q3","TP.FINHESTNKS71015.ZP21","0"
"NPISH","2025-Q3","TP.FINHESTNKS71015.ZP22","8575140"
"NPISH","2025-Q3","TP.FINHESTNKS71015.ZP23","465371694.5436"
"NPISH","2025-Q3","TP.FINHESTNKS71015.ZP24","0"
"NPISH","2025-Q3","TP.FINHESTNKS71015.ZP26","0"
"NPISH","2025-Q3","TP.FINHESTNKS71015.ZP27","0"
"NPISH","2025-Q3","TP.FINHESTNKS71015.ZP28","0"
"NPISH","2025-Q3","TP.FINHESTNKS71015.ZP29","0"
"NPISH","2025-Q3","TP.FINHESTNKS71015.ZP30","0"
"NPISH","2025-Q3","TP.FINHESTNKS71015.ZP31","0"
"NPISH","2025-Q3","TP.FINHESTNKS71015.ZP32","0"
"NPISH","2025-Q3","TP.FINHESTNKS71015.ZP33","0"
"NPISH","2025-Q3","TP.FINHESTNKS71015.ZP34","51111346.402"
"NPISH","2025-Q3","TP.FINHESTNKS71015.ZP35","32295547.3973"
"NPISH","2025-Q3","TP.FINHESTNKS71015.ZP36","18815799.0046"
"NPISH","2025-Q3","TP.FINHESTNKS71015.ZP37","360392453.8996"
"NPISH","2025-Q3","TP.FINHESTNKS71015.ZP38","360392453.8996"
"NPISH","2025-Q3","TP.FINHESTNKS71015.ZP39","0"
"NPISH","2025-Q3","TP.FINHESTNKS71015.ZP40","0"
"NPISH","2025-Q3","TP.FINHESTNKS71015.ZP41","0"
"NPISH","2025-Q3","TP.FINHESTNKS71015.ZP42","0"
"NPISH","2025-Q3","TP.FINHESTNKS71015.ZP43","0"
"NPISH","2025-Q3","TP.FINHESTNKS71015.ZP44","542"
"NPISH","2025-Q3","TP.FINHESTNKS71015.ZP45","411504342.3016"
"NPISH","2025-Q4","TP.FINHESTNKS71015.ZP1","54066639.1973"
"NPISH","2025-Q4","TP.FINHESTNKS71015.ZP2","0"
"NPISH","2025-Q4","TP.FINHESTNKS71015.ZP3","0"
"NPISH","2025-Q4","TP.FINHESTNKS71015.ZP4","0"
"NPISH","2025-Q4","TP.FINHESTNKS71015.ZP5","388290320.5097"
"NPISH","2025-Q4","TP.FINHESTNKS71015.ZP6","1471765.3411"
"NPISH","2025-Q4","TP.FINHESTNKS71015.ZP7","74188092"
"NPISH","2025-Q4","TP.FINHESTNKS71015.ZP8","312630463.1686"
"NPISH","2025-Q4","TP.FINHESTNKS71015.ZP9","15861435.387"
"NPISH","2025-Q4","TP.FINHESTNKS71015.ZP10","1774998.349"
"NPISH","2025-Q4","TP.FINHESTNKS71015.ZP11","14086437.038"
"NPISH","2025-Q4","TP.FINHESTNKS71015.ZP12","777387.1367"
"NPISH","2025-Q4","TP.FINHESTNKS71015.ZP13","777387.1367"
"NPISH","2025-Q4","TP.FINHESTNKS71015.ZP14","0"
"NPISH","2025-Q4","TP.FINHESTNKS71015.ZP15","111438055.8916"
"NPISH","2025-Q4","TP.FINHESTNKS71015.ZP16","111438055.8916"
"NPISH","2025-Q4","TP.FINHESTNKS71015.ZP17","0"
"NPISH","2025-Q4","TP.FINHESTNKS71015.ZP18","0"
"NPISH","2025-Q4","TP.FINHESTNKS71015.ZP19","0"
"NPISH","2025-Q4","TP.FINHESTNKS71015.ZP20","0"
"NPISH","2025-Q4","TP.FINHESTNKS71015.ZP21","0"
"NPISH","2025-Q4","TP.FINHESTNKS71015.ZP22","4076715"
"NPISH","2025-Q4","TP.FINHESTNKS71015.ZP23","520443913.925"
"NPISH","2025-Q4","TP.FINHESTNKS71015.ZP24","0"
"NPISH","2025-Q4","TP.FINHESTNKS71015.ZP26","0"
"NPISH","2025-Q4","TP.FINHESTNKS71015.ZP27","0"
"NPISH","2025-Q4","TP.FINHESTNKS71015.ZP28","0"
"NPISH","2025-Q4","TP.FINHESTNKS71015.ZP29","0"
"NPISH","2025-Q4","TP.FINHESTNKS71015.ZP30","0"
"NPISH","2025-Q4","TP.FINHESTNKS71015.ZP31","0"
"NPISH","2025-Q4","TP.FINHESTNKS71015.ZP32","0"
"NPISH","2025-Q4","TP.FINHESTNKS71015.ZP33","0"
"NPISH","2025-Q4","TP.FINHESTNKS71015.ZP34","72169298.1431"
"NPISH","2025-Q4","TP.FINHESTNKS71015.ZP35","36417010.443"
"NPISH","2025-Q4","TP.FINHESTNKS71015.ZP36","35752287.7"
"NPISH","2025-Q4","TP.FINHESTNKS71015.ZP37","394207846.5846"
"NPISH","2025-Q4","TP.FINHESTNKS71015.ZP38","394207846.5846"
"NPISH","2025-Q4","TP.FINHESTNKS71015.ZP39","0"
"NPISH","2025-Q4","TP.FINHESTNKS71015.ZP40","0"
"NPISH","2025-Q4","TP.FINHESTNKS71015.ZP41","0"
"NPISH","2025-Q4","TP.FINHESTNKS71015.ZP42","0"
"NPISH","2025-Q4","TP.FINHESTNKS71015.ZP43","0"
"NPISH","2025-Q4","TP.FINHESTNKS71015.ZP44","130"
"NPISH","2025-Q4","TP.FINHESTNKS71015.ZP45","466377274.7277"
"NPISH","2026-Q1","TP.FINHESTNKS71015.ZP1","49226568.0961"
"NPISH","2026-Q1","TP.FINHESTNKS71015.ZP2","0"
"NPISH","2026-Q1","TP.FINHESTNKS71015.ZP3","0"
"NPISH","2026-Q1","TP.FINHESTNKS71015.ZP4","0"
"NPISH","2026-Q1","TP.FINHESTNKS71015.ZP5","425075606.5424"
"NPISH","2026-Q1","TP.FINHESTNKS71015.ZP6","1576278.3644"
"NPISH","2026-Q1","TP.FINHESTNKS71015.ZP7","80042992"
"NPISH","2026-Q1","TP.FINHESTNKS71015.ZP8","343456336.178"
"NPISH","2026-Q1","TP.FINHESTNKS71015.ZP9","17119963.76"
"NPISH","2026-Q1","TP.FINHESTNKS71015.ZP10","3526625.3622"
"NPISH","2026-Q1","TP.FINHESTNKS71015.ZP11","13593338.3978"
"NPISH","2026-Q1","TP.FINHESTNKS71015.ZP12","477723.7624"
"NPISH","2026-Q1","TP.FINHESTNKS71015.ZP13","477723.7624"
"NPISH","2026-Q1","TP.FINHESTNKS71015.ZP14","0"
"NPISH","2026-Q1","TP.FINHESTNKS71015.ZP15","104297619.6444"
"NPISH","2026-Q1","TP.FINHESTNKS71015.ZP16","104297619.6444"
"NPISH","2026-Q1","TP.FINHESTNKS71015.ZP17","0"
"NPISH","2026-Q1","TP.FINHESTNKS71015.ZP18","0"
"NPISH","2026-Q1","TP.FINHESTNKS71015.ZP19","0"
"NPISH","2026-Q1","TP.FINHESTNKS71015.ZP20","0"
"NPISH","2026-Q1","TP.FINHESTNKS71015.ZP21","0"
"NPISH","2026-Q1","TP.FINHESTNKS71015.ZP22","5352032"
"NPISH","2026-Q1","TP.FINHESTNKS71015.ZP23","552322945.7092"
"NPISH","2026-Q1","TP.FINHESTNKS71015.ZP24","0"
"NPISH","2026-Q1","TP.FINHESTNKS71015.ZP26","0"
"NPISH","2026-Q1","TP.FINHESTNKS71015.ZP27","0"
"NPISH","2026-Q1","TP.FINHESTNKS71015.ZP28","0"
"NPISH","2026-Q1","TP.FINHESTNKS71015.ZP29","0"
"NPISH","2026-Q1","TP.FINHESTNKS71015.ZP30","0"
"NPISH","2026-Q1","TP.FINHESTNKS71015.ZP31","0"
"NPISH","2026-Q1","TP.FINHESTNKS71015.ZP32","0"
"NPISH","2026-Q1","TP.FINHESTNKS71015.ZP33","0"
"NPISH","2026-Q1","TP.FINHESTNKS71015.ZP34","80894926.2906"
"NPISH","2026-Q1","TP.FINHESTNKS71015.ZP35","39963314.801"
"NPISH","2026-Q1","TP.FINHESTNKS71015.ZP36","40931611.4896"
"NPISH","2026-Q1","TP.FINHESTNKS71015.ZP37","422201340.3224"
"NPISH","2026-Q1","TP.FINHESTNKS71015.ZP38","422201340.3224"
"NPISH","2026-Q1","TP.FINHESTNKS71015.ZP39","0"
"NPISH","2026-Q1","TP.FINHESTNKS71015.ZP40","0"
"NPISH","2026-Q1","TP.FINHESTNKS71015.ZP41","0"
"NPISH","2026-Q1","TP.FINHESTNKS71015.ZP42","0"
"NPISH","2026-Q1","TP.FINHESTNKS71015.ZP43","0"
"NPISH","2026-Q1","TP.FINHESTNKS71015.ZP44","111"
"NPISH","2026-Q1","TP.FINHESTNKS71015.ZP45","503096377.613"
"D","2010-Q4","TP.FINHESTNKS7102.ZP1","465267210.6732"
"D","2010-Q4","TP.FINHESTNKS7102.ZP2","2321530.9"
"D","2010-Q4","TP.FINHESTNKS7102.ZP3","0"
"D","2010-Q4","TP.FINHESTNKS7102.ZP4","2321530.9"
"D","2010-Q4","TP.FINHESTNKS7102.ZP5","102976345.3457"
"D","2010-Q4","TP.FINHESTNKS7102.ZP6","3049806.7"
"D","2010-Q4","TP.FINHESTNKS7102.ZP7","65781577.3263"
"D","2010-Q4","TP.FINHESTNKS7102.ZP8","34144961.3194"
"D","2010-Q4","TP.FINHESTNKS7102.ZP9","114113079"
"D","2010-Q4","TP.FINHESTNKS7102.ZP10","22597199.236"
"D","2010-Q4","TP.FINHESTNKS7102.ZP11","91515879.764"
"D","2010-Q4","TP.FINHESTNKS7102.ZP12","13081779.9021"
"D","2010-Q4","TP.FINHESTNKS7102.ZP13","7923641.7959"
"D","2010-Q4","TP.FINHESTNKS7102.ZP14","5158138.1062"
"D","2010-Q4","TP.FINHESTNKS7102.ZP15","32671618"
"D","2010-Q4","TP.FINHESTNKS7102.ZP16","32671618"
"D","2010-Q4","TP.FINHESTNKS7102.ZP17","0"
"D","2010-Q4","TP.FINHESTNKS7102.ZP21","1793501"
"D","2010-Q4","TP.FINHESTNKS7102.ZP22","17284314.4104"
"D","2010-Q4","TP.FINHESTNKS7102.ZP23","284242168.5582"
"D","2010-Q4","TP.FINHESTNKS7102.ZP24","0"
"D","2010-Q4","TP.FINHESTNKS7102.ZP26","0"
"D","2010-Q4","TP.FINHESTNKS7102.ZP27","63160950.9088"
"D","2010-Q4","TP.FINHESTNKS7102.ZP28","0"
"D","2010-Q4","TP.FINHESTNKS7102.ZP29","4708910"
"D","2010-Q4","TP.FINHESTNKS7102.ZP30","58452040.9088"
"D","2010-Q4","TP.FINHESTNKS7102.ZP31","88145301.1079"
"D","2010-Q4","TP.FINHESTNKS7102.ZP32","0"
"D","2010-Q4","TP.FINHESTNKS7102.ZP33","88145301.1079"
"D","2010-Q4","TP.FINHESTNKS7102.ZP34","276231550"
"D","2010-Q4","TP.FINHESTNKS7102.ZP35","6227655.7219"
"D","2010-Q4","TP.FINHESTNKS7102.ZP36","270003894.2781"
"D","2010-Q4","TP.FINHESTNKS7102.ZP37","280090366"
"D","2010-Q4","TP.FINHESTNKS7102.ZP38","280090366"
"D","2010-Q4","TP.FINHESTNKS7102.ZP39","0"
"D","2010-Q4","TP.FINHESTNKS7102.ZP43","2830784"
"D","2010-Q4","TP.FINHESTNKS7102.ZP44","39050427.2147"
"D","2010-Q4","TP.FINHESTNKS7102.ZP45","749509379.2314"
"D","2011-Q4","TP.FINHESTNKS7102.ZP1","583727850.5752"
"D","2011-Q4","TP.FINHESTNKS7102.ZP2","2836420.5"
"D","2011-Q4","TP.FINHESTNKS7102.ZP3","0"
"D","2011-Q4","TP.FINHESTNKS7102.ZP4","2836420.5"
"D","2011-Q4","TP.FINHESTNKS7102.ZP5","114160884.8487"
"D","2011-Q4","TP.FINHESTNKS7102.ZP6","3510212"
"D","2011-Q4","TP.FINHESTNKS7102.ZP7","66861909.7297"
"D","2011-Q4","TP.FINHESTNKS7102.ZP8","43788763.119"
"D","2011-Q4","TP.FINHESTNKS7102.ZP9","129776230"
"D","2011-Q4","TP.FINHESTNKS7102.ZP10","25698888.7787"
"D","2011-Q4","TP.FINHESTNKS7102.ZP11","104077341.2213"
"D","2011-Q4","TP.FINHESTNKS7102.ZP12","18672441.6965"
"D","2011-Q4","TP.FINHESTNKS7102.ZP13","8403858.6877"
"D","2011-Q4","TP.FINHESTNKS7102.ZP14","10268583.0088"
"D","2011-Q4","TP.FINHESTNKS7102.ZP15","46103632"
"D","2011-Q4","TP.FINHESTNKS7102.ZP16","46103632"
"D","2011-Q4","TP.FINHESTNKS7102.ZP17","0"
"D","2011-Q4","TP.FINHESTNKS7102.ZP18","0"
"D","2011-Q4","TP.FINHESTNKS7102.ZP19","0"
"D","2011-Q4","TP.FINHESTNKS7102.ZP21","3571835"
"D","2011-Q4","TP.FINHESTNKS7102.ZP22","22000582.9501"
"D","2011-Q4","TP.FINHESTNKS7102.ZP23","337122026.9953"
"D","2011-Q4","TP.FINHESTNKS7102.ZP24","0"
"D","2011-Q4","TP.FINHESTNKS7102.ZP26","0"
"D","2011-Q4","TP.FINHESTNKS7102.ZP27","72180004.7079"
"D","2011-Q4","TP.FINHESTNKS7102.ZP28","0"
"D","2011-Q4","TP.FINHESTNKS7102.ZP29","7382798"
"D","2011-Q4","TP.FINHESTNKS7102.ZP30","64797206.7079"
"D","2011-Q4","TP.FINHESTNKS7102.ZP31","135255394"
"D","2011-Q4","TP.FINHESTNKS7102.ZP32","0"
"D","2011-Q4","TP.FINHESTNKS7102.ZP33","135255394"
"D","2011-Q4","TP.FINHESTNKS7102.ZP34","360684259"
"D","2011-Q4","TP.FINHESTNKS7102.ZP35","10685899.1051"
"D","2011-Q4","TP.FINHESTNKS7102.ZP36","349998359.8949"
"D","2011-Q4","TP.FINHESTNKS7102.ZP37","298348243"
"D","2011-Q4","TP.FINHESTNKS7102.ZP38","298348243"
"D","2011-Q4","TP.FINHESTNKS7102.ZP39","0"
"D","2011-Q4","TP.FINHESTNKS7102.ZP43","3151381"
"D","2011-Q4","TP.FINHESTNKS7102.ZP44","51230595.8626"
"D","2011-Q4","TP.FINHESTNKS7102.ZP45","920849877.5705"
"D","2012-Q4","TP.FINHESTNKS7102.ZP1","730105660.1897"
"D","2012-Q4","TP.FINHESTNKS7102.ZP2","2667673.5"
"D","2012-Q4","TP.FINHESTNKS7102.ZP3","0"
"D","2012-Q4","TP.FINHESTNKS7102.ZP4","2667673.5"
"D","2012-Q4","TP.FINHESTNKS7102.ZP5","92946058.6896"
"D","2012-Q4","TP.FINHESTNKS7102.ZP6","4908718.3"
"D","2012-Q4","TP.FINHESTNKS7102.ZP7","67285119.4271"
"D","2012-Q4","TP.FINHESTNKS7102.ZP8","20752220.9625"
"D","2012-Q4","TP.FINHESTNKS7102.ZP9","171844554"
"D","2012-Q4","TP.FINHESTNKS7102.ZP10","28902163.2066"
"D","2012-Q4","TP.FINHESTNKS7102.ZP11","142942390.7934"
"D","2012-Q4","TP.FINHESTNKS7102.ZP12","18603686.4893"
"D","2012-Q4","TP.FINHESTNKS7102.ZP13","8879655.232"
"D","2012-Q4","TP.FINHESTNKS7102.ZP14","9724031.2573"
"D","2012-Q4","TP.FINHESTNKS7102.ZP15","49633371"
"D","2012-Q4","TP.FINHESTNKS7102.ZP16","49633371"
"D","2012-Q4","TP.FINHESTNKS7102.ZP17","0"
"D","2012-Q4","TP.FINHESTNKS7102.ZP21","2001206"
"D","2012-Q4","TP.FINHESTNKS7102.ZP22","22332077.2542"
"D","2012-Q4","TP.FINHESTNKS7102.ZP23","360028626.933"
"D","2012-Q4","TP.FINHESTNKS7102.ZP24","0"
"D","2012-Q4","TP.FINHESTNKS7102.ZP26","0"
"D","2012-Q4","TP.FINHESTNKS7102.ZP27","82820209.2016"
"D","2012-Q4","TP.FINHESTNKS7102.ZP28","0"
"D","2012-Q4","TP.FINHESTNKS7102.ZP29","9004536"
"D","2012-Q4","TP.FINHESTNKS7102.ZP30","73815673.2016"
"D","2012-Q4","TP.FINHESTNKS7102.ZP31","195636797.7816"
"D","2012-Q4","TP.FINHESTNKS7102.ZP32","723856.1518"
"D","2012-Q4","TP.FINHESTNKS7102.ZP33","194912941.6299"
"D","2012-Q4","TP.FINHESTNKS7102.ZP34","357737554"
"D","2012-Q4","TP.FINHESTNKS7102.ZP35","15793593.8747"
"D","2012-Q4","TP.FINHESTNKS7102.ZP36","341943960.1253"
"D","2012-Q4","TP.FINHESTNKS7102.ZP37","400130162"
"D","2012-Q4","TP.FINHESTNKS7102.ZP38","400130162"
"D","2012-Q4","TP.FINHESTNKS7102.ZP39","0"
"D","2012-Q4","TP.FINHESTNKS7102.ZP43","3913680"
"D","2012-Q4","TP.FINHESTNKS7102.ZP44","49895884.1395"
"D","2012-Q4","TP.FINHESTNKS7102.ZP45","1090134287.1227"
"D","2013-Q4","TP.FINHESTNKS7102.ZP1","840089579.5151"
"D","2013-Q4","TP.FINHESTNKS7102.ZP2","3213476"
"D","2013-Q4","TP.FINHESTNKS7102.ZP3","0"
"D","2013-Q4","TP.FINHESTNKS7102.ZP4","3213476"
"D","2013-Q4","TP.FINHESTNKS7102.ZP5","116399671.4441"
"D","2013-Q4","TP.FINHESTNKS7102.ZP6","10125512"
"D","2013-Q4","TP.FINHESTNKS7102.ZP7","66127035.7801"
"D","2013-Q4","TP.FINHESTNKS7102.ZP8","40147123.664"
"D","2013-Q4","TP.FINHESTNKS7102.ZP9","213639556"
"D","2013-Q4","TP.FINHESTNKS7102.ZP10","42741430.8118"
"D","2013-Q4","TP.FINHESTNKS7102.ZP11","170898125.1882"
"D","2013-Q4","TP.FINHESTNKS7102.ZP12","23339047.4072"
"D","2013-Q4","TP.FINHESTNKS7102.ZP13","8402057.0666"
"D","2013-Q4","TP.FINHESTNKS7102.ZP14","14936990.3406"
"D","2013-Q4","TP.FINHESTNKS7102.ZP15","64617520"
"D","2013-Q4","TP.FINHESTNKS7102.ZP16","64617520"
"D","2013-Q4","TP.FINHESTNKS7102.ZP17","0"
"D","2013-Q4","TP.FINHESTNKS7102.ZP18","0"
"D","2013-Q4","TP.FINHESTNKS7102.ZP19","0"
"D","2013-Q4","TP.FINHESTNKS7102.ZP20","0"
"D","2013-Q4","TP.FINHESTNKS7102.ZP21","7905417"
"D","2013-Q4","TP.FINHESTNKS7102.ZP22","30320707.5738"
"D","2013-Q4","TP.FINHESTNKS7102.ZP23","459435395.425"
"D","2013-Q4","TP.FINHESTNKS7102.ZP24","3524139"
"D","2013-Q4","TP.FINHESTNKS7102.ZP26","3524139"
"D","2013-Q4","TP.FINHESTNKS7102.ZP27","113880927.281"
"D","2013-Q4","TP.FINHESTNKS7102.ZP28","0"
"D","2013-Q4","TP.FINHESTNKS7102.ZP29","11659594"
"D","2013-Q4","TP.FINHESTNKS7102.ZP30","102221333.281"
"D","2013-Q4","TP.FINHESTNKS7102.ZP31","249729789.965"
"D","2013-Q4","TP.FINHESTNKS7102.ZP32","1321916.3397"
"D","2013-Q4","TP.FINHESTNKS7102.ZP33","248407873.6253"
"D","2013-Q4","TP.FINHESTNKS7102.ZP34","474410012.336"
"D","2013-Q4","TP.FINHESTNKS7102.ZP35","23970040.2833"
"D","2013-Q4","TP.FINHESTNKS7102.ZP36","450439972.0527"
"D","2013-Q4","TP.FINHESTNKS7102.ZP37","380062829.8275"
"D","2013-Q4","TP.FINHESTNKS7102.ZP38","380062829.8275"
"D","2013-Q4","TP.FINHESTNKS7102.ZP39","0"
"D","2013-Q4","TP.FINHESTNKS7102.ZP40","0"
"D","2013-Q4","TP.FINHESTNKS7102.ZP41","0"
"D","2013-Q4","TP.FINHESTNKS7102.ZP42","0"
"D","2013-Q4","TP.FINHESTNKS7102.ZP43","6034545"
"D","2013-Q4","TP.FINHESTNKS7102.ZP44","71882731.5307"
"D","2013-Q4","TP.FINHESTNKS7102.ZP45","1299524974.9402"
"D","2014-Q4","TP.FINHESTNKS7102.ZP1","1024362258.4255"
"D","2014-Q4","TP.FINHESTNKS7102.ZP2","3247339.57"
"D","2014-Q4","TP.FINHESTNKS7102.ZP3","0"
"D","2014-Q4","TP.FINHESTNKS7102.ZP4","3247339.57"
"D","2014-Q4","TP.FINHESTNKS7102.ZP5","115343487.317"
"D","2014-Q4","TP.FINHESTNKS7102.ZP6","8335334"
"D","2014-Q4","TP.FINHESTNKS7102.ZP7","73985596.189"
"D","2014-Q4","TP.FINHESTNKS7102.ZP8","33022557.128"
"D","2014-Q4","TP.FINHESTNKS7102.ZP9","233013066"
"D","2014-Q4","TP.FINHESTNKS7102.ZP10","32310444.0653"
"D","2014-Q4","TP.FINHESTNKS7102.ZP11","200702621.9347"
"D","2014-Q4","TP.FINHESTNKS7102.ZP12","33915096.2171"
"D","2014-Q4","TP.FINHESTNKS7102.ZP13","6978148.9956"
"D","2014-Q4","TP.FINHESTNKS7102.ZP14","26936947.2216"
"D","2014-Q4","TP.FINHESTNKS7102.ZP15","80086506"
"D","2014-Q4","TP.FINHESTNKS7102.ZP16","80086506"
"D","2014-Q4","TP.FINHESTNKS7102.ZP17","0"
"D","2014-Q4","TP.FINHESTNKS7102.ZP18","0"
"D","2014-Q4","TP.FINHESTNKS7102.ZP19","0"
"D","2014-Q4","TP.FINHESTNKS7102.ZP20","0"
"D","2014-Q4","TP.FINHESTNKS7102.ZP21","7503019"
"D","2014-Q4","TP.FINHESTNKS7102.ZP22","30321343.7217"
"D","2014-Q4","TP.FINHESTNKS7102.ZP23","503429857.8258"
"D","2014-Q4","TP.FINHESTNKS7102.ZP24","3600846"
"D","2014-Q4","TP.FINHESTNKS7102.ZP26","3600846"
"D","2014-Q4","TP.FINHESTNKS7102.ZP27","114104474.3506"
"D","2014-Q4","TP.FINHESTNKS7102.ZP28","0"
"D","2014-Q4","TP.FINHESTNKS7102.ZP29","15126925"
"D","2014-Q4","TP.FINHESTNKS7102.ZP30","98977549.3506"
"D","2014-Q4","TP.FINHESTNKS7102.ZP31","305633081.0673"
"D","2014-Q4","TP.FINHESTNKS7102.ZP32","1487404.7484"
"D","2014-Q4","TP.FINHESTNKS7102.ZP33","304145676.3189"
"D","2014-Q4","TP.FINHESTNKS7102.ZP34","519712136"
"D","2014-Q4","TP.FINHESTNKS7102.ZP35","25335394.2112"
"D","2014-Q4","TP.FINHESTNKS7102.ZP36","494376741.7888"
"D","2014-Q4","TP.FINHESTNKS7102.ZP37","500890144"
"D","2014-Q4","TP.FINHESTNKS7102.ZP38","500890144"
"D","2014-Q4","TP.FINHESTNKS7102.ZP39","0"
"D","2014-Q4","TP.FINHESTNKS7102.ZP40","0"
"D","2014-Q4","TP.FINHESTNKS7102.ZP41","0"
"D","2014-Q4","TP.FINHESTNKS7102.ZP42","0"
"D","2014-Q4","TP.FINHESTNKS7102.ZP43","5963107"
"D","2014-Q4","TP.FINHESTNKS7102.ZP44","77888327.8334"
"D","2014-Q4","TP.FINHESTNKS7102.ZP45","1527792116.2513"
"D","2015-Q1","TP.FINHESTNKS7102.ZP1","969086052.1976"
"D","2015-Q1","TP.FINHESTNKS7102.ZP2","3494271.84"
"D","2015-Q1","TP.FINHESTNKS7102.ZP3","0"
"D","2015-Q1","TP.FINHESTNKS7102.ZP4","3494271.84"
"D","2015-Q1","TP.FINHESTNKS7102.ZP5","130966838.4881"
"D","2015-Q1","TP.FINHESTNKS7102.ZP6","10035385"
"D","2015-Q1","TP.FINHESTNKS7102.ZP7","81974461.0626"
"D","2015-Q1","TP.FINHESTNKS7102.ZP8","38956992.4255"
"D","2015-Q1","TP.FINHESTNKS7102.ZP9","241086471"
"D","2015-Q1","TP.FINHESTNKS7102.ZP10","33371429.0566"
"D","2015-Q1","TP.FINHESTNKS7102.ZP11","207715041.9434"
"D","2015-Q1","TP.FINHESTNKS7102.ZP12","37107423.422"
"D","2015-Q1","TP.FINHESTNKS7102.ZP13","6403315.2653"
"D","2015-Q1","TP.FINHESTNKS7102.ZP14","30704108.1567"
"D","2015-Q1","TP.FINHESTNKS7102.ZP15","87550218"
"D","2015-Q1","TP.FINHESTNKS7102.ZP16","87550218"
"D","2015-Q1","TP.FINHESTNKS7102.ZP17","0"
"D","2015-Q1","TP.FINHESTNKS7102.ZP18","0"
"D","2015-Q1","TP.FINHESTNKS7102.ZP19","0"
"D","2015-Q1","TP.FINHESTNKS7102.ZP20","0"
"D","2015-Q1","TP.FINHESTNKS7102.ZP21","12862545"
"D","2015-Q1","TP.FINHESTNKS7102.ZP22","30857619.5684"
"D","2015-Q1","TP.FINHESTNKS7102.ZP23","543925387.3185"
"D","2015-Q1","TP.FINHESTNKS7102.ZP24","3874678"
"D","2015-Q1","TP.FINHESTNKS7102.ZP26","3874678"
"D","2015-Q1","TP.FINHESTNKS7102.ZP27","134366551.9908"
"D","2015-Q1","TP.FINHESTNKS7102.ZP28","0"
"D","2015-Q1","TP.FINHESTNKS7102.ZP29","16884339"
"D","2015-Q1","TP.FINHESTNKS7102.ZP30","117482212.9908"
"D","2015-Q1","TP.FINHESTNKS7102.ZP31","306438552.0677"
"D","2015-Q1","TP.FINHESTNKS7102.ZP32","99329010.5346"
"D","2015-Q1","TP.FINHESTNKS7102.ZP33","207109541.5331"
"D","2015-Q1","TP.FINHESTNKS7102.ZP34","529818774.2199"
"D","2015-Q1","TP.FINHESTNKS7102.ZP35","25411838.2871"
"D","2015-Q1","TP.FINHESTNKS7102.ZP36","504406935.9328"
"D","2015-Q1","TP.FINHESTNKS7102.ZP37","453156816"
"D","2015-Q1","TP.FINHESTNKS7102.ZP38","453156816"
"D","2015-Q1","TP.FINHESTNKS7102.ZP39","0"
"D","2015-Q1","TP.FINHESTNKS7102.ZP40","0"
"D","2015-Q1","TP.FINHESTNKS7102.ZP41","0"
"D","2015-Q1","TP.FINHESTNKS7102.ZP42","0"
"D","2015-Q1","TP.FINHESTNKS7102.ZP43","8975868"
"D","2015-Q1","TP.FINHESTNKS7102.ZP44","76380199.2377"
"D","2015-Q1","TP.FINHESTNKS7102.ZP45","1513011439.5161"
"D","2015-Q2","TP.FINHESTNKS7102.ZP1","1088822891.2255"
"D","2015-Q2","TP.FINHESTNKS7102.ZP2","3642682.68"
"D","2015-Q2","TP.FINHESTNKS7102.ZP3","0"
"D","2015-Q2","TP.FINHESTNKS7102.ZP4","3642682.68"
"D","2015-Q2","TP.FINHESTNKS7102.ZP5","154061807.2782"
"D","2015-Q2","TP.FINHESTNKS7102.ZP6","11223822"
"D","2015-Q2","TP.FINHESTNKS7102.ZP7","96594977.9558"
"D","2015-Q2","TP.FINHESTNKS7102.ZP8","46243007.3224"
"D","2015-Q2","TP.FINHESTNKS7102.ZP9","251201381"
"D","2015-Q2","TP.FINHESTNKS7102.ZP10","33550914.7091"
"D","2015-Q2","TP.FINHESTNKS7102.ZP11","217650466.2909"
"D","2015-Q2","TP.FINHESTNKS7102.ZP12","41561262.1122"
"D","2015-Q2","TP.FINHESTNKS7102.ZP13","7783368.7622"
"D","2015-Q2","TP.FINHESTNKS7102.ZP14","33777893.35"
"D","2015-Q2","TP.FINHESTNKS7102.ZP15","97367500"
"D","2015-Q2","TP.FINHESTNKS7102.ZP16","97367500"
"D","2015-Q2","TP.FINHESTNKS7102.ZP17","0"
"D","2015-Q2","TP.FINHESTNKS7102.ZP18","0"
"D","2015-Q2","TP.FINHESTNKS7102.ZP19","0"
"D","2015-Q2","TP.FINHESTNKS7102.ZP20","0"
"D","2015-Q2","TP.FINHESTNKS7102.ZP21","11571448"
"D","2015-Q2","TP.FINHESTNKS7102.ZP22","32239452.3983"
"D","2015-Q2","TP.FINHESTNKS7102.ZP23","591645533.4687"
"D","2015-Q2","TP.FINHESTNKS7102.ZP24","4039342"
"D","2015-Q2","TP.FINHESTNKS7102.ZP26","4039342"
"D","2015-Q2","TP.FINHESTNKS7102.ZP27","148158787.8999"
"D","2015-Q2","TP.FINHESTNKS7102.ZP28","0"
"D","2015-Q2","TP.FINHESTNKS7102.ZP29","15924836"
"D","2015-Q2","TP.FINHESTNKS7102.ZP30","132233951.8999"
"D","2015-Q2","TP.FINHESTNKS7102.ZP31","319798346.984"
"D","2015-Q2","TP.FINHESTNKS7102.ZP32","101008269.4991"
"D","2015-Q2","TP.FINHESTNKS7102.ZP33","218790077.4849"
"D","2015-Q2","TP.FINHESTNKS7102.ZP34","590889532.9142"
"D","2015-Q2","TP.FINHESTNKS7102.ZP35","26070241.2592"
"D","2015-Q2","TP.FINHESTNKS7102.ZP36","564819291.6549"
"D","2015-Q2","TP.FINHESTNKS7102.ZP37","523235486"
"D","2015-Q2","TP.FINHESTNKS7102.ZP38","523235486"
"D","2015-Q2","TP.FINHESTNKS7102.ZP39","0"
"D","2015-Q2","TP.FINHESTNKS7102.ZP40","0"
"D","2015-Q2","TP.FINHESTNKS7102.ZP41","0"
"D","2015-Q2","TP.FINHESTNKS7102.ZP42","0"
"D","2015-Q2","TP.FINHESTNKS7102.ZP43","7493949"
"D","2015-Q2","TP.FINHESTNKS7102.ZP44","86852979.8962"
"D","2015-Q2","TP.FINHESTNKS7102.ZP45","1680468424.6942"
"D","2015-Q3","TP.FINHESTNKS7102.ZP1","1066551935.7748"
"D","2015-Q3","TP.FINHESTNKS7102.ZP2","4134613.06"
"D","2015-Q3","TP.FINHESTNKS7102.ZP3","0"
"D","2015-Q3","TP.FINHESTNKS7102.ZP4","4134613.06"
"D","2015-Q3","TP.FINHESTNKS7102.ZP5","200937982.2115"
"D","2015-Q3","TP.FINHESTNKS7102.ZP6","13892706"
"D","2015-Q3","TP.FINHESTNKS7102.ZP7","121201870.9612"
"D","2015-Q3","TP.FINHESTNKS7102.ZP8","65843405.2503"
"D","2015-Q3","TP.FINHESTNKS7102.ZP9","258645602"
"D","2015-Q3","TP.FINHESTNKS7102.ZP10","27133106.7741"
"D","2015-Q3","TP.FINHESTNKS7102.ZP11","231512495.2259"
"D","2015-Q3","TP.FINHESTNKS7102.ZP12","43860587.6913"
"D","2015-Q3","TP.FINHESTNKS7102.ZP13","7456299.9075"
"D","2015-Q3","TP.FINHESTNKS7102.ZP14","36404287.7838"
"D","2015-Q3","TP.FINHESTNKS7102.ZP15","110808000"
"D","2015-Q3","TP.FINHESTNKS7102.ZP16","110808000"
"D","2015-Q3","TP.FINHESTNKS7102.ZP17","0"
"D","2015-Q3","TP.FINHESTNKS7102.ZP18","0"
"D","2015-Q3","TP.FINHESTNKS7102.ZP19","0"
"D","2015-Q3","TP.FINHESTNKS7102.ZP20","0"
"D","2015-Q3","TP.FINHESTNKS7102.ZP21","18490195"
"D","2015-Q3","TP.FINHESTNKS7102.ZP22","36443717.651"
"D","2015-Q3","TP.FINHESTNKS7102.ZP23","673320697.6139"
"D","2015-Q3","TP.FINHESTNKS7102.ZP24","4584863"
"D","2015-Q3","TP.FINHESTNKS7102.ZP26","4584863"
"D","2015-Q3","TP.FINHESTNKS7102.ZP27","167234027.3489"
"D","2015-Q3","TP.FINHESTNKS7102.ZP28","0"
"D","2015-Q3","TP.FINHESTNKS7102.ZP29","18497803"
"D","2015-Q3","TP.FINHESTNKS7102.ZP30","148736224.3489"
"D","2015-Q3","TP.FINHESTNKS7102.ZP31","315644548.4112"
"D","2015-Q3","TP.FINHESTNKS7102.ZP32","99416301.967"
"D","2015-Q3","TP.FINHESTNKS7102.ZP33","216228246.4441"
"D","2015-Q3","TP.FINHESTNKS7102.ZP34","649147236.8118"
"D","2015-Q3","TP.FINHESTNKS7102.ZP35","29461580.04"
"D","2015-Q3","TP.FINHESTNKS7102.ZP36","619685656.7718"
"D","2015-Q3","TP.FINHESTNKS7102.ZP37","493923744"
"D","2015-Q3","TP.FINHESTNKS7102.ZP38","493923744"
"D","2015-Q3","TP.FINHESTNKS7102.ZP39","0"
"D","2015-Q3","TP.FINHESTNKS7102.ZP40","0"
"D","2015-Q3","TP.FINHESTNKS7102.ZP41","0"
"D","2015-Q3","TP.FINHESTNKS7102.ZP42","0"
"D","2015-Q3","TP.FINHESTNKS7102.ZP43","11891814"
"D","2015-Q3","TP.FINHESTNKS7102.ZP44","97446399.8168"
"D","2015-Q3","TP.FINHESTNKS7102.ZP45","1739872633.3886"
"D","2015-Q4","TP.FINHESTNKS7102.ZP1","1112349120.4146"
"D","2015-Q4","TP.FINHESTNKS7102.ZP2","3900212.07"
"D","2015-Q4","TP.FINHESTNKS7102.ZP3","0"
"D","2015-Q4","TP.FINHESTNKS7102.ZP4","3900212.07"
"D","2015-Q4","TP.FINHESTNKS7102.ZP5","153242125.3368"
"D","2015-Q4","TP.FINHESTNKS7102.ZP6","12096448"
"D","2015-Q4","TP.FINHESTNKS7102.ZP7","88537306.7148"
"D","2015-Q4","TP.FINHESTNKS7102.ZP8","52608370.6221"
"D","2015-Q4","TP.FINHESTNKS7102.ZP9","245306332"
"D","2015-Q4","TP.FINHESTNKS7102.ZP10","22598265.4283"
"D","2015-Q4","TP.FINHESTNKS7102.ZP11","222708066.5717"
"D","2015-Q4","TP.FINHESTNKS7102.ZP12","39985468.432"
"D","2015-Q4","TP.FINHESTNKS7102.ZP13","9596512.4237"
"D","2015-Q4","TP.FINHESTNKS7102.ZP14","30388956.0083"
"D","2015-Q4","TP.FINHESTNKS7102.ZP15","90832122"
"D","2015-Q4","TP.FINHESTNKS7102.ZP16","90832122"
"D","2015-Q4","TP.FINHESTNKS7102.ZP17","0"
"D","2015-Q4","TP.FINHESTNKS7102.ZP18","0"
"D","2015-Q4","TP.FINHESTNKS7102.ZP19","0"
"D","2015-Q4","TP.FINHESTNKS7102.ZP20","0"
"D","2015-Q4","TP.FINHESTNKS7102.ZP21","11250095"
"D","2015-Q4","TP.FINHESTNKS7102.ZP22","38345096.8895"
"D","2015-Q4","TP.FINHESTNKS7102.ZP23","582861451.7283"
"D","2015-Q4","TP.FINHESTNKS7102.ZP24","4324958"
"D","2015-Q4","TP.FINHESTNKS7102.ZP26","4324958"
"D","2015-Q4","TP.FINHESTNKS7102.ZP27","129041683.5577"
"D","2015-Q4","TP.FINHESTNKS7102.ZP28","0"
"D","2015-Q4","TP.FINHESTNKS7102.ZP29","16064714"
"D","2015-Q4","TP.FINHESTNKS7102.ZP30","112976969.5577"
"D","2015-Q4","TP.FINHESTNKS7102.ZP31","309515004.7627"
"D","2015-Q4","TP.FINHESTNKS7102.ZP32","91193301.4067"
"D","2015-Q4","TP.FINHESTNKS7102.ZP33","218321703.3559"
"D","2015-Q4","TP.FINHESTNKS7102.ZP34","650365668"
"D","2015-Q4","TP.FINHESTNKS7102.ZP35","25675452.281"
"D","2015-Q4","TP.FINHESTNKS7102.ZP36","624690215.719"
"D","2015-Q4","TP.FINHESTNKS7102.ZP37","494492328"
"D","2015-Q4","TP.FINHESTNKS7102.ZP38","494492328"
"D","2015-Q4","TP.FINHESTNKS7102.ZP39","0"
"D","2015-Q4","TP.FINHESTNKS7102.ZP40","0"
"D","2015-Q4","TP.FINHESTNKS7102.ZP41","0"
"D","2015-Q4","TP.FINHESTNKS7102.ZP42","0"
"D","2015-Q4","TP.FINHESTNKS7102.ZP43","7743164"
"D","2015-Q4","TP.FINHESTNKS7102.ZP44","99727765.8226"
"D","2015-Q4","TP.FINHESTNKS7102.ZP45","1695210572.1429"
"D","2016-Q1","TP.FINHESTNKS7102.ZP1","1146762520.5582"
"D","2016-Q1","TP.FINHESTNKS7102.ZP2","3854107.64"
"D","2016-Q1","TP.FINHESTNKS7102.ZP3","0"
"D","2016-Q1","TP.FINHESTNKS7102.ZP4","3854107.64"
"D","2016-Q1","TP.FINHESTNKS7102.ZP5","205848341.9196"
"D","2016-Q1","TP.FINHESTNKS7102.ZP6","11471448"
"D","2016-Q1","TP.FINHESTNKS7102.ZP7","91871366.2034"
"D","2016-Q1","TP.FINHESTNKS7102.ZP8","102505527.7162"
"D","2016-Q1","TP.FINHESTNKS7102.ZP9","202807478.4084"
"D","2016-Q1","TP.FINHESTNKS7102.ZP10","14764384.4281"
"D","2016-Q1","TP.FINHESTNKS7102.ZP11","188043093.9803"
"D","2016-Q1","TP.FINHESTNKS7102.ZP12","41021124.1223"
"D","2016-Q1","TP.FINHESTNKS7102.ZP13","10968441.7369"
"D","2016-Q1","TP.FINHESTNKS7102.ZP14","30052682.3853"
"D","2016-Q1","TP.FINHESTNKS7102.ZP15","90698588.2"
"D","2016-Q1","TP.FINHESTNKS7102.ZP16","90698588.2"
"D","2016-Q1","TP.FINHESTNKS7102.ZP17","0"
"D","2016-Q1","TP.FINHESTNKS7102.ZP18","0"
"D","2016-Q1","TP.FINHESTNKS7102.ZP19","0"
"D","2016-Q1","TP.FINHESTNKS7102.ZP20","0"
"D","2016-Q1","TP.FINHESTNKS7102.ZP21","11361768"
"D","2016-Q1","TP.FINHESTNKS7102.ZP22","37242988.8976"
"D","2016-Q1","TP.FINHESTNKS7102.ZP23","592834397.1878"
"D","2016-Q1","TP.FINHESTNKS7102.ZP24","4273856"
"D","2016-Q1","TP.FINHESTNKS7102.ZP26","4273856"
"D","2016-Q1","TP.FINHESTNKS7102.ZP27","141833489.0794"
"D","2016-Q1","TP.FINHESTNKS7102.ZP28","0"
"D","2016-Q1","TP.FINHESTNKS7102.ZP29","18437089"
"D","2016-Q1","TP.FINHESTNKS7102.ZP30","123396400.0794"
"D","2016-Q1","TP.FINHESTNKS7102.ZP31","310254951.916"
"D","2016-Q1","TP.FINHESTNKS7102.ZP32","83072747.7349"
"D","2016-Q1","TP.FINHESTNKS7102.ZP33","227182204.1811"
"D","2016-Q1","TP.FINHESTNKS7102.ZP34","646873055"
"D","2016-Q1","TP.FINHESTNKS7102.ZP35","29803851.846"
"D","2016-Q1","TP.FINHESTNKS7102.ZP36","617069203.154"
"D","2016-Q1","TP.FINHESTNKS7102.ZP37","528912601"
"D","2016-Q1","TP.FINHESTNKS7102.ZP38","528912601"
"D","2016-Q1","TP.FINHESTNKS7102.ZP39","0"
"D","2016-Q1","TP.FINHESTNKS7102.ZP40","0"
"D","2016-Q1","TP.FINHESTNKS7102.ZP41","0"
"D","2016-Q1","TP.FINHESTNKS7102.ZP42","0"
"D","2016-Q1","TP.FINHESTNKS7102.ZP43","10463202"
"D","2016-Q1","TP.FINHESTNKS7102.ZP44","96985762.7506"
"D","2016-Q1","TP.FINHESTNKS7102.ZP45","1739596917.746"
"D","2016-Q2","TP.FINHESTNKS7102.ZP1","1149881635.3885"
"D","2016-Q2","TP.FINHESTNKS7102.ZP2","3903402.19"
"D","2016-Q2","TP.FINHESTNKS7102.ZP3","0"
"D","2016-Q2","TP.FINHESTNKS7102.ZP4","3903402.19"
"D","2016-Q2","TP.FINHESTNKS7102.ZP5","198588796.7661"
"D","2016-Q2","TP.FINHESTNKS7102.ZP6","12337712"
"D","2016-Q2","TP.FINHESTNKS7102.ZP7","90955493.206"
"D","2016-Q2","TP.FINHESTNKS7102.ZP8","95295591.5602"
"D","2016-Q2","TP.FINHESTNKS7102.ZP9","226996361.5085"
"D","2016-Q2","TP.FINHESTNKS7102.ZP10","17932712.5592"
"D","2016-Q2","TP.FINHESTNKS7102.ZP11","209063648.9493"
"D","2016-Q2","TP.FINHESTNKS7102.ZP12","40963530.0149"
"D","2016-Q2","TP.FINHESTNKS7102.ZP13","10257267.9157"
"D","2016-Q2","TP.FINHESTNKS7102.ZP14","30706262.0991"
"D","2016-Q2","TP.FINHESTNKS7102.ZP15","94871108"
"D","2016-Q2","TP.FINHESTNKS7102.ZP16","94871108"
"D","2016-Q2","TP.FINHESTNKS7102.ZP17","0"
"D","2016-Q2","TP.FINHESTNKS7102.ZP18","0"
"D","2016-Q2","TP.FINHESTNKS7102.ZP19","0"
"D","2016-Q2","TP.FINHESTNKS7102.ZP20","0"
"D","2016-Q2","TP.FINHESTNKS7102.ZP21","10118878"
"D","2016-Q2","TP.FINHESTNKS7102.ZP22","40543493.8733"
"D","2016-Q2","TP.FINHESTNKS7102.ZP23","615985570.3528"
"D","2016-Q2","TP.FINHESTNKS7102.ZP24","4328708"
"D","2016-Q2","TP.FINHESTNKS7102.ZP26","4328708"
"D","2016-Q2","TP.FINHESTNKS7102.ZP27","144136501.4254"
"D","2016-Q2","TP.FINHESTNKS7102.ZP28","0"
"D","2016-Q2","TP.FINHESTNKS7102.ZP29","19095648"
"D","2016-Q2","TP.FINHESTNKS7102.ZP30","125040853.4254"
"D","2016-Q2","TP.FINHESTNKS7102.ZP31","334074253.8406"
"D","2016-Q2","TP.FINHESTNKS7102.ZP32","93493596.77"
"D","2016-Q2","TP.FINHESTNKS7102.ZP33","240580657.0706"
"D","2016-Q2","TP.FINHESTNKS7102.ZP34","672088090"
"D","2016-Q2","TP.FINHESTNKS7102.ZP35","33121317.6478"
"D","2016-Q2","TP.FINHESTNKS7102.ZP36","638966772.3522"
"D","2016-Q2","TP.FINHESTNKS7102.ZP37","494344398"
"D","2016-Q2","TP.FINHESTNKS7102.ZP38","494344398"
"D","2016-Q2","TP.FINHESTNKS7102.ZP39","0"
"D","2016-Q2","TP.FINHESTNKS7102.ZP40","0"
"D","2016-Q2","TP.FINHESTNKS7102.ZP41","0"
"D","2016-Q2","TP.FINHESTNKS7102.ZP42","0"
"D","2016-Q2","TP.FINHESTNKS7102.ZP43","11126495"
"D","2016-Q2","TP.FINHESTNKS7102.ZP44","105768759.4753"
"D","2016-Q2","TP.FINHESTNKS7102.ZP45","1765867205.7413"
"D","2016-Q3","TP.FINHESTNKS7102.ZP1","1178627949.9135"
"D","2016-Q3","TP.FINHESTNKS7102.ZP2","4050322.95"
"D","2016-Q3","TP.FINHESTNKS7102.ZP3","0"
"D","2016-Q3","TP.FINHESTNKS7102.ZP4","4050322.95"
"D","2016-Q3","TP.FINHESTNKS7102.ZP5","166530469.5718"
"D","2016-Q3","TP.FINHESTNKS7102.ZP6","14749367"
"D","2016-Q3","TP.FINHESTNKS7102.ZP7","95532156.8599"
"D","2016-Q3","TP.FINHESTNKS7102.ZP8","56248945.7119"
"D","2016-Q3","TP.FINHESTNKS7102.ZP9","268493275.4817"
"D","2016-Q3","TP.FINHESTNKS7102.ZP10","28728295.8799"
"D","2016-Q3","TP.FINHESTNKS7102.ZP11","239764979.6018"
"D","2016-Q3","TP.FINHESTNKS7102.ZP12","43427732.1303"
"D","2016-Q3","TP.FINHESTNKS7102.ZP13","11545415.5373"
"D","2016-Q3","TP.FINHESTNKS7102.ZP14","31882316.593"
"D","2016-Q3","TP.FINHESTNKS7102.ZP15","100024113.3"
"D","2016-Q3","TP.FINHESTNKS7102.ZP16","100024113.3"
"D","2016-Q3","TP.FINHESTNKS7102.ZP17","0"
"D","2016-Q3","TP.FINHESTNKS7102.ZP18","0"
"D","2016-Q3","TP.FINHESTNKS7102.ZP19","0"
"D","2016-Q3","TP.FINHESTNKS7102.ZP20","0"
"D","2016-Q3","TP.FINHESTNKS7102.ZP21","9318965"
"D","2016-Q3","TP.FINHESTNKS7102.ZP22","36946468.5713"
"D","2016-Q3","TP.FINHESTNKS7102.ZP23","628791347.005"
"D","2016-Q3","TP.FINHESTNKS7102.ZP24","4491657"
"D","2016-Q3","TP.FINHESTNKS7102.ZP26","4491657"
"D","2016-Q3","TP.FINHESTNKS7102.ZP27","146436520.1867"
"D","2016-Q3","TP.FINHESTNKS7102.ZP28","0"
"D","2016-Q3","TP.FINHESTNKS7102.ZP29","20357249"
"D","2016-Q3","TP.FINHESTNKS7102.ZP30","126079271.1867"
"D","2016-Q3","TP.FINHESTNKS7102.ZP31","344244719.6325"
"D","2016-Q3","TP.FINHESTNKS7102.ZP32","106258279.3665"
"D","2016-Q3","TP.FINHESTNKS7102.ZP33","237986440.266"
"D","2016-Q3","TP.FINHESTNKS7102.ZP34","693113448.6"
"D","2016-Q3","TP.FINHESTNKS7102.ZP35","31799557.9644"
"D","2016-Q3","TP.FINHESTNKS7102.ZP36","661313890.6356"
"D","2016-Q3","TP.FINHESTNKS7102.ZP37","504428670.7"
"D","2016-Q3","TP.FINHESTNKS7102.ZP38","504428670.7"
"D","2016-Q3","TP.FINHESTNKS7102.ZP39","0"
"D","2016-Q3","TP.FINHESTNKS7102.ZP40","0"
"D","2016-Q3","TP.FINHESTNKS7102.ZP41","0"
"D","2016-Q3","TP.FINHESTNKS7102.ZP42","0"
"D","2016-Q3","TP.FINHESTNKS7102.ZP43","7159272"
"D","2016-Q3","TP.FINHESTNKS7102.ZP44","107545008.7992"
"D","2016-Q3","TP.FINHESTNKS7102.ZP45","1807419296.9185"
"D","2016-Q4","TP.FINHESTNKS7102.ZP1","1280481848.3575"
"D","2016-Q4","TP.FINHESTNKS7102.ZP2","4579020.79"
"D","2016-Q4","TP.FINHESTNKS7102.ZP3","0"
"D","2016-Q4","TP.FINHESTNKS7102.ZP4","4579020.79"
"D","2016-Q4","TP.FINHESTNKS7102.ZP5","209038009.6655"
"D","2016-Q4","TP.FINHESTNKS7102.ZP6","17182911"
"D","2016-Q4","TP.FINHESTNKS7102.ZP7","108862018.3548"
"D","2016-Q4","TP.FINHESTNKS7102.ZP8","82993080.3107"
"D","2016-Q4","TP.FINHESTNKS7102.ZP9","290887050.234"
"D","2016-Q4","TP.FINHESTNKS7102.ZP10","31124389.3605"
"D","2016-Q4","TP.FINHESTNKS7102.ZP11","259762660.8736"
"D","2016-Q4","TP.FINHESTNKS7102.ZP12","64071736.607"
"D","2016-Q4","TP.FINHESTNKS7102.ZP13","19944310.6663"
"D","2016-Q4","TP.FINHESTNKS7102.ZP14","44127425.9408"
"D","2016-Q4","TP.FINHESTNKS7102.ZP15","111255231.8"
"D","2016-Q4","TP.FINHESTNKS7102.ZP16","111255231.8"
"D","2016-Q4","TP.FINHESTNKS7102.ZP17","0"
"D","2016-Q4","TP.FINHESTNKS7102.ZP18","0"
"D","2016-Q4","TP.FINHESTNKS7102.ZP19","0"
"D","2016-Q4","TP.FINHESTNKS7102.ZP20","0"
"D","2016-Q4","TP.FINHESTNKS7102.ZP21","22072100"
"D","2016-Q4","TP.FINHESTNKS7102.ZP22","51274931.2216"
"D","2016-Q4","TP.FINHESTNKS7102.ZP23","753178080.3182"
"D","2016-Q4","TP.FINHESTNKS7102.ZP24","5071996"
"D","2016-Q4","TP.FINHESTNKS7102.ZP26","5071996"
"D","2016-Q4","TP.FINHESTNKS7102.ZP27","159755400.2415"
"D","2016-Q4","TP.FINHESTNKS7102.ZP28","0"
"D","2016-Q4","TP.FINHESTNKS7102.ZP29","26768058"
"D","2016-Q4","TP.FINHESTNKS7102.ZP30","132987342.2415"
"D","2016-Q4","TP.FINHESTNKS7102.ZP31","380136574.9197"
"D","2016-Q4","TP.FINHESTNKS7102.ZP32","143084748.9516"
"D","2016-Q4","TP.FINHESTNKS7102.ZP33","237051825.9681"
"D","2016-Q4","TP.FINHESTNKS7102.ZP34","784970804.4"
"D","2016-Q4","TP.FINHESTNKS7102.ZP35","31215243.2282"
"D","2016-Q4","TP.FINHESTNKS7102.ZP36","753755561.1718"
"D","2016-Q4","TP.FINHESTNKS7102.ZP37","550070786.4"
"D","2016-Q4","TP.FINHESTNKS7102.ZP38","550070786.4"
"D","2016-Q4","TP.FINHESTNKS7102.ZP39","0"
"D","2016-Q4","TP.FINHESTNKS7102.ZP40","0"
"D","2016-Q4","TP.FINHESTNKS7102.ZP41","0"
"D","2016-Q4","TP.FINHESTNKS7102.ZP42","0"
"D","2016-Q4","TP.FINHESTNKS7102.ZP43","14543461"
"D","2016-Q4","TP.FINHESTNKS7102.ZP44","139110905.7145"
"D","2016-Q4","TP.FINHESTNKS7102.ZP45","2033659928.6757"
"D","2017-Q1","TP.FINHESTNKS7102.ZP1","1432956512.9891"
"D","2017-Q1","TP.FINHESTNKS7102.ZP2","4782956.73"
"D","2017-Q1","TP.FINHESTNKS7102.ZP3","0"
"D","2017-Q1","TP.FINHESTNKS7102.ZP4","4782956.73"
"D","2017-Q1","TP.FINHESTNKS7102.ZP5","214212548.2"
"D","2017-Q1","TP.FINHESTNKS7102.ZP6","15642074.636"
"D","2017-Q1","TP.FINHESTNKS7102.ZP7","115359561.964"
"D","2017-Q1","TP.FINHESTNKS7102.ZP8","83210911.6"
"D","2017-Q1","TP.FINHESTNKS7102.ZP9","283781691.2"
"D","2017-Q1","TP.FINHESTNKS7102.ZP10","1109826.8474"
"D","2017-Q1","TP.FINHESTNKS7102.ZP11","282671864.3526"
"D","2017-Q1","TP.FINHESTNKS7102.ZP12","53713013.2"
"D","2017-Q1","TP.FINHESTNKS7102.ZP13","7303386.9646"
"D","2017-Q1","TP.FINHESTNKS7102.ZP14","46409626.2354"
"D","2017-Q1","TP.FINHESTNKS7102.ZP15","123177525.8"
"D","2017-Q1","TP.FINHESTNKS7102.ZP16","123177525.8"
"D","2017-Q1","TP.FINHESTNKS7102.ZP17","0"
"D","2017-Q1","TP.FINHESTNKS7102.ZP18","0"
"D","2017-Q1","TP.FINHESTNKS7102.ZP19","0"
"D","2017-Q1","TP.FINHESTNKS7102.ZP20","0"
"D","2017-Q1","TP.FINHESTNKS7102.ZP21","20062416"
"D","2017-Q1","TP.FINHESTNKS7102.ZP22","114876097.2291"
"D","2017-Q1","TP.FINHESTNKS7102.ZP23","814606248.3591"
"D","2017-Q1","TP.FINHESTNKS7102.ZP24","5304261"
"D","2017-Q1","TP.FINHESTNKS7102.ZP26","5304261"
"D","2017-Q1","TP.FINHESTNKS7102.ZP27","196854325.5381"
"D","2017-Q1","TP.FINHESTNKS7102.ZP28","0"
"D","2017-Q1","TP.FINHESTNKS7102.ZP29","30367142"
"D","2017-Q1","TP.FINHESTNKS7102.ZP30","166487183.5381"
"D","2017-Q1","TP.FINHESTNKS7102.ZP31","385385957.6"
"D","2017-Q1","TP.FINHESTNKS7102.ZP32","89422111.4803"
"D","2017-Q1","TP.FINHESTNKS7102.ZP33","295963846.1197"
"D","2017-Q1","TP.FINHESTNKS7102.ZP34","830412207.8"
"D","2017-Q1","TP.FINHESTNKS7102.ZP35","88437673.2251"
"D","2017-Q1","TP.FINHESTNKS7102.ZP36","741974534.5749"
"D","2017-Q1","TP.FINHESTNKS7102.ZP37","707474829.6"
"D","2017-Q1","TP.FINHESTNKS7102.ZP38","707474829.6"
"D","2017-Q1","TP.FINHESTNKS7102.ZP39","0"
"D","2017-Q1","TP.FINHESTNKS7102.ZP40","0"
"D","2017-Q1","TP.FINHESTNKS7102.ZP41","0"
"D","2017-Q1","TP.FINHESTNKS7102.ZP42","0"
"D","2017-Q1","TP.FINHESTNKS7102.ZP43","12302162"
"D","2017-Q1","TP.FINHESTNKS7102.ZP44","109829017.8101"
"D","2017-Q1","TP.FINHESTNKS7102.ZP45","2247562761.3482"
"D","2017-Q2","TP.FINHESTNKS7102.ZP1","1522586033.2646"
"D","2017-Q2","TP.FINHESTNKS7102.ZP2","4717356.17"
"D","2017-Q2","TP.FINHESTNKS7102.ZP3","0"
"D","2017-Q2","TP.FINHESTNKS7102.ZP4","4717356.17"
"D","2017-Q2","TP.FINHESTNKS7102.ZP5","221535914.2"
"D","2017-Q2","TP.FINHESTNKS7102.ZP6","20379245.357"
"D","2017-Q2","TP.FINHESTNKS7102.ZP7","109605810.343"
"D","2017-Q2","TP.FINHESTNKS7102.ZP8","91550858.5"
"D","2017-Q2","TP.FINHESTNKS7102.ZP9","268117795"
"D","2017-Q2","TP.FINHESTNKS7102.ZP10","1178531.8957"
"D","2017-Q2","TP.FINHESTNKS7102.ZP11","266939263.1043"
"D","2017-Q2","TP.FINHESTNKS7102.ZP12","51799867"
"D","2017-Q2","TP.FINHESTNKS7102.ZP13","8873047.9314"
"D","2017-Q2","TP.FINHESTNKS7102.ZP14","42926819.0686"
"D","2017-Q2","TP.FINHESTNKS7102.ZP15","121645368.3"
"D","2017-Q2","TP.FINHESTNKS7102.ZP16","121645368.3"
"D","2017-Q2","TP.FINHESTNKS7102.ZP17","0"
"D","2017-Q2","TP.FINHESTNKS7102.ZP18","0"
"D","2017-Q2","TP.FINHESTNKS7102.ZP19","0"
"D","2017-Q2","TP.FINHESTNKS7102.ZP20","0"
"D","2017-Q2","TP.FINHESTNKS7102.ZP21","15249846"
"D","2017-Q2","TP.FINHESTNKS7102.ZP22","122829813.4521"
"D","2017-Q2","TP.FINHESTNKS7102.ZP23","805895960.1221"
"D","2017-Q2","TP.FINHESTNKS7102.ZP24","5231839"
"D","2017-Q2","TP.FINHESTNKS7102.ZP26","5231839"
"D","2017-Q2","TP.FINHESTNKS7102.ZP27","197787470.2357"
"D","2017-Q2","TP.FINHESTNKS7102.ZP28","0"
"D","2017-Q2","TP.FINHESTNKS7102.ZP29","29244878"
"D","2017-Q2","TP.FINHESTNKS7102.ZP30","168542592.2357"
"D","2017-Q2","TP.FINHESTNKS7102.ZP31","417839401.1"
"D","2017-Q2","TP.FINHESTNKS7102.ZP32","107757305.1703"
"D","2017-Q2","TP.FINHESTNKS7102.ZP33","310082095.9297"
"D","2017-Q2","TP.FINHESTNKS7102.ZP34","822334286.7"
"D","2017-Q2","TP.FINHESTNKS7102.ZP35","89682455.0269"
"D","2017-Q2","TP.FINHESTNKS7102.ZP36","732651831.6731"
"D","2017-Q2","TP.FINHESTNKS7102.ZP37","757438908.3"
"D","2017-Q2","TP.FINHESTNKS7102.ZP38","757438908.3"
"D","2017-Q2","TP.FINHESTNKS7102.ZP39","0"
"D","2017-Q2","TP.FINHESTNKS7102.ZP40","0"
"D","2017-Q2","TP.FINHESTNKS7102.ZP41","0"
"D","2017-Q2","TP.FINHESTNKS7102.ZP42","0"
"D","2017-Q2","TP.FINHESTNKS7102.ZP43","10949069"
"D","2017-Q2","TP.FINHESTNKS7102.ZP44","116901019.0509"
"D","2017-Q2","TP.FINHESTNKS7102.ZP45","2328481993.3866"
"D","2017-Q3","TP.FINHESTNKS7102.ZP1","1611847049.1231"
"D","2017-Q3","TP.FINHESTNKS7102.ZP2","4871590.27"
"D","2017-Q3","TP.FINHESTNKS7102.ZP3","0"
"D","2017-Q3","TP.FINHESTNKS7102.ZP4","4871590.27"
"D","2017-Q3","TP.FINHESTNKS7102.ZP5","218478652"
"D","2017-Q3","TP.FINHESTNKS7102.ZP6","23684224.28"
"D","2017-Q3","TP.FINHESTNKS7102.ZP7","106653761.72"
"D","2017-Q3","TP.FINHESTNKS7102.ZP8","88140666"
"D","2017-Q3","TP.FINHESTNKS7102.ZP9","275582580"
"D","2017-Q3","TP.FINHESTNKS7102.ZP10","1310308.6875"
"D","2017-Q3","TP.FINHESTNKS7102.ZP11","274272271.3125"
"D","2017-Q3","TP.FINHESTNKS7102.ZP12","56752290"
"D","2017-Q3","TP.FINHESTNKS7102.ZP13","11324389.669"
"D","2017-Q3","TP.FINHESTNKS7102.ZP14","45427900.331"
"D","2017-Q3","TP.FINHESTNKS7102.ZP15","124211010"
"D","2017-Q3","TP.FINHESTNKS7102.ZP16","124211010"
"D","2017-Q3","TP.FINHESTNKS7102.ZP17","0"
"D","2017-Q3","TP.FINHESTNKS7102.ZP18","0"
"D","2017-Q3","TP.FINHESTNKS7102.ZP19","0"
"D","2017-Q3","TP.FINHESTNKS7102.ZP20","0"
"D","2017-Q3","TP.FINHESTNKS7102.ZP21","19425307"
"D","2017-Q3","TP.FINHESTNKS7102.ZP22","113707773.6935"
"D","2017-Q3","TP.FINHESTNKS7102.ZP23","813029202.9635"
"D","2017-Q3","TP.FINHESTNKS7102.ZP24","5403144"
"D","2017-Q3","TP.FINHESTNKS7102.ZP26","5403144"
"D","2017-Q3","TP.FINHESTNKS7102.ZP27","196599104.9421"
"D","2017-Q3","TP.FINHESTNKS7102.ZP28","0"
"D","2017-Q3","TP.FINHESTNKS7102.ZP29","26549425"
"D","2017-Q3","TP.FINHESTNKS7102.ZP30","170049679.9421"
"D","2017-Q3","TP.FINHESTNKS7102.ZP31","439699050"
"D","2017-Q3","TP.FINHESTNKS7102.ZP32","106832639.0322"
"D","2017-Q3","TP.FINHESTNKS7102.ZP33","332866410.9678"
"D","2017-Q3","TP.FINHESTNKS7102.ZP34","850034850"
"D","2017-Q3","TP.FINHESTNKS7102.ZP35","95723993.6681"
"D","2017-Q3","TP.FINHESTNKS7102.ZP36","754310856.3319"
"D","2017-Q3","TP.FINHESTNKS7102.ZP37","792529290"
"D","2017-Q3","TP.FINHESTNKS7102.ZP38","792529290"
"D","2017-Q3","TP.FINHESTNKS7102.ZP39","0"
"D","2017-Q3","TP.FINHESTNKS7102.ZP40","0"
"D","2017-Q3","TP.FINHESTNKS7102.ZP41","0"
"D","2017-Q3","TP.FINHESTNKS7102.ZP42","0"
"D","2017-Q3","TP.FINHESTNKS7102.ZP43","11376786"
"D","2017-Q3","TP.FINHESTNKS7102.ZP44","129234027.1445"
"D","2017-Q3","TP.FINHESTNKS7102.ZP45","2424876252.0866"
"D","2017-Q4","TP.FINHESTNKS7102.ZP1","1781542470.187"
"D","2017-Q4","TP.FINHESTNKS7102.ZP2","5190498.2"
"D","2017-Q4","TP.FINHESTNKS7102.ZP3","0"
"D","2017-Q4","TP.FINHESTNKS7102.ZP4","5190498.2"
"D","2017-Q4","TP.FINHESTNKS7102.ZP5","256824852"
"D","2017-Q4","TP.FINHESTNKS7102.ZP6","25297556.182"
"D","2017-Q4","TP.FINHESTNKS7102.ZP7","114329065.818"
"D","2017-Q4","TP.FINHESTNKS7102.ZP8","117198230"
"D","2017-Q4","TP.FINHESTNKS7102.ZP9","256942590"
"D","2017-Q4","TP.FINHESTNKS7102.ZP10","1345877.7567"
"D","2017-Q4","TP.FINHESTNKS7102.ZP11","255596712.2433"
"D","2017-Q4","TP.FINHESTNKS7102.ZP12","64362330"
"D","2017-Q4","TP.FINHESTNKS7102.ZP13","13598525.5105"
"D","2017-Q4","TP.FINHESTNKS7102.ZP14","50763804.4895"
"D","2017-Q4","TP.FINHESTNKS7102.ZP15","151405590"
"D","2017-Q4","TP.FINHESTNKS7102.ZP16","151405590"
"D","2017-Q4","TP.FINHESTNKS7102.ZP17","0"
"D","2017-Q4","TP.FINHESTNKS7102.ZP18","0"
"D","2017-Q4","TP.FINHESTNKS7102.ZP19","0"
"D","2017-Q4","TP.FINHESTNKS7102.ZP20","0"
"D","2017-Q4","TP.FINHESTNKS7102.ZP21","19913013"
"D","2017-Q4","TP.FINHESTNKS7102.ZP22","135059306.668"
"D","2017-Q4","TP.FINHESTNKS7102.ZP23","889698179.868"
"D","2017-Q4","TP.FINHESTNKS7102.ZP24","5805107"
"D","2017-Q4","TP.FINHESTNKS7102.ZP26","5805107"
"D","2017-Q4","TP.FINHESTNKS7102.ZP27","210606538.7268"
"D","2017-Q4","TP.FINHESTNKS7102.ZP28","0"
"D","2017-Q4","TP.FINHESTNKS7102.ZP29","26732961"
"D","2017-Q4","TP.FINHESTNKS7102.ZP30","183873577.7268"
"D","2017-Q4","TP.FINHESTNKS7102.ZP31","463204560"
"D","2017-Q4","TP.FINHESTNKS7102.ZP32","101425535.454"
"D","2017-Q4","TP.FINHESTNKS7102.ZP33","361779024.546"
"D","2017-Q4","TP.FINHESTNKS7102.ZP34","933297600"
"D","2017-Q4","TP.FINHESTNKS7102.ZP35","109357576.2658"
"D","2017-Q4","TP.FINHESTNKS7102.ZP36","823940023.7342"
"D","2017-Q4","TP.FINHESTNKS7102.ZP37","894226050"
"D","2017-Q4","TP.FINHESTNKS7102.ZP38","894226050"
"D","2017-Q4","TP.FINHESTNKS7102.ZP39","0"
"D","2017-Q4","TP.FINHESTNKS7102.ZP40","0"
"D","2017-Q4","TP.FINHESTNKS7102.ZP41","0"
"D","2017-Q4","TP.FINHESTNKS7102.ZP42","0"
"D","2017-Q4","TP.FINHESTNKS7102.ZP43","15535743"
"D","2017-Q4","TP.FINHESTNKS7102.ZP44","148565051.3282"
"D","2017-Q4","TP.FINHESTNKS7102.ZP45","2671240650.055"
"D","2018-Q1","TP.FINHESTNKS7102.ZP1","1795627745.3996"
"D","2018-Q1","TP.FINHESTNKS7102.ZP2","5611001.74"
"D","2018-Q1","TP.FINHESTNKS7102.ZP3","0"
"D","2018-Q1","TP.FINHESTNKS7102.ZP4","5611001.74"
"D","2018-Q1","TP.FINHESTNKS7102.ZP5","291836365"
"D","2018-Q1","TP.FINHESTNKS7102.ZP6","25921673.959"
"D","2018-Q1","TP.FINHESTNKS7102.ZP7","119939119.041"
"D","2018-Q1","TP.FINHESTNKS7102.ZP8","145975572"
"D","2018-Q1","TP.FINHESTNKS7102.ZP9","237818355"
"D","2018-Q1","TP.FINHESTNKS7102.ZP10","1290645.3912"
"D","2018-Q1","TP.FINHESTNKS7102.ZP11","236527709.6088"
"D","2018-Q1","TP.FINHESTNKS7102.ZP12","65230360"
"D","2018-Q1","TP.FINHESTNKS7102.ZP13","10185091.2982"
"D","2018-Q1","TP.FINHESTNKS7102.ZP14","55045268.7018"
"D","2018-Q1","TP.FINHESTNKS7102.ZP15","163663165"
"D","2018-Q1","TP.FINHESTNKS7102.ZP16","163663165"
"D","2018-Q1","TP.FINHESTNKS7102.ZP17","0"
"D","2018-Q1","TP.FINHESTNKS7102.ZP18","0"
"D","2018-Q1","TP.FINHESTNKS7102.ZP19","0"
"D","2018-Q1","TP.FINHESTNKS7102.ZP20","0"
"D","2018-Q1","TP.FINHESTNKS7102.ZP21","22707025"
"D","2018-Q1","TP.FINHESTNKS7102.ZP22","136211059.263"
"D","2018-Q1","TP.FINHESTNKS7102.ZP23","923077331.003"
"D","2018-Q1","TP.FINHESTNKS7102.ZP24","6223890"
"D","2018-Q1","TP.FINHESTNKS7102.ZP26","6223890"
"D","2018-Q1","TP.FINHESTNKS7102.ZP27","225379153.1664"
"D","2018-Q1","TP.FINHESTNKS7102.ZP28","0"
"D","2018-Q1","TP.FINHESTNKS7102.ZP29","32431359"
"D","2018-Q1","TP.FINHESTNKS7102.ZP30","192947794.1664"
"D","2018-Q1","TP.FINHESTNKS7102.ZP31","492651415"
"D","2018-Q1","TP.FINHESTNKS7102.ZP32","120445935.2913"
"D","2018-Q1","TP.FINHESTNKS7102.ZP33","372205479.6845"
"D","2018-Q1","TP.FINHESTNKS7102.ZP34","992757500"
"D","2018-Q1","TP.FINHESTNKS7102.ZP35","110725756.3332"
"D","2018-Q1","TP.FINHESTNKS7102.ZP36","882031743.6668"
"D","2018-Q1","TP.FINHESTNKS7102.ZP37","845525770"
"D","2018-Q1","TP.FINHESTNKS7102.ZP38","845525770"
"D","2018-Q1","TP.FINHESTNKS7102.ZP39","0"
"D","2018-Q1","TP.FINHESTNKS7102.ZP40","0"
"D","2018-Q1","TP.FINHESTNKS7102.ZP41","0"
"D","2018-Q1","TP.FINHESTNKS7102.ZP42","0"
"D","2018-Q1","TP.FINHESTNKS7102.ZP43","13600516"
"D","2018-Q1","TP.FINHESTNKS7102.ZP44","142566832.2361"
"D","2018-Q1","TP.FINHESTNKS7102.ZP45","2718705076.4025"
"D","2018-Q2","TP.FINHESTNKS7102.ZP1","1847848051.0717"
"D","2018-Q2","TP.FINHESTNKS7102.ZP2","6253723.07"
"D","2018-Q2","TP.FINHESTNKS7102.ZP3","0"
"D","2018-Q2","TP.FINHESTNKS7102.ZP4","6253723.07"
"D","2018-Q2","TP.FINHESTNKS7102.ZP5","357701884"
"D","2018-Q2","TP.FINHESTNKS7102.ZP6","25955252.267"
"D","2018-Q2","TP.FINHESTNKS7102.ZP7","143841484.733"
"D","2018-Q2","TP.FINHESTNKS7102.ZP8","187905147"
"D","2018-Q2","TP.FINHESTNKS7102.ZP9","220290048"
"D","2018-Q2","TP.FINHESTNKS7102.ZP10","1167150.7289"
"D","2018-Q2","TP.FINHESTNKS7102.ZP11","219122897.2711"
"D","2018-Q2","TP.FINHESTNKS7102.ZP12","78206976"
"D","2018-Q2","TP.FINHESTNKS7102.ZP13","19109443.6661"
"D","2018-Q2","TP.FINHESTNKS7102.ZP14","59097532.3339"
"D","2018-Q2","TP.FINHESTNKS7102.ZP15","192766464"
"D","2018-Q2","TP.FINHESTNKS7102.ZP16","192766464"
"D","2018-Q2","TP.FINHESTNKS7102.ZP17","0"
"D","2018-Q2","TP.FINHESTNKS7102.ZP18","0"
"D","2018-Q2","TP.FINHESTNKS7102.ZP19","0"
"D","2018-Q2","TP.FINHESTNKS7102.ZP20","0"
"D","2018-Q2","TP.FINHESTNKS7102.ZP21","42972624"
"D","2018-Q2","TP.FINHESTNKS7102.ZP22","162727756.1395"
"D","2018-Q2","TP.FINHESTNKS7102.ZP23","1060919475.2095"
"D","2018-Q2","TP.FINHESTNKS7102.ZP24","6937396"
"D","2018-Q2","TP.FINHESTNKS7102.ZP26","6937396"
"D","2018-Q2","TP.FINHESTNKS7102.ZP27","255800970.7922"
"D","2018-Q2","TP.FINHESTNKS7102.ZP28","0"
"D","2018-Q2","TP.FINHESTNKS7102.ZP29","39441401"
"D","2018-Q2","TP.FINHESTNKS7102.ZP30","216359569.7922"
"D","2018-Q2","TP.FINHESTNKS7102.ZP31","534034944"
"D","2018-Q2","TP.FINHESTNKS7102.ZP32","135287073.3856"
"D","2018-Q2","TP.FINHESTNKS7102.ZP33","398747870.5937"
"D","2018-Q2","TP.FINHESTNKS7102.ZP34","1119803904"
"D","2018-Q2","TP.FINHESTNKS7102.ZP35","125070877.7584"
"D","2018-Q2","TP.FINHESTNKS7102.ZP36","994733026.2416"
"D","2018-Q2","TP.FINHESTNKS7102.ZP37","794562048"
"D","2018-Q2","TP.FINHESTNKS7102.ZP38","794562048"
"D","2018-Q2","TP.FINHESTNKS7102.ZP39","0"
"D","2018-Q2","TP.FINHESTNKS7102.ZP40","0"
"D","2018-Q2","TP.FINHESTNKS7102.ZP41","0"
"D","2018-Q2","TP.FINHESTNKS7102.ZP42","0"
"D","2018-Q2","TP.FINHESTNKS7102.ZP43","29375208"
"D","2018-Q2","TP.FINHESTNKS7102.ZP44","168253055.489"
"D","2018-Q2","TP.FINHESTNKS7102.ZP45","2908767526.2812"
"D","2018-Q3","TP.FINHESTNKS7102.ZP1","2003738435.5667"
"D","2018-Q3","TP.FINHESTNKS7102.ZP2","8230180.15"
"D","2018-Q3","TP.FINHESTNKS7102.ZP3","0"
"D","2018-Q3","TP.FINHESTNKS7102.ZP4","8230180.15"
"D","2018-Q3","TP.FINHESTNKS7102.ZP5","609738528"
"D","2018-Q3","TP.FINHESTNKS7102.ZP6","50938388.998"
"D","2018-Q3","TP.FINHESTNKS7102.ZP7","212769158.002"
"D","2018-Q3","TP.FINHESTNKS7102.ZP8","346030981"
"D","2018-Q3","TP.FINHESTNKS7102.ZP9","192717225"
"D","2018-Q3","TP.FINHESTNKS7102.ZP10","530595.061"
"D","2018-Q3","TP.FINHESTNKS7102.ZP11","192186629.939"
"D","2018-Q3","TP.FINHESTNKS7102.ZP12","103560525"
"D","2018-Q3","TP.FINHESTNKS7102.ZP13","26997252.4004"
"D","2018-Q3","TP.FINHESTNKS7102.ZP14","76563272.5996"
"D","2018-Q3","TP.FINHESTNKS7102.ZP15","257154750"
"D","2018-Q3","TP.FINHESTNKS7102.ZP16","257154750"
"D","2018-Q3","TP.FINHESTNKS7102.ZP17","0"
"D","2018-Q3","TP.FINHESTNKS7102.ZP18","0"
"D","2018-Q3","TP.FINHESTNKS7102.ZP19","0"
"D","2018-Q3","TP.FINHESTNKS7102.ZP20","0"
"D","2018-Q3","TP.FINHESTNKS7102.ZP21","90252918"
"D","2018-Q3","TP.FINHESTNKS7102.ZP22","212247821.5207"
"D","2018-Q3","TP.FINHESTNKS7102.ZP23","1473901947.6707"
"D","2018-Q3","TP.FINHESTNKS7102.ZP24","9130622"
"D","2018-Q3","TP.FINHESTNKS7102.ZP26","9130622"
"D","2018-Q3","TP.FINHESTNKS7102.ZP27","375613511.8965"
"D","2018-Q3","TP.FINHESTNKS7102.ZP28","0"
"D","2018-Q3","TP.FINHESTNKS7102.ZP29","50917716"
"D","2018-Q3","TP.FINHESTNKS7102.ZP30","324695795.8965"
"D","2018-Q3","TP.FINHESTNKS7102.ZP31","642880800"
"D","2018-Q3","TP.FINHESTNKS7102.ZP32","125781788.2321"
"D","2018-Q3","TP.FINHESTNKS7102.ZP33","517099011.745"
"D","2018-Q3","TP.FINHESTNKS7102.ZP34","1413889425"
"D","2018-Q3","TP.FINHESTNKS7102.ZP35","127868830.9727"
"D","2018-Q3","TP.FINHESTNKS7102.ZP36","1286020594.0273"
"D","2018-Q3","TP.FINHESTNKS7102.ZP37","769046400"
"D","2018-Q3","TP.FINHESTNKS7102.ZP38","769046400"
"D","2018-Q3","TP.FINHESTNKS7102.ZP39","0"
"D","2018-Q3","TP.FINHESTNKS7102.ZP40","0"
"D","2018-Q3","TP.FINHESTNKS7102.ZP41","0"
"D","2018-Q3","TP.FINHESTNKS7102.ZP42","0"
"D","2018-Q3","TP.FINHESTNKS7102.ZP43","65355692"
"D","2018-Q3","TP.FINHESTNKS7102.ZP44","201723932.3409"
"D","2018-Q3","TP.FINHESTNKS7102.ZP45","3477640383.2374"
"D","2018-Q4","TP.FINHESTNKS7102.ZP1","1889721454.9754"
"D","2018-Q4","TP.FINHESTNKS7102.ZP2","7089830.48"
"D","2018-Q4","TP.FINHESTNKS7102.ZP3","0"
"D","2018-Q4","TP.FINHESTNKS7102.ZP4","7089830.48"
"D","2018-Q4","TP.FINHESTNKS7102.ZP5","570499674"
"D","2018-Q4","TP.FINHESTNKS7102.ZP6","44058637.805"
"D","2018-Q4","TP.FINHESTNKS7102.ZP7","180710145.195"
"D","2018-Q4","TP.FINHESTNKS7102.ZP8","345730891"
"D","2018-Q4","TP.FINHESTNKS7102.ZP9","133809140"
"D","2018-Q4","TP.FINHESTNKS7102.ZP10","451028.6001"
"D","2018-Q4","TP.FINHESTNKS7102.ZP11","133358111.3999"
"D","2018-Q4","TP.FINHESTNKS7102.ZP12","85101540"
"D","2018-Q4","TP.FINHESTNKS7102.ZP13","26438820.7156"
"D","2018-Q4","TP.FINHESTNKS7102.ZP14","58662719.2844"
"D","2018-Q4","TP.FINHESTNKS7102.ZP15","213235140"
"D","2018-Q4","TP.FINHESTNKS7102.ZP16","213235140"
"D","2018-Q4","TP.FINHESTNKS7102.ZP17","0"
"D","2018-Q4","TP.FINHESTNKS7102.ZP18","0"
"D","2018-Q4","TP.FINHESTNKS7102.ZP19","0"
"D","2018-Q4","TP.FINHESTNKS7102.ZP20","0"
"D","2018-Q4","TP.FINHESTNKS7102.ZP21","42689474"
"D","2018-Q4","TP.FINHESTNKS7102.ZP22","209281941.9945"
"D","2018-Q4","TP.FINHESTNKS7102.ZP23","1261706740.4745"
"D","2018-Q4","TP.FINHESTNKS7102.ZP24","7844169"
"D","2018-Q4","TP.FINHESTNKS7102.ZP26","7844169"
"D","2018-Q4","TP.FINHESTNKS7102.ZP27","316871225.1429"
"D","2018-Q4","TP.FINHESTNKS7102.ZP28","0"
"D","2018-Q4","TP.FINHESTNKS7102.ZP29","52506052"
"D","2018-Q4","TP.FINHESTNKS7102.ZP30","264365173.1429"
"D","2018-Q4","TP.FINHESTNKS7102.ZP31","584838360"
"D","2018-Q4","TP.FINHESTNKS7102.ZP32","90539272.9708"
"D","2018-Q4","TP.FINHESTNKS7102.ZP33","494299087.0074"
"D","2018-Q4","TP.FINHESTNKS7102.ZP34","1191821320"
"D","2018-Q4","TP.FINHESTNKS7102.ZP35","91490780.3213"
"D","2018-Q4","TP.FINHESTNKS7102.ZP36","1100330539.6787"
"D","2018-Q4","TP.FINHESTNKS7102.ZP37","850489400"
"D","2018-Q4","TP.FINHESTNKS7102.ZP38","850489400"
"D","2018-Q4","TP.FINHESTNKS7102.ZP39","0"
"D","2018-Q4","TP.FINHESTNKS7102.ZP40","0"
"D","2018-Q4","TP.FINHESTNKS7102.ZP41","0"
"D","2018-Q4","TP.FINHESTNKS7102.ZP42","0"
"D","2018-Q4","TP.FINHESTNKS7102.ZP43","35162379"
"D","2018-Q4","TP.FINHESTNKS7102.ZP44","164401342.307"
"D","2018-Q4","TP.FINHESTNKS7102.ZP45","3151428195.4499"
"D","2019-Q1","TP.FINHESTNKS7102.ZP1","1776892195.7807"
"D","2019-Q1","TP.FINHESTNKS7102.ZP2","8258559"
"D","2019-Q1","TP.FINHESTNKS7102.ZP3","0"
"D","2019-Q1","TP.FINHESTNKS7102.ZP4","8258559"
"D","2019-Q1","TP.FINHESTNKS7102.ZP5","644168262.2194"
"D","2019-Q1","TP.FINHESTNKS7102.ZP6","40565537.8324"
"D","2019-Q1","TP.FINHESTNKS7102.ZP7","232798095.387"
"D","2019-Q1","TP.FINHESTNKS7102.ZP8","370804629"
"D","2019-Q1","TP.FINHESTNKS7102.ZP9","158722880"
"D","2019-Q1","TP.FINHESTNKS7102.ZP10","566383.641"
"D","2019-Q1","TP.FINHESTNKS7102.ZP11","158156496.359"
"D","2019-Q1","TP.FINHESTNKS7102.ZP12","88378274"
"D","2019-Q1","TP.FINHESTNKS7102.ZP13","25838855.5531"
"D","2019-Q1","TP.FINHESTNKS7102.ZP14","62539418.4469"
"D","2019-Q1","TP.FINHESTNKS7102.ZP15","227826078"
"D","2019-Q1","TP.FINHESTNKS7102.ZP16","227826078"
"D","2019-Q1","TP.FINHESTNKS7102.ZP17","0"
"D","2019-Q1","TP.FINHESTNKS7102.ZP18","0"
"D","2019-Q1","TP.FINHESTNKS7102.ZP19","0"
"D","2019-Q1","TP.FINHESTNKS7102.ZP20","0"
"D","2019-Q1","TP.FINHESTNKS7102.ZP21","48175469"
"D","2019-Q1","TP.FINHESTNKS7102.ZP22","206880503.7325"
"D","2019-Q1","TP.FINHESTNKS7102.ZP23","1382410025.9519"
"D","2019-Q1","TP.FINHESTNKS7102.ZP24","8258559"
"D","2019-Q1","TP.FINHESTNKS7102.ZP26","8258559"
"D","2019-Q1","TP.FINHESTNKS7102.ZP27","277553855.8055"
"D","2019-Q1","TP.FINHESTNKS7102.ZP28","0"
"D","2019-Q1","TP.FINHESTNKS7102.ZP29","52766143"
"D","2019-Q1","TP.FINHESTNKS7102.ZP30","224787712.8055"
"D","2019-Q1","TP.FINHESTNKS7102.ZP31","635085490"
"D","2019-Q1","TP.FINHESTNKS7102.ZP32","108183057.6609"
"D","2019-Q1","TP.FINHESTNKS7102.ZP33","526902432.3176"
"D","2019-Q1","TP.FINHESTNKS7102.ZP34","1230756276"
"D","2019-Q1","TP.FINHESTNKS7102.ZP35","89092654.152"
"D","2019-Q1","TP.FINHESTNKS7102.ZP36","1141663621.848"
"D","2019-Q1","TP.FINHESTNKS7102.ZP37","801423078"
"D","2019-Q1","TP.FINHESTNKS7102.ZP38","801423078"
"D","2019-Q1","TP.FINHESTNKS7102.ZP39","0"
"D","2019-Q1","TP.FINHESTNKS7102.ZP40","0"
"D","2019-Q1","TP.FINHESTNKS7102.ZP41","0"
"D","2019-Q1","TP.FINHESTNKS7102.ZP42","0"
"D","2019-Q1","TP.FINHESTNKS7102.ZP43","29048053"
"D","2019-Q1","TP.FINHESTNKS7102.ZP44","177176909.9271"
"D","2019-Q1","TP.FINHESTNKS7102.ZP45","3159302221.7326"
"D","2019-Q2","TP.FINHESTNKS7102.ZP1","1836523563.6714"
"D","2019-Q2","TP.FINHESTNKS7102.ZP2","8592386"
"D","2019-Q2","TP.FINHESTNKS7102.ZP3","0"
"D","2019-Q2","TP.FINHESTNKS7102.ZP4","8592386"
"D","2019-Q2","TP.FINHESTNKS7102.ZP5","651573497.3088"
"D","2019-Q2","TP.FINHESTNKS7102.ZP6","48274465.4398"
"D","2019-Q2","TP.FINHESTNKS7102.ZP7","232486814.5283"
"D","2019-Q2","TP.FINHESTNKS7102.ZP8","370812217.3407"
"D","2019-Q2","TP.FINHESTNKS7102.ZP9","161008873"
"D","2019-Q2","TP.FINHESTNKS7102.ZP10","561119.5379"
"D","2019-Q2","TP.FINHESTNKS7102.ZP11","160447753.4621"
"D","2019-Q2","TP.FINHESTNKS7102.ZP12","85334299"
"D","2019-Q2","TP.FINHESTNKS7102.ZP13","15337378.3627"
"D","2019-Q2","TP.FINHESTNKS7102.ZP14","69996920.6373"
"D","2019-Q2","TP.FINHESTNKS7102.ZP15","242882972"
"D","2019-Q2","TP.FINHESTNKS7102.ZP16","242882972"
"D","2019-Q2","TP.FINHESTNKS7102.ZP17","0"
"D","2019-Q2","TP.FINHESTNKS7102.ZP18","0"
"D","2019-Q2","TP.FINHESTNKS7102.ZP19","0"
"D","2019-Q2","TP.FINHESTNKS7102.ZP20","0"
"D","2019-Q2","TP.FINHESTNKS7102.ZP21","35318500"
"D","2019-Q2","TP.FINHESTNKS7102.ZP22","210934941.8484"
"D","2019-Q2","TP.FINHESTNKS7102.ZP23","1395645469.1572"
"D","2019-Q2","TP.FINHESTNKS7102.ZP24","8592386"
"D","2019-Q2","TP.FINHESTNKS7102.ZP26","8592386"
"D","2019-Q2","TP.FINHESTNKS7102.ZP27","277176669.4386"
"D","2019-Q2","TP.FINHESTNKS7102.ZP28","0"
"D","2019-Q2","TP.FINHESTNKS7102.ZP29","49684481"
"D","2019-Q2","TP.FINHESTNKS7102.ZP30","227492188.4386"
"D","2019-Q2","TP.FINHESTNKS7102.ZP31","609543065"
"D","2019-Q2","TP.FINHESTNKS7102.ZP32","116692463.7313"
"D","2019-Q2","TP.FINHESTNKS7102.ZP33","492850601.2687"
"D","2019-Q2","TP.FINHESTNKS7102.ZP34","1255118346"
"D","2019-Q2","TP.FINHESTNKS7102.ZP35","98166196.2814"
"D","2019-Q2","TP.FINHESTNKS7102.ZP36","1156952149.7186"
"D","2019-Q2","TP.FINHESTNKS7102.ZP37","857835483"
"D","2019-Q2","TP.FINHESTNKS7102.ZP38","857835483"
"D","2019-Q2","TP.FINHESTNKS7102.ZP39","0"
"D","2019-Q2","TP.FINHESTNKS7102.ZP40","0"
"D","2019-Q2","TP.FINHESTNKS7102.ZP41","0"
"D","2019-Q2","TP.FINHESTNKS7102.ZP42","0"
"D","2019-Q2","TP.FINHESTNKS7102.ZP43","30838990"
"D","2019-Q2","TP.FINHESTNKS7102.ZP44","193064093.39"
"D","2019-Q2","TP.FINHESTNKS7102.ZP45","3232169032.8286"
"D","2019-Q3","TP.FINHESTNKS7102.ZP1","1879369727.3446"
"D","2019-Q3","TP.FINHESTNKS7102.ZP2","8275808"
"D","2019-Q3","TP.FINHESTNKS7102.ZP3","0"
"D","2019-Q3","TP.FINHESTNKS7102.ZP4","8275808"
"D","2019-Q3","TP.FINHESTNKS7102.ZP5","644380715.2233"
"D","2019-Q3","TP.FINHESTNKS7102.ZP6","44926977.9353"
"D","2019-Q3","TP.FINHESTNKS7102.ZP7","233714821.2163"
"D","2019-Q3","TP.FINHESTNKS7102.ZP8","365738916.0717"
"D","2019-Q3","TP.FINHESTNKS7102.ZP9","176711056.6"
"D","2019-Q3","TP.FINHESTNKS7102.ZP10","543389.8232"
"D","2019-Q3","TP.FINHESTNKS7102.ZP11","176167666.7768"
"D","2019-Q3","TP.FINHESTNKS7102.ZP12","86267320.4"
"D","2019-Q3","TP.FINHESTNKS7102.ZP13","18873942.0732"
"D","2019-Q3","TP.FINHESTNKS7102.ZP14","67393378.3268"
"D","2019-Q3","TP.FINHESTNKS7102.ZP15","240919205.2"
"D","2019-Q3","TP.FINHESTNKS7102.ZP16","240919205.2"
"D","2019-Q3","TP.FINHESTNKS7102.ZP17","0"
"D","2019-Q3","TP.FINHESTNKS7102.ZP18","0"
"D","2019-Q3","TP.FINHESTNKS7102.ZP19","0"
"D","2019-Q3","TP.FINHESTNKS7102.ZP20","0"
"D","2019-Q3","TP.FINHESTNKS7102.ZP21","26963576"
"D","2019-Q3","TP.FINHESTNKS7102.ZP22","212321802.9934"
"D","2019-Q3","TP.FINHESTNKS7102.ZP23","1395839484.4167"
"D","2019-Q3","TP.FINHESTNKS7102.ZP24","8275808"
"D","2019-Q3","TP.FINHESTNKS7102.ZP26","8275808"
"D","2019-Q3","TP.FINHESTNKS7102.ZP27","268734437.0686"
"D","2019-Q3","TP.FINHESTNKS7102.ZP28","0"
"D","2019-Q3","TP.FINHESTNKS7102.ZP29","47022642"
"D","2019-Q3","TP.FINHESTNKS7102.ZP30","221711795.0686"
"D","2019-Q3","TP.FINHESTNKS7102.ZP31","597816005.8"
"D","2019-Q3","TP.FINHESTNKS7102.ZP32","106619204.3105"
"D","2019-Q3","TP.FINHESTNKS7102.ZP33","491196801.4895"
"D","2019-Q3","TP.FINHESTNKS7102.ZP34","1183515878.5"
"D","2019-Q3","TP.FINHESTNKS7102.ZP35","88590887.9912"
"D","2019-Q3","TP.FINHESTNKS7102.ZP36","1094924990.5088"
"D","2019-Q3","TP.FINHESTNKS7102.ZP37","999476287.4"
"D","2019-Q3","TP.FINHESTNKS7102.ZP38","999476287.4"
"D","2019-Q3","TP.FINHESTNKS7102.ZP39","0"
"D","2019-Q3","TP.FINHESTNKS7102.ZP40","0"
"D","2019-Q3","TP.FINHESTNKS7102.ZP41","0"
"D","2019-Q3","TP.FINHESTNKS7102.ZP42","0"
"D","2019-Q3","TP.FINHESTNKS7102.ZP43","32571523"
"D","2019-Q3","TP.FINHESTNKS7102.ZP44","184819271.9927"
"D","2019-Q3","TP.FINHESTNKS7102.ZP45","3275209211.7613"
"D","2019-Q4","TP.FINHESTNKS7102.ZP1","1919491365.5375"
"D","2019-Q4","TP.FINHESTNKS7102.ZP2","8808045"
"D","2019-Q4","TP.FINHESTNKS7102.ZP3","0"
"D","2019-Q4","TP.FINHESTNKS7102.ZP4","8808045"
"D","2019-Q4","TP.FINHESTNKS7102.ZP5","657753773.1449"
"D","2019-Q4","TP.FINHESTNKS7102.ZP6","49359377.8359"
"D","2019-Q4","TP.FINHESTNKS7102.ZP7","241492933.6602"
"D","2019-Q4","TP.FINHESTNKS7102.ZP8","366901461.6488"
"D","2019-Q4","TP.FINHESTNKS7102.ZP9","207430740"
"D","2019-Q4","TP.FINHESTNKS7102.ZP10","413266.1322"
"D","2019-Q4","TP.FINHESTNKS7102.ZP11","207017473.8678"
"D","2019-Q4","TP.FINHESTNKS7102.ZP12","101633400"
"D","2019-Q4","TP.FINHESTNKS7102.ZP13","28228015.0599"
"D","2019-Q4","TP.FINHESTNKS7102.ZP14","73405384.9401"
"D","2019-Q4","TP.FINHESTNKS7102.ZP15","261550080"
"D","2019-Q4","TP.FINHESTNKS7102.ZP16","261550080"
"D","2019-Q4","TP.FINHESTNKS7102.ZP17","0"
"D","2019-Q4","TP.FINHESTNKS7102.ZP18","0"
"D","2019-Q4","TP.FINHESTNKS7102.ZP19","0"
"D","2019-Q4","TP.FINHESTNKS7102.ZP20","0"
"D","2019-Q4","TP.FINHESTNKS7102.ZP21","30714332"
"D","2019-Q4","TP.FINHESTNKS7102.ZP22","232235523.3889"
"D","2019-Q4","TP.FINHESTNKS7102.ZP23","1500125893.5339"
"D","2019-Q4","TP.FINHESTNKS7102.ZP24","8808045"
"D","2019-Q4","TP.FINHESTNKS7102.ZP26","8808045"
"D","2019-Q4","TP.FINHESTNKS7102.ZP27","283722497.5909"
"D","2019-Q4","TP.FINHESTNKS7102.ZP28","0"
"D","2019-Q4","TP.FINHESTNKS7102.ZP29","48995763"
"D","2019-Q4","TP.FINHESTNKS7102.ZP30","234726734.5909"
"D","2019-Q4","TP.FINHESTNKS7102.ZP31","600658740"
"D","2019-Q4","TP.FINHESTNKS7102.ZP32","1196697.8194"
"D","2019-Q4","TP.FINHESTNKS7102.ZP33","599462042.1806"
"D","2019-Q4","TP.FINHESTNKS7102.ZP34","1216446660"
"D","2019-Q4","TP.FINHESTNKS7102.ZP35","76933322.231"
"D","2019-Q4","TP.FINHESTNKS7102.ZP36","1139513337.7691"
"D","2019-Q4","TP.FINHESTNKS7102.ZP37","1078169400"
"D","2019-Q4","TP.FINHESTNKS7102.ZP38","1078169400"
"D","2019-Q4","TP.FINHESTNKS7102.ZP39","0"
"D","2019-Q4","TP.FINHESTNKS7102.ZP40","0"
"D","2019-Q4","TP.FINHESTNKS7102.ZP41","0"
"D","2019-Q4","TP.FINHESTNKS7102.ZP42","0"
"D","2019-Q4","TP.FINHESTNKS7102.ZP43","27443271"
"D","2019-Q4","TP.FINHESTNKS7102.ZP44","204368645.4805"
"D","2019-Q4","TP.FINHESTNKS7102.ZP45","3419617259.0714"
"D","2020-Q1","TP.FINHESTNKS7102.ZP1","1820653127.4572"
"D","2020-Q1","TP.FINHESTNKS7102.ZP2","9578116"
"D","2020-Q1","TP.FINHESTNKS7102.ZP3","0"
"D","2020-Q1","TP.FINHESTNKS7102.ZP4","9578116"
"D","2020-Q1","TP.FINHESTNKS7102.ZP5","573216274.4216"
"D","2020-Q1","TP.FINHESTNKS7102.ZP6","45689739.0896"
"D","2020-Q1","TP.FINHESTNKS7102.ZP7","264261712.2437"
"D","2020-Q1","TP.FINHESTNKS7102.ZP8","263264823.0883"
"D","2020-Q1","TP.FINHESTNKS7102.ZP9","245672748"
"D","2020-Q1","TP.FINHESTNKS7102.ZP10","506283.8647"
"D","2020-Q1","TP.FINHESTNKS7102.ZP11","245166464.1353"
"D","2020-Q1","TP.FINHESTNKS7102.ZP12","116642916"
"D","2020-Q1","TP.FINHESTNKS7102.ZP13","38832458.9905"
"D","2020-Q1","TP.FINHESTNKS7102.ZP14","77810457.0095"
"D","2020-Q1","TP.FINHESTNKS7102.ZP15","290222640"
"D","2020-Q1","TP.FINHESTNKS7102.ZP16","290222640"
"D","2020-Q1","TP.FINHESTNKS7102.ZP17","0"
"D","2020-Q1","TP.FINHESTNKS7102.ZP18","0"
"D","2020-Q1","TP.FINHESTNKS7102.ZP19","0"
"D","2020-Q1","TP.FINHESTNKS7102.ZP20","0"
"D","2020-Q1","TP.FINHESTNKS7102.ZP21","38793541"
"D","2020-Q1","TP.FINHESTNKS7102.ZP22","235706316.8652"
"D","2020-Q1","TP.FINHESTNKS7102.ZP23","1509832552.2867"
"D","2020-Q1","TP.FINHESTNKS7102.ZP24","9578116"
"D","2020-Q1","TP.FINHESTNKS7102.ZP26","9578116"
"D","2020-Q1","TP.FINHESTNKS7102.ZP27","310743105.9642"
"D","2020-Q1","TP.FINHESTNKS7102.ZP28","0"
"D","2020-Q1","TP.FINHESTNKS7102.ZP29","58833431"
"D","2020-Q1","TP.FINHESTNKS7102.ZP30","251909674.9642"
"D","2020-Q1","TP.FINHESTNKS7102.ZP31","594194040"
"D","2020-Q1","TP.FINHESTNKS7102.ZP32","1224518.6224"
"D","2020-Q1","TP.FINHESTNKS7102.ZP33","592969521.3776"
"D","2020-Q1","TP.FINHESTNKS7102.ZP34","1265856804"
"D","2020-Q1","TP.FINHESTNKS7102.ZP35","77486268.4714"
"D","2020-Q1","TP.FINHESTNKS7102.ZP36","1188370535.5286"
"D","2020-Q1","TP.FINHESTNKS7102.ZP37","904310028"
"D","2020-Q1","TP.FINHESTNKS7102.ZP38","904310028"
"D","2020-Q1","TP.FINHESTNKS7102.ZP39","0"
"D","2020-Q1","TP.FINHESTNKS7102.ZP40","0"
"D","2020-Q1","TP.FINHESTNKS7102.ZP41","0"
"D","2020-Q1","TP.FINHESTNKS7102.ZP42","0"
"D","2020-Q1","TP.FINHESTNKS7102.ZP43","37644794"
"D","2020-Q1","TP.FINHESTNKS7102.ZP44","208158791.7797"
"D","2020-Q1","TP.FINHESTNKS7102.ZP45","3330485679.7439"
"D","2020-Q2","TP.FINHESTNKS7102.ZP1","2229035940.3245"
"D","2020-Q2","TP.FINHESTNKS7102.ZP2","10117531"
"D","2020-Q2","TP.FINHESTNKS7102.ZP3","0"
"D","2020-Q2","TP.FINHESTNKS7102.ZP4","10117531"
"D","2020-Q2","TP.FINHESTNKS7102.ZP5","651157312.4695"
"D","2020-Q2","TP.FINHESTNKS7102.ZP6","48626308.7655"
"D","2020-Q2","TP.FINHESTNKS7102.ZP7","281729940.8369"
"D","2020-Q2","TP.FINHESTNKS7102.ZP8","320801062.8671"
"D","2020-Q2","TP.FINHESTNKS7102.ZP9","117265038"
"D","2020-Q2","TP.FINHESTNKS7102.ZP10","319686.7715"
"D","2020-Q2","TP.FINHESTNKS7102.ZP11","116945351.2285"
"D","2020-Q2","TP.FINHESTNKS7102.ZP12","114302452"
"D","2020-Q2","TP.FINHESTNKS7102.ZP13","24090719.0914"
"D","2020-Q2","TP.FINHESTNKS7102.ZP14","90211732.9086"
"D","2020-Q2","TP.FINHESTNKS7102.ZP15","307144222"
"D","2020-Q2","TP.FINHESTNKS7102.ZP16","307144222"
"D","2020-Q2","TP.FINHESTNKS7102.ZP17","0"
"D","2020-Q2","TP.FINHESTNKS7102.ZP18","0"
"D","2020-Q2","TP.FINHESTNKS7102.ZP19","0"
"D","2020-Q2","TP.FINHESTNKS7102.ZP20","0"
"D","2020-Q2","TP.FINHESTNKS7102.ZP21","35473347"
"D","2020-Q2","TP.FINHESTNKS7102.ZP22","194955665.4417"
"D","2020-Q2","TP.FINHESTNKS7102.ZP23","1430415567.9112"
"D","2020-Q2","TP.FINHESTNKS7102.ZP24","10117531"
"D","2020-Q2","TP.FINHESTNKS7102.ZP26","10117531"
"D","2020-Q2","TP.FINHESTNKS7102.ZP27","317629941.1957"
"D","2020-Q2","TP.FINHESTNKS7102.ZP28","0"
"D","2020-Q2","TP.FINHESTNKS7102.ZP29","63998497"
"D","2020-Q2","TP.FINHESTNKS7102.ZP30","253631444.1957"
"D","2020-Q2","TP.FINHESTNKS7102.ZP31","599215518"
"D","2020-Q2","TP.FINHESTNKS7102.ZP32","1633575.3404"
"D","2020-Q2","TP.FINHESTNKS7102.ZP33","597581942.6596"
"D","2020-Q2","TP.FINHESTNKS7102.ZP34","1313855576"
"D","2020-Q2","TP.FINHESTNKS7102.ZP35","93664236.3734"
"D","2020-Q2","TP.FINHESTNKS7102.ZP36","1220191339.6266"
"D","2020-Q2","TP.FINHESTNKS7102.ZP37","1206217232"
"D","2020-Q2","TP.FINHESTNKS7102.ZP38","1206217232"
"D","2020-Q2","TP.FINHESTNKS7102.ZP39","0"
"D","2020-Q2","TP.FINHESTNKS7102.ZP40","0"
"D","2020-Q2","TP.FINHESTNKS7102.ZP41","0"
"D","2020-Q2","TP.FINHESTNKS7102.ZP42","0"
"D","2020-Q2","TP.FINHESTNKS7102.ZP43","34371191"
"D","2020-Q2","TP.FINHESTNKS7102.ZP44","178044519.04"
"D","2020-Q2","TP.FINHESTNKS7102.ZP45","3659451508.2357"
"D","2020-Q3","TP.FINHESTNKS7102.ZP1","2638834325.0069"
"D","2020-Q3","TP.FINHESTNKS7102.ZP2","11780877"
"D","2020-Q3","TP.FINHESTNKS7102.ZP3","0"
"D","2020-Q3","TP.FINHESTNKS7102.ZP4","11780877"
"D","2020-Q3","TP.FINHESTNKS7102.ZP5","727798236.0127"
"D","2020-Q3","TP.FINHESTNKS7102.ZP6","64732860.1217"
"D","2020-Q3","TP.FINHESTNKS7102.ZP7","317829625.5948"
"D","2020-Q3","TP.FINHESTNKS7102.ZP8","345235750.2962"
"D","2020-Q3","TP.FINHESTNKS7102.ZP9","76049920"
"D","2020-Q3","TP.FINHESTNKS7102.ZP10","273760.0057"
"D","2020-Q3","TP.FINHESTNKS7102.ZP11","75776159.9943"
"D","2020-Q3","TP.FINHESTNKS7102.ZP12","132868736"
"D","2020-Q3","TP.FINHESTNKS7102.ZP13","30985604.8432"
"D","2020-Q3","TP.FINHESTNKS7102.ZP14","101883131.1568"
"D","2020-Q3","TP.FINHESTNKS7102.ZP15","361283968"
"D","2020-Q3","TP.FINHESTNKS7102.ZP16","361283968"
"D","2020-Q3","TP.FINHESTNKS7102.ZP17","0"
"D","2020-Q3","TP.FINHESTNKS7102.ZP18","0"
"D","2020-Q3","TP.FINHESTNKS7102.ZP19","0"
"D","2020-Q3","TP.FINHESTNKS7102.ZP20","0"
"D","2020-Q3","TP.FINHESTNKS7102.ZP21","44659401"
"D","2020-Q3","TP.FINHESTNKS7102.ZP22","290395232.7668"
"D","2020-Q3","TP.FINHESTNKS7102.ZP23","1644836370.7795"
"D","2020-Q3","TP.FINHESTNKS7102.ZP24","11780877"
"D","2020-Q3","TP.FINHESTNKS7102.ZP26","11780877"
"D","2020-Q3","TP.FINHESTNKS7102.ZP27","362847621.9409"
"D","2020-Q3","TP.FINHESTNKS7102.ZP28","0"
"D","2020-Q3","TP.FINHESTNKS7102.ZP29","80401024"
"D","2020-Q3","TP.FINHESTNKS7102.ZP30","282446597.9409"
"D","2020-Q3","TP.FINHESTNKS7102.ZP31","619190016"
"D","2020-Q3","TP.FINHESTNKS7102.ZP32","2228923.6109"
"D","2020-Q3","TP.FINHESTNKS7102.ZP33","616961092.3891"
"D","2020-Q3","TP.FINHESTNKS7102.ZP34","1502797952"
"D","2020-Q3","TP.FINHESTNKS7102.ZP35","108294908.7884"
"D","2020-Q3","TP.FINHESTNKS7102.ZP36","1394503043.2116"
"D","2020-Q3","TP.FINHESTNKS7102.ZP37","1500252544"
"D","2020-Q3","TP.FINHESTNKS7102.ZP38","1500252544"
"D","2020-Q3","TP.FINHESTNKS7102.ZP39","0"
"D","2020-Q3","TP.FINHESTNKS7102.ZP40","0"
"D","2020-Q3","TP.FINHESTNKS7102.ZP41","0"
"D","2020-Q3","TP.FINHESTNKS7102.ZP42","0"
"D","2020-Q3","TP.FINHESTNKS7102.ZP43","42678300"
"D","2020-Q3","TP.FINHESTNKS7102.ZP44","244123384.8454"
"D","2020-Q3","TP.FINHESTNKS7102.ZP45","4283670695.7863"
"D","2020-Q4","TP.FINHESTNKS7102.ZP1","2941105921.6478"
"D","2020-Q4","TP.FINHESTNKS7102.ZP2","11372379"
"D","2020-Q4","TP.FINHESTNKS7102.ZP3","0"
"D","2020-Q4","TP.FINHESTNKS7102.ZP4","11372379"
"D","2020-Q4","TP.FINHESTNKS7102.ZP5","767505292.3903"
"D","2020-Q4","TP.FINHESTNKS7102.ZP6","66160407.1153"
"D","2020-Q4","TP.FINHESTNKS7102.ZP7","306741684.6353"
"D","2020-Q4","TP.FINHESTNKS7102.ZP8","394603200.6397"
"D","2020-Q4","TP.FINHESTNKS7102.ZP9","71322780"
"D","2020-Q4","TP.FINHESTNKS7102.ZP10","185144.9215"
"D","2020-Q4","TP.FINHESTNKS7102.ZP11","71137635.0785"
"D","2020-Q4","TP.FINHESTNKS7102.ZP12","106598820"
"D","2020-Q4","TP.FINHESTNKS7102.ZP13","25686665.3211"
"D","2020-Q4","TP.FINHESTNKS7102.ZP14","80912154.6789"
"D","2020-Q4","TP.FINHESTNKS7102.ZP15","338440060"
"D","2020-Q4","TP.FINHESTNKS7102.ZP16","338440060"
"D","2020-Q4","TP.FINHESTNKS7102.ZP17","0"
"D","2020-Q4","TP.FINHESTNKS7102.ZP18","0"
"D","2020-Q4","TP.FINHESTNKS7102.ZP19","0"
"D","2020-Q4","TP.FINHESTNKS7102.ZP20","0"
"D","2020-Q4","TP.FINHESTNKS7102.ZP21","38848492"
"D","2020-Q4","TP.FINHESTNKS7102.ZP22","309890071.4554"
"D","2020-Q4","TP.FINHESTNKS7102.ZP23","1643977894.8457"
"D","2020-Q4","TP.FINHESTNKS7102.ZP24","11372379"
"D","2020-Q4","TP.FINHESTNKS7102.ZP26","11372379"
"D","2020-Q4","TP.FINHESTNKS7102.ZP27","357618137.7979"
"D","2020-Q4","TP.FINHESTNKS7102.ZP28","0"
"D","2020-Q4","TP.FINHESTNKS7102.ZP29","76400105"
"D","2020-Q4","TP.FINHESTNKS7102.ZP30","281218032.7979"
"D","2020-Q4","TP.FINHESTNKS7102.ZP31","669789680"
"D","2020-Q4","TP.FINHESTNKS7102.ZP32","1738689.3466"
"D","2020-Q4","TP.FINHESTNKS7102.ZP33","668050990.6534"
"D","2020-Q4","TP.FINHESTNKS7102.ZP34","1439425380"
"D","2020-Q4","TP.FINHESTNKS7102.ZP35","107228940.0395"
"D","2020-Q4","TP.FINHESTNKS7102.ZP36","1332196439.9605"
"D","2020-Q4","TP.FINHESTNKS7102.ZP37","1818624460"
"D","2020-Q4","TP.FINHESTNKS7102.ZP38","1818624460"
"D","2020-Q4","TP.FINHESTNKS7102.ZP39","0"
"D","2020-Q4","TP.FINHESTNKS7102.ZP40","0"
"D","2020-Q4","TP.FINHESTNKS7102.ZP41","0"
"D","2020-Q4","TP.FINHESTNKS7102.ZP42","0"
"D","2020-Q4","TP.FINHESTNKS7102.ZP43","39111512"
"D","2020-Q4","TP.FINHESTNKS7102.ZP44","249142267.6956"
"D","2020-Q4","TP.FINHESTNKS7102.ZP45","4585083816.4935"
"D","2021-Q1","TP.FINHESTNKS7102.ZP1","2271129906.4707"
"D","2021-Q1","TP.FINHESTNKS7102.ZP2","336940327"
"D","2021-Q1","TP.FINHESTNKS7102.ZP3","324284923"
"D","2021-Q1","TP.FINHESTNKS7102.ZP4","12655404"
"D","2021-Q1","TP.FINHESTNKS7102.ZP5","922533700.2327"
"D","2021-Q1","TP.FINHESTNKS7102.ZP6","88631078.1947"
"D","2021-Q1","TP.FINHESTNKS7102.ZP7","387725884.7998"
"D","2021-Q1","TP.FINHESTNKS7102.ZP8","446176737.2382"
"D","2021-Q1","TP.FINHESTNKS7102.ZP9","79629864"
"D","2021-Q1","TP.FINHESTNKS7102.ZP10","216793.6783"
"D","2021-Q1","TP.FINHESTNKS7102.ZP11","79413070.3217"
"D","2021-Q1","TP.FINHESTNKS7102.ZP12","130068772"
"D","2021-Q1","TP.FINHESTNKS7102.ZP13","44901523.3669"
"D","2021-Q1","TP.FINHESTNKS7102.ZP14","85167248.6331"
"D","2021-Q1","TP.FINHESTNKS7102.ZP15","391688344"
"D","2021-Q1","TP.FINHESTNKS7102.ZP16","391688344"
"D","2021-Q1","TP.FINHESTNKS7102.ZP17","0"
"D","2021-Q1","TP.FINHESTNKS7102.ZP18","0"
"D","2021-Q1","TP.FINHESTNKS7102.ZP19","0"
"D","2021-Q1","TP.FINHESTNKS7102.ZP20","0"
"D","2021-Q1","TP.FINHESTNKS7102.ZP21","57181250"
"D","2021-Q1","TP.FINHESTNKS7102.ZP22","314747722.3556"
"D","2021-Q1","TP.FINHESTNKS7102.ZP23","2232789979.5883"
"D","2021-Q1","TP.FINHESTNKS7102.ZP24","12655404"
"D","2021-Q1","TP.FINHESTNKS7102.ZP26","12655404"
"D","2021-Q1","TP.FINHESTNKS7102.ZP27","405544893.1248"
"D","2021-Q1","TP.FINHESTNKS7102.ZP28","0"
"D","2021-Q1","TP.FINHESTNKS7102.ZP29","85394006"
"D","2021-Q1","TP.FINHESTNKS7102.ZP30","320150887.1248"
"D","2021-Q1","TP.FINHESTNKS7102.ZP31","712247670"
"D","2021-Q1","TP.FINHESTNKS7102.ZP32","1939106.5669"
"D","2021-Q1","TP.FINHESTNKS7102.ZP33","710308563.4331"
"D","2021-Q1","TP.FINHESTNKS7102.ZP34","1596418914"
"D","2021-Q1","TP.FINHESTNKS7102.ZP35","117501397.6364"
"D","2021-Q1","TP.FINHESTNKS7102.ZP36","1478917516.3636"
"D","2021-Q1","TP.FINHESTNKS7102.ZP37","1456317312"
"D","2021-Q1","TP.FINHESTNKS7102.ZP38","1456317312"
"D","2021-Q1","TP.FINHESTNKS7102.ZP39","0"
"D","2021-Q1","TP.FINHESTNKS7102.ZP40","0"
"D","2021-Q1","TP.FINHESTNKS7102.ZP41","0"
"D","2021-Q1","TP.FINHESTNKS7102.ZP42","0"
"D","2021-Q1","TP.FINHESTNKS7102.ZP43","37781593"
"D","2021-Q1","TP.FINHESTNKS7102.ZP44","282954099.9342"
"D","2021-Q1","TP.FINHESTNKS7102.ZP45","4503919886.059"
"D","2021-Q2","TP.FINHESTNKS7102.ZP1","2075540254.6082"
"D","2021-Q2","TP.FINHESTNKS7102.ZP2","366141671"
"D","2021-Q2","TP.FINHESTNKS7102.ZP3","352820650"
"D","2021-Q2","TP.FINHESTNKS7102.ZP4","13321021"
"D","2021-Q2","TP.FINHESTNKS7102.ZP5","1044120500.4755"
"D","2021-Q2","TP.FINHESTNKS7102.ZP6","90110047.6655"
"D","2021-Q2","TP.FINHESTNKS7102.ZP7","400451239.0957"
"D","2021-Q2","TP.FINHESTNKS7102.ZP8","553559213.7143"
"D","2021-Q2","TP.FINHESTNKS7102.ZP9","83402605"
"D","2021-Q2","TP.FINHESTNKS7102.ZP10","278820.4974"
"D","2021-Q2","TP.FINHESTNKS7102.ZP11","83123784.5026"
"D","2021-Q2","TP.FINHESTNKS7102.ZP12","145329975"
"D","2021-Q2","TP.FINHESTNKS7102.ZP13","55529336.722"
"D","2021-Q2","TP.FINHESTNKS7102.ZP14","89800638.278"
"D","2021-Q2","TP.FINHESTNKS7102.ZP15","416003245"
"D","2021-Q2","TP.FINHESTNKS7102.ZP16","416003245"
"D","2021-Q2","TP.FINHESTNKS7102.ZP17","0"
"D","2021-Q2","TP.FINHESTNKS7102.ZP18","0"
"D","2021-Q2","TP.FINHESTNKS7102.ZP19","0"
"D","2021-Q2","TP.FINHESTNKS7102.ZP20","0"
"D","2021-Q2","TP.FINHESTNKS7102.ZP21","42780121"
"D","2021-Q2","TP.FINHESTNKS7102.ZP22","365713596.9119"
"D","2021-Q2","TP.FINHESTNKS7102.ZP23","2463491714.3874"
"D","2021-Q2","TP.FINHESTNKS7102.ZP24","13321021"
"D","2021-Q2","TP.FINHESTNKS7102.ZP26","13321021"
"D","2021-Q2","TP.FINHESTNKS7102.ZP27","414506562.3003"
"D","2021-Q2","TP.FINHESTNKS7102.ZP28","0"
"D","2021-Q2","TP.FINHESTNKS7102.ZP29","93643758"
"D","2021-Q2","TP.FINHESTNKS7102.ZP30","320862804.3003"
"D","2021-Q2","TP.FINHESTNKS7102.ZP31","779410880"
"D","2021-Q2","TP.FINHESTNKS7102.ZP32","2605622.8008"
"D","2021-Q2","TP.FINHESTNKS7102.ZP33","776805257.1992"
"D","2021-Q2","TP.FINHESTNKS7102.ZP34","1668844255"
"D","2021-Q2","TP.FINHESTNKS7102.ZP35","126427316.3061"
"D","2021-Q2","TP.FINHESTNKS7102.ZP36","1542416938.6939"
"D","2021-Q2","TP.FINHESTNKS7102.ZP37","1300988365"
"D","2021-Q2","TP.FINHESTNKS7102.ZP38","1300988365"
"D","2021-Q2","TP.FINHESTNKS7102.ZP39","0"
"D","2021-Q2","TP.FINHESTNKS7102.ZP40","0"
"D","2021-Q2","TP.FINHESTNKS7102.ZP41","0"
"D","2021-Q2","TP.FINHESTNKS7102.ZP42","0"
"D","2021-Q2","TP.FINHESTNKS7102.ZP43","32074925"
"D","2021-Q2","TP.FINHESTNKS7102.ZP44","329885960.6953"
"D","2021-Q2","TP.FINHESTNKS7102.ZP45","4539031968.9956"
"D","2021-Q3","TP.FINHESTNKS7102.ZP1","2031640756.1604"
"D","2021-Q3","TP.FINHESTNKS7102.ZP2","409921677"
"D","2021-Q3","TP.FINHESTNKS7102.ZP3","340636545"
"D","2021-Q3","TP.FINHESTNKS7102.ZP4","69285132"
"D","2021-Q3","TP.FINHESTNKS7102.ZP5","1225941714.2656"
"D","2021-Q3","TP.FINHESTNKS7102.ZP6","97238019.2496"
"D","2021-Q3","TP.FINHESTNKS7102.ZP7","402168824.2735"
"D","2021-Q3","TP.FINHESTNKS7102.ZP8","726534870.7425"
"D","2021-Q3","TP.FINHESTNKS7102.ZP9","80586259"
"D","2021-Q3","TP.FINHESTNKS7102.ZP10","669169.5664"
"D","2021-Q3","TP.FINHESTNKS7102.ZP11","79917089.4336"
"D","2021-Q3","TP.FINHESTNKS7102.ZP12","159793010"
"D","2021-Q3","TP.FINHESTNKS7102.ZP13","67914502.826"
"D","2021-Q3","TP.FINHESTNKS7102.ZP14","91878507.174"
"D","2021-Q3","TP.FINHESTNKS7102.ZP15","431352697"
"D","2021-Q3","TP.FINHESTNKS7102.ZP16","431352697"
"D","2021-Q3","TP.FINHESTNKS7102.ZP17","0"
"D","2021-Q3","TP.FINHESTNKS7102.ZP18","0"
"D","2021-Q3","TP.FINHESTNKS7102.ZP19","0"
"D","2021-Q3","TP.FINHESTNKS7102.ZP20","0"
"D","2021-Q3","TP.FINHESTNKS7102.ZP21","42327588"
"D","2021-Q3","TP.FINHESTNKS7102.ZP22","404407444.4613"
"D","2021-Q3","TP.FINHESTNKS7102.ZP23","2754330389.7269"
"D","2021-Q3","TP.FINHESTNKS7102.ZP24","69285132"
"D","2021-Q3","TP.FINHESTNKS7102.ZP26","69285132"
"D","2021-Q3","TP.FINHESTNKS7102.ZP27","421436015.0493"
"D","2021-Q3","TP.FINHESTNKS7102.ZP28","0"
"D","2021-Q3","TP.FINHESTNKS7102.ZP29","102554763"
"D","2021-Q3","TP.FINHESTNKS7102.ZP30","318881252.0493"
"D","2021-Q3","TP.FINHESTNKS7102.ZP31","783304097"
"D","2021-Q3","TP.FINHESTNKS7102.ZP32","6504375.1806"
"D","2021-Q3","TP.FINHESTNKS7102.ZP33","776799721.8194"
"D","2021-Q3","TP.FINHESTNKS7102.ZP34","1667400708"
"D","2021-Q3","TP.FINHESTNKS7102.ZP35","113152924.1474"
"D","2021-Q3","TP.FINHESTNKS7102.ZP36","1554247783.8526"
"D","2021-Q3","TP.FINHESTNKS7102.ZP37","1456017636"
"D","2021-Q3","TP.FINHESTNKS7102.ZP38","1456017636"
"D","2021-Q3","TP.FINHESTNKS7102.ZP39","0"
"D","2021-Q3","TP.FINHESTNKS7102.ZP40","0"
"D","2021-Q3","TP.FINHESTNKS7102.ZP41","0"
"D","2021-Q3","TP.FINHESTNKS7102.ZP42","0"
"D","2021-Q3","TP.FINHESTNKS7102.ZP43","30875932"
"D","2021-Q3","TP.FINHESTNKS7102.ZP44","357651625.8379"
"D","2021-Q3","TP.FINHESTNKS7102.ZP45","4785971145.8873"
"D","2021-Q4","TP.FINHESTNKS7102.ZP1","2676742978.5738"
"D","2021-Q4","TP.FINHESTNKS7102.ZP2","600077864"
"D","2021-Q4","TP.FINHESTNKS7102.ZP3","499485010"
"D","2021-Q4","TP.FINHESTNKS7102.ZP4","100592854"
"D","2021-Q4","TP.FINHESTNKS7102.ZP5","1697242499.3104"
"D","2021-Q4","TP.FINHESTNKS7102.ZP6","152015666.3894"
"D","2021-Q4","TP.FINHESTNKS7102.ZP7","599225815.2362"
"D","2021-Q4","TP.FINHESTNKS7102.ZP8","946001017.6848"
"D","2021-Q4","TP.FINHESTNKS7102.ZP9","117666992.5"
"D","2021-Q4","TP.FINHESTNKS7102.ZP10","879347.5567"
"D","2021-Q4","TP.FINHESTNKS7102.ZP11","116787644.9433"
"D","2021-Q4","TP.FINHESTNKS7102.ZP12","186759202.5"
"D","2021-Q4","TP.FINHESTNKS7102.ZP13","82101070.3708"
"D","2021-Q4","TP.FINHESTNKS7102.ZP14","104658132.1292"
"D","2021-Q4","TP.FINHESTNKS7102.ZP15","643541247.5"
"D","2021-Q4","TP.FINHESTNKS7102.ZP16","643541247.5"
"D","2021-Q4","TP.FINHESTNKS7102.ZP17","0"
"D","2021-Q4","TP.FINHESTNKS7102.ZP18","0"
"D","2021-Q4","TP.FINHESTNKS7102.ZP19","0"
"D","2021-Q4","TP.FINHESTNKS7102.ZP20","0"
"D","2021-Q4","TP.FINHESTNKS7102.ZP21","83905736"
"D","2021-Q4","TP.FINHESTNKS7102.ZP22","553663389.1523"
"D","2021-Q4","TP.FINHESTNKS7102.ZP23","3882856930.9626"
"D","2021-Q4","TP.FINHESTNKS7102.ZP24","100592854"
"D","2021-Q4","TP.FINHESTNKS7102.ZP26","100592854"
"D","2021-Q4","TP.FINHESTNKS7102.ZP27","560830113.3967"
"D","2021-Q4","TP.FINHESTNKS7102.ZP28","0"
"D","2021-Q4","TP.FINHESTNKS7102.ZP29","149438648"
"D","2021-Q4","TP.FINHESTNKS7102.ZP30","411391465.3967"
"D","2021-Q4","TP.FINHESTNKS7102.ZP31","969536047.5"
"D","2021-Q4","TP.FINHESTNKS7102.ZP32","7245525.1588"
"D","2021-Q4","TP.FINHESTNKS7102.ZP33","962290522.3412"
"D","2021-Q4","TP.FINHESTNKS7102.ZP34","2396684700"
"D","2021-Q4","TP.FINHESTNKS7102.ZP35","149176595.2713"
"D","2021-Q4","TP.FINHESTNKS7102.ZP36","2247508104.7287"
"D","2021-Q4","TP.FINHESTNKS7102.ZP37","1914311025"
"D","2021-Q4","TP.FINHESTNKS7102.ZP38","1914311025"
"D","2021-Q4","TP.FINHESTNKS7102.ZP39","0"
"D","2021-Q4","TP.FINHESTNKS7102.ZP40","0"
"D","2021-Q4","TP.FINHESTNKS7102.ZP41","0"
"D","2021-Q4","TP.FINHESTNKS7102.ZP42","0"
"D","2021-Q4","TP.FINHESTNKS7102.ZP43","51922909"
"D","2021-Q4","TP.FINHESTNKS7102.ZP44","565722260.6398"
"D","2021-Q4","TP.FINHESTNKS7102.ZP45","6559599909.5365"
"D","2022-Q1","TP.FINHESTNKS7102.ZP1","2767126484.675"
"D","2022-Q1","TP.FINHESTNKS7102.ZP2","727347525"
"D","2022-Q1","TP.FINHESTNKS7102.ZP3","615031923"
"D","2022-Q1","TP.FINHESTNKS7102.ZP4","112315602"
"D","2022-Q1","TP.FINHESTNKS7102.ZP5","1791349263.3184"
"D","2022-Q1","TP.FINHESTNKS7102.ZP6","175568899.0064"
"D","2022-Q1","TP.FINHESTNKS7102.ZP7","685395037.168"
"D","2022-Q1","TP.FINHESTNKS7102.ZP8","930385327.144"
"D","2022-Q1","TP.FINHESTNKS7102.ZP9","120842495.8"
"D","2022-Q1","TP.FINHESTNKS7102.ZP10","1059692.5019"
"D","2022-Q1","TP.FINHESTNKS7102.ZP11","119782803.2981"
"D","2022-Q1","TP.FINHESTNKS7102.ZP12","200413127.2"
"D","2022-Q1","TP.FINHESTNKS7102.ZP13","77372193.5299"
"D","2022-Q1","TP.FINHESTNKS7102.ZP14","123040933.6701"
"D","2022-Q1","TP.FINHESTNKS7102.ZP15","744621763.6"
"D","2022-Q1","TP.FINHESTNKS7102.ZP16","744621763.6"
"D","2022-Q1","TP.FINHESTNKS7102.ZP17","0"
"D","2022-Q1","TP.FINHESTNKS7102.ZP18","0"
"D","2022-Q1","TP.FINHESTNKS7102.ZP19","0"
"D","2022-Q1","TP.FINHESTNKS7102.ZP20","0"
"D","2022-Q1","TP.FINHESTNKS7102.ZP21","92422077"
"D","2022-Q1","TP.FINHESTNKS7102.ZP22","637185898.2201"
"D","2022-Q1","TP.FINHESTNKS7102.ZP23","4314182150.1386"
"D","2022-Q1","TP.FINHESTNKS7102.ZP24","112315602"
"D","2022-Q1","TP.FINHESTNKS7102.ZP26","112315602"
"D","2022-Q1","TP.FINHESTNKS7102.ZP27","652623543.9493"
"D","2022-Q1","TP.FINHESTNKS7102.ZP28","0"
"D","2022-Q1","TP.FINHESTNKS7102.ZP29","179264151"
"D","2022-Q1","TP.FINHESTNKS7102.ZP30","473359392.9493"
"D","2022-Q1","TP.FINHESTNKS7102.ZP31","1001567678.8"
"D","2022-Q1","TP.FINHESTNKS7102.ZP32","8782951.3316"
"D","2022-Q1","TP.FINHESTNKS7102.ZP33","992784727.4684"
"D","2022-Q1","TP.FINHESTNKS7102.ZP34","2684677660.6"
"D","2022-Q1","TP.FINHESTNKS7102.ZP35","170219336.353"
"D","2022-Q1","TP.FINHESTNKS7102.ZP36","2514458324.247"
"D","2022-Q1","TP.FINHESTNKS7102.ZP37","1900439008"
"D","2022-Q1","TP.FINHESTNKS7102.ZP38","1900439008"
"D","2022-Q1","TP.FINHESTNKS7102.ZP39","0"
"D","2022-Q1","TP.FINHESTNKS7102.ZP40","0"
"D","2022-Q1","TP.FINHESTNKS7102.ZP41","0"
"D","2022-Q1","TP.FINHESTNKS7102.ZP42","0"
"D","2022-Q1","TP.FINHESTNKS7102.ZP43","48378828"
"D","2022-Q1","TP.FINHESTNKS7102.ZP44","681306313.4643"
"D","2022-Q1","TP.FINHESTNKS7102.ZP45","7081308634.8136"
"D","2022-Q2","TP.FINHESTNKS7102.ZP1","2683099863.3195"
"D","2022-Q2","TP.FINHESTNKS7102.ZP2","808922975"
"D","2022-Q2","TP.FINHESTNKS7102.ZP3","685813630"
"D","2022-Q2","TP.FINHESTNKS7102.ZP4","123109345"
"D","2022-Q2","TP.FINHESTNKS7102.ZP5","1941605469.586"
"D","2022-Q2","TP.FINHESTNKS7102.ZP6","203435969.098"
"D","2022-Q2","TP.FINHESTNKS7102.ZP7","792915324.4625"
"D","2022-Q2","TP.FINHESTNKS7102.ZP8","945254176.0255"
"D","2022-Q2","TP.FINHESTNKS7102.ZP9","139802892"
"D","2022-Q2","TP.FINHESTNKS7102.ZP10","1264274.679"
"D","2022-Q2","TP.FINHESTNKS7102.ZP11","138538617.321"
"D","2022-Q2","TP.FINHESTNKS7102.ZP12","244950955"
"D","2022-Q2","TP.FINHESTNKS7102.ZP13","117837641.78"
"D","2022-Q2","TP.FINHESTNKS7102.ZP14","127113313.22"
"D","2022-Q2","TP.FINHESTNKS7102.ZP15","862470729"
"D","2022-Q2","TP.FINHESTNKS7102.ZP16","862470729"
"D","2022-Q2","TP.FINHESTNKS7102.ZP17","0"
"D","2022-Q2","TP.FINHESTNKS7102.ZP18","0"
"D","2022-Q2","TP.FINHESTNKS7102.ZP19","0"
"D","2022-Q2","TP.FINHESTNKS7102.ZP20","0"
"D","2022-Q2","TP.FINHESTNKS7102.ZP21","117794594"
"D","2022-Q2","TP.FINHESTNKS7102.ZP22","788535376.6676"
"D","2022-Q2","TP.FINHESTNKS7102.ZP23","4904082991.2536"
"D","2022-Q2","TP.FINHESTNKS7102.ZP24","123109345"
"D","2022-Q2","TP.FINHESTNKS7102.ZP26","123109345"
"D","2022-Q2","TP.FINHESTNKS7102.ZP27","767568186.324"
"D","2022-Q2","TP.FINHESTNKS7102.ZP28","0"
"D","2022-Q2","TP.FINHESTNKS7102.ZP29","227729324"
"D","2022-Q2","TP.FINHESTNKS7102.ZP30","539838862.324"
"D","2022-Q2","TP.FINHESTNKS7102.ZP31","943548745"
"D","2022-Q2","TP.FINHESTNKS7102.ZP32","8532761.2024"
"D","2022-Q2","TP.FINHESTNKS7102.ZP33","935015983.7976"
"D","2022-Q2","TP.FINHESTNKS7102.ZP34","2966531923"
"D","2022-Q2","TP.FINHESTNKS7102.ZP35","195069254.8962"
"D","2022-Q2","TP.FINHESTNKS7102.ZP36","2771462668.1038"
"D","2022-Q2","TP.FINHESTNKS7102.ZP37","1885813977"
"D","2022-Q2","TP.FINHESTNKS7102.ZP38","1885813977"
"D","2022-Q2","TP.FINHESTNKS7102.ZP39","0"
"D","2022-Q2","TP.FINHESTNKS7102.ZP40","0"
"D","2022-Q2","TP.FINHESTNKS7102.ZP41","0"
"D","2022-Q2","TP.FINHESTNKS7102.ZP42","0"
"D","2022-Q2","TP.FINHESTNKS7102.ZP43","64854482"
"D","2022-Q2","TP.FINHESTNKS7102.ZP44","835756196.2492"
"D","2022-Q2","TP.FINHESTNKS7102.ZP45","7587182854.5731"
"D","2022-Q3","TP.FINHESTNKS7102.ZP1","3013749107.3627"
"D","2022-Q3","TP.FINHESTNKS7102.ZP2","852204589"
"D","2022-Q3","TP.FINHESTNKS7102.ZP3","721570739"
"D","2022-Q3","TP.FINHESTNKS7102.ZP4","130633850"
"D","2022-Q3","TP.FINHESTNKS7102.ZP5","2389784581.2849"
"D","2022-Q3","TP.FINHESTNKS7102.ZP6","250524577.9229"
"D","2022-Q3","TP.FINHESTNKS7102.ZP7","918326879.358"
"D","2022-Q3","TP.FINHESTNKS7102.ZP8","1220933124.004"
"D","2022-Q3","TP.FINHESTNKS7102.ZP9","149196161.4"
"D","2022-Q3","TP.FINHESTNKS7102.ZP10","1076701.6078"
"D","2022-Q3","TP.FINHESTNKS7102.ZP11","148119459.7922"
"D","2022-Q3","TP.FINHESTNKS7102.ZP12","274318835"
"D","2022-Q3","TP.FINHESTNKS7102.ZP13","142710412.5949"
"D","2022-Q3","TP.FINHESTNKS7102.ZP14","131608422.4051"
"D","2022-Q3","TP.FINHESTNKS7102.ZP15","972948307.8"
"D","2022-Q3","TP.FINHESTNKS7102.ZP16","972948307.8"
"D","2022-Q3","TP.FINHESTNKS7102.ZP17","0"
"D","2022-Q3","TP.FINHESTNKS7102.ZP18","0"
"D","2022-Q3","TP.FINHESTNKS7102.ZP19","0"
"D","2022-Q3","TP.FINHESTNKS7102.ZP20","0"
"D","2022-Q3","TP.FINHESTNKS7102.ZP21","135269747"
"D","2022-Q3","TP.FINHESTNKS7102.ZP22","836386114.4047"
"D","2022-Q3","TP.FINHESTNKS7102.ZP23","5610108335.8896"
"D","2022-Q3","TP.FINHESTNKS7102.ZP24","130633850"
"D","2022-Q3","TP.FINHESTNKS7102.ZP26","130633850"
"D","2022-Q3","TP.FINHESTNKS7102.ZP27","880838091.3038"
"D","2022-Q3","TP.FINHESTNKS7102.ZP28","0"
"D","2022-Q3","TP.FINHESTNKS7102.ZP29","298546134"
"D","2022-Q3","TP.FINHESTNKS7102.ZP30","582291957.3038"
"D","2022-Q3","TP.FINHESTNKS7102.ZP31","984180114.4"
"D","2022-Q3","TP.FINHESTNKS7102.ZP32","7102518.3077"
"D","2022-Q3","TP.FINHESTNKS7102.ZP33","977077596.0923"
"D","2022-Q3","TP.FINHESTNKS7102.ZP34","3244733849"
"D","2022-Q3","TP.FINHESTNKS7102.ZP35","195827523.4484"
"D","2022-Q3","TP.FINHESTNKS7102.ZP36","3048906325.5516"
"D","2022-Q3","TP.FINHESTNKS7102.ZP37","2356662471.8"
"D","2022-Q3","TP.FINHESTNKS7102.ZP38","2356662471.8"
"D","2022-Q3","TP.FINHESTNKS7102.ZP39","0"
"D","2022-Q3","TP.FINHESTNKS7102.ZP40","0"
"D","2022-Q3","TP.FINHESTNKS7102.ZP41","0"
"D","2022-Q3","TP.FINHESTNKS7102.ZP42","0"
"D","2022-Q3","TP.FINHESTNKS7102.ZP43","69994563"
"D","2022-Q3","TP.FINHESTNKS7102.ZP44","956814503.7484"
"D","2022-Q3","TP.FINHESTNKS7102.ZP45","8623857443.2523"
"D","2022-Q4","TP.FINHESTNKS7102.ZP1","5948900318.6838"
"D","2022-Q4","TP.FINHESTNKS7102.ZP2","995517558"
"D","2022-Q4","TP.FINHESTNKS7102.ZP3","857249028"
"D","2022-Q4","TP.FINHESTNKS7102.ZP4","138268530"
"D","2022-Q4","TP.FINHESTNKS7102.ZP5","2464390979.1625"
"D","2022-Q4","TP.FINHESTNKS7102.ZP6","293621983.6005"
"D","2022-Q4","TP.FINHESTNKS7102.ZP7","757970337.1227"
"D","2022-Q4","TP.FINHESTNKS7102.ZP8","1412798658.4393"
"D","2022-Q4","TP.FINHESTNKS7102.ZP9","149479317"
"D","2022-Q4","TP.FINHESTNKS7102.ZP10","1943260.2909"
"D","2022-Q4","TP.FINHESTNKS7102.ZP11","147536056.7091"
"D","2022-Q4","TP.FINHESTNKS7102.ZP12","235034958.6"
"D","2022-Q4","TP.FINHESTNKS7102.ZP13","118156334.8548"
"D","2022-Q4","TP.FINHESTNKS7102.ZP14","116878623.7452"
"D","2022-Q4","TP.FINHESTNKS7102.ZP15","1002380815.8"
"D","2022-Q4","TP.FINHESTNKS7102.ZP16","1002380815.8"
"D","2022-Q4","TP.FINHESTNKS7102.ZP17","0"
"D","2022-Q4","TP.FINHESTNKS7102.ZP18","0"
"D","2022-Q4","TP.FINHESTNKS7102.ZP19","0"
"D","2022-Q4","TP.FINHESTNKS7102.ZP20","0"
"D","2022-Q4","TP.FINHESTNKS7102.ZP21","120998496"
"D","2022-Q4","TP.FINHESTNKS7102.ZP22","951685875.8137"
"D","2022-Q4","TP.FINHESTNKS7102.ZP23","5919488000.3762"
"D","2022-Q4","TP.FINHESTNKS7102.ZP24","138268530"
"D","2022-Q4","TP.FINHESTNKS7102.ZP26","138268530"
"D","2022-Q4","TP.FINHESTNKS7102.ZP27","974882933.5115"
"D","2022-Q4","TP.FINHESTNKS7102.ZP28","0"
"D","2022-Q4","TP.FINHESTNKS7102.ZP29","353189833"
"D","2022-Q4","TP.FINHESTNKS7102.ZP30","621693100.5115"
"D","2022-Q4","TP.FINHESTNKS7102.ZP31","1091507508"
"D","2022-Q4","TP.FINHESTNKS7102.ZP32","14189810.6044"
"D","2022-Q4","TP.FINHESTNKS7102.ZP33","1077317697.3956"
"D","2022-Q4","TP.FINHESTNKS7102.ZP34","3407492743.2"
"D","2022-Q4","TP.FINHESTNKS7102.ZP35","220220212.0383"
"D","2022-Q4","TP.FINHESTNKS7102.ZP36","3187272531.1617"
"D","2022-Q4","TP.FINHESTNKS7102.ZP37","5199655336.2"
"D","2022-Q4","TP.FINHESTNKS7102.ZP38","5199655336.2"
"D","2022-Q4","TP.FINHESTNKS7102.ZP39","0"
"D","2022-Q4","TP.FINHESTNKS7102.ZP40","0"
"D","2022-Q4","TP.FINHESTNKS7102.ZP41","0"
"D","2022-Q4","TP.FINHESTNKS7102.ZP42","0"
"D","2022-Q4","TP.FINHESTNKS7102.ZP43","49187576"
"D","2022-Q4","TP.FINHESTNKS7102.ZP44","1007393692.1485"
"D","2022-Q4","TP.FINHESTNKS7102.ZP45","11868388319.06"
"D","2023-Q1","TP.FINHESTNKS7102.ZP1","4826751791.0188"
"D","2023-Q1","TP.FINHESTNKS7102.ZP2","1141692128"
"D","2023-Q1","TP.FINHESTNKS7102.ZP3","998956287"
"D","2023-Q1","TP.FINHESTNKS7102.ZP4","142735841"
"D","2023-Q1","TP.FINHESTNKS7102.ZP5","2363768648.9235"
"D","2023-Q1","TP.FINHESTNKS7102.ZP6","277280287.3485"
"D","2023-Q1","TP.FINHESTNKS7102.ZP7","840507615.7257"
"D","2023-Q1","TP.FINHESTNKS7102.ZP8","1245980745.8493"
"D","2023-Q1","TP.FINHESTNKS7102.ZP9","144609738"
"D","2023-Q1","TP.FINHESTNKS7102.ZP10","2247748.5329"
"D","2023-Q1","TP.FINHESTNKS7102.ZP11","142361989.4671"
"D","2023-Q1","TP.FINHESTNKS7102.ZP12","237295524"
"D","2023-Q1","TP.FINHESTNKS7102.ZP13","125874183.7649"
"D","2023-Q1","TP.FINHESTNKS7102.ZP14","111421340.2351"
"D","2023-Q1","TP.FINHESTNKS7102.ZP15","1058850384"
"D","2023-Q1","TP.FINHESTNKS7102.ZP16","1058850384"
"D","2023-Q1","TP.FINHESTNKS7102.ZP17","0"
"D","2023-Q1","TP.FINHESTNKS7102.ZP18","0"
"D","2023-Q1","TP.FINHESTNKS7102.ZP19","0"
"D","2023-Q1","TP.FINHESTNKS7102.ZP20","0"
"D","2023-Q1","TP.FINHESTNKS7102.ZP21","111539863"
"D","2023-Q1","TP.FINHESTNKS7102.ZP22","962828835.5123"
"D","2023-Q1","TP.FINHESTNKS7102.ZP23","6020585121.4358"
"D","2023-Q1","TP.FINHESTNKS7102.ZP24","142735841"
"D","2023-Q1","TP.FINHESTNKS7102.ZP26","142735841"
"D","2023-Q1","TP.FINHESTNKS7102.ZP27","1086557564.7257"
"D","2023-Q1","TP.FINHESTNKS7102.ZP28","0"
"D","2023-Q1","TP.FINHESTNKS7102.ZP29","407613977"
"D","2023-Q1","TP.FINHESTNKS7102.ZP30","678943587.7257"
"D","2023-Q1","TP.FINHESTNKS7102.ZP31","1127278188"
"D","2023-Q1","TP.FINHESTNKS7102.ZP32","17521903.6301"
"D","2023-Q1","TP.FINHESTNKS7102.ZP33","1109756284.3699"
"D","2023-Q1","TP.FINHESTNKS7102.ZP34","3547121982"
"D","2023-Q1","TP.FINHESTNKS7102.ZP35","230847668.9814"
"D","2023-Q1","TP.FINHESTNKS7102.ZP36","3316274313.0186"
"D","2023-Q1","TP.FINHESTNKS7102.ZP37","3827323692"
"D","2023-Q1","TP.FINHESTNKS7102.ZP38","3827323692"
"D","2023-Q1","TP.FINHESTNKS7102.ZP39","0"
"D","2023-Q1","TP.FINHESTNKS7102.ZP40","0"
"D","2023-Q1","TP.FINHESTNKS7102.ZP41","0"
"D","2023-Q1","TP.FINHESTNKS7102.ZP42","0"
"D","2023-Q1","TP.FINHESTNKS7102.ZP43","46170185"
"D","2023-Q1","TP.FINHESTNKS7102.ZP44","1070149459.7289"
"D","2023-Q1","TP.FINHESTNKS7102.ZP45","10847336912.4546"
"D","2023-Q2","TP.FINHESTNKS7102.ZP1","5619518758.5368"
"D","2023-Q2","TP.FINHESTNKS7102.ZP2","1260858669"
"D","2023-Q2","TP.FINHESTNKS7102.ZP3","1069903100"
"D","2023-Q2","TP.FINHESTNKS7102.ZP4","190955569"
"D","2023-Q2","TP.FINHESTNKS7102.ZP5","3185368076.2518"
"D","2023-Q2","TP.FINHESTNKS7102.ZP6","334445185.5038"
"D","2023-Q2","TP.FINHESTNKS7102.ZP7","1085351603.109"
"D","2023-Q2","TP.FINHESTNKS7102.ZP8","1765571287.6391"
"D","2023-Q2","TP.FINHESTNKS7102.ZP9","126843067.2"
"D","2023-Q2","TP.FINHESTNKS7102.ZP10","2179749.7848"
"D","2023-Q2","TP.FINHESTNKS7102.ZP11","124663317.4152"
"D","2023-Q2","TP.FINHESTNKS7102.ZP12","323356858.2"
"D","2023-Q2","TP.FINHESTNKS7102.ZP13","172285655.5178"
"D","2023-Q2","TP.FINHESTNKS7102.ZP14","151071202.6822"
"D","2023-Q2","TP.FINHESTNKS7102.ZP15","1460761120.8"
"D","2023-Q2","TP.FINHESTNKS7102.ZP16","1460761120.8"
"D","2023-Q2","TP.FINHESTNKS7102.ZP17","0"
"D","2023-Q2","TP.FINHESTNKS7102.ZP18","0"
"D","2023-Q2","TP.FINHESTNKS7102.ZP19","0"
"D","2023-Q2","TP.FINHESTNKS7102.ZP20","0"
"D","2023-Q2","TP.FINHESTNKS7102.ZP21","131937805"
"D","2023-Q2","TP.FINHESTNKS7102.ZP22","1256158669.6645"
"D","2023-Q2","TP.FINHESTNKS7102.ZP23","7745284266.1164"
"D","2023-Q2","TP.FINHESTNKS7102.ZP24","190955569"
"D","2023-Q2","TP.FINHESTNKS7102.ZP26","190955569"
"D","2023-Q2","TP.FINHESTNKS7102.ZP27","1401090539.4588"
"D","2023-Q2","TP.FINHESTNKS7102.ZP28","0"
"D","2023-Q2","TP.FINHESTNKS7102.ZP29","548468674"
"D","2023-Q2","TP.FINHESTNKS7102.ZP30","852621865.4588"
"D","2023-Q2","TP.FINHESTNKS7102.ZP31","1449863772.6"
"D","2023-Q2","TP.FINHESTNKS7102.ZP32","24915356.5587"
"D","2023-Q2","TP.FINHESTNKS7102.ZP33","1424948416.0413"
"D","2023-Q2","TP.FINHESTNKS7102.ZP34","4757699590.2"
"D","2023-Q2","TP.FINHESTNKS7102.ZP35","334196910.0963"
"D","2023-Q2","TP.FINHESTNKS7102.ZP36","4423502680.1037"
"D","2023-Q2","TP.FINHESTNKS7102.ZP37","4087254444.9"
"D","2023-Q2","TP.FINHESTNKS7102.ZP38","4087254444.9"
"D","2023-Q2","TP.FINHESTNKS7102.ZP39","0"
"D","2023-Q2","TP.FINHESTNKS7102.ZP40","0"
"D","2023-Q2","TP.FINHESTNKS7102.ZP41","0"
"D","2023-Q2","TP.FINHESTNKS7102.ZP42","0"
"D","2023-Q2","TP.FINHESTNKS7102.ZP43","52438157"
"D","2023-Q2","TP.FINHESTNKS7102.ZP44","1425500951.4944"
"D","2023-Q2","TP.FINHESTNKS7102.ZP45","13364803024.6532"
"D","2023-Q3","TP.FINHESTNKS7102.ZP1","7989875514.3709"
"D","2023-Q3","TP.FINHESTNKS7102.ZP2","1311019123"
"D","2023-Q3","TP.FINHESTNKS7102.ZP3","1112214063"
"D","2023-Q3","TP.FINHESTNKS7102.ZP4","198805060"
"D","2023-Q3","TP.FINHESTNKS7102.ZP5","3683013429.9469"
"D","2023-Q3","TP.FINHESTNKS7102.ZP6","287940928.5989"
"D","2023-Q3","TP.FINHESTNKS7102.ZP7","1168278082.8154"
"D","2023-Q3","TP.FINHESTNKS7102.ZP8","2226794418.5327"
"D","2023-Q3","TP.FINHESTNKS7102.ZP9","121298625"
"D","2023-Q3","TP.FINHESTNKS7102.ZP10","1970984.8341"
"D","2023-Q3","TP.FINHESTNKS7102.ZP11","119327640.1659"
"D","2023-Q3","TP.FINHESTNKS7102.ZP12","311363250"
"D","2023-Q3","TP.FINHESTNKS7102.ZP13","143247863.4808"
"D","2023-Q3","TP.FINHESTNKS7102.ZP14","168115386.5192"
"D","2023-Q3","TP.FINHESTNKS7102.ZP15","1589283000"
"D","2023-Q3","TP.FINHESTNKS7102.ZP16","1589283000"
"D","2023-Q3","TP.FINHESTNKS7102.ZP17","0"
"D","2023-Q3","TP.FINHESTNKS7102.ZP18","0"
"D","2023-Q3","TP.FINHESTNKS7102.ZP19","0"
"D","2023-Q3","TP.FINHESTNKS7102.ZP20","0"
"D","2023-Q3","TP.FINHESTNKS7102.ZP21","141050015"
"D","2023-Q3","TP.FINHESTNKS7102.ZP22","1381143285.1143"
"D","2023-Q3","TP.FINHESTNKS7102.ZP23","8538170728.0612"
"D","2023-Q3","TP.FINHESTNKS7102.ZP24","198805060"
"D","2023-Q3","TP.FINHESTNKS7102.ZP26","198805060"
"D","2023-Q3","TP.FINHESTNKS7102.ZP27","1472810493.8328"
"D","2023-Q3","TP.FINHESTNKS7102.ZP28","0"
"D","2023-Q3","TP.FINHESTNKS7102.ZP29","566840592"
"D","2023-Q3","TP.FINHESTNKS7102.ZP30","905969901.8328"
"D","2023-Q3","TP.FINHESTNKS7102.ZP31","1619121750"
"D","2023-Q3","TP.FINHESTNKS7102.ZP32","26309155.72"
"D","2023-Q3","TP.FINHESTNKS7102.ZP33","1592812594.28"
"D","2023-Q3","TP.FINHESTNKS7102.ZP34","5049510375"
"D","2023-Q3","TP.FINHESTNKS7102.ZP35","380991548.0157"
"D","2023-Q3","TP.FINHESTNKS7102.ZP36","4668518826.9843"
"D","2023-Q3","TP.FINHESTNKS7102.ZP37","6539230500"
"D","2023-Q3","TP.FINHESTNKS7102.ZP38","6539230500"
"D","2023-Q3","TP.FINHESTNKS7102.ZP39","0"
"D","2023-Q3","TP.FINHESTNKS7102.ZP40","0"
"D","2023-Q3","TP.FINHESTNKS7102.ZP41","0"
"D","2023-Q3","TP.FINHESTNKS7102.ZP42","0"
"D","2023-Q3","TP.FINHESTNKS7102.ZP43","51240541"
"D","2023-Q3","TP.FINHESTNKS7102.ZP44","1597327522.5993"
"D","2023-Q3","TP.FINHESTNKS7102.ZP45","16528046242.4322"
"D","2023-Q4","TP.FINHESTNKS7102.ZP1","8203476549.3183"
"D","2023-Q4","TP.FINHESTNKS7102.ZP2","1637205481"
"D","2023-Q4","TP.FINHESTNKS7102.ZP3","1417869832"
"D","2023-Q4","TP.FINHESTNKS7102.ZP4","219335649"
"D","2023-Q4","TP.FINHESTNKS7102.ZP5","4289297141.1412"
"D","2023-Q4","TP.FINHESTNKS7102.ZP6","295585956.1391"
"D","2023-Q4","TP.FINHESTNKS7102.ZP7","1316331506.8376"
"D","2023-Q4","TP.FINHESTNKS7102.ZP8","2677379678.1644"
"D","2023-Q4","TP.FINHESTNKS7102.ZP9","154833999"
"D","2023-Q4","TP.FINHESTNKS7102.ZP10","1943260.2909"
"D","2023-Q4","TP.FINHESTNKS7102.ZP11","152890738.7091"
"D","2023-Q4","TP.FINHESTNKS7102.ZP12","353792895"
"D","2023-Q4","TP.FINHESTNKS7102.ZP13","147824329.3872"
"D","2023-Q4","TP.FINHESTNKS7102.ZP14","205968565.6128"
"D","2023-Q4","TP.FINHESTNKS7102.ZP15","1818909978"
"D","2023-Q4","TP.FINHESTNKS7102.ZP16","1818909978"
"D","2023-Q4","TP.FINHESTNKS7102.ZP17","0"
"D","2023-Q4","TP.FINHESTNKS7102.ZP18","0"
"D","2023-Q4","TP.FINHESTNKS7102.ZP19","0"
"D","2023-Q4","TP.FINHESTNKS7102.ZP20","0"
"D","2023-Q4","TP.FINHESTNKS7102.ZP21","140770816"
"D","2023-Q4","TP.FINHESTNKS7102.ZP22","1568542590.0586"
"D","2023-Q4","TP.FINHESTNKS7102.ZP23","9963352900.1998"
"D","2023-Q4","TP.FINHESTNKS7102.ZP24","219335649"
"D","2023-Q4","TP.FINHESTNKS7102.ZP26","219335649"
"D","2023-Q4","TP.FINHESTNKS7102.ZP27","1690059840.0361"
"D","2023-Q4","TP.FINHESTNKS7102.ZP28","0"
"D","2023-Q4","TP.FINHESTNKS7102.ZP29","609170301"
"D","2023-Q4","TP.FINHESTNKS7102.ZP30","1080889539.0361"
"D","2023-Q4","TP.FINHESTNKS7102.ZP31","1999113588"
"D","2023-Q4","TP.FINHESTNKS7102.ZP32","28371335.7615"
"D","2023-Q4","TP.FINHESTNKS7102.ZP33","1970742252.2385"
"D","2023-Q4","TP.FINHESTNKS7102.ZP34","5646369981"
"D","2023-Q4","TP.FINHESTNKS7102.ZP35","407591517.9012"
"D","2023-Q4","TP.FINHESTNKS7102.ZP36","5238778463.0988"
"D","2023-Q4","TP.FINHESTNKS7102.ZP37","6807228114"
"D","2023-Q4","TP.FINHESTNKS7102.ZP38","6807228114"
"D","2023-Q4","TP.FINHESTNKS7102.ZP39","0"
"D","2023-Q4","TP.FINHESTNKS7102.ZP40","0"
"D","2023-Q4","TP.FINHESTNKS7102.ZP41","0"
"D","2023-Q4","TP.FINHESTNKS7102.ZP42","0"
"D","2023-Q4","TP.FINHESTNKS7102.ZP43","43825122"
"D","2023-Q4","TP.FINHESTNKS7102.ZP44","1760897155.482"
"D","2023-Q4","TP.FINHESTNKS7102.ZP45","18166829449.5181"
"D","2024-Q1","TP.FINHESTNKS7102.ZP1","10324512903.9834"
"D","2024-Q1","TP.FINHESTNKS7102.ZP2","1990991618"
"D","2024-Q1","TP.FINHESTNKS7102.ZP3","1754221328"
"D","2024-Q1","TP.FINHESTNKS7102.ZP4","236770290"
"D","2024-Q1","TP.FINHESTNKS7102.ZP5","3788436472.4739"
"D","2024-Q1","TP.FINHESTNKS7102.ZP6","279760937.7509"
"D","2024-Q1","TP.FINHESTNKS7102.ZP7","1586105353.5614"
"D","2024-Q1","TP.FINHESTNKS7102.ZP8","1922570181.1617"
"D","2024-Q1","TP.FINHESTNKS7102.ZP9","442690257"
"D","2024-Q1","TP.FINHESTNKS7102.ZP10","6012921.917"
"D","2024-Q1","TP.FINHESTNKS7102.ZP11","436677335.083"
"D","2024-Q1","TP.FINHESTNKS7102.ZP12","394882419"
"D","2024-Q1","TP.FINHESTNKS7102.ZP13","169975251.4816"
"D","2024-Q1","TP.FINHESTNKS7102.ZP14","224907167.5184"
"D","2024-Q1","TP.FINHESTNKS7102.ZP15","2042639880"
"D","2024-Q1","TP.FINHESTNKS7102.ZP16","2042639880"
"D","2024-Q1","TP.FINHESTNKS7102.ZP17","0"
"D","2024-Q1","TP.FINHESTNKS7102.ZP18","0"
"D","2024-Q1","TP.FINHESTNKS7102.ZP19","0"
"D","2024-Q1","TP.FINHESTNKS7102.ZP20","0"
"D","2024-Q1","TP.FINHESTNKS7102.ZP21","175348578"
"D","2024-Q1","TP.FINHESTNKS7102.ZP22","1730361466.4385"
"D","2024-Q1","TP.FINHESTNKS7102.ZP23","10565350690.9124"
"D","2024-Q1","TP.FINHESTNKS7102.ZP24","236770290"
"D","2024-Q1","TP.FINHESTNKS7102.ZP26","236770290"
"D","2024-Q1","TP.FINHESTNKS7102.ZP27","1915315372.5005"
"D","2024-Q1","TP.FINHESTNKS7102.ZP28","0"
"D","2024-Q1","TP.FINHESTNKS7102.ZP29","658541964"
"D","2024-Q1","TP.FINHESTNKS7102.ZP30","1256773408.5005"
"D","2024-Q1","TP.FINHESTNKS7102.ZP31","2264936649"
"D","2024-Q1","TP.FINHESTNKS7102.ZP32","30763919.0201"
"D","2024-Q1","TP.FINHESTNKS7102.ZP33","2234172729.9799"
"D","2024-Q1","TP.FINHESTNKS7102.ZP34","6128629338"
"D","2024-Q1","TP.FINHESTNKS7102.ZP35","421422442.908"
"D","2024-Q1","TP.FINHESTNKS7102.ZP36","5707206895.092"
"D","2024-Q1","TP.FINHESTNKS7102.ZP37","8515956633"
"D","2024-Q1","TP.FINHESTNKS7102.ZP38","8515956633"
"D","2024-Q1","TP.FINHESTNKS7102.ZP39","0"
"D","2024-Q1","TP.FINHESTNKS7102.ZP40","0"
"D","2024-Q1","TP.FINHESTNKS7102.ZP41","0"
"D","2024-Q1","TP.FINHESTNKS7102.ZP42","0"
"D","2024-Q1","TP.FINHESTNKS7102.ZP43","51041878"
"D","2024-Q1","TP.FINHESTNKS7102.ZP44","1777213434.3952"
"D","2024-Q1","TP.FINHESTNKS7102.ZP45","20889863594.8957"
"D","2024-Q2","TP.FINHESTNKS7102.ZP1","10845013593.6712"
"D","2024-Q2","TP.FINHESTNKS7102.ZP2","2146692445"
"D","2024-Q2","TP.FINHESTNKS7102.ZP3","1907349949"
"D","2024-Q2","TP.FINHESTNKS7102.ZP4","239342496"
"D","2024-Q2","TP.FINHESTNKS7102.ZP5","4470801521.959"
"D","2024-Q2","TP.FINHESTNKS7102.ZP6","260456901.418"
"D","2024-Q2","TP.FINHESTNKS7102.ZP7","1719871932.634"
"D","2024-Q2","TP.FINHESTNKS7102.ZP8","2490472687.907"
"D","2024-Q2","TP.FINHESTNKS7102.ZP9","482007357"
"D","2024-Q2","TP.FINHESTNKS7102.ZP10","6244393.3965"
"D","2024-Q2","TP.FINHESTNKS7102.ZP11","475762963.6035"
"D","2024-Q2","TP.FINHESTNKS7102.ZP12","409658634"
"D","2024-Q2","TP.FINHESTNKS7102.ZP13","175472551.3274"
"D","2024-Q2","TP.FINHESTNKS7102.ZP14","234186082.6726"
"D","2024-Q2","TP.FINHESTNKS7102.ZP15","2130691239"
"D","2024-Q2","TP.FINHESTNKS7102.ZP16","2130691239"
"D","2024-Q2","TP.FINHESTNKS7102.ZP17","0"
"D","2024-Q2","TP.FINHESTNKS7102.ZP18","0"
"D","2024-Q2","TP.FINHESTNKS7102.ZP19","0"
"D","2024-Q2","TP.FINHESTNKS7102.ZP20","0"
"D","2024-Q2","TP.FINHESTNKS7102.ZP21","141869642"
"D","2024-Q2","TP.FINHESTNKS7102.ZP22","1801877763.7786"
"D","2024-Q2","TP.FINHESTNKS7102.ZP23","11583598602.7377"
"D","2024-Q2","TP.FINHESTNKS7102.ZP24","239342496"
"D","2024-Q2","TP.FINHESTNKS7102.ZP26","239342496"
"D","2024-Q2","TP.FINHESTNKS7102.ZP27","1984542526.5584"
"D","2024-Q2","TP.FINHESTNKS7102.ZP28","0"
"D","2024-Q2","TP.FINHESTNKS7102.ZP29","654736028"
"D","2024-Q2","TP.FINHESTNKS7102.ZP30","1329806498.5584"
"D","2024-Q2","TP.FINHESTNKS7102.ZP31","2724193791"
"D","2024-Q2","TP.FINHESTNKS7102.ZP32","35291863.2303"
"D","2024-Q2","TP.FINHESTNKS7102.ZP33","2688901927.7697"
"D","2024-Q2","TP.FINHESTNKS7102.ZP34","6470563707"
"D","2024-Q2","TP.FINHESTNKS7102.ZP35","520452044.7291"
"D","2024-Q2","TP.FINHESTNKS7102.ZP36","5950111662.2709"
"D","2024-Q2","TP.FINHESTNKS7102.ZP37","9074986371"
"D","2024-Q2","TP.FINHESTNKS7102.ZP38","9074986371"
"D","2024-Q2","TP.FINHESTNKS7102.ZP39","0"
"D","2024-Q2","TP.FINHESTNKS7102.ZP40","0"
"D","2024-Q2","TP.FINHESTNKS7102.ZP41","0"
"D","2024-Q2","TP.FINHESTNKS7102.ZP42","0"
"D","2024-Q2","TP.FINHESTNKS7102.ZP43","69382969"
"D","2024-Q2","TP.FINHESTNKS7102.ZP44","1865600335.8505"
"D","2024-Q2","TP.FINHESTNKS7102.ZP45","22428612196.4089"
"D","2024-Q3","TP.FINHESTNKS7102.ZP1","9506306855.8945"
"D","2024-Q3","TP.FINHESTNKS7102.ZP2","2415720307"
"D","2024-Q3","TP.FINHESTNKS7102.ZP3","2159953008"
"D","2024-Q3","TP.FINHESTNKS7102.ZP4","255767299"
"D","2024-Q3","TP.FINHESTNKS7102.ZP5","4685570564.9567"
"D","2024-Q3","TP.FINHESTNKS7102.ZP6","263016034.2337"
"D","2024-Q3","TP.FINHESTNKS7102.ZP7","1878851518.0364"
"D","2024-Q3","TP.FINHESTNKS7102.ZP8","2543703012.6866"
"D","2024-Q3","TP.FINHESTNKS7102.ZP9","722435280"
"D","2024-Q3","TP.FINHESTNKS7102.ZP10","6350620.046"
"D","2024-Q3","TP.FINHESTNKS7102.ZP11","716084659.954"
"D","2024-Q3","TP.FINHESTNKS7102.ZP12","481759880"
"D","2024-Q3","TP.FINHESTNKS7102.ZP13","263947374.7649"
"D","2024-Q3","TP.FINHESTNKS7102.ZP14","217812505.2351"
"D","2024-Q3","TP.FINHESTNKS7102.ZP15","2260712440"
"D","2024-Q3","TP.FINHESTNKS7102.ZP16","2260712440"
"D","2024-Q3","TP.FINHESTNKS7102.ZP17","0"
"D","2024-Q3","TP.FINHESTNKS7102.ZP18","0"
"D","2024-Q3","TP.FINHESTNKS7102.ZP19","0"
"D","2024-Q3","TP.FINHESTNKS7102.ZP20","0"
"D","2024-Q3","TP.FINHESTNKS7102.ZP21","163883209"
"D","2024-Q3","TP.FINHESTNKS7102.ZP22","1957211840.8015"
"D","2024-Q3","TP.FINHESTNKS7102.ZP23","12687293521.7582"
"D","2024-Q3","TP.FINHESTNKS7102.ZP24","255767299"
"D","2024-Q3","TP.FINHESTNKS7102.ZP26","255767299"
"D","2024-Q3","TP.FINHESTNKS7102.ZP27","2076789135.2575"
"D","2024-Q3","TP.FINHESTNKS7102.ZP28","0"
"D","2024-Q3","TP.FINHESTNKS7102.ZP29","687560734"
"D","2024-Q3","TP.FINHESTNKS7102.ZP30","1389228401.2575"
"D","2024-Q3","TP.FINHESTNKS7102.ZP31","3013828720"
"D","2024-Q3","TP.FINHESTNKS7102.ZP32","26493281.2868"
"D","2024-Q3","TP.FINHESTNKS7102.ZP33","2987335438.7132"
"D","2024-Q3","TP.FINHESTNKS7102.ZP34","6970280030"
"D","2024-Q3","TP.FINHESTNKS7102.ZP35","577941923.8038"
"D","2024-Q3","TP.FINHESTNKS7102.ZP36","6392338106.1962"
"D","2024-Q3","TP.FINHESTNKS7102.ZP37","7789155920"
"D","2024-Q3","TP.FINHESTNKS7102.ZP38","7789155920"
"D","2024-Q3","TP.FINHESTNKS7102.ZP39","0"
"D","2024-Q3","TP.FINHESTNKS7102.ZP40","0"
"D","2024-Q3","TP.FINHESTNKS7102.ZP41","0"
"D","2024-Q3","TP.FINHESTNKS7102.ZP42","0"
"D","2024-Q3","TP.FINHESTNKS7102.ZP43","73848571"
"D","2024-Q3","TP.FINHESTNKS7102.ZP44","2013930702.3952"
"D","2024-Q3","TP.FINHESTNKS7102.ZP45","22193600377.6527"
"D","2024-Q4","TP.FINHESTNKS7102.ZP1","10840420487.5912"
"D","2024-Q4","TP.FINHESTNKS7102.ZP2","2521771241"
"D","2024-Q4","TP.FINHESTNKS7102.ZP3","2266929626"
"D","2024-Q4","TP.FINHESTNKS7102.ZP4","254841615"
"D","2024-Q4","TP.FINHESTNKS7102.ZP5","4487257647.644"
"D","2024-Q4","TP.FINHESTNKS7102.ZP6","244921574.837"
"D","2024-Q4","TP.FINHESTNKS7102.ZP7","1748951582.2992"
"D","2024-Q4","TP.FINHESTNKS7102.ZP8","2493384490.5078"
"D","2024-Q4","TP.FINHESTNKS7102.ZP9","937601037"
"D","2024-Q4","TP.FINHESTNKS7102.ZP10","5963588.4733"
"D","2024-Q4","TP.FINHESTNKS7102.ZP11","931637448.5267"
"D","2024-Q4","TP.FINHESTNKS7102.ZP12","385938411"
"D","2024-Q4","TP.FINHESTNKS7102.ZP13","169293877.8757"
"D","2024-Q4","TP.FINHESTNKS7102.ZP14","216644533.1243"
"D","2024-Q4","TP.FINHESTNKS7102.ZP15","2273186751"
"D","2024-Q4","TP.FINHESTNKS7102.ZP16","2273186751"
"D","2024-Q4","TP.FINHESTNKS7102.ZP17","0"
"D","2024-Q4","TP.FINHESTNKS7102.ZP18","0"
"D","2024-Q4","TP.FINHESTNKS7102.ZP19","0"
"D","2024-Q4","TP.FINHESTNKS7102.ZP20","0"
"D","2024-Q4","TP.FINHESTNKS7102.ZP21","150383268"
"D","2024-Q4","TP.FINHESTNKS7102.ZP22","1966634067.1258"
"D","2024-Q4","TP.FINHESTNKS7102.ZP23","12722772422.7699"
"D","2024-Q4","TP.FINHESTNKS7102.ZP24","254841615"
"D","2024-Q4","TP.FINHESTNKS7102.ZP26","254841615"
"D","2024-Q4","TP.FINHESTNKS7102.ZP27","2084566563.7291"
"D","2024-Q4","TP.FINHESTNKS7102.ZP28","0"
"D","2024-Q4","TP.FINHESTNKS7102.ZP29","684154061"
"D","2024-Q4","TP.FINHESTNKS7102.ZP30","1400412502.7291"
"D","2024-Q4","TP.FINHESTNKS7102.ZP31","3205257777"
"D","2024-Q4","TP.FINHESTNKS7102.ZP32","20386963.7284"
"D","2024-Q4","TP.FINHESTNKS7102.ZP33","3184870813.2717"
"D","2024-Q4","TP.FINHESTNKS7102.ZP34","7235226876"
"D","2024-Q4","TP.FINHESTNKS7102.ZP35","699254250.956"
"D","2024-Q4","TP.FINHESTNKS7102.ZP36","6535972625.044"
"D","2024-Q4","TP.FINHESTNKS7102.ZP37","8532947865"
"D","2024-Q4","TP.FINHESTNKS7102.ZP38","8532947865"
"D","2024-Q4","TP.FINHESTNKS7102.ZP39","0"
"D","2024-Q4","TP.FINHESTNKS7102.ZP40","0"
"D","2024-Q4","TP.FINHESTNKS7102.ZP41","0"
"D","2024-Q4","TP.FINHESTNKS7102.ZP42","0"
"D","2024-Q4","TP.FINHESTNKS7102.ZP43","79809385"
"D","2024-Q4","TP.FINHESTNKS7102.ZP44","2170542828.6321"
"D","2024-Q4","TP.FINHESTNKS7102.ZP45","23563192910.3611"
"D","2025-Q1","TP.FINHESTNKS7102.ZP1","10987251695.0646"
"D","2025-Q1","TP.FINHESTNKS7102.ZP2","3157860403"
"D","2025-Q1","TP.FINHESTNKS7102.ZP3","2879143114"
"D","2025-Q1","TP.FINHESTNKS7102.ZP4","278717289"
"D","2025-Q1","TP.FINHESTNKS7102.ZP5","4684725777.8827"
"D","2025-Q1","TP.FINHESTNKS7102.ZP6","244432524.4337"
"D","2025-Q1","TP.FINHESTNKS7102.ZP7","2141435844.0776"
"D","2025-Q1","TP.FINHESTNKS7102.ZP8","2298857409.3714"
"D","2025-Q1","TP.FINHESTNKS7102.ZP9","1048183245.9"
"D","2025-Q1","TP.FINHESTNKS7102.ZP10","11529515.0551"
"D","2025-Q1","TP.FINHESTNKS7102.ZP11","1036653730.8449"
"D","2025-Q1","TP.FINHESTNKS7102.ZP12","452266812.9"
"D","2025-Q1","TP.FINHESTNKS7102.ZP13","238698362.2303"
"D","2025-Q1","TP.FINHESTNKS7102.ZP14","213568450.6697"
"D","2025-Q1","TP.FINHESTNKS7102.ZP15","2544460751.7"
"D","2025-Q1","TP.FINHESTNKS7102.ZP16","2544460751.7"
"D","2025-Q1","TP.FINHESTNKS7102.ZP17","0"
"D","2025-Q1","TP.FINHESTNKS7102.ZP18","0"
"D","2025-Q1","TP.FINHESTNKS7102.ZP19","0"
"D","2025-Q1","TP.FINHESTNKS7102.ZP20","0"
"D","2025-Q1","TP.FINHESTNKS7102.ZP21","195541702"
"D","2025-Q1","TP.FINHESTNKS7102.ZP22","2088699354.5832"
"D","2025-Q1","TP.FINHESTNKS7102.ZP23","14171738047.9659"
"D","2025-Q1","TP.FINHESTNKS7102.ZP24","278717289"
"D","2025-Q1","TP.FINHESTNKS7102.ZP26","278717289"
"D","2025-Q1","TP.FINHESTNKS7102.ZP27","2260860480.3633"
"D","2025-Q1","TP.FINHESTNKS7102.ZP28","0"
"D","2025-Q1","TP.FINHESTNKS7102.ZP29","745497303"
"D","2025-Q1","TP.FINHESTNKS7102.ZP30","1515363177.3633"
"D","2025-Q1","TP.FINHESTNKS7102.ZP31","3451270315.5"
"D","2025-Q1","TP.FINHESTNKS7102.ZP32","37962325.0202"
"D","2025-Q1","TP.FINHESTNKS7102.ZP33","3413307990.4798"
"D","2025-Q1","TP.FINHESTNKS7102.ZP34","8357357753.577"
"D","2025-Q1","TP.FINHESTNKS7102.ZP35","821829825.5067"
"D","2025-Q1","TP.FINHESTNKS7102.ZP36","7535527928.0703"
"D","2025-Q1","TP.FINHESTNKS7102.ZP37","8500628430"
"D","2025-Q1","TP.FINHESTNKS7102.ZP38","8500628430"
"D","2025-Q1","TP.FINHESTNKS7102.ZP39","0"
"D","2025-Q1","TP.FINHESTNKS7102.ZP40","0"
"D","2025-Q1","TP.FINHESTNKS7102.ZP41","0"
"D","2025-Q1","TP.FINHESTNKS7102.ZP42","0"
"D","2025-Q1","TP.FINHESTNKS7102.ZP43","75507554"
"D","2025-Q1","TP.FINHESTNKS7102.ZP44","2234647920.5902"
"D","2025-Q1","TP.FINHESTNKS7102.ZP45","25158989743.0305"
"D","2025-Q2","TP.FINHESTNKS7102.ZP1","12075907375.5723"
"D","2025-Q2","TP.FINHESTNKS7102.ZP2","3604792471"
"D","2025-Q2","TP.FINHESTNKS7102.ZP3","3302301377"
"D","2025-Q2","TP.FINHESTNKS7102.ZP4","302491094"
"D","2025-Q2","TP.FINHESTNKS7102.ZP5","5022411146.6689"
"D","2025-Q2","TP.FINHESTNKS7102.ZP6","274314805.0719"
"D","2025-Q2","TP.FINHESTNKS7102.ZP7","2338157228.6896"
"D","2025-Q2","TP.FINHESTNKS7102.ZP8","2409939112.9074"
"D","2025-Q2","TP.FINHESTNKS7102.ZP9","528449374"
"D","2025-Q2","TP.FINHESTNKS7102.ZP10","7846582.5817"
"D","2025-Q2","TP.FINHESTNKS7102.ZP11","520602791.4183"
"D","2025-Q2","TP.FINHESTNKS7102.ZP12","483064010"
"D","2025-Q2","TP.FINHESTNKS7102.ZP13","254952573.9022"
"D","2025-Q2","TP.FINHESTNKS7102.ZP14","228111436.0978"
"D","2025-Q2","TP.FINHESTNKS7102.ZP15","2744344068"
"D","2025-Q2","TP.FINHESTNKS7102.ZP16","2744344068"
"D","2025-Q2","TP.FINHESTNKS7102.ZP17","0"
"D","2025-Q2","TP.FINHESTNKS7102.ZP18","0"
"D","2025-Q2","TP.FINHESTNKS7102.ZP19","0"
"D","2025-Q2","TP.FINHESTNKS7102.ZP20","0"
"D","2025-Q2","TP.FINHESTNKS7102.ZP21","152128359"
"D","2025-Q2","TP.FINHESTNKS7102.ZP22","2308414167.8775"
"D","2025-Q2","TP.FINHESTNKS7102.ZP23","14843603596.5464"
"D","2025-Q2","TP.FINHESTNKS7102.ZP24","302491094"
"D","2025-Q2","TP.FINHESTNKS7102.ZP26","302491094"
"D","2025-Q2","TP.FINHESTNKS7102.ZP27","2510904774.9664"
"D","2025-Q2","TP.FINHESTNKS7102.ZP28","0"
"D","2025-Q2","TP.FINHESTNKS7102.ZP29","847420200"
"D","2025-Q2","TP.FINHESTNKS7102.ZP30","1663484574.9664"
"D","2025-Q2","TP.FINHESTNKS7102.ZP31","3451870894"
"D","2025-Q2","TP.FINHESTNKS7102.ZP32","51254465.1652"
"D","2025-Q2","TP.FINHESTNKS7102.ZP33","3400616428.8348"
"D","2025-Q2","TP.FINHESTNKS7102.ZP34","9227933034.58"
"D","2025-Q2","TP.FINHESTNKS7102.ZP35","560809715.7322"
"D","2025-Q2","TP.FINHESTNKS7102.ZP36","8667123318.8478"
"D","2025-Q2","TP.FINHESTNKS7102.ZP37","8776146376"
"D","2025-Q2","TP.FINHESTNKS7102.ZP38","8776146376"
"D","2025-Q2","TP.FINHESTNKS7102.ZP39","0"
"D","2025-Q2","TP.FINHESTNKS7102.ZP40","0"
"D","2025-Q2","TP.FINHESTNKS7102.ZP41","0"
"D","2025-Q2","TP.FINHESTNKS7102.ZP42","0"
"D","2025-Q2","TP.FINHESTNKS7102.ZP43","131505918"
"D","2025-Q2","TP.FINHESTNKS7102.ZP44","2518658880.5723"
"D","2025-Q2","TP.FINHESTNKS7102.ZP45","26919510972.1187"
"D","2025-Q3","TP.FINHESTNKS7102.ZP1","11961660021.5785"
"D","2025-Q3","TP.FINHESTNKS7102.ZP2","4372110090"
"D","2025-Q3","TP.FINHESTNKS7102.ZP3","4057089042"
"D","2025-Q3","TP.FINHESTNKS7102.ZP4","315021048"
"D","2025-Q3","TP.FINHESTNKS7102.ZP5","5327273642.5905"
"D","2025-Q3","TP.FINHESTNKS7102.ZP6","261798889.5905"
"D","2025-Q3","TP.FINHESTNKS7102.ZP7","2655675511.9902"
"D","2025-Q3","TP.FINHESTNKS7102.ZP8","2409799241.0098"
"D","2025-Q3","TP.FINHESTNKS7102.ZP9","1337065560"
"D","2025-Q3","TP.FINHESTNKS7102.ZP10","16079939.378"
"D","2025-Q3","TP.FINHESTNKS7102.ZP11","1320985620.622"
"D","2025-Q3","TP.FINHESTNKS7102.ZP12","507147058"
"D","2025-Q3","TP.FINHESTNKS7102.ZP13","267663177.3582"
"D","2025-Q3","TP.FINHESTNKS7102.ZP14","239483880.6418"
"D","2025-Q3","TP.FINHESTNKS7102.ZP15","2989930900"
"D","2025-Q3","TP.FINHESTNKS7102.ZP16","2989930900"
"D","2025-Q3","TP.FINHESTNKS7102.ZP17","0"
"D","2025-Q3","TP.FINHESTNKS7102.ZP18","0"
"D","2025-Q3","TP.FINHESTNKS7102.ZP19","0"
"D","2025-Q3","TP.FINHESTNKS7102.ZP20","0"
"D","2025-Q3","TP.FINHESTNKS7102.ZP21","217112650"
"D","2025-Q3","TP.FINHESTNKS7102.ZP22","2479227808.3901"
"D","2025-Q3","TP.FINHESTNKS7102.ZP23","17229867708.9806"
"D","2025-Q3","TP.FINHESTNKS7102.ZP24","315021048"
"D","2025-Q3","TP.FINHESTNKS7102.ZP26","315021048"
"D","2025-Q3","TP.FINHESTNKS7102.ZP27","2611421265.1383"
"D","2025-Q3","TP.FINHESTNKS7102.ZP28","0"
"D","2025-Q3","TP.FINHESTNKS7102.ZP29","880089697"
"D","2025-Q3","TP.FINHESTNKS7102.ZP30","1731331568.1383"
"D","2025-Q3","TP.FINHESTNKS7102.ZP31","4079045910"
"D","2025-Q3","TP.FINHESTNKS7102.ZP32","49055792.7113"
"D","2025-Q3","TP.FINHESTNKS7102.ZP33","4029990117.2887"
"D","2025-Q3","TP.FINHESTNKS7102.ZP34","9953004399.02"
"D","2025-Q3","TP.FINHESTNKS7102.ZP35","576568854.7367"
"D","2025-Q3","TP.FINHESTNKS7102.ZP36","9376435544.2833"
"D","2025-Q3","TP.FINHESTNKS7102.ZP37","9518354762"
"D","2025-Q3","TP.FINHESTNKS7102.ZP38","9518354762"
"D","2025-Q3","TP.FINHESTNKS7102.ZP39","0"
"D","2025-Q3","TP.FINHESTNKS7102.ZP40","0"
"D","2025-Q3","TP.FINHESTNKS7102.ZP41","0"
"D","2025-Q3","TP.FINHESTNKS7102.ZP42","0"
"D","2025-Q3","TP.FINHESTNKS7102.ZP43","96860238"
"D","2025-Q3","TP.FINHESTNKS7102.ZP44","2617820108.4008"
"D","2025-Q3","TP.FINHESTNKS7102.ZP45","29191527730.5591"
"D","2025-Q4","TP.FINHESTNKS7102.ZP1","14133533193.3948"
"D","2025-Q4","TP.FINHESTNKS7102.ZP2","5323781826"
"D","2025-Q4","TP.FINHESTNKS7102.ZP3","4998859501"
"D","2025-Q4","TP.FINHESTNKS7102.ZP4","324922325"
"D","2025-Q4","TP.FINHESTNKS7102.ZP5","5339414222.7115"
"D","2025-Q4","TP.FINHESTNKS7102.ZP6","305026587.7715"
"D","2025-Q4","TP.FINHESTNKS7102.ZP7","2798380492.8622"
"D","2025-Q4","TP.FINHESTNKS7102.ZP8","2236007142.0778"
"D","2025-Q4","TP.FINHESTNKS7102.ZP9","1183291234"
"D","2025-Q4","TP.FINHESTNKS7102.ZP10","26125978.9522"
"D","2025-Q4","TP.FINHESTNKS7102.ZP11","1157165255.0478"
"D","2025-Q4","TP.FINHESTNKS7102.ZP12","497499234"
"D","2025-Q4","TP.FINHESTNKS7102.ZP13","199900597.6455"
"D","2025-Q4","TP.FINHESTNKS7102.ZP14","297598636.3545"
"D","2025-Q4","TP.FINHESTNKS7102.ZP15","3253911592"
"D","2025-Q4","TP.FINHESTNKS7102.ZP16","3253911592"
"D","2025-Q4","TP.FINHESTNKS7102.ZP17","0"
"D","2025-Q4","TP.FINHESTNKS7102.ZP18","0"
"D","2025-Q4","TP.FINHESTNKS7102.ZP19","0"
"D","2025-Q4","TP.FINHESTNKS7102.ZP20","0"
"D","2025-Q4","TP.FINHESTNKS7102.ZP21","230713621"
"D","2025-Q4","TP.FINHESTNKS7102.ZP22","2708320305.8793"
"D","2025-Q4","TP.FINHESTNKS7102.ZP23","18536932035.5908"
"D","2025-Q4","TP.FINHESTNKS7102.ZP24","324922325"
"D","2025-Q4","TP.FINHESTNKS7102.ZP26","324922325"
"D","2025-Q4","TP.FINHESTNKS7102.ZP27","2691953967.0911"
"D","2025-Q4","TP.FINHESTNKS7102.ZP28","0"
"D","2025-Q4","TP.FINHESTNKS7102.ZP29","943479972"
"D","2025-Q4","TP.FINHESTNKS7102.ZP30","1748473995.0911"
"D","2025-Q4","TP.FINHESTNKS7102.ZP31","4357008024"
"D","2025-Q4","TP.FINHESTNKS7102.ZP32","96198718.1675"
"D","2025-Q4","TP.FINHESTNKS7102.ZP33","4260809305.8325"
"D","2025-Q4","TP.FINHESTNKS7102.ZP34","11057753070"
"D","2025-Q4","TP.FINHESTNKS7102.ZP35","569799227.9198"
"D","2025-Q4","TP.FINHESTNKS7102.ZP36","10487953842.0802"
"D","2025-Q4","TP.FINHESTNKS7102.ZP37","11314839346"
"D","2025-Q4","TP.FINHESTNKS7102.ZP38","11008590356"
"D","2025-Q4","TP.FINHESTNKS7102.ZP39","306248990"
"D","2025-Q4","TP.FINHESTNKS7102.ZP40","98653321.3688"
"D","2025-Q4","TP.FINHESTNKS7102.ZP41","207595668.6312"
"D","2025-Q4","TP.FINHESTNKS7102.ZP42","0"
"D","2025-Q4","TP.FINHESTNKS7102.ZP43","106677341"
"D","2025-Q4","TP.FINHESTNKS7102.ZP44","2817311155.8946"
"D","2025-Q4","TP.FINHESTNKS7102.ZP45","32670465228.9857"
"D","2026-Q1","TP.FINHESTNKS7102.ZP1","15634595224.8171"
"D","2026-Q1","TP.FINHESTNKS7102.ZP2","4840688615"
"D","2026-Q1","TP.FINHESTNKS7102.ZP3","4506629588"
"D","2026-Q1","TP.FINHESTNKS7102.ZP4","334059027"
"D","2026-Q1","TP.FINHESTNKS7102.ZP5","5916071557.4065"
"D","2026-Q1","TP.FINHESTNKS7102.ZP6","275702907.8964"
"D","2026-Q1","TP.FINHESTNKS7102.ZP7","3103765238.7653"
"D","2026-Q1","TP.FINHESTNKS7102.ZP8","2536603410.7447"
"D","2026-Q1","TP.FINHESTNKS7102.ZP9","388049312"
"D","2026-Q1","TP.FINHESTNKS7102.ZP10","13103032.3313"
"D","2026-Q1","TP.FINHESTNKS7102.ZP11","374946279.6687"
"D","2026-Q1","TP.FINHESTNKS7102.ZP12","589818976"
"D","2026-Q1","TP.FINHESTNKS7102.ZP13","320491887.1304"
"D","2026-Q1","TP.FINHESTNKS7102.ZP14","269327088.8696"
"D","2026-Q1","TP.FINHESTNKS7102.ZP15","3481392192"
"D","2026-Q1","TP.FINHESTNKS7102.ZP16","3481392192"
"D","2026-Q1","TP.FINHESTNKS7102.ZP17","0"
"D","2026-Q1","TP.FINHESTNKS7102.ZP18","0"
"D","2026-Q1","TP.FINHESTNKS7102.ZP19","0"
"D","2026-Q1","TP.FINHESTNKS7102.ZP20","0"
"D","2026-Q1","TP.FINHESTNKS7102.ZP21","242775397"
"D","2026-Q1","TP.FINHESTNKS7102.ZP22","2693897494.9693"
"D","2026-Q1","TP.FINHESTNKS7102.ZP23","18152693544.3758"
"D","2026-Q1","TP.FINHESTNKS7102.ZP24","334059027"
"D","2026-Q1","TP.FINHESTNKS7102.ZP26","334059027"
"D","2026-Q1","TP.FINHESTNKS7102.ZP27","2767723858.2959"
"D","2026-Q1","TP.FINHESTNKS7102.ZP28","0"
"D","2026-Q1","TP.FINHESTNKS7102.ZP29","981029505"
"D","2026-Q1","TP.FINHESTNKS7102.ZP30","1786694353.2959"
"D","2026-Q1","TP.FINHESTNKS7102.ZP31","4393483392"
"D","2026-Q1","TP.FINHESTNKS7102.ZP32","148352163.378"
"D","2026-Q1","TP.FINHESTNKS7102.ZP33","4245131228.622"
"D","2026-Q1","TP.FINHESTNKS7102.ZP34","11530874432"
"D","2026-Q1","TP.FINHESTNKS7102.ZP35","519269126.3594"
"D","2026-Q1","TP.FINHESTNKS7102.ZP36","11011605305.6406"
"D","2026-Q1","TP.FINHESTNKS7102.ZP37","11567491232"
"D","2026-Q1","TP.FINHESTNKS7102.ZP38","11355069408"
"D","2026-Q1","TP.FINHESTNKS7102.ZP39","212421824"
"D","2026-Q1","TP.FINHESTNKS7102.ZP40","23828702.1418"
"D","2026-Q1","TP.FINHESTNKS7102.ZP41","188593121.8582"
"D","2026-Q1","TP.FINHESTNKS7102.ZP42","0"
"D","2026-Q1","TP.FINHESTNKS7102.ZP43","255770601"
"D","2026-Q1","TP.FINHESTNKS7102.ZP44","2937886226.897"
"D","2026-Q1","TP.FINHESTNKS7102.ZP45","33787288769.1929"
"TOPLAM","2010-Q4","TP.FINHESTNKS7101.ZP1","-457128742.2352"
"TOPLAM","2010-Q4","TP.FINHESTNKS7101.ZP2","10459997.6"
"TOPLAM","2010-Q4","TP.FINHESTNKS7101.ZP3","8138466.7"
"TOPLAM","2010-Q4","TP.FINHESTNKS7101.ZP4","2321530.9"
"TOPLAM","2010-Q4","TP.FINHESTNKS7101.ZP5","686947679.9402"
"TOPLAM","2010-Q4","TP.FINHESTNKS7101.ZP6","48311565.5342"
"TOPLAM","2010-Q4","TP.FINHESTNKS7101.ZP7","192845663.1313"
"TOPLAM","2010-Q4","TP.FINHESTNKS7101.ZP8","445790451.2747"
"TOPLAM","2010-Q4","TP.FINHESTNKS7101.ZP9","458341103.4114"
"TOPLAM","2010-Q4","TP.FINHESTNKS7101.ZP10","20935506.4317"
"TOPLAM","2010-Q4","TP.FINHESTNKS7101.ZP11","437405596.9798"
"TOPLAM","2010-Q4","TP.FINHESTNKS7101.ZP12","578764246.5401"
"TOPLAM","2010-Q4","TP.FINHESTNKS7101.ZP13","272295090.2358"
"TOPLAM","2010-Q4","TP.FINHESTNKS7101.ZP14","306469156.3042"
"TOPLAM","2010-Q4","TP.FINHESTNKS7101.ZP15","237718349.8071"
"TOPLAM","2010-Q4","TP.FINHESTNKS7101.ZP16","206428016.8071"
"TOPLAM","2010-Q4","TP.FINHESTNKS7101.ZP17","31290333"
"TOPLAM","2010-Q4","TP.FINHESTNKS7101.ZP20","25677849.0624"
"TOPLAM","2010-Q4","TP.FINHESTNKS7101.ZP21","2768892.039"
"TOPLAM","2010-Q4","TP.FINHESTNKS7101.ZP22","282140858.6118"
"TOPLAM","2010-Q4","TP.FINHESTNKS7101.ZP23","2282818977.0121"
"TOPLAM","2010-Q4","TP.FINHESTNKS7101.ZP24","0"
"TOPLAM","2010-Q4","TP.FINHESTNKS7101.ZP26","0"
"TOPLAM","2010-Q4","TP.FINHESTNKS7101.ZP27","647132285.5033"
"TOPLAM","2010-Q4","TP.FINHESTNKS7101.ZP28","45261758.8342"
"TOPLAM","2010-Q4","TP.FINHESTNKS7101.ZP29","131772995.805"
"TOPLAM","2010-Q4","TP.FINHESTNKS7101.ZP30","470097530.8641"
"TOPLAM","2010-Q4","TP.FINHESTNKS7101.ZP31","432373325.5194"
"TOPLAM","2010-Q4","TP.FINHESTNKS7101.ZP32","1478987.5481"
"TOPLAM","2010-Q4","TP.FINHESTNKS7101.ZP33","430894337.9713"
"TOPLAM","2010-Q4","TP.FINHESTNKS7101.ZP34","841914016.8999"
"TOPLAM","2010-Q4","TP.FINHESTNKS7101.ZP35","366516990.2917"
"TOPLAM","2010-Q4","TP.FINHESTNKS7101.ZP36","475397052.9642"
"TOPLAM","2010-Q4","TP.FINHESTNKS7101.ZP37","485137097.8071"
"TOPLAM","2010-Q4","TP.FINHESTNKS7101.ZP38","453846764.8071"
"TOPLAM","2010-Q4","TP.FINHESTNKS7101.ZP39","31290333"
"TOPLAM","2010-Q4","TP.FINHESTNKS7101.ZP40","23187206"
"TOPLAM","2010-Q4","TP.FINHESTNKS7101.ZP41","8103127"
"TOPLAM","2010-Q4","TP.FINHESTNKS7101.ZP42","25677849.0624"
"TOPLAM","2010-Q4","TP.FINHESTNKS7101.ZP43","3806175.039"
"TOPLAM","2010-Q4","TP.FINHESTNKS7101.ZP44","303906969.4161"
"TOPLAM","2010-Q4","TP.FINHESTNKS7101.ZP45","2739947719.2473"
"TOPLAM","2011-Q4","TP.FINHESTNKS7101.ZP1","-565050293.9768"
"TOPLAM","2011-Q4","TP.FINHESTNKS7101.ZP2","21513975.7"
"TOPLAM","2011-Q4","TP.FINHESTNKS7101.ZP3","18677555.2"
"TOPLAM","2011-Q4","TP.FINHESTNKS7101.ZP4","2836420.5"
"TOPLAM","2011-Q4","TP.FINHESTNKS7101.ZP5","801596152.0035"
"TOPLAM","2011-Q4","TP.FINHESTNKS7101.ZP6","53891673.2331"
"TOPLAM","2011-Q4","TP.FINHESTNKS7101.ZP7","229060511.038"
"TOPLAM","2011-Q4","TP.FINHESTNKS7101.ZP8","518643967.7324"
"TOPLAM","2011-Q4","TP.FINHESTNKS7101.ZP9","457103670.8595"
"TOPLAM","2011-Q4","TP.FINHESTNKS7101.ZP10","9564815.1173"
"TOPLAM","2011-Q4","TP.FINHESTNKS7101.ZP11","447538855.7423"
"TOPLAM","2011-Q4","TP.FINHESTNKS7101.ZP12","749041107.2802"
"TOPLAM","2011-Q4","TP.FINHESTNKS7101.ZP13","325094812.242"
"TOPLAM","2011-Q4","TP.FINHESTNKS7101.ZP14","423946295.0382"
"TOPLAM","2011-Q4","TP.FINHESTNKS7101.ZP15","245404325.1911"
"TOPLAM","2011-Q4","TP.FINHESTNKS7101.ZP16","220008704.1911"
"TOPLAM","2011-Q4","TP.FINHESTNKS7101.ZP17","25395621"
"TOPLAM","2011-Q4","TP.FINHESTNKS7101.ZP20","29614112.2446"
"TOPLAM","2011-Q4","TP.FINHESTNKS7101.ZP21","5670312.183"
"TOPLAM","2011-Q4","TP.FINHESTNKS7101.ZP22","297758099.4323"
"TOPLAM","2011-Q4","TP.FINHESTNKS7101.ZP23","2607701754.8943"
"TOPLAM","2011-Q4","TP.FINHESTNKS7101.ZP24","0"
"TOPLAM","2011-Q4","TP.FINHESTNKS7101.ZP26","0"
"TOPLAM","2011-Q4","TP.FINHESTNKS7101.ZP27","759615271.8627"
"TOPLAM","2011-Q4","TP.FINHESTNKS7101.ZP28","50381461.2331"
"TOPLAM","2011-Q4","TP.FINHESTNKS7101.ZP29","169581399.3083"
"TOPLAM","2011-Q4","TP.FINHESTNKS7101.ZP30","539652411.3212"
"TOPLAM","2011-Q4","TP.FINHESTNKS7101.ZP31","462582834.8595"
"TOPLAM","2011-Q4","TP.FINHESTNKS7101.ZP32","13326603.7934"
"TOPLAM","2011-Q4","TP.FINHESTNKS7101.ZP33","449256231.0662"
"TOPLAM","2011-Q4","TP.FINHESTNKS7101.ZP34","1091052925.1854"
"TOPLAM","2011-Q4","TP.FINHESTNKS7101.ZP35","448914883.5842"
"TOPLAM","2011-Q4","TP.FINHESTNKS7101.ZP36","642138041.6012"
"TOPLAM","2011-Q4","TP.FINHESTNKS7101.ZP37","497648936.1911"
"TOPLAM","2011-Q4","TP.FINHESTNKS7101.ZP38","472253315.1911"
"TOPLAM","2011-Q4","TP.FINHESTNKS7101.ZP39","25395621"
"TOPLAM","2011-Q4","TP.FINHESTNKS7101.ZP40","20460590"
"TOPLAM","2011-Q4","TP.FINHESTNKS7101.ZP41","4935031"
"TOPLAM","2011-Q4","TP.FINHESTNKS7101.ZP42","29614112.2446"
"TOPLAM","2011-Q4","TP.FINHESTNKS7101.ZP43","5249858.183"
"TOPLAM","2011-Q4","TP.FINHESTNKS7101.ZP44","326988110.3448"
"TOPLAM","2011-Q4","TP.FINHESTNKS7101.ZP45","3172752048.8711"
"TOPLAM","2012-Q4","TP.FINHESTNKS7101.ZP1","-695807838.0849"
"TOPLAM","2012-Q4","TP.FINHESTNKS7101.ZP2","36965493.5"
"TOPLAM","2012-Q4","TP.FINHESTNKS7101.ZP3","34297820"
"TOPLAM","2012-Q4","TP.FINHESTNKS7101.ZP4","2667673.5"
"TOPLAM","2012-Q4","TP.FINHESTNKS7101.ZP5","846452678.592"
"TOPLAM","2012-Q4","TP.FINHESTNKS7101.ZP6","58937673.7185"
"TOPLAM","2012-Q4","TP.FINHESTNKS7101.ZP7","241473948.2174"
"TOPLAM","2012-Q4","TP.FINHESTNKS7101.ZP8","546041056.6561"
"TOPLAM","2012-Q4","TP.FINHESTNKS7101.ZP9","514179747.5437"
"TOPLAM","2012-Q4","TP.FINHESTNKS7101.ZP10","22426269.8875"
"TOPLAM","2012-Q4","TP.FINHESTNKS7101.ZP11","491753477.6561"
"TOPLAM","2012-Q4","TP.FINHESTNKS7101.ZP12","882748317.0741"
"TOPLAM","2012-Q4","TP.FINHESTNKS7101.ZP13","380182397.5003"
"TOPLAM","2012-Q4","TP.FINHESTNKS7101.ZP14","502565919.5739"
"TOPLAM","2012-Q4","TP.FINHESTNKS7101.ZP15","285935169.2276"
"TOPLAM","2012-Q4","TP.FINHESTNKS7101.ZP16","261815470.2276"
"TOPLAM","2012-Q4","TP.FINHESTNKS7101.ZP17","24119699"
"TOPLAM","2012-Q4","TP.FINHESTNKS7101.ZP20","39521801.0982"
"TOPLAM","2012-Q4","TP.FINHESTNKS7101.ZP21","2993233.443"
"TOPLAM","2012-Q4","TP.FINHESTNKS7101.ZP22","322332092.0462"
"TOPLAM","2012-Q4","TP.FINHESTNKS7101.ZP23","2931128532.5247"
"TOPLAM","2012-Q4","TP.FINHESTNKS7101.ZP24","0"
"TOPLAM","2012-Q4","TP.FINHESTNKS7101.ZP26","0"
"TOPLAM","2012-Q4","TP.FINHESTNKS7101.ZP27","836326829.1039"
"TOPLAM","2012-Q4","TP.FINHESTNKS7101.ZP28","54028955.4185"
"TOPLAM","2012-Q4","TP.FINHESTNKS7101.ZP29","183193364.7902"
"TOPLAM","2012-Q4","TP.FINHESTNKS7101.ZP30","599104508.8952"
"TOPLAM","2012-Q4","TP.FINHESTNKS7101.ZP31","537971991.3253"
"TOPLAM","2012-Q4","TP.FINHESTNKS7101.ZP32","30132710.5864"
"TOPLAM","2012-Q4","TP.FINHESTNKS7101.ZP33","19100957.6618"
"TOPLAM","2012-Q4","TP.FINHESTNKS7101.ZP34","1221882184.48"
"TOPLAM","2012-Q4","TP.FINHESTNKS7101.ZP35","509563511.368"
"TOPLAM","2012-Q4","TP.FINHESTNKS7101.ZP36","712318675.9714"
"TOPLAM","2012-Q4","TP.FINHESTNKS7101.ZP37","636431960.2276"
"TOPLAM","2012-Q4","TP.FINHESTNKS7101.ZP38","612312261.2276"
"TOPLAM","2012-Q4","TP.FINHESTNKS7101.ZP39","24119699"
"TOPLAM","2012-Q4","TP.FINHESTNKS7101.ZP40","17153718"
"TOPLAM","2012-Q4","TP.FINHESTNKS7101.ZP41","6965981"
"TOPLAM","2012-Q4","TP.FINHESTNKS7101.ZP42","39521801.0982"
"TOPLAM","2012-Q4","TP.FINHESTNKS7101.ZP43","4905707.443"
"TOPLAM","2012-Q4","TP.FINHESTNKS7101.ZP44","349895896.9315"
"TOPLAM","2012-Q4","TP.FINHESTNKS7101.ZP45","3626936370.6096"
"TOPLAM","2013-Q4","TP.FINHESTNKS7101.ZP1","-797239300.3851"
"TOPLAM","2013-Q4","TP.FINHESTNKS7101.ZP2","46063752.13"
"TOPLAM","2013-Q4","TP.FINHESTNKS7101.ZP3","42850276"
"TOPLAM","2013-Q4","TP.FINHESTNKS7101.ZP4","3213476.13"
"TOPLAM","2013-Q4","TP.FINHESTNKS7101.ZP5","1019864837.2413"
"TOPLAM","2013-Q4","TP.FINHESTNKS7101.ZP6","77958454.2919"
"TOPLAM","2013-Q4","TP.FINHESTNKS7101.ZP7","288036101.0113"
"TOPLAM","2013-Q4","TP.FINHESTNKS7101.ZP8","653870281.9381"
"TOPLAM","2013-Q4","TP.FINHESTNKS7101.ZP9","534999761.6673"
"TOPLAM","2013-Q4","TP.FINHESTNKS7101.ZP10","23725927.7829"
"TOPLAM","2013-Q4","TP.FINHESTNKS7101.ZP11","511273833.8844"
"TOPLAM","2013-Q4","TP.FINHESTNKS7101.ZP12","1162339902.7931"
"TOPLAM","2013-Q4","TP.FINHESTNKS7101.ZP13","455143080.7668"
"TOPLAM","2013-Q4","TP.FINHESTNKS7101.ZP14","707196822.0263"
"TOPLAM","2013-Q4","TP.FINHESTNKS7101.ZP15","303353346.0733"
"TOPLAM","2013-Q4","TP.FINHESTNKS7101.ZP16","277260832.0733"
"TOPLAM","2013-Q4","TP.FINHESTNKS7101.ZP17","26092514"
"TOPLAM","2013-Q4","TP.FINHESTNKS7101.ZP20","48058736.3765"
"TOPLAM","2013-Q4","TP.FINHESTNKS7101.ZP21","12890194.962"
"TOPLAM","2013-Q4","TP.FINHESTNKS7101.ZP22","319573546.297"
"TOPLAM","2013-Q4","TP.FINHESTNKS7101.ZP23","3447144077.5404"
"TOPLAM","2013-Q4","TP.FINHESTNKS7101.ZP24","3524139"
"TOPLAM","2013-Q4","TP.FINHESTNKS7101.ZP26","3524139"
"TOPLAM","2013-Q4","TP.FINHESTNKS7101.ZP27","1017346092.6945"
"TOPLAM","2013-Q4","TP.FINHESTNKS7101.ZP28","67832942.2919"
"TOPLAM","2013-Q4","TP.FINHESTNKS7101.ZP29","233568659.2312"
"TOPLAM","2013-Q4","TP.FINHESTNKS7101.ZP30","715944491.1714"
"TOPLAM","2013-Q4","TP.FINHESTNKS7101.ZP31","571089995.6323"
"TOPLAM","2013-Q4","TP.FINHESTNKS7101.ZP32","68118283.3808"
"TOPLAM","2013-Q4","TP.FINHESTNKS7101.ZP33","502971712.2516"
"TOPLAM","2013-Q4","TP.FINHESTNKS7101.ZP34","1613410867.1056"
"TOPLAM","2013-Q4","TP.FINHESTNKS7101.ZP35","627231843.2905"
"TOPLAM","2013-Q4","TP.FINHESTNKS7101.ZP36","986179026.5604"
"TOPLAM","2013-Q4","TP.FINHESTNKS7101.ZP37","618798655.9007"
"TOPLAM","2013-Q4","TP.FINHESTNKS7101.ZP38","592706141.9007"
"TOPLAM","2013-Q4","TP.FINHESTNKS7101.ZP39","26092514"
"TOPLAM","2013-Q4","TP.FINHESTNKS7101.ZP40","10256661"
"TOPLAM","2013-Q4","TP.FINHESTNKS7101.ZP41","15835853"
"TOPLAM","2013-Q4","TP.FINHESTNKS7101.ZP42","48058736.3765"
"TOPLAM","2013-Q4","TP.FINHESTNKS7101.ZP43","11019322.962"
"TOPLAM","2013-Q4","TP.FINHESTNKS7101.ZP44","361135568.254"
"TOPLAM","2013-Q4","TP.FINHESTNKS7101.ZP45","4244383377.9256"
"TOPLAM","2014-Q4","TP.FINHESTNKS7101.ZP1","-977055080.6264"
"TOPLAM","2014-Q4","TP.FINHESTNKS7101.ZP2","50554517.57"
"TOPLAM","2014-Q4","TP.FINHESTNKS7101.ZP3","47307178"
"TOPLAM","2014-Q4","TP.FINHESTNKS7101.ZP4","3247339.57"
"TOPLAM","2014-Q4","TP.FINHESTNKS7101.ZP5","1118605480.2076"
"TOPLAM","2014-Q4","TP.FINHESTNKS7101.ZP6","82351680.0214"
"TOPLAM","2014-Q4","TP.FINHESTNKS7101.ZP7","311498247.2074"
"TOPLAM","2014-Q4","TP.FINHESTNKS7101.ZP8","724755552.9787"
"TOPLAM","2014-Q4","TP.FINHESTNKS7101.ZP9","598487635.846"
"TOPLAM","2014-Q4","TP.FINHESTNKS7101.ZP10","26496391.5246"
"TOPLAM","2014-Q4","TP.FINHESTNKS7101.ZP11","571991244.3215"
"TOPLAM","2014-Q4","TP.FINHESTNKS7101.ZP12","1390662299.6642"
"TOPLAM","2014-Q4","TP.FINHESTNKS7101.ZP13","528783007.2855"
"TOPLAM","2014-Q4","TP.FINHESTNKS7101.ZP14","861879292.3787"
"TOPLAM","2014-Q4","TP.FINHESTNKS7101.ZP15","364402745.7428"
"TOPLAM","2014-Q4","TP.FINHESTNKS7101.ZP16","337434577.7428"
"TOPLAM","2014-Q4","TP.FINHESTNKS7101.ZP17","26968168"
"TOPLAM","2014-Q4","TP.FINHESTNKS7101.ZP20","64051238.7938"
"TOPLAM","2014-Q4","TP.FINHESTNKS7101.ZP21","9730025.837"
"TOPLAM","2014-Q4","TP.FINHESTNKS7101.ZP22","303167822.8648"
"TOPLAM","2014-Q4","TP.FINHESTNKS7101.ZP23","3899661766.5262"
"TOPLAM","2014-Q4","TP.FINHESTNKS7101.ZP24","3600846"
"TOPLAM","2014-Q4","TP.FINHESTNKS7101.ZP26","3600846"
"TOPLAM","2014-Q4","TP.FINHESTNKS7101.ZP27","1117366467.6577"
"TOPLAM","2014-Q4","TP.FINHESTNKS7101.ZP28","74016346.0214"
"TOPLAM","2014-Q4","TP.FINHESTNKS7101.ZP29","252639576.0184"
"TOPLAM","2014-Q4","TP.FINHESTNKS7101.ZP30","790710545.6179"
"TOPLAM","2014-Q4","TP.FINHESTNKS7101.ZP31","671107651.1142"
"TOPLAM","2014-Q4","TP.FINHESTNKS7101.ZP32","102520895.7002"
"TOPLAM","2014-Q4","TP.FINHESTNKS7101.ZP33","568586755.414"
"TOPLAM","2014-Q4","TP.FINHESTNKS7101.ZP34","1876459339.0306"
"TOPLAM","2014-Q4","TP.FINHESTNKS7101.ZP35","723660597.7392"
"TOPLAM","2014-Q4","TP.FINHESTNKS7101.ZP36","1152798743.9525"
"TOPLAM","2014-Q4","TP.FINHESTNKS7101.ZP37","785206383.7428"
"TOPLAM","2014-Q4","TP.FINHESTNKS7101.ZP38","758238215.7428"
"TOPLAM","2014-Q4","TP.FINHESTNKS7101.ZP39","26968168"
"TOPLAM","2014-Q4","TP.FINHESTNKS7101.ZP40","12336284"
"TOPLAM","2014-Q4","TP.FINHESTNKS7101.ZP41","14631884"
"TOPLAM","2014-Q4","TP.FINHESTNKS7101.ZP42","64051238.7938"
"TOPLAM","2014-Q4","TP.FINHESTNKS7101.ZP43","8190113.837"
"TOPLAM","2014-Q4","TP.FINHESTNKS7101.ZP44","350734806.9765"
"TOPLAM","2014-Q4","TP.FINHESTNKS7101.ZP45","4876716847.1527"
"TOPLAM","2015-Q1","TP.FINHESTNKS7101.ZP1","-918151696.1986"
"TOPLAM","2015-Q1","TP.FINHESTNKS7101.ZP2","54428627.84"
"TOPLAM","2015-Q1","TP.FINHESTNKS7101.ZP3","50934356"
"TOPLAM","2015-Q1","TP.FINHESTNKS7101.ZP4","3494271.84"
"TOPLAM","2015-Q1","TP.FINHESTNKS7101.ZP5","1166785722.182"
"TOPLAM","2015-Q1","TP.FINHESTNKS7101.ZP6","91454849.1672"
"TOPLAM","2015-Q1","TP.FINHESTNKS7101.ZP7","314285752.3581"
"TOPLAM","2015-Q1","TP.FINHESTNKS7101.ZP8","761045120.6577"
"TOPLAM","2015-Q1","TP.FINHESTNKS7101.ZP9","634855123.8764"
"TOPLAM","2015-Q1","TP.FINHESTNKS7101.ZP10","83710744.1301"
"TOPLAM","2015-Q1","TP.FINHESTNKS7101.ZP11","551144379.7464"
"TOPLAM","2015-Q1","TP.FINHESTNKS7101.ZP12","1486756284.6874"
"TOPLAM","2015-Q1","TP.FINHESTNKS7101.ZP13","652622860.4497"
"TOPLAM","2015-Q1","TP.FINHESTNKS7101.ZP14","834133424.2377"
"TOPLAM","2015-Q1","TP.FINHESTNKS7101.ZP15","384129891.9477"
"TOPLAM","2015-Q1","TP.FINHESTNKS7101.ZP16","353827221.9477"
"TOPLAM","2015-Q1","TP.FINHESTNKS7101.ZP17","30302670"
"TOPLAM","2015-Q1","TP.FINHESTNKS7101.ZP18","0"
"TOPLAM","2015-Q1","TP.FINHESTNKS7101.ZP19","0"
"TOPLAM","2015-Q1","TP.FINHESTNKS7101.ZP20","68307849.4551"
"TOPLAM","2015-Q1","TP.FINHESTNKS7101.ZP21","17391278.555"
"TOPLAM","2015-Q1","TP.FINHESTNKS7101.ZP22","282050096.0187"
"TOPLAM","2015-Q1","TP.FINHESTNKS7101.ZP23","4094704874.5622"
"TOPLAM","2015-Q1","TP.FINHESTNKS7101.ZP24","3874678"
"TOPLAM","2015-Q1","TP.FINHESTNKS7101.ZP26","3874678"
"TOPLAM","2015-Q1","TP.FINHESTNKS7101.ZP27","1170185435.6857"
"TOPLAM","2015-Q1","TP.FINHESTNKS7101.ZP28","81419464.1672"
"TOPLAM","2015-Q1","TP.FINHESTNKS7101.ZP29","249195630.2955"
"TOPLAM","2015-Q1","TP.FINHESTNKS7101.ZP30","839570341.223"
"TOPLAM","2015-Q1","TP.FINHESTNKS7101.ZP31","700207204.9441"
"TOPLAM","2015-Q1","TP.FINHESTNKS7101.ZP32","149668325.608"
"TOPLAM","2015-Q1","TP.FINHESTNKS7101.ZP33","550538879.3361"
"TOPLAM","2015-Q1","TP.FINHESTNKS7101.ZP34","1979467635.4853"
"TOPLAM","2015-Q1","TP.FINHESTNKS7101.ZP35","671631383.1434"
"TOPLAM","2015-Q1","TP.FINHESTNKS7101.ZP36","1307836252.3419"
"TOPLAM","2015-Q1","TP.FINHESTNKS7101.ZP37","749736489.9477"
"TOPLAM","2015-Q1","TP.FINHESTNKS7101.ZP38","719433819.9477"
"TOPLAM","2015-Q1","TP.FINHESTNKS7101.ZP39","30302670"
"TOPLAM","2015-Q1","TP.FINHESTNKS7101.ZP40","0"
"TOPLAM","2015-Q1","TP.FINHESTNKS7101.ZP41","0"
"TOPLAM","2015-Q1","TP.FINHESTNKS7101.ZP42","68307849.4551"
"TOPLAM","2015-Q1","TP.FINHESTNKS7101.ZP43","13504601.555"
"TOPLAM","2015-Q1","TP.FINHESTNKS7101.ZP44","327572675.6879"
"TOPLAM","2015-Q1","TP.FINHESTNKS7101.ZP45","5012856570.7608"
"TOPLAM","2015-Q2","TP.FINHESTNKS7101.ZP1","-1038182591.2265"
"TOPLAM","2015-Q2","TP.FINHESTNKS7101.ZP2","54282982.68"
"TOPLAM","2015-Q2","TP.FINHESTNKS7101.ZP3","50640300"
"TOPLAM","2015-Q2","TP.FINHESTNKS7101.ZP4","3642682.68"
"TOPLAM","2015-Q2","TP.FINHESTNKS7101.ZP5","1253776497.9277"
"TOPLAM","2015-Q2","TP.FINHESTNKS7101.ZP6","97986032.6668"
"TOPLAM","2015-Q2","TP.FINHESTNKS7101.ZP7","361544733.0456"
"TOPLAM","2015-Q2","TP.FINHESTNKS7101.ZP8","794245732.2162"
"TOPLAM","2015-Q2","TP.FINHESTNKS7101.ZP9","650932252.918"
"TOPLAM","2015-Q2","TP.FINHESTNKS7101.ZP10","88205723.2289"
"TOPLAM","2015-Q2","TP.FINHESTNKS7101.ZP11","562726529.6891"
"TOPLAM","2015-Q2","TP.FINHESTNKS7101.ZP12","1570605170.243"
"TOPLAM","2015-Q2","TP.FINHESTNKS7101.ZP13","693317779.386"
"TOPLAM","2015-Q2","TP.FINHESTNKS7101.ZP14","877287390.857"
"TOPLAM","2015-Q2","TP.FINHESTNKS7101.ZP15","398713776.0889"
"TOPLAM","2015-Q2","TP.FINHESTNKS7101.ZP16","370024614.0889"
"TOPLAM","2015-Q2","TP.FINHESTNKS7101.ZP17","28689162"
"TOPLAM","2015-Q2","TP.FINHESTNKS7101.ZP18","0"
"TOPLAM","2015-Q2","TP.FINHESTNKS7101.ZP19","0"
"TOPLAM","2015-Q2","TP.FINHESTNKS7101.ZP20","71778321.9039"
"TOPLAM","2015-Q2","TP.FINHESTNKS7101.ZP21","15579236.41"
"TOPLAM","2015-Q2","TP.FINHESTNKS7101.ZP22","294836171.6165"
"TOPLAM","2015-Q2","TP.FINHESTNKS7101.ZP23","4310504409.788"
"TOPLAM","2015-Q2","TP.FINHESTNKS7101.ZP24","4039342"
"TOPLAM","2015-Q2","TP.FINHESTNKS7101.ZP26","4039342"
"TOPLAM","2015-Q2","TP.FINHESTNKS7101.ZP27","1247873478.4243"
"TOPLAM","2015-Q2","TP.FINHESTNKS7101.ZP28","86762210.6668"
"TOPLAM","2015-Q2","TP.FINHESTNKS7101.ZP29","280874591.0898"
"TOPLAM","2015-Q2","TP.FINHESTNKS7101.ZP30","880236676.6677"
"TOPLAM","2015-Q2","TP.FINHESTNKS7101.ZP31","719529218.902"
"TOPLAM","2015-Q2","TP.FINHESTNKS7101.ZP32","155663078.0189"
"TOPLAM","2015-Q2","TP.FINHESTNKS7101.ZP33","563866140.8831"
"TOPLAM","2015-Q2","TP.FINHESTNKS7101.ZP34","2119933441.1711"
"TOPLAM","2015-Q2","TP.FINHESTNKS7101.ZP35","711604651.632"
"TOPLAM","2015-Q2","TP.FINHESTNKS7101.ZP36","1408328789.5391"
"TOPLAM","2015-Q2","TP.FINHESTNKS7101.ZP37","824581762.0889"
"TOPLAM","2015-Q2","TP.FINHESTNKS7101.ZP38","795892600.0889"
"TOPLAM","2015-Q2","TP.FINHESTNKS7101.ZP39","28689162"
"TOPLAM","2015-Q2","TP.FINHESTNKS7101.ZP40","0"
"TOPLAM","2015-Q2","TP.FINHESTNKS7101.ZP41","0"
"TOPLAM","2015-Q2","TP.FINHESTNKS7101.ZP42","71778321.9039"
"TOPLAM","2015-Q2","TP.FINHESTNKS7101.ZP43","11501737.41"
"TOPLAM","2015-Q2","TP.FINHESTNKS7101.ZP44","349449699.1143"
"TOPLAM","2015-Q2","TP.FINHESTNKS7101.ZP45","5348687001.0146"
"TOPLAM","2015-Q3","TP.FINHESTNKS7101.ZP1","-1011341920.7758"
"TOPLAM","2015-Q3","TP.FINHESTNKS7101.ZP2","59344628.06"
"TOPLAM","2015-Q3","TP.FINHESTNKS7101.ZP3","55210015"
"TOPLAM","2015-Q3","TP.FINHESTNKS7101.ZP4","4134613.06"
"TOPLAM","2015-Q3","TP.FINHESTNKS7101.ZP5","1382040390.1342"
"TOPLAM","2015-Q3","TP.FINHESTNKS7101.ZP6","112063307.173"
"TOPLAM","2015-Q3","TP.FINHESTNKS7101.ZP7","400020498.646"
"TOPLAM","2015-Q3","TP.FINHESTNKS7101.ZP8","869956584.3162"
"TOPLAM","2015-Q3","TP.FINHESTNKS7101.ZP9","694748674.0481"
"TOPLAM","2015-Q3","TP.FINHESTNKS7101.ZP10","89599451.5457"
"TOPLAM","2015-Q3","TP.FINHESTNKS7101.ZP11","605149222.5025"
"TOPLAM","2015-Q3","TP.FINHESTNKS7101.ZP12","1669579883.3043"
"TOPLAM","2015-Q3","TP.FINHESTNKS7101.ZP13","706564832.2112"
"TOPLAM","2015-Q3","TP.FINHESTNKS7101.ZP14","963015051.0932"
"TOPLAM","2015-Q3","TP.FINHESTNKS7101.ZP15","411743577.8449"
"TOPLAM","2015-Q3","TP.FINHESTNKS7101.ZP16","371882401.8449"
"TOPLAM","2015-Q3","TP.FINHESTNKS7101.ZP17","39861176"
"TOPLAM","2015-Q3","TP.FINHESTNKS7101.ZP18","0"
"TOPLAM","2015-Q3","TP.FINHESTNKS7101.ZP19","0"
"TOPLAM","2015-Q3","TP.FINHESTNKS7101.ZP20","74434889.9399"
"TOPLAM","2015-Q3","TP.FINHESTNKS7101.ZP21","25257806.568"
"TOPLAM","2015-Q3","TP.FINHESTNKS7101.ZP22","317510293.8892"
"TOPLAM","2015-Q3","TP.FINHESTNKS7101.ZP23","4634660143.7886"
"TOPLAM","2015-Q3","TP.FINHESTNKS7101.ZP24","4584863"
"TOPLAM","2015-Q3","TP.FINHESTNKS7101.ZP26","4584863"
"TOPLAM","2015-Q3","TP.FINHESTNKS7101.ZP27","1348336435.2641"
"TOPLAM","2015-Q3","TP.FINHESTNKS7101.ZP28","98170601.173"
"TOPLAM","2015-Q3","TP.FINHESTNKS7101.ZP29","297316430.6848"
"TOPLAM","2015-Q3","TP.FINHESTNKS7101.ZP30","952849403.4063"
"TOPLAM","2015-Q3","TP.FINHESTNKS7101.ZP31","751747620.4593"
"TOPLAM","2015-Q3","TP.FINHESTNKS7101.ZP32","161882646.7386"
"TOPLAM","2015-Q3","TP.FINHESTNKS7101.ZP33","589864973.7206"
"TOPLAM","2015-Q3","TP.FINHESTNKS7101.ZP34","2274866532.4333"
"TOPLAM","2015-Q3","TP.FINHESTNKS7101.ZP35","728570112.3522"
"TOPLAM","2015-Q3","TP.FINHESTNKS7101.ZP36","1546296420.0812"
"TOPLAM","2015-Q3","TP.FINHESTNKS7101.ZP37","794859321.8449"
"TOPLAM","2015-Q3","TP.FINHESTNKS7101.ZP38","754998145.8449"
"TOPLAM","2015-Q3","TP.FINHESTNKS7101.ZP39","39861176"
"TOPLAM","2015-Q3","TP.FINHESTNKS7101.ZP40","0"
"TOPLAM","2015-Q3","TP.FINHESTNKS7101.ZP41","0"
"TOPLAM","2015-Q3","TP.FINHESTNKS7101.ZP42","74434889.9399"
"TOPLAM","2015-Q3","TP.FINHESTNKS7101.ZP43","18659425.568"
"TOPLAM","2015-Q3","TP.FINHESTNKS7101.ZP44","378512976.0549"
"TOPLAM","2015-Q3","TP.FINHESTNKS7101.ZP45","5646002064.5644"
"TOPLAM","2015-Q4","TP.FINHESTNKS7101.ZP1","-1061157644.4103"
"TOPLAM","2015-Q4","TP.FINHESTNKS7101.ZP2","55091688.07"
"TOPLAM","2015-Q4","TP.FINHESTNKS7101.ZP3","51191476"
"TOPLAM","2015-Q4","TP.FINHESTNKS7101.ZP4","3900212.07"
"TOPLAM","2015-Q4","TP.FINHESTNKS7101.ZP5","1322998589.2916"
"TOPLAM","2015-Q4","TP.FINHESTNKS7101.ZP6","104300316.7748"
"TOPLAM","2015-Q4","TP.FINHESTNKS7101.ZP7","371962957.1315"
"TOPLAM","2015-Q4","TP.FINHESTNKS7101.ZP8","846735315.4063"
"TOPLAM","2015-Q4","TP.FINHESTNKS7101.ZP9","639203277.6472"
"TOPLAM","2015-Q4","TP.FINHESTNKS7101.ZP10","84603868.7787"
"TOPLAM","2015-Q4","TP.FINHESTNKS7101.ZP11","554599408.8684"
"TOPLAM","2015-Q4","TP.FINHESTNKS7101.ZP12","1663625863.951"
"TOPLAM","2015-Q4","TP.FINHESTNKS7101.ZP13","708187546.1856"
"TOPLAM","2015-Q4","TP.FINHESTNKS7101.ZP14","955438317.7654"
"TOPLAM","2015-Q4","TP.FINHESTNKS7101.ZP15","408036668.2043"
"TOPLAM","2015-Q4","TP.FINHESTNKS7101.ZP16","371382748.2043"
"TOPLAM","2015-Q4","TP.FINHESTNKS7101.ZP17","36653920"
"TOPLAM","2015-Q4","TP.FINHESTNKS7101.ZP18","0"
"TOPLAM","2015-Q4","TP.FINHESTNKS7101.ZP19","0"
"TOPLAM","2015-Q4","TP.FINHESTNKS7101.ZP20","78717141.198"
"TOPLAM","2015-Q4","TP.FINHESTNKS7101.ZP21","14904213.345"
"TOPLAM","2015-Q4","TP.FINHESTNKS7101.ZP22","322343853.7322"
"TOPLAM","2015-Q4","TP.FINHESTNKS7101.ZP23","4504921295.4391"
"TOPLAM","2015-Q4","TP.FINHESTNKS7101.ZP24","4324958"
"TOPLAM","2015-Q4","TP.FINHESTNKS7101.ZP26","4324958"
"TOPLAM","2015-Q4","TP.FINHESTNKS7101.ZP27","1298798147.044"
"TOPLAM","2015-Q4","TP.FINHESTNKS7101.ZP28","92203868.7748"
"TOPLAM","2015-Q4","TP.FINHESTNKS7101.ZP29","299490364.4167"
"TOPLAM","2015-Q4","TP.FINHESTNKS7101.ZP30","907103913.8524"
"TOPLAM","2015-Q4","TP.FINHESTNKS7101.ZP31","703411950.3844"
"TOPLAM","2015-Q4","TP.FINHESTNKS7101.ZP32","153198904.7571"
"TOPLAM","2015-Q4","TP.FINHESTNKS7101.ZP33","550213045.6273"
"TOPLAM","2015-Q4","TP.FINHESTNKS7101.ZP34","2274006064.0085"
"TOPLAM","2015-Q4","TP.FINHESTNKS7101.ZP35","724266486.5325"
"TOPLAM","2015-Q4","TP.FINHESTNKS7101.ZP36","1549739577.476"
"TOPLAM","2015-Q4","TP.FINHESTNKS7101.ZP37","811696874.2043"
"TOPLAM","2015-Q4","TP.FINHESTNKS7101.ZP38","775042954.2043"
"TOPLAM","2015-Q4","TP.FINHESTNKS7101.ZP39","36653920"
"TOPLAM","2015-Q4","TP.FINHESTNKS7101.ZP40","0"
"TOPLAM","2015-Q4","TP.FINHESTNKS7101.ZP41","0"
"TOPLAM","2015-Q4","TP.FINHESTNKS7101.ZP42","78717141.198"
"TOPLAM","2015-Q4","TP.FINHESTNKS7101.ZP43","11397282.345"
"TOPLAM","2015-Q4","TP.FINHESTNKS7101.ZP44","383726522.6652"
"TOPLAM","2015-Q4","TP.FINHESTNKS7101.ZP45","5566078939.8494"
"TOPLAM","2016-Q1","TP.FINHESTNKS7101.ZP1","-1093291284.4599"
"TOPLAM","2016-Q1","TP.FINHESTNKS7101.ZP2","57325343.64"
"TOPLAM","2016-Q1","TP.FINHESTNKS7101.ZP3","53471236"
"TOPLAM","2016-Q1","TP.FINHESTNKS7101.ZP4","3854107.64"
"TOPLAM","2016-Q1","TP.FINHESTNKS7101.ZP5","1413147498.8113"
"TOPLAM","2016-Q1","TP.FINHESTNKS7101.ZP6","105183920.8605"
"TOPLAM","2016-Q1","TP.FINHESTNKS7101.ZP7","369826799.6573"
"TOPLAM","2016-Q1","TP.FINHESTNKS7101.ZP8","938136778.2163"
"TOPLAM","2016-Q1","TP.FINHESTNKS7101.ZP9","612499357.0755"
"TOPLAM","2016-Q1","TP.FINHESTNKS7101.ZP10","85880525.7545"
"TOPLAM","2016-Q1","TP.FINHESTNKS7101.ZP11","526618831.321"
"TOPLAM","2016-Q1","TP.FINHESTNKS7101.ZP12","1691479374.1008"
"TOPLAM","2016-Q1","TP.FINHESTNKS7101.ZP13","708935104.7662"
"TOPLAM","2016-Q1","TP.FINHESTNKS7101.ZP14","982544269.3346"
"TOPLAM","2016-Q1","TP.FINHESTNKS7101.ZP15","421340024.0135"
"TOPLAM","2016-Q1","TP.FINHESTNKS7101.ZP16","385110168.9252"
"TOPLAM","2016-Q1","TP.FINHESTNKS7101.ZP17","36229855.0883"
"TOPLAM","2016-Q1","TP.FINHESTNKS7101.ZP18","0"
"TOPLAM","2016-Q1","TP.FINHESTNKS7101.ZP19","0"
"TOPLAM","2016-Q1","TP.FINHESTNKS7101.ZP20","87094258.6076"
"TOPLAM","2016-Q1","TP.FINHESTNKS7101.ZP21","15683209.446"
"TOPLAM","2016-Q1","TP.FINHESTNKS7101.ZP22","323342499.1514"
"TOPLAM","2016-Q1","TP.FINHESTNKS7101.ZP23","4621911564.8462"
"TOPLAM","2016-Q1","TP.FINHESTNKS7101.ZP24","4273856"
"TOPLAM","2016-Q1","TP.FINHESTNKS7101.ZP26","4273856"
"TOPLAM","2016-Q1","TP.FINHESTNKS7101.ZP27","1349132645.9815"
"TOPLAM","2016-Q1","TP.FINHESTNKS7101.ZP28","93712472.8605"
"TOPLAM","2016-Q1","TP.FINHESTNKS7101.ZP29","296392522.454"
"TOPLAM","2016-Q1","TP.FINHESTNKS7101.ZP30","959027650.667"
"TOPLAM","2016-Q1","TP.FINHESTNKS7101.ZP31","719946830.562"
"TOPLAM","2016-Q1","TP.FINHESTNKS7101.ZP32","154188889.0613"
"TOPLAM","2016-Q1","TP.FINHESTNKS7101.ZP33","565757941.5007"
"TOPLAM","2016-Q1","TP.FINHESTNKS7101.ZP34","2297331304.891"
"TOPLAM","2016-Q1","TP.FINHESTNKS7101.ZP35","727770514.7877"
"TOPLAM","2016-Q1","TP.FINHESTNKS7101.ZP36","1569560790.1033"
"TOPLAM","2016-Q1","TP.FINHESTNKS7101.ZP37","859554036.8135"
"TOPLAM","2016-Q1","TP.FINHESTNKS7101.ZP38","823324181.7252"
"TOPLAM","2016-Q1","TP.FINHESTNKS7101.ZP39","36229855.0883"
"TOPLAM","2016-Q1","TP.FINHESTNKS7101.ZP40","0"
"TOPLAM","2016-Q1","TP.FINHESTNKS7101.ZP41","0"
"TOPLAM","2016-Q1","TP.FINHESTNKS7101.ZP42","87094258.6076"
"TOPLAM","2016-Q1","TP.FINHESTNKS7101.ZP43","14784643.446"
"TOPLAM","2016-Q1","TP.FINHESTNKS7101.ZP44","383085273.0044"
"TOPLAM","2016-Q1","TP.FINHESTNKS7101.ZP45","5715202849.3061"
"TOPLAM","2016-Q2","TP.FINHESTNKS7101.ZP1","-1091675250.2902"
"TOPLAM","2016-Q2","TP.FINHESTNKS7101.ZP2","62109787.19"
"TOPLAM","2016-Q2","TP.FINHESTNKS7101.ZP3","58206385"
"TOPLAM","2016-Q2","TP.FINHESTNKS7101.ZP4","3903402.19"
"TOPLAM","2016-Q2","TP.FINHESTNKS7101.ZP5","1452319055.8482"
"TOPLAM","2016-Q2","TP.FINHESTNKS7101.ZP6","117439896.6825"
"TOPLAM","2016-Q2","TP.FINHESTNKS7101.ZP7","393319547.3204"
"TOPLAM","2016-Q2","TP.FINHESTNKS7101.ZP8","941559611.7682"
"TOPLAM","2016-Q2","TP.FINHESTNKS7101.ZP9","650037819.1331"
"TOPLAM","2016-Q2","TP.FINHESTNKS7101.ZP10","87482302.3069"
"TOPLAM","2016-Q2","TP.FINHESTNKS7101.ZP11","562555516.8262"
"TOPLAM","2016-Q2","TP.FINHESTNKS7101.ZP12","1754820340.3157"
"TOPLAM","2016-Q2","TP.FINHESTNKS7101.ZP13","736026434.9352"
"TOPLAM","2016-Q2","TP.FINHESTNKS7101.ZP14","1018793905.3805"
"TOPLAM","2016-Q2","TP.FINHESTNKS7101.ZP15","425088661.1373"
"TOPLAM","2016-Q2","TP.FINHESTNKS7101.ZP16","386635894.8427"
"TOPLAM","2016-Q2","TP.FINHESTNKS7101.ZP17","38452766.2946"
"TOPLAM","2016-Q2","TP.FINHESTNKS7101.ZP18","0"
"TOPLAM","2016-Q2","TP.FINHESTNKS7101.ZP19","0"
"TOPLAM","2016-Q2","TP.FINHESTNKS7101.ZP20","95605326.7052"
"TOPLAM","2016-Q2","TP.FINHESTNKS7101.ZP21","14883080.777"
"TOPLAM","2016-Q2","TP.FINHESTNKS7101.ZP22","346564676.6388"
"TOPLAM","2016-Q2","TP.FINHESTNKS7101.ZP23","4801428747.7454"
"TOPLAM","2016-Q2","TP.FINHESTNKS7101.ZP24","4328708"
"TOPLAM","2016-Q2","TP.FINHESTNKS7101.ZP26","4328708"
"TOPLAM","2016-Q2","TP.FINHESTNKS7101.ZP27","1397866760.9062"
"TOPLAM","2016-Q2","TP.FINHESTNKS7101.ZP28","105102184.6825"
"TOPLAM","2016-Q2","TP.FINHESTNKS7101.ZP29","321459702.1144"
"TOPLAM","2016-Q2","TP.FINHESTNKS7101.ZP30","971304874.1092"
"TOPLAM","2016-Q2","TP.FINHESTNKS7101.ZP31","757115711.4441"
"TOPLAM","2016-Q2","TP.FINHESTNKS7101.ZP32","163043186.5178"
"TOPLAM","2016-Q2","TP.FINHESTNKS7101.ZP33","594072524.9263"
"TOPLAM","2016-Q2","TP.FINHESTNKS7101.ZP34","2385944899.825"
"TOPLAM","2016-Q2","TP.FINHESTNKS7101.ZP35","758890484.1915"
"TOPLAM","2016-Q2","TP.FINHESTNKS7101.ZP36","1627054415.6335"
"TOPLAM","2016-Q2","TP.FINHESTNKS7101.ZP37","824561951.1373"
"TOPLAM","2016-Q2","TP.FINHESTNKS7101.ZP38","786109184.8427"
"TOPLAM","2016-Q2","TP.FINHESTNKS7101.ZP39","38452766.2946"
"TOPLAM","2016-Q2","TP.FINHESTNKS7101.ZP40","11929946.3498"
"TOPLAM","2016-Q2","TP.FINHESTNKS7101.ZP41","26522819.9448"
"TOPLAM","2016-Q2","TP.FINHESTNKS7101.ZP42","95605326.7052"
"TOPLAM","2016-Q2","TP.FINHESTNKS7101.ZP43","15890697.777"
"TOPLAM","2016-Q2","TP.FINHESTNKS7101.ZP44","411789942.2408"
"TOPLAM","2016-Q2","TP.FINHESTNKS7101.ZP45","5893103998.0356"
"TOPLAM","2016-Q3","TP.FINHESTNKS7101.ZP1","-1122192275.8152"
"TOPLAM","2016-Q3","TP.FINHESTNKS7101.ZP2","60485996.95"
"TOPLAM","2016-Q3","TP.FINHESTNKS7101.ZP3","56435674"
"TOPLAM","2016-Q3","TP.FINHESTNKS7101.ZP4","4050322.95"
"TOPLAM","2016-Q3","TP.FINHESTNKS7101.ZP5","1451292436.0224"
"TOPLAM","2016-Q3","TP.FINHESTNKS7101.ZP6","126753131.5139"
"TOPLAM","2016-Q3","TP.FINHESTNKS7101.ZP7","388852628.5957"
"TOPLAM","2016-Q3","TP.FINHESTNKS7101.ZP8","935686675.8357"
"TOPLAM","2016-Q3","TP.FINHESTNKS7101.ZP9","688914757.9408"
"TOPLAM","2016-Q3","TP.FINHESTNKS7101.ZP10","86762656.4062"
"TOPLAM","2016-Q3","TP.FINHESTNKS7101.ZP11","602152101.5346"
"TOPLAM","2016-Q3","TP.FINHESTNKS7101.ZP12","1802893750.5822"
"TOPLAM","2016-Q3","TP.FINHESTNKS7101.ZP13","761950362.7794"
"TOPLAM","2016-Q3","TP.FINHESTNKS7101.ZP14","1040943387.8028"
"TOPLAM","2016-Q3","TP.FINHESTNKS7101.ZP15","436717039.0025"
"TOPLAM","2016-Q3","TP.FINHESTNKS7101.ZP16","396879684.5016"
"TOPLAM","2016-Q3","TP.FINHESTNKS7101.ZP17","39837354.5008"
"TOPLAM","2016-Q3","TP.FINHESTNKS7101.ZP18","0"
"TOPLAM","2016-Q3","TP.FINHESTNKS7101.ZP19","0"
"TOPLAM","2016-Q3","TP.FINHESTNKS7101.ZP20","101633539.8138"
"TOPLAM","2016-Q3","TP.FINHESTNKS7101.ZP21","12951930.432"
"TOPLAM","2016-Q3","TP.FINHESTNKS7101.ZP22","342691585.5164"
"TOPLAM","2016-Q3","TP.FINHESTNKS7101.ZP23","4897581036.2601"
"TOPLAM","2016-Q3","TP.FINHESTNKS7101.ZP24","4491657"
"TOPLAM","2016-Q3","TP.FINHESTNKS7101.ZP26","4491657"
"TOPLAM","2016-Q3","TP.FINHESTNKS7101.ZP27","1431198486.4187"
"TOPLAM","2016-Q3","TP.FINHESTNKS7101.ZP28","112003764.5139"
"TOPLAM","2016-Q3","TP.FINHESTNKS7101.ZP29","313677720.7358"
"TOPLAM","2016-Q3","TP.FINHESTNKS7101.ZP30","1005517001.169"
"TOPLAM","2016-Q3","TP.FINHESTNKS7101.ZP31","764666202.0706"
"TOPLAM","2016-Q3","TP.FINHESTNKS7101.ZP32","164292639.8929"
"TOPLAM","2016-Q3","TP.FINHESTNKS7101.ZP33","600373562.1777"
"TOPLAM","2016-Q3","TP.FINHESTNKS7101.ZP34","2452579467.1934"
"TOPLAM","2016-Q3","TP.FINHESTNKS7101.ZP35","782204505.348"
"TOPLAM","2016-Q3","TP.FINHESTNKS7101.ZP36","1670374961.8454"
"TOPLAM","2016-Q3","TP.FINHESTNKS7101.ZP37","841121596.4025"
"TOPLAM","2016-Q3","TP.FINHESTNKS7101.ZP38","801284241.9016"
"TOPLAM","2016-Q3","TP.FINHESTNKS7101.ZP39","39837354.5008"
"TOPLAM","2016-Q3","TP.FINHESTNKS7101.ZP40","12555808.1883"
"TOPLAM","2016-Q3","TP.FINHESTNKS7101.ZP41","27281546.3126"
"TOPLAM","2016-Q3","TP.FINHESTNKS7101.ZP42","101633539.8138"
"TOPLAM","2016-Q3","TP.FINHESTNKS7101.ZP43","10792237.432"
"TOPLAM","2016-Q3","TP.FINHESTNKS7101.ZP44","413290125.7444"
"TOPLAM","2016-Q3","TP.FINHESTNKS7101.ZP45","6019773312.0754"
"TOPLAM","2016-Q4","TP.FINHESTNKS7101.ZP1","-1231032356.3575"
"TOPLAM","2016-Q4","TP.FINHESTNKS7101.ZP2","54028512.79"
"TOPLAM","2016-Q4","TP.FINHESTNKS7101.ZP3","49449492"
"TOPLAM","2016-Q4","TP.FINHESTNKS7101.ZP4","4579020.79"
"TOPLAM","2016-Q4","TP.FINHESTNKS7101.ZP5","1601337501.6845"
"TOPLAM","2016-Q4","TP.FINHESTNKS7101.ZP6","128732252.6316"
"TOPLAM","2016-Q4","TP.FINHESTNKS7101.ZP7","442132784.9195"
"TOPLAM","2016-Q4","TP.FINHESTNKS7101.ZP8","1030472464.1334"
"TOPLAM","2016-Q4","TP.FINHESTNKS7101.ZP9","715369835.579"
"TOPLAM","2016-Q4","TP.FINHESTNKS7101.ZP10","69136442.8975"
"TOPLAM","2016-Q4","TP.FINHESTNKS7101.ZP11","646233392.6815"
"TOPLAM","2016-Q4","TP.FINHESTNKS7101.ZP12","1968816333.1651"
"TOPLAM","2016-Q4","TP.FINHESTNKS7101.ZP13","805594081.5967"
"TOPLAM","2016-Q4","TP.FINHESTNKS7101.ZP14","1163222251.5683"
"TOPLAM","2016-Q4","TP.FINHESTNKS7101.ZP15","457513553.2715"
"TOPLAM","2016-Q4","TP.FINHESTNKS7101.ZP16","415960731.1278"
"TOPLAM","2016-Q4","TP.FINHESTNKS7101.ZP17","41552822.1437"
"TOPLAM","2016-Q4","TP.FINHESTNKS7101.ZP18","14510418.3786"
"TOPLAM","2016-Q4","TP.FINHESTNKS7101.ZP19","27042403.7651"
"TOPLAM","2016-Q4","TP.FINHESTNKS7101.ZP20","110349169.3056"
"TOPLAM","2016-Q4","TP.FINHESTNKS7101.ZP21","28466045.508"
"TOPLAM","2016-Q4","TP.FINHESTNKS7101.ZP22","388032169.6727"
"TOPLAM","2016-Q4","TP.FINHESTNKS7101.ZP23","5323913120.9764"
"TOPLAM","2016-Q4","TP.FINHESTNKS7101.ZP24","5071996"
"TOPLAM","2016-Q4","TP.FINHESTNKS7101.ZP26","5071996"
"TOPLAM","2016-Q4","TP.FINHESTNKS7101.ZP27","1552054892.1535"
"TOPLAM","2016-Q4","TP.FINHESTNKS7101.ZP28","111549341.6316"
"TOPLAM","2016-Q4","TP.FINHESTNKS7101.ZP29","360038824.5647"
"TOPLAM","2016-Q4","TP.FINHESTNKS7101.ZP30","1080466725.9571"
"TOPLAM","2016-Q4","TP.FINHESTNKS7101.ZP31","804619360.2647"
"TOPLAM","2016-Q4","TP.FINHESTNKS7101.ZP32","181096802.4887"
"TOPLAM","2016-Q4","TP.FINHESTNKS7101.ZP33","623522557.776"
"TOPLAM","2016-Q4","TP.FINHESTNKS7101.ZP34","2689715401.065"
"TOPLAM","2016-Q4","TP.FINHESTNKS7101.ZP35","816865014.0972"
"TOPLAM","2016-Q4","TP.FINHESTNKS7101.ZP36","1872850386.9679"
"TOPLAM","2016-Q4","TP.FINHESTNKS7101.ZP37","896329107.8715"
"TOPLAM","2016-Q4","TP.FINHESTNKS7101.ZP38","854776285.7278"
"TOPLAM","2016-Q4","TP.FINHESTNKS7101.ZP39","41552822.1437"
"TOPLAM","2016-Q4","TP.FINHESTNKS7101.ZP40","12634901.9988"
"TOPLAM","2016-Q4","TP.FINHESTNKS7101.ZP41","28917920.1449"
"TOPLAM","2016-Q4","TP.FINHESTNKS7101.ZP42","110349169.3056"
"TOPLAM","2016-Q4","TP.FINHESTNKS7101.ZP43","20937406.508"
"TOPLAM","2016-Q4","TP.FINHESTNKS7101.ZP44","475868144.1656"
"TOPLAM","2016-Q4","TP.FINHESTNKS7101.ZP45","6554945477.3339"
"TOPLAM","2017-Q1","TP.FINHESTNKS7101.ZP1","-1370730103.5939"
"TOPLAM","2017-Q1","TP.FINHESTNKS7101.ZP2","67009365.73"
"TOPLAM","2017-Q1","TP.FINHESTNKS7101.ZP3","62226409"
"TOPLAM","2017-Q1","TP.FINHESTNKS7101.ZP4","4782956.73"
"TOPLAM","2017-Q1","TP.FINHESTNKS7101.ZP5","1582702230.0082"
"TOPLAM","2017-Q1","TP.FINHESTNKS7101.ZP6","128136786.3022"
"TOPLAM","2017-Q1","TP.FINHESTNKS7101.ZP7","463482319.0292"
"TOPLAM","2017-Q1","TP.FINHESTNKS7101.ZP8","991083124.6799"
"TOPLAM","2017-Q1","TP.FINHESTNKS7101.ZP9","752549757.964"
"TOPLAM","2017-Q1","TP.FINHESTNKS7101.ZP10","96495578.2437"
"TOPLAM","2017-Q1","TP.FINHESTNKS7101.ZP11","656054179.7203"
"TOPLAM","2017-Q1","TP.FINHESTNKS7101.ZP12","2127091459.2043"
"TOPLAM","2017-Q1","TP.FINHESTNKS7101.ZP13","729145356.9545"
"TOPLAM","2017-Q1","TP.FINHESTNKS7101.ZP14","1397946102.2498"
"TOPLAM","2017-Q1","TP.FINHESTNKS7101.ZP15","421338363.3475"
"TOPLAM","2017-Q1","TP.FINHESTNKS7101.ZP16","378626565.9183"
"TOPLAM","2017-Q1","TP.FINHESTNKS7101.ZP17","42711797.4292"
"TOPLAM","2017-Q1","TP.FINHESTNKS7101.ZP18","14823977.9201"
"TOPLAM","2017-Q1","TP.FINHESTNKS7101.ZP19","27887819.5091"
"TOPLAM","2017-Q1","TP.FINHESTNKS7101.ZP20","117913576.2074"
"TOPLAM","2017-Q1","TP.FINHESTNKS7101.ZP21","27109495.138"
"TOPLAM","2017-Q1","TP.FINHESTNKS7101.ZP22","482218271.6139"
"TOPLAM","2017-Q1","TP.FINHESTNKS7101.ZP23","5577932519.2132"
"TOPLAM","2017-Q1","TP.FINHESTNKS7101.ZP24","5304261"
"TOPLAM","2017-Q1","TP.FINHESTNKS7101.ZP26","5304261"
"TOPLAM","2017-Q1","TP.FINHESTNKS7101.ZP27","1565344007.3494"
"TOPLAM","2017-Q1","TP.FINHESTNKS7101.ZP28","112494711.6662"
"TOPLAM","2017-Q1","TP.FINHESTNKS7101.ZP29","378489899.0652"
"TOPLAM","2017-Q1","TP.FINHESTNKS7101.ZP30","1074359396.618"
"TOPLAM","2017-Q1","TP.FINHESTNKS7101.ZP31","854154024.364"
"TOPLAM","2017-Q1","TP.FINHESTNKS7101.ZP32","184807862.8766"
"TOPLAM","2017-Q1","TP.FINHESTNKS7101.ZP33","669346161.4874"
"TOPLAM","2017-Q1","TP.FINHESTNKS7101.ZP34","2903790653.8043"
"TOPLAM","2017-Q1","TP.FINHESTNKS7101.ZP35","810279643.215"
"TOPLAM","2017-Q1","TP.FINHESTNKS7101.ZP36","2093511010.5892"
"TOPLAM","2017-Q1","TP.FINHESTNKS7101.ZP37","1005635667.1475"
"TOPLAM","2017-Q1","TP.FINHESTNKS7101.ZP38","962923869.7183"
"TOPLAM","2017-Q1","TP.FINHESTNKS7101.ZP39","42711797.4292"
"TOPLAM","2017-Q1","TP.FINHESTNKS7101.ZP40","12551404.1987"
"TOPLAM","2017-Q1","TP.FINHESTNKS7101.ZP41","30160393.2306"
"TOPLAM","2017-Q1","TP.FINHESTNKS7101.ZP42","117913575.8091"
"TOPLAM","2017-Q1","TP.FINHESTNKS7101.ZP43","19349241.138"
"TOPLAM","2017-Q1","TP.FINHESTNKS7101.ZP44","477171192.1949"
"TOPLAM","2017-Q1","TP.FINHESTNKS7101.ZP45","6948662622.8071"
"TOPLAM","2017-Q2","TP.FINHESTNKS7101.ZP1","-1457661722.9549"
"TOPLAM","2017-Q2","TP.FINHESTNKS7101.ZP2","69641666.17"
"TOPLAM","2017-Q2","TP.FINHESTNKS7101.ZP3","64924310"
"TOPLAM","2017-Q2","TP.FINHESTNKS7101.ZP4","4717356.17"
"TOPLAM","2017-Q2","TP.FINHESTNKS7101.ZP5","1640571759.6135"
"TOPLAM","2017-Q2","TP.FINHESTNKS7101.ZP6","137940669.653"
"TOPLAM","2017-Q2","TP.FINHESTNKS7101.ZP7","490368656.8583"
"TOPLAM","2017-Q2","TP.FINHESTNKS7101.ZP8","1012262433.1023"
"TOPLAM","2017-Q2","TP.FINHESTNKS7101.ZP9","750139333.6713"
"TOPLAM","2017-Q2","TP.FINHESTNKS7101.ZP10","97813046.4525"
"TOPLAM","2017-Q2","TP.FINHESTNKS7101.ZP11","652326287.2187"
"TOPLAM","2017-Q2","TP.FINHESTNKS7101.ZP12","2234501369.779"
"TOPLAM","2017-Q2","TP.FINHESTNKS7101.ZP13","707841720.4985"
"TOPLAM","2017-Q2","TP.FINHESTNKS7101.ZP14","1526659649.2805"
"TOPLAM","2017-Q2","TP.FINHESTNKS7101.ZP15","413211373.0524"
"TOPLAM","2017-Q2","TP.FINHESTNKS7101.ZP16","369549636.87"
"TOPLAM","2017-Q2","TP.FINHESTNKS7101.ZP17","43661736.1824"
"TOPLAM","2017-Q2","TP.FINHESTNKS7101.ZP18","16642913.6864"
"TOPLAM","2017-Q2","TP.FINHESTNKS7101.ZP19","27018822.496"
"TOPLAM","2017-Q2","TP.FINHESTNKS7101.ZP20","122250993.7892"
"TOPLAM","2017-Q2","TP.FINHESTNKS7101.ZP21","23522239.956"
"TOPLAM","2017-Q2","TP.FINHESTNKS7101.ZP22","503685978.3143"
"TOPLAM","2017-Q2","TP.FINHESTNKS7101.ZP23","5757524714.3458"
"TOPLAM","2017-Q2","TP.FINHESTNKS7101.ZP24","5231839"
"TOPLAM","2017-Q2","TP.FINHESTNKS7101.ZP26","5231839"
"TOPLAM","2017-Q2","TP.FINHESTNKS7101.ZP27","1616823315.6493"
"TOPLAM","2017-Q2","TP.FINHESTNKS7101.ZP28","117561424.296"
"TOPLAM","2017-Q2","TP.FINHESTNKS7101.ZP29","410007724.5153"
"TOPLAM","2017-Q2","TP.FINHESTNKS7101.ZP30","1089254166.838"
"TOPLAM","2017-Q2","TP.FINHESTNKS7101.ZP31","899860939.7713"
"TOPLAM","2017-Q2","TP.FINHESTNKS7101.ZP32","204391819.7271"
"TOPLAM","2017-Q2","TP.FINHESTNKS7101.ZP33","695469120.0442"
"TOPLAM","2017-Q2","TP.FINHESTNKS7101.ZP34","3005035789.479"
"TOPLAM","2017-Q2","TP.FINHESTNKS7101.ZP35","788651127.5941"
"TOPLAM","2017-Q2","TP.FINHESTNKS7101.ZP36","2216384661.885"
"TOPLAM","2017-Q2","TP.FINHESTNKS7101.ZP37","1049004913.0524"
"TOPLAM","2017-Q2","TP.FINHESTNKS7101.ZP38","1005343176.87"
"TOPLAM","2017-Q2","TP.FINHESTNKS7101.ZP39","43661736.1824"
"TOPLAM","2017-Q2","TP.FINHESTNKS7101.ZP40","12591617.7876"
"TOPLAM","2017-Q2","TP.FINHESTNKS7101.ZP41","31070118.3948"
"TOPLAM","2017-Q2","TP.FINHESTNKS7101.ZP42","122250993.4796"
"TOPLAM","2017-Q2","TP.FINHESTNKS7101.ZP43","19221462.956"
"TOPLAM","2017-Q2","TP.FINHESTNKS7101.ZP44","497757183.9132"
"TOPLAM","2017-Q2","TP.FINHESTNKS7101.ZP45","7215186437.3007"
"TOPLAM","2017-Q3","TP.FINHESTNKS7101.ZP1","-1538832390.8567"
"TOPLAM","2017-Q3","TP.FINHESTNKS7101.ZP2","77886248.27"
"TOPLAM","2017-Q3","TP.FINHESTNKS7101.ZP3","73014658"
"TOPLAM","2017-Q3","TP.FINHESTNKS7101.ZP4","4871590.27"
"TOPLAM","2017-Q3","TP.FINHESTNKS7101.ZP5","1795252469.0622"
"TOPLAM","2017-Q3","TP.FINHESTNKS7101.ZP6","142181584.9671"
"TOPLAM","2017-Q3","TP.FINHESTNKS7101.ZP7","509268063.8273"
"TOPLAM","2017-Q3","TP.FINHESTNKS7101.ZP8","1143802820.2678"
"TOPLAM","2017-Q3","TP.FINHESTNKS7101.ZP9","771276506.4979"
"TOPLAM","2017-Q3","TP.FINHESTNKS7101.ZP10","104221315.8968"
"TOPLAM","2017-Q3","TP.FINHESTNKS7101.ZP11","667055190.6012"
"TOPLAM","2017-Q3","TP.FINHESTNKS7101.ZP12","2321483397.4575"
"TOPLAM","2017-Q3","TP.FINHESTNKS7101.ZP13","740376885.1186"
"TOPLAM","2017-Q3","TP.FINHESTNKS7101.ZP14","1581106512.3389"
"TOPLAM","2017-Q3","TP.FINHESTNKS7101.ZP15","413881201.3275"
"TOPLAM","2017-Q3","TP.FINHESTNKS7101.ZP16","369336741.2632"
"TOPLAM","2017-Q3","TP.FINHESTNKS7101.ZP17","44544460.0643"
"TOPLAM","2017-Q3","TP.FINHESTNKS7101.ZP18","17779506.7345"
"TOPLAM","2017-Q3","TP.FINHESTNKS7101.ZP19","26764953.3298"
"TOPLAM","2017-Q3","TP.FINHESTNKS7101.ZP20","124146658.1621"
"TOPLAM","2017-Q3","TP.FINHESTNKS7101.ZP21","25173594.037"
"TOPLAM","2017-Q3","TP.FINHESTNKS7101.ZP22","484472645.3251"
"TOPLAM","2017-Q3","TP.FINHESTNKS7101.ZP23","6013572720.1393"
"TOPLAM","2017-Q3","TP.FINHESTNKS7101.ZP24","5403144"
"TOPLAM","2017-Q3","TP.FINHESTNKS7101.ZP26","5403144"
"TOPLAM","2017-Q3","TP.FINHESTNKS7101.ZP27","1773372922.0074"
"TOPLAM","2017-Q3","TP.FINHESTNKS7101.ZP28","118497360.6902"
"TOPLAM","2017-Q3","TP.FINHESTNKS7101.ZP29","429163727.1073"
"TOPLAM","2017-Q3","TP.FINHESTNKS7101.ZP30","1225711834.2099"
"TOPLAM","2017-Q3","TP.FINHESTNKS7101.ZP31","935392976.4979"
"TOPLAM","2017-Q3","TP.FINHESTNKS7101.ZP32","209743646.2415"
"TOPLAM","2017-Q3","TP.FINHESTNKS7101.ZP33","725649330.2565"
"TOPLAM","2017-Q3","TP.FINHESTNKS7101.ZP34","3114765957.4575"
"TOPLAM","2017-Q3","TP.FINHESTNKS7101.ZP35","824776489.1177"
"TOPLAM","2017-Q3","TP.FINHESTNKS7101.ZP36","2289989468.3398"
"TOPLAM","2017-Q3","TP.FINHESTNKS7101.ZP37","1082199481.3275"
"TOPLAM","2017-Q3","TP.FINHESTNKS7101.ZP38","1037655021.2632"
"TOPLAM","2017-Q3","TP.FINHESTNKS7101.ZP39","44544460.0643"
"TOPLAM","2017-Q3","TP.FINHESTNKS7101.ZP40","13368141.6246"
"TOPLAM","2017-Q3","TP.FINHESTNKS7101.ZP41","31176318.4397"
"TOPLAM","2017-Q3","TP.FINHESTNKS7101.ZP42","124146657.8926"
"TOPLAM","2017-Q3","TP.FINHESTNKS7101.ZP43","17125073.037"
"TOPLAM","2017-Q3","TP.FINHESTNKS7101.ZP44","499998898.7761"
"TOPLAM","2017-Q3","TP.FINHESTNKS7101.ZP45","7552405110.996"
"TOPLAM","2017-Q4","TP.FINHESTNKS7101.ZP1","-1691838139.6966"
"TOPLAM","2017-Q4","TP.FINHESTNKS7101.ZP2","94894828.2"
"TOPLAM","2017-Q4","TP.FINHESTNKS7101.ZP3","89704330"
"TOPLAM","2017-Q4","TP.FINHESTNKS7101.ZP4","5190498.2"
"TOPLAM","2017-Q4","TP.FINHESTNKS7101.ZP5","1778964787.4431"
"TOPLAM","2017-Q4","TP.FINHESTNKS7101.ZP6","143837033.0079"
"TOPLAM","2017-Q4","TP.FINHESTNKS7101.ZP7","530144564.4927"
"TOPLAM","2017-Q4","TP.FINHESTNKS7101.ZP8","1104983189.9425"
"TOPLAM","2017-Q4","TP.FINHESTNKS7101.ZP9","778721425.0355"
"TOPLAM","2017-Q4","TP.FINHESTNKS7101.ZP10","119420398.5834"
"TOPLAM","2017-Q4","TP.FINHESTNKS7101.ZP11","659301026.452"
"TOPLAM","2017-Q4","TP.FINHESTNKS7101.ZP12","2454692655.9201"
"TOPLAM","2017-Q4","TP.FINHESTNKS7101.ZP13","790026258.7764"
"TOPLAM","2017-Q4","TP.FINHESTNKS7101.ZP14","1664666397.1437"
"TOPLAM","2017-Q4","TP.FINHESTNKS7101.ZP15","450906462.5651"
"TOPLAM","2017-Q4","TP.FINHESTNKS7101.ZP16","404920171.8833"
"TOPLAM","2017-Q4","TP.FINHESTNKS7101.ZP17","45986290.6817"
"TOPLAM","2017-Q4","TP.FINHESTNKS7101.ZP18","19009104.0675"
"TOPLAM","2017-Q4","TP.FINHESTNKS7101.ZP19","26977186.6143"
"TOPLAM","2017-Q4","TP.FINHESTNKS7101.ZP20","129376517.1496"
"TOPLAM","2017-Q4","TP.FINHESTNKS7101.ZP21","26517555.697"
"TOPLAM","2017-Q4","TP.FINHESTNKS7101.ZP22","522993772.6168"
"TOPLAM","2017-Q4","TP.FINHESTNKS7101.ZP23","6237068004.6271"
"TOPLAM","2017-Q4","TP.FINHESTNKS7101.ZP24","5805107"
"TOPLAM","2017-Q4","TP.FINHESTNKS7101.ZP26","5805107"
"TOPLAM","2017-Q4","TP.FINHESTNKS7101.ZP27","1732746474.1698"
"TOPLAM","2017-Q4","TP.FINHESTNKS7101.ZP28","118539476.8259"
"TOPLAM","2017-Q4","TP.FINHESTNKS7101.ZP29","442548459.6747"
"TOPLAM","2017-Q4","TP.FINHESTNKS7101.ZP30","1171658537.6692"
"TOPLAM","2017-Q4","TP.FINHESTNKS7101.ZP31","984983395.0355"
"TOPLAM","2017-Q4","TP.FINHESTNKS7101.ZP32","219500056.2808"
"TOPLAM","2017-Q4","TP.FINHESTNKS7101.ZP33","765483338.7547"
"TOPLAM","2017-Q4","TP.FINHESTNKS7101.ZP34","3323627925.9201"
"TOPLAM","2017-Q4","TP.FINHESTNKS7101.ZP35","885785309.5318"
"TOPLAM","2017-Q4","TP.FINHESTNKS7101.ZP36","2437842616.3883"
"TOPLAM","2017-Q4","TP.FINHESTNKS7101.ZP37","1193726922.5651"
"TOPLAM","2017-Q4","TP.FINHESTNKS7101.ZP38","1147740631.8833"
"TOPLAM","2017-Q4","TP.FINHESTNKS7101.ZP39","45986290.6817"
"TOPLAM","2017-Q4","TP.FINHESTNKS7101.ZP40","13875477.5273"
"TOPLAM","2017-Q4","TP.FINHESTNKS7101.ZP41","32110813.1544"
"TOPLAM","2017-Q4","TP.FINHESTNKS7101.ZP42","129376516.6592"
"TOPLAM","2017-Q4","TP.FINHESTNKS7101.ZP43","22140285.697"
"TOPLAM","2017-Q4","TP.FINHESTNKS7101.ZP44","536499517.2771"
"TOPLAM","2017-Q4","TP.FINHESTNKS7101.ZP45","7928906144.3237"
"TOPLAM","2018-Q1","TP.FINHESTNKS7101.ZP1","-1694376914.3966"
"TOPLAM","2018-Q1","TP.FINHESTNKS7101.ZP2","106861832.74"
"TOPLAM","2018-Q1","TP.FINHESTNKS7101.ZP3","101250831"
"TOPLAM","2018-Q1","TP.FINHESTNKS7101.ZP4","5611001.74"
"TOPLAM","2018-Q1","TP.FINHESTNKS7101.ZP5","1864496389.7244"
"TOPLAM","2018-Q1","TP.FINHESTNKS7101.ZP6","145966652.9268"
"TOPLAM","2018-Q1","TP.FINHESTNKS7101.ZP7","535093013.8663"
"TOPLAM","2018-Q1","TP.FINHESTNKS7101.ZP8","1183436722.9283"
"TOPLAM","2018-Q1","TP.FINHESTNKS7101.ZP9","768659282.4322"
"TOPLAM","2018-Q1","TP.FINHESTNKS7101.ZP10","128358505.923"
"TOPLAM","2018-Q1","TP.FINHESTNKS7101.ZP11","640300776.5092"
"TOPLAM","2018-Q1","TP.FINHESTNKS7101.ZP12","2553938636.9924"
"TOPLAM","2018-Q1","TP.FINHESTNKS7101.ZP13","833130799.6456"
"TOPLAM","2018-Q1","TP.FINHESTNKS7101.ZP14","1720807837.3468"
"TOPLAM","2018-Q1","TP.FINHESTNKS7101.ZP15","553051810.3558"
"TOPLAM","2018-Q1","TP.FINHESTNKS7101.ZP16","502169941.0858"
"TOPLAM","2018-Q1","TP.FINHESTNKS7101.ZP17","50881869.27"
"TOPLAM","2018-Q1","TP.FINHESTNKS7101.ZP18","20331701.2307"
"TOPLAM","2018-Q1","TP.FINHESTNKS7101.ZP19","30550168.0393"
"TOPLAM","2018-Q1","TP.FINHESTNKS7101.ZP20","141773232.9449"
"TOPLAM","2018-Q1","TP.FINHESTNKS7101.ZP21","30832844.673"
"TOPLAM","2018-Q1","TP.FINHESTNKS7101.ZP22","548289260.1266"
"TOPLAM","2018-Q1","TP.FINHESTNKS7101.ZP23","6567903289.9891"
"TOPLAM","2018-Q1","TP.FINHESTNKS7101.ZP24","6223890"
"TOPLAM","2018-Q1","TP.FINHESTNKS7101.ZP26","6223890"
"TOPLAM","2018-Q1","TP.FINHESTNKS7101.ZP27","1798039177.8878"
"TOPLAM","2018-Q1","TP.FINHESTNKS7101.ZP28","120044978.9678"
"TOPLAM","2018-Q1","TP.FINHESTNKS7101.ZP29","447585253.8253"
"TOPLAM","2018-Q1","TP.FINHESTNKS7101.ZP30","1230408945.0947"
"TOPLAM","2018-Q1","TP.FINHESTNKS7101.ZP31","1023492342.4322"
"TOPLAM","2018-Q1","TP.FINHESTNKS7101.ZP32","247513795.8231"
"TOPLAM","2018-Q1","TP.FINHESTNKS7101.ZP33","775978546.6091"
"TOPLAM","2018-Q1","TP.FINHESTNKS7101.ZP34","3481465776.9924"
"TOPLAM","2018-Q1","TP.FINHESTNKS7101.ZP35","933671464.6805"
"TOPLAM","2018-Q1","TP.FINHESTNKS7101.ZP36","2547794312.3118"
"TOPLAM","2018-Q1","TP.FINHESTNKS7101.ZP37","1234914415.3558"
"TOPLAM","2018-Q1","TP.FINHESTNKS7101.ZP38","1184032546.0858"
"TOPLAM","2018-Q1","TP.FINHESTNKS7101.ZP39","50881869.27"
"TOPLAM","2018-Q1","TP.FINHESTNKS7101.ZP40","14646182.1546"
"TOPLAM","2018-Q1","TP.FINHESTNKS7101.ZP41","36235687.1154"
"TOPLAM","2018-Q1","TP.FINHESTNKS7101.ZP42","141773232.9449"
"TOPLAM","2018-Q1","TP.FINHESTNKS7101.ZP43","21726335.673"
"TOPLAM","2018-Q1","TP.FINHESTNKS7101.ZP44","554645033.0997"
"TOPLAM","2018-Q1","TP.FINHESTNKS7101.ZP45","8262280204.3858"
"TOPLAM","2018-Q2","TP.FINHESTNKS7101.ZP1","-1742614992.0688"
"TOPLAM","2018-Q2","TP.FINHESTNKS7101.ZP2","111486782.07"
"TOPLAM","2018-Q2","TP.FINHESTNKS7101.ZP3","105233059"
"TOPLAM","2018-Q2","TP.FINHESTNKS7101.ZP4","6253723.07"
"TOPLAM","2018-Q2","TP.FINHESTNKS7101.ZP5","2150220705.2849"
"TOPLAM","2018-Q2","TP.FINHESTNKS7101.ZP6","160607232.9159"
"TOPLAM","2018-Q2","TP.FINHESTNKS7101.ZP7","598512246.4407"
"TOPLAM","2018-Q2","TP.FINHESTNKS7101.ZP8","1391101225.9253"
"TOPLAM","2018-Q2","TP.FINHESTNKS7101.ZP9","745508765.1059"
"TOPLAM","2018-Q2","TP.FINHESTNKS7101.ZP10","130670368.1382"
"TOPLAM","2018-Q2","TP.FINHESTNKS7101.ZP11","614838396.9677"
"TOPLAM","2018-Q2","TP.FINHESTNKS7101.ZP12","2643135748.0419"
"TOPLAM","2018-Q2","TP.FINHESTNKS7101.ZP13","859995352.3328"
"TOPLAM","2018-Q2","TP.FINHESTNKS7101.ZP14","1783140395.709"
"TOPLAM","2018-Q2","TP.FINHESTNKS7101.ZP15","576448664.1041"
"TOPLAM","2018-Q2","TP.FINHESTNKS7101.ZP16","527559033.7222"
"TOPLAM","2018-Q2","TP.FINHESTNKS7101.ZP17","48889630.382"
"TOPLAM","2018-Q2","TP.FINHESTNKS7101.ZP18","20393679.9945"
"TOPLAM","2018-Q2","TP.FINHESTNKS7101.ZP19","28495950.3874"
"TOPLAM","2018-Q2","TP.FINHESTNKS7101.ZP20","145074272.2643"
"TOPLAM","2018-Q2","TP.FINHESTNKS7101.ZP21","56726134.452"
"TOPLAM","2018-Q2","TP.FINHESTNKS7101.ZP22","583797463.648"
"TOPLAM","2018-Q2","TP.FINHESTNKS7101.ZP23","7012398534.971"
"TOPLAM","2018-Q2","TP.FINHESTNKS7101.ZP24","6937396"
"TOPLAM","2018-Q2","TP.FINHESTNKS7101.ZP26","6937396"
"TOPLAM","2018-Q2","TP.FINHESTNKS7101.ZP27","2048319792.0741"
"TOPLAM","2018-Q2","TP.FINHESTNKS7101.ZP28","134651980.6489"
"TOPLAM","2018-Q2","TP.FINHESTNKS7101.ZP29","494112162.7077"
"TOPLAM","2018-Q2","TP.FINHESTNKS7101.ZP30","1419555648.7175"
"TOPLAM","2018-Q2","TP.FINHESTNKS7101.ZP31","1059253661.1059"
"TOPLAM","2018-Q2","TP.FINHESTNKS7101.ZP32","264790290.7949"
"TOPLAM","2018-Q2","TP.FINHESTNKS7101.ZP33","794463370.311"
"TOPLAM","2018-Q2","TP.FINHESTNKS7101.ZP34","3684732676.0419"
"TOPLAM","2018-Q2","TP.FINHESTNKS7101.ZP35","965956786.4251"
"TOPLAM","2018-Q2","TP.FINHESTNKS7101.ZP36","2718775889.6168"
"TOPLAM","2018-Q2","TP.FINHESTNKS7101.ZP37","1178244248.1041"
"TOPLAM","2018-Q2","TP.FINHESTNKS7101.ZP38","1129354617.7222"
"TOPLAM","2018-Q2","TP.FINHESTNKS7101.ZP39","48889630.382"
"TOPLAM","2018-Q2","TP.FINHESTNKS7101.ZP40","14275333.4915"
"TOPLAM","2018-Q2","TP.FINHESTNKS7101.ZP41","34614296.8905"
"TOPLAM","2018-Q2","TP.FINHESTNKS7101.ZP42","145074272.2643"
"TOPLAM","2018-Q2","TP.FINHESTNKS7101.ZP43","43128718.452"
"TOPLAM","2018-Q2","TP.FINHESTNKS7101.ZP44","589322762.9975"
"TOPLAM","2018-Q2","TP.FINHESTNKS7101.ZP45","8755013527.0398"
"TOPLAM","2018-Q3","TP.FINHESTNKS7101.ZP1","-1896408567.5598"
"TOPLAM","2018-Q3","TP.FINHESTNKS7101.ZP2","115560048.15"
"TOPLAM","2018-Q3","TP.FINHESTNKS7101.ZP3","107329868"
"TOPLAM","2018-Q3","TP.FINHESTNKS7101.ZP4","8230180.15"
"TOPLAM","2018-Q3","TP.FINHESTNKS7101.ZP5","2525311732.8314"
"TOPLAM","2018-Q3","TP.FINHESTNKS7101.ZP6","190236804.0535"
"TOPLAM","2018-Q3","TP.FINHESTNKS7101.ZP7","687630737.5587"
"TOPLAM","2018-Q3","TP.FINHESTNKS7101.ZP8","1647444191.2123"
"TOPLAM","2018-Q3","TP.FINHESTNKS7101.ZP9","769339016.9841"
"TOPLAM","2018-Q3","TP.FINHESTNKS7101.ZP10","128452326.0487"
"TOPLAM","2018-Q3","TP.FINHESTNKS7101.ZP11","640886690.9354"
"TOPLAM","2018-Q3","TP.FINHESTNKS7101.ZP12","2996692804.5683"
"TOPLAM","2018-Q3","TP.FINHESTNKS7101.ZP13","1049224524.8353"
"TOPLAM","2018-Q3","TP.FINHESTNKS7101.ZP14","1947468279.733"
"TOPLAM","2018-Q3","TP.FINHESTNKS7101.ZP15","649916312.4615"
"TOPLAM","2018-Q3","TP.FINHESTNKS7101.ZP16","607789652.1132"
"TOPLAM","2018-Q3","TP.FINHESTNKS7101.ZP17","42126660.3483"
"TOPLAM","2018-Q3","TP.FINHESTNKS7101.ZP18","17988230.6318"
"TOPLAM","2018-Q3","TP.FINHESTNKS7101.ZP19","24138429.7165"
"TOPLAM","2018-Q3","TP.FINHESTNKS7101.ZP20","153375351.6845"
"TOPLAM","2018-Q3","TP.FINHESTNKS7101.ZP21","115721668.3"
"TOPLAM","2018-Q3","TP.FINHESTNKS7101.ZP22","692424250.0647"
"TOPLAM","2018-Q3","TP.FINHESTNKS7101.ZP23","8018341185.0445"
"TOPLAM","2018-Q3","TP.FINHESTNKS7101.ZP24","9130622"
"TOPLAM","2018-Q3","TP.FINHESTNKS7101.ZP26","9130622"
"TOPLAM","2018-Q3","TP.FINHESTNKS7101.ZP27","2291186716.721"
"TOPLAM","2018-Q3","TP.FINHESTNKS7101.ZP28","139298415.0555"
"TOPLAM","2018-Q3","TP.FINHESTNKS7101.ZP29","525779295.5567"
"TOPLAM","2018-Q3","TP.FINHESTNKS7101.ZP30","1626109006.1088"
"TOPLAM","2018-Q3","TP.FINHESTNKS7101.ZP31","1219502591.9841"
"TOPLAM","2018-Q3","TP.FINHESTNKS7101.ZP32","253703519.2199"
"TOPLAM","2018-Q3","TP.FINHESTNKS7101.ZP33","965799072.7642"
"TOPLAM","2018-Q3","TP.FINHESTNKS7101.ZP34","4307021704.5683"
"TOPLAM","2018-Q3","TP.FINHESTNKS7101.ZP35","1150096103.4076"
"TOPLAM","2018-Q3","TP.FINHESTNKS7101.ZP36","3156925601.1607"
"TOPLAM","2018-Q3","TP.FINHESTNKS7101.ZP37","1161807962.4615"
"TOPLAM","2018-Q3","TP.FINHESTNKS7101.ZP38","1119681302.1132"
"TOPLAM","2018-Q3","TP.FINHESTNKS7101.ZP39","42126660.3483"
"TOPLAM","2018-Q3","TP.FINHESTNKS7101.ZP40","12484326.2332"
"TOPLAM","2018-Q3","TP.FINHESTNKS7101.ZP41","29642334.1151"
"TOPLAM","2018-Q3","TP.FINHESTNKS7101.ZP42","153375351.6845"
"TOPLAM","2018-Q3","TP.FINHESTNKS7101.ZP43","90824442.3"
"TOPLAM","2018-Q3","TP.FINHESTNKS7101.ZP44","681900360.885"
"TOPLAM","2018-Q3","TP.FINHESTNKS7101.ZP45","9914749752.6043"
"TOPLAM","2018-Q4","TP.FINHESTNKS7101.ZP1","-1783817435.9682"
"TOPLAM","2018-Q4","TP.FINHESTNKS7101.ZP2","112993849.48"
"TOPLAM","2018-Q4","TP.FINHESTNKS7101.ZP3","105904019"
"TOPLAM","2018-Q4","TP.FINHESTNKS7101.ZP4","7089830.48"
"TOPLAM","2018-Q4","TP.FINHESTNKS7101.ZP5","2404741958.5508"
"TOPLAM","2018-Q4","TP.FINHESTNKS7101.ZP6","163247548.6834"
"TOPLAM","2018-Q4","TP.FINHESTNKS7101.ZP7","620591645.2366"
"TOPLAM","2018-Q4","TP.FINHESTNKS7101.ZP8","1620902764.6236"
"TOPLAM","2018-Q4","TP.FINHESTNKS7101.ZP9","741562297.6797"
"TOPLAM","2018-Q4","TP.FINHESTNKS7101.ZP10","125772799.554"
"TOPLAM","2018-Q4","TP.FINHESTNKS7101.ZP11","615789498.1257"
"TOPLAM","2018-Q4","TP.FINHESTNKS7101.ZP12","2766037491.4684"
"TOPLAM","2018-Q4","TP.FINHESTNKS7101.ZP13","1018159815.4359"
"TOPLAM","2018-Q4","TP.FINHESTNKS7101.ZP14","1747877676.0325"
"TOPLAM","2018-Q4","TP.FINHESTNKS7101.ZP15","608627869.0139"
"TOPLAM","2018-Q4","TP.FINHESTNKS7101.ZP16","571083332.0041"
"TOPLAM","2018-Q4","TP.FINHESTNKS7101.ZP17","37544537.0098"
"TOPLAM","2018-Q4","TP.FINHESTNKS7101.ZP18","15383890.5458"
"TOPLAM","2018-Q4","TP.FINHESTNKS7101.ZP19","22160646.464"
"TOPLAM","2018-Q4","TP.FINHESTNKS7101.ZP20","160193632.8441"
"TOPLAM","2018-Q4","TP.FINHESTNKS7101.ZP21","56502644.998"
"TOPLAM","2018-Q4","TP.FINHESTNKS7101.ZP22","713287047.0936"
"TOPLAM","2018-Q4","TP.FINHESTNKS7101.ZP23","7563946791.1286"
"TOPLAM","2018-Q4","TP.FINHESTNKS7101.ZP24","7844169"
"TOPLAM","2018-Q4","TP.FINHESTNKS7101.ZP26","7844169"
"TOPLAM","2018-Q4","TP.FINHESTNKS7101.ZP27","2151113509.6865"
"TOPLAM","2018-Q4","TP.FINHESTNKS7101.ZP28","119188910.8784"
"TOPLAM","2018-Q4","TP.FINHESTNKS7101.ZP29","492387552.0416"
"TOPLAM","2018-Q4","TP.FINHESTNKS7101.ZP30","1539537046.7665"
"TOPLAM","2018-Q4","TP.FINHESTNKS7101.ZP31","1192591517.6797"
"TOPLAM","2018-Q4","TP.FINHESTNKS7101.ZP32","215861043.9247"
"TOPLAM","2018-Q4","TP.FINHESTNKS7101.ZP33","976730473.755"
"TOPLAM","2018-Q4","TP.FINHESTNKS7101.ZP34","3872757271.4684"
"TOPLAM","2018-Q4","TP.FINHESTNKS7101.ZP35","1083211775.0416"
"TOPLAM","2018-Q4","TP.FINHESTNKS7101.ZP36","2789545496.4267"
"TOPLAM","2018-Q4","TP.FINHESTNKS7101.ZP37","1245882129.0139"
"TOPLAM","2018-Q4","TP.FINHESTNKS7101.ZP38","1208337592.0041"
"TOPLAM","2018-Q4","TP.FINHESTNKS7101.ZP39","37544537.0098"
"TOPLAM","2018-Q4","TP.FINHESTNKS7101.ZP40","9235703.4101"
"TOPLAM","2018-Q4","TP.FINHESTNKS7101.ZP41","28308833.5998"
"TOPLAM","2018-Q4","TP.FINHESTNKS7101.ZP42","160193632.8441"
"TOPLAM","2018-Q4","TP.FINHESTNKS7101.ZP43","48975549.998"
"TOPLAM","2018-Q4","TP.FINHESTNKS7101.ZP44","668406447.4062"
"TOPLAM","2018-Q4","TP.FINHESTNKS7101.ZP45","9347764227.0968"
"TOPLAM","2019-Q1","TP.FINHESTNKS7101.ZP1","-1661421876.7807"
"TOPLAM","2019-Q1","TP.FINHESTNKS7101.ZP2","123728878"
"TOPLAM","2019-Q1","TP.FINHESTNKS7101.ZP3","115470319"
"TOPLAM","2019-Q1","TP.FINHESTNKS7101.ZP4","8258559"
"TOPLAM","2019-Q1","TP.FINHESTNKS7101.ZP5","2687066197.5294"
"TOPLAM","2019-Q1","TP.FINHESTNKS7101.ZP6","161336823.5575"
"TOPLAM","2019-Q1","TP.FINHESTNKS7101.ZP7","759470624.4345"
"TOPLAM","2019-Q1","TP.FINHESTNKS7101.ZP8","1766258749.5374"
"TOPLAM","2019-Q1","TP.FINHESTNKS7101.ZP9","819835219.7355"
"TOPLAM","2019-Q1","TP.FINHESTNKS7101.ZP10","152656663.8282"
"TOPLAM","2019-Q1","TP.FINHESTNKS7101.ZP11","667178555.9288"
"TOPLAM","2019-Q1","TP.FINHESTNKS7101.ZP12","2840821572.9362"
"TOPLAM","2019-Q1","TP.FINHESTNKS7101.ZP13","1021521908.6233"
"TOPLAM","2019-Q1","TP.FINHESTNKS7101.ZP14","1819299664.3128"
"TOPLAM","2019-Q1","TP.FINHESTNKS7101.ZP15","654164537.4235"
"TOPLAM","2019-Q1","TP.FINHESTNKS7101.ZP16","598695288.3757"
"TOPLAM","2019-Q1","TP.FINHESTNKS7101.ZP17","55469249.0478"
"TOPLAM","2019-Q1","TP.FINHESTNKS7101.ZP18","33891596.5288"
"TOPLAM","2019-Q1","TP.FINHESTNKS7101.ZP19","21577652.519"
"TOPLAM","2019-Q1","TP.FINHESTNKS7101.ZP20","168788676.7985"
"TOPLAM","2019-Q1","TP.FINHESTNKS7101.ZP21","65479223"
"TOPLAM","2019-Q1","TP.FINHESTNKS7101.ZP22","682059351.7217"
"TOPLAM","2019-Q1","TP.FINHESTNKS7101.ZP23","8041943657.1448"
"TOPLAM","2019-Q1","TP.FINHESTNKS7101.ZP24","8258559"
"TOPLAM","2019-Q1","TP.FINHESTNKS7101.ZP26","8258559"
"TOPLAM","2019-Q1","TP.FINHESTNKS7101.ZP27","2320451791.1155"
"TOPLAM","2019-Q1","TP.FINHESTNKS7101.ZP28","120771285.7251"
"TOPLAM","2019-Q1","TP.FINHESTNKS7101.ZP29","579438672.0475"
"TOPLAM","2019-Q1","TP.FINHESTNKS7101.ZP30","1620241833.3429"
"TOPLAM","2019-Q1","TP.FINHESTNKS7101.ZP31","1296197829.7355"
"TOPLAM","2019-Q1","TP.FINHESTNKS7101.ZP32","260273337.8481"
"TOPLAM","2019-Q1","TP.FINHESTNKS7101.ZP33","1035924491.8874"
"TOPLAM","2019-Q1","TP.FINHESTNKS7101.ZP34","3983199574.9362"
"TOPLAM","2019-Q1","TP.FINHESTNKS7101.ZP35","1084775707.2223"
"TOPLAM","2019-Q1","TP.FINHESTNKS7101.ZP36","2898423867.7139"
"TOPLAM","2019-Q1","TP.FINHESTNKS7101.ZP37","1227761537.4235"
"TOPLAM","2019-Q1","TP.FINHESTNKS7101.ZP38","1172292288.3757"
"TOPLAM","2019-Q1","TP.FINHESTNKS7101.ZP39","55469249.0478"
"TOPLAM","2019-Q1","TP.FINHESTNKS7101.ZP40","28869931.8638"
"TOPLAM","2019-Q1","TP.FINHESTNKS7101.ZP41","26599317.184"
"TOPLAM","2019-Q1","TP.FINHESTNKS7101.ZP42","168788676.7985"
"TOPLAM","2019-Q1","TP.FINHESTNKS7101.ZP43","46351807"
"TOPLAM","2019-Q1","TP.FINHESTNKS7101.ZP44","652355757.9164"
"TOPLAM","2019-Q1","TP.FINHESTNKS7101.ZP45","9703365533.9255"
"TOPLAM","2019-Q2","TP.FINHESTNKS7101.ZP1","-1704741608.6714"
"TOPLAM","2019-Q2","TP.FINHESTNKS7101.ZP2","140374341"
"TOPLAM","2019-Q2","TP.FINHESTNKS7101.ZP3","131781955"
"TOPLAM","2019-Q2","TP.FINHESTNKS7101.ZP4","8592386"
"TOPLAM","2019-Q2","TP.FINHESTNKS7101.ZP5","2712653895.3155"
"TOPLAM","2019-Q2","TP.FINHESTNKS7101.ZP6","177972780.3"
"TOPLAM","2019-Q2","TP.FINHESTNKS7101.ZP7","776021005.8692"
"TOPLAM","2019-Q2","TP.FINHESTNKS7101.ZP8","1758660109.1463"
"TOPLAM","2019-Q2","TP.FINHESTNKS7101.ZP9","951576317.3629"
"TOPLAM","2019-Q2","TP.FINHESTNKS7101.ZP10","189940647.4098"
"TOPLAM","2019-Q2","TP.FINHESTNKS7101.ZP11","761635669.9531"
"TOPLAM","2019-Q2","TP.FINHESTNKS7101.ZP12","2867468195.6821"
"TOPLAM","2019-Q2","TP.FINHESTNKS7101.ZP13","1098197835.6485"
"TOPLAM","2019-Q2","TP.FINHESTNKS7101.ZP14","1769270360.0336"
"TOPLAM","2019-Q2","TP.FINHESTNKS7101.ZP15","688204231.385"
"TOPLAM","2019-Q2","TP.FINHESTNKS7101.ZP16","628524226.3567"
"TOPLAM","2019-Q2","TP.FINHESTNKS7101.ZP17","59680005.0282"
"TOPLAM","2019-Q2","TP.FINHESTNKS7101.ZP18","38596545.487"
"TOPLAM","2019-Q2","TP.FINHESTNKS7101.ZP19","21083459.5412"
"TOPLAM","2019-Q2","TP.FINHESTNKS7101.ZP20","181558230.7151"
"TOPLAM","2019-Q2","TP.FINHESTNKS7101.ZP21","49767544.998"
"TOPLAM","2019-Q2","TP.FINHESTNKS7101.ZP22","698462021.5295"
"TOPLAM","2019-Q2","TP.FINHESTNKS7101.ZP23","8290064777.988"
"TOPLAM","2019-Q2","TP.FINHESTNKS7101.ZP24","8592386"
"TOPLAM","2019-Q2","TP.FINHESTNKS7101.ZP26","8592386"
"TOPLAM","2019-Q2","TP.FINHESTNKS7101.ZP27","2338257067.4452"
"TOPLAM","2019-Q2","TP.FINHESTNKS7101.ZP28","129698314.8602"
"TOPLAM","2019-Q2","TP.FINHESTNKS7101.ZP29","593218672.3409"
"TOPLAM","2019-Q2","TP.FINHESTNKS7101.ZP30","1615340080.2441"
"TOPLAM","2019-Q2","TP.FINHESTNKS7101.ZP31","1400110509.3629"
"TOPLAM","2019-Q2","TP.FINHESTNKS7101.ZP32","306071991.6031"
"TOPLAM","2019-Q2","TP.FINHESTNKS7101.ZP33","1094038517.7598"
"TOPLAM","2019-Q2","TP.FINHESTNKS7101.ZP34","4037252242.6821"
"TOPLAM","2019-Q2","TP.FINHESTNKS7101.ZP35","1181026653.5673"
"TOPLAM","2019-Q2","TP.FINHESTNKS7101.ZP36","2856225589.1148"
"TOPLAM","2019-Q2","TP.FINHESTNKS7101.ZP37","1303156742.385"
"TOPLAM","2019-Q2","TP.FINHESTNKS7101.ZP38","1243476737.3567"
"TOPLAM","2019-Q2","TP.FINHESTNKS7101.ZP39","59680005.0282"
"TOPLAM","2019-Q2","TP.FINHESTNKS7101.ZP40","34009510.6183"
"TOPLAM","2019-Q2","TP.FINHESTNKS7101.ZP41","25670494.41"
"TOPLAM","2019-Q2","TP.FINHESTNKS7101.ZP42","181558230.7151"
"TOPLAM","2019-Q2","TP.FINHESTNKS7101.ZP43","45288034.998"
"TOPLAM","2019-Q2","TP.FINHESTNKS7101.ZP44","680591173.0711"
"TOPLAM","2019-Q2","TP.FINHESTNKS7101.ZP45","9994806386.6594"
"TOPLAM","2019-Q3","TP.FINHESTNKS7101.ZP1","-1732965619.3446"
"TOPLAM","2019-Q3","TP.FINHESTNKS7101.ZP2","154679916"
"TOPLAM","2019-Q3","TP.FINHESTNKS7101.ZP3","146404108"
"TOPLAM","2019-Q3","TP.FINHESTNKS7101.ZP4","8275808"
"TOPLAM","2019-Q3","TP.FINHESTNKS7101.ZP5","2852294644.5845"
"TOPLAM","2019-Q3","TP.FINHESTNKS7101.ZP6","183047192.6009"
"TOPLAM","2019-Q3","TP.FINHESTNKS7101.ZP7","835719880.9575"
"TOPLAM","2019-Q3","TP.FINHESTNKS7101.ZP8","1833527571.0261"
"TOPLAM","2019-Q3","TP.FINHESTNKS7101.ZP9","1031446779.3764"
"TOPLAM","2019-Q3","TP.FINHESTNKS7101.ZP10","188866662.0904"
"TOPLAM","2019-Q3","TP.FINHESTNKS7101.ZP11","842580117.2861"
"TOPLAM","2019-Q3","TP.FINHESTNKS7101.ZP12","2845029110.5262"
"TOPLAM","2019-Q3","TP.FINHESTNKS7101.ZP13","1092785441.9056"
"TOPLAM","2019-Q3","TP.FINHESTNKS7101.ZP14","1752243668.6206"
"TOPLAM","2019-Q3","TP.FINHESTNKS7101.ZP15","711491722.4657"
"TOPLAM","2019-Q3","TP.FINHESTNKS7101.ZP16","643449908.6808"
"TOPLAM","2019-Q3","TP.FINHESTNKS7101.ZP17","68041813.7848"
"TOPLAM","2019-Q3","TP.FINHESTNKS7101.ZP18","40745365.486"
"TOPLAM","2019-Q3","TP.FINHESTNKS7101.ZP19","27296448.2989"
"TOPLAM","2019-Q3","TP.FINHESTNKS7101.ZP20","184747738.7258"
"TOPLAM","2019-Q3","TP.FINHESTNKS7101.ZP21","46597839.431"
"TOPLAM","2019-Q3","TP.FINHESTNKS7101.ZP22","737444109.8495"
"TOPLAM","2019-Q3","TP.FINHESTNKS7101.ZP23","8563731860.959"
"TOPLAM","2019-Q3","TP.FINHESTNKS7101.ZP24","8275808"
"TOPLAM","2019-Q3","TP.FINHESTNKS7101.ZP26","8275808"
"TOPLAM","2019-Q3","TP.FINHESTNKS7101.ZP27","2476648366.4298"
"TOPLAM","2019-Q3","TP.FINHESTNKS7101.ZP28","138120214.6656"
"TOPLAM","2019-Q3","TP.FINHESTNKS7101.ZP29","649027701.7411"
"TOPLAM","2019-Q3","TP.FINHESTNKS7101.ZP30","1689500450.023"
"TOPLAM","2019-Q3","TP.FINHESTNKS7101.ZP31","1452551728.5764"
"TOPLAM","2019-Q3","TP.FINHESTNKS7101.ZP32","294942476.5776"
"TOPLAM","2019-Q3","TP.FINHESTNKS7101.ZP33","1157609251.9989"
"TOPLAM","2019-Q3","TP.FINHESTNKS7101.ZP34","3942277668.6262"
"TOPLAM","2019-Q3","TP.FINHESTNKS7101.ZP35","1162502387.8236"
"TOPLAM","2019-Q3","TP.FINHESTNKS7101.ZP36","2779775280.8026"
"TOPLAM","2019-Q3","TP.FINHESTNKS7101.ZP37","1470048804.6657"
"TOPLAM","2019-Q3","TP.FINHESTNKS7101.ZP38","1402006990.8808"
"TOPLAM","2019-Q3","TP.FINHESTNKS7101.ZP39","68041813.7848"
"TOPLAM","2019-Q3","TP.FINHESTNKS7101.ZP40","35544142.6562"
"TOPLAM","2019-Q3","TP.FINHESTNKS7101.ZP41","32497671.1286"
"TOPLAM","2019-Q3","TP.FINHESTNKS7101.ZP42","184747738.7258"
"TOPLAM","2019-Q3","TP.FINHESTNKS7101.ZP43","52205786.431"
"TOPLAM","2019-Q3","TP.FINHESTNKS7101.ZP44","709941578.8489"
"TOPLAM","2019-Q3","TP.FINHESTNKS7101.ZP45","10296697480.3037"
"TOPLAM","2019-Q4","TP.FINHESTNKS7101.ZP1","-1758586789.5375"
"TOPLAM","2019-Q4","TP.FINHESTNKS7101.ZP2","169712621"
"TOPLAM","2019-Q4","TP.FINHESTNKS7101.ZP3","160904576"
"TOPLAM","2019-Q4","TP.FINHESTNKS7101.ZP4","8808045"
"TOPLAM","2019-Q4","TP.FINHESTNKS7101.ZP5","3057575628.8958"
"TOPLAM","2019-Q4","TP.FINHESTNKS7101.ZP6","190130265.9918"
"TOPLAM","2019-Q4","TP.FINHESTNKS7101.ZP7","905779112.0411"
"TOPLAM","2019-Q4","TP.FINHESTNKS7101.ZP8","1961666250.8629"
"TOPLAM","2019-Q4","TP.FINHESTNKS7101.ZP9","1183634283.0667"
"TOPLAM","2019-Q4","TP.FINHESTNKS7101.ZP10","214138952.7049"
"TOPLAM","2019-Q4","TP.FINHESTNKS7101.ZP11","969495330.3619"
"TOPLAM","2019-Q4","TP.FINHESTNKS7101.ZP12","2982828825.9239"
"TOPLAM","2019-Q4","TP.FINHESTNKS7101.ZP13","1090389119.3348"
"TOPLAM","2019-Q4","TP.FINHESTNKS7101.ZP14","1892439706.5891"
"TOPLAM","2019-Q4","TP.FINHESTNKS7101.ZP15","788224218.7234"
"TOPLAM","2019-Q4","TP.FINHESTNKS7101.ZP16","706207287.1827"
"TOPLAM","2019-Q4","TP.FINHESTNKS7101.ZP17","82016931.5408"
"TOPLAM","2019-Q4","TP.FINHESTNKS7101.ZP18","46061974.672"
"TOPLAM","2019-Q4","TP.FINHESTNKS7101.ZP19","35954956.8687"
"TOPLAM","2019-Q4","TP.FINHESTNKS7101.ZP20","203057263.8434"
"TOPLAM","2019-Q4","TP.FINHESTNKS7101.ZP21","43109242.1292"
"TOPLAM","2019-Q4","TP.FINHESTNKS7101.ZP22","777326950.5111"
"TOPLAM","2019-Q4","TP.FINHESTNKS7101.ZP23","9205469034.0936"
"TOPLAM","2019-Q4","TP.FINHESTNKS7101.ZP24","8808045"
"TOPLAM","2019-Q4","TP.FINHESTNKS7101.ZP26","8808045"
"TOPLAM","2019-Q4","TP.FINHESTNKS7101.ZP27","2683544353.3418"
"TOPLAM","2019-Q4","TP.FINHESTNKS7101.ZP28","140770888.1559"
"TOPLAM","2019-Q4","TP.FINHESTNKS7101.ZP29","713281941.3809"
"TOPLAM","2019-Q4","TP.FINHESTNKS7101.ZP30","1829491523.805"
"TOPLAM","2019-Q4","TP.FINHESTNKS7101.ZP31","1576862283.0667"
"TOPLAM","2019-Q4","TP.FINHESTNKS7101.ZP32","214922384.3921"
"TOPLAM","2019-Q4","TP.FINHESTNKS7101.ZP33","1361939898.6747"
"TOPLAM","2019-Q4","TP.FINHESTNKS7101.ZP34","4097642085.9239"
"TOPLAM","2019-Q4","TP.FINHESTNKS7101.ZP35","1139094426.5059"
"TOPLAM","2019-Q4","TP.FINHESTNKS7101.ZP36","2958547659.418"
"TOPLAM","2019-Q4","TP.FINHESTNKS7101.ZP37","1604843538.7234"
"TOPLAM","2019-Q4","TP.FINHESTNKS7101.ZP38","1522826607.1827"
"TOPLAM","2019-Q4","TP.FINHESTNKS7101.ZP39","82016931.5408"
"TOPLAM","2019-Q4","TP.FINHESTNKS7101.ZP40","39654498.0535"
"TOPLAM","2019-Q4","TP.FINHESTNKS7101.ZP41","42362433.4873"
"TOPLAM","2019-Q4","TP.FINHESTNKS7101.ZP42","203057263.8434"
"TOPLAM","2019-Q4","TP.FINHESTNKS7101.ZP43","39838181.1292"
"TOPLAM","2019-Q4","TP.FINHESTNKS7101.ZP44","749460072.6026"
"TOPLAM","2019-Q4","TP.FINHESTNKS7101.ZP45","10964055823.6311"
"TOPLAM","2020-Q1","TP.FINHESTNKS7101.ZP1","-1616000060.4572"
"TOPLAM","2020-Q1","TP.FINHESTNKS7101.ZP2","214231183"
"TOPLAM","2020-Q1","TP.FINHESTNKS7101.ZP3","204653067"
"TOPLAM","2020-Q1","TP.FINHESTNKS7101.ZP4","9578116"
"TOPLAM","2020-Q1","TP.FINHESTNKS7101.ZP5","3307083506.0373"
"TOPLAM","2020-Q1","TP.FINHESTNKS7101.ZP6","209776516.2407"
"TOPLAM","2020-Q1","TP.FINHESTNKS7101.ZP7","939799666.3591"
"TOPLAM","2020-Q1","TP.FINHESTNKS7101.ZP8","2157507323.4374"
"TOPLAM","2020-Q1","TP.FINHESTNKS7101.ZP9","1302834800.9416"
"TOPLAM","2020-Q1","TP.FINHESTNKS7101.ZP10","189941486.1878"
"TOPLAM","2020-Q1","TP.FINHESTNKS7101.ZP11","1112893314.7538"
"TOPLAM","2020-Q1","TP.FINHESTNKS7101.ZP12","3283300102.4442"
"TOPLAM","2020-Q1","TP.FINHESTNKS7101.ZP13","1132144448.853"
"TOPLAM","2020-Q1","TP.FINHESTNKS7101.ZP14","2151155653.5913"
"TOPLAM","2020-Q1","TP.FINHESTNKS7101.ZP15","750535752.428"
"TOPLAM","2020-Q1","TP.FINHESTNKS7101.ZP16","629847526.7922"
"TOPLAM","2020-Q1","TP.FINHESTNKS7101.ZP17","120688225.6358"
"TOPLAM","2020-Q1","TP.FINHESTNKS7101.ZP18","37843573.0675"
"TOPLAM","2020-Q1","TP.FINHESTNKS7101.ZP19","82844652.5684"
"TOPLAM","2020-Q1","TP.FINHESTNKS7101.ZP20","220548767.8916"
"TOPLAM","2020-Q1","TP.FINHESTNKS7101.ZP21","60541844.0055"
"TOPLAM","2020-Q1","TP.FINHESTNKS7101.ZP22","805719130.8163"
"TOPLAM","2020-Q1","TP.FINHESTNKS7101.ZP23","9944795087.5645"
"TOPLAM","2020-Q1","TP.FINHESTNKS7101.ZP24","9578116"
"TOPLAM","2020-Q1","TP.FINHESTNKS7101.ZP26","9578116"
"TOPLAM","2020-Q1","TP.FINHESTNKS7101.ZP27","3044610337.5799"
"TOPLAM","2020-Q1","TP.FINHESTNKS7101.ZP28","164086777.1511"
"TOPLAM","2020-Q1","TP.FINHESTNKS7101.ZP29","734371385.1155"
"TOPLAM","2020-Q1","TP.FINHESTNKS7101.ZP30","2146152175.3133"
"TOPLAM","2020-Q1","TP.FINHESTNKS7101.ZP31","1651356092.9416"
"TOPLAM","2020-Q1","TP.FINHESTNKS7101.ZP32","190659720.9456"
"TOPLAM","2020-Q1","TP.FINHESTNKS7101.ZP33","1460696371.996"
"TOPLAM","2020-Q1","TP.FINHESTNKS7101.ZP34","4432513990.4442"
"TOPLAM","2020-Q1","TP.FINHESTNKS7101.ZP35","1170798258.3339"
"TOPLAM","2020-Q1","TP.FINHESTNKS7101.ZP36","3261715732.1103"
"TOPLAM","2020-Q1","TP.FINHESTNKS7101.ZP37","1364623140.428"
"TOPLAM","2020-Q1","TP.FINHESTNKS7101.ZP38","1243934914.7922"
"TOPLAM","2020-Q1","TP.FINHESTNKS7101.ZP39","120688225.6358"
"TOPLAM","2020-Q1","TP.FINHESTNKS7101.ZP40","35655911.7097"
"TOPLAM","2020-Q1","TP.FINHESTNKS7101.ZP41","85032313.9262"
"TOPLAM","2020-Q1","TP.FINHESTNKS7101.ZP42","220548767.8916"
"TOPLAM","2020-Q1","TP.FINHESTNKS7101.ZP43","59393097.0055"
"TOPLAM","2020-Q1","TP.FINHESTNKS7101.ZP44","778171605.7308"
"TOPLAM","2020-Q1","TP.FINHESTNKS7101.ZP45","11560795148.0217"
"TOPLAM","2020-Q2","TP.FINHESTNKS7101.ZP1","-1961725141.3245"
"TOPLAM","2020-Q2","TP.FINHESTNKS7101.ZP2","277428330"
"TOPLAM","2020-Q2","TP.FINHESTNKS7101.ZP3","267310799"
"TOPLAM","2020-Q2","TP.FINHESTNKS7101.ZP4","10117531"
"TOPLAM","2020-Q2","TP.FINHESTNKS7101.ZP5","3712952326.5759"
"TOPLAM","2020-Q2","TP.FINHESTNKS7101.ZP6","256233852.317"
"TOPLAM","2020-Q2","TP.FINHESTNKS7101.ZP7","1173384700.6832"
"TOPLAM","2020-Q2","TP.FINHESTNKS7101.ZP8","2283333773.5757"
"TOPLAM","2020-Q2","TP.FINHESTNKS7101.ZP9","1457355147.4657"
"TOPLAM","2020-Q2","TP.FINHESTNKS7101.ZP10","224987571.8691"
"TOPLAM","2020-Q2","TP.FINHESTNKS7101.ZP11","1232367575.5965"
"TOPLAM","2020-Q2","TP.FINHESTNKS7101.ZP12","3721092956.3578"
"TOPLAM","2020-Q2","TP.FINHESTNKS7101.ZP13","1196140506.2398"
"TOPLAM","2020-Q2","TP.FINHESTNKS7101.ZP14","2524952450.118"
"TOPLAM","2020-Q2","TP.FINHESTNKS7101.ZP15","886230560.6611"
"TOPLAM","2020-Q2","TP.FINHESTNKS7101.ZP16","733267379.9033"
"TOPLAM","2020-Q2","TP.FINHESTNKS7101.ZP17","152963180.7578"
"TOPLAM","2020-Q2","TP.FINHESTNKS7101.ZP18","42947189.5265"
"TOPLAM","2020-Q2","TP.FINHESTNKS7101.ZP19","110015991.2314"
"TOPLAM","2020-Q2","TP.FINHESTNKS7101.ZP20","241662518.6766"
"TOPLAM","2020-Q2","TP.FINHESTNKS7101.ZP21","55173612.4485"
"TOPLAM","2020-Q2","TP.FINHESTNKS7101.ZP22","808947390.93"
"TOPLAM","2020-Q2","TP.FINHESTNKS7101.ZP23","11160842843.1155"
"TOPLAM","2020-Q2","TP.FINHESTNKS7101.ZP24","10117531"
"TOPLAM","2020-Q2","TP.FINHESTNKS7101.ZP26","10117531"
"TOPLAM","2020-Q2","TP.FINHESTNKS7101.ZP27","3379424955.3021"
"TOPLAM","2020-Q2","TP.FINHESTNKS7101.ZP28","207607543.5515"
"TOPLAM","2020-Q2","TP.FINHESTNKS7101.ZP29","955653256.8463"
"TOPLAM","2020-Q2","TP.FINHESTNKS7101.ZP30","2216164154.9042"
"TOPLAM","2020-Q2","TP.FINHESTNKS7101.ZP31","1939305627.4657"
"TOPLAM","2020-Q2","TP.FINHESTNKS7101.ZP32","226301460.4381"
"TOPLAM","2020-Q2","TP.FINHESTNKS7101.ZP33","1713004167.0276"
"TOPLAM","2020-Q2","TP.FINHESTNKS7101.ZP34","4920646080.3578"
"TOPLAM","2020-Q2","TP.FINHESTNKS7101.ZP35","1265714023.5218"
"TOPLAM","2020-Q2","TP.FINHESTNKS7101.ZP36","3654932056.836"
"TOPLAM","2020-Q2","TP.FINHESTNKS7101.ZP37","1785303570.6611"
"TOPLAM","2020-Q2","TP.FINHESTNKS7101.ZP38","1632340389.9033"
"TOPLAM","2020-Q2","TP.FINHESTNKS7101.ZP39","152963180.7578"
"TOPLAM","2020-Q2","TP.FINHESTNKS7101.ZP40","41348439.4859"
"TOPLAM","2020-Q2","TP.FINHESTNKS7101.ZP41","111614741.272"
"TOPLAM","2020-Q2","TP.FINHESTNKS7101.ZP42","241662518.6766"
"TOPLAM","2020-Q2","TP.FINHESTNKS7101.ZP43","54071456.4485"
"TOPLAM","2020-Q2","TP.FINHESTNKS7101.ZP44","792036244.5283"
"TOPLAM","2020-Q2","TP.FINHESTNKS7101.ZP45","13122567984.4401"
"TOPLAM","2020-Q3","TP.FINHESTNKS7101.ZP1","-2312299694.377"
"TOPLAM","2020-Q3","TP.FINHESTNKS7101.ZP2","338315517"
"TOPLAM","2020-Q3","TP.FINHESTNKS7101.ZP3","326534640"
"TOPLAM","2020-Q3","TP.FINHESTNKS7101.ZP4","11780877"
"TOPLAM","2020-Q3","TP.FINHESTNKS7101.ZP5","4036905845.8334"
"TOPLAM","2020-Q3","TP.FINHESTNKS7101.ZP6","263230620.8536"
"TOPLAM","2020-Q3","TP.FINHESTNKS7101.ZP7","1280681517.5029"
"TOPLAM","2020-Q3","TP.FINHESTNKS7101.ZP8","2492993707.477"
"TOPLAM","2020-Q3","TP.FINHESTNKS7101.ZP9","1557143203.3389"
"TOPLAM","2020-Q3","TP.FINHESTNKS7101.ZP10","227825257.9905"
"TOPLAM","2020-Q3","TP.FINHESTNKS7101.ZP11","1329317945.3484"
"TOPLAM","2020-Q3","TP.FINHESTNKS7101.ZP12","4077561791.7829"
"TOPLAM","2020-Q3","TP.FINHESTNKS7101.ZP13","1314858915.1293"
"TOPLAM","2020-Q3","TP.FINHESTNKS7101.ZP14","2762702876.6536"
"TOPLAM","2020-Q3","TP.FINHESTNKS7101.ZP15","979737784.8433"
"TOPLAM","2020-Q3","TP.FINHESTNKS7101.ZP16","838933407.4656"
"TOPLAM","2020-Q3","TP.FINHESTNKS7101.ZP17","140804377.3778"
"TOPLAM","2020-Q3","TP.FINHESTNKS7101.ZP18","31337074.4662"
"TOPLAM","2020-Q3","TP.FINHESTNKS7101.ZP19","109467302.9116"
"TOPLAM","2020-Q3","TP.FINHESTNKS7101.ZP20","255695869.3145"
"TOPLAM","2020-Q3","TP.FINHESTNKS7101.ZP21","81485428.1313"
"TOPLAM","2020-Q3","TP.FINHESTNKS7101.ZP22","941714595.3233"
"TOPLAM","2020-Q3","TP.FINHESTNKS7101.ZP23","12268560035.5677"
"TOPLAM","2020-Q3","TP.FINHESTNKS7101.ZP24","11780877"
"TOPLAM","2020-Q3","TP.FINHESTNKS7101.ZP26","11780877"
"TOPLAM","2020-Q3","TP.FINHESTNKS7101.ZP27","3671955231.7617"
"TOPLAM","2020-Q3","TP.FINHESTNKS7101.ZP28","198497760.7319"
"TOPLAM","2020-Q3","TP.FINHESTNKS7101.ZP29","1043252915.9081"
"TOPLAM","2020-Q3","TP.FINHESTNKS7101.ZP30","2430204555.1216"
"TOPLAM","2020-Q3","TP.FINHESTNKS7101.ZP31","2100283308.7091"
"TOPLAM","2020-Q3","TP.FINHESTNKS7101.ZP32","229780421.5957"
"TOPLAM","2020-Q3","TP.FINHESTNKS7101.ZP33","1870502887.1133"
"TOPLAM","2020-Q3","TP.FINHESTNKS7101.ZP34","5447491007.7829"
"TOPLAM","2020-Q3","TP.FINHESTNKS7101.ZP35","1392168219.0745"
"TOPLAM","2020-Q3","TP.FINHESTNKS7101.ZP36","4055322788.7084"
"TOPLAM","2020-Q3","TP.FINHESTNKS7101.ZP37","2118706360.8434"
"TOPLAM","2020-Q3","TP.FINHESTNKS7101.ZP38","1977901983.4656"
"TOPLAM","2020-Q3","TP.FINHESTNKS7101.ZP39","140804377.3778"
"TOPLAM","2020-Q3","TP.FINHESTNKS7101.ZP40","29593437.679"
"TOPLAM","2020-Q3","TP.FINHESTNKS7101.ZP41","111210939.6988"
"TOPLAM","2020-Q3","TP.FINHESTNKS7101.ZP42","255695869.3145"
"TOPLAM","2020-Q3","TP.FINHESTNKS7101.ZP43","79504327.1313"
"TOPLAM","2020-Q3","TP.FINHESTNKS7101.ZP44","895442747.402"
"TOPLAM","2020-Q3","TP.FINHESTNKS7101.ZP45","14580859729.9447"
"TOPLAM","2020-Q4","TP.FINHESTNKS7101.ZP1","-2621402874.679"
"TOPLAM","2020-Q4","TP.FINHESTNKS7101.ZP2","331075426"
"TOPLAM","2020-Q4","TP.FINHESTNKS7101.ZP3","319703047"
"TOPLAM","2020-Q4","TP.FINHESTNKS7101.ZP4","11372379"
"TOPLAM","2020-Q4","TP.FINHESTNKS7101.ZP5","4125062451.9584"
"TOPLAM","2020-Q4","TP.FINHESTNKS7101.ZP6","239944357.7192"
"TOPLAM","2020-Q4","TP.FINHESTNKS7101.ZP7","1315996519.1776"
"TOPLAM","2020-Q4","TP.FINHESTNKS7101.ZP8","2569121575.0616"
"TOPLAM","2020-Q4","TP.FINHESTNKS7101.ZP9","1521352517.2838"
"TOPLAM","2020-Q4","TP.FINHESTNKS7101.ZP10","218859211.4542"
"TOPLAM","2020-Q4","TP.FINHESTNKS7101.ZP11","1302493305.8296"
"TOPLAM","2020-Q4","TP.FINHESTNKS7101.ZP12","4162484326.2885"
"TOPLAM","2020-Q4","TP.FINHESTNKS7101.ZP13","1372034319.2173"
"TOPLAM","2020-Q4","TP.FINHESTNKS7101.ZP14","2790450007.0712"
"TOPLAM","2020-Q4","TP.FINHESTNKS7101.ZP15","1026187892.0161"
"TOPLAM","2020-Q4","TP.FINHESTNKS7101.ZP16","889653094.7452"
"TOPLAM","2020-Q4","TP.FINHESTNKS7101.ZP17","136534797.2709"
"TOPLAM","2020-Q4","TP.FINHESTNKS7101.ZP18","28958996.6079"
"TOPLAM","2020-Q4","TP.FINHESTNKS7101.ZP19","107575800.663"
"TOPLAM","2020-Q4","TP.FINHESTNKS7101.ZP20","277488627.6793"
"TOPLAM","2020-Q4","TP.FINHESTNKS7101.ZP21","57283610.3927"
"TOPLAM","2020-Q4","TP.FINHESTNKS7101.ZP22","1029303162.8245"
"TOPLAM","2020-Q4","TP.FINHESTNKS7101.ZP23","12530238014.4432"
"TOPLAM","2020-Q4","TP.FINHESTNKS7101.ZP24","11372379"
"TOPLAM","2020-Q4","TP.FINHESTNKS7101.ZP26","11372379"
"TOPLAM","2020-Q4","TP.FINHESTNKS7101.ZP27","3715175297.366"
"TOPLAM","2020-Q4","TP.FINHESTNKS7101.ZP28","173783950.6039"
"TOPLAM","2020-Q4","TP.FINHESTNKS7101.ZP29","1085654939.5423"
"TOPLAM","2020-Q4","TP.FINHESTNKS7101.ZP30","2455736407.2198"
"TOPLAM","2020-Q4","TP.FINHESTNKS7101.ZP31","2119819417.3149"
"TOPLAM","2020-Q4","TP.FINHESTNKS7101.ZP32","220412755.8792"
"TOPLAM","2020-Q4","TP.FINHESTNKS7101.ZP33","1899406661.4357"
"TOPLAM","2020-Q4","TP.FINHESTNKS7101.ZP34","5495310886.2885"
"TOPLAM","2020-Q4","TP.FINHESTNKS7101.ZP35","1453576593.9357"
"TOPLAM","2020-Q4","TP.FINHESTNKS7101.ZP36","4041734292.3528"
"TOPLAM","2020-Q4","TP.FINHESTNKS7101.ZP37","2506372292.0161"
"TOPLAM","2020-Q4","TP.FINHESTNKS7101.ZP38","2369837494.7452"
"TOPLAM","2020-Q4","TP.FINHESTNKS7101.ZP39","136534797.2709"
"TOPLAM","2020-Q4","TP.FINHESTNKS7101.ZP40","26717572.0284"
"TOPLAM","2020-Q4","TP.FINHESTNKS7101.ZP41","109817225.2425"
"TOPLAM","2020-Q4","TP.FINHESTNKS7101.ZP42","277488627.6793"
"TOPLAM","2020-Q4","TP.FINHESTNKS7101.ZP43","57546630.3927"
"TOPLAM","2020-Q4","TP.FINHESTNKS7101.ZP44","968555359.0647"
"TOPLAM","2020-Q4","TP.FINHESTNKS7101.ZP45","15151640889.1221"
"TOPLAM","2021-Q1","TP.FINHESTNKS7101.ZP1","-2271129907.1516"
"TOPLAM","2021-Q1","TP.FINHESTNKS7101.ZP2","336940327"
"TOPLAM","2021-Q1","TP.FINHESTNKS7101.ZP3","324284923"
"TOPLAM","2021-Q1","TP.FINHESTNKS7101.ZP4","12655404"
"TOPLAM","2021-Q1","TP.FINHESTNKS7101.ZP5","4555455000.4061"
"TOPLAM","2021-Q1","TP.FINHESTNKS7101.ZP6","260279731.7146"
"TOPLAM","2021-Q1","TP.FINHESTNKS7101.ZP7","1452766711.3794"
"TOPLAM","2021-Q1","TP.FINHESTNKS7101.ZP8","2842408557.3121"
"TOPLAM","2021-Q1","TP.FINHESTNKS7101.ZP9","1570710226.166"
"TOPLAM","2021-Q1","TP.FINHESTNKS7101.ZP10","227271437.8521"
"TOPLAM","2021-Q1","TP.FINHESTNKS7101.ZP11","1343438788.3139"
"TOPLAM","2021-Q1","TP.FINHESTNKS7101.ZP12","4373509144.3927"
"TOPLAM","2021-Q1","TP.FINHESTNKS7101.ZP13","1559502488.4443"
"TOPLAM","2021-Q1","TP.FINHESTNKS7101.ZP14","2814006655.9485"
"TOPLAM","2021-Q1","TP.FINHESTNKS7101.ZP15","1465897459.3981"
"TOPLAM","2021-Q1","TP.FINHESTNKS7101.ZP16","1301374514.4811"
"TOPLAM","2021-Q1","TP.FINHESTNKS7101.ZP17","164522944.917"
"TOPLAM","2021-Q1","TP.FINHESTNKS7101.ZP18","40819137.7621"
"TOPLAM","2021-Q1","TP.FINHESTNKS7101.ZP19","123703807.1549"
"TOPLAM","2021-Q1","TP.FINHESTNKS7101.ZP20","282361789.3376"
"TOPLAM","2021-Q1","TP.FINHESTNKS7101.ZP21","74471169.891"
"TOPLAM","2021-Q1","TP.FINHESTNKS7101.ZP22","1033747338.1427"
"TOPLAM","2021-Q1","TP.FINHESTNKS7101.ZP23","13693092454.7341"
"TOPLAM","2021-Q1","TP.FINHESTNKS7101.ZP24","12655404"
"TOPLAM","2021-Q1","TP.FINHESTNKS7101.ZP26","12655404"
"TOPLAM","2021-Q1","TP.FINHESTNKS7101.ZP27","4038466193.2982"
"TOPLAM","2021-Q1","TP.FINHESTNKS7101.ZP28","171648653.5199"
"TOPLAM","2021-Q1","TP.FINHESTNKS7101.ZP29","1150434832.5796"
"TOPLAM","2021-Q1","TP.FINHESTNKS7101.ZP30","2716382707.1987"
"TOPLAM","2021-Q1","TP.FINHESTNKS7101.ZP31","2203328032.8469"
"TOPLAM","2021-Q1","TP.FINHESTNKS7101.ZP32","228993750.7408"
"TOPLAM","2021-Q1","TP.FINHESTNKS7101.ZP33","1974334282.1061"
"TOPLAM","2021-Q1","TP.FINHESTNKS7101.ZP34","5839859286.3927"
"TOPLAM","2021-Q1","TP.FINHESTNKS7101.ZP35","1632102362.7137"
"TOPLAM","2021-Q1","TP.FINHESTNKS7101.ZP36","4207756923.679"
"TOPLAM","2021-Q1","TP.FINHESTNKS7101.ZP37","2530526427.3981"
"TOPLAM","2021-Q1","TP.FINHESTNKS7101.ZP38","2366003482.4811"
"TOPLAM","2021-Q1","TP.FINHESTNKS7101.ZP39","164522944.917"
"TOPLAM","2021-Q1","TP.FINHESTNKS7101.ZP40","39182528.8613"
"TOPLAM","2021-Q1","TP.FINHESTNKS7101.ZP41","125340416.0557"
"TOPLAM","2021-Q1","TP.FINHESTNKS7101.ZP42","282361789.3376"
"TOPLAM","2021-Q1","TP.FINHESTNKS7101.ZP43","55071512.891"
"TOPLAM","2021-Q1","TP.FINHESTNKS7101.ZP44","1001953715.7213"
"TOPLAM","2021-Q1","TP.FINHESTNKS7101.ZP45","15964222361.8857"
"TOPLAM","2021-Q2","TP.FINHESTNKS7101.ZP1","-2075540255.1066"
"TOPLAM","2021-Q2","TP.FINHESTNKS7101.ZP2","366141671"
"TOPLAM","2021-Q2","TP.FINHESTNKS7101.ZP3","352820650"
"TOPLAM","2021-Q2","TP.FINHESTNKS7101.ZP4","13321021"
"TOPLAM","2021-Q2","TP.FINHESTNKS7101.ZP5","4901532783.7983"
"TOPLAM","2021-Q2","TP.FINHESTNKS7101.ZP6","290739181.659"
"TOPLAM","2021-Q2","TP.FINHESTNKS7101.ZP7","1563146130.1707"
"TOPLAM","2021-Q2","TP.FINHESTNKS7101.ZP8","3047647471.9685"
"TOPLAM","2021-Q2","TP.FINHESTNKS7101.ZP9","1680762967.2462"
"TOPLAM","2021-Q2","TP.FINHESTNKS7101.ZP10","230310101.1229"
"TOPLAM","2021-Q2","TP.FINHESTNKS7101.ZP11","1450452866.1233"
"TOPLAM","2021-Q2","TP.FINHESTNKS7101.ZP12","4443392121.0271"
"TOPLAM","2021-Q2","TP.FINHESTNKS7101.ZP13","1591829526.3636"
"TOPLAM","2021-Q2","TP.FINHESTNKS7101.ZP14","2851562594.6635"
"TOPLAM","2021-Q2","TP.FINHESTNKS7101.ZP15","1515674165.3194"
"TOPLAM","2021-Q2","TP.FINHESTNKS7101.ZP16","1326164060.6889"
"TOPLAM","2021-Q2","TP.FINHESTNKS7101.ZP17","189510104.6305"
"TOPLAM","2021-Q2","TP.FINHESTNKS7101.ZP18","48973855.945"
"TOPLAM","2021-Q2","TP.FINHESTNKS7101.ZP19","140536248.6854"
"TOPLAM","2021-Q2","TP.FINHESTNKS7101.ZP20","298555539.5078"
"TOPLAM","2021-Q2","TP.FINHESTNKS7101.ZP21","60807530.6039"
"TOPLAM","2021-Q2","TP.FINHESTNKS7101.ZP22","1119885175.1519"
"TOPLAM","2021-Q2","TP.FINHESTNKS7101.ZP23","14386751953.6545"
"TOPLAM","2021-Q2","TP.FINHESTNKS7101.ZP24","13321021"
"TOPLAM","2021-Q2","TP.FINHESTNKS7101.ZP26","13321021"
"TOPLAM","2021-Q2","TP.FINHESTNKS7101.ZP27","4271918845.6042"
"TOPLAM","2021-Q2","TP.FINHESTNKS7101.ZP28","200629133.9935"
"TOPLAM","2021-Q2","TP.FINHESTNKS7101.ZP29","1256338649.0562"
"TOPLAM","2021-Q2","TP.FINHESTNKS7101.ZP30","2814951062.5545"
"TOPLAM","2021-Q2","TP.FINHESTNKS7101.ZP31","2376771242.7635"
"TOPLAM","2021-Q2","TP.FINHESTNKS7101.ZP32","232636903.4262"
"TOPLAM","2021-Q2","TP.FINHESTNKS7101.ZP33","2144134339.3372"
"TOPLAM","2021-Q2","TP.FINHESTNKS7101.ZP34","5966906401.0271"
"TOPLAM","2021-Q2","TP.FINHESTNKS7101.ZP35","1662727505.9478"
"TOPLAM","2021-Q2","TP.FINHESTNKS7101.ZP36","4304178895.0793"
"TOPLAM","2021-Q2","TP.FINHESTNKS7101.ZP37","2400659285.3194"
"TOPLAM","2021-Q2","TP.FINHESTNKS7101.ZP38","2211149180.6889"
"TOPLAM","2021-Q2","TP.FINHESTNKS7101.ZP39","189510104.6305"
"TOPLAM","2021-Q2","TP.FINHESTNKS7101.ZP40","45383002.0081"
"TOPLAM","2021-Q2","TP.FINHESTNKS7101.ZP41","144127102.6224"
"TOPLAM","2021-Q2","TP.FINHESTNKS7101.ZP42","298555539.5078"
"TOPLAM","2021-Q2","TP.FINHESTNKS7101.ZP43","50102334.6039"
"TOPLAM","2021-Q2","TP.FINHESTNKS7101.ZP44","1084057538.9354"
"TOPLAM","2021-Q2","TP.FINHESTNKS7101.ZP45","16462292208.7612"
"TOPLAM","2021-Q3","TP.FINHESTNKS7101.ZP1","-2031640755.7587"
"TOPLAM","2021-Q3","TP.FINHESTNKS7101.ZP2","409921677"
"TOPLAM","2021-Q3","TP.FINHESTNKS7101.ZP3","340636545"
"TOPLAM","2021-Q3","TP.FINHESTNKS7101.ZP4","69285132"
"TOPLAM","2021-Q3","TP.FINHESTNKS7101.ZP5","5475154203.6543"
"TOPLAM","2021-Q3","TP.FINHESTNKS7101.ZP6","301526226.7739"
"TOPLAM","2021-Q3","TP.FINHESTNKS7101.ZP7","1773841752.1006"
"TOPLAM","2021-Q3","TP.FINHESTNKS7101.ZP8","3399786224.7798"
"TOPLAM","2021-Q3","TP.FINHESTNKS7101.ZP9","1749279495.4188"
"TOPLAM","2021-Q3","TP.FINHESTNKS7101.ZP10","239275293.6299"
"TOPLAM","2021-Q3","TP.FINHESTNKS7101.ZP11","1510004201.7889"
"TOPLAM","2021-Q3","TP.FINHESTNKS7101.ZP12","4576087750.2298"
"TOPLAM","2021-Q3","TP.FINHESTNKS7101.ZP13","1726836226.0798"
"TOPLAM","2021-Q3","TP.FINHESTNKS7101.ZP14","2849251524.15"
"TOPLAM","2021-Q3","TP.FINHESTNKS7101.ZP15","1563911810.3551"
"TOPLAM","2021-Q3","TP.FINHESTNKS7101.ZP16","1351112706.9315"
"TOPLAM","2021-Q3","TP.FINHESTNKS7101.ZP17","212799103.4236"
"TOPLAM","2021-Q3","TP.FINHESTNKS7101.ZP18","54448506.2177"
"TOPLAM","2021-Q3","TP.FINHESTNKS7101.ZP19","158350597.2059"
"TOPLAM","2021-Q3","TP.FINHESTNKS7101.ZP20","309507868.66"
"TOPLAM","2021-Q3","TP.FINHESTNKS7101.ZP21","61128407.8479"
"TOPLAM","2021-Q3","TP.FINHESTNKS7101.ZP22","1252156625.5169"
"TOPLAM","2021-Q3","TP.FINHESTNKS7101.ZP23","15397147838.6827"
"TOPLAM","2021-Q3","TP.FINHESTNKS7101.ZP24","69285132"
"TOPLAM","2021-Q3","TP.FINHESTNKS7101.ZP26","69285132"
"TOPLAM","2021-Q3","TP.FINHESTNKS7101.ZP27","4670648504.4381"
"TOPLAM","2021-Q3","TP.FINHESTNKS7101.ZP28","204288207.5244"
"TOPLAM","2021-Q3","TP.FINHESTNKS7101.ZP29","1474227690.8271"
"TOPLAM","2021-Q3","TP.FINHESTNKS7101.ZP30","2992132606.0866"
"TOPLAM","2021-Q3","TP.FINHESTNKS7101.ZP31","2451997333.0171"
"TOPLAM","2021-Q3","TP.FINHESTNKS7101.ZP32","245110499.2441"
"TOPLAM","2021-Q3","TP.FINHESTNKS7101.ZP33","2206886833.7731"
"TOPLAM","2021-Q3","TP.FINHESTNKS7101.ZP34","6083695448.2298"
"TOPLAM","2021-Q3","TP.FINHESTNKS7101.ZP35","1772074647.4013"
"TOPLAM","2021-Q3","TP.FINHESTNKS7101.ZP36","4311620800.8286"
"TOPLAM","2021-Q3","TP.FINHESTNKS7101.ZP37","2588576749.3551"
"TOPLAM","2021-Q3","TP.FINHESTNKS7101.ZP38","2375777645.9315"
"TOPLAM","2021-Q3","TP.FINHESTNKS7101.ZP39","212799103.4236"
"TOPLAM","2021-Q3","TP.FINHESTNKS7101.ZP40","50906152.0403"
"TOPLAM","2021-Q3","TP.FINHESTNKS7101.ZP41","161892951.3833"
"TOPLAM","2021-Q3","TP.FINHESTNKS7101.ZP42","309507868.66"
"TOPLAM","2021-Q3","TP.FINHESTNKS7101.ZP43","49676751.8479"
"TOPLAM","2021-Q3","TP.FINHESTNKS7101.ZP44","1205400806.8935"
"TOPLAM","2021-Q3","TP.FINHESTNKS7101.ZP45","17428788594.4414"
"TOPLAM","2021-Q4","TP.FINHESTNKS7101.ZP1","-2676742978.4379"
"TOPLAM","2021-Q4","TP.FINHESTNKS7101.ZP2","600077864"
"TOPLAM","2021-Q4","TP.FINHESTNKS7101.ZP3","499485010"
"TOPLAM","2021-Q4","TP.FINHESTNKS7101.ZP4","100592854"
"TOPLAM","2021-Q4","TP.FINHESTNKS7101.ZP5","7065896688.1868"
"TOPLAM","2021-Q4","TP.FINHESTNKS7101.ZP6","371706074.4673"
"TOPLAM","2021-Q4","TP.FINHESTNKS7101.ZP7","2637611551.3518"
"TOPLAM","2021-Q4","TP.FINHESTNKS7101.ZP8","4056579062.3676"
"TOPLAM","2021-Q4","TP.FINHESTNKS7101.ZP9","2227805602.0244"
"TOPLAM","2021-Q4","TP.FINHESTNKS7101.ZP10","285878115.7701"
"TOPLAM","2021-Q4","TP.FINHESTNKS7101.ZP11","1941927486.2544"
"TOPLAM","2021-Q4","TP.FINHESTNKS7101.ZP12","5606118229.878"
"TOPLAM","2021-Q4","TP.FINHESTNKS7101.ZP13","2270801775.3919"
"TOPLAM","2021-Q4","TP.FINHESTNKS7101.ZP14","3335316454.4861"
"TOPLAM","2021-Q4","TP.FINHESTNKS7101.ZP15","2137209705.7115"
"TOPLAM","2021-Q4","TP.FINHESTNKS7101.ZP16","1844647550.2064"
"TOPLAM","2021-Q4","TP.FINHESTNKS7101.ZP17","292562155.505"
"TOPLAM","2021-Q4","TP.FINHESTNKS7101.ZP18","45610014.178"
"TOPLAM","2021-Q4","TP.FINHESTNKS7101.ZP19","246952141.327"
"TOPLAM","2021-Q4","TP.FINHESTNKS7101.ZP20","383255786.578"
"TOPLAM","2021-Q4","TP.FINHESTNKS7101.ZP21","134411852.2647"
"TOPLAM","2021-Q4","TP.FINHESTNKS7101.ZP22","1603360058.7187"
"TOPLAM","2021-Q4","TP.FINHESTNKS7101.ZP23","19758135787.362"
"TOPLAM","2021-Q4","TP.FINHESTNKS7101.ZP24","100592854"
"TOPLAM","2021-Q4","TP.FINHESTNKS7101.ZP26","100592854"
"TOPLAM","2021-Q4","TP.FINHESTNKS7101.ZP27","5929484302.3109"
"TOPLAM","2021-Q4","TP.FINHESTNKS7101.ZP28","219690408.078"
"TOPLAM","2021-Q4","TP.FINHESTNKS7101.ZP29","2187824384.1534"
"TOPLAM","2021-Q4","TP.FINHESTNKS7101.ZP30","3521969510.0795"
"TOPLAM","2021-Q4","TP.FINHESTNKS7101.ZP31","3079674656.8508"
"TOPLAM","2021-Q4","TP.FINHESTNKS7101.ZP32","292244293.3722"
"TOPLAM","2021-Q4","TP.FINHESTNKS7101.ZP33","2787430363.4786"
"TOPLAM","2021-Q4","TP.FINHESTNKS7101.ZP34","7816043727.378"
"TOPLAM","2021-Q4","TP.FINHESTNKS7101.ZP35","2337877300.2924"
"TOPLAM","2021-Q4","TP.FINHESTNKS7101.ZP36","5478166427.0856"
"TOPLAM","2021-Q4","TP.FINHESTNKS7101.ZP37","3407979483.2115"
"TOPLAM","2021-Q4","TP.FINHESTNKS7101.ZP38","3115417327.7064"
"TOPLAM","2021-Q4","TP.FINHESTNKS7101.ZP39","292562155.505"
"TOPLAM","2021-Q4","TP.FINHESTNKS7101.ZP40","40284085.1277"
"TOPLAM","2021-Q4","TP.FINHESTNKS7101.ZP41","252278070.3773"
"TOPLAM","2021-Q4","TP.FINHESTNKS7101.ZP42","383255786.578"
"TOPLAM","2021-Q4","TP.FINHESTNKS7101.ZP43","102429025.2647"
"TOPLAM","2021-Q4","TP.FINHESTNKS7101.ZP44","1615418930.2062"
"TOPLAM","2021-Q4","TP.FINHESTNKS7101.ZP45","22434878765.8"
"TOPLAM","2022-Q1","TP.FINHESTNKS7101.ZP1","-2767126485.1615"
"TOPLAM","2022-Q1","TP.FINHESTNKS7101.ZP2","727347525"
"TOPLAM","2022-Q1","TP.FINHESTNKS7101.ZP3","615031923"
"TOPLAM","2022-Q1","TP.FINHESTNKS7101.ZP4","112315602"
"TOPLAM","2022-Q1","TP.FINHESTNKS7101.ZP5","7783548647.6632"
"TOPLAM","2022-Q1","TP.FINHESTNKS7101.ZP6","412841463.8633"
"TOPLAM","2022-Q1","TP.FINHESTNKS7101.ZP7","2827387963.29"
"TOPLAM","2022-Q1","TP.FINHESTNKS7101.ZP8","4543319220.5099"
"TOPLAM","2022-Q1","TP.FINHESTNKS7101.ZP9","2796136770.2611"
"TOPLAM","2022-Q1","TP.FINHESTNKS7101.ZP10","360084344.0254"
"TOPLAM","2022-Q1","TP.FINHESTNKS7101.ZP11","2436052426.2357"
"TOPLAM","2022-Q1","TP.FINHESTNKS7101.ZP12","6204125397.199"
"TOPLAM","2022-Q1","TP.FINHESTNKS7101.ZP13","2869168309.2806"
"TOPLAM","2022-Q1","TP.FINHESTNKS7101.ZP14","3334957087.9184"
"TOPLAM","2022-Q1","TP.FINHESTNKS7101.ZP15","2360188566.9621"
"TOPLAM","2022-Q1","TP.FINHESTNKS7101.ZP16","2018251306.4765"
"TOPLAM","2022-Q1","TP.FINHESTNKS7101.ZP17","341937260.4856"
"TOPLAM","2022-Q1","TP.FINHESTNKS7101.ZP18","56007285.6329"
"TOPLAM","2022-Q1","TP.FINHESTNKS7101.ZP19","285929974.8527"
"TOPLAM","2022-Q1","TP.FINHESTNKS7101.ZP20","433712787.158"
"TOPLAM","2022-Q1","TP.FINHESTNKS7101.ZP21","134914643.0621"
"TOPLAM","2022-Q1","TP.FINHESTNKS7101.ZP22","1923921684.7117"
"TOPLAM","2022-Q1","TP.FINHESTNKS7101.ZP23","22363896022.0172"
"TOPLAM","2022-Q1","TP.FINHESTNKS7101.ZP24","112315602"
"TOPLAM","2022-Q1","TP.FINHESTNKS7101.ZP26","112315602"
"TOPLAM","2022-Q1","TP.FINHESTNKS7101.ZP27","6644822928.2941"
"TOPLAM","2022-Q1","TP.FINHESTNKS7101.ZP28","237272564.8569"
"TOPLAM","2022-Q1","TP.FINHESTNKS7101.ZP29","2321257077.122"
"TOPLAM","2022-Q1","TP.FINHESTNKS7101.ZP30","4086293286.3153"
"TOPLAM","2022-Q1","TP.FINHESTNKS7101.ZP31","3676861953.7475"
"TOPLAM","2022-Q1","TP.FINHESTNKS7101.ZP32","367807602.855"
"TOPLAM","2022-Q1","TP.FINHESTNKS7101.ZP33","3309054350.8925"
"TOPLAM","2022-Q1","TP.FINHESTNKS7101.ZP34","8688389930.599"
"TOPLAM","2022-Q1","TP.FINHESTNKS7101.ZP35","2962015452.1038"
"TOPLAM","2022-Q1","TP.FINHESTNKS7101.ZP36","5726374478.4952"
"TOPLAM","2022-Q1","TP.FINHESTNKS7101.ZP37","3516005811.3621"
"TOPLAM","2022-Q1","TP.FINHESTNKS7101.ZP38","3174068550.8765"
"TOPLAM","2022-Q1","TP.FINHESTNKS7101.ZP39","341937260.4856"
"TOPLAM","2022-Q1","TP.FINHESTNKS7101.ZP40","46864563.0244"
"TOPLAM","2022-Q1","TP.FINHESTNKS7101.ZP41","295072697.4612"
"TOPLAM","2022-Q1","TP.FINHESTNKS7101.ZP42","433712787.158"
"TOPLAM","2022-Q1","TP.FINHESTNKS7101.ZP43","90871394.0621"
"TOPLAM","2022-Q1","TP.FINHESTNKS7101.ZP44","1968042099.9558"
"TOPLAM","2022-Q1","TP.FINHESTNKS7101.ZP45","25131022507.1787"
"TOPLAM","2022-Q2","TP.FINHESTNKS7101.ZP1","-2683099863.5767"
"TOPLAM","2022-Q2","TP.FINHESTNKS7101.ZP2","808922975"
"TOPLAM","2022-Q2","TP.FINHESTNKS7101.ZP3","685813630"
"TOPLAM","2022-Q2","TP.FINHESTNKS7101.ZP4","123109345"
"TOPLAM","2022-Q2","TP.FINHESTNKS7101.ZP5","8820779149.7718"
"TOPLAM","2022-Q2","TP.FINHESTNKS7101.ZP6","466472773.8115"
"TOPLAM","2022-Q2","TP.FINHESTNKS7101.ZP7","3167495575.6664"
"TOPLAM","2022-Q2","TP.FINHESTNKS7101.ZP8","5186810800.2939"
"TOPLAM","2022-Q2","TP.FINHESTNKS7101.ZP9","3241282571.4999"
"TOPLAM","2022-Q2","TP.FINHESTNKS7101.ZP10","425088915.9229"
"TOPLAM","2022-Q2","TP.FINHESTNKS7101.ZP11","2816193655.5771"
"TOPLAM","2022-Q2","TP.FINHESTNKS7101.ZP12","7141371043.8376"
"TOPLAM","2022-Q2","TP.FINHESTNKS7101.ZP13","3490797109.1938"
"TOPLAM","2022-Q2","TP.FINHESTNKS7101.ZP14","3650573934.6439"
"TOPLAM","2022-Q2","TP.FINHESTNKS7101.ZP15","2593226933.635"
"TOPLAM","2022-Q2","TP.FINHESTNKS7101.ZP16","2210145344.9102"
"TOPLAM","2022-Q2","TP.FINHESTNKS7101.ZP17","383081588.7248"
"TOPLAM","2022-Q2","TP.FINHESTNKS7101.ZP18","48586668.3488"
"TOPLAM","2022-Q2","TP.FINHESTNKS7101.ZP19","334494920.376"
"TOPLAM","2022-Q2","TP.FINHESTNKS7101.ZP20","474172082.6965"
"TOPLAM","2022-Q2","TP.FINHESTNKS7101.ZP21","168223560.0642"
"TOPLAM","2022-Q2","TP.FINHESTNKS7101.ZP22","2495835674.6622"
"TOPLAM","2022-Q2","TP.FINHESTNKS7101.ZP23","25743813991.1673"
"TOPLAM","2022-Q2","TP.FINHESTNKS7101.ZP24","123109345"
"TOPLAM","2022-Q2","TP.FINHESTNKS7101.ZP26","123109345"
"TOPLAM","2022-Q2","TP.FINHESTNKS7101.ZP27","7646741866.5097"
"TOPLAM","2022-Q2","TP.FINHESTNKS7101.ZP28","263036804.7134"
"TOPLAM","2022-Q2","TP.FINHESTNKS7101.ZP29","2602309575.2039"
"TOPLAM","2022-Q2","TP.FINHESTNKS7101.ZP30","4781395486.5924"
"TOPLAM","2022-Q2","TP.FINHESTNKS7101.ZP31","4045028424.7571"
"TOPLAM","2022-Q2","TP.FINHESTNKS7101.ZP32","432357402.4463"
"TOPLAM","2022-Q2","TP.FINHESTNKS7101.ZP33","3612671022.3108"
"TOPLAM","2022-Q2","TP.FINHESTNKS7101.ZP34","9862952011.8376"
"TOPLAM","2022-Q2","TP.FINHESTNKS7101.ZP35","3568028722.31"
"TOPLAM","2022-Q2","TP.FINHESTNKS7101.ZP36","6294923289.5277"
"TOPLAM","2022-Q2","TP.FINHESTNKS7101.ZP37","3616570181.635"
"TOPLAM","2022-Q2","TP.FINHESTNKS7101.ZP38","3233488592.9102"
"TOPLAM","2022-Q2","TP.FINHESTNKS7101.ZP39","383081588.7248"
"TOPLAM","2022-Q2","TP.FINHESTNKS7101.ZP40","47810181.6188"
"TOPLAM","2022-Q2","TP.FINHESTNKS7101.ZP41","335271407.106"
"TOPLAM","2022-Q2","TP.FINHESTNKS7101.ZP42","474172082.6965"
"TOPLAM","2022-Q2","TP.FINHESTNKS7101.ZP43","115283448.0642"
"TOPLAM","2022-Q2","TP.FINHESTNKS7101.ZP44","2543056494.2438"
"TOPLAM","2022-Q2","TP.FINHESTNKS7101.ZP45","28426913854.744"
"TOPLAM","2022-Q3","TP.FINHESTNKS7101.ZP1","-3013749109.1562"
"TOPLAM","2022-Q3","TP.FINHESTNKS7101.ZP2","852204589"
"TOPLAM","2022-Q3","TP.FINHESTNKS7101.ZP3","721570739"
"TOPLAM","2022-Q3","TP.FINHESTNKS7101.ZP4","130633850"
"TOPLAM","2022-Q3","TP.FINHESTNKS7101.ZP5","10087571348.8279"
"TOPLAM","2022-Q3","TP.FINHESTNKS7101.ZP6","544907406.5696"
"TOPLAM","2022-Q3","TP.FINHESTNKS7101.ZP7","3346653904.8049"
"TOPLAM","2022-Q3","TP.FINHESTNKS7101.ZP8","6196010037.4534"
"TOPLAM","2022-Q3","TP.FINHESTNKS7101.ZP9","3712910350.1302"
"TOPLAM","2022-Q3","TP.FINHESTNKS7101.ZP10","483275697.2294"
"TOPLAM","2022-Q3","TP.FINHESTNKS7101.ZP11","3229634652.9009"
"TOPLAM","2022-Q3","TP.FINHESTNKS7101.ZP12","7651312544.811"
"TOPLAM","2022-Q3","TP.FINHESTNKS7101.ZP13","4208597652.9856"
"TOPLAM","2022-Q3","TP.FINHESTNKS7101.ZP14","3442714891.8253"
"TOPLAM","2022-Q3","TP.FINHESTNKS7101.ZP15","3049366156.8117"
"TOPLAM","2022-Q3","TP.FINHESTNKS7101.ZP16","2553272474.3463"
"TOPLAM","2022-Q3","TP.FINHESTNKS7101.ZP17","496093682.4654"
"TOPLAM","2022-Q3","TP.FINHESTNKS7101.ZP18","75587976.3294"
"TOPLAM","2022-Q3","TP.FINHESTNKS7101.ZP19","420505706.136"
"TOPLAM","2022-Q3","TP.FINHESTNKS7101.ZP20","544599750.0028"
"TOPLAM","2022-Q3","TP.FINHESTNKS7101.ZP21","185572998.0458"
"TOPLAM","2022-Q3","TP.FINHESTNKS7101.ZP22","2832488640.5361"
"TOPLAM","2022-Q3","TP.FINHESTNKS7101.ZP23","28916026378.1654"
"TOPLAM","2022-Q3","TP.FINHESTNKS7101.ZP24","130633850"
"TOPLAM","2022-Q3","TP.FINHESTNKS7101.ZP26","130633850"
"TOPLAM","2022-Q3","TP.FINHESTNKS7101.ZP27","8578624858.8468"
"TOPLAM","2022-Q3","TP.FINHESTNKS7101.ZP28","294382828.6467"
"TOPLAM","2022-Q3","TP.FINHESTNKS7101.ZP29","2726873159.4469"
"TOPLAM","2022-Q3","TP.FINHESTNKS7101.ZP30","5557368870.7532"
"TOPLAM","2022-Q3","TP.FINHESTNKS7101.ZP31","4547894304.9238"
"TOPLAM","2022-Q3","TP.FINHESTNKS7101.ZP32","489301513.9293"
"TOPLAM","2022-Q3","TP.FINHESTNKS7101.ZP33","4058592790.9945"
"TOPLAM","2022-Q3","TP.FINHESTNKS7101.ZP34","10621727558.8109"
"TOPLAM","2022-Q3","TP.FINHESTNKS7101.ZP35","4261714763.8391"
"TOPLAM","2022-Q3","TP.FINHESTNKS7101.ZP36","6360012794.9718"
"TOPLAM","2022-Q3","TP.FINHESTNKS7101.ZP37","4433080320.8117"
"TOPLAM","2022-Q3","TP.FINHESTNKS7101.ZP38","3936986638.3462"
"TOPLAM","2022-Q3","TP.FINHESTNKS7101.ZP39","496093682.4654"
"TOPLAM","2022-Q3","TP.FINHESTNKS7101.ZP40","72731719.5846"
"TOPLAM","2022-Q3","TP.FINHESTNKS7101.ZP41","423361962.8808"
"TOPLAM","2022-Q3","TP.FINHESTNKS7101.ZP42","544599750.0028"
"TOPLAM","2022-Q3","TP.FINHESTNKS7101.ZP43","120297814.0458"
"TOPLAM","2022-Q3","TP.FINHESTNKS7101.ZP44","2952917029.8798"
"TOPLAM","2022-Q3","TP.FINHESTNKS7101.ZP45","31929775487.3217"
"TOPLAM","2022-Q4","TP.FINHESTNKS7101.ZP1","-5948900318.6837"
"TOPLAM","2022-Q4","TP.FINHESTNKS7101.ZP2","995517558"
"TOPLAM","2022-Q4","TP.FINHESTNKS7101.ZP3","857249028"
"TOPLAM","2022-Q4","TP.FINHESTNKS7101.ZP4","138268530"
"TOPLAM","2022-Q4","TP.FINHESTNKS7101.ZP5","11078694169.0067"
"TOPLAM","2022-Q4","TP.FINHESTNKS7101.ZP6","605115638.3808"
"TOPLAM","2022-Q4","TP.FINHESTNKS7101.ZP7","3527184776.4296"
"TOPLAM","2022-Q4","TP.FINHESTNKS7101.ZP8","6946393754.1964"
"TOPLAM","2022-Q4","TP.FINHESTNKS7101.ZP9","4162045604.9673"
"TOPLAM","2022-Q4","TP.FINHESTNKS7101.ZP10","530850004.4103"
"TOPLAM","2022-Q4","TP.FINHESTNKS7101.ZP11","3631195600.557"
"TOPLAM","2022-Q4","TP.FINHESTNKS7101.ZP12","8412406523.8939"
"TOPLAM","2022-Q4","TP.FINHESTNKS7101.ZP13","4846752661.5973"
"TOPLAM","2022-Q4","TP.FINHESTNKS7101.ZP14","3565653862.2966"
"TOPLAM","2022-Q4","TP.FINHESTNKS7101.ZP15","4561200876.4756"
"TOPLAM","2022-Q4","TP.FINHESTNKS7101.ZP16","3826516775.1759"
"TOPLAM","2022-Q4","TP.FINHESTNKS7101.ZP17","734684101.2996"
"TOPLAM","2022-Q4","TP.FINHESTNKS7101.ZP18","107833356.7791"
"TOPLAM","2022-Q4","TP.FINHESTNKS7101.ZP19","626850744.5206"
"TOPLAM","2022-Q4","TP.FINHESTNKS7101.ZP20","680555773.6637"
"TOPLAM","2022-Q4","TP.FINHESTNKS7101.ZP21","158911667.4946"
"TOPLAM","2022-Q4","TP.FINHESTNKS7101.ZP22","3228312009.6827"
"TOPLAM","2022-Q4","TP.FINHESTNKS7101.ZP23","33277644183.1845"
"TOPLAM","2022-Q4","TP.FINHESTNKS7101.ZP24","138268530"
"TOPLAM","2022-Q4","TP.FINHESTNKS7101.ZP26","138268530"
"TOPLAM","2022-Q4","TP.FINHESTNKS7101.ZP27","9589186123.3558"
"TOPLAM","2022-Q4","TP.FINHESTNKS7101.ZP28","311493654.7803"
"TOPLAM","2022-Q4","TP.FINHESTNKS7101.ZP29","3122404272.3068"
"TOPLAM","2022-Q4","TP.FINHESTNKS7101.ZP30","6155288196.2687"
"TOPLAM","2022-Q4","TP.FINHESTNKS7101.ZP31","5104073795.9673"
"TOPLAM","2022-Q4","TP.FINHESTNKS7101.ZP32","543096554.7238"
"TOPLAM","2022-Q4","TP.FINHESTNKS7101.ZP33","4560977241.2435"
"TOPLAM","2022-Q4","TP.FINHESTNKS7101.ZP34","11584864308.4939"
"TOPLAM","2022-Q4","TP.FINHESTNKS7101.ZP35","4948816538.7809"
"TOPLAM","2022-Q4","TP.FINHESTNKS7101.ZP36","6636047769.7131"
"TOPLAM","2022-Q4","TP.FINHESTNKS7101.ZP37","8758475396.8756"
"TOPLAM","2022-Q4","TP.FINHESTNKS7101.ZP38","8023791295.5759"
"TOPLAM","2022-Q4","TP.FINHESTNKS7101.ZP39","734684101.2996"
"TOPLAM","2022-Q4","TP.FINHESTNKS7101.ZP40","98402644.2878"
"TOPLAM","2022-Q4","TP.FINHESTNKS7101.ZP41","636281457.0119"
"TOPLAM","2022-Q4","TP.FINHESTNKS7101.ZP42","680555773.6637"
"TOPLAM","2022-Q4","TP.FINHESTNKS7101.ZP43","87100747.4946"
"TOPLAM","2022-Q4","TP.FINHESTNKS7101.ZP44","3284019826.0174"
"TOPLAM","2022-Q4","TP.FINHESTNKS7101.ZP45","39226544501.8682"
"TOPLAM","2023-Q1","TP.FINHESTNKS7101.ZP1","-4826751791.0186"
"TOPLAM","2023-Q1","TP.FINHESTNKS7101.ZP2","1141692128"
"TOPLAM","2023-Q1","TP.FINHESTNKS7101.ZP3","998956287"
"TOPLAM","2023-Q1","TP.FINHESTNKS7101.ZP4","142735841"
"TOPLAM","2023-Q1","TP.FINHESTNKS7101.ZP5","11764646394.1841"
"TOPLAM","2023-Q1","TP.FINHESTNKS7101.ZP6","612259515.4149"
"TOPLAM","2023-Q1","TP.FINHESTNKS7101.ZP7","3957046602.1749"
"TOPLAM","2023-Q1","TP.FINHESTNKS7101.ZP8","7195340276.5943"
"TOPLAM","2023-Q1","TP.FINHESTNKS7101.ZP9","4624269059.3214"
"TOPLAM","2023-Q1","TP.FINHESTNKS7101.ZP10","579117096.0299"
"TOPLAM","2023-Q1","TP.FINHESTNKS7101.ZP11","4045151963.2915"
"TOPLAM","2023-Q1","TP.FINHESTNKS7101.ZP12","9517080666.9246"
"TOPLAM","2023-Q1","TP.FINHESTNKS7101.ZP13","5399322710.8552"
"TOPLAM","2023-Q1","TP.FINHESTNKS7101.ZP14","4117757956.0694"
"TOPLAM","2023-Q1","TP.FINHESTNKS7101.ZP15","4660754037.5364"
"TOPLAM","2023-Q1","TP.FINHESTNKS7101.ZP16","3764297830.0486"
"TOPLAM","2023-Q1","TP.FINHESTNKS7101.ZP17","896456207.4878"
"TOPLAM","2023-Q1","TP.FINHESTNKS7101.ZP18","87729545.4671"
"TOPLAM","2023-Q1","TP.FINHESTNKS7101.ZP19","808726662.0207"
"TOPLAM","2023-Q1","TP.FINHESTNKS7101.ZP20","745868253.9439"
"TOPLAM","2023-Q1","TP.FINHESTNKS7101.ZP21","145317295.8707"
"TOPLAM","2023-Q1","TP.FINHESTNKS7101.ZP22","3518664584.6271"
"TOPLAM","2023-Q1","TP.FINHESTNKS7101.ZP23","36118292420.4083"
"TOPLAM","2023-Q1","TP.FINHESTNKS7101.ZP24","142735841"
"TOPLAM","2023-Q1","TP.FINHESTNKS7101.ZP26","142735841"
"TOPLAM","2023-Q1","TP.FINHESTNKS7101.ZP27","10487435309.9862"
"TOPLAM","2023-Q1","TP.FINHESTNKS7101.ZP28","334979228.0664"
"TOPLAM","2023-Q1","TP.FINHESTNKS7101.ZP29","3524152963.4491"
"TOPLAM","2023-Q1","TP.FINHESTNKS7101.ZP30","6628303118.4707"
"TOPLAM","2023-Q1","TP.FINHESTNKS7101.ZP31","5606937509.3213"
"TOPLAM","2023-Q1","TP.FINHESTNKS7101.ZP32","594391251.1272"
"TOPLAM","2023-Q1","TP.FINHESTNKS7101.ZP33","5012546258.1942"
"TOPLAM","2023-Q1","TP.FINHESTNKS7101.ZP34","12826907124.9246"
"TOPLAM","2023-Q1","TP.FINHESTNKS7101.ZP35","5504296196.0717"
"TOPLAM","2023-Q1","TP.FINHESTNKS7101.ZP36","7322610928.8529"
"TOPLAM","2023-Q1","TP.FINHESTNKS7101.ZP37","7429227345.5364"
"TOPLAM","2023-Q1","TP.FINHESTNKS7101.ZP38","6532771138.0486"
"TOPLAM","2023-Q1","TP.FINHESTNKS7101.ZP39","896456207.4878"
"TOPLAM","2023-Q1","TP.FINHESTNKS7101.ZP40","96138100.7817"
"TOPLAM","2023-Q1","TP.FINHESTNKS7101.ZP41","800318106.7061"
"TOPLAM","2023-Q1","TP.FINHESTNKS7101.ZP42","745868253.9439"
"TOPLAM","2023-Q1","TP.FINHESTNKS7101.ZP43","79947617.8707"
"TOPLAM","2023-Q1","TP.FINHESTNKS7101.ZP44","3625985208.8438"
"TOPLAM","2023-Q1","TP.FINHESTNKS7101.ZP45","40945044211.4269"
"TOPLAM","2023-Q2","TP.FINHESTNKS7101.ZP1","-5619518758.5368"
"TOPLAM","2023-Q2","TP.FINHESTNKS7101.ZP2","1260858669"
"TOPLAM","2023-Q2","TP.FINHESTNKS7101.ZP3","1069903100"
"TOPLAM","2023-Q2","TP.FINHESTNKS7101.ZP4","190955569"
"TOPLAM","2023-Q2","TP.FINHESTNKS7101.ZP5","14579154440.8851"
"TOPLAM","2023-Q2","TP.FINHESTNKS7101.ZP6","804045345.6025"
"TOPLAM","2023-Q2","TP.FINHESTNKS7101.ZP7","4935996176.4611"
"TOPLAM","2023-Q2","TP.FINHESTNKS7101.ZP8","8839112918.8216"
"TOPLAM","2023-Q2","TP.FINHESTNKS7101.ZP9","5111762299.8539"
"TOPLAM","2023-Q2","TP.FINHESTNKS7101.ZP10","627782926.7014"
"TOPLAM","2023-Q2","TP.FINHESTNKS7101.ZP11","4483979373.1526"
"TOPLAM","2023-Q2","TP.FINHESTNKS7101.ZP12","11213805771.9468"
"TOPLAM","2023-Q2","TP.FINHESTNKS7101.ZP13","6768539993.1906"
"TOPLAM","2023-Q2","TP.FINHESTNKS7101.ZP14","4445265778.7562"
"TOPLAM","2023-Q2","TP.FINHESTNKS7101.ZP15","5556577708.4902"
"TOPLAM","2023-Q2","TP.FINHESTNKS7101.ZP16","4452938825.3841"
"TOPLAM","2023-Q2","TP.FINHESTNKS7101.ZP17","1103638883.1061"
"TOPLAM","2023-Q2","TP.FINHESTNKS7101.ZP18","79794523.143"
"TOPLAM","2023-Q2","TP.FINHESTNKS7101.ZP19","1023844359.9631"
"TOPLAM","2023-Q2","TP.FINHESTNKS7101.ZP20","904919837.3024"
"TOPLAM","2023-Q2","TP.FINHESTNKS7101.ZP21","229150694.8684"
"TOPLAM","2023-Q2","TP.FINHESTNKS7101.ZP22","4712693947.4903"
"TOPLAM","2023-Q2","TP.FINHESTNKS7101.ZP23","43568923369.8371"
"TOPLAM","2023-Q2","TP.FINHESTNKS7101.ZP24","190955569"
"TOPLAM","2023-Q2","TP.FINHESTNKS7101.ZP26","190955569"
"TOPLAM","2023-Q2","TP.FINHESTNKS7101.ZP27","12794876904.0921"
"TOPLAM","2023-Q2","TP.FINHESTNKS7101.ZP28","469600160.0986"
"TOPLAM","2023-Q2","TP.FINHESTNKS7101.ZP29","4399113247.3521"
"TOPLAM","2023-Q2","TP.FINHESTNKS7101.ZP30","7926163496.6413"
"TOPLAM","2023-Q2","TP.FINHESTNKS7101.ZP31","6434783005.254"
"TOPLAM","2023-Q2","TP.FINHESTNKS7101.ZP32","650518533.4753"
"TOPLAM","2023-Q2","TP.FINHESTNKS7101.ZP33","5784264471.7787"
"TOPLAM","2023-Q2","TP.FINHESTNKS7101.ZP34","15648148503.9468"
"TOPLAM","2023-Q2","TP.FINHESTNKS7101.ZP35","6930451247.769"
"TOPLAM","2023-Q2","TP.FINHESTNKS7101.ZP36","8717697256.1778"
"TOPLAM","2023-Q2","TP.FINHESTNKS7101.ZP37","8183071032.5902"
"TOPLAM","2023-Q2","TP.FINHESTNKS7101.ZP38","7079432149.4841"
"TOPLAM","2023-Q2","TP.FINHESTNKS7101.ZP39","1103638883.1061"
"TOPLAM","2023-Q2","TP.FINHESTNKS7101.ZP40","93666062.5592"
"TOPLAM","2023-Q2","TP.FINHESTNKS7101.ZP41","1009972820.5469"
"TOPLAM","2023-Q2","TP.FINHESTNKS7101.ZP42","904919837.3024"
"TOPLAM","2023-Q2","TP.FINHESTNKS7101.ZP43","149651046.8684"
"TOPLAM","2023-Q2","TP.FINHESTNKS7101.ZP44","4882036229.3201"
"TOPLAM","2023-Q2","TP.FINHESTNKS7101.ZP45","49188442128.3739"
"TOPLAM","2023-Q3","TP.FINHESTNKS7101.ZP1","-7989875514.371"
"TOPLAM","2023-Q3","TP.FINHESTNKS7101.ZP2","1311019123"
"TOPLAM","2023-Q3","TP.FINHESTNKS7101.ZP3","1112214063"
"TOPLAM","2023-Q3","TP.FINHESTNKS7101.ZP4","198805060"
"TOPLAM","2023-Q3","TP.FINHESTNKS7101.ZP5","16787345708.7776"
"TOPLAM","2023-Q3","TP.FINHESTNKS7101.ZP6","702631653.6148"
"TOPLAM","2023-Q3","TP.FINHESTNKS7101.ZP7","5457324096.29"
"TOPLAM","2023-Q3","TP.FINHESTNKS7101.ZP8","10627389958.8728"
"TOPLAM","2023-Q3","TP.FINHESTNKS7101.ZP9","5463513169.2282"
"TOPLAM","2023-Q3","TP.FINHESTNKS7101.ZP10","679621873.1195"
"TOPLAM","2023-Q3","TP.FINHESTNKS7101.ZP11","4783891296.1088"
"TOPLAM","2023-Q3","TP.FINHESTNKS7101.ZP12","11939079260.0882"
"TOPLAM","2023-Q3","TP.FINHESTNKS7101.ZP13","7294153604.5694"
"TOPLAM","2023-Q3","TP.FINHESTNKS7101.ZP14","4644925655.5188"
"TOPLAM","2023-Q3","TP.FINHESTNKS7101.ZP15","7472493593.0763"
"TOPLAM","2023-Q3","TP.FINHESTNKS7101.ZP16","6025678892.9338"
"TOPLAM","2023-Q3","TP.FINHESTNKS7101.ZP17","1446814700.1425"
"TOPLAM","2023-Q3","TP.FINHESTNKS7101.ZP18","125655464.8393"
"TOPLAM","2023-Q3","TP.FINHESTNKS7101.ZP19","1321159235.3032"
"TOPLAM","2023-Q3","TP.FINHESTNKS7101.ZP20","1046041649.4235"
"TOPLAM","2023-Q3","TP.FINHESTNKS7101.ZP21","203524936.2903"
"TOPLAM","2023-Q3","TP.FINHESTNKS7101.ZP22","5005671135.6855"
"TOPLAM","2023-Q3","TP.FINHESTNKS7101.ZP23","49228688575.5696"
"TOPLAM","2023-Q3","TP.FINHESTNKS7101.ZP24","198805060"
"TOPLAM","2023-Q3","TP.FINHESTNKS7101.ZP26","198805060"
"TOPLAM","2023-Q3","TP.FINHESTNKS7101.ZP27","14577142772.6635"
"TOPLAM","2023-Q3","TP.FINHESTNKS7101.ZP28","414690725.0159"
"TOPLAM","2023-Q3","TP.FINHESTNKS7101.ZP29","4855886605.4747"
"TOPLAM","2023-Q3","TP.FINHESTNKS7101.ZP30","9306565442.173"
"TOPLAM","2023-Q3","TP.FINHESTNKS7101.ZP31","6961336294.2283"
"TOPLAM","2023-Q3","TP.FINHESTNKS7101.ZP32","703960044.0054"
"TOPLAM","2023-Q3","TP.FINHESTNKS7101.ZP33","6257376250.2229"
"TOPLAM","2023-Q3","TP.FINHESTNKS7101.ZP34","16677226385.0882"
"TOPLAM","2023-Q3","TP.FINHESTNKS7101.ZP35","7531897289.1043"
"TOPLAM","2023-Q3","TP.FINHESTNKS7101.ZP36","9145329095.9838"
"TOPLAM","2023-Q3","TP.FINHESTNKS7101.ZP37","12422441093.0763"
"TOPLAM","2023-Q3","TP.FINHESTNKS7101.ZP38","10975626392.9338"
"TOPLAM","2023-Q3","TP.FINHESTNKS7101.ZP39","1446814700.1425"
"TOPLAM","2023-Q3","TP.FINHESTNKS7101.ZP40","126847067.5085"
"TOPLAM","2023-Q3","TP.FINHESTNKS7101.ZP41","1319967632.6339"
"TOPLAM","2023-Q3","TP.FINHESTNKS7101.ZP42","1046041649.4235"
"TOPLAM","2023-Q3","TP.FINHESTNKS7101.ZP43","113715462.2903"
"TOPLAM","2023-Q3","TP.FINHESTNKS7101.ZP44","5221855373.1705"
"TOPLAM","2023-Q3","TP.FINHESTNKS7101.ZP45","57218564089.9406"
"TOPLAM","2023-Q4","TP.FINHESTNKS7101.ZP1","-8203476549.5722"
"TOPLAM","2023-Q4","TP.FINHESTNKS7101.ZP2","1637205481"
"TOPLAM","2023-Q4","TP.FINHESTNKS7101.ZP3","1417869832"
"TOPLAM","2023-Q4","TP.FINHESTNKS7101.ZP4","219335649"
"TOPLAM","2023-Q4","TP.FINHESTNKS7101.ZP5","19030188562.8804"
"TOPLAM","2023-Q4","TP.FINHESTNKS7101.ZP6","703595871.3317"
"TOPLAM","2023-Q4","TP.FINHESTNKS7101.ZP7","5963681290.957"
"TOPLAM","2023-Q4","TP.FINHESTNKS7101.ZP8","12362911400.5917"
"TOPLAM","2023-Q4","TP.FINHESTNKS7101.ZP9","6020725690.4366"
"TOPLAM","2023-Q4","TP.FINHESTNKS7101.ZP10","754564571.9239"
"TOPLAM","2023-Q4","TP.FINHESTNKS7101.ZP11","5266161118.5127"
"TOPLAM","2023-Q4","TP.FINHESTNKS7101.ZP12","12843067370.0217"
"TOPLAM","2023-Q4","TP.FINHESTNKS7101.ZP13","7912782350.3741"
"TOPLAM","2023-Q4","TP.FINHESTNKS7101.ZP14","4930285019.6476"
"TOPLAM","2023-Q4","TP.FINHESTNKS7101.ZP15","9026372382.1632"
"TOPLAM","2023-Q4","TP.FINHESTNKS7101.ZP16","7310909794.0116"
"TOPLAM","2023-Q4","TP.FINHESTNKS7101.ZP17","1715462588.1516"
"TOPLAM","2023-Q4","TP.FINHESTNKS7101.ZP18","139094310.9843"
"TOPLAM","2023-Q4","TP.FINHESTNKS7101.ZP19","1576368277.1673"
"TOPLAM","2023-Q4","TP.FINHESTNKS7101.ZP20","1210063036.4407"
"TOPLAM","2023-Q4","TP.FINHESTNKS7101.ZP21","178623570.0556"
"TOPLAM","2023-Q4","TP.FINHESTNKS7101.ZP22","5750456839.336"
"TOPLAM","2023-Q4","TP.FINHESTNKS7101.ZP23","55696702932.3343"
"TOPLAM","2023-Q4","TP.FINHESTNKS7101.ZP24","219335649"
"TOPLAM","2023-Q4","TP.FINHESTNKS7101.ZP26","219335649"
"TOPLAM","2023-Q4","TP.FINHESTNKS7101.ZP27","16430951261.7753"
"TOPLAM","2023-Q4","TP.FINHESTNKS7101.ZP28","408009915.1926"
"TOPLAM","2023-Q4","TP.FINHESTNKS7101.ZP29","5256520085.1194"
"TOPLAM","2023-Q4","TP.FINHESTNKS7101.ZP30","10766421261.4634"
"TOPLAM","2023-Q4","TP.FINHESTNKS7101.ZP31","7865005279.6905"
"TOPLAM","2023-Q4","TP.FINHESTNKS7101.ZP32","780992647.3945"
"TOPLAM","2023-Q4","TP.FINHESTNKS7101.ZP33","7084012632.296"
"TOPLAM","2023-Q4","TP.FINHESTNKS7101.ZP34","18135644456.0217"
"TOPLAM","2023-Q4","TP.FINHESTNKS7101.ZP35","8172549538.8881"
"TOPLAM","2023-Q4","TP.FINHESTNKS7101.ZP36","9963094917.1336"
"TOPLAM","2023-Q4","TP.FINHESTNKS7101.ZP37","14014690518.1632"
"TOPLAM","2023-Q4","TP.FINHESTNKS7101.ZP38","12299227930.0116"
"TOPLAM","2023-Q4","TP.FINHESTNKS7101.ZP39","1715462588.1516"
"TOPLAM","2023-Q4","TP.FINHESTNKS7101.ZP40","147874389.3739"
"TOPLAM","2023-Q4","TP.FINHESTNKS7101.ZP41","1567588198.7777"
"TOPLAM","2023-Q4","TP.FINHESTNKS7101.ZP42","1210063036.4407"
"TOPLAM","2023-Q4","TP.FINHESTNKS7101.ZP43","81677876.0556"
"TOPLAM","2023-Q4","TP.FINHESTNKS7101.ZP44","5942811404.7594"
"TOPLAM","2023-Q4","TP.FINHESTNKS7101.ZP45","63900179481.9065"
"TOPLAM","2024-Q1","TP.FINHESTNKS7101.ZP1","-10324512903.9993"
"TOPLAM","2024-Q1","TP.FINHESTNKS7101.ZP2","1990991618"
"TOPLAM","2024-Q1","TP.FINHESTNKS7101.ZP3","1754221328"
"TOPLAM","2024-Q1","TP.FINHESTNKS7101.ZP4","236770290"
"TOPLAM","2024-Q1","TP.FINHESTNKS7101.ZP5","18876679740.0109"
"TOPLAM","2024-Q1","TP.FINHESTNKS7101.ZP6","725650662.8016"
"TOPLAM","2024-Q1","TP.FINHESTNKS7101.ZP7","6899042887.0621"
"TOPLAM","2024-Q1","TP.FINHESTNKS7101.ZP8","11251986190.1472"
"TOPLAM","2024-Q1","TP.FINHESTNKS7101.ZP9","7082341095.2686"
"TOPLAM","2024-Q1","TP.FINHESTNKS7101.ZP10","829104614.4532"
"TOPLAM","2024-Q1","TP.FINHESTNKS7101.ZP11","6253236480.8154"
"TOPLAM","2024-Q1","TP.FINHESTNKS7101.ZP12","14677793551.209"
"TOPLAM","2024-Q1","TP.FINHESTNKS7101.ZP13","8955816687.9941"
"TOPLAM","2024-Q1","TP.FINHESTNKS7101.ZP14","5721976863.2149"
"TOPLAM","2024-Q1","TP.FINHESTNKS7101.ZP15","10688988751.8182"
"TOPLAM","2024-Q1","TP.FINHESTNKS7101.ZP16","8263534682.2999"
"TOPLAM","2024-Q1","TP.FINHESTNKS7101.ZP17","2425454069.5183"
"TOPLAM","2024-Q1","TP.FINHESTNKS7101.ZP18","264912671.0652"
"TOPLAM","2024-Q1","TP.FINHESTNKS7101.ZP19","2160541398.4531"
"TOPLAM","2024-Q1","TP.FINHESTNKS7101.ZP20","1439813373.4048"
"TOPLAM","2024-Q1","TP.FINHESTNKS7101.ZP21","222997416.9013"
"TOPLAM","2024-Q1","TP.FINHESTNKS7101.ZP22","6484683984.8714"
"TOPLAM","2024-Q1","TP.FINHESTNKS7101.ZP23","61464289531.4843"
"TOPLAM","2024-Q1","TP.FINHESTNKS7101.ZP24","236770290"
"TOPLAM","2024-Q1","TP.FINHESTNKS7101.ZP26","236770290"
"TOPLAM","2024-Q1","TP.FINHESTNKS7101.ZP27","17003558640.0376"
"TOPLAM","2024-Q1","TP.FINHESTNKS7101.ZP28","445889725.0508"
"TOPLAM","2024-Q1","TP.FINHESTNKS7101.ZP29","5971479497.5007"
"TOPLAM","2024-Q1","TP.FINHESTNKS7101.ZP30","10586189417.4861"
"TOPLAM","2024-Q1","TP.FINHESTNKS7101.ZP31","8904587487.2845"
"TOPLAM","2024-Q1","TP.FINHESTNKS7101.ZP32","853855611.5563"
"TOPLAM","2024-Q1","TP.FINHESTNKS7101.ZP33","8050731875.7282"
"TOPLAM","2024-Q1","TP.FINHESTNKS7101.ZP34","20411540470.209"
"TOPLAM","2024-Q1","TP.FINHESTNKS7101.ZP35","9207263879.4205"
"TOPLAM","2024-Q1","TP.FINHESTNKS7101.ZP36","11204276590.7885"
"TOPLAM","2024-Q1","TP.FINHESTNKS7101.ZP37","17162305504.8182"
"TOPLAM","2024-Q1","TP.FINHESTNKS7101.ZP38","14736851435.2999"
"TOPLAM","2024-Q1","TP.FINHESTNKS7101.ZP39","2425454069.5183"
"TOPLAM","2024-Q1","TP.FINHESTNKS7101.ZP40","289347714.031"
"TOPLAM","2024-Q1","TP.FINHESTNKS7101.ZP41","2136106355.4873"
"TOPLAM","2024-Q1","TP.FINHESTNKS7101.ZP42","1439813373.4048"
"TOPLAM","2024-Q1","TP.FINHESTNKS7101.ZP43","98690716.9013"
"TOPLAM","2024-Q1","TP.FINHESTNKS7101.ZP44","6531535952.8281"
"TOPLAM","2024-Q1","TP.FINHESTNKS7101.ZP45","71788802435.4836"
"TOPLAM","2024-Q2","TP.FINHESTNKS7101.ZP1","-10845013593.6712"
"TOPLAM","2024-Q2","TP.FINHESTNKS7101.ZP2","2146692445"
"TOPLAM","2024-Q2","TP.FINHESTNKS7101.ZP3","1907349949"
"TOPLAM","2024-Q2","TP.FINHESTNKS7101.ZP4","239342496"
"TOPLAM","2024-Q2","TP.FINHESTNKS7101.ZP5","20651145977.6757"
"TOPLAM","2024-Q2","TP.FINHESTNKS7101.ZP6","817420510.651"
"TOPLAM","2024-Q2","TP.FINHESTNKS7101.ZP7","7172687869.7418"
"TOPLAM","2024-Q2","TP.FINHESTNKS7101.ZP8","12661037597.2829"
"TOPLAM","2024-Q2","TP.FINHESTNKS7101.ZP9","7188140549.5141"
"TOPLAM","2024-Q2","TP.FINHESTNKS7101.ZP10","852147195.0106"
"TOPLAM","2024-Q2","TP.FINHESTNKS7101.ZP11","6335993354.5034"
"TOPLAM","2024-Q2","TP.FINHESTNKS7101.ZP12","15696659320.1055"
"TOPLAM","2024-Q2","TP.FINHESTNKS7101.ZP13","9735909222.0678"
"TOPLAM","2024-Q2","TP.FINHESTNKS7101.ZP14","5960750098.0377"
"TOPLAM","2024-Q2","TP.FINHESTNKS7101.ZP15","12063994455.7566"
"TOPLAM","2024-Q2","TP.FINHESTNKS7101.ZP16","9113217832.2532"
"TOPLAM","2024-Q2","TP.FINHESTNKS7101.ZP17","2950776623.5034"
"TOPLAM","2024-Q2","TP.FINHESTNKS7101.ZP18","539530149.9579"
"TOPLAM","2024-Q2","TP.FINHESTNKS7101.ZP19","2411246473.5455"
"TOPLAM","2024-Q2","TP.FINHESTNKS7101.ZP20","1620980781.477"
"TOPLAM","2024-Q2","TP.FINHESTNKS7101.ZP21","191186031.9549"
"TOPLAM","2024-Q2","TP.FINHESTNKS7101.ZP22","6423308008.5008"
"TOPLAM","2024-Q2","TP.FINHESTNKS7101.ZP23","65982107569.9845"
"TOPLAM","2024-Q2","TP.FINHESTNKS7101.ZP24","239342496"
"TOPLAM","2024-Q2","TP.FINHESTNKS7101.ZP26","239342496"
"TOPLAM","2024-Q2","TP.FINHESTNKS7101.ZP27","18164886982.2751"
"TOPLAM","2024-Q2","TP.FINHESTNKS7101.ZP28","556963609.233"
"TOPLAM","2024-Q2","TP.FINHESTNKS7101.ZP29","6107551965.1078"
"TOPLAM","2024-Q2","TP.FINHESTNKS7101.ZP30","11500371407.9343"
"TOPLAM","2024-Q2","TP.FINHESTNKS7101.ZP31","9430326983.5141"
"TOPLAM","2024-Q2","TP.FINHESTNKS7101.ZP32","881194664.8444"
"TOPLAM","2024-Q2","TP.FINHESTNKS7101.ZP33","8549132318.6696"
"TOPLAM","2024-Q2","TP.FINHESTNKS7101.ZP34","21757564393.1055"
"TOPLAM","2024-Q2","TP.FINHESTNKS7101.ZP35","10080888715.4695"
"TOPLAM","2024-Q2","TP.FINHESTNKS7101.ZP36","11676675677.636"
"TOPLAM","2024-Q2","TP.FINHESTNKS7101.ZP37","19008289587.7566"
"TOPLAM","2024-Q2","TP.FINHESTNKS7101.ZP38","16057512964.2532"
"TOPLAM","2024-Q2","TP.FINHESTNKS7101.ZP39","2950776623.5034"
"TOPLAM","2024-Q2","TP.FINHESTNKS7101.ZP40","526824203.3551"
"TOPLAM","2024-Q2","TP.FINHESTNKS7101.ZP41","2423952420.1483"
"TOPLAM","2024-Q2","TP.FINHESTNKS7101.ZP42","1620980781.477"
"TOPLAM","2024-Q2","TP.FINHESTNKS7101.ZP43","118699358.9549"
"TOPLAM","2024-Q2","TP.FINHESTNKS7101.ZP44","6487030580.5726"
"TOPLAM","2024-Q2","TP.FINHESTNKS7101.ZP45","76827121163.6557"
"TOPLAM","2024-Q3","TP.FINHESTNKS7101.ZP1","-9506306855.8945"
"TOPLAM","2024-Q3","TP.FINHESTNKS7101.ZP2","2415720307"
"TOPLAM","2024-Q3","TP.FINHESTNKS7101.ZP3","2159953008"
"TOPLAM","2024-Q3","TP.FINHESTNKS7101.ZP4","255767299"
"TOPLAM","2024-Q3","TP.FINHESTNKS7101.ZP5","22014901154.9735"
"TOPLAM","2024-Q3","TP.FINHESTNKS7101.ZP6","861409343.4519"
"TOPLAM","2024-Q3","TP.FINHESTNKS7101.ZP7","7792863665.685"
"TOPLAM","2024-Q3","TP.FINHESTNKS7101.ZP8","13360628145.8367"
"TOPLAM","2024-Q3","TP.FINHESTNKS7101.ZP9","8197768607.3867"
"TOPLAM","2024-Q3","TP.FINHESTNKS7101.ZP10","939891107.1014"
"TOPLAM","2024-Q3","TP.FINHESTNKS7101.ZP11","7257877500.2853"
"TOPLAM","2024-Q3","TP.FINHESTNKS7101.ZP12","17002052345.1325"
"TOPLAM","2024-Q3","TP.FINHESTNKS7101.ZP13","11072259438.8582"
"TOPLAM","2024-Q3","TP.FINHESTNKS7101.ZP14","5929792906.2742"
"TOPLAM","2024-Q3","TP.FINHESTNKS7101.ZP15","12902986389.8507"
"TOPLAM","2024-Q3","TP.FINHESTNKS7101.ZP16","9101494252.9129"
"TOPLAM","2024-Q3","TP.FINHESTNKS7101.ZP17","3801492136.9378"
"TOPLAM","2024-Q3","TP.FINHESTNKS7101.ZP18","921006802.9758"
"TOPLAM","2024-Q3","TP.FINHESTNKS7101.ZP19","2880485333.962"
"TOPLAM","2024-Q3","TP.FINHESTNKS7101.ZP20","1766920103.0651"
"TOPLAM","2024-Q3","TP.FINHESTNKS7101.ZP21","218326563.5584"
"TOPLAM","2024-Q3","TP.FINHESTNKS7101.ZP22","7081914397.8199"
"TOPLAM","2024-Q3","TP.FINHESTNKS7101.ZP23","71600589868.7867"
"TOPLAM","2024-Q3","TP.FINHESTNKS7101.ZP24","255767299"
"TOPLAM","2024-Q3","TP.FINHESTNKS7101.ZP26","255767299"
"TOPLAM","2024-Q3","TP.FINHESTNKS7101.ZP27","19406119725.2743"
"TOPLAM","2024-Q3","TP.FINHESTNKS7101.ZP28","598393309.2182"
"TOPLAM","2024-Q3","TP.FINHESTNKS7101.ZP29","6601572881.6486"
"TOPLAM","2024-Q3","TP.FINHESTNKS7101.ZP30","12206153534.4076"
"TOPLAM","2024-Q3","TP.FINHESTNKS7101.ZP31","10489162047.3867"
"TOPLAM","2024-Q3","TP.FINHESTNKS7101.ZP32","960033768.3421"
"TOPLAM","2024-Q3","TP.FINHESTNKS7101.ZP33","9529128279.0445"
"TOPLAM","2024-Q3","TP.FINHESTNKS7101.ZP34","23490572495.1325"
"TOPLAM","2024-Q3","TP.FINHESTNKS7101.ZP35","11386253987.8971"
"TOPLAM","2024-Q3","TP.FINHESTNKS7101.ZP36","12104318507.2354"
"TOPLAM","2024-Q3","TP.FINHESTNKS7101.ZP37","18431429869.8507"
"TOPLAM","2024-Q3","TP.FINHESTNKS7101.ZP38","14629937732.9129"
"TOPLAM","2024-Q3","TP.FINHESTNKS7101.ZP39","3801492136.9378"
"TOPLAM","2024-Q3","TP.FINHESTNKS7101.ZP40","935712452.6764"
"TOPLAM","2024-Q3","TP.FINHESTNKS7101.ZP41","2865779684.2614"
"TOPLAM","2024-Q3","TP.FINHESTNKS7101.ZP42","1766920103.0651"
"TOPLAM","2024-Q3","TP.FINHESTNKS7101.ZP43","128291925.5584"
"TOPLAM","2024-Q3","TP.FINHESTNKS7101.ZP44","7138633259.4136"
"TOPLAM","2024-Q3","TP.FINHESTNKS7101.ZP45","81106896724.6812"
"TOPLAM","2024-Q4","TP.FINHESTNKS7101.ZP1","-10840420487.5912"
"TOPLAM","2024-Q4","TP.FINHESTNKS7101.ZP2","2521771241"
"TOPLAM","2024-Q4","TP.FINHESTNKS7101.ZP3","2266929626"
"TOPLAM","2024-Q4","TP.FINHESTNKS7101.ZP4","254841615"
"TOPLAM","2024-Q4","TP.FINHESTNKS7101.ZP5","22676567760.3898"
"TOPLAM","2024-Q4","TP.FINHESTNKS7101.ZP6","831574911.4356"
"TOPLAM","2024-Q4","TP.FINHESTNKS7101.ZP7","7870670777.4701"
"TOPLAM","2024-Q4","TP.FINHESTNKS7101.ZP8","13974322071.4841"
"TOPLAM","2024-Q4","TP.FINHESTNKS7101.ZP9","9084490335.2054"
"TOPLAM","2024-Q4","TP.FINHESTNKS7101.ZP10","1026728447.1744"
"TOPLAM","2024-Q4","TP.FINHESTNKS7101.ZP11","8057761888.031"
"TOPLAM","2024-Q4","TP.FINHESTNKS7101.ZP12","18126042774.8163"
"TOPLAM","2024-Q4","TP.FINHESTNKS7101.ZP13","11371638869.3337"
"TOPLAM","2024-Q4","TP.FINHESTNKS7101.ZP14","6754403905.4827"
"TOPLAM","2024-Q4","TP.FINHESTNKS7101.ZP15","14792813230.4977"
"TOPLAM","2024-Q4","TP.FINHESTNKS7101.ZP16","10312293103.133"
"TOPLAM","2024-Q4","TP.FINHESTNKS7101.ZP17","4480520127.3647"
"TOPLAM","2024-Q4","TP.FINHESTNKS7101.ZP18","1285590734.9992"
"TOPLAM","2024-Q4","TP.FINHESTNKS7101.ZP19","3194929392.3655"
"TOPLAM","2024-Q4","TP.FINHESTNKS7101.ZP20","1990559893.0302"
"TOPLAM","2024-Q4","TP.FINHESTNKS7101.ZP21","202321900.6503"
"TOPLAM","2024-Q4","TP.FINHESTNKS7101.ZP22","7732440531.2158"
"TOPLAM","2024-Q4","TP.FINHESTNKS7101.ZP23","77127007666.8056"
"TOPLAM","2024-Q4","TP.FINHESTNKS7101.ZP24","254841615"
"TOPLAM","2024-Q4","TP.FINHESTNKS7101.ZP26","254841615"
"TOPLAM","2024-Q4","TP.FINHESTNKS7101.ZP27","20273876676.4748"
"TOPLAM","2024-Q4","TP.FINHESTNKS7101.ZP28","586653336.5986"
"TOPLAM","2024-Q4","TP.FINHESTNKS7101.ZP29","6805873256.1709"
"TOPLAM","2024-Q4","TP.FINHESTNKS7101.ZP30","12881350083.7053"
"TOPLAM","2024-Q4","TP.FINHESTNKS7101.ZP31","11352147075.2054"
"TOPLAM","2024-Q4","TP.FINHESTNKS7101.ZP32","1041151822.4294"
"TOPLAM","2024-Q4","TP.FINHESTNKS7101.ZP33","10310995252.776"
"TOPLAM","2024-Q4","TP.FINHESTNKS7101.ZP34","24975331239.8163"
"TOPLAM","2024-Q4","TP.FINHESTNKS7101.ZP35","11901599242.414"
"TOPLAM","2024-Q4","TP.FINHESTNKS7101.ZP36","13073731997.4023"
"TOPLAM","2024-Q4","TP.FINHESTNKS7101.ZP37","21052574344.4977"
"TOPLAM","2024-Q4","TP.FINHESTNKS7101.ZP38","16572054217.133"
"TOPLAM","2024-Q4","TP.FINHESTNKS7101.ZP39","4480520127.3647"
"TOPLAM","2024-Q4","TP.FINHESTNKS7101.ZP40","1297636364.651"
"TOPLAM","2024-Q4","TP.FINHESTNKS7101.ZP41","3182883762.7137"
"TOPLAM","2024-Q4","TP.FINHESTNKS7101.ZP42","1990559893.0302"
"TOPLAM","2024-Q4","TP.FINHESTNKS7101.ZP43","131748017.6503"
"TOPLAM","2024-Q4","TP.FINHESTNKS7101.ZP44","7936349292.722"
"TOPLAM","2024-Q4","TP.FINHESTNKS7101.ZP45","87967428154.3968"
"TOPLAM","2025-Q1","TP.FINHESTNKS7101.ZP1","-10987251695.0646"
"TOPLAM","2025-Q1","TP.FINHESTNKS7101.ZP2","3157860403"
"TOPLAM","2025-Q1","TP.FINHESTNKS7101.ZP3","2879143114"
"TOPLAM","2025-Q1","TP.FINHESTNKS7101.ZP4","278717289"
"TOPLAM","2025-Q1","TP.FINHESTNKS7101.ZP5","24675387353.6571"
"TOPLAM","2025-Q1","TP.FINHESTNKS7101.ZP6","1005135945.3887"
"TOPLAM","2025-Q1","TP.FINHESTNKS7101.ZP7","9298725022.8299"
"TOPLAM","2025-Q1","TP.FINHESTNKS7101.ZP8","14371526385.4384"
"TOPLAM","2025-Q1","TP.FINHESTNKS7101.ZP9","10134952096.4215"
"TOPLAM","2025-Q1","TP.FINHESTNKS7101.ZP10","1166704872.9829"
"TOPLAM","2025-Q1","TP.FINHESTNKS7101.ZP11","8968247223.4385"
"TOPLAM","2025-Q1","TP.FINHESTNKS7101.ZP12","20304553272.3351"
"TOPLAM","2025-Q1","TP.FINHESTNKS7101.ZP13","12569210414.4401"
"TOPLAM","2025-Q1","TP.FINHESTNKS7101.ZP14","7735342857.895"
"TOPLAM","2025-Q1","TP.FINHESTNKS7101.ZP15","15478147054.679"
"TOPLAM","2025-Q1","TP.FINHESTNKS7101.ZP16","10624451595.5111"
"TOPLAM","2025-Q1","TP.FINHESTNKS7101.ZP17","4853695459.1679"
"TOPLAM","2025-Q1","TP.FINHESTNKS7101.ZP18","794468501.8091"
"TOPLAM","2025-Q1","TP.FINHESTNKS7101.ZP19","4059226957.3587"
"TOPLAM","2025-Q1","TP.FINHESTNKS7101.ZP20","2260746026.7765"
"TOPLAM","2025-Q1","TP.FINHESTNKS7101.ZP21","327412073.6705"
"TOPLAM","2025-Q1","TP.FINHESTNKS7101.ZP22","8345821446.2421"
"TOPLAM","2025-Q1","TP.FINHESTNKS7101.ZP23","84684879726.7817"
"TOPLAM","2025-Q1","TP.FINHESTNKS7101.ZP24","278717289"
"TOPLAM","2025-Q1","TP.FINHESTNKS7101.ZP26","278717289"
"TOPLAM","2025-Q1","TP.FINHESTNKS7101.ZP27","22251522056.1377"
"TOPLAM","2025-Q1","TP.FINHESTNKS7101.ZP28","760703420.955"
"TOPLAM","2025-Q1","TP.FINHESTNKS7101.ZP29","7902786481.7523"
"TOPLAM","2025-Q1","TP.FINHESTNKS7101.ZP30","13588032153.4304"
"TOPLAM","2025-Q1","TP.FINHESTNKS7101.ZP31","12538039166.0215"
"TOPLAM","2025-Q1","TP.FINHESTNKS7101.ZP32","1193137682.9481"
"TOPLAM","2025-Q1","TP.FINHESTNKS7101.ZP33","11344901483.0734"
"TOPLAM","2025-Q1","TP.FINHESTNKS7101.ZP34","28209644213.0121"
"TOPLAM","2025-Q1","TP.FINHESTNKS7101.ZP35","13152341877.7166"
"TOPLAM","2025-Q1","TP.FINHESTNKS7101.ZP36","15057302335.2955"
"TOPLAM","2025-Q1","TP.FINHESTNKS7101.ZP37","21434314732.979"
"TOPLAM","2025-Q1","TP.FINHESTNKS7101.ZP38","16580619273.8111"
"TOPLAM","2025-Q1","TP.FINHESTNKS7101.ZP39","4853695459.1679"
"TOPLAM","2025-Q1","TP.FINHESTNKS7101.ZP40","794468501.8091"
"TOPLAM","2025-Q1","TP.FINHESTNKS7101.ZP41","4059226957.3587"
"TOPLAM","2025-Q1","TP.FINHESTNKS7101.ZP42","2260746026.7765"
"TOPLAM","2025-Q1","TP.FINHESTNKS7101.ZP43","207377925.6705"
"TOPLAM","2025-Q1","TP.FINHESTNKS7101.ZP44","8491770012.249"
"TOPLAM","2025-Q1","TP.FINHESTNKS7101.ZP45","95672131421.8463"
"TOPLAM","2025-Q2","TP.FINHESTNKS7101.ZP1","-12075907375.5723"
"TOPLAM","2025-Q2","TP.FINHESTNKS7101.ZP2","3604792471"
"TOPLAM","2025-Q2","TP.FINHESTNKS7101.ZP3","3302301377"
"TOPLAM","2025-Q2","TP.FINHESTNKS7101.ZP4","302491094"
"TOPLAM","2025-Q2","TP.FINHESTNKS7101.ZP5","26987527285.7214"
"TOPLAM","2025-Q2","TP.FINHESTNKS7101.ZP6","1013568537.3348"
"TOPLAM","2025-Q2","TP.FINHESTNKS7101.ZP7","10833591001.9915"
"TOPLAM","2025-Q2","TP.FINHESTNKS7101.ZP8","15140367746.3951"
"TOPLAM","2025-Q2","TP.FINHESTNKS7101.ZP9","11009488837.3066"
"TOPLAM","2025-Q2","TP.FINHESTNKS7101.ZP10","1378618527.1676"
"TOPLAM","2025-Q2","TP.FINHESTNKS7101.ZP11","9630870310.139"
"TOPLAM","2025-Q2","TP.FINHESTNKS7101.ZP12","22586278436.5636"
"TOPLAM","2025-Q2","TP.FINHESTNKS7101.ZP13","14306795765.5352"
"TOPLAM","2025-Q2","TP.FINHESTNKS7101.ZP14","8279482671.0284"
"TOPLAM","2025-Q2","TP.FINHESTNKS7101.ZP15","17534401737.8685"
"TOPLAM","2025-Q2","TP.FINHESTNKS7101.ZP16","11641044582.2985"
"TOPLAM","2025-Q2","TP.FINHESTNKS7101.ZP17","5893357155.5701"
"TOPLAM","2025-Q2","TP.FINHESTNKS7101.ZP18","1041457298.5159"
"TOPLAM","2025-Q2","TP.FINHESTNKS7101.ZP19","4851899857.0542"
"TOPLAM","2025-Q2","TP.FINHESTNKS7101.ZP20","2504723651.2053"
"TOPLAM","2025-Q2","TP.FINHESTNKS7101.ZP21","223908062.0295"
"TOPLAM","2025-Q2","TP.FINHESTNKS7101.ZP22","9258528167.2363"
"TOPLAM","2025-Q2","TP.FINHESTNKS7101.ZP23","93709648648.9312"
"TOPLAM","2025-Q2","TP.FINHESTNKS7101.ZP24","302491094"
"TOPLAM","2025-Q2","TP.FINHESTNKS7101.ZP26","302491094"
"TOPLAM","2025-Q2","TP.FINHESTNKS7101.ZP27","24476020914.019"
"TOPLAM","2025-Q2","TP.FINHESTNKS7101.ZP28","739253732.263"
"TOPLAM","2025-Q2","TP.FINHESTNKS7101.ZP29","9342853973.3019"
"TOPLAM","2025-Q2","TP.FINHESTNKS7101.ZP30","14393913208.4541"
"TOPLAM","2025-Q2","TP.FINHESTNKS7101.ZP31","13932910357.3066"
"TOPLAM","2025-Q2","TP.FINHESTNKS7101.ZP32","1422026409.751"
"TOPLAM","2025-Q2","TP.FINHESTNKS7101.ZP33","12510883947.5555"
"TOPLAM","2025-Q2","TP.FINHESTNKS7101.ZP34","31331147461.1436"
"TOPLAM","2025-Q2","TP.FINHESTNKS7101.ZP35","14612652907.3652"
"TOPLAM","2025-Q2","TP.FINHESTNKS7101.ZP36","16718494553.7784"
"TOPLAM","2025-Q2","TP.FINHESTNKS7101.ZP37","23566204045.8685"
"TOPLAM","2025-Q2","TP.FINHESTNKS7101.ZP38","17672846890.2985"
"TOPLAM","2025-Q2","TP.FINHESTNKS7101.ZP39","5893357155.5701"
"TOPLAM","2025-Q2","TP.FINHESTNKS7101.ZP40","1041457298.5159"
"TOPLAM","2025-Q2","TP.FINHESTNKS7101.ZP41","4851899857.0542"
"TOPLAM","2025-Q2","TP.FINHESTNKS7101.ZP42","2504723651.2053"
"TOPLAM","2025-Q2","TP.FINHESTNKS7101.ZP43","203285621.0295"
"TOPLAM","2025-Q2","TP.FINHESTNKS7101.ZP44","9468772879.9311"
"TOPLAM","2025-Q2","TP.FINHESTNKS7101.ZP45","105785556024.503"
"TOPLAM","2025-Q3","TP.FINHESTNKS7101.ZP1","-11961660021.5784"
"TOPLAM","2025-Q3","TP.FINHESTNKS7101.ZP2","4372110090"
"TOPLAM","2025-Q3","TP.FINHESTNKS7101.ZP3","4057089042"
"TOPLAM","2025-Q3","TP.FINHESTNKS7101.ZP4","315021048"
"TOPLAM","2025-Q3","TP.FINHESTNKS7101.ZP5","30451709925.8283"
"TOPLAM","2025-Q3","TP.FINHESTNKS7101.ZP6","1054123156.5761"
"TOPLAM","2025-Q3","TP.FINHESTNKS7101.ZP7","12432036288.2459"
"TOPLAM","2025-Q3","TP.FINHESTNKS7101.ZP8","16965550481.0063"
"TOPLAM","2025-Q3","TP.FINHESTNKS7101.ZP9","13297138936.9488"
"TOPLAM","2025-Q3","TP.FINHESTNKS7101.ZP10","1683807141.715"
"TOPLAM","2025-Q3","TP.FINHESTNKS7101.ZP11","11613331795.2338"
"TOPLAM","2025-Q3","TP.FINHESTNKS7101.ZP12","24559223959.4164"
"TOPLAM","2025-Q3","TP.FINHESTNKS7101.ZP13","15345205894.5158"
"TOPLAM","2025-Q3","TP.FINHESTNKS7101.ZP14","9214018064.9007"
"TOPLAM","2025-Q3","TP.FINHESTNKS7101.ZP15","19739078489.2343"
"TOPLAM","2025-Q3","TP.FINHESTNKS7101.ZP16","12504005328.4701"
"TOPLAM","2025-Q3","TP.FINHESTNKS7101.ZP17","7235073160.7642"
"TOPLAM","2025-Q3","TP.FINHESTNKS7101.ZP18","1281719985.4471"
"TOPLAM","2025-Q3","TP.FINHESTNKS7101.ZP19","5953353175.3171"
"TOPLAM","2025-Q3","TP.FINHESTNKS7101.ZP20","2844623391.5652"
"TOPLAM","2025-Q3","TP.FINHESTNKS7101.ZP21","299234380.387"
"TOPLAM","2025-Q3","TP.FINHESTNKS7101.ZP22","10310941895.0446"
"TOPLAM","2025-Q3","TP.FINHESTNKS7101.ZP23","105874061068.425"
"TOPLAM","2025-Q3","TP.FINHESTNKS7101.ZP24","315021048"
"TOPLAM","2025-Q3","TP.FINHESTNKS7101.ZP26","315021048"
"TOPLAM","2025-Q3","TP.FINHESTNKS7101.ZP27","27735857548.3761"
"TOPLAM","2025-Q3","TP.FINHESTNKS7101.ZP28","792324266.9855"
"TOPLAM","2025-Q3","TP.FINHESTNKS7101.ZP29","10656450473.2557"
"TOPLAM","2025-Q3","TP.FINHESTNKS7101.ZP30","16287082808.1349"
"TOPLAM","2025-Q3","TP.FINHESTNKS7101.ZP31","16039119286.9488"
"TOPLAM","2025-Q3","TP.FINHESTNKS7101.ZP32","1716782995.0483"
"TOPLAM","2025-Q3","TP.FINHESTNKS7101.ZP33","14322336291.9004"
"TOPLAM","2025-Q3","TP.FINHESTNKS7101.ZP34","34005081300.4364"
"TOPLAM","2025-Q3","TP.FINHESTNKS7101.ZP35","15654111571.8942"
"TOPLAM","2025-Q3","TP.FINHESTNKS7101.ZP36","18350969728.5422"
"TOPLAM","2025-Q3","TP.FINHESTNKS7101.ZP37","26267502351.2343"
"TOPLAM","2025-Q3","TP.FINHESTNKS7101.ZP38","19032429190.4701"
"TOPLAM","2025-Q3","TP.FINHESTNKS7101.ZP39","7235073160.7642"
"TOPLAM","2025-Q3","TP.FINHESTNKS7101.ZP40","1281719985.4471"
"TOPLAM","2025-Q3","TP.FINHESTNKS7101.ZP41","5953353175.3171"
"TOPLAM","2025-Q3","TP.FINHESTNKS7101.ZP42","2844623391.5652"
"TOPLAM","2025-Q3","TP.FINHESTNKS7101.ZP43","178981968.387"
"TOPLAM","2025-Q3","TP.FINHESTNKS7101.ZP44","10449534195.0553"
"TOPLAM","2025-Q3","TP.FINHESTNKS7101.ZP45","117835721090.003"
"TOPLAM","2025-Q4","TP.FINHESTNKS7101.ZP1","-14133533193.3949"
"TOPLAM","2025-Q4","TP.FINHESTNKS7101.ZP2","5323781826"
"TOPLAM","2025-Q4","TP.FINHESTNKS7101.ZP3","4998859501"
"TOPLAM","2025-Q4","TP.FINHESTNKS7101.ZP4","324922325"
"TOPLAM","2025-Q4","TP.FINHESTNKS7101.ZP5","32042858761.5365"
"TOPLAM","2025-Q4","TP.FINHESTNKS7101.ZP6","1108988508.0143"
"TOPLAM","2025-Q4","TP.FINHESTNKS7101.ZP7","13444627643.5575"
"TOPLAM","2025-Q4","TP.FINHESTNKS7101.ZP8","17489242609.9647"
"TOPLAM","2025-Q4","TP.FINHESTNKS7101.ZP9","14307822937.3715"
"TOPLAM","2025-Q4","TP.FINHESTNKS7101.ZP10","1903073140.5613"
"TOPLAM","2025-Q4","TP.FINHESTNKS7101.ZP11","12404749796.8102"
"TOPLAM","2025-Q4","TP.FINHESTNKS7101.ZP12","26434934525.5222"
"TOPLAM","2025-Q4","TP.FINHESTNKS7101.ZP13","16451376583.9273"
"TOPLAM","2025-Q4","TP.FINHESTNKS7101.ZP14","9983557941.5949"
"TOPLAM","2025-Q4","TP.FINHESTNKS7101.ZP15","21710907378.646"
"TOPLAM","2025-Q4","TP.FINHESTNKS7101.ZP16","13736628869.7788"
"TOPLAM","2025-Q4","TP.FINHESTNKS7101.ZP17","7974278508.8673"
"TOPLAM","2025-Q4","TP.FINHESTNKS7101.ZP18","1466099668.9757"
"TOPLAM","2025-Q4","TP.FINHESTNKS7101.ZP19","6508178839.8916"
"TOPLAM","2025-Q4","TP.FINHESTNKS7101.ZP20","3284840324.6076"
"TOPLAM","2025-Q4","TP.FINHESTNKS7101.ZP21","316616343.1642"
"TOPLAM","2025-Q4","TP.FINHESTNKS7101.ZP22","11471356135.1926"
"TOPLAM","2025-Q4","TP.FINHESTNKS7101.ZP23","114893118232.04"
"TOPLAM","2025-Q4","TP.FINHESTNKS7101.ZP24","324922325"
"TOPLAM","2025-Q4","TP.FINHESTNKS7101.ZP26","324922325"
"TOPLAM","2025-Q4","TP.FINHESTNKS7101.ZP27","29395398505.9161"
"TOPLAM","2025-Q4","TP.FINHESTNKS7101.ZP28","803961920.2428"
"TOPLAM","2025-Q4","TP.FINHESTNKS7101.ZP29","11589727122.6953"
"TOPLAM","2025-Q4","TP.FINHESTNKS7101.ZP30","17001709462.9781"
"TOPLAM","2025-Q4","TP.FINHESTNKS7101.ZP31","17481539727.3715"
"TOPLAM","2025-Q4","TP.FINHESTNKS7101.ZP32","1973145879.7766"
"TOPLAM","2025-Q4","TP.FINHESTNKS7101.ZP33","15508393847.5949"
"TOPLAM","2025-Q4","TP.FINHESTNKS7101.ZP34","36995188361.5222"
"TOPLAM","2025-Q4","TP.FINHESTNKS7101.ZP35","16821275214.2016"
"TOPLAM","2025-Q4","TP.FINHESTNKS7101.ZP36","20173913147.3206"
"TOPLAM","2025-Q4","TP.FINHESTNKS7101.ZP37","29771835132.6461"
"TOPLAM","2025-Q4","TP.FINHESTNKS7101.ZP38","21491307633.7788"
"TOPLAM","2025-Q4","TP.FINHESTNKS7101.ZP39","8280527498.8673"
"TOPLAM","2025-Q4","TP.FINHESTNKS7101.ZP40","1564752990.3445"
"TOPLAM","2025-Q4","TP.FINHESTNKS7101.ZP41","6715774508.5228"
"TOPLAM","2025-Q4","TP.FINHESTNKS7101.ZP42","3284840324.6076"
"TOPLAM","2025-Q4","TP.FINHESTNKS7101.ZP43","192580063.1642"
"TOPLAM","2025-Q4","TP.FINHESTNKS7101.ZP44","11580346985.2078"
"TOPLAM","2025-Q4","TP.FINHESTNKS7101.ZP45","129026651425.435"
"TOPLAM","2026-Q1","TP.FINHESTNKS7101.ZP1","-15634595224.8171"
"TOPLAM","2026-Q1","TP.FINHESTNKS7101.ZP2","4840688615"
"TOPLAM","2026-Q1","TP.FINHESTNKS7101.ZP3","4506629588"
"TOPLAM","2026-Q1","TP.FINHESTNKS7101.ZP4","334059027"
"TOPLAM","2026-Q1","TP.FINHESTNKS7101.ZP5","33350389196.211"
"TOPLAM","2026-Q1","TP.FINHESTNKS7101.ZP6","1110893418.3478"
"TOPLAM","2026-Q1","TP.FINHESTNKS7101.ZP7","14309735073.9639"
"TOPLAM","2026-Q1","TP.FINHESTNKS7101.ZP8","17929760703.8994"
"TOPLAM","2026-Q1","TP.FINHESTNKS7101.ZP9","13963740254.6754"
"TOPLAM","2026-Q1","TP.FINHESTNKS7101.ZP10","2115029430.6817"
"TOPLAM","2026-Q1","TP.FINHESTNKS7101.ZP11","11848710823.9937"
"TOPLAM","2026-Q1","TP.FINHESTNKS7101.ZP12","29006333036.148"
"TOPLAM","2026-Q1","TP.FINHESTNKS7101.ZP13","17073196465.6443"
"TOPLAM","2026-Q1","TP.FINHESTNKS7101.ZP14","11933136570.5037"
"TOPLAM","2026-Q1","TP.FINHESTNKS7101.ZP15","22724858263.8099"
"TOPLAM","2026-Q1","TP.FINHESTNKS7101.ZP16","14396506475.4015"
"TOPLAM","2026-Q1","TP.FINHESTNKS7101.ZP17","8328351788.4084"
"TOPLAM","2026-Q1","TP.FINHESTNKS7101.ZP18","1399795631.8795"
"TOPLAM","2026-Q1","TP.FINHESTNKS7101.ZP19","6928556156.5289"
"TOPLAM","2026-Q1","TP.FINHESTNKS7101.ZP20","3557046114.434"
"TOPLAM","2026-Q1","TP.FINHESTNKS7101.ZP21","338468512.6327"
"TOPLAM","2026-Q1","TP.FINHESTNKS7101.ZP22","11932917300.6899"
"TOPLAM","2026-Q1","TP.FINHESTNKS7101.ZP23","119714441293.601"
"TOPLAM","2026-Q1","TP.FINHESTNKS7101.ZP24","334059027"
"TOPLAM","2026-Q1","TP.FINHESTNKS7101.ZP26","334059027"
"TOPLAM","2026-Q1","TP.FINHESTNKS7101.ZP27","30202041497.1004"
"TOPLAM","2026-Q1","TP.FINHESTNKS7101.ZP28","835190510.4513"
"TOPLAM","2026-Q1","TP.FINHESTNKS7101.ZP29","12186999340.1986"
"TOPLAM","2026-Q1","TP.FINHESTNKS7101.ZP30","17179851646.4505"
"TOPLAM","2026-Q1","TP.FINHESTNKS7101.ZP31","17969174334.6754"
"TOPLAM","2026-Q1","TP.FINHESTNKS7101.ZP32","2250278561.7284"
"TOPLAM","2026-Q1","TP.FINHESTNKS7101.ZP33","15718895772.9471"
"TOPLAM","2026-Q1","TP.FINHESTNKS7101.ZP34","39947388492.148"
"TOPLAM","2026-Q1","TP.FINHESTNKS7101.ZP35","17271973704.8734"
"TOPLAM","2026-Q1","TP.FINHESTNKS7101.ZP36","22675414787.2746"
"TOPLAM","2026-Q1","TP.FINHESTNKS7101.ZP37","30810957303.8099"
"TOPLAM","2026-Q1","TP.FINHESTNKS7101.ZP38","22270183691.4015"
"TOPLAM","2026-Q1","TP.FINHESTNKS7101.ZP39","8540773612.4084"
"TOPLAM","2026-Q1","TP.FINHESTNKS7101.ZP40","1423624334.0213"
"TOPLAM","2026-Q1","TP.FINHESTNKS7101.ZP41","7117149278.3872"
"TOPLAM","2026-Q1","TP.FINHESTNKS7101.ZP42","3557046114.434"
"TOPLAM","2026-Q1","TP.FINHESTNKS7101.ZP43","351463716.6327"
"TOPLAM","2026-Q1","TP.FINHESTNKS7101.ZP44","12176906032.6176"
"TOPLAM","2026-Q1","TP.FINHESTNKS7101.ZP45","135349036518.418"
