kilit,gecikme,banka,tohum,kalicilik,olay,yavas_kucuk,yavas_buyuk,yeni_tahsil,kucuk_odenmeyen,odenmeyen
0,0,0,0,0.0,0.0,0.2549019607843137,0.49019607843137253,0.9760430603966034,95.03078132350943,284.79299807484915
0,0,0,1,0.0,0.0,0.49019607843137253,0.0196078431372549,0.9847028791932683,78.26024829057998,188.28964437150992
0,0,0,2,0.0,0.0,1.5392156862745099,0.0784313725490196,0.9702131665700425,172.94191744014344,380.7940896428321
0,0,0,3,0.0,0.0,0.4803921568627451,0.0196078431372549,0.9861006123557132,64.48408540221949,163.54277538802683
0,0,0,4,0.0,0.0,0.0196078431372549,0.0,0.9946292958906598,28.520816608566378,60.567258625901225
0,0,0,5,0.0,0.0,0.2647058823529412,0.0,0.986711654286844,55.209012762493465,152.01478515479678
0,0,0,6,0.0,0.0,0.9705882352941176,0.0196078431372549,0.9737977364293782,139.82048950506135,325.2126435410116
0,0,0,7,0.0,0.0,0.47058823529411764,0.0,0.9890519982173216,50.38962259170731,135.6103341796648
0,0,0,8,0.0,0.0,0.24509803921568626,0.0,0.9894708840362653,42.47887781515027,120.2924242879268
0,0,0,9,0.0,0.0,0.7450980392156863,0.0196078431372549,0.9767219780013533,114.11550975269849,292.759441050144
0,0,0,10,0.0,0.0,0.9509803921568627,0.0,0.9841444959582106,73.92076552574241,198.98969427420246
0,0,0,11,0.0,0.0,0.7058823529411765,0.0,0.9855549939643143,69.34050762895212,178.87793173152465
0,0,0,12,0.0,0.0,0.24509803921568626,0.0,0.9889222486897217,47.09236152123467,124.71243320628648
0,0,0,13,0.0,0.0,0.46078431372549017,0.0,0.9903219060163949,45.849755185376765,120.87620359593377
0,0,0,14,0.0,0.0,0.49019607843137253,0.0196078431372549,0.978448129428161,117.89794272169961,267.99538799482934
0,0,0,15,0.0,0.0,0.2549019607843137,0.0392156862745098,0.980940929415547,89.57801649775594,229.00695268196847
0,0,0,16,0.0,0.0,0.029411764705882353,0.0392156862745098,0.9805545120826312,95.49381391363998,232.67840840324493
0,0,0,17,0.0,0.0,0.5,0.47058823529411764,0.9751754825670327,98.62347945506019,301.52352857825565
0,0,0,18,0.0,0.0,0.4803921568627451,0.0,0.9855217732668545,81.85708176967043,177.28951048211908
0,0,0,19,0.0,0.0,0.7058823529411765,0.0,0.9874415899375705,65.84100038538888,159.63343092187034
0,0,0,20,0.0,0.0,1.1568627450980393,0.0,0.9802961130853017,98.81801062258057,251.8115703104437
0,0,0,21,0.0,0.0,0.2549019607843137,0.0,0.9890272494307579,64.87427867032805,136.460108824759
0,0,0,22,0.0,0.0,0.00980392156862745,0.0196078431372549,0.9870466455808131,63.97258623187985,155.76061275415955
0,0,0,23,0.0,0.0,1.5098039215686274,0.0784313725490196,0.9752329103743538,148.68974332008142,322.89422631154105
0,0,0,24,0.0,0.0,0.7058823529411765,0.0,0.9879485318169124,58.037928423039965,153.96501816818432
0,0,0,25,0.0,0.0,0.4803921568627451,0.0196078431372549,0.9857275477525462,65.0456250216907,173.54995442657582
0,0,0,26,0.0,0.0,0.7156862745098039,0.0196078431372549,0.9798978162435302,101.91893688515975,254.61757763846026
0,0,0,27,0.0,0.0,0.4803921568627451,0.47058823529411764,0.9883761662217417,40.32800780512308,138.16635617117055
0,0,0,28,0.0,0.0,0.9411764705882353,0.0,0.9748105198055246,126.61207047191544,309.3829185059042
0,0,0,29,0.0,0.0,0.0196078431372549,0.0196078431372549,0.9937508964155568,27.90069077825712,72.49370751184166
0,0,0,30,0.0,0.0,0.2647058823529412,0.0196078431372549,0.9780541023039376,118.7770932223635,271.7329833967316
0,0,0,31,0.0,0.0,0.696078431372549,0.0,0.9898895118444839,53.254643710372584,130.99455292412344
0,0,0,32,0.0,0.0,0.696078431372549,0.0,0.9855448049762988,71.40421310742168,179.24564725676657
0,0,0,33,0.0,0.0,0.00980392156862745,0.0,0.9943534228688037,25.373313708086066,61.18870088588167
0,0,0,34,0.0,0.0,0.7156862745098039,0.0,0.9814507945044668,97.90164052302879,235.12340956381598
0,0,0,35,0.0,0.0,0.7254901960784313,0.45098039215686275,0.977758493297296,95.19357064140375,276.9068877717881
0,0,0,36,0.0,0.0,0.7254901960784313,0.0196078431372549,0.979222127624659,99.5075799028834,261.5255948905407
0,0,0,37,0.0,0.0,0.0392156862745098,0.47058823529411764,0.988560447994336,31.42226886628479,133.52860345358954
0,0,0,38,0.0,0.0,0.4803921568627451,0.0,0.98450881979324,86.9700169182736,186.2157587000549
0,0,0,39,0.0,0.0,0.2647058823529412,0.0,0.9889277854521845,63.81407552612984,138.36770107241574
0,0,0,40,0.0,0.0,0.24509803921568626,0.47058823529411764,0.9903298672913704,26.58785647077571,113.64269350042704
0,0,0,41,0.0,0.0,0.4803921568627451,0.0,0.9910895846022277,37.24154512132384,104.17515658784939
0,0,0,42,0.0,0.0,0.00980392156862745,0.47058823529411764,0.9831955439486145,55.53500393007007,189.86849170617023
0,0,0,43,0.0,0.0,0.2549019607843137,0.0196078431372549,0.9796239227944095,112.80912535765201,252.8278220171479
0,0,0,44,0.0,0.0,0.9411764705882353,0.0,0.9790067164479787,114.54413150578185,265.819808426846
0,0,0,45,0.0,0.0,0.7156862745098039,0.0,0.9877747444099209,51.4055969933612,153.11546561156797
0,0,0,46,0.0,0.0,0.46078431372549017,0.0196078431372549,0.9866807580478757,63.39716256048106,164.681193744645
0,0,0,47,0.0,0.0,0.49019607843137253,0.47058823529411764,0.982771434893369,56.60519321788381,201.65345451006706
0,0,0,48,0.0,0.0,0.049019607843137254,0.45098039215686275,0.9867251841070321,52.55418183514198,159.18805033488883
0,0,0,49,0.0,0.0,0.00980392156862745,0.47058823529411764,0.9837122038084009,54.61317962001366,184.20519764283327
0,0,0,50,0.0,0.0,0.696078431372549,0.0,0.9827263549798527,87.33724475848133,211.190419697448
0,0,0,51,0.0,0.0,0.2549019607843137,0.49019607843137253,0.9834960126584336,55.28001247988855,194.01832335054883
0,0,0,52,0.0,0.0,0.0196078431372549,0.0196078431372549,0.9822948557859036,78.76695160064746,208.9065644072536
0,0,0,53,0.0,0.0,0.0196078431372549,0.0,0.9908500991040127,47.97865088505735,103.01259610339108
0,0,0,54,0.0,0.0,0.2549019607843137,0.0196078431372549,0.9749773408576222,130.4998307431582,304.11078455551177
0,0,0,55,0.0,0.0,0.24509803921568626,0.0196078431372549,0.9908830503987502,37.493018316166946,105.8789533526059
0,0,0,56,0.0,0.0,0.0196078431372549,0.0196078431372549,0.9895556363692389,51.49013531309532,120.81315004041241
0,0,0,57,0.0,0.0,0.0,0.0,0.9966160620427984,16.82023246130348,36.58282053128104
0,0,0,58,0.0,0.0,0.7352941176470589,0.0,0.9856081593674032,80.6162281406245,180.37896411770078
0,0,0,59,0.0,0.0,0.00980392156862745,0.0,0.9914774845532598,38.133803414586055,95.83028833431268
0,0,1,0,0.0,0.0,0.00980392156862745,0.0,0.9955370021429472,17.10780259923377,50.333474578847365
0,0,1,1,0.0,0.0,0.24509803921568626,0.0,0.9939357576772482,31.613048468606614,73.48294490078688
0,0,1,2,0.0,0.0,0.7058823529411765,0.0,0.9886380218364749,56.619164489576264,139.52958179968033
0,0,1,3,0.0,0.0,0.0196078431372549,0.0,0.9959715080388003,19.2418050098103,47.066640125932466
0,0,1,4,0.0,0.0,0.00980392156862745,0.0,0.9982121169108039,7.891203952315258,20.29036191360931
0,0,1,5,0.0,0.0,0.00980392156862745,0.0,0.9952465702660439,20.92056288655451,54.3663441449286
0,0,1,6,0.0,0.0,0.2549019607843137,0.0,0.9903519288188837,47.274582615876895,114.90884638775526
0,0,1,7,0.0,0.0,0.24509803921568626,0.0,0.9945792980210372,20.542103136611853,62.9318687932643
0,0,1,8,0.0,0.0,0.00980392156862745,0.0,0.9969769677930699,12.877580069600798,34.687446612824814
0,0,1,9,0.0,0.0,0.47058823529411764,0.0,0.9898400789461365,43.99930717700112,122.06937619758558
0,0,1,10,0.0,0.0,0.4803921568627451,0.0,0.9917217958664555,36.889999023385066,102.37731011114664
0,0,1,11,0.0,0.0,0.47058823529411764,0.0,0.9937749841458065,28.80532658148051,77.32605676567503
0,0,1,12,0.0,0.0,0.00980392156862745,0.0,0.9970194408135747,13.050988412021871,34.308687506681395
0,0,1,13,0.0,0.0,0.24509803921568626,0.0,0.9951076142195786,19.101413340760992,57.458229265138016
0,0,1,14,0.0,0.0,0.24509803921568626,0.0,0.9926490355014438,35.69311564979107,86.76144225822736
0,0,1,15,0.0,0.0,0.00980392156862745,0.0,0.9953760640638762,19.102657347020774,52.00841422252614
0,0,1,16,0.0,0.0,0.00980392156862745,0.0,0.9958288595073675,15.476603162113609,47.06811136467173
0,0,1,17,0.0,0.0,0.24509803921568626,0.0,0.9916021032587148,28.84061953359882,95.93476242267045
0,0,1,18,0.0,0.0,0.24509803921568626,0.0,0.994661596274731,28.206887164944526,63.622831805037
0,0,1,19,0.0,0.0,0.4803921568627451,0.0,0.993603856358782,29.672574841300843,80.60790028172735
0,0,1,20,0.0,0.0,0.7156862745098039,0.0,0.9897492426863073,44.31667377741698,125.85835237352138
0,0,1,21,0.0,0.0,0.23529411764705882,0.0,0.9954706230625942,25.030824573336496,54.566596210995385
0,0,1,22,0.0,0.0,0.0,0.0,0.9970130413508177,11.126604176852862,32.70526968197481
0,0,1,23,0.0,0.0,0.7058823529411765,0.0,0.9898265305798247,51.360299969909406,126.19261378738823
0,0,1,24,0.0,0.0,0.47058823529411764,0.0,0.9935427568382741,30.087991353312972,80.06903076134122
0,0,1,25,0.0,0.0,0.24509803921568626,0.0,0.9940262324773664,24.14401631371257,69.3762355552317
0,0,1,26,0.0,0.0,0.47058823529411764,0.0,0.9918823438396158,35.66838923499682,98.69720245551913
0,0,1,27,0.0,0.0,0.0196078431372549,0.0,0.9973276053283557,13.616368159234593,31.91392982122746
0,0,1,28,0.0,0.0,0.49019607843137253,0.0,0.990277391977715,44.50518459110855,116.3005422086057
0,0,1,29,0.0,0.0,0.0,0.0,0.998750738372795,4.736052384668249,13.774564043211411
0,0,1,30,0.0,0.0,0.23529411764705882,0.0,0.9929606401981216,33.644083192892516,81.88207967356767
0,0,1,31,0.0,0.0,0.47058823529411764,0.0,0.9944480901957622,26.163086383267167,70.22661972473318
0,0,1,32,0.0,0.0,0.47058823529411764,0.0,0.9938761613946513,28.541744260168887,76.35162911413934
0,0,1,33,0.0,0.0,0.0,0.0,0.9988364611202338,5.237601203318173,12.25403056165525
0,0,1,34,0.0,0.0,0.4803921568627451,0.0,0.9909561914676269,41.1882184581616,107.69452656865649
0,0,1,35,0.0,0.0,0.47058823529411764,0.0,0.990867895471669,36.70685323189806,109.39532377619271
0,0,1,36,0.0,0.0,0.2549019607843137,0.0,0.9914154080665384,33.405138837667685,100.06052085815466
0,0,1,37,0.0,0.0,0.0,0.0,0.9973452288891594,9.19770952917416,29.65600128824139
0,0,1,38,0.0,0.0,0.24509803921568626,0.0,0.9945058706304919,28.05154825567538,65.39374481735994
0,0,1,39,0.0,0.0,0.23529411764705882,0.0,0.9948328250036754,26.67897351930672,61.647186123932826
0,0,1,40,0.0,0.0,0.00980392156862745,0.0,0.9983608961519116,7.05114868568757,18.98249837543252
0,0,1,41,0.0,0.0,0.0196078431372549,0.0,0.9959025420126251,17.692526365005985,47.55722614245854
0,0,1,42,0.0,0.0,0.0,0.0,0.9977141107855573,8.830715814672997,24.17573491862276
0,0,1,43,0.0,0.0,0.23529411764705882,0.0,0.9934155041190836,32.07653557278167,77.39699513136146
0,0,1,44,0.0,0.0,0.49019607843137253,0.0,0.9898655785045537,47.148759499948255,120.07270566725697
0,0,1,45,0.0,0.0,0.2549019607843137,0.0,0.9929672320615532,26.22122099185671,81.92034733692763
0,0,1,46,0.0,0.0,0.24509803921568626,0.0,0.9947656238260368,20.914339911521534,61.191382157370654
0,0,1,47,0.0,0.0,0.0196078431372549,0.0,0.9954233158722272,19.987907445968972,53.56248234954734
0,0,1,48,0.0,0.0,0.00980392156862745,0.0,0.9959257291825722,12.090663556230657,45.552807619621774
0,0,1,49,0.0,0.0,0.0,0.0,0.9979095167532424,8.350957717500666,22.29465341842104
0,0,1,50,0.0,0.0,0.47058823529411764,0.0,0.9936829168287803,29.183551746605957,78.19363530889962
0,0,1,51,0.0,0.0,0.00980392156862745,0.0,0.996987825813246,13.275451575775929,35.451246364524856
0,0,1,52,0.0,0.0,0.0,0.0,0.9955171808241478,16.127299761480604,49.11979875156641
0,0,1,53,0.0,0.0,0.00980392156862745,0.0,0.9974700182134436,10.917150796706439,28.64390340688519
0,0,1,54,0.0,0.0,0.23529411764705882,0.0,0.992667722508689,34.800774081690264,85.20355624476323
0,0,1,55,0.0,0.0,0.00980392156862745,0.0,0.997689452509888,9.935764439855463,27.24337762075472
0,0,1,56,0.0,0.0,0.00980392156862745,0.0,0.9973493414952598,8.409412085426682,29.66224598359476
0,0,1,57,0.0,0.0,0.0,0.0,0.9992413690378501,3.4447696517894406,7.559252888676757
0,0,1,58,0.0,0.0,0.2549019607843137,0.0,0.9930207858685375,37.341171256401005,85.29652433144655
0,0,1,59,0.0,0.0,0.00980392156862745,0.0,0.9977088350161897,7.6945142302473775,25.626379226075617
0,0,2,0,0.0,0.0,0.0,0.0,0.9987122569554309,5.127663233531572,13.689540899534634
0,0,2,1,0.0,0.0,0.00980392156862745,0.0,0.9963578502441099,17.13027261117365,42.33629440855476
0,0,2,2,0.0,0.0,0.2549019607843137,0.0,0.9936591677496506,29.602600641942157,75.66695707068214
0,0,2,3,0.0,0.0,0.0,0.0,0.9977586145410974,10.283375092590273,25.38372337411449
0,0,2,4,0.0,0.0,0.0,0.0,0.9990257280655208,4.068188105833525,10.493942524492978
0,0,2,5,0.0,0.0,0.0,0.0,0.9974658107960491,10.478074357997556,27.446966915904284
0,0,2,6,0.0,0.0,0.00980392156862745,0.0,0.9954031163297185,22.350084477604305,53.04984692567003
0,0,2,7,0.0,0.0,0.00980392156862745,0.0,0.9979698540836801,7.7126093632389425,23.68905500173212
0,0,2,8,0.0,0.0,0.0,0.0,0.9983927291088985,6.496663653251483,17.730218415191537
0,0,2,9,0.0,0.0,0.24509803921568626,0.0,0.9951056772502226,20.976447843269174,56.88783255317948
0,0,2,10,0.0,0.0,0.24509803921568626,0.0,0.994776475278929,21.867916595898638,61.54598265145856
0,0,2,11,0.0,0.0,0.24509803921568626,0.0,0.9963487795184588,16.127292663231575,43.948557107412014
0,0,2,12,0.0,0.0,0.0,0.0,0.9983927291088985,6.496663653251485,17.730218415191548
0,0,2,13,0.0,0.0,0.00980392156862745,0.0,0.9979698540836801,7.7126093632389425,23.68905500173212
0,0,2,14,0.0,0.0,0.00980392156862745,0.0,0.9971416475108473,14.401730892893596,33.34669390220884
0,0,2,15,0.0,0.0,0.0,0.0,0.9987440136186027,5.5403617218359225,13.52159136037273
0,0,2,16,0.0,0.0,0.0,0.0,0.9988493064004773,4.1947256995651765,12.201776850331852
0,0,2,17,0.0,0.0,0.00980392156862745,0.0,0.9963900445780484,11.171956971254186,39.62336814315334
0,0,2,18,0.0,0.0,0.00980392156862745,0.0,0.9972942381740326,13.639920317388805,31.891809318524878
0,0,2,19,0.0,0.0,0.24509803921568626,0.0,0.9958569900836108,18.089457995914785,49.65573759902237
0,0,2,20,0.0,0.0,0.2549019607843137,0.0,0.9944866622855434,23.168612174883446,66.03244913463573
0,0,2,21,0.0,0.0,0.00980392156862745,0.0,0.9974826386355798,12.73963173107248,29.392838026245826
0,0,2,22,0.0,0.0,0.0,0.0,0.9998474093368147,0.761810575504801,1.454884583683963
0,0,2,23,0.0,0.0,0.2549019607843137,0.0,0.994264969403793,27.078159047175607,69.19355109299359
0,0,2,24,0.0,0.0,0.24509803921568626,0.0,0.9961956915431568,16.91297192162401,45.58673665592778
0,0,2,25,0.0,0.0,0.00980392156862745,0.0,0.9974873715840485,9.818632136389263,28.47581703461471
0,0,2,26,0.0,0.0,0.24509803921568626,0.0,0.9963642175386779,16.217813387149288,43.798278716587575
0,0,2,27,0.0,0.0,0.0,0.0,0.9982196682078878,8.525420272561908,19.861551133816533
0,0,2,28,0.0,0.0,0.0196078431372549,0.0,0.9951071284172349,21.65096335701847,57.212637435722435
0,0,2,29,0.0,0.0,0.0,0.0,0.9993844554685366,2.021272904152975,6.259132136246031
0,0,2,30,0.0,0.0,0.00980392156862745,0.0,0.9976445017886212,12.066709385014065,27.666123551555593
0,0,2,31,0.0,0.0,0.24509803921568626,0.0,0.9965168082018633,15.4560028116445,42.34339413290361
0,0,2,32,0.0,0.0,0.24509803921568626,0.0,0.9963487795184588,16.127292663231575,43.948557107412014
0,0,2,33,0.0,0.0,0.0,0.0,0.9996855461837734,1.4347329215632363,3.181599058374211
0,0,2,34,0.0,0.0,0.0196078431372549,0.0,0.9957669465354866,19.017508172748183,49.90029396960368
0,0,2,35,0.0,0.0,0.24509803921568626,0.0,0.9949623055813513,18.919350752491027,58.03249686011876
0,0,2,36,0.0,0.0,0.00980392156862745,0.0,0.9970283215185094,11.81823816351163,34.02904730373063
0,0,2,37,0.0,0.0,0.0,0.0,0.9985708363873194,4.5531303176995435,14.61599378650708
0,0,2,38,0.0,0.0,0.00980392156862745,0.0,0.9971372743335549,13.938353993779534,33.52358243399035
0,0,2,39,0.0,0.0,0.00980392156862745,0.0,0.997144353817495,13.539091670862575,32.827386826774955
0,0,2,40,0.0,0.0,0.0,0.0,0.999021811459094,4.067418981636035,10.602883200385179
0,0,2,41,0.0,0.0,0.0,0.0,0.9977718158903182,9.169192026432285,25.010163158997692
0,0,2,42,0.0,0.0,0.0,0.0,0.9993566370534638,2.403687325343565,6.5274758242403115
0,0,2,43,0.0,0.0,0.00980392156862745,0.0,0.9976445017886212,12.066709385014054,27.666123551555554
0,0,2,44,0.0,0.0,0.0196078431372549,0.0,0.9952640922577127,21.352529680627736,55.58086432025694
0,0,2,45,0.0,0.0,0.00980392156862745,0.0,0.9968246683724712,11.817072337664422,35.78338181195951
0,0,2,46,0.0,0.0,0.00980392156862745,0.0,0.997890761451273,8.081903128463605,24.432767872301287
0,0,2,47,0.0,0.0,0.0,0.0,0.9972964816271869,10.901589500188763,29.932476008729594
0,0,2,48,0.0,0.0,0.0,0.0,0.9979284010595214,5.421512940698456,21.64149363303162
0,0,2,49,0.0,0.0,0.0,0.0,0.9993566370534638,2.403687325343565,6.5274758242403115
0,0,2,50,0.0,0.0,0.24509803921568626,0.0,0.9963487795184588,16.127292663231575,43.948557107412014
0,0,2,51,0.0,0.0,0.0,0.0,0.9980854235291711,7.5577712754208815,21.04736829041506
0,0,2,52,0.0,0.0,0.0,0.0,0.9991070736347192,3.12743200106342,8.748495390822987
0,0,2,53,0.0,0.0,0.0,0.0,0.9987343802276056,5.157896779036842,13.785749443807354
0,0,2,54,0.0,0.0,0.00980392156862745,0.0,0.9974764731052163,12.737999236601132,29.271286526063967
0,0,2,55,0.0,0.0,0.0,0.0,0.9985607577923035,5.825373801664399,16.125055440683138
0,0,2,56,0.0,0.0,0.0,0.0,0.9987678336629434,3.543702561167877,13.021091164757877
0,0,2,57,0.0,0.0,0.0,0.0,0.9999933371575197,0.022236188416284716,0.06174346464994426
0,0,2,58,0.0,0.0,0.00980392156862745,0.0,0.9955557069929039,21.588273902099512,51.59496234198607
0,0,2,59,0.0,0.0,0.0,0.0,0.9989142999958801,3.5643436882656725,11.424355214883574
0,0,3,0,0.0,0.0,0.0,0.0,1.0,0.0,0.0
0,0,3,1,0.0,0.0,0.0,0.0,0.999197246254833,2.9892339483377373,8.51676597555254
0,0,3,2,0.0,0.0,0.0,0.0,0.9981372726929316,8.346241406329687,20.302602869816695
0,0,3,3,0.0,0.0,0.0,0.0,0.9996848880426062,1.0885706849773382,3.0378551439338435
0,0,3,4,0.0,0.0,0.0,0.0,1.0,0.0,0.0
0,0,3,5,0.0,0.0,0.0,0.0,0.9998440729883193,0.350141128446175,1.5042364637263577
0,0,3,6,0.0,0.0,0.0,0.0,0.9990380613091202,3.727663504868899,10.050384655760027
0,0,3,7,0.0,0.0,0.0,0.0,0.999421822439697,1.9420510034118572,5.816745647225233
0,0,3,8,0.0,0.0,0.0,0.0,0.9998440729883193,0.350141128446175,1.5042364637263577
0,0,3,9,0.0,0.0,0.0,0.0,0.9987840994264178,5.707148586438123,13.290073357990508
0,0,3,10,0.0,0.0,0.0,0.0,0.9986281724147382,6.0572897148842975,14.79430982171686
0,0,3,11,0.0,0.0,0.0,0.0,0.9987840994264178,5.707148586438123,13.290073357990508
0,0,3,12,0.0,0.0,0.0,0.0,0.9998440729883193,0.350141128446175,1.5042364637263577
0,0,3,13,0.0,0.0,0.0,0.0,0.999421822439697,1.9420510034118572,5.816745647225233
0,0,3,14,0.0,0.0,0.0,0.0,0.9993293801258184,2.730361637771374,7.234565556906579
0,0,3,15,0.0,0.0,0.0,0.0,0.999999914014102,0.00029937512547655016,0.0007954918776218733
0,0,3,16,0.0,0.0,0.0,0.0,1.0,0.0,0.0
0,0,3,17,0.0,0.0,0.0,0.0,0.999421822439697,1.9420510034118572,5.816745647225233
0,0,3,18,0.0,0.0,0.0,0.0,0.9993293801258184,2.730361637771374,7.234565556906579
0,0,3,19,0.0,0.0,0.0,0.0,0.9987840994264178,5.707148586438123,13.290073357990508
0,0,3,20,0.0,0.0,0.0,0.0,0.9982059218661147,7.6491995898499825,19.10681900521574
0,0,3,21,0.0,0.0,0.0,0.0,0.9993531732665137,2.639092819891563,7.01252951182618
0,0,3,22,0.0,0.0,0.0,0.0,1.0,0.0,0.0
0,0,3,23,0.0,0.0,0.0,0.0,0.9981372726929316,8.346241406329687,20.302602869816695
0,0,3,24,0.0,0.0,0.0,0.0,0.9987840994264178,5.707148586438123,13.290073357990508
0,0,3,25,0.0,0.0,0.0,0.0,0.999421822439697,1.9420510034118572,5.816745647225233
0,0,3,26,0.0,0.0,0.0,0.0,0.9987840994264178,5.707148586438123,13.290073357990508
0,0,3,27,0.0,0.0,0.0,0.0,0.9998170219135916,0.8296983744109742,1.7556547252878802
0,0,3,28,0.0,0.0,0.0,0.0,0.9987749957062108,4.581143823303424,12.82927515905143
0,0,3,29,0.0,0.0,0.0,0.0,1.0,0.0,0.0
0,0,3,30,0.0,0.0,0.0,0.0,0.9993531732665137,2.639092819891563,7.01252951182618
0,0,3,31,0.0,0.0,0.0,0.0,0.9987840994264178,5.707148586438123,13.290073357990508
0,0,3,32,0.0,0.0,0.0,0.0,0.9987840994264178,5.707148586438123,13.290073357990508
0,0,3,33,0.0,0.0,0.0,0.0,1.0,0.0,0.0
0,0,3,34,0.0,0.0,0.0,0.0,0.9987749957062108,4.581143823303424,12.82927515905143
0,0,3,35,0.0,0.0,0.0,0.0,0.9987840994264178,5.707148586438123,13.290073357990508
0,0,3,36,0.0,0.0,0.0,0.0,0.9994217364537988,1.9423503785373348,5.817541139102858
0,0,3,37,0.0,0.0,0.0,0.0,1.0,0.0,0.0
0,0,3,38,0.0,0.0,0.0,0.0,0.9993531732665137,2.639092819891563,7.01252951182618
0,0,3,39,0.0,0.0,0.0,0.0,0.9993531732665137,2.639092819891563,7.01252951182618
0,0,3,40,0.0,0.0,0.0,0.0,0.9999762068593047,0.09126881787981131,0.22203604508039193
0,0,3,41,0.0,0.0,0.0,0.0,0.9998439870024224,0.3504405035716516,1.5050319556039786
0,0,3,42,0.0,0.0,0.0,0.0,1.0,0.0,0.0
0,0,3,43,0.0,0.0,0.0,0.0,0.9993531732665137,2.639092819891563,7.01252951182618
0,0,3,44,0.0,0.0,0.0,0.0,0.9987512025655154,4.672412641183237,13.05131120413182
0,0,3,45,0.0,0.0,0.0,0.0,0.9993980292990017,2.0333198212916685,6.038781692305629
0,0,3,46,0.0,0.0,0.0,0.0,0.999421822439697,1.9420510034118572,5.816745647225233
0,0,3,47,0.0,0.0,0.0,0.0,0.9998439870024224,0.3504405035716516,1.5050319556039786
0,0,3,48,0.0,0.0,0.0,0.0,1.0,0.0,0.0
0,0,3,49,0.0,0.0,0.0,0.0,1.0,0.0,0.0
0,0,3,50,0.0,0.0,0.0,0.0,0.9987840994264178,5.707148586438123,13.290073357990508
0,0,3,51,0.0,0.0,0.0,0.0,0.9998440729883193,0.350141128446175,1.5042364637263577
0,0,3,52,0.0,0.0,0.0,0.0,1.0,0.0,0.0
0,0,3,53,0.0,0.0,0.0,0.0,1.0,0.0,0.0
0,0,3,54,0.0,0.0,0.0,0.0,0.9993531732665137,2.639092819891563,7.01252951182618
0,0,3,55,0.0,0.0,0.0,0.0,0.9998440729883193,0.350141128446175,1.5042364637263577
0,0,3,56,0.0,0.0,0.0,0.0,1.0,0.0,0.0
0,0,3,57,0.0,0.0,0.0,0.0,1.0,0.0,0.0
0,0,3,58,0.0,0.0,0.0,0.0,0.9990380613091202,3.727663504868899,10.050384655760027
0,0,3,59,0.0,0.0,0.0,0.0,1.0,0.0,0.0
0,0,4,0,0.0,0.0,0.0,0.0,1.0,0.0,0.0
0,0,4,1,0.0,0.0,0.0,0.0,1.0,0.0,0.0
0,0,4,2,0.0,0.0,0.0,0.0,1.0,0.0,0.0
0,0,4,3,0.0,0.0,0.0,0.0,1.0,0.0,0.0
0,0,4,4,0.0,0.0,0.0,0.0,1.0,0.0,0.0
0,0,4,5,0.0,0.0,0.0,0.0,1.0,0.0,0.0
0,0,4,6,0.0,0.0,0.0,0.0,1.0,0.0,0.0
0,0,4,7,0.0,0.0,0.0,0.0,1.0,0.0,0.0
0,0,4,8,0.0,0.0,0.0,0.0,1.0,0.0,0.0
0,0,4,9,0.0,0.0,0.0,0.0,1.0,0.0,0.0
0,0,4,10,0.0,0.0,0.0,0.0,1.0,0.0,0.0
0,0,4,11,0.0,0.0,0.0,0.0,1.0,0.0,0.0
0,0,4,12,0.0,0.0,0.0,0.0,1.0,0.0,0.0
0,0,4,13,0.0,0.0,0.0,0.0,1.0,0.0,0.0
0,0,4,14,0.0,0.0,0.0,0.0,1.0,0.0,0.0
0,0,4,15,0.0,0.0,0.0,0.0,1.0,0.0,0.0
0,0,4,16,0.0,0.0,0.0,0.0,1.0,0.0,0.0
0,0,4,17,0.0,0.0,0.0,0.0,1.0,0.0,0.0
0,0,4,18,0.0,0.0,0.0,0.0,1.0,0.0,0.0
0,0,4,19,0.0,0.0,0.0,0.0,1.0,0.0,0.0
0,0,4,20,0.0,0.0,0.0,0.0,1.0,0.0,0.0
0,0,4,21,0.0,0.0,0.0,0.0,1.0,0.0,0.0
0,0,4,22,0.0,0.0,0.0,0.0,1.0,0.0,0.0
0,0,4,23,0.0,0.0,0.0,0.0,1.0,0.0,0.0
0,0,4,24,0.0,0.0,0.0,0.0,1.0,0.0,0.0
0,0,4,25,0.0,0.0,0.0,0.0,1.0,0.0,0.0
0,0,4,26,0.0,0.0,0.0,0.0,1.0,0.0,0.0
0,0,4,27,0.0,0.0,0.0,0.0,1.0,0.0,0.0
0,0,4,28,0.0,0.0,0.0,0.0,1.0,0.0,0.0
0,0,4,29,0.0,0.0,0.0,0.0,1.0,0.0,0.0
0,0,4,30,0.0,0.0,0.0,0.0,1.0,0.0,0.0
0,0,4,31,0.0,0.0,0.0,0.0,1.0,0.0,0.0
0,0,4,32,0.0,0.0,0.0,0.0,1.0,0.0,0.0
0,0,4,33,0.0,0.0,0.0,0.0,1.0,0.0,0.0
0,0,4,34,0.0,0.0,0.0,0.0,1.0,0.0,0.0
0,0,4,35,0.0,0.0,0.0,0.0,1.0,0.0,0.0
0,0,4,36,0.0,0.0,0.0,0.0,1.0,0.0,0.0
0,0,4,37,0.0,0.0,0.0,0.0,1.0,0.0,0.0
0,0,4,38,0.0,0.0,0.0,0.0,1.0,0.0,0.0
0,0,4,39,0.0,0.0,0.0,0.0,1.0,0.0,0.0
0,0,4,40,0.0,0.0,0.0,0.0,1.0,0.0,0.0
0,0,4,41,0.0,0.0,0.0,0.0,1.0,0.0,0.0
0,0,4,42,0.0,0.0,0.0,0.0,1.0,0.0,0.0
0,0,4,43,0.0,0.0,0.0,0.0,1.0,0.0,0.0
0,0,4,44,0.0,0.0,0.0,0.0,1.0,0.0,0.0
0,0,4,45,0.0,0.0,0.0,0.0,1.0,0.0,0.0
0,0,4,46,0.0,0.0,0.0,0.0,1.0,0.0,0.0
0,0,4,47,0.0,0.0,0.0,0.0,1.0,0.0,0.0
0,0,4,48,0.0,0.0,0.0,0.0,1.0,0.0,0.0
0,0,4,49,0.0,0.0,0.0,0.0,1.0,0.0,0.0
0,0,4,50,0.0,0.0,0.0,0.0,1.0,0.0,0.0
0,0,4,51,0.0,0.0,0.0,0.0,1.0,0.0,0.0
0,0,4,52,0.0,0.0,0.0,0.0,1.0,0.0,0.0
0,0,4,53,0.0,0.0,0.0,0.0,1.0,0.0,0.0
0,0,4,54,0.0,0.0,0.0,0.0,1.0,0.0,0.0
0,0,4,55,0.0,0.0,0.0,0.0,1.0,0.0,0.0
0,0,4,56,0.0,0.0,0.0,0.0,1.0,0.0,0.0
0,0,4,57,0.0,0.0,0.0,0.0,1.0,0.0,0.0
0,0,4,58,0.0,0.0,0.0,0.0,1.0,0.0,0.0
0,0,4,59,0.0,0.0,0.0,0.0,1.0,0.0,0.0
0,1,0,0,0.0,0.0,0.2549019607843137,0.7647058823529411,0.9710032136523773,116.02088135013062,351.3518020553411
0,1,0,1,0.0,0.0,0.7058823529411765,0.0196078431372549,0.9825931820785923,95.0509074861884,217.76093255880542
0,1,0,2,0.0,0.0,3.6862745098039214,0.7254901960784313,0.9523153890017516,354.47155528883644,716.5918446721532
0,1,0,3,0.0,0.0,0.4803921568627451,0.0196078431372549,0.9855003141035693,67.31180456550508,170.74649175498567
0,1,0,4,0.0,0.0,0.11764705882352941,0.0,0.9946037120037583,28.67784039988555,60.883232740350316
0,1,0,5,0.0,0.0,0.2647058823529412,0.0,0.9858996268128405,57.76048738491962,160.94142716840148
0,1,0,6,0.0,0.0,1.3137254901960784,0.27450980392156865,0.9687825204191441,175.10110256775607,393.50324949235073
0,1,0,7,0.0,0.0,0.49019607843137253,0.0,0.9880381599876142,56.64087114057809,148.08833535992147
0,1,0,8,0.0,0.0,0.24509803921568626,0.0,0.988728265290621,45.25687082077243,128.38279120373033
0,1,0,9,0.0,0.0,0.7647058823529411,0.35294117647058826,0.9725131332266922,139.18190896565662,347.1139555069124
0,1,0,10,0.0,0.0,0.9705882352941176,0.0,0.9830588788342633,80.78924866562383,213.88584718891767
0,1,0,11,0.0,0.0,0.7254901960784313,0.0,0.9839836135434199,79.0628380834964,199.71406841526027
0,1,0,12,0.0,0.0,0.24509803921568626,0.0,0.9882511295538133,49.43706840357229,131.95557820839906
0,1,0,13,0.0,0.0,0.4803921568627451,0.0,0.9893929092032917,51.68380805188774,132.42894263000895
0,1,0,14,0.0,0.0,0.7352941176470589,0.27450980392156865,0.9737819173861402,149.1296348122131,331.4826869303045
0,1,0,15,0.0,0.0,0.2549019607843137,0.27450980392156865,0.978170644192419,102.761729404016,263.16165698974163
0,1,0,16,0.0,0.0,0.18627450980392157,0.27450980392156865,0.9779948522048602,108.99903782828957,264.0630142941302
0,1,0,17,0.0,0.0,0.8627450980392157,0.5490196078431373,0.9679807650317985,132.37136164744422,398.6798314023245
0,1,0,18,0.0,0.0,0.7058823529411765,0.0,0.9832999728427291,99.699390414099,208.54000407410976
0,1,0,19,0.0,0.0,0.8235294117647058,0.0,0.9860882635661087,72.74589568626767,177.41337156523585
0,1,0,20,0.0,0.0,1.196078431372549,0.0,0.9782669400946985,111.63801938415776,279.23309180292637
0,1,0,21,0.0,0.0,0.47058823529411764,0.0,0.9870133255032911,81.33117020877825,164.91598100476614
0,1,0,22,0.0,0.0,0.00980392156862745,0.3333333333333333,0.9842116829826635,79.61699490401438,190.96193352155612
0,1,0,23,0.0,0.0,3.2941176470588234,0.7254901960784313,0.9607339443291235,310.10700376292033,614.7026496031218
0,1,0,24,0.0,0.0,0.7254901960784313,0.0,0.9868542918460242,64.97446019882257,168.97639481528554
0,1,0,25,0.0,0.0,0.5196078431372549,0.0196078431372549,0.9842299557093317,73.34464710873429,192.2843143351985
0,1,0,26,0.0,0.0,0.7549019607843137,0.37254901960784315,0.9758137640916992,127.26281994048264,307.9162833086451
0,1,0,27,0.0,0.0,0.4803921568627451,0.47058823529411764,0.9868211609960192,45.96613950581449,159.55479157698227
0,1,0,28,0.0,0.0,1.196078431372549,0.0,0.9701010891305173,155.73741521341677,372.03077081965364
0,1,0,29,0.0,0.0,0.0196078431372549,0.0196078431372549,0.9935380831373535,29.094863221332258,75.49737547093788
0,1,0,30,0.0,0.0,0.4803921568627451,0.3333333333333333,0.97340957674849,149.49992747356873,334.3031465870165
0,1,0,31,0.0,0.0,0.7156862745098039,0.0,0.9887437811699606,60.42116268871288,146.5391356501529
0,1,0,32,0.0,0.0,0.7156862745098039,0.0,0.9837848203749627,81.84647347242772,202.30478857424993
0,1,0,33,0.0,0.0,0.00980392156862745,0.0,0.9941668530611029,26.382623121147816,63.058484715820235
0,1,0,34,0.0,0.0,0.9705882352941176,0.0,0.9780124880660553,122.05355766268835,282.5975485058404
0,1,0,35,0.0,0.0,0.8921568627450981,0.45098039215686275,0.9730932633313675,116.23116280855376,337.90691858639497
0,1,0,36,0.0,0.0,0.7941176470588235,0.3333333333333333,0.9754904328200474,121.91028376299522,310.3960779416823
0,1,0,37,0.0,0.0,0.0392156862745098,0.47058823529411764,0.9871537732583132,35.70398033072925,152.82991552927936
0,1,0,38,0.0,0.0,0.696078431372549,0.0,0.9815394125713864,106.88438119212643,225.45081735618152
0,1,0,39,0.0,0.0,0.4803921568627451,0.0,0.9869138615247178,80.27096706458002,166.8235732524228
0,1,0,40,0.0,0.0,0.24509803921568626,0.47058823529411764,0.9889185538230766,30.90185118707301,133.0328228065185
0,1,0,41,0.0,0.0,0.4803921568627451,0.0,0.9909831244799477,37.786085379729606,105.19168259587566
0,1,0,42,0.0,0.0,0.00980392156862745,0.47058823529411764,0.9802505889550269,66.14343327374708,226.90763650915113
0,1,0,43,0.0,0.0,0.49019607843137253,0.35294117647058826,0.9747034649328001,145.06056208485714,317.796389792248
0,1,0,44,0.0,0.0,1.2254901960784315,0.0,0.975581881838916,139.19746725380236,313.438862059299
0,1,0,45,0.0,0.0,0.7352941176470589,0.0,0.9868545827685113,56.56730932663337,164.95783836645703
0,1,0,46,0.0,0.0,0.4803921568627451,0.0196078431372549,0.98551897441939,70.02560117224213,180.05756705317876
0,1,0,47,0.0,0.0,0.49019607843137253,0.47058823529411764,0.9805831212024221,63.59858755810851,230.17491088161728
0,1,0,48,0.0,0.0,0.30392156862745096,0.45098039215686275,0.9836730168464524,64.39241310669917,196.8220757719557
0,1,0,49,0.0,0.0,0.00980392156862745,0.47058823529411764,0.9805448054734375,66.16696871735394,223.41390637234701
0,1,0,50,0.0,0.0,0.7156862745098039,0.0,0.9808680911751572,98.36499223096884,235.51419311564885
0,1,0,51,0.0,0.0,0.2549019607843137,0.49019607843137253,0.9816879259360949,60.37336434826925,218.0343558875119
0,1,0,52,0.0,0.0,0.0196078431372549,0.27450980392156865,0.9788260867832582,96.81819845480662,251.8832785265359
0,1,0,53,0.0,0.0,0.24509803921568626,0.0,0.9904697018439168,49.78191520567417,106.99368715620493
0,1,0,54,0.0,0.0,0.5196078431372549,0.27450980392156865,0.9691176297376601,169.0697216188392,381.75326915733586
0,1,0,55,0.0,0.0,0.24509803921568626,0.0196078431372549,0.9906606792605525,38.64414493137772,108.8823736791593
0,1,0,56,0.0,0.0,0.11764705882352941,0.0196078431372549,0.989525946702085,51.625949543320225,121.10670917512803
0,1,0,57,0.0,0.0,0.0,0.0,0.9965449466402592,17.389297731640603,37.48373911530043
0,1,0,58,0.0,0.0,1.0686274509803921,0.0,0.9832315224592373,101.38869969109011,214.4006908211593
0,1,0,59,0.0,0.0,0.17647058823529413,0.0,0.9910645589538437,40.30386352682645,100.4278894041221
0,1,1,0,0.0,0.0,0.00980392156862745,0.0,0.9955370021429472,17.10780259923377,50.333474578847365
0,1,1,1,0.0,0.0,0.24509803921568626,0.0,0.9935024532400675,34.1551941957362,78.20637350983553
0,1,1,2,0.0,0.0,0.7941176470588235,0.0,0.986312959636436,69.95713037543935,167.00178049148192
0,1,1,3,0.0,0.0,0.0196078431372549,0.0,0.9959715080388003,19.2418050098103,47.066640125932466
0,1,1,4,0.0,0.0,0.00980392156862745,0.0,0.9982121169108039,7.891203952315256,20.29036191360931
0,1,1,5,0.0,0.0,0.00980392156862745,0.0,0.9952465702660439,20.92056288655451,54.3663441449286
0,1,1,6,0.0,0.0,0.2549019607843137,0.0,0.9898794469195478,49.9365013930761,120.12871530454186
0,1,1,7,0.0,0.0,0.24509803921568626,0.0,0.9945792980210372,20.542103136611853,62.9318687932643
0,1,1,8,0.0,0.0,0.00980392156862745,0.0,0.9969769677930699,12.877580069600798,34.687446612824814
0,1,1,9,0.0,0.0,0.47058823529411764,0.0,0.9897440113183258,44.519401703504386,123.14479049189131
0,1,1,10,0.0,0.0,0.4803921568627451,0.0,0.991625728238645,37.4100935498883,103.45272440545232
0,1,1,11,0.0,0.0,0.47058823529411764,0.0,0.9936789165179961,29.325421107983768,78.40147105998074
0,1,1,12,0.0,0.0,0.00980392156862745,0.0,0.9970194408135747,13.050988412021871,34.3086875066814
0,1,1,13,0.0,0.0,0.24509803921568626,0.0,0.9951076142195786,19.10141334076098,57.458229265138016
0,1,1,14,0.0,0.0,0.24509803921568626,0.0,0.9920917012211233,38.9319639375661,92.99702415613442
0,1,1,15,0.0,0.0,0.00980392156862745,0.0,0.9953760640638762,19.102657347020774,52.00841422252614
0,1,1,16,0.0,0.0,0.00980392156862745,0.0,0.9958288595073675,15.47660316211361,47.06811136467176
0,1,1,17,0.0,0.0,0.24509803921568626,0.0,0.9916021032587148,28.840619533598822,95.93476242267047
0,1,1,18,0.0,0.0,0.24509803921568626,0.0,0.9941066329257278,31.441055560313252,69.82939100420909
0,1,1,19,0.0,0.0,0.4803921568627451,0.0,0.9935077887309708,30.19266936780409,81.68331457603303
0,1,1,20,0.0,0.0,0.7156862745098039,0.0,0.9896468824589859,44.87215470639512,127.00699768614588
0,1,1,21,0.0,0.0,0.23529411764705882,0.0,0.9950373186254128,27.57297030046609,59.290024820043996
0,1,1,22,0.0,0.0,0.0,0.0,0.9970130413508177,11.126604176852862,32.70526968197481
0,1,1,23,0.0,0.0,0.7941176470588235,0.0,0.9875490121504172,64.42001632352259,152.96431526831242
0,1,1,24,0.0,0.0,0.47058823529411764,0.0,0.9934466892104635,30.6080858798162,81.14444505564691
0,1,1,25,0.0,0.0,0.24509803921568626,0.0,0.9940262324773664,24.144016313712555,69.3762355552317
0,1,1,26,0.0,0.0,0.47058823529411764,0.0,0.9917862762118054,36.188483761500066,99.7726167498248
0,1,1,27,0.0,0.0,0.0196078431372549,0.0,0.9973276053283557,13.616368159234593,31.913929821227462
0,1,1,28,0.0,0.0,0.49019607843137253,0.0,0.9898379052712717,47.07309530997548,121.10706187286577
0,1,1,29,0.0,0.0,0.0,0.0,0.998750738372795,4.736052384668251,13.774564043211413
0,1,1,30,0.0,0.0,0.23529411764705882,0.0,0.9925249648296228,36.19090881242842,86.63453098135129
0,1,1,31,0.0,0.0,0.47058823529411764,0.0,0.9943520225679516,26.683180909770407,71.30203401903889
0,1,1,32,0.0,0.0,0.47058823529411764,0.0,0.9937738011673293,29.097225189147025,77.50027442676385
0,1,1,33,0.0,0.0,0.0,0.0,0.9988364611202338,5.237601203318172,12.254030561655249
0,1,1,34,0.0,0.0,0.4803921568627451,0.0,0.9904650882424805,43.926988725633876,113.11767711732486
0,1,1,35,0.0,0.0,0.47058823529411764,0.0,0.9907667897934268,37.25546878024645,110.52777566144819
0,1,1,36,0.0,0.0,0.38235294117647056,0.0,0.9913713190384051,33.56718357955957,100.71348125437696
0,1,1,37,0.0,0.0,0.0,0.0,0.9973452288891594,9.19770952917416,29.65600128824139
0,1,1,38,0.0,0.0,0.24509803921568626,0.0,0.9940725661933105,30.59369398280495,70.11717342640856
0,1,1,39,0.0,0.0,0.23529411764705882,0.0,0.9943995205664948,29.22111924643628,66.37061473298147
0,1,1,40,0.0,0.0,0.00980392156862745,0.0,0.9983608961519116,7.051148685687574,18.98249837543252
0,1,1,41,0.0,0.0,0.0196078431372549,0.0,0.9959025420126251,17.692526365005985,47.55722614245854
0,1,1,42,0.0,0.0,0.0,0.0,0.9977141107855573,8.830715814672999,24.17573491862276
0,1,1,43,0.0,0.0,0.23529411764705882,0.0,0.9929798287505852,34.623361192317596,82.14944643914508
0,1,1,44,0.0,0.0,0.49019607843137253,0.0,0.9893043147902065,50.42723490726326,126.39288099309293
0,1,1,45,0.0,0.0,0.2549019607843137,0.0,0.9929672320615532,26.22122099185671,81.92034733692763
0,1,1,46,0.0,0.0,0.24509803921568626,0.0,0.9947656238260368,20.914339911521534,61.191382157370654
0,1,1,47,0.0,0.0,0.0196078431372549,0.0,0.9954233158722272,19.987907445968972,53.56248234954734
0,1,1,48,0.0,0.0,0.00980392156862745,0.0,0.9959257291825722,12.090663556230664,45.55280761962178
0,1,1,49,0.0,0.0,0.0,0.0,0.9979095167532424,8.350957717500668,22.29465341842104
0,1,1,50,0.0,0.0,0.47058823529411764,0.0,0.9935805566014594,29.739032675584063,79.34228062152411
0,1,1,51,0.0,0.0,0.00980392156862745,0.0,0.996987825813246,13.275451575775929,35.451246364524856
0,1,1,52,0.0,0.0,0.0,0.0,0.9955171808241478,16.127299761480607,49.11979875156641
0,1,1,53,0.0,0.0,0.00980392156862745,0.0,0.9974700182134436,10.917150796706446,28.643903406885194
0,1,1,54,0.0,0.0,0.23529411764705882,0.0,0.992211258503206,37.48372014142912,90.2031642220416
0,1,1,55,0.0,0.0,0.00980392156862745,0.0,0.997689452509888,9.935764439855463,27.24337762075472
0,1,1,56,0.0,0.0,0.00980392156862745,0.0,0.9973493414952598,8.409412085426682,29.66224598359476
0,1,1,57,0.0,0.0,0.0,0.0,0.9992413690378501,3.4447696517894406,7.559252888676757
0,1,1,58,0.0,0.0,0.2549019607843137,0.0,0.9925803746956605,39.93710355608606,90.10717322965095
0,1,1,59,0.0,0.0,0.00980392156862745,0.0,0.9977088350161897,7.6945142302473775,25.626379226075617
0,1,2,0,0.0,0.0,0.0,0.0,0.9987122569554309,5.127663233531572,13.689540899534634
0,1,2,1,0.0,0.0,0.00980392156862745,0.0,0.9963578502441099,17.13027261117364,42.336294408554714
0,1,2,2,0.0,0.0,0.2549019607843137,0.0,0.9936336615678139,29.771208904200947,76.00608929028668
0,1,2,3,0.0,0.0,0.0,0.0,0.9977586145410974,10.283375092590274,25.38372337411449
0,1,2,4,0.0,0.0,0.0,0.0,0.9990257280655208,4.068188105833525,10.493942524492978
0,1,2,5,0.0,0.0,0.0,0.0,0.9974658107960491,10.478074357997556,27.446966915904284
0,1,2,6,0.0,0.0,0.00980392156862745,0.0,0.9954031163297185,22.350084477604305,53.04984692567004
0,1,2,7,0.0,0.0,0.00980392156862745,0.0,0.9979698540836801,7.712609363238942,23.689055001732108
0,1,2,8,0.0,0.0,0.0,0.0,0.9983927291088985,6.496663653251482,17.73021841519154
0,1,2,9,0.0,0.0,0.24509803921568626,0.0,0.9951056772502226,20.97644784326917,56.88783255317948
0,1,2,10,0.0,0.0,0.24509803921568626,0.0,0.994776475278929,21.867916595898638,61.545982651458566
0,1,2,11,0.0,0.0,0.24509803921568626,0.0,0.9963487795184588,16.127292663231575,43.94855710741202
0,1,2,12,0.0,0.0,0.0,0.0,0.9983927291088985,6.496663653251482,17.73021841519154
0,1,2,13,0.0,0.0,0.00980392156862745,0.0,0.9979698540836801,7.712609363238942,23.689055001732108
0,1,2,14,0.0,0.0,0.00980392156862745,0.0,0.9971416475108473,14.401730892893594,33.346693902208806
0,1,2,15,0.0,0.0,0.0,0.0,0.9987440136186027,5.5403617218359225,13.52159136037273
0,1,2,16,0.0,0.0,0.0,0.0,0.9988493064004773,4.1947256995651765,12.201776850331852
0,1,2,17,0.0,0.0,0.00980392156862745,0.0,0.9963900445780484,11.171956971254186,39.62336814315334
0,1,2,18,0.0,0.0,0.00980392156862745,0.0,0.9972942381740326,13.639920317388789,31.891809318524842
0,1,2,19,0.0,0.0,0.24509803921568626,0.0,0.9958569900836108,18.089457995914785,49.65573759902237
0,1,2,20,0.0,0.0,0.2549019607843137,0.0,0.9944866622855434,23.168612174883446,66.03244913463568
0,1,2,21,0.0,0.0,0.00980392156862745,0.0,0.9974826386355798,12.739631731072476,29.392838026245787
0,1,2,22,0.0,0.0,0.0,0.0,0.9998474093368147,0.761810575504801,1.454884583683963
0,1,2,23,0.0,0.0,0.2549019607843137,0.0,0.9942394632219557,27.24676730943439,69.5326833125981
0,1,2,24,0.0,0.0,0.24509803921568626,0.0,0.9961956915431568,16.91297192162401,45.58673665592778
0,1,2,25,0.0,0.0,0.00980392156862745,0.0,0.9974873715840485,9.818632136389255,28.475817034614707
0,1,2,26,0.0,0.0,0.24509803921568626,0.0,0.9963642175386779,16.217813387149288,43.798278716587575
0,1,2,27,0.0,0.0,0.0,0.0,0.9982196682078878,8.525420272561908,19.86155113381653
0,1,2,28,0.0,0.0,0.0196078431372549,0.0,0.9951071284172349,21.650963357018465,57.21263743572243
0,1,2,29,0.0,0.0,0.0,0.0,0.9993844554685366,2.021272904152975,6.259132136246031
0,1,2,30,0.0,0.0,0.00980392156862745,0.0,0.9976445017886212,12.06670938501404,27.666123551555547
0,1,2,31,0.0,0.0,0.24509803921568626,0.0,0.9965168082018633,15.4560028116445,42.34339413290361
0,1,2,32,0.0,0.0,0.24509803921568626,0.0,0.9963487795184588,16.127292663231575,43.94855710741202
0,1,2,33,0.0,0.0,0.0,0.0,0.9996855461837734,1.4347329215632363,3.181599058374211
0,1,2,34,0.0,0.0,0.0196078431372549,0.0,0.9957669465354866,19.017508172748176,49.90029396960367
0,1,2,35,0.0,0.0,0.24509803921568626,0.0,0.9949623055813513,18.919350752491027,58.03249686011876
0,1,2,36,0.0,0.0,0.00980392156862745,0.0,0.9970276878727425,11.818733695743155,34.03496662922823
0,1,2,37,0.0,0.0,0.0,0.0,0.9985708363873194,4.5531303176995435,14.61599378650708
0,1,2,38,0.0,0.0,0.00980392156862745,0.0,0.9971372743335549,13.938353993779533,33.52358243399035
0,1,2,39,0.0,0.0,0.00980392156862745,0.0,0.997144353817495,13.539091670862557,32.82738682677493
0,1,2,40,0.0,0.0,0.0,0.0,0.999021811459094,4.067418981636035,10.602883200385179
0,1,2,41,0.0,0.0,0.0,0.0,0.9977718158903182,9.169192026432285,25.010163158997692
0,1,2,42,0.0,0.0,0.0,0.0,0.9993566370534638,2.403687325343565,6.527475824240309
0,1,2,43,0.0,0.0,0.00980392156862745,0.0,0.9976445017886212,12.06670938501404,27.66612355155555
0,1,2,44,0.0,0.0,0.0196078431372549,0.0,0.9952640922577127,21.35252968062772,55.58086432025692
0,1,2,45,0.0,0.0,0.00980392156862745,0.0,0.9968246683724712,11.817072337664422,35.7833818119595
0,1,2,46,0.0,0.0,0.00980392156862745,0.0,0.997890761451273,8.081903128463603,24.432767872301252
0,1,2,47,0.0,0.0,0.0,0.0,0.9972964816271869,10.901589500188763,29.932476008729616
0,1,2,48,0.0,0.0,0.0,0.0,0.9979284010595214,5.421512940698449,21.64149363303161
0,1,2,49,0.0,0.0,0.0,0.0,0.9993566370534638,2.403687325343565,6.527475824240309
0,1,2,50,0.0,0.0,0.24509803921568626,0.0,0.9963487795184588,16.127292663231575,43.94855710741202
0,1,2,51,0.0,0.0,0.0,0.0,0.9980854235291711,7.557771275420883,21.047368290415076
0,1,2,52,0.0,0.0,0.0,0.0,0.9991070736347192,3.12743200106342,8.748495390822983
0,1,2,53,0.0,0.0,0.0,0.0,0.9987343802276056,5.157896779036842,13.785749443807354
0,1,2,54,0.0,0.0,0.00980392156862745,0.0,0.9974764731052163,12.73799923660113,29.271286526063935
0,1,2,55,0.0,0.0,0.0,0.0,0.9985607577923035,5.825373801664402,16.12505544068316
0,1,2,56,0.0,0.0,0.0,0.0,0.9987678336629434,3.543702561167877,13.021091164757877
0,1,2,57,0.0,0.0,0.0,0.0,0.9999933371575197,0.022236188416284716,0.06174346464994426
0,1,2,58,0.0,0.0,0.00980392156862745,0.0,0.9955557069929039,21.58827390209951,51.594962341986076
0,1,2,59,0.0,0.0,0.0,0.0,0.9989142999958801,3.5643436882656725,11.424355214883574
0,1,3,0,0.0,0.0,0.0,0.0,1.0,0.0,0.0
0,1,3,1,0.0,0.0,0.0,0.0,0.999197246254833,2.9892339483377373,8.51676597555254
0,1,3,2,0.0,0.0,0.0,0.0,0.9981372726929316,8.346241406329687,20.302602869816695
0,1,3,3,0.0,0.0,0.0,0.0,0.9996848880426062,1.0885706849773382,3.0378551439338435
0,1,3,4,0.0,0.0,0.0,0.0,1.0,0.0,0.0
0,1,3,5,0.0,0.0,0.0,0.0,0.9998440729883193,0.350141128446175,1.5042364637263577
0,1,3,6,0.0,0.0,0.0,0.0,0.9990380613091202,3.727663504868899,10.050384655760027
0,1,3,7,0.0,0.0,0.0,0.0,0.999421822439697,1.9420510034118572,5.816745647225233
0,1,3,8,0.0,0.0,0.0,0.0,0.9998440729883193,0.350141128446175,1.5042364637263577
0,1,3,9,0.0,0.0,0.0,0.0,0.9987840994264178,5.707148586438123,13.290073357990508
0,1,3,10,0.0,0.0,0.0,0.0,0.9986281724147382,6.0572897148842975,14.79430982171686
0,1,3,11,0.0,0.0,0.0,0.0,0.9987840994264178,5.707148586438123,13.290073357990508
0,1,3,12,0.0,0.0,0.0,0.0,0.9998440729883193,0.350141128446175,1.5042364637263577
0,1,3,13,0.0,0.0,0.0,0.0,0.999421822439697,1.9420510034118572,5.816745647225233
0,1,3,14,0.0,0.0,0.0,0.0,0.9993293801258184,2.730361637771374,7.234565556906579
0,1,3,15,0.0,0.0,0.0,0.0,0.999999914014102,0.00029937512547655016,0.0007954918776218733
0,1,3,16,0.0,0.0,0.0,0.0,1.0,0.0,0.0
0,1,3,17,0.0,0.0,0.0,0.0,0.999421822439697,1.9420510034118572,5.816745647225233
0,1,3,18,0.0,0.0,0.0,0.0,0.9993293801258184,2.730361637771374,7.234565556906579
0,1,3,19,0.0,0.0,0.0,0.0,0.9987840994264178,5.707148586438123,13.290073357990508
0,1,3,20,0.0,0.0,0.0,0.0,0.9982059218661147,7.6491995898499825,19.10681900521574
0,1,3,21,0.0,0.0,0.0,0.0,0.9993531732665137,2.639092819891563,7.01252951182618
0,1,3,22,0.0,0.0,0.0,0.0,1.0,0.0,0.0
0,1,3,23,0.0,0.0,0.0,0.0,0.9981372726929316,8.346241406329687,20.302602869816695
0,1,3,24,0.0,0.0,0.0,0.0,0.9987840994264178,5.707148586438123,13.290073357990508
0,1,3,25,0.0,0.0,0.0,0.0,0.999421822439697,1.9420510034118572,5.816745647225233
0,1,3,26,0.0,0.0,0.0,0.0,0.9987840994264178,5.707148586438123,13.290073357990508
0,1,3,27,0.0,0.0,0.0,0.0,0.9998170219135916,0.8296983744109742,1.7556547252878802
0,1,3,28,0.0,0.0,0.0,0.0,0.9987749957062108,4.581143823303421,12.829275159051427
0,1,3,29,0.0,0.0,0.0,0.0,1.0,0.0,0.0
0,1,3,30,0.0,0.0,0.0,0.0,0.9993531732665137,2.639092819891563,7.01252951182618
0,1,3,31,0.0,0.0,0.0,0.0,0.9987840994264178,5.707148586438123,13.290073357990508
0,1,3,32,0.0,0.0,0.0,0.0,0.9987840994264178,5.707148586438123,13.290073357990508
0,1,3,33,0.0,0.0,0.0,0.0,1.0,0.0,0.0
0,1,3,34,0.0,0.0,0.0,0.0,0.9987749957062108,4.581143823303421,12.829275159051427
0,1,3,35,0.0,0.0,0.0,0.0,0.9987840994264178,5.707148586438123,13.290073357990508
0,1,3,36,0.0,0.0,0.0,0.0,0.9994217364537988,1.9423503785373348,5.817541139102858
0,1,3,37,0.0,0.0,0.0,0.0,1.0,0.0,0.0
0,1,3,38,0.0,0.0,0.0,0.0,0.9993531732665137,2.639092819891563,7.01252951182618
0,1,3,39,0.0,0.0,0.0,0.0,0.9993531732665137,2.639092819891563,7.01252951182618
0,1,3,40,0.0,0.0,0.0,0.0,0.9999762068593047,0.09126881787981131,0.22203604508039193
0,1,3,41,0.0,0.0,0.0,0.0,0.9998439870024224,0.3504405035716516,1.5050319556039786
0,1,3,42,0.0,0.0,0.0,0.0,1.0,0.0,0.0
0,1,3,43,0.0,0.0,0.0,0.0,0.9993531732665137,2.639092819891563,7.01252951182618
0,1,3,44,0.0,0.0,0.0,0.0,0.9987512025655154,4.672412641183231,13.05131120413182
0,1,3,45,0.0,0.0,0.0,0.0,0.9993980292990017,2.0333198212916685,6.038781692305629
0,1,3,46,0.0,0.0,0.0,0.0,0.999421822439697,1.9420510034118572,5.816745647225233
0,1,3,47,0.0,0.0,0.0,0.0,0.9998439870024224,0.3504405035716516,1.5050319556039786
0,1,3,48,0.0,0.0,0.0,0.0,1.0,0.0,0.0
0,1,3,49,0.0,0.0,0.0,0.0,1.0,0.0,0.0
0,1,3,50,0.0,0.0,0.0,0.0,0.9987840994264178,5.707148586438123,13.290073357990508
0,1,3,51,0.0,0.0,0.0,0.0,0.9998440729883193,0.350141128446175,1.5042364637263577
0,1,3,52,0.0,0.0,0.0,0.0,1.0,0.0,0.0
0,1,3,53,0.0,0.0,0.0,0.0,1.0,0.0,0.0
0,1,3,54,0.0,0.0,0.0,0.0,0.9993531732665137,2.639092819891563,7.01252951182618
0,1,3,55,0.0,0.0,0.0,0.0,0.9998440729883193,0.350141128446175,1.5042364637263577
0,1,3,56,0.0,0.0,0.0,0.0,1.0,0.0,0.0
0,1,3,57,0.0,0.0,0.0,0.0,1.0,0.0,0.0
0,1,3,58,0.0,0.0,0.0,0.0,0.9990380613091202,3.727663504868899,10.050384655760027
0,1,3,59,0.0,0.0,0.0,0.0,1.0,0.0,0.0
0,1,4,0,0.0,0.0,0.0,0.0,1.0,0.0,0.0
0,1,4,1,0.0,0.0,0.0,0.0,1.0,0.0,0.0
0,1,4,2,0.0,0.0,0.0,0.0,1.0,0.0,0.0
0,1,4,3,0.0,0.0,0.0,0.0,1.0,0.0,0.0
0,1,4,4,0.0,0.0,0.0,0.0,1.0,0.0,0.0
0,1,4,5,0.0,0.0,0.0,0.0,1.0,0.0,0.0
0,1,4,6,0.0,0.0,0.0,0.0,1.0,0.0,0.0
0,1,4,7,0.0,0.0,0.0,0.0,1.0,0.0,0.0
0,1,4,8,0.0,0.0,0.0,0.0,1.0,0.0,0.0
0,1,4,9,0.0,0.0,0.0,0.0,1.0,0.0,0.0
0,1,4,10,0.0,0.0,0.0,0.0,1.0,0.0,0.0
0,1,4,11,0.0,0.0,0.0,0.0,1.0,0.0,0.0
0,1,4,12,0.0,0.0,0.0,0.0,1.0,0.0,0.0
0,1,4,13,0.0,0.0,0.0,0.0,1.0,0.0,0.0
0,1,4,14,0.0,0.0,0.0,0.0,1.0,0.0,0.0
0,1,4,15,0.0,0.0,0.0,0.0,1.0,0.0,0.0
0,1,4,16,0.0,0.0,0.0,0.0,1.0,0.0,0.0
0,1,4,17,0.0,0.0,0.0,0.0,1.0,0.0,0.0
0,1,4,18,0.0,0.0,0.0,0.0,1.0,0.0,0.0
0,1,4,19,0.0,0.0,0.0,0.0,1.0,0.0,0.0
0,1,4,20,0.0,0.0,0.0,0.0,1.0,0.0,0.0
0,1,4,21,0.0,0.0,0.0,0.0,1.0,0.0,0.0
0,1,4,22,0.0,0.0,0.0,0.0,1.0,0.0,0.0
0,1,4,23,0.0,0.0,0.0,0.0,1.0,0.0,0.0
0,1,4,24,0.0,0.0,0.0,0.0,1.0,0.0,0.0
0,1,4,25,0.0,0.0,0.0,0.0,1.0,0.0,0.0
0,1,4,26,0.0,0.0,0.0,0.0,1.0,0.0,0.0
0,1,4,27,0.0,0.0,0.0,0.0,1.0,0.0,0.0
0,1,4,28,0.0,0.0,0.0,0.0,1.0,0.0,0.0
0,1,4,29,0.0,0.0,0.0,0.0,1.0,0.0,0.0
0,1,4,30,0.0,0.0,0.0,0.0,1.0,0.0,0.0
0,1,4,31,0.0,0.0,0.0,0.0,1.0,0.0,0.0
0,1,4,32,0.0,0.0,0.0,0.0,1.0,0.0,0.0
0,1,4,33,0.0,0.0,0.0,0.0,1.0,0.0,0.0
0,1,4,34,0.0,0.0,0.0,0.0,1.0,0.0,0.0
0,1,4,35,0.0,0.0,0.0,0.0,1.0,0.0,0.0
0,1,4,36,0.0,0.0,0.0,0.0,1.0,0.0,0.0
0,1,4,37,0.0,0.0,0.0,0.0,1.0,0.0,0.0
0,1,4,38,0.0,0.0,0.0,0.0,1.0,0.0,0.0
0,1,4,39,0.0,0.0,0.0,0.0,1.0,0.0,0.0
0,1,4,40,0.0,0.0,0.0,0.0,1.0,0.0,0.0
0,1,4,41,0.0,0.0,0.0,0.0,1.0,0.0,0.0
0,1,4,42,0.0,0.0,0.0,0.0,1.0,0.0,0.0
0,1,4,43,0.0,0.0,0.0,0.0,1.0,0.0,0.0
0,1,4,44,0.0,0.0,0.0,0.0,1.0,0.0,0.0
0,1,4,45,0.0,0.0,0.0,0.0,1.0,0.0,0.0
0,1,4,46,0.0,0.0,0.0,0.0,1.0,0.0,0.0
0,1,4,47,0.0,0.0,0.0,0.0,1.0,0.0,0.0
0,1,4,48,0.0,0.0,0.0,0.0,1.0,0.0,0.0
0,1,4,49,0.0,0.0,0.0,0.0,1.0,0.0,0.0
0,1,4,50,0.0,0.0,0.0,0.0,1.0,0.0,0.0
0,1,4,51,0.0,0.0,0.0,0.0,1.0,0.0,0.0
0,1,4,52,0.0,0.0,0.0,0.0,1.0,0.0,0.0
0,1,4,53,0.0,0.0,0.0,0.0,1.0,0.0,0.0
0,1,4,54,0.0,0.0,0.0,0.0,1.0,0.0,0.0
0,1,4,55,0.0,0.0,0.0,0.0,1.0,0.0,0.0
0,1,4,56,0.0,0.0,0.0,0.0,1.0,0.0,0.0
0,1,4,57,0.0,0.0,0.0,0.0,1.0,0.0,0.0
0,1,4,58,0.0,0.0,0.0,0.0,1.0,0.0,0.0
0,1,4,59,0.0,0.0,0.0,0.0,1.0,0.0,0.0
0,2,0,0,0.0,0.0,0.46078431372549017,1.2156862745098038,0.9624844286758537,158.49684852085474,480.740533700304
0,2,0,1,0.0,0.0,1.1862745098039216,0.0196078431372549,0.9796093190233014,120.98109078760767,262.5320735985123
0,2,0,2,0.0,0.0,4.666666666666667,0.8235294117647058,0.9315462349652618,696.0463299812817,1376.9223868939075
0,2,0,3,0.0,0.0,0.4803921568627451,0.0196078431372549,0.9843446962152135,72.38657863956652,183.56701644950147
0,2,0,4,0.0,0.0,0.20588235294117646,0.0,0.9944393441831333,29.431979407436966,62.76948646320816
0,2,0,5,0.0,0.0,0.29411764705882354,0.0,0.9840170673965494,65.72489779780977,184.4489806547727
0,2,0,6,0.0,0.0,1.8529411764705883,0.49019607843137253,0.9631994169704784,222.83616249394265,479.9797148050722
0,2,0,7,0.0,0.0,0.7941176470588235,0.0,0.9865007899343196,66.84828641098896,170.28855437321542
0,2,0,8,0.0,0.0,0.29411764705882354,0.0,0.9870493178540592,53.016541165959914,149.04556857057818
0,2,0,9,0.0,0.0,1.4411764705882353,0.803921568627451,0.9657363810542742,196.05913605058663,456.6581911208051
0,2,0,10,0.0,0.0,1.4019607843137254,0.0,0.9804910482709576,99.15752624041514,252.31343896045883
0,2,0,11,0.0,0.0,1.2549019607843137,0.0,0.9804045443168149,104.52086238272183,252.74893935552925
0,2,0,12,0.0,0.0,0.28431372549019607,0.0,0.986564988163258,56.87536409507719,152.39129924368967
0,2,0,13,0.0,0.0,0.8137254901960784,0.0,0.9879217793504003,62.197412112450685,154.37109681054716
0,2,0,14,0.0,0.0,1.3529411764705883,0.47058823529411764,0.968150129034984,197.715477153739,418.04366108148
0,2,0,15,0.0,0.0,0.3333333333333333,0.49019607843137253,0.975058060701479,122.59646275117471,306.21927462592254
0,2,0,16,0.0,0.0,0.3137254901960784,0.4117647058823529,0.9744293451175484,131.89552778933762,310.8342469407303
0,2,0,17,0.0,0.0,1.8333333333333333,1.6470588235294117,0.9497989736806174,257.9388087020099,762.0781386810597
0,2,0,18,0.0,0.0,1.1666666666666667,0.0,0.9811274240334704,121.09188578644381,242.37952624427345
0,2,0,19,0.0,0.0,1.3431372549019607,0.0,0.9830583332173314,91.55114953840206,221.61786518406143
0,2,0,20,0.0,0.0,1.9411764705882353,0.0,0.9737815663584478,143.6311738976858,345.3520104517575
0,2,0,21,0.0,0.0,0.9215686274509803,0.0,0.984748263452823,103.05266590888976,199.77042059838416
0,2,0,22,0.0,0.0,0.1568627450980392,0.43137254901960786,0.9813331310750534,99.11904325215416,231.7222718966047
0,2,0,23,0.0,0.0,3.7254901960784315,0.8235294117647058,0.9455042330109276,593.5349513404603,1146.6729117317207
0,2,0,24,0.0,0.0,1.1764705882352942,0.0,0.98417107677155,86.40938490563063,210.73533293625246
0,2,0,25,0.0,0.0,0.8921568627450981,0.0196078431372549,0.9815061771320822,90.978127557299,231.93611582624504
0,2,0,26,0.0,0.0,1.3627450980392157,0.7058823529411765,0.9689106612008347,181.67370950948668,415.35401498767106
0,2,0,27,0.0,0.0,0.5392156862745098,0.49019607843137253,0.9851971722309495,53.75176834395142,184.8238494869038
0,2,0,28,0.0,0.0,2.0784313725490198,0.0784313725490196,0.9641378115571121,200.7668793043007,463.66636569410736
0,2,0,29,0.0,0.0,0.0196078431372549,0.0196078431372549,0.993095975250168,31.246679107813584,80.26801796171219
0,2,0,30,0.0,0.0,1.1470588235294117,0.5294117647058824,0.9678532978715771,199.2644839909227,421.25388685330626
0,2,0,31,0.0,0.0,1.1470588235294117,0.0,0.9860930215032178,79.9469384081444,186.12568429275956
0,2,0,32,0.0,0.0,1.2450980392156863,0.0,0.979685316522434,109.31035059696858,260.68702064200454
0,2,0,33,0.0,0.0,0.00980392156862745,0.0,0.9941297613478892,26.64092901026219,63.53977423007045
0,2,0,34,0.0,0.0,1.8235294117647058,0.0392156862745098,0.9732975049527798,161.81135704185493,357.37530167223844
0,2,0,35,0.0,0.0,1.5980392156862746,0.9411764705882353,0.9659561348337325,157.20826246630062,458.12400826161036
0,2,0,36,0.0,0.0,1.392156862745098,0.5098039215686274,0.9708537772158102,156.8312633421936,384.1360118609788
0,2,0,37,0.0,0.0,0.0392156862745098,0.49019607843137253,0.985945320419169,40.32502021801324,172.64242109823743
0,2,0,38,0.0,0.0,1.1764705882352942,0.0,0.9780172117990942,134.49572650041173,277.1902392803933
0,2,0,39,0.0,0.0,0.9313725490196079,0.0,0.9847771112678386,101.5602546682019,200.42282064677426
0,2,0,40,0.0,0.0,0.24509803921568626,0.49019607843137253,0.9876742785942408,35.797986625750084,153.18368900493277
0,2,0,41,0.0,0.0,0.4803921568627451,0.0,0.9908677810211978,38.25499897728208,106.31246755907112
0,2,0,42,0.0,0.0,0.18627450980392157,0.7254901960784313,0.9723419737991758,98.59228600819462,337.5992455041412
0,2,0,43,0.0,0.0,1.1666666666666667,0.5098039215686274,0.9681801606918649,197.0441122414249,413.0589260791625
0,2,0,44,0.0,0.0,2.049019607843137,0.0392156862745098,0.9708864487294643,179.03138173853017,387.53486099223846
0,2,0,45,0.0,0.0,1.0392156862745099,0.0,0.9852163117252822,66.82298603380248,188.656241138043
0,2,0,46,0.0,0.0,0.7843137254901961,0.0196078431372549,0.9837285943928266,81.26971568110457,205.5761418799332
0,2,0,47,0.0,0.0,0.49019607843137253,0.5882352941176471,0.9770535244276629,76.78155637286842,278.9138621844419
0,2,0,48,0.0,0.0,0.6078431372549019,0.8627450980392157,0.9779491761788135,89.60147468422045,285.58317701969014
0,2,0,49,0.0,0.0,0.18627450980392157,0.7058823529411765,0.972632014979769,99.24349099107351,332.91184473741566
0,2,0,50,0.0,0.0,1.2549019607843137,0.0,0.9769998628034658,125.83725140284214,292.13123521948575
0,2,0,51,0.0,0.0,0.2549019607843137,0.6078431372549019,0.9791565925641713,68.38917321659626,254.90772282769385
0,2,0,52,0.0,0.0,0.23529411764705882,0.5098039215686274,0.9728643420713965,133.10289656608214,338.6050706955775
0,2,0,53,0.0,0.0,0.24509803921568626,0.0,0.989878477244896,52.16327150157014,113.4482054793936
0,2,0,54,0.0,0.0,1.411764705882353,0.5490196078431373,0.9603660372163882,241.31097899584884,518.4702614237177
0,2,0,55,0.0,0.0,0.24509803921568626,0.0196078431372549,0.9903241032372785,40.08334193261815,112.3010943195539
0,2,0,56,0.0,0.0,0.20588235294117646,0.0196078431372549,0.989224091793976,53.036710934717064,124.33285799821032
0,2,0,57,0.0,0.0,0.0,0.0,0.9964649022803581,18.02499328245409,38.52007447621448
0,2,0,58,0.0,0.0,1.4705882352941178,0.0,0.9808149017576023,124.74639923560393,253.98235231725297
0,2,0,59,0.0,0.0,0.2647058823529412,0.0,0.9895285757458354,47.878097459958504,119.34448522810759
0,2,1,0,0.0,0.0,0.00980392156862745,0.0,0.9955346937500212,17.11310299453166,50.35488682524441
0,2,1,1,0.0,0.0,0.24509803921568626,0.0,0.9930106206167783,37.14971058675678,83.54131525765303
0,2,1,2,0.0,0.0,1.7549019607843137,0.0784313725490196,0.9788209875623117,126.66047007883446,271.53078250480604
0,2,1,3,0.0,0.0,0.0196078431372549,0.0,0.9959715080388003,19.2418050098103,47.066640125932466
0,2,1,4,0.0,0.0,0.00980392156862745,0.0,0.9982121169108039,7.891203952315256,20.29036191360931
0,2,1,5,0.0,0.0,0.00980392156862745,0.0,0.9952465702660439,20.92056288655451,54.3663441449286
0,2,1,6,0.0,0.0,0.2549019607843137,0.0,0.9891779254146371,54.22585459685993,127.84942678382876
0,2,1,7,0.0,0.0,0.24509803921568626,0.0,0.9945764338816266,20.54743113032692,62.96533319486129
0,2,1,8,0.0,0.0,0.00980392156862745,0.0,0.9969769677930699,12.877580069600798,34.687446612824814
0,2,1,9,0.0,0.0,0.47058823529411764,0.0,0.9896716429882036,44.910545135890544,123.96802164318868
0,2,1,10,0.0,0.0,0.4803921568627451,0.0,0.9915574398620136,37.785207864839144,104.2340326275721
0,2,1,11,0.0,0.0,0.47058823529411764,0.0,0.9936106281413647,29.700535422934603,79.18277928210055
0,2,1,12,0.0,0.0,0.00980392156862745,0.0,0.9970194408135747,13.050988412021871,34.3086875066814
0,2,1,13,0.0,0.0,0.24509803921568626,0.0,0.9951047500801679,19.106741334476048,57.49169366673496
0,2,1,14,0.0,0.0,0.24509803921568626,0.0,0.9914757022144226,42.53979618733722,99.98526797638527
0,2,1,15,0.0,0.0,0.00980392156862745,0.0,0.9953737556709509,19.107957742318657,52.02982646892321
0,2,1,16,0.0,0.0,0.00980392156862745,0.0,0.9958265511144423,15.481903557411497,47.089523611068806
0,2,1,17,0.0,0.0,0.24509803921568626,0.0,0.9915665490954101,28.90198117993729,96.27844019511906
0,2,1,18,0.0,0.0,0.24509803921568626,0.0,0.9935525733003624,34.916823564891736,76.07665133323226
0,2,1,19,0.0,0.0,0.4803921568627451,0.0,0.9934395003543394,30.567783682754932,82.46462279815283
0,2,1,20,0.0,0.0,0.7156862745098039,0.0,0.9895744806879457,45.26102887281462,127.8379209297858
0,2,1,21,0.0,0.0,0.23529411764705882,0.0,0.9945560296379519,30.457526524589092,64.50797891044469
0,2,1,22,0.0,0.0,0.0,0.0,0.9970107329578921,11.131904572150743,32.72668192837188
0,2,1,23,0.0,0.0,1.7156862745098038,0.0784313725490196,0.9804439586564788,119.0435635237209,252.8202244670429
0,2,1,24,0.0,0.0,0.47058823529411764,0.0,0.993376629273267,30.993928916904494,81.94626396054718
0,2,1,25,0.0,0.0,0.24509803921568626,0.0,0.9940233683379563,24.149344307427626,69.40969995682866
0,2,1,26,0.0,0.0,0.47058823529411764,0.0,0.9917156794422484,36.56889847174878,100.57533721834166
0,2,1,27,0.0,0.0,0.0196078431372549,0.0,0.9973276053283557,13.616368159234593,31.91392982122746
0,2,1,28,0.0,0.0,0.49019607843137253,0.0,0.9891814199262111,50.61350593393598,128.1763348158267
0,2,1,29,0.0,0.0,0.0,0.0,0.998750738372795,4.736052384668238,13.774564043211388
0,2,1,30,0.0,0.0,0.23529411764705882,0.0,0.9919667752075937,39.32812464849215,92.7484621140922
0,2,1,31,0.0,0.0,0.47058823529411764,0.0,0.9942837341913195,27.058295224721252,72.08334224115869
0,2,1,32,0.0,0.0,0.47058823529411764,0.0,0.9937042649284039,29.48076282998949,78.29772014083382
0,2,1,33,0.0,0.0,0.0,0.0,0.9988364611202338,5.237601203318172,12.254030561655249
0,2,1,34,0.0,0.0,0.4803921568627451,0.0,0.9899526985694158,46.990145807524634,118.8409102440929
0,2,1,35,0.0,0.0,0.47058823529411764,0.0,0.9905082757489567,38.40664248510537,113.41078722679428
0,2,1,36,0.0,0.0,0.4215686274509804,0.0,0.9913111622663765,33.72663192064546,101.46306222604923
0,2,1,37,0.0,0.0,0.0,0.0,0.9973452288891594,9.19770952917416,29.65600128824139
0,2,1,38,0.0,0.0,0.24509803921568626,0.0,0.9935912772058496,33.478250206927974,75.33512751680924
0,2,1,39,0.0,0.0,0.23529411764705882,0.0,0.9939182315790335,32.1056754705593,71.58856882338216
0,2,1,40,0.0,0.0,0.00980392156862745,0.0,0.9983608961519116,7.051148685687572,18.98249837543252
0,2,1,41,0.0,0.0,0.0196078431372549,0.0,0.9959025420126251,17.692526365005985,47.55722614245854
0,2,1,42,0.0,0.0,0.0,0.0,0.9977141107855573,8.830715814672997,24.175734918622755
0,2,1,43,0.0,0.0,0.23529411764705882,0.0,0.9924363935594066,37.640423854642755,88.11101534990834
0,2,1,44,0.0,0.0,0.49019607843137253,0.0,0.988717895028001,54.1217416500962,133.2190731031339
0,2,1,45,0.0,0.0,0.2549019607843137,0.0,0.9929643679221435,26.22654898557179,81.95381173852459
0,2,1,46,0.0,0.0,0.24509803921568626,0.0,0.9947627596866263,20.919667905236604,61.22484655896762
0,2,1,47,0.0,0.0,0.0196078431372549,0.0,0.9954233158722272,19.987907445968972,53.562482349547345
0,2,1,48,0.0,0.0,0.00980392156862745,0.0,0.9959257291825722,12.090663556230657,45.552807619621774
0,2,1,49,0.0,0.0,0.0,0.0,0.9979095167532424,8.350957717500666,22.29465341842104
0,2,1,50,0.0,0.0,0.47058823529411764,0.0,0.9935110203625337,30.12257031642653,80.13972633559406
0,2,1,51,0.0,0.0,0.00980392156862745,0.0,0.996987825813246,13.275451575775929,35.451246364524856
0,2,1,52,0.0,0.0,0.0,0.0,0.9955148724312219,16.13260015677849,49.141210997963476
0,2,1,53,0.0,0.0,0.00980392156862745,0.0,0.9974700182134436,10.917150796706455,28.643903406885208
0,2,1,54,0.0,0.0,0.23529411764705882,0.0,0.9915939375089261,40.980900076408034,97.08221653958671
0,2,1,55,0.0,0.0,0.00980392156862745,0.0,0.997689452509888,9.935764439855463,27.24337762075472
0,2,1,56,0.0,0.0,0.00980392156862745,0.0,0.9973493414952598,8.409412085426682,29.66224598359476
0,2,1,57,0.0,0.0,0.0,0.0,0.9992413690378501,3.4447696517894406,7.559252888676757
0,2,1,58,0.0,0.0,0.2549019607843137,0.0,0.9919625315330635,44.04532580312533,96.80533415014877
0,2,1,59,0.0,0.0,0.00980392156862745,0.0,0.9977088350161897,7.694514230247377,25.626379226075617
0,2,2,0,0.0,0.0,0.0,0.0,0.9987122569554309,5.127663233531572,13.689540899534634
0,2,2,1,0.0,0.0,0.00980392156862745,0.0,0.9963578502441099,17.13027261117364,42.33629440855472
0,2,2,2,0.0,0.0,0.2549019607843137,0.0,0.9935239326482866,30.565023800005104,77.1589933914157
0,2,2,3,0.0,0.0,0.0,0.0,0.9977586145410974,10.283375092590274,25.383723374114496
0,2,2,4,0.0,0.0,0.0,0.0,0.9990257280655208,4.068188105833525,10.493942524492978
0,2,2,5,0.0,0.0,0.0,0.0,0.9974658107960491,10.478074357997556,27.446966915904287
0,2,2,6,0.0,0.0,0.00980392156862745,0.0,0.9954011217858799,22.36357015600428,53.06977951643734
0,2,2,7,0.0,0.0,0.00980392156862745,0.0,0.9979698540836801,7.712609363238942,23.689055001732093
0,2,2,8,0.0,0.0,0.0,0.0,0.9983927291088985,6.496663653251484,17.730218415191548
0,2,2,9,0.0,0.0,0.24509803921568626,0.0,0.9951056772502226,20.976447843269174,56.88783255317948
0,2,2,10,0.0,0.0,0.24509803921568626,0.0,0.994776475278929,21.867916595898638,61.545982651458566
0,2,2,11,0.0,0.0,0.24509803921568626,0.0,0.9963487795184588,16.127292663231575,43.94855710741201
0,2,2,12,0.0,0.0,0.0,0.0,0.9983927291088985,6.496663653251482,17.730218415191544
0,2,2,13,0.0,0.0,0.00980392156862745,0.0,0.9979698540836801,7.712609363238942,23.689055001732093
0,2,2,14,0.0,0.0,0.00980392156862745,0.0,0.9971416475108473,14.401730892893594,33.346693902208806
0,2,2,15,0.0,0.0,0.0,0.0,0.9987440136186027,5.5403617218359225,13.52159136037273
0,2,2,16,0.0,0.0,0.0,0.0,0.9988493064004773,4.1947256995651765,12.201776850331852
0,2,2,17,0.0,0.0,0.00980392156862745,0.0,0.9963900445780484,11.171956971254188,39.62336814315336
0,2,2,18,0.0,0.0,0.00980392156862745,0.0,0.9972942381740326,13.639920317388787,31.891809318524842
0,2,2,19,0.0,0.0,0.24509803921568626,0.0,0.9958569900836108,18.089457995914785,49.655737599022366
0,2,2,20,0.0,0.0,0.2549019607843137,0.0,0.9944866622855434,23.168612174883446,66.03244913463574
0,2,2,21,0.0,0.0,0.00980392156862745,0.0,0.9974826386355798,12.739631731072475,29.392838026245787
0,2,2,22,0.0,0.0,0.0,0.0,0.9998474093368147,0.761810575504801,1.454884583683963
0,2,2,23,0.0,0.0,0.2549019607843137,0.0,0.994129734302429,28.040582205238547,70.6855874137271
0,2,2,24,0.0,0.0,0.24509803921568626,0.0,0.9961956915431568,16.91297192162401,45.58673665592778
0,2,2,25,0.0,0.0,0.00980392156862745,0.0,0.9974873715840485,9.818632136389255,28.475817034614707
0,2,2,26,0.0,0.0,0.24509803921568626,0.0,0.9963642175386779,16.217813387149288,43.79827871658757
0,2,2,27,0.0,0.0,0.0,0.0,0.9982196682078878,8.525420272561906,19.86155113381653
0,2,2,28,0.0,0.0,0.0196078431372549,0.0,0.9951071284172349,21.650963357018465,57.21263743572243
0,2,2,29,0.0,0.0,0.0,0.0,0.9993844554685366,2.021272904152975,6.259132136246031
0,2,2,30,0.0,0.0,0.00980392156862745,0.0,0.9976445017886212,12.06670938501404,27.666123551555547
0,2,2,31,0.0,0.0,0.24509803921568626,0.0,0.9965168082018633,15.4560028116445,42.343394132903605
0,2,2,32,0.0,0.0,0.24509803921568626,0.0,0.9963487795184588,16.127292663231575,43.94855710741201
0,2,2,33,0.0,0.0,0.0,0.0,0.9996855461837734,1.4347329215632363,3.181599058374211
0,2,2,34,0.0,0.0,0.0196078431372549,0.0,0.9957669465354866,19.017508172748176,49.900293969603666
0,2,2,35,0.0,0.0,0.24509803921568626,0.0,0.9949623055813513,18.919350752491045,58.032496860118776
0,2,2,36,0.0,0.0,0.00980392156862745,0.0,0.9970267487785018,11.819468737562465,34.04374699003233
0,2,2,37,0.0,0.0,0.0,0.0,0.9985708363873194,4.5531303176995435,14.61599378650708
0,2,2,38,0.0,0.0,0.00980392156862745,0.0,0.9971372743335549,13.938353993779533,33.52358243399035
0,2,2,39,0.0,0.0,0.00980392156862745,0.0,0.997144353817495,13.539091670862556,32.82738682677492
0,2,2,40,0.0,0.0,0.0,0.0,0.999021811459094,4.067418981636035,10.602883200385177
0,2,2,41,0.0,0.0,0.0,0.0,0.9977718158903182,9.169192026432285,25.010163158997692
0,2,2,42,0.0,0.0,0.0,0.0,0.9993566370534638,2.4036873253435633,6.527475824240309
0,2,2,43,0.0,0.0,0.00980392156862745,0.0,0.9976445017886212,12.066709385014038,27.66612355155555
0,2,2,44,0.0,0.0,0.0196078431372549,0.0,0.9952640922577127,21.352529680627732,55.580864320256936
0,2,2,45,0.0,0.0,0.00980392156862745,0.0,0.9968246683724712,11.817072337664422,35.78338181195949
0,2,2,46,0.0,0.0,0.00980392156862745,0.0,0.997890761451273,8.081903128463603,24.43276787230125
0,2,2,47,0.0,0.0,0.0,0.0,0.9972964816271869,10.901589500188763,29.93247600872963
0,2,2,48,0.0,0.0,0.0,0.0,0.9979284010595215,5.421512940698444,21.6414936330316
0,2,2,49,0.0,0.0,0.0,0.0,0.9993566370534638,2.4036873253435633,6.527475824240309
0,2,2,50,0.0,0.0,0.24509803921568626,0.0,0.9963487795184588,16.127292663231575,43.94855710741201
0,2,2,51,0.0,0.0,0.0,0.0,0.9980854235291711,7.5577712754208815,21.047368290415076
0,2,2,52,0.0,0.0,0.0,0.0,0.9991070736347192,3.1274320010634193,8.748495390822985
0,2,2,53,0.0,0.0,0.0,0.0,0.9987343802276056,5.157896779036842,13.785749443807354
0,2,2,54,0.0,0.0,0.00980392156862745,0.0,0.9974764731052163,12.737999236601128,29.271286526063935
0,2,2,55,0.0,0.0,0.0,0.0,0.9985607577923035,5.825373801664399,16.125055440683152
0,2,2,56,0.0,0.0,0.0,0.0,0.9987678336629434,3.543702561167877,13.021091164757877
0,2,2,57,0.0,0.0,0.0,0.0,0.9999933371575197,0.022236188416284716,0.06174346464994426
0,2,2,58,0.0,0.0,0.00980392156862745,0.0,0.9955537124490653,21.601759580499483,51.61489493275338
0,2,2,59,0.0,0.0,0.0,0.0,0.9989142999958801,3.5643436882656725,11.424355214883574
0,2,3,0,0.0,0.0,0.0,0.0,1.0,0.0,0.0
0,2,3,1,0.0,0.0,0.0,0.0,0.999197246254833,2.9892339483377373,8.51676597555254
0,2,3,2,0.0,0.0,0.0,0.0,0.9981372726929316,8.346241406329687,20.302602869816695
0,2,3,3,0.0,0.0,0.0,0.0,0.9996848880426062,1.0885706849773382,3.0378551439338435
0,2,3,4,0.0,0.0,0.0,0.0,1.0,0.0,0.0
0,2,3,5,0.0,0.0,0.0,0.0,0.9998440729883193,0.350141128446175,1.5042364637263577
0,2,3,6,0.0,0.0,0.0,0.0,0.9990380613091202,3.727663504868899,10.050384655760027
0,2,3,7,0.0,0.0,0.0,0.0,0.999421822439697,1.9420510034118572,5.816745647225233
0,2,3,8,0.0,0.0,0.0,0.0,0.9998440729883193,0.350141128446175,1.5042364637263577
0,2,3,9,0.0,0.0,0.0,0.0,0.9987840994264178,5.707148586438123,13.290073357990508
0,2,3,10,0.0,0.0,0.0,0.0,0.9986281724147382,6.0572897148842975,14.79430982171686
0,2,3,11,0.0,0.0,0.0,0.0,0.9987840994264178,5.707148586438123,13.290073357990508
0,2,3,12,0.0,0.0,0.0,0.0,0.9998440729883193,0.350141128446175,1.5042364637263577
0,2,3,13,0.0,0.0,0.0,0.0,0.999421822439697,1.9420510034118572,5.816745647225233
0,2,3,14,0.0,0.0,0.0,0.0,0.9993293801258184,2.730361637771374,7.234565556906579
0,2,3,15,0.0,0.0,0.0,0.0,0.999999914014102,0.00029937512547655016,0.0007954918776218733
0,2,3,16,0.0,0.0,0.0,0.0,1.0,0.0,0.0
0,2,3,17,0.0,0.0,0.0,0.0,0.999421822439697,1.9420510034118572,5.816745647225233
0,2,3,18,0.0,0.0,0.0,0.0,0.9993293801258184,2.730361637771374,7.234565556906579
0,2,3,19,0.0,0.0,0.0,0.0,0.9987840994264178,5.707148586438123,13.290073357990508
0,2,3,20,0.0,0.0,0.0,0.0,0.9982059218661147,7.6491995898499825,19.10681900521574
0,2,3,21,0.0,0.0,0.0,0.0,0.9993531732665137,2.639092819891563,7.01252951182618
0,2,3,22,0.0,0.0,0.0,0.0,1.0,0.0,0.0
0,2,3,23,0.0,0.0,0.0,0.0,0.9981372726929316,8.346241406329687,20.302602869816695
0,2,3,24,0.0,0.0,0.0,0.0,0.9987840994264178,5.707148586438123,13.290073357990508
0,2,3,25,0.0,0.0,0.0,0.0,0.999421822439697,1.9420510034118572,5.816745647225233
0,2,3,26,0.0,0.0,0.0,0.0,0.9987840994264178,5.707148586438123,13.290073357990508
0,2,3,27,0.0,0.0,0.0,0.0,0.9998170219135916,0.8296983744109742,1.7556547252878802
0,2,3,28,0.0,0.0,0.0,0.0,0.9987749957062108,4.581143823303421,12.829275159051427
0,2,3,29,0.0,0.0,0.0,0.0,1.0,0.0,0.0
0,2,3,30,0.0,0.0,0.0,0.0,0.9993531732665137,2.639092819891563,7.01252951182618
0,2,3,31,0.0,0.0,0.0,0.0,0.9987840994264178,5.707148586438123,13.290073357990508
0,2,3,32,0.0,0.0,0.0,0.0,0.9987840994264178,5.707148586438123,13.290073357990508
0,2,3,33,0.0,0.0,0.0,0.0,1.0,0.0,0.0
0,2,3,34,0.0,0.0,0.0,0.0,0.9987749957062108,4.581143823303421,12.829275159051427
0,2,3,35,0.0,0.0,0.0,0.0,0.9987840994264178,5.707148586438123,13.290073357990508
0,2,3,36,0.0,0.0,0.0,0.0,0.9994217364537988,1.9423503785373348,5.817541139102858
0,2,3,37,0.0,0.0,0.0,0.0,1.0,0.0,0.0
0,2,3,38,0.0,0.0,0.0,0.0,0.9993531732665137,2.639092819891563,7.01252951182618
0,2,3,39,0.0,0.0,0.0,0.0,0.9993531732665137,2.639092819891563,7.01252951182618
0,2,3,40,0.0,0.0,0.0,0.0,0.9999762068593047,0.09126881787981131,0.22203604508039193
0,2,3,41,0.0,0.0,0.0,0.0,0.9998439870024224,0.3504405035716516,1.5050319556039786
0,2,3,42,0.0,0.0,0.0,0.0,1.0,0.0,0.0
0,2,3,43,0.0,0.0,0.0,0.0,0.9993531732665137,2.639092819891563,7.01252951182618
0,2,3,44,0.0,0.0,0.0,0.0,0.9987512025655154,4.6724126411832305,13.051311204131819
0,2,3,45,0.0,0.0,0.0,0.0,0.9993980292990017,2.0333198212916685,6.038781692305629
0,2,3,46,0.0,0.0,0.0,0.0,0.999421822439697,1.9420510034118572,5.816745647225233
0,2,3,47,0.0,0.0,0.0,0.0,0.9998439870024224,0.3504405035716516,1.5050319556039786
0,2,3,48,0.0,0.0,0.0,0.0,1.0,0.0,0.0
0,2,3,49,0.0,0.0,0.0,0.0,1.0,0.0,0.0
0,2,3,50,0.0,0.0,0.0,0.0,0.9987840994264178,5.707148586438123,13.290073357990508
0,2,3,51,0.0,0.0,0.0,0.0,0.9998440729883193,0.350141128446175,1.5042364637263577
0,2,3,52,0.0,0.0,0.0,0.0,1.0,0.0,0.0
0,2,3,53,0.0,0.0,0.0,0.0,1.0,0.0,0.0
0,2,3,54,0.0,0.0,0.0,0.0,0.9993531732665137,2.639092819891563,7.01252951182618
0,2,3,55,0.0,0.0,0.0,0.0,0.9998440729883193,0.350141128446175,1.5042364637263577
0,2,3,56,0.0,0.0,0.0,0.0,1.0,0.0,0.0
0,2,3,57,0.0,0.0,0.0,0.0,1.0,0.0,0.0
0,2,3,58,0.0,0.0,0.0,0.0,0.9990380613091202,3.727663504868899,10.050384655760027
0,2,3,59,0.0,0.0,0.0,0.0,1.0,0.0,0.0
0,2,4,0,0.0,0.0,0.0,0.0,1.0,0.0,0.0
0,2,4,1,0.0,0.0,0.0,0.0,1.0,0.0,0.0
0,2,4,2,0.0,0.0,0.0,0.0,1.0,0.0,0.0
0,2,4,3,0.0,0.0,0.0,0.0,1.0,0.0,0.0
0,2,4,4,0.0,0.0,0.0,0.0,1.0,0.0,0.0
0,2,4,5,0.0,0.0,0.0,0.0,1.0,0.0,0.0
0,2,4,6,0.0,0.0,0.0,0.0,1.0,0.0,0.0
0,2,4,7,0.0,0.0,0.0,0.0,1.0,0.0,0.0
0,2,4,8,0.0,0.0,0.0,0.0,1.0,0.0,0.0
0,2,4,9,0.0,0.0,0.0,0.0,1.0,0.0,0.0
0,2,4,10,0.0,0.0,0.0,0.0,1.0,0.0,0.0
0,2,4,11,0.0,0.0,0.0,0.0,1.0,0.0,0.0
0,2,4,12,0.0,0.0,0.0,0.0,1.0,0.0,0.0
0,2,4,13,0.0,0.0,0.0,0.0,1.0,0.0,0.0
0,2,4,14,0.0,0.0,0.0,0.0,1.0,0.0,0.0
0,2,4,15,0.0,0.0,0.0,0.0,1.0,0.0,0.0
0,2,4,16,0.0,0.0,0.0,0.0,1.0,0.0,0.0
0,2,4,17,0.0,0.0,0.0,0.0,1.0,0.0,0.0
0,2,4,18,0.0,0.0,0.0,0.0,1.0,0.0,0.0
0,2,4,19,0.0,0.0,0.0,0.0,1.0,0.0,0.0
0,2,4,20,0.0,0.0,0.0,0.0,1.0,0.0,0.0
0,2,4,21,0.0,0.0,0.0,0.0,1.0,0.0,0.0
0,2,4,22,0.0,0.0,0.0,0.0,1.0,0.0,0.0
0,2,4,23,0.0,0.0,0.0,0.0,1.0,0.0,0.0
0,2,4,24,0.0,0.0,0.0,0.0,1.0,0.0,0.0
0,2,4,25,0.0,0.0,0.0,0.0,1.0,0.0,0.0
0,2,4,26,0.0,0.0,0.0,0.0,1.0,0.0,0.0
0,2,4,27,0.0,0.0,0.0,0.0,1.0,0.0,0.0
0,2,4,28,0.0,0.0,0.0,0.0,1.0,0.0,0.0
0,2,4,29,0.0,0.0,0.0,0.0,1.0,0.0,0.0
0,2,4,30,0.0,0.0,0.0,0.0,1.0,0.0,0.0
0,2,4,31,0.0,0.0,0.0,0.0,1.0,0.0,0.0
0,2,4,32,0.0,0.0,0.0,0.0,1.0,0.0,0.0
0,2,4,33,0.0,0.0,0.0,0.0,1.0,0.0,0.0
0,2,4,34,0.0,0.0,0.0,0.0,1.0,0.0,0.0
0,2,4,35,0.0,0.0,0.0,0.0,1.0,0.0,0.0
0,2,4,36,0.0,0.0,0.0,0.0,1.0,0.0,0.0
0,2,4,37,0.0,0.0,0.0,0.0,1.0,0.0,0.0
0,2,4,38,0.0,0.0,0.0,0.0,1.0,0.0,0.0
0,2,4,39,0.0,0.0,0.0,0.0,1.0,0.0,0.0
0,2,4,40,0.0,0.0,0.0,0.0,1.0,0.0,0.0
0,2,4,41,0.0,0.0,0.0,0.0,1.0,0.0,0.0
0,2,4,42,0.0,0.0,0.0,0.0,1.0,0.0,0.0
0,2,4,43,0.0,0.0,0.0,0.0,1.0,0.0,0.0
0,2,4,44,0.0,0.0,0.0,0.0,1.0,0.0,0.0
0,2,4,45,0.0,0.0,0.0,0.0,1.0,0.0,0.0
0,2,4,46,0.0,0.0,0.0,0.0,1.0,0.0,0.0
0,2,4,47,0.0,0.0,0.0,0.0,1.0,0.0,0.0
0,2,4,48,0.0,0.0,0.0,0.0,1.0,0.0,0.0
0,2,4,49,0.0,0.0,0.0,0.0,1.0,0.0,0.0
0,2,4,50,0.0,0.0,0.0,0.0,1.0,0.0,0.0
0,2,4,51,0.0,0.0,0.0,0.0,1.0,0.0,0.0
0,2,4,52,0.0,0.0,0.0,0.0,1.0,0.0,0.0
0,2,4,53,0.0,0.0,0.0,0.0,1.0,0.0,0.0
0,2,4,54,0.0,0.0,0.0,0.0,1.0,0.0,0.0
0,2,4,55,0.0,0.0,0.0,0.0,1.0,0.0,0.0
0,2,4,56,0.0,0.0,0.0,0.0,1.0,0.0,0.0
0,2,4,57,0.0,0.0,0.0,0.0,1.0,0.0,0.0
0,2,4,58,0.0,0.0,0.0,0.0,1.0,0.0,0.0
0,2,4,59,0.0,0.0,0.0,0.0,1.0,0.0,0.0
0,3,0,0,0.0,0.0,0.803921568627451,1.411764705882353,0.9551658220018884,196.69241891539951,602.474156321437
0,3,0,1,0.0,0.0,1.4215686274509804,0.058823529411764705,0.9764692145435249,148.4697282307681,315.40305273695793
0,3,0,2,0.0,0.0,5.2745098039215685,1.3333333333333333,0.9073102535865284,1164.1902670017678,2362.5610488436414
0,3,0,3,0.0,0.0,0.5588235294117647,0.0196078431372549,0.9826817070608308,80.4909160628763,204.22086765704978
0,3,0,4,0.0,0.0,0.22549019607843138,0.0,0.9940350641114848,31.292578094361453,67.21286482070083
0,3,0,5,0.0,0.0,0.37254901960784315,0.0,0.9817007153710438,76.48117155277514,215.27403338382035
0,3,0,6,0.0,0.0,2.156862745098039,0.6666666666666666,0.9579022108578932,266.4478323222496,567.1143983476943
0,3,0,7,0.0,0.0,0.8333333333333334,0.0,0.985814285251798,70.07545383882805,179.1645658708083
0,3,0,8,0.0,0.0,0.35294117647058826,0.0,0.9847627082537307,63.90982392548869,179.65449727211086
0,3,0,9,0.0,0.0,1.7156862745098038,1.0392156862745099,0.9608834281501061,237.62740991482798,540.4563603139641
0,3,0,10,0.0,0.0,1.4901960784313726,0.0196078431372549,0.978316470762567,112.82403397289721,282.6136398050926
0,3,0,11,0.0,0.0,1.5196078431372548,0.0196078431372549,0.9767379016639174,131.45789583565272,310.8145035185467
0,3,0,12,0.0,0.0,0.3627450980392157,0.0,0.9841047243192426,68.77029062960585,185.29792735125505
0,3,0,13,0.0,0.0,0.8725490196078431,0.0,0.9871764377875943,66.53078237673594,164.47799889082876
0,3,0,14,0.0,0.0,1.696078431372549,0.6274509803921569,0.9634448249264679,239.70052428076121,498.5175622091414
0,3,0,15,0.0,0.0,0.39215686274509803,0.6274509803921569,0.9736020132867974,130.96578529330694,326.8839600719119
0,3,0,16,0.0,0.0,0.4117647058823529,0.43137254901960786,0.9726375117681717,142.18556842202503,334.2950958524143
0,3,0,17,0.0,0.0,2.2941176470588234,2.019607843137255,0.9382305014196451,349.395828535973,1018.7870378923626
0,3,0,18,0.0,0.0,1.3823529411764706,0.0392156862745098,0.9784856430804135,145.68585005950882,286.5385095336531
0,3,0,19,0.0,0.0,1.4607843137254901,0.0196078431372549,0.9811186315144192,105.23058218698559,249.80581354238305
0,3,0,20,0.0,0.0,2.1666666666666665,0.058823529411764705,0.9701651312703731,169.54683245608234,398.1814372864061
0,3,0,21,0.0,0.0,1.1274509803921569,0.0392156862745098,0.9822302186536991,127.0080338984413,242.09025316962646
0,3,0,22,0.0,0.0,0.18627450980392157,0.49019607843137253,0.979546808769315,110.32244043562301,256.64948207183016
0,3,0,23,0.0,0.0,4.4411764705882355,1.1372549019607843,0.9229138217860483,1009.3240557395802,2008.5687583144208
0,3,0,24,0.0,0.0,1.3431372549019607,0.0392156862745098,0.9824582840088194,102.09300020709537,239.96582593359366
0,3,0,25,0.0,0.0,1.088235294117647,0.1568627450980392,0.9788532447310688,105.7586505217116,271.6169194917815
0,3,0,26,0.0,0.0,1.6274509803921569,0.9019607843137255,0.964247987440123,216.26070251869658,490.831065641867
0,3,0,27,0.0,0.0,0.5784313725490197,0.5686274509803921,0.9839011935290404,59.37958576583048,202.67448746638237
0,3,0,28,0.0,0.0,2.5098039215686274,0.17647058823529413,0.9583009097442622,244.26041368709778,556.3737885938253
0,3,0,29,0.0,0.0,0.049019607843137254,0.0196078431372549,0.9924663979626288,34.646948235694765,87.70163254680207
0,3,0,30,0.0,0.0,1.4215686274509804,0.6666666666666666,0.9638942907508107,236.6395857490739,490.07306009020226
0,3,0,31,0.0,0.0,1.2352941176470589,0.0196078431372549,0.9839457367945771,96.10285001071244,217.20351807249975
0,3,0,32,0.0,0.0,1.5,0.058823529411764705,0.975274092766663,138.01920041917077,326.5626486332574
0,3,0,33,0.0,0.0,0.00980392156862745,0.0,0.9939426627624383,27.55220761747531,65.53591471047169
0,3,0,34,0.0,0.0,2.2058823529411766,0.13725490196078433,0.9693682575238926,199.55000541286998,426.5897586509024
0,3,0,35,0.0,0.0,1.7549019607843137,1.0588235294117647,0.9617870335913911,183.16030005989953,526.0357031145834
0,3,0,36,0.0,0.0,1.607843137254902,0.6078431372549019,0.9685225995973012,170.78064428840156,420.71282634011834
0,3,0,37,0.0,0.0,0.06862745098039216,0.5686274509803921,0.9852194345155283,43.09366292785505,184.20948635192474
0,3,0,38,0.0,0.0,1.4509803921568627,0.058823529411764705,0.9736549348672233,168.94056741616328,347.0954260999582
0,3,0,39,0.0,0.0,1.1372549019607843,0.0392156862745098,0.9824186769544094,124.7814474354198,241.0383429519426
0,3,0,40,0.0,0.0,0.28431372549019607,0.5686274509803921,0.9867381298504792,39.819696875542775,167.6150844365025
0,3,0,41,0.0,0.0,0.4803921568627451,0.0,0.9904652543220935,40.03029688866257,110.64623075871656
0,3,0,42,0.0,0.0,0.6372549019607843,1.3333333333333333,0.9615596638319786,151.46050761839928,510.86732281258264
0,3,0,43,0.0,0.0,1.6372549019607843,0.6666666666666666,0.9611524103993075,254.00739451219988,525.0639367639774
0,3,0,44,0.0,0.0,2.3823529411764706,0.09803921568627451,0.967517049961052,211.11042836148712,448.2143380539585
0,3,0,45,0.0,0.0,1.088235294117647,0.0,0.9846044856527482,70.10686840816928,196.95698762933046
0,3,0,46,0.0,0.0,0.8235294117647058,0.0196078431372549,0.9829806513770167,85.3189212498785,215.71920310479646
0,3,0,47,0.0,0.0,0.5588235294117647,0.6666666666666666,0.9750440565916297,84.84728696305663,307.0546012361306
0,3,0,48,0.0,0.0,0.6764705882352942,0.9607843137254902,0.9752286597754196,101.36716012333838,329.1999237986295
0,3,0,49,0.0,0.0,0.6078431372549019,1.2549019607843137,0.9630282967620309,146.68659905012052,491.27380174740114
0,3,0,50,0.0,0.0,1.5196078431372548,0.13725490196078433,0.9731093985023073,153.55127970293668,353.3771579137607
0,3,0,51,0.0,0.0,0.30392156862745096,0.6666666666666666,0.9776829247065115,73.80698771065005,276.0374118450631
0,3,0,52,0.0,0.0,0.4117647058823529,0.7843137254901961,0.9678115662716454,162.96837861664963,422.4140281600558
0,3,0,53,0.0,0.0,0.24509803921568626,0.0,0.989095672760894,55.275047473019,121.72550650708868
0,3,0,54,0.0,0.0,1.8627450980392157,0.8627450980392157,0.9494427773196269,329.1697188679048,720.9055680288899
0,3,0,55,0.0,0.0,0.24509803921568626,0.0196078431372549,0.9899158277696257,41.6396075906079,116.66498641488971
0,3,0,56,0.0,0.0,0.22549019607843138,0.0196078431372549,0.9886272057604134,55.831247828341915,130.89062181809766
0,3,0,57,0.0,0.0,0.0,0.0,0.9962449572376185,19.092927718308644,40.752379699343344
0,3,0,58,0.0,0.0,1.6764705882352942,0.09803921568627451,0.9776437290710156,155.72560733579223,309.7739486575912
0,3,0,59,0.0,0.0,0.4019607843137255,0.0,0.9865021084678535,63.533811209972306,159.89862039469222
0,3,1,0,0.0,0.0,0.00980392156862745,0.0,0.9954786244413273,17.254424070860935,50.901716856021004
0,3,1,1,0.0,0.0,0.24509803921568626,0.0,0.9922429813464034,42.662305160268254,92.3185253547183
0,3,1,2,0.0,0.0,2.6470588235294117,0.35294117647058826,0.9659996647686085,277.67804662043307,547.5915473198261
0,3,1,3,0.0,0.0,0.0196078431372549,0.0,0.9959715080388003,19.2418050098103,47.066640125932466
0,3,1,4,0.0,0.0,0.00980392156862745,0.0,0.9982121169108039,7.891203952315258,20.29036191360931
0,3,1,5,0.0,0.0,0.00980392156862745,0.0,0.9952465702660439,20.92056288655451,54.3663441449286
0,3,1,6,0.0,0.0,0.2549019607843137,0.0,0.9883289933428528,59.749201619226135,137.6138779495622
0,3,1,7,0.0,0.0,0.24509803921568626,0.0,0.9945662098106213,20.581972496061752,63.091185280620316
0,3,1,8,0.0,0.0,0.00980392156862745,0.0,0.9969769677930699,12.877580069600798,34.687446612824814
0,3,1,9,0.0,0.0,0.49019607843137253,0.0,0.9887347852862612,50.17049737064841,134.79938211504913
0,3,1,10,0.0,0.0,0.5,0.0,0.9907282854805496,42.6239259075675,113.87414246593491
0,3,1,11,0.0,0.0,0.49019607843137253,0.0,0.9927469481400957,34.705861166771065,89.24932815097517
0,3,1,12,0.0,0.0,0.00980392156862745,0.0,0.9970194408135747,13.050988412021871,34.308687506681395
0,3,1,13,0.0,0.0,0.24509803921568626,0.0,0.9950874941023002,19.17723092749377,57.68310837272999
0,3,1,14,0.0,0.0,0.24509803921568626,0.0,0.9907630497037371,47.16393550819345,107.9518810268003
0,3,1,15,0.0,0.0,0.00980392156862745,0.0,0.9953173660638089,19.25016454613853,52.58008773461502
0,3,1,16,0.0,0.0,0.00980392156862745,0.0,0.9957701615073007,15.624110361231372,47.63978487676058
0,3,1,17,0.0,0.0,0.24509803921568626,0.0,0.9913189309357664,29.64313963335136,98.82717129829757
0,3,1,18,0.0,0.0,0.24509803921568626,0.0,0.993038134581047,38.883459341695904,81.90443127543045
0,3,1,19,0.0,0.0,0.5,0.0,0.9926046973763459,35.42214355626166,92.15738127754891
0,3,1,20,0.0,0.0,0.7352941176470589,0.0,0.988707070833958,50.303161247659084,137.97507077075113
0,3,1,21,0.0,0.0,0.23529411764705882,0.0,0.993895128930725,35.21268285621866,72.01735449134237
0,3,1,22,0.0,0.0,0.0,0.0,0.996954663649198,11.27322564848002,33.27351195914847
0,3,1,23,0.0,0.0,2.411764705882353,0.35294117647058826,0.9700809186233506,254.84248730998567,494.91368861412656
0,3,1,24,0.0,0.0,0.49019607843137253,0.0,0.9925308770343132,35.9587588412788,91.80519579287458
0,3,1,25,0.0,0.0,0.24509803921568626,0.0,0.9940102768735208,24.200671399602207,69.57408621464747
0,3,1,26,0.0,0.0,0.49019607843137253,0.0,0.9907945795043718,41.71608261732445,111.19800601869436
0,3,1,27,0.0,0.0,0.0196078431372549,0.0,0.9973276053283557,13.616368159234593,31.913929821227455
0,3,1,28,0.0,0.0,0.49019607843137253,0.0,0.988267216720724,56.30107341797009,138.54594875534963
0,3,1,29,0.0,0.0,0.0,0.0,0.998750738372795,4.736052384668249,13.774564043211411
0,3,1,30,0.0,0.0,0.23529411764705882,0.0,0.9908372426474631,45.836662156418576,105.25030378729936
0,3,1,31,0.0,0.0,0.49019607843137253,0.0,0.99345153564627,31.912865915674157,81.75221527842918
0,3,1,32,0.0,0.0,0.49019607843137253,0.0,0.9928650678068328,34.37612117572855,88.06627226223245
0,3,1,33,0.0,0.0,0.0,0.0,0.9988364611202338,5.2376012033181665,12.254030561655249
0,3,1,34,0.0,0.0,0.4803921568627451,0.0,0.9891640646616592,52.31517283900373,128.04634166797916
0,3,1,35,0.0,0.0,0.5,0.0,0.9894269494656713,44.395933638652714,126.28721301896482
0,3,1,36,0.0,0.0,0.4411764705882353,0.0,0.9911867719926848,34.08629339388039,102.90362764484107
0,3,1,37,0.0,0.0,0.0,0.0,0.9973452288891594,9.19770952917416,29.65600128824139
0,3,1,38,0.0,0.0,0.24509803921568626,0.0,0.9928969090164274,38.34177309029597,83.1592145793017
0,3,1,39,0.0,0.0,0.23529411764705882,0.0,0.9932573308718066,36.86083180218887,79.09794440427984
0,3,1,40,0.0,0.0,0.00980392156862745,0.0,0.9983608961519116,7.051148685687574,18.98249837543252
0,3,1,41,0.0,0.0,0.0196078431372549,0.0,0.9959025420126251,17.692526365005985,47.55722614245854
0,3,1,42,0.0,0.0,0.0,0.0,0.9977141107855573,8.830715814672999,24.17573491862276
0,3,1,43,0.0,0.0,0.23529411764705882,0.0,0.9916035880061878,42.85339709794974,97.4510436104897
0,3,1,44,0.0,0.0,0.49019607843137253,0.0,0.9881231149659566,58.52130847845066,140.2419486976731
0,3,1,45,0.0,0.0,0.2549019607843137,0.0,0.9929541438511378,26.26109035130661,82.07966382428361
0,3,1,46,0.0,0.0,0.24509803921568626,0.0,0.9947525356156208,20.95420927097143,61.35069864472664
0,3,1,47,0.0,0.0,0.0196078431372549,0.0,0.9954233158722272,19.987907445968972,53.56248234954734
0,3,1,48,0.0,0.0,0.00980392156862745,0.0,0.9959256993209982,12.09084228862154,45.55310688197287
0,3,1,49,0.0,0.0,0.0,0.0,0.9979095167532424,8.350957717500668,22.29465341842104
0,3,1,50,0.0,0.0,0.49019607843137253,0.0,0.992671823240963,35.017928662165595,89.90827845699269
0,3,1,51,0.0,0.0,0.00980392156862745,0.0,0.996987825813246,13.275451575775929,35.451246364524856
0,3,1,52,0.0,0.0,0.0,0.0,0.9954588031225279,16.27392123310777,49.68804102874006
0,3,1,53,0.0,0.0,0.00980392156862745,0.0,0.9974700182134436,10.917150796706455,28.643903406885208
0,3,1,54,0.0,0.0,0.23529411764705882,0.0,0.9905258533934109,47.808181625500445,109.29373937255481
0,3,1,55,0.0,0.0,0.00980392156862745,0.0,0.997689452509888,9.935764439855463,27.24337762075472
0,3,1,56,0.0,0.0,0.00980392156862745,0.0,0.9973493414952598,8.409412085426682,29.66224598359476
0,3,1,57,0.0,0.0,0.0,0.0,0.9992413690378501,3.444769651789441,7.559252888676767
0,3,1,58,0.0,0.0,0.2549019607843137,0.0,0.9912928115127747,49.00538815515591,104.64084417967578
0,3,1,59,0.0,0.0,0.00980392156862745,0.0,0.9977088350161897,7.6945142302473775,25.626379226075617
0,3,2,0,0.0,0.0,0.0,0.0,0.9987122569554309,5.127663233531572,13.689540899534634
0,3,2,1,0.0,0.0,0.00980392156862745,0.0,0.9963565459115035,17.138150165430545,42.34950529957734
0,3,2,2,0.0,0.0,0.2549019607843137,0.0,0.9932066357988273,32.60463084657162,80.41599582102447
0,3,2,3,0.0,0.0,0.0,0.0,0.9977586145410974,10.283375092590274,25.383723374114503
0,3,2,4,0.0,0.0,0.0,0.0,0.9990257280655208,4.068188105833525,10.493942524492978
0,3,2,5,0.0,0.0,0.0,0.0,0.9974658107960491,10.478074357997556,27.446966915904284
0,3,2,6,0.0,0.0,0.00980392156862745,0.0,0.9953492064208572,22.790534597335164,53.586372712834326
0,3,2,7,0.0,0.0,0.00980392156862745,0.0,0.9979698540836801,7.7126093632389425,23.68905500173212
0,3,2,8,0.0,0.0,0.0,0.0,0.9983927291088985,6.496663653251482,17.730218415191544
0,3,2,9,0.0,0.0,0.24509803921568626,0.0,0.9951046353504588,20.98110983063459,56.897481277116235
0,3,2,10,0.0,0.0,0.24509803921568626,0.0,0.9947754333791652,21.872578583264048,61.555631375395336
0,3,2,11,0.0,0.0,0.24509803921568626,0.0,0.9963477376186948,16.13195465059699,43.95820583134875
0,3,2,12,0.0,0.0,0.0,0.0,0.9983927291088985,6.496663653251483,17.730218415191548
0,3,2,13,0.0,0.0,0.00980392156862745,0.0,0.9979698540836801,7.7126093632389425,23.68905500173212
0,3,2,14,0.0,0.0,0.00980392156862745,0.0,0.9971407319175656,14.407226229362152,33.355909743680805
0,3,2,15,0.0,0.0,0.0,0.0,0.9987440136186027,5.5403617218359225,13.52159136037273
0,3,2,16,0.0,0.0,0.0,0.0,0.9988493064004773,4.1947256995651765,12.201776850331852
0,3,2,17,0.0,0.0,0.00980392156862745,0.0,0.9963900445780484,11.171956971254184,39.62336814315334
0,3,2,18,0.0,0.0,0.00980392156862745,0.0,0.9972933225807509,13.645415653857347,31.90102515999684
0,3,2,19,0.0,0.0,0.24509803921568626,0.0,0.995855948183847,18.0941199832802,49.66538632295912
0,3,2,20,0.0,0.0,0.2549019607843137,0.0,0.9944856203857793,23.173274162248852,66.04209785857245
0,3,2,21,0.0,0.0,0.00980392156862745,0.0,0.9974817230422981,12.745127067541034,29.402053867717783
0,3,2,22,0.0,0.0,0.0,0.0,0.9998474093368147,0.761810575504801,1.454884583683963
0,3,2,23,0.0,0.0,0.2549019607843137,0.0,0.9938124374529691,30.08018925180506,73.94258984333588
0,3,2,24,0.0,0.0,0.24509803921568626,0.0,0.9961946496433928,16.91763390898943,45.59638537986453
0,3,2,25,0.0,0.0,0.00980392156862745,0.0,0.9974873715840485,9.818632136389262,28.47581703461471
0,3,2,26,0.0,0.0,0.24509803921568626,0.0,0.9963631756389137,16.22247537451471,43.807927440524324
0,3,2,27,0.0,0.0,0.0,0.0,0.9982196682078878,8.525420272561906,19.86155113381653
0,3,2,28,0.0,0.0,0.0196078431372549,0.0,0.9951062128239531,21.65645869348702,57.22185327719442
0,3,2,29,0.0,0.0,0.0,0.0,0.9993844554685366,2.021272904152975,6.259132136246031
0,3,2,30,0.0,0.0,0.00980392156862745,0.0,0.9976431974560147,12.074586939270942,27.679334442578153
0,3,2,31,0.0,0.0,0.24509803921568626,0.0,0.9965157663020991,15.460664799009912,42.35304285684036
0,3,2,32,0.0,0.0,0.24509803921568626,0.0,0.9963477376186948,16.13195465059699,43.95820583134875
0,3,2,33,0.0,0.0,0.0,0.0,0.9996855461837734,1.4347329215632363,3.181599058374211
0,3,2,34,0.0,0.0,0.0196078431372549,0.0,0.995766030942205,19.023003509216732,49.90950981107566
0,3,2,35,0.0,0.0,0.24509803921568626,0.0,0.9949612636815877,18.92401273985644,58.04214558405551
0,3,2,36,0.0,0.0,0.00980392156862745,0.0,0.9970263178024444,11.819806233770963,34.04777851368549
0,3,2,37,0.0,0.0,0.0,0.0,0.9985708363873194,4.5531303176995435,14.61599378650708
0,3,2,38,0.0,0.0,0.00980392156862745,0.0,0.9971363587402732,13.943849330248089,33.53279827546234
0,3,2,39,0.0,0.0,0.00980392156862745,0.0,0.9971434382242131,13.544587007331119,32.83660266824692
0,3,2,40,0.0,0.0,0.0,0.0,0.999021811459094,4.067418981636035,10.602883200385177
0,3,2,41,0.0,0.0,0.0,0.0,0.9977718158903182,9.169192026432285,25.010163158997695
0,3,2,42,0.0,0.0,0.0,0.0,0.9993566370534638,2.4036873253435638,6.527475824240309
0,3,2,43,0.0,0.0,0.00980392156862745,0.0,0.9976435861953394,12.072204721482597,27.675339393027546
0,3,2,44,0.0,0.0,0.0196078431372549,0.0,0.9952631766644311,21.35802501709628,55.59008016172892
0,3,2,45,0.0,0.0,0.00980392156862745,0.0,0.9968246683724712,11.817072337664422,35.78338181195949
0,3,2,46,0.0,0.0,0.00980392156862745,0.0,0.997890761451273,8.081903128463605,24.432767872301273
0,3,2,47,0.0,0.0,0.0,0.0,0.9972964816271869,10.901589500188763,29.93247600872963
0,3,2,48,0.0,0.0,0.0,0.0,0.9979284010595214,5.421512940698448,21.641493633031608
0,3,2,49,0.0,0.0,0.0,0.0,0.9993566370534638,2.4036873253435638,6.527475824240309
0,3,2,50,0.0,0.0,0.24509803921568626,0.0,0.9963477376186948,16.13195465059699,43.95820583134875
0,3,2,51,0.0,0.0,0.0,0.0,0.9980854235291711,7.557771275420885,21.04736829041508
0,3,2,52,0.0,0.0,0.0,0.0,0.9991070736347192,3.1274320010634193,8.748495390822985
0,3,2,53,0.0,0.0,0.0,0.0,0.9987343802276056,5.157896779036842,13.785749443807354
0,3,2,54,0.0,0.0,0.00980392156862745,0.0,0.9974755575119346,12.743494573069686,29.28050236753593
0,3,2,55,0.0,0.0,0.0,0.0,0.9985607577923035,5.825373801664399,16.125055440683138
0,3,2,56,0.0,0.0,0.0,0.0,0.9987678336629434,3.543702561167877,13.021091164757877
0,3,2,57,0.0,0.0,0.0,0.0,0.9999933371575197,0.022236188416284716,0.06174346464994426
0,3,2,58,0.0,0.0,0.00980392156862745,0.0,0.9955017970840426,22.028724021830364,52.13148812915036
0,3,2,59,0.0,0.0,0.0,0.0,0.9989142999958801,3.5643436882656725,11.424355214883574
0,3,3,0,0.0,0.0,0.0,0.0,1.0,0.0,0.0
0,3,3,1,0.0,0.0,0.0,0.0,0.999197246254833,2.9892339483377373,8.51676597555254
0,3,3,2,0.0,0.0,0.0,0.0,0.9981372726929316,8.346241406329687,20.302602869816695
0,3,3,3,0.0,0.0,0.0,0.0,0.9996848880426062,1.0885706849773382,3.0378551439338435
0,3,3,4,0.0,0.0,0.0,0.0,1.0,0.0,0.0
0,3,3,5,0.0,0.0,0.0,0.0,0.9998440729883193,0.350141128446175,1.5042364637263577
0,3,3,6,0.0,0.0,0.0,0.0,0.9990380613091202,3.727663504868899,10.050384655760027
0,3,3,7,0.0,0.0,0.0,0.0,0.999421822439697,1.9420510034118572,5.816745647225233
0,3,3,8,0.0,0.0,0.0,0.0,0.9998440729883193,0.350141128446175,1.5042364637263577
0,3,3,9,0.0,0.0,0.0,0.0,0.9987840994264178,5.707148586438123,13.290073357990508
0,3,3,10,0.0,0.0,0.0,0.0,0.9986281724147382,6.0572897148842975,14.79430982171686
0,3,3,11,0.0,0.0,0.0,0.0,0.9987840994264178,5.707148586438123,13.290073357990508
0,3,3,12,0.0,0.0,0.0,0.0,0.9998440729883193,0.350141128446175,1.5042364637263577
0,3,3,13,0.0,0.0,0.0,0.0,0.999421822439697,1.9420510034118572,5.816745647225233
0,3,3,14,0.0,0.0,0.0,0.0,0.9993293801258184,2.730361637771374,7.234565556906579
0,3,3,15,0.0,0.0,0.0,0.0,0.999999914014102,0.00029937512547655016,0.0007954918776218733
0,3,3,16,0.0,0.0,0.0,0.0,1.0,0.0,0.0
0,3,3,17,0.0,0.0,0.0,0.0,0.999421822439697,1.9420510034118572,5.816745647225233
0,3,3,18,0.0,0.0,0.0,0.0,0.9993293801258184,2.730361637771374,7.234565556906579
0,3,3,19,0.0,0.0,0.0,0.0,0.9987840994264178,5.707148586438123,13.290073357990508
0,3,3,20,0.0,0.0,0.0,0.0,0.9982059218661147,7.6491995898499825,19.10681900521574
0,3,3,21,0.0,0.0,0.0,0.0,0.9993531732665137,2.639092819891563,7.01252951182618
0,3,3,22,0.0,0.0,0.0,0.0,1.0,0.0,0.0
0,3,3,23,0.0,0.0,0.0,0.0,0.9981372726929316,8.346241406329687,20.302602869816695
0,3,3,24,0.0,0.0,0.0,0.0,0.9987840994264178,5.707148586438123,13.290073357990508
0,3,3,25,0.0,0.0,0.0,0.0,0.999421822439697,1.9420510034118572,5.816745647225233
0,3,3,26,0.0,0.0,0.0,0.0,0.9987840994264178,5.707148586438123,13.290073357990508
0,3,3,27,0.0,0.0,0.0,0.0,0.9998170219135916,0.8296983744109742,1.7556547252878802
0,3,3,28,0.0,0.0,0.0,0.0,0.9987749957062108,4.581143823303421,12.829275159051427
0,3,3,29,0.0,0.0,0.0,0.0,1.0,0.0,0.0
0,3,3,30,0.0,0.0,0.0,0.0,0.9993531732665137,2.639092819891563,7.01252951182618
0,3,3,31,0.0,0.0,0.0,0.0,0.9987840994264178,5.707148586438123,13.290073357990508
0,3,3,32,0.0,0.0,0.0,0.0,0.9987840994264178,5.707148586438123,13.290073357990508
0,3,3,33,0.0,0.0,0.0,0.0,1.0,0.0,0.0
0,3,3,34,0.0,0.0,0.0,0.0,0.9987749957062108,4.581143823303421,12.829275159051427
0,3,3,35,0.0,0.0,0.0,0.0,0.9987840994264178,5.707148586438123,13.290073357990508
0,3,3,36,0.0,0.0,0.0,0.0,0.9994217364537988,1.9423503785373348,5.817541139102858
0,3,3,37,0.0,0.0,0.0,0.0,1.0,0.0,0.0
0,3,3,38,0.0,0.0,0.0,0.0,0.9993531732665137,2.639092819891563,7.01252951182618
0,3,3,39,0.0,0.0,0.0,0.0,0.9993531732665137,2.639092819891563,7.01252951182618
0,3,3,40,0.0,0.0,0.0,0.0,0.9999762068593047,0.09126881787981131,0.22203604508039193
0,3,3,41,0.0,0.0,0.0,0.0,0.9998439870024224,0.3504405035716516,1.5050319556039786
0,3,3,42,0.0,0.0,0.0,0.0,1.0,0.0,0.0
0,3,3,43,0.0,0.0,0.0,0.0,0.9993531732665137,2.639092819891563,7.01252951182618
0,3,3,44,0.0,0.0,0.0,0.0,0.9987512025655154,4.672412641183231,13.051311204131819
0,3,3,45,0.0,0.0,0.0,0.0,0.9993980292990017,2.0333198212916685,6.038781692305629
0,3,3,46,0.0,0.0,0.0,0.0,0.999421822439697,1.9420510034118572,5.816745647225233
0,3,3,47,0.0,0.0,0.0,0.0,0.9998439870024224,0.3504405035716516,1.5050319556039786
0,3,3,48,0.0,0.0,0.0,0.0,1.0,0.0,0.0
0,3,3,49,0.0,0.0,0.0,0.0,1.0,0.0,0.0
0,3,3,50,0.0,0.0,0.0,0.0,0.9987840994264178,5.707148586438123,13.290073357990508
0,3,3,51,0.0,0.0,0.0,0.0,0.9998440729883193,0.350141128446175,1.5042364637263577
0,3,3,52,0.0,0.0,0.0,0.0,1.0,0.0,0.0
0,3,3,53,0.0,0.0,0.0,0.0,1.0,0.0,0.0
0,3,3,54,0.0,0.0,0.0,0.0,0.9993531732665137,2.639092819891563,7.01252951182618
0,3,3,55,0.0,0.0,0.0,0.0,0.9998440729883193,0.350141128446175,1.5042364637263577
0,3,3,56,0.0,0.0,0.0,0.0,1.0,0.0,0.0
0,3,3,57,0.0,0.0,0.0,0.0,1.0,0.0,0.0
0,3,3,58,0.0,0.0,0.0,0.0,0.9990380613091202,3.727663504868899,10.050384655760027
0,3,3,59,0.0,0.0,0.0,0.0,1.0,0.0,0.0
0,3,4,0,0.0,0.0,0.0,0.0,1.0,0.0,0.0
0,3,4,1,0.0,0.0,0.0,0.0,1.0,0.0,0.0
0,3,4,2,0.0,0.0,0.0,0.0,1.0,0.0,0.0
0,3,4,3,0.0,0.0,0.0,0.0,1.0,0.0,0.0
0,3,4,4,0.0,0.0,0.0,0.0,1.0,0.0,0.0
0,3,4,5,0.0,0.0,0.0,0.0,1.0,0.0,0.0
0,3,4,6,0.0,0.0,0.0,0.0,1.0,0.0,0.0
0,3,4,7,0.0,0.0,0.0,0.0,1.0,0.0,0.0
0,3,4,8,0.0,0.0,0.0,0.0,1.0,0.0,0.0
0,3,4,9,0.0,0.0,0.0,0.0,1.0,0.0,0.0
0,3,4,10,0.0,0.0,0.0,0.0,1.0,0.0,0.0
0,3,4,11,0.0,0.0,0.0,0.0,1.0,0.0,0.0
0,3,4,12,0.0,0.0,0.0,0.0,1.0,0.0,0.0
0,3,4,13,0.0,0.0,0.0,0.0,1.0,0.0,0.0
0,3,4,14,0.0,0.0,0.0,0.0,1.0,0.0,0.0
0,3,4,15,0.0,0.0,0.0,0.0,1.0,0.0,0.0
0,3,4,16,0.0,0.0,0.0,0.0,1.0,0.0,0.0
0,3,4,17,0.0,0.0,0.0,0.0,1.0,0.0,0.0
0,3,4,18,0.0,0.0,0.0,0.0,1.0,0.0,0.0
0,3,4,19,0.0,0.0,0.0,0.0,1.0,0.0,0.0
0,3,4,20,0.0,0.0,0.0,0.0,1.0,0.0,0.0
0,3,4,21,0.0,0.0,0.0,0.0,1.0,0.0,0.0
0,3,4,22,0.0,0.0,0.0,0.0,1.0,0.0,0.0
0,3,4,23,0.0,0.0,0.0,0.0,1.0,0.0,0.0
0,3,4,24,0.0,0.0,0.0,0.0,1.0,0.0,0.0
0,3,4,25,0.0,0.0,0.0,0.0,1.0,0.0,0.0
0,3,4,26,0.0,0.0,0.0,0.0,1.0,0.0,0.0
0,3,4,27,0.0,0.0,0.0,0.0,1.0,0.0,0.0
0,3,4,28,0.0,0.0,0.0,0.0,1.0,0.0,0.0
0,3,4,29,0.0,0.0,0.0,0.0,1.0,0.0,0.0
0,3,4,30,0.0,0.0,0.0,0.0,1.0,0.0,0.0
0,3,4,31,0.0,0.0,0.0,0.0,1.0,0.0,0.0
0,3,4,32,0.0,0.0,0.0,0.0,1.0,0.0,0.0
0,3,4,33,0.0,0.0,0.0,0.0,1.0,0.0,0.0
0,3,4,34,0.0,0.0,0.0,0.0,1.0,0.0,0.0
0,3,4,35,0.0,0.0,0.0,0.0,1.0,0.0,0.0
0,3,4,36,0.0,0.0,0.0,0.0,1.0,0.0,0.0
0,3,4,37,0.0,0.0,0.0,0.0,1.0,0.0,0.0
0,3,4,38,0.0,0.0,0.0,0.0,1.0,0.0,0.0
0,3,4,39,0.0,0.0,0.0,0.0,1.0,0.0,0.0
0,3,4,40,0.0,0.0,0.0,0.0,1.0,0.0,0.0
0,3,4,41,0.0,0.0,0.0,0.0,1.0,0.0,0.0
0,3,4,42,0.0,0.0,0.0,0.0,1.0,0.0,0.0
0,3,4,43,0.0,0.0,0.0,0.0,1.0,0.0,0.0
0,3,4,44,0.0,0.0,0.0,0.0,1.0,0.0,0.0
0,3,4,45,0.0,0.0,0.0,0.0,1.0,0.0,0.0
0,3,4,46,0.0,0.0,0.0,0.0,1.0,0.0,0.0
0,3,4,47,0.0,0.0,0.0,0.0,1.0,0.0,0.0
0,3,4,48,0.0,0.0,0.0,0.0,1.0,0.0,0.0
0,3,4,49,0.0,0.0,0.0,0.0,1.0,0.0,0.0
0,3,4,50,0.0,0.0,0.0,0.0,1.0,0.0,0.0
0,3,4,51,0.0,0.0,0.0,0.0,1.0,0.0,0.0
0,3,4,52,0.0,0.0,0.0,0.0,1.0,0.0,0.0
0,3,4,53,0.0,0.0,0.0,0.0,1.0,0.0,0.0
0,3,4,54,0.0,0.0,0.0,0.0,1.0,0.0,0.0
0,3,4,55,0.0,0.0,0.0,0.0,1.0,0.0,0.0
0,3,4,56,0.0,0.0,0.0,0.0,1.0,0.0,0.0
0,3,4,57,0.0,0.0,0.0,0.0,1.0,0.0,0.0
0,3,4,58,0.0,0.0,0.0,0.0,1.0,0.0,0.0
0,3,4,59,0.0,0.0,0.0,0.0,1.0,0.0,0.0
0,4,0,0,0.0,0.0,1.107843137254902,1.7450980392156863,0.9413263695560179,281.1089671492977,860.1595215318373
0,4,0,1,0.0,0.0,1.7941176470588236,0.21568627450980393,0.9682563954943609,223.21671974214217,463.6414295356084
0,4,0,2,6.0,1.0,7.313725490196078,5.117647058823529,0.8002151978386896,3056.7828042010487,6760.369160761218
0,4,0,3,0.0,0.0,0.6470588235294118,0.11764705882352941,0.9795571801680123,94.86534691662858,243.91496624789428
0,4,0,4,0.0,0.0,0.23529411764705882,0.0,0.9930922244132617,35.89381676997683,77.50141160173446
0,4,0,5,0.0,0.0,0.4411764705882353,0.0,0.9787557922536075,88.61222693228788,254.9961036961227
0,4,0,6,0.0,0.0,2.7941176470588234,0.9215686274509803,0.9402697614488936,425.24094825866484,891.848869696017
0,4,0,7,0.0,0.0,0.8627450980392157,0.0,0.9843057571670814,76.41031898737086,196.79932161362535
0,4,0,8,0.0,0.0,0.39215686274509803,0.09803921568627451,0.9825334191707719,72.93506383488972,209.60446052068448
0,4,0,9,0.0,0.0,2.196078431372549,1.2352941176470589,0.9510232552207567,328.61495647932077,726.6763778965233
0,4,0,10,0.0,0.0,1.7156862745098038,0.1568627450980392,0.9727965337716514,149.8463810723973,368.16826826457765
0,4,0,11,0.0,0.0,1.9313725490196079,0.39215686274509803,0.9684445061683286,191.52825170171604,449.9118452890842
0,4,0,12,0.0,0.0,0.4215686274509804,0.0,0.9815647857239185,79.4805620132584,219.4246305786457
0,4,0,13,0.0,0.0,0.9019607843137255,0.0,0.9854666100475589,75.15988839873366,184.07950860263583
0,4,0,14,0.0,0.0,2.2254901960784315,0.9411764705882353,0.9486125955669652,386.39382303613974,787.2211312509726
0,4,0,15,0.0,0.0,0.49019607843137253,0.7450980392156863,0.970770332531373,146.2826821714521,363.2466612310765
0,4,0,16,0.0,0.0,0.5098039215686274,0.47058823529411764,0.969477661454018,158.56765105096923,375.9350940725543
0,4,0,17,0.0,0.0,2.8823529411764706,2.5294117647058822,0.9145150803401042,556.869877948605,1593.5384404232823
0,4,0,18,0.0,0.0,1.7156862745098038,0.23529411764705882,0.9690154657610597,239.39975405692923,464.10493197370243
0,4,0,19,0.0,0.0,1.7352941176470589,0.13725490196078433,0.9767376678215376,140.09991191832233,321.6256263886984
0,4,0,20,0.0,0.0,2.7549019607843137,0.27450980392156865,0.961592417941945,234.35377059469576,534.189841076067
0,4,0,21,0.0,0.0,1.4313725490196079,0.21568627450980393,0.974488794767045,203.70532723191565,386.0309679694687
0,4,0,22,0.0,0.0,0.19607843137254902,0.5294117647058824,0.9768235989470336,122.44542057873872,289.24440616871044
0,4,0,23,5.0,1.0,6.372549019607843,4.176470588235294,0.8332741345071314,2570.7024048877515,5575.5257307743805
0,4,0,24,0.0,0.0,1.5686274509803921,0.1568627450980392,0.9781996235066681,141.2709247712555,314.73633566052683
0,4,0,25,0.0,0.0,1.2549019607843137,0.37254901960784315,0.9751412191493247,122.7907868598129,322.70740473732695
0,4,0,26,0.0,0.0,2.0980392156862746,1.1568627450980393,0.9526756790494172,322.15450327292024,707.6682202036002
0,4,0,27,0.0,0.0,0.6764705882352942,0.6078431372549019,0.981926129236495,68.09325548764534,228.93658733245053
0,4,0,28,0.0,0.0,3.088235294117647,0.6078431372549019,0.9437005567136371,363.3724021276911,817.4649565488677
0,4,0,29,0.0,0.0,0.08823529411764706,0.0196078431372549,0.9911453498563745,41.583168453530654,102.95855416446707
0,4,0,30,0.0,0.0,1.8627450980392157,0.8823529411764706,0.9520461060688094,340.65957821921546,700.2870660829027
0,4,0,31,0.0,0.0,1.5196078431372548,0.11764705882352941,0.9794295946337658,133.83925425563592,291.61856922563175
0,4,0,32,0.0,0.0,1.9215686274509804,0.49019607843137253,0.9664275443402107,199.84643649538222,473.25629317730574
0,4,0,33,0.0,0.0,0.00980392156862745,0.0,0.9930381218598973,31.804804099822668,75.18600831940032
0,4,0,34,0.0,0.0,2.676470588235294,0.35294117647058826,0.9583495380021184,308.1744688789655,636.6851233233657
0,4,0,35,0.0,0.0,2.1666666666666665,1.3137254901960784,0.9523764659866419,247.23620408669822,682.8050936324979
0,4,0,36,0.0,0.0,1.7941176470588236,0.803921568627451,0.9629149743647579,200.73561831242523,502.2756312581101
0,4,0,37,0.0,0.0,0.14705882352941177,0.6078431372549019,0.983945162455773,48.1154058997893,202.02541923476878
0,4,0,38,0.0,0.0,1.892156862745098,0.3137254901960784,0.9622517639306821,269.7963760902331,551.3241463223518
0,4,0,39,0.0,0.0,1.4705882352941178,0.21568627450980393,0.9748594126942792,201.05447029579034,383.3073193093827
0,4,0,40,0.0,0.0,0.35294117647058826,0.6078431372549019,0.9852542480542549,46.02694195356993,187.84494627612955
0,4,0,41,0.0,0.0,0.4803921568627451,0.0,0.9896125151127307,43.577564068706685,120.27739675824915
0,4,0,42,0.0,0.0,0.9607843137254902,1.9019607843137254,0.9474781759501948,240.24955807713727,787.4721131368342
0,4,0,43,0.0,0.0,2.3333333333333335,0.9411764705882353,0.9455221945609177,396.80153127429463,816.6811029217279
0,4,0,44,0.0,0.0,2.843137254901961,0.37254901960784315,0.9561569525318703,329.18239405043147,674.8725200250394
0,4,0,45,0.0,0.0,1.1372549019607843,0.0,0.983801778445199,73.79281624337112,207.05735436770547
0,4,0,46,0.0,0.0,0.8823529411764706,0.0196078431372549,0.9816301466839473,92.23922127354102,232.03795125833733
0,4,0,47,0.0,0.0,0.6274509803921569,0.7647058823529411,0.9720089276900116,96.97504778409633,347.8794987696816
0,4,0,48,0.0,0.0,0.803921568627451,1.0392156862745099,0.9701150035826821,125.84608472715686,404.34404364212594
0,4,0,49,0.0,0.0,0.9117647058823529,1.7254901960784315,0.952984472521137,208.82278580839824,684.809183834862
0,4,0,50,0.0,0.0,1.9215686274509804,0.5686274509803921,0.9629538440788759,224.7034894902996,522.3524452783809
0,4,0,51,0.0,0.0,0.39215686274509803,0.7058823529411765,0.9752536700089015,83.18595137985513,308.6066596302102
0,4,0,52,0.0,0.0,0.5784313725490197,1.1372549019607843,0.9608173425931025,199.24037465670617,535.1023985933095
0,4,0,53,0.0,0.0,0.24509803921568626,0.0,0.9869832562039392,64.54550574373668,144.53566468838306
0,4,0,54,0.0,0.0,2.5,1.5098039215686274,0.9251588097526589,540.8271306096085,1225.673190025402
0,4,0,55,0.0,0.0,0.24509803921568626,0.0196078431372549,0.9888747848066922,45.65250398138433,128.15443912335041
0,4,0,56,0.0,0.0,0.23529411764705882,0.0196078431372549,0.987687424758091,60.42212329807649,141.77384514635517
0,4,0,57,0.0,0.0,0.0,0.0,0.9957458827243895,21.69440160048194,46.15508239435896
0,4,0,58,0.0,0.0,2.0784313725490198,0.27450980392156865,0.9678747105817661,258.6905611687295,505.1905463561732
0,4,0,59,0.0,0.0,0.5686274509803921,0.21568627450980393,0.9809475110547076,90.42605858396223,237.64663414792804
0,4,1,0,0.0,0.0,0.00980392156862745,0.0,0.9947900820902151,19.383985333401753,57.849012457145776
0,4,1,1,0.0,0.0,0.38235294117647056,0.0,0.9906787048100777,54.367436521458664,112.01913334580954
0,4,1,2,0.0,0.0,3.5686274509803924,0.5686274509803921,0.9466856711537336,595.031657635936,1177.2795419041433
0,4,1,3,0.0,0.0,0.0196078431372549,0.0,0.9959705647792224,19.24870409623441,47.07537421616405
0,4,1,4,0.0,0.0,0.00980392156862745,0.0,0.9982121169108039,7.891203952315256,20.29036191360931
0,4,1,5,0.0,0.0,0.00980392156862745,0.0,0.9952248547282173,20.996719662183185,54.56907228910747
0,4,1,6,0.0,0.0,0.4117647058823529,0.0,0.985848025450995,75.13881693970121,167.16193981970682
0,4,1,7,0.0,0.0,0.24509803921568626,0.0,0.9944522364253197,20.88174147532093,64.34021189280871
0,4,1,8,0.0,0.0,0.00980392156862745,0.0,0.996952628861523,12.96323259183571,34.914874889631115
0,4,1,9,0.0,0.0,0.6372549019607843,0.0,0.9860645586184176,64.81458780616752,167.0105643950467
0,4,1,10,0.0,0.0,0.6078431372549019,0.0,0.9891416779774008,52.84230783154832,134.03252392463804
0,4,1,11,0.0,0.0,0.6274509803921569,0.0,0.9909929931279113,45.77217345973171,111.5902855657891
0,4,1,12,0.0,0.0,0.00980392156862745,0.0,0.9969977252757479,13.127145187650546,34.51141565086026
0,4,1,13,0.0,0.0,0.24509803921568626,0.0,0.9948778639650172,19.986266459927254,59.860938771595094
0,4,1,14,0.0,0.0,0.38235294117647056,0.0,0.9883935444875652,61.39102491138854,135.8926888722551
0,4,1,15,0.0,0.0,0.00980392156862745,0.0,0.9946728595995921,21.31831922993143,59.12412376410927
0,4,1,16,0.0,0.0,0.00980392156862745,0.0,0.9951310149066149,17.68614240464981,54.134012607867334
0,4,1,17,0.0,0.0,0.24509803921568626,0.0,0.9891544740569351,36.901240146053055,123.30949481935654
0,4,1,18,0.0,0.0,0.35294117647058826,0.0,0.9916642177771714,49.33765948309472,99.0711517098752
0,4,1,19,0.0,0.0,0.6078431372549019,0.0,0.9908913357551447,46.019890635502776,113.59741664776402
0,4,1,20,0.0,0.0,0.8431372549019608,0.0,0.9868068111879076,61.75020129991027,161.5980528983212
0,4,1,21,0.0,0.0,0.3431372549019608,0.0,0.9925151335386383,45.478661245599326,88.95159400949623
0,4,1,22,0.0,0.0,0.0,0.0,0.9963260045206801,13.294925060498198,39.657423105018374
0,4,1,23,0.0,0.0,3.2058823529411766,0.5686274509803921,0.9528234285708862,544.0855842033446,1059.9554733922428
0,4,1,24,0.0,0.0,0.6274509803921569,0.0,0.9908308962445443,47.14142282678766,113.51335025632068
0,4,1,25,0.0,0.0,0.24509803921568626,0.0,0.9938554801201289,24.645340709538328,71.26457919820606
0,4,1,26,0.0,0.0,0.6274509803921569,0.0,0.988355384344174,54.89034319045786,140.46582415668394
0,4,1,27,0.0,0.0,0.0196078431372549,0.0,0.9973241448732754,13.626087604358538,31.946025425619183
0,4,1,28,0.0,0.0,0.5980392156862745,0.0,0.9861544294494397,68.76625324792124,163.92416219788035
0,4,1,29,0.0,0.0,0.0,0.0,0.998750738372795,4.736052384668238,13.774564043211388
0,4,1,30,0.0,0.0,0.37254901960784315,0.0,0.9882459507863889,60.95620058863308,135.98292041079338
0,4,1,31,0.0,0.0,0.5980392156862745,0.0,0.9918183626788721,42.319942089664096,102.35380098791664
0,4,1,32,0.0,0.0,0.5980392156862745,0.0,0.9911796051032827,45.07462998011354,109.37030164746938
0,4,1,33,0.0,0.0,0.0,0.0,0.9988364611202338,5.237601203318173,12.254030561655249
0,4,1,34,0.0,0.0,0.5882352941176471,0.0,0.9871834694513716,65.00757605135578,152.6700502604768
0,4,1,35,0.0,0.0,0.6470588235294118,0.0,0.9870853514109096,57.40174435529508,155.07149987398796
0,4,1,36,0.0,0.0,0.45098039215686275,0.0,0.990192973172528,37.32051279890379,113.49474715049821
0,4,1,37,0.0,0.0,0.0,0.0,0.9973417727546298,9.207416823570211,29.688056768433576
0,4,1,38,0.0,0.0,0.35294117647058826,0.0,0.9914362225974398,48.941847610171706,100.91177628933764
0,4,1,39,0.0,0.0,0.3431372549019608,0.0,0.9919618124097586,46.84623868568945,95.21736539317095
0,4,1,40,0.0,0.0,0.00980392156862745,0.0,0.9983574400173811,7.060855980083624,19.01455385562471
0,4,1,41,0.0,0.0,0.0196078431372549,0.0,0.9959025420126251,17.692526365005985,47.55722614245855
0,4,1,42,0.0,0.0,0.0,0.0,0.9977034961713444,8.862297718648511,24.27459220728656
0,4,1,43,0.0,0.0,0.3431372549019608,0.0,0.9890597097289309,57.784196581330725,126.51550957048661
0,4,1,44,0.0,0.0,0.5980392156862745,0.0,0.9862755215057333,70.3497706717106,163.28549874271883
0,4,1,45,0.0,0.0,0.2549019607843137,0.0,0.9927987793342307,26.776548694263145,83.72206615788805
0,4,1,46,0.0,0.0,0.24509803921568626,0.0,0.994614091654916,21.309446196644824,62.82835513664728
0,4,1,47,0.0,0.0,0.0196078431372549,0.0,0.9954198449534507,19.997656372316285,53.594675306994745
0,4,1,48,0.0,0.0,0.00980392156862745,0.0,0.9956449812219098,13.034907247028057,48.36068712575506
0,4,1,49,0.0,0.0,0.0,0.0,0.9978980903996998,8.385538577763059,22.401020303121445
0,4,1,50,0.0,0.0,0.5980392156862745,0.0,0.9909856159087568,45.718879341498564,111.21976496561251
0,4,1,51,0.0,0.0,0.00980392156862745,0.0,0.9969834183605301,13.287839584268493,35.492154113342664
0,4,1,52,0.0,0.0,0.0,0.0,0.9948216580206907,18.321593544375613,56.15126955098759
0,4,1,53,0.0,0.0,0.00980392156862745,0.0,0.9974687224039157,10.920716739198445,28.6559059677661
0,4,1,54,0.0,0.0,0.4019607843137255,0.0,0.9878672613364091,64.26289452712203,140.95189319020716
0,4,1,55,0.0,0.0,0.00980392156862745,0.0,0.997689452509888,9.935764439855463,27.24337762075472
0,4,1,56,0.0,0.0,0.00980392156862745,0.0,0.9973493414952598,8.409412085426682,29.66224598359476
0,4,1,57,0.0,0.0,0.0,0.0,0.9992413690378501,3.4447696517894406,7.559252888676757
0,4,1,58,0.0,0.0,0.4117647058823529,0.0,0.9897558996652244,61.074651835586785,124.09317837583386
0,4,1,59,0.0,0.0,0.00980392156862745,0.0,0.9976994283264894,7.724713451463637,25.71402644360753
0,4,2,0,0.0,0.0,0.0,0.0,0.9987122569554309,5.127663233531572,13.689540899534634
0,4,2,1,0.0,0.0,0.00980392156862745,0.0,0.9962911145694001,17.662250962396993,43.00925897626105
0,4,2,2,0.0,0.0,0.3431372549019608,0.0196078431372549,0.9903962717895661,49.80345788766606,112.41704706037441
0,4,2,3,0.0,0.0,0.0,0.0,0.9977586145410974,10.283375092590273,25.38372337411449
0,4,2,4,0.0,0.0,0.0,0.0,0.9990257280655208,4.068188105833525,10.493942524492978
0,4,2,5,0.0,0.0,0.0,0.0,0.9974658107960491,10.478074357997558,27.446966915904287
0,4,2,6,0.0,0.0,0.00980392156862745,0.0,0.9952397480203663,23.604728417080448,54.72003293019149
0,4,2,7,0.0,0.0,0.00980392156862745,0.0,0.9979698540836801,7.712609363238943,23.68905500173212
0,4,2,8,0.0,0.0,0.0,0.0,0.9983927291088985,6.496663653251485,17.730218415191548
0,4,2,9,0.0,0.0,0.24509803921568626,0.0,0.995083358102511,21.0774147118302,57.09716099414214
0,4,2,10,0.0,0.0,0.24509803921568626,0.0,0.994754268479463,21.968538377290287,61.754235423200186
0,4,2,11,0.0,0.0,0.24509803921568626,0.0,0.9963264603707467,16.228259531792606,44.15788554837466
0,4,2,12,0.0,0.0,0.0,0.0,0.9983927291088985,6.496663653251484,17.730218415191548
0,4,2,13,0.0,0.0,0.00980392156862745,0.0,0.9979698540836801,7.712609363238943,23.68905500173212
0,4,2,14,0.0,0.0,0.00980392156862745,0.0,0.9970479458381214,15.012489036934165,34.270857517569816
0,4,2,15,0.0,0.0,0.0,0.0,0.9987440136186027,5.5403617218359225,13.52159136037273
0,4,2,16,0.0,0.0,0.0,0.0,0.9988493064004773,4.1947256995651765,12.201776850331852
0,4,2,17,0.0,0.0,0.00980392156862745,0.0,0.9963900445780484,11.171956971254186,39.62336814315335
0,4,2,18,0.0,0.0,0.00980392156862745,0.0,0.9972045428868497,14.244679963897973,32.77877280798529
0,4,2,19,0.0,0.0,0.24509803921568626,0.0,0.9958347832841447,18.19007977730644,49.86399037076398
0,4,2,20,0.0,0.0,0.2549019607843137,0.0,0.994464455486077,23.269233956275094,66.24070190637732
0,4,2,21,0.0,0.0,0.00980392156862745,0.0,0.9974153755759391,13.281938482367014,30.069084879041615
0,4,2,22,0.0,0.0,0.0,0.0,0.9998474093368147,0.761810575504801,1.454884583683963
0,4,2,23,0.0,0.0,0.3431372549019608,0.0196078431372549,0.9910347631280625,47.14128930371885,105.57719165666956
0,4,2,24,0.0,0.0,0.24509803921568626,0.0,0.9961734847436903,17.013593703015673,45.794989427669364
0,4,2,25,0.0,0.0,0.00980392156862745,0.0,0.9974873715840485,9.818632136389263,28.47581703461471
0,4,2,26,0.0,0.0,0.24509803921568626,0.0,0.9963420107392112,16.318435168540955,44.006531488329166
0,4,2,27,0.0,0.0,0.0,0.0,0.9982196682078878,8.525420272561908,19.861551133816533
0,4,2,28,0.0,0.0,0.0196078431372549,0.0,0.9950398653575934,22.193270108312998,57.888884288518256
0,4,2,29,0.0,0.0,0.0,0.0,0.9993844554685366,2.021272904152975,6.259132136246031
0,4,2,30,0.0,0.0,0.00980392156862745,0.0,0.997573735728282,12.604722175305312,28.376511139258294
0,4,2,31,0.0,0.0,0.24509803921568626,0.0,0.996494601402397,15.556624593036151,42.55164690464521
0,4,2,32,0.0,0.0,0.24509803921568626,0.0,0.9963265727189924,16.227914444623234,44.156809879153606
0,4,2,33,0.0,0.0,0.0,0.0,0.9996855461837734,1.4347329215632363,3.181599058374211
0,4,2,34,0.0,0.0,0.0196078431372549,0.0,0.9956996834758458,19.55981492404271,50.57654082239948
0,4,2,35,0.0,0.0,0.24509803921568626,0.0,0.994938712214927,19.023081087879948,58.2559653142146
0,4,2,36,0.0,0.0,0.00980392156862745,0.0,0.997026076484525,11.819995232957956,34.05003618258255
0,4,2,37,0.0,0.0,0.0,0.0,0.9985708363873194,4.5531303176995435,14.61599378650708
0,4,2,38,0.0,0.0,0.00980392156862745,0.0,0.9970700112739136,14.480660745074065,34.19982928678617
0,4,2,39,0.0,0.0,0.00980392156862745,0.0,0.9970770907578536,14.0813984221571,33.503633679570754
0,4,2,40,0.0,0.0,0.0,0.0,0.999021811459094,4.067418981636035,10.602883200385177
0,4,2,41,0.0,0.0,0.0,0.0,0.9977718158903182,9.169192026432285,25.010163158997692
0,4,2,42,0.0,0.0,0.0,0.0,0.9993566370534638,2.403687325343564,6.52747582424031
0,4,2,43,0.0,0.0,0.00980392156862745,0.0,0.9975732323434375,12.615014633839966,28.379570530251932
0,4,2,44,0.0,0.0,0.0196078431372549,0.0,0.9951743969705299,21.957289327136905,56.46782780971739
0,4,2,45,0.0,0.0,0.00980392156862745,0.0,0.9968246683724712,11.817072337664422,35.78338181195949
0,4,2,46,0.0,0.0,0.00980392156862745,0.0,0.997890761451273,8.081903128463605,24.432767872301287
0,4,2,47,0.0,0.0,0.0,0.0,0.9972964816271869,10.901589500188763,29.9324760087296
0,4,2,48,0.0,0.0,0.0,0.0,0.9979284010595214,5.421512940698449,21.641493633031615
0,4,2,49,0.0,0.0,0.0,0.0,0.9993566370534638,2.403687325343564,6.52747582424031
0,4,2,50,0.0,0.0,0.24509803921568626,0.0,0.9963265727189924,16.227914444623234,44.156809879153606
0,4,2,51,0.0,0.0,0.0,0.0,0.9980854235291711,7.557771275420881,21.04736829041506
0,4,2,52,0.0,0.0,0.0,0.0,0.9991070736347192,3.12743200106342,8.748495390822985
0,4,2,53,0.0,0.0,0.0,0.0,0.9987343802276056,5.157896779036842,13.785749443807354
0,4,2,54,0.0,0.0,0.00980392156862745,0.0,0.9974052036600326,13.28630448542705,29.984733504760325
0,4,2,55,0.0,0.0,0.0,0.0,0.9985607577923035,5.8253738016644006,16.12505544068316
0,4,2,56,0.0,0.0,0.0,0.0,0.9987678336629434,3.543702561167877,13.021091164757877
0,4,2,57,0.0,0.0,0.0,0.0,0.9999933371575197,0.022236188416284716,0.06174346464994426
0,4,2,58,0.0,0.0,0.00980392156862745,0.0,0.995403051857847,22.826810003889054,53.16525440026655
0,4,2,59,0.0,0.0,0.0,0.0,0.9989142999958801,3.5643436882656725,11.424355214883574
0,4,3,0,0.0,0.0,0.0,0.0,1.0,0.0,0.0
0,4,3,1,0.0,0.0,0.0,0.0,0.999197246254833,2.9892339483377373,8.51676597555254
0,4,3,2,0.0,0.0,0.0,0.0,0.9981372726929316,8.346241406329687,20.302602869816695
0,4,3,3,0.0,0.0,0.0,0.0,0.9996848880426062,1.0885706849773382,3.0378551439338435
0,4,3,4,0.0,0.0,0.0,0.0,1.0,0.0,0.0
0,4,3,5,0.0,0.0,0.0,0.0,0.9998440729883193,0.350141128446175,1.5042364637263577
0,4,3,6,0.0,0.0,0.0,0.0,0.9990380613091202,3.727663504868899,10.050384655760027
0,4,3,7,0.0,0.0,0.0,0.0,0.999421822439697,1.9420510034118572,5.816745647225233
0,4,3,8,0.0,0.0,0.0,0.0,0.9998440729883193,0.350141128446175,1.5042364637263577
0,4,3,9,0.0,0.0,0.0,0.0,0.9987840994264178,5.707148586438123,13.290073357990508
0,4,3,10,0.0,0.0,0.0,0.0,0.9986281724147382,6.0572897148842975,14.79430982171686
0,4,3,11,0.0,0.0,0.0,0.0,0.9987840994264178,5.707148586438123,13.290073357990508
0,4,3,12,0.0,0.0,0.0,0.0,0.9998440729883193,0.350141128446175,1.5042364637263577
0,4,3,13,0.0,0.0,0.0,0.0,0.999421822439697,1.9420510034118572,5.816745647225233
0,4,3,14,0.0,0.0,0.0,0.0,0.9993293801258184,2.730361637771374,7.234565556906579
0,4,3,15,0.0,0.0,0.0,0.0,0.999999914014102,0.00029937512547655016,0.0007954918776218733
0,4,3,16,0.0,0.0,0.0,0.0,1.0,0.0,0.0
0,4,3,17,0.0,0.0,0.0,0.0,0.999421822439697,1.9420510034118572,5.816745647225233
0,4,3,18,0.0,0.0,0.0,0.0,0.9993293801258184,2.730361637771374,7.234565556906579
0,4,3,19,0.0,0.0,0.0,0.0,0.9987840994264178,5.707148586438123,13.290073357990508
0,4,3,20,0.0,0.0,0.0,0.0,0.9982059218661147,7.6491995898499825,19.10681900521574
0,4,3,21,0.0,0.0,0.0,0.0,0.9993531732665137,2.639092819891563,7.01252951182618
0,4,3,22,0.0,0.0,0.0,0.0,1.0,0.0,0.0
0,4,3,23,0.0,0.0,0.0,0.0,0.9981372726929316,8.346241406329687,20.302602869816695
0,4,3,24,0.0,0.0,0.0,0.0,0.9987840994264178,5.707148586438123,13.290073357990508
0,4,3,25,0.0,0.0,0.0,0.0,0.999421822439697,1.9420510034118572,5.816745647225233
0,4,3,26,0.0,0.0,0.0,0.0,0.9987840994264178,5.707148586438123,13.290073357990508
0,4,3,27,0.0,0.0,0.0,0.0,0.9998170219135916,0.8296983744109742,1.7556547252878802
0,4,3,28,0.0,0.0,0.0,0.0,0.9987749957062108,4.581143823303424,12.82927515905143
0,4,3,29,0.0,0.0,0.0,0.0,1.0,0.0,0.0
0,4,3,30,0.0,0.0,0.0,0.0,0.9993531732665137,2.639092819891563,7.01252951182618
0,4,3,31,0.0,0.0,0.0,0.0,0.9987840994264178,5.707148586438123,13.290073357990508
0,4,3,32,0.0,0.0,0.0,0.0,0.9987840994264178,5.707148586438123,13.290073357990508
0,4,3,33,0.0,0.0,0.0,0.0,1.0,0.0,0.0
0,4,3,34,0.0,0.0,0.0,0.0,0.9987749957062108,4.581143823303424,12.82927515905143
0,4,3,35,0.0,0.0,0.0,0.0,0.9987840994264178,5.707148586438123,13.290073357990508
0,4,3,36,0.0,0.0,0.0,0.0,0.9994217364537988,1.9423503785373348,5.817541139102858
0,4,3,37,0.0,0.0,0.0,0.0,1.0,0.0,0.0
0,4,3,38,0.0,0.0,0.0,0.0,0.9993531732665137,2.639092819891563,7.01252951182618
0,4,3,39,0.0,0.0,0.0,0.0,0.9993531732665137,2.639092819891563,7.01252951182618
0,4,3,40,0.0,0.0,0.0,0.0,0.9999762068593047,0.09126881787981131,0.22203604508039193
0,4,3,41,0.0,0.0,0.0,0.0,0.9998439870024224,0.3504405035716516,1.5050319556039786
0,4,3,42,0.0,0.0,0.0,0.0,1.0,0.0,0.0
0,4,3,43,0.0,0.0,0.0,0.0,0.9993531732665137,2.639092819891563,7.01252951182618
0,4,3,44,0.0,0.0,0.0,0.0,0.9987512025655154,4.672412641183233,13.05131120413182
0,4,3,45,0.0,0.0,0.0,0.0,0.9993980292990017,2.0333198212916685,6.038781692305629
0,4,3,46,0.0,0.0,0.0,0.0,0.999421822439697,1.9420510034118572,5.816745647225233
0,4,3,47,0.0,0.0,0.0,0.0,0.9998439870024224,0.3504405035716516,1.5050319556039786
0,4,3,48,0.0,0.0,0.0,0.0,1.0,0.0,0.0
0,4,3,49,0.0,0.0,0.0,0.0,1.0,0.0,0.0
0,4,3,50,0.0,0.0,0.0,0.0,0.9987840994264178,5.707148586438123,13.290073357990508
0,4,3,51,0.0,0.0,0.0,0.0,0.9998440729883193,0.350141128446175,1.5042364637263577
0,4,3,52,0.0,0.0,0.0,0.0,1.0,0.0,0.0
0,4,3,53,0.0,0.0,0.0,0.0,1.0,0.0,0.0
0,4,3,54,0.0,0.0,0.0,0.0,0.9993531732665137,2.639092819891563,7.01252951182618
0,4,3,55,0.0,0.0,0.0,0.0,0.9998440729883193,0.350141128446175,1.5042364637263577
0,4,3,56,0.0,0.0,0.0,0.0,1.0,0.0,0.0
0,4,3,57,0.0,0.0,0.0,0.0,1.0,0.0,0.0
0,4,3,58,0.0,0.0,0.0,0.0,0.9990380613091202,3.727663504868899,10.050384655760027
0,4,3,59,0.0,0.0,0.0,0.0,1.0,0.0,0.0
0,4,4,0,0.0,0.0,0.0,0.0,1.0,0.0,0.0
0,4,4,1,0.0,0.0,0.0,0.0,1.0,0.0,0.0
0,4,4,2,0.0,0.0,0.0,0.0,1.0,0.0,0.0
0,4,4,3,0.0,0.0,0.0,0.0,1.0,0.0,0.0
0,4,4,4,0.0,0.0,0.0,0.0,1.0,0.0,0.0
0,4,4,5,0.0,0.0,0.0,0.0,1.0,0.0,0.0
0,4,4,6,0.0,0.0,0.0,0.0,1.0,0.0,0.0
0,4,4,7,0.0,0.0,0.0,0.0,1.0,0.0,0.0
0,4,4,8,0.0,0.0,0.0,0.0,1.0,0.0,0.0
0,4,4,9,0.0,0.0,0.0,0.0,1.0,0.0,0.0
0,4,4,10,0.0,0.0,0.0,0.0,1.0,0.0,0.0
0,4,4,11,0.0,0.0,0.0,0.0,1.0,0.0,0.0
0,4,4,12,0.0,0.0,0.0,0.0,1.0,0.0,0.0
0,4,4,13,0.0,0.0,0.0,0.0,1.0,0.0,0.0
0,4,4,14,0.0,0.0,0.0,0.0,1.0,0.0,0.0
0,4,4,15,0.0,0.0,0.0,0.0,1.0,0.0,0.0
0,4,4,16,0.0,0.0,0.0,0.0,1.0,0.0,0.0
0,4,4,17,0.0,0.0,0.0,0.0,1.0,0.0,0.0
0,4,4,18,0.0,0.0,0.0,0.0,1.0,0.0,0.0
0,4,4,19,0.0,0.0,0.0,0.0,1.0,0.0,0.0
0,4,4,20,0.0,0.0,0.0,0.0,1.0,0.0,0.0
0,4,4,21,0.0,0.0,0.0,0.0,1.0,0.0,0.0
0,4,4,22,0.0,0.0,0.0,0.0,1.0,0.0,0.0
0,4,4,23,0.0,0.0,0.0,0.0,1.0,0.0,0.0
0,4,4,24,0.0,0.0,0.0,0.0,1.0,0.0,0.0
0,4,4,25,0.0,0.0,0.0,0.0,1.0,0.0,0.0
0,4,4,26,0.0,0.0,0.0,0.0,1.0,0.0,0.0
0,4,4,27,0.0,0.0,0.0,0.0,1.0,0.0,0.0
0,4,4,28,0.0,0.0,0.0,0.0,1.0,0.0,0.0
0,4,4,29,0.0,0.0,0.0,0.0,1.0,0.0,0.0
0,4,4,30,0.0,0.0,0.0,0.0,1.0,0.0,0.0
0,4,4,31,0.0,0.0,0.0,0.0,1.0,0.0,0.0
0,4,4,32,0.0,0.0,0.0,0.0,1.0,0.0,0.0
0,4,4,33,0.0,0.0,0.0,0.0,1.0,0.0,0.0
0,4,4,34,0.0,0.0,0.0,0.0,1.0,0.0,0.0
0,4,4,35,0.0,0.0,0.0,0.0,1.0,0.0,0.0
0,4,4,36,0.0,0.0,0.0,0.0,1.0,0.0,0.0
0,4,4,37,0.0,0.0,0.0,0.0,1.0,0.0,0.0
0,4,4,38,0.0,0.0,0.0,0.0,1.0,0.0,0.0
0,4,4,39,0.0,0.0,0.0,0.0,1.0,0.0,0.0
0,4,4,40,0.0,0.0,0.0,0.0,1.0,0.0,0.0
0,4,4,41,0.0,0.0,0.0,0.0,1.0,0.0,0.0
0,4,4,42,0.0,0.0,0.0,0.0,1.0,0.0,0.0
0,4,4,43,0.0,0.0,0.0,0.0,1.0,0.0,0.0
0,4,4,44,0.0,0.0,0.0,0.0,1.0,0.0,0.0
0,4,4,45,0.0,0.0,0.0,0.0,1.0,0.0,0.0
0,4,4,46,0.0,0.0,0.0,0.0,1.0,0.0,0.0
0,4,4,47,0.0,0.0,0.0,0.0,1.0,0.0,0.0
0,4,4,48,0.0,0.0,0.0,0.0,1.0,0.0,0.0
0,4,4,49,0.0,0.0,0.0,0.0,1.0,0.0,0.0
0,4,4,50,0.0,0.0,0.0,0.0,1.0,0.0,0.0
0,4,4,51,0.0,0.0,0.0,0.0,1.0,0.0,0.0
0,4,4,52,0.0,0.0,0.0,0.0,1.0,0.0,0.0
0,4,4,53,0.0,0.0,0.0,0.0,1.0,0.0,0.0
0,4,4,54,0.0,0.0,0.0,0.0,1.0,0.0,0.0
0,4,4,55,0.0,0.0,0.0,0.0,1.0,0.0,0.0
0,4,4,56,0.0,0.0,0.0,0.0,1.0,0.0,0.0
0,4,4,57,0.0,0.0,0.0,0.0,1.0,0.0,0.0
0,4,4,58,0.0,0.0,0.0,0.0,1.0,0.0,0.0
0,4,4,59,0.0,0.0,0.0,0.0,1.0,0.0,0.0
1,0,0,0,0.0,0.0,1.303921568627451,2.0,0.9135487296661363,555.6244469014291,1568.0073768590591
1,0,0,1,0.0,0.0,1.8431372549019607,0.39215686274509803,0.9566899700991547,378.6437375740273,779.2731711875707
1,0,0,2,0.0,0.0,4.245098039215686,0.7058823529411765,0.9135638113558636,821.6353826873246,1686.495837511
1,0,0,3,0.0,0.0,0.4411764705882353,0.11764705882352941,0.9810028077636512,104.03057803544971,266.5386789752128
1,0,0,4,0.0,0.0,0.058823529411764705,0.0,0.9942359702340866,31.9301590825835,69.01187305391935
1,0,0,5,0.0,0.0,0.2647058823529412,0.0,0.9849879589232104,67.49380071392721,191.39645761347424
1,0,0,6,0.0,0.0,2.6862745098039214,1.0196078431372548,0.9189253439938384,713.4061104499885,1486.4109230007448
1,0,0,7,0.0,0.0,0.7843137254901961,0.0,0.9817051000684974,101.02502081701915,294.87547930177846
1,0,0,8,0.0,0.0,0.20588235294117646,0.0,0.9881769945445441,50.99923394490098,150.65456917162706
1,0,0,9,0.0,0.0,2.4705882352941178,1.3529411764705883,0.9266407118360384,598.4651258833769,1341.656022368542
1,0,0,10,0.0,0.0,1.7745098039215685,0.3333333333333333,0.9622883677768899,287.7498968407612,662.1935135382112
1,0,0,11,0.0,0.0,1.6862745098039216,0.3333333333333333,0.9624871766373874,292.9545505490774,654.6964584606128
1,0,0,12,0.0,0.0,0.20588235294117646,0.0,0.9876283591980003,55.61271765098537,155.07457808998672
1,0,0,13,0.0,0.0,0.6078431372549019,0.0,0.9806485801643837,118.39754896448851,314.06169363352313
1,0,0,14,0.0,0.0,2.3333333333333335,1.0196078431372548,0.9241363228284172,682.7003319688598,1424.0550780021233
1,0,0,15,0.0,0.0,1.2450980392156863,1.3333333333333333,0.9427834007369698,418.6591992280147,983.8423366665143
1,0,0,16,0.0,0.0,1.5588235294117647,0.9215686274509803,0.9419460501882223,441.8748781820502,988.208522278602
1,0,0,17,0.0,0.0,2.3627450980392157,2.3137254901960786,0.9042618437054791,603.9906129243752,1802.8973697811145
1,0,0,18,0.0,0.0,1.5392156862745099,0.3333333333333333,0.9627376589114819,351.72002801896457,674.7635481898919
1,0,0,19,0.0,0.0,1.5686274509803921,0.6078431372549019,0.9640627602372889,270.5219044636903,643.8958496200797
1,0,0,20,0.0,0.0,2.2941176470588234,0.39215686274509803,0.947508112990105,402.4528169184719,922.4682423101902
1,0,0,21,0.0,0.0,1.392156862745098,0.3333333333333333,0.9665888586119302,328.8028630196864,618.1326386913295
1,0,0,22,0.0,0.0,0.8823529411764706,1.588235294117647,0.9466619065695768,420.3751005369926,945.1108680524757
1,0,0,23,0.0,0.0,2.980392156862745,0.7058823529411765,0.9365552025550762,646.0253964387811,1279.8162774991106
1,0,0,24,0.0,0.0,1.7352941176470589,0.3333333333333333,0.9670611376335478,275.8125101160546,597.43994907358
1,0,0,25,0.0,0.0,0.7254901960784313,0.35294117647058826,0.9732325008855738,156.99950941518568,428.34688036492
1,0,0,26,0.0,0.0,2.3823529411764706,1.3333333333333333,0.9279759703764935,591.9759051482173,1336.5638884368373
1,0,0,27,0.0,0.0,0.5490196078431373,0.6862745098039216,0.9718855722791516,141.7384213372302,479.2404126341494
1,0,0,28,0.0,0.0,3.0980392156862746,0.9803921568627451,0.9149751589420433,702.6074889771164,1561.2861245979825
1,0,0,29,0.0,0.0,0.08823529411764706,0.11764705882352941,0.9914998713131674,42.98188752729469,114.34797079389904
1,0,0,30,0.0,0.0,2.519607843137255,1.0392156862745099,0.9231533752314921,685.2233874547736,1443.6039825206992
1,0,0,31,0.0,0.0,1.6862745098039216,0.3333333333333333,0.9661211439175004,285.978325430475,622.5249389127061
1,0,0,32,0.0,0.0,1.6862745098039216,0.3333333333333333,0.9619676211234234,298.4157765301678,661.457968392012
1,0,0,33,0.0,0.0,0.029411764705882353,0.0,0.9941541065602206,27.2004995357926,65.24058581967948
1,0,0,34,0.0,0.0,2.7549019607843137,0.6470588235294118,0.9410428538287051,531.7085731047732,1112.4682537973906
1,0,0,35,0.0,0.0,2.4313725490196076,1.392156862745098,0.9278073470846735,492.49790703362174,1377.6024806172293
1,0,0,36,0.0,0.0,2.2549019607843137,1.0392156862745099,0.9347412908409211,520.5067603692094,1208.572128861454
1,0,0,37,0.0,0.0,0.11764705882352941,0.6862745098039216,0.9759851529836666,86.35730088169109,394.21516736831734
1,0,0,38,0.0,0.0,1.8431372549019607,0.6666666666666666,0.9481497266413147,450.20533654158925,925.0723119391937
1,0,0,39,0.0,0.0,1.4215686274509804,0.3333333333333333,0.9664519397074508,328.1367012472334,622.5035817005391
1,0,0,40,0.0,0.0,0.20588235294117646,0.6862745098039216,0.9772363971894603,86.9744231903543,383.8141233789644
1,0,0,41,0.0,0.0,0.38235294117647056,0.0,0.9885476622726653,56.714689307605965,163.64076797499757
1,0,0,42,0.0,0.0,0.7450980392156863,2.2941176470588234,0.9254840439060742,372.73109653656354,1280.2572951095626
1,0,0,43,0.0,0.0,2.980392156862745,1.0196078431372548,0.9150852593176529,763.3416083591909,1574.8307132740947
1,0,0,44,0.0,0.0,2.784313725490196,0.6470588235294118,0.9382407683948042,556.061965179165,1156.4683949882701
1,0,0,45,0.0,0.0,1.1568627450980393,0.058823529411764705,0.9749276312135019,135.24246587031996,414.3044905711831
1,0,0,46,0.0,0.0,0.6372549019607843,0.11764705882352941,0.9782114506661647,120.85120290866728,340.581477718938
1,0,0,47,0.0,0.0,0.5490196078431373,0.9411764705882353,0.9562306170795712,182.34271621357158,721.8826918377899
1,0,0,48,0.0,0.0,0.7058823529411765,1.0392156862745099,0.9591508551827661,211.74043395642644,724.7106983515548
1,0,0,49,0.0,0.0,0.7647058823529411,2.2941176470588234,0.9245659907529068,383.7736904089225,1299.9743581460461
1,0,0,50,0.0,0.0,1.6862745098039216,0.3333333333333333,0.9593304772375442,314.1002112757778,691.8950820386492
1,0,0,51,0.0,0.0,0.2647058823529412,0.803921568627451,0.9602521810378418,150.5953234277255,649.8671103638799
1,0,0,52,0.0,0.0,0.9705882352941176,1.2745098039215685,0.9402761797598064,438.3348332917029,1051.5570074778404
1,0,0,53,0.0,0.0,0.14705882352941177,0.0,0.9885641050111703,63.79779656512677,144.32769100428652
1,0,0,54,0.0,0.0,2.450980392156863,1.3333333333333333,0.9120266805940691,764.2869883037362,1606.1366752878307
1,0,0,55,0.0,0.0,0.23529411764705882,0.11764705882352941,0.987837921576391,57.204307126872735,167.86765363487274
1,0,0,56,0.0,0.0,0.08823529411764706,0.11764705882352941,0.987321592579367,65.53106192153173,161.54296732485886
1,0,0,57,0.0,0.0,0.0,0.0,0.9966160620427984,16.82023246130348,36.58282053128104
1,0,0,58,0.0,0.0,1.9215686274509804,0.3333333333333333,0.9590469854519479,389.5350764392785,760.7369527366831
1,0,0,59,0.0,0.0,0.029411764705882353,0.0,0.9912842931031863,39.71221489847705,100.21137502720954
1,0,1,0,0.0,0.0,0.029411764705882353,0.0,0.9953201762084293,18.68789235058814,54.72092686518614
1,0,1,1,0.0,0.0,0.5686274509803921,0.0,0.983061476617538,138.8276193756018,276.71289554479995
1,0,1,2,0.0,0.0,3.284313725490196,0.5490196078431373,0.9359830182020312,592.1840185543134,1182.4916239256986
1,0,1,3,0.0,0.0,0.058823529411764705,0.0,0.9955672654516223,22.353406582299847,55.70056944384121
1,0,1,4,0.0,0.0,0.029411764705882353,0.0,0.9979952909762861,9.471293703669623,24.67781419994807
1,0,1,5,0.0,0.0,0.029411764705882353,0.0,0.995049720783475,21.899082926657282,58.57015056818869
1,0,1,6,0.0,0.0,0.6568627450980392,0.0,0.9785017260719893,167.1093809910469,336.4087677120866
1,0,1,7,0.0,0.0,0.37254901960784315,0.0,0.9919454433316913,38.56773048386549,117.50772685332132
1,0,1,8,0.0,0.0,0.029411764705882353,0.0,0.9967801183105011,13.856100109703572,38.89125303608491
1,0,1,9,0.0,0.0,0.5294117647058824,0.0,0.9852788641063054,74.367789053053,217.60315514384484
1,0,1,10,0.0,0.0,0.5588235294117647,0.0,0.9869638224716232,68.23642979271271,202.11405426174287
1,0,1,11,0.0,0.0,0.5294117647058824,0.0,0.9892138602335433,59.1732373107054,172.85899449301118
1,0,1,12,0.0,0.0,0.029411764705882353,0.0,0.9968225913310058,14.029508452124643,38.51249392994149
1,0,1,13,0.0,0.0,0.20588235294117646,0.0,0.9936181525771347,31.43757280992948,91.10759182940438
1,0,1,14,0.0,0.0,0.5784313725490197,0.0,0.9820440246085127,139.41691355995073,282.7273244264517
1,0,1,15,0.0,0.0,0.029411764705882353,0.0,0.995140943694499,20.937360314439136,56.874368359783205
1,0,1,16,0.0,0.0,0.029411764705882353,0.0,0.9956120335728498,17.056692913467977,51.45556365101049
1,0,1,17,0.0,0.0,0.20588235294117646,0.0,0.9900953594045546,41.22966060585998,129.7441103351141
1,0,1,18,0.0,0.0,0.5784313725490197,0.0,0.9840838540486168,131.81214414265358,259.32890890194307
1,0,1,19,0.0,0.0,0.5588235294117647,0.0,0.9888259065120005,61.620575321880104,180.52829029540231
1,0,1,20,0.0,0.0,0.7352941176470589,0.0,0.9836989886215396,87.01915059124889,255.03759674453187
1,0,1,21,0.0,0.0,0.5392156862745098,0.0,0.9848052073238563,131.2334052414318,253.47731160462195
1,0,1,22,0.0,0.0,0.0,0.0,0.9970130413508177,11.126604176852862,32.70526968197481
1,0,1,23,0.0,0.0,2.7450980392156863,0.5490196078431373,0.945229909923239,523.6355434079868,1038.1002651162576
1,0,1,24,0.0,0.0,0.5294117647058824,0.0,0.988981541998443,60.4564732293648,175.60280970760036
1,0,1,25,0.0,0.0,0.20588235294117646,0.0,0.9925367708349229,36.48017578288107,103.0255981194981
1,0,1,26,0.0,0.0,0.5294117647058824,0.0,0.9873212199273528,66.03629996422171,194.2301401828553
1,0,1,27,0.0,0.0,0.058823529411764705,0.0,0.9969737204314582,17.00242239164249,39.39224715258669
1,0,1,28,0.0,0.0,0.7745098039215687,0.0,0.9772736268486453,169.38148649976117,364.3503968140478
1,0,1,29,0.0,0.0,0.0,0.0,0.998750738372795,4.736052384668249,13.774564043211411
1,0,1,30,0.0,0.0,0.5392156862745098,0.0,0.9822806005621834,139.88577756548335,280.9408215153657
1,0,1,31,0.0,0.0,0.5294117647058824,0.0,0.9898869662834991,56.53099711249206,165.75955745206937
1,0,1,32,0.0,0.0,0.5294117647058824,0.0,0.9893153808322769,58.907987575145555,171.88139701143103
1,0,1,33,0.0,0.0,0.0,0.0,0.9988364611202338,5.237601203318173,12.25403056165525
1,0,1,34,0.0,0.0,0.9117647058823529,0.0,0.9775216838625894,167.96670861680627,367.8874014381271
1,0,1,35,0.0,0.0,0.5294117647058824,0.0,0.9862524768724178,67.20626454561807,205.4643338939029
1,0,1,36,0.0,0.0,0.4019607843137255,0.0,0.9885510966781507,53.25601722769128,159.48730179849267
1,0,1,37,0.0,0.0,0.0,0.0,0.9973452288891594,9.19770952917416,29.65600128824139
1,0,1,38,0.0,0.0,0.5686274509803921,0.0,0.983595936717044,135.92243333094055,268.948100080899
1,0,1,39,0.0,0.0,0.5392156862745098,0.0,0.9841674092649377,132.88155418740197,260.55790151755946
1,0,1,40,0.0,0.0,0.029411764705882353,0.0,0.9982144043596229,8.304121385708696,22.03069281214307
1,0,1,41,0.0,0.0,0.058823529411764705,0.0,0.9954722342497909,20.49651108119733,56.61161031629327
1,0,1,42,0.0,0.0,0.0,0.0,0.9977141107855573,8.830715814672997,24.17573491862276
1,0,1,43,0.0,0.0,0.5392156862745098,0.0,0.9825005192569848,139.52752961430056,278.6954027063379
1,0,1,44,0.0,0.0,0.7843137254901961,0.0,0.9776272153481441,166.47293418730686,358.097024395729
1,0,1,45,0.0,0.0,0.4019607843137255,0.0,0.9901576110211985,45.54012501259794,139.93360049226874
1,0,1,46,0.0,0.0,0.20588235294117646,0.0,0.9932761621835927,33.25049938069003,94.84074472163702
1,0,1,47,0.0,0.0,0.058823529411764705,0.0,0.9949930081093931,22.79189216216032,62.6168665233821
1,0,1,48,0.0,0.0,0.029411764705882353,0.0,0.9957089032480543,13.670753307585025,49.94025990596054
1,0,1,49,0.0,0.0,0.0,0.0,0.9979095167532424,8.350957717500666,22.29465341842104
1,0,1,50,0.0,0.0,0.5294117647058824,0.0,0.989122136266407,59.54979506158259,173.7234032061913
1,0,1,51,0.0,0.0,0.029411764705882353,0.0,0.996790976330677,14.253971615878703,39.65505278778495
1,0,1,52,0.0,0.0,0.0,0.0,0.9955171808241478,16.127299761480604,49.11979875156641
1,0,1,53,0.0,0.0,0.029411764705882353,0.0,0.9972531922789258,12.49724054806082,33.03135569322396
1,0,1,54,0.0,0.0,0.696078431372549,0.0,0.9803604582778193,159.89833684928587,315.04311507788077
1,0,1,55,0.0,0.0,0.029411764705882353,0.0,0.9974926030273191,10.914284479958235,31.447184044014815
1,0,1,56,0.0,0.0,0.029411764705882353,0.0,0.9971325155607419,9.98950183678105,34.04969826993352
1,0,1,57,0.0,0.0,0.0,0.0,0.9992413690378501,3.4447696517894406,7.559252888676757
1,0,1,58,0.0,0.0,0.6568627450980392,0.0,0.9812309462439521,157.04447043567976,305.9809436709264
1,0,1,59,0.0,0.0,0.029411764705882353,0.0,0.9974920090816718,9.274603981601748,30.01383151241438
1,0,2,0,0.0,0.0,0.0,0.0,0.9987122569554309,5.127663233531572,13.689540899534634
1,0,2,1,0.0,0.0,0.029411764705882353,0.0,0.9961133530759012,19.103561526838856,47.43291361718914
1,0,2,2,0.0,0.0,0.23529411764705882,0.0,0.9917508342267755,47.050278479140516,114.21482146978813
1,0,2,3,0.0,0.0,0.0,0.0,0.9977586145410974,10.283375092590273,25.38372337411449
1,0,2,4,0.0,0.0,0.0,0.0,0.9990257280655208,4.068188105833525,10.493942524492978
1,0,2,5,0.0,0.0,0.0,0.0,0.9974658107960491,10.478074357997556,27.446966915904284
1,0,2,6,0.0,0.0,0.029411764705882353,0.0,0.9951586191615097,24.323373393269513,58.14646613430443
1,0,2,7,0.0,0.0,0.029411764705882353,0.0,0.9976851799899333,9.76400639802476,29.076651449715413
1,0,2,8,0.0,0.0,0.0,0.0,0.9983927291088985,6.496663653251483,17.730218415191537
1,0,2,9,0.0,0.0,0.20588235294117646,0.0,0.9935017684861317,36.00183717231263,89.76249820872913
1,0,2,10,0.0,0.0,0.20588235294117646,0.0,0.9931725665148381,36.8933059249421,94.4206483070082
1,0,2,11,0.0,0.0,0.20588235294117646,0.0,0.9947448707543676,31.152681992275028,76.82322276296163
1,0,2,12,0.0,0.0,0.0,0.0,0.9983927291088985,6.496663653251485,17.730218415191548
1,0,2,13,0.0,0.0,0.029411764705882353,0.0,0.9977266945858562,9.649791281843543,28.656555552254808
1,0,2,14,0.0,0.0,0.029411764705882353,0.0,0.9968971503426386,16.375019808558804,38.44331311084322
1,0,2,15,0.0,0.0,0.0,0.0,0.9987440136186027,5.5403617218359225,13.52159136037273
1,0,2,16,0.0,0.0,0.0,0.0,0.9988493064004773,4.1947256995651765,12.201776850331852
1,0,2,17,0.0,0.0,0.029411764705882353,0.0,0.9961468850802245,13.109138889858782,44.59086869367603
1,0,2,18,0.0,0.0,0.029411764705882353,0.0,0.9970497410058239,15.613209233054018,36.988428527159265
1,0,2,19,0.0,0.0,0.20588235294117646,0.0,0.99425308131952,33.11484732495824,82.53040325457197
1,0,2,20,0.0,0.0,0.23529411764705882,0.0,0.9926395940236284,40.13118342253149,103.874615340708
1,0,2,21,0.0,0.0,0.029411764705882353,0.0,0.997238141467371,14.712920646737688,34.48945723488023
1,0,2,22,0.0,0.0,0.0,0.0,0.9998474093368147,0.761810575504801,1.454884583683963
1,0,2,23,0.0,0.0,0.23529411764705882,0.0,0.9923566358809177,44.525836884373966,107.74141549209953
1,0,2,24,0.0,0.0,0.20588235294117646,0.0,0.9945917827790653,31.938361250667466,78.46140231147737
1,0,2,25,0.0,0.0,0.029411764705882353,0.0,0.9972442120862247,11.755814054993863,33.44331758513739
1,0,2,26,0.0,0.0,0.20588235294117646,0.0,0.9947603087745868,31.24320271619274,76.67294437213717
1,0,2,27,0.0,0.0,0.0,0.0,0.9982196682078878,8.525420272561908,19.861551133816533
1,0,2,28,0.0,0.0,0.058823529411764705,0.0,0.9946194717512022,25.561434191288274,67.27675719487951
1,0,2,29,0.0,0.0,0.0,0.0,0.9993844554685366,2.021272904152975,6.259132136246031
1,0,2,30,0.0,0.0,0.029411764705882353,0.0,0.9974000046204123,14.03999830067927,32.762742760189944
1,0,2,31,0.0,0.0,0.20588235294117646,0.0,0.9949128994377724,30.48139214068796,75.2180597884532
1,0,2,32,0.0,0.0,0.20588235294117646,0.0,0.9947448707543676,31.152681992275028,76.82322276296163
1,0,2,33,0.0,0.0,0.0,0.0,0.9996855461837734,1.4347329215632363,3.181599058374211
1,0,2,34,0.0,0.0,0.058823529411764705,0.0,0.995237775273531,23.04219412319921,60.38450962622137
1,0,2,35,0.0,0.0,0.20588235294117646,0.0,0.9933583968172607,33.9447400815345,90.90716251566839
1,0,2,36,0.0,0.0,0.029411764705882353,0.0,0.9967436474247626,13.869635198297443,39.416643751713906
1,0,2,37,0.0,0.0,0.0,0.0,0.9985708363873194,4.5531303176995435,14.61599378650708
1,0,2,38,0.0,0.0,0.029411764705882353,0.0,0.9968927771653462,15.911642909444744,38.62020164262474
1,0,2,39,0.0,0.0,0.029411764705882353,0.0,0.9968998566492863,15.512380586527788,37.92400603540935
1,0,2,40,0.0,0.0,0.0,0.0,0.999021811459094,4.067418981636035,10.602883200385179
1,0,2,41,0.0,0.0,0.0,0.0,0.9977718158903182,9.169192026432285,25.010163158997692
1,0,2,42,0.0,0.0,0.0,0.0,0.9993566370534638,2.403687325343565,6.5274758242403115
1,0,2,43,0.0,0.0,0.029411764705882353,0.0,0.9974000046204123,14.039998300679269,32.762742760189944
1,0,2,44,0.0,0.0,0.058823529411764705,0.0,0.99477643559168,25.263000514897545,65.64498407941406
1,0,2,45,0.0,0.0,0.029411764705882353,0.0,0.9965399942787244,13.868469372450237,41.17097825994282
1,0,2,46,0.0,0.0,0.029411764705882353,0.0,0.997647601953449,10.0190850470682,29.400268422823974
1,0,2,47,0.0,0.0,0.0,0.0,0.9972964816271869,10.901589500188763,29.932476008729594
1,0,2,48,0.0,0.0,0.0,0.0,0.9979284010595214,5.421512940698456,21.64149363303162
1,0,2,49,0.0,0.0,0.0,0.0,0.9993566370534638,2.403687325343565,6.5274758242403115
1,0,2,50,0.0,0.0,0.20588235294117646,0.0,0.9947448707543676,31.152681992275028,76.82322276296163
1,0,2,51,0.0,0.0,0.0,0.0,0.9980854235291711,7.5577712754208815,21.04736829041506
1,0,2,52,0.0,0.0,0.0,0.0,0.9991070736347192,3.12743200106342,8.748495390822987
1,0,2,53,0.0,0.0,0.0,0.0,0.9987343802276056,5.157896779036842,13.785749443807354
1,0,2,54,0.0,0.0,0.029411764705882353,0.0,0.9972319759370074,14.711288152266341,34.367905734698375
1,0,2,55,0.0,0.0,0.0,0.0,0.9985607577923035,5.825373801664399,16.125055440683138
1,0,2,56,0.0,0.0,0.0,0.0,0.9987678336629434,3.543702561167877,13.021091164757877
1,0,2,57,0.0,0.0,0.0,0.0,0.9999933371575197,0.022236188416284716,0.06174346464994426
1,0,2,58,0.0,0.0,0.029411764705882353,0.0,0.995311209824695,23.56156281776472,56.69158155062047
1,0,2,59,0.0,0.0,0.0,0.0,0.9989142999958801,3.5643436882656725,11.424355214883574
1,0,3,0,0.0,0.0,0.0,0.0,1.0,0.0,0.0
1,0,3,1,0.0,0.0,0.0,0.0,0.999197246254833,2.9892339483377373,8.51676597555254
1,0,3,2,0.0,0.0,0.0,0.0,0.9981372726929316,8.346241406329687,20.302602869816695
1,0,3,3,0.0,0.0,0.0,0.0,0.9996848880426062,1.0885706849773382,3.0378551439338435
1,0,3,4,0.0,0.0,0.0,0.0,1.0,0.0,0.0
1,0,3,5,0.0,0.0,0.0,0.0,0.9998440729883193,0.350141128446175,1.5042364637263577
1,0,3,6,0.0,0.0,0.0,0.0,0.9990380613091202,3.727663504868899,10.050384655760027
1,0,3,7,0.0,0.0,0.0,0.0,0.999421822439697,1.9420510034118572,5.816745647225233
1,0,3,8,0.0,0.0,0.0,0.0,0.9998440729883193,0.350141128446175,1.5042364637263577
1,0,3,9,0.0,0.0,0.0,0.0,0.9987840994264178,5.707148586438123,13.290073357990508
1,0,3,10,0.0,0.0,0.0,0.0,0.9986281724147382,6.0572897148842975,14.79430982171686
1,0,3,11,0.0,0.0,0.0,0.0,0.9987840994264178,5.707148586438123,13.290073357990508
1,0,3,12,0.0,0.0,0.0,0.0,0.9998440729883193,0.350141128446175,1.5042364637263577
1,0,3,13,0.0,0.0,0.0,0.0,0.999421822439697,1.9420510034118572,5.816745647225233
1,0,3,14,0.0,0.0,0.0,0.0,0.9993293801258184,2.730361637771374,7.234565556906579
1,0,3,15,0.0,0.0,0.0,0.0,0.999999914014102,0.00029937512547655016,0.0007954918776218733
1,0,3,16,0.0,0.0,0.0,0.0,1.0,0.0,0.0
1,0,3,17,0.0,0.0,0.0,0.0,0.999421822439697,1.9420510034118572,5.816745647225233
1,0,3,18,0.0,0.0,0.0,0.0,0.9993293801258184,2.730361637771374,7.234565556906579
1,0,3,19,0.0,0.0,0.0,0.0,0.9987840994264178,5.707148586438123,13.290073357990508
1,0,3,20,0.0,0.0,0.0,0.0,0.9982059218661147,7.6491995898499825,19.10681900521574
1,0,3,21,0.0,0.0,0.0,0.0,0.9993531732665137,2.639092819891563,7.01252951182618
1,0,3,22,0.0,0.0,0.0,0.0,1.0,0.0,0.0
1,0,3,23,0.0,0.0,0.0,0.0,0.9981372726929316,8.346241406329687,20.302602869816695
1,0,3,24,0.0,0.0,0.0,0.0,0.9987840994264178,5.707148586438123,13.290073357990508
1,0,3,25,0.0,0.0,0.0,0.0,0.999421822439697,1.9420510034118572,5.816745647225233
1,0,3,26,0.0,0.0,0.0,0.0,0.9987840994264178,5.707148586438123,13.290073357990508
1,0,3,27,0.0,0.0,0.0,0.0,0.9998170219135916,0.8296983744109742,1.7556547252878802
1,0,3,28,0.0,0.0,0.0,0.0,0.9987749957062108,4.581143823303424,12.82927515905143
1,0,3,29,0.0,0.0,0.0,0.0,1.0,0.0,0.0
1,0,3,30,0.0,0.0,0.0,0.0,0.9993531732665137,2.639092819891563,7.01252951182618
1,0,3,31,0.0,0.0,0.0,0.0,0.9987840994264178,5.707148586438123,13.290073357990508
1,0,3,32,0.0,0.0,0.0,0.0,0.9987840994264178,5.707148586438123,13.290073357990508
1,0,3,33,0.0,0.0,0.0,0.0,1.0,0.0,0.0
1,0,3,34,0.0,0.0,0.0,0.0,0.9987749957062108,4.581143823303424,12.82927515905143
1,0,3,35,0.0,0.0,0.0,0.0,0.9987840994264178,5.707148586438123,13.290073357990508
1,0,3,36,0.0,0.0,0.0,0.0,0.9994217364537988,1.9423503785373348,5.817541139102858
1,0,3,37,0.0,0.0,0.0,0.0,1.0,0.0,0.0
1,0,3,38,0.0,0.0,0.0,0.0,0.9993531732665137,2.639092819891563,7.01252951182618
1,0,3,39,0.0,0.0,0.0,0.0,0.9993531732665137,2.639092819891563,7.01252951182618
1,0,3,40,0.0,0.0,0.0,0.0,0.9999762068593047,0.09126881787981131,0.22203604508039193
1,0,3,41,0.0,0.0,0.0,0.0,0.9998439870024224,0.3504405035716516,1.5050319556039786
1,0,3,42,0.0,0.0,0.0,0.0,1.0,0.0,0.0
1,0,3,43,0.0,0.0,0.0,0.0,0.9993531732665137,2.639092819891563,7.01252951182618
1,0,3,44,0.0,0.0,0.0,0.0,0.9987512025655154,4.672412641183237,13.05131120413182
1,0,3,45,0.0,0.0,0.0,0.0,0.9993980292990017,2.0333198212916685,6.038781692305629
1,0,3,46,0.0,0.0,0.0,0.0,0.999421822439697,1.9420510034118572,5.816745647225233
1,0,3,47,0.0,0.0,0.0,0.0,0.9998439870024224,0.3504405035716516,1.5050319556039786
1,0,3,48,0.0,0.0,0.0,0.0,1.0,0.0,0.0
1,0,3,49,0.0,0.0,0.0,0.0,1.0,0.0,0.0
1,0,3,50,0.0,0.0,0.0,0.0,0.9987840994264178,5.707148586438123,13.290073357990508
1,0,3,51,0.0,0.0,0.0,0.0,0.9998440729883193,0.350141128446175,1.5042364637263577
1,0,3,52,0.0,0.0,0.0,0.0,1.0,0.0,0.0
1,0,3,53,0.0,0.0,0.0,0.0,1.0,0.0,0.0
1,0,3,54,0.0,0.0,0.0,0.0,0.9993531732665137,2.639092819891563,7.01252951182618
1,0,3,55,0.0,0.0,0.0,0.0,0.9998440729883193,0.350141128446175,1.5042364637263577
1,0,3,56,0.0,0.0,0.0,0.0,1.0,0.0,0.0
1,0,3,57,0.0,0.0,0.0,0.0,1.0,0.0,0.0
1,0,3,58,0.0,0.0,0.0,0.0,0.9990380613091202,3.727663504868899,10.050384655760027
1,0,3,59,0.0,0.0,0.0,0.0,1.0,0.0,0.0
1,0,4,0,0.0,0.0,0.0,0.0,1.0,0.0,0.0
1,0,4,1,0.0,0.0,0.0,0.0,1.0,0.0,0.0
1,0,4,2,0.0,0.0,0.0,0.0,1.0,0.0,0.0
1,0,4,3,0.0,0.0,0.0,0.0,1.0,0.0,0.0
1,0,4,4,0.0,0.0,0.0,0.0,1.0,0.0,0.0
1,0,4,5,0.0,0.0,0.0,0.0,1.0,0.0,0.0
1,0,4,6,0.0,0.0,0.0,0.0,1.0,0.0,0.0
1,0,4,7,0.0,0.0,0.0,0.0,1.0,0.0,0.0
1,0,4,8,0.0,0.0,0.0,0.0,1.0,0.0,0.0
1,0,4,9,0.0,0.0,0.0,0.0,1.0,0.0,0.0
1,0,4,10,0.0,0.0,0.0,0.0,1.0,0.0,0.0
1,0,4,11,0.0,0.0,0.0,0.0,1.0,0.0,0.0
1,0,4,12,0.0,0.0,0.0,0.0,1.0,0.0,0.0
1,0,4,13,0.0,0.0,0.0,0.0,1.0,0.0,0.0
1,0,4,14,0.0,0.0,0.0,0.0,1.0,0.0,0.0
1,0,4,15,0.0,0.0,0.0,0.0,1.0,0.0,0.0
1,0,4,16,0.0,0.0,0.0,0.0,1.0,0.0,0.0
1,0,4,17,0.0,0.0,0.0,0.0,1.0,0.0,0.0
1,0,4,18,0.0,0.0,0.0,0.0,1.0,0.0,0.0
1,0,4,19,0.0,0.0,0.0,0.0,1.0,0.0,0.0
1,0,4,20,0.0,0.0,0.0,0.0,1.0,0.0,0.0
1,0,4,21,0.0,0.0,0.0,0.0,1.0,0.0,0.0
1,0,4,22,0.0,0.0,0.0,0.0,1.0,0.0,0.0
1,0,4,23,0.0,0.0,0.0,0.0,1.0,0.0,0.0
1,0,4,24,0.0,0.0,0.0,0.0,1.0,0.0,0.0
1,0,4,25,0.0,0.0,0.0,0.0,1.0,0.0,0.0
1,0,4,26,0.0,0.0,0.0,0.0,1.0,0.0,0.0
1,0,4,27,0.0,0.0,0.0,0.0,1.0,0.0,0.0
1,0,4,28,0.0,0.0,0.0,0.0,1.0,0.0,0.0
1,0,4,29,0.0,0.0,0.0,0.0,1.0,0.0,0.0
1,0,4,30,0.0,0.0,0.0,0.0,1.0,0.0,0.0
1,0,4,31,0.0,0.0,0.0,0.0,1.0,0.0,0.0
1,0,4,32,0.0,0.0,0.0,0.0,1.0,0.0,0.0
1,0,4,33,0.0,0.0,0.0,0.0,1.0,0.0,0.0
1,0,4,34,0.0,0.0,0.0,0.0,1.0,0.0,0.0
1,0,4,35,0.0,0.0,0.0,0.0,1.0,0.0,0.0
1,0,4,36,0.0,0.0,0.0,0.0,1.0,0.0,0.0
1,0,4,37,0.0,0.0,0.0,0.0,1.0,0.0,0.0
1,0,4,38,0.0,0.0,0.0,0.0,1.0,0.0,0.0
1,0,4,39,0.0,0.0,0.0,0.0,1.0,0.0,0.0
1,0,4,40,0.0,0.0,0.0,0.0,1.0,0.0,0.0
1,0,4,41,0.0,0.0,0.0,0.0,1.0,0.0,0.0
1,0,4,42,0.0,0.0,0.0,0.0,1.0,0.0,0.0
1,0,4,43,0.0,0.0,0.0,0.0,1.0,0.0,0.0
1,0,4,44,0.0,0.0,0.0,0.0,1.0,0.0,0.0
1,0,4,45,0.0,0.0,0.0,0.0,1.0,0.0,0.0
1,0,4,46,0.0,0.0,0.0,0.0,1.0,0.0,0.0
1,0,4,47,0.0,0.0,0.0,0.0,1.0,0.0,0.0
1,0,4,48,0.0,0.0,0.0,0.0,1.0,0.0,0.0
1,0,4,49,0.0,0.0,0.0,0.0,1.0,0.0,0.0
1,0,4,50,0.0,0.0,0.0,0.0,1.0,0.0,0.0
1,0,4,51,0.0,0.0,0.0,0.0,1.0,0.0,0.0
1,0,4,52,0.0,0.0,0.0,0.0,1.0,0.0,0.0
1,0,4,53,0.0,0.0,0.0,0.0,1.0,0.0,0.0
1,0,4,54,0.0,0.0,0.0,0.0,1.0,0.0,0.0
1,0,4,55,0.0,0.0,0.0,0.0,1.0,0.0,0.0
1,0,4,56,0.0,0.0,0.0,0.0,1.0,0.0,0.0
1,0,4,57,0.0,0.0,0.0,0.0,1.0,0.0,0.0
1,0,4,58,0.0,0.0,0.0,0.0,1.0,0.0,0.0
1,0,4,59,0.0,0.0,0.0,0.0,1.0,0.0,0.0
1,1,0,0,0.0,0.0,1.7352941176470589,2.2941176470588234,0.88960259861287,764.4867743315899,2177.738952182858
1,1,0,1,0.0,0.0,2.049019607843137,0.6274509803921569,0.9484641435452489,508.85099670735985,1022.3683470596112
1,1,0,2,0.0,0.0,5.088235294117647,0.9411764705882353,0.8954832670890914,1337.4092044855774,2698.838946222128
1,1,0,3,0.0,0.0,0.4411764705882353,0.11764705882352941,0.9800472009970634,109.00465608942604,277.73817364683146
1,1,0,4,0.0,0.0,0.12745098039215685,0.0,0.9938048612084711,35.30263854198928,78.28020334009426
1,1,0,5,0.0,0.0,0.2647058823529412,0.0,0.9841716819197049,70.06610172004726,200.3627497206689
1,1,0,6,0.0,0.0,3.235294117647059,1.5098039215686274,0.8999498516273041,938.4346736049245,1982.701974421507
1,1,0,7,0.0,0.0,1.2058823529411764,0.19607843137254902,0.972465672964419,189.00560580584272,484.69733241102057
1,1,0,8,0.0,0.0,0.20588235294117646,0.0,0.9874301605901655,53.797969732112485,158.78403145794613
1,1,0,9,0.0,0.0,2.823529411764706,1.411764705882353,0.9158876914725128,761.6204684148028,1697.8949246641812
1,1,0,10,0.0,0.0,1.9313725490196079,0.7254901960784313,0.9529642160237076,374.69675520414137,879.2156180769751
1,1,0,11,0.0,0.0,2.049019607843137,0.8823529411764706,0.947473748994169,436.96424006742143,1016.9334850046133
1,1,0,12,0.0,0.0,0.20588235294117646,0.0,0.9869534698528423,57.97597749995938,162.35269116529088
1,1,0,13,0.0,0.0,1.0294117647058822,0.19607843137254902,0.9721244590333132,203.28403827128406,496.3793621271614
1,1,0,14,0.0,0.0,2.9215686274509802,1.4509803921568627,0.9076391204471976,911.7673918383126,1918.3721928497398
1,1,0,15,0.0,0.0,1.303921568627451,1.4313725490196079,0.9385971063213817,463.4839426008353,1106.7597651444062
1,1,0,16,0.0,0.0,1.6372549019607843,0.9215686274509803,0.9381826021740572,488.83344003920894,1101.247450258337
1,1,0,17,0.0,0.0,2.950980392156863,2.9215686274509802,0.8762613140990263,903.771647631673,2631.3041075191177
1,1,0,18,0.0,0.0,1.8529411764705883,0.5686274509803921,0.9538725423526597,493.25552472216475,931.7343360857078
1,1,0,19,0.0,0.0,1.7941176470588236,0.6666666666666666,0.9587255680546534,343.6560813379066,797.4478637899675
1,1,0,20,0.0,0.0,3.2745098039215685,0.8823529411764706,0.9284651442805499,610.0392990679243,1359.0169359059876
1,1,0,21,0.0,0.0,1.607843137254902,0.5098039215686274,0.9599505132775784,446.2343922226872,823.5845434217382
1,1,0,22,0.0,0.0,1.1372549019607843,1.6470588235294117,0.9389670847794626,494.19510113607384,1146.26109412434
1,1,0,23,0.0,0.0,3.7254901960784315,0.8235294117647058,0.9222621374988847,1077.9326899615753,2097.2307220400894
1,1,0,24,0.0,0.0,1.7843137254901962,0.39215686274509803,0.9637605201950551,339.17307532968397,718.4320538141993
1,1,0,25,0.0,0.0,1.5784313725490196,1.196078431372549,0.9491964812059543,354.0694658830545,909.3236789048975
1,1,0,26,0.0,0.0,2.676470588235294,1.392156862745098,0.917898015959988,737.7296942500843,1668.6659456887319
1,1,0,27,0.0,0.0,0.6764705882352942,0.6862745098039216,0.9695502853329194,161.53015880180374,543.0837021614449
1,1,0,28,0.0,0.0,3.5098039215686274,1.4509803921568627,0.8976169687719079,931.6001306818767,2053.7459537243294
1,1,0,29,0.0,0.0,0.08823529411764706,0.11764705882352941,0.9911985255335994,43.94560656785893,117.18174772638652
1,1,0,30,0.0,0.0,2.8137254901960786,1.4901960784313726,0.9090038562574118,885.5057539183224,1873.7422358882445
1,1,0,31,0.0,0.0,1.9019607843137254,0.39215686274509803,0.9614556420452929,358.9818723096641,764.3826695504267
1,1,0,32,0.0,0.0,2.127450980392157,1.0392156862745099,0.9408217567182078,475.0537322975225,1129.4828709478497
1,1,0,33,0.0,0.0,0.029411764705882353,0.0,0.9939676362997215,28.20940433792104,67.10947240264959
1,1,0,34,0.0,0.0,3.127450980392157,0.8823529411764706,0.9307618679011989,711.3671922782871,1442.636610240116
1,1,0,35,0.0,0.0,2.5588235294117645,1.7647058823529411,0.9159874160618079,623.0369518737216,1728.511557170241
1,1,0,36,0.0,0.0,2.392156862745098,1.0980392156862746,0.9275301997655291,608.030369736196,1421.7627991417874
1,1,0,37,0.0,0.0,0.16666666666666666,0.6862745098039216,0.974671717480844,97.66430856658403,441.13284971860907
1,1,0,38,0.0,0.0,2.088235294117647,0.8431372549019608,0.939439635545014,587.833323430536,1183.327512584481
1,1,0,39,0.0,0.0,1.6666666666666667,0.5098039215686274,0.9591831886364003,447.134038123163,837.120816727585
1,1,0,40,0.0,0.0,0.28431372549019607,0.7647058823529411,0.9750158957420302,105.50387448437151,449.0945828831053
1,1,0,41,0.0,0.0,0.38235294117647056,0.0,0.9884412021503849,57.25922956601171,164.65729398302383
1,1,0,42,0.0,0.0,0.9705882352941176,2.3137254901960786,0.9151592698377699,466.6018497036786,1570.4465977647492
1,1,0,43,0.0,0.0,3.8529411764705883,1.4313725490196079,0.8937450068141551,1014.2592357844709,2143.9042050123594
1,1,0,44,0.0,0.0,3.1862745098039214,0.8823529411764706,0.9271195934527364,734.2644575255442,1499.7492085145634
1,1,0,45,0.0,0.0,1.5784313725490196,0.43137254901960786,0.9648095802178459,225.1830546372178,627.4611680667185
1,1,0,46,0.0,0.0,1.1176470588235294,0.45098039215686275,0.9665773889913258,225.18729195551998,580.4093272928077
1,1,0,47,0.0,0.0,0.6274509803921569,0.9411764705882353,0.9522325671654236,215.880035975096,822.9795217280472
1,1,0,48,0.0,0.0,1.0784313725490196,1.1764705882352942,0.9493614500843508,295.6343475056382,996.6455140105619
1,1,0,49,0.0,0.0,0.9901960784313726,2.3137254901960786,0.9154502861997201,474.9295590152167,1578.6731846671832
1,1,0,50,0.0,0.0,2.0392156862745097,0.8823529411764706,0.9439203450434012,461.10635399656195,1061.7722598280793
1,1,0,51,0.0,0.0,0.3137254901960784,0.803921568627451,0.9583688204487283,164.3373341852506,707.765555828307
1,1,0,52,0.0,0.0,1.1372549019607843,1.2941176470588236,0.9343537050844998,502.84613797345577,1240.3528852678864
1,1,0,53,0.0,0.0,0.2647058823529412,0.0,0.9872508762810556,72.7598099942936,168.43439285709243
1,1,0,54,0.0,0.0,2.803921568627451,1.7254901960784315,0.8912516016754638,1022.7950636478096,2217.8101764319276
1,1,0,55,0.0,0.0,0.23529411764705882,0.11764705882352941,0.9874515893925374,59.29141493157357,172.9719319344836
1,1,0,56,0.0,0.0,0.1568627450980392,0.17647058823529413,0.9860418435838009,75.0721508835972,184.02734346113698
1,1,0,57,0.0,0.0,0.0,0.0,0.9965449466402592,17.389297731640603,37.48373911530043
1,1,0,58,0.0,0.0,2.0784313725490198,0.5686274509803921,0.9515014340041045,532.0444333521963,1006.2741681304805
1,1,0,59,0.0,0.0,0.13725490196078433,0.0,0.9901124745758342,47.35536709606067,120.1103592225318
1,1,1,0,0.0,0.0,0.029411764705882353,0.0,0.9953201762084293,18.68789235058814,54.72092686518613
1,1,1,1,0.0,0.0,0.8921568627450981,0.0,0.978459105037261,188.57213274240985,366.2055103018221
1,1,1,2,0.0,0.0,3.9019607843137254,0.5882352941176471,0.9236150217102644,825.286869629923,1649.810931387955
1,1,1,3,0.0,0.0,0.058823529411764705,0.0,0.9955672654516223,22.353406582299847,55.70056944384121
1,1,1,4,0.0,0.0,0.029411764705882353,0.0,0.9979952909762861,9.471293703669621,24.677814199948063
1,1,1,5,0.0,0.0,0.029411764705882353,0.0,0.995049720783475,21.899082926657286,58.57015056818869
1,1,1,6,0.0,0.0,1.0294117647058822,0.0,0.9728748178150473,233.33893511758245,454.0451285658875
1,1,1,7,0.0,0.0,0.37254901960784315,0.0,0.9919371346584772,38.66582646732407,117.86853478826157
1,1,1,8,0.0,0.0,0.029411764705882353,0.0,0.9967801183105011,13.856100109703572,38.89125303608491
1,1,1,9,0.0,0.0,0.5588235294117647,0.0,0.9830267408198182,91.22954974356715,255.2968571093727
1,1,1,10,0.0,0.0,0.5882352941176471,0.0,0.9847233851064088,85.01520496778892,239.63586852397208
1,1,1,11,0.0,0.0,0.5588235294117647,0.0,0.9869672386836487,75.98667179661261,210.4654556354121
1,1,1,12,0.0,0.0,0.029411764705882353,0.0,0.9968225913310058,14.029508452124643,38.51249392994149
1,1,1,13,0.0,0.0,0.20588235294117646,0.0,0.9936181525771347,31.437572809929485,91.10759182940438
1,1,1,14,0.0,0.0,0.9901960784313726,0.0,0.9762245497866187,211.9591052720948,406.16865325250166
1,1,1,15,0.0,0.0,0.029411764705882353,0.0,0.9951390465349993,20.947905183562053,56.891919439237306
1,1,1,16,0.0,0.0,0.029411764705882353,0.0,0.9956120335728498,17.056692913467977,51.455563651010515
1,1,1,17,0.0,0.0,0.20588235294117646,0.0,0.9900851861248084,41.283372808238255,129.848234209657
1,1,1,18,0.0,0.0,0.9901960784313726,0.0,0.9784847623831036,203.80480785627128,379.91377933122277
1,1,1,19,0.0,0.0,0.5882352941176471,0.0,0.9865854691467854,78.39935049695632,218.05010455763153
1,1,1,20,0.0,0.0,0.7647058823529411,0.0,0.9814548849366361,103.82298092069172,292.6193025039708
1,1,1,21,0.0,0.0,0.8333333333333334,0.0,0.9810219220240685,176.3512884485139,328.06431144970213
1,1,1,22,0.0,0.0,0.0,0.0,0.9970130413508177,11.126604176852862,32.70526968197481
1,1,1,23,0.0,0.0,2.9607843137254903,0.5882352941176471,0.9398161856810696,692.4135189711862,1349.210028609468
1,1,1,24,0.0,0.0,0.5588235294117647,0.0,0.986734616645213,77.28807739052168,213.2230609624972
1,1,1,25,0.0,0.0,0.20588235294117646,0.0,0.9925367708349229,36.480175782881055,103.0255981194981
1,1,1,26,0.0,0.0,0.5588235294117647,0.0,0.9850748293746573,82.84943200763031,231.83601924445804
1,1,1,27,0.0,0.0,0.058823529411764705,0.0,0.9969737204314582,17.00242239164249,39.3922471525867
1,1,1,28,0.0,0.0,1.0686274509803921,0.0,0.9727733477142309,218.05173059567707,447.86456281373546
1,1,1,29,0.0,0.0,0.0,0.0,0.998750738372795,4.736052384668251,13.774564043211413
1,1,1,30,0.0,0.0,0.8627450980392157,0.0,0.9775491655036403,189.90296018834712,372.1940053603302
1,1,1,31,0.0,0.0,0.5588235294117647,0.0,0.9876459682432251,73.31324859362758,203.286720705183
1,1,1,32,0.0,0.0,0.5588235294117647,0.0,0.9870717787047892,75.70806407382064,209.45882938058773
1,1,1,33,0.0,0.0,0.0,0.0,0.9988364611202338,5.237601203318172,12.254030561655249
1,1,1,34,0.0,0.0,1.2058823529411764,0.0,0.9735830216650717,214.7475446486258,446.43929863501427
1,1,1,35,0.0,0.0,0.5588235294117647,0.0,0.9838621215860016,84.6279752042196,245.00033879070136
1,1,1,36,0.0,0.0,0.5098039215686274,0.0,0.9878663292482965,55.85345425452407,173.17896658210734
1,1,1,37,0.0,0.0,0.0,0.0,0.9973452288891594,9.19770952917416,29.65600128824139
1,1,1,38,0.0,0.0,0.8627450980392157,0.0,0.9794562955600924,182.64866010853257,346.958383541534
1,1,1,39,0.0,0.0,0.8333333333333334,0.0,0.9803841239651497,177.99943739448406,335.14490136263964
1,1,1,40,0.0,0.0,0.029411764705882353,0.0,0.9982144043596229,8.304121385708696,22.030692812143073
1,1,1,41,0.0,0.0,0.058823529411764705,0.0,0.9954722342497909,20.49651108119733,56.61161031629327
1,1,1,42,0.0,0.0,0.0,0.0,0.9977141107855573,8.830715814672999,24.17573491862276
1,1,1,43,0.0,0.0,0.8333333333333334,0.0,0.9783145089784085,186.3941165077673,357.82500994101576
1,1,1,44,0.0,0.0,1.196078431372549,0.0,0.9719453850041507,239.3698444915298,481.026687404228
1,1,1,45,0.0,0.0,0.4019607843137255,0.0,0.9901493023479846,45.63822099605651,140.29440842720896
1,1,1,46,0.0,0.0,0.20588235294117646,0.0,0.9932761621835927,33.25049938069003,94.84074472163702
1,1,1,47,0.0,0.0,0.058823529411764705,0.0,0.9949930081093931,22.79189216216032,62.6168665233821
1,1,1,48,0.0,0.0,0.029411764705882353,0.0,0.9957089032480543,13.670753307585036,49.94025990596054
1,1,1,49,0.0,0.0,0.0,0.0,0.9979095167532424,8.350957717500668,22.29465341842104
1,1,1,50,0.0,0.0,0.5588235294117647,0.0,0.9868785341389192,76.34987156025768,211.30083557534795
1,1,1,51,0.0,0.0,0.029411764705882353,0.0,0.996790976330677,14.253971615878703,39.65505278778495
1,1,1,52,0.0,0.0,0.0,0.0,0.9955171808241478,16.127299761480607,49.11979875156641
1,1,1,53,0.0,0.0,0.029411764705882353,0.0,0.9972531922789258,12.497240548060818,33.03135569322396
1,1,1,54,0.0,0.0,1.2156862745098038,0.0,0.9722904607104849,259.2126164475239,487.5490393098529
1,1,1,55,0.0,0.0,0.029411764705882353,0.0,0.9974926030273191,10.914284479958235,31.447184044014815
1,1,1,56,0.0,0.0,0.029411764705882353,0.0,0.9971325155607419,9.98950183678105,34.04969826993352
1,1,1,57,0.0,0.0,0.0,0.0,0.9992413690378501,3.4447696517894406,7.559252888676757
1,1,1,58,0.0,0.0,1.0294117647058822,0.0,0.97597944539624,222.3563161040238,419.44939976904624
1,1,1,59,0.0,0.0,0.029411764705882353,0.0,0.9974920090816718,9.274603981601748,30.01383151241438
1,1,2,0,0.0,0.0,0.0,0.0,0.9987122569554309,5.127663233531572,13.689540899534634
1,1,2,1,0.0,0.0,0.029411764705882353,0.0,0.9961118643050186,19.11248021547834,47.44775805111365
1,1,2,2,0.0,0.0,0.23529411764705882,0.0,0.9915907752255392,48.36003042563607,115.85832447570789
1,1,2,3,0.0,0.0,0.0,0.0,0.9977586145410974,10.283375092590274,25.38372337411449
1,1,2,4,0.0,0.0,0.0,0.0,0.9990257280655208,4.068188105833525,10.493942524492978
1,1,2,5,0.0,0.0,0.0,0.0,0.9974658107960491,10.478074357997556,27.446966915904284
1,1,2,6,0.0,0.0,0.029411764705882353,0.0,0.9951571303906274,24.332292081909,58.16131056822897
1,1,2,7,0.0,0.0,0.029411764705882353,0.0,0.9976847460300137,9.765338083789166,29.08154953803365
1,1,2,8,0.0,0.0,0.0,0.0,0.9983927291088985,6.496663653251482,17.73021841519154
1,1,2,9,0.0,0.0,0.20588235294117646,0.0,0.9934996247548341,36.011419511671704,89.78233038327123
1,1,2,10,0.0,0.0,0.20588235294117646,0.0,0.9931704227835406,36.902888264301176,94.4404804815503
1,1,2,11,0.0,0.0,0.20588235294117646,0.0,0.9947427270230699,31.162264331634105,76.84305493750372
1,1,2,12,0.0,0.0,0.0,0.0,0.9983927291088985,6.496663653251482,17.73021841519154
1,1,2,13,0.0,0.0,0.029411764705882353,0.0,0.9977266945858562,9.649791281843545,28.65655555225481
1,1,2,14,0.0,0.0,0.029411764705882353,0.0,0.9968956615717562,16.38393849719829,38.458157544767744
1,1,2,15,0.0,0.0,0.0,0.0,0.9987440136186027,5.5403617218359225,13.52159136037273
1,1,2,16,0.0,0.0,0.0,0.0,0.9988493064004773,4.1947256995651765,12.201776850331852
1,1,2,17,0.0,0.0,0.029411764705882353,0.0,0.9961468850802245,13.109138889858782,44.590868693676036
1,1,2,18,0.0,0.0,0.029411764705882353,0.0,0.9970482522349413,15.622127921693483,37.00327296108378
1,1,2,19,0.0,0.0,0.20588235294117646,0.0,0.9942509375882224,33.12442966431732,82.55023542911405
1,1,2,20,0.0,0.0,0.23529411764705882,0.0,0.9926374502923307,40.14076576189057,103.8944475152501
1,1,2,21,0.0,0.0,0.029411764705882353,0.0,0.9972366526964885,14.721839335377172,34.50430166880473
1,1,2,22,0.0,0.0,0.0,0.0,0.9998474093368147,0.761810575504801,1.454884583683963
1,1,2,23,0.0,0.0,0.23529411764705882,0.0,0.9921965768796815,45.835588830869526,109.38491849801933
1,1,2,24,0.0,0.0,0.20588235294117646,0.0,0.9945896390477679,31.947943590026544,78.48123448601946
1,1,2,25,0.0,0.0,0.029411764705882353,0.0,0.9972442120862247,11.755814054993866,33.443317585137414
1,1,2,26,0.0,0.0,0.20588235294117646,0.0,0.9947581650432893,31.25278505555182,76.69277654667926
1,1,2,27,0.0,0.0,0.0,0.0,0.9982196682078878,8.525420272561908,19.86155113381653
1,1,2,28,0.0,0.0,0.058823529411764705,0.0,0.9946179829803198,25.57035287992776,67.29160162880407
1,1,2,29,0.0,0.0,0.0,0.0,0.9993844554685366,2.021272904152975,6.259132136246031
1,1,2,30,0.0,0.0,0.029411764705882353,0.0,0.9973985158495299,14.048916989318732,32.77758719411448
1,1,2,31,0.0,0.0,0.20588235294117646,0.0,0.9949107557064748,30.490974480047036,75.2378919629953
1,1,2,32,0.0,0.0,0.20588235294117646,0.0,0.9947427270230699,31.162264331634105,76.84305493750372
1,1,2,33,0.0,0.0,0.0,0.0,0.9996855461837734,1.4347329215632363,3.181599058374211
1,1,2,34,0.0,0.0,0.058823529411764705,0.0,0.9952358525427286,23.0524444976031,60.40425214846415
1,1,2,35,0.0,0.0,0.20588235294117646,0.0,0.9933562530859632,33.954322420893575,90.9269946902105
1,1,2,36,0.0,0.0,0.029411764705882353,0.0,0.9967425798190761,13.871462416293378,39.42746116552978
1,1,2,37,0.0,0.0,0.0,0.0,0.9985708363873194,4.5531303176995435,14.61599378650708
1,1,2,38,0.0,0.0,0.029411764705882353,0.0,0.9968912883944636,15.92056159808423,38.63504607654927
1,1,2,39,0.0,0.0,0.029411764705882353,0.0,0.9968983678784037,15.521299275167259,37.93885046933387
1,1,2,40,0.0,0.0,0.0,0.0,0.999021811459094,4.067418981636035,10.602883200385179
1,1,2,41,0.0,0.0,0.0,0.0,0.9977718158903182,9.169192026432285,25.010163158997692
1,1,2,42,0.0,0.0,0.0,0.0,0.9993566370534638,2.403687325343565,6.527475824240309
1,1,2,43,0.0,0.0,0.029411764705882353,0.0,0.9973985158495299,14.048916989318734,32.777587194114474
1,1,2,44,0.0,0.0,0.058823529411764705,0.0,0.9947749468207975,25.27191920353703,65.65982851333858
1,1,2,45,0.0,0.0,0.029411764705882353,0.0,0.9965395603188046,13.86980105821464,41.175876348261
1,1,2,46,0.0,0.0,0.029411764705882353,0.0,0.997647601953449,10.0190850470682,29.40026842282397
1,1,2,47,0.0,0.0,0.0,0.0,0.9972964816271869,10.901589500188763,29.932476008729616
1,1,2,48,0.0,0.0,0.0,0.0,0.9979284010595214,5.421512940698449,21.64149363303161
1,1,2,49,0.0,0.0,0.0,0.0,0.9993566370534638,2.403687325343565,6.527475824240309
1,1,2,50,0.0,0.0,0.20588235294117646,0.0,0.9947427270230699,31.162264331634105,76.84305493750372
1,1,2,51,0.0,0.0,0.0,0.0,0.9980854235291711,7.557771275420883,21.047368290415076
1,1,2,52,0.0,0.0,0.0,0.0,0.9991070736347192,3.12743200106342,8.748495390822983
1,1,2,53,0.0,0.0,0.0,0.0,0.9987343802276056,5.157896779036842,13.785749443807354
1,1,2,54,0.0,0.0,0.029411764705882353,0.0,0.997230487166125,14.720206840905828,34.38275016862286
1,1,2,55,0.0,0.0,0.0,0.0,0.9985607577923035,5.825373801664402,16.12505544068316
1,1,2,56,0.0,0.0,0.0,0.0,0.9987678336629434,3.543702561167877,13.021091164757877
1,1,2,57,0.0,0.0,0.0,0.0,0.9999933371575197,0.022236188416284716,0.06174346464994426
1,1,2,58,0.0,0.0,0.029411764705882353,0.0,0.9953097210538125,23.570481506404207,56.706425984545014
1,1,2,59,0.0,0.0,0.0,0.0,0.9989142999958801,3.5643436882656725,11.424355214883574
1,1,3,0,0.0,0.0,0.0,0.0,1.0,0.0,0.0
1,1,3,1,0.0,0.0,0.0,0.0,0.999197246254833,2.9892339483377373,8.51676597555254
1,1,3,2,0.0,0.0,0.0,0.0,0.9981372726929316,8.346241406329687,20.302602869816695
1,1,3,3,0.0,0.0,0.0,0.0,0.9996848880426062,1.0885706849773382,3.0378551439338435
1,1,3,4,0.0,0.0,0.0,0.0,1.0,0.0,0.0
1,1,3,5,0.0,0.0,0.0,0.0,0.9998440729883193,0.350141128446175,1.5042364637263577
1,1,3,6,0.0,0.0,0.0,0.0,0.9990380613091202,3.727663504868899,10.050384655760027
1,1,3,7,0.0,0.0,0.0,0.0,0.999421822439697,1.9420510034118572,5.816745647225233
1,1,3,8,0.0,0.0,0.0,0.0,0.9998440729883193,0.350141128446175,1.5042364637263577
1,1,3,9,0.0,0.0,0.0,0.0,0.9987840994264178,5.707148586438123,13.290073357990508
1,1,3,10,0.0,0.0,0.0,0.0,0.9986281724147382,6.0572897148842975,14.79430982171686
1,1,3,11,0.0,0.0,0.0,0.0,0.9987840994264178,5.707148586438123,13.290073357990508
1,1,3,12,0.0,0.0,0.0,0.0,0.9998440729883193,0.350141128446175,1.5042364637263577
1,1,3,13,0.0,0.0,0.0,0.0,0.999421822439697,1.9420510034118572,5.816745647225233
1,1,3,14,0.0,0.0,0.0,0.0,0.9993293801258184,2.730361637771374,7.234565556906579
1,1,3,15,0.0,0.0,0.0,0.0,0.999999914014102,0.00029937512547655016,0.0007954918776218733
1,1,3,16,0.0,0.0,0.0,0.0,1.0,0.0,0.0
1,1,3,17,0.0,0.0,0.0,0.0,0.999421822439697,1.9420510034118572,5.816745647225233
1,1,3,18,0.0,0.0,0.0,0.0,0.9993293801258184,2.730361637771374,7.234565556906579
1,1,3,19,0.0,0.0,0.0,0.0,0.9987840994264178,5.707148586438123,13.290073357990508
1,1,3,20,0.0,0.0,0.0,0.0,0.9982059218661147,7.6491995898499825,19.10681900521574
1,1,3,21,0.0,0.0,0.0,0.0,0.9993531732665137,2.639092819891563,7.01252951182618
1,1,3,22,0.0,0.0,0.0,0.0,1.0,0.0,0.0
1,1,3,23,0.0,0.0,0.0,0.0,0.9981372726929316,8.346241406329687,20.302602869816695
1,1,3,24,0.0,0.0,0.0,0.0,0.9987840994264178,5.707148586438123,13.290073357990508
1,1,3,25,0.0,0.0,0.0,0.0,0.999421822439697,1.9420510034118572,5.816745647225233
1,1,3,26,0.0,0.0,0.0,0.0,0.9987840994264178,5.707148586438123,13.290073357990508
1,1,3,27,0.0,0.0,0.0,0.0,0.9998170219135916,0.8296983744109742,1.7556547252878802
1,1,3,28,0.0,0.0,0.0,0.0,0.9987749957062108,4.581143823303421,12.829275159051427
1,1,3,29,0.0,0.0,0.0,0.0,1.0,0.0,0.0
1,1,3,30,0.0,0.0,0.0,0.0,0.9993531732665137,2.639092819891563,7.01252951182618
1,1,3,31,0.0,0.0,0.0,0.0,0.9987840994264178,5.707148586438123,13.290073357990508
1,1,3,32,0.0,0.0,0.0,0.0,0.9987840994264178,5.707148586438123,13.290073357990508
1,1,3,33,0.0,0.0,0.0,0.0,1.0,0.0,0.0
1,1,3,34,0.0,0.0,0.0,0.0,0.9987749957062108,4.581143823303421,12.829275159051427
1,1,3,35,0.0,0.0,0.0,0.0,0.9987840994264178,5.707148586438123,13.290073357990508
1,1,3,36,0.0,0.0,0.0,0.0,0.9994217364537988,1.9423503785373348,5.817541139102858
1,1,3,37,0.0,0.0,0.0,0.0,1.0,0.0,0.0
1,1,3,38,0.0,0.0,0.0,0.0,0.9993531732665137,2.639092819891563,7.01252951182618
1,1,3,39,0.0,0.0,0.0,0.0,0.9993531732665137,2.639092819891563,7.01252951182618
1,1,3,40,0.0,0.0,0.0,0.0,0.9999762068593047,0.09126881787981131,0.22203604508039193
1,1,3,41,0.0,0.0,0.0,0.0,0.9998439870024224,0.3504405035716516,1.5050319556039786
1,1,3,42,0.0,0.0,0.0,0.0,1.0,0.0,0.0
1,1,3,43,0.0,0.0,0.0,0.0,0.9993531732665137,2.639092819891563,7.01252951182618
1,1,3,44,0.0,0.0,0.0,0.0,0.9987512025655154,4.672412641183231,13.05131120413182
1,1,3,45,0.0,0.0,0.0,0.0,0.9993980292990017,2.0333198212916685,6.038781692305629
1,1,3,46,0.0,0.0,0.0,0.0,0.999421822439697,1.9420510034118572,5.816745647225233
1,1,3,47,0.0,0.0,0.0,0.0,0.9998439870024224,0.3504405035716516,1.5050319556039786
1,1,3,48,0.0,0.0,0.0,0.0,1.0,0.0,0.0
1,1,3,49,0.0,0.0,0.0,0.0,1.0,0.0,0.0
1,1,3,50,0.0,0.0,0.0,0.0,0.9987840994264178,5.707148586438123,13.290073357990508
1,1,3,51,0.0,0.0,0.0,0.0,0.9998440729883193,0.350141128446175,1.5042364637263577
1,1,3,52,0.0,0.0,0.0,0.0,1.0,0.0,0.0
1,1,3,53,0.0,0.0,0.0,0.0,1.0,0.0,0.0
1,1,3,54,0.0,0.0,0.0,0.0,0.9993531732665137,2.639092819891563,7.01252951182618
1,1,3,55,0.0,0.0,0.0,0.0,0.9998440729883193,0.350141128446175,1.5042364637263577
1,1,3,56,0.0,0.0,0.0,0.0,1.0,0.0,0.0
1,1,3,57,0.0,0.0,0.0,0.0,1.0,0.0,0.0
1,1,3,58,0.0,0.0,0.0,0.0,0.9990380613091202,3.727663504868899,10.050384655760027
1,1,3,59,0.0,0.0,0.0,0.0,1.0,0.0,0.0
1,1,4,0,0.0,0.0,0.0,0.0,1.0,0.0,0.0
1,1,4,1,0.0,0.0,0.0,0.0,1.0,0.0,0.0
1,1,4,2,0.0,0.0,0.0,0.0,1.0,0.0,0.0
1,1,4,3,0.0,0.0,0.0,0.0,1.0,0.0,0.0
1,1,4,4,0.0,0.0,0.0,0.0,1.0,0.0,0.0
1,1,4,5,0.0,0.0,0.0,0.0,1.0,0.0,0.0
1,1,4,6,0.0,0.0,0.0,0.0,1.0,0.0,0.0
1,1,4,7,0.0,0.0,0.0,0.0,1.0,0.0,0.0
1,1,4,8,0.0,0.0,0.0,0.0,1.0,0.0,0.0
1,1,4,9,0.0,0.0,0.0,0.0,1.0,0.0,0.0
1,1,4,10,0.0,0.0,0.0,0.0,1.0,0.0,0.0
1,1,4,11,0.0,0.0,0.0,0.0,1.0,0.0,0.0
1,1,4,12,0.0,0.0,0.0,0.0,1.0,0.0,0.0
1,1,4,13,0.0,0.0,0.0,0.0,1.0,0.0,0.0
1,1,4,14,0.0,0.0,0.0,0.0,1.0,0.0,0.0
1,1,4,15,0.0,0.0,0.0,0.0,1.0,0.0,0.0
1,1,4,16,0.0,0.0,0.0,0.0,1.0,0.0,0.0
1,1,4,17,0.0,0.0,0.0,0.0,1.0,0.0,0.0
1,1,4,18,0.0,0.0,0.0,0.0,1.0,0.0,0.0
1,1,4,19,0.0,0.0,0.0,0.0,1.0,0.0,0.0
1,1,4,20,0.0,0.0,0.0,0.0,1.0,0.0,0.0
1,1,4,21,0.0,0.0,0.0,0.0,1.0,0.0,0.0
1,1,4,22,0.0,0.0,0.0,0.0,1.0,0.0,0.0
1,1,4,23,0.0,0.0,0.0,0.0,1.0,0.0,0.0
1,1,4,24,0.0,0.0,0.0,0.0,1.0,0.0,0.0
1,1,4,25,0.0,0.0,0.0,0.0,1.0,0.0,0.0
1,1,4,26,0.0,0.0,0.0,0.0,1.0,0.0,0.0
1,1,4,27,0.0,0.0,0.0,0.0,1.0,0.0,0.0
1,1,4,28,0.0,0.0,0.0,0.0,1.0,0.0,0.0
1,1,4,29,0.0,0.0,0.0,0.0,1.0,0.0,0.0
1,1,4,30,0.0,0.0,0.0,0.0,1.0,0.0,0.0
1,1,4,31,0.0,0.0,0.0,0.0,1.0,0.0,0.0
1,1,4,32,0.0,0.0,0.0,0.0,1.0,0.0,0.0
1,1,4,33,0.0,0.0,0.0,0.0,1.0,0.0,0.0
1,1,4,34,0.0,0.0,0.0,0.0,1.0,0.0,0.0
1,1,4,35,0.0,0.0,0.0,0.0,1.0,0.0,0.0
1,1,4,36,0.0,0.0,0.0,0.0,1.0,0.0,0.0
1,1,4,37,0.0,0.0,0.0,0.0,1.0,0.0,0.0
1,1,4,38,0.0,0.0,0.0,0.0,1.0,0.0,0.0
1,1,4,39,0.0,0.0,0.0,0.0,1.0,0.0,0.0
1,1,4,40,0.0,0.0,0.0,0.0,1.0,0.0,0.0
1,1,4,41,0.0,0.0,0.0,0.0,1.0,0.0,0.0
1,1,4,42,0.0,0.0,0.0,0.0,1.0,0.0,0.0
1,1,4,43,0.0,0.0,0.0,0.0,1.0,0.0,0.0
1,1,4,44,0.0,0.0,0.0,0.0,1.0,0.0,0.0
1,1,4,45,0.0,0.0,0.0,0.0,1.0,0.0,0.0
1,1,4,46,0.0,0.0,0.0,0.0,1.0,0.0,0.0
1,1,4,47,0.0,0.0,0.0,0.0,1.0,0.0,0.0
1,1,4,48,0.0,0.0,0.0,0.0,1.0,0.0,0.0
1,1,4,49,0.0,0.0,0.0,0.0,1.0,0.0,0.0
1,1,4,50,0.0,0.0,0.0,0.0,1.0,0.0,0.0
1,1,4,51,0.0,0.0,0.0,0.0,1.0,0.0,0.0
1,1,4,52,0.0,0.0,0.0,0.0,1.0,0.0,0.0
1,1,4,53,0.0,0.0,0.0,0.0,1.0,0.0,0.0
1,1,4,54,0.0,0.0,0.0,0.0,1.0,0.0,0.0
1,1,4,55,0.0,0.0,0.0,0.0,1.0,0.0,0.0
1,1,4,56,0.0,0.0,0.0,0.0,1.0,0.0,0.0
1,1,4,57,0.0,0.0,0.0,0.0,1.0,0.0,0.0
1,1,4,58,0.0,0.0,0.0,0.0,1.0,0.0,0.0
1,1,4,59,0.0,0.0,0.0,0.0,1.0,0.0,0.0
1,2,0,0,6.0,1.0,3.2745098039215685,4.549019607843137,0.8113965858914344,1628.2448532243013,4669.018470138813
1,2,0,1,3.0,0.0,3.5686274509803924,1.392156862745098,0.9037970349925426,1142.2754592697922,2413.7605825382284
1,2,0,2,10.0,1.0,7.294117647058823,5.117647058823529,0.7752669769699875,3296.5168796171265,7301.937167578822
1,2,0,3,0.0,0.0,0.5,0.17647058823529413,0.9770269244378436,128.24827261004748,323.2924504932906
1,2,0,4,0.0,0.0,0.20588235294117646,0.0,0.992872223853224,41.26965983323032,94.8660153071149
1,2,0,5,0.0,0.0,0.30392156862745096,0.0,0.9803391693186713,88.64673303954845,252.7791862067578
1,2,0,6,8.0,1.0,6.294117647058823,4.529411764705882,0.7852185697642438,2311.8422047474114,5342.221528852389
1,2,0,7,0.0,0.0,1.3725490196078431,0.3137254901960784,0.9673493107600682,250.56416393770485,615.0874278052326
1,2,0,8,0.0,0.0,0.2647058823529412,0.0392156862745098,0.9823381179929599,83.30251102577188,238.98001569244204
1,2,0,9,5.0,1.0,5.029411764705882,3.411764705882353,0.8430370653769609,1642.7875697008665,3815.839989021681
1,2,0,10,0.0,0.0,2.911764705882353,1.5098039215686274,0.9193852615302935,746.7158319507638,1772.2274070147453
1,2,0,11,0.0,0.0,2.911764705882353,1.6274509803921569,0.916184576134153,819.1100507007566,1902.562742237646
1,2,0,12,0.0,0.0,0.2549019607843137,0.0196078431372549,0.9829084242618631,80.9894104992227,220.84246216720388
1,2,0,13,0.0,0.0,1.3823529411764706,0.27450980392156865,0.9647928789247077,281.89297554274395,664.6807662482411
1,2,0,14,8.0,1.0,5.647058823529412,4.117647058823529,0.8064886069294799,2188.6342382132166,4977.184449885066
1,2,0,15,0.0,0.0,2.2941176470588234,2.3333333333333335,0.9008075333132756,825.2938261794933,2111.17021608354
1,2,0,16,0.0,0.0,2.519607843137255,1.8823529411764706,0.8977057163087118,850.0578661063327,2112.5506708702756
1,2,0,17,9.0,1.0,5.911764705882353,6.411764705882353,0.747133996727903,2665.803518774629,7220.537980410253
1,2,0,18,0.0,0.0,3.3137254901960786,1.3725490196078431,0.9092562363093154,1136.6750767070753,2309.1020623314002
1,2,0,19,0.0,0.0,3.019607843137255,1.1176470588235294,0.9276432716681994,711.4331004243974,1633.3810480772372
1,2,0,20,3.0,0.0,4.7254901960784315,2.2745098039215685,0.8846888943190813,1207.185461723496,2642.5825775898593
1,2,0,21,0.0,0.0,3.1372549019607843,1.1568627450980393,0.9219966106656653,1009.9109579023793,2007.2748031704666
1,2,0,22,0.0,0.0,2.0,2.5294117647058822,0.9035066702530147,857.6559852752554,2128.2178919183193
1,2,0,23,7.0,1.0,5.990196078431373,3.5686274509803924,0.8266438812049576,2652.6360272000916,5720.627348953988
1,2,0,24,0.0,0.0,2.5686274509803924,1.0,0.9406526274271173,642.6536176025525,1382.707185743563
1,2,0,25,0.0,0.0,2.019607843137255,1.7843137254901962,0.919281071247271,604.2885922622439,1612.751641946067
1,2,0,26,6.0,1.0,4.96078431372549,3.843137254901961,0.8346943576137565,1680.1258203151838,4030.6847529902207
1,2,0,27,0.0,0.0,0.9019607843137255,0.7450980392156863,0.959893160851924,242.92219416193416,793.3410037644617
1,2,0,28,8.0,1.0,6.323529411764706,3.764705882352941,0.8061653197468058,2057.0659595793772,4746.321709741217
1,2,0,29,0.0,0.0,0.13725490196078433,0.11764705882352941,0.9899424477995558,52.92535748502337,135.93122341187672
1,2,0,30,8.0,1.0,5.245098039215686,3.5686274509803924,0.8240678579708903,1977.8226633734596,4443.902202110992
1,2,0,31,0.0,0.0,3.0294117647058822,1.0196078431372548,0.9352566093467946,712.8979323991756,1529.9480683421802
1,2,0,32,0.0,0.0,3.127450980392157,1.9019607843137254,0.9046514524409596,907.1163030585762,2152.890976272575
1,2,0,33,0.0,0.0,0.029411764705882353,0.0,0.9939307435196395,28.46690099437128,67.5889673990188
1,2,0,34,5.0,1.0,5.049019607843137,2.176470588235294,0.874885216137301,1554.553423673182,3224.9987313897063
1,2,0,35,6.0,1.0,5.019607843137255,4.196078431372549,0.8301426303350065,1721.785144915385,4359.085038627684
1,2,0,36,3.0,0.0,3.607843137254902,2.588235294117647,0.8753637134481136,1170.255667199649,2938.0580667720587
1,2,0,37,0.0,0.0,0.3333333333333333,0.7450980392156863,0.9675613472732326,154.09623752794786,640.5800660619284
1,2,0,38,2.0,0.0,4.107843137254902,1.5098039215686274,0.8860230113250024,1322.9523914521667,2815.71436595872
1,2,0,39,0.0,0.0,3.264705882352941,0.8823529411764706,0.9240176885978569,1005.7295089671978,1972.8074951349763
1,2,0,40,0.0,0.0,0.4215686274509804,0.9411764705882353,0.9673771863734081,170.09461648612594,662.5175360238363
1,2,0,41,0.0,0.0,0.38235294117647056,0.0,0.988214901944272,58.345423393947776,166.8243046827271
1,2,0,42,2.0,0.0,2.0098039215686274,3.7450980392156863,0.8627097250280545,1069.458805462655,3284.646930159567
1,2,0,43,9.0,1.0,6.490196078431373,4.235294117647059,0.7943743483927923,2317.4865538404724,5215.483750642588
1,2,0,44,4.0,1.0,5.03921568627451,2.235294117647059,0.8703438452771813,1594.4364059082873,3327.2525595264774
1,2,0,45,0.0,0.0,1.7352941176470589,0.7058823529411765,0.9592935232068504,288.533394241745,777.4474987510954
1,2,0,46,0.0,0.0,1.3333333333333333,0.8235294117647058,0.9557837276793993,337.43398112769967,845.5789614219982
1,2,0,47,0.0,0.0,0.7647058823529411,1.2352941176470589,0.9396050753872264,324.3238883784748,1142.0194826420934
1,2,0,48,0.0,0.0,1.5980392156862746,1.8431372549019607,0.9202940712914409,587.5355271669208,1845.178834226122
1,2,0,49,0.0,0.0,1.7843137254901962,3.235294117647059,0.8775716552481776,920.0917698074402,2888.2545987613894
1,2,0,50,1.0,0.0,3.107843137254902,1.8627450980392157,0.900705528057376,979.8069307463595,2236.562303724741
1,2,0,51,0.0,0.0,0.5294117647058824,0.9607843137254902,0.9446291585843404,276.47659955340674,1034.5158930513808
1,2,0,52,0.0,0.0,2.0784313725490198,2.6666666666666665,0.8865573553984345,959.7929548242126,2530.231448545943
1,2,0,53,0.0,0.0,0.2647058823529412,0.0,0.9861030300699828,77.62072590777221,181.34771229831847
1,2,0,54,10.0,1.0,6.392156862745098,5.313725490196078,0.7590022551345545,2693.550003605689,6385.99332114211
1,2,0,55,0.0,0.0,0.24509803921568626,0.11764705882352941,0.9865273874297783,64.79412149543013,184.84647838389668
1,2,0,56,0.0,0.0,0.23529411764705882,0.17647058823529413,0.9844342097052984,85.48994019694405,209.90357069047184
1,2,0,57,0.0,0.0,0.0,0.0,0.9964649022803581,18.02499328245409,38.52007447621448
1,2,0,58,0.0,0.0,3.4019607843137254,1.2352941176470589,0.9137218799893579,1085.6726796316213,2175.6806192452686
1,2,0,59,0.0,0.0,0.27450980392156865,0.0392156862745098,0.9854403981318055,75.21378146965552,193.19538702298794
1,2,1,0,0.0,0.0,0.029411764705882353,0.0,0.9953178678155035,18.69319274588603,54.74233911158318
1,2,1,1,0.0,0.0,1.5784313725490196,0.2549019607843137,0.9658389928583734,383.4972672266939,723.9375710956984
1,2,1,2,2.0,0.0,5.137254901960785,1.3725490196078431,0.8861258154034356,1794.4055343563807,3660.8184621073106
1,2,1,3,0.0,0.0,0.058823529411764705,0.0,0.9955672654516223,22.353406582299847,55.70056944384121
1,2,1,4,0.0,0.0,0.029411764705882353,0.0,0.9979952909762861,9.471293703669623,24.67781419994807
1,2,1,5,0.0,0.0,0.029411764705882353,0.0,0.995049720783475,21.899082926657282,58.57015056818869
1,2,1,6,0.0,0.0,1.8137254901960784,0.37254901960784315,0.9529514667270873,462.43950857665766,923.427081710262
1,2,1,7,0.0,0.0,0.37254901960784315,0.0,0.9919126966077162,38.90116522192587,118.70125121271438
1,2,1,8,0.0,0.0,0.029411764705882353,0.0,0.9967801183105011,13.856100109703572,38.89125303608491
1,2,1,9,0.0,0.0,1.0686274509803921,0.23529411764705882,0.9735232801637275,194.24478574686282,456.4408884067637
1,2,1,10,0.0,0.0,1.0,0.23529411764705882,0.976554326214616,176.71879549388217,415.518936032409
1,2,1,11,0.0,0.0,1.0588235294117647,0.23529411764705882,0.9773450399699669,178.18259023289554,411.4011547152856
1,2,1,12,0.0,0.0,0.029411764705882353,0.0,0.9968225913310058,14.029508452124645,38.512493929941506
1,2,1,13,0.0,0.0,0.20588235294117646,0.0,0.9935927760987489,31.51910494492655,91.37459040442891
1,2,1,14,0.0,0.0,1.7745098039215685,0.35294117647058826,0.9575208042672713,428.704088541318,850.4392477607669
1,2,1,15,0.0,0.0,0.029411764705882353,0.0,0.9951329438230746,20.97429531710577,56.948433844542585
1,2,1,16,0.0,0.0,0.029411764705882353,0.0,0.9956053393646046,17.07819662423503,51.51755013123671
1,2,1,17,0.0,0.0,0.20588235294117646,0.0,0.9899681503274422,41.68921980126864,131.0790509879874
1,2,1,18,0.0,0.0,1.588235294117647,0.17647058823529413,0.9671553307952921,372.05459227727476,688.0976089264475
1,2,1,19,0.0,0.0,1.0,0.23529411764705882,0.9783026142346226,170.54802391332467,395.15763818373915
1,2,1,20,0.0,0.0,1.2058823529411764,0.23529411764705882,0.9726439631701501,199.3697774352579,477.3400814886379
1,2,1,21,0.0,0.0,1.3823529411764706,0.2549019607843137,0.9697978984645488,346.33811130988715,630.8409157757903
1,2,1,22,0.0,0.0,0.0,0.0,0.9970107329578921,11.131904572150743,32.72668192837188
1,2,1,23,1.0,0.0,4.411764705882353,1.1176470588235294,0.9020337203763731,1584.3022103538578,3194.662448650305
1,2,1,24,0.0,0.0,1.0098039215686274,0.23529411764705882,0.978442853761536,173.33274591778886,393.9916448392096
1,2,1,25,0.0,0.0,0.20588235294117646,0.0,0.9925094486511757,36.57360549902102,103.31990939025262
1,2,1,26,0.0,0.0,0.9803921568627451,0.23529411764705882,0.9766059311312268,175.5844192056396,411.4177532777474
1,2,1,27,0.0,0.0,0.058823529411764705,0.0,0.9969737204314582,17.002422391642483,39.39224715258669
1,2,1,28,0.0,0.0,1.6862745098039216,0.29411764705882354,0.9568486807899332,409.99692128926546,822.8489500133355
1,2,1,29,0.0,0.0,0.0,0.0,0.998750738372795,4.736052384668238,13.774564043211388
1,2,1,30,0.0,0.0,1.6274509803921569,0.2549019607843137,0.9617034668073857,399.25152445785267,782.6407376164168
1,2,1,31,0.0,0.0,1.0,0.23529411764705882,0.9789388386059609,168.25952085690363,386.8372149196735
1,2,1,32,0.0,0.0,1.0294117647058822,0.23529411764705882,0.9778706970711905,173.5050429347594,401.5263704880026
1,2,1,33,0.0,0.0,0.0,0.0,0.9988364611202338,5.237601203318172,12.254030561655249
1,2,1,34,0.0,0.0,2.107843137254902,0.2549019607843137,0.956603174621968,458.8323114936335,903.8253161025924
1,2,1,35,0.0,0.0,1.0098039215686274,0.23529411764705882,0.9754061013961217,180.47622032435564,432.4261447467502
1,2,1,36,0.0,0.0,0.5490196078431373,0.0,0.9874993386102537,57.476383934553866,181.24514116794188
1,2,1,37,0.0,0.0,0.0,0.0,0.9973452288891594,9.19770952917416,29.65600128824139
1,2,1,38,0.0,0.0,1.4705882352941178,0.29411764705882354,0.9654823336731054,365.8083980814371,690.0932547716243
1,2,1,39,0.0,0.0,1.392156862745098,0.2549019607843137,0.9690205014628347,348.36837666855513,639.4319370504649
1,2,1,40,0.0,0.0,0.029411764705882353,0.0,0.9982144043596229,8.304121385708696,22.030692812143073
1,2,1,41,0.0,0.0,0.058823529411764705,0.0,0.9954722342497909,20.49651108119733,56.61161031629327
1,2,1,42,0.0,0.0,0.0,0.0,0.9977141107855573,8.830715814672997,24.175734918622755
1,2,1,43,0.0,0.0,1.7156862745098038,0.2549019607843137,0.9592770902982872,412.7729543733277,792.8733593017184
1,2,1,44,0.0,0.0,1.8725490196078431,0.29411764705882354,0.9585426715903868,432.6132348986031,840.1285676725942
1,2,1,45,0.0,0.0,0.4019607843137255,0.0,0.9901248642972237,45.873559750658316,141.12712485166176
1,2,1,46,0.0,0.0,0.20588235294117646,0.0,0.993250785705207,33.3320315156871,95.10774329666157
1,2,1,47,0.0,0.0,0.058823529411764705,0.0,0.9949930081093931,22.79189216216032,62.6168665233821
1,2,1,48,0.0,0.0,0.029411764705882353,0.0,0.9957089032480543,13.670753307585024,49.94025990596054
1,2,1,49,0.0,0.0,0.0,0.0,0.9979095167532424,8.350957717500666,22.29465341842104
1,2,1,50,0.0,0.0,1.0294117647058822,0.23529411764705882,0.9776725014415946,174.16132533493501,403.4141801657348
1,2,1,51,0.0,0.0,0.029411764705882353,0.0,0.996790976330677,14.253971615878703,39.65505278778495
1,2,1,52,0.0,0.0,0.0,0.0,0.9955148724312219,16.13260015677849,49.141210997963476
1,2,1,53,0.0,0.0,0.029411764705882353,0.0,0.9972531922789258,12.497240548060827,33.03135569322397
1,2,1,54,0.0,0.0,1.8529411764705883,0.37254901960784315,0.9521067185449409,480.579115438037,956.5790272608663
1,2,1,55,0.0,0.0,0.029411764705882353,0.0,0.9974926030273191,10.914284479958235,31.447184044014815
1,2,1,56,0.0,0.0,0.029411764705882353,0.0,0.9971325155607419,9.98950183678105,34.04969826993352
1,2,1,57,0.0,0.0,0.0,0.0,0.9992413690378501,3.4447696517894406,7.559252888676757
1,2,1,58,0.0,0.0,1.6274509803921569,0.27450980392156865,0.96387949814264,412.665299535621,759.7580459460901
1,2,1,59,0.0,0.0,0.029411764705882353,0.0,0.9974920090816718,9.274603981601748,30.01383151241438
1,2,2,0,0.0,0.0,0.0,0.0,0.9987122569554309,5.127663233531572,13.689540899534634
1,2,2,1,0.0,0.0,0.029411764705882353,0.0,0.9961089041985437,19.130317592757308,47.477446918962734
1,2,2,2,0.0,0.0,0.3235294117647059,0.0,0.9904642370688488,62.09086909660086,133.07423517636568
1,2,2,3,0.0,0.0,0.0,0.0,0.9977586145410974,10.283375092590274,25.383723374114496
1,2,2,4,0.0,0.0,0.0,0.0,0.9990257280655208,4.068188105833525,10.493942524492978
1,2,2,5,0.0,0.0,0.0,0.0,0.9974658107960491,10.478074357997556,27.446966915904287
1,2,2,6,0.0,0.0,0.029411764705882353,0.0,0.9951521757403139,24.363615137587942,58.21093202684534
1,2,2,7,0.0,0.0,0.029411764705882353,0.0,0.9976838804204508,9.768001455317965,29.09134571467009
1,2,2,8,0.0,0.0,0.0,0.0,0.9983927291088985,6.496663653251484,17.730218415191548
1,2,2,9,0.0,0.0,0.20588235294117646,0.0,0.9934953372922389,36.03058419038986,89.82199473235542
1,2,2,10,0.0,0.0,0.20588235294117646,0.0,0.9931661353209454,36.92205294301933,94.4801448306345
1,2,2,11,0.0,0.0,0.20588235294117646,0.0,0.9947384395604749,31.18142901035226,76.88271928658791
1,2,2,12,0.0,0.0,0.0,0.0,0.9983927291088985,6.496663653251482,17.730218415191544
1,2,2,13,0.0,0.0,0.029411764705882353,0.0,0.9977266945858562,9.649791281843537,28.6565555522548
1,2,2,14,0.0,0.0,0.029411764705882353,0.0,0.9968927014652813,16.40177587447726,38.487846412616804
1,2,2,15,0.0,0.0,0.0,0.0,0.9987440136186027,5.5403617218359225,13.52159136037273
1,2,2,16,0.0,0.0,0.0,0.0,0.9988493064004773,4.1947256995651765,12.201776850331852
1,2,2,17,0.0,0.0,0.029411764705882353,0.0,0.9961468850802245,13.109138889858784,44.590868693676036
1,2,2,18,0.0,0.0,0.029411764705882353,0.0,0.9970452921284666,15.639965298972452,37.03296182893284
1,2,2,19,0.0,0.0,0.20588235294117646,0.0,0.9942466501256272,33.143594343035474,82.58989977819826
1,2,2,20,0.0,0.0,0.23529411764705882,0.0,0.9926331628297357,40.15993044060872,103.9341118643343
1,2,2,21,0.0,0.0,0.029411764705882353,0.0,0.9972336925900137,14.739676712656143,34.533990536653796
1,2,2,22,0.0,0.0,0.0,0.0,0.9998474093368147,0.761810575504801,1.454884583683963
1,2,2,23,0.0,0.0,0.3235294117647059,0.0,0.9910700387229913,59.5664275018343,126.60082919867708
1,2,2,24,0.0,0.0,0.20588235294117646,0.0,0.9945853515851727,31.9671082687447,78.52089883510367
1,2,2,25,0.0,0.0,0.029411764705882353,0.0,0.9972442120862247,11.75581405499386,33.443317585137386
1,2,2,26,0.0,0.0,0.20588235294117646,0.0,0.9947538775806941,31.271949734269974,76.73244089576346
1,2,2,27,0.0,0.0,0.0,0.0,0.9982196682078878,8.525420272561906,19.86155113381653
1,2,2,28,0.0,0.0,0.058823529411764705,0.0,0.994615022873845,25.58819025720673,67.3212904966532
1,2,2,29,0.0,0.0,0.0,0.0,0.9993844554685366,2.021272904152975,6.259132136246031
1,2,2,30,0.0,0.0,0.029411764705882353,0.0,0.997395555743055,14.066754366597703,32.80727606196355
1,2,2,31,0.0,0.0,0.20588235294117646,0.0,0.9949064682438796,30.510139158765192,75.2775563120795
1,2,2,32,0.0,0.0,0.20588235294117646,0.0,0.9947384395604749,31.18142901035226,76.88271928658791
1,2,2,33,0.0,0.0,0.0,0.0,0.9996855461837734,1.4347329215632363,3.181599058374211
1,2,2,34,0.0,0.0,0.058823529411764705,0.0,0.9952320268266911,23.07294524641088,60.443737192949726
1,2,2,35,0.0,0.0,0.20588235294117646,0.0,0.993351965623368,33.97348709961173,90.96665903929471
1,2,2,36,0.0,0.0,0.029411764705882353,0.0,0.9967407751152725,13.874860829641491,39.44603770297032
1,2,2,37,0.0,0.0,0.0,0.0,0.9985708363873194,4.5531303176995435,14.61599378650708
1,2,2,38,0.0,0.0,0.029411764705882353,0.0,0.9968883282879887,15.938398975363201,38.66473494439835
1,2,2,39,0.0,0.0,0.029411764705882353,0.0,0.9968954077719289,15.539136652446224,37.96853933718293
1,2,2,40,0.0,0.0,0.0,0.0,0.999021811459094,4.067418981636035,10.602883200385177
1,2,2,41,0.0,0.0,0.0,0.0,0.9977718158903182,9.169192026432285,25.010163158997692
1,2,2,42,0.0,0.0,0.0,0.0,0.9993566370534638,2.4036873253435633,6.527475824240309
1,2,2,43,0.0,0.0,0.029411764705882353,0.0,0.997395555743055,14.066754366597703,32.80727606196355
1,2,2,44,0.0,0.0,0.058823529411764705,0.0,0.9947719867143227,25.289756580816004,65.68951738118768
1,2,2,45,0.0,0.0,0.029411764705882353,0.0,0.9965386947092418,13.872464429743445,41.18567252489746
1,2,2,46,0.0,0.0,0.029411764705882353,0.0,0.997647601953449,10.0190850470682,29.40026842282395
1,2,2,47,0.0,0.0,0.0,0.0,0.9972964816271869,10.901589500188763,29.93247600872963
1,2,2,48,0.0,0.0,0.0,0.0,0.9979284010595215,5.421512940698444,21.6414936330316
1,2,2,49,0.0,0.0,0.0,0.0,0.9993566370534638,2.4036873253435633,6.527475824240309
1,2,2,50,0.0,0.0,0.20588235294117646,0.0,0.9947384395604749,31.18142901035226,76.88271928658791
1,2,2,51,0.0,0.0,0.0,0.0,0.9980854235291711,7.5577712754208815,21.047368290415076
1,2,2,52,0.0,0.0,0.0,0.0,0.9991070736347192,3.1274320010634193,8.748495390822985
1,2,2,53,0.0,0.0,0.0,0.0,0.9987343802276056,5.157896779036842,13.785749443807354
1,2,2,54,0.0,0.0,0.029411764705882353,0.0,0.9972275270596501,14.738044218184797,34.41243903647194
1,2,2,55,0.0,0.0,0.0,0.0,0.9985607577923035,5.825373801664399,16.125055440683152
1,2,2,56,0.0,0.0,0.0,0.0,0.9987678336629434,3.543702561167877,13.021091164757877
1,2,2,57,0.0,0.0,0.0,0.0,0.9999933371575197,0.022236188416284716,0.06174346464994426
1,2,2,58,0.0,0.0,0.029411764705882353,0.0,0.9953047664034992,23.60180456208315,56.75604744316138
1,2,2,59,0.0,0.0,0.0,0.0,0.9989142999958801,3.5643436882656725,11.424355214883574
1,2,3,0,0.0,0.0,0.0,0.0,1.0,0.0,0.0
1,2,3,1,0.0,0.0,0.0,0.0,0.999197246254833,2.9892339483377373,8.51676597555254
1,2,3,2,0.0,0.0,0.0,0.0,0.9981372726929316,8.346241406329687,20.302602869816695
1,2,3,3,0.0,0.0,0.0,0.0,0.9996848880426062,1.0885706849773382,3.0378551439338435
1,2,3,4,0.0,0.0,0.0,0.0,1.0,0.0,0.0
1,2,3,5,0.0,0.0,0.0,0.0,0.9998440729883193,0.350141128446175,1.5042364637263577
1,2,3,6,0.0,0.0,0.0,0.0,0.9990380613091202,3.727663504868899,10.050384655760027
1,2,3,7,0.0,0.0,0.0,0.0,0.999421822439697,1.9420510034118572,5.816745647225233
1,2,3,8,0.0,0.0,0.0,0.0,0.9998440729883193,0.350141128446175,1.5042364637263577
1,2,3,9,0.0,0.0,0.0,0.0,0.9987840994264178,5.707148586438123,13.290073357990508
1,2,3,10,0.0,0.0,0.0,0.0,0.9986281724147382,6.0572897148842975,14.79430982171686
1,2,3,11,0.0,0.0,0.0,0.0,0.9987840994264178,5.707148586438123,13.290073357990508
1,2,3,12,0.0,0.0,0.0,0.0,0.9998440729883193,0.350141128446175,1.5042364637263577
1,2,3,13,0.0,0.0,0.0,0.0,0.999421822439697,1.9420510034118572,5.816745647225233
1,2,3,14,0.0,0.0,0.0,0.0,0.9993293801258184,2.730361637771374,7.234565556906579
1,2,3,15,0.0,0.0,0.0,0.0,0.999999914014102,0.00029937512547655016,0.0007954918776218733
1,2,3,16,0.0,0.0,0.0,0.0,1.0,0.0,0.0
1,2,3,17,0.0,0.0,0.0,0.0,0.999421822439697,1.9420510034118572,5.816745647225233
1,2,3,18,0.0,0.0,0.0,0.0,0.9993293801258184,2.730361637771374,7.234565556906579
1,2,3,19,0.0,0.0,0.0,0.0,0.9987840994264178,5.707148586438123,13.290073357990508
1,2,3,20,0.0,0.0,0.0,0.0,0.9982059218661147,7.6491995898499825,19.10681900521574
1,2,3,21,0.0,0.0,0.0,0.0,0.9993531732665137,2.639092819891563,7.01252951182618
1,2,3,22,0.0,0.0,0.0,0.0,1.0,0.0,0.0
1,2,3,23,0.0,0.0,0.0,0.0,0.9981372726929316,8.346241406329687,20.302602869816695
1,2,3,24,0.0,0.0,0.0,0.0,0.9987840994264178,5.707148586438123,13.290073357990508
1,2,3,25,0.0,0.0,0.0,0.0,0.999421822439697,1.9420510034118572,5.816745647225233
1,2,3,26,0.0,0.0,0.0,0.0,0.9987840994264178,5.707148586438123,13.290073357990508
1,2,3,27,0.0,0.0,0.0,0.0,0.9998170219135916,0.8296983744109742,1.7556547252878802
1,2,3,28,0.0,0.0,0.0,0.0,0.9987749957062108,4.581143823303421,12.829275159051427
1,2,3,29,0.0,0.0,0.0,0.0,1.0,0.0,0.0
1,2,3,30,0.0,0.0,0.0,0.0,0.9993531732665137,2.639092819891563,7.01252951182618
1,2,3,31,0.0,0.0,0.0,0.0,0.9987840994264178,5.707148586438123,13.290073357990508
1,2,3,32,0.0,0.0,0.0,0.0,0.9987840994264178,5.707148586438123,13.290073357990508
1,2,3,33,0.0,0.0,0.0,0.0,1.0,0.0,0.0
1,2,3,34,0.0,0.0,0.0,0.0,0.9987749957062108,4.581143823303421,12.829275159051427
1,2,3,35,0.0,0.0,0.0,0.0,0.9987840994264178,5.707148586438123,13.290073357990508
1,2,3,36,0.0,0.0,0.0,0.0,0.9994217364537988,1.9423503785373348,5.817541139102858
1,2,3,37,0.0,0.0,0.0,0.0,1.0,0.0,0.0
1,2,3,38,0.0,0.0,0.0,0.0,0.9993531732665137,2.639092819891563,7.01252951182618
1,2,3,39,0.0,0.0,0.0,0.0,0.9993531732665137,2.639092819891563,7.01252951182618
1,2,3,40,0.0,0.0,0.0,0.0,0.9999762068593047,0.09126881787981131,0.22203604508039193
1,2,3,41,0.0,0.0,0.0,0.0,0.9998439870024224,0.3504405035716516,1.5050319556039786
1,2,3,42,0.0,0.0,0.0,0.0,1.0,0.0,0.0
1,2,3,43,0.0,0.0,0.0,0.0,0.9993531732665137,2.639092819891563,7.01252951182618
1,2,3,44,0.0,0.0,0.0,0.0,0.9987512025655154,4.6724126411832305,13.051311204131819
1,2,3,45,0.0,0.0,0.0,0.0,0.9993980292990017,2.0333198212916685,6.038781692305629
1,2,3,46,0.0,0.0,0.0,0.0,0.999421822439697,1.9420510034118572,5.816745647225233
1,2,3,47,0.0,0.0,0.0,0.0,0.9998439870024224,0.3504405035716516,1.5050319556039786
1,2,3,48,0.0,0.0,0.0,0.0,1.0,0.0,0.0
1,2,3,49,0.0,0.0,0.0,0.0,1.0,0.0,0.0
1,2,3,50,0.0,0.0,0.0,0.0,0.9987840994264178,5.707148586438123,13.290073357990508
1,2,3,51,0.0,0.0,0.0,0.0,0.9998440729883193,0.350141128446175,1.5042364637263577
1,2,3,52,0.0,0.0,0.0,0.0,1.0,0.0,0.0
1,2,3,53,0.0,0.0,0.0,0.0,1.0,0.0,0.0
1,2,3,54,0.0,0.0,0.0,0.0,0.9993531732665137,2.639092819891563,7.01252951182618
1,2,3,55,0.0,0.0,0.0,0.0,0.9998440729883193,0.350141128446175,1.5042364637263577
1,2,3,56,0.0,0.0,0.0,0.0,1.0,0.0,0.0
1,2,3,57,0.0,0.0,0.0,0.0,1.0,0.0,0.0
1,2,3,58,0.0,0.0,0.0,0.0,0.9990380613091202,3.727663504868899,10.050384655760027
1,2,3,59,0.0,0.0,0.0,0.0,1.0,0.0,0.0
1,2,4,0,0.0,0.0,0.0,0.0,1.0,0.0,0.0
1,2,4,1,0.0,0.0,0.0,0.0,1.0,0.0,0.0
1,2,4,2,0.0,0.0,0.0,0.0,1.0,0.0,0.0
1,2,4,3,0.0,0.0,0.0,0.0,1.0,0.0,0.0
1,2,4,4,0.0,0.0,0.0,0.0,1.0,0.0,0.0
1,2,4,5,0.0,0.0,0.0,0.0,1.0,0.0,0.0
1,2,4,6,0.0,0.0,0.0,0.0,1.0,0.0,0.0
1,2,4,7,0.0,0.0,0.0,0.0,1.0,0.0,0.0
1,2,4,8,0.0,0.0,0.0,0.0,1.0,0.0,0.0
1,2,4,9,0.0,0.0,0.0,0.0,1.0,0.0,0.0
1,2,4,10,0.0,0.0,0.0,0.0,1.0,0.0,0.0
1,2,4,11,0.0,0.0,0.0,0.0,1.0,0.0,0.0
1,2,4,12,0.0,0.0,0.0,0.0,1.0,0.0,0.0
1,2,4,13,0.0,0.0,0.0,0.0,1.0,0.0,0.0
1,2,4,14,0.0,0.0,0.0,0.0,1.0,0.0,0.0
1,2,4,15,0.0,0.0,0.0,0.0,1.0,0.0,0.0
1,2,4,16,0.0,0.0,0.0,0.0,1.0,0.0,0.0
1,2,4,17,0.0,0.0,0.0,0.0,1.0,0.0,0.0
1,2,4,18,0.0,0.0,0.0,0.0,1.0,0.0,0.0
1,2,4,19,0.0,0.0,0.0,0.0,1.0,0.0,0.0
1,2,4,20,0.0,0.0,0.0,0.0,1.0,0.0,0.0
1,2,4,21,0.0,0.0,0.0,0.0,1.0,0.0,0.0
1,2,4,22,0.0,0.0,0.0,0.0,1.0,0.0,0.0
1,2,4,23,0.0,0.0,0.0,0.0,1.0,0.0,0.0
1,2,4,24,0.0,0.0,0.0,0.0,1.0,0.0,0.0
1,2,4,25,0.0,0.0,0.0,0.0,1.0,0.0,0.0
1,2,4,26,0.0,0.0,0.0,0.0,1.0,0.0,0.0
1,2,4,27,0.0,0.0,0.0,0.0,1.0,0.0,0.0
1,2,4,28,0.0,0.0,0.0,0.0,1.0,0.0,0.0
1,2,4,29,0.0,0.0,0.0,0.0,1.0,0.0,0.0
1,2,4,30,0.0,0.0,0.0,0.0,1.0,0.0,0.0
1,2,4,31,0.0,0.0,0.0,0.0,1.0,0.0,0.0
1,2,4,32,0.0,0.0,0.0,0.0,1.0,0.0,0.0
1,2,4,33,0.0,0.0,0.0,0.0,1.0,0.0,0.0
1,2,4,34,0.0,0.0,0.0,0.0,1.0,0.0,0.0
1,2,4,35,0.0,0.0,0.0,0.0,1.0,0.0,0.0
1,2,4,36,0.0,0.0,0.0,0.0,1.0,0.0,0.0
1,2,4,37,0.0,0.0,0.0,0.0,1.0,0.0,0.0
1,2,4,38,0.0,0.0,0.0,0.0,1.0,0.0,0.0
1,2,4,39,0.0,0.0,0.0,0.0,1.0,0.0,0.0
1,2,4,40,0.0,0.0,0.0,0.0,1.0,0.0,0.0
1,2,4,41,0.0,0.0,0.0,0.0,1.0,0.0,0.0
1,2,4,42,0.0,0.0,0.0,0.0,1.0,0.0,0.0
1,2,4,43,0.0,0.0,0.0,0.0,1.0,0.0,0.0
1,2,4,44,0.0,0.0,0.0,0.0,1.0,0.0,0.0
1,2,4,45,0.0,0.0,0.0,0.0,1.0,0.0,0.0
1,2,4,46,0.0,0.0,0.0,0.0,1.0,0.0,0.0
1,2,4,47,0.0,0.0,0.0,0.0,1.0,0.0,0.0
1,2,4,48,0.0,0.0,0.0,0.0,1.0,0.0,0.0
1,2,4,49,0.0,0.0,0.0,0.0,1.0,0.0,0.0
1,2,4,50,0.0,0.0,0.0,0.0,1.0,0.0,0.0
1,2,4,51,0.0,0.0,0.0,0.0,1.0,0.0,0.0
1,2,4,52,0.0,0.0,0.0,0.0,1.0,0.0,0.0
1,2,4,53,0.0,0.0,0.0,0.0,1.0,0.0,0.0
1,2,4,54,0.0,0.0,0.0,0.0,1.0,0.0,0.0
1,2,4,55,0.0,0.0,0.0,0.0,1.0,0.0,0.0
1,2,4,56,0.0,0.0,0.0,0.0,1.0,0.0,0.0
1,2,4,57,0.0,0.0,0.0,0.0,1.0,0.0,0.0
1,2,4,58,0.0,0.0,0.0,0.0,1.0,0.0,0.0
1,2,4,59,0.0,0.0,0.0,0.0,1.0,0.0,0.0
1,3,0,0,14.0,1.0,8.382352941176471,10.666666666666666,0.6045426624867171,6238.972877735426,16925.376471023035
1,3,0,1,11.0,1.0,7.696078431372549,7.0,0.722023598661876,4460.82087233128,10347.135471277908
1,3,0,2,14.0,1.0,11.872549019607844,10.764705882352942,0.5723861953524477,8612.793746838155,20290.704107700025
1,3,0,3,0.0,0.0,0.8235294117647058,0.8235294117647058,0.9626223952482128,253.39892710534198,625.3520833467588
1,3,0,4,0.0,0.0,0.20588235294117646,0.0,0.9922125838956912,44.09738384799985,102.09103926030355
1,3,0,5,0.0,0.0,0.5392156862745098,0.21568627450980393,0.9651972029935597,207.1738596063181,567.5157148651238
1,3,0,6,14.0,1.0,12.352941176470589,11.705882352941176,0.528279279568439,8931.543539364491,21705.137745766035
1,3,0,7,0.0,0.0,1.7450980392156863,0.9215686274509803,0.9488044226496211,452.34398232432034,1092.6660607480912
1,3,0,8,0.0,0.0,0.47058823529411764,0.35294117647058826,0.9672139051551646,196.6875909578426,544.2588959139891
1,3,0,9,13.0,1.0,11.313725490196079,10.411764705882353,0.5824487558460777,7113.3050310070785,17421.726686425434
1,3,0,10,10.0,1.0,6.186274509803922,5.862745098039215,0.7805775519335825,3086.559221301975,7271.648502223672
1,3,0,11,10.0,1.0,6.509803921568627,6.176470588235294,0.7597279754968426,3408.5281676048353,8129.017450569097
1,3,0,12,0.0,0.0,0.5294117647058824,0.39215686274509803,0.9638883959406784,221.295762717393,606.8752932795762
1,3,0,13,0.0,0.0,1.9607843137254901,0.9215686274509803,0.9439503266900595,514.0042218397876,1224.0339126043643
1,3,0,14,14.0,1.0,11.931372549019608,11.019607843137255,0.5466331262364952,8616.090418622189,20832.00046115845
1,3,0,15,10.0,1.0,5.882352941176471,7.333333333333333,0.73833936687135,3157.7102977069953,8362.674068927592
1,3,0,16,10.0,1.0,6.490196078431373,7.607843137254902,0.7157150932951781,3522.5471885005427,9253.488730251654
1,3,0,17,15.0,1.0,10.696078431372548,12.176470588235293,0.5404202614392658,8876.78332472485,23209.54255256147
1,3,0,18,10.0,1.0,7.970588235294118,7.431372549019608,0.712077228845822,4623.184326502945,10643.66471300776
1,3,0,19,9.0,1.0,6.6568627450980395,6.117647058823529,0.761790194977876,3350.355537667311,8054.9428808053
1,3,0,20,12.0,1.0,10.088235294117647,8.72549019607843,0.6622408546858782,5340.648400866142,12482.409000897054
1,3,0,21,8.0,1.0,6.764705882352941,5.784313725490196,0.7663074668197586,3722.8600373679565,8354.861398494433
1,3,0,22,9.0,1.0,5.647058823529412,7.470588235294118,0.7429999855505801,3278.1269433389984,8567.35966892469
1,3,0,23,12.0,1.0,10.284313725490197,9.254901960784315,0.6302576180361131,7004.309878113383,16435.320684907827
1,3,0,24,7.0,1.0,5.313725490196078,4.470588235294118,0.8223841035854633,2444.8736183507663,5594.595899922128
1,3,0,25,6.0,1.0,3.3529411764705883,3.627450980392157,0.8479758766563462,1495.381087176364,3921.569538036383
1,3,0,26,13.0,1.0,11.0,10.607843137254902,0.5857613612397179,7202.068222717178,17697.190751813963
1,3,0,27,0.0,0.0,1.2941176470588236,1.6862745098039216,0.9319621945601143,498.9290014216751,1615.5550604117852
1,3,0,28,14.0,1.0,11.666666666666666,10.431372549019608,0.5675375231153249,7801.893523310076,18787.93422650436
1,3,0,29,0.0,0.0,0.28431372549019607,0.5490196078431373,0.9819375770856853,124.53024980252249,310.99641116128026
1,3,0,30,14.0,1.0,12.098039215686274,11.313725490196079,0.5405366850666303,8788.007051802957,21242.69110768224
1,3,0,31,7.0,1.0,5.921568627450981,4.8431372549019605,0.8126617646901876,2716.5738538298365,6159.338694554643
1,3,0,32,10.0,1.0,6.696078431372549,6.470588235294118,0.7465116587437298,3631.5894332184107,8753.721830565419
1,3,0,33,0.0,0.0,0.029411764705882353,0.0,0.9937439429313878,29.376965725594474,69.58241604273849
1,3,0,34,12.0,1.0,10.333333333333334,8.647058823529411,0.6435361912732982,6155.660750249923,14214.560791964777
1,3,0,35,14.0,1.0,11.205882352941176,10.803921568627452,0.5748976110927012,7464.468153533322,18623.431885747435
1,3,0,36,12.0,1.0,7.823529411764706,8.254901960784315,0.6821248102609933,4439.347348717403,11510.020101302487
1,3,0,37,0.0,0.0,0.5392156862745098,1.7450980392156863,0.9427092266785405,395.96184118287846,1432.3414667106981
1,3,0,38,12.0,1.0,8.833333333333334,7.784313725490196,0.6791685241034408,5335.121074751974,12594.045897484095
1,3,0,39,9.0,1.0,7.068627450980392,5.666666666666667,0.7629334134528483,3816.4333408113066,8574.72885379825
1,3,0,40,0.0,0.0,0.6568627450980392,1.7254901960784315,0.945231845453428,384.53279703466353,1379.3514751416592
1,3,0,41,0.0,0.0,0.38235294117647056,0.0,0.9871776442867405,63.91301188658641,177.54504509857432
1,3,0,42,11.0,1.0,4.313725490196078,7.0588235294117645,0.7566329158193884,3397.690910538837,9483.672589406891
1,3,0,43,15.0,1.0,12.666666666666666,11.666666666666666,0.5256280910531507,9306.98732666667,22466.367641106717
1,3,0,44,12.0,1.0,10.196078431372548,8.372549019607844,0.6481961812810207,5830.730130695542,13585.986911352142
1,3,0,45,0.0,0.0,2.049019607843137,1.2941176470588236,0.9401088026900429,520.5985237054394,1351.320928812042
1,3,0,46,0.0,0.0,1.8529411764705883,1.6470588235294117,0.9328992206575034,645.0669213773565,1576.634228245642
1,3,0,47,2.0,0.0,1.5,3.0784313725490198,0.8916875171891611,838.6729321719368,2568.5663529045883
1,3,0,48,8.0,1.0,5.235294117647059,6.2745098039215685,0.7604101840990333,2886.4927534083245,8049.180315926166
1,3,0,49,10.0,1.0,4.254901960784314,6.647058823529412,0.7648342953764815,3186.530727819778,8934.765035974566
1,3,0,50,10.0,1.0,7.098039215686274,7.03921568627451,0.7300089818854784,3960.3994830643906,9427.59619264194
1,3,0,51,1.0,0.0,1.2941176470588236,2.803921568627451,0.8981296935477263,743.7880763544429,2381.6891892002845
1,3,0,52,10.0,1.0,6.705882352941177,8.03921568627451,0.6963840988847197,4040.439751646313,10787.710076546191
1,3,0,53,0.0,0.0,0.27450980392156865,0.0,0.983557231042418,89.99542668580686,212.9558047590921
1,3,0,54,15.0,1.0,12.823529411764707,12.431372549019608,0.49596147792606754,10152.420011453318,25007.90679782317
1,3,0,55,0.0,0.0,0.4019607843137255,0.49019607843137253,0.9784694951543709,133.5623001944,358.1659461402943
1,3,0,56,0.0,0.0,0.37254901960784315,0.17647058823529413,0.9822876587895898,106.25347949085673,252.4542979308145
1,3,0,57,0.0,0.0,0.0,0.0,0.9962449572376185,19.092927718308644,40.752379699343344
1,3,0,58,10.0,1.0,6.950980392156863,5.901960784313726,0.756873303442009,3750.402935258306,8643.221470159211
1,3,0,59,0.0,0.0,0.6176470588235294,0.29411764705882354,0.96878887219474,189.3609292243518,508.1236216646544
1,3,1,0,0.0,0.0,0.029411764705882353,0.0,0.9952617985068094,18.8345138222153,55.28916914235977
1,3,1,1,2.0,0.0,3.284313725490196,1.0392156862745099,0.9168677008240498,1188.1060929619844,2441.71273420356
1,3,1,2,10.0,1.0,7.980392156862745,5.9411764705882355,0.741837251650328,4567.80372131062,10374.643116906576
1,3,1,3,0.0,0.0,0.058823529411764705,0.0,0.9955672654516223,22.353406582299847,55.70056944384121
1,3,1,4,0.0,0.0,0.029411764705882353,0.0,0.9979952909762861,9.471293703669623,24.67781419994807
1,3,1,5,0.0,0.0,0.029411764705882353,0.0,0.995049720783475,21.899082926657286,58.57015056818869
1,3,1,6,4.0,1.0,3.7745098039215685,1.7450980392156863,0.8926954013211836,1371.7606077262071,2882.387559255767
1,3,1,7,0.0,0.0,0.37254901960784315,0.0,0.9918037528943203,39.588797935161196,120.66568108495933
1,3,1,8,0.0,0.0,0.029411764705882353,0.0,0.9967801183105011,13.856100109703572,38.89125303608491
1,3,1,9,0.0,0.0,1.7450980392156863,0.5686274509803921,0.9572883230486177,423.99641789804866,909.8395735816127
1,3,1,10,0.0,0.0,1.6470588235294117,0.5490196078431373,0.9624447780639568,372.55698863001396,811.9835619866543
1,3,1,11,0.0,0.0,1.7843137254901962,0.47058823529411764,0.9623958818976658,385.70426755889315,845.6186699603358
1,3,1,12,0.0,0.0,0.029411764705882353,0.0,0.9968225913310058,14.029508452124643,38.51249392994149
1,3,1,13,0.0,0.0,0.20588235294117646,0.0,0.9934311254190891,32.13227906390634,92.97670066104995
1,3,1,14,2.0,0.0,3.0980392156862746,0.9607843137254902,0.91769592029887,1070.7019495911006,2195.15117010231
1,3,1,15,0.0,0.0,0.029411764705882353,0.0,0.9950708627374336,21.148136728294396,57.55134834859669
1,3,1,16,0.0,0.0,0.029411764705882353,0.0,0.9955415993788175,17.247559269175092,52.13581152008438
1,3,1,17,0.0,0.0,0.20588235294117646,0.0,0.9894962531141581,43.14580190856478,135.92230084304833
1,3,1,18,0.0,0.0,2.8627450980392157,0.7450980392156863,0.9312910767873405,1017.366634617646,2003.1075187409713
1,3,1,19,0.0,0.0,1.6666666666666667,0.49019607843137253,0.964413780246285,364.51829119091224,786.9253194255191
1,3,1,20,0.0,0.0,2.049019607843137,0.47058823529411764,0.9554980861957065,427.6495591831329,938.8544990238958
1,3,1,21,1.0,0.0,3.0294117647058822,0.7647058823529411,0.927527223262067,1096.101658309949,2174.4967043312236
1,3,1,22,0.0,0.0,0.0,0.0,0.996954663649198,11.27322564848002,33.27351195914847
1,3,1,23,9.0,1.0,7.205882352941177,5.254901960784314,0.7692800353776081,4001.8127106217457,9003.466180309759
1,3,1,24,0.0,0.0,1.6372549019607843,0.47058823529411764,0.9651931616273343,363.89258485334267,779.246906382508
1,3,1,25,0.0,0.0,0.20588235294117646,0.0,0.9923565177615536,37.14287022846818,104.84372656988693
1,3,1,26,0.0,0.0,1.892156862745098,0.5686274509803921,0.9574089073894144,441.96597747445077,942.7373881151639
1,3,1,27,0.0,0.0,0.058823529411764705,0.0,0.9969737204314582,17.002422391642483,39.39224715258669
1,3,1,28,4.0,1.0,4.117647058823529,1.5490196078431373,0.8880148399958449,1428.8729979509496,3039.4975272937527
1,3,1,29,0.0,0.0,0.0,0.0,0.998750738372795,4.736052384668249,13.774564043211411
1,3,1,30,4.0,1.0,3.5294117647058822,1.3333333333333333,0.901949130867047,1318.0594943359627,2756.2224505029894
1,3,1,31,0.0,0.0,1.8137254901960784,0.47058823529411764,0.9630387181373462,389.12440037998596,827.6796438977801
1,3,1,32,0.0,0.0,1.7647058823529411,0.47058823529411764,0.9627728602985922,376.10163140056073,825.7613011005077
1,3,1,33,0.0,0.0,0.0,0.0,0.9988364611202338,5.2376012033181665,12.254030561655249
1,3,1,34,4.0,1.0,3.9313725490196076,1.3529411764705883,0.9023600938954108,1391.0135860697333,2848.5553533113384
1,3,1,35,0.0,0.0,1.6666666666666667,0.47058823529411764,0.9616074407621321,389.206086780309,834.6062816192191
1,3,1,36,0.0,0.0,0.5490196078431373,0.0,0.987195616322949,58.869188135605306,185.93033705324555
1,3,1,37,0.0,0.0,0.0,0.0,0.9973452288891594,9.19770952917416,29.65600128824139
1,3,1,38,4.0,1.0,3.549019607843137,1.1372549019607843,0.9097845290132492,1265.4496047216398,2596.0499116691917
1,3,1,39,2.0,0.0,3.1470588235294117,0.8235294117647058,0.9249313822490411,1127.0869122631336,2245.3177808194264
1,3,1,40,0.0,0.0,0.029411764705882353,0.0,0.9982144043596229,8.304121385708696,22.030692812143073
1,3,1,41,0.0,0.0,0.058823529411764705,0.0,0.9954722342497909,20.49651108119733,56.61161031629327
1,3,1,42,0.0,0.0,0.0,0.0,0.9977141107855573,8.830715814672999,24.17573491862276
1,3,1,43,5.0,1.0,3.9313725490196076,1.5294117647058822,0.8946154329503578,1420.003232898525,2956.7104609525513
1,3,1,44,2.0,0.0,3.2254901960784315,0.7647058823529411,0.9200597131391249,1069.4390621499722,2174.5410225635724
1,3,1,45,0.0,0.0,0.4019607843137255,0.0,0.9900159205838271,46.56119246389366,143.09155472390668
1,3,1,46,0.0,0.0,0.20588235294117646,0.0,0.9930984507176676,33.89750439140225,96.62285570294817
1,3,1,47,0.0,0.0,0.058823529411764705,0.0,0.9949930081093931,22.79189216216032,62.6168665233821
1,3,1,48,0.0,0.0,0.029411764705882353,0.0,0.9957088733864804,13.670932039975911,49.94055916831163
1,3,1,49,0.0,0.0,0.0,0.0,0.9979095167532424,8.350957717500668,22.29465341842104
1,3,1,50,0.0,0.0,1.7647058823529411,0.47058823529411764,0.962627603397046,377.5618907636581,827.5965693380653
1,3,1,51,0.0,0.0,0.029411764705882353,0.0,0.996790976330677,14.253971615878703,39.65505278778495
1,3,1,52,0.0,0.0,0.0,0.0,0.9954588031225279,16.27392123310777,49.68804102874006
1,3,1,53,0.0,0.0,0.029411764705882353,0.0,0.9972531922789258,12.497240548060809,33.03135569322395
1,3,1,54,5.0,1.0,4.029411764705882,1.803921568627451,0.8816683102011286,1576.0657583271939,3358.50172453716
1,3,1,55,0.0,0.0,0.029411764705882353,0.0,0.9974926030273191,10.914284479958235,31.447184044014815
1,3,1,56,0.0,0.0,0.029411764705882353,0.0,0.9971325155607419,9.98950183678105,34.04969826993352
1,3,1,57,0.0,0.0,0.0,0.0,0.9992413690378501,3.444769651789441,7.559252888676767
1,3,1,58,1.0,0.0,3.088235294117647,0.8823529411764706,0.9238710603153084,1129.9455333007702,2239.3966954850885
1,3,1,59,0.0,0.0,0.029411764705882353,0.0,0.9974920090816718,9.274603981601748,30.01383151241438
1,3,2,0,0.0,0.0,0.0,0.0,0.9987122569554309,5.127663233531572,13.689540899534634
1,3,2,1,0.0,0.0,0.029411764705882353,0.0,0.9961032022012691,19.164951212932667,47.53519111175894
1,3,2,2,0.0,0.0,1.0098039215686274,0.11764705882352941,0.9789069537043852,186.79807624811014,350.4267571095706
1,3,2,3,0.0,0.0,0.0,0.0,0.9977586145410974,10.283375092590274,25.383723374114503
1,3,2,4,0.0,0.0,0.0,0.0,0.9990257280655208,4.068188105833525,10.493942524492978
1,3,2,5,0.0,0.0,0.0,0.0,0.9974658107960491,10.478074357997556,27.446966915904284
1,3,2,6,0.0,0.0,0.029411764705882353,0.0,0.9950958627106229,24.81733564483728,58.772058525015915
1,3,2,7,0.0,0.0,0.029411764705882353,0.0,0.9976826383612685,9.771839563721215,29.105462704155563
1,3,2,8,0.0,0.0,0.0,0.0,0.9983927291088985,6.496663653251482,17.730218415191544
1,3,2,9,0.0,0.0,0.20588235294117646,0.0,0.9933935623611366,36.77107528573752,90.76548745973297
1,3,2,10,0.0,0.0,0.20588235294117646,0.0,0.9930644028004926,37.66226997902164,95.42324515414086
1,3,2,11,0.0,0.0,0.20588235294117646,0.0,0.9946367070400212,31.92164604635458,77.82581961009427
1,3,2,12,0.0,0.0,0.0,0.0,0.9983927291088985,6.496663653251483,17.730218415191548
1,3,2,13,0.0,0.0,0.029411764705882353,0.0,0.9977266945858562,9.649791281843541,28.6565555522548
1,3,2,14,0.0,0.0,0.029411764705882353,0.0,0.9968873882073312,16.43402727686427,38.541595555862415
1,3,2,15,0.0,0.0,0.0,0.0,0.9987440136186027,5.5403617218359225,13.52159136037273
1,3,2,16,0.0,0.0,0.0,0.0,0.9988493064004773,4.1947256995651765,12.201776850331852
1,3,2,17,0.0,0.0,0.029411764705882353,0.0,0.9961468850802245,13.10913888985878,44.59086869367603
1,3,2,18,0.0,0.0,0.029411764705882353,0.0,0.9970399788705165,15.672216701359465,37.08671097217845
1,3,2,19,0.0,0.0,0.20588235294117646,0.0,0.9941449176051744,33.88381137903779,83.53300010170462
1,3,2,20,0.0,0.0,0.23529411764705882,0.0,0.9925314303092824,40.90014747661104,104.87721218784066
1,3,2,21,0.0,0.0,0.029411764705882353,0.0,0.9972283793320638,14.771928115043158,34.587739679899386
1,3,2,22,0.0,0.0,0.0,0.0,0.9998474093368147,0.761810575504801,1.454884583683963
1,3,2,23,0.0,0.0,0.9607843137254902,0.11764705882352941,0.980344049910487,179.65702189662238,332.5153663074042
1,3,2,24,0.0,0.0,0.20588235294117646,0.0,0.9944835766540695,32.70759936409236,79.4643915624812
1,3,2,25,0.0,0.0,0.029411764705882353,0.0,0.9972442120862247,11.755814054993863,33.44331758513738
1,3,2,26,0.0,0.0,0.20588235294117646,0.0,0.9946521450602409,32.0121667702723,77.67554121926982
1,3,2,27,0.0,0.0,0.0,0.0,0.9982196682078878,8.525420272561906,19.86155113381653
1,3,2,28,0.0,0.0,0.058823529411764705,0.0,0.9946064729916485,25.634912243709827,67.40498243033005
1,3,2,29,0.0,0.0,0.0,0.0,0.9993844554685366,2.021272904152975,6.259132136246031
1,3,2,30,0.0,0.0,0.029411764705882353,0.0,0.9973898537457804,14.101387986773064,32.86502025475975
1,3,2,31,0.0,0.0,0.20588235294117646,0.0,0.9948047357234261,31.2503561947675,76.22065663558585
1,3,2,32,0.0,0.0,0.20588235294117646,0.0,0.9946367070400212,31.92164604635458,77.82581961009427
1,3,2,33,0.0,0.0,0.0,0.0,0.9996855461837734,1.4347329215632363,3.181599058374211
1,3,2,34,0.0,0.0,0.058823529411764705,0.0,0.995225471509559,23.109034757201133,60.51160332568077
1,3,2,35,0.0,0.0,0.20588235294117646,0.0,0.9932461076618275,34.74833064515395,91.95033690931271
1,3,2,36,0.0,0.0,0.029411764705882353,0.0,0.9967391020800328,13.879036434253228,39.46418621610895
1,3,2,37,0.0,0.0,0.0,0.0,0.9985708363873194,4.5531303176995435,14.61599378650708
1,3,2,38,0.0,0.0,0.029411764705882353,0.0,0.9968830150300388,15.970650377750212,38.71848408764394
1,3,2,39,0.0,0.0,0.029411764705882353,0.0,0.9968900945139788,15.571388054833248,38.022288480428536
1,3,2,40,0.0,0.0,0.0,0.0,0.999021811459094,4.067418981636035,10.602883200385177
1,3,2,41,0.0,0.0,0.0,0.0,0.9977718158903182,9.169192026432285,25.010163158997695
1,3,2,42,0.0,0.0,0.0,0.0,0.9993566370534638,2.4036873253435638,6.527475824240309
1,3,2,43,0.0,0.0,0.029411764705882353,0.0,0.9973902424851051,14.099005768984718,32.86102520520914
1,3,2,44,0.0,0.0,0.058823529411764705,0.0,0.9947666734563727,25.322007983203015,65.74326652443327
1,3,2,45,0.0,0.0,0.029411764705882353,0.0,0.9965374526500596,13.87630253814669,41.19978951438292
1,3,2,46,0.0,0.0,0.029411764705882353,0.0,0.997647601953449,10.019085047068199,29.40026842282395
1,3,2,47,0.0,0.0,0.0,0.0,0.9972964816271869,10.901589500188763,29.93247600872963
1,3,2,48,0.0,0.0,0.0,0.0,0.9979284010595214,5.421512940698448,21.641493633031608
1,3,2,49,0.0,0.0,0.0,0.0,0.9993566370534638,2.4036873253435638,6.527475824240309
1,3,2,50,0.0,0.0,0.20588235294117646,0.0,0.9946367070400212,31.92164604635458,77.82581961009427
1,3,2,51,0.0,0.0,0.0,0.0,0.9980854235291711,7.557771275420885,21.04736829041508
1,3,2,52,0.0,0.0,0.0,0.0,0.9991070736347192,3.1274320010634193,8.748495390822985
1,3,2,53,0.0,0.0,0.0,0.0,0.9987343802276056,5.157896779036842,13.785749443807354
1,3,2,54,0.0,0.0,0.029411764705882353,0.0,0.9972222138017003,14.77029562057181,34.46618817971752
1,3,2,55,0.0,0.0,0.0,0.0,0.9985607577923035,5.825373801664399,16.125055440683138
1,3,2,56,0.0,0.0,0.0,0.0,0.9987678336629434,3.543702561167877,13.021091164757877
1,3,2,57,0.0,0.0,0.0,0.0,0.9999933371575197,0.022236188416284716,0.06174346464994426
1,3,2,58,0.0,0.0,0.029411764705882353,0.0,0.9952484533738084,24.05552506933248,57.31717394133195
1,3,2,59,0.0,0.0,0.0,0.0,0.9989142999958801,3.5643436882656725,11.424355214883574
1,3,3,0,0.0,0.0,0.0,0.0,1.0,0.0,0.0
1,3,3,1,0.0,0.0,0.0,0.0,0.999197246254833,2.9892339483377373,8.51676597555254
1,3,3,2,0.0,0.0,0.0,0.0,0.9981372726929316,8.346241406329687,20.302602869816695
1,3,3,3,0.0,0.0,0.0,0.0,0.9996848880426062,1.0885706849773382,3.0378551439338435
1,3,3,4,0.0,0.0,0.0,0.0,1.0,0.0,0.0
1,3,3,5,0.0,0.0,0.0,0.0,0.9998440729883193,0.350141128446175,1.5042364637263577
1,3,3,6,0.0,0.0,0.0,0.0,0.9990380613091202,3.727663504868899,10.050384655760027
1,3,3,7,0.0,0.0,0.0,0.0,0.999421822439697,1.9420510034118572,5.816745647225233
1,3,3,8,0.0,0.0,0.0,0.0,0.9998440729883193,0.350141128446175,1.5042364637263577
1,3,3,9,0.0,0.0,0.0,0.0,0.9987840994264178,5.707148586438123,13.290073357990508
1,3,3,10,0.0,0.0,0.0,0.0,0.9986281724147382,6.0572897148842975,14.79430982171686
1,3,3,11,0.0,0.0,0.0,0.0,0.9987840994264178,5.707148586438123,13.290073357990508
1,3,3,12,0.0,0.0,0.0,0.0,0.9998440729883193,0.350141128446175,1.5042364637263577
1,3,3,13,0.0,0.0,0.0,0.0,0.999421822439697,1.9420510034118572,5.816745647225233
1,3,3,14,0.0,0.0,0.0,0.0,0.9993293801258184,2.730361637771374,7.234565556906579
1,3,3,15,0.0,0.0,0.0,0.0,0.999999914014102,0.00029937512547655016,0.0007954918776218733
1,3,3,16,0.0,0.0,0.0,0.0,1.0,0.0,0.0
1,3,3,17,0.0,0.0,0.0,0.0,0.999421822439697,1.9420510034118572,5.816745647225233
1,3,3,18,0.0,0.0,0.0,0.0,0.9993293801258184,2.730361637771374,7.234565556906579
1,3,3,19,0.0,0.0,0.0,0.0,0.9987840994264178,5.707148586438123,13.290073357990508
1,3,3,20,0.0,0.0,0.0,0.0,0.9982059218661147,7.6491995898499825,19.10681900521574
1,3,3,21,0.0,0.0,0.0,0.0,0.9993531732665137,2.639092819891563,7.01252951182618
1,3,3,22,0.0,0.0,0.0,0.0,1.0,0.0,0.0
1,3,3,23,0.0,0.0,0.0,0.0,0.9981372726929316,8.346241406329687,20.302602869816695
1,3,3,24,0.0,0.0,0.0,0.0,0.9987840994264178,5.707148586438123,13.290073357990508
1,3,3,25,0.0,0.0,0.0,0.0,0.999421822439697,1.9420510034118572,5.816745647225233
1,3,3,26,0.0,0.0,0.0,0.0,0.9987840994264178,5.707148586438123,13.290073357990508
1,3,3,27,0.0,0.0,0.0,0.0,0.9998170219135916,0.8296983744109742,1.7556547252878802
1,3,3,28,0.0,0.0,0.0,0.0,0.9987749957062108,4.581143823303421,12.829275159051427
1,3,3,29,0.0,0.0,0.0,0.0,1.0,0.0,0.0
1,3,3,30,0.0,0.0,0.0,0.0,0.9993531732665137,2.639092819891563,7.01252951182618
1,3,3,31,0.0,0.0,0.0,0.0,0.9987840994264178,5.707148586438123,13.290073357990508
1,3,3,32,0.0,0.0,0.0,0.0,0.9987840994264178,5.707148586438123,13.290073357990508
1,3,3,33,0.0,0.0,0.0,0.0,1.0,0.0,0.0
1,3,3,34,0.0,0.0,0.0,0.0,0.9987749957062108,4.581143823303421,12.829275159051427
1,3,3,35,0.0,0.0,0.0,0.0,0.9987840994264178,5.707148586438123,13.290073357990508
1,3,3,36,0.0,0.0,0.0,0.0,0.9994217364537988,1.9423503785373348,5.817541139102858
1,3,3,37,0.0,0.0,0.0,0.0,1.0,0.0,0.0
1,3,3,38,0.0,0.0,0.0,0.0,0.9993531732665137,2.639092819891563,7.01252951182618
1,3,3,39,0.0,0.0,0.0,0.0,0.9993531732665137,2.639092819891563,7.01252951182618
1,3,3,40,0.0,0.0,0.0,0.0,0.9999762068593047,0.09126881787981131,0.22203604508039193
1,3,3,41,0.0,0.0,0.0,0.0,0.9998439870024224,0.3504405035716516,1.5050319556039786
1,3,3,42,0.0,0.0,0.0,0.0,1.0,0.0,0.0
1,3,3,43,0.0,0.0,0.0,0.0,0.9993531732665137,2.639092819891563,7.01252951182618
1,3,3,44,0.0,0.0,0.0,0.0,0.9987512025655154,4.672412641183231,13.051311204131819
1,3,3,45,0.0,0.0,0.0,0.0,0.9993980292990017,2.0333198212916685,6.038781692305629
1,3,3,46,0.0,0.0,0.0,0.0,0.999421822439697,1.9420510034118572,5.816745647225233
1,3,3,47,0.0,0.0,0.0,0.0,0.9998439870024224,0.3504405035716516,1.5050319556039786
1,3,3,48,0.0,0.0,0.0,0.0,1.0,0.0,0.0
1,3,3,49,0.0,0.0,0.0,0.0,1.0,0.0,0.0
1,3,3,50,0.0,0.0,0.0,0.0,0.9987840994264178,5.707148586438123,13.290073357990508
1,3,3,51,0.0,0.0,0.0,0.0,0.9998440729883193,0.350141128446175,1.5042364637263577
1,3,3,52,0.0,0.0,0.0,0.0,1.0,0.0,0.0
1,3,3,53,0.0,0.0,0.0,0.0,1.0,0.0,0.0
1,3,3,54,0.0,0.0,0.0,0.0,0.9993531732665137,2.639092819891563,7.01252951182618
1,3,3,55,0.0,0.0,0.0,0.0,0.9998440729883193,0.350141128446175,1.5042364637263577
1,3,3,56,0.0,0.0,0.0,0.0,1.0,0.0,0.0
1,3,3,57,0.0,0.0,0.0,0.0,1.0,0.0,0.0
1,3,3,58,0.0,0.0,0.0,0.0,0.9990380613091202,3.727663504868899,10.050384655760027
1,3,3,59,0.0,0.0,0.0,0.0,1.0,0.0,0.0
1,3,4,0,0.0,0.0,0.0,0.0,1.0,0.0,0.0
1,3,4,1,0.0,0.0,0.0,0.0,1.0,0.0,0.0
1,3,4,2,0.0,0.0,0.0,0.0,1.0,0.0,0.0
1,3,4,3,0.0,0.0,0.0,0.0,1.0,0.0,0.0
1,3,4,4,0.0,0.0,0.0,0.0,1.0,0.0,0.0
1,3,4,5,0.0,0.0,0.0,0.0,1.0,0.0,0.0
1,3,4,6,0.0,0.0,0.0,0.0,1.0,0.0,0.0
1,3,4,7,0.0,0.0,0.0,0.0,1.0,0.0,0.0
1,3,4,8,0.0,0.0,0.0,0.0,1.0,0.0,0.0
1,3,4,9,0.0,0.0,0.0,0.0,1.0,0.0,0.0
1,3,4,10,0.0,0.0,0.0,0.0,1.0,0.0,0.0
1,3,4,11,0.0,0.0,0.0,0.0,1.0,0.0,0.0
1,3,4,12,0.0,0.0,0.0,0.0,1.0,0.0,0.0
1,3,4,13,0.0,0.0,0.0,0.0,1.0,0.0,0.0
1,3,4,14,0.0,0.0,0.0,0.0,1.0,0.0,0.0
1,3,4,15,0.0,0.0,0.0,0.0,1.0,0.0,0.0
1,3,4,16,0.0,0.0,0.0,0.0,1.0,0.0,0.0
1,3,4,17,0.0,0.0,0.0,0.0,1.0,0.0,0.0
1,3,4,18,0.0,0.0,0.0,0.0,1.0,0.0,0.0
1,3,4,19,0.0,0.0,0.0,0.0,1.0,0.0,0.0
1,3,4,20,0.0,0.0,0.0,0.0,1.0,0.0,0.0
1,3,4,21,0.0,0.0,0.0,0.0,1.0,0.0,0.0
1,3,4,22,0.0,0.0,0.0,0.0,1.0,0.0,0.0
1,3,4,23,0.0,0.0,0.0,0.0,1.0,0.0,0.0
1,3,4,24,0.0,0.0,0.0,0.0,1.0,0.0,0.0
1,3,4,25,0.0,0.0,0.0,0.0,1.0,0.0,0.0
1,3,4,26,0.0,0.0,0.0,0.0,1.0,0.0,0.0
1,3,4,27,0.0,0.0,0.0,0.0,1.0,0.0,0.0
1,3,4,28,0.0,0.0,0.0,0.0,1.0,0.0,0.0
1,3,4,29,0.0,0.0,0.0,0.0,1.0,0.0,0.0
1,3,4,30,0.0,0.0,0.0,0.0,1.0,0.0,0.0
1,3,4,31,0.0,0.0,0.0,0.0,1.0,0.0,0.0
1,3,4,32,0.0,0.0,0.0,0.0,1.0,0.0,0.0
1,3,4,33,0.0,0.0,0.0,0.0,1.0,0.0,0.0
1,3,4,34,0.0,0.0,0.0,0.0,1.0,0.0,0.0
1,3,4,35,0.0,0.0,0.0,0.0,1.0,0.0,0.0
1,3,4,36,0.0,0.0,0.0,0.0,1.0,0.0,0.0
1,3,4,37,0.0,0.0,0.0,0.0,1.0,0.0,0.0
1,3,4,38,0.0,0.0,0.0,0.0,1.0,0.0,0.0
1,3,4,39,0.0,0.0,0.0,0.0,1.0,0.0,0.0
1,3,4,40,0.0,0.0,0.0,0.0,1.0,0.0,0.0
1,3,4,41,0.0,0.0,0.0,0.0,1.0,0.0,0.0
1,3,4,42,0.0,0.0,0.0,0.0,1.0,0.0,0.0
1,3,4,43,0.0,0.0,0.0,0.0,1.0,0.0,0.0
1,3,4,44,0.0,0.0,0.0,0.0,1.0,0.0,0.0
1,3,4,45,0.0,0.0,0.0,0.0,1.0,0.0,0.0
1,3,4,46,0.0,0.0,0.0,0.0,1.0,0.0,0.0
1,3,4,47,0.0,0.0,0.0,0.0,1.0,0.0,0.0
1,3,4,48,0.0,0.0,0.0,0.0,1.0,0.0,0.0
1,3,4,49,0.0,0.0,0.0,0.0,1.0,0.0,0.0
1,3,4,50,0.0,0.0,0.0,0.0,1.0,0.0,0.0
1,3,4,51,0.0,0.0,0.0,0.0,1.0,0.0,0.0
1,3,4,52,0.0,0.0,0.0,0.0,1.0,0.0,0.0
1,3,4,53,0.0,0.0,0.0,0.0,1.0,0.0,0.0
1,3,4,54,0.0,0.0,0.0,0.0,1.0,0.0,0.0
1,3,4,55,0.0,0.0,0.0,0.0,1.0,0.0,0.0
1,3,4,56,0.0,0.0,0.0,0.0,1.0,0.0,0.0
1,3,4,57,0.0,0.0,0.0,0.0,1.0,0.0,0.0
1,3,4,58,0.0,0.0,0.0,0.0,1.0,0.0,0.0
1,3,4,59,0.0,0.0,0.0,0.0,1.0,0.0,0.0
1,4,0,0,18.0,1.0,12.07843137254902,14.568627450980392,0.4503282811405917,13192.722327086474,34679.01590837398
1,4,0,1,15.0,1.0,11.882352941176471,11.607843137254902,0.5410771197593784,10290.540304072592,24501.77749364415
1,4,0,2,16.0,1.0,15.009803921568627,14.27450980392157,0.42842284813349885,14936.242772512427,36138.624816718046
1,4,0,3,0.0,0.0,1.303921568627451,1.2156862745098038,0.9471658531078978,467.5173127123233,1158.051839767428
1,4,0,4,0.0,0.0,0.20588235294117646,0.0,0.9906935105255074,51.15197488396654,118.8552731329243
1,4,0,5,2.0,0.0,1.3431372549019607,1.5294117647058822,0.9235553492219485,590.9304620911228,1618.0325548604687
1,4,0,6,18.0,1.0,16.0,15.882352941176471,0.3634160351741221,17179.907339841004,42101.68847693672
1,4,0,7,6.0,1.0,4.715686274509804,5.078431372549019,0.8164338756840669,2315.2667790225555,5844.151503581729
1,4,0,8,1.0,0.0,0.9509803921568627,1.0784313725490196,0.9401708027411085,470.5091209071347,1272.1285512098589
1,4,0,9,17.0,1.0,15.42156862745098,15.333333333333334,0.3957114906351323,15458.932810367573,38280.34317475659
1,4,0,10,14.0,1.0,11.529411764705882,11.764705882352942,0.5512445650472168,9621.925592529275,23376.208531685308
1,4,0,11,14.0,1.0,11.509803921568627,11.705882352941176,0.5465923535553755,9923.981592889557,24214.69906514274
1,4,0,12,1.0,0.0,1.1568627450980393,1.5098039215686274,0.9284784125277953,573.5764663174648,1569.0946686750692
1,4,0,13,7.0,1.0,5.264705882352941,5.549019607843137,0.7943104795240891,2676.117909849969,6774.954595985078
1,4,0,14,17.0,1.0,15.294117647058824,14.92156862745098,0.39414886464076093,15809.862842942654,38815.654047918455
1,4,0,15,14.0,1.0,10.254901960784315,12.411764705882353,0.5437115470098294,9147.951660424093,23879.97564641983
1,4,0,16,14.0,1.0,10.656862745098039,12.372549019607844,0.5312049048122666,9771.26334060134,25309.09489721116
1,4,0,17,17.0,1.0,12.990196078431373,14.882352941176471,0.4325733590652421,14333.284939805844,37219.47025080412
1,4,0,18,14.0,1.0,11.46078431372549,11.176470588235293,0.5573489614711694,9627.039913216286,22925.962762147177
1,4,0,19,14.0,1.0,11.598039215686274,11.705882352941176,0.5475978052850208,9860.2478173901,24077.775517044924
1,4,0,20,16.0,1.0,14.558823529411764,14.019607843137255,0.44860943236827827,13316.689727725272,32412.10678315402
1,4,0,21,13.0,1.0,10.901960784313726,10.450980392156863,0.5831583279352727,8806.706954823763,20929.874565099613
1,4,0,22,14.0,1.0,9.764705882352942,11.92156862745098,0.5622680075462263,8979.684782250566,23175.147707663666
1,4,0,23,16.0,1.0,13.970588235294118,13.098039215686274,0.4714008850530891,13176.686889859182,31637.439251027732
1,4,0,24,13.0,1.0,10.901960784313726,11.03921568627451,0.5759516357119676,8723.079768742435,21226.7664162131
1,4,0,25,12.0,1.0,8.254901960784315,9.313725490196079,0.6450611734039365,6086.654388611789,15798.003113021216
1,4,0,26,17.0,1.0,15.068627450980392,15.235294117647058,0.4034893152654355,15212.750833819111,37658.10965789734
1,4,0,27,6.0,1.0,3.372549019607843,4.549019607843137,0.83259411752028,1944.2994643728205,5582.563062113226
1,4,0,28,16.0,1.0,15.137254901960784,14.431372549019608,0.4103390727147295,14947.60978744425,36604.55028276032
1,4,0,29,0.0,0.0,0.5294117647058824,0.7450980392156863,0.9741653509717185,247.32280015413625,630.1008156087487
1,4,0,30,17.0,1.0,15.205882352941176,15.058823529411764,0.39270459671308333,15842.192157264975,39022.787567528074
1,4,0,31,13.0,1.0,10.970588235294118,10.941176470588236,0.5821513897493164,8767.839208238873,21193.09371147509
1,4,0,32,14.0,1.0,11.617647058823529,11.764705882352942,0.5410210640604584,10085.12920670977,24667.41075812734
1,4,0,33,0.0,0.0,0.029411764705882353,0.0,0.9928392598987746,33.63253561135978,79.23910333706493
1,4,0,34,15.0,1.0,14.07843137254902,13.058823529411764,0.4697777229041033,12732.45228868047,30642.6077589891
1,4,0,35,17.0,1.0,15.009803921568627,15.0,0.4059483665767847,15023.942726319332,37510.59335932577
1,4,0,36,16.0,1.0,11.833333333333334,13.235294117647058,0.49861703843953187,11125.21719789359,28615.70610081038
1,4,0,37,5.0,1.0,2.284313725490196,3.8823529411764706,0.8632180784506787,1509.5969298113646,4569.341036225036
1,4,0,38,15.0,1.0,12.401960784313726,11.92156862745098,0.5170067158562947,11020.64142748186,26672.604441058484
1,4,0,39,13.0,1.0,11.294117647058824,10.588235294117647,0.5724019559454849,9186.352581151226,21860.12459562068
1,4,0,40,5.0,1.0,2.2549019607843137,3.7254901960784315,0.8672024666724595,1473.520536850328,4481.686608131275
1,4,0,41,0.0,0.0,0.4019607843137255,0.37254901960784315,0.9809387152786324,122.66030385185454,278.64471258518824
1,4,0,42,13.0,1.0,6.607843137254902,9.411764705882353,0.6613686693861064,6667.088066358823,18268.838323576736
1,4,0,43,18.0,1.0,15.568627450980392,15.176470588235293,0.3870537583080608,16214.997446782672,39680.40790792579
1,4,0,44,15.0,1.0,14.215686274509803,13.098039215686274,0.46668289275452063,12626.63720774091,30395.840182080065
1,4,0,45,6.0,1.0,4.950980392156863,5.313725490196078,0.8094538570519455,2268.730494133072,5898.3543770312845
1,4,0,46,7.0,1.0,4.754901960784314,5.235294117647059,0.8097750967174352,2483.90302790577,6324.645933437612
1,4,0,47,9.0,1.0,4.3431372549019605,7.098039215686274,0.7680083392430251,3140.6100162114017,8682.708611030506
1,4,0,48,14.0,1.0,10.470588235294118,12.294117647058824,0.5326529620988466,9997.90193993956,26476.360827189535
1,4,0,49,13.0,1.0,6.235294117647059,9.215686274509803,0.6730142894804662,6262.746528587988,17194.78026123224
1,4,0,50,15.0,1.0,12.07843137254902,12.27450980392157,0.5189712016719369,10753.06186716583,26320.5663003445
1,4,0,51,8.0,1.0,4.088235294117647,6.764705882352941,0.7746018465195866,2984.5171685761943,8358.931649235643
1,4,0,52,15.0,1.0,10.764705882352942,12.784313725490197,0.5167914026650894,10530.918872094888,27568.283888635007
1,4,0,53,0.0,0.0,1.0784313725490196,0.4117647058823529,0.9559326477972675,290.6987738018467,765.1295829872612
1,4,0,54,18.0,1.0,15.666666666666666,15.72549019607843,0.36659763348341917,16985.133679944538,41991.59314840186
1,4,0,55,0.0,0.0,0.6470588235294118,0.8431372549019608,0.9694344676587355,274.62380566617287,688.9168822809739
1,4,0,56,0.0,0.0,0.7058823529411765,0.803921568627451,0.9666116845722169,293.2338673714135,744.1195186280636
1,4,0,57,0.0,0.0,0.0,0.0,0.9957458827243895,21.69440160048194,46.15508239435896
1,4,0,58,14.0,1.0,12.058823529411764,11.313725490196079,0.5453862084419275,10191.695867582883,24314.82441225459
1,4,0,59,4.0,1.0,2.0294117647058822,2.215686274509804,0.8964314853908292,985.5471184017531,2751.3918580551003
1,4,1,0,0.0,0.0,0.029411764705882353,0.0,0.994560950599095,20.99025396404259,62.35171851783365
1,4,1,1,8.0,1.0,6.568627450980392,5.294117647058823,0.774349671929453,3654.7196779949445,8393.199779558356
1,4,1,2,14.0,1.0,11.784313725490197,10.333333333333334,0.5721734484484563,9386.455773988226,22300.254149926142
1,4,1,3,0.0,0.0,0.058823529411764705,0.0,0.9955472958775043,22.50083626444912,55.887775933723
1,4,1,4,0.0,0.0,0.029411764705882353,0.0,0.9979952909762861,9.47129370366962,24.677814199948056
1,4,1,5,0.0,0.0,0.029411764705882353,0.0,0.9950273384550923,21.97777427284296,58.78088770277305
1,4,1,6,11.0,1.0,8.666666666666666,7.470588235294118,0.6824366743546696,5485.959396409453,12848.622907155499
1,4,1,7,0.0,0.0,0.37254901960784315,0.0,0.9911970369142366,42.53163234446935,128.59404233827073
1,4,1,8,0.0,0.0,0.029411764705882353,0.0,0.9967550846084409,13.944385004628556,39.12709031782429
1,4,1,9,6.0,1.0,5.3431372549019605,4.0588235294117645,0.824205398931653,2337.017597987504,5387.546630126419
1,4,1,10,6.0,1.0,4.176470588235294,3.1372549019607843,0.8653586433093702,1842.994153248424,4289.15026847757
1,4,1,11,6.0,1.0,4.382352941176471,3.156862745098039,0.8594782819467158,1927.5309909372268,4479.700425263386
1,4,1,12,0.0,0.0,0.029411764705882353,0.0,0.9968002090026231,14.108199798310318,38.723231064525834
1,4,1,13,0.0,0.0,0.20588235294117646,0.0,0.9926612717159106,35.30462847702121,100.7788654888852
1,4,1,14,10.0,1.0,8.117647058823529,6.784313725490196,0.7066609116669342,4883.438542166037,11501.966213988591
1,4,1,15,0.0,0.0,0.029411764705882353,0.0,0.9944103363164042,23.29085582025576,64.24359309199941
1,4,1,16,0.0,0.0,0.029411764705882353,0.0,0.9948877520208409,19.36390299483391,58.76603949750295
1,4,1,17,0.0,0.0,0.20588235294117646,0.0,0.9867808465177994,52.69133670396694,165.98877028393994
1,4,1,18,8.0,1.0,6.696078431372549,5.450980392156863,0.7670292713760096,3866.963244564504,8876.543886827345
1,4,1,19,6.0,1.0,4.607843137254902,3.607843137254902,0.8484222618937367,2033.6877473957609,4817.382682666128
1,4,1,20,6.0,1.0,5.382352941176471,3.803921568627451,0.835358664190311,2194.187544118037,5057.16101085168
1,4,1,21,7.0,1.0,6.127450980392157,4.882352941176471,0.7905739145563846,3375.473566639299,7661.041949443714
1,4,1,22,0.0,0.0,0.0,0.0,0.9963260045206801,13.294925060498198,39.657423105018374
1,4,1,23,13.0,1.0,11.27450980392157,9.882352941176471,0.5936341887412988,8667.702489676647,20578.500908353948
1,4,1,24,6.0,1.0,4.137254901960785,2.9215686274509802,0.870041838410253,1820.5206288763568,4173.07205883583
1,4,1,25,0.0,0.0,0.20588235294117646,0.0,0.9916555684731648,39.90737122454335,112.01985825857412
1,4,1,26,6.0,1.0,4.666666666666667,3.5098039215686274,0.8464868825658759,2078.6596147241703,4735.711739771519
1,4,1,27,0.0,0.0,0.058823529411764705,0.0,0.9969698343019876,17.01334094496352,39.42830245856898
1,4,1,28,10.0,1.0,8.735294117647058,7.0,0.6926865186466865,5097.465395066984,12083.266458819198
1,4,1,29,0.0,0.0,0.0,0.0,0.998750738372795,4.736052384668238,13.774564043211388
1,4,1,30,9.0,1.0,7.5588235294117645,6.196078431372549,0.7313227781919246,4256.834466296565,9988.531221884792
1,4,1,31,6.0,1.0,4.313725490196078,2.9215686274509802,0.8718124510306829,1850.1897089409938,4223.252387686589
1,4,1,32,6.0,1.0,4.264705882352941,3.0784313725490198,0.8613445268039914,1887.773013680733,4400.912853281862
1,4,1,33,0.0,0.0,0.0,0.0,0.9988364611202338,5.237601203318173,12.254030561655249
1,4,1,34,10.0,1.0,7.637254901960785,6.019607843137255,0.7391636326440398,4285.204415037001,9778.73830507797
1,4,1,35,6.0,1.0,4.588235294117647,3.411764705882353,0.8505275163622517,1951.7514431546535,4530.219768874597
1,4,1,36,0.0,0.0,0.5490196078431373,0.0,0.985180261205204,66.79652939174994,209.9390194315434
1,4,1,37,0.0,0.0,0.0,0.0,0.9973417727546298,9.207416823570211,29.688056768433576
1,4,1,38,10.0,1.0,7.2745098039215685,5.823529411764706,0.7477482839630317,4140.489345390618,9659.333247347811
1,4,1,39,8.0,1.0,6.313725490196078,4.921568627450981,0.7866206283823028,3500.4407599270453,7919.143188981706
1,4,1,40,0.0,0.0,0.029411764705882353,0.0,0.9982109482250925,8.313828680104745,22.062748292335257
1,4,1,41,0.0,0.0,0.058823529411764705,0.0,0.9954720696849185,20.4971963280278,56.61334861288607
1,4,1,42,0.0,0.0,0.0,0.0,0.9977034961713444,8.862297718648511,24.27459220728656
1,4,1,43,10.0,1.0,7.892156862745098,6.549019607843137,0.7203724157276654,4587.535867913647,10724.874619580743
1,4,1,44,9.0,1.0,8.137254901960784,6.509803921568627,0.7164181330941521,4745.779089520633,11021.257669497947
1,4,1,45,0.0,0.0,0.4019607843137255,0.0,0.9893649809405489,49.73446676102037,151.44019380436606
1,4,1,46,0.0,0.0,0.20588235294117646,0.0,0.9924111631193862,36.5805636080989,103.61925166105095
1,4,1,47,0.0,0.0,0.058823529411764705,0.0,0.994989372625744,22.802326335338105,62.6507977774223
1,4,1,48,0.0,0.0,0.029411764705882353,0.0,0.9954281552873919,14.614996998382425,52.74813941209383
1,4,1,49,0.0,0.0,0.0,0.0,0.9978980903996998,8.385538577763059,22.401020303121445
1,4,1,50,6.0,1.0,4.4411764705882355,3.2549019607843137,0.8547929730234324,1959.1293585882288,4551.55649282502
1,4,1,51,0.0,0.0,0.029411764705882353,0.0,0.9967865058088282,14.266545685597467,39.696759871665684
1,4,1,52,0.0,0.0,0.0,0.0,0.9948216580206907,18.321593544375613,56.15126955098759
1,4,1,53,0.0,0.0,0.029411764705882353,0.0,0.9972483798910906,12.50957139892088,33.07596109593507
1,4,1,54,11.0,1.0,8.852941176470589,7.666666666666667,0.6736583371213114,5841.865624314944,13772.15024154885
1,4,1,55,0.0,0.0,0.029411764705882353,0.0,0.9974925151500073,10.914543728177646,31.44829779670798
1,4,1,56,0.0,0.0,0.029411764705882353,0.0,0.9971325155607419,9.98950183678105,34.04969826993352
1,4,1,57,0.0,0.0,0.0,0.0,0.9992413690378501,3.4447696517894406,7.559252888676757
1,4,1,58,9.0,1.0,7.029411764705882,5.7254901960784315,0.7565897046630066,4116.850925824278,9415.93082797217
1,4,1,59,0.0,0.0,0.029411764705882353,0.0,0.9974710392281833,9.347971410706604,30.209574938045773
1,4,2,0,0.0,0.0,0.0,0.0,0.9987122569554309,5.127663233531572,13.689540899534634
1,4,2,1,0.0,0.0,0.029411764705882353,0.0,0.9960283483715876,19.747013722749198,48.29287713835707
1,4,2,2,1.0,0.0,2.549019607843137,0.6862745098039216,0.9383624285864309,890.3738409927862,1790.7405545680037
1,4,2,3,0.0,0.0,0.0,0.0,0.9977586145410974,10.283375092590273,25.38372337411449
1,4,2,4,0.0,0.0,0.0,0.0,0.9990257280655208,4.068188105833525,10.493942524492978
1,4,2,5,0.0,0.0,0.0,0.0,0.9974658107960491,10.478074357997558,27.446966915904287
1,4,2,6,0.0,0.0,0.029411764705882353,0.0,0.9949776245106322,25.687725515439713,59.99849866151234
1,4,2,7,0.0,0.0,0.029411764705882353,0.0,0.9976826383612685,9.771839563721215,29.105462704155574
1,4,2,8,0.0,0.0,0.0,0.0,0.9983927291088985,6.496663653251485,17.730218415191548
1,4,2,9,0.0,0.0,0.30392156862745096,0.0392156862745098,0.9912537392271602,55.60168791744156,117.04858812064126
1,4,2,10,0.0,0.0,0.28431372549019607,0.0392156862745098,0.9911717847405165,55.47653162634565,118.79455390253587
1,4,2,11,0.0,0.0,0.30392156862745096,0.0392156862745098,0.992512289342217,50.73601807959705,103.9463721297685
1,4,2,12,0.0,0.0,0.0,0.0,0.9983927291088985,6.496663653251484,17.730218415191548
1,4,2,13,0.0,0.0,0.029411764705882353,0.0,0.9977266945858562,9.649791281843543,28.656555552254808
1,4,2,14,0.0,0.0,0.029411764705882353,0.0,0.9967694271223269,17.141677097592147,39.70442171103812
1,4,2,15,0.0,0.0,0.0,0.0,0.9987440136186027,5.5403617218359225,13.52159136037273
1,4,2,16,0.0,0.0,0.0,0.0,0.9988493064004773,4.1947256995651765,12.201776850331852
1,4,2,17,0.0,0.0,0.029411764705882353,0.0,0.9961468850802245,13.109138889858784,44.590868693676036
1,4,2,18,0.0,0.0,0.029411764705882353,0.0,0.9969257760722926,16.374240762864748,38.214648565631535
1,4,2,19,0.0,0.0,0.28431372549019607,0.0392156862745098,0.9922374293589447,51.74159030918077,107.04187652455155
1,4,2,20,0.0,0.0,0.3137254901960784,0.0392156862745098,0.9906406532295139,58.711995272508574,128.23148958494676
1,4,2,21,0.0,0.0,0.029411764705882353,0.0,0.9971526651173299,15.366200872459226,35.352122559753624
1,4,2,22,0.0,0.0,0.0,0.0,0.9998474093368147,0.761810575504801,1.454884583683963
1,4,2,23,1.0,0.0,2.3333333333333335,0.6666666666666666,0.9432299685222724,823.6440480069658,1642.5855962661872
1,4,2,24,0.0,0.0,0.28431372549019607,0.0392156862745098,0.9925872439399509,50.56810936542563,102.89485398253974
1,4,2,25,0.0,0.0,0.029411764705882353,0.0,0.9972442120862247,11.755814054993863,33.4433175851374
1,4,2,26,0.0,0.0,0.28431372549019607,0.0392156862745098,0.9927329647451035,49.8612562431537,101.29258378756464
1,4,2,27,0.0,0.0,0.0,0.0,0.9982196682078878,8.525420272561908,19.861551133816533
1,4,2,28,0.0,0.0,0.058823529411764705,0.0,0.9945112172595234,26.316552934386756,68.35014859405582
1,4,2,29,0.0,0.0,0.0,0.0,0.9993844554685366,2.021272904152975,6.259132136246031
1,4,2,30,0.0,0.0,0.029411764705882353,0.0,0.9973111605500852,14.689197930235455,33.658349416011546
1,4,2,31,0.0,0.0,0.28431372549019607,0.0392156862745098,0.9929139586436576,49.06220399066503,99.57493403269194
1,4,2,32,0.0,0.0,0.28431372549019607,0.0392156862745098,0.9927301675236445,49.79807080930748,101.33451101521526
1,4,2,33,0.0,0.0,0.0,0.0,0.9996855461837734,1.4347329215632363,3.181599058374211
1,4,2,34,0.0,0.0,0.058823529411764705,0.0,0.9951490053714497,23.705221538543515,61.283026198365796
1,4,2,35,0.0,0.0,0.28431372549019607,0.0392156862745098,0.9912984418320728,52.913512563410634,115.97472484259657
1,4,2,36,0.0,0.0,0.029411764705882353,0.0,0.9967388607621134,13.879225433440222,39.466443885006
1,4,2,37,0.0,0.0,0.0,0.0,0.9985708363873194,4.5531303176995435,14.61599378650708
1,4,2,38,0.0,0.0,0.029411764705882353,0.0,0.9968073008153046,16.564923135166275,39.482866967498154
1,4,2,39,0.0,0.0,0.029411764705882353,0.0,0.9968143802992446,16.165660812249318,38.78667136028276
1,4,2,40,0.0,0.0,0.0,0.0,0.999021811459094,4.067418981636035,10.602883200385177
1,4,2,41,0.0,0.0,0.0,0.0,0.9977718158903182,9.169192026432285,25.010163158997692
1,4,2,42,0.0,0.0,0.0,0.0,0.9993566370534638,2.403687325343564,6.52747582424031
1,4,2,43,0.0,0.0,0.029411764705882353,0.0,0.9973107699835916,14.69890428562339,33.660296646785994
1,4,2,44,0.0,0.0,0.058823529411764705,0.0,0.9946518868054429,26.025502096968633,66.8766111335623
1,4,2,45,0.0,0.0,0.029411764705882353,0.0,0.9965374526500596,13.87630253814669,41.19978951438297
1,4,2,46,0.0,0.0,0.029411764705882353,0.0,0.997647601953449,10.0190850470682,29.400268422823974
1,4,2,47,0.0,0.0,0.0,0.0,0.9972964816271869,10.901589500188763,29.9324760087296
1,4,2,48,0.0,0.0,0.0,0.0,0.9979284010595214,5.421512940698449,21.641493633031615
1,4,2,49,0.0,0.0,0.0,0.0,0.9993566370534638,2.403687325343564,6.52747582424031
1,4,2,50,0.0,0.0,0.28431372549019607,0.0392156862745098,0.9927301675236445,49.79807080930748,101.33451101521527
1,4,2,51,0.0,0.0,0.0,0.0,0.9980854235291711,7.557771275420881,21.04736829041506
1,4,2,52,0.0,0.0,0.0,0.0,0.9991070736347192,3.12743200106342,8.748495390822985
1,4,2,53,0.0,0.0,0.0,0.0,0.9987343802276056,5.157896779036842,13.785749443807354
1,4,2,54,0.0,0.0,0.029411764705882353,0.0,0.9971427413001867,15.370194137210468,35.265459621294376
1,4,2,55,0.0,0.0,0.0,0.0,0.9985607577923035,5.8253738016644006,16.12505544068316
1,4,2,56,0.0,0.0,0.0,0.0,0.9987678336629434,3.543702561167877,13.021091164757877
1,4,2,57,0.0,0.0,0.0,0.0,0.9999933371575197,0.022236188416284716,0.06174346464994426
1,4,2,58,0.0,0.0,0.029411764705882353,0.0,0.9951403420445755,24.910695470801183,58.44922941484373
1,4,2,59,0.0,0.0,0.0,0.0,0.9989142999958801,3.5643436882656725,11.424355214883574
1,4,3,0,0.0,0.0,0.0,0.0,1.0,0.0,0.0
1,4,3,1,0.0,0.0,0.0,0.0,0.999197246254833,2.9892339483377373,8.51676597555254
1,4,3,2,0.0,0.0,0.0,0.0,0.9981372726929316,8.346241406329687,20.302602869816695
1,4,3,3,0.0,0.0,0.0,0.0,0.9996848880426062,1.0885706849773382,3.0378551439338435
1,4,3,4,0.0,0.0,0.0,0.0,1.0,0.0,0.0
1,4,3,5,0.0,0.0,0.0,0.0,0.9998440729883193,0.350141128446175,1.5042364637263577
1,4,3,6,0.0,0.0,0.0,0.0,0.9990380613091202,3.727663504868899,10.050384655760027
1,4,3,7,0.0,0.0,0.0,0.0,0.999421822439697,1.9420510034118572,5.816745647225233
1,4,3,8,0.0,0.0,0.0,0.0,0.9998440729883193,0.350141128446175,1.5042364637263577
1,4,3,9,0.0,0.0,0.0,0.0,0.9987840994264178,5.707148586438123,13.290073357990508
1,4,3,10,0.0,0.0,0.0,0.0,0.9986281724147382,6.0572897148842975,14.79430982171686
1,4,3,11,0.0,0.0,0.0,0.0,0.9987840994264178,5.707148586438123,13.290073357990508
1,4,3,12,0.0,0.0,0.0,0.0,0.9998440729883193,0.350141128446175,1.5042364637263577
1,4,3,13,0.0,0.0,0.0,0.0,0.999421822439697,1.9420510034118572,5.816745647225233
1,4,3,14,0.0,0.0,0.0,0.0,0.9993293801258184,2.730361637771374,7.234565556906579
1,4,3,15,0.0,0.0,0.0,0.0,0.999999914014102,0.00029937512547655016,0.0007954918776218733
1,4,3,16,0.0,0.0,0.0,0.0,1.0,0.0,0.0
1,4,3,17,0.0,0.0,0.0,0.0,0.999421822439697,1.9420510034118572,5.816745647225233
1,4,3,18,0.0,0.0,0.0,0.0,0.9993293801258184,2.730361637771374,7.234565556906579
1,4,3,19,0.0,0.0,0.0,0.0,0.9987840994264178,5.707148586438123,13.290073357990508
1,4,3,20,0.0,0.0,0.0,0.0,0.9982059218661147,7.6491995898499825,19.10681900521574
1,4,3,21,0.0,0.0,0.0,0.0,0.9993531732665137,2.639092819891563,7.01252951182618
1,4,3,22,0.0,0.0,0.0,0.0,1.0,0.0,0.0
1,4,3,23,0.0,0.0,0.0,0.0,0.9981372726929316,8.346241406329687,20.302602869816695
1,4,3,24,0.0,0.0,0.0,0.0,0.9987840994264178,5.707148586438123,13.290073357990508
1,4,3,25,0.0,0.0,0.0,0.0,0.999421822439697,1.9420510034118572,5.816745647225233
1,4,3,26,0.0,0.0,0.0,0.0,0.9987840994264178,5.707148586438123,13.290073357990508
1,4,3,27,0.0,0.0,0.0,0.0,0.9998170219135916,0.8296983744109742,1.7556547252878802
1,4,3,28,0.0,0.0,0.0,0.0,0.9987749957062108,4.581143823303424,12.82927515905143
1,4,3,29,0.0,0.0,0.0,0.0,1.0,0.0,0.0
1,4,3,30,0.0,0.0,0.0,0.0,0.9993531732665137,2.639092819891563,7.01252951182618
1,4,3,31,0.0,0.0,0.0,0.0,0.9987840994264178,5.707148586438123,13.290073357990508
1,4,3,32,0.0,0.0,0.0,0.0,0.9987840994264178,5.707148586438123,13.290073357990508
1,4,3,33,0.0,0.0,0.0,0.0,1.0,0.0,0.0
1,4,3,34,0.0,0.0,0.0,0.0,0.9987749957062108,4.581143823303424,12.82927515905143
1,4,3,35,0.0,0.0,0.0,0.0,0.9987840994264178,5.707148586438123,13.290073357990508
1,4,3,36,0.0,0.0,0.0,0.0,0.9994217364537988,1.9423503785373348,5.817541139102858
1,4,3,37,0.0,0.0,0.0,0.0,1.0,0.0,0.0
1,4,3,38,0.0,0.0,0.0,0.0,0.9993531732665137,2.639092819891563,7.01252951182618
1,4,3,39,0.0,0.0,0.0,0.0,0.9993531732665137,2.639092819891563,7.01252951182618
1,4,3,40,0.0,0.0,0.0,0.0,0.9999762068593047,0.09126881787981131,0.22203604508039193
1,4,3,41,0.0,0.0,0.0,0.0,0.9998439870024224,0.3504405035716516,1.5050319556039786
1,4,3,42,0.0,0.0,0.0,0.0,1.0,0.0,0.0
1,4,3,43,0.0,0.0,0.0,0.0,0.9993531732665137,2.639092819891563,7.01252951182618
1,4,3,44,0.0,0.0,0.0,0.0,0.9987512025655154,4.672412641183233,13.05131120413182
1,4,3,45,0.0,0.0,0.0,0.0,0.9993980292990017,2.0333198212916685,6.038781692305629
1,4,3,46,0.0,0.0,0.0,0.0,0.999421822439697,1.9420510034118572,5.816745647225233
1,4,3,47,0.0,0.0,0.0,0.0,0.9998439870024224,0.3504405035716516,1.5050319556039786
1,4,3,48,0.0,0.0,0.0,0.0,1.0,0.0,0.0
1,4,3,49,0.0,0.0,0.0,0.0,1.0,0.0,0.0
1,4,3,50,0.0,0.0,0.0,0.0,0.9987840994264178,5.707148586438123,13.290073357990508
1,4,3,51,0.0,0.0,0.0,0.0,0.9998440729883193,0.350141128446175,1.5042364637263577
1,4,3,52,0.0,0.0,0.0,0.0,1.0,0.0,0.0
1,4,3,53,0.0,0.0,0.0,0.0,1.0,0.0,0.0
1,4,3,54,0.0,0.0,0.0,0.0,0.9993531732665137,2.639092819891563,7.01252951182618
1,4,3,55,0.0,0.0,0.0,0.0,0.9998440729883193,0.350141128446175,1.5042364637263577
1,4,3,56,0.0,0.0,0.0,0.0,1.0,0.0,0.0
1,4,3,57,0.0,0.0,0.0,0.0,1.0,0.0,0.0
1,4,3,58,0.0,0.0,0.0,0.0,0.9990380613091202,3.727663504868899,10.050384655760027
1,4,3,59,0.0,0.0,0.0,0.0,1.0,0.0,0.0
1,4,4,0,0.0,0.0,0.0,0.0,1.0,0.0,0.0
1,4,4,1,0.0,0.0,0.0,0.0,1.0,0.0,0.0
1,4,4,2,0.0,0.0,0.0,0.0,1.0,0.0,0.0
1,4,4,3,0.0,0.0,0.0,0.0,1.0,0.0,0.0
1,4,4,4,0.0,0.0,0.0,0.0,1.0,0.0,0.0
1,4,4,5,0.0,0.0,0.0,0.0,1.0,0.0,0.0
1,4,4,6,0.0,0.0,0.0,0.0,1.0,0.0,0.0
1,4,4,7,0.0,0.0,0.0,0.0,1.0,0.0,0.0
1,4,4,8,0.0,0.0,0.0,0.0,1.0,0.0,0.0
1,4,4,9,0.0,0.0,0.0,0.0,1.0,0.0,0.0
1,4,4,10,0.0,0.0,0.0,0.0,1.0,0.0,0.0
1,4,4,11,0.0,0.0,0.0,0.0,1.0,0.0,0.0
1,4,4,12,0.0,0.0,0.0,0.0,1.0,0.0,0.0
1,4,4,13,0.0,0.0,0.0,0.0,1.0,0.0,0.0
1,4,4,14,0.0,0.0,0.0,0.0,1.0,0.0,0.0
1,4,4,15,0.0,0.0,0.0,0.0,1.0,0.0,0.0
1,4,4,16,0.0,0.0,0.0,0.0,1.0,0.0,0.0
1,4,4,17,0.0,0.0,0.0,0.0,1.0,0.0,0.0
1,4,4,18,0.0,0.0,0.0,0.0,1.0,0.0,0.0
1,4,4,19,0.0,0.0,0.0,0.0,1.0,0.0,0.0
1,4,4,20,0.0,0.0,0.0,0.0,1.0,0.0,0.0
1,4,4,21,0.0,0.0,0.0,0.0,1.0,0.0,0.0
1,4,4,22,0.0,0.0,0.0,0.0,1.0,0.0,0.0
1,4,4,23,0.0,0.0,0.0,0.0,1.0,0.0,0.0
1,4,4,24,0.0,0.0,0.0,0.0,1.0,0.0,0.0
1,4,4,25,0.0,0.0,0.0,0.0,1.0,0.0,0.0
1,4,4,26,0.0,0.0,0.0,0.0,1.0,0.0,0.0
1,4,4,27,0.0,0.0,0.0,0.0,1.0,0.0,0.0
1,4,4,28,0.0,0.0,0.0,0.0,1.0,0.0,0.0
1,4,4,29,0.0,0.0,0.0,0.0,1.0,0.0,0.0
1,4,4,30,0.0,0.0,0.0,0.0,1.0,0.0,0.0
1,4,4,31,0.0,0.0,0.0,0.0,1.0,0.0,0.0
1,4,4,32,0.0,0.0,0.0,0.0,1.0,0.0,0.0
1,4,4,33,0.0,0.0,0.0,0.0,1.0,0.0,0.0
1,4,4,34,0.0,0.0,0.0,0.0,1.0,0.0,0.0
1,4,4,35,0.0,0.0,0.0,0.0,1.0,0.0,0.0
1,4,4,36,0.0,0.0,0.0,0.0,1.0,0.0,0.0
1,4,4,37,0.0,0.0,0.0,0.0,1.0,0.0,0.0
1,4,4,38,0.0,0.0,0.0,0.0,1.0,0.0,0.0
1,4,4,39,0.0,0.0,0.0,0.0,1.0,0.0,0.0
1,4,4,40,0.0,0.0,0.0,0.0,1.0,0.0,0.0
1,4,4,41,0.0,0.0,0.0,0.0,1.0,0.0,0.0
1,4,4,42,0.0,0.0,0.0,0.0,1.0,0.0,0.0
1,4,4,43,0.0,0.0,0.0,0.0,1.0,0.0,0.0
1,4,4,44,0.0,0.0,0.0,0.0,1.0,0.0,0.0
1,4,4,45,0.0,0.0,0.0,0.0,1.0,0.0,0.0
1,4,4,46,0.0,0.0,0.0,0.0,1.0,0.0,0.0
1,4,4,47,0.0,0.0,0.0,0.0,1.0,0.0,0.0
1,4,4,48,0.0,0.0,0.0,0.0,1.0,0.0,0.0
1,4,4,49,0.0,0.0,0.0,0.0,1.0,0.0,0.0
1,4,4,50,0.0,0.0,0.0,0.0,1.0,0.0,0.0
1,4,4,51,0.0,0.0,0.0,0.0,1.0,0.0,0.0
1,4,4,52,0.0,0.0,0.0,0.0,1.0,0.0,0.0
1,4,4,53,0.0,0.0,0.0,0.0,1.0,0.0,0.0
1,4,4,54,0.0,0.0,0.0,0.0,1.0,0.0,0.0
1,4,4,55,0.0,0.0,0.0,0.0,1.0,0.0,0.0
1,4,4,56,0.0,0.0,0.0,0.0,1.0,0.0,0.0
1,4,4,57,0.0,0.0,0.0,0.0,1.0,0.0,0.0
1,4,4,58,0.0,0.0,0.0,0.0,1.0,0.0,0.0
1,4,4,59,0.0,0.0,0.0,0.0,1.0,0.0,0.0
2,0,0,0,1.0,0.0,2.764705882352941,3.392156862745098,0.8169390878073242,1584.8391951023393,4539.914829810006
2,0,0,1,0.0,0.0,3.4313725490196076,1.7450980392156863,0.8880029728792764,1099.0374740062289,2564.800723399694
2,0,0,2,0.0,0.0,5.029411764705882,1.411764705882353,0.8787775630735749,1551.4001114079128,3187.3443703562866
2,0,0,3,0.0,0.0,1.911764705882353,2.9411764705882355,0.9084417725250743,804.8634059661064,1953.2241558925832
2,0,0,4,0.0,0.0,0.43137254901960786,0.0,0.9831847457087517,138.39142749994852,317.2837333660149
2,0,0,5,0.0,0.0,1.9019607843137254,2.5294117647058822,0.8853750179045791,851.7192404239713,2458.8597314065223
2,0,0,6,15.0,1.0,5.411764705882353,4.1568627450980395,0.7870451756171581,2153.8952576733213,5048.741513186816
2,0,0,7,0.0,0.0,1.8529411764705883,1.803921568627451,0.935570610367149,555.9884824449595,1411.617454179451
2,0,0,8,0.0,0.0,0.9215686274509803,1.9411764705882353,0.9118944585904399,646.2323566493006,1889.3780728253582
2,0,0,9,0.0,0.0,4.431372549019608,2.8823529411764706,0.85468143095125,1496.1301657042352,3485.4824564887645
2,0,0,10,0.0,0.0,2.715686274509804,2.2549019607843137,0.9051174927569958,813.5235280771195,2111.383703599104
2,0,0,11,0.0,0.0,2.9705882352941178,2.1372549019607843,0.8958997839576596,1038.338454464751,2530.107630372644
2,0,0,12,0.0,0.0,1.4509803921568627,2.5686274509803924,0.8911033016965769,905.9118541520066,2412.8012784778043
2,0,0,13,0.0,0.0,2.480392156862745,1.0588235294117647,0.9308739605677713,621.3414730873355,1525.1471887769499
2,0,0,14,0.0,0.0,4.215686274509804,2.019607843137255,0.863347843483325,1512.4652577423974,3339.382996158598
2,0,0,15,0.0,0.0,2.735294117647059,2.6470588235294117,0.883325591213076,1058.1960801416813,2659.6145553802603
2,0,0,16,0.0,0.0,2.6372549019607843,2.3137254901960786,0.8696670388794816,1182.9976803129612,2930.4031218781583
2,0,0,17,0.0,0.0,3.656862745098039,3.3137254901960786,0.8289388042751845,1500.3297369260065,4266.419421973607
2,0,0,18,0.0,0.0,2.892156862745098,2.627450980392157,0.8867278747846191,1120.4222877400875,2526.2903932848117
2,0,0,19,0.0,0.0,2.803921568627451,1.3725490196078431,0.9182091870415722,744.4769117783379,1818.197852819328
2,0,0,20,1.0,0.0,5.303921568627451,2.4901960784313726,0.8589323909997756,1575.062423178283,3433.2169535456346
2,0,0,21,0.0,0.0,2.5784313725490198,1.4705882352941178,0.9249332097109887,828.1424080561299,1728.3380588819557
2,0,0,22,0.0,0.0,1.9215686274509804,2.803921568627451,0.8915568149481445,993.5721746695132,2550.6788098364314
2,0,0,23,0.0,0.0,3.627450980392157,1.0784313725490196,0.9162006354096036,1140.9520180563566,2303.737902023832
2,0,0,24,0.0,0.0,2.303921568627451,0.7647058823529411,0.9460305615374919,549.0943009971444,1259.0811746891327
2,0,0,25,0.0,0.0,2.3333333333333335,1.9411764705882353,0.9026351325370293,778.6733007161793,2200.1691004791483
2,0,0,26,0.0,0.0,3.892156862745098,2.7058823529411766,0.8678162208862235,1317.5522839377647,3179.7268474082957
2,0,0,27,0.0,0.0,1.7156862745098038,1.1764705882352942,0.9293556665933075,524.9450810533115,1560.4223183024717
2,0,0,28,7.0,1.0,5.470588235294118,2.764705882352941,0.825342723082525,1752.263007591949,4094.8104628233536
2,0,0,29,0.0,0.0,0.7156862745098039,0.9411764705882353,0.9705729249055993,230.85109903802112,589.7457160467286
2,0,0,30,0.0,0.0,4.284313725490196,1.9803921568627452,0.8571271048172487,1519.4659670679014,3436.7946440511832
2,0,0,31,0.0,0.0,2.696078431372549,0.5882352941176471,0.9443232430511465,621.3885295372448,1303.8997357374226
2,0,0,32,0.0,0.0,3.549019607843137,2.3333333333333335,0.8712093596574643,1287.205481041579,3120.548868099553
2,0,0,33,0.0,0.0,0.6274509803921569,1.3529411764705883,0.9629615304718641,281.19045987028767,721.3521517130594
2,0,0,34,0.0,0.0,4.401960784313726,1.8627450980392157,0.8860439117637737,1364.43219796457,2789.5349817848546
2,0,0,35,0.0,0.0,3.4901960784313726,2.3137254901960786,0.8827262898119805,1071.542636462891,2855.3722552215886
2,0,0,36,0.0,0.0,3.0784313725490198,2.764705882352941,0.8760490409892686,1180.9878688202166,2946.6848428054077
2,0,0,37,0.0,0.0,0.6568627450980392,0.8431372549019608,0.9582009945819085,229.73416491976684,925.0288721672889
2,0,0,38,0.0,0.0,3.8333333333333335,2.411764705882353,0.8689209156080988,1349.1438499239603,3016.4503994422344
2,0,0,39,0.0,0.0,2.8333333333333335,0.6666666666666666,0.9347495283043453,757.6724673142364,1541.6612192289301
2,0,0,40,0.0,0.0,0.4117647058823529,1.1372549019607843,0.9602205841123707,233.80947188325732,885.817657921138
2,0,0,41,0.0,0.0,1.0392156862745099,1.0588235294117647,0.96038807315161,299.38236829002153,780.3716000266932
2,0,0,42,0.0,0.0,2.235294117647059,4.411764705882353,0.8278071997475869,1414.6570805955319,4242.9554704645325
2,0,0,43,11.0,1.0,5.2254901960784315,2.7058823529411766,0.8245971971597972,1867.0251002618027,4189.36916934451
2,0,0,44,0.0,0.0,4.235294117647059,1.1568627450980393,0.8972755494659714,1208.4898522585238,2525.4601299328842
2,0,0,45,0.0,0.0,1.9215686274509804,1.0,0.9474997084476354,451.2510312386587,1167.969567590512
2,0,0,46,0.0,0.0,1.8137254901960784,1.4509803921568627,0.9376530690866267,585.149980141144,1434.6091852427699
2,0,0,47,0.0,0.0,1.6372549019607843,2.6470588235294117,0.8918284513314618,766.1555206894732,2360.0904895023414
2,0,0,48,0.0,0.0,2.2745098039215685,3.0,0.8625396250515095,1048.9873839682464,3147.0817580542803
2,0,0,49,0.0,0.0,2.1470588235294117,3.627450980392157,0.8500586403102698,1210.4037823865556,3695.3117776190525
2,0,0,50,3.0,0.0,3.7450980392156863,2.803921568627451,0.8521028822121973,1489.2830182622192,3507.1712378600546
2,0,0,51,0.0,0.0,1.5490196078431373,2.3529411764705883,0.8946296942309414,738.4789886649211,2315.5742292373834
2,0,0,52,0.0,0.0,2.5294117647058822,2.8627450980392157,0.8657247227002408,1157.529842029871,3208.7104083506138
2,0,0,53,0.0,0.0,2.696078431372549,2.5098039215686274,0.882966932593661,978.5752292233112,2451.821668227772
2,0,0,54,14.0,1.0,5.588235294117647,4.078431372549019,0.7668778829392294,2380.0733698910203,5771.762793805953
2,0,0,55,0.0,0.0,0.7254901960784313,0.6078431372549019,0.9724760390848468,207.13120138942384,538.124853793209
2,0,0,56,0.0,0.0,1.6862745098039216,1.2352941176470589,0.9413249048035573,505.07533347785534,1195.1918389311668
2,0,0,57,0.0,0.0,1.3823529411764706,0.43137254901960786,0.9697137275769272,292.0391618173225,625.7303742687667
2,0,0,58,0.0,0.0,2.696078431372549,0.8823529411764706,0.9252553999183726,854.8420102452587,1789.3732531475512
2,0,0,59,0.0,0.0,2.088235294117647,2.196078431372549,0.8787513823463525,1010.2929384092139,2824.106411909666
2,0,1,0,0.0,0.0,1.2843137254901962,0.8627450980392157,0.9302378670397284,499.5432724299095,1420.7528572314332
2,0,1,1,0.0,0.0,2.107843137254902,0.0,0.9594145664412618,447.3646428660048,903.7230073956475
2,0,1,2,0.0,0.0,4.519607843137255,0.7058823529411765,0.9033756553999598,1271.6689414762207,2569.3995379555136
2,0,1,3,0.0,0.0,0.46078431372549017,0.0,0.9907575100608206,76.85017962604634,184.79899674641732
2,0,1,4,0.0,0.0,0.30392156862745096,0.0,0.9947765476978198,41.964600496643556,104.68515502154199
2,0,1,5,0.0,0.0,0.5980392156862745,0.0,0.9879193063763739,94.84244039575346,237.99274756869877
2,0,1,6,0.0,0.0,2.9215686274509802,0.39215686274509803,0.9183250413826918,809.2469651688111,1773.2859880954215
2,0,1,7,0.0,0.0,0.8137254901960784,0.0,0.9809431014029285,110.6272004075673,375.0273665747458
2,0,1,8,0.0,0.0,0.30392156862745096,0.0,0.9933919481947231,49.15513936196924,128.11857428682313
2,0,1,9,0.0,0.0,2.9411764705882355,0.9411764705882353,0.9217405842122429,717.7908208662087,1681.4536733621817
2,0,1,10,0.0,0.0,2.0098039215686274,0.1568627450980392,0.9630003659716208,330.0676632990933,805.5258402184955
2,0,1,11,0.0,0.0,1.9509803921568627,0.29411764705882354,0.9614060386179714,367.4071473125497,848.1508605899206
2,0,1,12,0.0,0.0,0.30392156862745096,0.0,0.9934344212152273,49.32854770439032,127.73981518067978
2,0,1,13,0.0,0.0,0.8529411764705882,0.0,0.9763916768919524,157.67026440130746,470.2259973576911
2,0,1,14,0.0,0.0,2.7745098039215685,0.7058823529411765,0.916767983749947,855.9973806401848,1844.5285361986205
2,0,1,15,0.0,0.0,1.3137254901960784,0.7058823529411765,0.9511897314532584,404.24196525177604,999.303972110082
2,0,1,16,0.0,0.0,1.4803921568627452,0.37254901960784315,0.9527944638808359,401.2847880774999,968.26504410973
2,0,1,17,0.0,0.0,2.3627450980392157,1.2941176470588236,0.9163806515165681,647.9255888175063,1879.1773097569626
2,0,1,18,0.0,0.0,1.7058823529411764,0.1568627450980392,0.963936995355986,450.6580582963165,841.1439966675314
2,0,1,19,0.0,0.0,1.803921568627451,0.1568627450980392,0.9672274389520132,306.0012011084557,719.9721403917844
2,0,1,20,0.0,0.0,2.5294117647058822,0.35294117647058826,0.9410259712645627,518.662508467617,1240.2587195056549
2,0,1,21,0.0,0.0,1.6862745098039216,0.0,0.9676508694280948,390.01155237324315,718.6720057282037
2,0,1,22,0.0,0.0,0.7058823529411765,0.37254901960784315,0.9648531571584669,292.2408809875512,721.7582992928085
2,0,1,23,0.0,0.0,3.2941176470588234,0.7058823529411765,0.9271807882878956,1011.543785308708,1987.4657068359563
2,0,1,24,0.0,0.0,1.8431372549019607,0.23529411764705882,0.9661442858022594,339.5785163647085,748.134716375286
2,0,1,25,0.0,0.0,0.8235294117647058,0.0,0.9799496410008728,124.89461222504715,394.010462118428
2,0,1,26,0.0,0.0,2.549019607843137,0.6862745098039216,0.9292002879036699,644.7560517951408,1520.9990312123161
2,0,1,27,0.0,0.0,0.46078431372549017,0.0,0.9851799872612547,91.52972988704296,295.4237326694092
2,0,1,28,0.0,0.0,3.0784313725490198,0.2549019607843137,0.9184853256875737,731.8318112236495,1738.5267300166215
2,0,1,29,0.0,0.0,0.29411764705882354,0.0,0.9955279903686836,29.67891734672701,89.29376429141521
2,0,1,30,0.0,0.0,2.411764705882353,0.45098039215686275,0.928568274950751,713.0457144841124,1528.2408995742458
2,0,1,31,0.0,0.0,1.803921568627451,0.1568627450980392,0.9641559336441614,350.03931384362807,772.2511204629783
2,0,1,32,0.0,0.0,1.6764705882352942,0.1568627450980392,0.9679582744093379,296.0841349879713,697.576679176811
2,0,1,33,0.0,0.0,0.14705882352941177,0.0,0.997093559116728,23.510100234102797,52.77430080620039
2,0,1,34,0.0,0.0,2.4215686274509802,0.11764705882352941,0.9484282681596992,522.3065963233258,1131.5838016606756
2,0,1,35,0.0,0.0,2.549019607843137,0.7058823529411765,0.9275035239274289,570.7345867737693,1578.8945261223562
2,0,1,36,0.0,0.0,2.235294117647059,0.7254901960784313,0.9317324460773723,583.3354953640082,1446.6248455994275
2,0,1,37,0.0,0.0,0.5882352941176471,0.0,0.9829492590541385,87.9785942959903,335.939895303636
2,0,1,38,0.0,0.0,1.8529411764705883,0.0,0.9580571900137514,466.4568249997568,914.0124325545413
2,0,1,39,0.0,0.0,1.8333333333333333,0.0,0.9653135042578161,401.1192792022059,766.8450069628807
2,0,1,40,0.0,0.0,0.30392156862745096,0.0,0.9878422564644428,63.63369508962835,238.1910722771278
2,0,1,41,0.0,0.0,0.46078431372549017,0.0,0.9904895751759395,72.22473241826016,189.49413132220343
2,0,1,42,0.0,0.0,0.2549019607843137,0.0,0.9857170438755208,63.934157363492645,260.50238519382015
2,0,1,43,0.0,0.0,3.2745098039215685,0.39215686274509803,0.9134605313135045,860.234032309728,1844.7703135420243
2,0,1,44,0.0,0.0,2.3823529411764706,0.1568627450980392,0.9467825254398038,563.4924997439797,1210.0334210255114
2,0,1,45,0.0,0.0,1.2254901960784315,0.0,0.9721456953970654,177.15629318758366,559.5468972687901
2,0,1,46,0.0,0.0,0.6372549019607843,0.0,0.9823644391350413,104.1695391148193,348.8684638229125
2,0,1,47,0.0,0.0,0.6078431372549019,0.0,0.9806319949547703,118.57372920604716,384.2907575716952
2,0,1,48,0.0,0.0,1.0490196078431373,0.6274509803921569,0.9581957882419926,267.4089808005586,883.9832441354832
2,0,1,49,0.0,0.0,0.2549019607843137,0.0,0.9859124498432054,63.454399266320316,258.6213036936185
2,0,1,50,0.0,0.0,1.6764705882352942,0.1568627450980392,0.9677070523606561,296.89544525379375,699.9550490286878
2,0,1,51,0.0,0.0,0.45098039215686275,0.0,0.9840245923392228,93.60583027187398,317.6717102507899
2,0,1,52,0.0,0.0,1.0686274509803921,0.7058823529411765,0.9444503248045034,437.1952387274463,1143.0513135649899
2,0,1,53,0.0,0.0,0.6176470588235294,0.0,0.9853124885972079,111.9628385006986,289.52595443074
2,0,1,54,0.0,0.0,2.392156862745098,0.39215686274509803,0.9208957858544328,767.9664935488854,1664.5789736891425
2,0,1,55,0.0,0.0,0.30392156862745096,0.0,0.994104432911541,46.2133237322239,120.67450529475308
2,0,1,56,0.0,0.0,0.3333333333333333,0.0,0.9936493206176206,32.100222557284674,120.31241626239083
2,0,1,57,0.0,0.0,0.0,0.0,0.9992413690378501,3.4447696517894406,7.559252888676757
2,0,1,58,0.0,0.0,2.0,0.0,0.9612205837802333,470.9287726546806,886.126414582245
2,0,1,59,0.0,0.0,0.18627450980392157,0.0,0.9954886601391566,24.714958770831178,81.27761950121288
2,0,2,0,0.0,0.0,0.14705882352941177,0.0,0.9968275362767353,20.92856074707527,57.564063762922274
2,0,2,1,0.0,0.0,1.7941176470588236,0.0,0.9640940607635827,382.0277273311618,762.0528505911259
2,0,2,2,0.0,0.0,3.8333333333333335,0.49019607843137253,0.9192036275972896,934.6483194626869,1898.2043700082797
2,0,2,3,0.0,0.0,0.4411764705882353,0.0,0.991963827635601,67.89174970882627,163.11607999459926
2,0,2,4,0.0,0.0,0.14705882352941177,0.0,0.9971410073868263,19.869085619377227,54.36846538788063
2,0,2,5,0.0,0.0,0.3235294117647059,0.0,0.9930326427385091,50.62999748757513,130.8130956909479
2,0,2,6,0.0,0.0,2.2450980392156863,0.0,0.9501126653728008,461.61084204516004,1025.575805284204
2,0,2,7,0.0,0.0,0.5588235294117647,0.0,0.9886610059771587,67.9666315287738,225.71871251536692
2,0,2,8,0.0,0.0,0.29411764705882354,0.0,0.9944032335128091,42.774222945619904,111.16134608918986
2,0,2,9,0.0,0.0,1.3725490196078431,0.0,0.9748314813618583,216.59677282170335,514.5067370080076
2,0,2,10,0.0,0.0,1.4901960784313726,0.0,0.9721469194237978,229.87828163954364,574.5286839686032
2,0,2,11,0.0,0.0,1.196078431372549,0.0,0.9777087192594167,187.86009841450812,463.5001307505583
2,0,2,12,0.0,0.0,0.29411764705882354,0.0,0.9944032335128091,42.7742229456199,111.16134608918983
2,0,2,13,0.0,0.0,0.43137254901960786,0.0,0.9900640431684126,60.40612023193579,197.23437743694993
2,0,2,14,0.0,0.0,1.8529411764705883,0.0,0.9574937092845107,422.42390724776715,897.8003110243974
2,0,2,15,0.0,0.0,0.14705882352941177,0.0,0.9967010394864766,23.807333869267282,62.04788347242146
2,0,2,16,0.0,0.0,0.14705882352941177,0.0,0.996964585721782,19.995623213108882,56.07629971371951
2,0,2,17,0.0,0.0,0.43137254901960786,0.0,0.9885560961077037,63.500946336246905,212.50387379263262
2,0,2,18,0.0,0.0,1.5098039215686274,0.0,0.9707651461013865,350.8105860504988,638.7361099469299
2,0,2,19,0.0,0.0,1.411764705882353,0.0,0.974060968787238,212.45291456964102,536.0700146709388
2,0,2,20,0.0,0.0,1.6274509803921569,0.0,0.9679954681581716,247.30536271082218,658.6236323494869
2,0,2,21,0.0,0.0,1.3529411764705883,0.0,0.9729572048290507,324.0243452335489,578.9021006026697
2,0,2,22,0.0,0.0,0.0,0.0,0.9998474093368147,0.761810575504801,1.454884583683963
2,0,2,23,0.0,0.0,2.843137254901961,0.49019607843137253,0.9385736873813687,744.0284980481208,1467.479294442255
2,0,2,24,0.0,0.0,1.3431372549019607,0.0,0.9763877296091952,208.6293509458145,493.061918204565
2,0,2,25,0.0,0.0,0.43137254901960786,0.0,0.9896534231137037,62.147621501381984,201.35632268409398
2,0,2,26,0.0,0.0,1.196078431372549,0.0,0.9777241572796359,187.9506191384258,463.34985235973386
2,0,2,27,0.0,0.0,0.29411764705882354,0.0,0.9951370146415836,42.38596259664065,94.64472444740841
2,0,2,28,0.0,0.0,2.0294117647058822,0.0,0.9572457604196045,416.04295431655964,899.1336698003339
2,0,2,29,0.0,0.0,0.0,0.0,0.9993844554685366,2.021272904152975,6.259132136246031
2,0,2,30,0.0,0.0,1.6862745098039216,0.0,0.9599643357819269,391.75392243364774,840.7057714587745
2,0,2,31,0.0,0.0,1.196078431372549,0.0,0.9778719544595407,187.2071580412133,461.93931344436834
2,0,2,32,0.0,0.0,1.196078431372549,0.0,0.9777087192594167,187.86009841450812,463.5001307505583
2,0,2,33,0.0,0.0,0.0,0.0,0.9996855461837734,1.4347329215632363,3.181599058374211
2,0,2,34,0.0,0.0,1.9509803921568627,0.0,0.9597074254465182,400.89405237475023,852.992813248017
2,0,2,35,0.0,0.0,1.3431372549019607,0.0,0.9732879080663088,220.0881993576655,539.0017421537113
2,0,2,36,0.0,0.0,0.7058823529411765,0.0,0.9856787167776707,90.3269070899322,284.56448232311186
2,0,2,37,0.0,0.0,0.0,0.0,0.9985708363873194,4.5531303176995435,14.61599378650708
2,0,2,38,0.0,0.0,1.588235294117647,0.0,0.968929621914368,347.3523789100546,661.2109257057025
2,0,2,39,0.0,0.0,1.3529411764705883,0.0,0.9726189200109651,324.8238051733389,582.3366494031989
2,0,2,40,0.0,0.0,0.14705882352941177,0.0,0.9977444492021964,16.597145981847184,41.084827567490606
2,0,2,41,0.0,0.0,0.4411764705882353,0.0,0.9917415636599113,63.70139807968637,166.94706833874247
2,0,2,42,0.0,0.0,0.0,0.0,0.9993566370534638,2.403687325343565,6.5274758242403115
2,0,2,43,0.0,0.0,2.0686274509803924,0.0,0.952215442273226,479.5908212946152,990.059336682375
2,0,2,44,0.0,0.0,1.9803921568627452,0.0,0.9587567344609017,420.92479941333113,886.5174395053074
2,0,2,45,0.0,0.0,0.8333333333333334,0.0,0.9835519468461894,90.23308842011947,322.6837152421612
2,0,2,46,0.0,0.0,0.43137254901960786,0.0,0.9900568129809283,60.41089249345633,197.31327352178047
2,0,2,47,0.0,0.0,0.4411764705882353,0.0,0.991266229396779,65.43379555344285,171.86938118847434
2,0,2,48,0.0,0.0,0.14705882352941177,0.0,0.9960436803808261,21.22241045424216,65.5160164964193
2,0,2,49,0.0,0.0,0.0,0.0,0.9993566370534638,2.403687325343565,6.5274758242403115
2,0,2,50,0.0,0.0,1.196078431372549,0.0,0.9777087192594167,187.86009841450812,463.5001307505583
2,0,2,51,0.0,0.0,0.29411764705882354,0.0,0.9940959279330815,43.835330567789306,114.4784959644134
2,0,2,52,0.0,0.0,0.0,0.0,0.9991070736347192,3.12743200106342,8.748495390822987
2,0,2,53,0.0,0.0,0.17647058823529413,0.0,0.9963893989722576,24.90732173300119,67.74873405715239
2,0,2,54,0.0,0.0,1.6666666666666667,0.0,0.9599871047115903,400.89267475948714,838.9330672820129
2,0,2,55,0.0,0.0,0.29411764705882354,0.0,0.9945712621962142,42.102933094032835,109.55618311468145
2,0,2,56,0.0,0.0,0.14705882352941177,0.0,0.9968831129842478,19.344600074711575,56.89561402814552
2,0,2,57,0.0,0.0,0.0,0.0,0.9999933371575197,0.022236188416284716,0.06174346464994426
2,0,2,58,0.0,0.0,1.8529411764705883,0.0,0.9649803397684433,386.15662615388277,731.3923325631417
2,0,2,59,0.0,0.0,0.14705882352941177,0.0,0.9970295793171848,19.365241201809372,55.2988780782712
2,0,3,0,0.0,0.0,0.0,0.0,1.0,0.0,0.0
2,0,3,1,0.0,0.0,0.14705882352941177,0.0,0.9970536897171994,21.24388070922346,57.02254348129909
2,0,3,2,0.0,0.0,0.5588235294117647,0.0,0.9899899876620769,66.33678508073127,199.25378564531343
2,0,3,3,0.0,0.0,0.0,0.0,0.9996848880426062,1.0885706849773382,3.0378551439338435
2,0,3,4,0.0,0.0,0.0,0.0,1.0,0.0,0.0
2,0,3,5,0.0,0.0,0.0,0.0,0.9998440729883193,0.350141128446175,1.5042364637263577
2,0,3,6,0.0,0.0,0.14705882352941177,0.0,0.9968945047714858,21.982310265754627,58.55616216150658
2,0,3,7,0.0,0.0,0.0,0.0,0.999421822439697,1.9420510034118572,5.816745647225233
2,0,3,8,0.0,0.0,0.0,0.0,0.9998440729883193,0.350141128446175,1.5042364637263577
2,0,3,9,0.0,0.0,0.4117647058823529,0.0,0.9927803709331969,45.44304549995402,143.7354786277407
2,0,3,10,0.0,0.0,0.4117647058823529,0.0,0.9926244439215175,45.7931866284002,145.23971509146702
2,0,3,11,0.0,0.0,0.4117647058823529,0.0,0.9927803709331969,45.44304549995402,143.7354786277407
2,0,3,12,0.0,0.0,0.0,0.0,0.9998440729883193,0.350141128446175,1.5042364637263577
2,0,3,13,0.0,0.0,0.0,0.0,0.999421822439697,1.9420510034118572,5.816745647225233
2,0,3,14,0.0,0.0,0.14705882352941177,0.0,0.9971858235881847,20.985008398657094,55.740343062653125
2,0,3,15,0.0,0.0,0.0,0.0,0.999999914014102,0.00029937512547655016,0.0007954918776218733
2,0,3,16,0.0,0.0,0.0,0.0,1.0,0.0,0.0
2,0,3,17,0.0,0.0,0.0,0.0,0.999421822439697,1.9420510034118572,5.816745647225233
2,0,3,18,0.0,0.0,0.14705882352941177,0.0,0.9971858235881847,20.985008398657094,55.740343062653125
2,0,3,19,0.0,0.0,0.4117647058823529,0.0,0.9927803709331969,45.44304549995402,143.7354786277407
2,0,3,20,0.0,0.0,0.4117647058823529,0.0,0.992202193372894,47.38509650336588,149.5522242749659
2,0,3,21,0.0,0.0,0.14705882352941177,0.0,0.9972096167288794,20.893739580777282,55.51830701757274
2,0,3,22,0.0,0.0,0.0,0.0,1.0,0.0,0.0
2,0,3,23,0.0,0.0,0.5588235294117647,0.0,0.9899899876620769,66.33678508073127,199.25378564531343
2,0,3,24,0.0,0.0,0.4117647058823529,0.0,0.9927803709331969,45.44304549995402,143.7354786277407
2,0,3,25,0.0,0.0,0.0,0.0,0.999421822439697,1.9420510034118572,5.816745647225233
2,0,3,26,0.0,0.0,0.4117647058823529,0.0,0.9927803709331969,45.44304549995402,143.7354786277407
2,0,3,27,0.0,0.0,0.0,0.0,0.9998170219135916,0.8296983744109742,1.7556547252878802
2,0,3,28,0.0,0.0,0.14705882352941177,0.0,0.9966314391685761,22.835790584189137,61.33505266479798
2,0,3,29,0.0,0.0,0.0,0.0,1.0,0.0,0.0
2,0,3,30,0.0,0.0,0.14705882352941177,0.0,0.9972096167288794,20.893739580777282,55.51830701757274
2,0,3,31,0.0,0.0,0.4117647058823529,0.0,0.9927803709331969,45.44304549995402,143.7354786277407
2,0,3,32,0.0,0.0,0.4117647058823529,0.0,0.9927803709331969,45.44304549995402,143.7354786277407
2,0,3,33,0.0,0.0,0.0,0.0,1.0,0.0,0.0
2,0,3,34,0.0,0.0,0.14705882352941177,0.0,0.9966314391685761,22.835790584189137,61.33505266479798
2,0,3,35,0.0,0.0,0.4117647058823529,0.0,0.9927803709331969,45.44304549995402,143.7354786277407
2,0,3,36,0.0,0.0,0.0,0.0,0.9994217364537988,1.9423503785373348,5.817541139102858
2,0,3,37,0.0,0.0,0.0,0.0,1.0,0.0,0.0
2,0,3,38,0.0,0.0,0.14705882352941177,0.0,0.9972096167288794,20.893739580777282,55.51830701757274
2,0,3,39,0.0,0.0,0.14705882352941177,0.0,0.9972096167288794,20.893739580777282,55.51830701757274
2,0,3,40,0.0,0.0,0.0,0.0,0.9999762068593047,0.09126881787981131,0.22203604508039193
2,0,3,41,0.0,0.0,0.0,0.0,0.9998439870024224,0.3504405035716516,1.5050319556039786
2,0,3,42,0.0,0.0,0.0,0.0,1.0,0.0,0.0
2,0,3,43,0.0,0.0,0.14705882352941177,0.0,0.9972096167288794,20.893739580777282,55.51830701757274
2,0,3,44,0.0,0.0,0.14705882352941177,0.0,0.9966076460278818,22.927059402068956,61.55708870987837
2,0,3,45,0.0,0.0,0.0,0.0,0.9993980292990017,2.0333198212916685,6.038781692305629
2,0,3,46,0.0,0.0,0.0,0.0,0.999421822439697,1.9420510034118572,5.816745647225233
2,0,3,47,0.0,0.0,0.0,0.0,0.9998439870024224,0.3504405035716516,1.5050319556039786
2,0,3,48,0.0,0.0,0.0,0.0,1.0,0.0,0.0
2,0,3,49,0.0,0.0,0.0,0.0,1.0,0.0,0.0
2,0,3,50,0.0,0.0,0.4117647058823529,0.0,0.9927803709331969,45.44304549995402,143.7354786277407
2,0,3,51,0.0,0.0,0.0,0.0,0.9998440729883193,0.350141128446175,1.5042364637263577
2,0,3,52,0.0,0.0,0.0,0.0,1.0,0.0,0.0
2,0,3,53,0.0,0.0,0.0,0.0,1.0,0.0,0.0
2,0,3,54,0.0,0.0,0.14705882352941177,0.0,0.9972096167288794,20.893739580777282,55.51830701757274
2,0,3,55,0.0,0.0,0.0,0.0,0.9998440729883193,0.350141128446175,1.5042364637263577
2,0,3,56,0.0,0.0,0.0,0.0,1.0,0.0,0.0
2,0,3,57,0.0,0.0,0.0,0.0,1.0,0.0,0.0
2,0,3,58,0.0,0.0,0.14705882352941177,0.0,0.9968945047714858,21.982310265754627,58.55616216150658
2,0,3,59,0.0,0.0,0.0,0.0,1.0,0.0,0.0
2,0,4,0,0.0,0.0,0.0,0.0,1.0,0.0,0.0
2,0,4,1,0.0,0.0,0.0,0.0,1.0,0.0,0.0
2,0,4,2,0.0,0.0,0.0,0.0,1.0,0.0,0.0
2,0,4,3,0.0,0.0,0.0,0.0,1.0,0.0,0.0
2,0,4,4,0.0,0.0,0.0,0.0,1.0,0.0,0.0
2,0,4,5,0.0,0.0,0.0,0.0,1.0,0.0,0.0
2,0,4,6,0.0,0.0,0.0,0.0,1.0,0.0,0.0
2,0,4,7,0.0,0.0,0.0,0.0,1.0,0.0,0.0
2,0,4,8,0.0,0.0,0.0,0.0,1.0,0.0,0.0
2,0,4,9,0.0,0.0,0.0,0.0,1.0,0.0,0.0
2,0,4,10,0.0,0.0,0.0,0.0,1.0,0.0,0.0
2,0,4,11,0.0,0.0,0.0,0.0,1.0,0.0,0.0
2,0,4,12,0.0,0.0,0.0,0.0,1.0,0.0,0.0
2,0,4,13,0.0,0.0,0.0,0.0,1.0,0.0,0.0
2,0,4,14,0.0,0.0,0.0,0.0,1.0,0.0,0.0
2,0,4,15,0.0,0.0,0.0,0.0,1.0,0.0,0.0
2,0,4,16,0.0,0.0,0.0,0.0,1.0,0.0,0.0
2,0,4,17,0.0,0.0,0.0,0.0,1.0,0.0,0.0
2,0,4,18,0.0,0.0,0.0,0.0,1.0,0.0,0.0
2,0,4,19,0.0,0.0,0.0,0.0,1.0,0.0,0.0
2,0,4,20,0.0,0.0,0.0,0.0,1.0,0.0,0.0
2,0,4,21,0.0,0.0,0.0,0.0,1.0,0.0,0.0
2,0,4,22,0.0,0.0,0.0,0.0,1.0,0.0,0.0
2,0,4,23,0.0,0.0,0.0,0.0,1.0,0.0,0.0
2,0,4,24,0.0,0.0,0.0,0.0,1.0,0.0,0.0
2,0,4,25,0.0,0.0,0.0,0.0,1.0,0.0,0.0
2,0,4,26,0.0,0.0,0.0,0.0,1.0,0.0,0.0
2,0,4,27,0.0,0.0,0.0,0.0,1.0,0.0,0.0
2,0,4,28,0.0,0.0,0.0,0.0,1.0,0.0,0.0
2,0,4,29,0.0,0.0,0.0,0.0,1.0,0.0,0.0
2,0,4,30,0.0,0.0,0.0,0.0,1.0,0.0,0.0
2,0,4,31,0.0,0.0,0.0,0.0,1.0,0.0,0.0
2,0,4,32,0.0,0.0,0.0,0.0,1.0,0.0,0.0
2,0,4,33,0.0,0.0,0.0,0.0,1.0,0.0,0.0
2,0,4,34,0.0,0.0,0.0,0.0,1.0,0.0,0.0
2,0,4,35,0.0,0.0,0.0,0.0,1.0,0.0,0.0
2,0,4,36,0.0,0.0,0.0,0.0,1.0,0.0,0.0
2,0,4,37,0.0,0.0,0.0,0.0,1.0,0.0,0.0
2,0,4,38,0.0,0.0,0.0,0.0,1.0,0.0,0.0
2,0,4,39,0.0,0.0,0.0,0.0,1.0,0.0,0.0
2,0,4,40,0.0,0.0,0.0,0.0,1.0,0.0,0.0
2,0,4,41,0.0,0.0,0.0,0.0,1.0,0.0,0.0
2,0,4,42,0.0,0.0,0.0,0.0,1.0,0.0,0.0
2,0,4,43,0.0,0.0,0.0,0.0,1.0,0.0,0.0
2,0,4,44,0.0,0.0,0.0,0.0,1.0,0.0,0.0
2,0,4,45,0.0,0.0,0.0,0.0,1.0,0.0,0.0
2,0,4,46,0.0,0.0,0.0,0.0,1.0,0.0,0.0
2,0,4,47,0.0,0.0,0.0,0.0,1.0,0.0,0.0
2,0,4,48,0.0,0.0,0.0,0.0,1.0,0.0,0.0
2,0,4,49,0.0,0.0,0.0,0.0,1.0,0.0,0.0
2,0,4,50,0.0,0.0,0.0,0.0,1.0,0.0,0.0
2,0,4,51,0.0,0.0,0.0,0.0,1.0,0.0,0.0
2,0,4,52,0.0,0.0,0.0,0.0,1.0,0.0,0.0
2,0,4,53,0.0,0.0,0.0,0.0,1.0,0.0,0.0
2,0,4,54,0.0,0.0,0.0,0.0,1.0,0.0,0.0
2,0,4,55,0.0,0.0,0.0,0.0,1.0,0.0,0.0
2,0,4,56,0.0,0.0,0.0,0.0,1.0,0.0,0.0
2,0,4,57,0.0,0.0,0.0,0.0,1.0,0.0,0.0
2,0,4,58,0.0,0.0,0.0,0.0,1.0,0.0,0.0
2,0,4,59,0.0,0.0,0.0,0.0,1.0,0.0,0.0
2,1,0,0,17.0,1.0,6.5588235294117645,8.450980392156863,0.6577908168860163,3589.926972915035,9968.616928684984
2,1,0,1,11.0,1.0,5.401960784313726,4.0,0.8128191173854274,2112.7547078773587,4890.281717215088
2,1,0,2,13.0,1.0,7.813725490196078,6.137254901960785,0.7359742605638672,3218.2574959460167,7430.839734806643
2,1,0,3,0.0,0.0,2.4705882352941178,3.2549019607843137,0.893817059215797,1015.0334947939319,2480.3940903052962
2,1,0,4,0.0,0.0,0.4803921568627451,0.0,0.982910296258145,140.40367227835978,324.52855048076634
2,1,0,5,10.0,1.0,3.696078431372549,5.352941176470588,0.7984400770742971,1750.575675470982,4767.772487682027
2,1,0,6,18.0,1.0,10.264705882352942,9.823529411764707,0.5954231264090445,4886.166983022231,11878.232202870235
2,1,0,7,0.0,0.0,2.088235294117647,2.392156862745098,0.9199354137779078,762.9455795349079,1885.1134262874853
2,1,0,8,6.0,1.0,2.3529411764705883,3.843137254901961,0.8396491518313516,1447.8644695020216,3922.241729200946
2,1,0,9,15.0,1.0,8.656862745098039,7.980392156862745,0.6779219603417133,3406.1735955648446,8362.017931552331
2,1,0,10,10.0,1.0,5.117647058823529,4.901960784313726,0.8131859494945121,1862.5034570751156,4604.401631040352
2,1,0,11,11.0,1.0,5.235294117647059,4.509803921568627,0.7985286441779017,2100.5215109937726,5206.90058987108
2,1,0,12,8.0,1.0,2.911764705882353,4.509803921568627,0.8190543905547226,1651.3101054561798,4383.433928266173
2,1,0,13,1.0,0.0,3.3823529411764706,3.0980392156862746,0.8730652461102931,1240.190803908367,3092.8140024068757
2,1,0,14,15.0,1.0,8.882352941176471,7.529411764705882,0.6627836598331284,3818.1734112325203,9133.208077672456
2,1,0,15,9.0,1.0,4.862745098039215,5.117647058823529,0.7887791582989457,2026.629876887414,5200.3364002432
2,1,0,16,11.0,1.0,4.980392156862745,4.96078431372549,0.7618004899370484,2216.126697893136,5750.722246373508
2,1,0,17,17.0,1.0,7.911764705882353,9.058823529411764,0.6388980594054191,4002.052446384455,10778.26229408447
2,1,0,18,8.0,1.0,4.980392156862745,4.352941176470588,0.8141279717281709,1994.6178402231794,4561.266875189677
2,1,0,19,11.0,1.0,5.3431372549019605,4.1568627450980395,0.8086169421188082,1905.7016419508616,4774.012468730487
2,1,0,20,16.0,1.0,8.196078431372548,6.901960784313726,0.7260158699341158,3097.8049905857924,7249.337889919501
2,1,0,21,1.0,0.0,3.911764705882353,2.1176470588235294,0.8868112987824007,1391.3776368191607,2974.2107434766694
2,1,0,22,6.0,1.0,3.6176470588235294,4.784313725490196,0.8145243909938524,1814.5381983548891,4741.768045906063
2,1,0,23,8.0,1.0,5.754901960784314,3.784313725490196,0.8187467439254026,2227.8583750615744,5001.309276925297
2,1,0,24,4.0,1.0,4.009803921568627,2.588235294117647,0.875832874586061,1306.893466184669,3027.977846581756
2,1,0,25,6.0,1.0,3.4411764705882355,3.1372549019607843,0.8383916041204813,1456.493476193023,3932.4249250760104
2,1,0,26,14.0,1.0,8.156862745098039,8.098039215686274,0.6831721346098919,3375.6977544503357,8407.018535213596
2,1,0,27,0.0,0.0,2.176470588235294,2.0980392156862746,0.895046656176047,837.1776899941867,2484.721184159832
2,1,0,28,16.0,1.0,10.215686274509803,9.215686274509803,0.6122738898634726,4597.6146348664715,11278.593145100514
2,1,0,29,0.0,0.0,0.8627450980392157,1.0,0.9671571081720969,266.02645895672913,696.6084998253651
2,1,0,30,14.0,1.0,8.77450980392157,7.607843137254902,0.6677327504734799,3800.5581927024846,9126.445991289009
2,1,0,31,4.0,1.0,4.205882352941177,2.3529411764705883,0.8836018033378757,1270.8594565147243,2914.0324758433
2,1,0,32,11.0,1.0,5.892156862745098,4.980392156862745,0.7672741057791743,2507.8726288259627,6238.838022858727
2,1,0,33,0.0,0.0,0.696078431372549,1.3725490196078431,0.9619240342123021,294.8518966200082,755.9955368241215
2,1,0,34,11.0,1.0,6.117647058823529,3.588235294117647,0.8190036426039575,2273.458429969188,4881.161333628864
2,1,0,35,14.0,1.0,8.186274509803921,7.921568627450981,0.6880499028597655,3364.704833015863,8484.696482563424
2,1,0,36,11.0,1.0,5.401960784313726,5.9411764705882355,0.7617927960526382,2332.496451231901,6087.062985128658
2,1,0,37,0.0,0.0,0.9019607843137255,1.588235294117647,0.9328200389676348,419.3628446086276,1578.1884638508795
2,1,0,38,14.0,1.0,6.96078431372549,5.431372549019608,0.741280348195147,2823.60623052455,6672.0783267451225
2,1,0,39,4.0,1.0,4.4411764705882355,1.6274509803921569,0.8832322675192681,1472.8963456609545,3061.5986251829
2,1,0,40,0.0,0.0,0.7058823529411765,1.7450980392156863,0.9348324969263303,431.01453270524837,1541.1572263927717
2,1,0,41,0.0,0.0,1.0686274509803921,1.0980392156862746,0.9595480230968972,309.9863921751933,807.9175464534201
2,1,0,42,14.0,1.0,4.607843137254902,6.764705882352941,0.7374462284828499,2808.9028965681596,7909.848287810458
2,1,0,43,16.0,1.0,10.254901960784315,8.745098039215685,0.6207023477613772,4674.483731849335,11211.488664416098
2,1,0,44,9.0,1.0,6.166666666666667,3.2549019607843137,0.81944892385137,2181.927247139289,4806.718761040921
2,1,0,45,0.0,0.0,2.1176470588235294,1.5294117647058822,0.9324409275424391,631.9837454466993,1613.234457387926
2,1,0,46,0.0,0.0,2.019607843137255,1.7058823529411764,0.9289463971242823,764.3058132172157,1831.7604832067568
2,1,0,47,4.0,1.0,2.4901960784313726,3.980392156862745,0.8450146140122592,1209.0414216127942,3643.3789190002544
2,1,0,48,13.0,1.0,4.686274509803922,6.098039215686274,0.7436078543113269,2477.8344301319894,7032.642274149547
2,1,0,49,12.0,1.0,4.098039215686274,5.901960784313726,0.7611282959115173,2514.423996342528,7123.712103937461
2,1,0,50,14.0,1.0,6.519607843137255,6.352941176470588,0.7290971693901116,3036.317619632986,7402.401021024061
2,1,0,51,6.0,1.0,2.6176470588235294,4.1568627450980395,0.8401169702277382,1265.674205856229,3784.0502046751385
2,1,0,52,14.0,1.0,5.666666666666667,6.431372549019608,0.7250038710123605,2679.1713359873843,7294.549463211856
2,1,0,53,8.0,1.0,3.7058823529411766,3.7450980392156863,0.8335768019662967,1480.5483766556456,3817.3287719598425
2,1,0,54,19.0,1.0,11.568627450980392,11.450980392156863,0.5389905195792816,5878.1236169402555,14438.46502068827
2,1,0,55,0.0,0.0,0.8235294117647058,0.6666666666666666,0.9705798009104424,237.3014594032971,610.4354560835857
2,1,0,56,0.0,0.0,2.0,1.3137254901960784,0.931742375306401,614.4132482083357,1482.9083527123917
2,1,0,57,0.0,0.0,1.5588235294117647,0.5686274509803921,0.9638608266090681,359.3308132480083,788.6357277144429
2,1,0,58,7.0,1.0,4.745098039215686,2.7450980392156863,0.8542380674380611,1754.2469911093635,3862.0443907776116
2,1,0,59,9.0,1.0,3.4411764705882355,3.9607843137254903,0.8058125453770457,2009.8950560048438,5602.6687580991675
2,1,1,0,0.0,0.0,1.8137254901960784,1.4705882352941178,0.9018460028300979,747.2993408227915,2169.1414356055566
2,1,1,1,0.0,0.0,2.7549019607843137,0.45098039215686275,0.9386819388750286,754.6782895693076,1528.5550311680197
2,1,1,2,1.0,0.0,5.196078431372549,1.0980392156862746,0.8865353517550046,1694.528129555085,3501.282780989606
2,1,1,3,0.0,0.0,0.46078431372549017,0.0,0.9907573432531812,76.8513985871137,184.80053992406386
2,1,1,4,0.0,0.0,0.30392156862745096,0.0,0.9947419488356398,42.0596964905258,105.00523742855354
2,1,1,5,0.0,0.0,0.5980392156862745,0.0,0.9879193063763739,94.84244039575348,237.9927475686989
2,1,1,6,2.0,0.0,4.088235294117647,1.2745098039215685,0.8818433132679763,1328.4707223337302,2897.6407692698353
2,1,1,7,0.0,0.0,1.3529411764705883,0.17647058823529413,0.9707378597422093,220.21588058108216,616.8924139886187
2,1,1,8,0.0,0.0,0.30392156862745096,0.0,0.9933919481947231,49.155139361969255,128.11857428682316
2,1,1,9,0.0,0.0,3.735294117647059,1.3725490196078431,0.8989571616312496,1040.8668615496827,2407.2974996924345
2,1,1,10,0.0,0.0,2.627450980392157,0.5294117647058824,0.9486784284897946,551.7464732547588,1232.3916834934237
2,1,1,11,0.0,0.0,2.5,0.5098039215686274,0.9494049743350051,565.0733873464615,1236.3662767791839
2,1,1,12,0.0,0.0,0.30392156862745096,0.0,0.9934344212152273,49.32854770439033,127.7398151806798
2,1,1,13,0.0,0.0,1.5980392156862746,0.21568627450980393,0.9611192834868342,319.07919076919603,806.6474777186559
2,1,1,14,3.0,0.0,3.8529411764705883,1.3529411764705883,0.885354936673152,1362.8454567446538,2923.5703809357046
2,1,1,15,0.0,0.0,1.7352941176470589,0.8823529411764706,0.938252125343193,524.0743945612107,1326.5220569493877
2,1,1,16,0.0,0.0,1.9019607843137254,0.45098039215686275,0.9408330950110845,518.2432353409507,1279.8023382090273
2,1,1,17,1.0,0.0,2.9607843137254903,1.9803921568627452,0.8868718722895362,1004.2682682741731,2844.0949792424094
2,1,1,18,0.0,0.0,2.4705882352941178,0.47058823529411764,0.94606268899862,763.4468477086346,1429.2428197911963
2,1,1,19,0.0,0.0,2.5392156862745097,0.6078431372549019,0.9464415589763152,567.8539290399968,1272.3983598717844
2,1,1,20,0.0,0.0,4.107843137254902,1.2352941176470589,0.9057105583708277,980.4552536611295,2173.6074294779046
2,1,1,21,0.0,0.0,2.2941176470588234,0.4117647058823529,0.9501143587575998,680.2010294206204,1275.5998405275625
2,1,1,22,0.0,0.0,1.0686274509803921,0.7843137254901961,0.9471994743848717,452.5912797908084,1142.3816298702238
2,1,1,23,0.0,0.0,4.254901960784314,0.8431372549019608,0.909968845255074,1400.9716836561124,2817.961938081349
2,1,1,24,0.0,0.0,2.264705882352941,0.5098039215686274,0.9558814374186552,508.10953396426663,1086.5743752587066
2,1,1,25,0.0,0.0,1.3725490196078431,0.23529411764705882,0.9677829762440292,241.44080127934356,668.6949083784075
2,1,1,26,0.0,0.0,3.715686274509804,1.5294117647058822,0.8947441610147329,1071.3244147161922,2498.8231170418094
2,1,1,27,0.0,0.0,0.46078431372549017,0.0392156862745098,0.9826318706280666,107.27518776667311,344.6837507302326
2,1,1,28,2.0,0.0,4.637254901960785,1.5294117647058822,0.8698539101593662,1368.7448277032468,3117.22779152314
2,1,1,29,0.0,0.0,0.29411764705882354,0.0,0.9955279903686836,29.678917346727015,89.29376429141521
2,1,1,30,1.0,0.0,3.607843137254902,1.0392156862745099,0.8974270979652337,1156.0141451495442,2527.527423218048
2,1,1,31,0.0,0.0,2.735294117647059,0.5686274509803921,0.9445346371544079,639.7374146354581,1338.5791845929843
2,1,1,32,0.0,0.0,2.4705882352941178,0.5098039215686274,0.9491786210716273,558.3400902874291,1221.0379621855957
2,1,1,33,0.0,0.0,0.14705882352941177,0.0,0.997093559116728,23.510100234102797,52.774300806200394
2,1,1,34,0.0,0.0,3.7745098039215685,0.7058823529411765,0.9183145744886829,991.3711673941691,2033.5531615550067
2,1,1,35,0.0,0.0,3.676470588235294,1.4705882352941178,0.8955873561432065,1047.313807169701,2619.658428764747
2,1,1,36,0.0,0.0,2.7745098039215685,1.1176470588235294,0.9123467176868427,799.9653274545033,2040.2002897255843
2,1,1,37,0.0,0.0,0.5882352941176471,0.0392156862745098,0.9804087496108892,103.67534906641635,385.133341289965
2,1,1,38,0.0,0.0,3.1666666666666665,0.7058823529411765,0.9212013096989029,937.3280316498232,1907.1878912250902
2,1,1,39,0.0,0.0,2.735294117647059,0.4117647058823529,0.9439393680051834,727.5845074325053,1412.9761257484813
2,1,1,40,0.0,0.0,0.30392156862745096,0.0392156862745098,0.9853001584365749,79.34793126283454,287.40322704796324
2,1,1,41,0.0,0.0,0.46078431372549017,0.0,0.9904895751759395,72.22473241826016,189.49413132220343
2,1,1,42,0.0,0.0,0.29411764705882354,0.11764705882352941,0.9789709717666177,105.40967380331492,380.0908334422051
2,1,1,43,3.0,0.0,4.5,1.2549019607843137,0.8762022735201089,1391.4543051964665,3048.2923143036323
2,1,1,44,0.0,0.0,3.656862745098039,0.9019607843137255,0.9151655123901041,1076.4850976191262,2194.0513163571886
2,1,1,45,0.0,0.0,1.696078431372549,0.23529411764705882,0.9606596718668318,303.35547356018446,825.7771365491537
2,1,1,46,0.0,0.0,1.1666666666666667,0.35294117647058826,0.9676010819454436,247.79145628576532,676.6878743538223
2,1,1,47,0.0,0.0,0.6078431372549019,0.0392156862745098,0.9780561061136656,134.4157439871744,433.814224416113
2,1,1,48,0.0,0.0,1.2352941176470589,0.7058823529411765,0.9492261353680315,364.3273028540349,1218.9894007024645
2,1,1,49,0.0,0.0,0.29411764705882354,0.11764705882352941,0.9791568256737905,104.97304226806958,378.2748133987812
2,1,1,50,0.0,0.0,2.480392156862745,0.5882352941176471,0.9439667270566702,612.2776343614171,1336.6571844398939
2,1,1,51,0.0,0.0,0.45098039215686275,0.0392156862745098,0.981448796856672,109.44573422182722,367.1903385682289
2,1,1,52,0.0,0.0,1.4411764705882353,0.8823529411764706,0.9315633976139136,559.3829149060822,1489.9762147824674
2,1,1,53,0.0,0.0,0.7843137254901961,0.0,0.980974427134831,150.4101857644462,384.8740748678772
2,1,1,54,4.0,1.0,3.823529411764706,1.3725490196078431,0.8729491933481905,1383.0543766262826,3095.107492313802
2,1,1,55,0.0,0.0,0.30392156862745096,0.0,0.994104432911541,46.2133237322239,120.67450529475308
2,1,1,56,0.0,0.0,0.3333333333333333,0.0,0.9936147217554409,32.19531855116692,120.63249866940237
2,1,1,57,0.0,0.0,0.0,0.0,0.9992413690378501,3.4447696517894406,7.559252888676757
2,1,1,58,0.0,0.0,2.696078431372549,0.43137254901960786,0.9411279872921979,796.3871894714634,1519.8225222010092
2,1,1,59,0.0,0.0,0.18627450980392157,0.0,0.9954221710906785,24.877066819935536,81.89272570228079
2,1,2,0,0.0,0.0,0.14705882352941177,0.0,0.9968275336453764,20.928567979443113,57.564088106258026
2,1,2,1,0.0,0.0,1.9901960784313726,0.0196078431372549,0.9607043377626493,462.8175298791473,917.6361161976223
2,1,2,2,0.0,0.0,4.235294117647059,0.5882352941176471,0.911233135651445,1235.32558470608,2501.493727186722
2,1,2,3,0.0,0.0,0.4411764705882353,0.0,0.991963827635601,67.89174970882631,163.1160799945993
2,1,2,4,0.0,0.0,0.14705882352941177,0.0,0.9971410047554673,19.86909285174507,54.368489731216386
2,1,2,5,0.0,0.0,0.3235294117647059,0.0,0.9930326427385091,50.62999748757515,130.8130956909479
2,1,2,6,0.0,0.0,2.4901960784313726,0.0196078431372549,0.9431441970634609,578.4735341646107,1261.959885740602
2,1,2,7,0.0,0.0,0.5882352941176471,0.0,0.9883299314746569,69.37394304867114,231.81443765879618
2,1,2,8,0.0,0.0,0.29411764705882354,0.0,0.9944032335128091,42.77422294561992,111.1613460891899
2,1,2,9,0.0,0.0,1.411764705882353,0.0196078431372549,0.9731549332677503,241.7381954135566,571.6517304532823
2,1,2,10,0.0,0.0,1.6568627450980393,0.0784313725490196,0.968170716329383,284.9360804631375,683.2380620437007
2,1,2,11,0.0,0.0,1.4019607843137254,0.0784313725490196,0.9729068042907572,248.51667533794458,584.7417161422898
2,1,2,12,0.0,0.0,0.29411764705882354,0.0,0.9944032335128091,42.77422294561992,111.1613460891899
2,1,2,13,0.0,0.0,0.43137254901960786,0.0,0.9882266594832437,76.76131861225983,230.19127549438548
2,1,2,14,0.0,0.0,2.049019607843137,0.0784313725490196,0.95014288278144,498.3802999006802,1091.3911067139325
2,1,2,15,0.0,0.0,0.14705882352941177,0.0,0.9966362671703557,24.167353992192304,62.6471077689848
2,1,2,16,0.0,0.0,0.14705882352941177,0.0,0.9969512813408938,20.04477351881499,56.19938174561925
2,1,2,17,0.0,0.0,0.43137254901960786,0.0,0.9881666933756024,64.77960652911386,218.13205044280414
2,1,2,18,0.0,0.0,1.6372549019607843,0.0784313725490196,0.9661393908338188,405.5859801799624,769.4455562206215
2,1,2,19,0.0,0.0,1.5588235294117647,0.0784313725490196,0.9704451776113333,267.1263973178114,639.9594019175752
2,1,2,20,0.0,0.0,1.7941176470588236,0.09803921568627451,0.9636642577306911,305.11211170915504,771.8648097952298
2,1,2,21,0.0,0.0,1.5,0.0196078431372549,0.9692978553752981,390.28329925069085,710.4750931130503
2,1,2,22,0.0,0.0,0.0,0.0,0.9998474093368147,0.761810575504801,1.454884583683963
2,1,2,23,0.0,0.0,3.284313725490196,0.5686274509803921,0.9311252731315814,992.9913465015234,1960.3478073832403
2,1,2,24,0.0,0.0,1.3823529411764706,0.0196078431372549,0.9747809598229175,233.6665465483249,549.5392424135931
2,1,2,25,0.0,0.0,0.43137254901960786,0.0,0.9893498847457738,63.199421039888136,206.14443522882348
2,1,2,26,0.0,0.0,1.3823529411764706,0.0784313725490196,0.9733841658193773,244.43365923085733,579.254516259044
2,1,2,27,0.0,0.0,0.29411764705882354,0.0,0.9951370146415836,42.38596259664065,94.64472444740841
2,1,2,28,0.0,0.0,2.5,0.0196078431372549,0.94220505497697,580.0142196749324,1270.480664538625
2,1,2,29,0.0,0.0,0.0,0.0,0.9993844554685366,2.021272904152975,6.259132136246031
2,1,2,30,0.0,0.0,1.892156862745098,0.0196078431372549,0.9551814758314497,478.70699599860177,1014.6936580708204
2,1,2,31,0.0,0.0,1.3627450980392157,0.0784313725490196,0.9739677828703369,243.16564607175368,569.2328349658007
2,1,2,32,0.0,0.0,1.3823529411764706,0.0784313725490196,0.9732829784858549,245.75381398919103,579.0876323750375
2,1,2,33,0.0,0.0,0.0,0.0,0.9996855461837734,1.4347329215632363,3.181599058374211
2,1,2,34,0.0,0.0,2.2549019607843137,0.0784313725490196,0.9529959539753136,500.20455912734195,1056.925674756982
2,1,2,35,0.0,0.0,1.5098039215686274,0.0784313725490196,0.9697748700492741,276.52727905813697,641.9598939358337
2,1,2,36,0.0,0.0,0.7352941176470589,0.0,0.985347642275169,91.73421860982953,290.6602074665412
2,1,2,37,0.0,0.0,0.0,0.0,0.9985708363873194,4.5531303176995435,14.61599378650708
2,1,2,38,0.0,0.0,1.7450980392156863,0.0196078431372549,0.9632138039894903,433.28380468744336,834.3392196304483
2,1,2,39,0.0,0.0,1.5,0.0196078431372549,0.968999943876793,390.9518655828106,713.5361386104022
2,1,2,40,0.0,0.0,0.14705882352941177,0.0,0.9977444492021964,16.597145981847184,41.084827567490606
2,1,2,41,0.0,0.0,0.4411764705882353,0.0,0.9917415636599113,63.70139807968644,166.94706833874253
2,1,2,42,0.0,0.0,0.0,0.0,0.9993566370534638,2.403687325343565,6.527475824240309
2,1,2,43,0.0,0.0,2.4411764705882355,0.0196078431372549,0.9435743509711854,589.6349310256178,1234.8727937937674
2,1,2,44,0.0,0.0,2.107843137254902,0.0784313725490196,0.9536800135334321,479.068093205908,1028.5674307929837
2,1,2,45,0.0,0.0,0.8627450980392157,0.0,0.9831430588604714,92.0164820355093,330.28273356253544
2,1,2,46,0.0,0.0,0.43137254901960786,0.0,0.9897532746129983,61.462692031962476,202.10138606651006
2,1,2,47,0.0,0.0,0.4411764705882353,0.0,0.991266229396779,65.43379555344292,171.86938118847445
2,1,2,48,0.0,0.0,0.14705882352941177,0.0,0.9960436777494671,21.222417686609997,65.51604083975502
2,1,2,49,0.0,0.0,0.0,0.0,0.9993566370534638,2.403687325343565,6.527475824240309
2,1,2,50,0.0,0.0,1.3823529411764706,0.0784313725490196,0.9732829784858549,245.75381398919103,579.0876323750375
2,1,2,51,0.0,0.0,0.29411764705882354,0.0,0.9940959279330815,43.83533056778931,114.47849596441343
2,1,2,52,0.0,0.0,0.0,0.0,0.9991070736347192,3.12743200106342,8.748495390822983
2,1,2,53,0.0,0.0,0.17647058823529413,0.0,0.9963825294928208,24.938029873214557,67.8122852659066
2,1,2,54,0.0,0.0,1.8725490196078431,0.0196078431372549,0.9518928435410131,498.4888722087469,1057.9361778556506
2,1,2,55,0.0,0.0,0.29411764705882354,0.0,0.9945712621962142,42.10293309403284,109.55618311468147
2,1,2,56,0.0,0.0,0.14705882352941177,0.0,0.9968831103528889,19.34460730707942,56.895638371481276
2,1,2,57,0.0,0.0,0.0,0.0,0.9999933371575197,0.022236188416284716,0.06174346464994426
2,1,2,58,0.0,0.0,1.9803921568627452,0.0196078431372549,0.9610675207097379,476.66842869811364,898.315428779142
2,1,2,59,0.0,0.0,0.14705882352941177,0.0,0.9970295766858258,19.36524843417721,55.29890242160696
2,1,3,0,0.0,0.0,0.0,0.0,1.0,0.0,0.0
2,1,3,1,0.0,0.0,0.14705882352941177,0.0,0.9970118206704557,21.47659894840524,57.40988411670074
2,1,3,2,0.0,0.0,0.5588235294117647,0.0,0.9898667529238999,67.01728493787161,200.69467561955648
2,1,3,3,0.0,0.0,0.0,0.0,0.9996848880426062,1.0885706849773382,3.0378551439338435
2,1,3,4,0.0,0.0,0.0,0.0,1.0,0.0,0.0
2,1,3,5,0.0,0.0,0.0,0.0,0.9998440729883193,0.350141128446175,1.5042364637263577
2,1,3,6,0.0,0.0,0.14705882352941177,0.0,0.9968526357247424,22.215028504936406,58.94350279690823
2,1,3,7,0.0,0.0,0.0,0.0,0.999421822439697,1.9420510034118572,5.816745647225233
2,1,3,8,0.0,0.0,0.0,0.0,0.9998440729883193,0.350141128446175,1.5042364637263577
2,1,3,9,0.0,0.0,0.4117647058823529,0.0,0.9927298639826249,45.605345474013575,144.5035463226831
2,1,3,10,0.0,0.0,0.4117647058823529,0.0,0.992573936970945,45.95548660245975,146.00778278640945
2,1,3,11,0.0,0.0,0.4117647058823529,0.0,0.9927298639826249,45.605345474013575,144.5035463226831
2,1,3,12,0.0,0.0,0.0,0.0,0.9998440729883193,0.350141128446175,1.5042364637263577
2,1,3,13,0.0,0.0,0.0,0.0,0.999421822439697,1.9420510034118572,5.816745647225233
2,1,3,14,0.0,0.0,0.14705882352941177,0.0,0.9971439545414412,21.217726637838872,56.12768369805478
2,1,3,15,0.0,0.0,0.0,0.0,0.999999914014102,0.00029937512547655016,0.0007954918776218733
2,1,3,16,0.0,0.0,0.0,0.0,1.0,0.0,0.0
2,1,3,17,0.0,0.0,0.0,0.0,0.999421822439697,1.9420510034118572,5.816745647225233
2,1,3,18,0.0,0.0,0.14705882352941177,0.0,0.9971439545414412,21.217726637838872,56.12768369805478
2,1,3,19,0.0,0.0,0.4117647058823529,0.0,0.9927298639826249,45.605345474013575,144.5035463226831
2,1,3,20,0.0,0.0,0.4117647058823529,0.0,0.9921516864223219,47.54739647742544,150.3202919699083
2,1,3,21,0.0,0.0,0.14705882352941177,0.0,0.997167747682136,21.126457819959064,55.905647652974366
2,1,3,22,0.0,0.0,0.0,0.0,1.0,0.0,0.0
2,1,3,23,0.0,0.0,0.5588235294117647,0.0,0.9898667529238999,67.01728493787161,200.69467561955648
2,1,3,24,0.0,0.0,0.4117647058823529,0.0,0.9927298639826249,45.605345474013575,144.5035463226831
2,1,3,25,0.0,0.0,0.0,0.0,0.999421822439697,1.9420510034118572,5.816745647225233
2,1,3,26,0.0,0.0,0.4117647058823529,0.0,0.9927298639826249,45.605345474013575,144.5035463226831
2,1,3,27,0.0,0.0,0.0,0.0,0.9998170219135916,0.8296983744109742,1.7556547252878802
2,1,3,28,0.0,0.0,0.14705882352941177,0.0,0.9965895701218327,23.068508823370927,61.72239330019963
2,1,3,29,0.0,0.0,0.0,0.0,1.0,0.0,0.0
2,1,3,30,0.0,0.0,0.14705882352941177,0.0,0.997167747682136,21.126457819959064,55.905647652974366
2,1,3,31,0.0,0.0,0.4117647058823529,0.0,0.9927298639826249,45.605345474013575,144.5035463226831
2,1,3,32,0.0,0.0,0.4117647058823529,0.0,0.9927298639826249,45.605345474013575,144.5035463226831
2,1,3,33,0.0,0.0,0.0,0.0,1.0,0.0,0.0
2,1,3,34,0.0,0.0,0.14705882352941177,0.0,0.9965895701218327,23.068508823370927,61.72239330019963
2,1,3,35,0.0,0.0,0.4117647058823529,0.0,0.9927298639826249,45.605345474013575,144.5035463226831
2,1,3,36,0.0,0.0,0.0,0.0,0.9994217364537988,1.9423503785373348,5.817541139102858
2,1,3,37,0.0,0.0,0.0,0.0,1.0,0.0,0.0
2,1,3,38,0.0,0.0,0.14705882352941177,0.0,0.997167747682136,21.126457819959064,55.905647652974366
2,1,3,39,0.0,0.0,0.14705882352941177,0.0,0.997167747682136,21.126457819959064,55.905647652974366
2,1,3,40,0.0,0.0,0.0,0.0,0.9999762068593047,0.09126881787981131,0.22203604508039193
2,1,3,41,0.0,0.0,0.0,0.0,0.9998439870024224,0.3504405035716516,1.5050319556039786
2,1,3,42,0.0,0.0,0.0,0.0,1.0,0.0,0.0
2,1,3,43,0.0,0.0,0.14705882352941177,0.0,0.997167747682136,21.126457819959064,55.905647652974366
2,1,3,44,0.0,0.0,0.14705882352941177,0.0,0.9965657769811381,23.159777641250738,61.94442934528002
2,1,3,45,0.0,0.0,0.0,0.0,0.9993980292990017,2.0333198212916685,6.038781692305629
2,1,3,46,0.0,0.0,0.0,0.0,0.999421822439697,1.9420510034118572,5.816745647225233
2,1,3,47,0.0,0.0,0.0,0.0,0.9998439870024224,0.3504405035716516,1.5050319556039786
2,1,3,48,0.0,0.0,0.0,0.0,1.0,0.0,0.0
2,1,3,49,0.0,0.0,0.0,0.0,1.0,0.0,0.0
2,1,3,50,0.0,0.0,0.4117647058823529,0.0,0.9927298639826249,45.605345474013575,144.5035463226831
2,1,3,51,0.0,0.0,0.0,0.0,0.9998440729883193,0.350141128446175,1.5042364637263577
2,1,3,52,0.0,0.0,0.0,0.0,1.0,0.0,0.0
2,1,3,53,0.0,0.0,0.0,0.0,1.0,0.0,0.0
2,1,3,54,0.0,0.0,0.14705882352941177,0.0,0.997167747682136,21.126457819959064,55.905647652974366
2,1,3,55,0.0,0.0,0.0,0.0,0.9998440729883193,0.350141128446175,1.5042364637263577
2,1,3,56,0.0,0.0,0.0,0.0,1.0,0.0,0.0
2,1,3,57,0.0,0.0,0.0,0.0,1.0,0.0,0.0
2,1,3,58,0.0,0.0,0.14705882352941177,0.0,0.9968526357247424,22.215028504936406,58.94350279690823
2,1,3,59,0.0,0.0,0.0,0.0,1.0,0.0,0.0
2,1,4,0,0.0,0.0,0.0,0.0,1.0,0.0,0.0
2,1,4,1,0.0,0.0,0.0,0.0,1.0,0.0,0.0
2,1,4,2,0.0,0.0,0.0,0.0,1.0,0.0,0.0
2,1,4,3,0.0,0.0,0.0,0.0,1.0,0.0,0.0
2,1,4,4,0.0,0.0,0.0,0.0,1.0,0.0,0.0
2,1,4,5,0.0,0.0,0.0,0.0,1.0,0.0,0.0
2,1,4,6,0.0,0.0,0.0,0.0,1.0,0.0,0.0
2,1,4,7,0.0,0.0,0.0,0.0,1.0,0.0,0.0
2,1,4,8,0.0,0.0,0.0,0.0,1.0,0.0,0.0
2,1,4,9,0.0,0.0,0.0,0.0,1.0,0.0,0.0
2,1,4,10,0.0,0.0,0.0,0.0,1.0,0.0,0.0
2,1,4,11,0.0,0.0,0.0,0.0,1.0,0.0,0.0
2,1,4,12,0.0,0.0,0.0,0.0,1.0,0.0,0.0
2,1,4,13,0.0,0.0,0.0,0.0,1.0,0.0,0.0
2,1,4,14,0.0,0.0,0.0,0.0,1.0,0.0,0.0
2,1,4,15,0.0,0.0,0.0,0.0,1.0,0.0,0.0
2,1,4,16,0.0,0.0,0.0,0.0,1.0,0.0,0.0
2,1,4,17,0.0,0.0,0.0,0.0,1.0,0.0,0.0
2,1,4,18,0.0,0.0,0.0,0.0,1.0,0.0,0.0
2,1,4,19,0.0,0.0,0.0,0.0,1.0,0.0,0.0
2,1,4,20,0.0,0.0,0.0,0.0,1.0,0.0,0.0
2,1,4,21,0.0,0.0,0.0,0.0,1.0,0.0,0.0
2,1,4,22,0.0,0.0,0.0,0.0,1.0,0.0,0.0
2,1,4,23,0.0,0.0,0.0,0.0,1.0,0.0,0.0
2,1,4,24,0.0,0.0,0.0,0.0,1.0,0.0,0.0
2,1,4,25,0.0,0.0,0.0,0.0,1.0,0.0,0.0
2,1,4,26,0.0,0.0,0.0,0.0,1.0,0.0,0.0
2,1,4,27,0.0,0.0,0.0,0.0,1.0,0.0,0.0
2,1,4,28,0.0,0.0,0.0,0.0,1.0,0.0,0.0
2,1,4,29,0.0,0.0,0.0,0.0,1.0,0.0,0.0
2,1,4,30,0.0,0.0,0.0,0.0,1.0,0.0,0.0
2,1,4,31,0.0,0.0,0.0,0.0,1.0,0.0,0.0
2,1,4,32,0.0,0.0,0.0,0.0,1.0,0.0,0.0
2,1,4,33,0.0,0.0,0.0,0.0,1.0,0.0,0.0
2,1,4,34,0.0,0.0,0.0,0.0,1.0,0.0,0.0
2,1,4,35,0.0,0.0,0.0,0.0,1.0,0.0,0.0
2,1,4,36,0.0,0.0,0.0,0.0,1.0,0.0,0.0
2,1,4,37,0.0,0.0,0.0,0.0,1.0,0.0,0.0
2,1,4,38,0.0,0.0,0.0,0.0,1.0,0.0,0.0
2,1,4,39,0.0,0.0,0.0,0.0,1.0,0.0,0.0
2,1,4,40,0.0,0.0,0.0,0.0,1.0,0.0,0.0
2,1,4,41,0.0,0.0,0.0,0.0,1.0,0.0,0.0
2,1,4,42,0.0,0.0,0.0,0.0,1.0,0.0,0.0
2,1,4,43,0.0,0.0,0.0,0.0,1.0,0.0,0.0
2,1,4,44,0.0,0.0,0.0,0.0,1.0,0.0,0.0
2,1,4,45,0.0,0.0,0.0,0.0,1.0,0.0,0.0
2,1,4,46,0.0,0.0,0.0,0.0,1.0,0.0,0.0
2,1,4,47,0.0,0.0,0.0,0.0,1.0,0.0,0.0
2,1,4,48,0.0,0.0,0.0,0.0,1.0,0.0,0.0
2,1,4,49,0.0,0.0,0.0,0.0,1.0,0.0,0.0
2,1,4,50,0.0,0.0,0.0,0.0,1.0,0.0,0.0
2,1,4,51,0.0,0.0,0.0,0.0,1.0,0.0,0.0
2,1,4,52,0.0,0.0,0.0,0.0,1.0,0.0,0.0
2,1,4,53,0.0,0.0,0.0,0.0,1.0,0.0,0.0
2,1,4,54,0.0,0.0,0.0,0.0,1.0,0.0,0.0
2,1,4,55,0.0,0.0,0.0,0.0,1.0,0.0,0.0
2,1,4,56,0.0,0.0,0.0,0.0,1.0,0.0,0.0
2,1,4,57,0.0,0.0,0.0,0.0,1.0,0.0,0.0
2,1,4,58,0.0,0.0,0.0,0.0,1.0,0.0,0.0
2,1,4,59,0.0,0.0,0.0,0.0,1.0,0.0,0.0
2,2,0,0,19.0,1.0,11.519607843137255,14.019607843137255,0.4632507361892095,10603.095104665752,27651.848557576748
2,2,0,1,15.0,1.0,10.46078431372549,10.313725490196079,0.5984588703085576,6806.665173184094,16206.583325184813
2,2,0,2,17.0,1.0,13.568627450980392,12.647058823529411,0.4939069386149893,9904.70654241185,23739.770140677167
2,2,0,3,2.0,0.0,3.5,4.862745098039215,0.8470747989374816,1798.6742672684472,4425.321931572431
2,2,0,4,0.0,0.0,1.2549019607843137,0.35294117647058826,0.9566143719988321,316.9408578571254,856.732492844182
2,2,0,5,14.0,1.0,6.872549019607843,9.294117647058824,0.6643989987165272,4928.176110483945,12865.323658897916
2,2,0,6,19.0,1.0,15.568627450980392,15.215686274509803,0.3815474692253816,13397.23452258448,32851.627216796835
2,2,0,7,7.0,1.0,3.9019607843137254,4.686274509803922,0.8400872214275391,1714.9066167939748,4273.511068919319
2,2,0,8,13.0,1.0,6.03921568627451,8.607843137254902,0.6921169207932039,4504.948881715296,11661.846510214657
2,2,0,9,18.0,1.0,14.519607843137255,14.215686274509803,0.43904382545749027,11125.507960963505,27274.558089067672
2,2,0,10,16.0,1.0,10.480392156862745,10.705882352941176,0.60527506715593,6392.211830557413,15410.990487513396
2,2,0,11,14.0,1.0,10.392156862745098,10.490196078431373,0.5882714575175322,6969.646671383294,17209.374029306746
2,2,0,12,14.0,1.0,6.470588235294118,9.235294117647058,0.672511959614663,4948.639972842711,12617.912474530334
2,2,0,13,11.0,1.0,6.029411764705882,6.686274509803922,0.7624742131954126,3034.9414992371007,7544.112966431912
2,2,0,14,18.0,1.0,14.392156862745098,13.980392156862745,0.4343591795565403,11394.818842827182,27902.27290794367
2,2,0,15,14.0,1.0,10.715686274509803,11.901960784313726,0.5488212623232739,6873.973545190976,17486.965761242194
2,2,0,16,16.0,1.0,10.205882352941176,12.07843137254902,0.5381358434259633,7636.415756922153,19499.205024485716
2,2,0,17,18.0,1.0,12.098039215686274,13.72549019607843,0.47528548591007475,10390.912024375466,26945.715833507293
2,2,0,18,15.0,1.0,10.882352941176471,11.137254901960784,0.5722359353064422,7151.103835341667,17013.67787055037
2,2,0,19,16.0,1.0,10.549019607843137,10.647058823529411,0.5866982792321518,6970.174131980879,17249.02116547546
2,2,0,20,17.0,1.0,13.715686274509803,13.03921568627451,0.4936177028795042,9643.665322367606,23189.778025909065
2,2,0,21,13.0,1.0,8.588235294117647,8.294117647058824,0.6775981757382311,4769.997896155127,11217.245662855325
2,2,0,22,14.0,1.0,8.07843137254902,10.568627450980392,0.6247912552500359,5353.332444696428,13961.287969696084
2,2,0,23,14.0,1.0,11.470588235294118,10.411764705882353,0.5801483651138823,7393.474089505634,17523.221197693652
2,2,0,24,13.0,1.0,9.0,8.745098039215685,0.6615739058074482,4720.729351457779,11440.291749251093
2,2,0,25,14.0,1.0,8.313725490196079,9.686274509803921,0.632368662140291,5273.290430052901,13651.419163112121
2,2,0,26,18.0,1.0,13.980392156862745,13.980392156862745,0.45313098013264846,10657.065842666027,26170.968448473795
2,2,0,27,10.0,1.0,4.8431372549019605,6.176470588235294,0.7674334567895142,2583.580706030533,7096.154737700176
2,2,0,28,19.0,1.0,15.441176470588236,15.137254901960784,0.39418888043207834,12955.441033923304,32013.225893205734
2,2,0,29,0.0,0.0,1.0588235294117647,1.0588235294117647,0.9623005217384604,366.6598810975522,961.931677688116
2,2,0,30,18.0,1.0,14.558823529411764,13.96078431372549,0.42851399455622935,11514.174584249999,28171.371551220174
2,2,0,31,12.0,1.0,8.558823529411764,8.098039215686274,0.6899819283116994,4669.820479551512,10946.328889118
2,2,0,32,16.0,1.0,10.892156862745098,11.176470588235293,0.5623234430537646,7809.610565729794,19317.988261804523
2,2,0,33,0.0,0.0,1.0784313725490196,1.7647058823529411,0.9485959797368011,439.5792658529075,1121.735871541094
2,2,0,34,15.0,1.0,12.686274509803921,11.588235294117647,0.5309472438721309,8626.703421752309,20476.69880426214
2,2,0,35,17.0,1.0,13.470588235294118,13.431372549019608,0.47297975613511817,9993.77399051841,24811.37210972588
2,2,0,36,16.0,1.0,10.676470588235293,12.294117647058824,0.5394282259012516,7880.751326526671,20039.554840904006
2,2,0,37,8.0,1.0,3.0,4.1568627450980395,0.8343226734559471,1598.90168809117,4739.876683411983
2,2,0,38,17.0,1.0,11.862745098039216,11.862745098039216,0.5299191619420024,8648.042049461823,20976.614670928277
2,2,0,39,12.0,1.0,9.137254901960784,8.098039215686274,0.6666237652660385,5089.136504331842,11938.256232556934
2,2,0,40,5.0,1.0,2.2941176470588234,3.7450980392156863,0.8552408200666314,1341.1072574756236,4055.156333775146
2,2,0,41,0.0,0.0,1.4411764705882353,1.5294117647058822,0.9477886387417622,440.8373808166136,1093.2665303516067
2,2,0,42,18.0,1.0,7.950980392156863,11.764705882352942,0.5893167543155096,7967.420115204036,20843.45293427592
2,2,0,43,19.0,1.0,14.696078431372548,14.254901960784315,0.42317487905133117,11865.93541592271,29103.35982976076
2,2,0,44,16.0,1.0,13.27450980392157,11.96078431372549,0.5049697724977981,9049.721061361042,21676.509224158905
2,2,0,45,4.0,1.0,3.4607843137254903,3.7058823529411766,0.8646461619187619,1346.4694834306679,3472.7281103780333
2,2,0,46,6.0,1.0,4.176470588235294,3.627450980392157,0.8506279377792909,1625.8524357033975,4001.5114458539047
2,2,0,47,14.0,1.0,6.490196078431373,9.509803921568627,0.6794531716409153,4519.564365133155,11659.658949508357
2,2,0,48,16.0,1.0,9.77450980392157,11.941176470588236,0.553257788976947,7406.2320704500635,19601.2775451135
2,2,0,49,17.0,1.0,7.8431372549019605,11.411764705882353,0.600766737525394,7467.974631961008,19543.80315156768
2,2,0,50,17.0,1.0,12.392156862745098,12.588235294117647,0.501791535692867,9433.931631715022,23031.37855752523
2,2,0,51,14.0,1.0,6.186274509803922,9.098039215686274,0.6916777093936725,4249.3596951602085,11280.206204210492
2,2,0,52,17.0,1.0,10.715686274509803,12.823529411764707,0.5158485729386045,8490.462785038339,22174.294389592575
2,2,0,53,14.0,1.0,7.019607843137255,8.764705882352942,0.678039220744468,4791.735257082314,12327.641329964772
2,2,0,54,20.0,1.0,15.470588235294118,15.431372549019608,0.37725260147725326,13688.143756169262,33803.35818319689
2,2,0,55,0.0,0.0,1.0,0.9607843137254902,0.9616864847209353,366.25418688420825,926.957465570172
2,2,0,56,4.0,1.0,3.323529411764706,2.7450980392156863,0.8660396810820603,1306.3076506816276,3250.54066321695
2,2,0,57,0.0,0.0,1.9509803921568627,1.1764705882352942,0.9356064566086344,605.10047128186,1521.4700893493878
2,2,0,58,13.0,1.0,9.794117647058824,9.117647058823529,0.6352451713834425,5880.161226134105,13960.288264086705
2,2,0,59,15.0,1.0,7.03921568627451,9.411764705882353,0.6506184875723141,5852.222375499543,15558.357659545454
2,2,1,0,8.0,1.0,4.009803921568627,4.2745098039215685,0.8005423285561114,1953.8535045032127,5547.8988920127
2,2,1,1,8.0,1.0,4.7745098039215685,2.411764705882353,0.8597479765777423,1927.6085073603663,4240.492391914461
2,2,1,2,11.0,1.0,8.558823529411764,5.862745098039215,0.728398214911803,4326.7448683078865,9830.25621317299
2,2,1,3,0.0,0.0,0.46078431372549017,0.058823529411764705,0.9898861449495319,88.97293335988086,200.31197197835738
2,2,1,4,0.0,0.0,0.30392156862745096,0.0,0.9945410994076593,42.6190567978071,106.90651046083853
2,2,1,5,0.0,0.0,0.6274509803921569,0.0,0.9875277101582424,96.81250389749387,244.90651275055947
2,2,1,6,13.0,1.0,8.980392156862745,6.764705882352941,0.687122540289553,4333.869698711064,10260.283348088942
2,2,1,7,0.0,0.0,1.6274509803921569,0.5882352941176471,0.9566682459944253,410.11118114190845,1035.1272755772923
2,2,1,8,0.0,0.0,0.30392156862745096,0.0,0.9933726838152851,49.250173679696154,128.29839356275585
2,2,1,9,11.0,1.0,8.186274509803921,6.098039215686274,0.7226465707823791,3551.777382008732,8574.068079787263
2,2,1,10,6.0,1.0,4.549019607843137,2.843137254901961,0.8696350461710907,1536.6756220695115,3590.051701036093
2,2,1,11,6.0,1.0,4.3431372549019605,2.3529411764705883,0.8694326571942854,1606.3514417224264,3714.289735489444
2,2,1,12,0.0,0.0,0.30392156862745096,0.0,0.993415156835789,49.42358202211724,127.91963445661244
2,2,1,13,0.0,0.0,2.3529411764705883,1.0,0.9286560448286814,677.1845143425778,1697.1911432762495
2,2,1,14,12.0,1.0,8.254901960784315,6.03921568627451,0.709251151845211,3948.901031168179,9349.420352150772
2,2,1,15,5.0,1.0,3.215686274509804,2.2941176470588234,0.8795058551098616,1131.2638577633945,2965.3185529864413
2,2,1,16,4.0,1.0,3.0392156862745097,2.019607843137255,0.8787009429097866,1101.8934238418244,2971.0606841131444
2,2,1,17,11.0,1.0,6.431372549019608,6.392156862745098,0.7289932334379589,3343.783054029218,8987.536157282133
2,2,1,18,6.0,1.0,4.529411764705882,2.235294117647059,0.8676925406245991,1913.1544863013603,4092.9006242518108
2,2,1,19,6.0,1.0,4.303921568627451,2.019607843137255,0.8786441127806297,1456.3754559220051,3391.1226083523034
2,2,1,20,10.0,1.0,7.03921568627451,4.607843137254902,0.7909747543760405,2713.3234615128817,6163.3069854222085
2,2,1,21,4.0,1.0,4.049019607843137,1.5490196078431373,0.8902291689758352,1597.1676482406056,3362.640889082173
2,2,1,22,4.0,1.0,2.4215686274509802,2.549019607843137,0.8860142227970885,1089.7248288586,2913.7692371467683
2,2,1,23,9.0,1.0,6.921568627450981,4.333333333333333,0.7878454262743739,3353.059466616152,7499.30727683893
2,2,1,24,4.0,1.0,3.823529411764706,1.8431372549019607,0.8993999586831641,1312.3760700676498,2878.005308570451
2,2,1,25,0.0,0.0,2.0784313725490198,0.9411764705882353,0.9296048722612268,604.2593970242979,1605.3029846411682
2,2,1,26,11.0,1.0,7.0,5.509803921568627,0.7590307228717318,2913.9823389665835,7104.188344081948
2,2,1,27,0.0,0.0,0.7058823529411765,0.3137254901960784,0.9706115684520076,198.0263988512388,635.2658782439247
2,2,1,28,14.0,1.0,9.941176470588236,7.784313725490196,0.6500304809243566,4885.828333274695,11828.809528249334
2,2,1,29,0.0,0.0,0.29411764705882354,0.0,0.9954844835032679,29.910270684326818,89.69625678181227
2,2,1,30,12.0,1.0,7.6568627450980395,5.470588235294118,0.7345375593810486,3408.389110352059,8129.770517309513
2,2,1,31,3.0,0.0,4.068627450980392,1.6470588235294117,0.903099834019681,1313.5983686653135,2850.007169117143
2,2,1,32,7.0,1.0,4.2254901960784315,2.411764705882353,0.870723530051626,1589.2593848403594,3682.192306147094
2,2,1,33,0.0,0.0,0.14705882352941177,0.0,0.997093559116728,23.510100234102797,52.774300806200394
2,2,1,34,10.0,1.0,6.892156862745098,4.0,0.794143888199379,2768.6059122399097,6150.31988968883
2,2,1,35,11.0,1.0,8.058823529411764,6.294117647058823,0.7192028480600526,3546.6116998560246,8766.157196889844
2,2,1,36,8.0,1.0,5.186274509803922,4.372549019607843,0.8006570421883282,2179.7448952446052,5724.871187055961
2,2,1,37,0.0,0.0,0.7058823529411765,0.3137254901960784,0.9716449484726697,158.5457248725479,616.7769218989921
2,2,1,38,10.0,1.0,5.9411764705882355,3.627450980392157,0.8034636817209327,2532.1914465833934,5808.379097297013
2,2,1,39,5.0,1.0,4.46078431372549,1.6470588235294117,0.8803926515531586,1698.0698945031618,3633.6772647711255
2,2,1,40,0.0,0.0,0.39215686274509803,0.4117647058823529,0.9760988802741183,139.63993067646464,524.8369829923345
2,2,1,41,0.0,0.0,0.46078431372549017,0.0,0.9904547255317002,72.39631590337163,189.81813363645352
2,2,1,42,0.0,0.0,0.7647058823529411,1.1764705882352942,0.9408597087725069,390.7756724560961,1288.1840843644097
2,2,1,43,13.0,1.0,8.637254901960784,6.588235294117647,0.6987052760554363,4073.3530082959865,9713.873326581372
2,2,1,44,9.0,1.0,6.686274509803922,3.4313725490196076,0.807188792367827,2666.85784241656,5859.531199661459
2,2,1,45,0.0,0.0,1.9803921568627452,0.6470588235294118,0.9465685497554418,484.71354353745346,1252.7742009473652
2,2,1,46,0.0,0.0,1.6568627450980393,0.9411764705882353,0.9472519207807418,492.0623513054556,1235.7703046802776
2,2,1,47,0.0,0.0,0.803921568627451,0.39215686274509803,0.9601968958393744,251.9876807103098,847.6189960532279
2,2,1,48,4.0,1.0,2.5294117647058822,2.156862745098039,0.8845444234645261,1050.0662618826298,3144.1495521726456
2,2,1,49,0.0,0.0,0.7941176470588235,1.1372549019607843,0.9412388989353174,388.311043032134,1286.6894093310748
2,2,1,50,7.0,1.0,4.372549019607843,2.392156862745098,0.866108269739922,1641.8510410717847,3773.3617971893614
2,2,1,51,0.0,0.0,0.5686274509803921,0.3137254901960784,0.9660255018213791,202.42781075498925,731.550990515736
2,2,1,52,5.0,1.0,2.6470588235294117,2.5098039215686274,0.8741255999614377,1198.8215929634587,3308.481356186639
2,2,1,53,0.0,0.0,1.3137254901960784,0.37254901960784315,0.9565186151747173,355.1676951599854,921.0625084483938
2,2,1,54,13.0,1.0,8.519607843137255,6.862745098039215,0.6820269126335813,4234.9408919330335,10271.79297631479
2,2,1,55,0.0,0.0,0.30392156862745096,0.0,0.9940851685321027,46.30835804995082,120.85432457068575
2,2,1,56,0.0,0.0,0.3333333333333333,0.0,0.9934867583509481,32.60177937271834,121.84967688716037
2,2,1,57,0.0,0.0,0.0,0.0,0.9992413690378501,3.4447696517894406,7.559252888676757
2,2,1,58,6.0,1.0,4.833333333333333,2.2745098039215685,0.8622805692407823,1969.5476999889743,4202.024609862037
2,2,1,59,0.0,0.0,0.18627450980392157,0.0,0.9951865131022402,25.534894633443912,84.14376602829694
2,2,2,0,0.0,0.0,0.14705882352941177,0.0,0.9967780645479242,21.06580798610207,58.02602251459988
2,2,2,1,0.0,0.0,2.7549019607843137,0.35294117647058826,0.9404007402280278,819.5284338399108,1622.0845492398305
2,2,2,2,7.0,1.0,5.931372549019608,2.196078431372549,0.8456190549587664,2540.2915927541026,5433.44581399144
2,2,2,3,0.0,0.0,0.4411764705882353,0.0,0.9919585517222976,67.94055845347549,163.16488873924845
2,2,2,4,0.0,0.0,0.14705882352941177,0.0,0.9970631266975968,20.066029681951267,55.09324227455868
2,2,2,5,0.0,0.0,0.3235294117647059,0.0,0.9930326427385091,50.62999748757515,130.81309569094793
2,2,2,6,3.0,0.0,3.607843137254902,0.8823529411764706,0.9058068018274182,1134.6944644491357,2445.611104560232
2,2,2,7,0.0,0.0,0.6274509803921569,0.0,0.9858851965302214,80.69040791595155,282.20428711829044
2,2,2,8,0.0,0.0,0.29411764705882354,0.0,0.9944032335128091,42.77422294561992,111.1613460891899
2,2,2,9,0.0,0.0,2.6176470588235294,0.6666666666666666,0.9429494123659582,689.2312874457681,1476.3131072056472
2,2,2,10,0.0,0.0,2.549019607843137,0.5294117647058824,0.9477332913794241,608.1005017279862,1334.3884939535399
2,2,2,11,0.0,0.0,2.4607843137254903,0.43137254901960786,0.9501015569754285,627.2906150632839,1347.0687188464528
2,2,2,12,0.0,0.0,0.29411764705882354,0.0,0.9944032335128091,42.77422294561992,111.1613460891899
2,2,2,13,0.0,0.0,0.49019607843137253,0.0,0.9848056895638129,96.03616772138837,300.040339727132
2,2,2,14,2.0,0.0,3.2058823529411766,0.5490196078431373,0.9192312750229013,1018.5525350176657,2154.44025422432
2,2,2,15,0.0,0.0,0.17647058823529413,0.0,0.9959555655719119,31.619039861727092,75.19816126699105
2,2,2,16,0.0,0.0,0.14705882352941177,0.0,0.996127356170683,25.930157722629005,71.05507076441435
2,2,2,17,0.0,0.0,0.6568627450980392,0.09803921568627451,0.9800475274606452,111.75053724865752,372.9755653747043
2,2,2,18,0.0,0.0,2.7549019607843137,0.45098039215686275,0.9403384432186742,855.4932085735259,1655.3750670344848
2,2,2,19,0.0,0.0,2.450980392156863,0.5294117647058824,0.9504788782538576,581.5041288862734,1281.4363647498926
2,2,2,20,1.0,0.0,3.2941176470588234,0.7058823529411765,0.9286560083284067,808.2324421858889,1781.7048936541578
2,2,2,21,0.0,0.0,2.372549019607843,0.35294117647058826,0.9482820188768549,748.3055358777953,1437.7792710439244
2,2,2,22,0.0,0.0,0.0,0.0,0.9998474093368147,0.761810575504801,1.454884583683963
2,2,2,23,6.0,1.0,5.068627450980392,1.6862745098039216,0.872760368965651,2179.6917628899546,4563.103315051096
2,2,2,24,0.0,0.0,2.343137254901961,0.47058823529411764,0.9528471372854691,589.8249515815186,1264.7853020517275
2,2,2,25,0.0,0.0,0.49019607843137253,0.0,0.9866081810705776,75.61504632590052,259.95554117121355
2,2,2,26,0.0,0.0,2.392156862745098,0.5098039215686274,0.9495285589933138,599.6973692253997,1305.133071499576
2,2,2,27,0.0,0.0,0.29411764705882354,0.0,0.9951115090747975,42.481838292039896,94.8806825886502
2,2,2,28,4.0,1.0,4.0,0.8627450980392157,0.8991721382412603,1170.6850243498693,2582.139346885062
2,2,2,29,0.0,0.0,0.0,0.0,0.9993844554685366,2.021272904152975,6.259132136246031
2,2,2,30,1.0,0.0,2.9019607843137254,0.49019607843137253,0.927280672146818,900.6215620038371,1924.0412074885626
2,2,2,31,0.0,0.0,2.519607843137255,0.4117647058823529,0.9501576695219418,620.1229130583915,1308.8187794194796
2,2,2,32,0.0,0.0,2.3823529411764706,0.4117647058823529,0.9511174113593909,592.4420151255666,1281.3944574128675
2,2,2,33,0.0,0.0,0.0,0.0,0.9996855461837734,1.4347329215632363,3.181599058374211
2,2,2,34,1.0,0.0,3.284313725490196,0.5882352941176471,0.9270084742701382,978.6967414757694,1997.7129892065757
2,2,2,35,0.0,0.0,2.4705882352941178,0.5294117647058824,0.9482901277905605,673.6676208649684,1404.082145114128
2,2,2,36,0.0,0.0,0.7450980392156863,0.0,0.9835391403207748,99.99333835645118,328.8933251771465
2,2,2,37,0.0,0.0,0.0,0.0,0.9985708363873194,4.5531303176995435,14.61599378650708
2,2,2,38,1.0,0.0,2.950980392156863,0.43137254901960786,0.9327319661566071,907.4061904477289,1798.8231511818603
2,2,2,39,0.0,0.0,2.4607843137254903,0.35294117647058826,0.9472701233571215,771.2151423472085,1473.740517604771
2,2,2,40,0.0,0.0,0.14705882352941177,0.0,0.9977444492021964,16.597145981847184,41.084827567490606
2,2,2,41,0.0,0.0,0.4411764705882353,0.0,0.9917415636599113,63.70139807968644,166.94706833874253
2,2,2,42,0.0,0.0,0.0,0.0,0.9993566370534638,2.4036873253435633,6.527475824240309
2,2,2,43,1.0,0.0,3.3627450980392157,0.5686274509803921,0.9174626696218752,1038.8047282703524,2213.2818346894283
2,2,2,44,2.0,0.0,3.4313725490196076,0.6862745098039216,0.921722568606583,1004.5522810922648,2098.0250965745768
2,2,2,45,0.0,0.0,0.8725490196078431,0.0,0.9793008091626749,122.53526715917889,409.75322181675284
2,2,2,46,0.0,0.0,0.46078431372549017,0.0,0.9876898981701744,70.541983615714,243.36633628599074
2,2,2,47,0.0,0.0,0.4411764705882353,0.0,0.991266229396779,65.43379555344292,171.86938118847445
2,2,2,48,0.0,0.0,0.14705882352941177,0.0,0.9959942086520149,21.359657693268947,65.97797524809685
2,2,2,49,0.0,0.0,0.0,0.0,0.9993566370534638,2.4036873253435633,6.527475824240309
2,2,2,50,0.0,0.0,2.372549019607843,0.4117647058823529,0.9512634343002081,592.1918775901154,1280.936761301429
2,2,2,51,0.0,0.0,0.29411764705882354,0.0,0.9940959279330815,43.83533056778932,114.47849596441343
2,2,2,52,0.0,0.0,0.0,0.0,0.9991070736347192,3.1274320010634193,8.748495390822985
2,2,2,53,0.0,0.0,0.17647058823529413,0.0,0.996290917738795,25.196368519111807,68.66409154008585
2,2,2,54,3.0,0.0,3.1372549019607843,0.5098039215686274,0.9172955496448801,1007.4845460263188,2162.3965299316324
2,2,2,55,0.0,0.0,0.29411764705882354,0.0,0.9945712621962142,42.10293309403284,109.55618311468147
2,2,2,56,0.0,0.0,0.14705882352941177,0.0,0.9968336412554364,19.481847313738374,57.35757277982313
2,2,2,57,0.0,0.0,0.0,0.0,0.9999933371575197,0.022236188416284716,0.06174346464994426
2,2,2,58,0.0,0.0,3.0294117647058822,0.5098039215686274,0.9327763849521739,933.9471158931291,1843.0684359821796
2,2,2,59,0.0,0.0,0.14705882352941177,0.0,0.9969047771012115,19.66257429433057,56.46562249450024
2,2,3,0,0.0,0.0,0.0,0.0,1.0,0.0,0.0
2,2,3,1,0.0,0.0,0.14705882352941177,0.0,0.9969354474234979,21.915056693060105,58.13966147325219
2,2,3,2,0.0,0.0,0.8137254901960784,0.0,0.9860078088048421,114.53729075261825,272.2545707872854
2,2,3,3,0.0,0.0,0.0,0.0,0.9996848880426062,1.0885706849773382,3.0378551439338435
2,2,3,4,0.0,0.0,0.0,0.0,1.0,0.0,0.0
2,2,3,5,0.0,0.0,0.0,0.0,0.9998440729883193,0.350141128446175,1.5042364637263577
2,2,3,6,0.0,0.0,0.14705882352941177,0.0,0.9967762624777848,22.653486249591268,59.67328015345968
2,2,3,7,0.0,0.0,0.0,0.0,0.999421822439697,1.9420510034118572,5.816745647225233
2,2,3,8,0.0,0.0,0.0,0.0,0.9998440729883193,0.350141128446175,1.5042364637263577
2,2,3,9,0.0,0.0,0.4117647058823529,0.0,0.9926106602041885,46.050928840764186,146.24504319961187
2,2,3,10,0.0,0.0,0.4117647058823529,0.0,0.9924547331925083,46.40106996921036,147.74927966333823
2,2,3,11,0.0,0.0,0.4117647058823529,0.0,0.9926106602041885,46.050928840764186,146.24504319961187
2,2,3,12,0.0,0.0,0.0,0.0,0.9998440729883193,0.350141128446175,1.5042364637263577
2,2,3,13,0.0,0.0,0.0,0.0,0.999421822439697,1.9420510034118572,5.816745647225233
2,2,3,14,0.0,0.0,0.14705882352941177,0.0,0.9970675812944833,21.656184382493734,56.857461054606226
2,2,3,15,0.0,0.0,0.0,0.0,0.999999914014102,0.00029937512547655016,0.0007954918776218733
2,2,3,16,0.0,0.0,0.0,0.0,1.0,0.0,0.0
2,2,3,17,0.0,0.0,0.0,0.0,0.999421822439697,1.9420510034118572,5.816745647225233
2,2,3,18,0.0,0.0,0.14705882352941177,0.0,0.9970675812944833,21.656184382493734,56.857461054606226
2,2,3,19,0.0,0.0,0.4117647058823529,0.0,0.9926106602041885,46.050928840764186,146.24504319961187
2,2,3,20,0.0,0.0,0.4117647058823529,0.0,0.9920324826438854,47.99297984417605,152.06178884683712
2,2,3,21,0.0,0.0,0.14705882352941177,0.0,0.9970761071819904,21.616144379849874,56.77666604581861
2,2,3,22,0.0,0.0,0.0,0.0,1.0,0.0,0.0
2,2,3,23,0.0,0.0,0.8137254901960784,0.0,0.9860647680402587,114.31702369472808,271.68974168124066
2,2,3,24,0.0,0.0,0.4117647058823529,0.0,0.9926106602041885,46.050928840764186,146.24504319961187
2,2,3,25,0.0,0.0,0.0,0.0,0.999421822439697,1.9420510034118572,5.816745647225233
2,2,3,26,0.0,0.0,0.4117647058823529,0.0,0.9926106602041885,46.050928840764186,146.24504319961187
2,2,3,27,0.0,0.0,0.0,0.0,0.9998170219135916,0.8296983744109742,1.7556547252878802
2,2,3,28,0.0,0.0,0.14705882352941177,0.0,0.9965131968748752,23.50696656802578,62.45217065675108
2,2,3,29,0.0,0.0,0.0,0.0,1.0,0.0,0.0
2,2,3,30,0.0,0.0,0.14705882352941177,0.0,0.9970837408085843,21.5905299722319,56.7060455276722
2,2,3,31,0.0,0.0,0.4117647058823529,0.0,0.9926106602041885,46.050928840764186,146.24504319961187
2,2,3,32,0.0,0.0,0.4117647058823529,0.0,0.9926106602041885,46.050928840764186,146.24504319961187
2,2,3,33,0.0,0.0,0.0,0.0,1.0,0.0,0.0
2,2,3,34,0.0,0.0,0.14705882352941177,0.0,0.9965131968748752,23.50696656802578,62.45217065675108
2,2,3,35,0.0,0.0,0.4117647058823529,0.0,0.9925943493336354,46.08887822737447,146.39593899149972
2,2,3,36,0.0,0.0,0.0,0.0,0.9994217364537988,1.9423503785373348,5.817541139102858
2,2,3,37,0.0,0.0,0.0,0.0,1.0,0.0,0.0
2,2,3,38,0.0,0.0,0.14705882352941177,0.0,0.9970913744351783,21.56491556461392,56.635425009525825
2,2,3,39,0.0,0.0,0.14705882352941177,0.0,0.9970761071819904,21.616144379849874,56.77666604581861
2,2,3,40,0.0,0.0,0.0,0.0,0.9999762068593047,0.09126881787981131,0.22203604508039193
2,2,3,41,0.0,0.0,0.0,0.0,0.9998439870024224,0.3504405035716516,1.5050319556039786
2,2,3,42,0.0,0.0,0.0,0.0,1.0,0.0,0.0
2,2,3,43,0.0,0.0,0.14705882352941177,0.0,0.9970913744351783,21.56491556461392,56.635425009525825
2,2,3,44,0.0,0.0,0.14705882352941177,0.0,0.9964894037341803,23.598235385905596,62.67420670183148
2,2,3,45,0.0,0.0,0.0,0.0,0.9993980292990017,2.0333198212916685,6.038781692305629
2,2,3,46,0.0,0.0,0.0,0.0,0.999421822439697,1.9420510034118572,5.816745647225233
2,2,3,47,0.0,0.0,0.0,0.0,0.9998439870024224,0.3504405035716516,1.5050319556039786
2,2,3,48,0.0,0.0,0.0,0.0,1.0,0.0,0.0
2,2,3,49,0.0,0.0,0.0,0.0,1.0,0.0,0.0
2,2,3,50,0.0,0.0,0.4117647058823529,0.0,0.9926106602041885,46.050928840764186,146.24504319961187
2,2,3,51,0.0,0.0,0.0,0.0,0.9998440729883193,0.350141128446175,1.5042364637263577
2,2,3,52,0.0,0.0,0.0,0.0,1.0,0.0,0.0
2,2,3,53,0.0,0.0,0.0,0.0,1.0,0.0,0.0
2,2,3,54,0.0,0.0,0.14705882352941177,0.0,0.9970913744351783,21.56491556461392,56.635425009525825
2,2,3,55,0.0,0.0,0.0,0.0,0.9998440729883193,0.350141128446175,1.5042364637263577
2,2,3,56,0.0,0.0,0.0,0.0,1.0,0.0,0.0
2,2,3,57,0.0,0.0,0.0,0.0,1.0,0.0,0.0
2,2,3,58,0.0,0.0,0.14705882352941177,0.0,0.9967762624777848,22.653486249591268,59.67328015345968
2,2,3,59,0.0,0.0,0.0,0.0,1.0,0.0,0.0
2,2,4,0,0.0,0.0,0.0,0.0,1.0,0.0,0.0
2,2,4,1,0.0,0.0,0.0,0.0,1.0,0.0,0.0
2,2,4,2,0.0,0.0,0.0,0.0,1.0,0.0,0.0
2,2,4,3,0.0,0.0,0.0,0.0,1.0,0.0,0.0
2,2,4,4,0.0,0.0,0.0,0.0,1.0,0.0,0.0
2,2,4,5,0.0,0.0,0.0,0.0,1.0,0.0,0.0
2,2,4,6,0.0,0.0,0.0,0.0,1.0,0.0,0.0
2,2,4,7,0.0,0.0,0.0,0.0,1.0,0.0,0.0
2,2,4,8,0.0,0.0,0.0,0.0,1.0,0.0,0.0
2,2,4,9,0.0,0.0,0.0,0.0,1.0,0.0,0.0
2,2,4,10,0.0,0.0,0.0,0.0,1.0,0.0,0.0
2,2,4,11,0.0,0.0,0.0,0.0,1.0,0.0,0.0
2,2,4,12,0.0,0.0,0.0,0.0,1.0,0.0,0.0
2,2,4,13,0.0,0.0,0.0,0.0,1.0,0.0,0.0
2,2,4,14,0.0,0.0,0.0,0.0,1.0,0.0,0.0
2,2,4,15,0.0,0.0,0.0,0.0,1.0,0.0,0.0
2,2,4,16,0.0,0.0,0.0,0.0,1.0,0.0,0.0
2,2,4,17,0.0,0.0,0.0,0.0,1.0,0.0,0.0
2,2,4,18,0.0,0.0,0.0,0.0,1.0,0.0,0.0
2,2,4,19,0.0,0.0,0.0,0.0,1.0,0.0,0.0
2,2,4,20,0.0,0.0,0.0,0.0,1.0,0.0,0.0
2,2,4,21,0.0,0.0,0.0,0.0,1.0,0.0,0.0
2,2,4,22,0.0,0.0,0.0,0.0,1.0,0.0,0.0
2,2,4,23,0.0,0.0,0.0,0.0,1.0,0.0,0.0
2,2,4,24,0.0,0.0,0.0,0.0,1.0,0.0,0.0
2,2,4,25,0.0,0.0,0.0,0.0,1.0,0.0,0.0
2,2,4,26,0.0,0.0,0.0,0.0,1.0,0.0,0.0
2,2,4,27,0.0,0.0,0.0,0.0,1.0,0.0,0.0
2,2,4,28,0.0,0.0,0.0,0.0,1.0,0.0,0.0
2,2,4,29,0.0,0.0,0.0,0.0,1.0,0.0,0.0
2,2,4,30,0.0,0.0,0.0,0.0,1.0,0.0,0.0
2,2,4,31,0.0,0.0,0.0,0.0,1.0,0.0,0.0
2,2,4,32,0.0,0.0,0.0,0.0,1.0,0.0,0.0
2,2,4,33,0.0,0.0,0.0,0.0,1.0,0.0,0.0
2,2,4,34,0.0,0.0,0.0,0.0,1.0,0.0,0.0
2,2,4,35,0.0,0.0,0.0,0.0,1.0,0.0,0.0
2,2,4,36,0.0,0.0,0.0,0.0,1.0,0.0,0.0
2,2,4,37,0.0,0.0,0.0,0.0,1.0,0.0,0.0
2,2,4,38,0.0,0.0,0.0,0.0,1.0,0.0,0.0
2,2,4,39,0.0,0.0,0.0,0.0,1.0,0.0,0.0
2,2,4,40,0.0,0.0,0.0,0.0,1.0,0.0,0.0
2,2,4,41,0.0,0.0,0.0,0.0,1.0,0.0,0.0
2,2,4,42,0.0,0.0,0.0,0.0,1.0,0.0,0.0
2,2,4,43,0.0,0.0,0.0,0.0,1.0,0.0,0.0
2,2,4,44,0.0,0.0,0.0,0.0,1.0,0.0,0.0
2,2,4,45,0.0,0.0,0.0,0.0,1.0,0.0,0.0
2,2,4,46,0.0,0.0,0.0,0.0,1.0,0.0,0.0
2,2,4,47,0.0,0.0,0.0,0.0,1.0,0.0,0.0
2,2,4,48,0.0,0.0,0.0,0.0,1.0,0.0,0.0
2,2,4,49,0.0,0.0,0.0,0.0,1.0,0.0,0.0
2,2,4,50,0.0,0.0,0.0,0.0,1.0,0.0,0.0
2,2,4,51,0.0,0.0,0.0,0.0,1.0,0.0,0.0
2,2,4,52,0.0,0.0,0.0,0.0,1.0,0.0,0.0
2,2,4,53,0.0,0.0,0.0,0.0,1.0,0.0,0.0
2,2,4,54,0.0,0.0,0.0,0.0,1.0,0.0,0.0
2,2,4,55,0.0,0.0,0.0,0.0,1.0,0.0,0.0
2,2,4,56,0.0,0.0,0.0,0.0,1.0,0.0,0.0
2,2,4,57,0.0,0.0,0.0,0.0,1.0,0.0,0.0
2,2,4,58,0.0,0.0,0.0,0.0,1.0,0.0,0.0
2,2,4,59,0.0,0.0,0.0,0.0,1.0,0.0,0.0
2,3,0,0,19.0,1.0,13.5,16.15686274509804,0.3796494633787282,16462.32223661348,43020.09204085487
2,3,0,1,17.0,1.0,13.549019607843137,13.764705882352942,0.4544071502171074,13176.838215407744,31875.088783764702
2,3,0,2,19.0,1.0,16.401960784313726,15.745098039215685,0.3609424416267628,17340.075692422837,42045.43854051168
2,3,0,3,11.0,1.0,6.1568627450980395,8.450980392156863,0.7233181835807737,4256.0580874679545,10653.043565364864
2,3,0,4,8.0,1.0,3.843137254901961,4.03921568627451,0.8323333881096167,1870.8834973041673,4943.734937575822
2,3,0,5,17.0,1.0,9.333333333333334,12.156862745098039,0.5597503922861715,9648.147086583449,25237.417468769152
2,3,0,6,19.0,1.0,17.264705882352942,17.11764705882353,0.3007636693815802,19980.269976179487,49187.9030167201
2,3,0,7,13.0,1.0,9.0,10.509803921568627,0.6174089915444435,6642.931022790367,16649.9134141733
2,3,0,8,16.0,1.0,8.303921568627452,11.07843137254902,0.595841957449309,8139.299679947242,21160.211115884285
2,3,0,9,19.0,1.0,16.42156862745098,16.235294117647058,0.34655627998375055,17316.198662333303,42789.49316215287
2,3,0,10,17.0,1.0,13.382352941176471,13.666666666666666,0.47570561235063763,12045.998466637246,29167.988587369266
2,3,0,11,17.0,1.0,13.313725490196079,13.509803921568627,0.4642494332569971,12711.805143405996,31265.785837300697
2,3,0,12,16.0,1.0,9.696078431372548,12.705882352941176,0.5419540065227524,10044.323009869971,25622.93737654251
2,3,0,13,15.0,1.0,9.637254901960784,10.96078431372549,0.5963891634593388,7500.899610821081,18987.28604496678
2,3,0,14,19.0,1.0,16.607843137254903,16.274509803921568,0.33323293729533393,18486.92427185382,45492.55073069757
2,3,0,15,18.0,1.0,14.205882352941176,15.333333333333334,0.40563480171677724,13750.138470434764,34789.80751737156
2,3,0,16,18.0,1.0,12.696078431372548,14.882352941176471,0.4282854658603316,13610.043696792833,34992.3702797772
2,3,0,17,19.0,1.0,14.107843137254902,15.980392156862745,0.38259925537239514,16514.576203248103,42533.912042075324
2,3,0,18,17.0,1.0,14.058823529411764,14.313725490196079,0.435204891915185,13607.625402587222,32808.891744943
2,3,0,19,17.0,1.0,13.470588235294118,13.666666666666666,0.45932370867007055,12738.361508719365,31541.47084009018
2,3,0,20,19.0,1.0,16.019607843137255,15.431372549019608,0.3844571952124713,16027.433648300928,38893.50840484793
2,3,0,21,16.0,1.0,12.637254901960784,12.333333333333334,0.5057746758597866,11037.924332718432,26484.575244549203
2,3,0,22,16.0,1.0,11.411764705882353,13.901960784313726,0.4852986112637976,11617.632868407498,29801.19929068853
2,3,0,23,17.0,1.0,14.754901960784315,14.137254901960784,0.42725488552495544,14181.22928573727,34533.954254183234
2,3,0,24,14.0,1.0,12.637254901960784,12.509803921568627,0.5042483778805198,10666.508972949772,26079.182413615952
2,3,0,25,17.0,1.0,11.53921568627451,13.254901960784315,0.49093437911184656,11089.732439907533,28579.903406143578
2,3,0,26,19.0,1.0,16.07843137254902,16.333333333333332,0.35392836913959846,17209.114912458936,42779.37531753264
2,3,0,27,14.0,1.0,8.284313725490197,10.03921568627451,0.6250790518959748,6868.324600519037,18159.100939266555
2,3,0,28,21.0,1.0,17.08823529411765,16.627450980392158,0.3218777419694416,19034.609884191483,46907.87675293967
2,3,0,29,0.0,0.0,1.303921568627451,1.2549019607843137,0.9528275928967015,541.1258964686093,1459.0525384454322
2,3,0,30,19.0,1.0,16.50980392156863,16.254901960784313,0.33308769530021337,18394.0529078863,45226.963609351165
2,3,0,31,14.0,1.0,11.901960784313726,11.568627450980392,0.5469757830729062,9579.819609363445,23029.76463712557
2,3,0,32,17.0,1.0,13.5,13.686274509803921,0.45521786169978706,13207.223068526011,32441.02126210603
2,3,0,33,0.0,0.0,1.5980392156862746,2.3137254901960786,0.9292787761010501,791.5657049922743,2007.1270007988962
2,3,0,34,18.0,1.0,15.529411764705882,14.764705882352942,0.39569335922238397,15713.154943734175,37965.882227282855
2,3,0,35,18.0,1.0,16.11764705882353,16.15686274509804,0.3538110898507103,17088.039199016133,42346.97788411225
2,3,0,36,18.0,1.0,13.990196078431373,15.627450980392156,0.40036815384234176,14888.08628898618,37794.477870592134
2,3,0,37,12.0,1.0,5.990196078431373,8.333333333333334,0.6958516802498426,4847.6456352409905,13275.270970661775
2,3,0,38,18.0,1.0,14.666666666666666,14.549019607843137,0.41203773868682253,14978.201717987406,36369.806821181206
2,3,0,39,16.0,1.0,12.882352941176471,12.254901960784315,0.5023555406983949,11382.095726148245,27265.765839532844
2,3,0,40,11.0,1.0,5.480392156862745,7.784313725490196,0.7161509881066896,4314.298037351346,11938.5318949887
2,3,0,41,6.0,1.0,3.7941176470588234,3.980392156862745,0.8635976370326516,1469.4590420315894,3513.405288430071
2,3,0,42,19.0,1.0,9.754901960784315,13.568627450980392,0.5181520769874312,12324.046034172528,32267.938104499724
2,3,0,43,20.0,1.0,16.784313725490197,16.666666666666668,0.3222885197941029,19180.450251581744,47037.72705222401
2,3,0,44,18.0,1.0,16.107843137254903,15.313725490196079,0.3700586465683571,16448.82491888331,40043.91074767959
2,3,0,45,13.0,1.0,10.137254901960784,10.823529411764707,0.5907183592049299,6951.555478610789,17450.322040009694
2,3,0,46,13.0,1.0,10.029411764705882,10.196078431372548,0.5997959682325104,6682.274116535325,16725.17647669468
2,3,0,47,16.0,1.0,10.058823529411764,12.470588235294118,0.5508120617849551,9243.975297847632,23672.67514332265
2,3,0,48,18.0,1.0,12.03921568627451,14.27450980392157,0.45339633893829184,12768.169009118124,33564.58683463076
2,3,0,49,18.0,1.0,9.607843137254902,13.235294117647058,0.5280474804089511,11898.998500062318,31121.737089947674
2,3,0,50,18.0,1.0,14.57843137254902,14.666666666666666,0.40824323269608875,14792.713555429038,36430.788013743855
2,3,0,51,16.0,1.0,8.470588235294118,11.705882352941176,0.590887217117313,8404.415669359445,22110.94343186429
2,3,0,52,18.0,1.0,13.22549019607843,15.627450980392156,0.40385126808793853,14786.739871720143,38175.0330667381
2,3,0,53,17.0,1.0,9.147058823529411,11.490196078431373,0.5786955407415312,9256.35250591896,23847.25184582334
2,3,0,54,20.0,1.0,17.15686274509804,17.274509803921568,0.29874759138068385,20198.623156605554,49909.869180657704
2,3,0,55,0.0,0.0,1.5490196078431373,1.4509803921568627,0.9442558162220674,623.4328107022168,1579.1899034852368
2,3,0,56,12.0,1.0,7.705882352941177,9.137254901960784,0.6585137695040443,5194.403521556053,13279.315688640152
2,3,0,57,5.0,1.0,3.1176470588235294,3.4313725490196076,0.8705390325191894,1384.1741599931263,3663.8947431924516
2,3,0,58,16.0,1.0,13.313725490196079,12.862745098039216,0.4796763087996229,12222.003921575548,29308.423222547466
2,3,0,59,16.0,1.0,8.931372549019608,11.666666666666666,0.5685238588858478,9611.118530293634,25321.44577614234
2,3,1,0,12.0,1.0,7.46078431372549,8.647058823529411,0.6501789338748613,5226.87811263186,14300.550316752928
2,3,1,1,12.0,1.0,8.813725490196079,7.411764705882353,0.6801837014765781,5742.604042326921,13390.203909283497
2,3,1,2,15.0,1.0,12.46078431372549,11.019607843137255,0.541367558809201,10150.785274371034,24186.31770313121
2,3,1,3,0.0,0.0,0.6764705882352942,0.2549019607843137,0.9838864105858597,164.73230897461443,315.65339358768176
2,3,1,4,0.0,0.0,0.6274509803921569,0.0,0.987486882799547,98.10517761562329,245.47434247756485
2,3,1,5,0.0,0.0,0.7450980392156863,0.0784313725490196,0.9841835826034749,128.9969808648981,306.75027427737473
2,3,1,6,15.0,1.0,12.686274509803921,11.431372549019608,0.5163149763153817,10057.324738873205,24343.02394127803
2,3,1,7,6.0,1.0,4.401960784313726,4.294117647058823,0.8358473255933901,1985.8720450634305,4927.938987335853
2,3,1,8,0.0,0.0,0.30392156862745096,0.0784313725490196,0.992458122552918,61.93551027087209,144.75705211927814
2,3,1,9,15.0,1.0,12.470588235294118,11.313725490196079,0.5274764915012101,9449.354060105576,23098.1713214715
2,3,1,10,11.0,1.0,8.72549019607843,7.647058823529412,0.6872135489395242,5216.767432499966,12337.978383217205
2,3,1,11,11.0,1.0,8.088235294117647,6.882352941176471,0.7052952126526288,4839.517552760208,11576.59194780745
2,3,1,12,0.0,0.0,0.30392156862745096,0.0784313725490196,0.9925005955734217,62.10891861329318,144.37829301313477
2,3,1,13,9.0,1.0,5.666666666666667,5.568627450980392,0.7850542430957148,2951.1104091006655,7377.701438034914
2,3,1,14,15.0,1.0,12.343137254901961,11.0,0.5301196252165044,9715.64218160905,23462.106000594817
2,3,1,15,10.0,1.0,7.147058823529412,7.019607843137255,0.716471712451665,3599.6742180648434,9385.566155536106
2,3,1,16,10.0,1.0,6.3431372549019605,6.470588235294118,0.7300268031339283,3463.896458231636,9215.892554356642
2,3,1,17,14.0,1.0,9.950980392156863,10.352941176470589,0.5767881230922558,8073.1878455579445,21073.52857712972
2,3,1,18,12.0,1.0,8.92156862745098,7.686274509803922,0.6747767550710274,5853.4038734292335,13617.90111049674
2,3,1,19,12.0,1.0,8.57843137254902,7.490196078431373,0.6845684947859718,5270.656919230174,12735.953093927443
2,3,1,20,14.0,1.0,12.382352941176471,10.745098039215685,0.5524066493749784,8938.780282160633,21376.35692143366
2,3,1,21,11.0,1.0,8.009803921568627,6.705882352941177,0.712938897026639,4917.882728392274,11399.63723221573
2,3,1,22,9.0,1.0,5.421568627450981,6.411764705882353,0.7570239627823,3174.3657161887404,8366.323984149216
2,3,1,23,14.0,1.0,11.450980392156863,9.784313725490197,0.5863729270831392,8680.516248716476,20484.421533562283
2,3,1,24,10.0,1.0,7.2254901960784315,6.176470588235294,0.7450975784857983,3982.593748357769,9354.303116577885
2,3,1,25,9.0,1.0,5.617647058823529,5.549019607843137,0.7713094846234781,2853.6426850126227,7334.884003195567
2,3,1,26,14.0,1.0,11.676470588235293,10.647058823529411,0.5541277318306624,8610.506067383563,21213.765664558985
2,3,1,27,0.0,0.0,1.107843137254902,0.6470588235294118,0.9532981656266611,370.9438992995299,1121.493942541281
2,3,1,28,16.0,1.0,13.529411764705882,11.647058823529411,0.49401982211552253,10995.475291986886,26714.957738959845
2,3,1,29,0.0,0.0,0.29411764705882354,0.0,0.9946238132634654,35.13330708661761,105.39797788223765
2,3,1,30,14.0,1.0,11.833333333333334,10.392156862745098,0.5504287038112827,8894.343712354954,21547.840710648743
2,3,1,31,10.0,1.0,7.862745098039215,6.411764705882353,0.7315808089782067,4418.450015868569,10308.486818637555
2,3,1,32,11.0,1.0,8.137254901960784,6.862745098039215,0.7034101606338479,4908.562712135001,11719.031022415691
2,3,1,33,0.0,0.0,0.14705882352941177,0.0,0.997093559116728,23.510100234102797,52.77430080620038
2,3,1,34,14.0,1.0,11.872549019607844,10.019607843137255,0.569235437126271,8655.670730921334,20494.39781728907
2,3,1,35,15.0,1.0,12.245098039215685,11.0,0.5345310769282797,9334.51497294666,23092.35929571067
2,3,1,36,14.0,1.0,9.57843137254902,10.058823529411764,0.5978017249359312,7234.791426302326,18527.278578770023
2,3,1,37,0.0,0.0,0.9313725490196079,0.6862745098039216,0.9575035663934811,304.5746715790912,1046.4512539642383
2,3,1,38,13.0,1.0,9.882352941176471,8.509803921568627,0.6308027370007186,6896.556023152211,16453.952278539935
2,3,1,39,11.0,1.0,8.294117647058824,6.647058823529412,0.7081811250962504,5041.718555328863,11654.240157357333
2,3,1,40,0.0,0.0,0.5588235294117647,0.6470588235294118,0.9630285321345177,277.9622021627124,931.1572926358169
2,3,1,41,0.0,0.0,0.5294117647058824,0.17647058823529413,0.9859911149607901,119.48397141381028,269.6614440449545
2,3,1,42,5.0,1.0,1.9607843137254901,2.6862745098039214,0.882369262942767,1199.8856929466099,3464.0774092876313
2,3,1,43,16.0,1.0,12.57843137254902,11.254901960784315,0.521183032835601,10013.56311277465,24177.781378287305
2,3,1,44,14.0,1.0,12.235294117647058,10.196078431372548,0.5560427511211165,9059.960997092909,21530.346807702677
2,3,1,45,7.0,1.0,4.764705882352941,4.588235294117647,0.8227059792124084,2079.506436983749,5249.350205287182
2,3,1,46,7.0,1.0,4.235294117647059,4.1568627450980395,0.8383746917026055,1992.7876470777414,4935.329561158109
2,3,1,47,1.0,0.0,1.1862745098039216,1.0,0.9405420969563755,459.14405320473327,1378.0163075844537
2,3,1,48,11.0,1.0,6.823529411764706,7.392156862745098,0.6969219205287515,4400.277019449732,11948.129449365013
2,3,1,49,4.0,1.0,1.9313725490196079,2.6862745098039214,0.8841102640613867,1160.7079616970623,3361.22185097078
2,3,1,50,12.0,1.0,8.53921568627451,7.509803921568627,0.6812422133356663,5405.389418315153,12950.798507083207
2,3,1,51,0.0,0.0,0.8529411764705882,0.7843137254901961,0.949636053877657,374.1287642984335,1201.007793848685
2,3,1,52,9.0,1.0,6.284313725490196,7.117647058823529,0.7157346574003906,3821.67080095955,10246.107915695567
2,3,1,53,6.0,1.0,3.2745098039215685,2.3333333333333335,0.8724618854151961,1393.2819458092047,3648.018993229863
2,3,1,54,15.0,1.0,12.46078431372549,11.27450980392157,0.5148050508122923,10113.142772588382,24688.141150810283
2,3,1,55,0.0,0.0,0.30392156862745096,0.0784313725490196,0.9931715752281538,58.969996353325364,137.28298162102774
2,3,1,56,0.0,0.0,0.46078431372549017,0.0,0.9892464737967698,57.99072366902306,199.6410887008761
2,3,1,57,0.0,0.0,0.0,0.0,0.9992413690378501,3.444769651789441,7.559252888676767
2,3,1,58,12.0,1.0,9.127450980392156,7.588235294117647,0.6756371961220191,5925.136984315702,13751.182414526855
2,3,1,59,0.0,0.0,0.6176470588235294,0.29411764705882354,0.975731253328017,144.98592473829524,447.70982594531677
2,3,2,0,0.0,0.0,0.17647058823529413,0.0,0.9960789810975844,24.78558142613018,70.30594632903329
2,3,2,1,7.0,1.0,4.980392156862745,2.764705882352941,0.849737547639943,2343.328596503789,5127.279467493768
2,3,2,2,12.0,1.0,9.705882352941176,7.313725490196078,0.667971233670515,6483.54378858757,14992.145855878563
2,3,2,3,0.0,0.0,0.5,0.058823529411764705,0.990177650210119,93.06343246724384,194.095322377533
2,3,2,4,0.0,0.0,0.22549019607843138,0.0,0.9952667398018336,30.099526190725506,86.90382306953367
2,3,2,5,0.0,0.0,0.3235294117647059,0.0,0.9929547677881856,51.11915601989339,131.54563259180782
2,3,2,6,9.0,1.0,6.901960784313726,4.588235294117647,0.7714165120536708,3378.6116091346394,7735.994318448855
2,3,2,7,0.0,0.0,0.8921568627450981,0.21568627450980393,0.9761164472629501,174.7519648281454,515.1979822271888
2,3,2,8,0.0,0.0,0.29411764705882354,0.0,0.9943253585624855,43.26338147793816,111.8938829900498
2,3,2,9,6.0,1.0,4.901960784313726,2.784313725490196,0.8553384578456903,1992.4855055660653,4483.238502461288
2,3,2,10,6.0,1.0,4.245098039215686,2.196078431372549,0.8797812718761816,1616.7780760059086,3692.9117610103276
2,3,2,11,6.0,1.0,3.9607843137254903,1.9019607843137254,0.8887939714024453,1573.2727323975955,3543.9134277827343
2,3,2,12,0.0,0.0,0.29411764705882354,0.0,0.9943253585624855,43.26338147793816,111.8938829900498
2,3,2,13,0.0,0.0,0.9705882352941176,0.19607843137254902,0.9703253877606905,221.79588191035762,640.8566415968555
2,3,2,14,9.0,1.0,6.176470588235294,3.803921568627451,0.7944536692818707,3146.101617354181,7140.902739858524
2,3,2,15,0.0,0.0,0.4019607843137255,0.0196078431372549,0.9917873584037822,73.55738818591149,155.41639643774894
2,3,2,16,0.0,0.0,0.19607843137254902,0.0,0.9945207130346625,37.07058682308259,101.6662081336138
2,3,2,17,2.0,0.0,2.0098039215686274,1.2156862745098038,0.9260901070270157,673.3493019345907,1888.989396624539
2,3,2,18,7.0,1.0,5.009803921568627,2.803921568627451,0.8486405427716153,2461.394814891334,5362.515012526352
2,3,2,19,6.0,1.0,4.264705882352941,2.156862745098039,0.8750462829809221,1670.3996636708912,3911.109613978665
2,3,2,20,8.0,1.0,5.852941176470588,3.3529411764705883,0.8278918757635861,2327.525052918196,5317.924275299751
2,3,2,21,6.0,1.0,4.137254901960785,1.8235294117647058,0.8811049189394291,1921.3235325901228,4115.5394186029735
2,3,2,22,0.0,0.0,0.0,0.0,0.9998474093368147,0.761810575504801,1.454884583683963
2,3,2,23,12.0,1.0,8.53921568627451,6.2745098039215685,0.709981109024985,5507.4619819471145,12678.635007266152
2,3,2,24,4.0,1.0,3.715686274509804,1.7254901960784315,0.8992233986868049,1482.2999717316172,3280.2391146018635
2,3,2,25,0.0,0.0,0.8235294117647058,0.27450980392156865,0.9734153326431634,189.96592675838872,558.7980660634834
2,3,2,26,6.0,1.0,4.245098039215686,2.0588235294117645,0.8813754333739815,1638.5702676951857,3690.5229935094812
2,3,2,27,0.0,0.0,0.35294117647058826,0.0,0.9940611288943594,55.93337000727896,111.55434492174022
2,3,2,28,11.0,1.0,7.990196078431373,5.1568627450980395,0.7357554273078463,3899.800794377017,9206.36940034001
2,3,2,29,0.0,0.0,0.0,0.0,0.9993844554685366,2.021272904152975,6.259132136246031
2,3,2,30,8.0,1.0,5.637254901960785,3.215686274509804,0.8200607073377134,2646.8370627195177,5991.266528014013
2,3,2,31,5.0,1.0,3.980392156862745,1.8235294117647058,0.894101645853762,1540.8869164612515,3415.302517333119
2,3,2,32,6.0,1.0,4.0,2.0980392156862746,0.883290413346241,1617.2871509350684,3668.687935185674
2,3,2,33,0.0,0.0,0.0,0.0,0.9996855461837734,1.4347329215632363,3.181599058374211
2,3,2,34,8.0,1.0,6.078431372549019,3.3137254901960786,0.8179818281855261,2781.800820572363,6103.655596563341
2,3,2,35,7.0,1.0,4.754901960784314,2.4313725490196076,0.8599916789891401,2093.6408916745618,4656.780633019853
2,3,2,36,0.0,0.0,0.9901960784313726,0.2549019607843137,0.9743023219731551,193.23453353843885,545.4659052844393
2,3,2,37,0.0,0.0,0.0,0.0,0.9985708363873194,4.5531303176995435,14.61599378650708
2,3,2,38,8.0,1.0,5.313725490196078,2.6470588235294117,0.8369015460877476,2431.964029959676,5456.904410768313
2,3,2,39,6.0,1.0,4.294117647058823,1.9607843137254901,0.8759689672663109,1991.2938239330747,4261.331331927098
2,3,2,40,0.0,0.0,0.14705882352941177,0.0,0.9976046550064125,17.040440093907975,42.4047460763073
2,3,2,41,0.0,0.0,0.4411764705882353,0.0,0.9915403134264507,64.80001997288838,168.83959005338946
2,3,2,42,0.0,0.0,0.0,0.0,0.9993566370534638,2.4036873253435638,6.527475824240309
2,3,2,43,8.0,1.0,5.96078431372549,3.549019607843137,0.8070929948449396,2896.725124673993,6551.018275156513
2,3,2,44,8.0,1.0,6.53921568627451,3.7254901960784315,0.8021816582510758,3092.7871038257576,6857.401838335856
2,3,2,45,0.0,0.0,1.1568627450980393,0.19607843137254902,0.9679367710787092,236.59035087012083,694.7305708761852
2,3,2,46,0.0,0.0,0.7450980392156863,0.19607843137254902,0.9780905189048784,157.03750983869017,468.2999145599855
2,3,2,47,0.0,0.0,0.4411764705882353,0.0,0.9910649791633185,66.53241744664486,173.76190290312138
2,3,2,48,0.0,0.0,0.17647058823529413,0.0,0.995320037688333,25.026840587846756,78.02713419087317
2,3,2,49,0.0,0.0,0.0,0.0,0.9993566370534638,2.4036873253435638,6.527475824240309
2,3,2,50,6.0,1.0,3.9901960784313726,2.0588235294117645,0.8844241894028414,1605.5412569785044,3625.066538341853
2,3,2,51,0.0,0.0,0.29411764705882354,0.0,0.9940182292594645,44.323200943023615,115.2094020870062
2,3,2,52,0.0,0.0,0.0,0.0,0.9991070736347192,3.1274320010634193,8.748495390822985
2,3,2,53,0.0,0.0,0.2549019607843137,0.0,0.9944123180775452,35.6260836691317,101.24227539919724
2,3,2,54,9.0,1.0,6.2254901960784315,4.117647058823529,0.7864627646064489,3184.7144578224843,7337.3692926779695
2,3,2,55,0.0,0.0,0.29411764705882354,0.0,0.9944935635225968,42.59080346926714,110.28708923727427
2,3,2,56,0.0,0.0,0.17647058823529413,0.0,0.9961594702917548,23.149030208316184,69.40673172259945
2,3,2,57,0.0,0.0,0.0,0.0,0.9999933371575197,0.022236188416284716,0.06174346464994426
2,3,2,58,8.0,1.0,5.362745098039215,2.8627450980392157,0.8407243560616658,2514.747081747479,5448.377485600512
2,3,2,59,0.0,0.0,0.23529411764705882,0.0,0.9943081450235076,32.173194071272555,104.08455845362303
2,3,3,0,0.0,0.0,0.0,0.0,1.0,0.0,0.0
2,3,3,1,0.0,0.0,0.3333333333333333,0.0196078431372549,0.9929041047268795,63.160159054974464,136.14888774028785
2,3,3,2,0.0,0.0,2.1372549019607843,0.3137254901960784,0.957456609157625,530.6029403451273,1076.9016146053136
2,3,3,3,0.0,0.0,0.0,0.0,0.9996848880426062,1.0885706849773382,3.0378551439338435
2,3,3,4,0.0,0.0,0.0,0.0,1.0,0.0,0.0
2,3,3,5,0.0,0.0,0.0,0.0,0.9998440729883193,0.350141128446175,1.5042364637263577
2,3,3,6,0.0,0.0,0.3333333333333333,0.0196078431372549,0.9927644261988848,63.856901106128625,137.50209236608998
2,3,3,7,0.0,0.0,0.0,0.0,0.999421822439697,1.9420510034118572,5.816745647225233
2,3,3,8,0.0,0.0,0.0,0.0,0.9998440729883193,0.350141128446175,1.5042364637263577
2,3,3,9,0.0,0.0,0.6764705882352942,0.058823529411764705,0.9867458615533652,104.00412322579912,254.35986484615222
2,3,3,10,0.0,0.0,0.6666666666666666,0.058823529411764705,0.9867800701591327,103.16795467148748,253.6836603623209
2,3,3,11,0.0,0.0,0.6666666666666666,0.058823529411764705,0.986930324900153,102.84152139304364,252.2337144899827
2,3,3,12,0.0,0.0,0.0,0.0,0.9998440729883193,0.350141128446175,1.5042364637263577
2,3,3,13,0.0,0.0,0.0,0.0,0.999421822439697,1.9420510034118572,5.816745647225233
2,3,3,14,0.0,0.0,0.3333333333333333,0.0196078431372549,0.9930555552322827,62.86176685631818,134.6924975328667
2,3,3,15,0.0,0.0,0.0,0.0,0.999999914014102,0.00029937512547655016,0.0007954918776218733
2,3,3,16,0.0,0.0,0.0,0.0,1.0,0.0,0.0
2,3,3,17,0.0,0.0,0.0,0.0,0.999421822439697,1.9420510034118572,5.816745647225233
2,3,3,18,0.0,0.0,0.3333333333333333,0.0196078431372549,0.9930555552322827,62.86176685631818,134.6924975328667
2,3,3,19,0.0,0.0,0.6666666666666666,0.058823529411764705,0.9869161531356689,102.8723554593286,252.36300584706103
2,3,3,20,0.0,0.0,0.6764705882352942,0.058823529411764705,0.9861683721741702,105.6152119465161,260.18953024152637
2,3,3,21,0.0,0.0,0.3333333333333333,0.0196078431372549,0.9930561069183331,62.84687681846009,134.68096073375406
2,3,3,22,0.0,0.0,0.0,0.0,1.0,0.0,0.0
2,3,3,23,0.0,0.0,1.7941176470588236,0.3137254901960784,0.9637716872923358,465.26462072332123,925.7956839986398
2,3,3,24,0.0,0.0,0.6764705882352942,0.058823529411764705,0.9868551477030025,103.66366291849428,253.3147203596347
2,3,3,25,0.0,0.0,0.0,0.0,0.999421822439697,1.9420510034118572,5.816745647225233
2,3,3,26,0.0,0.0,0.6666666666666666,0.058823529411764705,0.98691512293678,102.84518336450915,252.37253646510214
2,3,3,27,0.0,0.0,0.0,0.0,0.9998170219135916,0.8296983744109742,1.7556547252878802
2,3,3,28,0.0,0.0,0.39215686274509803,0.0196078431372549,0.9915726547336519,72.49868070937762,160.19562531943924
2,3,3,29,0.0,0.0,0.0,0.0,1.0,0.0,0.0
2,3,3,30,0.0,0.0,0.3333333333333333,0.0196078431372549,0.9930395675357855,62.87868495195639,134.8339705451399
2,3,3,31,0.0,0.0,0.6666666666666666,0.058823529411764705,0.9869359971708129,102.81781354304131,252.17942389859456
2,3,3,32,0.0,0.0,0.6666666666666666,0.058823529411764705,0.9869359971708129,102.81781354304131,252.17942389859456
2,3,3,33,0.0,0.0,0.0,0.0,1.0,0.0,0.0
2,3,3,34,0.0,0.0,0.43137254901960786,0.0196078431372549,0.9912139761822432,74.36388493983186,167.08037186486473
2,3,3,35,0.0,0.0,0.6666666666666666,0.058823529411764705,0.9868580847864522,103.00462553915966,252.92196692905108
2,3,3,36,0.0,0.0,0.0,0.0,0.9994217364537988,1.9423503785373348,5.817541139102858
2,3,3,37,0.0,0.0,0.0,0.0,1.0,0.0,0.0
2,3,3,38,0.0,0.0,0.3333333333333333,0.0196078431372549,0.9930795607106928,62.76817831385101,134.46398405189092
2,3,3,39,0.0,0.0,0.3333333333333333,0.0196078431372549,0.9930561069183331,62.84687681846009,134.68096073375406
2,3,3,40,0.0,0.0,0.0,0.0,0.9999762068593047,0.09126881787981131,0.22203604508039193
2,3,3,41,0.0,0.0,0.0,0.0,0.9998439870024224,0.3504405035716516,1.5050319556039786
2,3,3,42,0.0,0.0,0.0,0.0,1.0,0.0,0.0
2,3,3,43,0.0,0.0,0.3333333333333333,0.0196078431372549,0.9930503011626132,62.90019056492528,134.73467117820974
2,3,3,44,0.0,0.0,0.39215686274509803,0.0196078431372549,0.9915738200236422,72.47924366161236,160.19127795967057
2,3,3,45,0.0,0.0,0.0,0.0,0.9993980292990017,2.0333198212916685,6.038781692305629
2,3,3,46,0.0,0.0,0.0,0.0,0.999421822439697,1.9420510034118572,5.816745647225233
2,3,3,47,0.0,0.0,0.0,0.0,0.9998439870024224,0.3504405035716516,1.5050319556039786
2,3,3,48,0.0,0.0,0.0,0.0,1.0,0.0,0.0
2,3,3,49,0.0,0.0,0.0,0.0,1.0,0.0,0.0
2,3,3,50,0.0,0.0,0.6666666666666666,0.058823529411764705,0.9869359971708129,102.81781354304131,252.17942389859456
2,3,3,51,0.0,0.0,0.0,0.0,0.9998440729883193,0.350141128446175,1.5042364637263577
2,3,3,52,0.0,0.0,0.0,0.0,1.0,0.0,0.0
2,3,3,53,0.0,0.0,0.0,0.0,1.0,0.0,0.0
2,3,3,54,0.0,0.0,0.38235294117647056,0.0196078431372549,0.992608060842188,68.75571382437515,144.47633161601357
2,3,3,55,0.0,0.0,0.0,0.0,0.9998440729883193,0.350141128446175,1.5042364637263577
2,3,3,56,0.0,0.0,0.0,0.0,1.0,0.0,0.0
2,3,3,57,0.0,0.0,0.0,0.0,1.0,0.0,0.0
2,3,3,58,0.0,0.0,0.3333333333333333,0.0196078431372549,0.9927644261988848,63.856901106128625,137.50209236608998
2,3,3,59,0.0,0.0,0.0,0.0,1.0,0.0,0.0
2,3,4,0,0.0,0.0,0.0,0.0,1.0,0.0,0.0
2,3,4,1,0.0,0.0,0.0,0.0,1.0,0.0,0.0
2,3,4,2,0.0,0.0,0.0,0.0,1.0,0.0,0.0
2,3,4,3,0.0,0.0,0.0,0.0,1.0,0.0,0.0
2,3,4,4,0.0,0.0,0.0,0.0,1.0,0.0,0.0
2,3,4,5,0.0,0.0,0.0,0.0,1.0,0.0,0.0
2,3,4,6,0.0,0.0,0.0,0.0,1.0,0.0,0.0
2,3,4,7,0.0,0.0,0.0,0.0,1.0,0.0,0.0
2,3,4,8,0.0,0.0,0.0,0.0,1.0,0.0,0.0
2,3,4,9,0.0,0.0,0.0,0.0,1.0,0.0,0.0
2,3,4,10,0.0,0.0,0.0,0.0,1.0,0.0,0.0
2,3,4,11,0.0,0.0,0.0,0.0,1.0,0.0,0.0
2,3,4,12,0.0,0.0,0.0,0.0,1.0,0.0,0.0
2,3,4,13,0.0,0.0,0.0,0.0,1.0,0.0,0.0
2,3,4,14,0.0,0.0,0.0,0.0,1.0,0.0,0.0
2,3,4,15,0.0,0.0,0.0,0.0,1.0,0.0,0.0
2,3,4,16,0.0,0.0,0.0,0.0,1.0,0.0,0.0
2,3,4,17,0.0,0.0,0.0,0.0,1.0,0.0,0.0
2,3,4,18,0.0,0.0,0.0,0.0,1.0,0.0,0.0
2,3,4,19,0.0,0.0,0.0,0.0,1.0,0.0,0.0
2,3,4,20,0.0,0.0,0.0,0.0,1.0,0.0,0.0
2,3,4,21,0.0,0.0,0.0,0.0,1.0,0.0,0.0
2,3,4,22,0.0,0.0,0.0,0.0,1.0,0.0,0.0
2,3,4,23,0.0,0.0,0.0,0.0,1.0,0.0,0.0
2,3,4,24,0.0,0.0,0.0,0.0,1.0,0.0,0.0
2,3,4,25,0.0,0.0,0.0,0.0,1.0,0.0,0.0
2,3,4,26,0.0,0.0,0.0,0.0,1.0,0.0,0.0
2,3,4,27,0.0,0.0,0.0,0.0,1.0,0.0,0.0
2,3,4,28,0.0,0.0,0.0,0.0,1.0,0.0,0.0
2,3,4,29,0.0,0.0,0.0,0.0,1.0,0.0,0.0
2,3,4,30,0.0,0.0,0.0,0.0,1.0,0.0,0.0
2,3,4,31,0.0,0.0,0.0,0.0,1.0,0.0,0.0
2,3,4,32,0.0,0.0,0.0,0.0,1.0,0.0,0.0
2,3,4,33,0.0,0.0,0.0,0.0,1.0,0.0,0.0
2,3,4,34,0.0,0.0,0.0,0.0,1.0,0.0,0.0
2,3,4,35,0.0,0.0,0.0,0.0,1.0,0.0,0.0
2,3,4,36,0.0,0.0,0.0,0.0,1.0,0.0,0.0
2,3,4,37,0.0,0.0,0.0,0.0,1.0,0.0,0.0
2,3,4,38,0.0,0.0,0.0,0.0,1.0,0.0,0.0
2,3,4,39,0.0,0.0,0.0,0.0,1.0,0.0,0.0
2,3,4,40,0.0,0.0,0.0,0.0,1.0,0.0,0.0
2,3,4,41,0.0,0.0,0.0,0.0,1.0,0.0,0.0
2,3,4,42,0.0,0.0,0.0,0.0,1.0,0.0,0.0
2,3,4,43,0.0,0.0,0.0,0.0,1.0,0.0,0.0
2,3,4,44,0.0,0.0,0.0,0.0,1.0,0.0,0.0
2,3,4,45,0.0,0.0,0.0,0.0,1.0,0.0,0.0
2,3,4,46,0.0,0.0,0.0,0.0,1.0,0.0,0.0
2,3,4,47,0.0,0.0,0.0,0.0,1.0,0.0,0.0
2,3,4,48,0.0,0.0,0.0,0.0,1.0,0.0,0.0
2,3,4,49,0.0,0.0,0.0,0.0,1.0,0.0,0.0
2,3,4,50,0.0,0.0,0.0,0.0,1.0,0.0,0.0
2,3,4,51,0.0,0.0,0.0,0.0,1.0,0.0,0.0
2,3,4,52,0.0,0.0,0.0,0.0,1.0,0.0,0.0
2,3,4,53,0.0,0.0,0.0,0.0,1.0,0.0,0.0
2,3,4,54,0.0,0.0,0.0,0.0,1.0,0.0,0.0
2,3,4,55,0.0,0.0,0.0,0.0,1.0,0.0,0.0
2,3,4,56,0.0,0.0,0.0,0.0,1.0,0.0,0.0
2,3,4,57,0.0,0.0,0.0,0.0,1.0,0.0,0.0
2,3,4,58,0.0,0.0,0.0,0.0,1.0,0.0,0.0
2,3,4,59,0.0,0.0,0.0,0.0,1.0,0.0,0.0
2,4,0,0,20.0,1.0,14.568627450980392,17.352941176470587,0.331971748037411,20294.99061891341,52947.065835769026
2,4,0,1,18.0,1.0,15.686274509803921,15.823529411764707,0.36665655984972956,18253.127202860807,44523.70187192385
2,4,0,2,20.0,1.0,17.91176470588235,17.392156862745097,0.288166865735157,22433.697327703638,55015.7585833416
2,4,0,3,14.0,1.0,10.931372549019608,12.980392156862745,0.5289996400536376,9935.672882475887,25026.303079356134
2,4,0,4,13.0,1.0,7.303921568627451,8.882352941176471,0.6619161846161737,6703.749605571531,17599.78578856751
2,4,0,5,18.0,1.0,10.92156862745098,13.784313725490197,0.49171608476599954,14148.604494795354,36565.7212761282
2,4,0,6,21.0,1.0,18.5,18.50980392156863,0.24482722838492665,24804.87720282326,61231.738781846405
2,4,0,7,16.0,1.0,11.843137254901961,13.647058823529411,0.48649913189212124,12553.701520644978,31678.67123107939
2,4,0,8,18.0,1.0,10.53921568627451,13.588235294117647,0.4977922767785264,12931.575752035867,33722.06182490838
2,4,0,9,21.0,1.0,18.0,17.901960784313726,0.2748259160049358,22677.26355979928,56233.57184785649
2,4,0,10,18.0,1.0,15.882352941176471,16.176470588235293,0.3620731285367738,18202.051195784225,44634.456793038604
2,4,0,11,19.0,1.0,16.0,16.333333333333332,0.3456284849174502,19465.93238193093,48100.924903838044
2,4,0,12,18.0,1.0,12.186274509803921,14.72549019607843,0.44032701731091256,14921.295473645612,38279.12692469926
2,4,0,13,17.0,1.0,12.215686274509803,13.764705882352942,0.47765530106531057,13031.60005479513,33188.31711106962
2,4,0,14,20.0,1.0,17.88235294117647,17.725490196078432,0.27725150177077723,22997.788098159377,56634.054572264446
2,4,0,15,19.0,1.0,16.068627450980394,17.0,0.325298394099548,19227.815177646444,48632.90297508227
2,4,0,16,19.0,1.0,14.27450980392157,16.647058823529413,0.35677472099343177,18700.35837044535,48128.18304655984
2,4,0,17,21.0,1.0,15.196078431372548,17.313725490196077,0.3272604394634669,20590.793516012935,53344.82650310552
2,4,0,18,19.0,1.0,16.254901960784313,16.568627450980394,0.3360536406952324,19668.20608623041,47992.67328718127
2,4,0,19,18.0,1.0,15.676470588235293,15.941176470588236,0.3644399183476283,18174.59522200469,45201.09022599686
2,4,0,20,19.0,1.0,17.53921568627451,17.41176470588235,0.30455604032612354,21394.91961400264,52430.342037632436
2,4,0,21,18.0,1.0,15.019607843137255,15.0,0.39575010986158055,16728.908852422483,40848.464115952054
2,4,0,22,18.0,1.0,13.245098039215685,15.882352941176471,0.40090771319628815,16789.651348711595,43213.600280327395
2,4,0,23,18.0,1.0,16.54901960784314,16.0,0.3465421536347295,19241.956723902233,47222.70407693729
2,4,0,24,17.0,1.0,15.196078431372548,15.27450980392157,0.3893905031886474,16775.842103601677,41338.02045918241
2,4,0,25,18.0,1.0,13.441176470588236,15.27450980392157,0.4045734399091318,16301.582011805353,42026.87617297048
2,4,0,26,20.0,1.0,17.58823529411765,17.862745098039216,0.2820068907863979,22377.04603091785,55638.80431946577
2,4,0,27,16.0,1.0,11.745098039215685,13.137254901960784,0.4921183167160083,12264.76406133581,31432.734828140245
2,4,0,28,21.0,1.0,18.46078431372549,18.15686274509804,0.2520567072352296,24402.760785493563,60454.2517263164
2,4,0,29,4.0,1.0,2.715686274509804,2.9019607843137254,0.8921270123970967,1453.410961750575,3825.658024879188
2,4,0,30,20.0,1.0,17.96078431372549,17.764705882352942,0.26734765300744795,23398.20431010111,57922.813158746314
2,4,0,31,17.0,1.0,14.57843137254902,14.588235294117647,0.42083598036054565,15582.126726316958,38168.20531222
2,4,0,32,19.0,1.0,15.941176470588236,16.274509803921568,0.3490936660725392,19276.589319891755,47605.129703956205
2,4,0,33,0.0,0.0,2.5294117647058822,3.196078431372549,0.8958758280406967,1590.0291439491575,4024.3974616190817
2,4,0,34,18.0,1.0,16.941176470588236,16.58823529411765,0.3229796488472295,20635.91001049187,50414.29698600041
2,4,0,35,20.0,1.0,17.65686274509804,17.823529411764707,0.2815242389200704,22500.938424440934,55780.086784163825
2,4,0,36,19.0,1.0,16.225490196078432,17.254901960784313,0.31539091029142247,20153.66158644392,51054.52898171979
2,4,0,37,15.0,1.0,8.833333333333334,11.509803921568627,0.5754334471317434,9412.677273697971,25172.19561413131
2,4,0,38,19.0,1.0,16.392156862745097,16.333333333333332,0.33493917847843147,19930.735804176835,49021.154978732164
2,4,0,39,17.0,1.0,15.166666666666666,14.745098039215685,0.3976552295643038,16857.575725874445,40837.69494377325
2,4,0,40,15.0,1.0,9.862745098039216,11.803921568627452,0.5527061606083846,9968.746462825016,26067.55848639818
2,4,0,41,11.0,1.0,8.558823529411764,9.07843137254902,0.6611890444857833,5640.689354097651,13529.509974923503
2,4,0,42,19.0,1.0,10.77450980392157,14.686274509803921,0.4742613363953418,15539.90041534222,40630.40573337442
2,4,0,43,21.0,1.0,18.03921568627451,18.019607843137255,0.2644580754415092,23827.921729127123,58662.89640479791
2,4,0,44,19.0,1.0,17.607843137254903,17.0,0.29675780269657964,21596.301772055253,52945.24693795992
2,4,0,45,16.0,1.0,13.558823529411764,14.176470588235293,0.4482205793638286,13401.880598350905,33501.94348615613
2,4,0,46,16.0,1.0,14.068627450980392,14.03921568627451,0.43476609156309115,14134.097359847574,35053.89841522252
2,4,0,47,18.0,1.0,12.568627450980392,14.72549019607843,0.4508177956754544,14349.148383237158,36380.38901821281
2,4,0,48,19.0,1.0,13.5,15.941176470588236,0.39059899386992086,17023.36128152129,44632.75088336161
2,4,0,49,19.0,1.0,10.764705882352942,14.647058823529411,0.4758819632289201,15437.78466169383,40301.8943440695
2,4,0,50,19.0,1.0,16.647058823529413,17.019607843137255,0.31554921136972297,20799.87750970997,51365.258656689584
2,4,0,51,17.0,1.0,10.57843137254902,13.294117647058824,0.513676347039245,12578.39333351427,32723.974605797735
2,4,0,52,19.0,1.0,15.362745098039216,17.392156862745097,0.3256077180518895,19771.082895822954,50591.80820443758
2,4,0,53,18.0,1.0,10.509803921568627,13.215686274509803,0.5112168818935139,13376.319916197106,34628.73678385534
2,4,0,54,21.0,1.0,18.333333333333332,18.50980392156863,0.24391207881920474,24833.157812316436,61475.062801598266
2,4,0,55,2.0,0.0,2.607843137254902,2.843137254901961,0.900505338359347,1465.4890359392434,3740.9727402266303
2,4,0,56,14.0,1.0,11.637254901960784,12.705882352941176,0.5028928838234952,10975.196779314783,27603.83934687183
2,4,0,57,11.0,1.0,6.970588235294118,8.352941176470589,0.693150461441309,5280.259135652665,13745.246924437424
2,4,0,58,18.0,1.0,15.284313725490197,15.07843137254902,0.3897883579617714,17209.06945020517,41860.554821167745
2,4,0,59,18.0,1.0,11.637254901960784,14.117647058823529,0.47241803341329275,14108.447623426839,36636.64057662541
2,4,1,0,15.0,1.0,10.343137254901961,11.823529411764707,0.5278727484922459,10220.503318866542,27044.329997292454
2,4,1,1,15.0,1.0,12.009803921568627,11.098039215686274,0.5348073767938414,10907.875782355153,26212.369539819294
2,4,1,2,17.0,1.0,14.931372549019608,13.588235294117647,0.4286999212955798,15432.67987718116,37482.94317277962
2,4,1,3,3.0,0.0,2.1666666666666665,1.0196078431372548,0.9420021604418921,644.0354575071558,1322.7081063206533
2,4,1,4,0.0,0.0,1.2941176470588236,0.35294117647058826,0.9626819212664636,307.4403041360721,843.1681760026869
2,4,1,5,2.0,0.0,1.7843137254901962,0.6274509803921569,0.9430919695680747,490.6255159174058,1259.7737182107544
2,4,1,6,17.0,1.0,14.813725490196079,13.980392156862745,0.4130184060536053,15455.054000526874,37832.94486552816
2,4,1,7,12.0,1.0,8.852941176470589,9.215686274509803,0.6352111884716006,6795.8738820155295,17266.503077411617
2,4,1,8,0.0,0.0,0.4117647058823529,0.2549019607843137,0.9869689469484134,125.22912381446275,262.54585377275305
2,4,1,9,17.0,1.0,14.990196078431373,13.92156862745098,0.4151829748607883,15172.430672461509,37347.67110434138
2,4,1,10,14.0,1.0,12.303921568627452,11.490196078431373,0.5299365883066613,10823.180994129068,26078.15398042551
2,4,1,11,14.0,1.0,11.950980392156863,11.333333333333334,0.5343717773738597,10703.38022189238,26164.774013192266
2,4,1,12,0.0,0.0,0.4117647058823529,0.2549019607843137,0.9870109278916265,125.4253861234971,262.1852011370171
2,4,1,13,13.0,1.0,9.558823529411764,9.901960784313726,0.6088736807176363,7776.833814656847,19744.97089170928
2,4,1,14,17.0,1.0,14.803921568627452,13.862745098039216,0.41338506551016785,15573.593140375991,38224.91640911813
2,4,1,15,14.0,1.0,11.117647058823529,11.372549019607844,0.5434528246518611,9154.872158543174,23206.08490711425
2,4,1,16,14.0,1.0,9.637254901960784,10.392156862745098,0.5809389717675013,8356.840547430673,21492.112456791798
2,4,1,17,16.0,1.0,12.058823529411764,13.196078431372548,0.47755972141871933,12940.668514184452,33575.42802547665
2,4,1,18,14.0,1.0,12.127450980392156,11.27450980392157,0.5290801912193787,11093.096469936074,26660.791595373496
2,4,1,19,14.0,1.0,11.77450980392157,10.96078431372549,0.544943865723525,10288.964258501586,25123.920751820853
2,4,1,20,17.0,1.0,15.107843137254902,13.941176470588236,0.4220407935588389,15280.299971593788,37095.32226484672
2,4,1,21,14.0,1.0,11.480392156862745,10.470588235294118,0.5618084029492565,9818.803256527975,23559.64056302934
2,4,1,22,13.0,1.0,8.686274509803921,9.823529411764707,0.6141824559837533,7567.171261138279,19477.149965646262
2,4,1,23,17.0,1.0,14.049019607843137,12.784313725490197,0.46292979314673605,13936.925612497109,33800.9149287365
2,4,1,24,14.0,1.0,11.441176470588236,10.862745098039216,0.560352347821392,9685.247868675711,23502.1859093655
2,4,1,25,13.0,1.0,9.470588235294118,9.666666666666666,0.6066333745566961,7616.685870808436,19626.54543918374
2,4,1,26,17.0,1.0,14.607843137254902,13.92156862745098,0.42301010635150876,14871.040175045782,36723.62623673947
2,4,1,27,8.0,1.0,4.990196078431373,5.2745098039215685,0.787377309240015,2655.77837852235,7143.355533038193
2,4,1,28,18.0,1.0,15.529411764705882,14.098039215686274,0.39420713663133017,16542.33435696725,40544.742763551054
2,4,1,29,0.0,0.0,0.3137254901960784,0.0392156862745098,0.9897298164263213,67.41242626166115,191.1671599701749
2,4,1,30,16.0,1.0,14.411764705882353,13.509803921568627,0.4277689421797158,14849.584534920747,36543.92039069824
2,4,1,31,13.0,1.0,11.254901960784315,10.254901960784315,0.5775970333108521,9240.856691340286,22259.381750532153
2,4,1,32,14.0,1.0,11.676470588235293,11.137254901960784,0.5436131297123097,10394.646572510095,25396.406255512346
2,4,1,33,0.0,0.0,0.14705882352941177,0.0,0.997093559116728,23.510100234102797,52.7743008062004
2,4,1,34,16.0,1.0,14.352941176470589,13.019607843137255,0.44917363890444234,14200.007167294752,34346.33103666214
2,4,1,35,17.0,1.0,14.980392156862745,14.235294117647058,0.40802578702729586,15637.731337944553,38837.58960431807
2,4,1,36,16.0,1.0,12.872549019607844,13.254901960784315,0.4675315903197937,12705.29074029856,32316.26268007554
2,4,1,37,6.0,1.0,2.8823529411764706,3.6470588235294117,0.8507297115545684,1743.6925813953603,5091.823916214898
2,4,1,38,15.0,1.0,12.509803921568627,11.352941176470589,0.5155018687387911,11636.424953540813,28173.419369734736
2,4,1,39,14.0,1.0,11.588235294117647,10.333333333333334,0.5618631571563767,9951.53593222324,23721.383263106698
2,4,1,40,5.0,1.0,2.4019607843137254,3.3529411764705883,0.8631184215879665,1576.2878503385891,4602.325994433371
2,4,1,41,3.0,0.0,2.303921568627451,1.4313725490196079,0.9318137209066718,739.5502457328224,1645.6088107022638
2,4,1,42,10.0,1.0,4.6568627450980395,6.509803921568627,0.7527489795950815,4067.2980895581713,11102.119982814773
2,4,1,43,16.0,1.0,14.519607843137255,13.647058823529411,0.4237710963081447,15146.023194566422,37014.724233888795
2,4,1,44,16.0,1.0,14.637254901960784,13.215686274509803,0.43772595634172745,14605.859881223561,35454.40940621957
2,4,1,45,13.0,1.0,10.372549019607844,10.196078431372548,0.5872833782858006,7803.469759551452,19719.7349811873
2,4,1,46,13.0,1.0,8.529411764705882,8.980392156862745,0.6450047303109969,6494.927166733187,16482.32060425458
2,4,1,47,10.0,1.0,6.284313725490196,6.9411764705882355,0.7317180386324936,4008.943105775959,10418.772489895071
2,4,1,48,14.0,1.0,9.72549019607843,10.549019607843137,0.5708375381337255,8986.97066598631,23753.8002841881
2,4,1,49,10.0,1.0,4.754901960784314,6.607843137254902,0.7496268436447928,4107.9510123060145,11220.04234677397
2,4,1,50,15.0,1.0,12.166666666666666,11.588235294117647,0.5236625528059266,11058.17515251978,26986.932512227628
2,4,1,51,7.0,1.0,3.4705882352941178,5.03921568627451,0.8153001110748201,2399.074050349642,6667.983465199266
2,4,1,52,13.0,1.0,9.27450980392157,10.431372549019608,0.5850461606308561,8318.135465650232,21753.96301837729
2,4,1,53,10.0,1.0,5.480392156862745,6.078431372549019,0.7507287043716931,4067.2624151516857,10829.58569172342
2,4,1,54,17.0,1.0,14.647058823529411,13.823529411764707,0.41298071561924626,15531.301083095159,38221.87399820449
2,4,1,55,0.0,0.0,0.47058823529411764,0.29411764705882354,0.9857280178269097,135.70992560072438,298.31260639581376
2,4,1,56,0.0,0.0,1.0294117647058822,0.21568627450980393,0.9650283754591231,227.39663949907026,698.63076453967
2,4,1,57,0.0,0.0,0.0,0.0,0.9992413690378501,3.4447696517894406,7.559252888676757
2,4,1,58,14.0,1.0,11.852941176470589,10.823529411764707,0.5492438628617563,10334.329263602627,24708.798786063922
2,4,1,59,5.0,1.0,2.1176470588235294,2.0588235294117645,0.8964922571447781,1026.6739490591222,2865.951398739847
2,4,2,0,0.0,0.0,0.3333333333333333,0.0,0.9902614641460619,54.218960169988776,179.42246869639172
2,4,2,1,11.0,1.0,8.803921568627452,7.196078431372549,0.6791002562917648,6193.424336025017,14516.837717101644
2,4,2,2,15.0,1.0,12.607843137254902,10.862745098039216,0.5288879118784003,11386.536276432376,27252.02512060146
2,4,2,3,0.0,0.0,1.196078431372549,0.37254901960784315,0.9738419420163983,313.2606421764748,569.9404366105059
2,4,2,4,0.0,0.0,0.5294117647058824,0.0,0.9877295945687155,79.4102180519026,233.06318201167022
2,4,2,5,0.0,0.0,0.4803921568627451,0.1568627450980392,0.9884846209725574,104.58958051741232,218.4703904642351
2,4,2,6,13.0,1.0,10.490196078431373,8.568627450980392,0.6136976670997649,7871.666838801954,18661.123935748812
2,4,2,7,3.0,0.0,2.1666666666666665,1.3333333333333333,0.924592393438829,733.0755122825453,1867.9143630091949
2,4,2,8,0.0,0.0,0.3235294117647059,0.1568627450980392,0.9915887144920603,78.0840658255693,165.89291326365242
2,4,2,9,12.0,1.0,9.892156862745098,8.156862745098039,0.6379015123400897,6998.785123735493,16791.235899000978
2,4,2,10,11.0,1.0,9.03921568627451,7.921568627450981,0.6687663387220439,6276.454952018984,14950.327828246209
2,4,2,11,11.0,1.0,8.754901960784315,7.431372549019608,0.6777858359054654,6089.855616565506,14621.808287641425
2,4,2,12,0.0,0.0,0.3235294117647059,0.1568627450980392,0.9915887144920603,78.08406582556927,165.89291326365233
2,4,2,13,5.0,1.0,2.6862745098039214,1.8431372549019607,0.9031471642671821,1010.4948215609619,2537.962871996796
2,4,2,14,12.0,1.0,9.843137254901961,7.901960784313726,0.6375641341156021,7133.501338639654,17063.134323470775
2,4,2,15,0.0,0.0,1.1764705882352942,0.3137254901960784,0.9751775435144366,272.37376064429577,543.8022669201597
2,4,2,16,0.0,0.0,0.49019607843137253,0.0,0.9860724461659097,83.61895310116019,273.02360283970376
2,4,2,17,8.0,1.0,4.803921568627451,4.352941176470588,0.8023456159928256,2464.771487235099,6498.0873616039235
2,4,2,18,11.0,1.0,8.823529411764707,7.1568627450980395,0.678845572218036,6200.366840367269,14589.5175793829
2,4,2,19,12.0,1.0,9.019607843137255,7.647058823529412,0.6670036844877103,6320.957629457856,15278.744719279672
2,4,2,20,13.0,1.0,10.941176470588236,8.980392156862745,0.6041047325443282,7905.646638840193,18939.6631740703
2,4,2,21,10.0,1.0,8.098039215686274,6.235294117647059,0.7089648523927604,5355.538991295201,12546.940242095332
2,4,2,22,0.0,0.0,0.0,0.0,0.9998474093368147,0.761810575504801,1.454884583683963
2,4,2,23,14.0,1.0,11.843137254901961,10.137254901960784,0.560779010483437,10216.102447466068,24441.13808578542
2,4,2,24,11.0,1.0,7.970588235294118,6.705882352941177,0.7112457935555501,5236.665908719194,12406.312705419074
2,4,2,25,4.0,1.0,2.450980392156863,1.7647058823529411,0.9024222331341063,950.2099228222396,2463.3841835342578
2,4,2,26,11.0,1.0,9.176470588235293,7.647058823529412,0.6638308995143981,6301.535836157207,15089.780917150854
2,4,2,27,0.0,0.0,0.9803921568627451,0.27450980392156865,0.9780951422840679,242.07399127439902,456.79037345771894
2,4,2,28,14.0,1.0,11.519607843137255,9.176470588235293,0.5755950270574753,8858.329815197823,21468.800102022127
2,4,2,29,0.0,0.0,0.0,0.0,0.9993844554685366,2.021272904152975,6.259132136246031
2,4,2,30,12.0,1.0,9.333333333333334,7.568627450980392,0.6546024066527026,6604.509484476801,15752.256645854282
2,4,2,31,11.0,1.0,8.235294117647058,6.8431372549019605,0.7057786165527661,5448.087997325946,12884.403055192626
2,4,2,32,11.0,1.0,8.46078431372549,7.254901960784314,0.6868444603324423,5843.228184829277,14026.287267260694
2,4,2,33,0.0,0.0,0.0,0.0,0.9996855461837734,1.4347329215632363,3.181599058374211
2,4,2,34,12.0,1.0,10.07843137254902,7.784313725490196,0.6370665351004642,7178.081746282077,16902.509368518902
2,4,2,35,11.0,1.0,9.019607843137255,7.588235294117647,0.668412776004308,6172.339804286155,14695.567985124542
2,4,2,36,4.0,1.0,2.9901960784313726,1.588235294117647,0.9034730856874035,955.9393076432308,2341.269046131977
2,4,2,37,0.0,0.0,0.0,0.0,0.9985708363873194,4.5531303176995435,14.61599378650708
2,4,2,38,12.0,1.0,9.176470588235293,7.313725490196078,0.6631390112139133,6499.213331549676,15528.114629044529
2,4,2,39,10.0,1.0,8.088235294117647,6.235294117647059,0.7122250841082057,5362.222264501763,12486.525935820555
2,4,2,40,0.0,0.0,0.16666666666666666,0.0,0.9951317267854535,35.29372844728608,89.13448084604023
2,4,2,41,0.0,0.0,1.0784313725490196,0.47058823529411764,0.9737280743473707,260.4654395880302,534.0634314142171
2,4,2,42,0.0,0.0,0.0,0.0,0.9993566370534638,2.403687325343564,6.52747582424031
2,4,2,43,12.0,1.0,9.676470588235293,8.019607843137255,0.6429644770609656,7050.740089084822,16715.698932249525
2,4,2,44,12.0,1.0,10.46078431372549,8.254901960784315,0.6195114448012385,7692.235891819249,18223.304658417437
2,4,2,45,4.0,1.0,3.0294117647058822,2.0588235294117645,0.8919746733945972,1052.4927332324169,2665.284681680993
2,4,2,46,3.0,0.0,1.9901960784313726,1.0980392156862746,0.9303147983649697,671.2343853177567,1697.6880293959323
2,4,2,47,0.0,0.0,1.088235294117647,0.49019607843137253,0.9731114377878688,263.2320002852158,537.0287906418512
2,4,2,48,0.0,0.0,0.3333333333333333,0.0,0.9903265997357442,54.335615777693256,170.82250719985132
2,4,2,49,0.0,0.0,0.0,0.0,0.9993566370534638,2.403687325343564,6.52747582424031
2,4,2,50,11.0,1.0,8.568627450980392,7.372549019607843,0.6809370213210263,5975.818487582779,14312.251332880413
2,4,2,51,0.0,0.0,0.3235294117647059,0.1568627450980392,0.9912820232440107,79.1295826081433,169.1890874127646
2,4,2,52,0.0,0.0,0.0,0.0,0.9991070736347192,3.12743200106342,8.748495390822985
2,4,2,53,3.0,0.0,2.2058823529411766,1.1568627450980393,0.9153975581836772,861.8068387086173,2354.7924052638145
2,4,2,54,12.0,1.0,9.843137254901961,8.117647058823529,0.6301061260752008,7355.320443799276,17650.729924398314
2,4,2,55,0.0,0.0,0.3235294117647059,0.1568627450980392,0.9917381322451919,77.45778564329409,164.44463209166003
2,4,2,56,0.0,0.0,0.38235294117647056,0.0,0.9902216012882437,55.7376070429539,184.9470475007919
2,4,2,57,0.0,0.0,0.0,0.0,0.9999933371575197,0.022236188416284716,0.06174346464994426
2,4,2,58,12.0,1.0,9.372549019607844,7.549019607843137,0.664957739214797,6627.65866168217,15538.317081158973
2,4,2,59,0.0,0.0,0.6568627450980392,0.21568627450980393,0.97542250371891,156.13137793248785,479.7700910739273
2,4,3,0,0.0,0.0,0.0,0.0,1.0,0.0,0.0
2,4,3,1,0.0,0.0,1.4019607843137254,0.3137254901960784,0.968264546891395,405.90983367984137,812.4460941166196
2,4,3,2,7.0,1.0,5.078431372549019,2.411764705882353,0.8559964145151405,2488.068979221733,5447.655644037808
2,4,3,3,0.0,0.0,0.0,0.0,0.9996848880426062,1.0885706849773382,3.0378551439338435
2,4,3,4,0.0,0.0,0.0,0.0,1.0,0.0,0.0
2,4,3,5,0.0,0.0,0.0,0.0,0.9998440729883193,0.350141128446175,1.5042364637263577
2,4,3,6,0.0,0.0,1.3725490196078431,0.3137254901960784,0.9694545143884875,383.68142774004525,767.9180332368825
2,4,3,7,0.0,0.0,0.0,0.0,0.999421822439697,1.9420510034118572,5.816745647225233
2,4,3,8,0.0,0.0,0.0,0.0,0.9998440729883193,0.350141128446175,1.5042364637263577
2,4,3,9,1.0,0.0,2.0392156862745097,0.49019607843137253,0.9563864927409553,588.2488133846851,1251.2194807812348
2,4,3,10,0.0,0.0,1.892156862745098,0.5294117647058824,0.9591728038873629,537.603125444142,1146.2428797029388
2,4,3,11,0.0,0.0,2.049019607843137,0.49019607843137253,0.9561004268895011,596.4828245219524,1272.6961134884755
2,4,3,12,0.0,0.0,0.0,0.0,0.9998440729883193,0.350141128446175,1.5042364637263577
2,4,3,13,0.0,0.0,0.0,0.0,0.999421822439697,1.9420510034118572,5.816745647225233
2,4,3,14,0.0,0.0,1.3333333333333333,0.3137254901960784,0.9716532110474215,369.0765616613535,726.5579443193183
2,4,3,15,0.0,0.0,0.0,0.0,0.999999914014102,0.00029937512547655016,0.0007954918776218733
2,4,3,16,0.0,0.0,0.0,0.0,1.0,0.0,0.0
2,4,3,17,0.0,0.0,0.0,0.0,0.999421822439697,1.9420510034118572,5.816745647225233
2,4,3,18,0.0,0.0,1.3235294117647058,0.3137254901960784,0.9716720101592528,369.4197847566789,722.1607585766883
2,4,3,19,0.0,0.0,1.911764705882353,0.5294117647058824,0.9594533953818245,544.7655992365975,1147.987832556545
2,4,3,20,1.0,0.0,2.156862745098039,0.6078431372549019,0.954054457000316,601.8280296106846,1265.2656098081682
2,4,3,21,0.0,0.0,1.3137254901960784,0.3137254901960784,0.9714061620042216,368.55711880410837,725.2304293181637
2,4,3,22,0.0,0.0,0.0,0.0,1.0,0.0,0.0
2,4,3,23,7.0,1.0,4.53921568627451,1.9411764705882353,0.8722104151326313,2245.5243221207434,4860.398759192447
2,4,3,24,0.0,0.0,1.8725490196078431,0.5294117647058824,0.9598767011473858,536.3565689400107,1140.2538613114452
2,4,3,25,0.0,0.0,0.0,0.0,0.999421822439697,1.9420510034118572,5.816745647225233
2,4,3,26,0.0,0.0,1.9313725490196079,0.49019607843137253,0.9585653115956486,552.7541628662681,1180.254046915069
2,4,3,27,0.0,0.0,0.0,0.0,0.9998170219135916,0.8296983744109742,1.7556547252878802
2,4,3,28,0.0,0.0,1.6764705882352942,0.35294117647058826,0.962909255797217,449.306997185309,920.4672707494024
2,4,3,29,0.0,0.0,0.0,0.0,1.0,0.0,0.0
2,4,3,30,0.0,0.0,1.4313725490196079,0.3137254901960784,0.9692523733175898,399.9679139912069,798.6137582843237
2,4,3,31,0.0,0.0,2.0588235294117645,0.5098039215686274,0.9574879226387045,568.5637681930571,1198.7276044368195
2,4,3,32,1.0,0.0,1.9901960784313726,0.5490196078431373,0.9565615230359086,569.2506924215974,1221.4421866644907
2,4,3,33,0.0,0.0,0.0,0.0,1.0,0.0,0.0
2,4,3,34,0.0,0.0,1.5490196078431373,0.35294117647058826,0.9668830932730522,418.27406731696414,842.037631781315
2,4,3,35,0.0,0.0,1.9019607843137254,0.5294117647058824,0.9588934902047973,555.9399804427965,1164.72176552478
2,4,3,36,0.0,0.0,0.0,0.0,0.9994217364537988,1.9423503785373348,5.817541139102858
2,4,3,37,0.0,0.0,0.0,0.0,1.0,0.0,0.0
2,4,3,38,0.0,0.0,1.4313725490196079,0.3137254901960784,0.9689853039230066,398.6663374322855,789.963813380233
2,4,3,39,0.0,0.0,1.3823529411764706,0.3137254901960784,0.9707079425788016,384.6399461522369,759.4170816806743
2,4,3,40,0.0,0.0,0.0,0.0,0.9999762068593047,0.09126881787981131,0.22203604508039193
2,4,3,41,0.0,0.0,0.0,0.0,0.9998439870024224,0.3504405035716516,1.5050319556039786
2,4,3,42,0.0,0.0,0.0,0.0,1.0,0.0,0.0
2,4,3,43,0.0,0.0,1.5784313725490196,0.3333333333333333,0.9669399069061423,436.7256876218928,867.2530507677127
2,4,3,44,0.0,0.0,1.4705882352941178,0.35294117647058826,0.9681627344764236,398.9310001874561,798.6109418787994
2,4,3,45,0.0,0.0,0.0,0.0,0.9993980292990017,2.0333198212916685,6.038781692305629
2,4,3,46,0.0,0.0,0.0,0.0,0.999421822439697,1.9420510034118572,5.816745647225233
2,4,3,47,0.0,0.0,0.0,0.0,0.9998439870024224,0.3504405035716516,1.5050319556039786
2,4,3,48,0.0,0.0,0.0,0.0,1.0,0.0,0.0
2,4,3,49,0.0,0.0,0.0,0.0,1.0,0.0,0.0
2,4,3,50,0.0,0.0,1.9411764705882353,0.49019607843137253,0.9573552649599913,561.7044657684174,1203.7474941332816
2,4,3,51,0.0,0.0,0.0,0.0,0.9998440729883193,0.350141128446175,1.5042364637263577
2,4,3,52,0.0,0.0,0.0,0.0,1.0,0.0,0.0
2,4,3,53,0.0,0.0,0.0,0.0,1.0,0.0,0.0
2,4,3,54,0.0,0.0,1.5,0.3137254901960784,0.9676354201131913,421.34945387127357,842.3775379931499
2,4,3,55,0.0,0.0,0.0,0.0,0.9998440729883193,0.350141128446175,1.5042364637263577
2,4,3,56,0.0,0.0,0.0,0.0,1.0,0.0,0.0
2,4,3,57,0.0,0.0,0.0,0.0,1.0,0.0,0.0
2,4,3,58,0.0,0.0,1.3333333333333333,0.3137254901960784,0.9703772899063354,377.5902045371951,744.6579372258612
2,4,3,59,0.0,0.0,0.0,0.0,1.0,0.0,0.0
2,4,4,0,0.0,0.0,0.0,0.0,1.0,0.0,0.0
2,4,4,1,0.0,0.0,0.0,0.0,1.0,0.0,0.0
2,4,4,2,0.0,0.0,0.0,0.0,1.0,0.0,0.0
2,4,4,3,0.0,0.0,0.0,0.0,1.0,0.0,0.0
2,4,4,4,0.0,0.0,0.0,0.0,1.0,0.0,0.0
2,4,4,5,0.0,0.0,0.0,0.0,1.0,0.0,0.0
2,4,4,6,0.0,0.0,0.0,0.0,1.0,0.0,0.0
2,4,4,7,0.0,0.0,0.0,0.0,1.0,0.0,0.0
2,4,4,8,0.0,0.0,0.0,0.0,1.0,0.0,0.0
2,4,4,9,0.0,0.0,0.0,0.0,1.0,0.0,0.0
2,4,4,10,0.0,0.0,0.0,0.0,1.0,0.0,0.0
2,4,4,11,0.0,0.0,0.0,0.0,1.0,0.0,0.0
2,4,4,12,0.0,0.0,0.0,0.0,1.0,0.0,0.0
2,4,4,13,0.0,0.0,0.0,0.0,1.0,0.0,0.0
2,4,4,14,0.0,0.0,0.0,0.0,1.0,0.0,0.0
2,4,4,15,0.0,0.0,0.0,0.0,1.0,0.0,0.0
2,4,4,16,0.0,0.0,0.0,0.0,1.0,0.0,0.0
2,4,4,17,0.0,0.0,0.0,0.0,1.0,0.0,0.0
2,4,4,18,0.0,0.0,0.0,0.0,1.0,0.0,0.0
2,4,4,19,0.0,0.0,0.0,0.0,1.0,0.0,0.0
2,4,4,20,0.0,0.0,0.0,0.0,1.0,0.0,0.0
2,4,4,21,0.0,0.0,0.0,0.0,1.0,0.0,0.0
2,4,4,22,0.0,0.0,0.0,0.0,1.0,0.0,0.0
2,4,4,23,0.0,0.0,0.0,0.0,1.0,0.0,0.0
2,4,4,24,0.0,0.0,0.0,0.0,1.0,0.0,0.0
2,4,4,25,0.0,0.0,0.0,0.0,1.0,0.0,0.0
2,4,4,26,0.0,0.0,0.0,0.0,1.0,0.0,0.0
2,4,4,27,0.0,0.0,0.0,0.0,1.0,0.0,0.0
2,4,4,28,0.0,0.0,0.0,0.0,1.0,0.0,0.0
2,4,4,29,0.0,0.0,0.0,0.0,1.0,0.0,0.0
2,4,4,30,0.0,0.0,0.0,0.0,1.0,0.0,0.0
2,4,4,31,0.0,0.0,0.0,0.0,1.0,0.0,0.0
2,4,4,32,0.0,0.0,0.0,0.0,1.0,0.0,0.0
2,4,4,33,0.0,0.0,0.0,0.0,1.0,0.0,0.0
2,4,4,34,0.0,0.0,0.0,0.0,1.0,0.0,0.0
2,4,4,35,0.0,0.0,0.0,0.0,1.0,0.0,0.0
2,4,4,36,0.0,0.0,0.0,0.0,1.0,0.0,0.0
2,4,4,37,0.0,0.0,0.0,0.0,1.0,0.0,0.0
2,4,4,38,0.0,0.0,0.0,0.0,1.0,0.0,0.0
2,4,4,39,0.0,0.0,0.0,0.0,1.0,0.0,0.0
2,4,4,40,0.0,0.0,0.0,0.0,1.0,0.0,0.0
2,4,4,41,0.0,0.0,0.0,0.0,1.0,0.0,0.0
2,4,4,42,0.0,0.0,0.0,0.0,1.0,0.0,0.0
2,4,4,43,0.0,0.0,0.0,0.0,1.0,0.0,0.0
2,4,4,44,0.0,0.0,0.0,0.0,1.0,0.0,0.0
2,4,4,45,0.0,0.0,0.0,0.0,1.0,0.0,0.0
2,4,4,46,0.0,0.0,0.0,0.0,1.0,0.0,0.0
2,4,4,47,0.0,0.0,0.0,0.0,1.0,0.0,0.0
2,4,4,48,0.0,0.0,0.0,0.0,1.0,0.0,0.0
2,4,4,49,0.0,0.0,0.0,0.0,1.0,0.0,0.0
2,4,4,50,0.0,0.0,0.0,0.0,1.0,0.0,0.0
2,4,4,51,0.0,0.0,0.0,0.0,1.0,0.0,0.0
2,4,4,52,0.0,0.0,0.0,0.0,1.0,0.0,0.0
2,4,4,53,0.0,0.0,0.0,0.0,1.0,0.0,0.0
2,4,4,54,0.0,0.0,0.0,0.0,1.0,0.0,0.0
2,4,4,55,0.0,0.0,0.0,0.0,1.0,0.0,0.0
2,4,4,56,0.0,0.0,0.0,0.0,1.0,0.0,0.0
2,4,4,57,0.0,0.0,0.0,0.0,1.0,0.0,0.0
2,4,4,58,0.0,0.0,0.0,0.0,1.0,0.0,0.0
2,4,4,59,0.0,0.0,0.0,0.0,1.0,0.0,0.0
3,0,0,0,20.0,1.0,11.470588235294118,14.294117647058824,0.44700150881333706,8146.171071357018,21253.36882266072
3,0,0,1,19.0,1.0,11.401960784313726,12.686274509803921,0.515543306884214,7147.8207466994445,17550.975819667787
3,0,0,2,20.0,1.0,14.480392156862745,14.196078431372548,0.4262465096518147,8821.141345671063,21713.157373848575
3,0,0,3,19.0,1.0,7.127450980392157,10.705882352941176,0.6453931441425326,4642.940143978372,12039.567197513337
3,0,0,4,15.0,1.0,6.784313725490196,7.8431372549019605,0.6837128704732254,4167.849837200363,10867.08841174932
3,0,0,5,19.0,1.0,11.441176470588236,13.627450980392156,0.4824295346135347,7521.53896271555,19676.437452796727
3,0,0,6,21.0,1.0,16.07843137254902,16.15686274509804,0.3396250155903479,10940.733711144157,26986.44268878898
3,0,0,7,11.0,1.0,4.578431372549019,5.294117647058823,0.8013277446390008,2338.0542640980107,6108.893942198443
3,0,0,8,18.0,1.0,8.019607843137255,10.627450980392156,0.5924964867710866,5451.208464230372,14376.089804917885
3,0,0,9,20.0,1.0,15.294117647058824,14.784313725490197,0.39359932907012135,9719.817947618034,24084.025202214525
3,0,0,10,19.0,1.0,13.019607843137255,13.72549019607843,0.48395989473768725,7878.649177394162,19348.89626290244
3,0,0,11,18.0,1.0,11.77450980392157,12.176470588235293,0.5213976094270248,7245.214116747697,17827.034209677913
3,0,0,12,19.0,1.0,10.205882352941176,12.803921568627452,0.5130235732797039,7194.377255548883,18443.351428628222
3,0,0,13,17.0,1.0,7.617647058823529,8.686274509803921,0.6757519107887555,4173.814993907047,10877.096374335442
3,0,0,14,19.0,1.0,14.5,14.352941176470589,0.40771669847575115,9514.639367614089,23461.28270411604
3,0,0,15,19.0,1.0,13.176470588235293,13.96078431372549,0.445841080033539,8292.293171969435,20870.562124691034
3,0,0,16,19.0,1.0,13.343137254901961,14.07843137254902,0.4188312786287181,8786.807535408865,22039.51644135591
3,0,0,17,20.0,1.0,13.176470588235293,14.843137254901961,0.4183655218744628,8995.210291647907,23276.969737136882
3,0,0,18,19.0,1.0,11.147058823529411,12.019607843137255,0.531974452869182,6831.7438209579,16867.12408900464
3,0,0,19,18.0,1.0,11.705882352941176,12.156862745098039,0.5164987755326081,7117.1224874114905,17693.52320017611
3,0,0,20,20.0,1.0,14.42156862745098,13.784313725490197,0.4456712306618507,8693.39144974213,21233.499579196803
3,0,0,21,16.0,1.0,9.5,9.254901960784315,0.6231933027246997,4994.92243989526,12353.208833520821
3,0,0,22,18.0,1.0,9.647058823529411,11.92156862745098,0.5503297948637942,6098.999750167553,15670.742922908317
3,0,0,23,17.0,1.0,12.450980392156863,11.745098039215685,0.5122661345812879,6938.558768671582,17013.811582285358
3,0,0,24,15.0,1.0,10.735294117647058,10.529411764705882,0.5702746473376185,5978.647350013864,14956.95722394916
3,0,0,25,18.0,1.0,12.196078431372548,12.941176470588236,0.4870664011587546,7809.161875087058,19668.12074209399
3,0,0,26,19.0,1.0,14.431372549019608,14.764705882352942,0.4084514421854397,9230.297406661319,22862.814629998193
3,0,0,27,16.0,1.0,8.186274509803921,10.411764705882353,0.6037111562163835,5175.657208402826,13975.613603834234
3,0,0,28,21.0,1.0,15.862745098039216,15.549019607843137,0.3555581925286118,10237.36023994869,25635.049984962152
3,0,0,29,0.0,0.0,3.843137254901961,3.196078431372549,0.8666790882501783,1672.5999993059636,4150.019660169363
3,0,0,30,19.0,1.0,14.372549019607844,14.196078431372548,0.4089349149765989,9031.535362348244,22579.337458317554
3,0,0,31,16.0,1.0,10.803921568627452,10.529411764705882,0.5816975273495396,5964.578050733374,14601.251562111614
3,0,0,32,19.0,1.0,11.911764705882353,12.156862745098039,0.5081622193606169,7459.335900452492,18348.84799190209
3,0,0,33,14.0,1.0,6.411764705882353,6.745098039215686,0.74489767706563,3177.563293106411,7865.2385726344255
3,0,0,34,18.0,1.0,13.5,13.098039215686274,0.4640120413709061,8276.69410294563,20260.24057014734
3,0,0,35,20.0,1.0,14.470588235294118,14.823529411764707,0.41246991431258895,9311.672531766713,23212.683508783884
3,0,0,36,18.0,1.0,10.950980392156863,12.588235294117647,0.5096713627899624,6912.680842341854,17802.143952246504
3,0,0,37,14.0,1.0,6.127450980392157,7.7254901960784315,0.69935100048996,3525.640512670717,9698.342592152494
3,0,0,38,20.0,1.0,13.401960784313726,13.529411764705882,0.4509486006283268,8465.195895549154,20896.661587238443
3,0,0,39,14.0,1.0,9.931372549019608,8.92156862745098,0.6232374008557914,5150.546163615901,12395.169619834574
3,0,0,40,12.0,1.0,5.127450980392157,7.431372549019608,0.7210866330092774,3256.567107543058,9022.40283955641
3,0,0,41,15.0,1.0,5.754901960784314,7.196078431372549,0.7512054512043574,3323.696116804966,8430.361407794247
3,0,0,42,20.0,1.0,8.166666666666666,11.431372549019608,0.5769367026791703,5921.304385402334,15730.554642930414
3,0,0,43,20.0,1.0,14.911764705882353,14.803921568627452,0.39153708575551244,9652.468101528308,23721.38858374939
3,0,0,44,18.0,1.0,13.254901960784315,12.254901960784315,0.48306355439333065,7741.167640319087,18866.377933753756
3,0,0,45,11.0,1.0,6.490196078431373,7.588235294117647,0.7244043807348747,3190.8624882285067,8216.557321892464
3,0,0,46,13.0,1.0,8.117647058823529,7.627450980392157,0.6878346048158476,3960.6051475112126,9610.104808081454
3,0,0,47,19.0,1.0,10.303921568627452,13.352941176470589,0.5281649924037629,6726.310388444226,17344.743557065638
3,0,0,48,18.0,1.0,10.098039215686274,12.529411764705882,0.5203067328350036,6690.295765920776,17542.758557728637
3,0,0,49,19.0,1.0,7.980392156862745,11.196078431372548,0.5839722800106076,5600.497658768745,14845.188822404512
3,0,0,50,19.0,1.0,13.558823529411764,13.784313725490197,0.4414198502551206,8902.87574351222,21835.73206314463
3,0,0,51,19.0,1.0,7.784313725490196,11.117647058823529,0.6063681782610228,5348.099123601475,14185.936487044952
3,0,0,52,19.0,1.0,10.833333333333334,13.117647058823529,0.49626624437417893,7224.049115137037,18772.62287597447
3,0,0,53,19.0,1.0,8.313725490196079,10.941176470588236,0.5953418515468551,5652.208784283294,14559.992371328257
3,0,0,54,21.0,1.0,15.803921568627452,15.882352941176471,0.3437642242814636,10652.257009062872,26604.770848251133
3,0,0,55,15.0,1.0,5.509803921568627,7.372549019607843,0.7484225626962112,3245.0302889202108,8214.808527609808
3,0,0,56,14.0,1.0,7.313725490196078,8.588235294117647,0.6505032234028898,4484.124731564033,11580.360539514124
3,0,0,57,7.0,1.0,3.5784313725490198,4.313725490196078,0.8424304059795169,1738.2875881553123,4648.106244678484
3,0,0,58,18.0,1.0,11.519607843137255,11.72549019607843,0.5402519101750008,6671.838125294226,16223.211480284133
3,0,0,59,17.0,1.0,6.7745098039215685,9.215686274509803,0.6429768630138221,4819.922675229841,12803.125557688832
3,0,1,0,15.0,1.0,5.980392156862745,6.470588235294118,0.6975127934900605,3471.596200436081,9754.559720812602
3,0,1,1,10.0,1.0,5.2254901960784315,2.235294117647059,0.8392700077758385,2229.0548917156184,5143.561091881603
3,0,1,2,9.0,1.0,6.235294117647059,1.8823529411764706,0.8410782181403383,2407.4232398967074,5281.14658068623
3,0,1,3,0.0,0.0,1.9313725490196079,1.0980392156862746,0.9385675450769414,740.9513469159499,1788.4199171292926
3,0,1,4,0.0,0.0,1.1372549019607843,0.13725490196078433,0.9763929680030913,279.28887435757787,648.554337610175
3,0,1,5,8.0,1.0,3.7450980392156863,2.8627450980392157,0.8388449177404795,1799.7718449241352,4753.925080575498
3,0,1,6,16.0,1.0,9.696078431372548,7.431372549019608,0.6397749065383688,4884.3390948208125,11931.3430636249
3,0,1,7,0.0,0.0,2.264705882352941,1.196078431372549,0.9384627390742181,755.1277442487111,1883.2273899891304
3,0,1,8,1.0,0.0,2.156862745098039,1.9215686274509804,0.8904394661081989,1149.286033764304,3164.3237407565475
3,0,1,9,16.0,1.0,8.46078431372549,5.862745098039215,0.7079840179583464,3674.7122968706713,9126.266446228881
3,0,1,10,9.0,1.0,5.4411764705882355,3.0,0.8421301812020344,2095.509479157657,4947.189009103857
3,0,1,11,11.0,1.0,5.53921568627451,3.235294117647059,0.8110026508751869,2459.1727490447406,6004.267527724535
3,0,1,12,2.0,0.0,2.343137254901961,1.607843137254902,0.8880472728671326,1150.4871946942626,3231.733435826582
3,0,1,13,2.0,0.0,3.6470588235294117,2.9019607843137254,0.8704230894715708,1542.7022045381912,3991.6460078803752
3,0,1,14,16.0,1.0,8.607843137254902,6.0588235294117645,0.6866265924699128,4029.315811373432,9818.37930852289
3,0,1,15,9.0,1.0,5.176470588235294,3.156862745098039,0.8154435299670756,2078.1151448895966,5439.586207436573
3,0,1,16,9.0,1.0,4.980392156862745,3.5294117647058822,0.7918216056648933,2302.33220243479,6164.047118623489
3,0,1,17,15.0,1.0,7.176470588235294,6.588235294117647,0.6840843244471233,3786.597944704658,10076.67468576871
3,0,1,18,4.0,1.0,4.568627450980392,2.235294117647059,0.8671318487620546,1859.8788870331123,4184.678546371774
3,0,1,19,9.0,1.0,5.352941176470588,3.0980392156862746,0.8215543070658082,2239.4223869347907,5566.833783539055
3,0,1,20,15.0,1.0,7.823529411764706,4.392156862745098,0.7655268926702624,3295.116666758983,7582.515234374699
3,0,1,21,3.0,0.0,4.401960784313726,1.4313725490196079,0.884552155556657,1694.4137995859198,3682.7548217337044
3,0,1,22,8.0,1.0,3.7450980392156863,3.7450980392156863,0.8334280093493652,1885.032231347287,4972.295435497594
3,0,1,23,0.0,0.0,4.509803921568627,0.8431372549019608,0.8926207360423443,1773.3424309545273,3718.573144796634
3,0,1,24,0.0,0.0,4.313725490196078,1.1372549019607843,0.8960226434801598,1490.664963594145,3366.507983231003
3,0,1,25,4.0,1.0,3.4705882352941178,2.2745098039215685,0.8635321026880103,1506.0536766124742,4030.5542001899544
3,0,1,26,15.0,1.0,7.5588235294117645,4.8431372549019605,0.7473485764481759,3283.9821700833054,8033.663975286087
3,0,1,27,0.0,0.0,1.5490196078431373,0.9411764705882353,0.9340158269312896,644.924427675167,1931.128714729047
3,0,1,28,18.0,1.0,11.049019607843137,8.03921568627451,0.5951932866467702,5459.526383543773,13800.919415633778
3,0,1,29,0.0,0.0,0.3333333333333333,0.0,0.9940666450977017,61.05606085777765,162.39084179178747
3,0,1,30,15.0,1.0,8.22549019607843,5.078431372549019,0.7118072237002954,3651.9033310890404,8911.762892654531
3,0,1,31,1.0,0.0,4.578431372549019,1.1176470588235294,0.8945114874694985,1615.7623438038447,3523.907212143774
3,0,1,32,13.0,1.0,6.127450980392157,3.7254901960784315,0.7818170968350558,2829.04743051084,6935.390085071611
3,0,1,33,0.0,0.0,0.6764705882352942,0.49019607843137253,0.9776749356874834,232.73890865765014,613.561201931754
3,0,1,34,11.0,1.0,6.421568627450981,2.588235294117647,0.8215681098284783,2637.546591222652,5804.179361684548
3,0,1,35,11.0,1.0,6.245098039215686,3.4313725490196076,0.8067813820712301,2553.5115492808272,6251.120304135055
3,0,1,36,12.0,1.0,5.235294117647059,4.1568627450980395,0.7931326402298285,2419.8100078398516,6388.077740503259
3,0,1,37,0.0,0.0,0.8529411764705882,0.6862745098039216,0.952095214963684,393.81444063700326,1426.1497266402164
3,0,1,38,14.0,1.0,6.901960784313726,3.764705882352941,0.7586142100800988,3207.306291300356,7636.4277247913205
3,0,1,39,0.0,0.0,4.549019607843137,0.6666666666666666,0.893060312929947,1625.1057304438284,3505.8005512841182
3,0,1,40,0.0,0.0,0.5784313725490197,0.9019607843137255,0.9542295449290754,396.6974480165547,1357.925903229103
3,0,1,41,0.0,0.0,1.3137254901960784,0.49019607843137253,0.9674419756989453,348.5451179864136,914.2404408346539
3,0,1,42,9.0,1.0,3.2745098039215685,3.980392156862745,0.8127311269610206,2098.476574749684,5920.750094763767
3,0,1,43,17.0,1.0,9.92156862745098,7.411764705882353,0.633647639683134,4879.502037619011,11989.853482042217
3,0,1,44,12.0,1.0,6.637254901960785,2.392156862745098,0.8153063157951612,2567.0789585264893,5840.995597678133
3,0,1,45,0.0,0.0,2.1862745098039214,1.1764705882352942,0.9354034704877612,782.8814646059236,1970.6520771156563
3,0,1,46,0.0,0.0,2.0294117647058822,1.2352941176470589,0.9364749268967625,805.4800322258877,1953.9615393357928
3,0,1,47,5.0,1.0,2.8627450980392157,2.627450980392157,0.8685469914989046,1411.8031693809069,3872.626307050899
3,0,1,48,6.0,1.0,2.8823529411764706,2.3529411764705883,0.8697555667538636,1317.22251735732,3934.3365587618746
3,0,1,49,4.0,1.0,2.588235294117647,2.980392156862745,0.8517753039721011,1653.941357606057,4719.580404584738
3,0,1,50,12.0,1.0,6.137254901960785,3.823529411764706,0.7822416317883202,2885.1336897271212,6924.726990766818
3,0,1,51,1.0,0.0,1.892156862745098,1.6274509803921569,0.9031740464053762,984.56166961429,2806.6321070126237
3,0,1,52,12.0,1.0,4.931372549019608,4.490196078431373,0.7761995182444513,2459.259824168447,6808.120890381974
3,0,1,53,3.0,0.0,3.019607843137255,2.0392156862745097,0.8807634151639946,1344.284179323748,3519.940953528255
3,0,1,54,17.0,1.0,10.568627450980392,8.509803921568627,0.5903298070055825,5592.064847042209,13830.98479570195
3,0,1,55,0.0,0.0,0.37254901960784315,0.0,0.9932311453721404,71.89393946805605,193.54840759219243
3,0,1,56,0.0,0.0,0.8137254901960784,0.0,0.985606465014138,118.00873855162567,400.8513470902351
3,0,1,57,0.0,0.0,0.4803921568627451,0.0,0.993761305756076,73.08772728797194,165.6957389675183
3,0,1,58,7.0,1.0,4.813725490196078,2.0392156862745097,0.8619264854884686,1981.6064282633438,4409.127525229911
3,0,1,59,10.0,1.0,3.2745098039215685,3.1372549019607843,0.8312964866260223,1915.992646561962,5379.595584646833
3,0,2,0,0.0,0.0,0.46078431372549017,0.13725490196078433,0.9771945311216435,179.33589855266814,634.1622903983787
3,0,2,1,0.0,0.0,2.950980392156863,0.39215686274509803,0.9345250244064719,967.3163441693484,2013.9346151095883
3,0,2,2,0.0,0.0,4.676470588235294,0.6862745098039216,0.897971071884249,1749.8693119557456,3558.9141382124844
3,0,2,3,0.0,0.0,0.5,0.0,0.9911167161914771,102.45677447856787,245.75549396689007
3,0,2,4,0.0,0.0,0.3333333333333333,0.0,0.9946194741409616,58.64044505802947,145.7101377957925
3,0,2,5,0.0,0.0,0.6666666666666666,0.0,0.9881126545623883,128.7530783727158,321.2492123939365
3,0,2,6,5.0,1.0,4.421568627450981,0.9411764705882353,0.8833615434284711,1554.436325068758,3467.388583297234
3,0,2,7,0.0,0.0,1.4803921568627452,0.21568627450980393,0.9687619323975368,324.8092669804435,913.2435372596822
3,0,2,8,0.0,0.0,0.3333333333333333,0.0,0.9938231411242087,64.54075852104093,167.22002269358882
3,0,2,9,1.0,0.0,3.803921568627451,1.1176470588235294,0.9085777567723737,1218.904090519628,2747.252089741157
3,0,2,10,0.0,0.0,3.019607843137255,0.5294117647058824,0.9378761419027959,866.7928611288053,1914.6434823945801
3,0,2,11,0.0,0.0,2.892156862745098,0.5294117647058824,0.9378423104935757,880.7053420180848,1927.5093202159364
3,0,2,12,0.0,0.0,0.3333333333333333,0.0,0.9938231411242087,64.54075852104097,167.22002269358882
3,0,2,13,0.0,0.0,1.911764705882353,0.3137254901960784,0.9523871001314178,499.4859506468127,1355.261624334375
3,0,2,14,0.0,0.0,3.980392156862745,0.9607843137254902,0.8937009802219668,1487.016733877678,3272.138187609573
3,0,2,15,0.0,0.0,1.0196078431372548,0.0,0.9826908432896423,215.40542854284516,471.7339326481692
3,0,2,16,0.0,0.0,0.43137254901960786,0.0,0.9901146870231101,92.71247250563705,267.6641960521214
3,0,2,17,0.0,0.0,3.2941176470588234,1.7843137254901962,0.8806009403897931,1305.612232797594,3677.3119504289034
3,0,2,18,0.0,0.0,2.4901960784313726,0.45098039215686275,0.9436270392690571,909.4487996007952,1762.3353525214125
3,0,2,19,0.0,0.0,3.264705882352941,0.7254901960784313,0.92184775745346,1052.0043064174401,2346.966615344447
3,0,2,20,0.0,0.0,4.892156862745098,1.2549019607843137,0.8875488747970941,1555.107815723229,3494.478232163915
3,0,2,21,0.0,0.0,2.676470588235294,0.39215686274509803,0.9400307548731761,941.0325564191312,1872.1053234331837
3,0,2,22,0.0,0.0,0.0,0.0,0.9998474093368147,0.761810575504801,1.454884583683963
3,0,2,23,0.0,0.0,3.823529411764706,0.6862745098039216,0.9159413090393453,1440.0380216367096,2910.798641114706
3,0,2,24,0.0,0.0,2.7941176470588234,0.5294117647058824,0.9423432726805901,801.3879610998155,1756.9824332927742
3,0,2,25,0.0,0.0,1.4705882352941178,0.21568627450980393,0.9678593915000122,342.1021247391671,931.1883462681451
3,0,2,26,0.0,0.0,3.343137254901961,0.8431372549019608,0.9210451292044367,1085.3592896069415,2405.5348190722316
3,0,2,27,0.0,0.0,0.5294117647058824,0.13725490196078433,0.9782265189164755,189.8590416211654,616.7405886076973
3,0,2,28,6.0,1.0,5.411764705882353,0.9803921568627451,0.8578640846758551,1856.7656036798471,4335.592489208709
3,0,2,29,0.0,0.0,0.3333333333333333,0.0,0.9952555619079222,41.92985684344705,127.08985253337231
3,0,2,30,1.0,0.0,3.911764705882353,0.7450980392156863,0.9001101945318607,1354.7062342109466,3015.35939809355
3,0,2,31,0.0,0.0,3.3137254901960786,0.7058823529411765,0.9318565800171804,999.7656564193634,2098.3051758958686
3,0,2,32,0.0,0.0,2.7941176470588234,0.5294117647058824,0.9378706067687493,868.9251343374414,1921.2999632632063
3,0,2,33,0.0,0.0,0.16666666666666666,0.0,0.9974574843580347,30.670731370818608,68.01403144964635
3,0,2,34,0.0,0.0,4.588235294117647,0.8627450980392157,0.8978804726422567,1514.4156081503802,3182.8742176101805
3,0,2,35,0.0,0.0,4.1568627450980395,1.392156862745098,0.8848101550094954,1457.2768856415917,3633.0929979868606
3,0,2,36,0.0,0.0,2.8627450980392157,0.803921568627451,0.9216534812355639,896.7397957130618,2298.510797191145
3,0,2,37,0.0,0.0,0.6862745098039216,0.13725490196078433,0.9758855114093491,185.9798981723249,677.9411298018324
3,0,2,38,1.0,0.0,3.549019607843137,0.5490196078431373,0.9114346912463255,1285.3921895285932,2686.1029901770476
3,0,2,39,0.0,0.0,3.049019607843137,0.39215686274509803,0.9358447906675936,977.6127835918699,1976.4806463105406
3,0,2,40,0.0,0.0,0.35294117647058826,0.13725490196078433,0.9813028257700963,149.9768454556608,534.6075070337918
3,0,2,41,0.0,0.0,0.5,0.0,0.9908630665326436,96.42072171163892,252.1092114465893
3,0,2,42,0.0,0.0,0.29411764705882354,0.19607843137254902,0.9772091063945791,169.95234492968228,632.1225696852251
3,0,2,43,7.0,1.0,5.078431372549019,1.0980392156862746,0.8679141897910011,1801.385570157543,3982.9123300308256
3,0,2,44,0.0,0.0,3.7058823529411766,0.5490196078431373,0.9175560090313789,1207.8903186897678,2580.6582259609786
3,0,2,45,0.0,0.0,1.8823529411764706,0.21568627450980393,0.9579175910883078,446.4262608812905,1203.7565455897336
3,0,2,46,0.0,0.0,1.2058823529411764,0.21568627450980393,0.968296651202242,326.40932222415296,927.4201052917235
3,0,2,47,0.0,0.0,0.7450980392156863,0.13725490196078433,0.9719965582795894,239.95272263715745,778.3087631582953
3,0,2,48,0.0,0.0,1.3137254901960784,0.6666666666666666,0.9483193781424762,452.50110153389136,1521.0263639401269
3,0,2,49,0.0,0.0,0.29411764705882354,0.19607843137254902,0.9767613600197822,172.4964987447361,638.4933085618276
3,0,2,50,0.0,0.0,2.803921568627451,0.5294117647058824,0.9364024321941143,889.7716059959582,1958.048183903182
3,0,2,51,0.0,0.0,0.5686274509803921,0.13725490196078433,0.9752407321518392,206.91177985027184,690.6272051293282
3,0,2,52,0.0,0.0,0.3333333333333333,0.0,0.993481019431078,42.11980666663973,167.7946670760924
3,0,2,53,0.0,0.0,1.1470588235294117,0.09803921568627451,0.9721461920754063,322.34936942238033,791.7018766259129
3,0,2,54,6.0,1.0,4.411764705882353,0.8823529411764706,0.8730010656943531,1689.7942058991262,3792.9027558900443
3,0,2,55,0.0,0.0,0.3333333333333333,0.0,0.9939911698076137,63.86946866945384,165.61485971908039
3,0,2,56,0.0,0.0,0.5,0.0,0.9912908174513424,49.30892277046813,233.61688134463682
3,0,2,57,0.0,0.0,0.0,0.0,0.9999933371575197,0.022236188416284716,0.06174346464994426
3,0,2,58,0.0,0.0,2.9313725490196076,0.4117647058823529,0.9359327140293995,1002.0398516521544,1989.0683237865755
3,0,2,59,0.0,0.0,0.3333333333333333,0.0,0.9933160314339328,38.70338453148788,176.22616258015998
3,0,3,0,0.0,0.0,0.0,0.0,1.0,0.0,0.0
3,0,3,1,0.0,0.0,1.2352941176470589,0.0,0.974870890696009,362.44564763825406,747.3748563019061
3,0,3,2,0.0,0.0,3.3333333333333335,0.19607843137254902,0.932165526015842,1037.9423703722591,2102.168137871652
3,0,3,3,0.0,0.0,0.0,0.0,0.9996848880426062,1.0885706849773382,3.0378551439338435
3,0,3,4,0.0,0.0,0.0,0.0,1.0,0.0,0.0
3,0,3,5,0.0,0.0,0.0,0.0,0.9998440729883193,0.350141128446175,1.5042364637263577
3,0,3,6,0.0,0.0,1.088235294117647,0.0,0.9771355448738195,332.9663263003397,664.5888398194951
3,0,3,7,0.0,0.0,0.6274509803921569,0.0,0.9911091049243751,60.784269436498136,243.8153729256066
3,0,3,8,0.0,0.0,0.0,0.0,0.9998440729883193,0.350141128446175,1.5042364637263577
3,0,3,9,0.0,0.0,1.0098039215686274,0.0,0.9825705704855717,184.407509767299,489.02516063632976
3,0,3,10,0.0,0.0,1.0,0.0,0.9825065816393597,184.05553268657005,489.5870161735687
3,0,3,11,0.0,0.0,1.0,0.0,0.9826625086510398,183.70539155812395,488.08277970984227
3,0,3,12,0.0,0.0,0.0,0.0,0.9998440729883193,0.350141128446175,1.5042364637263577
3,0,3,13,0.0,0.0,0.4803921568627451,0.0,0.9926898609142806,48.36925056892057,198.15155304304187
3,0,3,14,0.0,0.0,1.0392156862745099,0.0,0.9783364827062684,327.39056676054867,636.195576957482
3,0,3,15,0.0,0.0,0.0,0.0,0.999999914014102,0.00029937512547655016,0.0007954918776218733
3,0,3,16,0.0,0.0,0.0,0.0,1.0,0.0,0.0
3,0,3,17,0.0,0.0,0.4803921568627451,0.0,0.9926898609142806,48.36925056892057,198.15155304304187
3,0,3,18,0.0,0.0,1.0392156862745099,0.0,0.9783364827062684,327.39056676054867,636.195576957482
3,0,3,19,0.0,0.0,1.0,0.0,0.9826625086510398,183.70539155812395,488.08277970984227
3,0,3,20,0.0,0.0,1.4803921568627452,0.0,0.9753523695653205,232.07464212704446,686.2343327528844
3,0,3,21,0.0,0.0,1.0392156862745099,0.0,0.9783552286462188,327.3039060195878,635.9840107265437
3,0,3,22,0.0,0.0,0.0,0.0,1.0,0.0,0.0
3,0,3,23,0.0,0.0,2.607843137254902,0.19607843137254902,0.9472750846534527,836.2358043546469,1662.6863294330249
3,0,3,24,0.0,0.0,1.0098039215686274,0.0,0.9825705704855717,184.407509767299,489.02516063632976
3,0,3,25,0.0,0.0,0.4803921568627451,0.0,0.9926898609142806,48.36925056892057,198.15155304304187
3,0,3,26,0.0,0.0,1.0,0.0,0.9826625086510398,183.70539155812395,488.08277970984227
3,0,3,27,0.0,0.0,0.0,0.0,0.9998170219135916,0.8296983744109742,1.7556547252878802
3,0,3,28,0.0,0.0,1.5980392156862746,0.0,0.9698701419525094,386.6581350222871,866.730935729483
3,0,3,29,0.0,0.0,0.0,0.0,1.0,0.0,0.0
3,0,3,30,0.0,0.0,1.2058823529411764,0.0,0.9757093605055162,358.5359903196438,723.779222278753
3,0,3,31,0.0,0.0,1.0,0.0,0.9826625086510398,183.70539155812395,488.08277970984227
3,0,3,32,0.0,0.0,1.0,0.0,0.9826625086510398,183.70539155812395,488.08277970984227
3,0,3,33,0.0,0.0,0.0,0.0,1.0,0.0,0.0
3,0,3,34,0.0,0.0,1.7058823529411764,0.0,0.9690364168864337,395.7120162683663,888.9117383830197
3,0,3,35,0.0,0.0,1.0294117647058822,0.0,0.9820438460849849,189.5853211185027,499.92424497106424
3,0,3,36,0.0,0.0,0.6274509803921569,0.0,0.9911090189384774,60.78456881162362,243.81616841748425
3,0,3,37,0.0,0.0,0.0,0.0,1.0,0.0,0.0
3,0,3,38,0.0,0.0,1.088235294117647,0.0,0.9774450180618232,331.7960978234057,661.4989050344439
3,0,3,39,0.0,0.0,1.0392156862745099,0.0,0.9783552286462188,327.3039060195878,635.9840107265437
3,0,3,40,0.0,0.0,0.0,0.0,0.9999762068593047,0.09126881787981131,0.22203604508039193
3,0,3,41,0.0,0.0,0.0,0.0,0.9998439870024224,0.3504405035716516,1.5050319556039786
3,0,3,42,0.0,0.0,0.0,0.0,1.0,0.0,0.0
3,0,3,43,0.0,0.0,1.4901960784313726,0.0,0.9694237970303067,451.27278966220786,880.0433980064537
3,0,3,44,0.0,0.0,1.5294117647058822,0.0,0.9711255568810014,379.69759772981917,836.1887093038916
3,0,3,45,0.0,0.0,0.6274509803921569,0.0,0.9910853117836802,60.87553825437795,244.03740897068704
3,0,3,46,0.0,0.0,0.4803921568627451,0.0,0.9926898609142806,48.36925056892057,198.15155304304187
3,0,3,47,0.0,0.0,0.0,0.0,0.9998439870024224,0.3504405035716516,1.5050319556039786
3,0,3,48,0.0,0.0,0.0,0.0,1.0,0.0,0.0
3,0,3,49,0.0,0.0,0.0,0.0,1.0,0.0,0.0
3,0,3,50,0.0,0.0,1.0,0.0,0.9826625086510398,183.70539155812395,488.08277970984227
3,0,3,51,0.0,0.0,0.0,0.0,0.9998440729883193,0.350141128446175,1.5042364637263577
3,0,3,52,0.0,0.0,0.0,0.0,1.0,0.0,0.0
3,0,3,53,0.0,0.0,0.0,0.0,1.0,0.0,0.0
3,0,3,54,0.0,0.0,1.1470588235294117,0.0,0.9773194481878154,330.75782821232406,646.6923688909374
3,0,3,55,0.0,0.0,0.0,0.0,0.9998440729883193,0.350141128446175,1.5042364637263577
3,0,3,56,0.0,0.0,0.0,0.0,1.0,0.0,0.0
3,0,3,57,0.0,0.0,0.0,0.0,1.0,0.0,0.0
3,0,3,58,0.0,0.0,1.0392156862745099,0.0,0.9780440535709568,328.47886147889375,639.0896900805084
3,0,3,59,0.0,0.0,0.0,0.0,1.0,0.0,0.0
3,0,4,0,0.0,0.0,0.0,0.0,1.0,0.0,0.0
3,0,4,1,0.0,0.0,0.0,0.0,1.0,0.0,0.0
3,0,4,2,0.0,0.0,0.0,0.0,1.0,0.0,0.0
3,0,4,3,0.0,0.0,0.0,0.0,1.0,0.0,0.0
3,0,4,4,0.0,0.0,0.0,0.0,1.0,0.0,0.0
3,0,4,5,0.0,0.0,0.0,0.0,1.0,0.0,0.0
3,0,4,6,0.0,0.0,0.0,0.0,1.0,0.0,0.0
3,0,4,7,0.0,0.0,0.0,0.0,1.0,0.0,0.0
3,0,4,8,0.0,0.0,0.0,0.0,1.0,0.0,0.0
3,0,4,9,0.0,0.0,0.0,0.0,1.0,0.0,0.0
3,0,4,10,0.0,0.0,0.0,0.0,1.0,0.0,0.0
3,0,4,11,0.0,0.0,0.0,0.0,1.0,0.0,0.0
3,0,4,12,0.0,0.0,0.0,0.0,1.0,0.0,0.0
3,0,4,13,0.0,0.0,0.0,0.0,1.0,0.0,0.0
3,0,4,14,0.0,0.0,0.0,0.0,1.0,0.0,0.0
3,0,4,15,0.0,0.0,0.0,0.0,1.0,0.0,0.0
3,0,4,16,0.0,0.0,0.0,0.0,1.0,0.0,0.0
3,0,4,17,0.0,0.0,0.0,0.0,1.0,0.0,0.0
3,0,4,18,0.0,0.0,0.0,0.0,1.0,0.0,0.0
3,0,4,19,0.0,0.0,0.0,0.0,1.0,0.0,0.0
3,0,4,20,0.0,0.0,0.0,0.0,1.0,0.0,0.0
3,0,4,21,0.0,0.0,0.0,0.0,1.0,0.0,0.0
3,0,4,22,0.0,0.0,0.0,0.0,1.0,0.0,0.0
3,0,4,23,0.0,0.0,0.0,0.0,1.0,0.0,0.0
3,0,4,24,0.0,0.0,0.0,0.0,1.0,0.0,0.0
3,0,4,25,0.0,0.0,0.0,0.0,1.0,0.0,0.0
3,0,4,26,0.0,0.0,0.0,0.0,1.0,0.0,0.0
3,0,4,27,0.0,0.0,0.0,0.0,1.0,0.0,0.0
3,0,4,28,0.0,0.0,0.0,0.0,1.0,0.0,0.0
3,0,4,29,0.0,0.0,0.0,0.0,1.0,0.0,0.0
3,0,4,30,0.0,0.0,0.0,0.0,1.0,0.0,0.0
3,0,4,31,0.0,0.0,0.0,0.0,1.0,0.0,0.0
3,0,4,32,0.0,0.0,0.0,0.0,1.0,0.0,0.0
3,0,4,33,0.0,0.0,0.0,0.0,1.0,0.0,0.0
3,0,4,34,0.0,0.0,0.0,0.0,1.0,0.0,0.0
3,0,4,35,0.0,0.0,0.0,0.0,1.0,0.0,0.0
3,0,4,36,0.0,0.0,0.0,0.0,1.0,0.0,0.0
3,0,4,37,0.0,0.0,0.0,0.0,1.0,0.0,0.0
3,0,4,38,0.0,0.0,0.0,0.0,1.0,0.0,0.0
3,0,4,39,0.0,0.0,0.0,0.0,1.0,0.0,0.0
3,0,4,40,0.0,0.0,0.0,0.0,1.0,0.0,0.0
3,0,4,41,0.0,0.0,0.0,0.0,1.0,0.0,0.0
3,0,4,42,0.0,0.0,0.0,0.0,1.0,0.0,0.0
3,0,4,43,0.0,0.0,0.0,0.0,1.0,0.0,0.0
3,0,4,44,0.0,0.0,0.0,0.0,1.0,0.0,0.0
3,0,4,45,0.0,0.0,0.0,0.0,1.0,0.0,0.0
3,0,4,46,0.0,0.0,0.0,0.0,1.0,0.0,0.0
3,0,4,47,0.0,0.0,0.0,0.0,1.0,0.0,0.0
3,0,4,48,0.0,0.0,0.0,0.0,1.0,0.0,0.0
3,0,4,49,0.0,0.0,0.0,0.0,1.0,0.0,0.0
3,0,4,50,0.0,0.0,0.0,0.0,1.0,0.0,0.0
3,0,4,51,0.0,0.0,0.0,0.0,1.0,0.0,0.0
3,0,4,52,0.0,0.0,0.0,0.0,1.0,0.0,0.0
3,0,4,53,0.0,0.0,0.0,0.0,1.0,0.0,0.0
3,0,4,54,0.0,0.0,0.0,0.0,1.0,0.0,0.0
3,0,4,55,0.0,0.0,0.0,0.0,1.0,0.0,0.0
3,0,4,56,0.0,0.0,0.0,0.0,1.0,0.0,0.0
3,0,4,57,0.0,0.0,0.0,0.0,1.0,0.0,0.0
3,0,4,58,0.0,0.0,0.0,0.0,1.0,0.0,0.0
3,0,4,59,0.0,0.0,0.0,0.0,1.0,0.0,0.0
3,1,0,0,20.0,1.0,13.558823529411764,16.294117647058822,0.37897431181871993,12886.705404810536,33088.540539986454
3,1,0,1,19.0,1.0,13.950980392156863,14.803921568627452,0.43794535514562544,10899.639065573045,26521.26270532612
3,1,0,2,20.0,1.0,16.5,15.882352941176471,0.36372663762809904,13189.24808632458,32003.723577978886
3,1,0,3,19.0,1.0,9.519607843137255,12.784313725490197,0.5611882641600563,7422.944246524252,18694.494774988492
3,1,0,4,16.0,1.0,9.882352941176471,11.745098039215685,0.5576967840410233,7710.856652797433,19688.57875528898
3,1,0,5,20.0,1.0,13.186274509803921,15.607843137254902,0.417642207569614,11839.218786236132,30249.725225708953
3,1,0,6,21.0,1.0,17.607843137254903,17.705882352941178,0.28750212975542516,16181.19497682817,39672.70980263472
3,1,0,7,15.0,1.0,9.107843137254902,11.098039215686274,0.603330444683398,6040.591450478427,15172.902037812612
3,1,0,8,19.0,1.0,11.107843137254902,13.784313725490197,0.49070471969000756,9440.162880773136,24028.119649791282
3,1,0,9,20.0,1.0,16.92156862745098,16.84313725490196,0.3332887276399166,14307.994301018802,35105.71174200325
3,1,0,10,19.0,1.0,14.784313725490197,15.333333333333334,0.41319219480424696,11721.055530381871,28573.504962644314
3,1,0,11,19.0,1.0,13.813725490196079,13.92156862745098,0.4481900639596903,10787.919435202324,26457.837714215613
3,1,0,12,19.0,1.0,12.176470588235293,14.745098039215685,0.4474410509786877,10876.655151719107,27448.674614048887
3,1,0,13,17.0,1.0,10.362745098039216,11.784313725490197,0.5647542615587058,7070.655198829139,18063.487402369978
3,1,0,14,20.0,1.0,16.5,16.41176470588235,0.34069706588463217,14078.707427407726,34597.01913538255
3,1,0,15,19.0,1.0,15.186274509803921,16.294117647058822,0.36829158519886285,12593.124503129919,31248.76259713853
3,1,0,16,20.0,1.0,14.941176470588236,16.294117647058822,0.35750027527371814,13199.689160309788,32817.639832459754
3,1,0,17,20.0,1.0,15.352941176470589,16.647058823529413,0.3488984554278339,13782.789620016265,34819.70592591399
3,1,0,18,19.0,1.0,14.117647058823529,14.764705882352942,0.426290508684991,11381.583382158842,27555.24509498819
3,1,0,19,19.0,1.0,13.96078431372549,14.352941176470589,0.4373231468741068,11056.167679916005,27336.768448869683
3,1,0,20,20.0,1.0,16.529411764705884,16.137254901960784,0.36397571318155436,13535.547617641401,32976.648050296644
3,1,0,21,17.0,1.0,12.323529411764707,12.509803921568627,0.5119388441631176,8514.92652358143,20811.439658904113
3,1,0,22,18.0,1.0,11.5,13.941176470588236,0.4829514417457088,9419.856710112299,23799.196779066107
3,1,0,23,18.0,1.0,14.529411764705882,13.686274509803921,0.4444654538954731,10282.327964335333,25068.133371290234
3,1,0,24,16.0,1.0,13.529411764705882,13.431372549019608,0.46609633911463416,10025.335345818527,24682.52169610833
3,1,0,25,18.0,1.0,13.588235294117647,14.27450980392157,0.4372339623067419,10779.273662135141,26905.945286369995
3,1,0,26,20.0,1.0,16.519607843137255,16.725490196078432,0.34278678597702145,14002.656443382235,34466.83023073117
3,1,0,27,17.0,1.0,11.72549019607843,13.196078431372548,0.49429080460644176,8989.075334131448,22971.7108522227
3,1,0,28,21.0,1.0,17.392156862745097,17.294117647058822,0.3064070396679878,15294.155666868666,37919.62633737919
3,1,0,29,9.0,1.0,4.549019607843137,4.8431372549019605,0.8239360499527817,2362.293800475915,5977.974336346986
3,1,0,30,20.0,1.0,16.323529411764707,16.41176470588235,0.3410204267882791,13743.223514171825,33956.36776529046
3,1,0,31,17.0,1.0,13.019607843137255,12.803921568627452,0.5012160120436638,9248.324594984679,22399.819595503763
3,1,0,32,19.0,1.0,14.166666666666666,14.431372549019608,0.43125143627935764,11409.377908155438,27820.059396760178
3,1,0,33,15.0,1.0,8.558823529411764,9.803921568627452,0.6496709770704071,5285.415948661582,12962.52896820156
3,1,0,34,19.0,1.0,15.401960784313726,15.235294117647058,0.397268844676217,11998.449374578913,29449.54062124777
3,1,0,35,20.0,1.0,16.19607843137255,16.352941176470587,0.3517573214310084,13926.830398905558,34431.90230137913
3,1,0,36,19.0,1.0,14.0,15.372549019607844,0.41066906305360407,11308.03200105934,28412.386693214787
3,1,0,37,15.0,1.0,7.96078431372549,10.098039215686274,0.6262451942958347,5621.8807374154285,14835.994446136248
3,1,0,38,20.0,1.0,15.549019607843137,15.705882352941176,0.3722879556924404,13086.442225471974,32072.768656742282
3,1,0,39,16.0,1.0,12.235294117647058,11.588235294117647,0.5310703444371333,8203.02643529514,19765.12460948658
3,1,0,40,15.0,1.0,9.03921568627451,10.607843137254902,0.5962614768853043,6307.384371770644,16361.189698362296
3,1,0,41,18.0,1.0,11.980392156862745,13.294117647058824,0.5020770945754046,8722.803226278607,21594.268059809656
3,1,0,42,20.0,1.0,11.372549019607844,14.882352941176471,0.46165977820365406,10451.126326223992,27077.851593536954
3,1,0,43,20.0,1.0,16.725490196078432,16.705882352941178,0.33163744037351306,14523.624148363793,35620.03298317796
3,1,0,44,19.0,1.0,15.617647058823529,14.941176470588236,0.395892264391803,12029.022719064295,29367.22626817401
3,1,0,45,14.0,1.0,11.470588235294118,12.058823529411764,0.5348988415265873,7454.545579851064,18611.01434747247
3,1,0,46,16.0,1.0,11.57843137254902,11.607843137254902,0.5407825370530023,7425.54999344909,18351.812075413225
3,1,0,47,20.0,1.0,13.480392156862745,15.509803921568627,0.42569239175238843,11431.53995268172,28468.612848845583
3,1,0,48,19.0,1.0,11.92156862745098,14.176470588235293,0.4606154861464624,9962.13609075238,25903.335589656144
3,1,0,49,20.0,1.0,10.333333333333334,13.431372549019608,0.510087151047464,9179.41379612505,23728.70743536569
3,1,0,50,20.0,1.0,15.264705882352942,15.411764705882353,0.3846015955028601,12930.73071322382,31473.6288164091
3,1,0,51,19.0,1.0,10.656862745098039,13.294117647058824,0.5194364160052495,9044.995814732289,22910.89096050783
3,1,0,52,19.0,1.0,13.049019607843137,15.352941176470589,0.4163596453153671,11189.01177806063,28342.793700591177
3,1,0,53,19.0,1.0,10.441176470588236,12.803921568627452,0.5290815683861082,8691.252963573852,21877.894073616597
3,1,0,54,21.0,1.0,17.372549019607842,17.725490196078432,0.29279219420061814,15969.186418090383,39490.390950967674
3,1,0,55,17.0,1.0,9.529411764705882,12.019607843137255,0.5828506463125256,6656.6325680580885,16824.518646131073
3,1,0,56,16.0,1.0,9.813725490196079,11.411764705882353,0.5542302355087858,7074.205811343498,18124.907626256943
3,1,0,57,13.0,1.0,8.156862745098039,8.745098039215685,0.6644440595160285,4815.665048645381,12102.7764283317
3,1,0,58,19.0,1.0,13.813725490196079,13.882352941176471,0.4581682392264909,10429.689854719772,25170.78810529073
3,1,0,59,17.0,1.0,9.117647058823529,11.862745098039216,0.5625265837373906,7743.334310137136,20110.609353598327
3,1,1,0,16.0,1.0,8.254901960784315,8.823529411764707,0.6195543902754548,5404.787670622226,14592.81944540678
3,1,1,1,11.0,1.0,7.0588235294117645,4.803921568627451,0.7607273981009812,3464.124308079895,8164.868103731422
3,1,1,2,14.0,1.0,9.823529411764707,7.490196078431373,0.6716163271933286,5136.474625254699,12114.786215711634
3,1,1,3,0.0,0.0,2.9901960784313726,2.411764705882353,0.8934241623953819,1363.255788466378,3233.4659272304857
3,1,1,4,0.0,0.0,1.6764705882352942,0.5098039215686274,0.9505771442589953,541.5527818815897,1400.609527267306
3,1,1,5,11.0,1.0,5.254901960784314,5.490196078431373,0.7654713298941808,2990.4488402575817,7856.6100954574185
3,1,1,6,17.0,1.0,12.715686274509803,10.705882352941176,0.5270495086750774,7971.104156298949,19474.198167973485
3,1,1,7,5.0,1.0,3.5294117647058822,2.7254901960784315,0.8737226120107521,1547.5921978538354,3860.2232179184207
3,1,1,8,8.0,1.0,3.3823529411764706,3.980392156862745,0.8306716999498986,2037.9410714505016,5388.869213339271
3,1,1,9,16.0,1.0,11.852941176470589,9.705882352941176,0.5695425248387794,6762.576435755241,16549.660700606863
3,1,1,10,11.0,1.0,7.245098039215686,5.411764705882353,0.76691529709039,3334.583262577332,7979.815835643156
3,1,1,11,13.0,1.0,8.147058823529411,6.647058823529412,0.6972984260567204,4441.446534526877,10945.229506268248
3,1,1,12,9.0,1.0,3.8529411764705883,4.529411764705882,0.8081260772076453,2306.457066505599,6146.595933870885
3,1,1,13,10.0,1.0,5.264705882352941,4.745098039215686,0.7992238516207902,2557.7315044273746,6587.361974763357
3,1,1,14,17.0,1.0,12.009803921568627,9.882352941176471,0.5537748938091551,7089.613939926,17406.23645941724
3,1,1,15,13.0,1.0,8.294117647058824,7.078431372549019,0.6793754922273497,4148.829858588093,10578.97157869958
3,1,1,16,13.0,1.0,7.509803921568627,7.176470588235294,0.679730129848836,4244.241453878593,11131.052795118308
3,1,1,17,16.0,1.0,9.852941176470589,10.058823529411764,0.5810395386258874,6378.627338762888,16708.416206542483
3,1,1,18,13.0,1.0,7.852941176470588,6.117647058823529,0.7268120645844198,3878.313921171989,9192.151664584613
3,1,1,19,13.0,1.0,8.264705882352942,6.862745098039215,0.700229733485031,4283.817869777378,10699.728071906782
3,1,1,20,16.0,1.0,11.401960784313726,9.156862745098039,0.6081189675892381,6184.272711438683,14779.80639169548
3,1,1,21,9.0,1.0,5.8431372549019605,3.392156862745098,0.8206454075780137,2569.6913022754243,5946.467393821008
3,1,1,22,12.0,1.0,5.901960784313726,6.372549019607843,0.7414264246871641,3351.409576237834,8702.010240969033
3,1,1,23,13.0,1.0,8.166666666666666,5.392156862745098,0.7348553875456695,3963.647443785097,9237.978967444904
3,1,1,24,10.0,1.0,6.46078431372549,4.529411764705882,0.7837091302793852,2960.955742783175,7042.192820783905
3,1,1,25,11.0,1.0,6.078431372549019,6.0,0.737202962383726,3324.921414212821,8787.998167266958
3,1,1,26,16.0,1.0,11.549019607843137,9.941176470588236,0.5697531177617988,6754.56602830445,16623.558432693048
3,1,1,27,3.0,0.0,2.2450980392156863,1.1568627450980393,0.9113907451510234,911.6571366629074,2632.1483008365985
3,1,1,28,19.0,1.0,13.862745098039216,11.92156862745098,0.47762854422328016,9207.477886603116,22810.500732502813
3,1,1,29,0.0,0.0,0.3333333333333333,0.0,0.9922587735731775,89.2133833197042,210.06293122662473
3,1,1,30,16.0,1.0,11.450980392156863,9.313725490196079,0.5748332229001042,6606.070988121684,16274.881920166212
3,1,1,31,9.0,1.0,6.215686274509804,3.803921568627451,0.8221965706149871,2689.697556328675,6135.946381229867
3,1,1,32,14.0,1.0,8.401960784313726,6.823529411764706,0.6883304946376466,4657.490047329014,11373.739767785868
3,1,1,33,0.0,0.0,0.7450980392156863,0.5098039215686274,0.9763530766404602,254.01525945747335,671.3451501793725
3,1,1,34,14.0,1.0,10.068627450980392,7.2745098039215685,0.6597238436390762,5227.301768048782,12096.577050663169
3,1,1,35,15.0,1.0,11.264705882352942,9.823529411764707,0.584157420562594,6455.012209004385,16045.407885116134
3,1,1,36,14.0,1.0,8.284313725490197,8.07843137254902,0.6568680967970714,4765.111137907858,12365.277168367318
3,1,1,37,0.0,0.0,1.2450980392156863,0.7450980392156863,0.9387638953116619,583.7062421637529,1851.0342366809098
3,1,1,38,15.0,1.0,9.617647058823529,7.745098039215686,0.6410565135035058,5601.640702359682,13618.17135644435
3,1,1,39,8.0,1.0,5.980392156862745,2.9019607843137254,0.8215062983980278,2593.771078792363,5925.752571761682
3,1,1,40,0.0,0.0,1.0196078431372548,1.0980392156862746,0.9371484415365083,633.5302688662632,1903.9183023611047
3,1,1,41,0.0,0.0,1.4901960784313726,0.7843137254901961,0.959989522862954,444.9954578939897,1135.4442792935636
3,1,1,42,11.0,1.0,4.96078431372549,6.254901960784314,0.7439230426827198,3436.2659527351334,9254.966897210772
3,1,1,43,17.0,1.0,12.5,10.509803921568627,0.5326414542382762,7769.251567321744,19087.158237056963
3,1,1,44,15.0,1.0,10.784313725490197,8.03921568627451,0.6232964683724763,5631.139426985253,13490.38725658095
3,1,1,45,5.0,1.0,3.5980392156862746,2.784313725490196,0.8741233956512353,1492.1002158401484,3907.4851336865554
3,1,1,46,7.0,1.0,4.7254901960784315,2.372549019607843,0.8543437891287025,1894.3392638508217,4507.649515172511
3,1,1,47,9.0,1.0,4.303921568627451,4.921568627450981,0.8043692784236693,2355.6770700529246,6269.08322599991
3,1,1,48,10.0,1.0,5.490196078431373,5.588235294117647,0.7512622945023959,2894.6401369434543,8131.507002038751
3,1,1,49,11.0,1.0,4.862745098039215,5.921568627450981,0.7526340639643124,3267.6598498974768,8772.47569592294
3,1,1,50,14.0,1.0,8.53921568627451,7.098039215686274,0.6822066656330333,4845.881066961627,11710.816770854319
3,1,1,51,7.0,1.0,3.049019607843137,3.215686274509804,0.8517274656488237,1686.970199777929,4609.073341244534
3,1,1,52,14.0,1.0,7.666666666666667,7.921568627450981,0.657728034612561,4566.679274099363,12249.875834867105
3,1,1,53,9.0,1.0,4.235294117647059,3.627450980392157,0.8187543866525965,2312.115625027759,5942.245607653363
3,1,1,54,18.0,1.0,13.441176470588236,11.568627450980392,0.4855582986839875,8967.72559556275,22111.37855399124
3,1,1,55,0.0,0.0,0.37254901960784315,0.0,0.9932075559779725,72.01024897712706,193.76792913204758
3,1,1,56,0.0,0.0,1.3431372549019607,0.11764705882352941,0.9613746710992485,345.050990058591,1028.890971106234
3,1,1,57,0.0,0.0,0.5392156862745098,0.0,0.9915939434426363,95.27446700267782,213.60692425670072
3,1,1,58,12.0,1.0,7.107843137254902,5.431372549019608,0.7582320073540751,3614.2773797011364,8455.32327880775
3,1,1,59,12.0,1.0,4.617647058823529,5.294117647058823,0.7710291721378013,2985.8464652123985,8145.334849621758
3,1,2,0,0.0,0.0,1.196078431372549,0.6078431372549019,0.9392699786755357,606.5158348162668,1825.2233714027527
3,1,2,1,5.0,1.0,4.401960784313726,1.1372549019607843,0.8855552228832605,1755.9622875973018,3847.530206826733
3,1,2,2,10.0,1.0,6.823529411764706,2.2941176470588234,0.8281483781970733,2954.8713344614243,6421.621524822643
3,1,2,3,0.0,0.0,0.5,0.0,0.9911167161914771,102.45677447856784,245.75549396689007
3,1,2,4,0.0,0.0,0.9411764705882353,0.0,0.9824738507129717,205.05224835413856,473.0456776979304
3,1,2,5,0.0,0.0,0.7549019607843137,0.0,0.9871791456177254,135.437590033572,345.83558956661983
3,1,2,6,10.0,1.0,6.264705882352941,2.803921568627451,0.8117224805278208,2710.7053734864226,6181.116881941253
3,1,2,7,0.0,0.0,1.696078431372549,0.47058823529411764,0.9580304770287675,505.8375380444361,1282.1383522118906
3,1,2,8,0.0,0.0,0.3333333333333333,0.0,0.9938231411242087,64.54075852104096,167.22002269358887
3,1,2,9,7.0,1.0,4.980392156862745,1.6666666666666667,0.8719279547704283,1802.0417695790436,4060.222693284114
3,1,2,10,2.0,0.0,3.8529411764705883,1.0588235294117647,0.912318051898725,1272.7214419989116,2837.64378361067
3,1,2,11,2.0,0.0,3.7058823529411766,0.803921568627451,0.9087465352683078,1347.216946295567,3005.4242859232118
3,1,2,12,0.0,0.0,0.3333333333333333,0.0,0.9938231411242087,64.54075852104098,167.22002269358887
3,1,2,13,1.0,0.0,2.696078431372549,1.588235294117647,0.9106152935361328,1056.8089816156091,2719.4285196307874
3,1,2,14,9.0,1.0,5.7254901960784315,1.803921568627451,0.8337738467109451,2412.4233092802097,5445.304623321165
3,1,2,15,0.0,0.0,1.2745098039215685,0.0784313725490196,0.9754734522716513,310.7243420868807,673.7048087169281
3,1,2,16,0.0,0.0,0.9803921568627451,0.23529411764705882,0.9763551861554673,236.3318662230907,633.1410706053464
3,1,2,17,8.0,1.0,4.705882352941177,3.0784313725490198,0.8206277525765123,2176.868584999937,5916.509286046902
3,1,2,18,3.0,0.0,3.9019607843137254,0.9215686274509803,0.9049891067272663,1541.5504146289504,3249.1764850723375
3,1,2,19,5.0,1.0,4.098039215686274,1.2352941176470589,0.8916832225483513,1512.5408148943925,3454.4914285000386
3,1,2,20,10.0,1.0,6.411764705882353,2.4313725490196076,0.8339511138729705,2478.837594651022,5593.088434699912
3,1,2,21,2.0,0.0,4.196078431372549,0.803921568627451,0.9004198183402264,1578.6056293435054,3374.989343517245
3,1,2,22,0.0,0.0,0.0,0.0,0.9998474093368147,0.761810575504801,1.454884583683963
3,1,2,23,5.0,1.0,5.1568627450980395,1.1568627450980393,0.8774270475411982,2207.2849812912054,4650.243633930695
3,1,2,24,0.0,0.0,3.5098039215686274,0.7254901960784313,0.9235523757258074,1151.018858041035,2534.587665188639
3,1,2,25,0.0,0.0,1.8431372549019607,0.5882352941176471,0.949735206248339,574.6966531109676,1503.3973956953814
3,1,2,26,4.0,1.0,4.362745098039215,1.2549019607843137,0.8924444048916363,1569.4613400689823,3467.042825651492
3,1,2,27,0.0,0.0,0.6568627450980392,0.23529411764705882,0.9717655231421635,259.35012266021255,827.2682381033133
3,1,2,28,15.0,1.0,8.607843137254902,4.490196078431373,0.7229566385309153,3849.6268975604053,9267.827421710537
3,1,2,29,0.0,0.0,0.3333333333333333,0.0,0.9952494378837855,41.963319779885225,127.14650735560514
3,1,2,30,9.0,1.0,5.784313725490196,1.8627450980392157,0.8362119975895382,2335.6219509581833,5323.261878594693
3,1,2,31,0.0,0.0,3.9607843137254903,0.8823529411764706,0.9157243667329552,1345.2337328462795,2864.449499097953
3,1,2,32,3.0,0.0,3.6862745098039214,0.803921568627451,0.907855973904463,1364.0079809975866,3033.826579993693
3,1,2,33,0.0,0.0,0.16666666666666666,0.0,0.9974574843580347,30.670731370818608,68.01403144964635
3,1,2,34,8.0,1.0,5.852941176470588,1.5490196078431373,0.8581421413950534,2306.1250263688644,4898.107612000164
3,1,2,35,10.0,1.0,6.803921568627451,3.4313725490196076,0.7948917774306072,2758.015934789051,6781.416969894917
3,1,2,36,2.0,0.0,3.2254901960784315,1.2352941176470589,0.8988728169585855,1189.7805689919119,3096.273102125343
3,1,2,37,0.0,0.0,0.7941176470588235,0.23529411764705882,0.9698299010962961,249.6342035917884,880.0360031671441
3,1,2,38,10.0,1.0,5.647058823529412,1.8627450980392157,0.8316894972405503,2450.291250802139,5635.2774716499935
3,1,2,39,0.0,0.0,4.196078431372549,0.6274509803921569,0.9064405104272697,1545.5517833183844,3239.7545241235703
3,1,2,40,0.0,0.0,0.46078431372549017,0.23529411764705882,0.9742625451690129,229.41289328496853,759.0794764117276
3,1,2,41,0.0,0.0,0.5,0.0,0.9908630665326436,96.42072171163892,252.10921144658928
3,1,2,42,0.0,0.0,0.6470588235294118,0.49019607843137253,0.9560193961251263,360.41334780860984,1215.3581389180135
3,1,2,43,10.0,1.0,6.450980392156863,2.588235294117647,0.8103554912697007,2814.9923005534665,6337.371836198517
3,1,2,44,8.0,1.0,5.53921568627451,1.4705882352941178,0.8622405065817933,2180.9836655629297,4685.117264894868
3,1,2,45,0.0,0.0,2.1666666666666665,0.6666666666666666,0.9430037409250945,653.7804105032322,1705.7612883991328
3,1,2,46,0.0,0.0,1.5980392156862746,0.6274509803921569,0.9530382898831117,560.1524037218702,1428.8073072759798
3,1,2,47,0.0,0.0,0.9803921568627451,0.23529411764705882,0.9595707913594357,357.2746301213748,1128.3699654479517
3,1,2,48,3.0,0.0,2.450980392156863,1.392156862745098,0.8977823023969616,1045.4370033315702,3193.1351642073178
3,1,2,49,0.0,0.0,0.696078431372549,0.49019607843137253,0.9553234222190671,365.8311013237123,1237.030313127097
3,1,2,50,4.0,1.0,3.803921568627451,0.9019607843137255,0.901350059222548,1450.8344822582858,3230.512958442976
3,1,2,51,0.0,0.0,0.696078431372549,0.23529411764705882,0.9649811726148741,306.68989090847754,986.7070843939072
3,1,2,52,0.0,0.0,0.3333333333333333,0.0,0.993481019431078,42.11980666663973,167.7946670760924
3,1,2,53,0.0,0.0,2.1862745098039214,0.7058823529411765,0.9259756218674727,832.1267974412327,2170.4623342854297
3,1,2,54,11.0,1.0,6.529411764705882,3.0980392156862746,0.7899870674635397,2931.0637299051505,6809.754081952146
3,1,2,55,0.0,0.0,0.3333333333333333,0.0,0.9939911698076137,63.869468669453866,165.6148597190804
3,1,2,56,0.0,0.0,0.6372549019607843,0.0,0.9888939705318198,68.7388621043423,298.98421797702633
3,1,2,57,0.0,0.0,0.0,0.0,0.9999933371575197,0.022236188416284716,0.06174346464994426
3,1,2,58,6.0,1.0,4.392156862745098,1.4901960784313726,0.8859750332670052,1790.2572915457883,3836.148489845181
3,1,2,59,0.0,0.0,0.8627450980392157,0.13725490196078433,0.97553649996166,187.9925872097943,635.9082762905368
3,1,3,0,0.0,0.0,0.0,0.0,1.0,0.0,0.0
3,1,3,1,0.0,0.0,1.3431372549019607,0.0,0.9730558388954055,406.3084475282976,823.4797104652007
3,1,3,2,0.0,0.0,3.6862745098039214,0.45098039215686275,0.9222109361588896,1330.766636443166,2690.017794046782
3,1,3,3,0.0,0.0,0.0,0.0,0.9996848880426062,1.0885706849773382,3.0378551439338435
3,1,3,4,0.0,0.0,0.0,0.0,1.0,0.0,0.0
3,1,3,5,0.0,0.0,0.0,0.0,0.9998440729883193,0.350141128446175,1.5042364637263577
3,1,3,6,0.0,0.0,1.2941176470588236,0.0,0.9731978040184898,400.82952085693205,796.7875761038712
3,1,3,7,0.0,0.0,0.6372549019607843,0.0,0.9910501651293383,60.88728430284266,244.8776678163829
3,1,3,8,0.0,0.0,0.0,0.0,0.9998440729883193,0.350141128446175,1.5042364637263577
3,1,3,9,0.0,0.0,1.2647058823529411,0.0,0.9778343194401153,259.2773597454366,637.808447581616
3,1,3,10,0.0,0.0,1.1764705882352942,0.0,0.9790367690765357,241.10173694048186,600.4890924614028
3,1,3,11,0.0,0.0,1.1764705882352942,0.0,0.9791926960882157,240.75159581203567,598.9848559976764
3,1,3,12,0.0,0.0,0.0,0.0,0.9998440729883193,0.350141128446175,1.5042364637263577
3,1,3,13,0.0,0.0,0.4803921568627451,0.0,0.992644775455402,48.56928326117428,199.5706902854062
3,1,3,14,0.0,0.0,1.196078431372549,0.0,0.9756040159092186,376.46048579058004,738.1822406441748
3,1,3,15,0.0,0.0,0.0,0.0,0.999999914014102,0.00029937512547655016,0.0007954918776218733
3,1,3,16,0.0,0.0,0.0,0.0,1.0,0.0,0.0
3,1,3,17,0.0,0.0,0.4803921568627451,0.0,0.992644775455402,48.56928326117428,199.5706902854062
3,1,3,18,0.0,0.0,1.196078431372549,0.0,0.9756104388867107,376.45206412840196,738.122820132449
3,1,3,19,0.0,0.0,1.2647058823529411,0.0,0.977778889009711,254.92383845885374,636.6228490234766
3,1,3,20,0.0,0.0,1.6568627450980393,0.0,0.9717919701623813,290.03321844713065,800.3834390209148
3,1,3,21,0.0,0.0,1.3333333333333333,0.0,0.9739287934180436,392.9316482627932,783.6301119336781
3,1,3,22,0.0,0.0,0.0,0.0,1.0,0.0,0.0
3,1,3,23,0.0,0.0,3.0098039215686274,0.45098039215686275,0.9371839622255921,1098.3843248118515,2186.7898409579084
3,1,3,24,0.0,0.0,1.2058823529411764,0.0,0.9789785466414571,248.04755112857913,609.011936551466
3,1,3,25,0.0,0.0,0.4803921568627451,0.0,0.992644775455402,48.56928326117428,199.5706902854062
3,1,3,26,0.0,0.0,1.1764705882352942,0.0,0.9791926960882157,240.75159581203567,598.9848559976764
3,1,3,27,0.0,0.0,0.0,0.0,0.9998170219135916,0.8296983744109742,1.7556547252878802
3,1,3,28,0.0,0.0,2.176470588235294,0.0,0.9576567125415701,532.842728578945,1221.3486410186047
3,1,3,29,0.0,0.0,0.0,0.0,1.0,0.0,0.0
3,1,3,30,0.0,0.0,1.3333333333333333,0.0,0.9737133703485927,403.95376214202804,805.2641915469105
3,1,3,31,0.0,0.0,1.1764705882352942,0.0,0.9791922685008717,240.7532326185555,598.988811711178
3,1,3,32,0.0,0.0,1.1764705882352942,0.0,0.9791926960882157,240.75159581203567,598.9848559976764
3,1,3,33,0.0,0.0,0.0,0.0,1.0,0.0,0.0
3,1,3,34,0.0,0.0,1.9901960784313726,0.0,0.9640930802624004,470.1897625127946,1046.0555944128996
3,1,3,35,0.0,0.0,1.2450980392156863,0.0,0.9780128513973537,256.6110659771301,629.8775672018958
3,1,3,36,0.0,0.0,0.6372549019607843,0.0,0.9910500791434406,60.88758367796811,244.87846330826054
3,1,3,37,0.0,0.0,0.0,0.0,1.0,0.0,0.0
3,1,3,38,0.0,0.0,1.2549019607843137,0.0,0.9745093974014248,381.7507917287101,766.3971034064425
3,1,3,39,0.0,0.0,1.3333333333333333,0.0,0.9739287934180436,392.9316482627932,783.6301119336781
3,1,3,40,0.0,0.0,0.0,0.0,0.9999762068593047,0.09126881787981131,0.22203604508039193
3,1,3,41,0.0,0.0,0.0,0.0,0.9998439870024224,0.3504405035716516,1.5050319556039786
3,1,3,42,0.0,0.0,0.0,0.0,1.0,0.0,0.0
3,1,3,43,0.0,0.0,1.7352941176470589,0.0,0.9648944359168504,526.5026888590554,1035.8041774271992
3,1,3,44,0.0,0.0,1.7745098039215685,0.0,0.96712057585387,440.1055617200253,972.4811958331303
3,1,3,45,0.0,0.0,0.6372549019607843,0.0,0.9910263719886435,60.97855312072247,245.09970386146333
3,1,3,46,0.0,0.0,0.4803921568627451,0.0,0.992644775455402,48.56928326117428,199.5706902854062
3,1,3,47,0.0,0.0,0.0,0.0,0.9998439870024224,0.3504405035716516,1.5050319556039786
3,1,3,48,0.0,0.0,0.0,0.0,1.0,0.0,0.0
3,1,3,49,0.0,0.0,0.0,0.0,1.0,0.0,0.0
3,1,3,50,0.0,0.0,1.1764705882352942,0.0,0.9791926960882157,240.75159581203567,598.9848559976764
3,1,3,51,0.0,0.0,0.0,0.0,0.9998440729883193,0.350141128446175,1.5042364637263577
3,1,3,52,0.0,0.0,0.0,0.0,1.0,0.0,0.0
3,1,3,53,0.0,0.0,0.0,0.0,1.0,0.0,0.0
3,1,3,54,0.0,0.0,1.3529411764705883,0.0,0.973277943887411,408.0903971155917,798.6160705186746
3,1,3,55,0.0,0.0,0.0,0.0,0.9998440729883193,0.350141128446175,1.5042364637263577
3,1,3,56,0.0,0.0,0.0,0.0,1.0,0.0,0.0
3,1,3,57,0.0,0.0,0.0,0.0,1.0,0.0,0.0
3,1,3,58,0.0,0.0,1.196078431372549,0.0,0.975316670650843,377.6628160101057,741.1610936393116
3,1,3,59,0.0,0.0,0.0,0.0,1.0,0.0,0.0
3,1,4,0,0.0,0.0,0.0,0.0,1.0,0.0,0.0
3,1,4,1,0.0,0.0,0.0,0.0,1.0,0.0,0.0
3,1,4,2,0.0,0.0,0.0,0.0,1.0,0.0,0.0
3,1,4,3,0.0,0.0,0.0,0.0,1.0,0.0,0.0
3,1,4,4,0.0,0.0,0.0,0.0,1.0,0.0,0.0
3,1,4,5,0.0,0.0,0.0,0.0,1.0,0.0,0.0
3,1,4,6,0.0,0.0,0.0,0.0,1.0,0.0,0.0
3,1,4,7,0.0,0.0,0.0,0.0,1.0,0.0,0.0
3,1,4,8,0.0,0.0,0.0,0.0,1.0,0.0,0.0
3,1,4,9,0.0,0.0,0.0,0.0,1.0,0.0,0.0
3,1,4,10,0.0,0.0,0.0,0.0,1.0,0.0,0.0
3,1,4,11,0.0,0.0,0.0,0.0,1.0,0.0,0.0
3,1,4,12,0.0,0.0,0.0,0.0,1.0,0.0,0.0
3,1,4,13,0.0,0.0,0.0,0.0,1.0,0.0,0.0
3,1,4,14,0.0,0.0,0.0,0.0,1.0,0.0,0.0
3,1,4,15,0.0,0.0,0.0,0.0,1.0,0.0,0.0
3,1,4,16,0.0,0.0,0.0,0.0,1.0,0.0,0.0
3,1,4,17,0.0,0.0,0.0,0.0,1.0,0.0,0.0
3,1,4,18,0.0,0.0,0.0,0.0,1.0,0.0,0.0
3,1,4,19,0.0,0.0,0.0,0.0,1.0,0.0,0.0
3,1,4,20,0.0,0.0,0.0,0.0,1.0,0.0,0.0
3,1,4,21,0.0,0.0,0.0,0.0,1.0,0.0,0.0
3,1,4,22,0.0,0.0,0.0,0.0,1.0,0.0,0.0
3,1,4,23,0.0,0.0,0.0,0.0,1.0,0.0,0.0
3,1,4,24,0.0,0.0,0.0,0.0,1.0,0.0,0.0
3,1,4,25,0.0,0.0,0.0,0.0,1.0,0.0,0.0
3,1,4,26,0.0,0.0,0.0,0.0,1.0,0.0,0.0
3,1,4,27,0.0,0.0,0.0,0.0,1.0,0.0,0.0
3,1,4,28,0.0,0.0,0.0,0.0,1.0,0.0,0.0
3,1,4,29,0.0,0.0,0.0,0.0,1.0,0.0,0.0
3,1,4,30,0.0,0.0,0.0,0.0,1.0,0.0,0.0
3,1,4,31,0.0,0.0,0.0,0.0,1.0,0.0,0.0
3,1,4,32,0.0,0.0,0.0,0.0,1.0,0.0,0.0
3,1,4,33,0.0,0.0,0.0,0.0,1.0,0.0,0.0
3,1,4,34,0.0,0.0,0.0,0.0,1.0,0.0,0.0
3,1,4,35,0.0,0.0,0.0,0.0,1.0,0.0,0.0
3,1,4,36,0.0,0.0,0.0,0.0,1.0,0.0,0.0
3,1,4,37,0.0,0.0,0.0,0.0,1.0,0.0,0.0
3,1,4,38,0.0,0.0,0.0,0.0,1.0,0.0,0.0
3,1,4,39,0.0,0.0,0.0,0.0,1.0,0.0,0.0
3,1,4,40,0.0,0.0,0.0,0.0,1.0,0.0,0.0
3,1,4,41,0.0,0.0,0.0,0.0,1.0,0.0,0.0
3,1,4,42,0.0,0.0,0.0,0.0,1.0,0.0,0.0
3,1,4,43,0.0,0.0,0.0,0.0,1.0,0.0,0.0
3,1,4,44,0.0,0.0,0.0,0.0,1.0,0.0,0.0
3,1,4,45,0.0,0.0,0.0,0.0,1.0,0.0,0.0
3,1,4,46,0.0,0.0,0.0,0.0,1.0,0.0,0.0
3,1,4,47,0.0,0.0,0.0,0.0,1.0,0.0,0.0
3,1,4,48,0.0,0.0,0.0,0.0,1.0,0.0,0.0
3,1,4,49,0.0,0.0,0.0,0.0,1.0,0.0,0.0
3,1,4,50,0.0,0.0,0.0,0.0,1.0,0.0,0.0
3,1,4,51,0.0,0.0,0.0,0.0,1.0,0.0,0.0
3,1,4,52,0.0,0.0,0.0,0.0,1.0,0.0,0.0
3,1,4,53,0.0,0.0,0.0,0.0,1.0,0.0,0.0
3,1,4,54,0.0,0.0,0.0,0.0,1.0,0.0,0.0
3,1,4,55,0.0,0.0,0.0,0.0,1.0,0.0,0.0
3,1,4,56,0.0,0.0,0.0,0.0,1.0,0.0,0.0
3,1,4,57,0.0,0.0,0.0,0.0,1.0,0.0,0.0
3,1,4,58,0.0,0.0,0.0,0.0,1.0,0.0,0.0
3,1,4,59,0.0,0.0,0.0,0.0,1.0,0.0,0.0
3,2,0,0,20.0,1.0,14.529411764705882,17.41176470588235,0.33167242580318057,18277.585865916535,47208.3222828863
3,2,0,1,19.0,1.0,15.568627450980392,16.07843137254902,0.36356579934196237,16664.91650758127,40714.7129397846
3,2,0,2,20.0,1.0,17.65686274509804,17.294117647058822,0.3018720046400159,19180.444432236094,47024.69996001677
3,2,0,3,19.0,1.0,13.196078431372548,15.372549019607844,0.43519097034865845,12990.638139161134,32300.154744744756
3,2,0,4,17.0,1.0,11.058823529411764,13.019607843137255,0.5067870944175358,10880.271046998081,28020.94634296141
3,2,0,5,20.0,1.0,14.03921568627451,16.392156862745097,0.37775439206854156,16093.13468588368,41364.61152237165
3,2,0,6,21.0,1.0,18.441176470588236,18.54901960784314,0.2447388738310076,22293.37126747428,54961.44187413124
3,2,0,7,16.0,1.0,11.656862745098039,13.588235294117647,0.4921691861551323,10957.966339806719,27499.932259155277
3,2,0,8,19.0,1.0,12.049019607843137,14.764705882352942,0.44588554909993044,13398.861703417864,34272.43320726386
3,2,0,9,20.0,1.0,17.931372549019606,17.823529411764707,0.2800252089387782,20352.16095292119,50053.47319498408
3,2,0,10,20.0,1.0,16.45098039215686,16.862745098039216,0.3378326199764515,17512.356780278256,42861.644081787446
3,2,0,11,19.0,1.0,15.176470588235293,15.431372549019608,0.384246322972802,15850.310317445588,38802.82482635487
3,2,0,12,19.0,1.0,13.411764705882353,16.019607843137255,0.39207113822062584,15599.52821258673,39485.95984289258
3,2,0,13,19.0,1.0,12.892156862745098,14.686274509803921,0.44777961089798474,12888.980007585902,32841.05302985215
3,2,0,14,20.0,1.0,17.529411764705884,17.333333333333332,0.28846038392222884,20160.439930726603,49607.99862620164
3,2,0,15,20.0,1.0,16.34313725490196,17.470588235294116,0.3150125697535173,18032.900116838064,45043.36131547161
3,2,0,16,20.0,1.0,16.313725490196077,17.45098039215686,0.29998027109675035,18913.52677385133,47626.12335435208
3,2,0,17,21.0,1.0,16.441176470588236,17.58823529411765,0.3007687271534028,19237.714111481033,49027.82729312609
3,2,0,18,19.0,1.0,15.745098039215685,16.313725490196077,0.35605851569952923,16846.412015325477,41050.29722353417
3,2,0,19,19.0,1.0,15.284313725490197,15.509803921568627,0.3798490354950455,16020.961992261065,39569.81878395034
3,2,0,20,20.0,1.0,17.784313725490197,17.529411764705884,0.2958258317962063,19810.106652655115,48449.80911366971
3,2,0,21,18.0,1.0,14.450980392156863,14.549019607843137,0.42045923362619303,13818.952895255276,33877.1497349741
3,2,0,22,18.0,1.0,12.568627450980392,15.03921568627451,0.4328689365384599,13654.248653941697,34692.95556771397
3,2,0,23,19.0,1.0,16.186274509803923,15.666666666666666,0.3657087275679091,15978.569213515508,39266.823464296715
3,2,0,24,17.0,1.0,15.07843137254902,14.941176470588236,0.39745357075869575,14680.520448020108,36114.4840790266
3,2,0,25,19.0,1.0,15.186274509803921,15.843137254901961,0.3671296471935399,15782.440460172396,39611.37086444344
3,2,0,26,20.0,1.0,17.41176470588235,17.54901960784314,0.29229058592876617,19721.585259609812,48726.65261226724
3,2,0,27,18.0,1.0,13.843137254901961,14.941176470588236,0.4153670275285066,13563.55608051672,34331.75787389906
3,2,0,28,21.0,1.0,18.294117647058822,18.0,0.26370955820757086,21261.420678701357,52851.06661880452
3,2,0,29,13.0,1.0,6.833333333333333,7.980392156862745,0.7234276526899155,4816.391541303821,12248.124521222082
3,2,0,30,20.0,1.0,17.529411764705884,17.49019607843137,0.2841769583796941,20099.557483259166,49577.461028319165
3,2,0,31,18.0,1.0,14.362745098039216,14.333333333333334,0.43393443747965615,13747.591513740046,33397.07326194778
3,2,0,32,19.0,1.0,15.450980392156863,15.627450980392156,0.37097238133970883,16695.31987666458,40938.285053301304
3,2,0,33,16.0,1.0,10.480392156862745,11.607843137254902,0.5773013945417358,8307.542920680457,20301.889054504954
3,2,0,34,19.0,1.0,16.941176470588236,16.54901960784314,0.3273907282704852,18263.793219447147,44582.98643353231
3,2,0,35,20.0,1.0,17.38235294117647,17.49019607843137,0.29509059095947865,19694.899666151545,48845.13327836617
3,2,0,36,19.0,1.0,15.617647058823529,16.823529411764707,0.3404593201639359,17091.15445877646,42873.48105213419
3,2,0,37,16.0,1.0,10.598039215686274,12.784313725490197,0.5129501482262343,9948.53298773048,26162.36834703155
3,2,0,38,20.0,1.0,16.735294117647058,16.941176470588236,0.31630751469660695,18668.78341840642,45977.89464967056
3,2,0,39,17.0,1.0,14.303921568627452,13.941176470588236,0.4331039232768863,13643.443389315398,33004.792517713686
3,2,0,40,16.0,1.0,11.068627450980392,12.627450980392156,0.5143403947681804,10349.41048839231,26330.785133567508
3,2,0,41,18.0,1.0,13.450980392156863,14.96078431372549,0.43283918483652856,12958.716550472785,32126.180977232092
3,2,0,42,20.0,1.0,12.686274509803921,16.03921568627451,0.4053099897344677,15576.36227087785,40136.34124082742
3,2,0,43,21.0,1.0,17.80392156862745,17.745098039215687,0.2770861528929371,20911.159184016775,51444.14933283937
3,2,0,44,19.0,1.0,17.362745098039216,16.84313725490196,0.3057510791241824,19037.887198655942,46747.665248337515
3,2,0,45,16.0,1.0,13.745098039215685,14.372549019607844,0.4378972769566416,12377.639174595875,30857.996439290997
3,2,0,46,18.0,1.0,14.637254901960784,14.784313725490197,0.4066310741407726,13903.864766098413,34276.27527604701
3,2,0,47,20.0,1.0,15.127450980392156,17.0,0.351226359737754,17116.338883261556,42586.55141931985
3,2,0,48,19.0,1.0,13.147058823529411,15.490196078431373,0.40462920506558026,14710.873321375995,38244.803028600196
3,2,0,49,20.0,1.0,11.676470588235293,14.764705882352942,0.4488370634265237,14025.298669378202,36186.813632760604
3,2,0,50,20.0,1.0,16.49019607843137,16.49019607843137,0.328405766947173,18241.17815159477,44849.126757446895
3,2,0,51,20.0,1.0,12.343137254901961,14.843137254901961,0.4481974296984165,13737.72077802253,34792.937712015024
3,2,0,52,19.0,1.0,15.392156862745098,16.901960784313726,0.3331261982079273,17219.426163998236,43603.6618330818
3,2,0,53,19.0,1.0,11.803921568627452,14.372549019607844,0.4653035162937236,13365.391895488001,33633.70939994998
3,2,0,54,21.0,1.0,18.19607843137255,18.431372549019606,0.2475972234505932,22365.382354339752,55339.85810576324
3,2,0,55,17.0,1.0,11.862745098039216,13.72549019607843,0.4987245085080156,10768.164316891696,26899.106819455774
3,2,0,56,17.0,1.0,13.088235294117647,14.294117647058824,0.4384034941978375,12355.762589280028,31134.700560901896
3,2,0,57,14.0,1.0,9.794117647058824,10.450980392156863,0.5997819894773934,7358.593359554772,18215.59865358055
3,2,0,58,19.0,1.0,15.519607843137255,15.549019607843137,0.3802304240222771,15961.284670760875,38730.145832651295
3,2,0,59,18.0,1.0,11.862745098039216,14.156862745098039,0.4656541738125219,12600.474722477877,32206.260022783965
3,2,1,0,16.0,1.0,10.401960784313726,11.764705882352942,0.523908331452119,9376.048960839244,24823.846971746483
3,2,1,1,14.0,1.0,10.735294117647058,9.450980392156863,0.5996589965958926,8048.023110870759,19134.738808112445
3,2,1,2,16.0,1.0,13.607843137254902,11.705882352941176,0.50240042137284,11040.365295648955,26273.101294571014
3,2,1,3,8.0,1.0,5.5,5.313725490196078,0.7974874100048669,2853.5153810654438,6918.221322885602
3,2,1,4,4.0,1.0,2.735294117647059,1.7254901960784315,0.89778468512413,1105.0662763843354,3010.8693334730524
3,2,1,5,13.0,1.0,7.2745098039215685,8.313725490196079,0.6700310128607403,5659.587902674451,14755.168283727846
3,2,1,6,18.0,1.0,14.911764705882353,13.627450980392156,0.4183965323075647,13561.286117527847,33240.279964003756
3,2,1,7,12.0,1.0,7.862745098039215,7.921568627450981,0.6813165685377496,4927.975509465097,12399.487857981754
3,2,1,8,11.0,1.0,5.294117647058823,6.411764705882353,0.7471494476837991,3886.5213217148184,10091.72781911174
3,2,1,9,17.0,1.0,14.5,13.058823529411764,0.44307616761241525,12529.143324318558,30834.758580173882
3,2,1,10,14.0,1.0,11.254901960784315,10.03921568627451,0.5863899620110066,7908.92896824356,18959.724399928517
3,2,1,11,15.0,1.0,11.392156862745098,10.372549019607844,0.5616713733286067,8972.028298535637,21838.732400813806
3,2,1,12,12.0,1.0,5.931372549019608,7.019607843137255,0.7226033722497998,4427.175495509146,11568.355920155856
3,2,1,13,13.0,1.0,8.382352941176471,8.647058823529411,0.6599658612040779,5723.439242554839,14490.482158177663
3,2,1,14,17.0,1.0,14.509803921568627,13.0,0.43767458761792205,12860.220242892827,31572.23015266111
3,2,1,15,14.0,1.0,11.186274509803921,10.607843137254902,0.5573364362270113,7838.979733690524,19808.959784312552
3,2,1,16,15.0,1.0,9.794117647058824,10.490196078431373,0.5709366400057061,7679.393945363738,20040.107663673483
3,2,1,17,17.0,1.0,11.92156862745098,12.254901960784315,0.49274868605365413,10901.321637888983,28211.171687307728
3,2,1,18,14.0,1.0,11.029411764705882,9.980392156862745,0.5848513276504077,8251.436334572187,19472.011367873696
3,2,1,19,15.0,1.0,11.186274509803921,10.098039215686274,0.5755599241346732,8393.696893811924,20442.371841176322
3,2,1,20,17.0,1.0,14.470588235294118,12.901960784313726,0.4648367953453086,12058.210318700436,29011.923148333695
3,2,1,21,14.0,1.0,10.009803921568627,8.254901960784315,0.6408079791531065,6545.806870871032,15619.807211866339
3,2,1,22,15.0,1.0,8.911764705882353,10.03921568627451,0.6091906370233681,6953.900686877787,17788.93978213118
3,2,1,23,15.0,1.0,12.127450980392156,10.196078431372548,0.5573549604241799,9051.179992581849,21666.00051874214
3,2,1,24,13.0,1.0,10.431372549019608,9.0,0.6169961029765326,7029.470941797988,16934.882423695697
3,2,1,25,14.0,1.0,9.411764705882353,9.627450980392156,0.6000434274620164,7007.6654739969445,18078.44552688863
3,2,1,26,17.0,1.0,14.137254901960784,13.215686274509803,0.4497658815877638,12235.537245724827,30309.721408232675
3,2,1,27,10.0,1.0,6.0588235294117645,5.8431372549019605,0.7504224490415643,3165.798055047542,8291.003873388283
3,2,1,28,19.0,1.0,15.862745098039216,14.235294117647058,0.3891999942394762,14945.062589641526,36865.769695219235
3,2,1,29,0.0,0.0,0.5098039215686274,0.0,0.9844426252941912,161.94162216301876,417.4413924703277
3,2,1,30,17.0,1.0,14.27450980392157,12.72549019607843,0.44693481974473914,12403.927676778327,30467.216604214795
3,2,1,31,14.0,1.0,9.901960784313726,8.411764705882353,0.6492008031883828,6473.316255984864,15277.71576941462
3,2,1,32,15.0,1.0,11.666666666666666,10.843137254901961,0.5470447017708034,9533.275297965476,23136.146918485767
3,2,1,33,0.0,0.0,0.803921568627451,0.5490196078431373,0.974468800187548,298.0831166170346,782.7350724205311
3,2,1,34,16.0,1.0,13.42156862745098,11.490196078431373,0.5039208668048267,10817.189328255748,25765.26978080847
3,2,1,35,17.0,1.0,14.098039215686274,12.980392156862745,0.45635337165965345,12162.688492587362,30058.348424611097
3,2,1,36,15.0,1.0,11.931372549019608,12.07843137254902,0.5061526589404047,9910.508694920414,25137.78966099085
3,2,1,37,6.0,1.0,2.7745098039215685,2.9215686274509802,0.8599890343305533,1550.1551868776564,4411.568290747983
3,2,1,38,16.0,1.0,12.480392156862745,11.450980392156863,0.5172741974575111,10506.945285057249,25485.982398657707
3,2,1,39,13.0,1.0,10.235294117647058,8.254901960784315,0.6330298350724485,6874.163529096267,16292.500264648279
3,2,1,40,6.0,1.0,3.3137254901960786,3.4901960784313726,0.8403347098828057,1795.227562037076,5014.149957783981
3,2,1,41,5.0,1.0,3.5294117647058822,2.2549019607843137,0.8952677076293357,1305.2883200806612,3031.344300544693
3,2,1,42,14.0,1.0,6.931372549019608,8.882352941176471,0.6583729480809165,6290.816179253311,16513.22685663964
3,2,1,43,18.0,1.0,14.794117647058824,13.313725490196079,0.42880164810116844,13327.76729507117,32673.24718156369
3,2,1,44,17.0,1.0,14.46078431372549,12.411764705882353,0.45685576447468496,12162.413917369931,29373.750687591913
3,2,1,45,12.0,1.0,9.127450980392156,8.549019607843137,0.6485328107943636,5370.606135782948,13550.108476056284
3,2,1,46,12.0,1.0,9.019607843137255,7.588235294117647,0.6678006599626728,5113.487936557852,12559.113027444906
3,2,1,47,12.0,1.0,7.205882352941177,7.823529411764706,0.6943355162133814,4753.037478429214,12072.990606727893
3,2,1,48,13.0,1.0,8.77450980392157,9.235294117647058,0.6179378482375845,6478.513078677803,17097.40975439106
3,2,1,49,13.0,1.0,6.813725490196078,8.470588235294118,0.6694911450287316,5966.136848754026,15672.125118021342
3,2,1,50,15.0,1.0,12.049019607843137,11.137254901960784,0.5300477699077785,9933.481909223323,24059.91757575029
3,2,1,51,10.0,1.0,5.049019607843137,5.784313725490196,0.7695140731235993,3192.474241626194,8438.503688983179
3,2,1,52,15.0,1.0,10.27450980392157,11.294117647058824,0.5387078345327414,8671.08794574758,22641.602136145902
3,2,1,53,13.0,1.0,6.735294117647059,7.588235294117647,0.7017965158667572,5096.671197933541,12933.552870993413
3,2,1,54,19.0,1.0,15.27450980392157,13.941176470588236,0.3962692290877558,14587.532444419212,35941.357970573925
3,2,1,55,0.0,0.0,0.7156862745098039,0.3137254901960784,0.9801762250803293,237.11457007148994,541.3546275150366
3,2,1,56,5.0,1.0,2.803921568627451,1.6274509803921569,0.8881872928507608,1144.2960515198538,3092.142330981761
3,2,1,57,0.0,0.0,1.3431372549019607,0.11764705882352941,0.9697848149546694,359.0591626171406,806.4745922260853
3,2,1,58,14.0,1.0,10.637254901960784,9.117647058823529,0.6133345158285712,7545.161614083594,17896.053903895816
3,2,1,59,13.0,1.0,6.5588235294117645,7.901960784313726,0.6860062620903234,5384.066403330945,14280.111944911638
3,2,2,0,2.0,0.0,1.8431372549019607,1.2352941176470589,0.9086220327675529,1014.3223358925254,3042.161001886589
3,2,2,1,10.0,1.0,6.892156862745098,4.333333333333333,0.7760926325931158,3712.6535632202654,8531.96517265116
3,2,2,2,13.0,1.0,10.176470588235293,7.176470588235294,0.658843396179633,6382.700021504667,14881.437646294731
3,2,2,3,0.0,0.0,1.6764705882352942,0.7843137254901961,0.950737001238153,595.9866846117053,1344.993270601016
3,2,2,4,0.0,0.0,1.392156862745098,0.19607843137254902,0.9664958216268823,348.1744462540615,912.0669124657762
3,2,2,5,0.0,0.0,0.8333333333333334,0.0,0.9842933466270618,166.6315754902044,420.9848249726573
3,2,2,6,13.0,1.0,9.980392156862745,7.411764705882353,0.6481101550632885,6110.58768082667,14457.72591060734
3,2,2,7,4.0,1.0,3.196078431372549,1.9411764705882353,0.8954693281308189,1367.1458136481078,3388.975242733147
3,2,2,8,0.0,0.0,0.3431372549019608,0.0,0.9928617908634569,76.18808199428476,191.82836622409656
3,2,2,9,10.0,1.0,8.382352941176471,5.509803921568627,0.7289321094180262,4270.260241233416,10035.115290877071
3,2,2,10,9.0,1.0,6.980392156862745,4.490196078431373,0.7810763625293716,3373.9802446306376,7880.639606995238
3,2,2,11,9.0,1.0,6.607843137254902,4.176470588235294,0.7865703310571615,3319.0667238264327,7764.058125537057
3,2,2,12,0.0,0.0,0.3431372549019608,0.0,0.9928617908634569,76.18808199428476,191.82836622409656
3,2,2,13,8.0,1.0,4.666666666666667,3.9607843137254903,0.8297183199693907,2344.096321175829,5971.607697968618
3,2,2,14,13.0,1.0,9.431372549019608,6.705882352941177,0.6721393921207596,5522.108777094364,13136.983988153555
3,2,2,15,1.0,0.0,2.196078431372549,0.4117647058823529,0.9513378449288523,644.4903197332624,1394.3497080029688
3,2,2,16,0.0,0.0,1.2254901960784315,0.37254901960784315,0.9630717481464653,350.4739324722351,999.348837041601
3,2,2,17,12.0,1.0,8.313725490196079,7.1568627450980395,0.6749782356401718,5175.575448933293,13451.078942488435
3,2,2,18,9.0,1.0,6.647058823529412,4.235294117647059,0.790138207403423,3430.1421420124757,7815.2613362743705
3,2,2,19,10.0,1.0,7.333333333333333,4.862745098039215,0.7568438013378165,3749.496003315515,9048.545926352932
3,2,2,20,14.0,1.0,10.764705882352942,7.96078431372549,0.6390253744362688,6398.090935066301,15096.670628237887
3,2,2,21,9.0,1.0,6.352941176470588,3.7254901960784315,0.8025497938615147,3148.22828974267,7318.406827205173
3,2,2,22,0.0,0.0,0.0,0.0,0.9998474093368147,0.761810575504801,1.454884583683963
3,2,2,23,12.0,1.0,9.107843137254902,5.901960784313726,0.701804924725245,5354.409865623626,12486.936271682087
3,2,2,24,9.0,1.0,6.245098039215686,3.9411764705882355,0.8046279569412799,3008.3830371445697,7046.406191546765
3,2,2,25,6.0,1.0,3.9019607843137254,2.764705882352941,0.8596176611292073,1702.4575373424796,4359.128025878425
3,2,2,26,10.0,1.0,7.5,4.901960784313726,0.7578181877212639,3741.3780581638807,8750.830781927543
3,2,2,27,2.0,0.0,1.7156862745098038,0.7450980392156863,0.9362319109516669,612.1381896509026,1816.0847072957072
3,2,2,28,16.0,1.0,12.46078431372549,9.529411764705882,0.5516704877641112,8694.346929928259,21185.205185282495
3,2,2,29,0.0,0.0,0.3333333333333333,0.0,0.9924731817369142,77.79193098790414,198.0844117177271
3,2,2,30,12.0,1.0,8.872549019607844,5.96078431372549,0.6962723917714627,4974.231980918815,11836.848089585306
3,2,2,31,9.0,1.0,6.519607843137255,3.8627450980392157,0.8046399516151072,3149.306611227078,7211.413437416064
3,2,2,32,10.0,1.0,6.568627450980392,3.9607843137254903,0.788220566293862,3320.8481726733153,7755.758405799147
3,2,2,33,0.0,0.0,0.16666666666666666,0.0,0.9974574843580347,30.670731370818615,68.01403144964635
3,2,2,34,13.0,1.0,9.764705882352942,6.431372549019608,0.6799872501185559,5598.903517668401,12857.835882615273
3,2,2,35,14.0,1.0,11.137254901960784,8.568627450980392,0.6047987854916049,6900.841658467027,17073.105526124808
3,2,2,36,9.0,1.0,5.9411764705882355,4.509803921568627,0.7828069798853496,3007.7587427605586,7628.0107285157155
3,2,2,37,0.0,0.0,1.0196078431372548,0.43137254901960786,0.9550976501306633,413.35323808026567,1350.6184337945217
3,2,2,38,12.0,1.0,8.264705882352942,5.647058823529412,0.7122348924841292,4791.473783552652,11432.594982066477
3,2,2,39,9.0,1.0,6.333333333333333,3.2941176470588234,0.8082757944424662,3153.474738167536,7190.2003532568415
3,2,2,40,0.0,0.0,0.8333333333333334,0.7843137254901961,0.9511669040186127,450.5796925092996,1449.4265545236553
3,2,2,41,0.0,0.0,0.6666666666666666,0.0,0.9873486472578312,136.88025478679492,337.32746017229505
3,2,2,42,3.0,0.0,1.3137254901960784,1.3529411764705883,0.9189083538978536,800.3501057662656,2433.008158948632
3,2,2,43,13.0,1.0,9.598039215686274,7.078431372549019,0.6644759503824518,5824.328038936878,13739.7190058595
3,2,2,44,13.0,1.0,9.77450980392157,6.313725490196078,0.6817332617396813,5430.430121472034,12646.80090478621
3,2,2,45,6.0,1.0,4.019607843137255,2.9607843137254903,0.8614152468757291,1683.4766607231015,4350.060983993519
3,2,2,46,5.0,1.0,3.215686274509804,2.196078431372549,0.8906911697829197,1446.9268068112715,3610.8856300683665
3,2,2,47,2.0,0.0,1.8333333333333333,0.8627450980392157,0.9267038533467336,745.9737444230209,2118.8040919795453
3,2,2,48,9.0,1.0,5.549019607843137,4.823529411764706,0.7640039287680306,3047.6760675214637,8391.913157580293
3,2,2,49,2.0,0.0,1.3235294117647058,1.3333333333333333,0.9198172598798574,792.2555346277597,2415.986075549331
3,2,2,50,10.0,1.0,6.715686274509804,4.313725490196078,0.7805277905105089,3428.605113613573,7970.045941732744
3,2,2,51,0.0,0.0,1.3235294117647058,0.6666666666666666,0.9387133793025767,625.5333293797469,1811.6718523025174
3,2,2,52,0.0,0.0,0.3431372549019608,0.11764705882352941,0.9902279234257549,62.799926007648764,232.39829803592716
3,2,2,53,6.0,1.0,3.4215686274509802,1.9019607843137254,0.8691703056541938,1649.9714723735233,4366.876437761803
3,2,2,54,13.0,1.0,9.803921568627452,7.313725490196078,0.6471099312176956,6062.552475593226,14544.603125981881
3,2,2,55,0.0,0.0,0.3431372549019608,0.0,0.9930298195468619,75.51679214269767,190.22320324958812
3,2,2,56,0.0,0.0,1.0,0.0196078431372549,0.9740995242736729,219.74726336218785,651.3560544587954
3,2,2,57,0.0,0.0,0.0,0.0,0.9999933371575197,0.022236188416284716,0.06174346464994426
3,2,2,58,10.0,1.0,7.196078431372549,4.666666666666667,0.769813440332438,3839.292268639164,8826.928854761856
3,2,2,59,2.0,0.0,1.3823529411764706,0.9607843137254902,0.9346517219289452,609.3600778593893,1820.1585916385632
3,2,3,0,0.0,0.0,0.0,0.0,1.0,0.0,0.0
3,2,3,1,0.0,0.0,1.696078431372549,0.21568627450980393,0.9650600755493194,552.1473372689528,1098.8577703955573
3,2,3,2,5.0,1.0,4.794117647058823,1.0784313725490196,0.8895198536448907,2038.4612919863225,4270.897275786204
3,2,3,3,0.0,0.0,0.0,0.0,0.9996848880426062,1.0885706849773382,3.0378551439338435
3,2,3,4,0.0,0.0,0.0,0.0,1.0,0.0,0.0
3,2,3,5,0.0,0.0,0.0,0.0,0.9998440729883193,0.350141128446175,1.5042364637263577
3,2,3,6,0.0,0.0,1.6568627450980393,0.19607843137254902,0.9644107438673205,540.060207781138,1086.9404812627245
3,2,3,7,0.0,0.0,0.6568627450980392,0.0,0.9890958178647611,78.43874278459356,298.01381625853344
3,2,3,8,0.0,0.0,0.0,0.0,0.9998440729883193,0.350141128446175,1.5042364637263577
3,2,3,9,0.0,0.0,2.303921568627451,0.5098039215686274,0.9532756837878082,734.9989696701647,1564.2967827510486
3,2,3,10,0.0,0.0,2.0686274509803924,0.47058823529411764,0.9575174025903564,656.9416679525423,1408.201479218466
3,2,3,11,0.0,0.0,2.284313725490196,0.47058823529411764,0.9525829922996792,714.2981367205518,1556.0041613584312
3,2,3,12,0.0,0.0,0.0,0.0,0.9998440729883193,0.350141128446175,1.5042364637263577
3,2,3,13,0.0,0.0,0.5686274509803921,0.0,0.9884710844817665,82.85398373358939,302.16138555232084
3,2,3,14,0.0,0.0,1.5784313725490196,0.19607843137254902,0.9673480757256802,515.6692998711476,1013.113868246141
3,2,3,15,0.0,0.0,0.0,0.0,0.999999914014102,0.00029937512547655016,0.0007954918776218733
3,2,3,16,0.0,0.0,0.0,0.0,1.0,0.0,0.0
3,2,3,17,0.0,0.0,0.6372549019607843,0.0196078431372549,0.9852430426441475,112.25961900400738,388.4709994647865
3,2,3,18,0.0,0.0,1.5784313725490196,0.19607843137254902,0.9670349808732159,527.0373116032032,1019.5004407939161
3,2,3,19,0.0,0.0,2.2254901960784315,0.47058823529411764,0.9536661442664766,701.5043457498593,1517.7743839702814
3,2,3,20,1.0,0.0,3.2450980392156863,0.7058823529411765,0.9338564545169423,947.797662610117,2120.0721626949376
3,2,3,21,0.0,0.0,1.7156862745098038,0.19607843137254902,0.9648916725904065,538.8280177346567,1082.3186407639007
3,2,3,22,0.0,0.0,0.0,0.0,1.0,0.0,0.0
3,2,3,23,3.0,0.0,4.098039215686274,0.7843137254901961,0.9080882142764741,1747.6141957214563,3591.0465373388515
3,2,3,24,0.0,0.0,2.0784313725490198,0.47058823529411764,0.9574075615018575,672.4665501022928,1438.914552946103
3,2,3,25,0.0,0.0,0.5686274509803921,0.0,0.9891169167995647,82.40257988704917,290.3901610520272
3,2,3,26,0.0,0.0,2.156862745098039,0.47058823529411764,0.9559028060035186,675.440722730573,1462.390917849319
3,2,3,27,0.0,0.0,0.0,0.0,0.9998170219135916,0.8296983744109742,1.7556547252878802
3,2,3,28,3.0,0.0,3.323529411764706,0.45098039215686275,0.9240348643556183,1017.7530654480723,2296.1314884193953
3,2,3,29,0.0,0.0,0.0,0.0,1.0,0.0,0.0
3,2,3,30,0.0,0.0,1.9019607843137254,0.21568627450980393,0.9620558577762578,575.2131343795645,1179.2206593195738
3,2,3,31,0.0,0.0,2.392156862745098,0.47058823529411764,0.9517508303414856,740.9417774823422,1578.4325192415545
3,2,3,32,0.0,0.0,2.215686274509804,0.47058823529411764,0.9536392879194118,699.5390136545542,1523.7298646796326
3,2,3,33,0.0,0.0,0.0,0.0,1.0,0.0,0.0
3,2,3,34,0.0,0.0,2.6470588235294117,0.35294117647058826,0.9469351331776891,751.1694841020973,1600.7769921953386
3,2,3,35,0.0,0.0,2.411764705882353,0.47058823529411764,0.9509910594195405,762.4577631175781,1627.4164065827324
3,2,3,36,0.0,0.0,0.6568627450980392,0.0,0.9890957318788632,78.43904215971904,298.0146117504111
3,2,3,37,0.0,0.0,0.0,0.0,1.0,0.0,0.0
3,2,3,38,0.0,0.0,1.7254901960784315,0.19607843137254902,0.9625916247998139,561.3230102174558,1112.4179329236554
3,2,3,39,0.0,0.0,1.7745098039215685,0.19607843137254902,0.9641993729984879,545.0727138132521,1101.033670713656
3,2,3,40,0.0,0.0,0.0,0.0,0.9999762068593047,0.09126881787981131,0.22203604508039193
3,2,3,41,0.0,0.0,0.0,0.0,0.9998439870024224,0.3504405035716516,1.5050319556039786
3,2,3,42,0.0,0.0,0.0,0.0,1.0,0.0,0.0
3,2,3,43,0.0,0.0,2.1176470588235294,0.19607843137254902,0.9560882353807344,699.2894313598498,1383.1354594367508
3,2,3,44,0.0,0.0,2.264705882352941,0.29411764705882354,0.9538683332516156,653.1388043861762,1399.6805709524451
3,2,3,45,0.0,0.0,0.6568627450980392,0.0,0.9878258134961219,93.42477070426793,323.9386126741916
3,2,3,46,0.0,0.0,0.5686274509803921,0.0,0.989918470553886,71.21742256477317,271.45299751556985
3,2,3,47,0.0,0.0,0.0,0.0,0.9998439870024224,0.3504405035716516,1.5050319556039786
3,2,3,48,0.0,0.0,0.0,0.0,1.0,0.0,0.0
3,2,3,49,0.0,0.0,0.0,0.0,1.0,0.0,0.0
3,2,3,50,0.0,0.0,2.196078431372549,0.47058823529411764,0.9540341431655691,691.383145285138,1509.775964961445
3,2,3,51,0.0,0.0,0.0,0.0,0.9998440729883193,0.350141128446175,1.5042364637263577
3,2,3,52,0.0,0.0,0.0,0.0,1.0,0.0,0.0
3,2,3,53,0.0,0.0,0.0,0.0,1.0,0.0,0.0
3,2,3,54,0.0,0.0,2.0098039215686274,0.21568627450980393,0.9586568255040698,643.3775511775794,1276.8219190063735
3,2,3,55,0.0,0.0,0.0,0.0,0.9998440729883193,0.350141128446175,1.5042364637263577
3,2,3,56,0.0,0.0,0.0,0.0,1.0,0.0,0.0
3,2,3,57,0.0,0.0,0.0,0.0,1.0,0.0,0.0
3,2,3,58,0.0,0.0,1.5490196078431373,0.19607843137254902,0.9676036699290421,514.745354565543,1000.2039364137377
3,2,3,59,0.0,0.0,0.0,0.0,1.0,0.0,0.0
3,2,4,0,0.0,0.0,0.0,0.0,1.0,0.0,0.0
3,2,4,1,0.0,0.0,0.0,0.0,1.0,0.0,0.0
3,2,4,2,0.0,0.0,0.0,0.0,1.0,0.0,0.0
3,2,4,3,0.0,0.0,0.0,0.0,1.0,0.0,0.0
3,2,4,4,0.0,0.0,0.0,0.0,1.0,0.0,0.0
3,2,4,5,0.0,0.0,0.0,0.0,1.0,0.0,0.0
3,2,4,6,0.0,0.0,0.0,0.0,1.0,0.0,0.0
3,2,4,7,0.0,0.0,0.0,0.0,1.0,0.0,0.0
3,2,4,8,0.0,0.0,0.0,0.0,1.0,0.0,0.0
3,2,4,9,0.0,0.0,0.0,0.0,1.0,0.0,0.0
3,2,4,10,0.0,0.0,0.0,0.0,1.0,0.0,0.0
3,2,4,11,0.0,0.0,0.0,0.0,1.0,0.0,0.0
3,2,4,12,0.0,0.0,0.0,0.0,1.0,0.0,0.0
3,2,4,13,0.0,0.0,0.0,0.0,1.0,0.0,0.0
3,2,4,14,0.0,0.0,0.0,0.0,1.0,0.0,0.0
3,2,4,15,0.0,0.0,0.0,0.0,1.0,0.0,0.0
3,2,4,16,0.0,0.0,0.0,0.0,1.0,0.0,0.0
3,2,4,17,0.0,0.0,0.0,0.0,1.0,0.0,0.0
3,2,4,18,0.0,0.0,0.0,0.0,1.0,0.0,0.0
3,2,4,19,0.0,0.0,0.0,0.0,1.0,0.0,0.0
3,2,4,20,0.0,0.0,0.0,0.0,1.0,0.0,0.0
3,2,4,21,0.0,0.0,0.0,0.0,1.0,0.0,0.0
3,2,4,22,0.0,0.0,0.0,0.0,1.0,0.0,0.0
3,2,4,23,0.0,0.0,0.0,0.0,1.0,0.0,0.0
3,2,4,24,0.0,0.0,0.0,0.0,1.0,0.0,0.0
3,2,4,25,0.0,0.0,0.0,0.0,1.0,0.0,0.0
3,2,4,26,0.0,0.0,0.0,0.0,1.0,0.0,0.0
3,2,4,27,0.0,0.0,0.0,0.0,1.0,0.0,0.0
3,2,4,28,0.0,0.0,0.0,0.0,1.0,0.0,0.0
3,2,4,29,0.0,0.0,0.0,0.0,1.0,0.0,0.0
3,2,4,30,0.0,0.0,0.0,0.0,1.0,0.0,0.0
3,2,4,31,0.0,0.0,0.0,0.0,1.0,0.0,0.0
3,2,4,32,0.0,0.0,0.0,0.0,1.0,0.0,0.0
3,2,4,33,0.0,0.0,0.0,0.0,1.0,0.0,0.0
3,2,4,34,0.0,0.0,0.0,0.0,1.0,0.0,0.0
3,2,4,35,0.0,0.0,0.0,0.0,1.0,0.0,0.0
3,2,4,36,0.0,0.0,0.0,0.0,1.0,0.0,0.0
3,2,4,37,0.0,0.0,0.0,0.0,1.0,0.0,0.0
3,2,4,38,0.0,0.0,0.0,0.0,1.0,0.0,0.0
3,2,4,39,0.0,0.0,0.0,0.0,1.0,0.0,0.0
3,2,4,40,0.0,0.0,0.0,0.0,1.0,0.0,0.0
3,2,4,41,0.0,0.0,0.0,0.0,1.0,0.0,0.0
3,2,4,42,0.0,0.0,0.0,0.0,1.0,0.0,0.0
3,2,4,43,0.0,0.0,0.0,0.0,1.0,0.0,0.0
3,2,4,44,0.0,0.0,0.0,0.0,1.0,0.0,0.0
3,2,4,45,0.0,0.0,0.0,0.0,1.0,0.0,0.0
3,2,4,46,0.0,0.0,0.0,0.0,1.0,0.0,0.0
3,2,4,47,0.0,0.0,0.0,0.0,1.0,0.0,0.0
3,2,4,48,0.0,0.0,0.0,0.0,1.0,0.0,0.0
3,2,4,49,0.0,0.0,0.0,0.0,1.0,0.0,0.0
3,2,4,50,0.0,0.0,0.0,0.0,1.0,0.0,0.0
3,2,4,51,0.0,0.0,0.0,0.0,1.0,0.0,0.0
3,2,4,52,0.0,0.0,0.0,0.0,1.0,0.0,0.0
3,2,4,53,0.0,0.0,0.0,0.0,1.0,0.0,0.0
3,2,4,54,0.0,0.0,0.0,0.0,1.0,0.0,0.0
3,2,4,55,0.0,0.0,0.0,0.0,1.0,0.0,0.0
3,2,4,56,0.0,0.0,0.0,0.0,1.0,0.0,0.0
3,2,4,57,0.0,0.0,0.0,0.0,1.0,0.0,0.0
3,2,4,58,0.0,0.0,0.0,0.0,1.0,0.0,0.0
3,2,4,59,0.0,0.0,0.0,0.0,1.0,0.0,0.0
3,3,0,0,21.0,1.0,15.215686274509803,18.019607843137255,0.3026928624834056,21972.865548636433,56886.48150215806
3,3,0,1,20.0,1.0,16.813725490196077,17.294117647058822,0.3064198027199945,21372.595592541616,52388.79569647236
3,3,0,2,21.0,1.0,18.53921568627451,18.11764705882353,0.25710294093171593,23759.895721969606,58706.38458372318
3,3,0,3,20.0,1.0,15.098039215686274,16.901960784313726,0.35730919366934016,17817.78548702528,44190.567493095645
3,3,0,4,17.0,1.0,12.088235294117647,14.137254901960784,0.45983190104736765,13851.331524271904,36003.507030233384
3,3,0,5,20.0,1.0,14.696078431372548,17.15686274509804,0.3446163837455576,19316.022894908303,49927.727907196284
3,3,0,6,21.0,1.0,18.95098039215686,19.137254901960784,0.21686479711156945,26364.373291391974,65124.68987997145
3,3,0,7,18.0,1.0,13.068627450980392,15.176470588235293,0.4268363705860329,15299.60462164072,38623.021932453565
3,3,0,8,20.0,1.0,13.058823529411764,15.901960784313726,0.39679342570594867,17024.145204886838,43823.26717253478
3,3,0,9,20.0,1.0,18.49019607843137,18.49019607843137,0.24962410473963426,24299.457137012596,60070.86431401558
3,3,0,10,20.0,1.0,17.284313725490197,17.705882352941178,0.2977784189124867,21404.813029352656,52639.4895132774
3,3,0,11,20.0,1.0,16.45098039215686,16.49019607843137,0.33059210892037344,20083.650581666017,49482.91835138273
3,3,0,12,20.0,1.0,14.049019607843137,16.745098039215687,0.35798380463317897,19002.333387908915,48482.79634283863
3,3,0,13,19.0,1.0,13.990196078431373,15.745098039215685,0.395548781396549,17024.1129197333,43150.361252070856
3,3,0,14,20.0,1.0,18.205882352941178,18.019607843137255,0.2564750974750644,24053.956053690617,59351.1899470544
3,3,0,15,20.0,1.0,17.313725490196077,18.392156862745097,0.26926673911732596,22413.688433727446,56146.29360360696
3,3,0,16,20.0,1.0,17.029411764705884,18.176470588235293,0.2646601408059747,22692.424349264584,57309.57612107039
3,3,0,17,21.0,1.0,17.401960784313726,18.372549019607842,0.26267261358007715,23218.448479337174,59034.806817677374
3,3,0,18,20.0,1.0,16.833333333333332,17.333333333333332,0.3063419746144967,21208.374796458764,51948.26398974769
3,3,0,19,20.0,1.0,16.42156862745098,16.529411764705884,0.33001614976959753,20044.959205085328,49810.238565118416
3,3,0,20,21.0,1.0,18.5,18.313725490196077,0.2586876557543434,24051.413593621266,58974.265611025156
3,3,0,21,19.0,1.0,15.617647058823529,15.784313725490197,0.36474880014079525,17988.49320227901,44249.66575921132
3,3,0,22,19.0,1.0,13.509803921568627,16.15686274509804,0.3842679502750567,17702.309126331882,45081.29831510635
3,3,0,23,19.0,1.0,17.372549019607842,16.705882352941178,0.3143145981706937,20357.934363112552,50278.82669704945
3,3,0,24,18.0,1.0,16.029411764705884,16.07843137254902,0.3515485429993949,18533.036154977675,45760.30893623938
3,3,0,25,19.0,1.0,16.176470588235293,16.92156862745098,0.3195273057096999,19986.699910352516,50482.03720796379
3,3,0,26,20.0,1.0,18.04901960784314,18.215686274509803,0.261581182086114,23429.9416336761,58221.86993424405
3,3,0,27,19.0,1.0,15.46078431372549,16.50980392156863,0.3493471008859154,18327.428998700903,46184.98032816112
3,3,0,28,21.0,1.0,18.794117647058822,18.627450980392158,0.23276112174531172,25353.72926770281,63106.23637058909
3,3,0,29,14.0,1.0,8.509803921568627,9.843137254901961,0.6428389170695153,7307.185500858874,18597.04170594978
3,3,0,30,20.0,1.0,18.176470588235293,18.19607843137255,0.252842977551958,24146.815134174365,59681.569052509476
3,3,0,31,18.0,1.0,15.588235294117647,15.450980392156863,0.3800934292886966,17584.525775648584,42937.508974065175
3,3,0,32,20.0,1.0,16.5,16.686274509803923,0.3237459117083305,20617.562075478658,50852.64717114159
3,3,0,33,16.0,1.0,11.705882352941176,12.764705882352942,0.5216783817759819,11194.051312294498,27424.84437782583
3,3,0,34,20.0,1.0,17.627450980392158,17.313725490196077,0.28891599852746747,22323.727476447453,54889.17946375202
3,3,0,35,20.0,1.0,18.07843137254902,18.098039215686274,0.2628786705777095,23510.87819667456,58445.170725918164
3,3,0,36,20.0,1.0,17.019607843137255,17.862745098039216,0.28363027413807634,22017.335358119148,55132.71131084343
3,3,0,37,17.0,1.0,12.07843137254902,14.450980392156863,0.4478625421386549,14002.77464060645,36735.70583034349
3,3,0,38,20.0,1.0,17.50980392156863,17.58823529411765,0.2819929092862811,22546.66977205833,55757.45677294129
3,3,0,39,18.0,1.0,15.656862745098039,15.313725490196079,0.372072077273909,17876.410297312417,43609.2093056748
3,3,0,40,17.0,1.0,12.529411764705882,14.215686274509803,0.45155965999317416,13860.317928361304,35401.409129611355
3,3,0,41,19.0,1.0,15.107843137254902,16.19607843137255,0.3684456294309683,17519.22148643489,43329.74199300114
3,3,0,42,20.0,1.0,13.5,17.0,0.3668526444017253,18784.107105667757,48860.84595504643
3,3,0,43,21.0,1.0,18.401960784313726,18.352941176470587,0.244882656086485,24821.225182346596,61280.38354792251
3,3,0,44,20.0,1.0,18.205882352941178,17.745098039215687,0.2627516740171378,23442.70327171261,57777.227069324974
3,3,0,45,17.0,1.0,15.313725490196079,15.862745098039216,0.3708172944069177,17068.49847817522,42413.37900098384
3,3,0,46,19.0,1.0,16.0,16.235294117647058,0.3445645602704767,18653.75522006056,46256.49624008818
3,3,0,47,20.0,1.0,16.38235294117647,17.92156862745098,0.30069445243453014,21081.20762493432,52749.66731476664
3,3,0,48,20.0,1.0,14.03921568627451,16.45098039215686,0.36419069872630677,18468.37299395167,48100.81919908385
3,3,0,49,20.0,1.0,12.77450980392157,15.980392156862745,0.39969001774674523,17586.528280527946,45727.56224968558
3,3,0,50,20.0,1.0,17.441176470588236,17.41176470588235,0.28606997951699537,22439.890701163094,55432.85794789703
3,3,0,51,20.0,1.0,13.92156862745098,16.07843137254902,0.3888637090831324,17740.230810447236,44974.45226608024
3,3,0,52,20.0,1.0,16.480392156862745,18.019607843137255,0.2864217569530844,21730.397201042193,54971.561535084285
3,3,0,53,19.0,1.0,12.784313725490197,15.27450980392157,0.42101077670534487,16408.282716980993,41857.10044288456
3,3,0,54,21.0,1.0,18.745098039215687,19.0,0.22134417186469355,26114.754279314016,64810.57528388015
3,3,0,55,18.0,1.0,13.176470588235293,15.058823529411764,0.43592184843796594,14440.02916841015,36108.937856758326
3,3,0,56,18.0,1.0,14.598039215686274,15.72549019607843,0.3767363777097634,16696.31607044433,41993.42453463482
3,3,0,57,16.0,1.0,12.009803921568627,12.588235294117647,0.5034610825336384,11656.462126445333,29048.721401650022
3,3,0,58,20.0,1.0,16.598039215686274,16.627450980392158,0.3285125072804618,20157.174092180194,49287.75737815237
3,3,0,59,19.0,1.0,13.637254901960784,15.568627450980392,0.39883051318686813,16743.67273963181,42594.39880913749
3,3,1,0,17.0,1.0,11.607843137254902,13.215686274509803,0.4692018137843516,12916.597017331012,33965.3724005118
3,3,1,1,16.0,1.0,13.147058823529411,12.137254901960784,0.4864056000150245,12729.281764728672,30888.962280713447
3,3,1,2,18.0,1.0,15.372549019607844,13.901960784313726,0.407523160351791,16243.260491585634,39496.15308115682
3,3,1,3,13.0,1.0,9.303921568627452,8.843137254901961,0.6450344345267749,6341.150255835101,15642.618130717732
3,3,1,4,9.0,1.0,4.8431372549019605,4.882352941176471,0.790990463494229,2994.09884524031,7990.192155031194
3,3,1,5,15.0,1.0,8.568627450980392,10.117647058823529,0.608698668419876,8720.43567995622,22520.140318663125
3,3,1,6,19.0,1.0,16.127450980392158,15.254901960784315,0.3554083990770731,18217.01291001992,44810.297961803386
3,3,1,7,14.0,1.0,10.303921568627452,10.941176470588236,0.566886823359405,9193.838798405926,23135.828143304247
3,3,1,8,12.0,1.0,6.794117647058823,8.392156862745098,0.6768939479354737,6229.847832783496,16129.595371700078
3,3,1,9,19.0,1.0,16.0,14.96078431372549,0.370577997800706,17369.20206196834,42861.253392026185
3,3,1,10,16.0,1.0,13.480392156862745,12.72549019607843,0.4735703818429451,12827.070374808896,31339.538450990076
3,3,1,11,16.0,1.0,13.166666666666666,12.431372549019608,0.4785559650409367,13077.038335053894,31957.4541894882
3,3,1,12,13.0,1.0,7.03921568627451,8.607843137254902,0.6655784254722257,6554.450071973519,17111.013440162886
3,3,1,13,15.0,1.0,10.990196078431373,11.666666666666666,0.5396048133072863,10253.101093155137,26172.974695071847
3,3,1,14,18.0,1.0,15.764705882352942,14.666666666666666,0.37160438152069797,17465.70005015523,43031.02956193809
3,3,1,15,16.0,1.0,13.382352941176471,13.0,0.4586240507654205,12656.401728430743,31712.580200283213
3,3,1,16,16.0,1.0,11.303921568627452,12.647058823529411,0.4955167848330515,11686.378681251344,30127.781241675646
3,3,1,17,18.0,1.0,13.431372549019608,14.313725490196079,0.4186900278564905,15701.686642444163,40570.47113461057
3,3,1,18,16.0,1.0,13.607843137254902,12.647058823529411,0.4702214607397064,13215.833170871558,32033.454069508556
3,3,1,19,16.0,1.0,12.980392156862745,12.156862745098039,0.4917387144677529,12431.160996034127,30416.136838178536
3,3,1,20,19.0,1.0,16.098039215686274,14.823529411764707,0.3795596357435474,17304.559947455655,42189.81462504309
3,3,1,21,16.0,1.0,12.696078431372548,11.431372549019608,0.5118468784474064,11541.237926060323,28016.647958811467
3,3,1,22,15.0,1.0,10.313725490196079,12.058823529411764,0.5354505491917999,10374.464762849526,26589.679705136892
3,3,1,23,16.0,1.0,14.46078431372549,12.941176470588236,0.4480682168592449,14300.924609061585,34822.04715798098
3,3,1,24,15.0,1.0,12.96078431372549,11.96078431372549,0.4991066768568198,11982.994923168986,29252.74467064446
3,3,1,25,16.0,1.0,11.431372549019608,12.156862745098039,0.5046148724956666,11473.51748836742,29573.15592369659
3,3,1,26,18.0,1.0,15.352941176470589,14.764705882352942,0.3857309847191676,16644.329747116866,41320.08317453951
3,3,1,27,12.0,1.0,9.96078431372549,9.666666666666666,0.5986593403714727,7514.1731911796915,19001.468888779127
3,3,1,28,19.0,1.0,16.88235294117647,15.588235294117647,0.3338134285936662,19474.200948509504,48300.14627811779
3,3,1,29,4.0,1.0,2.6176470588235294,2.4313725490196076,0.8947192937445719,1071.8916528967095,3012.654360061671
3,3,1,30,19.0,1.0,15.656862745098039,14.588235294117647,0.37483176170797466,17251.706150396207,42600.390836782906
3,3,1,31,15.0,1.0,12.401960784313726,11.411764705882353,0.5259545072056843,11264.007544809923,27100.24445030813
3,3,1,32,17.0,1.0,13.166666666666666,12.509803921568627,0.4769908947073347,13169.79862980206,32210.66838254568
3,3,1,33,0.0,0.0,0.9411764705882353,0.6862745098039216,0.9706028733628965,391.9104231455194,1029.3591972344163
3,3,1,34,18.0,1.0,15.313725490196079,13.843137254901961,0.4073516492176494,16026.21966876365,38956.68699117267
3,3,1,35,18.0,1.0,15.558823529411764,14.607843137254902,0.3861717543222,16821.96315944071,41671.965592557535
3,3,1,36,17.0,1.0,14.352941176470589,14.470588235294118,0.40718264882084415,15272.97661799757,38570.6801178066
3,3,1,37,10.0,1.0,5.931372549019608,7.019607843137255,0.7175448074895047,4074.387573617413,11331.30252030546
3,3,1,38,17.0,1.0,14.42156862745098,13.333333333333334,0.43108125014025295,15001.16409151584,36727.84353642525
3,3,1,39,15.0,1.0,12.901960784313726,11.549019607843137,0.5045933142604934,11981.835215339861,28962.494184357904
3,3,1,40,11.0,1.0,7.186274509803922,7.568627450980392,0.689772874857025,5118.379343292256,13352.90593595207
3,3,1,41,10.0,1.0,7.264705882352941,6.470588235294118,0.7353162585175418,4218.457734428469,10041.96314025013
3,3,1,42,15.0,1.0,7.990196078431373,10.156862745098039,0.6107045497110668,8840.710095655886,23244.335089907137
3,3,1,43,19.0,1.0,15.872549019607844,14.96078431372549,0.36585164983582313,17889.092619922776,43988.55577870145
3,3,1,44,19.0,1.0,16.30392156862745,14.882352941176471,0.3617143371748839,17838.92942640706,43676.32930938099
3,3,1,45,15.0,1.0,12.558823529411764,12.27450980392157,0.4957952541718446,11109.479382613752,27930.755461012883
3,3,1,46,15.0,1.0,12.53921568627451,11.72549019607843,0.5061993248159115,10966.430638269629,27067.79550243311
3,3,1,47,14.0,1.0,9.96078431372549,10.27450980392157,0.5872288590389606,8531.989494711199,21356.893160482075
3,3,1,48,15.0,1.0,10.862745098039216,11.823529411764707,0.5200379333341404,10813.926855085163,28539.922352818303
3,3,1,49,15.0,1.0,8.186274509803921,10.333333333333334,0.6039185550183702,9088.339179081624,23766.10864334188
3,3,1,50,17.0,1.0,13.323529411764707,12.72549019607843,0.4670376654967572,13442.847085892156,32892.24926478743
3,3,1,51,12.0,1.0,8.392156862745098,8.862745098039216,0.640449994308528,6757.01035182783,17341.203210349635
3,3,1,52,16.0,1.0,12.362745098039216,13.509803921568627,0.45811308890541286,12829.494774260438,33106.815673211706
3,3,1,53,14.0,1.0,8.029411764705882,9.215686274509803,0.6438878668286871,7554.435005552949,19259.061902757807
3,3,1,54,19.0,1.0,16.215686274509803,15.411764705882353,0.34171876967914067,19010.706605834413,47146.858413418486
3,3,1,55,0.0,0.0,1.107843137254902,1.0,0.9604022676676293,499.16700373278036,1166.533852442421
3,3,1,56,11.0,1.0,7.882352941176471,7.9411764705882355,0.6677943300982059,5189.097260620399,13450.868530135924
3,3,1,57,8.0,1.0,5.666666666666667,4.450980392156863,0.7987946869012871,2732.6440202811455,6623.352336608704
3,3,1,58,16.0,1.0,13.529411764705882,12.372549019607844,0.47834834066483745,13083.740910423805,31611.515809870405
3,3,1,59,14.0,1.0,8.647058823529411,10.058823529411764,0.6050826542061138,8493.013166646564,22313.849190237983
3,3,2,0,7.0,1.0,3.627450980392157,3.843137254901961,0.8208395418505745,2606.052915428948,7317.566465787933
3,3,2,1,13.0,1.0,9.754901960784315,7.882352941176471,0.6479654262432236,7183.148239644859,16935.609102048664
3,3,2,2,15.0,1.0,13.068627450980392,10.705882352941176,0.5228929478998492,11517.007016957166,27492.090965810694
3,3,2,3,6.0,1.0,4.186274509803922,3.2941176470588234,0.8664235007315447,1956.2738124933921,4534.326876687925
3,3,2,4,3.0,0.0,2.392156862745098,0.9607843137254902,0.9202242327887378,884.92488916747,2412.312856819304
3,3,2,5,2.0,0.0,1.911764705882353,0.6078431372549019,0.9414837936477097,631.4629315192451,1590.409381647166
3,3,2,6,15.0,1.0,12.519607843137255,10.450980392156863,0.5310797073662586,10552.577729333108,25516.226059146404
3,3,2,7,10.0,1.0,6.568627450980392,6.176470588235294,0.7431594651296706,4004.4659236039415,10054.637011784023
3,3,2,8,0.0,0.0,0.5980392156862745,0.35294117647058826,0.9819266748030415,232.40232214007864,503.9707109209065
3,3,2,9,14.0,1.0,11.352941176470589,9.176470588235293,0.5923673663790745,8537.63590275475,20409.115322043905
3,3,2,10,13.0,1.0,10.549019607843137,8.92156862745098,0.6130127948114695,7872.932662104234,18776.799741881718
3,3,2,11,13.0,1.0,9.705882352941176,7.882352941176471,0.6434849014856872,7154.290780243328,17143.353923787297
3,3,2,12,0.0,0.0,0.5980392156862745,0.3333333333333333,0.982000534748329,232.07742815104683,503.2874147782044
3,3,2,13,11.0,1.0,7.911764705882353,7.490196078431373,0.6916677495059865,5367.1916429124685,13539.810552872805
3,3,2,14,14.0,1.0,11.705882352941176,9.803921568627452,0.5593761800324206,9503.384272462206,23122.463262240646
3,3,2,15,5.0,1.0,3.5686274509803924,1.4901960784313726,0.9019062900881353,1332.656805201544,2981.728240127318
3,3,2,16,5.0,1.0,2.784313725490196,1.8823529411764706,0.8953172856942375,1216.5747429643286,3153.778000392034
3,3,2,17,15.0,1.0,10.764705882352942,10.450980392156863,0.5548816603187736,9680.700939968952,25034.876628776092
3,3,2,18,13.0,1.0,9.92156862745098,8.156862745098039,0.6366141070885937,7379.470516544985,17481.719884866478
3,3,2,19,13.0,1.0,10.42156862745098,8.627450980392156,0.6164385760096102,7857.569986033918,19015.83864719433
3,3,2,20,15.0,1.0,13.166666666666666,10.92156862745098,0.5211237893210917,11145.38616203068,26724.54681945787
3,3,2,21,12.0,1.0,9.186274509803921,7.117647058823529,0.6730134984075691,6318.776239493554,15048.07547357075
3,3,2,22,0.0,0.0,0.0,0.0,0.9998474093368147,0.761810575504801,1.454884583683963
3,3,2,23,15.0,1.0,12.03921568627451,9.803921568627452,0.5630687169053329,10012.904808793188,23942.951556716565
3,3,2,24,12.0,1.0,9.529411764705882,7.705882352941177,0.6566617611781486,6681.311526379335,15944.46610886705
3,3,2,25,10.0,1.0,7.4411764705882355,6.901960784313726,0.7026003032287144,4806.986072481781,12316.370109725345
3,3,2,26,13.0,1.0,10.215686274509803,8.352941176470589,0.6260188626553583,7489.330931448407,17892.025471191097
3,3,2,27,8.0,1.0,5.431372549019608,4.333333333333333,0.7923066963410951,2593.0437358315417,6802.182134129051
3,3,2,28,17.0,1.0,14.284313725490197,11.882352941176471,0.45878393892308617,13336.753755675347,32860.39160850401
3,3,2,29,0.0,0.0,0.6372549019607843,0.11764705882352941,0.9785556744768563,197.69387445909373,549.6903192741646
3,3,2,30,14.0,1.0,11.22549019607843,9.117647058823529,0.5813939682688285,8699.499202201054,21169.7743451819
3,3,2,31,13.0,1.0,9.53921568627451,7.470588235294118,0.6633409871096684,6736.291535233108,15824.978725312958
3,3,2,32,13.0,1.0,9.696078431372548,7.901960784313726,0.640431628859005,7263.759333017583,17384.451350646817
3,3,2,33,0.0,0.0,0.16666666666666666,0.0,0.9974574843580347,30.670731370818615,68.01403144964635
3,3,2,34,15.0,1.0,12.754901960784315,10.27450980392157,0.535320483620391,10587.970734731476,25303.22438854998
3,3,2,35,16.0,1.0,13.5,11.568627450980392,0.4888146741770499,12044.971604132086,29813.27705929501
3,3,2,36,12.0,1.0,9.53921568627451,8.607843137254902,0.6316699095399223,6591.48211376534,16556.039164802896
3,3,2,37,4.0,1.0,2.2058823529411766,1.7254901960784315,0.8986680312413201,1146.1282750228224,3296.5453350227135
3,3,2,38,14.0,1.0,10.941176470588236,9.03921568627451,0.5903425951940355,8785.147706231386,21315.81820762179
3,3,2,39,12.0,1.0,9.441176470588236,7.235294117647059,0.6643240206577224,6669.506549007744,15722.142875617948
3,3,2,40,4.0,1.0,2.196078431372549,2.156862745098039,0.8916086260100918,1196.0602770572023,3519.8413095879223
3,3,2,41,2.0,0.0,2.235294117647059,1.0784313725490196,0.9412733193083048,737.6915995786818,1616.093195245108
3,3,2,42,7.0,1.0,2.7549019607843137,3.450980392156863,0.8488462848964976,1982.9543615265563,5632.8063633880665
3,3,2,43,14.0,1.0,11.803921568627452,9.882352941176471,0.5558575112674752,9697.645248488205,23525.255347466813
3,3,2,44,15.0,1.0,12.568627450980392,10.019607843137255,0.5416615146055069,10341.034836376637,24764.87576044113
3,3,2,45,10.0,1.0,8.519607843137255,7.431372549019608,0.6844958266583933,5062.56944628369,12681.558205758703
3,3,2,46,10.0,1.0,6.686274509803922,6.196078431372549,0.7363522982536755,4182.051585542939,10505.062887058975
3,3,2,47,7.0,1.0,4.294117647058823,3.803921568627451,0.8256323496561443,2184.7908361078057,5709.5900568821
3,3,2,48,13.0,1.0,8.715686274509803,8.372549019607844,0.6334253761745697,6711.470443307497,17787.2039832893
3,3,2,49,7.0,1.0,2.8137254901960786,3.4313725490196076,0.8478078619769086,1992.4003032622081,5636.569670879753
3,3,2,50,13.0,1.0,9.715686274509803,8.07843137254902,0.6361424544284285,7345.577684083844,17605.835714844998
3,3,2,51,5.0,1.0,2.5588235294117645,2.5098039215686274,0.8805400574704213,1470.2962489650668,4026.6428787186765
3,3,2,52,0.0,0.0,1.0196078431372548,0.9215686274509803,0.9574178723175929,373.2436217832731,1124.6612848410641
3,3,2,53,10.0,1.0,5.676470588235294,5.411764705882353,0.7583591439402803,3988.6597868868676,10382.161230851703
3,3,2,54,15.0,1.0,11.823529411764707,10.0,0.546988582437752,9863.554603967918,24114.65649939218
3,3,2,55,0.0,0.0,0.6568627450980392,0.3333333333333333,0.9811974004602808,243.0021598287776,531.8158434091366
3,3,2,56,5.0,1.0,2.872549019607843,1.7450980392156863,0.8868677287458783,1162.2925067473661,3189.898278368696
3,3,2,57,0.0,0.0,0.0,0.0,0.9999933371575197,0.022236188416284716,0.06174346464994426
3,3,2,58,14.0,1.0,10.764705882352942,8.647058823529411,0.6124254353786321,8311.817393807887,19574.616661231892
3,3,2,59,7.0,1.0,3.0980392156862746,3.0980392156862746,0.853044589678219,1819.2005953591422,5019.987990700528
3,3,3,0,0.0,0.0,0.0,0.0,1.0,0.0,0.0
3,3,3,1,3.0,0.0,3.019607843137255,0.6470588235294118,0.928037439208067,1224.3323054857278,2605.70373048242
3,3,3,2,10.0,1.0,7.803921568627451,4.176470588235294,0.7614887106754025,4682.6688722161525,10642.764264748097
3,3,3,3,0.0,0.0,0.0,0.0,0.9996848880426062,1.0885706849773382,3.0378551439338435
3,3,3,4,0.0,0.0,0.0,0.0,1.0,0.0,0.0
3,3,3,5,0.0,0.0,0.0,0.0,0.9998440729883193,0.350141128446175,1.5042364637263577
3,3,3,6,3.0,0.0,3.0098039215686274,0.6666666666666666,0.926226436824409,1223.4888989435228,2628.883523919846
3,3,3,7,0.0,0.0,0.7352941176470589,0.09803921568627451,0.9813625049751454,169.65648869117166,508.4836196458381
3,3,3,8,0.0,0.0,0.0,0.0,0.9998440729883193,0.350141128446175,1.5042364637263577
3,3,3,9,5.0,1.0,3.7549019607843137,1.2941176470588236,0.9026420938578311,1584.3261221220841,3489.6545109119015
3,3,3,10,4.0,1.0,3.5,1.2941176470588236,0.9096011446268487,1463.7281382311476,3256.664310999623
3,3,3,11,3.0,0.0,3.4901960784313726,1.196078431372549,0.9102254424689443,1479.7657866598825,3258.1531186786488
3,3,3,12,0.0,0.0,0.0,0.0,0.9998440729883193,0.350141128446175,1.5042364637263577
3,3,3,13,0.0,0.0,0.7745098039215687,0.09803921568627451,0.9774333764868063,203.93131657919457,595.6362469559407
3,3,3,14,2.0,0.0,2.872549019607843,0.6666666666666666,0.9292496228361116,1209.863508355863,2549.1422641611402
3,3,3,15,0.0,0.0,0.0,0.0,0.999999914014102,0.00029937512547655016,0.0007954918776218733
3,3,3,16,0.0,0.0,0.0,0.0,1.0,0.0,0.0
3,3,3,17,0.0,0.0,1.411764705882353,0.43137254901960786,0.9559887820856777,454.7986597908899,1337.2714187954464
3,3,3,18,3.0,0.0,2.911764705882353,0.6666666666666666,0.9309295325245265,1210.9188447779122,2509.714961449626
3,3,3,19,5.0,1.0,3.5686274509803924,1.392156862745098,0.9042472522355083,1548.667859813667,3444.7338119768892
3,3,3,20,7.0,1.0,5.186274509803922,1.8823529411764706,0.8652589026128772,2076.413733408523,4682.373416279437
3,3,3,21,2.0,0.0,2.9019607843137254,0.6274509803921569,0.9322738850307574,1186.2992656458525,2486.156442669327
3,3,3,22,0.0,0.0,0.0,0.0,1.0,0.0,0.0
3,3,3,23,9.0,1.0,6.882352941176471,3.588235294117647,0.7915422360190983,4057.7364424061734,9142.790543063707
3,3,3,24,4.0,1.0,3.4411764705882355,1.2352941176470589,0.9124680984760208,1448.9321471814806,3195.044548429769
3,3,3,25,0.0,0.0,0.7156862745098039,0.09803921568627451,0.9805341608258185,184.10446570687463,525.4918848722873
3,3,3,26,4.0,1.0,3.519607843137255,1.196078431372549,0.9101605158199182,1490.4713487255642,3277.5699960607717
3,3,3,27,0.0,0.0,0.0,0.0,0.9998170219135916,0.8296983744109742,1.7556547252878802
3,3,3,28,8.0,1.0,5.215686274509804,1.9215686274509804,0.8481090954393511,2265.7269466096823,5331.565921877598
3,3,3,29,0.0,0.0,0.0,0.0,1.0,0.0,0.0
3,3,3,30,3.0,0.0,3.019607843137255,0.6666666666666666,0.927309559115504,1229.2849881562004,2619.4395594837893
3,3,3,31,4.0,1.0,3.6176470588235294,1.2549019607843137,0.9094928020648401,1519.7802811695294,3319.798490716311
3,3,3,32,4.0,1.0,3.5392156862745097,1.2549019607843137,0.9073157131001112,1515.6841497020482,3347.7586301407655
3,3,3,33,0.0,0.0,0.0,0.0,1.0,0.0,0.0
3,3,3,34,5.0,1.0,4.215686274509804,1.0784313725490196,0.8956592920351533,1677.1643884364312,3675.2543295770292
3,3,3,35,6.0,1.0,4.176470588235294,1.9607843137254901,0.8808774944448592,1784.6356709957165,4171.746210385855
3,3,3,36,0.0,0.0,0.7352941176470589,0.09803921568627451,0.9812324163681589,169.99440661786076,513.5666290199223
3,3,3,37,0.0,0.0,0.0,0.0,1.0,0.0,0.0
3,3,3,38,4.0,1.0,3.264705882352941,0.7254901960784313,0.9191277405540501,1355.3273249663694,2867.8710520297905
3,3,3,39,2.0,0.0,2.950980392156863,0.5490196078431373,0.9329846931789197,1192.8709903052622,2470.5023720541108
3,3,3,40,0.0,0.0,0.0,0.0,0.9999762068593047,0.09126881787981131,0.22203604508039193
3,3,3,41,0.0,0.0,0.0,0.0,0.9998439870024224,0.3504405035716516,1.5050319556039786
3,3,3,42,0.0,0.0,0.0,0.0,1.0,0.0,0.0
3,3,3,43,4.0,1.0,3.4705882352941178,0.9607843137254902,0.9129416594644199,1472.230808626388,3149.6989622025403
3,3,3,44,5.0,1.0,3.9411764705882355,0.8627450980392157,0.9031214254808763,1531.3672055997154,3362.810758011462
3,3,3,45,0.0,0.0,0.7254901960784313,0.09803921568627451,0.9795178653900817,203.5325205398341,565.4493001198365
3,3,3,46,0.0,0.0,0.7058823529411765,0.09803921568627451,0.979533436782996,180.49611551283374,548.9822380995165
3,3,3,47,0.0,0.0,0.0,0.0,0.9998439870024224,0.3504405035716516,1.5050319556039786
3,3,3,48,0.0,0.0,0.0,0.0,1.0,0.0,0.0
3,3,3,49,0.0,0.0,0.0,0.0,1.0,0.0,0.0
3,3,3,50,4.0,1.0,3.4705882352941178,1.1764705882352942,0.9091465142248922,1494.1325035018565,3280.080003226917
3,3,3,51,0.0,0.0,0.0,0.0,0.9998440729883193,0.350141128446175,1.5042364637263577
3,3,3,52,0.0,0.0,0.0,0.0,1.0,0.0,0.0
3,3,3,53,0.0,0.0,0.0,0.0,1.0,0.0,0.0
3,3,3,54,4.0,1.0,3.264705882352941,0.7450980392156863,0.9174786047996714,1409.171037790188,2993.9278038893226
3,3,3,55,0.0,0.0,0.0,0.0,0.9998440729883193,0.350141128446175,1.5042364637263577
3,3,3,56,0.0,0.0,0.0,0.0,1.0,0.0,0.0
3,3,3,57,0.0,0.0,0.0,0.0,1.0,0.0,0.0
3,3,3,58,3.0,0.0,2.950980392156863,0.6274509803921569,0.9302259354245525,1196.0074621871731,2525.724111726656
3,3,3,59,0.0,0.0,0.0,0.0,1.0,0.0,0.0
3,3,4,0,0.0,0.0,0.0,0.0,1.0,0.0,0.0
3,3,4,1,0.0,0.0,0.0,0.0,1.0,0.0,0.0
3,3,4,2,0.0,0.0,0.0,0.0,1.0,0.0,0.0
3,3,4,3,0.0,0.0,0.0,0.0,1.0,0.0,0.0
3,3,4,4,0.0,0.0,0.0,0.0,1.0,0.0,0.0
3,3,4,5,0.0,0.0,0.0,0.0,1.0,0.0,0.0
3,3,4,6,0.0,0.0,0.0,0.0,1.0,0.0,0.0
3,3,4,7,0.0,0.0,0.0,0.0,1.0,0.0,0.0
3,3,4,8,0.0,0.0,0.0,0.0,1.0,0.0,0.0
3,3,4,9,0.0,0.0,0.0,0.0,1.0,0.0,0.0
3,3,4,10,0.0,0.0,0.0,0.0,1.0,0.0,0.0
3,3,4,11,0.0,0.0,0.0,0.0,1.0,0.0,0.0
3,3,4,12,0.0,0.0,0.0,0.0,1.0,0.0,0.0
3,3,4,13,0.0,0.0,0.0,0.0,1.0,0.0,0.0
3,3,4,14,0.0,0.0,0.0,0.0,1.0,0.0,0.0
3,3,4,15,0.0,0.0,0.0,0.0,1.0,0.0,0.0
3,3,4,16,0.0,0.0,0.0,0.0,1.0,0.0,0.0
3,3,4,17,0.0,0.0,0.0,0.0,1.0,0.0,0.0
3,3,4,18,0.0,0.0,0.0,0.0,1.0,0.0,0.0
3,3,4,19,0.0,0.0,0.0,0.0,1.0,0.0,0.0
3,3,4,20,0.0,0.0,0.0,0.0,1.0,0.0,0.0
3,3,4,21,0.0,0.0,0.0,0.0,1.0,0.0,0.0
3,3,4,22,0.0,0.0,0.0,0.0,1.0,0.0,0.0
3,3,4,23,0.0,0.0,0.0,0.0,1.0,0.0,0.0
3,3,4,24,0.0,0.0,0.0,0.0,1.0,0.0,0.0
3,3,4,25,0.0,0.0,0.0,0.0,1.0,0.0,0.0
3,3,4,26,0.0,0.0,0.0,0.0,1.0,0.0,0.0
3,3,4,27,0.0,0.0,0.0,0.0,1.0,0.0,0.0
3,3,4,28,0.0,0.0,0.0,0.0,1.0,0.0,0.0
3,3,4,29,0.0,0.0,0.0,0.0,1.0,0.0,0.0
3,3,4,30,0.0,0.0,0.0,0.0,1.0,0.0,0.0
3,3,4,31,0.0,0.0,0.0,0.0,1.0,0.0,0.0
3,3,4,32,0.0,0.0,0.0,0.0,1.0,0.0,0.0
3,3,4,33,0.0,0.0,0.0,0.0,1.0,0.0,0.0
3,3,4,34,0.0,0.0,0.0,0.0,1.0,0.0,0.0
3,3,4,35,0.0,0.0,0.0,0.0,1.0,0.0,0.0
3,3,4,36,0.0,0.0,0.0,0.0,1.0,0.0,0.0
3,3,4,37,0.0,0.0,0.0,0.0,1.0,0.0,0.0
3,3,4,38,0.0,0.0,0.0,0.0,1.0,0.0,0.0
3,3,4,39,0.0,0.0,0.0,0.0,1.0,0.0,0.0
3,3,4,40,0.0,0.0,0.0,0.0,1.0,0.0,0.0
3,3,4,41,0.0,0.0,0.0,0.0,1.0,0.0,0.0
3,3,4,42,0.0,0.0,0.0,0.0,1.0,0.0,0.0
3,3,4,43,0.0,0.0,0.0,0.0,1.0,0.0,0.0
3,3,4,44,0.0,0.0,0.0,0.0,1.0,0.0,0.0
3,3,4,45,0.0,0.0,0.0,0.0,1.0,0.0,0.0
3,3,4,46,0.0,0.0,0.0,0.0,1.0,0.0,0.0
3,3,4,47,0.0,0.0,0.0,0.0,1.0,0.0,0.0
3,3,4,48,0.0,0.0,0.0,0.0,1.0,0.0,0.0
3,3,4,49,0.0,0.0,0.0,0.0,1.0,0.0,0.0
3,3,4,50,0.0,0.0,0.0,0.0,1.0,0.0,0.0
3,3,4,51,0.0,0.0,0.0,0.0,1.0,0.0,0.0
3,3,4,52,0.0,0.0,0.0,0.0,1.0,0.0,0.0
3,3,4,53,0.0,0.0,0.0,0.0,1.0,0.0,0.0
3,3,4,54,0.0,0.0,0.0,0.0,1.0,0.0,0.0
3,3,4,55,0.0,0.0,0.0,0.0,1.0,0.0,0.0
3,3,4,56,0.0,0.0,0.0,0.0,1.0,0.0,0.0
3,3,4,57,0.0,0.0,0.0,0.0,1.0,0.0,0.0
3,3,4,58,0.0,0.0,0.0,0.0,1.0,0.0,0.0
3,3,4,59,0.0,0.0,0.0,0.0,1.0,0.0,0.0
3,4,0,0,21.0,1.0,15.735294117647058,18.54901960784314,0.2805671189443229,24414.58232659232,63227.10580623931
3,4,0,1,20.0,1.0,17.598039215686274,18.03921568627451,0.2704387647900674,24383.04910521681,60170.94151213175
3,4,0,2,21.0,1.0,19.068627450980394,18.627450980392158,0.23086502959621902,26484.613398578862,65646.00480138788
3,4,0,3,20.0,1.0,16.372549019607842,17.901960784313726,0.30437435049318806,21672.023110834736,54090.15293515377
3,4,0,4,18.0,1.0,13.07843137254902,15.156862745098039,0.41364020977617627,16942.903170683945,43999.22950198479
3,4,0,5,21.0,1.0,15.235294117647058,17.84313725490196,0.3162041236993835,22082.844951253865,57126.912724233785
3,4,0,6,22.0,1.0,19.46078431372549,19.50980392156863,0.19483981897632038,28784.805864064787,71328.24289758118
3,4,0,7,18.0,1.0,13.950980392156863,16.15686274509804,0.38314089368175824,18582.704773773257,47140.86028752543
3,4,0,8,20.0,1.0,13.784313725490197,16.58823529411765,0.3643020447711978,19729.744173895142,50874.33157284817
3,4,0,9,21.0,1.0,19.11764705882353,19.11764705882353,0.21838168467112054,27319.859506067794,67696.52473882613
3,4,0,10,20.0,1.0,18.08823529411765,18.352941176470587,0.26341162674374224,24444.55610479998,60374.63742469637
3,4,0,11,20.0,1.0,17.215686274509803,17.41176470588235,0.2925267891039964,23178.045591107337,57317.26598115424
3,4,0,12,20.0,1.0,14.696078431372548,17.470588235294116,0.32661526178372496,21782.152380706168,55851.39628024356
3,4,0,13,20.0,1.0,14.872549019607844,16.862745098039216,0.35103051431048193,20492.70717795061,52073.4409551792
3,4,0,14,21.0,1.0,18.813725490196077,18.58823529411765,0.22850623783349608,26789.67719186743,66159.02040353128
3,4,0,15,21.0,1.0,18.147058823529413,19.03921568627451,0.23628335119755042,25778.835137461247,64436.11659752874
3,4,0,16,21.0,1.0,17.96078431372549,18.88235294117647,0.2310546616756641,26050.947617040285,65622.28950019315
3,4,0,17,21.0,1.0,17.99019607843137,18.901960784313726,0.23569317614632754,26005.96344245614,65876.44839739533
3,4,0,18,20.0,1.0,17.65686274509804,18.137254901960784,0.2713591214713569,24197.46417424769,59652.228438257815
3,4,0,19,20.0,1.0,17.235294117647058,17.392156862745097,0.29257586980887235,23162.58919825849,57536.0857226332
3,4,0,20,21.0,1.0,19.058823529411764,18.823529411764707,0.23164092934700128,26857.239755874347,66231.61502842767
3,4,0,21,19.0,1.0,16.568627450980394,16.823529411764707,0.3193699770970298,21594.989998625464,53334.38843430401
3,4,0,22,20.0,1.0,14.284313725490197,17.03921568627451,0.3485606738891363,20628.394002793375,52888.71714116457
3,4,0,23,20.0,1.0,18.166666666666668,17.529411764705884,0.2762199519241504,23702.510861593466,58702.404651616744
3,4,0,24,19.0,1.0,17.068627450980394,16.980392156862745,0.3068320229830867,21953.554721382214,54473.30445254438
3,4,0,25,20.0,1.0,17.166666666666668,17.784313725490197,0.2795146367370743,23521.525666091115,59129.82436755906
3,4,0,26,21.0,1.0,18.666666666666668,18.88235294117647,0.23216922953663424,26410.72021287252,65627.24354985374
3,4,0,27,20.0,1.0,16.519607843137255,17.313725490196077,0.30534050864012446,21929.208861679308,55043.0617469171
3,4,0,28,22.0,1.0,19.333333333333332,19.254901960784313,0.2053191928168602,28254.852358567598,70374.11723565069
3,4,0,29,16.0,1.0,10.215686274509803,11.901960784313726,0.5600888965736454,10676.286807820261,27323.619962094173
3,4,0,30,21.0,1.0,18.764705882352942,18.80392156862745,0.2232163363552573,27044.929090922262,66974.73150067504
3,4,0,31,19.0,1.0,16.470588235294116,16.431372549019606,0.3352031415834307,20848.258047224168,51073.55256236502
3,4,0,32,20.0,1.0,17.401960784313726,17.58823529411765,0.28321715833778754,23954.39649732487,59141.12747737731
3,4,0,33,18.0,1.0,13.784313725490197,14.92156862745098,0.42647231009129233,15999.997452826818,39358.54203951934
3,4,0,34,20.0,1.0,18.352941176470587,18.176470588235293,0.2533479150830123,25598.186755144336,62962.63180679061
3,4,0,35,21.0,1.0,18.784313725490197,18.80392156862745,0.23226155264164314,26478.442608504265,65964.57078044776
3,4,0,36,20.0,1.0,17.862745098039216,18.666666666666668,0.24791556643222878,25328.71778179308,63258.87723578872
3,4,0,37,18.0,1.0,13.323529411764707,15.764705882352942,0.39213335030770097,17479.784396154617,45744.453531873674
3,4,0,38,21.0,1.0,18.068627450980394,18.274509803921568,0.25187250102669395,25492.095116424178,63368.27876786659
3,4,0,39,19.0,1.0,16.470588235294116,16.254901960784313,0.3333868132408946,20930.671459906975,51283.798505711784
3,4,0,40,18.0,1.0,14.392156862745098,15.666666666666666,0.3806691764183683,17779.717339480612,45209.157680057484
3,4,0,41,20.0,1.0,16.235294117647058,17.15686274509804,0.3194144238120022,21221.697907027108,52703.08274667775
3,4,0,42,21.0,1.0,14.245098039215685,17.686274509803923,0.33429387858259463,21613.780493061942,56389.53064448328
3,4,0,43,21.0,1.0,18.901960784313726,18.96078431372549,0.2204314301819981,27488.60514420283,67953.65930680322
3,4,0,44,20.0,1.0,18.88235294117647,18.470588235294116,0.232013193874265,26376.54527647346,65247.867104359524
3,4,0,45,19.0,1.0,16.441176470588236,17.019607843137255,0.31854706301028374,20993.123102359663,52504.17099240608
3,4,0,46,19.0,1.0,17.0,17.215686274509803,0.2968118717596715,22583.287212853687,55972.93930600084
3,4,0,47,21.0,1.0,17.166666666666668,18.49019607843137,0.26731685673160466,24326.149547110683,60852.30607958248
3,4,0,48,20.0,1.0,14.656862745098039,17.07843137254902,0.3349955742169248,21165.81484520583,55064.99817988521
3,4,0,49,21.0,1.0,14.235294117647058,17.54901960784314,0.33833470529803744,21198.74661759532,55329.319668453216
3,4,0,50,21.0,1.0,18.08823529411765,18.176470588235293,0.25554835401614784,25287.834306648067,62531.35238624177
3,4,0,51,20.0,1.0,15.362745098039216,17.254901960784313,0.3338294065872079,21145.010509898548,53397.78114883154
3,4,0,52,20.0,1.0,17.225490196078432,18.764705882352942,0.25124952564694353,24931.510816680722,63089.22331610061
3,4,0,53,20.0,1.0,14.205882352941176,16.705882352941178,0.36251643324285626,19672.410596862526,50500.321080654954
3,4,0,54,22.0,1.0,19.15686274509804,19.45098039215686,0.20012276244675584,28600.089755438883,71049.92197562061
3,4,0,55,19.0,1.0,14.96078431372549,16.45098039215686,0.3660624114023228,18675.57413832895,46486.95606092493
3,4,0,56,19.0,1.0,15.627450980392156,16.823529411764707,0.32918828461276084,20382.809289764602,51160.57145334715
3,4,0,57,17.0,1.0,13.313725490196079,14.0,0.4457037388860126,14891.77419642692,37215.74612250264
3,4,0,58,20.0,1.0,17.392156862745097,17.313725490196077,0.2927637952204001,23180.985738063995,56852.02671827887
3,4,0,59,19.0,1.0,14.617647058823529,16.372549019607842,0.3591196104054799,19641.297146721205,49750.782263592424
3,4,1,0,18.0,1.0,12.911764705882353,14.823529411764707,0.408749591288385,16680.995351109123,43625.91776010734
3,4,1,1,18.0,1.0,14.950980392156863,14.313725490196079,0.4028113499409185,17227.696612297594,42241.72048517752
3,4,1,2,19.0,1.0,16.754901960784313,15.509803921568627,0.34144818714502656,20456.55258813923,50180.94948237468
3,4,1,3,16.0,1.0,12.598039215686274,12.764705882352942,0.48527789265128235,12205.444931582337,30558.387018819692
3,4,1,4,11.0,1.0,6.196078431372549,6.901960784313726,0.7214389518998726,5012.806797615921,13280.190909930212
3,4,1,5,16.0,1.0,9.549019607843137,11.254901960784315,0.5630033389592111,11348.088703853558,29641.674667248735
3,4,1,6,19.0,1.0,17.215686274509803,16.41176470588235,0.3052118567981647,21989.746008450405,54302.0493217762
3,4,1,7,16.0,1.0,12.22549019607843,13.372549019607844,0.47162300749114555,14000.57940508686,35505.15337766343
3,4,1,8,14.0,1.0,7.754901960784314,9.647058823529411,0.6307274449990009,8490.831499410384,22065.366814084417
3,4,1,9,19.0,1.0,17.098039215686274,16.54901960784314,0.31111966556257475,21463.510237409988,53179.58656450446
3,4,1,10,17.0,1.0,15.264705882352942,14.764705882352942,0.39342039639554566,17234.42480571672,42401.90879656335
3,4,1,11,17.0,1.0,14.735294117647058,14.215686274509803,0.4079900235853407,16959.285967569012,41744.585227558884
3,4,1,12,15.0,1.0,8.441176470588236,10.431372549019608,0.5990308648349966,9716.02851549251,25448.58636495685
3,4,1,13,17.0,1.0,12.588235294117647,13.568627450980392,0.459402528249614,14632.161415176,37221.522529087335
3,4,1,14,19.0,1.0,16.91176470588235,16.019607843137255,0.3163762133494125,21330.40819951526,52854.73225909982
3,4,1,15,17.0,1.0,15.019607843137255,14.92156862745098,0.3830301029053937,17254.07597884087,43210.72921012396
3,4,1,16,17.0,1.0,12.72549019607843,14.392156862745098,0.428508135137605,15792.583039026835,40627.76540340683
3,4,1,17,19.0,1.0,14.343137254901961,15.411764705882353,0.3746114789918249,18915.648703196875,48866.78308068031
3,4,1,18,17.0,1.0,15.27450980392157,14.529411764705882,0.3943071023192859,17507.976658786978,42827.70627576468
3,4,1,19,17.0,1.0,14.735294117647058,14.058823529411764,0.41365281312493846,16617.47421985976,40898.83251243955
3,4,1,20,19.0,1.0,17.19607843137255,16.215686274509803,0.32048769501481017,21450.587250707293,52636.87327737969
3,4,1,21,17.0,1.0,14.431372549019608,13.647058823529411,0.42395866962679096,16070.960875277415,39518.650900496556
3,4,1,22,17.0,1.0,11.637254901960784,13.588235294117647,0.47278702655255805,13832.107528949313,35646.057724116195
3,4,1,23,19.0,1.0,16.03921568627451,14.745098039215685,0.3712249057273341,18861.791782533986,46349.964612884396
3,4,1,24,17.0,1.0,14.588235294117647,13.764705882352942,0.42221422991517316,16034.201426030366,39498.39384024734
3,4,1,25,17.0,1.0,12.901960784313726,13.980392156862745,0.435775472947539,15538.203538524394,40085.38739040739
3,4,1,26,19.0,1.0,16.529411764705884,16.07843137254902,0.3306240973677765,20408.57295388203,50818.964361552906
3,4,1,27,15.0,1.0,12.509803921568627,12.196078431372548,0.4924987719509701,12224.223618790656,30722.05317769557
3,4,1,28,20.0,1.0,17.519607843137255,16.372549019607842,0.29993683589859826,22496.938175551364,55756.84985869686
3,4,1,29,8.0,1.0,5.098039215686274,5.450980392156863,0.7843369990213942,2997.863062104309,7993.3836618326195
3,4,1,30,19.0,1.0,16.813725490196077,16.07843137254902,0.31572695806262036,21484.69592496608,53092.610336506616
3,4,1,31,17.0,1.0,14.166666666666666,13.372549019607844,0.4446530364298704,15270.398504832781,37188.254905989204
3,4,1,32,18.0,1.0,14.735294117647058,14.27450980392157,0.4053815952231485,17179.17141807601,42262.79532572962
3,4,1,33,0.0,0.0,1.2058823529411764,1.1372549019607843,0.9579951678437197,738.712983969711,1913.74592770548
3,4,1,34,19.0,1.0,16.725490196078432,15.686274509803921,0.3338178579536136,20783.49041718664,51002.48823050646
3,4,1,35,19.0,1.0,16.813725490196077,16.15686274509804,0.3244038925091189,20997.824399764337,52183.83098340256
3,4,1,36,19.0,1.0,15.96078431372549,16.15686274509804,0.3364971817642026,19852.806902046468,49724.73326886226
3,4,1,37,12.0,1.0,8.196078431372548,9.529411764705882,0.6197711366081079,7430.469744630274,19920.982724218295
3,4,1,38,18.0,1.0,15.617647058823529,14.764705882352942,0.37262752072021804,18749.223217252304,46140.81174677625
3,4,1,39,17.0,1.0,14.764705882352942,13.843137254901961,0.41538809666415727,16645.102430723564,40644.655217879634
3,4,1,40,13.0,1.0,10.205882352941176,10.352941176470589,0.5729294929344487,9205.94784868452,23391.415671519506
3,4,1,41,15.0,1.0,11.509803921568627,11.372549019607844,0.5384345922789814,10743.435471614494,26207.594560678546
3,4,1,42,16.0,1.0,8.745098039215685,11.215686274509803,0.5741817822241916,10968.303548188078,29046.175915953594
3,4,1,43,19.0,1.0,16.872549019607842,16.274509803921568,0.3152334043728755,21547.30874443821,53304.17040407579
3,4,1,44,20.0,1.0,17.49019607843137,16.235294117647058,0.30299685470917925,21909.659046278954,54189.37419470608
3,4,1,45,17.0,1.0,14.627450980392156,14.392156862745098,0.4049067698077044,16259.498132629533,40598.90495119412
3,4,1,46,17.0,1.0,14.666666666666666,14.254901960784315,0.4020541187522683,16597.249042110718,41213.49592764557
3,4,1,47,16.0,1.0,12.686274509803921,13.019607843137255,0.4766010036838682,13571.263063310264,33808.13596612372
3,4,1,48,17.0,1.0,12.205882352941176,13.411764705882353,0.4555252654336108,14631.88341283259,38227.459252282846
3,4,1,49,16.0,1.0,8.72549019607843,11.098039215686274,0.5763987397584335,10861.93502138869,28785.112421511414
3,4,1,50,18.0,1.0,14.872549019607844,14.431372549019608,0.39850580231465504,17410.595289691744,42871.12447312673
3,4,1,51,15.0,1.0,10.911764705882353,11.470588235294118,0.536585509756885,11080.376620615103,28162.531678871066
3,4,1,52,18.0,1.0,14.5,15.431372549019608,0.3747114217103322,17514.668176912586,44804.71809444127
3,4,1,53,16.0,1.0,9.117647058823529,10.803921568627452,0.5863535833610464,10437.605386253705,26958.550387228366
3,4,1,54,20.0,1.0,17.176470588235293,16.607843137254903,0.2973558900889955,22456.13905929784,55841.389094426115
3,4,1,55,6.0,1.0,3.0588235294117645,3.823529411764706,0.8764578890138283,2019.428955827509,4950.411526154243
3,4,1,56,14.0,1.0,11.27450980392157,11.117647058823529,0.5371148662556896,10010.054399643406,25238.295994269305
3,4,1,57,12.0,1.0,8.803921568627452,8.098039215686274,0.6541801671873125,6593.962918864261,16148.792366719794
3,4,1,58,18.0,1.0,15.343137254901961,14.176470588235293,0.39627031121447637,17550.618081032284,42927.03857453188
3,4,1,59,16.0,1.0,11.235294117647058,12.196078431372548,0.5120851754716819,12300.410409966527,31481.65760533117
3,4,2,0,11.0,1.0,5.970588235294118,6.96078431372549,0.7140938621483581,5432.662435957342,14743.08285778182
3,4,2,1,15.0,1.0,12.401960784313726,10.843137254901961,0.5256834302069803,11841.878709457214,28586.24544855133
3,4,2,2,17.0,1.0,15.019607843137255,12.92156862745098,0.4307329210810246,15986.4336710901,38836.00843406924
3,4,2,3,10.0,1.0,7.490196078431373,6.490196078431373,0.732300788560195,4938.443586569835,11670.670967197846
3,4,2,4,9.0,1.0,5.068627450980392,4.803921568627451,0.7835647595034864,3364.933092319612,8930.234099520385
3,4,2,5,8.0,1.0,4.647058823529412,4.392156862745098,0.8066061016124184,2855.4519953227673,7437.981368034727
3,4,2,6,16.0,1.0,14.058823529411764,12.392156862745098,0.45522772963287944,14497.324759380079,35354.929994821716
3,4,2,7,14.0,1.0,10.088235294117647,10.235294117647058,0.5804772069261802,9248.757971259603,23555.576483482517
3,4,2,8,0.0,0.0,1.3529411764705883,1.1372549019607843,0.9551130395937069,652.591731342528,1493.7000592660072
3,4,2,9,15.0,1.0,13.46078431372549,11.568627450980392,0.4917593080138398,12841.106936826882,31135.193042411618
3,4,2,10,15.0,1.0,13.147058823529411,11.764705882352942,0.49703527921480456,12443.474273545673,30394.308691658844
3,4,2,11,15.0,1.0,12.235294117647058,11.098039215686274,0.5252551561503341,11666.937341058563,28413.450276040727
3,4,2,12,0.0,0.0,1.3137254901960784,1.0784313725490196,0.956290852123172,638.7357436179337,1465.26716662849
3,4,2,13,15.0,1.0,10.627450980392156,10.705882352941176,0.5590596420367022,10101.234129991999,25790.896907096954
3,4,2,14,16.0,1.0,13.647058823529411,11.980392156862745,0.46934815171433025,13812.802818596834,33823.318701924116
3,4,2,15,8.0,1.0,6.254901960784314,4.784313725490196,0.779607423508021,3373.5630388272766,7953.108226573965
3,4,2,16,9.0,1.0,4.7745098039215685,4.588235294117647,0.7961342358090913,3149.4828735113906,8125.032661234828
3,4,2,17,17.0,1.0,12.627450980392156,12.72549019607843,0.46357589585770875,14260.512433460986,36731.344188110364
3,4,2,18,15.0,1.0,12.519607843137255,11.03921568627451,0.5205929719465956,11818.654396805847,28679.965361454277
3,4,2,19,15.0,1.0,12.715686274509803,11.215686274509803,0.5133234488082552,12066.095476397128,29468.959847365317
3,4,2,20,17.0,1.0,15.205882352941176,13.431372549019608,0.4188955328776434,16167.862607525482,39339.621378321746
3,4,2,21,15.0,1.0,12.07843137254902,10.588235294117647,0.5375624852484514,11225.854014520988,27257.059324530266
3,4,2,22,0.0,0.0,0.0,0.0,0.9998474093368147,0.761810575504801,1.454884583683963
3,4,2,23,16.0,1.0,14.088235294117647,12.156862745098039,0.4639785537508425,14429.216126731582,35144.621376006304
3,4,2,24,14.0,1.0,12.019607843137255,10.568627450980392,0.5434978483716001,10886.423904052406,26448.873107653744
3,4,2,25,14.0,1.0,10.607843137254902,10.666666666666666,0.555966339910715,10096.34002427475,25788.19043036832
3,4,2,26,15.0,1.0,12.568627450980392,11.0,0.5212877880970028,11709.112670299775,28424.44034837189
3,4,2,27,13.0,1.0,10.049019607843137,9.156862745098039,0.6016596992670363,7916.456081824173,19943.603584078926
3,4,2,28,18.0,1.0,15.823529411764707,13.745098039215685,0.38533773969087,17798.45558193244,43852.05948849698
3,4,2,29,5.0,1.0,2.9901960784313726,2.588235294117647,0.8793276618509293,1357.4864086204436,3821.614810435495
3,4,2,30,16.0,1.0,13.333333333333334,11.686274509803921,0.48087793506913173,13392.714208410729,32683.085861203333
3,4,2,31,15.0,1.0,11.931372549019608,10.470588235294118,0.5507505308713679,10760.370229415166,25880.417060197702
3,4,2,32,15.0,1.0,12.313725490196079,11.098039215686274,0.5233452849883967,11805.402309944984,28750.933129556855
3,4,2,33,0.0,0.0,0.16666666666666666,0.0,0.9974574843580347,30.670731370818608,68.01403144964635
3,4,2,34,17.0,1.0,14.92156862745098,13.098039215686274,0.42459033793437495,16015.275395932611,38951.66745741533
3,4,2,35,17.0,1.0,15.107843137254902,13.745098039215685,0.40564707702590236,16535.08280813318,41146.265506581396
3,4,2,36,15.0,1.0,12.53921568627451,11.568627450980392,0.5063607943077139,11560.991443376093,28851.263916862594
3,4,2,37,9.0,1.0,5.803921568627451,6.529411764705882,0.7285593455959244,4133.719818703526,11445.228954430582
3,4,2,38,16.0,1.0,13.27450980392157,11.549019607843137,0.48544245600917363,13387.07698284277,32719.80244047199
3,4,2,39,15.0,1.0,12.22549019607843,10.588235294117647,0.5335578384028953,11489.104025188768,27705.53044787096
3,4,2,40,10.0,1.0,7.333333333333333,7.03921568627451,0.6951142513981656,5220.563888846666,13479.34743481011
3,4,2,41,8.0,1.0,6.166666666666667,5.137254901960785,0.7843505629322083,3469.134411600161,8139.117229051413
3,4,2,42,10.0,1.0,4.813725490196078,6.137254901960785,0.7534386762081217,4317.35026671682,11842.266030311815
3,4,2,43,16.0,1.0,13.607843137254902,12.03921568627451,0.4703465098651778,13968.053082256678,34012.27585584656
3,4,2,44,17.0,1.0,15.137254901960784,13.117647058823529,0.4214888735776168,16052.897472566088,39078.147332586756
3,4,2,45,15.0,1.0,12.666666666666666,11.666666666666666,0.5017556554764815,11685.481326992265,29216.76586402229
3,4,2,46,14.0,1.0,9.941176470588236,10.019607843137255,0.584696847328818,9088.710290804585,23124.527080577842
3,4,2,47,11.0,1.0,8.058823529411764,7.784313725490196,0.672942375850763,6078.89674699432,15317.729378350588
3,4,2,48,15.0,1.0,10.862745098039216,11.156862745098039,0.5297912258144548,11190.50931908188,29337.568532594836
3,4,2,49,10.0,1.0,4.764705882352941,6.03921568627451,0.7548713239746899,4291.089601286352,11771.233803997418
3,4,2,50,15.0,1.0,12.264705882352942,11.176470588235293,0.5202659316064469,11888.923963432986,28875.90321283923
3,4,2,51,9.0,1.0,4.754901960784314,5.7254901960784315,0.770765131526681,3647.7217147343363,9871.004273504775
3,4,2,52,9.0,1.0,5.980392156862745,5.764705882352941,0.7531026636850299,3705.9982045265847,9407.355576805878
3,4,2,53,12.0,1.0,7.098039215686274,7.588235294117647,0.6861271264669154,6482.06489532585,16869.759092701926
3,4,2,54,16.0,1.0,13.735294117647058,12.117647058823529,0.4605176610906699,14260.174566733247,34976.401437839915
3,4,2,55,0.0,0.0,1.4803921568627452,1.1764705882352942,0.9513614552131169,700.4709650225542,1633.0035942626332
3,4,2,56,11.0,1.0,8.411764705882353,7.784313725490196,0.6583206418516389,5678.967244007016,14852.266339247733
3,4,2,57,0.0,0.0,0.0,0.0,0.9999933371575197,0.022236188416284716,0.06174346464994426
3,4,2,58,15.0,1.0,12.980392156862745,11.196078431372548,0.5073645559188753,12510.984112549984,30258.300774941366
3,4,2,59,12.0,1.0,7.7745098039215685,7.980392156862745,0.6664025154886941,6364.652375965497,16513.08619941384
3,4,3,0,0.0,0.0,0.0,0.0,1.0,0.0,0.0
3,4,3,1,7.0,1.0,4.676470588235294,2.5686274509803924,0.8534377834869044,2453.3966971920636,5590.604327934929
3,4,3,2,13.0,1.0,10.303921568627452,7.176470588235294,0.6469035256142796,7710.575798475244,18243.254730002565
3,4,3,3,0.0,0.0,0.0,0.0,0.9996848880426062,1.0885706849773382,3.0378551439338435
3,4,3,4,0.0,0.0,0.0,0.0,1.0,0.0,0.0
3,4,3,5,0.0,0.0,0.0,0.0,0.9998440729883193,0.350141128446175,1.5042364637263577
3,4,3,6,7.0,1.0,4.862745098039215,2.6666666666666665,0.8449463463838374,2534.6026346602366,5806.214964282162
3,4,3,7,2.0,0.0,1.6470588235294117,0.45098039215686275,0.9448975554196384,560.8819964074361,1539.703629902461
3,4,3,8,0.0,0.0,0.0,0.0,0.9998440729883193,0.350141128446175,1.5042364637263577
3,4,3,9,10.0,1.0,8.019607843137255,5.333333333333333,0.7279629206939088,4985.60411778561,11814.373269033293
3,4,3,10,10.0,1.0,7.2745098039215685,4.862745098039215,0.7541956764782517,4436.359226531721,10504.9237006133
3,4,3,11,10.0,1.0,7.490196078431373,5.352941176470588,0.7413740512675009,4735.038173735547,11252.021019290147
3,4,3,12,0.0,0.0,0.0,0.0,0.9998440729883193,0.350141128446175,1.5042364637263577
3,4,3,13,4.0,1.0,2.480392156862745,1.1764705882352942,0.9113840398866357,942.1996461977641,2651.25294101877
3,4,3,14,7.0,1.0,4.588235294117647,2.392156862745098,0.8565928411522362,2400.6870844876557,5433.748128727748
3,4,3,15,0.0,0.0,0.0,0.0,0.999999914014102,0.00029937512547655016,0.0007954918776218733
3,4,3,16,0.0,0.0,0.0,0.0,1.0,0.0,0.0
3,4,3,17,5.0,1.0,3.3823529411764706,1.9803921568627452,0.8742980918139395,1511.5197861343863,4132.347236344023
3,4,3,18,6.0,1.0,4.46078431372549,2.5098039215686274,0.8610047220261695,2345.841560168068,5283.7179850310795
3,4,3,19,10.0,1.0,7.264705882352941,4.9411764705882355,0.7489314587788042,4552.15134187202,10864.524059213085
3,4,3,20,12.0,1.0,9.72549019607843,6.627450980392157,0.66765963169712,6451.746140072511,15382.6742157415
3,4,3,21,6.0,1.0,4.372549019607843,2.3333333333333335,0.8656863657454679,2300.3410862523383,5178.687103816303
3,4,3,22,0.0,0.0,0.0,0.0,1.0,0.0,0.0
3,4,3,23,12.0,1.0,9.568627450980392,6.647058823529412,0.6728532920983525,6901.658537659454,16350.689869346164
3,4,3,24,10.0,1.0,7.166666666666667,4.882352941176471,0.7550624021632748,4421.828434937417,10489.459458620768
3,4,3,25,2.0,0.0,1.696078431372549,0.5686274509803921,0.937708621112468,637.4812433940222,1739.5511306312117
3,4,3,26,10.0,1.0,7.578431372549019,5.019607843137255,0.7404341450165618,4677.102949347952,11122.531289579321
3,4,3,27,0.0,0.0,0.0,0.0,0.9998170219135916,0.8296983744109742,1.7556547252878802
3,4,3,28,11.0,1.0,8.088235294117647,5.1568627450980395,0.7152555031620352,4949.879624220215,12178.273911267403
3,4,3,29,0.0,0.0,0.0,0.0,1.0,0.0,0.0
3,4,3,30,7.0,1.0,4.666666666666667,2.5686274509803924,0.8546952835111887,2454.2172551985423,5561.470453108464
3,4,3,31,10.0,1.0,7.333333333333333,4.803921568627451,0.7572482854710407,4479.295346860199,10525.033619722604
3,4,3,32,10.0,1.0,7.411764705882353,5.235294117647059,0.7418340651913059,4718.304200565261,11221.349175242212
3,4,3,33,0.0,0.0,0.0,0.0,1.0,0.0,0.0
3,4,3,34,9.0,1.0,6.53921568627451,3.7450980392156863,0.7875842488320289,3422.341212853882,8049.125534796183
3,4,3,35,11.0,1.0,8.42156862745098,6.137254901960785,0.7017368780294593,5503.618404898988,13372.072586450839
3,4,3,36,2.0,0.0,1.7058823529411764,0.47058823529411764,0.941043180507072,598.6705997754957,1666.6226389390038
3,4,3,37,0.0,0.0,0.0,0.0,1.0,0.0,0.0
3,4,3,38,7.0,1.0,4.862745098039215,2.7058823529411766,0.8454957578622101,2573.7645593888356,5860.42376825598
3,4,3,39,6.0,1.0,4.46078431372549,2.2941176470588234,0.8633230745251036,2330.73620125901,5246.358841969485
3,4,3,40,0.0,0.0,0.0,0.0,0.9999762068593047,0.09126881787981131,0.22203604508039193
3,4,3,41,0.0,0.0,0.0,0.0,0.9998439870024224,0.3504405035716516,1.5050319556039786
3,4,3,42,0.0,0.0,0.0,0.0,1.0,0.0,0.0
3,4,3,43,7.0,1.0,5.068627450980392,2.8823529411764706,0.8378738437374276,2776.761693668306,6326.912496833239
3,4,3,44,8.0,1.0,6.4411764705882355,3.5686274509803924,0.7917928109995455,3307.8290785943814,7771.553496788504
3,4,3,45,1.0,0.0,1.5392156862745099,0.39215686274509803,0.9460849791462301,563.0498882351355,1562.3393558768978
3,4,3,46,2.0,0.0,1.7156862745098038,0.49019607843137253,0.9387812805704194,606.363262642741,1715.550886882222
3,4,3,47,0.0,0.0,0.0,0.0,0.9998439870024224,0.3504405035716516,1.5050319556039786
3,4,3,48,0.0,0.0,0.0,0.0,1.0,0.0,0.0
3,4,3,49,0.0,0.0,0.0,0.0,1.0,0.0,0.0
3,4,3,50,10.0,1.0,7.352941176470588,5.333333333333333,0.7412657488895956,4729.618197568412,11227.701792404256
3,4,3,51,0.0,0.0,0.0,0.0,0.9998440729883193,0.350141128446175,1.5042364637263577
3,4,3,52,0.0,0.0,0.0,0.0,1.0,0.0,0.0
3,4,3,53,0.0,0.0,0.0,0.0,1.0,0.0,0.0
3,4,3,54,7.0,1.0,4.862745098039215,2.764705882352941,0.8441093473884296,2596.875777444577,5943.661592670392
3,4,3,55,0.0,0.0,0.0,0.0,0.9998440729883193,0.350141128446175,1.5042364637263577
3,4,3,56,0.0,0.0,0.0,0.0,1.0,0.0,0.0
3,4,3,57,0.0,0.0,0.0,0.0,1.0,0.0,0.0
3,4,3,58,7.0,1.0,4.519607843137255,2.5686274509803924,0.8574523189009492,2389.7418567396926,5421.147545612732
3,4,3,59,0.0,0.0,0.0,0.0,1.0,0.0,0.0
3,4,4,0,0.0,0.0,0.0,0.0,1.0,0.0,0.0
3,4,4,1,0.0,0.0,0.0,0.0,1.0,0.0,0.0
3,4,4,2,0.0,0.0,0.0,0.0,1.0,0.0,0.0
3,4,4,3,0.0,0.0,0.0,0.0,1.0,0.0,0.0
3,4,4,4,0.0,0.0,0.0,0.0,1.0,0.0,0.0
3,4,4,5,0.0,0.0,0.0,0.0,1.0,0.0,0.0
3,4,4,6,0.0,0.0,0.0,0.0,1.0,0.0,0.0
3,4,4,7,0.0,0.0,0.0,0.0,1.0,0.0,0.0
3,4,4,8,0.0,0.0,0.0,0.0,1.0,0.0,0.0
3,4,4,9,0.0,0.0,0.0,0.0,1.0,0.0,0.0
3,4,4,10,0.0,0.0,0.0,0.0,1.0,0.0,0.0
3,4,4,11,0.0,0.0,0.0,0.0,1.0,0.0,0.0
3,4,4,12,0.0,0.0,0.0,0.0,1.0,0.0,0.0
3,4,4,13,0.0,0.0,0.0,0.0,1.0,0.0,0.0
3,4,4,14,0.0,0.0,0.0,0.0,1.0,0.0,0.0
3,4,4,15,0.0,0.0,0.0,0.0,1.0,0.0,0.0
3,4,4,16,0.0,0.0,0.0,0.0,1.0,0.0,0.0
3,4,4,17,0.0,0.0,0.0,0.0,1.0,0.0,0.0
3,4,4,18,0.0,0.0,0.0,0.0,1.0,0.0,0.0
3,4,4,19,0.0,0.0,0.0,0.0,1.0,0.0,0.0
3,4,4,20,0.0,0.0,0.0,0.0,1.0,0.0,0.0
3,4,4,21,0.0,0.0,0.0,0.0,1.0,0.0,0.0
3,4,4,22,0.0,0.0,0.0,0.0,1.0,0.0,0.0
3,4,4,23,0.0,0.0,0.0,0.0,1.0,0.0,0.0
3,4,4,24,0.0,0.0,0.0,0.0,1.0,0.0,0.0
3,4,4,25,0.0,0.0,0.0,0.0,1.0,0.0,0.0
3,4,4,26,0.0,0.0,0.0,0.0,1.0,0.0,0.0
3,4,4,27,0.0,0.0,0.0,0.0,1.0,0.0,0.0
3,4,4,28,0.0,0.0,0.0,0.0,1.0,0.0,0.0
3,4,4,29,0.0,0.0,0.0,0.0,1.0,0.0,0.0
3,4,4,30,0.0,0.0,0.0,0.0,1.0,0.0,0.0
3,4,4,31,0.0,0.0,0.0,0.0,1.0,0.0,0.0
3,4,4,32,0.0,0.0,0.0,0.0,1.0,0.0,0.0
3,4,4,33,0.0,0.0,0.0,0.0,1.0,0.0,0.0
3,4,4,34,0.0,0.0,0.0,0.0,1.0,0.0,0.0
3,4,4,35,0.0,0.0,0.0,0.0,1.0,0.0,0.0
3,4,4,36,0.0,0.0,0.0,0.0,1.0,0.0,0.0
3,4,4,37,0.0,0.0,0.0,0.0,1.0,0.0,0.0
3,4,4,38,0.0,0.0,0.0,0.0,1.0,0.0,0.0
3,4,4,39,0.0,0.0,0.0,0.0,1.0,0.0,0.0
3,4,4,40,0.0,0.0,0.0,0.0,1.0,0.0,0.0
3,4,4,41,0.0,0.0,0.0,0.0,1.0,0.0,0.0
3,4,4,42,0.0,0.0,0.0,0.0,1.0,0.0,0.0
3,4,4,43,0.0,0.0,0.0,0.0,1.0,0.0,0.0
3,4,4,44,0.0,0.0,0.0,0.0,1.0,0.0,0.0
3,4,4,45,0.0,0.0,0.0,0.0,1.0,0.0,0.0
3,4,4,46,0.0,0.0,0.0,0.0,1.0,0.0,0.0
3,4,4,47,0.0,0.0,0.0,0.0,1.0,0.0,0.0
3,4,4,48,0.0,0.0,0.0,0.0,1.0,0.0,0.0
3,4,4,49,0.0,0.0,0.0,0.0,1.0,0.0,0.0
3,4,4,50,0.0,0.0,0.0,0.0,1.0,0.0,0.0
3,4,4,51,0.0,0.0,0.0,0.0,1.0,0.0,0.0
3,4,4,52,0.0,0.0,0.0,0.0,1.0,0.0,0.0
3,4,4,53,0.0,0.0,0.0,0.0,1.0,0.0,0.0
3,4,4,54,0.0,0.0,0.0,0.0,1.0,0.0,0.0
3,4,4,55,0.0,0.0,0.0,0.0,1.0,0.0,0.0
3,4,4,56,0.0,0.0,0.0,0.0,1.0,0.0,0.0
3,4,4,57,0.0,0.0,0.0,0.0,1.0,0.0,0.0
3,4,4,58,0.0,0.0,0.0,0.0,1.0,0.0,0.0
3,4,4,59,0.0,0.0,0.0,0.0,1.0,0.0,0.0
4,0,0,0,20.0,1.0,13.735294117647058,16.372549019607842,0.36144834751007143,13624.44985980041,35111.26835553662
4,0,0,1,20.0,1.0,15.284313725490197,15.882352941176471,0.36914654346091336,13830.564615913427,34191.690013067746
4,0,0,2,20.0,1.0,16.627450980392158,16.098039215686274,0.33722820606631587,14076.343950751672,34874.305933417
4,0,0,3,19.0,1.0,12.401960784313726,14.588235294117647,0.4594870727665752,10489.25684146142,26470.034276073748
4,0,0,4,17.0,1.0,10.450980392156863,12.352941176470589,0.5275436434887975,9032.849657230916,23483.035574885937
4,0,0,5,20.0,1.0,13.607843137254902,16.215686274509803,0.3888330697650906,12955.37264603351,33510.985822370916
4,0,0,6,21.0,1.0,17.5,17.54901960784314,0.27794150493305253,16144.599069682175,39977.85201833864
4,0,0,7,17.0,1.0,11.068627450980392,13.235294117647058,0.5059616474857637,9645.759455529227,24327.259314021605
4,0,0,8,19.0,1.0,11.382352941176471,14.294117647058824,0.46133180626740833,10945.569319414742,28078.734773624306
4,0,0,9,20.0,1.0,16.96078431372549,16.627450980392158,0.3179173781683802,14761.360406363487,36648.626236227115
4,0,0,10,19.0,1.0,15.735294117647058,16.07843137254902,0.36695480871760194,13905.865051151362,34150.07057778607
4,0,0,11,19.0,1.0,14.558823529411764,14.803921568627452,0.40611056793304345,12434.076033212827,30729.439322994276
4,0,0,12,19.0,1.0,12.813725490196079,15.313725490196079,0.4110635544803194,12551.22502828787,31971.88741657526
4,0,0,13,19.0,1.0,14.509803921568627,15.196078431372548,0.40616403616356744,12762.419302108821,31925.166944206212
4,0,0,14,20.0,1.0,16.764705882352942,16.45098039215686,0.31760915226835656,14825.793916239163,36680.75467610868
4,0,0,15,20.0,1.0,15.676470588235293,16.647058823529413,0.33599392661197425,14216.686088180277,35629.074341742584
4,0,0,16,20.0,1.0,15.490196078431373,16.58823529411765,0.32690571796756707,14417.920701660722,36279.72833801869
4,0,0,17,21.0,1.0,15.892156862745098,16.941176470588236,0.3204234474547027,14671.490126432383,37318.40075276741
4,0,0,18,20.0,1.0,15.470588235294118,16.215686274509803,0.35924573842809804,14066.734732493633,34681.87640231345
4,0,0,19,19.0,1.0,14.480392156862745,14.705882352941176,0.40884205036319327,12485.488911189406,30964.44564017641
4,0,0,20,20.0,1.0,17.08823529411765,16.686274509803923,0.3264704247912087,15067.48958529015,36908.99596031321
4,0,0,21,17.0,1.0,13.22549019607843,13.647058823529411,0.4585151898170954,10969.40439913686,27203.411149419662
4,0,0,22,18.0,1.0,11.96078431372549,14.470588235294118,0.45107721892516595,10965.458103614419,27796.807275790656
4,0,0,23,18.0,1.0,15.058823529411764,14.372549019607844,0.4075163589892014,11912.32470958584,29694.6585354885
4,0,0,24,17.0,1.0,14.186274509803921,14.137254901960784,0.4277520541256527,11900.385674058783,29490.86143131619
4,0,0,25,19.0,1.0,14.676470588235293,15.450980392156863,0.3816771086452191,13120.11546138563,33037.61848426839
4,0,0,26,20.0,1.0,16.50980392156863,16.568627450980394,0.3285229825730241,14716.751482238027,36494.8566965388
4,0,0,27,17.0,1.0,12.96078431372549,14.137254901960784,0.4470583007243472,11119.462843262867,28092.197881268643
4,0,0,28,21.0,1.0,17.147058823529413,17.07843137254902,0.2983162987091652,15155.716524090423,38110.22109147333
4,0,0,29,16.0,1.0,7.480392156862745,8.862745098039216,0.6911909747484389,5444.148871886149,13920.480090321946
4,0,0,30,20.0,1.0,16.441176470588236,16.274509803921568,0.3239361398461091,14368.459204310631,36017.41948124732
4,0,0,31,17.0,1.0,13.343137254901961,13.07843137254902,0.4794200999655897,10549.96817777686,25660.276557292254
4,0,0,32,19.0,1.0,14.333333333333334,14.607843137254902,0.41194339824081677,12463.872667533256,30629.64904373531
4,0,0,33,18.0,1.0,11.676470588235293,14.117647058823529,0.49278507740686467,10008.627168104946,25022.72869732838
4,0,0,34,19.0,1.0,15.72549019607843,15.509803921568627,0.3658118079335497,13338.523604249694,33102.85134848362
4,0,0,35,20.0,1.0,16.80392156862745,16.764705882352942,0.31754140024614186,14961.68972803421,37165.31039345229
4,0,0,36,19.0,1.0,14.794117647058824,15.823529411764707,0.37207087506917924,13185.851400953752,33182.59915264073
4,0,0,37,16.0,1.0,9.509803921568627,11.627450980392156,0.5538359404018932,7931.370995308414,21003.10724226146
4,0,0,38,20.0,1.0,15.686274509803921,15.96078431372549,0.35256069933527184,14222.131947636582,35310.786185856945
4,0,0,39,17.0,1.0,13.715686274509803,13.372549019607844,0.45282734598711155,11036.759706231263,27165.794581287053
4,0,0,40,15.0,1.0,9.588235294117647,11.196078431372548,0.5657089572282076,7857.550050121106,20358.102468907276
4,0,0,41,18.0,1.0,13.019607843137255,14.490196078431373,0.45007996501050557,11298.671862835341,28079.82916605658
4,0,0,42,20.0,1.0,11.862745098039216,15.27450980392157,0.4331492381433583,11616.720991005137,30331.89227512641
4,0,0,43,21.0,1.0,16.91176470588235,16.725490196078432,0.30994920277937305,15138.454085491428,37448.632463470385
4,0,0,44,19.0,1.0,16.245098039215687,16.03921568627451,0.3409596074809498,13767.152606818532,34456.778839326566
4,0,0,45,17.0,1.0,13.058823529411764,13.764705882352942,0.4529335434143367,10539.088792431825,26729.66323015135
4,0,0,46,17.0,1.0,13.754901960784315,13.686274509803921,0.4380775944871529,11232.80524739286,27995.19760947753
4,0,0,47,20.0,1.0,14.411764705882353,16.176470588235293,0.37839026027885164,13421.964016497952,33581.79356000878
4,0,0,48,19.0,1.0,12.705882352941176,15.0,0.4187072090315412,11868.395844008583,30580.16773491496
4,0,0,49,19.0,1.0,11.117647058823529,14.019607843137255,0.4681945437411265,10796.339190298737,27774.448895066558
4,0,0,50,20.0,1.0,15.529411764705882,15.549019607843137,0.3634169739657201,14012.072768008797,34502.95109613285
4,0,0,51,19.0,1.0,12.058823529411764,14.549019607843137,0.459372195613392,11235.486243122705,28520.390031746185
4,0,0,52,19.0,1.0,14.686274509803921,16.568627450980394,0.353527024529922,13917.882864660534,34875.90368374503
4,0,0,53,19.0,1.0,11.509803921568627,13.882352941176471,0.48067670581603306,10952.559585312896,27483.16124661081
4,0,0,54,21.0,1.0,17.147058823529413,17.333333333333332,0.28835289548608284,15618.370924920728,38938.102280746534
4,0,0,55,18.0,1.0,12.450980392156863,14.27450980392157,0.47347922623031424,10544.614761539651,26329.503593977664
4,0,0,56,18.0,1.0,12.92156862745098,14.0,0.4381905456480594,11465.383962388625,28786.22869756279
4,0,0,57,14.0,1.0,9.647058823529411,10.235294117647058,0.5996897110702324,7274.430115051055,18135.03512903542
4,0,0,58,19.0,1.0,15.088235294117647,15.07843137254902,0.39394023742314493,13078.269408679078,32250.544076339265
4,0,0,59,19.0,1.0,12.598039215686274,14.215686274509803,0.4503120231181344,11457.63619037281,28709.970490071097
4,0,1,0,17.0,1.0,10.568627450980392,11.607843137254902,0.5187534160108433,8948.288650981736,23451.467104924923
4,0,1,1,14.0,1.0,10.07843137254902,8.450980392156863,0.6247520487312206,6768.575775671921,16318.17006183593
4,0,1,2,17.0,1.0,13.794117647058824,12.03921568627451,0.48207961693811985,10029.459387383642,24404.377381690214
4,0,1,3,11.0,1.0,5.588235294117647,5.588235294117647,0.7724532715804672,3732.8473019291864,9283.946788472253
4,0,1,4,9.0,1.0,4.862745098039215,4.254901960784314,0.8031297279737961,2908.207124462952,7695.329822635391
4,0,1,5,15.0,1.0,8.607843137254902,9.27450980392157,0.6155650867150567,6489.360703921297,17178.37883413603
4,0,1,6,18.0,1.0,14.372549019607844,12.941176470588236,0.43200490660532637,11484.119212477755,28222.256341870485
4,0,1,7,11.0,1.0,7.215686274509804,7.0588235294117645,0.7043862523080126,4570.245961831564,11689.33164696359
4,0,1,8,13.0,1.0,6.735294117647059,7.823529411764706,0.6770898221033047,5243.275070116227,13790.889038005975
4,0,1,9,17.0,1.0,13.666666666666666,11.980392156862745,0.4781420033628369,10148.928238789269,25122.485948604488
4,0,1,10,14.0,1.0,10.823529411764707,9.372549019607844,0.5970634605741859,7140.958060565862,17454.842529686764
4,0,1,11,14.0,1.0,9.833333333333334,8.823529411764707,0.6191420934505582,6941.885469813656,17114.103151996012
4,0,1,12,12.0,1.0,6.421568627450981,7.0,0.7002989599862185,4931.587234300326,12821.118306435306
4,0,1,13,15.0,1.0,9.254901960784315,9.03921568627451,0.6259195447476514,6508.667898345852,16642.368971527732
4,0,1,14,17.0,1.0,13.46078431372549,11.823529411764707,0.47323104219002454,10203.153005958822,25200.529523356385
4,0,1,15,16.0,1.0,11.686274509803921,11.019607843137255,0.5267154946774267,8565.76041318853,21596.102894257747
4,0,1,16,15.0,1.0,9.480392156862745,9.588235294117647,0.5808777454724515,7252.028749737203,18751.47723148659
4,0,1,17,17.0,1.0,11.490196078431373,11.72549019607843,0.5059659529467738,9004.165816728853,23773.670479042143
4,0,1,18,15.0,1.0,10.617647058823529,9.647058823529411,0.5896562713616142,7412.386299546321,18066.648693333347
4,0,1,19,14.0,1.0,9.598039215686274,8.72549019607843,0.6243070944553849,6688.466610150164,16593.149299085555
4,0,1,20,17.0,1.0,13.686274509803921,11.980392156862745,0.49036362318373933,10033.7047537888,24470.050925490887
4,0,1,21,13.0,1.0,8.705882352941176,7.0588235294117645,0.6802569987455317,5323.472017352227,13030.237971515955
4,0,1,22,13.0,1.0,7.6568627450980395,8.372549019607844,0.6577382909767758,5641.899830973373,14596.245723034783
4,0,1,23,14.0,1.0,10.313725490196079,8.333333333333334,0.6223499427525832,6523.002377315463,15764.446544150935
4,0,1,24,12.0,1.0,9.343137254901961,7.745098039215686,0.6502122786912393,5963.08496580204,14729.836452021076
4,0,1,25,15.0,1.0,8.950980392156863,9.215686274509803,0.6094145183436822,6548.481182107324,17184.711572055447
4,0,1,26,17.0,1.0,13.0,11.803921568627452,0.49141864165497506,9735.88844701387,24226.782886482633
4,0,1,27,10.0,1.0,6.705882352941177,6.196078431372549,0.7261550616068128,4048.3431838586057,10569.712265385486
4,0,1,28,19.0,1.0,15.019607843137255,13.254901960784315,0.4147264691079502,11722.81159143342,29274.575274358605
4,0,1,29,5.0,1.0,3.4705882352941178,2.4901960784313726,0.8830482248161164,1809.3891225289506,4451.757563197685
4,0,1,30,17.0,1.0,13.754901960784315,11.862745098039216,0.46401259889169216,10401.171228673305,25671.274952416927
4,0,1,31,13.0,1.0,9.098039215686274,7.470588235294118,0.6782270807402551,5726.733030500182,13564.447321444746
4,0,1,32,14.0,1.0,9.754901960784315,8.941176470588236,0.6169334019864302,7091.504627092785,17430.867920293895
4,0,1,33,2.0,0.0,2.9901960784313726,2.4313725490196076,0.8992092726244207,1635.432707820287,3940.8525985260535
4,0,1,34,16.0,1.0,13.088235294117647,11.07843137254902,0.5095026212429549,9484.29208843027,23062.24388892174
4,0,1,35,17.0,1.0,13.607843137254902,12.372549019607844,0.4740234215998951,10340.436502115665,25820.34454883252
4,0,1,36,16.0,1.0,11.245098039215685,10.980392156862745,0.5346253712043768,8507.178284266876,21527.521305327
4,0,1,37,5.0,1.0,2.6176470588235294,2.588235294117647,0.8668840555803937,1629.3814860107398,4877.707032738542
4,0,1,38,17.0,1.0,12.127450980392156,11.058823529411764,0.5230912587907256,9138.989937445684,22447.638837489696
4,0,1,39,13.0,1.0,9.147058823529411,7.098039215686274,0.6681197312652348,5660.152704309578,13676.531929497498
4,0,1,40,7.0,1.0,3.4607843137254903,3.3529411764705883,0.8376562557036494,2139.581928818987,6025.100390479368
4,0,1,41,8.0,1.0,5.264705882352941,4.254901960784314,0.8017505796884287,2773.9111589751,7036.969965800348
4,0,1,42,14.0,1.0,6.588235294117647,7.882352941176471,0.6721325989065609,5540.592960843209,14850.42954482608
4,0,1,43,18.0,1.0,13.823529411764707,12.215686274509803,0.46213855870553183,10576.589731758013,26114.441573231576
4,0,1,44,17.0,1.0,14.019607843137255,11.745098039215685,0.46640636494380633,10281.846680267307,25326.50763871388
4,0,1,45,12.0,1.0,8.343137254901961,7.450980392156863,0.6719479472677548,4985.579034783996,12940.02002830486
4,0,1,46,12.0,1.0,8.764705882352942,7.019607843137255,0.6760220268419297,5199.239843504624,12821.170395453179
4,0,1,47,11.0,1.0,6.637254901960785,6.745098039215686,0.7139321224050613,4407.550301214644,11580.573434071746
4,0,1,48,14.0,1.0,8.588235294117647,9.156862745098039,0.6163756979643026,6307.516127987738,16879.90829937086
4,0,1,49,14.0,1.0,6.96078431372549,7.96078431372549,0.6670986182399826,5790.291915950872,15080.401671856815
4,0,1,50,16.0,1.0,10.862745098039216,10.03921568627451,0.5683949954803384,8084.763726688849,19844.480791786078
4,0,1,51,10.0,1.0,5.009803921568627,5.254901960784314,0.7712807186642835,3338.2907776822376,8940.459171996301
4,0,1,52,15.0,1.0,9.803921568627452,9.803921568627452,0.5724180501912162,7387.761547559007,19418.514994562396
4,0,1,53,13.0,1.0,7.578431372549019,7.529411764705882,0.6791638023389971,5600.674520371981,14030.425708786133
4,0,1,54,18.0,1.0,14.676470588235293,13.254901960784315,0.4135900627317417,11722.981533387425,29158.08082363875
4,0,1,55,0.0,0.0,1.5,0.6078431372549019,0.9537768756897326,593.9097679947358,1669.90967565123
4,0,1,56,6.0,1.0,3.4607843137254903,2.2549019607843137,0.8639413772638681,1707.149595150156,4705.709827812065
4,0,1,57,7.0,1.0,4.323529411764706,2.823529411764706,0.8598044571515661,2227.861596824402,5405.3498736191095
4,0,1,58,14.0,1.0,9.872549019607844,8.411764705882353,0.6345813603085597,6605.433684294252,15814.32602363891
4,0,1,59,12.0,1.0,6.03921568627451,7.0,0.7071751203377005,4668.651788532293,12527.049769481897
4,0,2,0,10.0,1.0,4.794117647058823,3.411764705882353,0.787584752130813,2934.6801971800023,8332.908540937948
4,0,2,1,9.0,1.0,5.362745098039215,1.8823529411764706,0.8475928210311515,2751.33202172632,6217.320835342506
4,0,2,2,13.0,1.0,7.715686274509804,3.176470588235294,0.7856342510915271,3928.4280506135497,9017.203695486227
4,0,2,3,0.0,0.0,1.5686274509803921,0.49019607843137253,0.9590177174297407,673.0529959362973,1545.7501070133142
4,0,2,4,0.0,0.0,1.7549019607843137,0.47058823529411764,0.9528031050181971,648.9844836769637,1736.7297362785007
4,0,2,5,3.0,0.0,2.8333333333333335,1.1372549019607843,0.891917379883167,1501.4252068956982,4175.748762526354
4,0,2,6,14.0,1.0,9.598039215686274,6.470588235294118,0.6576486637848459,5831.099449858649,14193.905151826773
4,0,2,7,3.0,0.0,3.0980392156862746,1.4705882352941178,0.9014879244663129,1410.7928808610905,3681.477107359212
4,0,2,8,0.0,0.0,1.9411764705882353,0.8431372549019608,0.9171214170687989,1136.9987013707328,3224.69579722189
4,0,2,9,13.0,1.0,8.53921568627451,4.823529411764706,0.72790153490106,4553.194291324757,11053.53399063864
4,0,2,10,9.0,1.0,5.833333333333333,3.1176470588235294,0.829028905306418,2866.587187328028,6794.986805148449
4,0,2,11,9.0,1.0,5.6568627450980395,2.7254901960784315,0.8183607042408217,2977.4362939021457,7168.502961486827
4,0,2,12,0.0,0.0,1.8627450980392157,0.8431372549019608,0.918045545682424,1113.3925271704124,3181.4805134292415
4,0,2,13,9.0,1.0,4.980392156862745,3.411764705882353,0.8232580859341496,2645.448341241523,6998.14509344543
4,0,2,14,13.0,1.0,9.03921568627451,5.647058823529412,0.6845634496435746,5255.65485874855,12863.273486382917
4,0,2,15,7.0,1.0,4.568627450980392,1.9215686274509804,0.8561322336190059,2134.8126197364872,5391.501547935722
4,0,2,16,7.0,1.0,4.382352941176471,2.2941176470588234,0.8372548765830351,2208.327087983738,5987.6630617901465
4,0,2,17,14.0,1.0,8.323529411764707,6.784313725490196,0.6614741124912862,5228.608145475047,14161.422243436122
4,0,2,18,7.0,1.0,4.980392156862745,2.235294117647059,0.8551224504618924,2550.585794983847,5836.7749520479365
4,0,2,19,8.0,1.0,5.411764705882353,2.196078431372549,0.8394865506346242,2672.5968078315445,6331.748848675794
4,0,2,20,13.0,1.0,9.598039215686274,5.882352941176471,0.697281145769805,5239.576379815098,12385.273838165625
4,0,2,21,7.0,1.0,4.882352941176471,1.5686274509803921,0.8712115002907456,2321.646536244627,5365.611963036515
4,0,2,22,4.0,1.0,2.7941176470588234,2.1176470588235294,0.8820865342744125,1726.4762295023102,4406.058742700142
4,0,2,23,8.0,1.0,6.147058823529412,1.9607843137254901,0.8389147010534291,3031.257393662911,6785.1840242601365
4,0,2,24,5.0,1.0,4.598039215686274,1.4313725490196079,0.8831189330863767,2090.7691361454895,4751.04263805672
4,0,2,25,8.0,1.0,4.970588235294118,3.1372549019607843,0.8092896678718273,2649.852569455325,7213.821220903429
4,0,2,26,12.0,1.0,8.068627450980392,4.705882352941177,0.7337351970171287,4281.719326869759,10667.781587178613
4,0,2,27,0.0,0.0,1.9019607843137254,0.37254901960784315,0.9420470238554776,758.7013895144914,2193.368451514414
4,0,2,28,16.0,1.0,11.529411764705882,8.176470588235293,0.5870995853519967,7181.421325462859,17940.954746335607
4,0,2,29,0.0,0.0,0.4117647058823529,0.0,0.9914769651550058,136.6594251200925,330.74907610663143
4,0,2,30,13.0,1.0,8.637254901960784,5.117647058823529,0.7040188007057139,4763.595386850575,11779.7706300959
4,0,2,31,5.0,1.0,4.882352941176471,1.4313725490196079,0.8816427936795725,2236.070303536598,4931.42929327995
4,0,2,32,10.0,1.0,5.990196078431373,2.764705882352941,0.8105264112161245,3121.7061577014597,7513.777866202931
4,0,2,33,0.0,0.0,0.20588235294117646,0.0,0.9969165328493084,54.424980110838554,120.69038276755488
4,0,2,34,12.0,1.0,8.46078431372549,4.1568627450980395,0.7420594625579918,4346.639144694202,10192.415396718028
4,0,2,35,14.0,1.0,9.147058823529411,5.529411764705882,0.6980493913475924,4872.0397080096445,12155.361905814243
4,0,2,36,10.0,1.0,5.872549019607843,3.607843137254902,0.7872119218552941,3224.722082047075,8356.710475016738
4,0,2,37,0.0,0.0,1.1176470588235294,0.35294117647058826,0.9554735987312523,518.648943645414,1732.1145020884628
4,0,2,38,12.0,1.0,7.088235294117647,3.980392156862745,0.7607559121531873,4067.477900408543,9638.232907907919
4,0,2,39,6.0,1.0,4.970588235294118,1.0196078431372548,0.8739713680425859,2326.6944378468343,5206.813180397221
4,0,2,40,0.0,0.0,0.7941176470588235,0.6274509803921569,0.9577339774385591,503.1019116913595,1586.083212114701
4,0,2,41,0.0,0.0,0.6176470588235294,0.0,0.9891232060814602,167.31258958086923,436.62718818025775
4,0,2,42,7.0,1.0,2.950980392156863,2.9019607843137254,0.8404847439931967,2191.2512361642453,6289.215336117084
4,0,2,43,14.0,1.0,9.137254901960784,5.627450980392157,0.6802545047603101,5465.3717325620255,13325.94382811217
4,0,2,44,12.0,1.0,8.519607843137255,3.8627450980392157,0.745900679132243,4182.621456291405,9888.930300173806
4,0,2,45,4.0,1.0,3.803921568627451,1.9215686274509804,0.8837416189154892,1689.5376778118264,4468.869253344529
4,0,2,46,8.0,1.0,4.950980392156863,1.9607843137254901,0.8553412676933894,2239.0108636255554,5496.212555397532
4,0,2,47,0.0,0.0,1.5392156862745099,0.47058823529411764,0.9396335948175332,731.7884060883808,2268.1880051602784
4,0,2,48,7.0,1.0,4.029411764705882,2.4901960784313726,0.8411840563707608,2116.430586148689,6091.135758952417
4,0,2,49,8.0,1.0,3.0686274509803924,2.8627450980392157,0.8391922387934513,2258.634783936434,6381.632919412479
4,0,2,50,10.0,1.0,5.833333333333333,3.0,0.8085609575562877,3228.6837433092965,7638.11483003322
4,0,2,51,0.0,0.0,1.2156862745098038,0.43137254901960786,0.9462517736099932,633.4611660595842,2014.935983529675
4,0,2,52,9.0,1.0,4.647058823529412,3.196078431372549,0.8111833795383775,2598.6898137550534,7262.3860749211435
4,0,2,53,5.0,1.0,3.3529411764705883,1.588235294117647,0.8778738544864343,1779.6032914548146,4704.011078440058
4,0,2,54,15.0,1.0,10.480392156862745,7.627450980392157,0.6070836019181239,6783.311272085866,16805.094937526457
4,0,2,55,0.0,0.0,0.4117647058823529,0.0,0.9928421110437803,111.03029574953278,287.0753256952782
4,0,2,56,0.0,0.0,1.5098039215686274,0.21568627450980393,0.9584020275091252,516.7601999980586,1439.916618328531
4,0,2,57,0.0,0.0,0.0,0.0,0.9999933371575197,0.022236188416284716,0.06174346464994426
4,0,2,58,9.0,1.0,5.803921568627451,3.0980392156862746,0.8272739348016435,3059.5221159022267,7037.640088841342
4,0,2,59,8.0,1.0,3.4607843137254903,3.1372549019607843,0.8325327356780167,2376.173403639465,6653.02810261559
4,0,3,0,0.0,0.0,0.0,0.0,1.0,0.0,0.0
4,0,3,1,0.0,0.0,1.7647058823529411,0.0392156862745098,0.9656753601729074,638.9076168826491,1373.0030720382042
4,0,3,2,0.0,0.0,4.313725490196078,0.7843137254901961,0.9031540437934883,2035.7890025787633,4285.371404415411
4,0,3,3,0.0,0.0,0.37254901960784315,0.0,0.994046354546144,81.99021156970511,227.5200174095608
4,0,3,4,0.0,0.0,0.0,0.0,1.0,0.0,0.0
4,0,3,5,0.0,0.0,0.18627450980392157,0.0,0.9971008614091007,25.791662171118254,110.80320346848866
4,0,3,6,0.0,0.0,2.5392156862745097,0.17647058823529413,0.9456792059389943,976.1889949900233,2068.27658498684
4,0,3,7,0.0,0.0,0.7549019607843137,0.0,0.9851076426247088,155.28903684318078,570.2758434512275
4,0,3,8,0.0,0.0,0.18627450980392157,0.0,0.9971008614091007,25.791662171118254,110.80320346848866
4,0,3,9,0.0,0.0,2.5294117647058822,0.43137254901960786,0.9490041365841663,933.3410992448377,2061.6450729415933
4,0,3,10,0.0,0.0,2.5294117647058822,0.43137254901960786,0.9491247834204191,910.6840573372309,2061.383944733649
4,0,3,11,0.0,0.0,2.607843137254902,0.43137254901960786,0.9456649351386902,992.7815270466273,2215.4982506379692
4,0,3,12,0.0,0.0,0.18627450980392157,0.0,0.9971008614091007,25.791662171118254,110.80320346848866
4,0,3,13,0.0,0.0,0.7156862745098039,0.0,0.9838267207756064,188.37474815727052,624.5864042044161
4,0,3,14,0.0,0.0,1.5588235294117647,0.0392156862745098,0.9689970579457609,601.7858070273403,1238.4909655309482
4,0,3,15,0.0,0.0,0.0,0.0,0.999999914014102,0.00029937512547655016,0.0007954918776218733
4,0,3,16,0.0,0.0,0.0,0.0,1.0,0.0,0.0
4,0,3,17,0.0,0.0,0.8921568627450981,0.0196078431372549,0.9771987884149475,250.2033276765729,845.5425409772489
4,0,3,18,0.0,0.0,1.5588235294117647,0.0392156862745098,0.9688510628599453,623.6016548282574,1247.7553604941197
4,0,3,19,0.0,0.0,2.519607843137255,0.43137254901960786,0.946739672853724,952.3024393808695,2118.461467047194
4,0,3,20,2.0,0.0,3.627450980392157,0.6862745098039216,0.9221536526244457,1300.4022280295671,3042.6055631279455
4,0,3,21,0.0,0.0,1.7156862745098038,0.0392156862745098,0.9673076495359839,632.9102839747047,1316.9163028318112
4,0,3,22,0.0,0.0,0.0,0.0,1.0,0.0,0.0
4,0,3,23,0.0,0.0,3.7254901960784315,0.6470588235294118,0.9179242610665571,1820.1194388205715,3729.602023649875
4,0,3,24,0.0,0.0,2.343137254901961,0.43137254901960786,0.951821314820457,892.2302410941853,1967.749949432586
4,0,3,25,0.0,0.0,0.7156862745098039,0.0,0.9855221308448069,150.5761457741709,552.9413060496419
4,0,3,26,0.0,0.0,2.4313725490196076,0.43137254901960786,0.9503355247446543,904.8794190570217,2009.8421299193242
4,0,3,27,0.0,0.0,0.18627450980392157,0.0,0.996921699996348,56.28981821646668,116.9388499861525
4,0,3,28,0.0,0.0,3.2450980392156863,0.09803921568627451,0.9300999177188315,1135.631200686133,2693.8042040558453
4,0,3,29,0.0,0.0,0.0,0.0,1.0,0.0,0.0
4,0,3,30,0.0,0.0,1.8333333333333333,0.0392156862745098,0.9646006739147528,654.9932280306537,1407.4506086586914
4,0,3,31,0.0,0.0,2.6666666666666665,0.43137254901960786,0.9457072945632997,1001.6890669117365,2183.7738372640015
4,0,3,32,0.0,0.0,2.519607843137255,0.43137254901960786,0.9470588864041692,968.6645183289485,2160.698787472355
4,0,3,33,0.0,0.0,0.0,0.0,1.0,0.0,0.0
4,0,3,34,0.0,0.0,2.549019607843137,0.0784313725490196,0.949669972005149,858.5718315860015,1952.3734818443163
4,0,3,35,0.0,0.0,2.6666666666666665,0.43137254901960786,0.9455073885255506,976.57635040337,2220.349380870966
4,0,3,36,0.0,0.0,0.7254901960784313,0.0,0.9857080826004476,152.42215508821397,558.8760444735813
4,0,3,37,0.0,0.0,0.0,0.0,1.0,0.0,0.0
4,0,3,38,0.0,0.0,1.6568627450980393,0.0392156862745098,0.9643245897622482,663.1807734673866,1359.061583988893
4,0,3,39,0.0,0.0,1.7156862745098038,0.0392156862745098,0.967309045230849,632.9058379370674,1316.9033909224665
4,0,3,40,0.0,0.0,0.0,0.0,0.9999762068593047,0.09126881787981131,0.22203604508039193
4,0,3,41,0.0,0.0,0.18627450980392157,0.0,0.9971007754232035,25.79196154624373,110.80399896036627
4,0,3,42,0.0,0.0,0.0,0.0,1.0,0.0,0.0
4,0,3,43,0.0,0.0,2.196078431372549,0.058823529411764705,0.9554173276378584,836.826717109331,1724.370528852744
4,0,3,44,0.0,0.0,2.2549019607843137,0.0784313725490196,0.9549195429894959,767.9735519271634,1777.601531164699
4,0,3,45,0.0,0.0,0.7254901960784313,0.0,0.9830566879962416,206.75650788349216,655.8098046861203
4,0,3,46,0.0,0.0,0.6862745098039216,0.0,0.9861226568064435,147.70896464407863,541.540711580118
4,0,3,47,0.0,0.0,0.18627450980392157,0.0,0.9971007754232035,25.79196154624373,110.80399896036627
4,0,3,48,0.0,0.0,0.0,0.0,1.0,0.0,0.0
4,0,3,49,0.0,0.0,0.0,0.0,1.0,0.0,0.0
4,0,3,50,0.0,0.0,2.5098039215686274,0.43137254901960786,0.9472320324920981,956.4764184459071,2145.479342881899
4,0,3,51,0.0,0.0,0.18627450980392157,0.0,0.9971008614091007,25.791662171118254,110.80320346848866
4,0,3,52,0.0,0.0,0.0,0.0,1.0,0.0,0.0
4,0,3,53,0.0,0.0,0.0,0.0,1.0,0.0,0.0
4,0,3,54,0.0,0.0,1.8431372549019607,0.0392156862745098,0.9619267175346572,723.6685333968294,1480.9711517977985
4,0,3,55,0.0,0.0,0.18627450980392157,0.0,0.9971008614091007,25.791662171118254,110.80320346848866
4,0,3,56,0.0,0.0,0.0,0.0,1.0,0.0,0.0
4,0,3,57,0.0,0.0,0.0,0.0,1.0,0.0,0.0
4,0,3,58,0.0,0.0,2.2450980392156863,0.17647058823529413,0.9559245995897409,878.1063046271795,1735.05938647037
4,0,3,59,0.0,0.0,0.0,0.0,1.0,0.0,0.0
4,0,4,0,0.0,0.0,0.0,0.0,1.0,0.0,0.0
4,0,4,1,0.0,0.0,0.0,0.0,1.0,0.0,0.0
4,0,4,2,0.0,0.0,0.0,0.0,1.0,0.0,0.0
4,0,4,3,0.0,0.0,0.0,0.0,1.0,0.0,0.0
4,0,4,4,0.0,0.0,0.0,0.0,1.0,0.0,0.0
4,0,4,5,0.0,0.0,0.0,0.0,1.0,0.0,0.0
4,0,4,6,0.0,0.0,0.0,0.0,1.0,0.0,0.0
4,0,4,7,0.0,0.0,0.0,0.0,1.0,0.0,0.0
4,0,4,8,0.0,0.0,0.0,0.0,1.0,0.0,0.0
4,0,4,9,0.0,0.0,0.0,0.0,1.0,0.0,0.0
4,0,4,10,0.0,0.0,0.0,0.0,1.0,0.0,0.0
4,0,4,11,0.0,0.0,0.0,0.0,1.0,0.0,0.0
4,0,4,12,0.0,0.0,0.0,0.0,1.0,0.0,0.0
4,0,4,13,0.0,0.0,0.0,0.0,1.0,0.0,0.0
4,0,4,14,0.0,0.0,0.0,0.0,1.0,0.0,0.0
4,0,4,15,0.0,0.0,0.0,0.0,1.0,0.0,0.0
4,0,4,16,0.0,0.0,0.0,0.0,1.0,0.0,0.0
4,0,4,17,0.0,0.0,0.0,0.0,1.0,0.0,0.0
4,0,4,18,0.0,0.0,0.0,0.0,1.0,0.0,0.0
4,0,4,19,0.0,0.0,0.0,0.0,1.0,0.0,0.0
4,0,4,20,0.0,0.0,0.0,0.0,1.0,0.0,0.0
4,0,4,21,0.0,0.0,0.0,0.0,1.0,0.0,0.0
4,0,4,22,0.0,0.0,0.0,0.0,1.0,0.0,0.0
4,0,4,23,0.0,0.0,0.0,0.0,1.0,0.0,0.0
4,0,4,24,0.0,0.0,0.0,0.0,1.0,0.0,0.0
4,0,4,25,0.0,0.0,0.0,0.0,1.0,0.0,0.0
4,0,4,26,0.0,0.0,0.0,0.0,1.0,0.0,0.0
4,0,4,27,0.0,0.0,0.0,0.0,1.0,0.0,0.0
4,0,4,28,0.0,0.0,0.0,0.0,1.0,0.0,0.0
4,0,4,29,0.0,0.0,0.0,0.0,1.0,0.0,0.0
4,0,4,30,0.0,0.0,0.0,0.0,1.0,0.0,0.0
4,0,4,31,0.0,0.0,0.0,0.0,1.0,0.0,0.0
4,0,4,32,0.0,0.0,0.0,0.0,1.0,0.0,0.0
4,0,4,33,0.0,0.0,0.0,0.0,1.0,0.0,0.0
4,0,4,34,0.0,0.0,0.0,0.0,1.0,0.0,0.0
4,0,4,35,0.0,0.0,0.0,0.0,1.0,0.0,0.0
4,0,4,36,0.0,0.0,0.0,0.0,1.0,0.0,0.0
4,0,4,37,0.0,0.0,0.0,0.0,1.0,0.0,0.0
4,0,4,38,0.0,0.0,0.0,0.0,1.0,0.0,0.0
4,0,4,39,0.0,0.0,0.0,0.0,1.0,0.0,0.0
4,0,4,40,0.0,0.0,0.0,0.0,1.0,0.0,0.0
4,0,4,41,0.0,0.0,0.0,0.0,1.0,0.0,0.0
4,0,4,42,0.0,0.0,0.0,0.0,1.0,0.0,0.0
4,0,4,43,0.0,0.0,0.0,0.0,1.0,0.0,0.0
4,0,4,44,0.0,0.0,0.0,0.0,1.0,0.0,0.0
4,0,4,45,0.0,0.0,0.0,0.0,1.0,0.0,0.0
4,0,4,46,0.0,0.0,0.0,0.0,1.0,0.0,0.0
4,0,4,47,0.0,0.0,0.0,0.0,1.0,0.0,0.0
4,0,4,48,0.0,0.0,0.0,0.0,1.0,0.0,0.0
4,0,4,49,0.0,0.0,0.0,0.0,1.0,0.0,0.0
4,0,4,50,0.0,0.0,0.0,0.0,1.0,0.0,0.0
4,0,4,51,0.0,0.0,0.0,0.0,1.0,0.0,0.0
4,0,4,52,0.0,0.0,0.0,0.0,1.0,0.0,0.0
4,0,4,53,0.0,0.0,0.0,0.0,1.0,0.0,0.0
4,0,4,54,0.0,0.0,0.0,0.0,1.0,0.0,0.0
4,0,4,55,0.0,0.0,0.0,0.0,1.0,0.0,0.0
4,0,4,56,0.0,0.0,0.0,0.0,1.0,0.0,0.0
4,0,4,57,0.0,0.0,0.0,0.0,1.0,0.0,0.0
4,0,4,58,0.0,0.0,0.0,0.0,1.0,0.0,0.0
4,0,4,59,0.0,0.0,0.0,0.0,1.0,0.0,0.0
4,1,0,0,20.0,1.0,14.490196078431373,17.058823529411764,0.33722123505776813,17002.541132032584,43696.70287763048
4,1,0,1,20.0,1.0,16.11764705882353,16.58823529411765,0.3391137739524057,17169.360361424657,42165.20312542481
4,1,0,2,20.0,1.0,17.58823529411765,16.980392156862745,0.3058547372399774,18175.47675854077,44622.780891475435
4,1,0,3,20.0,1.0,13.72549019607843,15.843137254901961,0.4122535838518481,13916.272236027642,34495.91584698311
4,1,0,4,18.0,1.0,11.27450980392157,13.196078431372548,0.4949396226250729,11293.35897022146,29084.648789043986
4,1,0,5,20.0,1.0,14.264705882352942,16.784313725490197,0.3663122400211672,16156.76688920904,41465.83188015197
4,1,0,6,21.0,1.0,18.205882352941178,18.372549019607842,0.25132493093558744,20546.9542770092,50719.78379285988
4,1,0,7,17.0,1.0,12.068627450980392,14.215686274509803,0.4704390417480497,12005.711230032417,30198.11727490193
4,1,0,8,19.0,1.0,12.245098039215685,15.03921568627451,0.4315028077046667,13607.336932932289,34763.296921739246
4,1,0,9,20.0,1.0,17.794117647058822,17.647058823529413,0.28842118372387043,18739.933144261617,46292.692601500254
4,1,0,10,20.0,1.0,16.5,16.823529411764707,0.3372278075860153,17139.070567371393,41935.56592984259
4,1,0,11,19.0,1.0,15.411764705882353,15.705882352941176,0.3739848862088757,15818.800472636885,38746.99060075312
4,1,0,12,19.0,1.0,13.392156862745098,16.137254901960784,0.38576420531649697,15562.937095644425,39482.974629816854
4,1,0,13,19.0,1.0,15.235294117647058,15.92156862745098,0.3768702396632259,15456.501653599224,38457.55486418855
4,1,0,14,20.0,1.0,17.53921568627451,17.176470588235293,0.29125224700876473,18767.502520296483,46159.49726670085
4,1,0,15,20.0,1.0,16.45098039215686,17.45098039215686,0.3093371746339312,17506.79605077921,43602.68635650773
4,1,0,16,20.0,1.0,16.392156862745097,17.54901960784314,0.2930917892218473,18458.43884788698,46275.956079949254
4,1,0,17,21.0,1.0,16.58823529411765,17.666666666666668,0.2961029134372071,18507.204691848314,46829.90954641475
4,1,0,18,20.0,1.0,16.127450980392158,16.980392156862745,0.3336185739760693,17281.03076161613,42444.17731167079
4,1,0,19,19.0,1.0,15.303921568627452,15.450980392156863,0.37675841389827275,15770.784768549382,38883.98841461853
4,1,0,20,20.0,1.0,17.872549019607842,17.313725490196077,0.30125477454067273,18694.801679103653,45663.17961410742
4,1,0,21,18.0,1.0,14.382352941176471,14.823529411764707,0.4157826414811272,13862.258950892909,34165.099900448135
4,1,0,22,19.0,1.0,12.715686274509803,15.411764705882353,0.419537502467591,13714.882079845462,34724.49989137378
4,1,0,23,18.0,1.0,16.098039215686274,15.352941176470589,0.3714452088043448,15244.602683188936,37560.91864904479
4,1,0,24,18.0,1.0,15.088235294117647,15.03921568627451,0.3974060702105149,14450.656622449522,35690.96593458324
4,1,0,25,19.0,1.0,15.441176470588236,16.176470588235293,0.3531077759757067,16181.357192481662,40555.30903996642
4,1,0,26,20.0,1.0,17.215686274509803,17.274509803921568,0.30314056534613465,18303.63546313318,45223.442419998566
4,1,0,27,18.0,1.0,14.009803921568627,15.294117647058824,0.40462877482851417,14205.76598261821,35643.293190210294
4,1,0,28,21.0,1.0,18.147058823529413,17.862745098039216,0.2662353488473547,19952.943289671373,49733.30195213041
4,1,0,29,16.0,1.0,8.705882352941176,10.294117647058824,0.6390689442875325,7199.989614689377,18205.67397601387
4,1,0,30,20.0,1.0,17.186274509803923,17.137254901960784,0.2995686899703227,18171.636775023315,44919.89105288915
4,1,0,31,18.0,1.0,14.470588235294118,14.196078431372548,0.4361570583650565,13517.09527196273,32623.568320264036
4,1,0,32,19.0,1.0,15.352941176470589,15.549019607843137,0.37462883230289606,15922.91843101575,38951.55849658233
4,1,0,33,18.0,1.0,12.77450980392157,14.882352941176471,0.45493536286962444,12385.71004405109,30717.68634255755
4,1,0,34,19.0,1.0,16.58823529411765,16.313725490196077,0.33580666755888194,16953.44585082324,41729.684318384825
4,1,0,35,20.0,1.0,17.607843137254903,17.627450980392158,0.2876812442664624,19034.99762543827,47115.586831972316
4,1,0,36,19.0,1.0,15.72549019607843,16.745098039215687,0.3371868938566079,16432.60259375363,41219.784826030445
4,1,0,37,17.0,1.0,11.068627450980392,13.294117647058824,0.4931960681572432,10723.259495769154,28095.697273863294
4,1,0,38,20.0,1.0,16.53921568627451,16.666666666666668,0.32367111267490284,17789.630055686153,43894.71551642283
4,1,0,39,18.0,1.0,14.490196078431373,14.254901960784315,0.4214343013803496,13619.792581326044,33375.52594022303
4,1,0,40,16.0,1.0,10.96078431372549,12.450980392156863,0.516563080971192,10230.986157779813,26042.46209746183
4,1,0,41,18.0,1.0,14.029411764705882,15.313725490196079,0.41187745116914437,14171.86350253788,34995.432634110104
4,1,0,42,20.0,1.0,12.676470588235293,16.0,0.4040661800630974,14983.369636913076,38605.0244551197
4,1,0,43,21.0,1.0,17.774509803921568,17.627450980392158,0.2821414465561103,19245.74865386212,47357.66719977877
4,1,0,44,19.0,1.0,17.205882352941178,16.725490196078432,0.31084060826769105,17801.235923846754,43958.36047454282
4,1,0,45,17.0,1.0,14.186274509803921,14.980392156862745,0.41082214271604084,13269.899599333205,33601.03706695586
4,1,0,46,18.0,1.0,14.696078431372548,14.843137254901961,0.3977477813823551,14122.40483729529,34983.31127487861
4,1,0,47,20.0,1.0,15.372549019607844,17.0,0.3411696346755504,17002.724188001335,42411.6668220585
4,1,0,48,19.0,1.0,13.42156862745098,15.803921568627452,0.39146132642387516,14698.429011530648,37965.36139645882
4,1,0,49,20.0,1.0,12.019607843137255,15.117647058823529,0.4340878875378189,13867.336881761137,35652.114920744294
4,1,0,50,20.0,1.0,16.431372549019606,16.49019607843137,0.3295941939709685,17617.67478794843,43212.70397687376
4,1,0,51,20.0,1.0,12.950980392156863,15.352941176470589,0.42425230688329846,14490.707916158774,36280.2564129212
4,1,0,52,19.0,1.0,15.627450980392156,17.274509803921568,0.3225483959531093,17348.83215556344,43467.04320499097
4,1,0,53,19.0,1.0,12.27450980392157,14.686274509803921,0.4486857643964364,13675.738157597056,34323.28339606035
4,1,0,54,21.0,1.0,18.0,18.176470588235293,0.25514835700808725,20437.135760655874,50609.25562506879
4,1,0,55,18.0,1.0,13.392156862745098,15.137254901960784,0.43937195747560437,12909.311753519502,32179.582451770388
4,1,0,56,18.0,1.0,13.882352941176471,14.941176470588236,0.4027223718835254,14211.986690173931,35484.01920026189
4,1,0,57,15.0,1.0,10.362745098039216,11.058823529411764,0.5731605042757445,8635.592723435757,21342.4548276011
4,1,0,58,19.0,1.0,15.794117647058824,15.980392156862745,0.36368083098567694,16148.732001179596,39588.418756941726
4,1,0,59,19.0,1.0,13.343137254901961,14.784313725490197,0.42263939670460987,13908.464607042331,34843.22188471264
4,1,1,0,17.0,1.0,11.529411764705882,12.92156862745098,0.4779881505778001,11222.540628143237,29251.689785218015
4,1,1,1,16.0,1.0,11.686274509803921,10.431372549019608,0.5543486669603749,9224.598546681162,22340.566720471463
4,1,1,2,18.0,1.0,15.22549019607843,13.588235294117647,0.4250662161924695,13193.219580162184,32112.592484305587
4,1,1,3,12.0,1.0,8.049019607843137,8.137254901960784,0.6768318973892057,5522.247871946377,13806.26627057799
4,1,1,4,12.0,1.0,7.019607843137255,7.176470588235294,0.7033535023431149,4822.218153494374,12654.714607201864
4,1,1,5,15.0,1.0,9.676470588235293,10.450980392156863,0.5765361467685725,8142.686857899736,21362.934724562496
4,1,1,6,18.0,1.0,15.470588235294118,14.313725490196079,0.3874953624263853,14623.620587657224,35895.00761385237
4,1,1,7,13.0,1.0,8.911764705882353,9.058823529411764,0.6314282104586678,6488.2182280058805,16628.4320702344
4,1,1,8,14.0,1.0,8.127450980392156,9.470588235294118,0.6226201425325067,7013.159408605959,18240.436057019153
4,1,1,9,17.0,1.0,14.823529411764707,13.666666666666666,0.4241795046142011,13124.236096601599,32362.558406733562
4,1,1,10,16.0,1.0,13.176470588235293,11.901960784313726,0.5041880662209157,10421.387441527793,25588.526135170432
4,1,1,11,15.0,1.0,11.598039215686274,10.549019607843137,0.5513639302699322,9344.874694163385,22928.714150809697
4,1,1,12,14.0,1.0,7.911764705882353,8.529411764705882,0.6410097071683816,6606.385382118057,17133.988851024755
4,1,1,13,16.0,1.0,10.509803921568627,10.549019607843137,0.5705543180684427,8492.526454022613,21688.255474013153
4,1,1,14,17.0,1.0,14.754901960784315,13.392156862745098,0.4235266116670808,13137.078936614062,32303.857692174057
4,1,1,15,17.0,1.0,13.176470588235293,12.647058823529411,0.46902757478019597,11138.805789909533,27888.815016912016
4,1,1,16,16.0,1.0,10.803921568627452,11.666666666666666,0.521935405419875,9721.854455318486,24906.106191810428
4,1,1,17,18.0,1.0,12.617647058823529,13.117647058823529,0.46094986103953883,11805.584760581596,30661.352458042373
4,1,1,18,16.0,1.0,12.558823529411764,11.686274509803921,0.5154227822163692,10236.43466229309,24939.425519868913
4,1,1,19,15.0,1.0,11.509803921568627,10.411764705882353,0.5590308765941367,8982.63565983287,22087.3067550326
4,1,1,20,18.0,1.0,15.156862745098039,13.607843137254902,0.42819079927327125,13259.952340500682,32347.718274746065
4,1,1,21,14.0,1.0,10.843137254901961,9.431372549019608,0.5902511801088707,7894.811207719331,19293.803207599933
4,1,1,22,14.0,1.0,8.901960784313726,10.176470588235293,0.5994766076657886,7476.331154685934,19274.050470343605
4,1,1,23,16.0,1.0,12.607843137254902,10.764705882352942,0.5335039605587805,9569.213519066368,23283.424181680133
4,1,1,24,14.0,1.0,11.22549019607843,9.843137254901961,0.5781147614994216,8264.332246803326,20378.0911433153
4,1,1,25,15.0,1.0,10.401960784313726,10.764705882352942,0.5548682606334266,8623.124333740278,22547.233730758733
4,1,1,26,17.0,1.0,14.411764705882353,13.529411764705882,0.4344141559478298,12700.827122759498,31450.229433187007
4,1,1,27,12.0,1.0,8.980392156862745,8.529411764705882,0.6381883083960441,6212.609156903673,15847.567162664962
4,1,1,28,19.0,1.0,15.901960784313726,14.313725490196079,0.38166356098426607,14757.901264052025,36700.9032404204
4,1,1,29,7.0,1.0,4.0,3.6666666666666665,0.8508008553428094,2344.9782939233846,6014.796283208108
4,1,1,30,18.0,1.0,14.911764705882353,13.627450980392156,0.4117675111301156,13448.119816227952,33176.16730780594
4,1,1,31,15.0,1.0,11.019607843137255,9.941176470588236,0.5945745224153517,8204.170665585627,19640.968359933097
4,1,1,32,16.0,1.0,11.647058823529411,10.666666666666666,0.5477939508030174,9612.352677597668,23502.303598050203
4,1,1,33,4.0,1.0,3.2745098039215685,3.176470588235294,0.8822474486293698,2027.4114127169707,4982.274385067382
4,1,1,34,17.0,1.0,14.558823529411764,12.823529411764707,0.44610122364868593,12548.397569615332,30670.06953348831
4,1,1,35,17.0,1.0,14.676470588235293,13.607843137254902,0.42911070056075945,13018.649862188084,32285.57894279087
4,1,1,36,17.0,1.0,12.911764705882353,12.843137254901961,0.4685225134169175,11401.94603850235,28610.492056603216
4,1,1,37,8.0,1.0,3.843137254901961,4.411764705882353,0.8080698526034557,2591.573084199229,7396.555793877857
4,1,1,38,17.0,1.0,13.715686274509803,12.647058823529411,0.46057439418261414,12007.064225975004,29573.438613579423
4,1,1,39,14.0,1.0,11.068627450980392,9.215686274509803,0.5886274184481245,8110.902921758537,19499.92226498418
4,1,1,40,9.0,1.0,5.176470588235294,5.117647058823529,0.7708727259842133,3325.229759034389,8932.627369081301
4,1,1,41,12.0,1.0,8.931372549019608,8.647058823529411,0.641642427993796,6066.348651900804,15258.009316598762
4,1,1,42,15.0,1.0,8.46078431372549,10.431372549019608,0.5922410223806587,7890.914644487852,20914.774766412185
4,1,1,43,18.0,1.0,14.950980392156863,13.784313725490197,0.41267731943856556,13647.540574709696,33488.24327576417
4,1,1,44,18.0,1.0,15.245098039215685,13.215686274509803,0.416885716054982,13230.689186718355,32611.97369483074
4,1,1,45,14.0,1.0,10.901960784313726,9.941176470588236,0.573389209729304,7737.641470116523,19781.77797496975
4,1,1,46,15.0,1.0,10.96078431372549,9.862745098039216,0.5758395345187329,7943.6877262510225,19852.74041966237
4,1,1,47,13.0,1.0,9.147058823529411,9.72549019607843,0.61834988493157,7246.479661105905,18160.333891792492
4,1,1,48,15.0,1.0,9.705882352941176,10.313725490196079,0.5754778815375821,7930.596066989824,20944.237541817238
4,1,1,49,15.0,1.0,8.235294117647058,9.27450980392157,0.6186184057393492,7512.095830544019,19455.391377922617
4,1,1,50,16.0,1.0,12.450980392156863,11.490196078431373,0.5109764412577668,10479.01343748457,25608.496179148427
4,1,1,51,12.0,1.0,7.03921568627451,7.2745098039215685,0.6960518862704071,5148.041199017508,13258.305292110712
4,1,1,52,16.0,1.0,11.294117647058824,12.196078431372548,0.5015730511019868,10133.951123383355,26220.382885848183
4,1,1,53,15.0,1.0,8.892156862745098,9.156862745098039,0.6236624036342128,7445.121095008369,18653.347257126796
4,1,1,54,18.0,1.0,15.53921568627451,14.647058823529411,0.3757295966924837,14894.559313992444,37010.8835791861
4,1,1,55,7.0,1.0,3.911764705882353,4.333333333333333,0.8341177736726904,2279.1087033400777,6085.605538989657
4,1,1,56,8.0,1.0,5.2745098039215685,4.549019607843137,0.7872729207565484,2808.044439769006,7517.61340055605
4,1,1,57,9.0,1.0,5.676470588235294,4.647058823529412,0.7997597498483252,3241.9450222600835,7849.035581335495
4,1,1,58,16.0,1.0,12.029411764705882,10.549019607843137,0.5494882145084531,9471.00330102754,22831.67065129013
4,1,1,59,13.0,1.0,7.303921568627451,8.117647058823529,0.6629923466092932,6016.210357092896,15899.403276875606
4,1,2,0,12.0,1.0,6.627450980392157,5.882352941176471,0.7054955286923468,4541.066481884116,12259.759028775785
4,1,2,1,11.0,1.0,7.4411764705882355,4.450980392156863,0.7573652648219605,4391.463340717166,10272.953408194015
4,1,2,2,15.0,1.0,10.401960784313726,7.019607843137255,0.6576189931305622,6646.368207287458,15719.239465940243
4,1,2,3,2.0,0.0,2.5098039215686274,1.2941176470588236,0.9269480035313783,1207.4245766859808,2749.4320984554515
4,1,2,4,2.0,0.0,2.303921568627451,0.7058823529411765,0.9306156250597097,922.9521110886654,2580.505825922288
4,1,2,5,8.0,1.0,4.2254901960784315,3.4901960784313726,0.817011930518166,2708.8838405992456,7239.342740783638
4,1,2,6,15.0,1.0,11.490196078431373,9.07843137254902,0.5722446788932279,8319.007844405154,20197.43097300819
4,1,2,7,8.0,1.0,5.068627450980392,3.627450980392157,0.8179840091615659,2632.5629622364368,6737.664205889589
4,1,2,8,6.0,1.0,2.823529411764706,2.7058823529411766,0.8604070096060631,2026.7427304647035,5405.932389869381
4,1,2,9,14.0,1.0,10.715686274509803,7.372549019607843,0.6319727043834957,6696.148005519149,16303.088287352652
4,1,2,10,10.0,1.0,7.303921568627451,4.784313725490196,0.7673163014733819,4006.8660251866777,9595.655571031119
4,1,2,11,11.0,1.0,7.754901960784314,5.607843137254902,0.7218038226366733,4788.229906185602,11736.431582958878
4,1,2,12,6.0,1.0,2.892156862745098,2.764705882352941,0.8577222282305215,2027.6397084772166,5450.032948369785
4,1,2,13,11.0,1.0,6.450980392156863,4.9411764705882355,0.7612696606924296,3748.476415634924,9705.155343939276
4,1,2,14,14.0,1.0,11.03921568627451,8.156862745098039,0.5978849977886022,7554.0845626269465,18406.81022653109
4,1,2,15,9.0,1.0,6.284313725490196,3.6862745098039214,0.788175719076861,3197.1617066929357,8012.16988979541
4,1,2,16,10.0,1.0,5.8431372549019605,4.372549019607843,0.7702481842333292,3332.110781964505,8917.97758238544
4,1,2,17,15.0,1.0,10.22549019607843,9.156862745098039,0.5823823923490244,7675.285311694095,20298.39494215882
4,1,2,18,9.0,1.0,7.147058823529412,4.392156862745098,0.7699564005623761,4036.071610679328,9367.2076881243
4,1,2,19,11.0,1.0,7.8431372549019605,5.607843137254902,0.7268547011385994,4594.077409116469,11414.65955152755
4,1,2,20,15.0,1.0,11.705882352941176,8.588235294117647,0.6010333799761531,7645.554416429815,18397.060517705104
4,1,2,21,10.0,1.0,6.627450980392157,3.9019607843137254,0.7868755961711802,3680.127876145524,8721.862861575592
4,1,2,22,6.0,1.0,3.676470588235294,3.372549019607843,0.8444974334741181,2324.3271850125934,5952.814628495311
4,1,2,23,11.0,1.0,8.843137254901961,5.196078431372549,0.7208819392550764,5122.970045030087,12039.01552085589
4,1,2,24,9.0,1.0,6.215686274509804,3.784313725490196,0.8055336346660575,3287.5241422505105,7758.281202473618
4,1,2,25,12.0,1.0,7.147058823529412,6.1568627450980395,0.7110292488512719,4441.0790966657605,11859.729731320902
4,1,2,26,13.0,1.0,10.029411764705882,7.392156862745098,0.643924741898359,6328.627428819294,15577.83113448133
4,1,2,27,5.0,1.0,3.4019607843137254,1.7843137254901962,0.8784403238805657,1560.9220800571698,4321.71545911655
4,1,2,28,16.0,1.0,13.088235294117647,10.156862745098039,0.5207907399338567,9734.496304043934,24092.960080582867
4,1,2,29,0.0,0.0,0.4117647058823529,0.0,0.9893852719677395,173.73914056856685,420.8546139490967
4,1,2,30,14.0,1.0,10.862745098039216,7.7254901960784315,0.610458990075066,7148.6854095876015,17494.77400780303
4,1,2,31,9.0,1.0,6.254901960784314,3.2549019607843137,0.8182073778996588,3281.6744876138823,7538.78740340384
4,1,2,32,11.0,1.0,8.049019607843137,5.666666666666667,0.715379542758595,4972.557182233808,12145.678368652181
4,1,2,33,0.0,0.0,0.20588235294117646,0.0,0.9969165328493084,54.424980110838554,120.69038276755488
4,1,2,34,14.0,1.0,11.107843137254902,7.529411764705882,0.6266404706285408,7036.096421104602,16755.341668675523
4,1,2,35,15.0,1.0,11.647058823529411,9.0,0.5818911135547739,7882.410997245298,19625.351357365587
4,1,2,36,13.0,1.0,9.294117647058824,7.686274509803922,0.6411228383516223,6141.458571815819,15612.405112930594
4,1,2,37,0.0,0.0,1.3627450980392157,0.5686274509803921,0.941661713782338,743.2763544905574,2315.2467189457857
4,1,2,38,13.0,1.0,9.215686274509803,6.764705882352941,0.6678312066998805,6043.128320185158,14671.919764504977
4,1,2,39,10.0,1.0,6.676470588235294,3.3529411764705883,0.7952378472653122,3644.357874675126,8445.142798176114
4,1,2,40,1.0,0.0,1.303921568627451,1.2352941176470589,0.9287874257398164,848.3410988787807,2630.4786431544853
4,1,2,41,0.0,0.0,1.7156862745098038,0.39215686274509803,0.9611651509676666,618.0726166414129,1365.2866649418233
4,1,2,42,9.0,1.0,3.735294117647059,4.313725490196078,0.8010995449262598,2936.108350650259,8198.634934443038
4,1,2,43,14.0,1.0,11.07843137254902,8.03921568627451,0.6011202756854491,7565.477651804696,18339.109171717533
4,1,2,44,14.0,1.0,11.107843137254902,7.588235294117647,0.6206084153137402,7059.508888581519,17010.444263300815
4,1,2,45,10.0,1.0,5.882352941176471,4.03921568627451,0.7925565622859518,2970.0925348701567,7878.346960704077
4,1,2,46,10.0,1.0,7.431372549019608,5.0588235294117645,0.7443666532227984,3999.8122760762035,9787.96171848927
4,1,2,47,5.0,1.0,3.1372549019607843,1.8235294117647058,0.8836216526921046,1517.5799374349726,4107.537284687718
4,1,2,48,11.0,1.0,6.598039215686274,5.529411764705882,0.7204228008206933,4189.534167589831,11503.923152370913
4,1,2,49,9.0,1.0,3.8823529411764706,4.392156862745098,0.797435458304097,3060.8590626705236,8471.621338312692
4,1,2,50,11.0,1.0,8.07843137254902,6.117647058823529,0.7040780210670304,5195.192374061105,12584.739042540192
4,1,2,51,1.0,0.0,1.6274509803921569,0.9215686274509803,0.926637095080479,933.7047860999132,2733.6809720664505
4,1,2,52,11.0,1.0,6.647058823529412,5.862745098039215,0.715375995908834,4307.404762403942,11646.744747840148
4,1,2,53,8.0,1.0,4.303921568627451,3.2549019607843137,0.8274561293763739,2680.292580559057,6913.029503094358
4,1,2,54,16.0,1.0,12.07843137254902,9.568627450980392,0.5411532731664138,9100.102826836452,22528.919845601384
4,1,2,55,0.0,0.0,0.4117647058823529,0.0,0.9915929383809688,133.00856763276815,328.9153055926529
4,1,2,56,0.0,0.0,1.8137254901960784,0.3333333333333333,0.9396087005106156,751.196217535447,2165.8078353483447
4,1,2,57,0.0,0.0,0.0,0.0,0.9999933371575197,0.022236188416284716,0.06174346464994426
4,1,2,58,11.0,1.0,7.931372549019608,5.215686274509804,0.7389098525793286,4788.985600033653,11244.092007548337
4,1,2,59,9.0,1.0,4.205882352941177,4.196078431372549,0.7939940754562653,3089.4130318943594,8550.918052557696
4,1,3,0,0.0,0.0,0.0,0.0,1.0,0.0,0.0
4,1,3,1,0.0,0.0,2.2450980392156863,0.23529411764705882,0.9544787673393461,827.617121654731,1791.865659799252
4,1,3,2,5.0,1.0,5.147058823529412,1.0784313725490196,0.8814149268408563,2559.1393617497047,5511.168680676205
4,1,3,3,0.0,0.0,0.6666666666666666,0.09803921568627451,0.987766793961367,230.35144809895732,445.51811123937273
4,1,3,4,0.0,0.0,0.0,0.0,1.0,0.0,0.0
4,1,3,5,0.0,0.0,0.18627450980392157,0.0,0.9971008614091007,25.791662171118254,110.80320346848866
4,1,3,6,2.0,0.0,3.2058823529411766,0.49019607843137253,0.9258769296793351,1330.283713870847,2906.605860869879
4,1,3,7,0.0,0.0,0.8235294117647058,0.11764705882352941,0.9815411045298982,220.90722692144737,690.0036463336731
4,1,3,8,0.0,0.0,0.18627450980392157,0.0,0.9971008614091007,25.791662171118254,110.80320346848866
4,1,3,9,1.0,0.0,3.0980392156862746,0.6274509803921569,0.9322312300584241,1294.7913016012149,2802.811539223472
4,1,3,10,1.0,0.0,3.0686274509803924,0.6666666666666666,0.932423824688765,1258.2286694122731,2792.333542872974
4,1,3,11,0.0,0.0,3.0980392156862746,0.5490196078431373,0.9326813464592917,1322.55683178914,2863.1004864569377
4,1,3,12,0.0,0.0,0.18627450980392157,0.0,0.9971008614091007,25.791662171118254,110.80320346848866
4,1,3,13,0.0,0.0,0.8137254901960784,0.13725490196078433,0.9754122773091393,306.5977451672992,915.4716931000027
4,1,3,14,0.0,0.0,2.019607843137255,0.2549019607843137,0.9583705133434849,769.8703575039845,1633.252516208309
4,1,3,15,0.0,0.0,0.0,0.0,0.999999914014102,0.00029937512547655016,0.0007954918776218733
4,1,3,16,0.0,0.0,0.0,0.0,1.0,0.0,0.0
4,1,3,17,0.0,0.0,1.088235294117647,0.1568627450980392,0.9680443669245856,387.9445639457632,1165.5862956170722
4,1,3,18,0.0,0.0,2.0294117647058822,0.23529411764705882,0.958616592449896,796.2460100537008,1637.1589872046359
4,1,3,19,1.0,0.0,3.0294117647058822,0.5686274509803921,0.9336048684039321,1275.767535392675,2774.0667209795333
4,1,3,20,5.0,1.0,4.53921568627451,1.0392156862745099,0.8967906757029992,1845.5005735309464,4193.7130705520585
4,1,3,21,0.0,0.0,1.9901960784313726,0.23529411764705882,0.9588343238898142,775.724737896501,1618.9894147831556
4,1,3,22,0.0,0.0,0.0,0.0,1.0,0.0,0.0
4,1,3,23,3.0,0.0,4.5,0.8823529411764706,0.8996017926030607,2256.016765456373,4738.823643863866
4,1,3,24,0.0,0.0,2.9901960784313726,0.5490196078431373,0.9372767237355867,1218.1270803461757,2637.414303122021
4,1,3,25,0.0,0.0,0.7843137254901961,0.11764705882352941,0.9808817643482614,234.71268725402476,705.8722385876077
4,1,3,26,0.0,0.0,2.9607843137254903,0.5882352941176471,0.9353229652688279,1249.0874716466467,2713.4154170654692
4,1,3,27,0.0,0.0,0.5490196078431373,0.0,0.9913112242555719,189.73444294825018,335.82697443071834
4,1,3,28,5.0,1.0,3.872549019607843,0.6078431372549019,0.9019898804794986,1616.7890005529614,3822.2173496683517
4,1,3,29,0.0,0.0,0.0,0.0,1.0,0.0,0.0
4,1,3,30,0.0,0.0,2.1176470588235294,0.23529411764705882,0.9569182102335937,795.5544432752902,1693.5870961504324
4,1,3,31,0.0,0.0,3.2254901960784315,0.5882352941176471,0.931743895125384,1337.1546346059017,2865.0977340808768
4,1,3,32,0.0,0.0,3.049019607843137,0.5490196078431373,0.9342039565435574,1289.0660143076452,2784.0022753162643
4,1,3,33,0.0,0.0,0.0,0.0,1.0,0.0,0.0
4,1,3,34,0.0,0.0,3.0294117647058822,0.37254901960784315,0.9361579793293114,1119.2156873150052,2515.508566717066
4,1,3,35,1.0,0.0,3.323529411764706,0.803921568627451,0.9259607326922193,1324.9606200949734,3054.2794947875113
4,1,3,36,0.0,0.0,0.7843137254901961,0.11764705882352941,0.9823217195055572,216.33766674919778,671.8335927865758
4,1,3,37,0.0,0.0,0.0,0.0,1.0,0.0,0.0
4,1,3,38,0.0,0.0,2.2254901960784315,0.23529411764705882,0.9510928306342623,882.6093700107265,1851.1583310426463
4,1,3,39,0.0,0.0,2.0784313725490198,0.23529411764705882,0.9583038461866998,782.92409536417,1638.5457751828071
4,1,3,40,0.0,0.0,0.0,0.0,0.9999762068593047,0.09126881787981131,0.22203604508039193
4,1,3,41,0.0,0.0,0.18627450980392157,0.0,0.9971007754232035,25.79196154624373,110.80399896036627
4,1,3,42,0.0,0.0,0.0,0.0,1.0,0.0,0.0
4,1,3,43,0.0,0.0,2.6372549019607843,0.27450980392156865,0.9447624924839836,1033.8940153205897,2181.8957969884586
4,1,3,44,0.0,0.0,2.6666666666666665,0.35294117647058826,0.9430914090275461,985.4213324795261,2247.309926622239
4,1,3,45,0.0,0.0,0.7843137254901961,0.11764705882352941,0.9806368154097753,256.7574773766904,742.6437178514761
4,1,3,46,0.0,0.0,0.7450980392156863,0.11764705882352941,0.9827091630054344,212.45881435189568,657.6195013672786
4,1,3,47,0.0,0.0,0.18627450980392157,0.0,0.9971007754232035,25.79196154624373,110.80399896036627
4,1,3,48,0.0,0.0,0.0,0.0,1.0,0.0,0.0
4,1,3,49,0.0,0.0,0.0,0.0,1.0,0.0,0.0
4,1,3,50,0.0,0.0,3.019607843137255,0.5490196078431373,0.9342452822614352,1274.2893503560683,2766.2454561874815
4,1,3,51,0.0,0.0,0.18627450980392157,0.0,0.9971008614091007,25.791662171118254,110.80320346848866
4,1,3,52,0.0,0.0,0.0,0.0,1.0,0.0,0.0
4,1,3,53,0.0,0.0,0.0,0.0,1.0,0.0,0.0
4,1,3,54,0.0,0.0,2.4019607843137254,0.2549019607843137,0.9492450377861156,945.9423596052268,2010.0092458529762
4,1,3,55,0.0,0.0,0.18627450980392157,0.0,0.9971008614091007,25.791662171118254,110.80320346848866
4,1,3,56,0.0,0.0,0.0,0.0,1.0,0.0,0.0
4,1,3,57,0.0,0.0,0.0,0.0,1.0,0.0,0.0
4,1,3,58,0.0,0.0,2.950980392156863,0.45098039215686275,0.9375041799334934,1192.6002291054492,2502.340353567407
4,1,3,59,0.0,0.0,0.0,0.0,1.0,0.0,0.0
4,1,4,0,0.0,0.0,0.0,0.0,1.0,0.0,0.0
4,1,4,1,0.0,0.0,0.0,0.0,1.0,0.0,0.0
4,1,4,2,0.0,0.0,0.0,0.0,1.0,0.0,0.0
4,1,4,3,0.0,0.0,0.0,0.0,1.0,0.0,0.0
4,1,4,4,0.0,0.0,0.0,0.0,1.0,0.0,0.0
4,1,4,5,0.0,0.0,0.0,0.0,1.0,0.0,0.0
4,1,4,6,0.0,0.0,0.0,0.0,1.0,0.0,0.0
4,1,4,7,0.0,0.0,0.0,0.0,1.0,0.0,0.0
4,1,4,8,0.0,0.0,0.0,0.0,1.0,0.0,0.0
4,1,4,9,0.0,0.0,0.0,0.0,1.0,0.0,0.0
4,1,4,10,0.0,0.0,0.0,0.0,1.0,0.0,0.0
4,1,4,11,0.0,0.0,0.0,0.0,1.0,0.0,0.0
4,1,4,12,0.0,0.0,0.0,0.0,1.0,0.0,0.0
4,1,4,13,0.0,0.0,0.0,0.0,1.0,0.0,0.0
4,1,4,14,0.0,0.0,0.0,0.0,1.0,0.0,0.0
4,1,4,15,0.0,0.0,0.0,0.0,1.0,0.0,0.0
4,1,4,16,0.0,0.0,0.0,0.0,1.0,0.0,0.0
4,1,4,17,0.0,0.0,0.0,0.0,1.0,0.0,0.0
4,1,4,18,0.0,0.0,0.0,0.0,1.0,0.0,0.0
4,1,4,19,0.0,0.0,0.0,0.0,1.0,0.0,0.0
4,1,4,20,0.0,0.0,0.0,0.0,1.0,0.0,0.0
4,1,4,21,0.0,0.0,0.0,0.0,1.0,0.0,0.0
4,1,4,22,0.0,0.0,0.0,0.0,1.0,0.0,0.0
4,1,4,23,0.0,0.0,0.0,0.0,1.0,0.0,0.0
4,1,4,24,0.0,0.0,0.0,0.0,1.0,0.0,0.0
4,1,4,25,0.0,0.0,0.0,0.0,1.0,0.0,0.0
4,1,4,26,0.0,0.0,0.0,0.0,1.0,0.0,0.0
4,1,4,27,0.0,0.0,0.0,0.0,1.0,0.0,0.0
4,1,4,28,0.0,0.0,0.0,0.0,1.0,0.0,0.0
4,1,4,29,0.0,0.0,0.0,0.0,1.0,0.0,0.0
4,1,4,30,0.0,0.0,0.0,0.0,1.0,0.0,0.0
4,1,4,31,0.0,0.0,0.0,0.0,1.0,0.0,0.0
4,1,4,32,0.0,0.0,0.0,0.0,1.0,0.0,0.0
4,1,4,33,0.0,0.0,0.0,0.0,1.0,0.0,0.0
4,1,4,34,0.0,0.0,0.0,0.0,1.0,0.0,0.0
4,1,4,35,0.0,0.0,0.0,0.0,1.0,0.0,0.0
4,1,4,36,0.0,0.0,0.0,0.0,1.0,0.0,0.0
4,1,4,37,0.0,0.0,0.0,0.0,1.0,0.0,0.0
4,1,4,38,0.0,0.0,0.0,0.0,1.0,0.0,0.0
4,1,4,39,0.0,0.0,0.0,0.0,1.0,0.0,0.0
4,1,4,40,0.0,0.0,0.0,0.0,1.0,0.0,0.0
4,1,4,41,0.0,0.0,0.0,0.0,1.0,0.0,0.0
4,1,4,42,0.0,0.0,0.0,0.0,1.0,0.0,0.0
4,1,4,43,0.0,0.0,0.0,0.0,1.0,0.0,0.0
4,1,4,44,0.0,0.0,0.0,0.0,1.0,0.0,0.0
4,1,4,45,0.0,0.0,0.0,0.0,1.0,0.0,0.0
4,1,4,46,0.0,0.0,0.0,0.0,1.0,0.0,0.0
4,1,4,47,0.0,0.0,0.0,0.0,1.0,0.0,0.0
4,1,4,48,0.0,0.0,0.0,0.0,1.0,0.0,0.0
4,1,4,49,0.0,0.0,0.0,0.0,1.0,0.0,0.0
4,1,4,50,0.0,0.0,0.0,0.0,1.0,0.0,0.0
4,1,4,51,0.0,0.0,0.0,0.0,1.0,0.0,0.0
4,1,4,52,0.0,0.0,0.0,0.0,1.0,0.0,0.0
4,1,4,53,0.0,0.0,0.0,0.0,1.0,0.0,0.0
4,1,4,54,0.0,0.0,0.0,0.0,1.0,0.0,0.0
4,1,4,55,0.0,0.0,0.0,0.0,1.0,0.0,0.0
4,1,4,56,0.0,0.0,0.0,0.0,1.0,0.0,0.0
4,1,4,57,0.0,0.0,0.0,0.0,1.0,0.0,0.0
4,1,4,58,0.0,0.0,0.0,0.0,1.0,0.0,0.0
4,1,4,59,0.0,0.0,0.0,0.0,1.0,0.0,0.0
4,2,0,0,21.0,1.0,15.049019607843137,17.823529411764707,0.3076952634855488,21224.566328936668,54953.75372816596
4,2,0,1,20.0,1.0,16.80392156862745,17.254901960784313,0.30589043259589926,21232.973169599743,52078.151875943244
4,2,0,2,20.0,1.0,18.30392156862745,17.686274509803923,0.2693017797370664,22736.41818575812,56197.49503462042
4,2,0,3,20.0,1.0,14.92156862745098,16.725490196078432,0.36356939301906577,17877.4988138765,44237.410170305506
4,2,0,4,18.0,1.0,12.127450980392156,14.313725490196079,0.4546735304346252,14327.752704232891,37151.45679652515
4,2,0,5,20.0,1.0,14.764705882352942,17.372549019607842,0.3365626009169905,19758.409056051772,51001.47571767499
4,2,0,6,21.0,1.0,18.794117647058822,18.823529411764707,0.22436795075669033,25288.990298453442,62542.590077519715
4,2,0,7,18.0,1.0,12.950980392156863,15.03921568627451,0.4317894354929115,15248.157585709512,38361.33014216194
4,2,0,8,19.0,1.0,12.843137254901961,15.764705882352942,0.40105057481301953,16799.47753201734,43233.95484835859
4,2,0,9,20.0,1.0,18.431372549019606,18.15686274509804,0.2536459211215233,23591.88548325005,58406.36058204143
4,2,0,10,20.0,1.0,17.245098039215687,17.627450980392158,0.2975385647934376,21330.90587330948,52457.87902913723
4,2,0,11,19.0,1.0,16.205882352941178,16.392156862745097,0.33615014423209666,19596.09483046877,48306.49571682502
4,2,0,12,20.0,1.0,13.941176470588236,16.725490196078432,0.35811616191802703,18866.732160709616,48255.83913269082
4,2,0,13,19.0,1.0,16.08823529411765,16.705882352941178,0.3409935361542613,19120.438754801293,47657.32699913434
4,2,0,14,20.0,1.0,18.176470588235293,17.88235294117647,0.2578714475514275,23474.884935241666,57918.7128379651
4,2,0,15,20.0,1.0,17.30392156862745,18.15686274509804,0.2716738998431905,22162.770102383474,55468.99142981297
4,2,0,16,20.0,1.0,17.058823529411764,18.137254901960784,0.26115452791697563,22859.2477856537,57536.12528784026
4,2,0,17,21.0,1.0,17.215686274509803,18.176470588235293,0.2657154297971644,22773.542663513508,57905.69753426325
4,2,0,18,20.0,1.0,16.862745098039216,17.568627450980394,0.29864490055289244,21355.44705333841,52624.1927836691
4,2,0,19,19.0,1.0,16.08823529411765,16.176470588235293,0.3412625400684192,19544.89644169691,48388.34592717512
4,2,0,20,21.0,1.0,18.401960784313726,17.88235294117647,0.2688065603415243,23049.652391921514,56663.32329483483
4,2,0,21,18.0,1.0,15.215686274509803,15.509803921568627,0.3791891109600171,17329.609204204993,42672.15283609572
4,2,0,22,19.0,1.0,13.372549019607844,15.980392156862745,0.38970913618635095,17244.06526472063,43884.40280570297
4,2,0,23,19.0,1.0,17.107843137254903,16.372549019607842,0.3235866309051399,19663.321148307623,48593.39387597689
4,2,0,24,18.0,1.0,16.098039215686274,16.11764705882353,0.3500219111521103,18379.200161766865,45581.70078487139
4,2,0,25,19.0,1.0,16.274509803921568,16.80392156862745,0.31754819622531266,20182.15084251305,50695.95107544221
4,2,0,26,20.0,1.0,17.901960784313726,17.941176470588236,0.2683198718538701,22760.400419691076,56557.86224438228
4,2,0,27,18.0,1.0,14.950980392156863,15.980392156862745,0.3670301164129528,17536.367372653694,44146.449538737674
4,2,0,28,21.0,1.0,18.65686274509804,18.392156862745097,0.23807444503901376,24683.900369339004,61450.0432105528
4,2,0,29,17.0,1.0,10.166666666666666,11.686274509803921,0.5741849353439284,10007.660869250853,25346.80591553387
4,2,0,30,20.0,1.0,17.84313725490196,17.745098039215687,0.2648658007825822,23017.01429718841,56986.22514669093
4,2,0,31,18.0,1.0,15.392156862745098,15.156862745098039,0.3908695386417982,17226.582416135985,41816.56503323977
4,2,0,32,19.0,1.0,16.147058823529413,16.333333333333332,0.3378295894842492,19940.70694321383,48907.383143116036
4,2,0,33,18.0,1.0,14.029411764705882,15.980392156862745,0.3997303689453078,16040.64705835143,39853.81316590358
4,2,0,34,19.0,1.0,17.401960784313726,17.03921568627451,0.29937262291504213,21480.291478375053,52743.99935894117
4,2,0,35,20.0,1.0,18.235294117647058,18.254901960784313,0.2567804770814182,23373.352976671635,58084.8149098382
4,2,0,36,20.0,1.0,16.61764705882353,17.49019607843137,0.2985497977973532,20934.682040261123,52460.408056622495
4,2,0,37,17.0,1.0,12.03921568627451,14.470588235294118,0.4450791116327981,13937.515969200515,36528.904999825805
4,2,0,38,20.0,1.0,17.176470588235293,17.352941176470587,0.2916703443825237,21900.723446515727,54240.35878726365
4,2,0,39,18.0,1.0,15.42156862745098,15.098039215686274,0.38017537641901494,17371.38441216927,42521.74408287372
4,2,0,40,17.0,1.0,12.323529411764707,14.0,0.458191511746506,13705.078934150608,34825.62720267049
4,2,0,41,19.0,1.0,14.901960784313726,16.11764705882353,0.3740106535396271,17471.50885550458,43258.37127281614
4,2,0,42,20.0,1.0,13.323529411764707,16.764705882352942,0.3755462984620818,18352.313155579086,47612.208855758116
4,2,0,43,21.0,1.0,18.313725490196077,18.176470588235293,0.250698383307519,24057.31593349986,59406.227404959835
4,2,0,44,20.0,1.0,17.92156862745098,17.352941176470587,0.27707579728007675,22237.245851800373,54901.67489418395
4,2,0,45,18.0,1.0,14.970588235294118,15.764705882352942,0.3717287103114641,16825.19755786562,42544.216237628025
4,2,0,46,18.0,1.0,15.735294117647058,15.882352941176471,0.3512069920045325,18304.04725118894,45372.45402282788
4,2,0,47,20.0,1.0,16.147058823529413,17.686274509803923,0.30794640250792904,20833.477303416796,52029.88291262695
4,2,0,48,20.0,1.0,14.127450980392156,16.49019607843137,0.3582612448131732,18585.50237202646,48216.183231186216
4,2,0,49,20.0,1.0,13.176470588235293,16.392156862745097,0.38336570982206714,17959.440805897113,46486.57790873476
4,2,0,50,20.0,1.0,17.098039215686274,17.058823529411764,0.29979989712103317,21514.42860691812,53038.71603173656
4,2,0,51,20.0,1.0,14.156862745098039,16.19607843137255,0.38350223273709205,18071.14128229198,45445.192411624645
4,2,0,52,20.0,1.0,16.46078431372549,18.098039215686274,0.28534382824470766,21642.14069704392,54632.18269512541
4,2,0,53,20.0,1.0,13.352941176470589,15.843137254901961,0.39832522122755704,17382.02053157053,44178.825890095635
4,2,0,54,21.0,1.0,18.57843137254902,18.92156862745098,0.22495021708792362,25386.951880012384,63179.044502587894
4,2,0,55,19.0,1.0,14.284313725490197,15.901960784313726,0.3974458273488127,16258.259241592305,40542.95291874496
4,2,0,56,18.0,1.0,14.72549019607843,15.843137254901961,0.36641470269913184,17422.924995118672,43731.280442205716
4,2,0,57,16.0,1.0,11.950980392156863,12.490196078431373,0.508038064978584,11801.643240188392,29188.79963621008
4,2,0,58,19.0,1.0,16.480392156862745,16.49019607843137,0.33512008113560604,19601.24133866785,47948.774159617824
4,2,0,59,19.0,1.0,14.166666666666666,15.803921568627452,0.3839878975875126,17374.526216109396,43713.86045584026
4,2,1,0,18.0,1.0,12.5,14.019607843137255,0.43391895990253676,14576.614328053265,38112.52488130532
4,2,1,1,17.0,1.0,13.019607843137255,12.058823529411764,0.49273232544360585,12521.267888097878,30379.730591643445
4,2,1,2,18.0,1.0,16.313725490196077,14.72549019607843,0.3703762529345476,17526.52889820043,42874.88157431013
4,2,1,3,14.0,1.0,10.147058823529411,10.352941176470589,0.5892880115415756,8144.923746680057,20301.299127631457
4,2,1,4,13.0,1.0,8.450980392156863,8.862745098039216,0.6395122468772434,6895.112020287275,18031.519750863015
4,2,1,5,16.0,1.0,10.96078431372549,12.019607843137255,0.5190126312990556,11112.464153200144,28961.197984484625
4,2,1,6,19.0,1.0,16.254901960784313,15.254901960784315,0.34753069980486323,18469.07007299304,45416.91773901502
4,2,1,7,14.0,1.0,10.490196078431373,11.117647058823529,0.5564102311180423,9610.424418488206,24521.659376420448
4,2,1,8,15.0,1.0,9.647058823529411,11.254901960784315,0.5560446971124079,9856.578265459231,25448.31625400811
4,2,1,9,18.0,1.0,16.00980392156863,15.07843137254902,0.36573773966307305,17451.450197090802,43143.85289057149
4,2,1,10,17.0,1.0,14.352941176470589,13.313725490196079,0.4439588782725479,14075.909132168892,34473.010165475454
4,2,1,11,16.0,1.0,12.96078431372549,12.176470588235293,0.49088125052380643,12508.020530750078,30716.73630913106
4,2,1,12,14.0,1.0,8.980392156862745,10.137254901960784,0.5884540112810691,8899.963993357624,23189.863985785218
4,2,1,13,17.0,1.0,11.931372549019608,12.27450980392157,0.5012789340551763,11992.00609554611,30517.7875044451
4,2,1,14,18.0,1.0,15.705882352941176,14.490196078431373,0.376751425723507,17067.32312379778,42017.36666182231
4,2,1,15,17.0,1.0,14.549019607843137,14.235294117647058,0.40542402870616495,15134.631727825374,37941.09911641295
4,2,1,16,17.0,1.0,12.07843137254902,13.294117647058824,0.4622571931609662,13307.171612450733,34063.992862429375
4,2,1,17,18.0,1.0,13.362745098039216,14.098039215686274,0.421148571236901,15433.186247274638,39975.46498976153
4,2,1,18,17.0,1.0,13.872549019607844,13.098039215686274,0.45448757643829124,13883.053556218503,33691.48094611335
4,2,1,19,16.0,1.0,12.990196078431373,12.03921568627451,0.4922604926159526,12395.854515720244,30428.038609047573
4,2,1,20,18.0,1.0,16.245098039215687,14.823529411764707,0.37755364529517615,17230.993594835727,42122.11224370275
4,2,1,21,15.0,1.0,12.254901960784315,11.196078431372548,0.5236065670440496,11144.373223065846,27134.60946300456
4,2,1,22,15.0,1.0,10.411764705882353,11.784313725490197,0.5380406322320629,10461.770417251151,26774.684064238823
4,2,1,23,17.0,1.0,14.284313725490197,12.666666666666666,0.4570514451378687,13706.438610975334,33532.665524966156
4,2,1,24,16.0,1.0,12.882352941176471,11.803921568627452,0.5042354165209983,11778.343632365419,28884.1919165672
4,2,1,25,16.0,1.0,11.46078431372549,12.03921568627451,0.505924406850588,11475.597224330004,29808.443558014325
4,2,1,26,18.0,1.0,15.411764705882353,14.549019607843137,0.387441232677485,16427.99434199954,40689.02986645413
4,2,1,27,14.0,1.0,10.892156862745098,10.764705882352942,0.5576106972395501,9258.998824643182,23324.031618388704
4,2,1,28,19.0,1.0,16.833333333333332,15.431372549019608,0.33492571994630954,19235.415141001457,47873.68511963293
4,2,1,29,9.0,1.0,5.245098039215686,5.431372549019608,0.7928471638720609,3672.87183473234,9361.153249372182
4,2,1,30,19.0,1.0,15.803921568627452,14.764705882352942,0.36481291825654516,17522.50446957159,43264.2989824424
4,2,1,31,16.0,1.0,12.588235294117647,11.607843137254902,0.5212409830514756,11552.190949242833,27752.465175205358
4,2,1,32,16.0,1.0,13.009803921568627,12.235294117647058,0.48628025582606793,12821.810385313765,31424.211108486634
4,2,1,33,7.0,1.0,3.9901960784313726,4.509803921568627,0.8471303459633427,2811.3769826358484,6998.820376467021
4,2,1,34,18.0,1.0,15.607843137254902,14.176470588235293,0.39230135866303417,16610.255435317944,40650.37704490572
4,2,1,35,18.0,1.0,15.637254901960784,14.745098039215685,0.3783331578437055,17036.782944852028,42294.16685911377
4,2,1,36,17.0,1.0,14.176470588235293,14.176470588235293,0.41147099969835027,15146.614547636313,38126.647197196806
4,2,1,37,9.0,1.0,5.686274509803922,6.627450980392157,0.7297830304784997,4145.48739846278,11463.585577017013
4,2,1,38,18.0,1.0,14.823529411764707,13.882352941176471,0.4123464590932964,15648.01347451835,38592.184908435076
4,2,1,39,15.0,1.0,12.696078431372548,11.333333333333334,0.5146104704088192,11628.922635600047,28012.84718776335
4,2,1,40,10.0,1.0,6.931372549019608,7.0,0.7034583209396391,5007.088687240644,13081.799509580545
4,2,1,41,14.0,1.0,11.117647058823529,10.882352941176471,0.5559831145119912,9265.750037377567,23086.212439118885
4,2,1,42,15.0,1.0,9.647058823529411,11.705882352941176,0.5438795447139043,10334.343832331553,27440.538307592928
4,2,1,43,19.0,1.0,15.862745098039216,14.862745098039216,0.36933552892009786,17546.91080435307,43032.310995523265
4,2,1,44,18.0,1.0,16.30392156862745,14.803921568627452,0.35971984818271313,17771.326594768754,43789.07467869425
4,2,1,45,16.0,1.0,12.823529411764707,12.411764705882353,0.4859947124357149,11665.00740179884,29472.150079845982
4,2,1,46,16.0,1.0,12.784313725490197,12.0,0.48917006818623876,11826.950100777713,29499.7253853654
4,2,1,47,14.0,1.0,10.529411764705882,11.058823529411764,0.5614629668002918,9826.528758759403,24484.509389194613
4,2,1,48,16.0,1.0,11.058823529411764,11.686274509803921,0.5182119295273375,10961.635616090774,28757.63810281836
4,2,1,49,15.0,1.0,9.186274509803921,10.607843137254902,0.5719239872047631,9734.396690154488,25366.466267811742
4,2,1,50,17.0,1.0,13.77450980392157,13.0,0.44975069510711463,14037.228057012722,34505.30663763974
4,2,1,51,13.0,1.0,8.745098039215685,9.117647058823529,0.6297669203908147,7507.8553597301025,19109.016878527822
4,2,1,52,17.0,1.0,13.127450980392156,13.92156862745098,0.43141926324048036,14061.41278080419,36015.17805648089
4,2,1,53,16.0,1.0,9.715686274509803,10.372549019607844,0.5814343363121949,9512.489268200392,23965.072011086704
4,2,1,54,19.0,1.0,16.34313725490196,15.490196078431373,0.33582166403878766,19097.426636649954,47448.92291894069
4,2,1,55,10.0,1.0,6.088235294117647,6.764705882352941,0.7411562503600635,4240.9231588280045,11038.419190633509
4,2,1,56,12.0,1.0,9.019607843137255,8.862745098039216,0.6281845205060871,6695.669141068674,17040.912947226283
4,2,1,57,12.0,1.0,8.27450980392157,7.372549019607843,0.694140910862482,5711.68523167316,13791.14070662265
4,2,1,58,16.0,1.0,13.254901960784315,11.980392156862745,0.4935342988109865,12585.037548390104,30347.5380041679
4,2,1,59,14.0,1.0,9.411764705882353,10.176470588235293,0.5870770840162969,8996.762701852957,23312.531882415056
4,2,2,0,13.0,1.0,8.411764705882353,8.490196078431373,0.6251687804469738,6992.079822038801,18640.426849920834
4,2,2,1,13.0,1.0,9.96078431372549,7.8431372549019605,0.6365565877107803,7586.464589925192,18066.3083278269
4,2,2,2,16.0,1.0,13.068627450980392,10.509803921568627,0.5240621340951698,11370.910780681694,27331.598471544683
4,2,2,3,7.0,1.0,4.705882352941177,3.6666666666666665,0.8490648770804028,2536.9550014058677,5907.756272240107
4,2,2,4,5.0,1.0,3.0392156862745097,1.6862745098039216,0.888099908854813,1541.4581129817748,4251.527042797492
4,2,2,5,11.0,1.0,5.950980392156863,5.823529411764706,0.7393230353553353,4618.743092030877,12074.17948026367
4,2,2,6,16.0,1.0,13.137254901960784,11.352941176470589,0.4939176956246436,11891.700965584345,28955.74726485931
4,2,2,7,11.0,1.0,7.803921568627451,6.980392156862745,0.6918986263760072,5315.318502879906,13704.478639613882
4,2,2,8,9.0,1.0,4.617647058823529,4.96078431372549,0.7862877205761226,3568.7325651960596,9177.098445823784
4,2,2,9,15.0,1.0,12.96078431372549,10.784313725490197,0.5181412087876813,10890.611042550156,26618.09602242303
4,2,2,10,13.0,1.0,10.72549019607843,8.843137254901961,0.6119823300798389,7928.043823871378,19106.898415817235
4,2,2,11,13.0,1.0,10.205882352941176,8.509803921568627,0.6178550911370904,7899.5950024650565,19444.772413096463
4,2,2,12,8.0,1.0,4.509803921568627,4.803921568627451,0.7902830075593293,3540.7334027224383,9176.991034141429
4,2,2,13,13.0,1.0,8.549019607843137,7.745098039215686,0.6606761379521146,6298.164531486951,16255.401281800087
4,2,2,14,15.0,1.0,12.784313725490197,10.803921568627452,0.5115986206895443,11171.179035327576,27413.899116021094
4,2,2,15,11.0,1.0,8.862745098039216,7.254901960784314,0.6685684701794331,5705.596348590583,14334.94103192287
4,2,2,16,12.0,1.0,8.009803921568627,7.431372549019608,0.6674411763654046,5863.7415148904265,15121.644910095853
4,2,2,17,16.0,1.0,11.666666666666666,11.0,0.5173119863669347,11105.681226251136,28988.124856137816
4,2,2,18,12.0,1.0,10.068627450980392,8.137254901960784,0.6316550163833198,7518.633312825465,17984.32933641399
4,2,2,19,13.0,1.0,10.07843137254902,8.117647058823529,0.6294784895991234,7533.114049681462,18521.95076665455
4,2,2,20,16.0,1.0,13.647058823529411,11.098039215686274,0.5058880677533754,11606.17316176478,28153.929760406158
4,2,2,21,12.0,1.0,9.450980392156863,7.313725490196078,0.6598166356126035,6674.034518879529,16080.08501253487
4,2,2,22,9.0,1.0,5.431372549019608,5.607843137254902,0.7689434631679132,3636.3485035312533,9409.666199662683
4,2,2,23,15.0,1.0,11.72549019607843,9.27450980392157,0.5768179617055655,9410.535583616474,22632.968270677917
4,2,2,24,12.0,1.0,9.294117647058824,7.333333333333333,0.6698763972475407,6443.804216260178,15499.200322228306
4,2,2,25,14.0,1.0,9.401960784313726,8.843137254901961,0.6103257133411653,7527.613215104098,19790.47550101384
4,2,2,26,14.0,1.0,12.205882352941176,10.215686274509803,0.5430774918764417,10007.594088497974,24574.65984859161
4,2,2,27,9.0,1.0,6.401960784313726,5.1568627450980395,0.7570382114934513,3658.8883994497473,9400.843285058154
4,2,2,28,17.0,1.0,14.42156862745098,11.843137254901961,0.45691749939871523,13380.340724529346,33153.84286074643
4,2,2,29,0.0,0.0,1.1176470588235294,0.6666666666666666,0.9564775016011575,517.3119627109887,1541.3887687518868
4,2,2,30,15.0,1.0,12.715686274509803,10.72549019607843,0.511181159032848,11074.720385229914,27176.398069258517
4,2,2,31,12.0,1.0,9.215686274509803,7.03921568627451,0.680305389124364,6360.59112951286,15082.167522683556
4,2,2,32,14.0,1.0,10.294117647058824,8.686274509803921,0.6101328347453857,8216.099430358558,20139.01982547492
4,2,2,33,0.0,0.0,0.20588235294117646,0.0,0.9969165328493084,54.424980110838554,120.69038276755488
4,2,2,34,16.0,1.0,13.27450980392157,10.588235294117647,0.5118221528819044,11452.28580644189,27735.948015416885
4,2,2,35,16.0,1.0,13.764705882352942,11.745098039215685,0.47648795635564906,12550.503058587678,31144.199842183803
4,2,2,36,15.0,1.0,11.656862745098039,10.490196078431373,0.5363892874060818,9966.308021998626,25125.62852528093
4,2,2,37,5.0,1.0,2.5686274509803924,2.392156862745098,0.8796776738308468,1585.1675011247773,4612.204690363471
4,2,2,38,14.0,1.0,10.96078431372549,8.980392156862745,0.584822883426141,9025.778948353935,22095.146329764288
4,2,2,39,12.0,1.0,9.715686274509803,7.254901960784314,0.6549647075982229,6960.299225648658,16543.21469823248
4,2,2,40,6.0,1.0,3.323529411764706,2.6470588235294117,0.8600989404551328,1914.4144681638138,5231.936638739683
4,2,2,41,5.0,1.0,3.764705882352941,2.3333333333333335,0.8874662673815537,1807.326683134916,4064.268612263282
4,2,2,42,11.0,1.0,5.303921568627451,6.294117647058823,0.7341319193758674,4724.580655050639,12707.77024415547
4,2,2,43,15.0,1.0,12.813725490196079,10.96078431372549,0.5101630219984072,11284.049993051209,27585.223598624434
4,2,2,44,16.0,1.0,13.303921568627452,10.588235294117647,0.5127831270406045,11310.725729828979,27569.463050885348
4,2,2,45,13.0,1.0,10.196078431372548,8.72549019607843,0.6132688614948516,7151.7177528415505,18187.294344920207
4,2,2,46,14.0,1.0,10.666666666666666,8.784313725490197,0.59576431628341,7965.391076287323,19764.232648330104
4,2,2,47,9.0,1.0,5.607843137254902,4.7254901960784315,0.7826467813717518,3290.5737695109924,8378.10855026428
4,2,2,48,13.0,1.0,8.647058823529411,8.156862745098039,0.6317247620205771,6914.9685697313325,18467.757663904307
4,2,2,49,11.0,1.0,5.411764705882353,6.333333333333333,0.7305406606907195,4759.1612603431695,12855.102720440069
4,2,2,50,14.0,1.0,10.343137254901961,8.745098039215685,0.606973722662811,8199.831460983783,20069.21310254921
4,2,2,51,5.0,1.0,2.656862745098039,2.588235294117647,0.8762877351148141,1728.6242481469453,4710.7259883199895
4,2,2,52,13.0,1.0,9.009803921568627,8.764705882352942,0.6134078636521053,7015.909786302162,18524.193744428965
4,2,2,53,10.0,1.0,5.754901960784314,5.294117647058823,0.7602182621520311,4183.332451941815,10748.377965019463
4,2,2,54,17.0,1.0,13.470588235294118,11.705882352941176,0.4705468328734805,12678.515364293766,31427.786713803573
4,2,2,55,0.0,0.0,1.1274509803921569,0.6274509803921569,0.9672703617762295,521.3386941250521,1188.0652750918211
4,2,2,56,7.0,1.0,4.450980392156863,3.4901960784313726,0.8225358746270531,2206.52293386328,6134.411921603802
4,2,2,57,0.0,0.0,0.0,0.0,0.9999933371575197,0.022236188416284716,0.06174346464994426
4,2,2,58,14.0,1.0,10.705882352941176,8.411764705882353,0.6150688355445808,8245.271855609073,19685.30077388152
4,2,2,59,11.0,1.0,6.3431372549019605,6.529411764705882,0.7138684535806852,5045.127876095522,13465.900149959092
4,2,3,0,0.0,0.0,0.0,0.0,1.0,0.0,0.0
4,2,3,1,3.0,0.0,3.5784313725490198,0.803921568627451,0.9160042140164456,1577.2641412012897,3469.6365755639267
4,2,3,2,10.0,1.0,7.2745098039215685,3.372549019607843,0.793575799748795,4266.8418471018595,9661.075586716426
4,2,3,3,0.0,0.0,1.3529411764705883,0.49019607843137253,0.9651263668896077,591.9996584563404,1243.3915438271088
4,2,3,4,0.0,0.0,0.0,0.0,1.0,0.0,0.0
4,2,3,5,0.0,0.0,0.19607843137254902,0.0,0.9959116721979946,42.906217210556186,146.56559688374398
4,2,3,6,7.0,1.0,5.137254901960785,2.176470588235294,0.8581308128807817,2507.787131420412,5727.940311762667
4,2,3,7,0.0,0.0,1.1176470588235294,0.1568627450980392,0.9681527735068641,414.45318646995224,1177.2924053036313
4,2,3,8,0.0,0.0,0.19607843137254902,0.0,0.9959116721979946,42.906217210556186,146.56559688374398
4,2,3,9,5.0,1.0,4.186274509803922,1.1176470588235294,0.8943420441126544,1993.880977261143,4425.512796297353
4,2,3,10,6.0,1.0,4.333333333333333,1.8627450980392157,0.8822551697874318,2152.1920174277816,4917.309856289768
4,2,3,11,4.0,1.0,4.019607843137255,1.1764705882352942,0.8961865992865938,1980.6925670493877,4390.523823368947
4,2,3,12,0.0,0.0,0.19607843137254902,0.0,0.9959116721979946,42.906217210556186,146.56559688374398
4,2,3,13,0.0,0.0,1.3627450980392157,0.2549019607843137,0.9575436424277642,538.7455289341824,1558.2540010805208
4,2,3,14,3.0,0.0,3.2058823529411766,0.5686274509803921,0.9248956730667128,1475.7733112331896,3140.102456410297
4,2,3,15,0.0,0.0,0.0,0.0,0.999999914014102,0.00029937512547655016,0.0007954918776218733
4,2,3,16,0.0,0.0,0.0,0.0,1.0,0.0,0.0
4,2,3,17,1.0,0.0,1.7156862745098038,0.6470588235294118,0.941213366250564,714.7670093831277,2149.7752752197603
4,2,3,18,2.0,0.0,3.2549019607843137,0.6274509803921569,0.926310763329942,1475.9712692391454,3114.439387616093
4,2,3,19,4.0,1.0,3.980392156862745,1.196078431372549,0.9005994316003513,1912.0732402697492,4217.299827733185
4,2,3,20,8.0,1.0,6.2745098039215685,2.4313725490196076,0.8305057455479415,3025.1088006158075,6880.07391128716
4,2,3,21,2.0,0.0,3.215686274509804,0.6274509803921569,0.9260370157192316,1465.2490074803081,3128.7240704902774
4,2,3,22,0.0,0.0,0.0,0.0,1.0,0.0,0.0
4,2,3,23,9.0,1.0,6.323529411764706,2.6470588235294117,0.8240479980454637,3684.6656032214264,8232.461486361892
4,2,3,24,4.0,1.0,3.823529411764706,1.1372549019607843,0.9051968502438063,1828.1510975596948,4056.781655953018
4,2,3,25,0.0,0.0,1.0686274509803921,0.1568627450980392,0.9660538764132144,455.72428705525726,1266.813793463734
4,2,3,26,4.0,1.0,4.0,1.1176470588235294,0.8967961759851675,1938.5131301062268,4319.601905626403
4,2,3,27,0.0,0.0,0.803921568627451,0.0196078431372549,0.9861464607709776,269.0066209175682,500.70657334159034
4,2,3,28,9.0,1.0,5.813725490196078,2.235294117647059,0.8242333968435145,2929.0825759974864,7053.4632306278545
4,2,3,29,0.0,0.0,0.0,0.0,1.0,0.0,0.0
4,2,3,30,2.0,0.0,3.284313725490196,0.5882352941176471,0.9241984917255882,1486.5813124806846,3204.0975431607512
4,2,3,31,5.0,1.0,4.196078431372549,1.196078431372549,0.8993003525916374,1992.6587502849402,4354.5514453337855
4,2,3,32,5.0,1.0,4.127450980392157,1.2941176470588236,0.8908753730261006,2041.9940094504036,4572.036162680564
4,2,3,33,0.0,0.0,0.0,0.0,1.0,0.0,0.0
4,2,3,34,6.0,1.0,4.53921568627451,1.0784313725490196,0.886877618216582,2046.3936556931503,4589.682580668736
4,2,3,35,6.0,1.0,4.754901960784314,1.9019607843137254,0.8665130153934507,2269.563178234198,5391.048864325793
4,2,3,36,0.0,0.0,1.0980392156862746,0.1568627450980392,0.9687273824725411,402.34878569978093,1147.6856618163656
4,2,3,37,0.0,0.0,0.0,0.0,1.0,0.0,0.0
4,2,3,38,4.0,1.0,3.627450980392157,0.803921568627451,0.9092173532576107,1709.0597600782985,3666.831021064868
4,2,3,39,2.0,0.0,3.215686274509804,0.5294117647058824,0.9280943752438259,1456.3723238528491,3066.36442736305
4,2,3,40,0.0,0.0,0.0,0.0,0.9999762068593047,0.09126881787981131,0.22203604508039193
4,2,3,41,0.0,0.0,0.19607843137254902,0.0,0.9959115862120966,42.906516585681665,146.5663923756216
4,2,3,42,0.0,0.0,0.0,0.0,1.0,0.0,0.0
4,2,3,43,4.0,1.0,3.735294117647059,0.8823529411764706,0.9086925467132793,1746.0099024219755,3777.82745372211
4,2,3,44,5.0,1.0,4.3431372549019605,0.9019607843137255,0.8925468861624379,1936.818288227418,4374.918380133217
4,2,3,45,0.0,0.0,1.0392156862745099,0.17647058823529413,0.9663525160860565,460.5989510323175,1255.907501959885
4,2,3,46,0.0,0.0,1.0196078431372548,0.1568627450980392,0.9681974411238273,403.81436024179845,1146.8382762548529
4,2,3,47,0.0,0.0,0.19607843137254902,0.0,0.9959115862120966,42.906516585681665,146.5663923756216
4,2,3,48,0.0,0.0,0.0,0.0,1.0,0.0,0.0
4,2,3,49,0.0,0.0,0.0,0.0,1.0,0.0,0.0
4,2,3,50,5.0,1.0,4.009803921568627,1.1764705882352942,0.8946574514586936,2000.2891346295687,4427.032540493019
4,2,3,51,0.0,0.0,0.19607843137254902,0.0,0.9959116721979946,42.906217210556186,146.56559688374398
4,2,3,52,0.0,0.0,0.0,0.0,1.0,0.0,0.0
4,2,3,53,0.0,0.0,0.0,0.0,1.0,0.0,0.0
4,2,3,54,4.0,1.0,3.519607843137255,0.6470588235294118,0.9136201664216904,1638.1090948160531,3573.9654022666905
4,2,3,55,0.0,0.0,0.19607843137254902,0.0,0.9959116721979946,42.906217210556186,146.56559688374398
4,2,3,56,0.0,0.0,0.0,0.0,1.0,0.0,0.0
4,2,3,57,0.0,0.0,0.0,0.0,1.0,0.0,0.0
4,2,3,58,7.0,1.0,4.7254901960784315,1.803921568627451,0.8752236348809617,2312.784493578096,5145.404416154797
4,2,3,59,0.0,0.0,0.0,0.0,1.0,0.0,0.0
4,2,4,0,0.0,0.0,0.0,0.0,1.0,0.0,0.0
4,2,4,1,0.0,0.0,0.0,0.0,1.0,0.0,0.0
4,2,4,2,0.0,0.0,0.0,0.0,1.0,0.0,0.0
4,2,4,3,0.0,0.0,0.0,0.0,1.0,0.0,0.0
4,2,4,4,0.0,0.0,0.0,0.0,1.0,0.0,0.0
4,2,4,5,0.0,0.0,0.0,0.0,1.0,0.0,0.0
4,2,4,6,0.0,0.0,0.0,0.0,1.0,0.0,0.0
4,2,4,7,0.0,0.0,0.0,0.0,1.0,0.0,0.0
4,2,4,8,0.0,0.0,0.0,0.0,1.0,0.0,0.0
4,2,4,9,0.0,0.0,0.0,0.0,1.0,0.0,0.0
4,2,4,10,0.0,0.0,0.0,0.0,1.0,0.0,0.0
4,2,4,11,0.0,0.0,0.0,0.0,1.0,0.0,0.0
4,2,4,12,0.0,0.0,0.0,0.0,1.0,0.0,0.0
4,2,4,13,0.0,0.0,0.0,0.0,1.0,0.0,0.0
4,2,4,14,0.0,0.0,0.0,0.0,1.0,0.0,0.0
4,2,4,15,0.0,0.0,0.0,0.0,1.0,0.0,0.0
4,2,4,16,0.0,0.0,0.0,0.0,1.0,0.0,0.0
4,2,4,17,0.0,0.0,0.0,0.0,1.0,0.0,0.0
4,2,4,18,0.0,0.0,0.0,0.0,1.0,0.0,0.0
4,2,4,19,0.0,0.0,0.0,0.0,1.0,0.0,0.0
4,2,4,20,0.0,0.0,0.0,0.0,1.0,0.0,0.0
4,2,4,21,0.0,0.0,0.0,0.0,1.0,0.0,0.0
4,2,4,22,0.0,0.0,0.0,0.0,1.0,0.0,0.0
4,2,4,23,0.0,0.0,0.0,0.0,1.0,0.0,0.0
4,2,4,24,0.0,0.0,0.0,0.0,1.0,0.0,0.0
4,2,4,25,0.0,0.0,0.0,0.0,1.0,0.0,0.0
4,2,4,26,0.0,0.0,0.0,0.0,1.0,0.0,0.0
4,2,4,27,0.0,0.0,0.0,0.0,1.0,0.0,0.0
4,2,4,28,0.0,0.0,0.0,0.0,1.0,0.0,0.0
4,2,4,29,0.0,0.0,0.0,0.0,1.0,0.0,0.0
4,2,4,30,0.0,0.0,0.0,0.0,1.0,0.0,0.0
4,2,4,31,0.0,0.0,0.0,0.0,1.0,0.0,0.0
4,2,4,32,0.0,0.0,0.0,0.0,1.0,0.0,0.0
4,2,4,33,0.0,0.0,0.0,0.0,1.0,0.0,0.0
4,2,4,34,0.0,0.0,0.0,0.0,1.0,0.0,0.0
4,2,4,35,0.0,0.0,0.0,0.0,1.0,0.0,0.0
4,2,4,36,0.0,0.0,0.0,0.0,1.0,0.0,0.0
4,2,4,37,0.0,0.0,0.0,0.0,1.0,0.0,0.0
4,2,4,38,0.0,0.0,0.0,0.0,1.0,0.0,0.0
4,2,4,39,0.0,0.0,0.0,0.0,1.0,0.0,0.0
4,2,4,40,0.0,0.0,0.0,0.0,1.0,0.0,0.0
4,2,4,41,0.0,0.0,0.0,0.0,1.0,0.0,0.0
4,2,4,42,0.0,0.0,0.0,0.0,1.0,0.0,0.0
4,2,4,43,0.0,0.0,0.0,0.0,1.0,0.0,0.0
4,2,4,44,0.0,0.0,0.0,0.0,1.0,0.0,0.0
4,2,4,45,0.0,0.0,0.0,0.0,1.0,0.0,0.0
4,2,4,46,0.0,0.0,0.0,0.0,1.0,0.0,0.0
4,2,4,47,0.0,0.0,0.0,0.0,1.0,0.0,0.0
4,2,4,48,0.0,0.0,0.0,0.0,1.0,0.0,0.0
4,2,4,49,0.0,0.0,0.0,0.0,1.0,0.0,0.0
4,2,4,50,0.0,0.0,0.0,0.0,1.0,0.0,0.0
4,2,4,51,0.0,0.0,0.0,0.0,1.0,0.0,0.0
4,2,4,52,0.0,0.0,0.0,0.0,1.0,0.0,0.0
4,2,4,53,0.0,0.0,0.0,0.0,1.0,0.0,0.0
4,2,4,54,0.0,0.0,0.0,0.0,1.0,0.0,0.0
4,2,4,55,0.0,0.0,0.0,0.0,1.0,0.0,0.0
4,2,4,56,0.0,0.0,0.0,0.0,1.0,0.0,0.0
4,2,4,57,0.0,0.0,0.0,0.0,1.0,0.0,0.0
4,2,4,58,0.0,0.0,0.0,0.0,1.0,0.0,0.0
4,2,4,59,0.0,0.0,0.0,0.0,1.0,0.0,0.0
4,3,0,0,21.0,1.0,15.480392156862745,18.352941176470587,0.2878242097612746,23906.503577636813,62031.104823075664
4,3,0,1,20.0,1.0,17.431372549019606,17.92156862745098,0.2751971743754144,24226.574783037544,59703.79701310932
4,3,0,2,21.0,1.0,18.88235294117647,18.41176470588235,0.24167290268175767,25861.14216399559,64084.97941528866
4,3,0,3,20.0,1.0,15.784313725490197,17.470588235294116,0.32527565390086016,20881.558267515466,52003.702347355415
4,3,0,4,19.0,1.0,12.754901960784315,15.058823529411764,0.4218620241109396,16626.609904836776,43321.05085526327
4,3,0,5,21.0,1.0,15.137254901960784,17.84313725490196,0.31762383548567313,22077.975213791444,57279.15913630599
4,3,0,6,21.0,1.0,19.11764705882353,19.235294117647058,0.20597845991272834,27998.462254245067,69311.05204296083
4,3,0,7,18.0,1.0,13.617647058823529,15.862745098039216,0.3970013149638901,18013.64497780825,45599.55077743719
4,3,0,8,20.0,1.0,13.323529411764707,16.333333333333332,0.37577041705479536,19218.419970083574,49715.616221026154
4,3,0,9,21.0,1.0,18.941176470588236,18.784313725490197,0.23045538821487133,26536.813130184208,65686.5400115156
4,3,0,10,20.0,1.0,17.862745098039216,18.15686274509804,0.2714391408004097,24101.41002809244,59448.83677516406
4,3,0,11,20.0,1.0,17.166666666666668,17.41176470588235,0.29471960647643475,22998.396144059563,56935.046558566224
4,3,0,12,20.0,1.0,14.480392156862745,17.313725490196077,0.3316112147814631,21546.93157171058,55358.97029398989
4,3,0,13,20.0,1.0,16.676470588235293,17.352941176470587,0.31039802648200443,21923.895383184612,54871.69097991323
4,3,0,14,21.0,1.0,18.647058823529413,18.41176470588235,0.23615424178691843,26221.749895715096,64795.21759656057
4,3,0,15,20.0,1.0,17.901960784313726,18.705882352941178,0.2455634666673614,25191.742023415474,63046.19184182005
4,3,0,16,21.0,1.0,17.69607843137255,18.627450980392158,0.23758739243670382,25660.254393308423,64572.524694540225
4,3,0,17,21.0,1.0,17.794117647058822,18.666666666666668,0.24203874206901185,25632.451326556074,65117.61451798609
4,3,0,18,20.0,1.0,17.470588235294116,18.176470588235293,0.2704378620530719,24285.693801709756,60032.28904853387
4,3,0,19,20.0,1.0,16.892156862745097,17.137254901960784,0.3029440736358178,22522.90440306942,56157.802321202485
4,3,0,20,21.0,1.0,18.872549019607842,18.50980392156863,0.2424778389843397,26232.949872171208,64548.568786691554
4,3,0,21,19.0,1.0,16.019607843137255,16.352941176470587,0.3406947228912249,20368.074836044703,50456.192129977004
4,3,0,22,19.0,1.0,13.950980392156863,16.627450980392158,0.36200385413764263,19911.023817037647,50915.67552827422
4,3,0,23,20.0,1.0,17.813725490196077,17.176470588235293,0.2885831584153941,22887.03731506429,56834.164876697025
4,3,0,24,19.0,1.0,16.725490196078432,16.80392156862745,0.31849101182189415,21324.616427510293,53016.663904597764
4,3,0,25,20.0,1.0,16.95098039215686,17.54901960784314,0.2873375224931579,23052.649265347907,58180.90053939407
4,3,0,26,20.0,1.0,18.352941176470587,18.431372549019606,0.24565944808994553,25529.17328070916,63506.234265139254
4,3,0,27,19.0,1.0,15.77450980392157,16.88235294117647,0.33059268423959337,20644.664576317926,51907.42988654514
4,3,0,28,21.0,1.0,19.029411764705884,18.764705882352942,0.21873462327233187,27342.558902283206,68104.41341996433
4,3,0,29,18.0,1.0,11.245098039215685,12.92156862745098,0.5228496493480622,12519.117899732675,31775.261355758477
4,3,0,30,20.0,1.0,18.333333333333332,18.254901960784313,0.24366854039151328,25742.92016203827,63712.95618319319
4,3,0,31,19.0,1.0,16.264705882352942,16.137254901960784,0.3467468401866498,20306.28410660261,49705.53502478491
4,3,0,32,20.0,1.0,17.04901960784314,17.215686274509803,0.2971903284440156,23147.313220603937,57275.237647500406
4,3,0,33,19.0,1.0,14.892156862745098,16.627450980392158,0.36393731498796394,18925.72903687562,46982.01925181408
4,3,0,34,20.0,1.0,17.88235294117647,17.54901960784314,0.2728708757772344,24352.451981585764,59943.66562523094
4,3,0,35,21.0,1.0,18.676470588235293,18.745098039215687,0.23224895679654958,26343.171651166045,65603.41100075116
4,3,0,36,20.0,1.0,17.274509803921568,18.058823529411764,0.26923657511868687,23967.097589472287,60087.71390351883
4,3,0,37,18.0,1.0,12.862745098039216,15.27450980392157,0.4087380658553447,16739.798420661482,43932.62309840289
4,3,0,38,21.0,1.0,17.705882352941178,17.764705882352942,0.26760738757368446,24600.755293265727,61118.357042383715
4,3,0,39,19.0,1.0,16.19607843137255,16.019607843137255,0.3407102298085358,20474.195678474924,50393.859923462594
4,3,0,40,18.0,1.0,13.813725490196079,15.313725490196079,0.39602082760804097,17063.619162124105,43447.01866927033
4,3,0,41,19.0,1.0,15.764705882352942,16.901960784313726,0.33548198504023224,20577.55834233839,51202.452355194066
4,3,0,42,20.0,1.0,13.862745098039216,17.333333333333332,0.3461044956104357,20998.35333994827,54856.8359768186
4,3,0,43,21.0,1.0,18.686274509803923,18.647058823529413,0.2293463671900088,26896.436207118793,66453.147529252
4,3,0,44,20.0,1.0,18.480392156862745,17.96078431372549,0.2486939189155244,25271.334448670215,62598.24758642012
4,3,0,45,18.0,1.0,16.00980392156863,16.666666666666668,0.3294078737898752,20260.314751386788,51174.500689746754
4,3,0,46,19.0,1.0,16.431372549019606,16.647058823529413,0.3183597570284837,21370.24683158641,53007.791340648044
4,3,0,47,20.0,1.0,16.745098039215687,18.235294117647058,0.28194441906483597,23498.155766004587,58961.31709754586
4,3,0,48,20.0,1.0,14.705882352941176,17.058823529411764,0.3335357996182966,21271.073632663287,55207.641995605794
4,3,0,49,20.0,1.0,13.656862745098039,16.980392156862745,0.35790722900783906,20395.039344456567,53163.52384326413
4,3,0,50,21.0,1.0,17.666666666666668,17.686274509803923,0.2725452569142169,24282.450763252324,60097.082542407916
4,3,0,51,20.0,1.0,14.823529411764707,16.80392156862745,0.3525558528974155,20608.58686332168,52068.97577011735
4,3,0,52,20.0,1.0,17.0,18.431372549019606,0.26134586090816375,24444.143524102383,61659.0416814341
4,3,0,53,20.0,1.0,13.901960784313726,16.45098039215686,0.37121622277769784,19576.78222446289,50309.22736147512
4,3,0,54,21.0,1.0,18.95098039215686,19.176470588235293,0.20818188128918227,28015.283385638326,69724.61393482066
4,3,0,55,19.0,1.0,15.215686274509803,16.686274509803923,0.3559000546205349,19489.311170441157,48585.41311233335
4,3,0,56,19.0,1.0,15.745098039215685,16.666666666666668,0.3245440510649453,20695.3857767475,51935.61775734041
4,3,0,57,16.0,1.0,12.715686274509803,13.27450980392157,0.4721603047985135,14054.07401054262,34910.30602537063
4,3,0,58,20.0,1.0,17.30392156862745,17.372549019607842,0.2957493586142496,23048.64829345127,56586.78669280992
4,3,0,59,19.0,1.0,14.931372549019608,16.274509803921568,0.3523338551779052,19988.235148586544,50543.44715910555
4,3,1,0,18.0,1.0,12.980392156862745,14.705882352941176,0.4084729018018685,16753.0396743592,43977.920311974194
4,3,1,1,17.0,1.0,14.254901960784315,13.431372549019608,0.4368348516856902,15697.93925246864,38258.94270637415
4,3,1,2,19.0,1.0,17.068627450980394,15.72549019607843,0.3307503723115626,20908.230821892023,51285.16984562785
4,3,1,3,15.0,1.0,11.813725490196079,12.07843137254902,0.5157856024064772,11320.476062666994,28195.87993503522
4,3,1,4,14.0,1.0,9.53921568627451,10.196078431372548,0.5866638724067158,9052.547103622719,23673.087796413358
4,3,1,5,17.0,1.0,11.950980392156863,12.980392156862745,0.47673194202711316,13639.14100648091,35578.7961077365
4,3,1,6,19.0,1.0,16.872549019607842,16.07843137254902,0.3162005068103131,21234.00400985463,52494.187846072215
4,3,1,7,15.0,1.0,11.607843137254902,12.509803921568627,0.5024767942929385,12572.944904027436,32029.10724067782
4,3,1,8,16.0,1.0,10.617647058823529,12.450980392156863,0.5102504643735731,12351.29035576893,31961.275271902567
4,3,1,9,19.0,1.0,16.686274509803923,15.823529411764707,0.3332906238586088,20239.12668646946,50177.79659026173
4,3,1,10,18.0,1.0,15.362745098039216,14.509803921568627,0.39583047876888583,17140.108254259365,42110.95758673289
4,3,1,11,17.0,1.0,13.931372549019608,13.313725490196079,0.4437384704127379,15277.121186130551,37683.62833154618
4,3,1,12,16.0,1.0,10.205882352941176,11.549019607843137,0.5317968905340748,11586.83404560202,30322.303959187622
4,3,1,13,18.0,1.0,12.823529411764707,13.549019607843137,0.4570571796649466,14803.950749235675,37741.89797612032
4,3,1,14,18.0,1.0,16.41176470588235,15.431372549019608,0.33888075312713406,20135.91802444363,49859.425481194616
4,3,1,15,18.0,1.0,15.235294117647058,15.215686274509803,0.3659364381392824,18173.589152436143,45630.93677659547
4,3,1,16,17.0,1.0,12.637254901960784,14.137254901960784,0.43305920557731503,15576.370084035929,39989.36686470544
4,3,1,17,18.0,1.0,14.029411764705882,14.941176470588236,0.38848278372421796,18193.383067466308,47079.999708402436
4,3,1,18,18.0,1.0,14.862745098039216,14.156862745098039,0.4085893520972486,16824.17887529845,41057.982721444576
4,3,1,19,17.0,1.0,14.029411764705882,13.392156862745098,0.4410746102527398,15340.206928648993,37815.264712483564
4,3,1,20,19.0,1.0,16.941176470588236,15.862745098039216,0.3360283401899686,20632.75863752561,50587.60216131354
4,3,1,21,16.0,1.0,13.607843137254902,12.549019607843137,0.46494091443084035,14223.529767278413,34917.18941240484
4,3,1,22,16.0,1.0,11.264705882352942,12.96078431372549,0.4938789579744871,13074.918439983063,33532.05386549307
4,3,1,23,18.0,1.0,15.57843137254902,14.098039215686274,0.3972169219807405,17517.76809211976,42859.97782111199
4,3,1,24,16.0,1.0,13.950980392156863,12.96078431372549,0.453100955978381,14655.975795074075,36070.86534479905
4,3,1,25,17.0,1.0,12.382352941176471,13.254901960784315,0.4614905202031592,14311.62260208389,37138.970612320336
4,3,1,26,18.0,1.0,16.225490196078432,15.529411764705882,0.3473330455253943,19569.364118209032,48665.97802938707
4,3,1,27,15.0,1.0,12.07843137254902,11.901960784313726,0.508223310000982,11709.75299042896,29401.055557931162
4,3,1,28,20.0,1.0,17.392156862745097,16.137254901960784,0.3050359118568344,22196.690448778936,55164.231635978555
4,3,1,29,11.0,1.0,6.588235294117647,6.901960784313726,0.73358101919798,4950.981649824827,12758.655642919275
4,3,1,30,19.0,1.0,16.45098039215686,15.549019607843137,0.333392232033855,20372.75594549516,50438.43390628103
4,3,1,31,17.0,1.0,13.852941176470589,13.03921568627451,0.46095141684417734,14726.0295675135,35705.51326475691
4,3,1,32,17.0,1.0,13.980392156862745,13.372549019607844,0.4381090526344576,15685.129796472833,38574.990539569684
4,3,1,33,8.0,1.0,4.323529411764706,5.1568627450980395,0.8300425845845792,3495.97511973999,8771.51465991154
4,3,1,34,19.0,1.0,16.372549019607842,15.176470588235293,0.34951751643023377,19925.55817195765,48863.60156948246
4,3,1,35,19.0,1.0,16.519607843137255,15.686274509803921,0.33857894436505465,20178.239288396268,50168.01962194451
4,3,1,36,18.0,1.0,15.205882352941176,15.215686274509803,0.36988309767980576,18160.405735524328,45501.003743999536
4,3,1,37,11.0,1.0,7.392156862745098,8.549019607843137,0.654150991899033,6394.381577402595,17307.490211406628
4,3,1,38,18.0,1.0,15.637254901960784,14.686274509803921,0.3741533320463139,18522.642745928075,45789.7881905808
4,3,1,39,16.0,1.0,13.872549019607844,12.647058823529411,0.45652163545734137,14737.791838967325,35855.59129297705
4,3,1,40,12.0,1.0,9.068627450980392,9.313725490196079,0.6170229453329731,7630.104527680987,19682.80993327789
4,3,1,41,15.0,1.0,12.813725490196079,12.72549019607843,0.4802874934620109,12901.961567674229,32105.90658963952
4,3,1,42,16.0,1.0,10.568627450980392,12.745098039215685,0.5026708466380054,12629.896756868446,33662.74724126067
4,3,1,43,19.0,1.0,16.5,15.745098039215685,0.3345762308375388,20473.20621955846,50537.89946299844
4,3,1,44,19.0,1.0,17.058823529411764,15.627450980392156,0.3235452693028445,20809.183126635377,51448.74276843885
4,3,1,45,17.0,1.0,14.098039215686274,13.823529411764707,0.42904201487309623,15126.787371024653,38022.87935180118
4,3,1,46,17.0,1.0,14.049019607843137,13.470588235294118,0.42991960556722786,15349.802850469181,38099.93204511101
4,3,1,47,16.0,1.0,11.843137254901961,12.333333333333334,0.508458556485421,12562.066865480769,31265.251898864633
4,3,1,48,17.0,1.0,12.058823529411764,12.980392156862745,0.4690702408191299,13957.867776914376,36472.30683085327
4,3,1,49,16.0,1.0,10.068627450980392,11.784313725490197,0.5281863551712082,11969.090517084725,31589.755930680472
4,3,1,50,17.0,1.0,14.627450980392156,13.941176470588236,0.41017983980954814,16766.888494071176,41306.20069435642
4,3,1,51,14.0,1.0,10.03921568627451,10.686274509803921,0.5735647347711882,9888.088888059778,25228.283182684947
4,3,1,52,17.0,1.0,14.127450980392156,14.92156862745098,0.38946288062053874,16968.206783648384,43438.915687884444
4,3,1,53,16.0,1.0,10.705882352941176,11.647058823529411,0.5312431114204126,12011.77705609909,30604.159165203073
4,3,1,54,19.0,1.0,16.970588235294116,16.274509803921568,0.304877875524756,21970.283552235484,54783.6426985976
4,3,1,55,12.0,1.0,7.862745098039215,8.823529411764707,0.6559455489150354,6760.014343873208,17503.923124692323
4,3,1,56,13.0,1.0,10.549019607843137,10.568627450980392,0.5615445685382472,9225.036964187855,23445.033954966686
4,3,1,57,13.0,1.0,9.598039215686274,9.03921568627451,0.6298035481284193,7860.798314353218,19278.947642652318
4,3,1,58,17.0,1.0,14.53921568627451,13.352941176470589,0.43341098167605807,15912.152392510432,38634.20197402571
4,3,1,59,15.0,1.0,10.637254901960784,11.568627450980392,0.5361178295431399,11489.822705916908,29491.488742813493
4,3,2,0,14.0,1.0,9.617647058823529,10.176470588235293,0.5677523935785899,9376.95003706118,24932.196189985618
4,3,2,1,15.0,1.0,11.705882352941176,9.92156862745098,0.5573628903751134,10691.892817553404,25734.55835671603
4,3,2,2,17.0,1.0,14.519607843137255,12.352941176470589,0.45487028602374013,14960.208424246937,36282.26386818089
4,3,2,3,10.0,1.0,6.9411764705882355,5.862745098039215,0.7548987878900505,4556.627070364027,10753.094403497986
4,3,2,4,8.0,1.0,4.352941176470588,3.803921568627451,0.8188675723105154,2791.2420088728445,7491.104340523793
4,3,2,5,12.0,1.0,6.872549019607843,7.352941176470588,0.6910846124873385,6283.894331454396,16487.31865250189
4,3,2,6,17.0,1.0,14.27450980392157,12.686274509803921,0.4405896029993494,14938.484092368362,36627.74778821484
4,3,2,7,13.0,1.0,9.352941176470589,9.156862745098039,0.6122738391085661,8132.940337668729,20941.167116079756
4,3,2,8,10.0,1.0,5.617647058823529,6.470588235294118,0.7351829686768149,4988.507394745072,12933.282010725216
4,3,2,9,16.0,1.0,14.235294117647058,12.764705882352942,0.44826882044662514,14469.01720644535,35574.522513974895
4,3,2,10,15.0,1.0,12.735294117647058,11.196078431372548,0.5169581138851338,11729.165742402884,28580.985332704156
4,3,2,11,15.0,1.0,12.049019607843137,10.745098039215685,0.5339261978638857,11307.7504848008,27935.40886801786
4,3,2,12,10.0,1.0,5.578431372549019,6.450980392156863,0.7362833248403317,4949.830983084721,12911.997389557711
4,3,2,13,14.0,1.0,10.156862745098039,9.803921568627452,0.5833102785385663,9223.848541658714,23782.5689286033
4,3,2,14,16.0,1.0,13.862745098039216,12.137254901960784,0.4581557585647926,14132.767406723273,34919.98328668323
4,3,2,15,13.0,1.0,10.450980392156863,9.313725490196079,0.5927701100959636,8302.605924606582,20833.31200008822
4,3,2,16,13.0,1.0,9.215686274509803,9.196078431372548,0.6039331243013876,8268.359065770414,21255.9268545964
4,3,2,17,17.0,1.0,12.53921568627451,12.352941176470589,0.4697542791410894,13982.785764010732,36346.21044706491
4,3,2,18,13.0,1.0,11.676470588235293,10.019607843137255,0.5567341043565404,10488.639140129832,25384.81006716528
4,3,2,19,15.0,1.0,12.127450980392156,10.627450980392156,0.538603319000978,11106.1011747059,27275.089043288677
4,3,2,20,17.0,1.0,14.862745098039216,12.901960784313726,0.43842008949570516,15289.95526121789,37300.44937920376
4,3,2,21,14.0,1.0,11.07843137254902,9.352941176470589,0.5820254428093876,9567.443537340414,23273.260505746806
4,3,2,22,10.0,1.0,6.745098039215686,7.078431372549019,0.7097959781081501,5198.958588879311,13519.01189824938
4,3,2,23,16.0,1.0,13.549019607843137,11.372549019607844,0.49422535820974095,13215.378160114153,32120.671915802915
4,3,2,24,14.0,1.0,11.303921568627452,9.784313725490197,0.5744373665578978,9746.803607210146,23815.76984644687
4,3,2,25,15.0,1.0,10.617647058823529,10.450980392156863,0.550481653646686,10253.3858219141,26928.247810916695
4,3,2,26,16.0,1.0,13.46078431372549,12.098039215686274,0.4760507976418968,13283.984004876262,32849.62178364484
4,3,2,27,11.0,1.0,8.882352941176471,7.7254901960784315,0.6576353255490076,6356.418923545212,16022.85895001785
4,3,2,28,18.0,1.0,15.323529411764707,13.0,0.4093658232992226,16594.58478984541,41046.62115991463
4,3,2,29,3.0,0.0,1.892156862745098,1.588235294117647,0.92249944083598,958.4125160256556,2734.880957896034
4,3,2,30,16.0,1.0,13.813725490196079,12.176470588235293,0.4567726404223152,14211.250192250414,34960.550441604995
4,3,2,31,14.0,1.0,11.147058823529411,9.686274509803921,0.5844144558770982,9620.659257870815,23084.312015759395
4,3,2,32,15.0,1.0,12.07843137254902,10.745098039215685,0.5317413484002028,11458.34425119294,28190.76215826544
4,3,2,33,0.0,0.0,0.20588235294117646,0.0,0.9969165328493084,54.424980110838554,120.69038276755488
4,3,2,34,17.0,1.0,14.323529411764707,12.098039215686274,0.45581328539034355,14623.914754872541,35497.63847179414
4,3,2,35,17.0,1.0,14.852941176470589,13.215686274509803,0.4228300931404443,15805.183889551656,39279.60774454319
4,3,2,36,16.0,1.0,12.970588235294118,12.07843137254902,0.4794152628506401,12834.693918043078,32260.813848695958
4,3,2,37,8.0,1.0,4.676470588235294,5.215686274509804,0.7825864870393048,3113.7005736887863,8712.789139068565
4,3,2,38,15.0,1.0,12.372549019607844,10.450980392156863,0.5240456789504061,11833.265530719846,29059.66470977303
4,3,2,39,14.0,1.0,11.441176470588236,9.470588235294118,0.5731560307794731,10058.782510261604,24185.41366791864
4,3,2,40,9.0,1.0,5.519607843137255,5.1568627450980395,0.7691448881565349,3636.697226716109,9481.90790718616
4,3,2,41,9.0,1.0,5.8431372549019605,4.862745098039215,0.7969163058681413,3547.196872165616,8337.345451228193
4,3,2,42,12.0,1.0,6.450980392156863,7.686274509803922,0.685499855227509,6392.486345485928,17261.126406464165
4,3,2,43,16.0,1.0,13.823529411764707,12.352941176470589,0.4570122933775727,14339.299472766656,35250.95536848209
4,3,2,44,17.0,1.0,14.470588235294118,12.117647058823529,0.451434504991753,14640.325844521649,35775.958226027105
4,3,2,45,14.0,1.0,12.166666666666666,11.03921568627451,0.5229693221753984,10861.40303582806,27459.93756738971
4,3,2,46,15.0,1.0,12.323529411764707,10.803921568627452,0.5179780816876502,11313.26833682187,28103.03828860038
4,3,2,47,11.0,1.0,8.019607843137255,7.607843137254902,0.6792938752365804,6105.436346424433,15262.627172633398
4,3,2,48,14.0,1.0,10.137254901960784,10.019607843137255,0.5648913049145899,9862.64493957908,25969.917071543834
4,3,2,49,12.0,1.0,6.529411764705882,7.745098039215686,0.6817738651815115,6518.229837641109,17528.619158808346
4,3,2,50,15.0,1.0,12.068627450980392,10.882352941176471,0.5277669172848047,11547.593311847555,28405.858504812262
4,3,2,51,8.0,1.0,4.264705882352941,4.9411764705882355,0.7979368789178763,3211.3169877412693,8563.751850525667
4,3,2,52,14.0,1.0,10.823529411764707,10.941176470588236,0.5362076896777356,10216.408503064966,26603.2190803035
4,3,2,53,11.0,1.0,6.637254901960785,6.784313725490196,0.7123630953604224,5730.79769671808,14904.891449596493
4,3,2,54,17.0,1.0,14.401960784313726,13.0,0.4214081975966942,15735.409341592982,39191.65196709619
4,3,2,55,1.0,0.0,1.9313725490196079,1.7647058823529411,0.9319888793008562,1136.7416926252195,2701.4378098875122
4,3,2,56,11.0,1.0,7.4411764705882355,7.352941176470588,0.6865939579002979,5181.606649372972,13623.074604477883
4,3,2,57,0.0,0.0,0.0,0.0,0.9999933371575197,0.022236188416284716,0.06174346464994426
4,3,2,58,15.0,1.0,12.176470588235293,10.196078431372548,0.5447824608125037,11181.68248437098,26960.378963634234
4,3,2,59,13.0,1.0,8.186274509803921,8.549019607843137,0.6382747492220359,7629.501963247974,20087.534486093668
4,3,3,0,0.0,0.0,0.0,0.0,1.0,0.0,0.0
4,3,3,1,7.0,1.0,4.8431372549019605,2.607843137254902,0.8521141483976318,2688.2529583248256,6109.423242905273
4,3,3,2,12.0,1.0,9.372549019607844,5.8431372549019605,0.6950624986442048,6622.088068499394,15494.703928091876
4,3,3,3,4.0,1.0,3.2058823529411766,1.5294117647058822,0.9136368776752829,1474.245788745569,3236.468590749
4,3,3,4,0.0,0.0,0.0,0.0,1.0,0.0,0.0
4,3,3,5,0.0,0.0,0.38235294117647056,0.17647058823529413,0.9892371625115275,193.54099686794038,401.48175761141107
4,3,3,6,10.0,1.0,7.4411764705882355,4.666666666666667,0.7558576691822623,4628.466071032568,10816.046214205613
4,3,3,7,5.0,1.0,2.7450980392156863,1.3333333333333333,0.8971068276365025,1298.663875021236,3604.6212714454205
4,3,3,8,0.0,0.0,0.29411764705882354,0.17647058823529413,0.9904707619291958,178.01146635520314,371.2836985473194
4,3,3,9,9.0,1.0,6.637254901960785,3.7058823529411766,0.7909117161702524,3899.5969910380563,9068.750363031979
4,3,3,10,10.0,1.0,6.7745098039215685,4.411764705882353,0.777580946043312,4209.143203516459,9919.669152029104
4,3,3,11,9.0,1.0,6.147058823529412,3.4705882352941178,0.8026600369850191,3698.2355119260087,8627.025887854523
4,3,3,12,0.0,0.0,0.29411764705882354,0.17647058823529413,0.9904707619291958,178.01146635520314,371.2836985473194
4,3,3,13,5.0,1.0,3.0294117647058822,1.607843137254902,0.8884190246989698,1439.1882726541214,4026.115239239899
4,3,3,14,6.0,1.0,4.137254901960785,1.6470588235294117,0.8792496308574554,2249.2924626322547,4975.9578440842715
4,3,3,15,0.0,0.0,0.0,0.0,0.999999914014102,0.00029937512547655016,0.0007954918776218733
4,3,3,16,0.0,0.0,0.0,0.0,1.0,0.0,0.0
4,3,3,17,6.0,1.0,3.5,2.0,0.8638723711973074,1760.381757772569,4949.459750102832
4,3,3,18,6.0,1.0,4.03921568627451,1.7843137254901962,0.8830242856330724,2211.4841869842107,4908.4105064756595
4,3,3,19,9.0,1.0,6.0588235294117645,3.6470588235294117,0.8035792254700552,3680.253995361896,8562.616196962492
4,3,3,20,12.0,1.0,9.490196078431373,6.03921568627451,0.682559691269998,6126.803914752573,14653.804077011815
4,3,3,21,6.0,1.0,3.9411764705882355,1.4509803921568627,0.8900559688722365,2144.545847214974,4750.445795729311
4,3,3,22,0.0,0.0,0.0,0.0,1.0,0.0,0.0
4,3,3,23,11.0,1.0,8.568627450980392,5.392156862745098,0.721532596251567,5889.8179035705025,13719.862952524933
4,3,3,24,8.0,1.0,5.970588235294118,3.4313725490196076,0.8122774222613954,3544.1285893741274,8218.009057623662
4,3,3,25,5.0,1.0,2.7254901960784315,1.3725490196078431,0.8931515777519791,1372.649126393169,3781.8702615678603
4,3,3,26,8.0,1.0,6.333333333333333,3.607843137254902,0.7992060914606526,3718.406020817315,8660.57604492375
4,3,3,27,0.0,0.0,1.9901960784313726,0.2549019607843137,0.9608137741638153,724.6082069765157,1426.338761769599
4,3,3,28,10.0,1.0,7.8431372549019605,4.647058823529412,0.7295098009696187,4692.27040516781,11604.485073941112
4,3,3,29,0.0,0.0,0.0,0.0,1.0,0.0,0.0
4,3,3,30,6.0,1.0,4.264705882352941,1.8235294117647058,0.8753655738873881,2323.505458691103,5208.214165667531
4,3,3,31,9.0,1.0,6.166666666666667,3.392156862745098,0.8108852402725373,3654.9875710197057,8404.953515244593
4,3,3,32,9.0,1.0,6.166666666666667,3.5294117647058822,0.8016588382541313,3762.564675031993,8765.007862776787
4,3,3,33,0.0,0.0,0.0,0.0,1.0,0.0,0.0
4,3,3,34,9.0,1.0,6.862745098039215,3.7058823529411766,0.7739909314591092,3819.689874862034,9144.547865022068
4,3,3,35,10.0,1.0,7.127450980392157,4.509803921568627,0.7622990067035352,4345.074494802003,10365.106602908832
4,3,3,36,5.0,1.0,2.8627450980392157,1.392156862745098,0.8913835766420357,1351.1204103045761,3806.970593388666
4,3,3,37,0.0,0.0,0.0,0.0,1.0,0.0,0.0
4,3,3,38,6.0,1.0,4.46078431372549,2.0,0.8661617398263827,2471.985717858995,5527.784677529795
4,3,3,39,6.0,1.0,4.049019607843137,1.5490196078431373,0.886666985126246,2192.0027604399565,4813.729526043106
4,3,3,40,0.0,0.0,0.0,0.0,0.9999762068593047,0.09126881787981131,0.22203604508039193
4,3,3,41,0.0,0.0,0.29411764705882354,0.17647058823529413,0.9904706759432976,178.0117657303286,371.28449403919694
4,3,3,42,0.0,0.0,0.0,0.0,1.0,0.0,0.0
4,3,3,43,6.0,1.0,4.696078431372549,2.176470588235294,0.8615283321965386,2583.9733176631253,5776.631979163391
4,3,3,44,9.0,1.0,6.6568627450980395,3.450980392156863,0.7809584182583166,3631.743415846371,8773.103129148109
4,3,3,45,4.0,1.0,2.4313725490196076,1.0980392156862746,0.9058883835335733,1232.9132807741994,3411.927351615735
4,3,3,46,5.0,1.0,2.7745098039215685,1.5294117647058822,0.8894500246481276,1389.9983528193823,3920.9070786572775
4,3,3,47,0.0,0.0,0.29411764705882354,0.17647058823529413,0.9904706759432976,178.0117657303286,371.28449403919694
4,3,3,48,0.0,0.0,0.0,0.0,1.0,0.0,0.0
4,3,3,49,0.0,0.0,0.0,0.0,1.0,0.0,0.0
4,3,3,50,9.0,1.0,6.147058823529412,3.607843137254902,0.799797586051474,3766.8808920676124,8788.493755276188
4,3,3,51,0.0,0.0,0.3627450980392157,0.29411764705882354,0.9876637541576189,214.62727796802523,452.2931804055676
4,3,3,52,0.0,0.0,0.0,0.0,1.0,0.0,0.0
4,3,3,53,0.0,0.0,0.0,0.0,1.0,0.0,0.0
4,3,3,54,6.0,1.0,4.607843137254902,2.2549019607843137,0.856573738245375,2567.0829436567037,5824.588201373888
4,3,3,55,0.0,0.0,0.3235294117647059,0.17647058823529413,0.9900138083443655,180.5160586840147,377.19412987228645
4,3,3,56,0.0,0.0,0.0,0.0,1.0,0.0,0.0
4,3,3,57,0.0,0.0,0.0,0.0,1.0,0.0,0.0
4,3,3,58,9.0,1.0,6.911764705882353,4.196078431372549,0.780228263849243,4287.138991699247,9844.873365822079
4,3,3,59,0.0,0.0,0.0,0.0,1.0,0.0,0.0
4,3,4,0,0.0,0.0,0.0,0.0,1.0,0.0,0.0
4,3,4,1,0.0,0.0,0.0,0.0,1.0,0.0,0.0
4,3,4,2,0.0,0.0,0.0,0.0,1.0,0.0,0.0
4,3,4,3,0.0,0.0,0.0,0.0,1.0,0.0,0.0
4,3,4,4,0.0,0.0,0.0,0.0,1.0,0.0,0.0
4,3,4,5,0.0,0.0,0.0,0.0,1.0,0.0,0.0
4,3,4,6,0.0,0.0,0.0,0.0,1.0,0.0,0.0
4,3,4,7,0.0,0.0,0.0,0.0,1.0,0.0,0.0
4,3,4,8,0.0,0.0,0.0,0.0,1.0,0.0,0.0
4,3,4,9,0.0,0.0,0.0,0.0,1.0,0.0,0.0
4,3,4,10,0.0,0.0,0.0,0.0,1.0,0.0,0.0
4,3,4,11,0.0,0.0,0.0,0.0,1.0,0.0,0.0
4,3,4,12,0.0,0.0,0.0,0.0,1.0,0.0,0.0
4,3,4,13,0.0,0.0,0.0,0.0,1.0,0.0,0.0
4,3,4,14,0.0,0.0,0.0,0.0,1.0,0.0,0.0
4,3,4,15,0.0,0.0,0.0,0.0,1.0,0.0,0.0
4,3,4,16,0.0,0.0,0.0,0.0,1.0,0.0,0.0
4,3,4,17,0.0,0.0,0.0,0.0,1.0,0.0,0.0
4,3,4,18,0.0,0.0,0.0,0.0,1.0,0.0,0.0
4,3,4,19,0.0,0.0,0.0,0.0,1.0,0.0,0.0
4,3,4,20,0.0,0.0,0.0,0.0,1.0,0.0,0.0
4,3,4,21,0.0,0.0,0.0,0.0,1.0,0.0,0.0
4,3,4,22,0.0,0.0,0.0,0.0,1.0,0.0,0.0
4,3,4,23,0.0,0.0,0.0,0.0,1.0,0.0,0.0
4,3,4,24,0.0,0.0,0.0,0.0,1.0,0.0,0.0
4,3,4,25,0.0,0.0,0.0,0.0,1.0,0.0,0.0
4,3,4,26,0.0,0.0,0.0,0.0,1.0,0.0,0.0
4,3,4,27,0.0,0.0,0.0,0.0,1.0,0.0,0.0
4,3,4,28,0.0,0.0,0.0,0.0,1.0,0.0,0.0
4,3,4,29,0.0,0.0,0.0,0.0,1.0,0.0,0.0
4,3,4,30,0.0,0.0,0.0,0.0,1.0,0.0,0.0
4,3,4,31,0.0,0.0,0.0,0.0,1.0,0.0,0.0
4,3,4,32,0.0,0.0,0.0,0.0,1.0,0.0,0.0
4,3,4,33,0.0,0.0,0.0,0.0,1.0,0.0,0.0
4,3,4,34,0.0,0.0,0.0,0.0,1.0,0.0,0.0
4,3,4,35,0.0,0.0,0.0,0.0,1.0,0.0,0.0
4,3,4,36,0.0,0.0,0.0,0.0,1.0,0.0,0.0
4,3,4,37,0.0,0.0,0.0,0.0,1.0,0.0,0.0
4,3,4,38,0.0,0.0,0.0,0.0,1.0,0.0,0.0
4,3,4,39,0.0,0.0,0.0,0.0,1.0,0.0,0.0
4,3,4,40,0.0,0.0,0.0,0.0,1.0,0.0,0.0
4,3,4,41,0.0,0.0,0.0,0.0,1.0,0.0,0.0
4,3,4,42,0.0,0.0,0.0,0.0,1.0,0.0,0.0
4,3,4,43,0.0,0.0,0.0,0.0,1.0,0.0,0.0
4,3,4,44,0.0,0.0,0.0,0.0,1.0,0.0,0.0
4,3,4,45,0.0,0.0,0.0,0.0,1.0,0.0,0.0
4,3,4,46,0.0,0.0,0.0,0.0,1.0,0.0,0.0
4,3,4,47,0.0,0.0,0.0,0.0,1.0,0.0,0.0
4,3,4,48,0.0,0.0,0.0,0.0,1.0,0.0,0.0
4,3,4,49,0.0,0.0,0.0,0.0,1.0,0.0,0.0
4,3,4,50,0.0,0.0,0.0,0.0,1.0,0.0,0.0
4,3,4,51,0.0,0.0,0.0,0.0,1.0,0.0,0.0
4,3,4,52,0.0,0.0,0.0,0.0,1.0,0.0,0.0
4,3,4,53,0.0,0.0,0.0,0.0,1.0,0.0,0.0
4,3,4,54,0.0,0.0,0.0,0.0,1.0,0.0,0.0
4,3,4,55,0.0,0.0,0.0,0.0,1.0,0.0,0.0
4,3,4,56,0.0,0.0,0.0,0.0,1.0,0.0,0.0
4,3,4,57,0.0,0.0,0.0,0.0,1.0,0.0,0.0
4,3,4,58,0.0,0.0,0.0,0.0,1.0,0.0,0.0
4,3,4,59,0.0,0.0,0.0,0.0,1.0,0.0,0.0
4,4,0,0,21.0,1.0,15.911764705882353,18.725490196078432,0.2682423397537184,25837.40403711261,67175.40077846857
4,4,0,1,21.0,1.0,18.019607843137255,18.392156862745097,0.25209881377198423,26197.834570222243,64771.3220120809
4,4,0,2,21.0,1.0,19.313725490196077,18.84313725490196,0.2193605497988161,27917.581229614134,69298.26873270057
4,4,0,3,21.0,1.0,16.686274509803923,18.215686274509803,0.2877974918178661,23603.4635790057,59013.351026452176
4,4,0,4,19.0,1.0,13.5,15.705882352941176,0.38963183387762207,18739.157920344147,48899.03643951114
4,4,0,5,21.0,1.0,15.647058823529411,18.254901960784313,0.29584385309109046,24052.165776181497,62525.98279241565
4,4,0,6,22.0,1.0,19.715686274509803,19.784313725490197,0.18294845675239277,30250.224180298097,75105.14757648503
4,4,0,7,19.0,1.0,14.441176470588236,16.764705882352942,0.3582503986508598,20756.68247645033,52767.85775006558
4,4,0,8,20.0,1.0,14.156862745098039,17.07843137254902,0.3428245666251335,21523.065866586476,55724.51498932106
4,4,0,9,21.0,1.0,19.362745098039216,19.294117647058822,0.20811487674627527,28737.23401184062,71086.98121492355
4,4,0,10,21.0,1.0,18.372549019607842,18.568627450980394,0.2494797471588215,26131.738418545738,64667.25806646497
4,4,0,11,20.0,1.0,17.80392156862745,18.03921568627451,0.26517713442950663,25404.527630526645,63015.638684295365
4,4,0,12,21.0,1.0,15.029411764705882,17.88235294117647,0.30924840491342237,23514.717934501055,60550.09028582393
4,4,0,13,20.0,1.0,17.470588235294116,18.0,0.27525468941845055,24693.67384324772,61788.43351259124
4,4,0,14,21.0,1.0,19.15686274509804,18.92156862745098,0.21108060792229755,28533.038383892712,70533.29725627846
4,4,0,15,21.0,1.0,18.41176470588235,19.254901960784313,0.22128640786926176,27462.770228057772,68717.54317157238
4,4,0,16,21.0,1.0,18.245098039215687,19.137254901960784,0.21526141629215742,27939.476428189366,70223.53787277124
4,4,0,17,21.0,1.0,18.41176470588235,19.294117647058822,0.21638776953421143,28091.449157651423,71173.76756954311
4,4,0,18,21.0,1.0,18.127450980392158,18.764705882352942,0.24258633125314077,26654.680772497646,66191.84076433397
4,4,0,19,20.0,1.0,17.627450980392158,17.764705882352942,0.27172602401685314,24970.834177233857,62261.459188605564
4,4,0,20,21.0,1.0,19.362745098039216,19.058823529411764,0.21855602452632875,28492.627776360234,70311.13111732152
4,4,0,21,20.0,1.0,16.852941176470587,17.274509803921568,0.3020049106755848,23186.137888228914,57399.54385540445
4,4,0,22,20.0,1.0,14.53921568627451,17.333333333333332,0.33496361530709023,22067.8883265331,56583.63027557127
4,4,0,23,20.0,1.0,18.529411764705884,17.88235294117647,0.2548942802675636,25601.18209105074,63532.29716371823
4,4,0,24,19.0,1.0,17.34313725490196,17.45098039215686,0.28988644066096536,23524.827405738757,58543.179102167334
4,4,0,25,20.0,1.0,17.627450980392158,18.294117647058822,0.2549842958165441,25828.632203007604,65045.13724687362
4,4,0,26,21.0,1.0,18.813725490196077,19.0,0.2220273322113017,27784.73894844459,69006.0346171393
4,4,0,27,20.0,1.0,16.69607843137255,17.607843137254903,0.29333270525817984,23386.94324659016,58849.29009611378
4,4,0,28,22.0,1.0,19.53921568627451,19.49019607843137,0.19452540250178674,29784.994157777266,74206.49464583307
4,4,0,29,18.0,1.0,12.068627450980392,13.92156862745098,0.47944769679960103,14809.8598834692,37693.08535224833
4,4,0,30,21.0,1.0,18.92156862745098,18.941176470588236,0.21574812961761794,28273.163157448245,70018.02124968494
4,4,0,31,19.0,1.0,16.892156862745097,16.84313725490196,0.316654718850809,22524.96550741018,55297.542979410166
4,4,0,32,20.0,1.0,17.627450980392158,17.80392156862745,0.27083995107128506,25210.74387258692,62541.39789670801
4,4,0,33,19.0,1.0,15.77450980392157,17.45098039215686,0.3265225475086752,21619.10653534887,53841.21092083266
4,4,0,34,20.0,1.0,18.598039215686274,18.392156862745097,0.23885819452485627,27126.36848445934,66972.84797598014
4,4,0,35,21.0,1.0,19.215686274509803,19.254901960784313,0.20998936987232633,28461.851843791726,70987.65540232192
4,4,0,36,21.0,1.0,18.029411764705884,18.784313725490197,0.23988038018576685,26530.438917517607,66313.35568436468
4,4,0,37,19.0,1.0,13.705882352941176,16.313725490196077,0.3695905542529996,19544.355222247683,51189.49755068709
4,4,0,38,21.0,1.0,18.34313725490196,18.49019607843137,0.23967142854567983,27048.376311148266,67244.71156300927
4,4,0,39,19.0,1.0,16.931372549019606,16.901960784313726,0.3047181061156401,23058.08769509313,56789.94442849671
4,4,0,40,18.0,1.0,15.117647058823529,16.352941176470587,0.3498564237903899,19978.835768014294,50837.829176230414
4,4,0,41,20.0,1.0,16.735294117647058,17.666666666666668,0.2939933532977915,23437.555014660615,58552.593688786576
4,4,0,42,21.0,1.0,14.607843137254902,17.980392156862745,0.3178952668051267,23260.855348686116,60770.95700232546
4,4,0,43,21.0,1.0,19.176470588235293,19.254901960784313,0.2072187529437575,29070.03889163685,71855.96186296543
4,4,0,44,21.0,1.0,19.127450980392158,18.705882352941178,0.21985899888881477,27918.036756759357,69243.7774224511
4,4,0,45,19.0,1.0,16.99019607843137,17.58823529411765,0.2881822848067549,23364.392727038743,58871.36564673928
4,4,0,46,20.0,1.0,17.352941176470587,17.58823529411765,0.27776367916557737,24443.7072957313,60830.89338379551
4,4,0,47,21.0,1.0,17.480392156862745,18.784313725490197,0.2521980275289305,26077.306455681053,65454.66720637412
4,4,0,48,21.0,1.0,15.215686274509803,17.647058823529413,0.30877270613486196,23444.80507205391,60884.170123427604
4,4,0,49,21.0,1.0,14.46078431372549,17.705882352941178,0.32483418841811523,22827.160604223965,59560.13008770849
4,4,0,50,21.0,1.0,18.264705882352942,18.313725490196077,0.24524856545363496,26542.716606840146,65792.53017478774
4,4,0,51,21.0,1.0,15.784313725490197,17.568627450980394,0.31687181103691864,22936.994193762224,57975.28369072645
4,4,0,52,20.0,1.0,17.676470588235293,19.03921568627451,0.2348051299859104,26785.453577829336,67542.59862098769
4,4,0,53,20.0,1.0,14.656862745098039,17.137254901960784,0.33932003801328503,21864.256487121485,56320.22616237819
4,4,0,54,22.0,1.0,19.372549019607842,19.666666666666668,0.18810341827142998,30148.94548639278,75040.47047054638
4,4,0,55,20.0,1.0,16.284313725490197,17.568627450980394,0.3098665966718646,22448.694501432765,56264.34257177512
4,4,0,56,20.0,1.0,16.441176470588236,17.41176470588235,0.29339505377190694,23121.841777257694,58010.20286538002
4,4,0,57,17.0,1.0,13.970588235294118,14.490196078431373,0.41682289197920136,17006.15456089156,42241.22159334514
4,4,0,58,20.0,1.0,18.019607843137255,18.03921568627451,0.2649816946724399,25445.45913391484,62661.26981180227
4,4,0,59,20.0,1.0,15.92156862745098,17.19607843137255,0.3145385501758865,22645.03737740638,57147.94043305289
4,4,1,0,19.0,1.0,13.607843137254902,15.549019607843137,0.37840740644689214,18864.431971609905,49525.36561698461
4,4,1,1,18.0,1.0,15.411764705882353,14.72549019607843,0.3811048380231496,18852.02513663244,46215.31390613414
4,4,1,2,20.0,1.0,17.852941176470587,16.666666666666668,0.29249421582432866,23685.193160574294,58371.32775823052
4,4,1,3,16.0,1.0,13.343137254901961,13.490196078431373,0.45086426807781765,14493.440241670636,36108.72908990232
4,4,1,4,16.0,1.0,10.901960784313726,11.823529411764707,0.5243179485794726,11966.529340145693,31104.723296381904
4,4,1,5,18.0,1.0,12.784313725490197,14.019607843137255,0.43622799569169607,15971.220622635105,41777.5786352414
4,4,1,6,20.0,1.0,17.627450980392158,16.901960784313726,0.28238249032097734,23860.522300590717,59034.270292932226
4,4,1,7,17.0,1.0,12.696078431372548,13.843137254901961,0.4493940099909322,15641.040481743372,39841.93314902671
4,4,1,8,16.0,1.0,11.529411764705882,13.27450980392157,0.4736724844231199,14369.814614023684,37235.12890084639
4,4,1,9,19.0,1.0,17.50980392156863,16.764705882352942,0.2955108484787471,23049.957003786552,57154.616608073695
4,4,1,10,19.0,1.0,16.46078431372549,15.784313725490197,0.34727362511675436,20124.58055620792,49812.334923198316
4,4,1,11,18.0,1.0,15.333333333333334,14.705882352941176,0.3847057230614883,18403.9395058651,45655.021625001915
4,4,1,12,16.0,1.0,11.441176470588236,13.03921568627451,0.47953248509271224,13937.87163923238,36693.558217221675
4,4,1,13,18.0,1.0,13.53921568627451,14.470588235294118,0.4172462805117914,17251.65267666457,44185.855553346155
4,4,1,14,19.0,1.0,17.137254901960784,16.313725490196077,0.30468765287729543,22604.30445873697,56112.325159032946
4,4,1,15,19.0,1.0,16.11764705882353,16.15686274509804,0.3282605180579501,20763.224371164488,52169.46948292222
4,4,1,16,18.0,1.0,13.362745098039216,15.117647058823529,0.3967700167645308,18033.14904257953,46366.2180664604
4,4,1,17,19.0,1.0,14.686274509803921,15.705882352941176,0.3569496454093011,20478.282555505208,53030.48273801782
4,4,1,18,18.0,1.0,15.970588235294118,15.372549019607844,0.3560952857937832,19940.195557601226,49068.655782007445
4,4,1,19,18.0,1.0,15.401960784313726,14.686274509803921,0.38386967089778906,18412.405535671765,45653.37552035616
4,4,1,20,20.0,1.0,17.637254901960784,16.568627450980394,0.3032882394241466,23060.833929652,56720.63459209597
4,4,1,21,17.0,1.0,14.77450980392157,13.92156862745098,0.40820142411206045,17305.06978134705,42726.47542246029
4,4,1,22,17.0,1.0,12.137254901960784,14.019607843137255,0.45035670553927165,15508.54459577081,39983.290337795515
4,4,1,23,19.0,1.0,16.558823529411764,15.352941176470589,0.3476174563956247,20506.145651119612,50525.132217813334
4,4,1,24,18.0,1.0,15.431372549019608,14.490196078431373,0.38956915272468723,18030.173980271236,44714.68348631035
4,4,1,25,18.0,1.0,13.294117647058824,14.333333333333334,0.4179675702144468,16983.937541309057,44087.03443772734
4,4,1,26,19.0,1.0,16.95098039215686,16.372549019607842,0.31393733798334056,21906.183034109636,54659.18172152408
4,4,1,27,16.0,1.0,13.705882352941176,13.549019607843137,0.44018423232834514,15188.024488683968,38118.7467947187
4,4,1,28,20.0,1.0,17.970588235294116,16.862745098039216,0.2769313092463361,24456.167494502573,60826.63384253233
4,4,1,29,13.0,1.0,8.323529411764707,8.882352941176471,0.6512502162412878,7468.771045371741,19171.799190175636
4,4,1,30,20.0,1.0,17.215686274509803,16.58823529411765,0.29444841755756407,23173.755179173375,57539.35493175014
4,4,1,31,18.0,1.0,15.284313725490197,14.549019607843137,0.39865407207964104,17981.847873952665,43853.63484580799
4,4,1,32,18.0,1.0,15.254901960784315,14.686274509803921,0.38369886239788387,18595.696515831787,45997.186921802735
4,4,1,33,10.0,1.0,5.107843137254902,6.392156862745098,0.7924547684598252,5007.510105338504,12701.127163143352
4,4,1,34,19.0,1.0,17.254901960784313,16.235294117647058,0.3081947177280126,22721.706101265903,56100.553984503065
4,4,1,35,19.0,1.0,17.313725490196077,16.50980392156863,0.3041692899189795,22699.69480151207,56579.78386381873
4,4,1,36,19.0,1.0,16.205882352941178,16.274509803921568,0.3263231538959626,21081.64293710055,52947.00769804176
4,4,1,37,13.0,1.0,9.284313725490197,10.686274509803921,0.5721895811561846,9547.069831097082,25489.139000447747
4,4,1,38,19.0,1.0,16.38235294117647,15.686274509803921,0.33647272925943733,21098.277853185406,52262.37727343978
4,4,1,39,17.0,1.0,15.0,14.03921568627451,0.40289074892769766,17714.315577983525,43388.624807711094
4,4,1,40,14.0,1.0,11.176470588235293,11.490196078431373,0.5263560446533194,11181.819075058114,28649.914150715496
4,4,1,41,16.0,1.0,14.235294117647058,14.03921568627451,0.42069072814395286,16189.520718303418,40412.36181734267
4,4,1,42,17.0,1.0,11.470588235294118,13.666666666666666,0.4659713535083882,14657.02108167064,38913.48030666145
4,4,1,43,20.0,1.0,17.11764705882353,16.54901960784314,0.29899719562623966,23178.815345950243,57283.58727452094
4,4,1,44,20.0,1.0,17.833333333333332,16.568627450980394,0.2848573985160158,23646.114145839343,58694.594368026985
4,4,1,45,18.0,1.0,15.333333333333334,15.07843137254902,0.37404448891269076,18416.71047171834,46384.213539783625
4,4,1,46,18.0,1.0,15.22549019607843,14.666666666666666,0.3804511751247049,18507.790700256428,45973.9005760688
4,4,1,47,16.0,1.0,13.362745098039216,13.764705882352942,0.4448693651924002,15570.616525711388,38789.33588634924
4,4,1,48,18.0,1.0,12.92156862745098,14.098039215686274,0.4271672467952037,16580.670518705752,43211.05667292897
4,4,1,49,17.0,1.0,11.294117647058824,13.254901960784315,0.4762721786080058,14323.049980935742,37804.65706036819
4,4,1,50,18.0,1.0,15.715686274509803,15.176470588235293,0.36091024539897876,19671.305006361363,48696.33628369565
4,4,1,51,16.0,1.0,11.647058823529411,12.098039215686274,0.5098918372013047,12705.232985865143,32275.487259822785
4,4,1,52,18.0,1.0,15.215686274509803,15.901960784313726,0.34746278134682296,19717.278676459326,50303.2188459862
4,4,1,53,17.0,1.0,12.03921568627451,13.176470588235293,0.4738174548774668,14620.83718017893,37480.41150130343
4,4,1,54,20.0,1.0,17.607843137254903,16.96078431372549,0.27520314270073026,24341.986333204593,60735.39541605792
4,4,1,55,14.0,1.0,9.549019607843137,10.705882352941176,0.578757510542536,9740.322516280428,25116.78902484781
4,4,1,56,15.0,1.0,12.450980392156863,12.627450980392156,0.4808250930794204,12955.981413526524,32709.13835975428
4,4,1,57,15.0,1.0,11.323529411764707,10.96078431372549,0.5490215328814007,10986.34960570858,27127.630651390667
4,4,1,58,18.0,1.0,15.647058823529411,14.529411764705882,0.3812342662465353,18814.121750946655,46000.579575390395
4,4,1,59,16.0,1.0,12.088235294117647,12.843137254901961,0.47870054131208567,14181.634943152785,36010.70267429417
4,4,2,0,15.0,1.0,10.676470588235293,11.509803921568627,0.5191999680306354,11701.645243958159,31049.054436903403
4,4,2,1,16.0,1.0,13.254901960784315,11.784313725490197,0.4856960615772263,13989.96707319374,33818.86508339712
4,4,2,2,18.0,1.0,15.696078431372548,13.627450980392156,0.4013534825582568,17863.971873878247,43652.47807678291
4,4,2,3,12.0,1.0,9.009803921568627,8.098039215686274,0.6657824839519705,7274.789419589897,17292.468693765964
4,4,2,4,10.0,1.0,6.127450980392157,6.196078431372549,0.7352285464664203,5048.849742869053,13240.661459464045
4,4,2,5,14.0,1.0,7.921568627450981,8.72549019607843,0.64038344790476,8405.909070627129,22089.974317463933
4,4,2,6,18.0,1.0,15.362745098039216,13.803921568627452,0.39332794851171965,17745.1254452887,43557.615800704654
4,4,2,7,14.0,1.0,10.852941176470589,10.96078431372549,0.5426329682643024,11222.82828057628,28837.903262655524
4,4,2,8,12.0,1.0,6.823529411764706,7.96078431372549,0.680421175504257,6991.948451719309,18256.84655703171
4,4,2,9,17.0,1.0,15.450980392156863,14.03921568627451,0.3943533368518027,17455.999004672605,43164.96387947553
4,4,2,10,16.0,1.0,14.166666666666666,12.745098039215685,0.4537203794131817,14822.632811778709,36415.89343959189
4,4,2,11,16.0,1.0,13.401960784313726,12.117647058823529,0.4736230395662924,14105.779844554934,34911.95760603054
4,4,2,12,12.0,1.0,6.8431372549019605,7.96078431372549,0.6804376105318921,6964.569104969484,18268.12854747875
4,4,2,13,15.0,1.0,11.372549019607844,11.490196078431373,0.5220428420608012,12107.473918513742,31198.86029302311
4,4,2,14,17.0,1.0,14.980392156862745,13.372549019607844,0.4066951254826607,16990.51909643523,42073.867099245195
4,4,2,15,14.0,1.0,12.058823529411764,11.117647058823529,0.5200621037205597,11433.980017747157,28593.430060724982
4,4,2,16,15.0,1.0,10.519607843137255,11.019607843137255,0.5389962073836366,11085.712343486532,28636.039041131982
4,4,2,17,18.0,1.0,13.441176470588236,13.549019607843137,0.42430750222158964,16760.883893936913,43424.442583110635
4,4,2,18,15.0,1.0,13.303921568627452,11.862745098039216,0.4865199915305484,13579.029239928359,33222.0042040829
4,4,2,19,16.0,1.0,13.588235294117647,12.235294117647058,0.4714597313073454,14115.035600010418,34983.807348422415
4,4,2,20,18.0,1.0,15.872549019607844,14.098039215686274,0.38726470961086373,18237.017394204064,44819.83109245188
4,4,2,21,15.0,1.0,12.676470588235293,11.098039215686274,0.5091297989426032,12722.12724126985,31087.67989530563
4,4,2,22,12.0,1.0,8.490196078431373,9.392156862745098,0.6234724359708795,7897.544575578631,20592.18411180197
4,4,2,23,17.0,1.0,14.911764705882353,12.901960784313726,0.4333998219055106,16220.99868153016,39743.46137691289
4,4,2,24,15.0,1.0,12.882352941176471,11.490196078431373,0.5053985099576684,12659.021391144332,31168.488054594854
4,4,2,25,16.0,1.0,11.823529411764707,11.843137254901961,0.4953382571052452,13168.52247191618,34342.112144718114
4,4,2,26,17.0,1.0,14.627450980392156,13.392156862745098,0.42255960257723957,16080.412175710231,39913.280283758664
4,4,2,27,14.0,1.0,10.980392156862745,10.117647058823529,0.5618209246474907,9832.29272448615,24802.365573641946
4,4,2,28,19.0,1.0,16.07843137254902,14.03921568627451,0.3706611970484959,19174.456138000915,47453.659392532805
4,4,2,29,7.0,1.0,3.9215686274509802,3.843137254901961,0.8338320759810768,2243.5982178876457,6124.016795622167
4,4,2,30,17.0,1.0,14.823529411764707,13.392156862745098,0.40902697766024265,16980.431278575354,41900.82847172509
4,4,2,31,16.0,1.0,12.77450980392157,11.490196078431373,0.509468951413807,12651.72925172717,30889.964074798172
4,4,2,32,16.0,1.0,13.392156862745098,12.176470588235293,0.47117063522308417,14272.723026253545,35286.01405458452
4,4,2,33,0.0,0.0,0.20588235294117646,0.0,0.9969165328493084,54.424980110838554,120.69038276755488
4,4,2,34,18.0,1.0,15.470588235294118,13.490196078431373,0.4030363060009956,17677.732687676056,43217.51898655553
4,4,2,35,18.0,1.0,15.754901960784315,14.372549019607844,0.37646709561853814,18595.66561683365,46389.335326287954
4,4,2,36,17.0,1.0,14.382352941176471,13.470588235294118,0.41768121860091784,16187.959599228794,40549.436795422254
4,4,2,37,11.0,1.0,7.107843137254902,7.901960784313726,0.6758060501714152,5900.375264648121,16085.219721418782
4,4,2,38,16.0,1.0,13.72549019607843,12.03921568627451,0.46438046822500884,14774.775923296078,36267.28316449387
4,4,2,39,15.0,1.0,12.862745098039216,11.156862745098039,0.5047410154796704,13058.279805717775,31611.93835916644
4,4,2,40,11.0,1.0,8.313725490196079,8.137254901960784,0.6528033307559339,6631.117062241561,17168.295084778623
4,4,2,41,11.0,1.0,8.343137254901961,7.411764705882353,0.6898434167127018,6283.105669948978,14907.447226683766
4,4,2,42,13.0,1.0,7.372549019607843,9.098039215686274,0.6401918150426316,8431.267023391623,22626.308018112675
4,4,2,43,17.0,1.0,14.813725490196079,13.470588235294118,0.4115135732840711,16980.80383228001,41744.340342732125
4,4,2,44,18.0,1.0,15.656862745098039,13.549019607843137,0.39667359603947405,17763.516748535803,43679.16643364988
4,4,2,45,16.0,1.0,13.764705882352942,12.72549019607843,0.4550858534639637,14361.068411111992,36183.73157366627
4,4,2,46,16.0,1.0,13.656862745098039,12.411764705882353,0.4554880493292266,14677.541473534355,36462.69452334022
4,4,2,47,13.0,1.0,9.931372549019608,9.666666666666666,0.5972312362002897,9044.53877204963,22619.793411030863
4,4,2,48,16.0,1.0,11.235294117647058,11.588235294117647,0.5094092333423085,12614.68575278557,32964.869795315564
4,4,2,49,14.0,1.0,7.5588235294117645,9.294117647058824,0.6320754877391069,8707.789068061329,23442.708155823886
4,4,2,50,16.0,1.0,13.42156862745098,12.27450980392157,0.46862049666349637,14342.134581196871,35426.78381734838
4,4,2,51,11.0,1.0,5.745098039215686,6.980392156862745,0.727519424228575,5147.779041390218,13799.539851993095
4,4,2,52,16.0,1.0,12.5,12.431372549019608,0.4716775699849845,13335.903820517578,34338.14469833465
4,4,2,53,13.0,1.0,7.833333333333333,8.431372549019608,0.654687292059201,8009.086783232859,20760.815818740222
4,4,2,54,18.0,1.0,15.323529411764707,13.92156862745098,0.3824259837474717,18217.109291863126,45327.194404745765
4,4,2,55,4.0,1.0,2.8333333333333335,3.156862745098039,0.8897932337072003,1909.2195681234966,4696.1343473745765
4,4,2,56,13.0,1.0,10.352941176470589,10.0,0.5731101593785941,9189.347010883637,23403.692998700597
4,4,2,57,0.0,0.0,0.0,0.0,0.9999933371575197,0.022236188416284716,0.06174346464994426
4,4,2,58,16.0,1.0,13.558823529411764,11.764705882352942,0.4817294327000993,14088.522179259799,34132.04701425728
4,4,2,59,14.0,1.0,10.352941176470589,10.509803921568627,0.5578551977537738,10894.095790332629,27905.63351387059
4,4,3,0,0.0,0.0,0.0,0.0,1.0,0.0,0.0
4,4,3,1,10.0,1.0,7.009803921568627,4.921568627450981,0.7600149945178886,4721.509075920739,10961.16464760579
4,4,3,2,14.0,1.0,11.480392156862745,8.490196078431373,0.5950151041996199,9671.031263729066,23197.967226009307
4,4,3,3,8.0,1.0,5.813725490196078,4.0,0.8125031651335802,3492.8682568769505,8183.5966628500055
4,4,3,4,0.0,0.0,0.0,0.0,1.0,0.0,0.0
4,4,3,5,0.0,0.0,1.107843137254902,0.6862745098039216,0.967560112681454,596.7565483596269,1339.3738409268137
4,4,3,6,12.0,1.0,9.57843137254902,6.921568627450981,0.6638210372306849,7252.693903924817,17143.76238716783
4,4,3,7,7.0,1.0,4.598039215686274,3.4901960784313726,0.8143823343477105,2620.3436451485136,7118.854051252017
4,4,3,8,0.0,0.0,0.9705882352941176,0.6274509803921569,0.970978305146998,540.620189140082,1202.0445986271818
4,4,3,9,12.0,1.0,9.450980392156863,7.019607843137255,0.6665456678826135,6896.6918905944685,16664.521630822914
4,4,3,10,12.0,1.0,9.529411764705882,7.431372549019608,0.661037283680775,7234.590590971451,17309.195157324215
4,4,3,11,12.0,1.0,9.117647058823529,7.2745098039215685,0.6656008250856135,6934.912659550282,16901.690451229344
4,4,3,12,0.0,0.0,0.9607843137254902,0.5882352941176471,0.971670789247065,529.5908019699333,1179.2604890587547
4,4,3,13,8.0,1.0,5.196078431372549,4.078431372549019,0.7909824638939749,3040.1695664544186,8252.724038556225
4,4,3,14,9.0,1.0,6.254901960784314,3.9215686274509802,0.7889125613160619,3929.899091073609,9096.674957106401
4,4,3,15,0.0,0.0,0.0,0.0,0.999999914014102,0.00029937512547655016,0.0007954918776218733
4,4,3,16,0.0,0.0,0.0,0.0,1.0,0.0,0.0
4,4,3,17,9.0,1.0,5.715686274509804,4.372549019607843,0.7665373237837225,3575.4110919712693,9776.454361030417
4,4,3,18,8.0,1.0,6.088235294117647,4.078431372549019,0.7938375152019228,3836.0277952435627,8880.447086986209
4,4,3,19,12.0,1.0,8.980392156862745,6.823529411764706,0.6781181395133496,6595.348047151549,15985.709999384475
4,4,3,20,14.0,1.0,11.57843137254902,8.627450980392156,0.5826046527375618,9468.992858873262,23089.39215879183
4,4,3,21,8.0,1.0,5.96078431372549,3.803921568627451,0.8016413106194454,3726.104612194183,8599.972008420027
4,4,3,22,0.0,0.0,0.0,0.0,1.0,0.0,0.0
4,4,3,23,13.0,1.0,10.794117647058824,7.96078431372549,0.6202072957270671,8771.645451468337,21059.668718207977
4,4,3,24,11.0,1.0,8.96078431372549,6.784313725490196,0.6820996302733504,6515.403336949568,15758.370778608434
4,4,3,25,7.0,1.0,4.764705882352941,3.627450980392157,0.8049189763849837,2768.7041774829345,7564.2110150541575
4,4,3,26,12.0,1.0,9.127450980392156,6.921568627450981,0.6739904878711663,6666.3331160024445,16145.717118815433
4,4,3,27,5.0,1.0,3.9607843137254903,1.7058823529411764,0.8850837692013843,1918.739849733849,4316.837873073513
4,4,3,28,13.0,1.0,10.0,7.215686274509804,0.6314846041485693,7618.13037483319,18896.971788385832
4,4,3,29,0.0,0.0,0.0,0.0,1.0,0.0,0.0
4,4,3,30,9.0,1.0,6.470588235294118,4.078431372549019,0.7817105395809835,4044.69191253537,9426.988410610784
4,4,3,31,12.0,1.0,8.931372549019608,6.647058823529412,0.6854902538106974,6493.370464540573,15611.955765345883
4,4,3,32,12.0,1.0,9.215686274509803,7.294117647058823,0.6630252496222614,7044.024934734022,17145.507880883983
4,4,3,33,0.0,0.0,0.0,0.0,1.0,0.0,0.0
4,4,3,34,11.0,1.0,9.176470588235293,6.450980392156863,0.6685163624112004,6474.865141136957,15781.479569391673
4,4,3,35,12.0,1.0,9.735294117647058,7.529411764705882,0.6446783804130657,7466.2756818676935,18286.65430749441
4,4,3,36,8.0,1.0,4.8431372549019605,3.6470588235294117,0.8018687948686338,2822.830419096647,7769.552403060741
4,4,3,37,0.0,0.0,0.0,0.0,1.0,0.0,0.0
4,4,3,38,9.0,1.0,6.647058823529412,4.352941176470588,0.7730558609018039,4238.721646621973,9882.874598042727
4,4,3,39,9.0,1.0,6.186274509803922,3.9019607843137254,0.7956941639455501,3848.9526065150512,8898.542179395863
4,4,3,40,0.0,0.0,0.0,0.0,0.9999762068593047,0.09126881787981131,0.22203604508039193
4,4,3,41,0.0,0.0,1.0098039215686274,0.6470588235294118,0.9695969235648634,549.4924851908052,1239.136762074364
4,4,3,42,0.0,0.0,0.0,0.0,1.0,0.0,0.0
4,4,3,43,9.0,1.0,6.7745098039215685,4.352941176470588,0.7706794671670348,4387.03027096091,10160.036745366458
4,4,3,44,11.0,1.0,8.990196078431373,6.313725490196078,0.6748672400499486,6248.370937221335,15294.757094005048
4,4,3,45,7.0,1.0,4.245098039215686,3.2941176470588234,0.8230921996908687,2462.2071502604667,6808.348942680537
4,4,3,46,8.0,1.0,4.588235294117647,3.411764705882353,0.8142889474379019,2654.607863435145,7229.853286321468
4,4,3,47,0.0,0.0,1.0392156862745099,0.6862745098039216,0.9684265185584892,557.959002513081,1267.1289692102532
4,4,3,48,0.0,0.0,0.0,0.0,1.0,0.0,0.0
4,4,3,49,0.0,0.0,0.0,0.0,1.0,0.0,0.0
4,4,3,50,12.0,1.0,9.196078431372548,7.411764705882353,0.6616931098804691,7059.011604394548,17146.889730002287
4,4,3,51,0.0,0.0,1.0196078431372548,0.6666666666666666,0.9690382493379945,563.5540904304136,1276.147300747603
4,4,3,52,0.0,0.0,0.0,0.0,1.0,0.0,0.0
4,4,3,53,0.0,0.0,0.0,0.0,1.0,0.0,0.0
4,4,3,54,9.0,1.0,6.735294117647059,4.431372549019608,0.7642226849164088,4410.499403193746,10373.922061951094
4,4,3,55,0.0,0.0,1.0392156862745099,0.6274509803921569,0.9691763079533974,564.4402535667186,1274.0858302452034
4,4,3,56,0.0,0.0,0.0,0.0,1.0,0.0,0.0
4,4,3,57,0.0,0.0,0.0,0.0,1.0,0.0,0.0
4,4,3,58,12.0,1.0,9.009803921568627,6.490196078431373,0.6894621879779493,6743.022802292959,15833.54177669332
4,4,3,59,0.0,0.0,0.0,0.0,1.0,0.0,0.0
4,4,4,0,0.0,0.0,0.0,0.0,1.0,0.0,0.0
4,4,4,1,0.0,0.0,0.0,0.0,1.0,0.0,0.0
4,4,4,2,0.0,0.0,0.0,0.0,1.0,0.0,0.0
4,4,4,3,0.0,0.0,0.0,0.0,1.0,0.0,0.0
4,4,4,4,0.0,0.0,0.0,0.0,1.0,0.0,0.0
4,4,4,5,0.0,0.0,0.0,0.0,1.0,0.0,0.0
4,4,4,6,0.0,0.0,0.0,0.0,1.0,0.0,0.0
4,4,4,7,0.0,0.0,0.0,0.0,1.0,0.0,0.0
4,4,4,8,0.0,0.0,0.0,0.0,1.0,0.0,0.0
4,4,4,9,0.0,0.0,0.0,0.0,1.0,0.0,0.0
4,4,4,10,0.0,0.0,0.0,0.0,1.0,0.0,0.0
4,4,4,11,0.0,0.0,0.0,0.0,1.0,0.0,0.0
4,4,4,12,0.0,0.0,0.0,0.0,1.0,0.0,0.0
4,4,4,13,0.0,0.0,0.0,0.0,1.0,0.0,0.0
4,4,4,14,0.0,0.0,0.0,0.0,1.0,0.0,0.0
4,4,4,15,0.0,0.0,0.0,0.0,1.0,0.0,0.0
4,4,4,16,0.0,0.0,0.0,0.0,1.0,0.0,0.0
4,4,4,17,0.0,0.0,0.0,0.0,1.0,0.0,0.0
4,4,4,18,0.0,0.0,0.0,0.0,1.0,0.0,0.0
4,4,4,19,0.0,0.0,0.0,0.0,1.0,0.0,0.0
4,4,4,20,0.0,0.0,0.0,0.0,1.0,0.0,0.0
4,4,4,21,0.0,0.0,0.0,0.0,1.0,0.0,0.0
4,4,4,22,0.0,0.0,0.0,0.0,1.0,0.0,0.0
4,4,4,23,0.0,0.0,0.0,0.0,1.0,0.0,0.0
4,4,4,24,0.0,0.0,0.0,0.0,1.0,0.0,0.0
4,4,4,25,0.0,0.0,0.0,0.0,1.0,0.0,0.0
4,4,4,26,0.0,0.0,0.0,0.0,1.0,0.0,0.0
4,4,4,27,0.0,0.0,0.0,0.0,1.0,0.0,0.0
4,4,4,28,0.0,0.0,0.0,0.0,1.0,0.0,0.0
4,4,4,29,0.0,0.0,0.0,0.0,1.0,0.0,0.0
4,4,4,30,0.0,0.0,0.0,0.0,1.0,0.0,0.0
4,4,4,31,0.0,0.0,0.0,0.0,1.0,0.0,0.0
4,4,4,32,0.0,0.0,0.0,0.0,1.0,0.0,0.0
4,4,4,33,0.0,0.0,0.0,0.0,1.0,0.0,0.0
4,4,4,34,0.0,0.0,0.0,0.0,1.0,0.0,0.0
4,4,4,35,0.0,0.0,0.0,0.0,1.0,0.0,0.0
4,4,4,36,0.0,0.0,0.0,0.0,1.0,0.0,0.0
4,4,4,37,0.0,0.0,0.0,0.0,1.0,0.0,0.0
4,4,4,38,0.0,0.0,0.0,0.0,1.0,0.0,0.0
4,4,4,39,0.0,0.0,0.0,0.0,1.0,0.0,0.0
4,4,4,40,0.0,0.0,0.0,0.0,1.0,0.0,0.0
4,4,4,41,0.0,0.0,0.0,0.0,1.0,0.0,0.0
4,4,4,42,0.0,0.0,0.0,0.0,1.0,0.0,0.0
4,4,4,43,0.0,0.0,0.0,0.0,1.0,0.0,0.0
4,4,4,44,0.0,0.0,0.0,0.0,1.0,0.0,0.0
4,4,4,45,0.0,0.0,0.0,0.0,1.0,0.0,0.0
4,4,4,46,0.0,0.0,0.0,0.0,1.0,0.0,0.0
4,4,4,47,0.0,0.0,0.0,0.0,1.0,0.0,0.0
4,4,4,48,0.0,0.0,0.0,0.0,1.0,0.0,0.0
4,4,4,49,0.0,0.0,0.0,0.0,1.0,0.0,0.0
4,4,4,50,0.0,0.0,0.0,0.0,1.0,0.0,0.0
4,4,4,51,0.0,0.0,0.0,0.0,1.0,0.0,0.0
4,4,4,52,0.0,0.0,0.0,0.0,1.0,0.0,0.0
4,4,4,53,0.0,0.0,0.0,0.0,1.0,0.0,0.0
4,4,4,54,0.0,0.0,0.0,0.0,1.0,0.0,0.0
4,4,4,55,0.0,0.0,0.0,0.0,1.0,0.0,0.0
4,4,4,56,0.0,0.0,0.0,0.0,1.0,0.0,0.0
4,4,4,57,0.0,0.0,0.0,0.0,1.0,0.0,0.0
4,4,4,58,0.0,0.0,0.0,0.0,1.0,0.0,0.0
4,4,4,59,0.0,0.0,0.0,0.0,1.0,0.0,0.0
