kilit,gecikme,banka,tohum,kalicilik,kucuk_odenmeyen,odenmeyen,yavas_kucuk,yavas_buyuk
0,0,0,0,0.0,95.03078132350943,284.79299807484915,0.2549019607843137,0.49019607843137253
0,0,0,1,0.0,78.26024829057998,188.28964437150992,0.49019607843137253,0.0196078431372549
0,0,0,2,0.0,172.94191744014344,380.7940896428321,1.5392156862745099,0.0784313725490196
0,0,0,3,0.0,64.48408540221949,163.54277538802683,0.4803921568627451,0.0196078431372549
0,0,0,4,0.0,28.520816608566378,60.567258625901225,0.0196078431372549,0.0
0,0,0,5,0.0,55.209012762493465,152.01478515479678,0.2647058823529412,0.0
0,0,0,6,0.0,139.82048950506135,325.2126435410116,0.9705882352941176,0.0196078431372549
0,0,0,7,0.0,50.38962259170731,135.6103341796648,0.47058823529411764,0.0
0,0,0,8,0.0,42.47887781515027,120.2924242879268,0.24509803921568626,0.0
0,0,0,9,0.0,114.11550975269849,292.759441050144,0.7450980392156863,0.0196078431372549
0,0,0,10,0.0,73.92076552574241,198.98969427420246,0.9509803921568627,0.0
0,0,0,11,0.0,69.34050762895212,178.87793173152465,0.7058823529411765,0.0
0,0,0,12,0.0,47.09236152123467,124.71243320628648,0.24509803921568626,0.0
0,0,0,13,0.0,45.849755185376765,120.87620359593377,0.46078431372549017,0.0
0,0,0,14,0.0,117.89794272169961,267.99538799482934,0.49019607843137253,0.0196078431372549
0,0,0,15,0.0,89.57801649775594,229.00695268196847,0.2549019607843137,0.0392156862745098
0,0,0,16,0.0,95.49381391363998,232.67840840324493,0.029411764705882353,0.0392156862745098
0,0,0,17,0.0,98.62347945506019,301.52352857825565,0.5,0.47058823529411764
0,0,0,18,0.0,81.85708176967043,177.28951048211908,0.4803921568627451,0.0
0,0,0,19,0.0,65.84100038538888,159.63343092187034,0.7058823529411765,0.0
0,0,0,20,0.0,98.81801062258057,251.8115703104437,1.1568627450980393,0.0
0,0,0,21,0.0,64.87427867032805,136.460108824759,0.2549019607843137,0.0
0,0,0,22,0.0,63.97258623187985,155.76061275415955,0.00980392156862745,0.0196078431372549
0,0,0,23,0.0,148.68974332008142,322.89422631154105,1.5098039215686274,0.0784313725490196
0,0,0,24,0.0,58.037928423039965,153.96501816818432,0.7058823529411765,0.0
0,0,0,25,0.0,65.0456250216907,173.54995442657582,0.4803921568627451,0.0196078431372549
0,0,0,26,0.0,101.91893688515975,254.61757763846026,0.7156862745098039,0.0196078431372549
0,0,0,27,0.0,40.32800780512308,138.16635617117055,0.4803921568627451,0.47058823529411764
0,0,0,28,0.0,126.61207047191544,309.3829185059042,0.9411764705882353,0.0
0,0,0,29,0.0,27.90069077825712,72.49370751184166,0.0196078431372549,0.0196078431372549
0,0,0,30,0.0,118.7770932223635,271.7329833967316,0.2647058823529412,0.0196078431372549
0,0,0,31,0.0,53.254643710372584,130.99455292412344,0.696078431372549,0.0
0,0,0,32,0.0,71.40421310742168,179.24564725676657,0.696078431372549,0.0
0,0,0,33,0.0,25.373313708086066,61.18870088588167,0.00980392156862745,0.0
0,0,0,34,0.0,97.90164052302879,235.12340956381598,0.7156862745098039,0.0
0,0,0,35,0.0,95.19357064140375,276.9068877717881,0.7254901960784313,0.45098039215686275
0,0,0,36,0.0,99.5075799028834,261.5255948905407,0.7254901960784313,0.0196078431372549
0,0,0,37,0.0,31.42226886628479,133.52860345358954,0.0392156862745098,0.47058823529411764
0,0,0,38,0.0,86.9700169182736,186.2157587000549,0.4803921568627451,0.0
0,0,0,39,0.0,63.81407552612984,138.36770107241574,0.2647058823529412,0.0
0,0,0,40,0.0,26.58785647077571,113.64269350042704,0.24509803921568626,0.47058823529411764
0,0,0,41,0.0,37.24154512132384,104.17515658784939,0.4803921568627451,0.0
0,0,0,42,0.0,55.53500393007007,189.86849170617023,0.00980392156862745,0.47058823529411764
0,0,0,43,0.0,112.80912535765201,252.8278220171479,0.2549019607843137,0.0196078431372549
0,0,0,44,0.0,114.54413150578185,265.819808426846,0.9411764705882353,0.0
0,0,0,45,0.0,51.4055969933612,153.11546561156797,0.7156862745098039,0.0
0,0,0,46,0.0,63.39716256048106,164.681193744645,0.46078431372549017,0.0196078431372549
0,0,0,47,0.0,56.60519321788381,201.65345451006706,0.49019607843137253,0.47058823529411764
0,0,0,48,0.0,52.55418183514198,159.18805033488883,0.049019607843137254,0.45098039215686275
0,0,0,49,0.0,54.61317962001366,184.20519764283327,0.00980392156862745,0.47058823529411764
0,0,0,50,0.0,87.33724475848133,211.190419697448,0.696078431372549,0.0
0,0,0,51,0.0,55.28001247988855,194.01832335054883,0.2549019607843137,0.49019607843137253
0,0,0,52,0.0,78.76695160064746,208.9065644072536,0.0196078431372549,0.0196078431372549
0,0,0,53,0.0,47.97865088505735,103.01259610339108,0.0196078431372549,0.0
0,0,0,54,0.0,130.4998307431582,304.11078455551177,0.2549019607843137,0.0196078431372549
0,0,0,55,0.0,37.493018316166946,105.8789533526059,0.24509803921568626,0.0196078431372549
0,0,0,56,0.0,51.49013531309532,120.81315004041241,0.0196078431372549,0.0196078431372549
0,0,0,57,0.0,16.82023246130348,36.58282053128104,0.0,0.0
0,0,0,58,0.0,80.6162281406245,180.37896411770078,0.7352941176470589,0.0
0,0,0,59,0.0,38.133803414586055,95.83028833431268,0.00980392156862745,0.0
0,0,1,0,0.0,29.636169303041587,88.5068493275297,0.0196078431372549,0.0
0,0,1,1,0.0,46.58542606511298,97.81027898218468,0.0196078431372549,0.0
0,0,1,2,0.0,57.76274770670918,142.59511697266714,0.9411764705882353,0.0
0,0,1,3,0.0,14.164201822620935,38.13344424733616,0.23529411764705882,0.0
0,0,1,4,0.0,19.99232801908883,40.23237426437192,0.00980392156862745,0.0
0,0,1,5,0.0,29.648543334728323,87.58469615266675,0.2549019607843137,0.0
0,0,1,6,0.0,56.0874272321516,148.50919585731023,0.2549019607843137,0.0
0,0,1,7,0.0,28.4378149977132,85.38435797997185,0.46078431372549017,0.0
0,0,1,8,0.0,19.646466979310166,57.95923934500187,0.23529411764705882,0.0
0,0,1,9,0.0,40.294414451985126,117.48376252626053,0.696078431372549,0.0
0,0,1,10,0.0,49.84098740685221,130.85058191378135,0.5196078431372549,0.0
0,0,1,11,0.0,30.870787159078198,81.50420095520451,0.23529411764705882,0.0
0,0,1,12,0.0,17.57684057333015,48.37432361892576,0.23529411764705882,0.0
0,0,1,13,0.0,28.649664338881966,84.47124281705754,0.45098039215686275,0.0
0,0,1,14,0.0,56.91090046810179,139.1326317211695,0.47058823529411764,0.0
0,0,1,15,0.0,13.158390564649224,38.864589480392375,0.23529411764705882,0.0
0,0,1,16,0.0,16.627124026837514,53.509002193220184,0.0196078431372549,0.0
0,0,1,17,0.0,35.97075742008622,116.82468285875146,0.24509803921568626,0.0
0,0,1,18,0.0,31.77184635773655,74.5146316045597,0.23529411764705882,0.0
0,0,1,19,0.0,35.35516722002633,86.82047438912349,0.47058823529411764,0.0
0,0,1,20,0.0,54.20599728553549,151.73809216518384,0.7058823529411765,0.0
0,0,1,21,0.0,45.61160399310854,91.2579075767764,0.24509803921568626,0.0
0,0,1,22,0.0,7.353201145345607,19.51966517715227,0.0,0.0
0,0,1,23,0.0,57.05978673206906,143.835681155207,0.9313725490196079,0.0
0,0,1,24,0.0,37.836340164897656,92.03230916308856,0.49019607843137253,0.0
0,0,1,25,0.0,20.871668537093,62.28832245260175,0.23529411764705882,0.0
0,0,1,26,0.0,27.9898637610591,81.89233468869465,0.47058823529411764,0.0
0,0,1,27,0.0,18.2443817538147,42.97688652718193,0.23529411764705882,0.0
0,0,1,28,0.0,57.95910594309697,136.6315941689006,0.47058823529411764,0.0
0,0,1,29,0.0,7.113339685608078,17.13316313256797,0.0,0.0
0,0,1,30,0.0,46.95304408538509,104.011651258929,0.22549019607843138,0.0
0,0,1,31,0.0,34.79348894168329,81.98539760044294,0.24509803921568626,0.0
0,0,1,32,0.0,27.651435854985145,66.28696932444853,0.24509803921568626,0.0
0,0,1,33,0.0,7.60661332921199,18.399065009414215,0.00980392156862745,0.0
0,0,1,34,0.0,34.7807369498758,93.70741116143964,0.029411764705882353,0.0
0,0,1,35,0.0,43.20150085751372,119.66332984689346,0.49019607843137253,0.0
0,0,1,36,0.0,79.61109730986888,217.51251815971213,0.4803921568627451,0.0196078431372549
0,0,1,37,0.0,17.485082199888076,62.22306785583777,0.0392156862745098,0.0
0,0,1,38,0.0,31.368438896529213,65.7631268148479,0.22549019607843138,0.0
0,0,1,39,0.0,51.95166573366874,108.30665808029232,0.2549019607843137,0.0
0,0,1,40,0.0,7.71791438994584,27.463747139241235,0.00980392156862745,0.0
0,0,1,41,0.0,23.3334367090401,60.9574884559592,0.00980392156862745,0.0
0,0,1,42,0.0,12.466978851926228,35.50862762160261,0.00980392156862745,0.0
0,0,1,43,0.0,40.249973768886534,94.61769195155286,0.00980392156862745,0.0
0,0,1,44,0.0,61.32999779811297,154.82107128140555,0.46078431372549017,0.0
0,0,1,45,0.0,33.174211495615886,111.09961460131292,0.696078431372549,0.0
0,0,1,46,0.0,35.433653791112874,90.05246922112232,0.45098039215686275,0.0196078431372549
0,0,1,47,0.0,34.437518126244235,104.98668796147265,0.49019607843137253,0.0
0,0,1,48,0.0,16.71678088343263,56.53136720716391,0.0196078431372549,0.0
0,0,1,49,0.0,17.900582402746267,49.39926514863952,0.0,0.0
0,0,1,50,0.0,35.612641144736855,92.24765862929127,0.696078431372549,0.0
0,0,1,51,0.0,12.099893657466904,37.30508685840073,0.23529411764705882,0.0
0,0,1,52,0.0,12.350027111912425,33.979518921071474,0.00980392156862745,0.0
0,0,1,53,0.0,11.364849692012472,29.652323583824405,0.00980392156862745,0.0
0,0,1,54,0.0,45.006160337395066,117.84480797709665,0.23529411764705882,0.0
0,0,1,55,0.0,20.113308651065804,52.24840848762891,0.0196078431372549,0.0
0,0,1,56,0.0,10.6441919686004,31.201833457738264,0.0,0.0
0,0,1,57,0.0,5.467533345406221,13.08128554909846,0.0,0.0
0,0,1,58,0.0,33.885169543252026,87.96704511673178,0.46078431372549017,0.0
0,0,1,59,0.0,9.321937327802507,32.25280713114166,0.0,0.0
0,0,2,0,0.0,21.446693525126186,69.7879095520323,0.0196078431372549,0.0
0,0,2,1,0.0,32.82412116577219,67.56748287096364,0.0196078431372549,0.0
0,0,2,2,0.0,43.18814937834873,109.92430256720745,0.7058823529411765,0.0
0,0,2,3,0.0,6.243010700937268,21.47602830179903,0.23529411764705882,0.0
0,0,2,4,0.0,18.906311773089126,37.824073587834164,0.00980392156862745,0.0
0,0,2,5,0.0,28.8269273901683,85.30330628138725,0.2549019607843137,0.0
0,0,2,6,0.0,43.62200356428383,120.69016265604573,0.23529411764705882,0.0
0,0,2,7,0.0,27.86339084982218,81.77647827890212,0.46078431372549017,0.0
0,0,2,8,0.0,15.27198947094924,48.884209051033544,0.23529411764705882,0.0
0,0,2,9,0.0,35.58690247236248,104.1679796080376,0.696078431372549,0.0
0,0,2,10,0.0,40.195447782162354,103.41241132141825,0.27450980392156865,0.0
0,0,2,11,0.0,21.24937039109511,53.84609211724372,0.22549019607843138,0.0
0,0,2,12,0.0,13.616354499006675,40.69129648980863,0.23529411764705882,0.0
0,0,2,13,0.0,21.6075121798283,67.56210780337403,0.45098039215686275,0.0
0,0,2,14,0.0,53.283375226932876,130.39805169816853,0.47058823529411764,0.0
0,0,2,15,0.0,12.478657673835567,35.22619011914448,0.23529411764705882,0.0
0,0,2,16,0.0,16.10701322298645,50.29213712956126,0.0196078431372549,0.0
0,0,2,17,0.0,30.807632629254858,101.9854688597185,0.24509803921568626,0.0
0,0,2,18,0.0,19.80250391611571,49.11725585791486,0.00980392156862745,0.0
0,0,2,19,0.0,28.557563878390784,67.27373853610544,0.23529411764705882,0.0
0,0,2,20,0.0,42.963125294712306,122.84606977618873,0.2549019607843137,0.0
0,0,2,21,0.0,40.00103531492345,81.16256155012962,0.23529411764705882,0.0
0,0,2,22,0.0,0.24555779374848785,1.7325759991689227,0.0,0.0
0,0,2,23,0.0,50.710886693297084,129.51694512628296,0.696078431372549,0.0
0,0,2,24,0.0,30.906752562936905,69.43184543193942,0.2647058823529412,0.0
0,0,2,25,0.0,14.264638877185297,40.62403284836643,0.22549019607843138,0.0
0,0,2,26,0.0,21.55443649899757,66.94900600310227,0.2549019607843137,0.0
0,0,2,27,0.0,14.584761160508913,32.97311512973595,0.23529411764705882,0.0
0,0,2,28,0.0,46.22236894537707,110.57055985904918,0.23529411764705882,0.0
0,0,2,29,0.0,6.223924570332273,12.486799344998142,0.0,0.0
0,0,2,30,0.0,33.79872358998839,75.32404285338477,0.22549019607843138,0.0
0,0,2,31,0.0,30.752438829631334,65.08985793701406,0.23529411764705882,0.0
0,0,2,32,0.0,20.18538898084196,43.720971894448674,0.00980392156862745,0.0
0,0,2,33,0.0,6.448760249723903,15.3664999563462,0.00980392156862745,0.0
0,0,2,34,0.0,23.627549151657558,62.08134391073939,0.00980392156862745,0.0
0,0,2,35,0.0,37.305297251790975,103.72020293066662,0.2549019607843137,0.0
0,0,2,36,0.0,76.17421459009908,208.4314775666127,0.47058823529411764,0.0196078431372549
0,0,2,37,0.0,17.208221975817235,59.53387621930755,0.0392156862745098,0.0
0,0,2,38,0.0,25.768870302910756,51.92080962753226,0.23529411764705882,0.0
0,0,2,39,0.0,47.34128584617088,97.24253714415855,0.0196078431372549,0.0
0,0,2,40,0.0,3.347831687497017,12.771903120807725,0.0,0.0
0,0,2,41,0.0,20.284362785683335,49.965233476862686,0.00980392156862745,0.0
0,0,2,42,0.0,10.00087086698452,28.600079156600852,0.0,0.0
0,0,2,43,0.0,23.990468477662805,49.42328987125772,0.0,0.0
0,0,2,44,0.0,55.48011946178069,138.38544147766675,0.45098039215686275,0.0
0,0,2,45,0.0,29.44150625184271,102.53062554813134,0.696078431372549,0.0
0,0,2,46,0.0,28.835382603655205,75.82591192478765,0.45098039215686275,0.0196078431372549
0,0,2,47,0.0,34.437518126244235,104.9866879614727,0.49019607843137253,0.0
0,0,2,48,0.0,9.880322209055787,36.049749104718956,0.0196078431372549,0.0
0,0,2,49,0.0,16.789948457892738,45.95655017416013,0.0,0.0
0,0,2,50,0.0,32.51538875492126,84.34273926530614,0.696078431372549,0.0
0,0,2,51,0.0,8.263148915960826,28.596620464110536,0.23529411764705882,0.0
0,0,2,52,0.0,11.642847532514278,28.797227224040235,0.00980392156862745,0.0
0,0,2,53,0.0,10.858179533628375,28.23778909118735,0.00980392156862745,0.0
0,0,2,54,0.0,37.54489191466229,95.04189569101733,0.23529411764705882,0.0
0,0,2,55,0.0,19.01043809643419,47.51038153715593,0.00980392156862745,0.0
0,0,2,56,0.0,6.532039446671396,13.330446214311015,0.0,0.0
0,0,2,57,0.0,3.453060645880986,8.446613790657603,0.0,0.0
0,0,2,58,0.0,26.339023453887368,72.61581769144422,0.46078431372549017,0.0
0,0,2,59,0.0,5.156358652491161,21.39817135355723,0.0,0.0
0,0,3,0,0.0,17.60022631458756,62.44203378422705,0.0196078431372549,0.0
0,0,3,1,0.0,24.09292762762274,54.02130985615935,0.0196078431372549,0.0
0,0,3,2,0.0,28.750348565154006,78.461421831974,0.4803921568627451,0.0
0,0,3,3,0.0,5.1841142896250085,19.276843149430867,0.23529411764705882,0.0
0,0,3,4,0.0,18.906311773089122,37.82407358783416,0.00980392156862745,0.0
0,0,3,5,0.0,28.8269273901683,85.30330628138725,0.2549019607843137,0.0
0,0,3,6,0.0,36.638266627354504,102.28470772480216,0.23529411764705882,0.0
0,0,3,7,0.0,27.30645173368925,78.27841967672654,0.46078431372549017,0.0
0,0,3,8,0.0,15.160395693814596,48.66772602317373,0.23529411764705882,0.0
0,0,3,9,0.0,32.82505854875117,97.08580468206094,0.696078431372549,0.0
0,0,3,10,0.0,35.24757286188821,87.04515522673408,0.2647058823529412,0.0
0,0,3,11,0.0,15.338548481569903,38.54890577325085,0.23529411764705882,0.0
0,0,3,12,0.0,13.616354499006674,40.69129648980863,0.23529411764705882,0.0
0,0,3,13,0.0,20.93938259319661,63.36567702632071,0.45098039215686275,0.0
0,0,3,14,0.0,53.182374101595066,130.1963924615814,0.47058823529411764,0.0
0,0,3,15,0.0,12.478657673835567,35.22619011914448,0.23529411764705882,0.0
0,0,3,16,0.0,16.107013222986453,50.2921371295613,0.0196078431372549,0.0
0,0,3,17,0.0,30.807632629254854,101.98546885971848,0.24509803921568626,0.0
0,0,3,18,0.0,13.153962267102782,32.42057716812834,0.0,0.0
0,0,3,19,0.0,22.435869817998295,54.767944033262,0.23529411764705882,0.0
0,0,3,20,0.0,31.746611519877476,94.3846561001058,0.22549019607843138,0.0
0,0,3,21,0.0,35.415636277518445,72.07965972023482,0.23529411764705882,0.0
0,0,3,22,0.0,0.24555779374848785,1.7325759991689227,0.0,0.0
0,0,3,23,0.0,49.94838705890807,127.49410806325803,0.696078431372549,0.0
0,0,3,24,0.0,22.78351442112325,46.74284947757656,0.0196078431372549,0.0
0,0,3,25,0.0,11.381321041890208,33.200455266659844,0.22549019607843138,0.0
0,0,3,26,0.0,17.014162945089208,57.21484885299851,0.24509803921568626,0.0
0,0,3,27,0.0,12.57968923700362,27.276044195831943,0.23529411764705882,0.0
0,0,3,28,0.0,38.51237191920872,92.52625551355015,0.22549019607843138,0.0
0,0,3,29,0.0,6.223924570332274,12.486799344998143,0.0,0.0
0,0,3,30,0.0,31.552819975847154,70.66569504953824,0.22549019607843138,0.0
0,0,3,31,0.0,28.796162158673276,60.473216062991014,0.23529411764705882,0.0
0,0,3,32,0.0,16.0680816861978,34.89363676464473,0.00980392156862745,0.0
0,0,3,33,0.0,4.6185380941689855,10.241861903791149,0.00980392156862745,0.0
0,0,3,34,0.0,16.80611726269615,42.93063620471805,0.00980392156862745,0.0
0,0,3,35,0.0,28.919955614879868,78.4785772768657,0.24509803921568626,0.0
0,0,3,36,0.0,73.92446650987134,202.49297576078376,0.47058823529411764,0.0196078431372549
0,0,3,37,0.0,17.208221975817235,59.53387621930755,0.0392156862745098,0.0
0,0,3,38,0.0,20.90803741094354,38.7630623111009,0.0,0.0
0,0,3,39,0.0,41.93639740042087,83.88277442491845,0.0196078431372549,0.0
0,0,3,40,0.0,1.865525129823016,9.165792147659387,0.0,0.0
0,0,3,41,0.0,20.066603599486974,49.02972124600433,0.00980392156862745,0.0
0,0,3,42,0.0,8.403308665349263,24.072465670773116,0.0,0.0
0,0,3,43,0.0,21.790867753839624,42.37940170989513,0.0,0.0
0,0,3,44,0.0,53.307655908898965,132.91732935286987,0.45098039215686275,0.0
0,0,3,45,0.0,29.441506251842736,102.53062554813137,0.696078431372549,0.0
0,0,3,46,0.0,24.79675225427173,66.55462555374503,0.45098039215686275,0.0196078431372549
0,0,3,47,0.0,34.437518126244235,104.9866879614727,0.49019607843137253,0.0
0,0,3,48,0.0,8.694763187642566,31.24462854473584,0.0196078431372549,0.0
0,0,3,49,0.0,14.652220721776983,39.88256030514113,0.0,0.0
0,0,3,50,0.0,32.51538875492126,84.34273926530614,0.696078431372549,0.0
0,0,3,51,0.0,4.660722651410862,21.608200810114084,0.23529411764705882,0.0
0,0,3,52,0.0,11.637997366382596,28.77763378875065,0.00980392156862745,0.0
0,0,3,53,0.0,10.858179533628375,28.23778909118735,0.00980392156862745,0.0
0,0,3,54,0.0,37.50903995974542,94.95238050642313,0.23529411764705882,0.0
0,0,3,55,0.0,17.47128205253083,40.89803452474223,0.00980392156862745,0.0
0,0,3,56,0.0,6.244228398820058,12.076283922984235,0.0,0.0
0,0,3,57,0.0,2.966509112232457,7.095600889714417,0.0,0.0
0,0,3,58,0.0,23.06926559183822,65.91759573753312,0.46078431372549017,0.0
0,0,3,59,0.0,4.380527810484428,19.24391347127118,0.0,0.0
0,0,4,0,0.0,17.60022631458756,62.44203378422705,0.0196078431372549,0.0
0,0,4,1,0.0,24.09292762762274,54.02130985615935,0.0196078431372549,0.0
0,0,4,2,0.0,23.459337443316482,67.44970228424745,0.47058823529411764,0.0
0,0,4,3,0.0,5.1841142896250085,19.276843149430867,0.23529411764705882,0.0
0,0,4,4,0.0,18.90631177308913,37.824073587834164,0.00980392156862745,0.0
0,0,4,5,0.0,28.8269273901683,85.30330628138725,0.2549019607843137,0.0
0,0,4,6,0.0,36.638266627354504,102.28470772480216,0.23529411764705882,0.0
0,0,4,7,0.0,27.30645173368925,78.27841967672654,0.46078431372549017,0.0
0,0,4,8,0.0,15.160395693814596,48.66772602317373,0.23529411764705882,0.0
0,0,4,9,0.0,32.82505854875117,97.08580468206094,0.696078431372549,0.0
0,0,4,10,0.0,35.2475728618882,87.04515522673408,0.2647058823529412,0.0
0,0,4,11,0.0,13.1116882167773,33.250317318903114,0.0,0.0
0,0,4,12,0.0,13.616354499006674,40.69129648980863,0.23529411764705882,0.0
0,0,4,13,0.0,20.93938259319661,63.36567702632071,0.45098039215686275,0.0
0,0,4,14,0.0,53.182374101595066,130.1963924615814,0.47058823529411764,0.0
0,0,4,15,0.0,12.478657673835567,35.22619011914448,0.23529411764705882,0.0
0,0,4,16,0.0,16.10701322298645,50.29213712956127,0.0196078431372549,0.0
0,0,4,17,0.0,30.807632629254876,101.98546885971865,0.24509803921568626,0.0
0,0,4,18,0.0,13.153962267102782,32.42057716812834,0.0,0.0
0,0,4,19,0.0,22.435869817998295,54.767944033262,0.23529411764705882,0.0
0,0,4,20,0.0,24.62965315879704,71.92554281754228,0.22549019607843138,0.0
0,0,4,21,0.0,34.80160997486047,70.84308519026156,0.23529411764705882,0.0
0,0,4,22,0.0,0.24555779374848785,1.7325759991689227,0.0,0.0
0,0,4,23,0.0,49.94739053861897,127.49176576526031,0.696078431372549,0.0
0,0,4,24,0.0,20.222742556103526,40.51553193756107,0.0196078431372549,0.0
0,0,4,25,0.0,11.381321041890208,33.200455266659844,0.22549019607843138,0.0
0,0,4,26,0.0,14.18673236898616,51.152955614186126,0.24509803921568626,0.0
0,0,4,27,0.0,12.57968923700362,27.276044195831936,0.23529411764705882,0.0
0,0,4,28,0.0,35.01311312970511,83.55313337342531,0.22549019607843138,0.0
0,0,4,29,0.0,6.223924570332273,12.486799344998138,0.0,0.0
0,0,4,30,0.0,31.55281997584714,70.66569504953821,0.22549019607843138,0.0
0,0,4,31,0.0,28.796162158673276,60.473216062991014,0.23529411764705882,0.0
0,0,4,32,0.0,16.0680816861978,34.89363676464473,0.00980392156862745,0.0
0,0,4,33,0.0,4.6185380941689855,10.241861903791147,0.00980392156862745,0.0
0,0,4,34,0.0,16.80611726269615,42.93063620471804,0.00980392156862745,0.0
0,0,4,35,0.0,25.484483129437084,66.59080258581125,0.24509803921568626,0.0
0,0,4,36,0.0,73.92249036103172,202.47903269671727,0.47058823529411764,0.0196078431372549
0,0,4,37,0.0,17.208221975817235,59.53387621930755,0.0392156862745098,0.0
0,0,4,38,0.0,17.26016868632527,29.070039430721714,0.0,0.0
0,0,4,39,0.0,41.924375286425125,83.85280841560804,0.0196078431372549,0.0
0,0,4,40,0.0,1.8655251298230149,9.165792147659378,0.0,0.0
0,0,4,41,0.0,20.066603599486974,49.02972124600433,0.00980392156862745,0.0
0,0,4,42,0.0,6.2111925984959,17.84394060800057,0.0,0.0
0,0,4,43,0.0,21.790867753839624,42.37940170989513,0.0,0.0
0,0,4,44,0.0,53.307655908898965,132.91732935286987,0.45098039215686275,0.0
0,0,4,45,0.0,29.441506251842704,102.53062554813134,0.696078431372549,0.0
0,0,4,46,0.0,24.79675225427173,66.55462555374503,0.45098039215686275,0.0196078431372549
0,0,4,47,0.0,34.437518126244235,104.9866879614727,0.49019607843137253,0.0
0,0,4,48,0.0,8.694763187642566,31.24462854473584,0.0196078431372549,0.0
0,0,4,49,0.0,14.101303364211285,38.31722231004135,0.0,0.0
0,0,4,50,0.0,32.51538875492126,84.34273926530614,0.696078431372549,0.0
0,0,4,51,0.0,4.660722651410862,21.608200810114084,0.23529411764705882,0.0
0,0,4,52,0.0,11.637997366382596,28.77763378875065,0.00980392156862745,0.0
0,0,4,53,0.0,10.858179533628388,28.23778909118735,0.00980392156862745,0.0
0,0,4,54,0.0,37.50903995974542,94.95238050642313,0.23529411764705882,0.0
0,0,4,55,0.0,17.47128205253083,40.89803452474223,0.00980392156862745,0.0
0,0,4,56,0.0,6.244228398820058,12.076283922984235,0.0,0.0
0,0,4,57,0.0,2.966509112232457,7.095600889714417,0.0,0.0
0,0,4,58,0.0,23.06926559183822,65.91759573753312,0.46078431372549017,0.0
0,0,4,59,0.0,4.380527810484428,19.24391347127118,0.0,0.0
0,1,0,0,0.0,116.02088135013062,351.3518020553411,0.2549019607843137,0.7647058823529411
0,1,0,1,0.0,95.0509074861884,217.76093255880542,0.7058823529411765,0.0196078431372549
0,1,0,2,0.0,354.47155528883644,716.5918446721532,3.6862745098039214,0.7254901960784313
0,1,0,3,0.0,67.31180456550508,170.74649175498567,0.4803921568627451,0.0196078431372549
0,1,0,4,0.0,28.67784039988555,60.883232740350316,0.11764705882352941,0.0
0,1,0,5,0.0,57.76048738491962,160.94142716840148,0.2647058823529412,0.0
0,1,0,6,0.0,175.10110256775607,393.50324949235073,1.3137254901960784,0.27450980392156865
0,1,0,7,0.0,56.64087114057809,148.08833535992147,0.49019607843137253,0.0
0,1,0,8,0.0,45.25687082077243,128.38279120373033,0.24509803921568626,0.0
0,1,0,9,0.0,139.18190896565662,347.1139555069124,0.7647058823529411,0.35294117647058826
0,1,0,10,0.0,80.78924866562383,213.88584718891767,0.9705882352941176,0.0
0,1,0,11,0.0,79.0628380834964,199.71406841526027,0.7254901960784313,0.0
0,1,0,12,0.0,49.43706840357229,131.95557820839906,0.24509803921568626,0.0
0,1,0,13,0.0,51.68380805188774,132.42894263000895,0.4803921568627451,0.0
0,1,0,14,0.0,149.1296348122131,331.4826869303045,0.7352941176470589,0.27450980392156865
0,1,0,15,0.0,102.761729404016,263.16165698974163,0.2549019607843137,0.27450980392156865
0,1,0,16,0.0,108.99903782828957,264.0630142941302,0.18627450980392157,0.27450980392156865
0,1,0,17,0.0,132.37136164744422,398.6798314023245,0.8627450980392157,0.5490196078431373
0,1,0,18,0.0,99.699390414099,208.54000407410976,0.7058823529411765,0.0
0,1,0,19,0.0,72.74589568626767,177.41337156523585,0.8235294117647058,0.0
0,1,0,20,0.0,111.63801938415776,279.23309180292637,1.196078431372549,0.0
0,1,0,21,0.0,81.33117020877825,164.91598100476614,0.47058823529411764,0.0
0,1,0,22,0.0,79.61699490401438,190.96193352155612,0.00980392156862745,0.3333333333333333
0,1,0,23,0.0,310.10700376292033,614.7026496031218,3.2941176470588234,0.7254901960784313
0,1,0,24,0.0,64.97446019882257,168.97639481528554,0.7254901960784313,0.0
0,1,0,25,0.0,73.34464710873429,192.2843143351985,0.5196078431372549,0.0196078431372549
0,1,0,26,0.0,127.26281994048264,307.9162833086451,0.7549019607843137,0.37254901960784315
0,1,0,27,0.0,45.96613950581449,159.55479157698227,0.4803921568627451,0.47058823529411764
0,1,0,28,0.0,155.73741521341677,372.03077081965364,1.196078431372549,0.0
0,1,0,29,0.0,29.094863221332258,75.49737547093788,0.0196078431372549,0.0196078431372549
0,1,0,30,0.0,149.49992747356873,334.3031465870165,0.4803921568627451,0.3333333333333333
0,1,0,31,0.0,60.42116268871288,146.5391356501529,0.7156862745098039,0.0
0,1,0,32,0.0,81.84647347242772,202.30478857424993,0.7156862745098039,0.0
0,1,0,33,0.0,26.382623121147816,63.058484715820235,0.00980392156862745,0.0
0,1,0,34,0.0,122.05355766268835,282.5975485058404,0.9705882352941176,0.0
0,1,0,35,0.0,116.23116280855376,337.90691858639497,0.8921568627450981,0.45098039215686275
0,1,0,36,0.0,121.91028376299522,310.3960779416823,0.7941176470588235,0.3333333333333333
0,1,0,37,0.0,35.70398033072925,152.82991552927936,0.0392156862745098,0.47058823529411764
0,1,0,38,0.0,106.88438119212643,225.45081735618152,0.696078431372549,0.0
0,1,0,39,0.0,80.27096706458002,166.8235732524228,0.4803921568627451,0.0
0,1,0,40,0.0,30.90185118707301,133.0328228065185,0.24509803921568626,0.47058823529411764
0,1,0,41,0.0,37.786085379729606,105.19168259587566,0.4803921568627451,0.0
0,1,0,42,0.0,66.14343327374708,226.90763650915113,0.00980392156862745,0.47058823529411764
0,1,0,43,0.0,145.06056208485714,317.796389792248,0.49019607843137253,0.35294117647058826
0,1,0,44,0.0,139.19746725380236,313.438862059299,1.2254901960784315,0.0
0,1,0,45,0.0,56.56730932663337,164.95783836645703,0.7352941176470589,0.0
0,1,0,46,0.0,70.02560117224213,180.05756705317876,0.4803921568627451,0.0196078431372549
0,1,0,47,0.0,63.59858755810851,230.17491088161728,0.49019607843137253,0.47058823529411764
0,1,0,48,0.0,64.39241310669917,196.8220757719557,0.30392156862745096,0.45098039215686275
0,1,0,49,0.0,66.16696871735394,223.41390637234701,0.00980392156862745,0.47058823529411764
0,1,0,50,0.0,98.36499223096884,235.51419311564885,0.7156862745098039,0.0
0,1,0,51,0.0,60.37336434826925,218.0343558875119,0.2549019607843137,0.49019607843137253
0,1,0,52,0.0,96.81819845480662,251.8832785265359,0.0196078431372549,0.27450980392156865
0,1,0,53,0.0,49.78191520567417,106.99368715620493,0.24509803921568626,0.0
0,1,0,54,0.0,169.0697216188392,381.75326915733586,0.5196078431372549,0.27450980392156865
0,1,0,55,0.0,38.64414493137772,108.8823736791593,0.24509803921568626,0.0196078431372549
0,1,0,56,0.0,51.625949543320225,121.10670917512803,0.11764705882352941,0.0196078431372549
0,1,0,57,0.0,17.389297731640603,37.48373911530043,0.0,0.0
0,1,0,58,0.0,101.38869969109011,214.4006908211593,1.0686274509803921,0.0
0,1,0,59,0.0,40.30386352682645,100.4278894041221,0.17647058823529413,0.0
0,1,1,0,0.0,30.17687520335927,90.91866282074795,0.0196078431372549,0.0
0,1,1,1,0.0,51.20478383635147,106.06159670356074,0.0196078431372549,0.0
0,1,1,2,0.0,62.07265299362049,151.41633906800715,0.9705882352941176,0.0
0,1,1,3,0.0,14.164201822620935,38.13344424733615,0.23529411764705882,0.0
0,1,1,4,0.0,19.99232801908883,40.23237426437192,0.00980392156862745,0.0
0,1,1,5,0.0,29.648543334728323,87.58469615266675,0.2549019607843137,0.0
0,1,1,6,0.0,57.65417553176606,153.49037239947677,0.46078431372549017,0.0
0,1,1,7,0.0,28.574185802465752,86.24088439880629,0.46078431372549017,0.0
0,1,1,8,0.0,19.646466979310166,57.959239345001876,0.23529411764705882,0.0
0,1,1,9,0.0,40.37134707446111,117.71191140682116,0.696078431372549,0.0
0,1,1,10,0.0,50.537081267837046,132.2594639129419,0.5196078431372549,0.0
0,1,1,11,0.0,32.03556025886872,84.52213463542914,0.23529411764705882,0.0
0,1,1,12,0.0,17.57684057333015,48.37432361892576,0.23529411764705882,0.0
0,1,1,13,0.0,28.736201017839292,84.61597511701022,0.45098039215686275,0.0
0,1,1,14,0.0,64.00456716864082,153.0983398066012,0.47058823529411764,0.0
0,1,1,15,0.0,13.158390564649224,38.86458948039238,0.23529411764705882,0.0
0,1,1,16,0.0,16.662620396561007,53.592416824033236,0.0196078431372549,0.0
0,1,1,17,0.0,37.10265056686226,120.99904531250972,0.24509803921568626,0.0
0,1,1,18,0.0,36.33989080550699,82.8283961578015,0.23529411764705882,0.0
0,1,1,19,0.0,35.48219255686465,87.36898126098318,0.47058823529411764,0.0
0,1,1,20,0.0,55.35493636557348,154.74638166553032,0.7058823529411765,0.0
0,1,1,21,0.0,47.026885186240264,93.65119491374999,0.24509803921568626,0.0
0,1,1,22,0.0,7.353201145345608,19.519665177152284,0.0,0.0
0,1,1,23,0.0,63.77972564659323,156.86193734704946,0.9313725490196079,0.0
0,1,1,24,0.0,38.26177181993678,93.2196904290897,0.49019607843137253,0.0
0,1,1,25,0.0,20.871668537092997,62.28832245260175,0.23529411764705882,0.0
0,1,1,26,0.0,27.9899695874674,81.89266455958024,0.47058823529411764,0.0
0,1,1,27,0.0,18.244381753814704,42.97688652718194,0.23529411764705882,0.0
0,1,1,28,0.0,61.97136550022363,144.3223715132314,0.47058823529411764,0.0
0,1,1,29,0.0,7.195278724418108,17.259242702142487,0.0,0.0
0,1,1,30,0.0,52.749429987925886,115.2561920302869,0.24509803921568626,0.0
0,1,1,31,0.0,35.19306349699675,82.81987465982752,0.24509803921568626,0.0
0,1,1,32,0.0,27.651624452860005,66.2872818546277,0.24509803921568626,0.0
0,1,1,33,0.0,7.606613329211994,18.39906500941422,0.00980392156862745,0.0
0,1,1,34,0.0,34.780736949875795,93.70741116143961,0.029411764705882353,0.0
0,1,1,35,0.0,44.73766197092437,123.40560046138326,0.49019607843137253,0.0
0,1,1,36,0.0,82.09453282515022,225.80926318400532,0.4803921568627451,0.13725490196078433
0,1,1,37,0.0,17.485082199888076,62.22306785583776,0.0392156862745098,0.0
0,1,1,38,0.0,31.3732243729469,65.77114793250426,0.22549019607843138,0.0
0,1,1,39,0.0,58.363464905281816,119.92591870618608,0.27450980392156865,0.0
0,1,1,40,0.0,7.71791438994584,27.463747139241228,0.00980392156862745,0.0
0,1,1,41,0.0,23.333436709040093,60.9574884559592,0.00980392156862745,0.0
0,1,1,42,0.0,12.466978851926228,35.50862762160261,0.00980392156862745,0.0
0,1,1,43,0.0,44.08243153251848,104.15809425739609,0.00980392156862745,0.0
0,1,1,44,0.0,66.87700999150725,164.88329381693072,0.46078431372549017,0.0
0,1,1,45,0.0,33.174211495615886,111.09961460131292,0.696078431372549,0.0
0,1,1,46,0.0,35.43404873317986,90.05542468895942,0.45098039215686275,0.0196078431372549
0,1,1,47,0.0,34.437518126244235,104.98668796147265,0.49019607843137253,0.0
0,1,1,48,0.0,16.71678088343263,56.53136720716391,0.0196078431372549,0.0
0,1,1,49,0.0,17.900582402746267,49.39926514863952,0.0,0.0
0,1,1,50,0.0,35.90156951397572,93.1870351640704,0.696078431372549,0.0
0,1,1,51,0.0,12.099893657466907,37.305086858400706,0.23529411764705882,0.0
0,1,1,52,0.0,12.445505430886474,34.365227000668135,0.00980392156862745,0.0
0,1,1,53,0.0,11.364849692012474,29.652323583824415,0.00980392156862745,0.0
0,1,1,54,0.0,52.48044473995432,132.05469817064252,0.23529411764705882,0.0
0,1,1,55,0.0,20.113308651065807,52.24840848762891,0.0196078431372549,0.0
0,1,1,56,0.0,10.6441919686004,31.201833457738264,0.0,0.0
0,1,1,57,0.0,5.467533345406221,13.08128554909846,0.0,0.0
0,1,1,58,0.0,34.47826501620074,88.84792448017524,0.46078431372549017,0.0
0,1,1,59,0.0,9.321937327802507,32.25280713114165,0.0,0.0
0,1,2,0,0.0,21.446693525126186,69.78790955203233,0.0196078431372549,0.0
0,1,2,1,0.0,36.73216858876021,74.40250459529456,0.0196078431372549,0.0
0,1,2,2,0.0,44.68512294628287,112.70476913610364,0.7058823529411765,0.0
0,1,2,3,0.0,6.243010700937262,21.47602830179903,0.23529411764705882,0.0
0,1,2,4,0.0,18.906311773089126,37.824073587834164,0.00980392156862745,0.0
0,1,2,5,0.0,28.8269273901683,85.30330628138725,0.2549019607843137,0.0
0,1,2,6,0.0,44.33892694886304,122.55648860474223,0.39215686274509803,0.0
0,1,2,7,0.0,27.863390849822185,81.77647827890209,0.46078431372549017,0.0
0,1,2,8,0.0,15.27198947094924,48.88420905103355,0.23529411764705882,0.0
0,1,2,9,0.0,35.61386351185587,104.21277515231779,0.696078431372549,0.0
0,1,2,10,0.0,40.495985990185275,104.02367120781062,0.27450980392156865,0.0
0,1,2,11,0.0,21.771718745689537,55.34007573710599,0.22549019607843138,0.0
0,1,2,12,0.0,13.616354499006675,40.69129648980863,0.23529411764705882,0.0
0,1,2,13,0.0,21.610107846545546,67.56999454969359,0.45098039215686275,0.0
0,1,2,14,0.0,58.791043759369174,140.7637236942819,0.47058823529411764,0.0
0,1,2,15,0.0,12.478657673835567,35.22619011914448,0.23529411764705882,0.0
0,1,2,16,0.0,16.107013222986453,50.292137129561276,0.0196078431372549,0.0
0,1,2,17,0.0,30.95125693131214,102.94390332105287,0.24509803921568626,0.0
0,1,2,18,0.0,19.97380238069119,49.6953156830784,0.00980392156862745,0.0
0,1,2,19,0.0,28.557563878390784,67.27373853610541,0.23529411764705882,0.0
0,1,2,20,0.0,42.99563798037611,122.98646248801359,0.2549019607843137,0.0
0,1,2,21,0.0,40.001132924751026,81.16273342850958,0.23529411764705882,0.0
0,1,2,22,0.0,0.24555779374848785,1.7325759991689227,0.0,0.0
0,1,2,23,0.0,51.90221204465942,132.0725519220277,0.696078431372549,0.0
0,1,2,24,0.0,31.077711923380537,69.75634629245731,0.2647058823529412,0.0
0,1,2,25,0.0,14.264851195754128,40.6265690763616,0.22549019607843138,0.0
0,1,2,26,0.0,21.55443649899757,66.94900600310227,0.2549019607843137,0.0
0,1,2,27,0.0,14.584761160508913,32.97311512973595,0.23529411764705882,0.0
0,1,2,28,0.0,46.50194950293127,111.10606932022436,0.23529411764705882,0.0
0,1,2,29,0.0,6.305074612488832,12.611664885705464,0.0,0.0
0,1,2,30,0.0,36.74867502511494,81.13943942507844,0.22549019607843138,0.0
0,1,2,31,0.0,30.80959526213419,65.22798939544963,0.23529411764705882,0.0
0,1,2,32,0.0,20.18538898084196,43.720971894448674,0.00980392156862745,0.0
0,1,2,33,0.0,6.448760249723903,15.3664999563462,0.00980392156862745,0.0
0,1,2,34,0.0,23.627549151657558,62.08134391073939,0.00980392156862745,0.0
0,1,2,35,0.0,37.86670126809981,105.2871989841342,0.2549019607843137,0.0
0,1,2,36,0.0,78.1980824277928,215.11789622487407,0.47058823529411764,0.13725490196078433
0,1,2,37,0.0,17.208221975817235,59.53387621930755,0.0392156862745098,0.0
0,1,2,38,0.0,25.768870302910756,51.92080962753226,0.23529411764705882,0.0
0,1,2,39,0.0,53.53146641377449,108.4074354178358,0.0196078431372549,0.0
0,1,2,40,0.0,3.3478316874970164,12.771903120807725,0.0,0.0
0,1,2,41,0.0,20.284362785683335,49.965233476862686,0.00980392156862745,0.0
0,1,2,42,0.0,10.00087086698452,28.600079156600863,0.0,0.0
0,1,2,43,0.0,24.10755258546013,49.92183278487575,0.0,0.0
0,1,2,44,0.0,55.565278487418595,138.60381410580027,0.45098039215686275,0.0
0,1,2,45,0.0,29.44150625184271,102.53062554813134,0.696078431372549,0.0
0,1,2,46,0.0,28.835382603655205,75.82591192478765,0.45098039215686275,0.0196078431372549
0,1,2,47,0.0,34.437518126244235,104.9866879614727,0.49019607843137253,0.0
0,1,2,48,0.0,9.880322209055787,36.049749104718956,0.0196078431372549,0.0
0,1,2,49,0.0,16.78994845789272,45.956550174160085,0.0,0.0
0,1,2,50,0.0,32.517721619738175,84.34640053923981,0.696078431372549,0.0
0,1,2,51,0.0,8.263148915960826,28.596620464110536,0.23529411764705882,0.0
0,1,2,52,0.0,11.711726794305626,29.075481890388065,0.00980392156862745,0.0
0,1,2,53,0.0,10.858179533628375,28.23778909118735,0.00980392156862745,0.0
0,1,2,54,0.0,38.50017502089212,96.94978612413063,0.23529411764705882,0.0
0,1,2,55,0.0,19.01043809643419,47.51038153715593,0.00980392156862745,0.0
0,1,2,56,0.0,6.5320394466714,13.330446214311019,0.0,0.0
0,1,2,57,0.0,3.453060645880986,8.446613790657603,0.0,0.0
0,1,2,58,0.0,26.339023453887368,72.6158176914442,0.46078431372549017,0.0
0,1,2,59,0.0,5.156358652491157,21.39817135355722,0.0,0.0
0,1,3,0,0.0,17.60022631458756,62.44203378422705,0.0196078431372549,0.0
0,1,3,1,0.0,24.223928073177976,54.30886725269333,0.0196078431372549,0.0
0,1,3,2,0.0,28.921567437768804,78.85771492072162,0.4803921568627451,0.0
0,1,3,3,0.0,5.184114289625013,19.276843149430867,0.23529411764705882,0.0
0,1,3,4,0.0,18.906311773089122,37.82407358783416,0.00980392156862745,0.0
0,1,3,5,0.0,28.8269273901683,85.30330628138724,0.2549019607843137,0.0
0,1,3,6,0.0,37.317877464956524,104.05440002460661,0.39215686274509803,0.0
0,1,3,7,0.0,27.30645173368925,78.27841967672654,0.46078431372549017,0.0
0,1,3,8,0.0,15.160395693814596,48.66772602317373,0.23529411764705882,0.0
0,1,3,9,0.0,32.85169329957466,97.13005524450065,0.696078431372549,0.0
0,1,3,10,0.0,35.424163660944906,87.41492911460728,0.2647058823529412,0.0
0,1,3,11,0.0,15.739917635263572,39.737306761049055,0.23529411764705882,0.0
0,1,3,12,0.0,13.616354499006674,40.69129648980863,0.23529411764705882,0.0
0,1,3,13,0.0,20.941978259913853,63.37356377264025,0.45098039215686275,0.0
0,1,3,14,0.0,58.139853072418354,139.3967351507431,0.47058823529411764,0.0
0,1,3,15,0.0,12.478657673835567,35.22619011914448,0.23529411764705882,0.0
0,1,3,16,0.0,16.107013222986453,50.29213712956128,0.0196078431372549,0.0
0,1,3,17,0.0,30.92450518222882,102.76538340586339,0.24509803921568626,0.0
0,1,3,18,0.0,13.153962267102782,32.42057716812834,0.0,0.0
0,1,3,19,0.0,22.435869817998295,54.767944033262,0.23529411764705882,0.0
0,1,3,20,0.0,31.746611519877476,94.3846561001058,0.22549019607843138,0.0
0,1,3,21,0.0,35.415636277518445,72.0796597202348,0.23529411764705882,0.0
0,1,3,22,0.0,0.24555779374848785,1.7325759991689227,0.0,0.0
0,1,3,23,0.0,49.95984704223308,127.52104449023193,0.696078431372549,0.0
0,1,3,24,0.0,22.942110918010485,47.04647670161995,0.0196078431372549,0.0
0,1,3,25,0.0,11.381321041890208,33.200455266659844,0.22549019607843138,0.0
0,1,3,26,0.0,17.014162945089208,57.21484885299851,0.24509803921568626,0.0
0,1,3,27,0.0,12.57968923700362,27.276044195831943,0.23529411764705882,0.0
0,1,3,28,0.0,38.52245472716255,92.55211077968723,0.22549019607843138,0.0
0,1,3,29,0.0,6.305074612488851,12.61166488570549,0.0,0.0
0,1,3,30,0.0,31.55281997584715,70.66569504953821,0.22549019607843138,0.0
0,1,3,31,0.0,28.812516467366716,60.51273995229981,0.23529411764705882,0.0
0,1,3,32,0.0,16.0680816861978,34.89363676464473,0.00980392156862745,0.0
0,1,3,33,0.0,4.6185380941689855,10.241861903791149,0.00980392156862745,0.0
0,1,3,34,0.0,16.80611726269615,42.93063620471805,0.00980392156862745,0.0
0,1,3,35,0.0,29.47900597784409,80.04024849980927,0.24509803921568626,0.0
0,1,3,36,0.0,75.91511220839058,209.0456512756174,0.47058823529411764,0.11764705882352941
0,1,3,37,0.0,17.208221975817235,59.53387621930755,0.0392156862745098,0.0
0,1,3,38,0.0,20.90803741094354,38.7630623111009,0.0,0.0
0,1,3,39,0.0,47.917913493479574,94.60257684956363,0.0196078431372549,0.0
0,1,3,40,0.0,1.865525129823016,9.165792147659387,0.0,0.0
0,1,3,41,0.0,20.066603599486974,49.02972124600433,0.00980392156862745,0.0
0,1,3,42,0.0,8.403308665349263,24.072465670773116,0.0,0.0
0,1,3,43,0.0,21.790867753839624,42.37940170989513,0.0,0.0
0,1,3,44,0.0,53.38889801493866,133.1256578544948,0.45098039215686275,0.0
0,1,3,45,0.0,29.44150625184271,102.53062554813137,0.696078431372549,0.0
0,1,3,46,0.0,24.79675225427173,66.55462555374503,0.45098039215686275,0.0196078431372549
0,1,3,47,0.0,34.437518126244235,104.9866879614727,0.49019607843137253,0.0
0,1,3,48,0.0,8.694763187642566,31.24462854473584,0.0196078431372549,0.0
0,1,3,49,0.0,14.652220721776983,39.88256030514113,0.0,0.0
0,1,3,50,0.0,32.5159080718888,84.34355429824879,0.696078431372549,0.0
0,1,3,51,0.0,4.660722651410862,21.608200810114084,0.23529411764705882,0.0
0,1,3,52,0.0,11.706876628173955,29.05588845509853,0.00980392156862745,0.0
0,1,3,53,0.0,10.858179533628375,28.23778909118735,0.00980392156862745,0.0
0,1,3,54,0.0,38.035848359469426,95.78668396567399,0.23529411764705882,0.0
0,1,3,55,0.0,17.47128205253083,40.898034524742236,0.00980392156862745,0.0
0,1,3,56,0.0,6.244228398820058,12.076283922984235,0.0,0.0
0,1,3,57,0.0,2.966509112232457,7.095600889714417,0.0,0.0
0,1,3,58,0.0,23.069265591838224,65.91759573753312,0.46078431372549017,0.0
0,1,3,59,0.0,4.380527810484428,19.24391347127118,0.0,0.0
0,1,4,0,0.0,17.60022631458756,62.44203378422705,0.0196078431372549,0.0
0,1,4,1,0.0,24.09292762762274,54.02130985615935,0.0196078431372549,0.0
0,1,4,2,0.0,23.594784889221522,67.77704170038938,0.47058823529411764,0.0
0,1,4,3,0.0,5.184114289625013,19.276843149430867,0.23529411764705882,0.0
0,1,4,4,0.0,18.90631177308913,37.824073587834164,0.00980392156862745,0.0
0,1,4,5,0.0,28.8269273901683,85.30330628138724,0.2549019607843137,0.0
0,1,4,6,0.0,37.317877464956524,104.05440002460662,0.39215686274509803,0.0
0,1,4,7,0.0,27.30645173368925,78.27841967672654,0.46078431372549017,0.0
0,1,4,8,0.0,15.160395693814596,48.66772602317373,0.23529411764705882,0.0
0,1,4,9,0.0,32.85169329957466,97.13005524450065,0.696078431372549,0.0
0,1,4,10,0.0,35.421560337656345,87.40814088927597,0.2647058823529412,0.0
0,1,4,11,0.0,13.475238293757766,34.29549892124898,0.0,0.0
0,1,4,12,0.0,13.616354499006674,40.69129648980863,0.23529411764705882,0.0
0,1,4,13,0.0,20.941978259913853,63.37356377264025,0.45098039215686275,0.0
0,1,4,14,0.0,58.139853072418354,139.3967351507431,0.47058823529411764,0.0
0,1,4,15,0.0,12.478657673835567,35.22619011914448,0.23529411764705882,0.0
0,1,4,16,0.0,16.10701322298645,50.29213712956127,0.0196078431372549,0.0
0,1,4,17,0.0,30.92450518222884,102.76538340586345,0.24509803921568626,0.0
0,1,4,18,0.0,13.153962267102782,32.42057716812834,0.0,0.0
0,1,4,19,0.0,22.435869817998295,54.767944033262,0.23529411764705882,0.0
0,1,4,20,0.0,24.62965315879704,71.92554281754228,0.22549019607843138,0.0
0,1,4,21,0.0,34.80160997486047,70.84308519026156,0.23529411764705882,0.0
0,1,4,22,0.0,0.24555779374848785,1.7325759991689227,0.0,0.0
0,1,4,23,0.0,49.94739053861897,127.49176576526031,0.696078431372549,0.0
0,1,4,24,0.0,20.31037266253953,40.68579871640868,0.0196078431372549,0.0
0,1,4,25,0.0,11.381321041890208,33.200455266659844,0.22549019607843138,0.0
0,1,4,26,0.0,14.18673236898616,51.152955614186126,0.24509803921568626,0.0
0,1,4,27,0.0,12.57968923700362,27.276044195831936,0.23529411764705882,0.0
0,1,4,28,0.0,35.01311312970511,83.55313337342531,0.22549019607843138,0.0
0,1,4,29,0.0,6.305074612488848,12.61166488570549,0.0,0.0
0,1,4,30,0.0,31.552819975847097,70.6656950495382,0.22549019607843138,0.0
0,1,4,31,0.0,28.796162158673276,60.473216062991014,0.23529411764705882,0.0
0,1,4,32,0.0,16.0680816861978,34.89363676464473,0.00980392156862745,0.0
0,1,4,33,0.0,4.6185380941689855,10.241861903791147,0.00980392156862745,0.0
0,1,4,34,0.0,16.80611726269615,42.93063620471804,0.00980392156862745,0.0
0,1,4,35,0.0,26.043097237345787,68.15174175616266,0.24509803921568626,0.0
0,1,4,36,0.0,75.9060237360782,209.00584276548844,0.47058823529411764,0.11764705882352941
0,1,4,37,0.0,17.208221975817235,59.53387621930755,0.0392156862745098,0.0
0,1,4,38,0.0,17.26016868632527,29.070039430721714,0.0,0.0
0,1,4,39,0.0,47.897152037804595,94.54923573699907,0.0196078431372549,0.0
0,1,4,40,0.0,1.8655251298230149,9.165792147659378,0.0,0.0
0,1,4,41,0.0,20.066603599486974,49.02972124600433,0.00980392156862745,0.0
0,1,4,42,0.0,6.211192598495904,17.843940608000572,0.0,0.0
0,1,4,43,0.0,21.790867753839624,42.37940170989513,0.0,0.0
0,1,4,44,0.0,53.38889801493866,133.1256578544948,0.45098039215686275,0.0
0,1,4,45,0.0,29.44150625184271,102.53062554813134,0.696078431372549,0.0
0,1,4,46,0.0,24.79675225427173,66.55462555374503,0.45098039215686275,0.0196078431372549
0,1,4,47,0.0,34.437518126244235,104.9866879614727,0.49019607843137253,0.0
0,1,4,48,0.0,8.694763187642566,31.24462854473584,0.0196078431372549,0.0
0,1,4,49,0.0,14.101303364211285,38.31722231004135,0.0,0.0
0,1,4,50,0.0,32.5159080718888,84.34355429824879,0.696078431372549,0.0
0,1,4,51,0.0,4.660722651410862,21.608200810114084,0.23529411764705882,0.0
0,1,4,52,0.0,11.706876628173955,29.05588845509853,0.00980392156862745,0.0
0,1,4,53,0.0,10.858179533628388,28.23778909118735,0.00980392156862745,0.0
0,1,4,54,0.0,38.035848359469426,95.78668396567402,0.23529411764705882,0.0
0,1,4,55,0.0,17.47128205253083,40.89803452474223,0.00980392156862745,0.0
0,1,4,56,0.0,6.244228398820058,12.076283922984235,0.0,0.0
0,1,4,57,0.0,2.966509112232457,7.095600889714417,0.0,0.0
0,1,4,58,0.0,23.069265591838224,65.91759573753312,0.46078431372549017,0.0
0,1,4,59,0.0,4.380527810484428,19.24391347127118,0.0,0.0
0,2,0,0,0.0,158.49684852085474,480.740533700304,0.46078431372549017,1.2156862745098038
0,2,0,1,0.0,120.98109078760767,262.5320735985123,1.1862745098039216,0.0196078431372549
0,2,0,2,0.0,696.0463299812817,1376.9223868939075,4.666666666666667,0.8235294117647058
0,2,0,3,0.0,72.38657863956652,183.56701644950147,0.4803921568627451,0.0196078431372549
0,2,0,4,0.0,29.431979407436966,62.76948646320816,0.20588235294117646,0.0
0,2,0,5,0.0,65.72489779780977,184.4489806547727,0.29411764705882354,0.0
0,2,0,6,0.0,222.83616249394265,479.9797148050722,1.8529411764705883,0.49019607843137253
0,2,0,7,0.0,66.84828641098896,170.28855437321542,0.7941176470588235,0.0
0,2,0,8,0.0,53.016541165959914,149.04556857057818,0.29411764705882354,0.0
0,2,0,9,0.0,196.05913605058663,456.6581911208051,1.4411764705882353,0.803921568627451
0,2,0,10,0.0,99.15752624041514,252.31343896045883,1.4019607843137254,0.0
0,2,0,11,0.0,104.52086238272183,252.74893935552925,1.2549019607843137,0.0
0,2,0,12,0.0,56.87536409507719,152.39129924368967,0.28431372549019607,0.0
0,2,0,13,0.0,62.197412112450685,154.37109681054716,0.8137254901960784,0.0
0,2,0,14,0.0,197.715477153739,418.04366108148,1.3529411764705883,0.47058823529411764
0,2,0,15,0.0,122.59646275117471,306.21927462592254,0.3333333333333333,0.49019607843137253
0,2,0,16,0.0,131.89552778933762,310.8342469407303,0.3137254901960784,0.4117647058823529
0,2,0,17,0.0,257.9388087020099,762.0781386810597,1.8333333333333333,1.6470588235294117
0,2,0,18,0.0,121.09188578644381,242.37952624427345,1.1666666666666667,0.0
0,2,0,19,0.0,91.55114953840206,221.61786518406143,1.3431372549019607,0.0
0,2,0,20,0.0,143.6311738976858,345.3520104517575,1.9411764705882353,0.0
0,2,0,21,0.0,103.05266590888976,199.77042059838416,0.9215686274509803,0.0
0,2,0,22,0.0,99.11904325215416,231.7222718966047,0.1568627450980392,0.43137254901960786
0,2,0,23,0.0,593.5349513404603,1146.6729117317207,3.7254901960784315,0.8235294117647058
0,2,0,24,0.0,86.40938490563063,210.73533293625246,1.1764705882352942,0.0
0,2,0,25,0.0,90.978127557299,231.93611582624504,0.8921568627450981,0.0196078431372549
0,2,0,26,0.0,181.67370950948668,415.35401498767106,1.3627450980392157,0.7058823529411765
0,2,0,27,0.0,53.75176834395142,184.8238494869038,0.5392156862745098,0.49019607843137253
0,2,0,28,0.0,200.7668793043007,463.66636569410736,2.0784313725490198,0.0784313725490196
0,2,0,29,0.0,31.246679107813584,80.26801796171219,0.0196078431372549,0.0196078431372549
0,2,0,30,0.0,199.2644839909227,421.25388685330626,1.1470588235294117,0.5294117647058824
0,2,0,31,0.0,79.9469384081444,186.12568429275956,1.1470588235294117,0.0
0,2,0,32,0.0,109.31035059696858,260.68702064200454,1.2450980392156863,0.0
0,2,0,33,0.0,26.64092901026219,63.53977423007045,0.00980392156862745,0.0
0,2,0,34,0.0,161.81135704185493,357.37530167223844,1.8235294117647058,0.0392156862745098
0,2,0,35,0.0,157.20826246630062,458.12400826161036,1.5980392156862746,0.9411764705882353
0,2,0,36,0.0,156.8312633421936,384.1360118609788,1.392156862745098,0.5098039215686274
0,2,0,37,0.0,40.32502021801324,172.64242109823743,0.0392156862745098,0.49019607843137253
0,2,0,38,0.0,134.49572650041173,277.1902392803933,1.1764705882352942,0.0
0,2,0,39,0.0,101.5602546682019,200.42282064677426,0.9313725490196079,0.0
0,2,0,40,0.0,35.797986625750084,153.18368900493277,0.24509803921568626,0.49019607843137253
0,2,0,41,0.0,38.25499897728208,106.31246755907112,0.4803921568627451,0.0
0,2,0,42,0.0,98.59228600819462,337.5992455041412,0.18627450980392157,0.7254901960784313
0,2,0,43,0.0,197.0441122414249,413.0589260791625,1.1666666666666667,0.5098039215686274
0,2,0,44,0.0,179.03138173853017,387.53486099223846,2.049019607843137,0.0392156862745098
0,2,0,45,0.0,66.82298603380248,188.656241138043,1.0392156862745099,0.0
0,2,0,46,0.0,81.26971568110457,205.5761418799332,0.7843137254901961,0.0196078431372549
0,2,0,47,0.0,76.78155637286842,278.9138621844419,0.49019607843137253,0.5882352941176471
0,2,0,48,0.0,89.60147468422045,285.58317701969014,0.6078431372549019,0.8627450980392157
0,2,0,49,0.0,99.24349099107351,332.91184473741566,0.18627450980392157,0.7058823529411765
0,2,0,50,0.0,125.83725140284214,292.13123521948575,1.2549019607843137,0.0
0,2,0,51,0.0,68.38917321659626,254.90772282769385,0.2549019607843137,0.6078431372549019
0,2,0,52,0.0,133.10289656608214,338.6050706955775,0.23529411764705882,0.5098039215686274
0,2,0,53,0.0,52.16327150157014,113.4482054793936,0.24509803921568626,0.0
0,2,0,54,0.0,241.31097899584884,518.4702614237177,1.411764705882353,0.5490196078431373
0,2,0,55,0.0,40.08334193261815,112.3010943195539,0.24509803921568626,0.0196078431372549
0,2,0,56,0.0,53.036710934717064,124.33285799821032,0.20588235294117646,0.0196078431372549
0,2,0,57,0.0,18.02499328245409,38.52007447621448,0.0,0.0
0,2,0,58,0.0,124.74639923560393,253.98235231725297,1.4705882352941178,0.0
0,2,0,59,0.0,47.878097459958504,119.34448522810759,0.2647058823529412,0.0
0,2,1,0,0.0,30.487556190247524,92.46917458208443,0.0196078431372549,0.0
0,2,1,1,0.0,54.1046996759309,111.84590484233743,0.0196078431372549,0.0
0,2,1,2,0.0,75.75425058402585,177.51519765060098,1.1274509803921569,0.0
0,2,1,3,0.0,14.164201822620939,38.13344424733616,0.23529411764705882,0.0
0,2,1,4,0.0,19.99232801908883,40.23237426437192,0.00980392156862745,0.0
0,2,1,5,0.0,30.49217377202796,89.1515937671119,0.2549019607843137,0.0
0,2,1,6,0.0,60.35232040996068,160.3062219653166,0.4803921568627451,0.0
0,2,1,7,0.0,28.586231186997036,86.31653981562953,0.46078431372549017,0.0
0,2,1,8,0.0,19.646466979310166,57.95923934500187,0.23529411764705882,0.0
0,2,1,9,0.0,42.109916612987966,121.41593180684788,0.696078431372549,0.0
0,2,1,10,0.0,54.07366481758407,139.8103651025412,0.5196078431372549,0.0
0,2,1,11,0.0,35.12266785583619,91.72545799884321,0.23529411764705882,0.0
0,2,1,12,0.0,17.57684057333015,48.37432361892576,0.23529411764705882,0.0
0,2,1,13,0.0,29.50898099876321,86.41606796441056,0.45098039215686275,0.0
0,2,1,14,0.0,76.04263487919526,176.0409279082387,0.6568627450980392,0.0
0,2,1,15,0.0,13.158390564649226,38.86458948039238,0.23529411764705882,0.0
0,2,1,16,0.0,16.68837856417515,53.65566243362773,0.0784313725490196,0.0
0,2,1,17,0.0,37.91966160562689,123.47588575131333,0.24509803921568626,0.0
0,2,1,18,0.0,38.44579301180007,87.0184768325201,0.23529411764705882,0.0
0,2,1,19,0.0,35.604682852375106,87.82426109445093,0.47058823529411764,0.0
0,2,1,20,0.0,57.202463153516476,159.21958852812452,0.7058823529411765,0.0
0,2,1,21,0.0,52.260183129127455,101.61660579398455,0.24509803921568626,0.0
0,2,1,22,0.0,7.353201145345608,19.51966517715228,0.0,0.0
0,2,1,23,0.0,97.08977788856578,217.87345423136142,1.3627450980392157,0.0196078431372549
0,2,1,24,0.0,38.72124598901212,94.42643854856153,0.49019607843137253,0.0
0,2,1,25,0.0,20.871668537093004,62.288322452601754,0.23529411764705882,0.0
0,2,1,26,0.0,29.67142752962073,85.1516854075102,0.47058823529411764,0.0
0,2,1,27,0.0,18.2443817538147,42.97688652718194,0.23529411764705882,0.0
0,2,1,28,0.0,66.50737140231438,153.09458643690644,0.47058823529411764,0.0
0,2,1,29,0.0,7.304195911919518,17.427323473250812,0.0,0.0
0,2,1,30,0.0,57.6217163612351,125.81446609244338,0.30392156862745096,0.0
0,2,1,31,0.0,36.56987696318181,85.76579727294379,0.24509803921568626,0.0
0,2,1,32,0.0,27.72504593962128,66.42410819563727,0.24509803921568626,0.0
0,2,1,33,0.0,7.60661332921199,18.399065009414194,0.00980392156862745,0.0
0,2,1,34,0.0,35.75184073663089,95.83051677896971,0.029411764705882353,0.0
0,2,1,35,0.0,48.41114757865142,132.06023115889036,0.5,0.0
0,2,1,36,0.0,83.9845454846615,231.41432203664712,0.4803921568627451,0.3333333333333333
0,2,1,37,0.0,17.52171184723004,62.344026475913715,0.0392156862745098,0.0
0,2,1,38,0.0,31.410700046241324,65.83398720773297,0.22549019607843138,0.0
0,2,1,39,0.0,62.15473024303002,126.63282528847127,0.38235294117647056,0.0
0,2,1,40,0.0,7.71791438994584,27.463747139241235,0.00980392156862745,0.0
0,2,1,41,0.0,23.3334367090401,60.9574884559592,0.00980392156862745,0.0
0,2,1,42,0.0,12.471362650762773,35.52310382589169,0.00980392156862745,0.0
0,2,1,43,0.0,50.00172988967403,118.42635301660457,0.00980392156862745,0.0
0,2,1,44,0.0,68.22702594126486,168.0131961063667,0.46078431372549017,0.0
0,2,1,45,0.0,33.22058475204205,111.35727119088381,0.696078431372549,0.0
0,2,1,46,0.0,35.4462149038371,90.08745160977516,0.45098039215686275,0.0196078431372549
0,2,1,47,0.0,34.503134378736796,105.2033663062561,0.49019607843137253,0.0
0,2,1,48,0.0,16.717250311893682,56.532618365124605,0.0196078431372549,0.0
0,2,1,49,0.0,17.900967897639102,49.40300952775795,0.0,0.0
0,2,1,50,0.0,40.923291421207935,101.74835236705235,0.696078431372549,0.0
0,2,1,51,0.0,12.099893657466904,37.305086858400706,0.23529411764705882,0.0
0,2,1,52,0.0,12.694666289471781,35.231500435367444,0.00980392156862745,0.0
0,2,1,53,0.0,11.364849692012475,29.652323583824447,0.00980392156862745,0.0
0,2,1,54,0.0,59.03219991696029,143.95222753948462,0.3235294117647059,0.0
0,2,1,55,0.0,20.113308651065804,52.2484084876289,0.0196078431372549,0.0
0,2,1,56,0.0,10.644191968600403,31.201833457738264,0.0,0.0
0,2,1,57,0.0,5.467533345406221,13.08128554909846,0.0,0.0
0,2,1,58,0.0,36.2390382268596,91.50538560862502,0.46078431372549017,0.0
0,2,1,59,0.0,9.321937327802502,32.25280713114164,0.0,0.0
0,2,2,0,0.0,21.446693525126186,69.78790955203233,0.0196078431372549,0.0
0,2,2,1,0.0,38.677579624508894,78.25741529550629,0.0196078431372549,0.0
0,2,2,2,0.0,46.285777297590336,115.55591470422793,0.7352941176470589,0.0
0,2,2,3,0.0,6.2430107009372655,21.47602830179903,0.23529411764705882,0.0
0,2,2,4,0.0,18.906311773089126,37.824073587834164,0.00980392156862745,0.0
0,2,2,5,0.0,29.440264615829285,86.4510326250424,0.2549019607843137,0.0
0,2,2,6,0.0,44.590435622639305,123.37192260294748,0.39215686274509803,0.0
0,2,2,7,0.0,27.863390849822185,81.77647827890208,0.46078431372549017,0.0
0,2,2,8,0.0,15.27198947094924,48.88420905103355,0.23529411764705882,0.0
0,2,2,9,0.0,36.45175359119742,106.08670211389507,0.696078431372549,0.0
0,2,2,10,0.0,41.48328741906588,105.77141229260602,0.27450980392156865,0.0
0,2,2,11,0.0,23.198859012710695,58.74205974962557,0.22549019607843138,0.0
0,2,2,12,0.0,13.616354499006675,40.69129648980863,0.23529411764705882,0.0
0,2,2,13,0.0,21.638336627278175,67.62121575421241,0.45098039215686275,0.0
0,2,2,14,0.0,65.75235513014519,152.12100438470998,0.6078431372549019,0.0
0,2,2,15,0.0,12.478657673835567,35.22619011914448,0.23529411764705882,0.0
0,2,2,16,0.0,16.10701322298645,50.29213712956126,0.0196078431372549,0.0
0,2,2,17,0.0,31.028627479813895,103.4533896026914,0.24509803921568626,0.0
0,2,2,18,0.0,20.03488251120149,49.901435274700276,0.00980392156862745,0.0
0,2,2,19,0.0,28.557563878390784,67.27373853610541,0.23529411764705882,0.0
0,2,2,20,0.0,42.99613992534706,122.98862993171198,0.2549019607843137,0.0
0,2,2,21,0.0,40.44161140099847,81.71457715437566,0.23529411764705882,0.0
0,2,2,22,0.0,0.24555779374848785,1.7325759991689227,0.0,0.0
0,2,2,23,0.0,53.812818560098535,134.8817275856578,0.696078431372549,0.0
0,2,2,24,0.0,31.319949440839842,70.43161954409774,0.2647058823529412,0.0
0,2,2,25,0.0,14.26527583289179,40.631641532351914,0.22549019607843138,0.0
0,2,2,26,0.0,22.263419259384936,68.62741078146752,0.2549019607843137,0.0
0,2,2,27,0.0,14.584761160508913,32.97311512973595,0.23529411764705882,0.0
0,2,2,28,0.0,47.10315727418169,112.29812890081939,0.23529411764705882,0.0
0,2,2,29,0.0,6.331918320578295,12.652969289697193,0.0,0.0
0,2,2,30,0.0,39.56626795687524,86.59424498403041,0.22549019607843138,0.0
0,2,2,31,0.0,30.81411367266445,65.2386090268868,0.23529411764705882,0.0
0,2,2,32,0.0,20.18538898084196,43.720971894448674,0.00980392156862745,0.0
0,2,2,33,0.0,6.448760249723903,15.3664999563462,0.00980392156862745,0.0
0,2,2,34,0.0,23.63799947420385,62.15108105909769,0.00980392156862745,0.0
0,2,2,35,0.0,39.154611054592394,108.31844505380731,0.2549019607843137,0.0
0,2,2,36,0.0,79.24492337516992,217.75813239056956,0.47058823529411764,0.3333333333333333
0,2,2,37,0.0,17.208221975817235,59.53387621930755,0.0392156862745098,0.0
0,2,2,38,0.0,25.768870302910756,51.92080962753226,0.23529411764705882,0.0
0,2,2,39,0.0,55.03017918638125,111.58376913426129,0.049019607843137254,0.0
0,2,2,40,0.0,3.3478316874970164,12.771903120807725,0.0,0.0
0,2,2,41,0.0,20.284362785683335,49.965233476862686,0.00980392156862745,0.0
0,2,2,42,0.0,10.00087086698452,28.600079156600856,0.0,0.0
0,2,2,43,0.0,24.277906762588742,50.59069293978634,0.0,0.0
0,2,2,44,0.0,55.79047785712943,139.14710153686156,0.45098039215686275,0.0
0,2,2,45,0.0,29.44150625184271,102.53062554813134,0.696078431372549,0.0
0,2,2,46,0.0,28.835382603655205,75.82591192478765,0.45098039215686275,0.0196078431372549
0,2,2,47,0.0,34.449564834646054,105.02646866728018,0.49019607843137253,0.0
0,2,2,48,0.0,9.880322209055787,36.049749104718956,0.0196078431372549,0.0
0,2,2,49,0.0,16.789948457892738,45.956550174160135,0.0,0.0
0,2,2,50,0.0,34.35790322045762,87.25347504279307,0.696078431372549,0.0
0,2,2,51,0.0,8.263148915960826,28.596620464110536,0.23529411764705882,0.0
0,2,2,52,0.0,11.886942767679233,29.674368908255566,0.00980392156862745,0.0
0,2,2,53,0.0,10.858179533628375,28.23778909118735,0.00980392156862745,0.0
0,2,2,54,0.0,39.354800297083834,98.28070566202663,0.23529411764705882,0.0
0,2,2,55,0.0,19.01043809643419,47.51038153715593,0.00980392156862745,0.0
0,2,2,56,0.0,6.532039446671398,13.330446214311019,0.0,0.0
0,2,2,57,0.0,3.453060645880986,8.446613790657603,0.0,0.0
0,2,2,58,0.0,26.45081094765778,72.77233960769158,0.46078431372549017,0.0
0,2,2,59,0.0,5.156358652491159,21.398171353557228,0.0,0.0
0,2,3,0,0.0,17.60022631458756,62.44203378422706,0.0196078431372549,0.0
0,2,3,1,0.0,26.528634613604016,58.576850107879785,0.0196078431372549,0.0
0,2,3,2,0.0,29.20251382829664,79.3634495959733,0.4803921568627451,0.0
0,2,3,3,0.0,5.184114289625009,19.276843149430867,0.23529411764705882,0.0
0,2,3,4,0.0,18.906311773089122,37.82407358783416,0.00980392156862745,0.0
0,2,3,5,0.0,29.440264615829285,86.4510326250424,0.2549019607843137,0.0
0,2,3,6,0.0,37.404993360701205,104.37994108547294,0.39215686274509803,0.0
0,2,3,7,0.0,27.30645173368925,78.27841967672654,0.46078431372549017,0.0
0,2,3,8,0.0,15.160395693814596,48.66772602317373,0.23529411764705882,0.0
0,2,3,9,0.0,33.67814697936154,98.98539238429068,0.696078431372549,0.0
0,2,3,10,0.0,36.215568152197555,88.81032250505268,0.2647058823529412,0.0
0,2,3,11,0.0,16.493181621777044,41.42561094935963,0.23529411764705882,0.0
0,2,3,12,0.0,13.616354499006674,40.69129648980863,0.23529411764705882,0.0
0,2,3,13,0.0,20.94716959334834,63.389337265279266,0.45098039215686275,0.0
0,2,3,14,0.0,64.17230003940028,148.73780438307816,0.5980392156862745,0.0
0,2,3,15,0.0,12.478657673835567,35.22619011914448,0.23529411764705882,0.0
0,2,3,16,0.0,16.107013222986453,50.29213712956129,0.0196078431372549,0.0
0,2,3,17,0.0,30.989300420676628,103.19677361942337,0.24509803921568626,0.0
0,2,3,18,0.0,13.153962267102782,32.42057716812833,0.0,0.0
0,2,3,19,0.0,22.435869817998295,54.767944033262,0.23529411764705882,0.0
0,2,3,20,0.0,31.746611519877476,94.3846561001058,0.22549019607843138,0.0
0,2,3,21,0.0,35.415636277518445,72.07965972023482,0.23529411764705882,0.0
0,2,3,22,0.0,0.24555779374848785,1.7325759991689227,0.0,0.0
0,2,3,23,0.0,50.008469134848,127.59000062484476,0.696078431372549,0.0
0,2,3,24,0.0,22.98315221786179,47.11552365806552,0.0196078431372549,0.0
0,2,3,25,0.0,11.381321041890208,33.200455266659844,0.22549019607843138,0.0
0,2,3,26,0.0,17.584315855715683,58.55961252413331,0.24509803921568626,0.0
0,2,3,27,0.0,12.57968923700362,27.276044195831943,0.23529411764705882,0.0
0,2,3,28,0.0,38.54262034307017,92.60382131196137,0.22549019607843138,0.0
0,2,3,29,0.0,6.331918320578314,12.652969289697223,0.0,0.0
0,2,3,30,0.0,31.55283014533781,70.66571197583067,0.22549019607843138,0.0
0,2,3,31,0.0,28.816387738462666,60.52209575529637,0.23529411764705882,0.0
0,2,3,32,0.0,16.0680816861978,34.89363676464473,0.00980392156862745,0.0
0,2,3,33,0.0,4.6185380941689855,10.241861903791149,0.00980392156862745,0.0
0,2,3,34,0.0,16.80611726269615,42.93063620471805,0.00980392156862745,0.0
0,2,3,35,0.0,30.375433433127675,82.09847698226336,0.24509803921568626,0.0
0,2,3,36,0.0,76.83777210048599,211.1474201541868,0.47058823529411764,0.3333333333333333
0,2,3,37,0.0,17.208221975817235,59.53387621930755,0.0392156862745098,0.0
0,2,3,38,0.0,20.908037410943543,38.7630623111009,0.0,0.0
0,2,3,39,0.0,49.090456637142395,96.98235583057176,0.0196078431372549,0.0
0,2,3,40,0.0,1.865525129823016,9.165792147659387,0.0,0.0
0,2,3,41,0.0,20.066603599486974,49.02972124600433,0.00980392156862745,0.0
0,2,3,42,0.0,8.403308665349263,24.072465670773116,0.0,0.0
0,2,3,43,0.0,21.790867753839624,42.37940170989513,0.0,0.0
0,2,3,44,0.0,53.55138222701804,133.54231485774466,0.45098039215686275,0.0
0,2,3,45,0.0,29.44150625184271,102.53062554813135,0.696078431372549,0.0
0,2,3,46,0.0,24.79675225427173,66.55462555374503,0.45098039215686275,0.0196078431372549
0,2,3,47,0.0,34.437518126244235,104.9866879614727,0.49019607843137253,0.0
0,2,3,48,0.0,8.694763187642566,31.24462854473584,0.0196078431372549,0.0
0,2,3,49,0.0,14.652220721776983,39.88256030514113,0.0,0.0
0,2,3,50,0.0,32.82801287123228,84.80216917863683,0.696078431372549,0.0
0,2,3,51,0.0,4.660722651410862,21.608200810114084,0.23529411764705882,0.0
0,2,3,52,0.0,11.8291272397277,29.44084133798277,0.00980392156862745,0.0
0,2,3,53,0.0,10.858179533628375,28.23778909118735,0.00980392156862745,0.0
0,2,3,54,0.0,38.719658530060734,96.64602305884243,0.23529411764705882,0.0
0,2,3,55,0.0,17.47128205253083,40.89803452474223,0.00980392156862745,0.0
0,2,3,56,0.0,6.244228398820058,12.076283922984235,0.0,0.0
0,2,3,57,0.0,2.966509112232457,7.095600889714417,0.0,0.0
0,2,3,58,0.0,23.06926559183822,65.9175957375331,0.46078431372549017,0.0
0,2,3,59,0.0,4.380527810484428,19.24391347127118,0.0,0.0
0,2,4,0,0.0,17.60022631458756,62.44203378422706,0.0196078431372549,0.0
0,2,4,1,0.0,24.11916086088682,54.128670795756726,0.0196078431372549,0.0
0,2,4,2,0.0,23.594784889221522,67.77704170038938,0.47058823529411764,0.0
0,2,4,3,0.0,5.184114289625009,19.276843149430867,0.23529411764705882,0.0
0,2,4,4,0.0,18.90631177308913,37.824073587834164,0.00980392156862745,0.0
0,2,4,5,0.0,29.440264615829285,86.4510326250424,0.2549019607843137,0.0
0,2,4,6,0.0,37.364193309571945,104.21333275304579,0.39215686274509803,0.0
0,2,4,7,0.0,27.30645173368925,78.27841967672654,0.46078431372549017,0.0
0,2,4,8,0.0,15.160395693814596,48.66772602317373,0.23529411764705882,0.0
0,2,4,9,0.0,33.67814697936154,98.98539238429068,0.696078431372549,0.0
0,2,4,10,0.0,36.18460115291444,88.75241970002156,0.2647058823529412,0.0
0,2,4,11,0.0,14.121491394661502,35.76888100425823,0.0,0.0
0,2,4,12,0.0,13.616354499006674,40.69129648980863,0.23529411764705882,0.0
0,2,4,13,0.0,20.94716959334834,63.389337265279266,0.45098039215686275,0.0
0,2,4,14,0.0,63.67066267098258,147.89436302781934,0.5980392156862745,0.0
0,2,4,15,0.0,12.478657673835567,35.22619011914448,0.23529411764705882,0.0
0,2,4,16,0.0,16.10701322298645,50.29213712956127,0.0196078431372549,0.0
0,2,4,17,0.0,30.98930042067666,103.19677361942348,0.24509803921568626,0.0
0,2,4,18,0.0,13.153962267102782,32.42057716812833,0.0,0.0
0,2,4,19,0.0,22.435869817998295,54.767944033262,0.23529411764705882,0.0
0,2,4,20,0.0,24.62965315879704,71.92554281754228,0.22549019607843138,0.0
0,2,4,21,0.0,34.80160997486046,70.84308519026156,0.23529411764705882,0.0
0,2,4,22,0.0,0.24555779374848785,1.7325759991689227,0.0,0.0
0,2,4,23,0.0,49.94739053861897,127.49176576526031,0.696078431372549,0.0
0,2,4,24,0.0,20.320274413721616,40.705037986418645,0.0196078431372549,0.0
0,2,4,25,0.0,11.381321041890208,33.200455266659844,0.22549019607843138,0.0
0,2,4,26,0.0,14.588038544426318,52.067708876361586,0.24509803921568626,0.0
0,2,4,27,0.0,12.57968923700362,27.276044195831936,0.23529411764705882,0.0
0,2,4,28,0.0,35.01311312970511,83.55313337342531,0.22549019607843138,0.0
0,2,4,29,0.0,6.331918320578293,12.65296928969719,0.0,0.0
0,2,4,30,0.0,31.552819975847118,70.6656950495382,0.22549019607843138,0.0
0,2,4,31,0.0,28.796353008545196,60.47367729491183,0.23529411764705882,0.0
0,2,4,32,0.0,16.0680816861978,34.89363676464473,0.00980392156862745,0.0
0,2,4,33,0.0,4.6185380941689855,10.241861903791147,0.00980392156862745,0.0
0,2,4,34,0.0,16.80611726269615,42.93063620471804,0.00980392156862745,0.0
0,2,4,35,0.0,26.837228233955216,69.92141378727241,0.24509803921568626,0.0
0,2,4,36,0.0,76.73321362801228,210.69286281628453,0.47058823529411764,0.3333333333333333
0,2,4,37,0.0,17.208221975817235,59.53387621930755,0.0392156862745098,0.0
0,2,4,38,0.0,17.26016868632527,29.070039430721714,0.0,0.0
0,2,4,39,0.0,48.7248936571587,96.09332778486359,0.0196078431372549,0.0
0,2,4,40,0.0,1.8655251298230149,9.165792147659378,0.0,0.0
0,2,4,41,0.0,20.066603599486974,49.02972124600433,0.00980392156862745,0.0
0,2,4,42,0.0,6.211192598495904,17.843940608000576,0.0,0.0
0,2,4,43,0.0,21.790867753839624,42.37940170989513,0.0,0.0
0,2,4,44,0.0,53.55138222701804,133.54231485774466,0.45098039215686275,0.0
0,2,4,45,0.0,29.441506251842704,102.53062554813134,0.696078431372549,0.0
0,2,4,46,0.0,24.79675225427173,66.55462555374503,0.45098039215686275,0.0196078431372549
0,2,4,47,0.0,34.437518126244235,104.9866879614727,0.49019607843137253,0.0
0,2,4,48,0.0,8.694763187642566,31.24462854473584,0.0196078431372549,0.0
0,2,4,49,0.0,14.101303364211287,38.31722231004135,0.0,0.0
0,2,4,50,0.0,32.82801287123228,84.80216917863683,0.696078431372549,0.0
0,2,4,51,0.0,4.660722651410862,21.608200810114084,0.23529411764705882,0.0
0,2,4,52,0.0,11.8291272397277,29.44084133798277,0.00980392156862745,0.0
0,2,4,53,0.0,10.858179533628388,28.23778909118735,0.00980392156862745,0.0
0,2,4,54,0.0,38.719658530060734,96.64602305884243,0.23529411764705882,0.0
0,2,4,55,0.0,17.47128205253083,40.898034524742236,0.00980392156862745,0.0
0,2,4,56,0.0,6.244228398820058,12.076283922984235,0.0,0.0
0,2,4,57,0.0,2.966509112232457,7.095600889714417,0.0,0.0
0,2,4,58,0.0,23.06926559183822,65.9175957375331,0.46078431372549017,0.0
0,2,4,59,0.0,4.380527810484428,19.24391347127118,0.0,0.0
0,3,0,0,0.0,196.69241891539951,602.474156321437,0.803921568627451,1.411764705882353
0,3,0,1,0.0,148.4697282307681,315.40305273695793,1.4215686274509804,0.058823529411764705
0,3,0,2,0.0,1164.1902670017678,2362.5610488436414,5.2745098039215685,1.3333333333333333
0,3,0,3,0.0,80.4909160628763,204.22086765704978,0.5588235294117647,0.0196078431372549
0,3,0,4,0.0,31.292578094361453,67.21286482070083,0.22549019607843138,0.0
0,3,0,5,0.0,76.48117155277514,215.27403338382035,0.37254901960784315,0.0
0,3,0,6,0.0,266.4478323222496,567.1143983476943,2.156862745098039,0.6666666666666666
0,3,0,7,0.0,70.07545383882805,179.1645658708083,0.8333333333333334,0.0
0,3,0,8,0.0,63.90982392548869,179.65449727211086,0.35294117647058826,0.0
0,3,0,9,0.0,237.62740991482798,540.4563603139641,1.7156862745098038,1.0392156862745099
0,3,0,10,0.0,112.82403397289721,282.6136398050926,1.4901960784313726,0.0196078431372549
0,3,0,11,0.0,131.45789583565272,310.8145035185467,1.5196078431372548,0.0196078431372549
0,3,0,12,0.0,68.77029062960585,185.29792735125505,0.3627450980392157,0.0
0,3,0,13,0.0,66.53078237673594,164.47799889082876,0.8725490196078431,0.0
0,3,0,14,0.0,239.70052428076121,498.5175622091414,1.696078431372549,0.6274509803921569
0,3,0,15,0.0,130.96578529330694,326.8839600719119,0.39215686274509803,0.6274509803921569
0,3,0,16,0.0,142.18556842202503,334.2950958524143,0.4117647058823529,0.43137254901960786
0,3,0,17,0.0,349.395828535973,1018.7870378923626,2.2941176470588234,2.019607843137255
0,3,0,18,0.0,145.68585005950882,286.5385095336531,1.3823529411764706,0.0392156862745098
0,3,0,19,0.0,105.23058218698559,249.80581354238305,1.4607843137254901,0.0196078431372549
0,3,0,20,0.0,169.54683245608234,398.1814372864061,2.1666666666666665,0.058823529411764705
0,3,0,21,0.0,127.0080338984413,242.09025316962646,1.1274509803921569,0.0392156862745098
0,3,0,22,0.0,110.32244043562301,256.64948207183016,0.18627450980392157,0.49019607843137253
0,3,0,23,0.0,1009.3240557395802,2008.5687583144208,4.4411764705882355,1.1372549019607843
0,3,0,24,0.0,102.09300020709537,239.96582593359366,1.3431372549019607,0.0392156862745098
0,3,0,25,0.0,105.7586505217116,271.6169194917815,1.088235294117647,0.1568627450980392
0,3,0,26,0.0,216.26070251869658,490.831065641867,1.6274509803921569,0.9019607843137255
0,3,0,27,0.0,59.37958576583048,202.67448746638237,0.5784313725490197,0.5686274509803921
0,3,0,28,0.0,244.26041368709778,556.3737885938253,2.5098039215686274,0.17647058823529413
0,3,0,29,0.0,34.646948235694765,87.70163254680207,0.049019607843137254,0.0196078431372549
0,3,0,30,0.0,236.6395857490739,490.07306009020226,1.4215686274509804,0.6666666666666666
0,3,0,31,0.0,96.10285001071244,217.20351807249975,1.2352941176470589,0.0196078431372549
0,3,0,32,0.0,138.01920041917077,326.5626486332574,1.5,0.058823529411764705
0,3,0,33,0.0,27.55220761747531,65.53591471047169,0.00980392156862745,0.0
0,3,0,34,0.0,199.55000541286998,426.5897586509024,2.2058823529411766,0.13725490196078433
0,3,0,35,0.0,183.16030005989953,526.0357031145834,1.7549019607843137,1.0588235294117647
0,3,0,36,0.0,170.78064428840156,420.71282634011834,1.607843137254902,0.6078431372549019
0,3,0,37,0.0,43.09366292785505,184.20948635192474,0.06862745098039216,0.5686274509803921
0,3,0,38,0.0,168.94056741616328,347.0954260999582,1.4509803921568627,0.058823529411764705
0,3,0,39,0.0,124.7814474354198,241.0383429519426,1.1372549019607843,0.0392156862745098
0,3,0,40,0.0,39.819696875542775,167.6150844365025,0.28431372549019607,0.5686274509803921
0,3,0,41,0.0,40.03029688866257,110.64623075871656,0.4803921568627451,0.0
0,3,0,42,0.0,151.46050761839928,510.86732281258264,0.6372549019607843,1.3333333333333333
0,3,0,43,0.0,254.00739451219988,525.0639367639774,1.6372549019607843,0.6666666666666666
0,3,0,44,0.0,211.11042836148712,448.2143380539585,2.3823529411764706,0.09803921568627451
0,3,0,45,0.0,70.10686840816928,196.95698762933046,1.088235294117647,0.0
0,3,0,46,0.0,85.3189212498785,215.71920310479646,0.8235294117647058,0.0196078431372549
0,3,0,47,0.0,84.84728696305663,307.0546012361306,0.5588235294117647,0.6666666666666666
0,3,0,48,0.0,101.36716012333838,329.1999237986295,0.6764705882352942,0.9607843137254902
0,3,0,49,0.0,146.68659905012052,491.27380174740114,0.6078431372549019,1.2549019607843137
0,3,0,50,0.0,153.55127970293668,353.3771579137607,1.5196078431372548,0.13725490196078433
0,3,0,51,0.0,73.80698771065005,276.0374118450631,0.30392156862745096,0.6666666666666666
0,3,0,52,0.0,162.96837861664963,422.4140281600558,0.4117647058823529,0.7843137254901961
0,3,0,53,0.0,55.275047473019,121.72550650708868,0.24509803921568626,0.0
0,3,0,54,0.0,329.1697188679048,720.9055680288899,1.8627450980392157,0.8627450980392157
0,3,0,55,0.0,41.6396075906079,116.66498641488971,0.24509803921568626,0.0196078431372549
0,3,0,56,0.0,55.831247828341915,130.89062181809766,0.22549019607843138,0.0196078431372549
0,3,0,57,0.0,19.092927718308644,40.752379699343344,0.0,0.0
0,3,0,58,0.0,155.72560733579223,309.7739486575912,1.6764705882352942,0.09803921568627451
0,3,0,59,0.0,63.533811209972306,159.89862039469222,0.4019607843137255,0.0
0,3,1,0,0.0,31.521150483274276,95.60739543911947,0.0392156862745098,0.0
0,3,1,1,0.0,56.6276273437178,116.24495422043019,0.0392156862745098,0.0
0,3,1,2,0.0,111.64321871996373,244.18823129830963,1.6764705882352942,0.0784313725490196
0,3,1,3,0.0,14.164201822620939,38.13344424733616,0.23529411764705882,0.0
0,3,1,4,0.0,19.99232801908883,40.23237426437192,0.00980392156862745,0.0
0,3,1,5,0.0,31.8277692288529,91.88812296691354,0.2549019607843137,0.0
0,3,1,6,0.0,63.93972851355516,170.03095570710707,0.4803921568627451,0.0
0,3,1,7,0.0,28.604431600749464,86.43085413122644,0.46078431372549017,0.0
0,3,1,8,0.0,19.646466979310166,57.95923934500187,0.23529411764705882,0.0
0,3,1,9,0.0,46.44066800040593,130.55021410434378,0.7352941176470589,0.0
0,3,1,10,0.0,58.28100120328531,149.11419889549944,0.6274509803921569,0.0
0,3,1,11,0.0,37.6776579528698,97.78483035806794,0.27450980392156865,0.0
0,3,1,12,0.0,17.57684057333015,48.37432361892576,0.23529411764705882,0.0
0,3,1,13,0.0,30.840896707406827,90.01630149057316,0.45098039215686275,0.0
0,3,1,14,0.0,90.71608776707427,203.76432384405962,0.8725490196078431,0.0
0,3,1,15,0.0,13.158390564649224,38.86458948039238,0.23529411764705882,0.0
0,3,1,16,0.0,16.893274592282275,54.24364912633166,0.16666666666666666,0.0
0,3,1,17,0.0,40.95626456516068,133.21358407631274,0.24509803921568626,0.0
0,3,1,18,0.0,40.36521036064176,89.8144468736387,0.23529411764705882,0.0
0,3,1,19,0.0,37.9649849727256,93.20452179994743,0.47058823529411764,0.0
0,3,1,20,0.0,61.59196895343409,168.30152712310723,0.7058823529411765,0.0
0,3,1,21,0.0,63.830485714197344,121.06956713322111,0.38235294117647056,0.0
0,3,1,22,0.0,7.353201145345607,19.519665177152284,0.0,0.0
0,3,1,23,0.0,195.86805933869505,394.4785848337906,2.1176470588235294,0.35294117647058826
0,3,1,24,0.0,42.04461619140571,101.8777638117536,0.5294117647058824,0.0
0,3,1,25,0.0,20.871668537093,62.28832245260176,0.23529411764705882,0.0
0,3,1,26,0.0,32.95629382227021,91.01132270906555,0.5490196078431373,0.0
0,3,1,27,0.0,18.25193505096758,42.992482618326534,0.23529411764705882,0.0
0,3,1,28,0.0,70.7099947050153,160.88545145524841,0.47058823529411764,0.0
0,3,1,29,0.0,7.402116930368479,17.62432622387455,0.0,0.0
0,3,1,30,0.0,69.21218775395987,146.74967607275184,0.39215686274509803,0.0
0,3,1,31,0.0,43.282719476916895,99.78802268931413,0.3431372549019608,0.0
0,3,1,32,0.0,30.18238514849368,71.13746149573592,0.24509803921568626,0.0
0,3,1,33,0.0,7.60661332921199,18.399065009414194,0.00980392156862745,0.0
0,3,1,34,0.0,38.09161225492932,99.99447491800787,0.0392156862745098,0.0
0,3,1,35,0.0,52.44100413196453,142.14182458432066,0.6176470588235294,0.0
0,3,1,36,0.0,87.40820945904696,241.88026588778925,0.5,0.35294117647058826
0,3,1,37,0.0,17.6294479776587,62.69979331001162,0.0392156862745098,0.0
0,3,1,38,0.0,32.69660089607553,67.66064060588813,0.22549019607843138,0.0
0,3,1,39,0.0,71.21061875020533,141.17628386642934,0.5784313725490197,0.0
0,3,1,40,0.0,7.71791438994584,27.463747139241235,0.00980392156862745,0.0
0,3,1,41,0.0,23.333436709040097,60.9574884559592,0.00980392156862745,0.0
0,3,1,42,0.0,12.655292265248713,36.13047719620078,0.00980392156862745,0.0
0,3,1,43,0.0,55.547186117927566,131.36768327984151,0.00980392156862745,0.0
0,3,1,44,0.0,68.69758400868352,169.48695636064426,0.46078431372549017,0.0
0,3,1,45,0.0,33.66550011844779,113.16107267010649,0.696078431372549,0.0
0,3,1,46,0.0,35.487448772659405,90.18825664369012,0.45098039215686275,0.0196078431372549
0,3,1,47,0.0,34.57733126186432,105.4483796560505,0.49019607843137253,0.0
0,3,1,48,0.0,16.951355860298946,57.111160135061546,0.0196078431372549,0.0
0,3,1,49,0.0,18.44293266344813,50.86435481662939,0.0,0.0
0,3,1,50,0.0,48.02053666733868,114.13739980262183,0.7352941176470589,0.0
0,3,1,51,0.0,12.0998936574669,37.3050868584007,0.23529411764705882,0.0
0,3,1,52,0.0,13.20391765741087,36.74781727622478,0.00980392156862745,0.0
0,3,1,53,0.0,11.364849692012479,29.652323583824458,0.00980392156862745,0.0
0,3,1,54,0.0,64.35211233957716,152.70552049702795,0.4019607843137255,0.0
0,3,1,55,0.0,20.113308651065804,52.24840848762891,0.0196078431372549,0.0
0,3,1,56,0.0,10.644191968600397,31.201833457738264,0.0,0.0
0,3,1,57,0.0,5.467533345406221,13.08128554909846,0.0,0.0
0,3,1,58,0.0,40.91739311695955,98.84669362953866,0.49019607843137253,0.0
0,3,1,59,0.0,9.321937327802505,32.25280713114165,0.0,0.0
0,3,2,0,0.0,21.564825894839956,70.23895278722205,0.0196078431372549,0.0
0,3,2,1,0.0,39.94581694045161,80.57098823370318,0.0196078431372549,0.0
0,3,2,2,0.0,49.9350733376562,121.85190423204534,0.7843137254901961,0.0
0,3,2,3,0.0,6.243010700937267,21.47602830179903,0.23529411764705882,0.0
0,3,2,4,0.0,18.906311773089126,37.824073587834164,0.00980392156862745,0.0
0,3,2,5,0.0,30.37568645422813,88.29460037729693,0.2549019607843137,0.0
0,3,2,6,0.0,45.068740879256985,124.70037988290373,0.39215686274509803,0.0
0,3,2,7,0.0,27.863390849822185,81.77647827890208,0.46078431372549017,0.0
0,3,2,8,0.0,15.27198947094924,48.884209051033544,0.23529411764705882,0.0
0,3,2,9,0.0,37.654666236402434,108.6525654020822,0.696078431372549,0.0
0,3,2,10,0.0,42.56114953445706,108.0350069609235,0.27450980392156865,0.0
0,3,2,11,0.0,24.73734527508898,62.41479150797348,0.22549019607843138,0.0
0,3,2,12,0.0,13.616354499006675,40.69129648980863,0.23529411764705882,0.0
0,3,2,13,0.0,21.833801316374792,67.95964907208466,0.45098039215686275,0.0
0,3,2,14,0.0,73.44179533183657,165.628476925987,0.7647058823529411,0.0
0,3,2,15,0.0,12.478657673835567,35.22619011914448,0.23529411764705882,0.0
0,3,2,16,0.0,16.173345308127278,50.51491181600764,0.049019607843137254,0.0
0,3,2,17,0.0,31.122104207523627,103.98777410987333,0.24509803921568626,0.0
0,3,2,18,0.0,20.86723131240278,51.412534119580876,0.00980392156862745,0.0
0,3,2,19,0.0,28.61891734692504,67.46332411219922,0.23529411764705882,0.0
0,3,2,20,0.0,43.15874012965579,123.35970788614588,0.2549019607843137,0.0
0,3,2,21,0.0,42.65410458701995,84.77921429123465,0.23529411764705882,0.0
0,3,2,22,0.0,0.24555779374848785,1.7325759991689227,0.0,0.0
0,3,2,23,0.0,58.89950315546699,143.64074392930675,0.8235294117647058,0.0
0,3,2,24,0.0,32.06892306133467,72.33916810180854,0.2647058823529412,0.0
0,3,2,25,0.0,14.265912788598285,40.639250216337395,0.22549019607843138,0.0
0,3,2,26,0.0,22.86644343999337,70.0081839477909,0.2549019607843137,0.0
0,3,2,27,0.0,14.584761160508913,32.97311512973595,0.23529411764705882,0.0
0,3,2,28,0.0,48.00517366114697,114.06169585349915,0.3137254901960784,0.0
0,3,2,29,0.0,6.364479357180311,12.720196793668073,0.0,0.0
0,3,2,30,0.0,42.58136807777369,92.16924011882358,0.24509803921568626,0.0
0,3,2,31,0.0,31.31084962792622,66.21541104158536,0.23529411764705882,0.0
0,3,2,32,0.0,20.197465679391097,43.75785233798383,0.00980392156862745,0.0
0,3,2,33,0.0,6.448760249723903,15.3664999563462,0.00980392156862745,0.0
0,3,2,34,0.0,24.489425571461393,64.17838923141399,0.00980392156862745,0.0
0,3,2,35,0.0,41.683879054040645,113.80850679062623,0.3235294117647059,0.0
0,3,2,36,0.0,79.53467083347276,218.7245427487271,0.47058823529411764,0.35294117647058826
0,3,2,37,0.0,17.21253009498767,59.54810251379282,0.0392156862745098,0.0
0,3,2,38,0.0,25.777530005110922,51.93401237973285,0.23529411764705882,0.0
0,3,2,39,0.0,57.84301449874127,116.16283071350375,0.16666666666666666,0.0
0,3,2,40,0.0,3.3478316874970164,12.771903120807725,0.0,0.0
0,3,2,41,0.0,20.284362785683335,49.965233476862686,0.00980392156862745,0.0
0,3,2,42,0.0,10.140031328855102,29.05961558838393,0.0,0.0
0,3,2,43,0.0,24.928962873274724,52.900412586640876,0.0,0.0
0,3,2,44,0.0,56.59114608592691,140.87449905602412,0.45098039215686275,0.0
0,3,2,45,0.0,29.443464090830805,102.53512006343891,0.696078431372549,0.0
0,3,2,46,0.0,28.846170709843037,75.85067765307072,0.45098039215686275,0.0196078431372549
0,3,2,47,0.0,34.476667613078426,105.11596760918366,0.49019607843137253,0.0
0,3,2,48,0.0,9.880322209055787,36.049749104718956,0.0196078431372549,0.0
0,3,2,49,0.0,16.849100142059843,46.14161286444076,0.0,0.0
0,3,2,50,0.0,39.58666348341454,96.11855216043237,0.696078431372549,0.0
0,3,2,51,0.0,8.263148915960826,28.596620464110536,0.23529411764705882,0.0
0,3,2,52,0.0,12.243087040714476,30.707579818686757,0.00980392156862745,0.0
0,3,2,53,0.0,10.858179533628375,28.23778909118735,0.00980392156862745,0.0
0,3,2,54,0.0,41.372260586574704,101.96531484244599,0.23529411764705882,0.0
0,3,2,55,0.0,19.01043809643419,47.51038153715593,0.00980392156862745,0.0
0,3,2,56,0.0,6.532039446671395,13.33044621431099,0.0,0.0
0,3,2,57,0.0,3.453060645880986,8.446613790657603,0.0,0.0
0,3,2,58,0.0,27.062821913333657,73.69176959041101,0.46078431372549017,0.0
0,3,2,59,0.0,5.156358652491161,21.39817135355723,0.0,0.0
0,3,3,0,0.0,17.71391081482672,62.871872759440656,0.0196078431372549,0.0
0,3,3,1,0.0,27.868240429867335,61.211678568603936,0.0196078431372549,0.0
0,3,3,2,0.0,29.67939085376273,80.20328334362301,0.4803921568627451,0.0
0,3,3,3,0.0,5.184114289625009,19.276843149430867,0.23529411764705882,0.0
0,3,3,4,0.0,18.906311773089122,37.82407358783416,0.00980392156862745,0.0
0,3,3,5,0.0,30.351452983950864,88.2205949586318,0.2549019607843137,0.0
0,3,3,6,0.0,37.496671595886426,104.6939178055843,0.39215686274509803,0.0
0,3,3,7,0.0,27.30645173368925,78.27841967672654,0.46078431372549017,0.0
0,3,3,8,0.0,15.160395693814596,48.66772602317373,0.23529411764705882,0.0
0,3,3,9,0.0,34.603665226526864,101.06867841865403,0.696078431372549,0.0
0,3,3,10,0.0,36.711166449913655,89.80685091385625,0.2647058823529412,0.0
0,3,3,11,0.0,17.45692733938086,43.575390004196585,0.23529411764705882,0.0
0,3,3,12,0.0,13.616354499006674,40.69129648980863,0.23529411764705882,0.0
0,3,3,13,0.0,20.95495659350008,63.41299750423792,0.45098039215686275,0.0
0,3,3,14,0.0,70.94860648837165,159.73928074182385,0.7647058823529411,0.0
0,3,3,15,0.0,12.478657673835567,35.22619011914448,0.23529411764705882,0.0
0,3,3,16,0.0,16.172567188388303,50.51278439532262,0.0196078431372549,0.0
0,3,3,17,0.0,31.063643983176444,103.64757147340077,0.24509803921568626,0.0
0,3,3,18,0.0,13.16182460481806,32.43323563597461,0.0,0.0
0,3,3,19,0.0,22.435869817998295,54.76794403326198,0.23529411764705882,0.0
0,3,3,20,0.0,31.746638583662147,94.38477296397117,0.22549019607843138,0.0
0,3,3,21,0.0,35.60852933495759,72.33500175872389,0.23529411764705882,0.0
0,3,3,22,0.0,0.24555779374848785,1.7325759991689227,0.0,0.0
0,3,3,23,0.0,50.759076979025075,128.65303803637548,0.696078431372549,0.0
0,3,3,24,0.0,23.195452033619286,47.63892356647247,0.0196078431372549,0.0
0,3,3,25,0.0,11.381321041890208,33.200455266659844,0.22549019607843138,0.0
0,3,3,26,0.0,18.28292328906503,60.17082647649158,0.24509803921568626,0.0
0,3,3,27,0.0,12.57968923700362,27.276044195831943,0.23529411764705882,0.0
0,3,3,28,0.0,38.57286876693168,92.68138711037265,0.22549019607843138,0.0
0,3,3,29,0.0,6.364479357180344,12.720196793668125,0.0,0.0
0,3,3,30,0.0,31.908083053266804,71.29764152285011,0.22549019607843138,0.0
0,3,3,31,0.0,28.83194821277351,60.55970116410839,0.23529411764705882,0.0
0,3,3,32,0.0,16.0680816861978,34.89363676464473,0.00980392156862745,0.0
0,3,3,33,0.0,4.6185380941689855,10.241861903791149,0.00980392156862745,0.0
0,3,3,34,0.0,16.80611726269615,42.93063620471805,0.00980392156862745,0.0
0,3,3,35,0.0,31.62858552217085,84.90399395037282,0.29411764705882354,0.0
0,3,3,36,0.0,77.05387073058165,211.824846973641,0.47058823529411764,0.35294117647058826
0,3,3,37,0.0,17.208221975817235,59.53387621930755,0.0392156862745098,0.0
0,3,3,38,0.0,20.91555327349282,38.77512122365063,0.0,0.0
0,3,3,39,0.0,49.78744312425719,98.2800871860842,0.0392156862745098,0.0
0,3,3,40,0.0,1.865525129823016,9.165792147659387,0.0,0.0
0,3,3,41,0.0,20.066603599486974,49.02972124600433,0.00980392156862745,0.0
0,3,3,42,0.0,8.408145753450535,24.088438729330125,0.0,0.0
0,3,3,43,0.0,21.799489603013324,42.397380625849486,0.0,0.0
0,3,3,44,0.0,53.795108545137126,134.16730036261941,0.45098039215686275,0.0
0,3,3,45,0.0,29.44150625184271,102.53062554813135,0.696078431372549,0.0
0,3,3,46,0.0,24.79675225427173,66.55462555374503,0.45098039215686275,0.0196078431372549
0,3,3,47,0.0,34.437518126244235,104.9866879614727,0.49019607843137253,0.0
0,3,3,48,0.0,8.694763187642566,31.24462854473584,0.0196078431372549,0.0
0,3,3,49,0.0,14.666512408677153,39.92778399692918,0.0,0.0
0,3,3,50,0.0,33.05619642625643,85.14346097997468,0.696078431372549,0.0
0,3,3,51,0.0,4.660722651410862,21.608200810114084,0.23529411764705882,0.0
0,3,3,52,0.0,12.146285802534551,30.328620799544094,0.00980392156862745,0.0
0,3,3,53,0.0,10.858179533628375,28.23778909118735,0.00980392156862745,0.0
0,3,3,54,0.0,39.24149868707438,97.39011291198663,0.23529411764705882,0.0
0,3,3,55,0.0,17.47128205253083,40.898034524742236,0.00980392156862745,0.0
0,3,3,56,0.0,6.244228398820058,12.076283922984235,0.0,0.0
0,3,3,57,0.0,2.966509112232457,7.095600889714417,0.0,0.0
0,3,3,58,0.0,23.077088085107288,65.93018525499714,0.46078431372549017,0.0
0,3,3,59,0.0,4.380527810484428,19.24391347127118,0.0,0.0
0,3,4,0,0.0,17.71391081482672,62.87187275944065,0.0196078431372549,0.0
0,3,4,1,0.0,24.16211960928307,54.30883923484876,0.0196078431372549,0.0
0,3,4,2,0.0,23.627776866630036,67.82563224616536,0.47058823529411764,0.0
0,3,4,3,0.0,5.184114289625009,19.276843149430867,0.23529411764705882,0.0
0,3,4,4,0.0,18.90631177308913,37.824073587834164,0.00980392156862745,0.0
0,3,4,5,0.0,30.351452983950864,88.2205949586318,0.2549019607843137,0.0
0,3,4,6,0.0,37.419312210118704,104.37844614160537,0.39215686274509803,0.0
0,3,4,7,0.0,27.30645173368925,78.27841967672654,0.46078431372549017,0.0
0,3,4,8,0.0,15.160395693814596,48.66772602317373,0.23529411764705882,0.0
0,3,4,9,0.0,34.603665226526864,101.06867841865403,0.696078431372549,0.0
0,3,4,10,0.0,36.663972143570305,89.71536775145196,0.2647058823529412,0.0
0,3,4,11,0.0,15.06774434688001,37.8833911364615,0.0,0.0
0,3,4,12,0.0,13.616354499006674,40.69129648980863,0.23529411764705882,0.0
0,3,4,13,0.0,20.95495659350008,63.41299750423792,0.45098039215686275,0.0
0,3,4,14,0.0,70.12501432891172,158.3163924196431,0.7647058823529411,0.0
0,3,4,15,0.0,12.478657673835567,35.22619011914448,0.23529411764705882,0.0
0,3,4,16,0.0,16.1725671883883,50.51278439532261,0.0196078431372549,0.0
0,3,4,17,0.0,31.063643983176483,103.64757147340086,0.24509803921568626,0.0
0,3,4,18,0.0,13.16182460481806,32.43323563597461,0.0,0.0
0,3,4,19,0.0,22.435869817998295,54.767944033262,0.23529411764705882,0.0
0,3,4,20,0.0,24.62965315879704,71.92554281754228,0.22549019607843138,0.0
0,3,4,21,0.0,34.809125837409745,70.85514410281128,0.23529411764705882,0.0
0,3,4,22,0.0,0.24555779374848785,1.7325759991689227,0.0,0.0
0,3,4,23,0.0,49.98999322392483,127.54982013196998,0.696078431372549,0.0
0,3,4,24,0.0,20.36604768238512,40.78176952881731,0.0196078431372549,0.0
0,3,4,25,0.0,11.381321041890208,33.200455266659844,0.22549019607843138,0.0
0,3,4,26,0.0,15.3633418355274,53.92036207035714,0.24509803921568626,0.0
0,3,4,27,0.0,12.57968923700362,27.276044195831936,0.23529411764705882,0.0
0,3,4,28,0.0,35.01311312970511,83.55313337342531,0.22549019607843138,0.0
0,3,4,29,0.0,6.3644793571803095,12.720196793668066,0.0,0.0
0,3,4,30,0.0,31.552819975847097,70.6656950495382,0.22549019607843138,0.0
0,3,4,31,0.0,28.80639285102,60.497940847110186,0.23529411764705882,0.0
0,3,4,32,0.0,16.0680816861978,34.89363676464473,0.00980392156862745,0.0
0,3,4,33,0.0,4.6185380941689855,10.241861903791147,0.00980392156862745,0.0
0,3,4,34,0.0,16.80611726269615,42.93063620471804,0.00980392156862745,0.0
0,3,4,35,0.0,27.818820870735436,72.02773936314755,0.29411764705882354,0.0
0,3,4,36,0.0,77.00234431352096,211.4612933182679,0.47058823529411764,0.35294117647058826
0,3,4,37,0.0,17.208221975817235,59.53387621930755,0.0392156862745098,0.0
0,3,4,38,0.0,17.26768454887455,29.08209834327143,0.0,0.0
0,3,4,39,0.0,49.18460902068886,96.84275478301852,0.029411764705882353,0.0
0,3,4,40,0.0,1.8655251298230149,9.165792147659378,0.0,0.0
0,3,4,41,0.0,20.066603599486974,49.02972124600433,0.00980392156862745,0.0
0,3,4,42,0.0,6.211192598495904,17.843940608000572,0.0,0.0
0,3,4,43,0.0,21.798383616388897,42.39146062244484,0.0,0.0
0,3,4,44,0.0,53.795108545137126,134.16730036261941,0.45098039215686275,0.0
0,3,4,45,0.0,29.441506251842704,102.53062554813137,0.696078431372549,0.0
0,3,4,46,0.0,24.79675225427173,66.55462555374503,0.45098039215686275,0.0196078431372549
0,3,4,47,0.0,34.437518126244235,104.9866879614727,0.49019607843137253,0.0
0,3,4,48,0.0,8.694763187642566,31.24462854473584,0.0196078431372549,0.0
0,3,4,49,0.0,14.101303364211287,38.31722231004135,0.0,0.0
0,3,4,50,0.0,33.049226308489544,85.13282864963324,0.696078431372549,0.0
0,3,4,51,0.0,4.660722651410862,21.608200810114084,0.23529411764705882,0.0
0,3,4,52,0.0,12.146285802534551,30.328620799544094,0.00980392156862745,0.0
0,3,4,53,0.0,10.858179533628388,28.23778909118735,0.00980392156862745,0.0
0,3,4,54,0.0,39.23348130953904,97.37547176029307,0.23529411764705882,0.0
0,3,4,55,0.0,17.47128205253083,40.89803452474223,0.00980392156862745,0.0
0,3,4,56,0.0,6.244228398820058,12.076283922984235,0.0,0.0
0,3,4,57,0.0,2.966509112232457,7.095600889714417,0.0,0.0
0,3,4,58,0.0,23.077088085107285,65.93018525499714,0.46078431372549017,0.0
0,3,4,59,0.0,4.380527810484428,19.24391347127118,0.0,0.0
0,4,0,0,0.0,281.1089671492977,860.1595215318373,1.107843137254902,1.7450980392156863
0,4,0,1,0.0,223.21671974214217,463.6414295356084,1.7941176470588236,0.21568627450980393
0,4,0,2,6.0,3056.7828042010487,6760.369160761218,7.313725490196078,5.117647058823529
0,4,0,3,0.0,94.86534691662858,243.91496624789428,0.6470588235294118,0.11764705882352941
0,4,0,4,0.0,35.89381676997683,77.50141160173446,0.23529411764705882,0.0
0,4,0,5,0.0,88.61222693228788,254.9961036961227,0.4411764705882353,0.0
0,4,0,6,0.0,425.24094825866484,891.848869696017,2.7941176470588234,0.9215686274509803
0,4,0,7,0.0,76.41031898737086,196.79932161362535,0.8627450980392157,0.0
0,4,0,8,0.0,72.93506383488972,209.60446052068448,0.39215686274509803,0.09803921568627451
0,4,0,9,0.0,328.61495647932077,726.6763778965233,2.196078431372549,1.2352941176470589
0,4,0,10,0.0,149.8463810723973,368.16826826457765,1.7156862745098038,0.1568627450980392
0,4,0,11,0.0,191.52825170171604,449.9118452890842,1.9313725490196079,0.39215686274509803
0,4,0,12,0.0,79.4805620132584,219.4246305786457,0.4215686274509804,0.0
0,4,0,13,0.0,75.15988839873366,184.07950860263583,0.9019607843137255,0.0
0,4,0,14,0.0,386.39382303613974,787.2211312509726,2.2254901960784315,0.9411764705882353
0,4,0,15,0.0,146.2826821714521,363.2466612310765,0.49019607843137253,0.7450980392156863
0,4,0,16,0.0,158.56765105096923,375.9350940725543,0.5098039215686274,0.47058823529411764
0,4,0,17,0.0,556.869877948605,1593.5384404232823,2.8823529411764706,2.5294117647058822
0,4,0,18,0.0,239.39975405692923,464.10493197370243,1.7156862745098038,0.23529411764705882
0,4,0,19,0.0,140.09991191832233,321.6256263886984,1.7352941176470589,0.13725490196078433
0,4,0,20,0.0,234.35377059469576,534.189841076067,2.7549019607843137,0.27450980392156865
0,4,0,21,0.0,203.70532723191565,386.0309679694687,1.4313725490196079,0.21568627450980393
0,4,0,22,0.0,122.44542057873872,289.24440616871044,0.19607843137254902,0.5294117647058824
0,4,0,23,5.0,2570.7024048877515,5575.5257307743805,6.372549019607843,4.176470588235294
0,4,0,24,0.0,141.2709247712555,314.73633566052683,1.5686274509803921,0.1568627450980392
0,4,0,25,0.0,122.7907868598129,322.70740473732695,1.2549019607843137,0.37254901960784315
0,4,0,26,0.0,322.15450327292024,707.6682202036002,2.0980392156862746,1.1568627450980393
0,4,0,27,0.0,68.09325548764534,228.93658733245053,0.6764705882352942,0.6078431372549019
0,4,0,28,0.0,363.3724021276911,817.4649565488677,3.088235294117647,0.6078431372549019
0,4,0,29,0.0,41.583168453530654,102.95855416446707,0.08823529411764706,0.0196078431372549
0,4,0,30,0.0,340.65957821921546,700.2870660829027,1.8627450980392157,0.8823529411764706
0,4,0,31,0.0,133.83925425563592,291.61856922563175,1.5196078431372548,0.11764705882352941
0,4,0,32,0.0,199.84643649538222,473.25629317730574,1.9215686274509804,0.49019607843137253
0,4,0,33,0.0,31.804804099822668,75.18600831940032,0.00980392156862745,0.0
0,4,0,34,0.0,308.1744688789655,636.6851233233657,2.676470588235294,0.35294117647058826
0,4,0,35,0.0,247.23620408669822,682.8050936324979,2.1666666666666665,1.3137254901960784
0,4,0,36,0.0,200.73561831242523,502.2756312581101,1.7941176470588236,0.803921568627451
0,4,0,37,0.0,48.1154058997893,202.02541923476878,0.14705882352941177,0.6078431372549019
0,4,0,38,0.0,269.7963760902331,551.3241463223518,1.892156862745098,0.3137254901960784
0,4,0,39,0.0,201.05447029579034,383.3073193093827,1.4705882352941178,0.21568627450980393
0,4,0,40,0.0,46.02694195356993,187.84494627612955,0.35294117647058826,0.6078431372549019
0,4,0,41,0.0,43.577564068706685,120.27739675824915,0.4803921568627451,0.0
0,4,0,42,0.0,240.24955807713727,787.4721131368342,0.9607843137254902,1.9019607843137254
0,4,0,43,0.0,396.80153127429463,816.6811029217279,2.3333333333333335,0.9411764705882353
0,4,0,44,0.0,329.18239405043147,674.8725200250394,2.843137254901961,0.37254901960784315
0,4,0,45,0.0,73.79281624337112,207.05735436770547,1.1372549019607843,0.0
0,4,0,46,0.0,92.23922127354102,232.03795125833733,0.8823529411764706,0.0196078431372549
0,4,0,47,0.0,96.97504778409633,347.8794987696816,0.6274509803921569,0.7647058823529411
0,4,0,48,0.0,125.84608472715686,404.34404364212594,0.803921568627451,1.0392156862745099
0,4,0,49,0.0,208.82278580839824,684.809183834862,0.9117647058823529,1.7254901960784315
0,4,0,50,0.0,224.7034894902996,522.3524452783809,1.9215686274509804,0.5686274509803921
0,4,0,51,0.0,83.18595137985513,308.6066596302102,0.39215686274509803,0.7058823529411765
0,4,0,52,0.0,199.24037465670617,535.1023985933095,0.5784313725490197,1.1372549019607843
0,4,0,53,0.0,64.54550574373668,144.53566468838306,0.24509803921568626,0.0
0,4,0,54,0.0,540.8271306096085,1225.673190025402,2.5,1.5098039215686274
0,4,0,55,0.0,45.65250398138433,128.15443912335041,0.24509803921568626,0.0196078431372549
0,4,0,56,0.0,60.42212329807649,141.77384514635517,0.23529411764705882,0.0196078431372549
0,4,0,57,0.0,21.69440160048194,46.15508239435896,0.0,0.0
0,4,0,58,0.0,258.6905611687295,505.1905463561732,2.0784313725490198,0.27450980392156865
0,4,0,59,0.0,90.42605858396223,237.64663414792804,0.5686274509803921,0.21568627450980393
0,4,1,0,0.0,35.0464354070818,105.96525871131654,0.14705882352941177,0.0
0,4,1,1,0.0,63.286566614528056,128.81570004361592,0.19607843137254902,0.0
0,4,1,2,0.0,244.7850206677117,494.7466713880809,2.5588235294117645,0.3333333333333333
0,4,1,3,0.0,14.182553502143898,38.15667706614744,0.23529411764705882,0.0
0,4,1,4,0.0,20.056133817398198,40.453947243271735,0.00980392156862745,0.0
0,4,1,5,0.0,33.491215776589144,95.86301545709617,0.2549019607843137,0.0
0,4,1,6,0.0,70.99438719238968,185.77464634428463,0.5490196078431373,0.0
0,4,1,7,0.0,29.49256703498783,88.29163033202697,0.46078431372549017,0.0
0,4,1,8,0.0,19.646466979310166,57.959239345001876,0.23529411764705882,0.0
0,4,1,9,0.0,52.479772449644,143.01024886169316,0.9019607843137255,0.0
0,4,1,10,0.0,69.84277282362771,171.97359937277076,0.8235294117647058,0.0
0,4,1,11,0.0,41.5693410837823,105.7315045214205,0.35294117647058826,0.0
0,4,1,12,0.0,17.57684057333015,48.37432361892576,0.23529411764705882,0.0
0,4,1,13,0.0,32.2553752459969,94.33455526344756,0.45098039215686275,0.0
0,4,1,14,0.0,144.74616808836927,303.3789863140306,1.2647058823529411,0.13725490196078433
0,4,1,15,0.0,13.158390564649224,38.86458948039238,0.23529411764705882,0.0
0,4,1,16,0.0,17.914077246350494,57.10483505816478,0.20588235294117646,0.0
0,4,1,17,0.0,58.350945045064634,194.84818847622668,0.45098039215686275,0.11764705882352941
0,4,1,18,0.0,49.44563722569816,104.69512788772688,0.3627450980392157,0.0
0,4,1,19,0.0,47.18674341242644,111.97163369636509,0.6078431372549019,0.0
0,4,1,20,0.0,66.68961057544925,178.63535525620503,0.7450980392156863,0.0
0,4,1,21,0.0,81.56188754808343,152.36830312391507,0.6666666666666666,0.0
0,4,1,22,0.0,7.37290027093658,19.62510848721713,0.0,0.0
0,4,1,23,0.0,421.8964217684156,825.6536390225231,2.7941176470588234,0.49019607843137253
0,4,1,24,0.0,50.54267509826897,118.41465716354844,0.6764705882352942,0.0
0,4,1,25,0.0,21.123897726567517,62.81249692439888,0.23529411764705882,0.0
0,4,1,26,0.0,41.55942509928495,106.74722683781941,0.6568627450980392,0.0
0,4,1,27,0.0,18.362119099537495,43.22392497230884,0.23529411764705882,0.0
0,4,1,28,0.0,77.38302057473017,174.3361946813439,0.5,0.0
0,4,1,29,0.0,7.760094821252886,18.34959715957732,0.0,0.0
0,4,1,30,0.0,102.78267500923327,208.32346923052546,0.7647058823529411,0.058823529411764705
0,4,1,31,0.0,53.898753040451,120.29747992251676,0.5686274509803921,0.0
0,4,1,32,0.0,39.18647937962979,88.35693871329644,0.4019607843137255,0.0
0,4,1,33,0.0,7.60661332921199,18.399065009414194,0.00980392156862745,0.0
0,4,1,34,0.0,43.99034306400263,110.90084002555996,0.1568627450980392,0.0
0,4,1,35,0.0,58.62569318955088,159.72760710203647,0.8137254901960784,0.0
0,4,1,36,0.0,96.67637590296765,265.9074147530924,0.5490196078431373,0.35294117647058826
0,4,1,37,0.0,17.726489549492666,63.02024451472718,0.0392156862745098,0.0
0,4,1,38,0.0,35.33315736908845,71.67088251545628,0.28431372549019607,0.0
0,4,1,39,0.0,85.87689102524799,166.58551329931805,0.8529411764705882,0.0
0,4,1,40,0.0,7.71791438994584,27.463747139241228,0.00980392156862745,0.0
0,4,1,41,0.0,23.3334367090401,60.9574884559592,0.00980392156862745,0.0
0,4,1,42,0.0,12.93691419667546,37.1712634100787,0.00980392156862745,0.0
0,4,1,43,0.0,64.32872182647613,150.52072645123837,0.10784313725490197,0.0
0,4,1,44,0.0,71.25139094060452,176.13814356105672,0.46078431372549017,0.0
0,4,1,45,0.0,34.55943407158513,116.37379796470087,0.696078431372549,0.0
0,4,1,46,0.0,35.61525178704512,90.81775814684035,0.45098039215686275,0.0196078431372549
0,4,1,47,0.0,34.97023022663646,106.91500144269233,0.49019607843137253,0.0
0,4,1,48,0.0,18.089723650414587,60.062741517041616,0.0196078431372549,0.0
0,4,1,49,0.0,20.017808431859287,55.03032612074678,0.0,0.0
0,4,1,50,0.0,55.58094870163866,128.70607916497036,0.7941176470588235,0.0
0,4,1,51,0.0,12.0998936574669,37.3050868584007,0.23529411764705882,0.0
0,4,1,52,0.0,13.955567486225993,39.1299861575255,0.00980392156862745,0.0
0,4,1,53,0.0,11.36484969201248,29.652323583824455,0.00980392156862745,0.0
0,4,1,54,0.0,78.77610094923148,178.99258423456703,0.6666666666666666,0.0
0,4,1,55,0.0,20.113308651065804,52.2484084876289,0.0196078431372549,0.0
0,4,1,56,0.0,10.653895494485427,31.234494433190328,0.0,0.0
0,4,1,57,0.0,5.467533345406222,13.08128554909846,0.0,0.0
0,4,1,58,0.0,56.32699316424781,123.79165172670207,0.6372549019607843,0.0
0,4,1,59,0.0,9.360079360161754,32.390356098046205,0.0,0.0
0,4,2,0,0.0,22.1486683770536,72.12488486461454,0.0392156862745098,0.0
0,4,2,1,0.0,42.085254338888475,84.4963216604515,0.029411764705882353,0.0
0,4,2,2,0.0,68.98319685132009,157.60289732695725,0.9607843137254902,0.0
0,4,2,3,0.0,6.243010700937268,21.47602830179903,0.23529411764705882,0.0
0,4,2,4,0.0,18.906311773089126,37.824073587834164,0.00980392156862745,0.0
0,4,2,5,0.0,31.549047367252065,91.06009784452587,0.2549019607843137,0.0
0,4,2,6,0.0,45.98240459479664,127.19229455259143,0.4117647058823529,0.0
0,4,2,7,0.0,27.863820870118726,81.7791791777147,0.46078431372549017,0.0
0,4,2,8,0.0,15.27198947094924,48.88420905103355,0.23529411764705882,0.0
0,4,2,9,0.0,41.28653989717695,115.7002119418655,0.7549019607843137,0.0
0,4,2,10,0.0,45.902443675056325,115.76982779761987,0.3137254901960784,0.0
0,4,2,11,0.0,26.09009057022651,65.58831658104432,0.22549019607843138,0.0
0,4,2,12,0.0,13.616354499006675,40.69129648980863,0.23529411764705882,0.0
0,4,2,13,0.0,22.610068584160683,70.38587569208792,0.45098039215686275,0.0
0,4,2,14,0.0,89.88423691330874,195.99057979815325,0.9313725490196079,0.0196078431372549
0,4,2,15,0.0,12.478657673835567,35.22619011914448,0.23529411764705882,0.0
0,4,2,16,0.0,16.437310510675534,51.34646638509617,0.14705882352941177,0.0
0,4,2,17,0.0,31.664030350296756,106.13464973318662,0.24509803921568626,0.0
0,4,2,18,0.0,23.276055119126898,55.506303157311784,0.00980392156862745,0.0
0,4,2,19,0.0,29.808933386680113,70.69594651063676,0.23529411764705882,0.0
0,4,2,20,0.0,46.633601016234415,130.89537984049878,0.2549019607843137,0.0
0,4,2,21,0.0,49.72350259287813,95.94058915913067,0.3431372549019608,0.0
0,4,2,22,0.0,0.24555779374848785,1.7325759991689227,0.0,0.0
0,4,2,23,0.0,99.23464854772338,215.91360629717448,1.3431372549019607,0.13725490196078433
0,4,2,24,0.0,34.292778982828,77.36072294691144,0.3431372549019608,0.0
0,4,2,25,0.0,14.267206037548393,40.65469857872052,0.22549019607843138,0.0
0,4,2,26,0.0,24.817742742487116,73.38592426325877,0.28431372549019607,0.0
0,4,2,27,0.0,14.584761160508911,32.97311512973595,0.23529411764705882,0.0
0,4,2,28,0.0,51.49912529494393,121.28009466375737,0.3627450980392157,0.0
0,4,2,29,0.0,6.56662521328098,13.136416151910227,0.0,0.0
0,4,2,30,0.0,49.56210855917855,105.60539858593725,0.3235294117647059,0.0
0,4,2,31,0.0,37.20383323249809,78.3511706826091,0.3137254901960784,0.0
0,4,2,32,0.0,21.318563176401348,46.04570169150196,0.00980392156862745,0.0
0,4,2,33,0.0,6.448760249723903,15.3664999563462,0.00980392156862745,0.0
0,4,2,34,0.0,27.332778639145268,69.2045635175849,0.049019607843137254,0.0
0,4,2,35,0.0,45.783241936723364,123.79167381304116,0.38235294117647056,0.0
0,4,2,36,0.0,82.28165756968676,227.52279403926147,0.47058823529411764,0.35294117647058826
0,4,2,37,0.0,17.22020638005499,59.57345118396661,0.0392156862745098,0.0
0,4,2,38,0.0,26.153049919879923,52.4112763878964,0.23529411764705882,0.0
0,4,2,39,0.0,68.0438645210493,133.14772549597362,0.38235294117647056,0.0
0,4,2,40,0.0,3.3478316874970164,12.771903120807725,0.0,0.0
0,4,2,41,0.0,20.284362785683335,49.965233476862686,0.00980392156862745,0.0
0,4,2,42,0.0,10.36008880040069,29.786290564177776,0.0,0.0
0,4,2,43,0.0,27.732630377840966,60.55812317950989,0.0,0.0
0,4,2,44,0.0,58.82910135819534,145.65459689263184,0.45098039215686275,0.0
0,4,2,45,0.0,29.91221286182553,104.24132068449138,0.696078431372549,0.0
0,4,2,46,0.0,28.892304789931124,75.95658540667996,0.45098039215686275,0.0196078431372549
0,4,2,47,0.0,34.531447394131796,105.29686169922006,0.49019607843137253,0.0
0,4,2,48,0.0,9.880322209055787,36.049749104718956,0.0196078431372549,0.0
0,4,2,49,0.0,17.79221848937892,48.619331348861486,0.0,0.0
0,4,2,50,0.0,45.983126929610634,107.34395830987116,0.7549019607843137,0.0
0,4,2,51,0.0,8.263148915960826,28.596620464110536,0.23529411764705882,0.0
0,4,2,52,0.0,12.737404284093662,32.16865020128848,0.00980392156862745,0.0
0,4,2,53,0.0,10.858179533628375,28.23778909118735,0.00980392156862745,0.0
0,4,2,54,0.0,48.34951833475198,114.59996349843699,0.27450980392156865,0.0
0,4,2,55,0.0,19.01043809643419,47.51038153715593,0.00980392156862745,0.0
0,4,2,56,0.0,6.532039446671395,13.33044621431099,0.0,0.0
0,4,2,57,0.0,3.453060645880986,8.446613790657603,0.0,0.0
0,4,2,58,0.0,28.91771501604886,76.47507164667272,0.47058823529411764,0.0
0,4,2,59,0.0,5.1563586524911615,21.398171353557235,0.0,0.0
0,4,3,0,0.0,18.19284116022153,64.3318796777318,0.0196078431372549,0.0
0,4,3,1,0.0,28.795289475349552,63.051688550708484,0.0196078431372549,0.0
0,4,3,2,0.0,30.447324407000313,81.45940999400219,0.4803921568627451,0.0
0,4,3,3,0.0,5.184114289625009,19.276843149430867,0.23529411764705882,0.0
0,4,3,4,0.0,18.906311773089122,37.82407358783416,0.00980392156862745,0.0
0,4,3,5,0.0,31.34449246290465,90.43541755057578,0.2549019607843137,0.0
0,4,3,6,0.0,37.89319293284956,105.8593416089752,0.39215686274509803,0.0
0,4,3,7,0.0,27.30645173368925,78.27841967672654,0.46078431372549017,0.0
0,4,3,8,0.0,15.160395693814596,48.66772602317373,0.23529411764705882,0.0
0,4,3,9,0.0,35.66757213880625,103.45199061451302,0.7352941176470589,0.0
0,4,3,10,0.0,37.717160535840165,92.01913519877564,0.2647058823529412,0.0
0,4,3,11,0.0,18.302474709425837,45.53920762612633,0.23529411764705882,0.0
0,4,3,12,0.0,13.616354499006674,40.69129648980863,0.23529411764705882,0.0
0,4,3,13,0.0,20.984616836579555,63.550114030514436,0.45098039215686275,0.0
0,4,3,14,0.0,83.1741420218942,179.97905422280542,0.9019607843137255,0.0
0,4,3,15,0.0,12.478657673835567,35.22619011914448,0.23529411764705882,0.0
0,4,3,16,0.0,16.354661536726763,51.12569346688186,0.0196078431372549,0.0
0,4,3,17,0.0,31.31751614226807,104.78123662144075,0.24509803921568626,0.0
0,4,3,18,0.0,13.274925902990672,32.58609372591752,0.0,0.0
0,4,3,19,0.0,22.463829955673894,54.856448108970135,0.23529411764705882,0.0
0,4,3,20,0.0,31.747267021590968,94.38748661568091,0.22549019607843138,0.0
0,4,3,21,0.0,37.72703839328278,75.41581202467721,0.23529411764705882,0.0
0,4,3,22,0.0,0.24555779374848785,1.7325759991689227,0.0,0.0
0,4,3,23,0.0,52.83061134153349,132.0825802424361,0.7058823529411765,0.0
0,4,3,24,0.0,23.88306517308603,49.17434373268509,0.06862745098039216,0.0
0,4,3,25,0.0,11.381340379427328,33.200686261072015,0.22549019607843138,0.0
0,4,3,26,0.0,18.776641126972937,61.285675175908736,0.24509803921568626,0.0
0,4,3,27,0.0,12.57968923700362,27.276044195831943,0.23529411764705882,0.0
0,4,3,28,0.0,38.63336561465466,92.83651870719515,0.22549019607843138,0.0
0,4,3,29,0.0,6.564856257563209,13.133694260382915,0.0,0.0
0,4,3,30,0.0,35.03088114768289,77.22566568871082,0.22549019607843138,0.0
0,4,3,31,0.0,29.211897052586018,61.38031287384956,0.23529411764705882,0.0
0,4,3,32,0.0,16.069543907028994,34.89808387770707,0.00980392156862745,0.0
0,4,3,33,0.0,4.6185380941689855,10.241861903791149,0.00980392156862745,0.0
0,4,3,34,0.0,18.11448230772002,45.51623336515581,0.00980392156862745,0.0
0,4,3,35,0.0,32.88716190102488,87.60891165927549,0.3431372549019608,0.0
0,4,3,36,0.0,77.36813201917931,212.91946439663278,0.47058823529411764,0.35294117647058826
0,4,3,37,0.0,17.208221975817235,59.53387621930755,0.0392156862745098,0.0
0,4,3,38,0.0,21.03074991882029,38.92800054143924,0.0,0.0
0,4,3,39,0.0,53.69102338435238,104.9592659436946,0.16666666666666666,0.0
0,4,3,40,0.0,1.865525129823016,9.165792147659387,0.0,0.0
0,4,3,41,0.0,20.066603599486974,49.02972124600433,0.00980392156862745,0.0
0,4,3,42,0.0,8.604329208635859,24.736276798842866,0.0,0.0
0,4,3,43,0.0,22.030911769698793,42.980445669845416,0.0,0.0
0,4,3,44,0.0,54.00447982049088,134.7355779534099,0.45098039215686275,0.0
0,4,3,45,0.0,29.44741633920285,102.57016672579658,0.696078431372549,0.0
0,4,3,46,0.0,24.79675225427173,66.55462555374503,0.45098039215686275,0.0196078431372549
0,4,3,47,0.0,34.437518126244235,104.9866879614727,0.49019607843137253,0.0
0,4,3,48,0.0,8.694763187642566,31.24462854473584,0.0196078431372549,0.0
0,4,3,49,0.0,14.725657331983674,40.10264406115093,0.0,0.0
0,4,3,50,0.0,37.380553960346276,92.25823389968446,0.696078431372549,0.0
0,4,3,51,0.0,4.660722651410862,21.608200810114084,0.23529411764705882,0.0
0,4,3,52,0.0,12.598940979519858,31.640303271888268,0.00980392156862745,0.0
0,4,3,53,0.0,10.858179533628375,28.23778909118735,0.00980392156862745,0.0
0,4,3,54,0.0,40.00363910849273,98.64156169132468,0.23529411764705882,0.0
0,4,3,55,0.0,17.47128205253083,40.89803452474223,0.00980392156862745,0.0
0,4,3,56,0.0,6.244228398820058,12.076283922984235,0.0,0.0
0,4,3,57,0.0,2.966509112232457,7.095600889714417,0.0,0.0
0,4,3,58,0.0,23.190406015062834,66.08318426676874,0.46078431372549017,0.0
0,4,3,59,0.0,4.380527810484428,19.24391347127118,0.0,0.0
0,4,4,0,0.0,18.192841160221526,64.3318796777318,0.0196078431372549,0.0
0,4,4,1,0.0,24.983759838904934,55.92930356568788,0.0196078431372549,0.0
0,4,4,2,0.0,23.787166869348667,68.0608998643446,0.47058823529411764,0.0
0,4,4,3,0.0,5.184114289625009,19.276843149430867,0.23529411764705882,0.0
0,4,4,4,0.0,18.90631177308913,37.824073587834164,0.00980392156862745,0.0
0,4,4,5,0.0,31.15772494154397,89.86505728218661,0.2549019607843137,0.0
0,4,4,6,0.0,37.62831512305297,104.90396646829515,0.39215686274509803,0.0
0,4,4,7,0.0,27.30645173368925,78.27841967672654,0.46078431372549017,0.0
0,4,4,8,0.0,15.160395693814596,48.66772602317373,0.23529411764705882,0.0
0,4,4,9,0.0,35.5341693030183,103.24577597087898,0.7352941176470589,0.0
0,4,4,10,0.0,37.43350821042057,91.42224055701827,0.2647058823529412,0.0
0,4,4,11,0.0,15.856705013767458,39.74103227084883,0.0,0.0
0,4,4,12,0.0,13.616354499006674,40.69129648980863,0.23529411764705882,0.0
0,4,4,13,0.0,20.976406980832365,63.499634270588956,0.45098039215686275,0.0
0,4,4,14,0.0,82.39803866826854,178.44446390557138,0.9019607843137255,0.0
0,4,4,15,0.0,12.478657673835567,35.22619011914448,0.23529411764705882,0.0
0,4,4,16,0.0,16.354661536726763,51.125693466881856,0.0196078431372549,0.0
0,4,4,17,0.0,31.317571868783276,104.77913345039927,0.24509803921568626,0.0
0,4,4,18,0.0,13.27492590299067,32.58609372591752,0.0,0.0
0,4,4,19,0.0,22.435869817998295,54.767944033262,0.23529411764705882,0.0
0,4,4,20,0.0,24.62965315879704,71.92554281754228,0.22549019607843138,0.0
0,4,4,21,0.0,34.9386440942993,71.0400455449257,0.23529411764705882,0.0
0,4,4,22,0.0,0.24555779374848785,1.7325759991689227,0.0,0.0
0,4,4,23,0.0,50.76020208995093,128.62813727895238,0.696078431372549,0.0
0,4,4,24,0.0,20.723293869091954,41.5504019275335,0.0196078431372549,0.0
0,4,4,25,0.0,11.381321041890208,33.200455266659844,0.22549019607843138,0.0
0,4,4,26,0.0,15.850520449073718,55.057519582124755,0.24509803921568626,0.0
0,4,4,27,0.0,12.57968923700362,27.276044195831936,0.23529411764705882,0.0
0,4,4,28,0.0,35.01311312970511,83.55313337342531,0.22549019607843138,0.0
0,4,4,29,0.0,6.564856257563187,13.133694260382882,0.0,0.0
0,4,4,30,0.0,31.70900983654597,70.9491924078729,0.22549019607843138,0.0
0,4,4,31,0.0,28.839913446869804,60.57895095550234,0.23529411764705882,0.0
0,4,4,32,0.0,16.0680816861978,34.89363676464473,0.00980392156862745,0.0
0,4,4,33,0.0,4.6185380941689855,10.241861903791147,0.00980392156862745,0.0
0,4,4,34,0.0,16.80754466657237,42.933030003153306,0.00980392156862745,0.0
0,4,4,35,0.0,28.77503636569568,74.16022559221061,0.3431372549019608,0.0
0,4,4,36,0.0,77.32177002347287,212.63762559467924,0.47058823529411764,0.35294117647058826
0,4,4,37,0.0,17.208221975817235,59.53387621930755,0.0392156862745098,0.0
0,4,4,38,0.0,17.382881194202014,29.234977661060036,0.0,0.0
0,4,4,39,0.0,50.39431475766971,99.20281434760254,0.08823529411764706,0.0
0,4,4,40,0.0,1.8655251298230149,9.165792147659378,0.0,0.0
0,4,4,41,0.0,20.066603599486974,49.02972124600433,0.00980392156862745,0.0
0,4,4,42,0.0,6.211192598495904,17.843940608000572,0.0,0.0
0,4,4,43,0.0,21.913580261716362,42.544339940233456,0.0,0.0
0,4,4,44,0.0,53.97575014241249,134.63051820772452,0.45098039215686275,0.0
0,4,4,45,0.0,29.44738263887154,102.5699418365653,0.696078431372549,0.0
0,4,4,46,0.0,24.79675225427173,66.55462555374503,0.45098039215686275,0.0196078431372549
0,4,4,47,0.0,34.437518126244235,104.9866879614727,0.49019607843137253,0.0
0,4,4,48,0.0,8.694763187642566,31.24462854473584,0.0196078431372549,0.0
0,4,4,49,0.0,14.101331131760434,38.317310175882035,0.0,0.0
0,4,4,50,0.0,33.474608734251255,85.76849052398666,0.696078431372549,0.0
0,4,4,51,0.0,4.660722651410862,21.608200810114084,0.23529411764705882,0.0
0,4,4,52,0.0,12.598940979519856,31.640303271888268,0.00980392156862745,0.0
0,4,4,53,0.0,10.858179533628388,28.23778909118735,0.00980392156862745,0.0
0,4,4,54,0.0,39.747219634175835,98.1616792536203,0.23529411764705882,0.0
0,4,4,55,0.0,17.47128205253083,40.898034524742236,0.00980392156862745,0.0
0,4,4,56,0.0,6.244228398820058,12.076283922984235,0.0,0.0
0,4,4,57,0.0,2.966509112232457,7.095600889714417,0.0,0.0
0,4,4,58,0.0,23.19040601506283,66.08318426676874,0.46078431372549017,0.0
0,4,4,59,0.0,4.380527810484428,19.24391347127118,0.0,0.0
1,0,0,0,0.0,555.6244469014291,1568.0073768590591,1.303921568627451,2.0
1,0,0,1,0.0,378.6437375740273,779.2731711875707,1.8431372549019607,0.39215686274509803
1,0,0,2,0.0,821.6353826873246,1686.495837511,4.245098039215686,0.7058823529411765
1,0,0,3,0.0,104.03057803544971,266.5386789752128,0.4411764705882353,0.11764705882352941
1,0,0,4,0.0,31.9301590825835,69.01187305391935,0.058823529411764705,0.0
1,0,0,5,0.0,67.49380071392721,191.39645761347424,0.2647058823529412,0.0
1,0,0,6,0.0,713.4061104499885,1486.4109230007448,2.6862745098039214,1.0196078431372548
1,0,0,7,0.0,101.02502081701915,294.87547930177846,0.7843137254901961,0.0
1,0,0,8,0.0,50.99923394490098,150.65456917162706,0.20588235294117646,0.0
1,0,0,9,0.0,598.4651258833769,1341.656022368542,2.4705882352941178,1.3529411764705883
1,0,0,10,0.0,287.7498968407612,662.1935135382112,1.7745098039215685,0.3333333333333333
1,0,0,11,0.0,292.9545505490774,654.6964584606128,1.6862745098039216,0.3333333333333333
1,0,0,12,0.0,55.61271765098537,155.07457808998672,0.20588235294117646,0.0
1,0,0,13,0.0,118.39754896448851,314.06169363352313,0.6078431372549019,0.0
1,0,0,14,0.0,682.7003319688598,1424.0550780021233,2.3333333333333335,1.0196078431372548
1,0,0,15,0.0,418.6591992280147,983.8423366665143,1.2450980392156863,1.3333333333333333
1,0,0,16,0.0,441.8748781820502,988.208522278602,1.5588235294117647,0.9215686274509803
1,0,0,17,0.0,603.9906129243752,1802.8973697811145,2.3627450980392157,2.3137254901960786
1,0,0,18,0.0,351.72002801896457,674.7635481898919,1.5392156862745099,0.3333333333333333
1,0,0,19,0.0,270.5219044636903,643.8958496200797,1.5686274509803921,0.6078431372549019
1,0,0,20,0.0,402.4528169184719,922.4682423101902,2.2941176470588234,0.39215686274509803
1,0,0,21,0.0,328.8028630196864,618.1326386913295,1.392156862745098,0.3333333333333333
1,0,0,22,0.0,420.3751005369926,945.1108680524757,0.8823529411764706,1.588235294117647
1,0,0,23,0.0,646.0253964387811,1279.8162774991106,2.980392156862745,0.7058823529411765
1,0,0,24,0.0,275.8125101160546,597.43994907358,1.7352941176470589,0.3333333333333333
1,0,0,25,0.0,156.99950941518568,428.34688036492,0.7254901960784313,0.35294117647058826
1,0,0,26,0.0,591.9759051482173,1336.5638884368373,2.3823529411764706,1.3333333333333333
1,0,0,27,0.0,141.7384213372302,479.2404126341494,0.5490196078431373,0.6862745098039216
1,0,0,28,0.0,702.6074889771164,1561.2861245979825,3.0980392156862746,0.9803921568627451
1,0,0,29,0.0,42.98188752729469,114.34797079389904,0.08823529411764706,0.11764705882352941
1,0,0,30,0.0,685.2233874547736,1443.6039825206992,2.519607843137255,1.0392156862745099
1,0,0,31,0.0,285.978325430475,622.5249389127061,1.6862745098039216,0.3333333333333333
1,0,0,32,0.0,298.4157765301678,661.457968392012,1.6862745098039216,0.3333333333333333
1,0,0,33,0.0,27.2004995357926,65.24058581967948,0.029411764705882353,0.0
1,0,0,34,0.0,531.7085731047732,1112.4682537973906,2.7549019607843137,0.6470588235294118
1,0,0,35,0.0,492.49790703362174,1377.6024806172293,2.4313725490196076,1.392156862745098
1,0,0,36,0.0,520.5067603692094,1208.572128861454,2.2549019607843137,1.0392156862745099
1,0,0,37,0.0,86.35730088169109,394.21516736831734,0.11764705882352941,0.6862745098039216
1,0,0,38,0.0,450.20533654158925,925.0723119391937,1.8431372549019607,0.6666666666666666
1,0,0,39,0.0,328.1367012472334,622.5035817005391,1.4215686274509804,0.3333333333333333
1,0,0,40,0.0,86.9744231903543,383.8141233789644,0.20588235294117646,0.6862745098039216
1,0,0,41,0.0,56.714689307605965,163.64076797499757,0.38235294117647056,0.0
1,0,0,42,0.0,372.73109653656354,1280.2572951095626,0.7450980392156863,2.2941176470588234
1,0,0,43,0.0,763.3416083591909,1574.8307132740947,2.980392156862745,1.0196078431372548
1,0,0,44,0.0,556.061965179165,1156.4683949882701,2.784313725490196,0.6470588235294118
1,0,0,45,0.0,135.24246587031996,414.3044905711831,1.1568627450980393,0.058823529411764705
1,0,0,46,0.0,120.85120290866728,340.581477718938,0.6372549019607843,0.11764705882352941
1,0,0,47,0.0,182.34271621357158,721.8826918377899,0.5490196078431373,0.9411764705882353
1,0,0,48,0.0,211.74043395642644,724.7106983515548,0.7058823529411765,1.0392156862745099
1,0,0,49,0.0,383.7736904089225,1299.9743581460461,0.7647058823529411,2.2941176470588234
1,0,0,50,0.0,314.1002112757778,691.8950820386492,1.6862745098039216,0.3333333333333333
1,0,0,51,0.0,150.5953234277255,649.8671103638799,0.2647058823529412,0.803921568627451
1,0,0,52,0.0,438.3348332917029,1051.5570074778404,0.9705882352941176,1.2745098039215685
1,0,0,53,0.0,63.79779656512677,144.32769100428652,0.14705882352941177,0.0
1,0,0,54,0.0,764.2869883037362,1606.1366752878307,2.450980392156863,1.3333333333333333
1,0,0,55,0.0,57.204307126872735,167.86765363487274,0.23529411764705882,0.11764705882352941
1,0,0,56,0.0,65.53106192153173,161.54296732485886,0.08823529411764706,0.11764705882352941
1,0,0,57,0.0,16.82023246130348,36.58282053128104,0.0,0.0
1,0,0,58,0.0,389.5350764392785,760.7369527366831,1.9215686274509804,0.3333333333333333
1,0,0,59,0.0,39.71221489847705,100.21137502720954,0.029411764705882353,0.0
1,0,1,0,0.0,37.38106803412591,114.97396080940665,0.058823529411764705,0.0
1,0,1,1,0.0,76.99210209860131,152.0588999506486,0.20588235294117646,0.0
1,0,1,2,0.0,406.62985045595155,842.28443930368,2.784313725490196,0.21568627450980393
1,0,1,3,0.0,20.035322063237576,63.3562827868967,0.17647058823529413,0.0
1,0,1,4,0.0,21.572417770443195,44.61982655071068,0.029411764705882353,0.0
1,0,1,5,0.0,40.106081383083634,122.9143415868897,0.23529411764705882,0.0
1,0,1,6,0.0,159.110158530949,443.90413164128125,0.6862745098039216,0.0
1,0,1,7,0.0,50.40968316802257,176.04925296665147,0.696078431372549,0.0
1,0,1,8,0.0,25.517587219926806,83.18207788456245,0.17647058823529413,0.0
1,0,1,9,0.0,98.14429936557919,271.84912314425503,0.8725490196078431,0.0
1,0,1,10,0.0,130.20646550284297,343.46021096617807,0.9313725490196079,0.0
1,0,1,11,0.0,102.34103405458391,275.8997241128748,0.8235294117647058,0.0
1,0,1,12,0.0,23.44796081394679,73.59716215848631,0.17647058823529413,0.0
1,0,1,13,0.0,84.08795415130894,240.4143534852113,0.5196078431372549,0.0
1,0,1,14,0.0,332.2684191679543,697.6246893702811,1.4803921568627452,0.0
1,0,1,15,0.0,24.113926682624545,67.97563256050609,0.17647058823529413,0.0
1,0,1,16,0.0,19.185733818294654,62.100260902819045,0.058823529411764705,0.0
1,0,1,17,0.0,59.636795780247034,190.45070519895867,0.29411764705882354,0.0
1,0,1,18,0.0,200.89317979826046,378.7881133623555,1.0098039215686274,0.0
1,0,1,19,0.0,68.83154114346557,172.49793882818915,0.5490196078431373,0.0
1,0,1,20,0.0,105.43279032809376,286.7396302461216,0.5882352941176471,0.0
1,0,1,21,0.0,156.5358983088854,299.23788561486475,0.6274509803921569,0.0
1,0,1,22,0.0,7.353201145345607,19.51966517715227,0.0,0.0
1,0,1,23,0.0,511.9066906220395,1004.3069641803539,2.5588235294117645,0.5490196078431373
1,0,1,24,0.0,78.93410824532201,208.19552362270264,0.5784313725490197,0.0
1,0,1,25,0.0,26.728952921914885,88.7636333169729,0.20588235294117646,0.0
1,0,1,26,0.0,77.68781934539513,215.2544809840147,0.696078431372549,0.0
1,0,1,27,0.0,31.042870948135267,69.55762389507377,0.17647058823529413,0.0
1,0,1,28,0.0,270.7234268766196,566.8840744766145,1.4411764705882353,0.0
1,0,1,29,0.0,7.113339685608078,17.13316313256797,0.0,0.0
1,0,1,30,0.0,240.88859352777052,460.3981902555416,1.1176470588235294,0.0
1,0,1,31,0.0,63.50933606614058,152.82491922133548,0.4019607843137255,0.0
1,0,1,32,0.0,52.966404800432606,129.31513691083896,0.37254901960784315,0.0
1,0,1,33,0.0,9.433863232290458,22.45109203386873,0.029411764705882353,0.0
1,0,1,34,0.0,100.94967621227713,241.59595871350723,0.6764705882352942,0.0
1,0,1,35,0.0,162.46196665744154,413.64666494556104,1.411764705882353,0.0
1,0,1,36,0.0,214.87570487332184,603.2660872462563,1.0588235294117647,0.35294117647058826
1,0,1,37,0.0,22.925952124480194,80.24382443802175,0.11764705882352941,0.0
1,0,1,38,0.0,43.6172874872623,96.43459899123192,0.17647058823529413,0.0
1,0,1,39,0.0,158.1224074116264,314.5008415044291,0.696078431372549,0.0
1,0,1,40,0.0,8.970887089966958,30.511941575951774,0.029411764705882353,0.0
1,0,1,41,0.0,25.982672598174176,66.09679480009893,0.029411764705882353,0.0
1,0,1,42,0.0,14.30567288021089,40.783230038134896,0.029411764705882353,0.0
1,0,1,43,0.0,69.78223073016979,181.32577474831274,0.19607843137254902,0.0
1,0,1,44,0.0,196.98876333096575,432.79851604737394,0.7156862745098039,0.0
1,0,1,45,0.0,83.34991554218229,298.1771065024871,1.0392156862745099,0.0
1,0,1,46,0.0,55.917026738846175,153.04176628721922,0.35294117647058826,0.058823529411764705
1,0,1,47,0.0,56.93781950041415,180.27228592475348,0.4117647058823529,0.0
1,0,1,48,0.0,19.582281942868743,67.27027529926494,0.058823529411764705,0.0
1,0,1,49,0.0,17.900582402746267,49.39926514863952,0.0,0.0
1,0,1,50,0.0,177.13078831391505,376.2095688342878,1.0098039215686274,0.3333333333333333
1,0,1,51,0.0,17.97101389808355,62.52792539796128,0.17647058823529413,0.0
1,0,1,52,0.0,14.177277014990887,38.03154594552601,0.029411764705882353,0.0
1,0,1,53,0.0,13.30729163267532,34.6307082656918,0.029411764705882353,0.0
1,0,1,54,0.0,257.19866497159325,489.6501082973612,1.2843137254901962,0.0
1,0,1,55,0.0,23.74106458030265,61.591521255028724,0.058823529411764705,0.0
1,0,1,56,0.0,10.6441919686004,31.201833457738264,0.0,0.0
1,0,1,57,0.0,5.467533345406221,13.08128554909846,0.0,0.0
1,0,1,58,0.0,56.00730418996577,153.35829536702974,0.38235294117647056,0.0
1,0,1,59,0.0,9.321937327802507,32.25280713114166,0.0,0.0
1,0,2,0,0.0,25.98247573776402,89.5514712631179,0.058823529411764705,0.0
1,0,2,1,0.0,201.39672004885395,371.16485195167644,0.9803921568627451,0.0
1,0,2,2,0.0,84.67817941769448,224.4475168645817,0.7058823529411765,0.0
1,0,2,3,0.0,12.114130941553904,46.69886684135958,0.17647058823529413,0.0
1,0,2,4,0.0,20.486401524443494,42.21152587417292,0.029411764705882353,0.0
1,0,2,5,0.0,39.28446543852358,120.63295171561023,0.23529411764705882,0.0
1,0,2,6,0.0,110.055163041313,318.0382042600126,0.5098039215686274,0.0
1,0,2,7,0.0,49.83525902013153,172.44137326558166,0.696078431372549,0.0
1,0,2,8,0.0,21.143109711565874,74.10704759059406,0.17647058823529413,0.0
1,0,2,9,0.0,93.2674735714389,258.1725408488849,0.8725490196078431,0.0
1,0,2,10,0.0,63.184282534793574,165.41472591414328,0.35294117647058826,0.0
1,0,2,11,0.0,46.14535485251989,111.11582133897815,0.17647058823529413,0.0
1,0,2,12,0.0,19.487474739623305,65.91413502936916,0.17647058823529413,0.0
1,0,2,13,0.0,40.329227893324,144.27275804826286,0.5196078431372549,0.0
1,0,2,14,0.0,174.0883114549042,410.8402576625731,0.6764705882352942,0.0
1,0,2,15,0.0,23.434193791810895,64.33723319925822,0.17647058823529413,0.0
1,0,2,16,0.0,18.66562301444359,58.88339583916011,0.058823529411764705,0.0
1,0,2,17,0.0,53.83949971245877,173.7122244818665,0.29411764705882354,0.0
1,0,2,18,0.0,23.57726916945813,59.65038853572391,0.029411764705882353,0.0
1,0,2,19,0.0,37.23783226319812,88.93429263047062,0.20588235294117646,0.0
1,0,2,20,0.0,71.90558793068377,206.27797102079214,0.2647058823529412,0.0
1,0,2,21,0.0,54.51521651454938,116.62127201316814,0.20588235294117646,0.0
1,0,2,22,0.0,0.24555779374848785,1.7325759991689227,0.0,0.0
1,0,2,23,0.0,214.82693761468147,449.7697484157196,1.696078431372549,0.0
1,0,2,24,0.0,46.676721488590964,106.2326339189028,0.2647058823529412,0.0
1,0,2,25,0.0,18.12907459575231,61.466882181329915,0.17647058823529413,0.0
1,0,2,26,0.0,58.82204103830563,173.2570544805296,0.5490196078431373,0.0
1,0,2,27,0.0,27.383250354829464,59.553852497627815,0.17647058823529413,0.0
1,0,2,28,0.0,53.89252076354416,158.70127826159901,0.37254901960784315,0.0
1,0,2,29,0.0,6.223924570332273,12.486799344998142,0.0,0.0
1,0,2,30,0.0,180.58950623538033,354.3828808171736,0.7941176470588235,0.0
1,0,2,31,0.0,55.23536552282869,126.44712992430084,0.37254901960784315,0.0
1,0,2,32,0.0,21.771122024738958,46.34872914088741,0.029411764705882353,0.0
1,0,2,33,0.0,8.276010152802368,19.418526980800724,0.029411764705882353,0.0
1,0,2,34,0.0,26.795719470285697,68.29586618486142,0.029411764705882353,0.0
1,0,2,35,0.0,124.62302337600082,330.0117832354818,1.2549019607843137,0.0
1,0,2,36,0.0,206.58138686544086,580.9162731921367,1.0,0.35294117647058826
1,0,2,37,0.0,22.548452489444106,76.75304907537434,0.11764705882352941,0.0
1,0,2,38,0.0,36.943809984484105,81.3940294941105,0.17647058823529413,0.0
1,0,2,39,0.0,64.62849372511825,131.43522245854265,0.11764705882352941,0.0
1,0,2,40,0.0,3.347831687497017,12.771903120807725,0.0,0.0
1,0,2,41,0.0,22.9335986748174,55.10453982100241,0.029411764705882353,0.0
1,0,2,42,0.0,10.00087086698452,28.600079156600852,0.0,0.0
1,0,2,43,0.0,41.595739840399446,85.59296269323124,0.0,0.0
1,0,2,44,0.0,100.27635831943999,249.4498106154603,0.38235294117647056,0.0
1,0,2,45,0.0,63.072248465861115,248.9959735922335,1.0392156862745099,0.0
1,0,2,46,0.0,46.54780903122627,131.26397004808095,0.35294117647058826,0.058823529411764705
1,0,2,47,0.0,56.9378195004142,180.27228592475356,0.4117647058823529,0.0
1,0,2,48,0.0,12.745823268491922,46.78865719682004,0.058823529411764705,0.0
1,0,2,49,0.0,16.789948457892738,45.95655017416013,0.0,0.0
1,0,2,50,0.0,140.639083137511,304.0449228769732,0.8921568627450981,0.3333333333333333
1,0,2,51,0.0,14.134269156577467,53.81945900367107,0.17647058823529413,0.0
1,0,2,52,0.0,13.47009743559274,32.84925424849475,0.029411764705882353,0.0
1,0,2,53,0.0,12.795361452232966,33.205289641710024,0.029411764705882353,0.0
1,0,2,54,0.0,119.34008269778856,256.3066393763959,0.7352941176470589,0.0
1,0,2,55,0.0,21.65967398556826,52.64968788129568,0.029411764705882353,0.0
1,0,2,56,0.0,6.532039446671396,13.330446214311015,0.0,0.0
1,0,2,57,0.0,3.453060645880986,8.446613790657603,0.0,0.0
1,0,2,58,0.0,46.87646579702591,135.22997217126363,0.38235294117647056,0.0
1,0,2,59,0.0,5.156358652491161,21.39817135355723,0.0,0.0
1,0,3,0,0.0,22.136008527225375,82.2055954953126,0.058823529411764705,0.0
1,0,3,1,0.0,75.26177232855147,151.0619116462453,0.23529411764705882,0.0
1,0,3,2,0.0,43.449147056630345,138.49519160858662,0.4117647058823529,0.0
1,0,3,3,0.0,11.055234530241647,44.499681688991416,0.17647058823529413,0.0
1,0,3,4,0.0,20.486401524443494,42.21152587417292,0.029411764705882353,0.0
1,0,3,5,0.0,39.28446543852359,120.63295171561026,0.23529411764705882,0.0
1,0,3,6,0.0,102.52761713775979,297.81869974422756,0.5098039215686274,0.0
1,0,3,7,0.0,49.27831990399859,168.94331466340606,0.696078431372549,0.0
1,0,3,8,0.0,21.031515934431237,73.89056456273427,0.17647058823529413,0.0
1,0,3,9,0.0,90.50349493834192,251.08681224092686,0.8725490196078431,0.0
1,0,3,10,0.0,60.443272204675296,152.67291655143103,0.3235294117647059,0.0
1,0,3,11,0.0,40.40110634992579,94.60572545337148,0.17647058823529413,0.0
1,0,3,12,0.0,19.487474739623305,65.91413502936916,0.17647058823529413,0.0
1,0,3,13,0.0,38.40668891218697,137.00338559709155,0.5196078431372549,0.0
1,0,3,14,0.0,131.0516718055304,337.74766032902664,0.4411764705882353,0.0
1,0,3,15,0.0,23.434193791810895,64.33723319925822,0.17647058823529413,0.0
1,0,3,16,0.0,18.66562301444359,58.88339583916012,0.058823529411764705,0.0
1,0,3,17,0.0,53.715208101695694,173.32673252761458,0.29411764705882354,0.0
1,0,3,18,0.0,14.597121602050589,37.29062918470928,0.0,0.0
1,0,3,19,0.0,31.116138202805637,76.42849812762714,0.20588235294117646,0.0
1,0,3,20,0.0,53.28705188421124,156.70859710673753,0.17647058823529413,0.0
1,0,3,21,0.0,47.58718601176549,103.61829399794571,0.20588235294117646,0.0
1,0,3,22,0.0,0.24555779374848785,1.7325759991689227,0.0,0.0
1,0,3,23,0.0,133.3926062083321,329.1604874478863,1.0,0.0
1,0,3,24,0.0,28.63600969034135,58.2506030304741,0.058823529411764705,0.0
1,0,3,25,0.0,15.161195069612244,53.03318226873317,0.17647058823529413,0.0
1,0,3,26,0.0,22.318657947082517,95.27399826257916,0.20588235294117646,0.0
1,0,3,27,0.0,25.378178431324173,53.856781563723786,0.17647058823529413,0.0
1,0,3,28,0.0,44.245341818771195,135.6894733655773,0.3431372549019608,0.0
1,0,3,29,0.0,6.223924570332274,12.486799344998143,0.0,0.0
1,0,3,30,0.0,64.84409809973631,137.33161835479862,0.3431372549019608,0.0
1,0,3,31,0.0,53.27908885187062,121.83048805027774,0.37254901960784315,0.0
1,0,3,32,0.0,17.6538147300948,37.521394011083466,0.029411764705882353,0.0
1,0,3,33,0.0,6.445787997247459,14.293888928245686,0.029411764705882353,0.0
1,0,3,34,0.0,19.609725538170107,48.53837452441023,0.029411764705882353,0.0
1,0,3,35,0.0,43.21156923559745,116.76494841407846,0.2647058823529412,0.0
1,0,3,36,0.0,204.33642476016902,575.0067522463714,1.0,0.35294117647058826
1,0,3,37,0.0,22.52971632534011,76.59720661470584,0.11764705882352941,0.0
1,0,3,38,0.0,20.90803741094354,38.7630623111009,0.0,0.0
1,0,3,39,0.0,59.205698702356585,118.0372020804361,0.11764705882352941,0.0
1,0,3,40,0.0,1.865525129823016,9.165792147659387,0.0,0.0
1,0,3,41,0.0,22.71583948862104,54.16902759014407,0.029411764705882353,0.0
1,0,3,42,0.0,8.403308665349263,24.072465670773116,0.0,0.0
1,0,3,43,0.0,38.84547605742635,75.60759170932884,0.0,0.0
1,0,3,44,0.0,98.06912487684755,243.93167452938766,0.38235294117647056,0.0
1,0,3,45,0.0,62.727687112404084,248.12508638650354,1.0392156862745099,0.0
1,0,3,46,0.0,42.509178681842776,121.99268367703824,0.35294117647058826,0.058823529411764705
1,0,3,47,0.0,56.937819500414186,180.27228592475348,0.4117647058823529,0.0
1,0,3,48,0.0,11.560264247078702,41.98353663683691,0.058823529411764705,0.0
1,0,3,49,0.0,14.652220721776983,39.88256030514113,0.0,0.0
1,0,3,50,0.0,131.89951600168644,276.7831365740214,0.8627450980392157,0.3333333333333333
1,0,3,51,0.0,10.531842892027498,46.83103934967463,0.17647058823529413,0.0
1,0,3,52,0.0,13.465247269461065,32.829660813205194,0.029411764705882353,0.0
1,0,3,53,0.0,12.795361452232966,33.205289641710024,0.029411764705882353,0.0
1,0,3,54,0.0,118.13125900396402,254.2015927921972,0.7352941176470589,0.0
1,0,3,55,0.0,20.120517941664897,46.03734086888197,0.029411764705882353,0.0
1,0,3,56,0.0,6.244228398820058,12.076283922984235,0.0,0.0
1,0,3,57,0.0,2.966509112232457,7.095600889714417,0.0,0.0
1,0,3,58,0.0,43.58970860934334,128.49751563649806,0.38235294117647056,0.0
1,0,3,59,0.0,4.380527810484428,19.24391347127118,0.0,0.0
1,0,4,0,0.0,22.136008527225375,82.2055954953126,0.058823529411764705,0.0
1,0,4,1,0.0,38.21592226383571,81.94199504907837,0.11764705882352941,0.0
1,0,4,2,0.0,35.88943850039262,122.79019474345331,0.38235294117647056,0.0
1,0,4,3,0.0,11.055234530241647,44.499681688991416,0.17647058823529413,0.0
1,0,4,4,0.0,20.486401524443494,42.21152587417292,0.029411764705882353,0.0
1,0,4,5,0.0,39.28446543852359,120.63295171561026,0.23529411764705882,0.0
1,0,4,6,0.0,102.52761713775978,297.81869974422756,0.5098039215686274,0.0
1,0,4,7,0.0,49.27831990399859,168.94331466340606,0.696078431372549,0.0
1,0,4,8,0.0,21.031515934431237,73.89056456273427,0.17647058823529413,0.0
1,0,4,9,0.0,90.50327669433628,251.08644765100195,0.8725490196078431,0.0
1,0,4,10,0.0,60.44218134605667,152.67013676662907,0.3235294117647059,0.0
1,0,4,11,0.0,15.739470690878065,38.911570527946125,0.0,0.0
1,0,4,12,0.0,19.487474739623305,65.91413502936916,0.17647058823529413,0.0
1,0,4,13,0.0,38.40668891218697,137.00338559709155,0.5196078431372549,0.0
1,0,4,14,0.0,130.81727838078723,337.35564848226664,0.4411764705882353,0.0
1,0,4,15,0.0,23.434193791810895,64.33723319925822,0.17647058823529413,0.0
1,0,4,16,0.0,18.66562301444359,58.883395839160116,0.058823529411764705,0.0
1,0,4,17,0.0,53.7152081016957,173.32673252761455,0.29411764705882354,0.0
1,0,4,18,0.0,14.597121602050589,37.29062918470928,0.0,0.0
1,0,4,19,0.0,31.116138202805637,76.42849812762712,0.20588235294117646,0.0
1,0,4,20,0.0,46.17009352313078,134.24948382417392,0.17647058823529413,0.0
1,0,4,21,0.0,46.973159709107506,102.38171946797249,0.20588235294117646,0.0
1,0,4,22,0.0,0.24555779374848785,1.7325759991689227,0.0,0.0
1,0,4,23,0.0,123.20097659921052,311.2922555806026,0.8823529411764706,0.0
1,0,4,24,0.0,26.022888519036176,51.83349981885305,0.058823529411764705,0.0
1,0,4,25,0.0,15.161195069612244,53.03318226873317,0.17647058823529413,0.0
1,0,4,26,0.0,19.487916779033306,89.20678397180406,0.20588235294117646,0.0
1,0,4,27,0.0,25.378178431324173,53.85678156372379,0.17647058823529413,0.0
1,0,4,28,0.0,40.746083029267595,126.71635122545246,0.3431372549019608,0.0
1,0,4,29,0.0,6.223924570332273,12.486799344998138,0.0,0.0
1,0,4,30,0.0,63.23187375645026,133.66226997858493,0.3431372549019608,0.0
1,0,4,31,0.0,53.27908885187062,121.83048805027774,0.37254901960784315,0.0
1,0,4,32,0.0,17.6538147300948,37.521394011083466,0.029411764705882353,0.0
1,0,4,33,0.0,6.445787997247459,14.293888928245686,0.029411764705882353,0.0
1,0,4,34,0.0,19.49987360333001,48.355534887986934,0.029411764705882353,0.0
1,0,4,35,0.0,39.54505268542751,102.66716006470668,0.2647058823529412,0.0
1,0,4,36,0.0,204.334360328512,574.9921862874326,1.0,0.35294117647058826
1,0,4,37,0.0,22.52971632534011,76.59720661470584,0.11764705882352941,0.0
1,0,4,38,0.0,17.26016868632527,29.070039430721714,0.0,0.0
1,0,4,39,0.0,59.19492318644027,118.01032872553516,0.11764705882352941,0.0
1,0,4,40,0.0,1.8655251298230149,9.165792147659378,0.0,0.0
1,0,4,41,0.0,22.71583948862104,54.16902759014407,0.029411764705882353,0.0
1,0,4,42,0.0,6.2111925984959,17.84394060800057,0.0,0.0
1,0,4,43,0.0,38.65442448321902,74.5849518827798,0.0,0.0
1,0,4,44,0.0,98.06912487684755,243.93167452938766,0.38235294117647056,0.0
1,0,4,45,0.0,62.727687112404084,248.12508638650354,1.0392156862745099,0.0
1,0,4,46,0.0,42.509178681842776,121.99268367703824,0.35294117647058826,0.058823529411764705
1,0,4,47,0.0,56.937819500414186,180.27228592475348,0.4117647058823529,0.0
1,0,4,48,0.0,11.560264247078702,41.98353663683691,0.058823529411764705,0.0
1,0,4,49,0.0,14.101303364211285,38.31722231004135,0.0,0.0
1,0,4,50,0.0,131.89951600168644,276.78313657402134,0.8627450980392157,0.3333333333333333
1,0,4,51,0.0,10.531842892027498,46.83103934967463,0.17647058823529413,0.0
1,0,4,52,0.0,13.465247269461065,32.829660813205194,0.029411764705882353,0.0
1,0,4,53,0.0,12.795361452232985,33.205289641710024,0.029411764705882353,0.0
1,0,4,54,0.0,118.12928608210026,254.1966667995913,0.7352941176470589,0.0
1,0,4,55,0.0,20.120517941664897,46.03734086888197,0.029411764705882353,0.0
1,0,4,56,0.0,6.244228398820058,12.076283922984235,0.0,0.0
1,0,4,57,0.0,2.966509112232457,7.095600889714417,0.0,0.0
1,0,4,58,0.0,43.58970860934334,128.49751563649806,0.38235294117647056,0.0
1,0,4,59,0.0,4.380527810484428,19.24391347127118,0.0,0.0
1,1,0,0,0.0,764.4867743315899,2177.738952182858,1.7352941176470589,2.2941176470588234
1,1,0,1,0.0,508.85099670735985,1022.3683470596112,2.049019607843137,0.6274509803921569
1,1,0,2,0.0,1337.4092044855774,2698.838946222128,5.088235294117647,0.9411764705882353
1,1,0,3,0.0,109.00465608942604,277.73817364683146,0.4411764705882353,0.11764705882352941
1,1,0,4,0.0,35.30263854198928,78.28020334009426,0.12745098039215685,0.0
1,1,0,5,0.0,70.06610172004726,200.3627497206689,0.2647058823529412,0.0
1,1,0,6,0.0,938.4346736049245,1982.701974421507,3.235294117647059,1.5098039215686274
1,1,0,7,0.0,189.00560580584272,484.69733241102057,1.2058823529411764,0.19607843137254902
1,1,0,8,0.0,53.797969732112485,158.78403145794613,0.20588235294117646,0.0
1,1,0,9,0.0,761.6204684148028,1697.8949246641812,2.823529411764706,1.411764705882353
1,1,0,10,0.0,374.69675520414137,879.2156180769751,1.9313725490196079,0.7254901960784313
1,1,0,11,0.0,436.96424006742143,1016.9334850046133,2.049019607843137,0.8823529411764706
1,1,0,12,0.0,57.97597749995938,162.35269116529088,0.20588235294117646,0.0
1,1,0,13,0.0,203.28403827128406,496.3793621271614,1.0294117647058822,0.19607843137254902
1,1,0,14,0.0,911.7673918383126,1918.3721928497398,2.9215686274509802,1.4509803921568627
1,1,0,15,0.0,463.4839426008353,1106.7597651444062,1.303921568627451,1.4313725490196079
1,1,0,16,0.0,488.83344003920894,1101.247450258337,1.6372549019607843,0.9215686274509803
1,1,0,17,0.0,903.771647631673,2631.3041075191177,2.950980392156863,2.9215686274509802
1,1,0,18,0.0,493.25552472216475,931.7343360857078,1.8529411764705883,0.5686274509803921
1,1,0,19,0.0,343.6560813379066,797.4478637899675,1.7941176470588236,0.6666666666666666
1,1,0,20,0.0,610.0392990679243,1359.0169359059876,3.2745098039215685,0.8823529411764706
1,1,0,21,0.0,446.2343922226872,823.5845434217382,1.607843137254902,0.5098039215686274
1,1,0,22,0.0,494.19510113607384,1146.26109412434,1.1372549019607843,1.6470588235294117
1,1,0,23,0.0,1077.9326899615753,2097.2307220400894,3.7254901960784315,0.8235294117647058
1,1,0,24,0.0,339.17307532968397,718.4320538141993,1.7843137254901962,0.39215686274509803
1,1,0,25,0.0,354.0694658830545,909.3236789048975,1.5784313725490196,1.196078431372549
1,1,0,26,0.0,737.7296942500843,1668.6659456887319,2.676470588235294,1.392156862745098
1,1,0,27,0.0,161.53015880180374,543.0837021614449,0.6764705882352942,0.6862745098039216
1,1,0,28,0.0,931.6001306818767,2053.7459537243294,3.5098039215686274,1.4509803921568627
1,1,0,29,0.0,43.94560656785893,117.18174772638652,0.08823529411764706,0.11764705882352941
1,1,0,30,0.0,885.5057539183224,1873.7422358882445,2.8137254901960786,1.4901960784313726
1,1,0,31,0.0,358.9818723096641,764.3826695504267,1.9019607843137254,0.39215686274509803
1,1,0,32,0.0,475.0537322975225,1129.4828709478497,2.127450980392157,1.0392156862745099
1,1,0,33,0.0,28.20940433792104,67.10947240264959,0.029411764705882353,0.0
1,1,0,34,0.0,711.3671922782871,1442.636610240116,3.127450980392157,0.8823529411764706
1,1,0,35,0.0,623.0369518737216,1728.511557170241,2.5588235294117645,1.7647058823529411
1,1,0,36,0.0,608.030369736196,1421.7627991417874,2.392156862745098,1.0980392156862746
1,1,0,37,0.0,97.66430856658403,441.13284971860907,0.16666666666666666,0.6862745098039216
1,1,0,38,0.0,587.833323430536,1183.327512584481,2.088235294117647,0.8431372549019608
1,1,0,39,0.0,447.134038123163,837.120816727585,1.6666666666666667,0.5098039215686274
1,1,0,40,0.0,105.50387448437151,449.0945828831053,0.28431372549019607,0.7647058823529411
1,1,0,41,0.0,57.25922956601171,164.65729398302383,0.38235294117647056,0.0
1,1,0,42,0.0,466.6018497036786,1570.4465977647492,0.9705882352941176,2.3137254901960786
1,1,0,43,0.0,1014.2592357844709,2143.9042050123594,3.8529411764705883,1.4313725490196079
1,1,0,44,0.0,734.2644575255442,1499.7492085145634,3.1862745098039214,0.8823529411764706
1,1,0,45,0.0,225.1830546372178,627.4611680667185,1.5784313725490196,0.43137254901960786
1,1,0,46,0.0,225.18729195551998,580.4093272928077,1.1176470588235294,0.45098039215686275
1,1,0,47,0.0,215.880035975096,822.9795217280472,0.6274509803921569,0.9411764705882353
1,1,0,48,0.0,295.6343475056382,996.6455140105619,1.0784313725490196,1.1764705882352942
1,1,0,49,0.0,474.9295590152167,1578.6731846671832,0.9901960784313726,2.3137254901960786
1,1,0,50,0.0,461.10635399656195,1061.7722598280793,2.0392156862745097,0.8823529411764706
1,1,0,51,0.0,164.3373341852506,707.765555828307,0.3137254901960784,0.803921568627451
1,1,0,52,0.0,502.84613797345577,1240.3528852678864,1.1372549019607843,1.2941176470588236
1,1,0,53,0.0,72.7598099942936,168.43439285709243,0.2647058823529412,0.0
1,1,0,54,0.0,1022.7950636478096,2217.8101764319276,2.803921568627451,1.7254901960784315
1,1,0,55,0.0,59.29141493157357,172.9719319344836,0.23529411764705882,0.11764705882352941
1,1,0,56,0.0,75.0721508835972,184.02734346113698,0.1568627450980392,0.17647058823529413
1,1,0,57,0.0,17.389297731640603,37.48373911530043,0.0,0.0
1,1,0,58,0.0,532.0444333521963,1006.2741681304805,2.0784313725490198,0.5686274509803921
1,1,0,59,0.0,47.35536709606067,120.1103592225318,0.13725490196078433,0.0
1,1,1,0,0.0,37.99962627826922,117.76205930569097,0.058823529411764705,0.0
1,1,1,1,0.0,271.792033581518,507.2232220928331,1.3235294117647058,0.0
1,1,1,2,0.0,690.3065003576683,1390.5659124900785,3.5392156862745097,0.49019607843137253
1,1,1,3,0.0,20.035322063237572,63.3562827868967,0.17647058823529413,0.0
1,1,1,4,0.0,21.572417770443195,44.61982655071068,0.029411764705882353,0.0
1,1,1,5,0.0,40.106081383083634,122.91434158688972,0.23529411764705882,0.0
1,1,1,6,0.0,165.2485462527201,462.0390077838798,0.6862745098039216,0.0
1,1,1,7,0.0,50.94763203351089,178.57591078225815,0.696078431372549,0.0
1,1,1,8,0.0,25.517587219926806,83.18207788456243,0.17647058823529413,0.0
1,1,1,9,0.0,102.11517643568382,281.0449145847904,0.8725490196078431,0.0
1,1,1,10,0.0,189.05071597705518,470.3166262198552,1.4313725490196079,0.0
1,1,1,11,0.0,142.18063657792476,356.75169453983784,1.0490196078431373,0.0
1,1,1,12,0.0,23.44796081394679,73.5971621584863,0.17647058823529413,0.0
1,1,1,13,0.0,85.40103085950578,243.80720211828532,0.5196078431372549,0.0
1,1,1,14,0.0,393.3447598992039,829.1353462119991,1.6862745098039216,0.0392156862745098
1,1,1,15,0.0,24.135449209144557,68.01875827309375,0.17647058823529413,0.0
1,1,1,16,0.0,19.223454332743582,62.191161754325464,0.058823529411764705,0.0
1,1,1,17,0.0,62.75170784458567,200.5959356879888,0.29411764705882354,0.0
1,1,1,18,0.0,245.52504114332498,459.9421338507326,1.1176470588235294,0.0
1,1,1,19,0.0,73.39289469749822,181.47377603363668,0.5784313725490197,0.0
1,1,1,20,0.0,109.47047525193011,296.00898096582034,0.5882352941176471,0.0
1,1,1,21,0.0,275.8573748235257,506.43189528766186,1.2352941176470589,0.11764705882352941
1,1,1,22,0.0,7.353201145345608,19.519665177152284,0.0,0.0
1,1,1,23,0.0,641.2108112988279,1250.2526626110791,2.7254901960784315,0.6274509803921569
1,1,1,24,0.0,83.35269572505392,221.1222885039562,0.6274509803921569,0.0
1,1,1,25,0.0,26.728952921914885,88.7636333169729,0.20588235294117646,0.0
1,1,1,26,0.0,80.59574211354114,221.0262557809366,0.696078431372549,0.0
1,1,1,27,0.0,31.042870948135267,69.55762389507379,0.17647058823529413,0.0
1,1,1,28,0.0,289.8838432048283,605.2866214434392,1.4509803921568627,0.0
1,1,1,29,0.0,7.195278724418108,17.259242702142487,0.0,0.0
1,1,1,30,0.0,289.35243116528255,552.4042836763908,1.2549019607843137,0.0
1,1,1,31,0.0,65.66442893368297,157.12164448179502,0.4019607843137255,0.0
1,1,1,32,0.0,53.7858361401474,130.8590366584861,0.37254901960784315,0.0
1,1,1,33,0.0,9.433863232290454,22.451092033868726,0.029411764705882353,0.0
1,1,1,34,0.0,144.0360745903011,322.58728783383884,0.9509803921568627,0.0
1,1,1,35,0.0,199.38081496726943,489.4917406407439,1.4901960784313726,0.0
1,1,1,36,0.0,220.79438437468986,623.6627776761025,1.0784313725490196,0.35294117647058826
1,1,1,37,0.0,22.930578398122947,80.25910134393071,0.11764705882352941,0.0
1,1,1,38,0.0,44.017495026004006,97.11317511664951,0.17647058823529413,0.0
1,1,1,39,0.0,279.2128216832065,524.0835262428143,1.2450980392156863,0.0
1,1,1,40,0.0,8.970887089966954,30.511941575951774,0.029411764705882353,0.0
1,1,1,41,0.0,25.98267259817417,66.09679480009893,0.029411764705882353,0.0
1,1,1,42,0.0,14.308692876749344,40.79320268708006,0.029411764705882353,0.0
1,1,1,43,0.0,205.3696485337922,482.6684654612018,0.696078431372549,0.0
1,1,1,44,0.0,211.48058364686437,459.40944167005546,0.7450980392156863,0.0
1,1,1,45,0.0,84.019892579969,301.02410100450777,1.0392156862745099,0.0
1,1,1,46,0.0,55.99083004880161,153.36538098782228,0.35294117647058826,0.058823529411764705
1,1,1,47,0.0,56.96855844169479,180.4982125584826,0.4117647058823529,0.0
1,1,1,48,0.0,19.582281942868743,67.27027529926494,0.058823529411764705,0.0
1,1,1,49,0.0,17.900582402746267,49.39926514863952,0.0,0.0
1,1,1,50,0.0,204.2188671511844,441.39957028671455,1.088235294117647,0.3333333333333333
1,1,1,51,0.0,17.971013898083548,62.52792539796126,0.17647058823529413,0.0
1,1,1,52,0.0,14.272755333964934,38.417254025122645,0.029411764705882353,0.0
1,1,1,53,0.0,13.322868610111042,34.66294042488937,0.029411764705882353,0.0
1,1,1,54,0.0,324.1711386279929,635.0185367831496,1.4607843137254901,0.0
1,1,1,55,0.0,23.74106458030265,61.591521255028724,0.058823529411764705,0.0
1,1,1,56,0.0,10.6441919686004,31.201833457738264,0.0,0.0
1,1,1,57,0.0,5.467533345406221,13.08128554909846,0.0,0.0
1,1,1,58,0.0,57.59903045143704,156.13337693911123,0.38235294117647056,0.0
1,1,1,59,0.0,9.321937327802507,32.25280713114165,0.0,0.0
1,1,2,0,0.0,26.024323992170203,89.79816185137553,0.058823529411764705,0.0
1,1,2,1,0.0,236.90570343267848,438.154608364284,1.1764705882352942,0.0
1,1,2,2,0.0,96.95234594739749,246.8157911904017,0.8235294117647058,0.0
1,1,2,3,0.0,12.114130941553904,46.698866841359575,0.17647058823529413,0.0
1,1,2,4,0.0,20.486401524443494,42.21152587417292,0.029411764705882353,0.0
1,1,2,5,0.0,39.28446543852359,120.63295171561023,0.23529411764705882,0.0
1,1,2,6,0.0,112.38173259547565,325.24470006510796,0.5098039215686274,0.0
1,1,2,7,0.0,50.23683708086733,174.11150466235392,0.696078431372549,0.0
1,1,2,8,0.0,21.143109711565874,74.10704759059406,0.17647058823529413,0.0
1,1,2,9,0.0,95.7868138964363,264.70112485940376,0.8725490196078431,0.0
1,1,2,10,0.0,64.7482396776049,168.77999959779083,0.35294117647058826,0.0
1,1,2,11,0.0,48.98852658970892,117.49270916443113,0.17647058823529413,0.0
1,1,2,12,0.0,19.487474739623305,65.91413502936916,0.17647058823529413,0.0
1,1,2,13,0.0,40.7132200437509,145.69371784592474,0.5196078431372549,0.0
1,1,2,14,0.0,264.12264833448546,564.5294728498551,1.196078431372549,0.0
1,1,2,15,0.0,23.44087777721852,64.35566136358705,0.17647058823529413,0.0
1,1,2,16,0.0,18.66784715916902,58.8908820598535,0.058823529411764705,0.0
1,1,2,17,0.0,55.657866403317755,179.8347875756842,0.29411764705882354,0.0
1,1,2,18,0.0,23.82478458243137,60.42935451844292,0.029411764705882353,0.0
1,1,2,19,0.0,37.26786258211767,89.14792793423825,0.20588235294117646,0.0
1,1,2,20,0.0,74.0603581934551,210.75023747279374,0.2647058823529412,0.0
1,1,2,21,0.0,54.63614881984882,116.83421828337922,0.20588235294117646,0.0
1,1,2,22,0.0,0.24555779374848785,1.7325759991689227,0.0,0.0
1,1,2,23,0.0,241.73906857094698,500.6516041959374,1.7450980392156863,0.0
1,1,2,24,0.0,47.23672529197903,107.3057256731929,0.2647058823529412,0.0
1,1,2,25,0.0,18.144361532708167,61.64949059698145,0.17647058823529413,0.0
1,1,2,26,0.0,60.51110011818877,176.49046967268345,0.5490196078431373,0.0
1,1,2,27,0.0,27.383250354829464,59.553852497627815,0.17647058823529413,0.0
1,1,2,28,0.0,54.19498840150824,159.5145728105049,0.37254901960784315,0.0
1,1,2,29,0.0,6.305074612488832,12.611664885705464,0.0,0.0
1,1,2,30,0.0,238.87412610796153,450.8758157887367,1.0490196078431373,0.0
1,1,2,31,0.0,55.5616962678271,127.3583411900846,0.37254901960784315,0.0
1,1,2,32,0.0,21.773557119712606,46.35276439668751,0.029411764705882353,0.0
1,1,2,33,0.0,8.276010152802368,19.418526980800724,0.029411764705882353,0.0
1,1,2,34,0.0,26.806519889317293,68.31384260641313,0.029411764705882353,0.0
1,1,2,35,0.0,135.6083819120347,352.04720629603446,1.3137254901960784,0.0
1,1,2,36,0.0,210.64660167916585,595.3675663461316,1.0196078431372548,0.35294117647058826
1,1,2,37,0.0,22.55567813437543,76.79323813686968,0.11764705882352941,0.0
1,1,2,38,0.0,37.25107000724388,81.90714740537882,0.17647058823529413,0.0
1,1,2,39,0.0,172.71488886335578,331.30737567027796,0.6372549019607843,0.0
1,1,2,40,0.0,3.3478316874970164,12.771903120807725,0.0,0.0
1,1,2,41,0.0,22.9335986748174,55.10453982100241,0.029411764705882353,0.0
1,1,2,42,0.0,10.00087086698452,28.600079156600863,0.0,0.0
1,1,2,43,0.0,42.05694271807652,87.26907193059594,0.0,0.0
1,1,2,44,0.0,119.98163804590295,295.8298897491106,0.5,0.0
1,1,2,45,0.0,63.66531104750973,251.5249352472401,1.0392156862745099,0.0
1,1,2,46,0.0,46.5571335240982,131.31488160182107,0.35294117647058826,0.058823529411764705
1,1,2,47,0.0,56.96855844169478,180.49821255848263,0.4117647058823529,0.0
1,1,2,48,0.0,12.745823268491922,46.78865719682004,0.058823529411764705,0.0
1,1,2,49,0.0,16.78994845789272,45.956550174160085,0.0,0.0
1,1,2,50,0.0,160.88539009255595,346.1419532829304,1.0,0.3333333333333333
1,1,2,51,0.0,14.134269156577467,53.81945900367107,0.17647058823529413,0.0
1,1,2,52,0.0,13.53897669738409,33.12750891484258,0.029411764705882353,0.0
1,1,2,53,0.0,12.795361452232966,33.205289641710024,0.029411764705882353,0.0
1,1,2,54,0.0,126.22329943015758,268.695287142494,0.7450980392156863,0.0
1,1,2,55,0.0,21.65967398556826,52.64968788129568,0.029411764705882353,0.0
1,1,2,56,0.0,6.5320394466714,13.330446214311019,0.0,0.0
1,1,2,57,0.0,3.453060645880986,8.446613790657603,0.0,0.0
1,1,2,58,0.0,47.01245975337705,135.4819908041423,0.38235294117647056,0.0
1,1,2,59,0.0,5.156358652491157,21.39817135355722,0.0,0.0
1,1,3,0,0.0,22.177856781631565,82.45228608357026,0.058823529411764705,0.0
1,1,3,1,0.0,109.91510654912375,213.7495475444361,0.3431372549019608,0.0
1,1,3,2,0.0,43.81742283403976,140.72195017663773,0.4117647058823529,0.0
1,1,3,3,0.0,11.055234530241647,44.499681688991416,0.17647058823529413,0.0
1,1,3,4,0.0,20.486401524443494,42.21152587417292,0.029411764705882353,0.0
1,1,3,5,0.0,39.28446543852359,120.63295171561026,0.23529411764705882,0.0
1,1,3,6,0.0,103.93485035992707,302.5272831826008,0.5098039215686274,0.0
1,1,3,7,0.0,49.67989796473442,170.6134460601784,0.696078431372549,0.0
1,1,3,8,0.0,21.031515934431237,73.89056456273427,0.17647058823529413,0.0
1,1,3,9,0.0,93.01496868705411,257.6028723997574,0.8725490196078431,0.0
1,1,3,10,0.0,61.16344643853137,154.35624206791002,0.3235294117647059,0.0
1,1,3,11,0.0,42.73041746085194,99.74389141352613,0.17647058823529413,0.0
1,1,3,12,0.0,19.487474739623305,65.91413502936916,0.17647058823529413,0.0
1,1,3,13,0.0,38.65050439384694,138.0742521675078,0.5196078431372549,0.0
1,1,3,14,0.0,236.47171446698073,514.0495817087013,1.0098039215686274,0.0
1,1,3,15,0.0,23.44087777721852,64.35566136358705,0.17647058823529413,0.0
1,1,3,16,0.0,18.66784715916902,58.8908820598535,0.058823529411764705,0.0
1,1,3,17,0.0,55.46550659105087,179.08643504912854,0.29411764705882354,0.0
1,1,3,18,0.0,14.604952252539903,37.31705431621287,0.0,0.0
1,1,3,19,0.0,31.11836234753107,76.4359843483205,0.20588235294117646,0.0
1,1,3,20,0.0,55.15216248802634,160.5140271846648,0.17647058823529413,0.0
1,1,3,21,0.0,48.21703776718742,104.67025481190727,0.20588235294117646,0.0
1,1,3,22,0.0,0.24555779374848785,1.7325759991689227,0.0,0.0
1,1,3,23,0.0,139.38897642754654,339.72579708912554,1.0,0.0
1,1,3,24,0.0,29.01917898332741,58.994637955847566,0.058823529411764705,0.0
1,1,3,25,0.0,15.161195069612244,53.03318226873317,0.17647058823529413,0.0
1,1,3,26,0.0,22.36006136875938,95.37789405693704,0.20588235294117646,0.0
1,1,3,27,0.0,25.378178431324173,53.856781563723786,0.17647058823529413,0.0
1,1,3,28,0.0,44.27877966929647,135.99431371118197,0.3431372549019608,0.0
1,1,3,29,0.0,6.305074612488851,12.61166488570549,0.0,0.0
1,1,3,30,0.0,71.46361891219571,149.093503847118,0.4019607843137255,0.0
1,1,3,31,0.0,53.531000697459405,122.59896435961848,0.37254901960784315,0.0
1,1,3,32,0.0,17.65624982506847,37.52542926688358,0.029411764705882353,0.0
1,1,3,33,0.0,6.445787997247459,14.293888928245686,0.029411764705882353,0.0
1,1,3,34,0.0,19.627856748653524,48.568552453797885,0.029411764705882353,0.0
1,1,3,35,0.0,43.873990817064566,118.59217079072859,0.2647058823529412,0.0
1,1,3,36,0.0,207.8353438031323,588.0427792682163,1.0196078431372548,0.35294117647058826
1,1,3,37,0.0,22.533686382769265,76.61031655987593,0.11764705882352941,0.0
1,1,3,38,0.0,20.90803741094354,38.7630623111009,0.0,0.0
1,1,3,39,0.0,149.42180358077803,281.95253515907257,0.5294117647058824,0.0
1,1,3,40,0.0,1.865525129823016,9.165792147659387,0.0,0.0
1,1,3,41,0.0,22.71583948862104,54.16902759014407,0.029411764705882353,0.0
1,1,3,42,0.0,8.403308665349263,24.072465670773116,0.0,0.0
1,1,3,43,0.0,38.953491017125636,76.1857622902826,0.0,0.0
1,1,3,44,0.0,98.50166579469433,245.3457926906468,0.38235294117647056,0.0
1,1,3,45,0.0,63.196590185085284,250.34518976515204,1.0392156862745099,0.0
1,1,3,46,0.0,42.518469870828504,122.0433460079866,0.35294117647058826,0.058823529411764705
1,1,3,47,0.0,56.96855844169478,180.49821255848263,0.4117647058823529,0.0
1,1,3,48,0.0,11.560264247078702,41.98353663683691,0.058823529411764705,0.0
1,1,3,49,0.0,14.652220721776983,39.88256030514113,0.0,0.0
1,1,3,50,0.0,138.1998022943443,289.096771482471,0.8627450980392157,0.3333333333333333
1,1,3,51,0.0,10.531842892027498,46.83103934967463,0.17647058823529413,0.0
1,1,3,52,0.0,13.534126531252419,33.107915479553036,0.029411764705882353,0.0
1,1,3,53,0.0,12.795361452232966,33.205289641710024,0.029411764705882353,0.0
1,1,3,54,0.0,123.61460673841401,264.0278745865533,0.7450980392156863,0.0
1,1,3,55,0.0,20.120517941664897,46.03734086888197,0.029411764705882353,0.0
1,1,3,56,0.0,6.244228398820058,12.076283922984235,0.0,0.0
1,1,3,57,0.0,2.966509112232457,7.095600889714417,0.0,0.0
1,1,3,58,0.0,43.67316184166599,128.64777302759538,0.38235294117647056,0.0
1,1,3,59,0.0,4.380527810484428,19.24391347127118,0.0,0.0
1,1,4,0,0.0,22.177856781631565,82.45228608357026,0.058823529411764705,0.0
1,1,4,1,0.0,38.295572793250656,82.11826609534111,0.11764705882352941,0.0
1,1,4,2,0.0,36.20116450436222,124.90938459668804,0.38235294117647056,0.0
1,1,4,3,0.0,11.055234530241647,44.499681688991416,0.17647058823529413,0.0
1,1,4,4,0.0,20.486401524443494,42.21152587417292,0.029411764705882353,0.0
1,1,4,5,0.0,39.28446543852359,120.63295171561026,0.23529411764705882,0.0
1,1,4,6,0.0,103.9240197182245,302.4889907014443,0.5098039215686274,0.0
1,1,4,7,0.0,49.67989796473442,170.6134460601784,0.696078431372549,0.0
1,1,4,8,0.0,21.031515934431237,73.89056456273427,0.17647058823529413,0.0
1,1,4,9,0.0,93.01422004267258,257.60159606215404,0.8725490196078431,0.0
1,1,4,10,0.0,61.14686827521003,154.31654856047078,0.3235294117647059,0.0
1,1,4,11,0.0,16.21590488703529,40.20261596683994,0.0,0.0
1,1,4,12,0.0,19.487474739623305,65.91413502936916,0.17647058823529413,0.0
1,1,4,13,0.0,38.65050439384694,138.0742521675078,0.5196078431372549,0.0
1,1,4,14,0.0,217.27237273804496,481.8663037770012,0.8725490196078431,0.0
1,1,4,15,0.0,23.44087777721852,64.35566136358705,0.17647058823529413,0.0
1,1,4,16,0.0,18.66784715916902,58.890882059853496,0.058823529411764705,0.0
1,1,4,17,0.0,55.46260909356342,179.06718467320655,0.29411764705882354,0.0
1,1,4,18,0.0,14.604952252539903,37.31705431621287,0.0,0.0
1,1,4,19,0.0,31.11836234753107,76.4359843483205,0.20588235294117646,0.0
1,1,4,20,0.0,48.0352041269459,138.0549139021012,0.17647058823529413,0.0
1,1,4,21,0.0,46.973159709107506,102.38171946797249,0.20588235294117646,0.0
1,1,4,22,0.0,0.24555779374848785,1.7325759991689227,0.0,0.0
1,1,4,23,0.0,131.5933753037832,326.10712340723484,0.9411764705882353,0.0
1,1,4,24,0.0,26.330794512885014,52.4287204905281,0.058823529411764705,0.0
1,1,4,25,0.0,15.161195069612244,53.03318226873317,0.17647058823529413,0.0
1,1,4,26,0.0,19.520697957516152,89.28430325924384,0.20588235294117646,0.0
1,1,4,27,0.0,25.378178431324173,53.85678156372379,0.17647058823529413,0.0
1,1,4,28,0.0,40.76943807183904,126.99533630492006,0.3431372549019608,0.0
1,1,4,29,0.0,6.305074612488848,12.61166488570549,0.0,0.0
1,1,4,30,0.0,64.14622818045784,135.18655362336048,0.3431372549019608,0.0
1,1,4,31,0.0,53.5170664239362,122.56528903315535,0.37254901960784315,0.0
1,1,4,32,0.0,17.65624982506847,37.52542926688358,0.029411764705882353,0.0
1,1,4,33,0.0,6.445787997247459,14.293888928245686,0.029411764705882353,0.0
1,1,4,34,0.0,19.49987360333001,48.355534887986934,0.029411764705882353,0.0
1,1,4,35,0.0,40.19968574637182,104.47169644195937,0.2647058823529412,0.0
1,1,4,36,0.0,207.81250317163892,587.9465858511935,1.0196078431372548,0.35294117647058826
1,1,4,37,0.0,22.533686382769265,76.61031655987593,0.11764705882352941,0.0
1,1,4,38,0.0,17.26016868632527,29.070039430721714,0.0,0.0
1,1,4,39,0.0,148.2230807587471,279.49817837458266,0.5196078431372549,0.0
1,1,4,40,0.0,1.8655251298230149,9.165792147659378,0.0,0.0
1,1,4,41,0.0,22.71583948862104,54.16902759014407,0.029411764705882353,0.0
1,1,4,42,0.0,6.211192598495904,17.843940608000572,0.0,0.0
1,1,4,43,0.0,38.65442448321902,74.5849518827798,0.0,0.0
1,1,4,44,0.0,98.50166579469433,245.3457926906468,0.38235294117647056,0.0
1,1,4,45,0.0,63.1965901850853,250.34518976515204,1.0392156862745099,0.0
1,1,4,46,0.0,42.518469870828504,122.0433460079866,0.35294117647058826,0.058823529411764705
1,1,4,47,0.0,56.96855844169478,180.49821255848263,0.4117647058823529,0.0
1,1,4,48,0.0,11.560264247078702,41.98353663683691,0.058823529411764705,0.0
1,1,4,49,0.0,14.101303364211285,38.31722231004135,0.0,0.0
1,1,4,50,0.0,137.24781240026635,286.8959886346931,0.8627450980392157,0.3333333333333333
1,1,4,51,0.0,10.531842892027498,46.83103934967463,0.17647058823529413,0.0
1,1,4,52,0.0,13.534126531252419,33.107915479553036,0.029411764705882353,0.0
1,1,4,53,0.0,12.795361452232985,33.205289641710024,0.029411764705882353,0.0
1,1,4,54,0.0,123.50985239514264,263.800839446486,0.7450980392156863,0.0
1,1,4,55,0.0,20.1205179416649,46.03734086888197,0.029411764705882353,0.0
1,1,4,56,0.0,6.244228398820058,12.076283922984235,0.0,0.0
1,1,4,57,0.0,2.966509112232457,7.095600889714417,0.0,0.0
1,1,4,58,0.0,43.67316184166599,128.64777302759538,0.38235294117647056,0.0
1,1,4,59,0.0,4.380527810484428,19.24391347127118,0.0,0.0
1,2,0,0,6.0,1628.2448532243013,4669.018470138813,3.2745098039215685,4.549019607843137
1,2,0,1,3.0,1142.2754592697922,2413.7605825382284,3.5686274509803924,1.392156862745098
1,2,0,2,10.0,3296.5168796171265,7301.937167578822,7.294117647058823,5.117647058823529
1,2,0,3,0.0,128.24827261004748,323.2924504932906,0.5,0.17647058823529413
1,2,0,4,0.0,41.26965983323032,94.8660153071149,0.20588235294117646,0.0
1,2,0,5,0.0,88.64673303954845,252.7791862067578,0.30392156862745096,0.0
1,2,0,6,8.0,2311.8422047474114,5342.221528852389,6.294117647058823,4.529411764705882
1,2,0,7,0.0,250.56416393770485,615.0874278052326,1.3725490196078431,0.3137254901960784
1,2,0,8,0.0,83.30251102577188,238.98001569244204,0.2647058823529412,0.0392156862745098
1,2,0,9,5.0,1642.7875697008665,3815.839989021681,5.029411764705882,3.411764705882353
1,2,0,10,0.0,746.7158319507638,1772.2274070147453,2.911764705882353,1.5098039215686274
1,2,0,11,0.0,819.1100507007566,1902.562742237646,2.911764705882353,1.6274509803921569
1,2,0,12,0.0,80.9894104992227,220.84246216720388,0.2549019607843137,0.0196078431372549
1,2,0,13,0.0,281.89297554274395,664.6807662482411,1.3823529411764706,0.27450980392156865
1,2,0,14,8.0,2188.6342382132166,4977.184449885066,5.647058823529412,4.117647058823529
1,2,0,15,0.0,825.2938261794933,2111.17021608354,2.2941176470588234,2.3333333333333335
1,2,0,16,0.0,850.0578661063327,2112.5506708702756,2.519607843137255,1.8823529411764706
1,2,0,17,9.0,2665.803518774629,7220.537980410253,5.911764705882353,6.411764705882353
1,2,0,18,0.0,1136.6750767070753,2309.1020623314002,3.3137254901960786,1.3725490196078431
1,2,0,19,0.0,711.4331004243974,1633.3810480772372,3.019607843137255,1.1176470588235294
1,2,0,20,3.0,1207.185461723496,2642.5825775898593,4.7254901960784315,2.2745098039215685
1,2,0,21,0.0,1009.9109579023793,2007.2748031704666,3.1372549019607843,1.1568627450980393
1,2,0,22,0.0,857.6559852752554,2128.2178919183193,2.0,2.5294117647058822
1,2,0,23,7.0,2652.6360272000916,5720.627348953988,5.990196078431373,3.5686274509803924
1,2,0,24,0.0,642.6536176025525,1382.707185743563,2.5686274509803924,1.0
1,2,0,25,0.0,604.2885922622439,1612.751641946067,2.019607843137255,1.7843137254901962
1,2,0,26,6.0,1680.1258203151838,4030.6847529902207,4.96078431372549,3.843137254901961
1,2,0,27,0.0,242.92219416193416,793.3410037644617,0.9019607843137255,0.7450980392156863
1,2,0,28,8.0,2057.0659595793772,4746.321709741217,6.323529411764706,3.764705882352941
1,2,0,29,0.0,52.92535748502337,135.93122341187672,0.13725490196078433,0.11764705882352941
1,2,0,30,8.0,1977.8226633734596,4443.902202110992,5.245098039215686,3.5686274509803924
1,2,0,31,0.0,712.8979323991756,1529.9480683421802,3.0294117647058822,1.0196078431372548
1,2,0,32,0.0,907.1163030585762,2152.890976272575,3.127450980392157,1.9019607843137254
1,2,0,33,0.0,28.46690099437128,67.5889673990188,0.029411764705882353,0.0
1,2,0,34,5.0,1554.553423673182,3224.9987313897063,5.049019607843137,2.176470588235294
1,2,0,35,6.0,1721.785144915385,4359.085038627684,5.019607843137255,4.196078431372549
1,2,0,36,3.0,1170.255667199649,2938.0580667720587,3.607843137254902,2.588235294117647
1,2,0,37,0.0,154.09623752794786,640.5800660619284,0.3333333333333333,0.7450980392156863
1,2,0,38,2.0,1322.9523914521667,2815.71436595872,4.107843137254902,1.5098039215686274
1,2,0,39,0.0,1005.7295089671978,1972.8074951349763,3.264705882352941,0.8823529411764706
1,2,0,40,0.0,170.09461648612594,662.5175360238363,0.4215686274509804,0.9411764705882353
1,2,0,41,0.0,58.345423393947776,166.8243046827271,0.38235294117647056,0.0
1,2,0,42,2.0,1069.458805462655,3284.646930159567,2.0098039215686274,3.7450980392156863
1,2,0,43,9.0,2317.4865538404724,5215.483750642588,6.490196078431373,4.235294117647059
1,2,0,44,4.0,1594.4364059082873,3327.2525595264774,5.03921568627451,2.235294117647059
1,2,0,45,0.0,288.533394241745,777.4474987510954,1.7352941176470589,0.7058823529411765
1,2,0,46,0.0,337.43398112769967,845.5789614219982,1.3333333333333333,0.8235294117647058
1,2,0,47,0.0,324.3238883784748,1142.0194826420934,0.7647058823529411,1.2352941176470589
1,2,0,48,0.0,587.5355271669208,1845.178834226122,1.5980392156862746,1.8431372549019607
1,2,0,49,0.0,920.0917698074402,2888.2545987613894,1.7843137254901962,3.235294117647059
1,2,0,50,1.0,979.8069307463595,2236.562303724741,3.107843137254902,1.8627450980392157
1,2,0,51,0.0,276.47659955340674,1034.5158930513808,0.5294117647058824,0.9607843137254902
1,2,0,52,0.0,959.7929548242126,2530.231448545943,2.0784313725490198,2.6666666666666665
1,2,0,53,0.0,77.62072590777221,181.34771229831847,0.2647058823529412,0.0
1,2,0,54,10.0,2693.550003605689,6385.99332114211,6.392156862745098,5.313725490196078
1,2,0,55,0.0,64.79412149543013,184.84647838389668,0.24509803921568626,0.11764705882352941
1,2,0,56,0.0,85.48994019694405,209.90357069047184,0.23529411764705882,0.17647058823529413
1,2,0,57,0.0,18.02499328245409,38.52007447621448,0.0,0.0
1,2,0,58,0.0,1085.6726796316213,2175.6806192452686,3.4019607843137254,1.2352941176470589
1,2,0,59,0.0,75.21378146965552,193.19538702298794,0.27450980392156865,0.0392156862745098
1,2,1,0,0.0,38.47748409430913,120.08720817206749,0.058823529411764705,0.0
1,2,1,1,0.0,405.2022743921916,766.9622600394804,1.7156862745098038,0.058823529411764705
1,2,1,2,0.0,1373.6860806849777,2778.0453283612087,4.637254901960785,0.7843137254901961
1,2,1,3,0.0,20.690604825494262,64.18585621458311,0.17647058823529413,0.0
1,2,1,4,0.0,21.572417770443195,44.61982655071068,0.029411764705882353,0.0
1,2,1,5,0.0,40.94971182038327,124.48123920133483,0.23529411764705882,0.0
1,2,1,6,0.0,192.91717031117255,547.7044506587083,0.7254901960784313,0.0
1,2,1,7,0.0,51.793929818778984,182.0632152016126,0.696078431372549,0.0
1,2,1,8,0.0,25.517587219926806,83.18207788456245,0.17647058823529413,0.0
1,2,1,9,0.0,224.96997091946918,511.5018291147171,1.3529411764705883,0.3137254901960784
1,2,1,10,0.0,292.2875228924375,673.4983674971102,1.696078431372549,0.2549019607843137
1,2,1,11,0.0,165.216040660532,407.4781325361371,1.0784313725490196,0.058823529411764705
1,2,1,12,0.0,23.44796081394679,73.59716215848631,0.17647058823529413,0.0
1,2,1,13,0.0,87.89675706868516,250.5213230820504,0.5196078431372549,0.0
1,2,1,14,0.0,772.3752677190047,1615.3447148097462,2.8137254901960786,0.6274509803921569
1,2,1,15,0.0,24.587297927980053,68.82408771979067,0.17647058823529413,0.0
1,2,1,16,0.0,22.80788057552035,72.15267737869928,0.11764705882352941,0.0
1,2,1,17,0.0,116.65906596609132,370.4474748045229,0.5588235294117647,0.09803921568627451
1,2,1,18,0.0,351.4898004842918,657.021205589262,1.4313725490196079,0.1568627450980392
1,2,1,19,0.0,93.40377687289215,223.89839099413524,0.7156862745098039,0.0
1,2,1,20,0.0,230.454667605288,572.3961896324101,1.2843137254901962,0.0
1,2,1,21,0.0,458.7098531714508,826.4497569332079,1.6666666666666667,0.39215686274509803
1,2,1,22,0.0,7.353201145345608,19.51966517715228,0.0,0.0
1,2,1,23,0.0,1518.207229751908,3037.8555460938014,4.215686274509804,1.0
1,2,1,24,0.0,124.61676507567131,306.16116727093475,0.9509803921568627,0.0
1,2,1,25,0.0,26.904016225623533,89.06002632388761,0.20588235294117646,0.0
1,2,1,26,0.0,147.4011743313262,342.13987785268614,0.9509803921568627,0.1568627450980392
1,2,1,27,0.0,31.042870948135267,69.55762389507377,0.17647058823529413,0.0
1,2,1,28,0.0,364.1385937038806,741.0581261034447,1.6666666666666667,0.0
1,2,1,29,0.0,7.304195911919518,17.427323473250812,0.0,0.0
1,2,1,30,0.0,527.4937405142132,1018.3931146000879,1.9705882352941178,0.4117647058823529
1,2,1,31,0.0,133.5383042212999,299.1878226642428,0.8333333333333334,0.0
1,2,1,32,0.0,73.21981009054429,165.01907977038687,0.49019607843137253,0.0
1,2,1,33,0.0,9.433863232290452,22.45109203386869,0.029411764705882353,0.0
1,2,1,34,0.0,272.29500004998096,564.5630808005071,1.5,0.0
1,2,1,35,0.0,261.8488324330296,595.5758611633383,1.7745098039215685,0.0
1,2,1,36,0.0,303.68233382821495,834.7846254833642,1.2352941176470589,0.47058823529411764
1,2,1,37,0.0,22.961020543482345,80.35962756140829,0.11764705882352941,0.0
1,2,1,38,0.0,44.28855209585243,97.57869777425506,0.17647058823529413,0.0
1,2,1,39,0.0,435.60446613607076,809.3986751927971,1.7156862745098038,0.0784313725490196
1,2,1,40,0.0,8.970887089966958,30.511941575951774,0.029411764705882353,0.0
1,2,1,41,0.0,25.982672598174172,66.09679480009893,0.029411764705882353,0.0
1,2,1,42,0.0,14.315860411281731,40.816871358478686,0.029411764705882353,0.0
1,2,1,43,0.0,333.43596905764,764.3579115377604,1.2549019607843137,0.058823529411764705
1,2,1,44,0.0,304.61368209653534,653.7127014635034,1.2058823529411764,0.09803921568627451
1,2,1,45,0.0,85.64579848952168,307.1106061267385,1.0392156862745099,0.0
1,2,1,46,0.0,56.25193654785864,154.11032371840167,0.35294117647058826,0.058823529411764705
1,2,1,47,0.0,57.209558647529754,181.36593108861103,0.4117647058823529,0.0
1,2,1,48,0.0,19.58315432039897,67.27260042903919,0.058823529411764705,0.0
1,2,1,49,0.0,17.900967897639102,49.40300952775795,0.0,0.0
1,2,1,50,0.0,315.2723113082677,679.218256315645,1.6470588235294117,0.4117647058823529
1,2,1,51,0.0,17.971013898083545,62.52792539796126,0.17647058823529413,0.0
1,2,1,52,0.0,14.521916192550247,39.28352745982196,0.029411764705882353,0.0
1,2,1,53,0.0,13.370931832556714,34.76822008009875,0.029411764705882353,0.0
1,2,1,54,0.0,533.8428200676437,1029.4576884873022,2.0294117647058822,0.4117647058823529
1,2,1,55,0.0,23.74106458030265,61.591521255028724,0.058823529411764705,0.0
1,2,1,56,0.0,10.644191968600403,31.201833457738264,0.0,0.0
1,2,1,57,0.0,5.467533345406221,13.08128554909846,0.0,0.0
1,2,1,58,0.0,75.83812194934855,190.99625812847148,0.47058823529411764,0.058823529411764705
1,2,1,59,0.0,9.321937327802502,32.25280713114164,0.0,0.0
1,2,2,0,0.0,26.090002464751393,90.25425252509856,0.058823529411764705,0.0
1,2,2,1,0.0,320.5458981594725,588.5609837781278,1.4509803921568627,0.0
1,2,2,2,0.0,175.53608761870896,386.0045115768771,1.3137254901960784,0.0392156862745098
1,2,2,3,0.0,12.114130941553906,46.69886684135958,0.17647058823529413,0.0
1,2,2,4,0.0,20.486401524443494,42.21152587417292,0.029411764705882353,0.0
1,2,2,5,0.0,39.897802664184596,121.7806780592654,0.23529411764705882,0.0
1,2,2,6,0.0,135.35301846671518,390.83082661152594,0.5980392156862745,0.0
1,2,2,7,0.0,51.03999320233898,177.45176745589848,0.696078431372549,0.0
1,2,2,8,0.0,21.143109711565874,74.10704759059406,0.17647058823529413,0.0
1,2,2,9,0.0,115.43928665563917,300.53546727782685,0.9215686274509803,0.09803921568627451
1,2,2,10,0.0,97.69280175794444,237.1306909208284,0.5196078431372549,0.0
1,2,2,11,0.0,63.106486362820334,150.34936540137207,0.3137254901960784,0.0
1,2,2,12,0.0,19.487474739623305,65.91413502936916,0.17647058823529413,0.0
1,2,2,13,0.0,41.476834755818416,148.45681516435846,0.5196078431372549,0.0
1,2,2,14,0.0,458.19632321702187,934.5992108162397,1.8235294117647058,0.17647058823529413
1,2,2,15,0.0,23.534141142510627,64.56415457099493,0.17647058823529413,0.0
1,2,2,16,0.0,18.676110282920607,58.91869480392258,0.058823529411764705,0.0
1,2,2,17,0.0,59.715791515813926,193.49590967256478,0.29411764705882354,0.0
1,2,2,18,0.0,24.114330954967684,61.26233810332764,0.029411764705882353,0.0
1,2,2,19,0.0,37.36001557313883,89.79768237715874,0.20588235294117646,0.0
1,2,2,20,0.0,88.6432801532783,244.90020704633298,0.2647058823529412,0.0
1,2,2,21,0.0,55.804008674078965,118.54786227973614,0.20588235294117646,0.0
1,2,2,22,0.0,0.24555779374848785,1.7325759991689227,0.0,0.0
1,2,2,23,0.0,511.15556349919325,991.6562581181468,2.3823529411764706,0.37254901960784315
1,2,2,24,0.0,48.328199997036954,109.79409179019991,0.2647058823529412,0.0
1,2,2,25,0.0,18.344762935759775,62.24855706882907,0.17647058823529413,0.0
1,2,2,26,0.0,64.2707516628339,183.745088481351,0.5490196078431373,0.0
1,2,2,27,0.0,27.383250354829464,59.553852497627815,0.17647058823529413,0.0
1,2,2,28,0.0,54.842124663504165,161.26259831359158,0.37254901960784315,0.0
1,2,2,29,0.0,6.331918320578295,12.652969289697193,0.0,0.0
1,2,2,30,0.0,326.884720621579,625.6612624823744,1.3333333333333333,0.09803921568627451
1,2,2,31,0.0,65.55139286534562,145.12790399057707,0.43137254901960786,0.0
1,2,2,32,0.0,21.778427309659957,46.360834908287785,0.029411764705882353,0.0
1,2,2,33,0.0,8.276010152802368,19.418526980800724,0.029411764705882353,0.0
1,2,2,34,0.0,26.85528061400212,68.48069916044226,0.029411764705882353,0.0
1,2,2,35,0.0,169.53760994801073,415.8568044285862,1.4019607843137254,0.0
1,2,2,36,0.0,234.04409014000078,671.4871206979071,1.0392156862745099,0.35294117647058826
1,2,2,37,0.0,22.570129424238093,76.87361625986034,0.11764705882352941,0.0
1,2,2,38,0.0,37.73053597553696,82.70903364330483,0.17647058823529413,0.0
1,2,2,39,0.0,351.28237491025277,649.4292745388167,1.2745098039215685,0.0
1,2,2,40,0.0,3.3478316874970164,12.771903120807725,0.0,0.0
1,2,2,41,0.0,22.9335986748174,55.10453982100241,0.029411764705882353,0.0
1,2,2,42,0.0,10.00087086698452,28.600079156600856,0.0,0.0
1,2,2,43,0.0,43.2923975758295,91.23969154427802,0.0,0.0
1,2,2,44,0.0,124.18273859450245,304.98839669498716,0.5,0.0
1,2,2,45,0.0,64.97056748103934,256.720943475843,1.0392156862745099,0.0
1,2,2,46,0.0,46.72357228851341,132.0214349539236,0.35294117647058826,0.058823529411764705
1,2,2,47,0.0,57.17427925391006,181.24943128369844,0.4117647058823529,0.0
1,2,2,48,0.0,12.745823268491922,46.78865719682004,0.058823529411764705,0.0
1,2,2,49,0.0,16.789948457892738,45.956550174160135,0.0,0.0
1,2,2,50,0.0,218.81327848100568,471.44868434997306,1.196078431372549,0.3333333333333333
1,2,2,51,0.0,14.134269156577467,53.81945900367107,0.17647058823529413,0.0
1,2,2,52,0.0,13.7141926707577,33.72639593271008,0.029411764705882353,0.0
1,2,2,53,0.0,12.812270719807206,33.246104978524386,0.029411764705882353,0.0
1,2,2,54,0.0,294.87749848153805,560.8210389017222,1.4215686274509804,0.09803921568627451
1,2,2,55,0.0,21.65967398556826,52.64968788129568,0.029411764705882353,0.0
1,2,2,56,0.0,6.532039446671398,13.330446214311019,0.0,0.0
1,2,2,57,0.0,3.453060645880986,8.446613790657603,0.0,0.0
1,2,2,58,0.0,48.28231330072986,137.82913278612935,0.38235294117647056,0.0
1,2,2,59,0.0,5.156358652491159,21.398171353557228,0.0,0.0
1,2,3,0,0.0,22.24353525421279,82.90837675729341,0.058823529411764705,0.0
1,2,3,1,0.0,179.2671754026576,334.25665911845005,0.8235294117647058,0.0
1,2,3,2,0.0,44.45400302100639,144.84542839425575,0.4117647058823529,0.0
1,2,3,3,0.0,11.055234530241648,44.499681688991416,0.17647058823529413,0.0
1,2,3,4,0.0,20.486401524443494,42.21152587417292,0.029411764705882353,0.0
1,2,3,5,0.0,39.897802664184596,121.78067805926538,0.23529411764705882,0.0
1,2,3,6,0.0,112.82925609370342,329.0217608493198,0.5392156862745098,0.0
1,2,3,7,0.0,50.48305408620607,173.95370885372293,0.696078431372549,0.0
1,2,3,8,0.0,21.031515934431237,73.89056456273427,0.17647058823529413,0.0
1,2,3,9,0.0,97.24289098555465,268.9468159977767,0.8725490196078431,0.0
1,2,3,10,0.0,63.292849148659734,158.86622899846196,0.3235294117647059,0.0
1,2,3,11,0.0,54.89519583008371,127.93851250200431,0.27450980392156865,0.0
1,2,3,12,0.0,19.487474739623305,65.91413502936916,0.17647058823529413,0.0
1,2,3,13,0.0,39.206331937418554,140.3491640007828,0.5196078431372549,0.0
1,2,3,14,0.0,341.05393484815465,695.9441590741654,1.3235294117647058,0.11764705882352941
1,2,3,15,0.0,23.48962551917347,64.4900619262184,0.17647058823529413,0.0
1,2,3,16,0.0,18.67611028292061,58.918694803922584,0.058823529411764705,0.0
1,2,3,17,0.0,59.48688446768482,192.6590956488826,0.29411764705882354,0.0
1,2,3,18,0.0,14.620613553518512,37.369904579219934,0.0,0.0
1,2,3,19,0.0,31.126625471282658,76.4637970923896,0.20588235294117646,0.0
1,2,3,20,0.0,67.79863069770111,184.1353249762197,0.17647058823529413,0.0
1,2,3,21,0.0,49.26745446164349,106.4337865024064,0.20588235294117646,0.0
1,2,3,22,0.0,0.24555779374848785,1.7325759991689227,0.0,0.0
1,2,3,23,0.0,212.39561884625766,466.54340466213364,1.411764705882353,0.0392156862745098
1,2,3,24,0.0,29.536814428543263,59.98536151064574,0.058823529411764705,0.0
1,2,3,25,0.0,15.353634106569318,53.53713517652543,0.17647058823529413,0.0
1,2,3,26,0.0,23.03487224608555,96.97568073749875,0.20588235294117646,0.0
1,2,3,27,0.0,25.378178431324173,53.856781563723786,0.17647058823529413,0.0
1,2,3,28,0.0,44.34565537034699,136.60399440239135,0.3431372549019608,0.0
1,2,3,29,0.0,6.331918320578314,12.652969289697223,0.0,0.0
1,2,3,30,0.0,153.8922118327912,307.9145894719886,0.6666666666666666,0.0
1,2,3,31,0.0,54.22058942932081,124.3537929496154,0.37254901960784315,0.0
1,2,3,32,0.0,17.6611200150158,37.533499778483844,0.029411764705882353,0.0
1,2,3,33,0.0,6.445787997247459,14.293888928245686,0.029411764705882353,0.0
1,2,3,34,0.0,19.66411916962036,48.6289083125732,0.029411764705882353,0.0
1,2,3,35,0.0,45.175774244227995,121.72408341384136,0.2647058823529412,0.0
1,2,3,36,0.0,224.02703085799567,644.9050478216759,1.0392156862745099,0.35294117647058826
1,2,3,37,0.0,22.541626497627572,76.6365364502161,0.11764705882352941,0.0
1,2,3,38,0.0,20.908037410943543,38.7630623111009,0.0,0.0
1,2,3,39,0.0,267.040504805738,494.1709270732201,0.9607843137254902,0.0
1,2,3,40,0.0,1.865525129823016,9.165792147659387,0.0,0.0
1,2,3,41,0.0,22.71583948862104,54.16902759014407,0.029411764705882353,0.0
1,2,3,42,0.0,8.403308665349263,24.072465670773116,0.0,0.0
1,2,3,43,0.0,39.227303687285186,77.47463893641162,0.0,0.0
1,2,3,44,0.0,99.36626319168465,247.95237792556586,0.38235294117647056,0.0
1,2,3,45,0.0,64.31450419803714,255.08343881114607,1.0392156862745099,0.0
1,2,3,46,0.0,42.606972310316,122.28935050672496,0.35294117647058826,0.058823529411764705
1,2,3,47,0.0,57.1583523104816,181.19683724474555,0.4117647058823529,0.0
1,2,3,48,0.0,11.560264247078702,41.98353663683691,0.058823529411764705,0.0
1,2,3,49,0.0,14.652220721776983,39.88256030514113,0.0,0.0
1,2,3,50,0.0,171.3131996349378,369.6525686008681,1.0196078431372548,0.3333333333333333
1,2,3,51,0.0,10.531842892027498,46.83103934967463,0.17647058823529413,0.0
1,2,3,52,0.0,13.656377142806166,33.492868362437285,0.029411764705882353,0.0
1,2,3,53,0.0,12.812270719807206,33.246104978524386,0.029411764705882353,0.0
1,2,3,54,0.0,190.15296173472038,381.86594931812994,1.1372549019607843,0.0
1,2,3,55,0.0,20.120517941664897,46.03734086888197,0.029411764705882353,0.0
1,2,3,56,0.0,6.244228398820058,12.076283922984235,0.0,0.0
1,2,3,57,0.0,2.966509112232457,7.095600889714417,0.0,0.0
1,2,3,58,0.0,43.84015990171985,128.9485403440395,0.38235294117647056,0.0
1,2,3,59,0.0,4.380527810484428,19.24391347127118,0.0,0.0
1,2,4,0,0.0,22.24353525421279,82.90837675729341,0.058823529411764705,0.0
1,2,4,1,0.0,38.480965296594235,82.5711946342632,0.11764705882352941,0.0
1,2,4,2,0.0,36.60629179966844,128.61034889087063,0.38235294117647056,0.0
1,2,4,3,0.0,11.055234530241647,44.499681688991416,0.17647058823529413,0.0
1,2,4,4,0.0,20.486401524443494,42.21152587417292,0.029411764705882353,0.0
1,2,4,5,0.0,39.897802664184596,121.78067805926538,0.23529411764705882,0.0
1,2,4,6,0.0,106.69119440185779,311.68263259751484,0.5098039215686274,0.0
1,2,4,7,0.0,50.48305408620607,173.95370885372293,0.696078431372549,0.0
1,2,4,8,0.0,21.031515934431237,73.89056456273427,0.17647058823529413,0.0
1,2,4,9,0.0,97.23469067247304,268.93128857660747,0.8725490196078431,0.0
1,2,4,10,0.0,63.19728100558985,158.67624582363595,0.3235294117647059,0.0
1,2,4,11,0.0,17.25317912240121,42.53413508496871,0.0,0.0
1,2,4,12,0.0,19.487474739623305,65.91413502936916,0.17647058823529413,0.0
1,2,4,13,0.0,39.206331937418554,140.3491640007828,0.5196078431372549,0.0
1,2,4,14,0.0,316.37659468872516,650.9837741163678,1.2254901960784315,0.11764705882352941
1,2,4,15,0.0,23.48962551917347,64.4900619262184,0.17647058823529413,0.0
1,2,4,16,0.0,18.67611028292061,58.91869480392258,0.058823529411764705,0.0
1,2,4,17,0.0,59.476481103359106,192.5931223565606,0.29411764705882354,0.0
1,2,4,18,0.0,14.620613553518512,37.369904579219934,0.0,0.0
1,2,4,19,0.0,31.126625471282658,76.46379709238958,0.20588235294117646,0.0
1,2,4,20,0.0,60.68167233662069,161.67621169365623,0.17647058823529413,0.0
1,2,4,21,0.0,47.413462117804286,103.11687124835098,0.20588235294117646,0.0
1,2,4,22,0.0,0.24555779374848785,1.7325759991689227,0.0,0.0
1,2,4,23,0.0,152.620899690395,368.25491161385247,1.0294117647058822,0.0
1,2,4,24,0.0,26.82336681129791,53.373834923500624,0.058823529411764705,0.0
1,2,4,25,0.0,15.336258373320893,53.329575275647855,0.17647058823529413,0.0
1,2,4,26,0.0,20.031814564897864,90.4538924241378,0.20588235294117646,0.0
1,2,4,27,0.0,25.378178431324173,53.85678156372379,0.17647058823529413,0.0
1,2,4,28,0.0,40.81614815698192,127.55330646385536,0.3431372549019608,0.0
1,2,4,29,0.0,6.331918320578293,12.65296928969719,0.0,0.0
1,2,4,30,0.0,70.35335886400694,145.87754420151035,0.39215686274509803,0.0
1,2,4,31,0.0,54.10829051308753,124.1658466779957,0.37254901960784315,0.0
1,2,4,32,0.0,17.6611200150158,37.533499778483844,0.029411764705882353,0.0
1,2,4,33,0.0,6.445787997247459,14.293888928245686,0.029411764705882353,0.0
1,2,4,34,0.0,19.49987360333001,48.355534887986934,0.029411764705882353,0.0
1,2,4,35,0.0,41.36934448085465,107.61599030088975,0.2647058823529412,0.0
1,2,4,36,0.0,223.2438580943856,643.0177813119984,1.0392156862745099,0.35294117647058826
1,2,4,37,0.0,22.541626497627572,76.6365364502161,0.11764705882352941,0.0
1,2,4,38,0.0,17.26016868632527,29.070039430721714,0.0,0.0
1,2,4,39,0.0,242.21968823086084,452.3999516974732,0.7941176470588235,0.0
1,2,4,40,0.0,1.8655251298230149,9.165792147659378,0.0,0.0
1,2,4,41,0.0,22.71583948862104,54.16902759014407,0.029411764705882353,0.0
1,2,4,42,0.0,6.211192598495904,17.843940608000576,0.0,0.0
1,2,4,43,0.0,38.708848831116555,74.87626853863517,0.0,0.0
1,2,4,44,0.0,99.36626319168465,247.95237792556586,0.38235294117647056,0.0
1,2,4,45,0.0,64.31450419803714,255.08343881114607,1.0392156862745099,0.0
1,2,4,46,0.0,42.606972310316,122.28935050672496,0.35294117647058826,0.058823529411764705
1,2,4,47,0.0,57.1583523104816,181.19683724474555,0.4117647058823529,0.0
1,2,4,48,0.0,11.560264247078702,41.98353663683691,0.058823529411764705,0.0
1,2,4,49,0.0,14.101303364211287,38.31722231004135,0.0,0.0
1,2,4,50,0.0,150.92909838094192,323.1256978875215,0.9215686274509803,0.3333333333333333
1,2,4,51,0.0,10.531842892027498,46.83103934967463,0.17647058823529413,0.0
1,2,4,52,0.0,13.656377142806166,33.492868362437285,0.029411764705882353,0.0
1,2,4,53,0.0,12.812270719807223,33.246104978524386,0.029411764705882353,0.0
1,2,4,54,0.0,168.50566998295014,344.1412438427862,0.9901960784313726,0.0
1,2,4,55,0.0,20.120517941664897,46.03734086888197,0.029411764705882353,0.0
1,2,4,56,0.0,6.244228398820058,12.076283922984235,0.0,0.0
1,2,4,57,0.0,2.966509112232457,7.095600889714417,0.0,0.0
1,2,4,58,0.0,43.84015990171985,128.9485403440395,0.38235294117647056,0.0
1,2,4,59,0.0,4.380527810484428,19.24391347127118,0.0,0.0
1,3,0,0,14.0,6238.972877735426,16925.376471023035,8.382352941176471,10.666666666666666
1,3,0,1,11.0,4460.82087233128,10347.135471277908,7.696078431372549,7.0
1,3,0,2,14.0,8612.793746838155,20290.704107700025,11.872549019607844,10.764705882352942
1,3,0,3,0.0,253.39892710534198,625.3520833467588,0.8235294117647058,0.8235294117647058
1,3,0,4,0.0,44.09738384799985,102.09103926030355,0.20588235294117646,0.0
1,3,0,5,0.0,207.1738596063181,567.5157148651238,0.5392156862745098,0.21568627450980393
1,3,0,6,14.0,8931.543539364491,21705.137745766035,12.352941176470589,11.705882352941176
1,3,0,7,0.0,452.34398232432034,1092.6660607480912,1.7450980392156863,0.9215686274509803
1,3,0,8,0.0,196.6875909578426,544.2588959139891,0.47058823529411764,0.35294117647058826
1,3,0,9,13.0,7113.3050310070785,17421.726686425434,11.313725490196079,10.411764705882353
1,3,0,10,10.0,3086.559221301975,7271.648502223672,6.186274509803922,5.862745098039215
1,3,0,11,10.0,3408.5281676048353,8129.017450569097,6.509803921568627,6.176470588235294
1,3,0,12,0.0,221.295762717393,606.8752932795762,0.5294117647058824,0.39215686274509803
1,3,0,13,0.0,514.0042218397876,1224.0339126043643,1.9607843137254901,0.9215686274509803
1,3,0,14,14.0,8616.090418622189,20832.00046115845,11.931372549019608,11.019607843137255
1,3,0,15,10.0,3157.7102977069953,8362.674068927592,5.882352941176471,7.333333333333333
1,3,0,16,10.0,3522.5471885005427,9253.488730251654,6.490196078431373,7.607843137254902
1,3,0,17,15.0,8876.78332472485,23209.54255256147,10.696078431372548,12.176470588235293
1,3,0,18,10.0,4623.184326502945,10643.66471300776,7.970588235294118,7.431372549019608
1,3,0,19,9.0,3350.355537667311,8054.9428808053,6.6568627450980395,6.117647058823529
1,3,0,20,12.0,5340.648400866142,12482.409000897054,10.088235294117647,8.72549019607843
1,3,0,21,8.0,3722.8600373679565,8354.861398494433,6.764705882352941,5.784313725490196
1,3,0,22,9.0,3278.1269433389984,8567.35966892469,5.647058823529412,7.470588235294118
1,3,0,23,12.0,7004.309878113383,16435.320684907827,10.284313725490197,9.254901960784315
1,3,0,24,7.0,2444.8736183507663,5594.595899922128,5.313725490196078,4.470588235294118
1,3,0,25,6.0,1495.381087176364,3921.569538036383,3.3529411764705883,3.627450980392157
1,3,0,26,13.0,7202.068222717178,17697.190751813963,11.0,10.607843137254902
1,3,0,27,0.0,498.9290014216751,1615.5550604117852,1.2941176470588236,1.6862745098039216
1,3,0,28,14.0,7801.893523310076,18787.93422650436,11.666666666666666,10.431372549019608
1,3,0,29,0.0,124.53024980252249,310.99641116128026,0.28431372549019607,0.5490196078431373
1,3,0,30,14.0,8788.007051802957,21242.69110768224,12.098039215686274,11.313725490196079
1,3,0,31,7.0,2716.5738538298365,6159.338694554643,5.921568627450981,4.8431372549019605
1,3,0,32,10.0,3631.5894332184107,8753.721830565419,6.696078431372549,6.470588235294118
1,3,0,33,0.0,29.376965725594474,69.58241604273849,0.029411764705882353,0.0
1,3,0,34,12.0,6155.660750249923,14214.560791964777,10.333333333333334,8.647058823529411
1,3,0,35,14.0,7464.468153533322,18623.431885747435,11.205882352941176,10.803921568627452
1,3,0,36,12.0,4439.347348717403,11510.020101302487,7.823529411764706,8.254901960784315
1,3,0,37,0.0,395.96184118287846,1432.3414667106981,0.5392156862745098,1.7450980392156863
1,3,0,38,12.0,5335.121074751974,12594.045897484095,8.833333333333334,7.784313725490196
1,3,0,39,9.0,3816.4333408113066,8574.72885379825,7.068627450980392,5.666666666666667
1,3,0,40,0.0,384.53279703466353,1379.3514751416592,0.6568627450980392,1.7254901960784315
1,3,0,41,0.0,63.91301188658641,177.54504509857432,0.38235294117647056,0.0
1,3,0,42,11.0,3397.690910538837,9483.672589406891,4.313725490196078,7.0588235294117645
1,3,0,43,15.0,9306.98732666667,22466.367641106717,12.666666666666666,11.666666666666666
1,3,0,44,12.0,5830.730130695542,13585.986911352142,10.196078431372548,8.372549019607844
1,3,0,45,0.0,520.5985237054394,1351.320928812042,2.049019607843137,1.2941176470588236
1,3,0,46,0.0,645.0669213773565,1576.634228245642,1.8529411764705883,1.6470588235294117
1,3,0,47,2.0,838.6729321719368,2568.5663529045883,1.5,3.0784313725490198
1,3,0,48,8.0,2886.4927534083245,8049.180315926166,5.235294117647059,6.2745098039215685
1,3,0,49,10.0,3186.530727819778,8934.765035974566,4.254901960784314,6.647058823529412
1,3,0,50,10.0,3960.3994830643906,9427.59619264194,7.098039215686274,7.03921568627451
1,3,0,51,1.0,743.7880763544429,2381.6891892002845,1.2941176470588236,2.803921568627451
1,3,0,52,10.0,4040.439751646313,10787.710076546191,6.705882352941177,8.03921568627451
1,3,0,53,0.0,89.99542668580686,212.9558047590921,0.27450980392156865,0.0
1,3,0,54,15.0,10152.420011453318,25007.90679782317,12.823529411764707,12.431372549019608
1,3,0,55,0.0,133.5623001944,358.1659461402943,0.4019607843137255,0.49019607843137253
1,3,0,56,0.0,106.25347949085673,252.4542979308145,0.37254901960784315,0.17647058823529413
1,3,0,57,0.0,19.092927718308644,40.752379699343344,0.0,0.0
1,3,0,58,10.0,3750.402935258306,8643.221470159211,6.950980392156863,5.901960784313726
1,3,0,59,0.0,189.3609292243518,508.1236216646544,0.6176470588235294,0.29411764705882354
1,3,1,0,0.0,40.659214819653165,126.84191608501177,0.0784313725490196,0.0
1,3,1,1,1.0,1018.4712655596392,2020.914915414815,2.8823529411764706,0.5294117647058824
1,3,1,2,8.0,3134.300715762401,6927.081857565976,6.5,3.607843137254902
1,3,1,3,0.0,22.190156704582314,66.21466668281433,0.17647058823529413,0.0
1,3,1,4,0.0,21.57439622290781,44.6264857989206,0.029411764705882353,0.0
1,3,1,5,0.0,42.63225395670871,127.73461336629988,0.23529411764705882,0.0
1,3,1,6,0.0,332.43108431927556,962.1049224264729,1.196078431372549,0.29411764705882354
1,3,1,7,0.0,53.52839802225956,188.42211230399997,0.696078431372549,0.0
1,3,1,8,0.0,25.746001587944512,83.47124540295817,0.17647058823529413,0.0
1,3,1,9,0.0,477.68064784546215,1016.3917764257004,2.176470588235294,0.5294117647058824
1,3,1,10,0.0,810.2188392490136,1808.9926020406087,2.872549019607843,1.0
1,3,1,11,0.0,434.1348187143361,954.8720964394638,1.911764705882353,0.5098039215686274
1,3,1,12,0.0,23.510756951834537,73.71669517618025,0.17647058823529413,0.0
1,3,1,13,0.0,101.82361925720275,307.1624098657874,0.5196078431372549,0.0
1,3,1,14,6.0,2064.111447334155,4553.487354826732,4.950980392156863,2.2941176470588234
1,3,1,15,0.0,25.377316414695652,70.34084051504864,0.17647058823529413,0.0
1,3,1,16,0.0,26.94814536969863,83.6799329108311,0.17647058823529413,0.0
1,3,1,17,0.0,475.7923115384462,1448.2180367122398,1.607843137254902,0.8431372549019608
1,3,1,18,0.0,940.9466289866579,1848.282053025377,2.735294117647059,0.6862745098039216
1,3,1,19,0.0,151.228952610954,337.2751504844292,1.0392156862745099,0.0392156862745098
1,3,1,20,0.0,372.05918667263256,843.583763779317,1.7941176470588236,0.17647058823529413
1,3,1,21,1.0,1191.4066884357953,2338.531237919495,3.2450980392156863,0.8823529411764706
1,3,1,22,0.0,7.353201145345607,19.519665177152284,0.0,0.0
1,3,1,23,8.0,3600.4333332851866,7977.504007863865,6.568627450980392,4.117647058823529
1,3,1,24,0.0,387.55687795080246,840.2637862333518,1.8333333333333333,0.5294117647058824
1,3,1,25,0.0,27.44535490298769,90.23536456707068,0.20588235294117646,0.0
1,3,1,26,0.0,467.26850524194066,976.828961295329,1.9607843137254901,0.5098039215686274
1,3,1,27,0.0,31.940756592091837,70.64713833374718,0.17647058823529413,0.0
1,3,1,28,1.0,811.8479248184742,1716.3620382162603,2.9607843137254903,0.5686274509803921
1,3,1,29,0.0,7.402116930368479,17.62432622387455,0.0,0.0
1,3,1,30,3.0,1324.2087819862463,2741.72463248909,3.4313725490196076,1.1176470588235294
1,3,1,31,0.0,211.7907292437487,440.01141925677814,1.0588235294117647,0.19607843137254902
1,3,1,32,0.0,121.48758615003312,256.44246849317034,0.803921568627451,0.0392156862745098
1,3,1,33,0.0,9.433863232290452,22.45109203386869,0.029411764705882353,0.0
1,3,1,34,0.0,756.9096900626637,1495.6085860381795,2.823529411764706,0.5098039215686274
1,3,1,35,0.0,643.674031884463,1431.6183116418777,2.656862745098039,0.9215686274509803
1,3,1,36,0.0,700.1811857025813,1852.4093174943139,2.156862745098039,1.4509803921568627
1,3,1,37,0.0,23.068346044088894,80.714038411481,0.11764705882352941,0.0
1,3,1,38,0.0,45.90801637187902,100.051062718461,0.17647058823529413,0.0
1,3,1,39,2.0,1344.888999908247,2707.488158411051,3.4901960784313726,0.8235294117647058
1,3,1,40,0.0,8.970887089966956,30.511941575951774,0.029411764705882353,0.0
1,3,1,41,0.0,25.982672598174172,66.09679480009893,0.029411764705882353,0.0
1,3,1,42,0.0,14.475568155974509,41.34425913901434,0.029411764705882353,0.0
1,3,1,43,0.0,674.8993372160035,1565.776677602646,2.5784313725490198,0.3333333333333333
1,3,1,44,0.0,828.541086940035,1695.6769473871416,2.6372549019607843,0.6274509803921569
1,3,1,45,0.0,94.19190147397956,347.68321467187127,1.0392156862745099,0.0
1,3,1,46,0.0,57.564987674705044,157.2703450500357,0.35294117647058826,0.058823529411764705
1,3,1,47,0.0,58.62928440624165,184.78276361566878,0.4117647058823529,0.0
1,3,1,48,0.0,19.88071235623545,68.02009516428839,0.058823529411764705,0.0
1,3,1,49,0.0,18.44293266344813,50.86435481662939,0.0,0.0
1,3,1,50,0.0,698.277843847411,1490.433826723848,2.5784313725490198,0.7450980392156863
1,3,1,51,0.0,18.16770593867158,62.885457750373476,0.17647058823529413,0.0
1,3,1,52,0.0,15.031167560489333,40.7998443006793,0.029411764705882353,0.0
1,3,1,53,0.0,13.45214409338203,34.948147072028874,0.029411764705882353,0.0
1,3,1,54,4.0,1650.646764111665,3467.050622902617,3.9901960784313726,1.411764705882353
1,3,1,55,0.0,23.74106458030265,61.591521255028724,0.058823529411764705,0.0
1,3,1,56,0.0,10.644191968600397,31.201833457738264,0.0,0.0
1,3,1,57,0.0,5.467533345406221,13.08128554909846,0.0,0.0
1,3,1,58,0.0,218.81951740425467,440.9439409600123,0.9803921568627451,0.23529411764705882
1,3,1,59,0.0,9.321937327802505,32.25280713114165,0.0,0.0
1,3,2,0,0.0,26.354065217807634,91.52982887402655,0.058823529411764705,0.0
1,3,2,1,0.0,592.9527692321117,1142.6449729701774,2.0588235294117645,0.19607843137254902
1,3,2,2,0.0,877.017456913878,1745.6787214811336,3.284313725490196,0.47058823529411764
1,3,2,3,0.0,13.07692026761919,47.91773675121841,0.17647058823529413,0.0
1,3,2,4,0.0,20.486401524443494,42.21152587417292,0.029411764705882353,0.0
1,3,2,5,0.0,40.83322450258342,123.62424581151988,0.23529411764705882,0.0
1,3,2,6,0.0,158.40121367673657,463.72995280272175,0.6372549019607843,0.058823529411764705
1,3,2,7,0.0,52.45146490586523,182.96118157879047,0.696078431372549,0.0
1,3,2,8,0.0,21.143109711565874,74.10704759059406,0.17647058823529413,0.0
1,3,2,9,0.0,246.43359569698737,550.2922037283779,1.5392156862745099,0.3333333333333333
1,3,2,10,0.0,209.73792752619897,463.3549347226084,1.0490196078431373,0.0784313725490196
1,3,2,11,0.0,103.8945522244494,241.55611892467647,0.5686274509803921,0.0196078431372549
1,3,2,12,0.0,19.487474739623305,65.91413502936916,0.17647058823529413,0.0
1,3,2,13,0.0,43.410059800141404,154.20181505579026,0.5196078431372549,0.0
1,3,2,14,2.0,1133.8657149189062,2326.684112483673,3.323529411764706,0.7647058823529411
1,3,2,15,0.0,24.1419188267544,65.77014968178663,0.17647058823529413,0.0
1,3,2,16,0.0,22.307947953256015,69.15974193303104,0.11764705882352941,0.0
1,3,2,17,0.0,197.87581423374428,662.5351011729459,0.9019607843137255,0.2549019607843137
1,3,2,18,0.0,55.276700020382506,119.85248090529838,0.16666666666666666,0.0
1,3,2,19,0.0,37.58752113756267,90.98607582119034,0.20588235294117646,0.0
1,3,2,20,0.0,98.61690242435272,275.4154203774507,0.2647058823529412,0.0
1,3,2,21,0.0,63.4634201873983,131.77217990707723,0.24509803921568626,0.0392156862745098
1,3,2,22,0.0,0.24555779374848785,1.7325759991689227,0.0,0.0
1,3,2,23,3.0,1684.1072365899706,3441.615341219037,4.176470588235294,0.9803921568627451
1,3,2,24,0.0,104.79725989419255,223.12690932576325,0.6274509803921569,0.0
1,3,2,25,0.0,18.714984888223263,62.9934947877323,0.17647058823529413,0.0
1,3,2,26,0.0,111.42063933456328,270.1021126762805,0.8725490196078431,0.0392156862745098
1,3,2,27,0.0,28.273582701633153,60.62777084515662,0.17647058823529413,0.0
1,3,2,28,0.0,60.01748674956521,174.63857182234392,0.43137254901960786,0.0
1,3,2,29,0.0,6.364479357180311,12.720196793668073,0.0,0.0
1,3,2,30,0.0,711.9203782107336,1388.2920495364583,2.3333333333333335,0.43137254901960786
1,3,2,31,0.0,94.04088516550158,196.68270106150413,0.6274509803921569,0.0
1,3,2,32,0.0,21.836804653838545,46.49625348670917,0.029411764705882353,0.0
1,3,2,33,0.0,8.276010152802368,19.418526980800724,0.029411764705882353,0.0
1,3,2,34,0.0,32.702905814971295,78.98616942800034,0.058823529411764705,0.0
1,3,2,35,0.0,272.6974263846635,618.9045529121603,1.7352941176470589,0.0196078431372549
1,3,2,36,0.0,426.4053837840447,1221.6106452166803,1.5588235294117647,0.7058823529411765
1,3,2,37,0.0,22.59770807736819,77.00947051876351,0.11764705882352941,0.0
1,3,2,38,0.0,38.389130447867544,83.83092256890968,0.17647058823529413,0.0
1,3,2,39,0.0,832.7708394424234,1592.425160400946,2.4607843137254903,0.3333333333333333
1,3,2,40,0.0,3.3478316874970164,12.771903120807725,0.0,0.0
1,3,2,41,0.0,22.9335986748174,55.10453982100241,0.029411764705882353,0.0
1,3,2,42,0.0,10.140031328855102,29.05961558838393,0.0,0.0
1,3,2,43,0.0,65.46158629352588,163.4895184456975,0.10784313725490197,0.0
1,3,2,44,0.0,287.0388183919099,609.569973595777,1.1470588235294117,0.0392156862745098
1,3,2,45,0.0,67.66086983716981,266.26933804904183,1.0392156862745099,0.0
1,3,2,46,0.0,47.932099619052,135.26519326717192,0.35294117647058826,0.058823529411764705
1,3,2,47,0.0,58.50166171485887,184.41576551788913,0.4117647058823529,0.0
1,3,2,48,0.0,12.745823268491922,46.78865719682004,0.058823529411764705,0.0
1,3,2,49,0.0,16.849100142059843,46.14161286444076,0.0,0.0
1,3,2,50,0.0,453.98593781735576,963.818119277862,2.0294117647058822,0.49019607843137253
1,3,2,51,0.0,14.134269156577467,53.819459003671085,0.17647058823529413,0.0
1,3,2,52,0.0,14.07033694379294,34.75960684314126,0.029411764705882353,0.0
1,3,2,53,0.0,12.846752048325362,33.32933549286193,0.029411764705882353,0.0
1,3,2,54,0.0,828.9877525210488,1604.6965996756705,2.5686274509803924,0.45098039215686275
1,3,2,55,0.0,21.65967398556826,52.64968788129568,0.029411764705882353,0.0
1,3,2,56,0.0,6.532039446671395,13.33044621431099,0.0,0.0
1,3,2,57,0.0,3.453060645880986,8.446613790657603,0.0,0.0
1,3,2,58,0.0,51.288361844637315,143.2540464989779,0.38235294117647056,0.0
1,3,2,59,0.0,5.156358652491161,21.39817135355723,0.0,0.0
1,3,3,0,0.0,22.502711414748934,84.16174045181,0.058823529411764705,0.0
1,3,3,1,0.0,266.6798013111844,498.6368895687558,1.1862745098039216,0.0
1,3,3,2,0.0,46.0322226108884,152.39626022549714,0.4117647058823529,0.0
1,3,3,3,0.0,11.055234530241647,44.499681688991416,0.17647058823529413,0.0
1,3,3,4,0.0,20.486401524443494,42.21152587417292,0.029411764705882353,0.0
1,3,3,5,0.0,40.80899103230615,123.55024039285479,0.23529411764705882,0.0
1,3,3,6,0.0,135.4235438846705,393.57505079452807,0.5980392156862745,0.0
1,3,3,7,0.0,51.894525789732306,179.46312297661487,0.696078431372549,0.0
1,3,3,8,0.0,21.031515934431237,73.89056456273427,0.17647058823529413,0.0
1,3,3,9,0.0,131.76292570056708,334.3056128013674,1.0588235294117647,0.09803921568627451
1,3,3,10,0.0,126.78274553014529,288.22488602665544,0.8137254901960784,0.0
1,3,3,11,0.0,81.78053654881435,187.68739134146668,0.4215686274509804,0.0
1,3,3,12,0.0,19.487474739623305,65.91413502936916,0.17647058823529413,0.0
1,3,3,13,0.0,40.58705669271551,144.6927213732707,0.5196078431372549,0.0
1,3,3,14,0.0,738.6799339632439,1476.9978081198742,2.5,0.3333333333333333
1,3,3,15,0.0,23.667541244194183,64.98058666818181,0.17647058823529413,0.0
1,3,3,16,0.0,18.7704474253003,59.23622300222789,0.058823529411764705,0.0
1,3,3,17,0.0,151.8923265448211,487.61051548000853,0.7647058823529411,0.058823529411764705
1,3,3,18,0.0,14.652597685564889,37.46292838568593,0.0,0.0
1,3,3,19,0.0,31.139020156910036,76.50551620849322,0.20588235294117646,0.0
1,3,3,20,0.0,73.86612753569509,195.38686210643104,0.17647058823529413,0.0
1,3,3,21,0.0,50.62440600022138,108.82175531365802,0.20588235294117646,0.0
1,3,3,22,0.0,0.24555779374848785,1.7325759991689227,0.0,0.0
1,3,3,23,0.0,573.2738867896876,1117.1780343508751,2.343137254901961,0.45098039215686275
1,3,3,24,0.0,30.543242496155226,62.10982818796806,0.058823529411764705,0.0
1,3,3,25,0.0,15.735121556843872,54.516488569630845,0.17647058823529413,0.0
1,3,3,26,0.0,23.608627670009103,98.30132144154268,0.20588235294117646,0.0
1,3,3,27,0.0,26.26851077812786,54.9306999112526,0.17647058823529413,0.0
1,3,3,28,0.0,44.445968921922805,137.51851543920552,0.3431372549019608,0.0
1,3,3,29,0.0,6.364479357180344,12.720196793668125,0.0,0.0
1,3,3,30,0.0,203.25135081193662,399.9926767024952,0.7941176470588235,0.058823529411764705
1,3,3,31,0.0,71.5222303184333,154.26268546505008,0.49019607843137253,0.0
1,3,3,32,0.0,17.668425299936793,37.545605545884186,0.029411764705882353,0.0
1,3,3,33,0.0,6.445787997247459,14.293888928245686,0.029411764705882353,0.0
1,3,3,34,0.0,19.700122271864725,48.69052487290645,0.029411764705882353,0.0
1,3,3,35,0.0,57.104921257741964,144.59532447434938,0.39215686274509803,0.0
1,3,3,36,0.0,303.5711613873254,898.8505463286172,1.303921568627451,0.4117647058823529
1,3,3,37,0.0,22.553536669915037,76.67586628572637,0.11764705882352941,0.0
1,3,3,38,0.0,20.91555327349282,38.77512122365063,0.0,0.0
1,3,3,39,0.0,616.2242564941748,1143.2386847475525,1.9411764705882353,0.1568627450980392
1,3,3,40,0.0,1.865525129823016,9.165792147659387,0.0,0.0
1,3,3,41,0.0,22.71583948862104,54.16902759014407,0.029411764705882353,0.0
1,3,3,42,0.0,8.408145753450535,24.088438729330125,0.0,0.0
1,3,3,43,0.0,41.75833488040503,85.54335611038816,0.0,0.0
1,3,3,44,0.0,127.76051837068464,311.151407215749,0.5588235294117647,0.0
1,3,3,45,0.0,66.34141857110598,262.77730092983063,1.0392156862745099,0.0
1,3,3,46,0.0,43.53429244617834,124.35153547471984,0.35294117647058826,0.058823529411764705
1,3,3,47,0.0,58.29724965292885,183.9455132294674,0.4117647058823529,0.0
1,3,3,48,0.0,11.560264247078702,41.98353663683691,0.058823529411764705,0.0
1,3,3,49,0.0,14.666512408677153,39.92778399692918,0.0,0.0
1,3,3,50,0.0,283.6021909726655,611.8321043378062,1.4705882352941178,0.37254901960784315
1,3,3,51,0.0,10.531842892027498,46.83103934967463,0.17647058823529413,0.0
1,3,3,52,0.0,13.973535705613013,34.38064782399861,0.029411764705882353,0.0
1,3,3,53,0.0,12.846752048325362,33.32933549286193,0.029411764705882353,0.0
1,3,3,54,0.0,415.0468928133002,787.9672414031562,1.7254901960784315,0.13725490196078433
1,3,3,55,0.0,20.120517941664897,46.03734086888197,0.029411764705882353,0.0
1,3,3,56,0.0,6.244228398820058,12.076283922984235,0.0,0.0
1,3,3,57,0.0,2.966509112232457,7.095600889714417,0.0,0.0
1,3,3,58,0.0,44.5698237083265,130.36063802086773,0.38235294117647056,0.0
1,3,3,59,0.0,4.380527810484428,19.24391347127118,0.0,0.0
1,3,4,0,0.0,22.502711414748934,84.16174045181,0.058823529411764705,0.0
1,3,4,1,0.0,38.811802193244496,83.4412567133188,0.11764705882352941,0.0
1,3,4,2,0.0,37.270540418185256,134.24509341061776,0.38235294117647056,0.0
1,3,4,3,0.0,11.055234530241647,44.499681688991416,0.17647058823529413,0.0
1,3,4,4,0.0,20.486401524443494,42.21152587417292,0.029411764705882353,0.0
1,3,4,5,0.0,40.80899103230615,123.55024039285479,0.23529411764705882,0.0
1,3,4,6,0.0,111.41762246421665,327.2129236433099,0.5098039215686274,0.0
1,3,4,7,0.0,51.894525789732306,179.46312297661487,0.696078431372549,0.0
1,3,4,8,0.0,21.031515934431237,73.89056456273427,0.17647058823529413,0.0
1,3,4,9,0.0,105.59071757938227,289.5513398111759,0.9117647058823529,0.0
1,3,4,10,0.0,100.28681000642301,230.51537587812288,0.6078431372549019,0.0
1,3,4,11,0.0,18.27734950306195,44.81139617397392,0.0,0.0
1,3,4,12,0.0,19.487474739623305,65.91413502936916,0.17647058823529413,0.0
1,3,4,13,0.0,40.52008301940536,144.49265923067685,0.5196078431372549,0.0
1,3,4,14,0.0,623.5328407205964,1225.1747129719677,2.049019607843137,0.27450980392156865
1,3,4,15,0.0,23.667541244194183,64.98058666818181,0.17647058823529413,0.0
1,3,4,16,0.0,18.7704474253003,59.236223002227874,0.058823529411764705,0.0
1,3,4,17,0.0,140.80210005311233,437.57179998801223,0.6666666666666666,0.0
1,3,4,18,0.0,14.652597685564889,37.46292838568593,0.0,0.0
1,3,4,19,0.0,31.139020156910036,76.50551620849322,0.20588235294117646,0.0
1,3,4,20,0.0,66.74914211082998,172.92763196000215,0.17647058823529413,0.0
1,3,4,21,0.0,48.40913302097424,104.93359741786581,0.20588235294117646,0.0
1,3,4,22,0.0,0.24555779374848785,1.7325759991689227,0.0,0.0
1,3,4,23,0.0,196.76967926510434,449.5152956993662,1.1666666666666667,0.0
1,3,4,24,0.0,27.630900595325066,54.92041764348171,0.058823529411764705,0.0
1,3,4,25,0.0,15.685219401767997,53.9203878921492,0.17647058823529413,0.0
1,3,4,26,0.0,20.756702832069877,92.16756961866298,0.20588235294117646,0.0
1,3,4,27,0.0,26.26851077812786,54.9306999112526,0.17647058823529413,0.0
1,3,4,28,0.0,40.88621328469626,128.3902617022582,0.3431372549019608,0.0
1,3,4,29,0.0,6.3644793571803095,12.720196793668066,0.0,0.0
1,3,4,30,0.0,114.82015187102422,229.27970244908408,0.5588235294117647,0.0
1,3,4,31,0.0,55.997703531013244,127.61852048698219,0.37254901960784315,0.0
1,3,4,32,0.0,17.668425299936793,37.545605545884186,0.029411764705882353,0.0
1,3,4,33,0.0,6.445787997247459,14.293888928245686,0.029411764705882353,0.0
1,3,4,34,0.0,19.49987360333001,48.355534887986934,0.029411764705882353,0.0
1,3,4,35,0.0,50.29590654136077,126.92264583203426,0.3627450980392157,0.0
1,3,4,36,0.0,259.333384897365,770.6053456158471,1.1372549019607843,0.35294117647058826
1,3,4,37,0.0,22.553536669915037,76.67586628572637,0.11764705882352941,0.0
1,3,4,38,0.0,17.26768454887455,29.08209834327143,0.0,0.0
1,3,4,39,0.0,469.92806923124914,873.542998659743,1.5686274509803921,0.0
1,3,4,40,0.0,1.8655251298230149,9.165792147659378,0.0,0.0
1,3,4,41,0.0,22.71583948862104,54.16902759014407,0.029411764705882353,0.0
1,3,4,42,0.0,6.211192598495904,17.843940608000572,0.0,0.0
1,3,4,43,0.0,38.97251970514648,76.25944578714768,0.0,0.0
1,3,4,44,0.0,123.12017584553136,304.41405032525455,0.5098039215686274,0.0
1,3,4,45,0.0,66.34141857110598,262.77730092983063,1.0392156862745099,0.0
1,3,4,46,0.0,43.46819509646821,124.07584057652049,0.35294117647058826,0.058823529411764705
1,3,4,47,0.0,58.20821840625453,183.79732793991434,0.4117647058823529,0.0
1,3,4,48,0.0,11.560264247078702,41.98353663683691,0.058823529411764705,0.0
1,3,4,49,0.0,14.101303364211287,38.31722231004135,0.0,0.0
1,3,4,50,0.0,207.12030961925848,444.70330502988384,1.1176470588235294,0.35294117647058826
1,3,4,51,0.0,10.531842892027498,46.83103934967463,0.17647058823529413,0.0
1,3,4,52,0.0,13.973535705613015,34.380647823998615,0.029411764705882353,0.0
1,3,4,53,0.0,12.846752048325381,33.32933549286194,0.029411764705882353,0.0
1,3,4,54,0.0,292.89008974739545,554.1499942742695,1.4215686274509804,0.0
1,3,4,55,0.0,20.120517941664897,46.03734086888197,0.029411764705882353,0.0
1,3,4,56,0.0,6.244228398820058,12.076283922984235,0.0,0.0
1,3,4,57,0.0,2.966509112232457,7.095600889714417,0.0,0.0
1,3,4,58,0.0,44.18656007045199,129.65866487194788,0.38235294117647056,0.0
1,3,4,59,0.0,4.380527810484428,19.24391347127118,0.0,0.0
1,4,0,0,18.0,13192.722327086474,34679.01590837398,12.07843137254902,14.568627450980392
1,4,0,1,15.0,10290.540304072592,24501.77749364415,11.882352941176471,11.607843137254902
1,4,0,2,16.0,14936.242772512427,36138.624816718046,15.009803921568627,14.27450980392157
1,4,0,3,0.0,467.5173127123233,1158.051839767428,1.303921568627451,1.2156862745098038
1,4,0,4,0.0,51.15197488396654,118.8552731329243,0.20588235294117646,0.0
1,4,0,5,2.0,590.9304620911228,1618.0325548604687,1.3431372549019607,1.5294117647058822
1,4,0,6,18.0,17179.907339841004,42101.68847693672,16.0,15.882352941176471
1,4,0,7,6.0,2315.2667790225555,5844.151503581729,4.715686274509804,5.078431372549019
1,4,0,8,1.0,470.5091209071347,1272.1285512098589,0.9509803921568627,1.0784313725490196
1,4,0,9,17.0,15458.932810367573,38280.34317475659,15.42156862745098,15.333333333333334
1,4,0,10,14.0,9621.925592529275,23376.208531685308,11.529411764705882,11.764705882352942
1,4,0,11,14.0,9923.981592889557,24214.69906514274,11.509803921568627,11.705882352941176
1,4,0,12,1.0,573.5764663174648,1569.0946686750692,1.1568627450980393,1.5098039215686274
1,4,0,13,7.0,2676.117909849969,6774.954595985078,5.264705882352941,5.549019607843137
1,4,0,14,17.0,15809.862842942654,38815.654047918455,15.294117647058824,14.92156862745098
1,4,0,15,14.0,9147.951660424093,23879.97564641983,10.254901960784315,12.411764705882353
1,4,0,16,14.0,9771.26334060134,25309.09489721116,10.656862745098039,12.372549019607844
1,4,0,17,17.0,14333.284939805844,37219.47025080412,12.990196078431373,14.882352941176471
1,4,0,18,14.0,9627.039913216286,22925.962762147177,11.46078431372549,11.176470588235293
1,4,0,19,14.0,9860.2478173901,24077.775517044924,11.598039215686274,11.705882352941176
1,4,0,20,16.0,13316.689727725272,32412.10678315402,14.558823529411764,14.019607843137255
1,4,0,21,13.0,8806.706954823763,20929.874565099613,10.901960784313726,10.450980392156863
1,4,0,22,14.0,8979.684782250566,23175.147707663666,9.764705882352942,11.92156862745098
1,4,0,23,16.0,13176.686889859182,31637.439251027732,13.970588235294118,13.098039215686274
1,4,0,24,13.0,8723.079768742435,21226.7664162131,10.901960784313726,11.03921568627451
1,4,0,25,12.0,6086.654388611789,15798.003113021216,8.254901960784315,9.313725490196079
1,4,0,26,17.0,15212.750833819111,37658.10965789734,15.068627450980392,15.235294117647058
1,4,0,27,6.0,1944.2994643728205,5582.563062113226,3.372549019607843,4.549019607843137
1,4,0,28,16.0,14947.60978744425,36604.55028276032,15.137254901960784,14.431372549019608
1,4,0,29,0.0,247.32280015413625,630.1008156087487,0.5294117647058824,0.7450980392156863
1,4,0,30,17.0,15842.192157264975,39022.787567528074,15.205882352941176,15.058823529411764
1,4,0,31,13.0,8767.839208238873,21193.09371147509,10.970588235294118,10.941176470588236
1,4,0,32,14.0,10085.12920670977,24667.41075812734,11.617647058823529,11.764705882352942
1,4,0,33,0.0,33.63253561135978,79.23910333706493,0.029411764705882353,0.0
1,4,0,34,15.0,12732.45228868047,30642.6077589891,14.07843137254902,13.058823529411764
1,4,0,35,17.0,15023.942726319332,37510.59335932577,15.009803921568627,15.0
1,4,0,36,16.0,11125.21719789359,28615.70610081038,11.833333333333334,13.235294117647058
1,4,0,37,5.0,1509.5969298113646,4569.341036225036,2.284313725490196,3.8823529411764706
1,4,0,38,15.0,11020.64142748186,26672.604441058484,12.401960784313726,11.92156862745098
1,4,0,39,13.0,9186.352581151226,21860.12459562068,11.294117647058824,10.588235294117647
1,4,0,40,5.0,1473.520536850328,4481.686608131275,2.2549019607843137,3.7254901960784315
1,4,0,41,0.0,122.66030385185454,278.64471258518824,0.4019607843137255,0.37254901960784315
1,4,0,42,13.0,6667.088066358823,18268.838323576736,6.607843137254902,9.411764705882353
1,4,0,43,18.0,16214.997446782672,39680.40790792579,15.568627450980392,15.176470588235293
1,4,0,44,15.0,12626.63720774091,30395.840182080065,14.215686274509803,13.098039215686274
1,4,0,45,6.0,2268.730494133072,5898.3543770312845,4.950980392156863,5.313725490196078
1,4,0,46,7.0,2483.90302790577,6324.645933437612,4.754901960784314,5.235294117647059
1,4,0,47,9.0,3140.6100162114017,8682.708611030506,4.3431372549019605,7.098039215686274
1,4,0,48,14.0,9997.90193993956,26476.360827189535,10.470588235294118,12.294117647058824
1,4,0,49,13.0,6262.746528587988,17194.78026123224,6.235294117647059,9.215686274509803
1,4,0,50,15.0,10753.06186716583,26320.5663003445,12.07843137254902,12.27450980392157
1,4,0,51,8.0,2984.5171685761943,8358.931649235643,4.088235294117647,6.764705882352941
1,4,0,52,15.0,10530.918872094888,27568.283888635007,10.764705882352942,12.784313725490197
1,4,0,53,0.0,290.6987738018467,765.1295829872612,1.0784313725490196,0.4117647058823529
1,4,0,54,18.0,16985.133679944538,41991.59314840186,15.666666666666666,15.72549019607843
1,4,0,55,0.0,274.62380566617287,688.9168822809739,0.6470588235294118,0.8431372549019608
1,4,0,56,0.0,293.2338673714135,744.1195186280636,0.7058823529411765,0.803921568627451
1,4,0,57,0.0,21.69440160048194,46.15508239435896,0.0,0.0
1,4,0,58,14.0,10191.695867582883,24314.82441225459,12.058823529411764,11.313725490196079
1,4,0,59,4.0,985.5471184017531,2751.3918580551003,2.0294117647058822,2.215686274509804
1,4,1,0,0.0,52.47432605873472,162.92340757914425,0.1568627450980392,0.0
1,4,1,1,9.0,4141.027598660452,9565.904436713656,6.754901960784314,5.1568627450980395
1,4,1,2,13.0,8298.026749546147,19561.930470338284,11.0,9.215686274509803
1,4,1,3,0.0,41.26556134256307,91.36553046150969,0.17647058823529413,0.1568627450980392
1,4,1,4,0.0,21.715638403022485,45.15892925885428,0.029411764705882353,0.0
1,4,1,5,0.0,49.4442445017757,139.18339884686833,0.23529411764705882,0.0392156862745098
1,4,1,6,8.0,3432.7479290217143,8545.455799286427,6.9411764705882355,5.509803921568627
1,4,1,7,0.0,61.586657999111196,213.11023032350207,0.7156862745098039,0.0
1,4,1,8,0.0,29.797728035928053,88.6006411250826,0.17647058823529413,0.0392156862745098
1,4,1,9,6.0,1710.1810192727296,3917.865669381835,4.362745098039215,2.627450980392157
1,4,1,10,9.0,3710.3966020883736,8724.499961310787,6.5,5.568627450980392
1,4,1,11,5.0,1808.1946935068513,4211.023272246713,4.049019607843137,2.784313725490196
1,4,1,12,0.0,28.287508442632426,80.26736868609505,0.17647058823529413,0.0392156862745098
1,4,1,13,0.0,133.5835266641942,387.85756544772283,0.6274509803921569,0.0784313725490196
1,4,1,14,13.0,7283.306294632571,17443.260247091705,10.362745098039216,8.745098039215685
1,4,1,15,0.0,28.915778625243625,76.86861793285426,0.17647058823529413,0.0392156862745098
1,4,1,16,0.0,30.258815303480592,93.38372330869664,0.20588235294117646,0.0
1,4,1,17,8.0,2729.90904288084,7497.799016090755,5.107843137254902,4.96078431372549
1,4,1,18,8.0,3287.7331981812367,7509.3271625889765,5.911764705882353,4.705882352941177
1,4,1,19,0.0,526.3068974000128,1122.9283836302711,2.127450980392157,0.5686274509803921
1,4,1,20,7.0,2307.848418356893,5395.160569299808,5.401960784313726,4.0588235294117645
1,4,1,21,8.0,4195.055732582091,9590.625016645641,7.166666666666667,5.529411764705882
1,4,1,22,0.0,7.37290027093658,19.62510848721713,0.0,0.0
1,4,1,23,12.0,8067.452946129035,19079.61463476513,10.53921568627451,8.941176470588236
1,4,1,24,5.0,1686.1232490037482,3843.2149762838044,3.911764705882353,2.5098039215686274
1,4,1,25,0.0,28.59802502054039,93.30447642025351,0.20588235294117646,0.0
1,4,1,26,4.0,1453.7109652914428,3199.9592650134064,3.7058823529411766,2.1372549019607843
1,4,1,27,0.0,41.100907827895234,80.87391936283876,0.22549019607843138,0.0
1,4,1,28,9.0,3654.865364158054,8545.651741951417,6.9411764705882355,5.137254901960785
1,4,1,29,0.0,7.760094821252886,18.34959715957732,0.0,0.0
1,4,1,30,9.0,4225.067354694003,9714.832132781341,7.166666666666667,5.607843137254902
1,4,1,31,4.0,1383.9966114898002,2985.2136214271572,3.392156862745098,1.4509803921568627
1,4,1,32,0.0,485.42077114481344,1020.7834424170362,1.9019607843137254,0.49019607843137253
1,4,1,33,0.0,9.433863232290452,22.45109203386869,0.029411764705882353,0.0
1,4,1,34,8.0,2911.680453482525,6455.073421305159,6.009803921568627,3.843137254901961
1,4,1,35,8.0,3141.162165810647,7572.315063422708,6.686274509803922,5.529411764705882
1,4,1,36,9.0,3557.881093157869,9307.550153621976,6.3431372549019605,6.235294117647059
1,4,1,37,0.0,23.19013705164646,81.11621733704621,0.11764705882352941,0.0
1,4,1,38,0.0,91.57737287490426,172.4794136669296,0.3431372549019608,0.09803921568627451
1,4,1,39,10.0,4965.250938566151,11502.315354839076,7.950980392156863,5.8431372549019605
1,4,1,40,0.0,8.970887089966956,30.511941575951774,0.029411764705882353,0.0
1,4,1,41,0.0,25.982672598174176,66.09679480009893,0.029411764705882353,0.0
1,4,1,42,0.0,14.975732152932745,43.483799308889225,0.029411764705882353,0.0
1,4,1,43,9.0,3610.419536275803,8787.394820334905,7.049019607843137,5.666666666666667
1,4,1,44,8.0,3380.4596188005776,7752.265963246398,6.588235294117647,4.705882352941177
1,4,1,45,0.0,125.8894272939415,439.14905011431915,1.0784313725490196,0.0
1,4,1,46,0.0,73.15939637653068,195.75309118988548,0.35294117647058826,0.058823529411764705
1,4,1,47,0.0,81.53407200485121,228.8297323202094,0.4117647058823529,0.19607843137254902
1,4,1,48,0.0,23.657876128753017,79.22976314604728,0.058823529411764705,0.0
1,4,1,49,0.0,20.017808431859287,55.03032612074678,0.0,0.0
1,4,1,50,8.0,3321.3540751399887,7757.884256419655,6.215686274509804,4.96078431372549
1,4,1,51,0.0,23.02924818810582,69.67412074468352,0.17647058823529413,0.0392156862745098
1,4,1,52,0.0,15.782817389304457,43.18201318198002,0.029411764705882353,0.0
1,4,1,53,0.0,13.598387774720795,35.274519372871076,0.029411764705882353,0.0
1,4,1,54,10.0,5213.413592246717,12280.098789102589,8.147058823529411,6.647058823529412
1,4,1,55,0.0,23.74106458030265,61.591521255028724,0.058823529411764705,0.0
1,4,1,56,0.0,10.653895494485427,31.234494433190328,0.0,0.0
1,4,1,57,0.0,5.467533345406222,13.08128554909846,0.0,0.0
1,4,1,58,5.0,1863.295493661571,4093.763114765327,4.196078431372549,2.450980392156863
1,4,1,59,0.0,9.360079360161754,32.390356098046205,0.0,0.0
1,4,2,0,0.0,28.242629991601397,98.25090183429046,0.0784313725490196,0.0
1,4,2,1,4.0,1958.972122485036,4150.592830776677,3.9313725490196076,1.588235294117647
1,4,2,2,6.0,2454.9292426822867,5413.7965065584885,5.245098039215686,2.588235294117647
1,4,2,3,0.0,24.427699996168077,62.72763678110518,0.17647058823529413,0.09803921568627451
1,4,2,4,0.0,20.486401524443494,42.21152587417292,0.029411764705882353,0.0
1,4,2,5,0.0,43.37430267834144,128.38897151666092,0.23529411764705882,0.0
1,4,2,6,0.0,362.1678006965308,1115.9539193096866,1.0490196078431373,0.4117647058823529
1,4,2,7,0.0,57.19762352891745,199.28096643886224,0.7156862745098039,0.0
1,4,2,8,0.0,22.127408145222574,75.35314755309403,0.17647058823529413,0.0
1,4,2,9,2.0,933.5869961398627,1994.929802650534,2.9901960784313726,0.8627450980392157
1,4,2,10,1.0,974.4174592204445,2141.0054722772356,2.656862745098039,1.0588235294117647
1,4,2,11,0.0,262.8222307988884,587.310376184596,1.0588235294117647,0.3137254901960784
1,4,2,12,0.0,20.081553991385306,66.86706148327136,0.17647058823529413,0.0
1,4,2,13,0.0,47.19962531238903,165.993702481913,0.5196078431372549,0.0
1,4,2,14,8.0,3664.5440003057906,8557.858967806047,6.676470588235294,4.666666666666667
1,4,2,15,0.0,25.278169340097456,67.73329864436408,0.17647058823529413,0.0
1,4,2,16,0.0,27.72760909221075,84.50105824844042,0.19607843137254902,0.0
1,4,2,17,4.0,1143.343848103644,3356.448668796711,2.7549019607843137,1.7450980392156863
1,4,2,18,1.0,804.5496936158079,1617.4601860789146,2.303921568627451,0.5490196078431373
1,4,2,19,0.0,40.6109878767599,99.19738981430262,0.20588235294117646,0.0
1,4,2,20,0.0,194.03351148604457,485.5188675153835,0.7352941176470589,0.0784313725490196
1,4,2,21,0.0,274.3366063768775,504.2660446134081,0.9607843137254902,0.35294117647058826
1,4,2,22,0.0,0.24555779374848785,1.7325759991689227,0.0,0.0
1,4,2,23,9.0,3904.2020190252274,8886.411879478606,6.735294117647059,4.490196078431373
1,4,2,24,0.0,208.35241774534313,437.07117251073794,1.0490196078431373,0.09803921568627451
1,4,2,25,0.0,19.4897469024141,65.19248983429398,0.17647058823529413,0.0
1,4,2,26,0.0,272.20636705244357,582.971391060889,1.3725490196078431,0.2549019607843137
1,4,2,27,0.0,37.319196362483055,70.60873328183511,0.22549019607843138,0.0
1,4,2,28,0.0,67.83533973580047,193.77116662801185,0.47058823529411764,0.0
1,4,2,29,0.0,6.56662521328098,13.136416151910227,0.0,0.0
1,4,2,30,5.0,2253.2558090985176,4924.9019668023175,4.529411764705882,2.196078431372549
1,4,2,31,0.0,376.505048730146,727.1172133141633,1.5784313725490196,0.23529411764705882
1,4,2,32,0.0,23.468448478966256,49.85664473637274,0.029411764705882353,0.0
1,4,2,33,0.0,8.276010152802368,19.418526980800724,0.029411764705882353,0.0
1,4,2,34,0.0,59.39194358916176,126.41742809093708,0.20588235294117646,0.0
1,4,2,35,2.0,977.9954462684913,2218.613866929938,3.0980392156862746,1.3333333333333333
1,4,2,36,6.0,2002.2336168385182,5397.951346926686,4.107843137254902,3.4313725490196076
1,4,2,37,0.0,22.628223154758732,77.11023757278976,0.11764705882352941,0.0
1,4,2,38,0.0,39.2760542644379,85.26872079254753,0.17647058823529413,0.0
1,4,2,39,7.0,2995.811344476973,6625.048319319439,5.333333333333333,2.823529411764706
1,4,2,40,0.0,3.3478316874970164,12.771903120807725,0.0,0.0
1,4,2,41,0.0,22.9335986748174,55.10453982100242,0.029411764705882353,0.0
1,4,2,42,0.0,10.36008880040069,29.786290564177776,0.0,0.0
1,4,2,43,0.0,180.6357216016404,513.6287617442365,0.5686274509803921,0.09803921568627451
1,4,2,44,4.0,1197.2679567992636,2541.737984043127,3.4019607843137254,0.8823529411764706
1,4,2,45,0.0,75.08762005683933,291.08471732145523,1.0588235294117647,0.0
1,4,2,46,0.0,49.8704738679884,140.18404981712152,0.35294117647058826,0.058823529411764705
1,4,2,47,0.0,74.28268566453298,216.37134514530223,0.4117647058823529,0.1568627450980392
1,4,2,48,0.0,12.745823268491922,46.78865719682004,0.058823529411764705,0.0
1,4,2,49,0.0,17.79221848937892,48.619331348861486,0.0,0.0
1,4,2,50,4.0,1583.2774039874166,3537.7376413888906,3.911764705882353,1.6862745098039216
1,4,2,51,0.0,15.12689575147838,55.51210460115853,0.17647058823529413,0.0
1,4,2,52,0.0,14.564654187172128,36.22067722574299,0.029411764705882353,0.0
1,4,2,53,0.0,12.915714705361678,33.49579652153703,0.029411764705882353,0.0
1,4,2,54,6.0,2746.8183536188803,6072.053108547499,5.205882352941177,2.7450980392156863
1,4,2,55,0.0,21.65967398556826,52.64968788129568,0.029411764705882353,0.0
1,4,2,56,0.0,6.532039446671395,13.33044621431099,0.0,0.0
1,4,2,57,0.0,3.453060645880986,8.446613790657603,0.0,0.0
1,4,2,58,0.0,242.54123103657122,488.44228494438954,1.1176470588235294,0.29411764705882354
1,4,2,59,0.0,5.1563586524911615,21.398171353557235,0.0,0.0
1,4,3,0,0.0,23.2663926637594,87.24696057750103,0.058823529411764705,0.0
1,4,3,1,0.0,766.6342049452246,1475.1103836002192,2.107843137254902,0.21568627450980393
1,4,3,2,0.0,57.47458904388144,184.65071115261242,0.4411764705882353,0.0784313725490196
1,4,3,3,0.0,12.298637769399514,46.13103209540001,0.17647058823529413,0.0
1,4,3,4,0.0,20.486401524443494,42.21152587417292,0.029411764705882353,0.0
1,4,3,5,0.0,41.80203051125996,125.76506298479875,0.23529411764705882,0.0
1,4,3,6,0.0,209.3415835999511,628.0274132856089,0.8137254901960784,0.1568627450980392
1,4,3,7,0.0,55.99035375402482,194.04170011969478,0.7156862745098039,0.0
1,4,3,8,0.0,21.031515934431237,73.89056456273427,0.17647058823529413,0.0
1,4,3,9,0.0,407.8909747007172,872.1850816554415,1.9509803921568627,0.39215686274509803
1,4,3,10,0.0,505.87410036370795,1088.6343661055062,1.8137254901960784,0.2549019607843137
1,4,3,11,0.0,202.7577077809706,465.682815905878,0.9215686274509803,0.19607843137254902
1,4,3,12,0.0,19.487474739623305,65.91413502936916,0.17647058823529413,0.0
1,4,3,13,0.0,43.405108820556464,154.2549238463562,0.5196078431372549,0.0
1,4,3,14,7.0,2299.3536037946214,5162.563094190132,4.794117647058823,1.7647058823529411
1,4,3,15,0.0,24.430047696900154,66.24971681856202,0.17647058823529413,0.0
1,4,3,16,0.0,18.988735344872925,59.97095555894172,0.058823529411764705,0.0
1,4,3,17,0.0,447.2748619242431,1462.3228512286814,1.5196078431372548,0.49019607843137253
1,4,3,18,0.0,14.8253549714871,37.803636405899645,0.0,0.0
1,4,3,19,0.0,31.617420522831868,78.69852763294791,0.20588235294117646,0.0
1,4,3,20,0.0,84.77548203256562,224.44133217502173,0.17647058823529413,0.0
1,4,3,21,0.0,57.02522459760629,119.75527389843974,0.22549019607843138,0.0392156862745098
1,4,3,22,0.0,0.24555779374848785,1.7325759991689227,0.0,0.0
1,4,3,23,5.0,2157.328864671255,4546.1700024195015,4.5588235294117645,1.1568627450980393
1,4,3,24,0.0,76.57770412523557,148.9567839648335,0.3431372549019608,0.0
1,4,3,25,0.0,16.212410120514935,56.217304714520374,0.17647058823529413,0.0
1,4,3,26,0.0,24.46467621949745,100.07183100172897,0.20588235294117646,0.0
1,4,3,27,0.0,35.31412443897777,64.91166234793111,0.22549019607843138,0.0
1,4,3,28,0.0,44.74731727625545,139.51808482418528,0.3431372549019608,0.0
1,4,3,29,0.0,6.564856257563209,13.133694260382915,0.0,0.0
1,4,3,30,0.0,976.7568960260053,1991.5979186069092,2.5392156862745097,0.5098039215686274
1,4,3,31,0.0,154.5066547700692,300.0015502972555,0.9411764705882353,0.0392156862745098
1,4,3,32,0.0,17.75847769800047,37.74891944170634,0.029411764705882353,0.0
1,4,3,33,0.0,6.445787997247459,14.293888928245686,0.029411764705882353,0.0
1,4,3,34,0.0,25.26475525090374,58.207891149292394,0.06862745098039216,0.0
1,4,3,35,0.0,151.87558586802245,330.18370954503484,1.0,0.0
1,4,3,36,1.0,830.6434270090234,2413.346107762445,2.284313725490196,1.196078431372549
1,4,3,37,0.0,22.577357014489966,76.75452595674692,0.11764705882352941,0.0
1,4,3,38,0.0,21.03074991882029,38.92800054143924,0.0,0.0
1,4,3,39,4.0,2025.1655167502568,4152.385221578296,3.892156862745098,0.7843137254901961
1,4,3,40,0.0,1.865525129823016,9.165792147659387,0.0,0.0
1,4,3,41,0.0,22.71583948862104,54.16902759014407,0.029411764705882353,0.0
1,4,3,42,0.0,8.604329208635859,24.736276798842866,0.0,0.0
1,4,3,43,0.0,65.76513207586292,161.76250394625623,0.14705882352941177,0.0
1,4,3,44,0.0,245.9402267167103,538.6275310515372,1.0490196078431373,0.058823529411764705
1,4,3,45,0.0,71.35628345278018,281.8526735378206,1.0588235294117647,0.0
1,4,3,46,0.0,45.102520203035944,128.575547452953,0.35294117647058826,0.058823529411764705
1,4,3,47,0.0,71.69644017586525,210.78987109471709,0.4117647058823529,0.1568627450980392
1,4,3,48,0.0,11.560264247078702,41.98353663683691,0.058823529411764705,0.0
1,4,3,49,0.0,14.725657331983674,40.10264406115093,0.0,0.0
1,4,3,50,1.0,1077.2036228050947,2332.7181825270472,3.176470588235294,0.7450980392156863
1,4,3,51,0.0,10.618601946836963,46.998103899823235,0.17647058823529413,0.0
1,4,3,52,0.0,14.426190882598322,35.69233029634278,0.029411764705882353,0.0
1,4,3,53,0.0,12.915714705361678,33.49579652153703,0.029411764705882353,0.0
1,4,3,54,2.0,1760.2559811117594,3580.293610154165,3.549019607843137,0.8235294117647058
1,4,3,55,0.0,20.120517941664897,46.03734086888197,0.029411764705882353,0.0
1,4,3,56,0.0,6.244228398820058,12.076283922984235,0.0,0.0
1,4,3,57,0.0,2.966509112232457,7.095600889714417,0.0,0.0
1,4,3,58,0.0,49.09735575621664,137.44799646010844,0.4117647058823529,0.0
1,4,3,59,0.0,4.380527810484428,19.24391347127118,0.0,0.0
1,4,4,0,0.0,23.265395693227592,87.24257136681523,0.058823529411764705,0.0
1,4,4,1,0.0,46.27925604150718,96.13057093330902,0.14705882352941177,0.0
1,4,4,2,0.0,39.14761521547925,148.61281678346998,0.4019607843137255,0.0
1,4,4,3,0.0,11.055234530241647,44.499681688991416,0.17647058823529413,0.0
1,4,4,4,0.0,20.486401524443494,42.21152587417292,0.029411764705882353,0.0
1,4,4,5,0.0,41.61526298989928,125.19470271640958,0.23529411764705882,0.0
1,4,4,6,0.0,147.0671037379471,431.1855283692935,0.6274509803921569,0.0
1,4,4,7,0.0,55.78013908566785,193.64463223389083,0.7156862745098039,0.0
1,4,4,8,0.0,21.031515934431237,73.89056456273427,0.17647058823529413,0.0
1,4,4,9,0.0,221.041160855569,508.3940151876658,1.4019607843137254,0.13725490196078433
1,4,4,10,0.0,402.7371333044461,872.8044925263862,1.5392156862745099,0.09803921568627451
1,4,4,11,0.0,39.63596986100117,88.42257670981313,0.14705882352941177,0.0
1,4,4,12,0.0,19.487474739623305,65.91413502936916,0.17647058823529413,0.0
1,4,4,13,0.0,42.524552381716546,151.4958357538771,0.5196078431372549,0.0
1,4,4,14,3.0,1694.2613503478253,3572.744473667677,3.823529411764706,0.45098039215686275
1,4,4,15,0.0,23.667541244194183,64.98058666818181,0.17647058823529413,0.0
1,4,4,16,0.0,18.988735344872932,59.97095555894171,0.058823529411764705,0.0
1,4,4,17,0.0,294.9954873338524,967.6610272564935,1.1862745098039216,0.19607843137254902
1,4,4,18,0.0,14.806693156633557,37.76982038233423,0.0,0.0
1,4,4,19,0.0,31.288003773595605,77.07847960130398,0.20588235294117646,0.0
1,4,4,20,0.0,75.40308538329448,190.11146359436327,0.17647058823529413,0.0
1,4,4,21,0.0,49.33599391124666,106.54838311448339,0.20588235294117646,0.0
1,4,4,22,0.0,0.24555779374848785,1.7325759991689227,0.0,0.0
1,4,4,23,0.0,730.6399035006233,1465.6825664786115,2.3627450980392157,0.3333333333333333
1,4,4,24,0.0,60.47393819888574,118.6942539410609,0.2549019607843137,0.0
1,4,4,25,0.0,15.885745619654946,54.760852065232754,0.17647058823529413,0.0
1,4,4,26,0.0,21.13358918447718,93.06832849245502,0.20588235294117646,0.0
1,4,4,27,0.0,35.314124438977764,64.9116623479311,0.22549019607843138,0.0
1,4,4,28,0.0,41.0263435401249,130.06417217906392,0.3431372549019608,0.0
1,4,4,29,0.0,6.564856257563187,13.133694260382882,0.0,0.0
1,4,4,30,0.0,236.66675762846836,462.7944804102975,0.9509803921568627,0.09803921568627451
1,4,4,31,0.0,104.43648356382403,203.56057666316124,0.7058823529411765,0.0
1,4,4,32,0.0,17.6830358697788,37.56981708068487,0.029411764705882353,0.0
1,4,4,33,0.0,6.445787997247459,14.293888928245686,0.029411764705882353,0.0
1,4,4,34,0.0,19.517444836902758,48.385002365365295,0.029411764705882353,0.0
1,4,4,35,0.0,87.81753372592775,192.0250524723114,0.6470588235294118,0.0
1,4,4,36,0.0,504.6008469537879,1548.6840252895938,1.7058823529411764,0.5882352941176471
1,4,4,37,0.0,22.577357014489966,76.75452595674692,0.11764705882352941,0.0
1,4,4,38,0.0,17.382881194202014,29.234977661060036,0.0,0.0
1,4,4,39,0.0,1487.941915645326,2930.990746875719,3.019607843137255,0.23529411764705882
1,4,4,40,0.0,1.8655251298230149,9.165792147659378,0.0,0.0
1,4,4,41,0.0,22.71583948862104,54.16902759014407,0.029411764705882353,0.0
1,4,4,42,0.0,6.211192598495904,17.843940608000572,0.0,0.0
1,4,4,43,0.0,41.420242256811115,84.19391483194659,0.0,0.0
1,4,4,44,0.0,148.06167541260717,355.8557163465389,0.6568627450980392,0.0
1,4,4,45,0.0,70.27915087188356,278.62187775408364,1.0588235294117647,0.0
1,4,4,46,0.0,44.80698868959574,127.06332264309697,0.35294117647058826,0.058823529411764705
1,4,4,47,0.0,71.52131927533469,210.41281036144943,0.4117647058823529,0.1568627450980392
1,4,4,48,0.0,11.560264247078702,41.98353663683691,0.058823529411764705,0.0
1,4,4,49,0.0,14.101331131760434,38.317310175882035,0.0,0.0
1,4,4,50,0.0,520.993689859648,1144.0669907006222,2.0588235294117645,0.47058823529411764
1,4,4,51,0.0,10.531842892027498,46.83103934967463,0.17647058823529413,0.0
1,4,4,52,0.0,14.426190882598322,35.69233029634278,0.029411764705882353,0.0
1,4,4,53,0.0,12.915714705361694,33.49579652153703,0.029411764705882353,0.0
1,4,4,54,0.0,990.9023578207132,1879.7588741404184,2.5392156862745097,0.29411764705882354
1,4,4,55,0.0,20.120517941664897,46.03734086888197,0.029411764705882353,0.0
1,4,4,56,0.0,6.244228398820058,12.076283922984235,0.0,0.0
1,4,4,57,0.0,2.966509112232457,7.095600889714417,0.0,0.0
1,4,4,58,0.0,47.27423643560225,134.2173026594947,0.4117647058823529,0.0
1,4,4,59,0.0,4.380527810484428,19.24391347127118,0.0,0.0
2,0,0,0,1.0,1584.8391951023393,4539.914829810006,2.764705882352941,3.392156862745098
2,0,0,1,0.0,1099.0374740062289,2564.800723399694,3.4313725490196076,1.7450980392156863
2,0,0,2,0.0,1551.4001114079128,3187.3443703562866,5.029411764705882,1.411764705882353
2,0,0,3,0.0,804.8634059661064,1953.2241558925832,1.911764705882353,2.9411764705882355
2,0,0,4,0.0,138.39142749994852,317.2837333660149,0.43137254901960786,0.0
2,0,0,5,0.0,851.7192404239713,2458.8597314065223,1.9019607843137254,2.5294117647058822
2,0,0,6,15.0,2153.8952576733213,5048.741513186816,5.411764705882353,4.1568627450980395
2,0,0,7,0.0,555.9884824449595,1411.617454179451,1.8529411764705883,1.803921568627451
2,0,0,8,0.0,646.2323566493006,1889.3780728253582,0.9215686274509803,1.9411764705882353
2,0,0,9,0.0,1496.1301657042352,3485.4824564887645,4.431372549019608,2.8823529411764706
2,0,0,10,0.0,813.5235280771195,2111.383703599104,2.715686274509804,2.2549019607843137
2,0,0,11,0.0,1038.338454464751,2530.107630372644,2.9705882352941178,2.1372549019607843
2,0,0,12,0.0,905.9118541520066,2412.8012784778043,1.4509803921568627,2.5686274509803924
2,0,0,13,0.0,621.3414730873355,1525.1471887769499,2.480392156862745,1.0588235294117647
2,0,0,14,0.0,1512.4652577423974,3339.382996158598,4.215686274509804,2.019607843137255
2,0,0,15,0.0,1058.1960801416813,2659.6145553802603,2.735294117647059,2.6470588235294117
2,0,0,16,0.0,1182.9976803129612,2930.4031218781583,2.6372549019607843,2.3137254901960786
2,0,0,17,0.0,1500.3297369260065,4266.419421973607,3.656862745098039,3.3137254901960786
2,0,0,18,0.0,1120.4222877400875,2526.2903932848117,2.892156862745098,2.627450980392157
2,0,0,19,0.0,744.4769117783379,1818.197852819328,2.803921568627451,1.3725490196078431
2,0,0,20,1.0,1575.062423178283,3433.2169535456346,5.303921568627451,2.4901960784313726
2,0,0,21,0.0,828.1424080561299,1728.3380588819557,2.5784313725490198,1.4705882352941178
2,0,0,22,0.0,993.5721746695132,2550.6788098364314,1.9215686274509804,2.803921568627451
2,0,0,23,0.0,1140.9520180563566,2303.737902023832,3.627450980392157,1.0784313725490196
2,0,0,24,0.0,549.0943009971444,1259.0811746891327,2.303921568627451,0.7647058823529411
2,0,0,25,0.0,778.6733007161793,2200.1691004791483,2.3333333333333335,1.9411764705882353
2,0,0,26,0.0,1317.5522839377647,3179.7268474082957,3.892156862745098,2.7058823529411766
2,0,0,27,0.0,524.9450810533115,1560.4223183024717,1.7156862745098038,1.1764705882352942
2,0,0,28,7.0,1752.263007591949,4094.8104628233536,5.470588235294118,2.764705882352941
2,0,0,29,0.0,230.85109903802112,589.7457160467286,0.7156862745098039,0.9411764705882353
2,0,0,30,0.0,1519.4659670679014,3436.7946440511832,4.284313725490196,1.9803921568627452
2,0,0,31,0.0,621.3885295372448,1303.8997357374226,2.696078431372549,0.5882352941176471
2,0,0,32,0.0,1287.205481041579,3120.548868099553,3.549019607843137,2.3333333333333335
2,0,0,33,0.0,281.19045987028767,721.3521517130594,0.6274509803921569,1.3529411764705883
2,0,0,34,0.0,1364.43219796457,2789.5349817848546,4.401960784313726,1.8627450980392157
2,0,0,35,0.0,1071.542636462891,2855.3722552215886,3.4901960784313726,2.3137254901960786
2,0,0,36,0.0,1180.9878688202166,2946.6848428054077,3.0784313725490198,2.764705882352941
2,0,0,37,0.0,229.73416491976684,925.0288721672889,0.6568627450980392,0.8431372549019608
2,0,0,38,0.0,1349.1438499239603,3016.4503994422344,3.8333333333333335,2.411764705882353
2,0,0,39,0.0,757.6724673142364,1541.6612192289301,2.8333333333333335,0.6666666666666666
2,0,0,40,0.0,233.80947188325732,885.817657921138,0.4117647058823529,1.1372549019607843
2,0,0,41,0.0,299.38236829002153,780.3716000266932,1.0392156862745099,1.0588235294117647
2,0,0,42,0.0,1414.6570805955319,4242.9554704645325,2.235294117647059,4.411764705882353
2,0,0,43,11.0,1867.0251002618027,4189.36916934451,5.2254901960784315,2.7058823529411766
2,0,0,44,0.0,1208.4898522585238,2525.4601299328842,4.235294117647059,1.1568627450980393
2,0,0,45,0.0,451.2510312386587,1167.969567590512,1.9215686274509804,1.0
2,0,0,46,0.0,585.149980141144,1434.6091852427699,1.8137254901960784,1.4509803921568627
2,0,0,47,0.0,766.1555206894732,2360.0904895023414,1.6372549019607843,2.6470588235294117
2,0,0,48,0.0,1048.9873839682464,3147.0817580542803,2.2745098039215685,3.0
2,0,0,49,0.0,1210.4037823865556,3695.3117776190525,2.1470588235294117,3.627450980392157
2,0,0,50,3.0,1489.2830182622192,3507.1712378600546,3.7450980392156863,2.803921568627451
2,0,0,51,0.0,738.4789886649211,2315.5742292373834,1.5490196078431373,2.3529411764705883
2,0,0,52,0.0,1157.529842029871,3208.7104083506138,2.5294117647058822,2.8627450980392157
2,0,0,53,0.0,978.5752292233112,2451.821668227772,2.696078431372549,2.5098039215686274
2,0,0,54,14.0,2380.0733698910203,5771.762793805953,5.588235294117647,4.078431372549019
2,0,0,55,0.0,207.13120138942384,538.124853793209,0.7254901960784313,0.6078431372549019
2,0,0,56,0.0,505.07533347785534,1195.1918389311668,1.6862745098039216,1.2352941176470589
2,0,0,57,0.0,292.0391618173225,625.7303742687667,1.3823529411764706,0.43137254901960786
2,0,0,58,0.0,854.8420102452587,1789.3732531475512,2.696078431372549,0.8823529411764706
2,0,0,59,0.0,1010.2929384092139,2824.106411909666,2.088235294117647,2.196078431372549
2,0,1,0,0.0,413.707895481152,1181.4201642576086,1.196078431372549,0.17647058823529413
2,0,1,1,0.0,445.9247882538659,935.8455760314135,2.284313725490196,0.0
2,0,1,2,0.0,1184.0430360556763,2390.3998031443753,4.4411764705882355,0.6470588235294118
2,0,1,3,0.0,50.578689325784396,134.751350114703,0.37254901960784315,0.0
2,0,1,4,0.0,88.24126458365326,187.8058383953191,0.27450980392156865,0.0
2,0,1,5,0.0,172.94345514897617,420.5776269715752,0.803921568627451,0.0
2,0,1,6,0.0,748.018863146558,1779.6823471986063,3.0588235294117645,0.21568627450980393
2,0,1,7,0.0,165.21043353900717,458.5194329457853,1.1470588235294117,0.29411764705882354
2,0,1,8,0.0,139.38241363377227,370.94927310521393,0.6078431372549019,0.0
2,0,1,9,0.0,441.6858699258976,1067.231672986144,2.3627450980392157,0.3137254901960784
2,0,1,10,0.0,322.95038616296625,816.523677259582,1.9215686274509804,0.0
2,0,1,11,0.0,257.42765550031004,625.0414303689532,1.3529411764705883,0.0
2,0,1,12,0.0,119.97583616750606,313.8097516966459,0.6470588235294118,0.0
2,0,1,13,0.0,388.02079133022136,955.9708406900791,1.9019607843137254,0.2549019607843137
2,0,1,14,0.0,817.3968938822426,1827.9294805882075,2.784313725490196,0.7058823529411765
2,0,1,15,0.0,47.326883690316244,113.80375738017919,0.3431372549019608,0.0
2,0,1,16,0.0,294.8511375632729,765.7956485374771,1.2450980392156863,0.29411764705882354
2,0,1,17,0.0,475.8375835427518,1503.934356372985,1.9509803921568627,0.6470588235294118
2,0,1,18,0.0,470.90744630611346,953.6982815316486,2.1176470588235294,0.0
2,0,1,19,0.0,279.62745830411137,674.4207796181289,1.7254901960784315,0.058823529411764705
2,0,1,20,0.0,571.0640205038493,1366.64512738901,2.9901960784313726,0.3333333333333333
2,0,1,21,0.0,586.0982813654371,1129.2410670312006,2.0,0.6666666666666666
2,0,1,22,0.0,192.89865655033745,532.7194234933354,0.5392156862745098,0.17647058823529413
2,0,1,23,0.0,997.7454121017487,1955.8704332801797,3.196078431372549,0.7058823529411765
2,0,1,24,0.0,283.4983336223818,664.8396545152381,1.8431372549019607,0.0
2,0,1,25,0.0,129.5844669411373,367.2189788877243,1.1176470588235294,0.0
2,0,1,26,0.0,340.05689426781527,918.3775430805326,1.9803921568627452,0.058823529411764705
2,0,1,27,0.0,77.99486190392999,247.2019651125932,0.49019607843137253,0.0
2,0,1,28,0.0,699.3239370076698,1557.998304441502,3.2549019607843137,0.0
2,0,1,29,0.0,8.44741287186291,24.132949133299718,0.029411764705882353,0.0
2,0,1,30,0.0,541.254118010138,1230.798178494727,2.3137254901960786,0.1568627450980392
2,0,1,31,0.0,341.48079014902976,756.9046257076333,1.7156862745098038,0.23529411764705882
2,0,1,32,0.0,281.9257085773541,668.1335435295844,1.5980392156862746,0.0784313725490196
2,0,1,33,0.0,25.879112359996622,58.91933525395934,0.1568627450980392,0.0
2,0,1,34,0.0,528.5761544081014,1121.3336481771987,2.5294117647058822,0.058823529411764705
2,0,1,35,0.0,525.0551997641849,1393.7791597929831,2.627450980392157,0.6078431372549019
2,0,1,36,0.0,525.3666063704495,1510.241129201786,2.2058823529411766,0.43137254901960786
2,0,1,37,0.0,97.14589746565849,371.9442405198202,0.6274509803921569,0.0
2,0,1,38,0.0,414.49739014833204,828.3126051393642,1.9607843137254901,0.0
2,0,1,39,0.0,419.4449889381472,795.7957409769583,1.8235294117647058,0.0
2,0,1,40,0.0,31.66575577845858,105.89863933989807,0.21568627450980393,0.0
2,0,1,41,0.0,102.7363994150175,257.15997218316977,0.6274509803921569,0.0
2,0,1,42,0.0,124.50388084166228,375.9527316194994,0.5098039215686274,0.0
2,0,1,43,0.0,859.1829044164597,1951.6370535340293,3.343137254901961,0.0
2,0,1,44,0.0,623.5192075362118,1389.310386054324,2.823529411764706,0.11764705882352941
2,0,1,45,0.0,205.24880403798676,666.6988862561577,1.6470588235294117,0.0
2,0,1,46,0.0,152.95698732595582,443.3249839579542,0.6274509803921569,0.3137254901960784
2,0,1,47,0.0,294.16866077498605,909.2842529865159,1.1666666666666667,0.45098039215686275
2,0,1,48,0.0,177.56623381429304,554.8423420990041,0.8137254901960784,0.0
2,0,1,49,0.0,154.62910185609513,472.3449667191743,0.5686274509803921,0.0
2,0,1,50,0.0,362.1413375228783,827.4010002039315,1.7352941176470589,0.3333333333333333
2,0,1,51,0.0,48.37745294983532,130.73621453239903,0.3431372549019608,0.0
2,0,1,52,0.0,152.9048311282245,401.911683103485,0.5,0.0
2,0,1,53,0.0,151.43500154696483,381.8504516629768,0.6176470588235294,0.29411764705882354
2,0,1,54,0.0,644.8611577527853,1440.736779420489,2.3823529411764706,0.37254901960784315
2,0,1,55,0.0,56.390867943434216,145.67953616162725,0.3137254901960784,0.0
2,0,1,56,0.0,59.77407513819445,162.02796500952948,0.4411764705882353,0.0
2,0,1,57,0.0,9.122033151563143,21.185339598007452,0.029411764705882353,0.0
2,0,1,58,0.0,519.8851316369343,1034.8943405210464,2.127450980392157,0.2549019607843137
2,0,1,59,0.0,31.276294096945833,135.25624517171966,0.29411764705882354,0.0
2,0,2,0,0.0,108.58909995812465,357.82196472150554,0.4117647058823529,0.0
2,0,2,1,0.0,376.5042853868778,759.6240373923066,1.7843137254901962,0.0
2,0,2,2,0.0,617.0489383468271,1279.7966439196784,3.323529411764706,0.0
2,0,2,3,0.0,16.028211101964995,63.514092534399936,0.19607843137254902,0.0
2,0,2,4,0.0,86.36897215029904,182.48462590022538,0.27450980392156865,0.0
2,0,2,5,0.0,171.3948492650016,416.07495490252177,0.7941176470588235,0.0
2,0,2,6,0.0,378.143278138793,967.6015049782973,1.9313725490196079,0.0
2,0,2,7,0.0,163.56921216797627,453.9711727617962,1.107843137254902,0.29411764705882354
2,0,2,8,0.0,106.66970083017188,305.01402005030786,0.46078431372549017,0.0
2,0,2,9,0.0,215.90340230880796,605.8305636533098,1.7843137254901962,0.0
2,0,2,10,0.0,256.4364534978894,651.1241419122164,1.6470588235294117,0.0
2,0,2,11,0.0,182.38046713005903,456.2500394030175,1.1274509803921569,0.0
2,0,2,12,0.0,65.89257230072742,195.4530523923108,0.5,0.0
2,0,2,13,0.0,276.9770655091203,751.2094408682327,1.5392156862745099,0.0
2,0,2,14,0.0,606.8150776430853,1408.621990211662,2.3627450980392157,0.058823529411764705
2,0,2,15,0.0,46.64715079950258,110.16535801893133,0.3431372549019608,0.0
2,0,2,16,0.0,136.23119456122078,464.1465631314359,0.7941176470588235,0.0
2,0,2,17,0.0,301.91969840325953,957.4469861547134,1.8823529411764706,0.0
2,0,2,18,0.0,340.0162180253199,698.5039923471438,1.4901960784313726,0.0
2,0,2,19,0.0,167.52242340962482,417.3787235581797,1.1274509803921569,0.0
2,0,2,20,0.0,422.0920941364672,1084.7047399142732,2.3333333333333335,0.0
2,0,2,21,0.0,455.66817313373025,901.7494631198186,1.9411764705882353,0.29411764705882354
2,0,2,22,0.0,0.24555779374848785,1.7325759991689227,0.0,0.0
2,0,2,23,0.0,650.300643471832,1304.1455894156031,2.6862745098039214,0.6078431372549019
2,0,2,24,0.0,238.42244013499328,570.5921626206481,1.6862745098039216,0.0
2,0,2,25,0.0,122.01437808296647,334.56169222646366,1.0,0.0
2,0,2,26,0.0,131.48924630427103,372.5390088784034,1.0098039215686274,0.0
2,0,2,27,0.0,35.91557648437649,77.27434407622236,0.19607843137254902,0.0
2,0,2,28,0.0,502.33854891235046,1113.5824790387032,2.4215686274509802,0.0
2,0,2,29,0.0,6.223924570332273,12.486799344998142,0.0,0.0
2,0,2,30,0.0,393.0244862086066,821.6846185414942,1.7352941176470589,0.0
2,0,2,31,0.0,183.20128249852934,401.85833557127586,1.1372549019607843,0.0
2,0,2,32,0.0,140.104659150162,313.7472869942228,0.9215686274509803,0.0
2,0,2,33,0.0,24.72125928050851,55.886770200891334,0.1568627450980392,0.0
2,0,2,34,0.0,340.8767142059008,766.3968930443302,1.8529411764705883,0.0
2,0,2,35,0.0,404.0904185797568,944.956800969793,2.2450980392156863,0.0
2,0,2,36,0.0,463.32501703341734,1327.1157222066495,1.9313725490196079,0.5882352941176471
2,0,2,37,0.0,97.09276801184983,365.9478375091901,0.6274509803921569,0.0
2,0,2,38,0.0,198.30126446046518,379.4969285541209,0.8529411764705882,0.0
2,0,2,39,0.0,377.97533455752875,728.5173688984688,1.6176470588235294,0.0
2,0,2,40,0.0,4.8711407323905815,18.37480317222539,0.029411764705882353,0.0
2,0,2,41,0.0,89.90212509063298,204.12965297147232,0.4803921568627451,0.0
2,0,2,42,0.0,103.3307323458305,300.5445586949221,0.4215686274509804,0.0
2,0,2,43,0.0,298.2747757386376,743.6040062582795,1.3137254901960784,0.0
2,0,2,44,0.0,432.68332110082383,1024.6196291876408,1.911764705882353,0.0
2,0,2,45,0.0,197.53441409688264,643.8587355535133,1.6470588235294117,0.0
2,0,2,46,0.0,139.51036795195876,384.53784439317747,0.5098039215686274,0.3137254901960784
2,0,2,47,0.0,176.65190344898758,543.5198969097527,1.0,0.0
2,0,2,48,0.0,38.53533280341719,143.43883002573003,0.3137254901960784,0.0
2,0,2,49,0.0,144.96037662151554,440.56520648964465,0.5980392156862745,0.0
2,0,2,50,0.0,253.0235260410475,593.917364993944,1.5784313725490196,0.27450980392156865
2,0,2,51,0.0,23.346821095256708,80.91329738499095,0.22549019607843138,0.0
2,0,2,52,0.0,142.30226636794436,335.5121659320083,0.5,0.0
2,0,2,53,0.0,58.88626671240314,152.16717184057106,0.1568627450980392,0.29411764705882354
2,0,2,54,0.0,426.06472515392363,926.3067407360185,1.9313725490196079,0.0
2,0,2,55,0.0,55.28799738880261,140.94150921115425,0.30392156862745096,0.0
2,0,2,56,0.0,33.02439833801207,64.72350965570841,0.14705882352941177,0.0
2,0,2,57,0.0,7.107560452037909,16.55066783956663,0.029411764705882353,0.0
2,0,2,58,0.0,340.9880252239642,703.8866696622918,1.7450980392156863,0.0
2,0,2,59,0.0,11.254093787691774,80.28175841230559,0.14705882352941177,0.0
2,0,3,0,0.0,93.92445848478827,316.44405536331533,0.35294117647058826,0.0
2,0,3,1,0.0,310.0689611047724,618.6979437429948,1.3137254901960784,0.0
2,0,3,2,0.0,293.2801290051822,592.989658616299,1.8235294117647058,0.0
2,0,3,3,0.0,14.969314690652741,61.31490738203178,0.19607843137254902,0.0
2,0,3,4,0.0,81.33559287819179,137.83436978944047,0.1568627450980392,0.0
2,0,3,5,0.0,170.4373897869787,413.1510158745884,0.7843137254901961,0.0
2,0,3,6,0.0,193.42867940678263,519.0605039656471,0.9215686274509803,0.0
2,0,3,7,0.0,163.62266149367127,454.30688068410194,1.1470588235294117,0.29411764705882354
2,0,3,8,0.0,75.17307512385906,208.36259016748681,0.3431372549019608,0.0
2,0,3,9,0.0,183.77121741752703,508.24415411114836,1.5196078431372548,0.0
2,0,3,10,0.0,194.8122669764134,450.2913947253805,1.0294117647058822,0.0
2,0,3,11,0.0,150.1329382211847,346.7267818415115,0.8431372549019608,0.0
2,0,3,12,0.0,65.89257230072742,195.4530523923108,0.5,0.0
2,0,3,13,0.0,181.3456446614944,494.7135393514608,1.3431372549019607,0.0
2,0,3,14,0.0,489.4192442999709,1091.227309583129,1.8627450980392157,0.058823529411764705
2,0,3,15,0.0,46.64715079950258,110.16535801893133,0.3431372549019608,0.0
2,0,3,16,0.0,82.01125315371904,262.33226956494025,0.46078431372549017,0.0
2,0,3,17,0.0,235.35020032642626,775.4367826159777,1.5,0.0
2,0,3,18,0.0,73.55760425131346,184.40220604969912,0.29411764705882354,0.0
2,0,3,19,0.0,99.16120224133005,267.0503903457307,0.6372549019607843,0.0
2,0,3,20,0.0,194.6783607449505,589.7196634214829,0.9215686274509803,0.0
2,0,3,21,0.0,338.8041460866776,671.703953469336,1.5588235294117647,0.29411764705882354
2,0,3,22,0.0,0.24555779374848785,1.7325759991689227,0.0,0.0
2,0,3,23,0.0,280.06618837790813,597.4496202379933,1.5980392156862746,0.0
2,0,3,24,0.0,136.74346947919759,307.24335169538756,0.8823529411764706,0.0
2,0,3,25,0.0,98.90158683173613,269.6660405829627,0.8333333333333334,0.0
2,0,3,26,0.0,104.90540947553896,317.72574901511314,0.8823529411764706,0.0
2,0,3,27,0.0,33.9105045608712,71.57727314231833,0.19607843137254902,0.0
2,0,3,28,0.0,329.8885495992882,736.1275290065975,1.6568627450980393,0.0
2,0,3,29,0.0,6.223924570332274,12.486799344998143,0.0,0.0
2,0,3,30,0.0,260.0474557060469,562.1061488725472,1.0294117647058822,0.0
2,0,3,31,0.0,117.45888187204386,258.77813953090987,0.6274509803921569,0.0
2,0,3,32,0.0,87.46290663989001,215.49862220336053,0.5784313725490197,0.0
2,0,3,33,0.0,22.891037124953613,50.76213214833628,0.1568627450980392,0.0
2,0,3,34,0.0,119.63695449970457,266.94911466177496,0.7058823529411765,0.0
2,0,3,35,0.0,201.97829860173903,564.4578269473125,1.607843137254902,0.0
2,0,3,36,0.0,343.5844247785084,1018.3336939465347,1.4803921568627452,0.37254901960784315
2,0,3,37,0.0,88.13745032348835,288.66338766828034,0.6274509803921569,0.0
2,0,3,38,0.0,131.62130020253707,245.66972690486884,0.4411764705882353,0.0
2,0,3,39,0.0,250.97752331824404,492.65539385498937,1.0686274509803921,0.0
2,0,3,40,0.0,3.3888341747165835,14.768692199077059,0.029411764705882353,0.0
2,0,3,41,0.0,89.6843659044366,203.19414074061385,0.4803921568627451,0.0
2,0,3,42,0.0,84.47298854917689,245.34109473229822,0.30392156862745096,0.0
2,0,3,43,0.0,153.45906476990712,382.4950357676288,0.7549019607843137,0.0
2,0,3,44,0.0,307.48237943771977,747.9792661007973,1.4509803921568627,0.0
2,0,3,45,0.0,166.34587905847897,538.9975394052783,1.6470588235294117,0.0
2,0,3,46,0.0,109.8699754813078,316.493843587941,0.5098039215686274,0.3137254901960784
2,0,3,47,0.0,176.65190344898758,543.5198969097527,1.0,0.0
2,0,3,48,0.0,37.34977378200396,138.63370946574685,0.3137254901960784,0.0
2,0,3,49,0.0,94.08601174751661,261.93332892415566,0.4215686274509804,0.0
2,0,3,50,0.0,197.81616616736997,447.0007760693785,1.1862745098039216,0.35294117647058826
2,0,3,51,0.0,14.445923052438587,63.646265042715,0.19607843137254902,0.0
2,0,3,52,0.0,142.2974162018127,335.4925724967187,0.5,0.0
2,0,3,53,0.0,58.88626671240314,152.16717184057106,0.1568627450980392,0.29411764705882354
2,0,3,54,0.0,276.4029382455644,562.0975708768715,1.4411764705882353,0.0
2,0,3,55,0.0,43.96364094387153,92.29109796613966,0.1568627450980392,0.0
2,0,3,56,0.0,32.73658729016075,63.469347364381626,0.14705882352941177,0.0
2,0,3,57,0.0,6.6210089183893786,15.199654938623432,0.029411764705882353,0.0
2,0,3,58,0.0,138.9950517560781,338.99887029925105,0.9117647058823529,0.0
2,0,3,59,0.0,10.478262945685042,78.12750053001956,0.14705882352941177,0.0
2,0,4,0,0.0,93.92445848478827,316.44405536331533,0.35294117647058826,0.0
2,0,4,1,0.0,245.61847945074817,495.4529887064209,1.0,0.0
2,0,4,2,0.0,69.45013080100381,210.31670158402687,0.6764705882352942,0.0
2,0,4,3,0.0,14.969314690652741,61.31490738203178,0.19607843137254902,0.0
2,0,4,4,0.0,81.21727747064406,136.86281756213953,0.1568627450980392,0.0
2,0,4,5,0.0,159.12926056494447,378.61766890360525,0.6862745098039216,0.0
2,0,4,6,0.0,193.42867940678263,519.0605039656471,0.9215686274509803,0.0
2,0,4,7,0.0,162.96156305048297,450.15461155971917,1.1372549019607843,0.29411764705882354
2,0,4,8,0.0,75.17307512385906,208.36259016748681,0.3431372549019608,0.0
2,0,4,9,0.0,183.46915672477988,507.0106794728214,1.5196078431372548,0.0
2,0,4,10,0.0,194.80894680990366,450.2853566054423,1.0294117647058822,0.0
2,0,4,11,0.0,121.36733202786033,294.1492505817987,0.7058823529411765,0.0
2,0,4,12,0.0,65.89257230072742,195.4530523923108,0.5,0.0
2,0,4,13,0.0,181.6643722769954,498.2102899105345,1.3725490196078431,0.0
2,0,4,14,0.0,464.8386911312324,1039.6340447071966,1.7254901960784315,0.058823529411764705
2,0,4,15,0.0,46.64715079950258,110.16535801893133,0.3431372549019608,0.0
2,0,4,16,0.0,82.01125315371904,262.33226956494025,0.46078431372549017,0.0
2,0,4,17,0.0,235.10376806287908,774.8589611003705,1.5,0.0
2,0,4,18,0.0,73.55760425131346,184.40220604969912,0.29411764705882354,0.0
2,0,4,19,0.0,99.16120224133007,267.05039034573076,0.6372549019607843,0.0
2,0,4,20,0.0,159.09296347812486,461.8647422417513,0.6274509803921569,0.0
2,0,4,21,0.0,242.10240326425892,513.7322576944928,1.107843137254902,0.29411764705882354
2,0,4,22,0.0,0.24555779374848785,1.7325759991689227,0.0,0.0
2,0,4,23,0.0,227.85056906845233,537.5231603976353,1.4215686274509804,0.0
2,0,4,24,0.0,92.5774346512257,194.68486340079303,0.46078431372549017,0.0
2,0,4,25,0.0,88.98479845697598,193.33385314636766,0.5980392156862745,0.0
2,0,4,26,0.0,97.73687208742194,302.68438218235997,0.8529411764705882,0.0
2,0,4,27,0.0,33.910504560871196,71.57727314231833,0.19607843137254902,0.0
2,0,4,28,0.0,297.15700760256885,666.7147105534192,1.4705882352941178,0.0
2,0,4,29,0.0,6.223924570332273,12.486799344998138,0.0,0.0
2,0,4,30,0.0,144.5771168521815,305.4852355861004,0.5196078431372549,0.0
2,0,4,31,0.0,117.45888187204386,258.7781395309098,0.6274509803921569,0.0
2,0,4,32,0.0,87.46290663989002,215.49862220336058,0.5784313725490197,0.0
2,0,4,33,0.0,22.891037124953613,50.76213214833628,0.1568627450980392,0.0
2,0,4,34,0.0,69.82172645076434,176.11168327337603,0.4803921568627451,0.0
2,0,4,35,0.0,192.7546156245144,497.1405846055937,1.4705882352941178,0.0
2,0,4,36,0.0,343.5244564923153,1018.2061910962389,1.4803921568627452,0.37254901960784315
2,0,4,37,0.0,88.13745032348834,288.66338766828034,0.6274509803921569,0.0
2,0,4,38,0.0,109.71878471703305,187.47092651874308,0.29411764705882354,0.0
2,0,4,39,0.0,250.02798951879132,491.5657245634244,1.0686274509803921,0.0
2,0,4,40,0.0,3.3888341747165835,14.768692199077059,0.029411764705882353,0.0
2,0,4,41,0.0,89.6843659044366,203.19414074061385,0.4803921568627451,0.0
2,0,4,42,0.0,78.16238668790943,227.1067694947088,0.27450980392156865,0.0
2,0,4,43,0.0,72.72134270154254,133.9344927173181,0.14705882352941177,0.0
2,0,4,44,0.0,307.48237943771977,747.9792661007973,1.4509803921568627,0.0
2,0,4,45,0.0,166.34587905847897,538.9975394052783,1.6470588235294117,0.0
2,0,4,46,0.0,109.8699754813078,316.493843587941,0.5098039215686274,0.3137254901960784
2,0,4,47,0.0,176.65190344898758,543.5198969097527,1.0,0.0
2,0,4,48,0.0,37.34977378200396,138.63370946574685,0.3137254901960784,0.0
2,0,4,49,0.0,93.53509438995094,260.3679909290559,0.4215686274509804,0.0
2,0,4,50,0.0,197.51107313442964,446.0721500985514,1.1862745098039216,0.35294117647058826
2,0,4,51,0.0,14.445923052438587,63.646265042715,0.19607843137254902,0.0
2,0,4,52,0.0,142.2974162018127,335.4925724967187,0.5,0.0
2,0,4,53,0.0,58.88626671240314,152.16717184057106,0.1568627450980392,0.29411764705882354
2,0,4,54,0.0,276.376671997648,562.0224736862374,1.4411764705882353,0.0
2,0,4,55,0.0,43.96364094387153,92.29109796613966,0.1568627450980392,0.0
2,0,4,56,0.0,32.73658729016075,63.469347364381626,0.14705882352941177,0.0
2,0,4,57,0.0,6.6210089183893786,15.199654938623432,0.029411764705882353,0.0
2,0,4,58,0.0,138.99505175607808,338.99887029925105,0.9117647058823529,0.0
2,0,4,59,0.0,10.478262945685042,78.12750053001956,0.14705882352941177,0.0
2,1,0,0,17.0,3589.926972915035,9968.616928684984,6.5588235294117645,8.450980392156863
2,1,0,1,11.0,2112.7547078773587,4890.281717215088,5.401960784313726,4.0
2,1,0,2,13.0,3218.2574959460167,7430.839734806643,7.813725490196078,6.137254901960785
2,1,0,3,0.0,1015.0334947939319,2480.3940903052962,2.4705882352941178,3.2549019607843137
2,1,0,4,0.0,140.40367227835978,324.52855048076634,0.4803921568627451,0.0
2,1,0,5,10.0,1750.575675470982,4767.772487682027,3.696078431372549,5.352941176470588
2,1,0,6,18.0,4886.166983022231,11878.232202870235,10.264705882352942,9.823529411764707
2,1,0,7,0.0,762.9455795349079,1885.1134262874853,2.088235294117647,2.392156862745098
2,1,0,8,6.0,1447.8644695020216,3922.241729200946,2.3529411764705883,3.843137254901961
2,1,0,9,15.0,3406.1735955648446,8362.017931552331,8.656862745098039,7.980392156862745
2,1,0,10,10.0,1862.5034570751156,4604.401631040352,5.117647058823529,4.901960784313726
2,1,0,11,11.0,2100.5215109937726,5206.90058987108,5.235294117647059,4.509803921568627
2,1,0,12,8.0,1651.3101054561798,4383.433928266173,2.911764705882353,4.509803921568627
2,1,0,13,1.0,1240.190803908367,3092.8140024068757,3.3823529411764706,3.0980392156862746
2,1,0,14,15.0,3818.1734112325203,9133.208077672456,8.882352941176471,7.529411764705882
2,1,0,15,9.0,2026.629876887414,5200.3364002432,4.862745098039215,5.117647058823529
2,1,0,16,11.0,2216.126697893136,5750.722246373508,4.980392156862745,4.96078431372549
2,1,0,17,17.0,4002.052446384455,10778.26229408447,7.911764705882353,9.058823529411764
2,1,0,18,8.0,1994.6178402231794,4561.266875189677,4.980392156862745,4.352941176470588
2,1,0,19,11.0,1905.7016419508616,4774.012468730487,5.3431372549019605,4.1568627450980395
2,1,0,20,16.0,3097.8049905857924,7249.337889919501,8.196078431372548,6.901960784313726
2,1,0,21,1.0,1391.3776368191607,2974.2107434766694,3.911764705882353,2.1176470588235294
2,1,0,22,6.0,1814.5381983548891,4741.768045906063,3.6176470588235294,4.784313725490196
2,1,0,23,8.0,2227.8583750615744,5001.309276925297,5.754901960784314,3.784313725490196
2,1,0,24,4.0,1306.893466184669,3027.977846581756,4.009803921568627,2.588235294117647
2,1,0,25,6.0,1456.493476193023,3932.4249250760104,3.4411764705882355,3.1372549019607843
2,1,0,26,14.0,3375.6977544503357,8407.018535213596,8.156862745098039,8.098039215686274
2,1,0,27,0.0,837.1776899941867,2484.721184159832,2.176470588235294,2.0980392156862746
2,1,0,28,16.0,4597.6146348664715,11278.593145100514,10.215686274509803,9.215686274509803
2,1,0,29,0.0,266.02645895672913,696.6084998253651,0.8627450980392157,1.0
2,1,0,30,14.0,3800.5581927024846,9126.445991289009,8.77450980392157,7.607843137254902
2,1,0,31,4.0,1270.8594565147243,2914.0324758433,4.205882352941177,2.3529411764705883
2,1,0,32,11.0,2507.8726288259627,6238.838022858727,5.892156862745098,4.980392156862745
2,1,0,33,0.0,294.8518966200082,755.9955368241215,0.696078431372549,1.3725490196078431
2,1,0,34,11.0,2273.458429969188,4881.161333628864,6.117647058823529,3.588235294117647
2,1,0,35,14.0,3364.704833015863,8484.696482563424,8.186274509803921,7.921568627450981
2,1,0,36,11.0,2332.496451231901,6087.062985128658,5.401960784313726,5.9411764705882355
2,1,0,37,0.0,419.3628446086276,1578.1884638508795,0.9019607843137255,1.588235294117647
2,1,0,38,14.0,2823.60623052455,6672.0783267451225,6.96078431372549,5.431372549019608
2,1,0,39,4.0,1472.8963456609545,3061.5986251829,4.4411764705882355,1.6274509803921569
2,1,0,40,0.0,431.01453270524837,1541.1572263927717,0.7058823529411765,1.7450980392156863
2,1,0,41,0.0,309.9863921751933,807.9175464534201,1.0686274509803921,1.0980392156862746
2,1,0,42,14.0,2808.9028965681596,7909.848287810458,4.607843137254902,6.764705882352941
2,1,0,43,16.0,4674.483731849335,11211.488664416098,10.254901960784315,8.745098039215685
2,1,0,44,9.0,2181.927247139289,4806.718761040921,6.166666666666667,3.2549019607843137
2,1,0,45,0.0,631.9837454466993,1613.234457387926,2.1176470588235294,1.5294117647058822
2,1,0,46,0.0,764.3058132172157,1831.7604832067568,2.019607843137255,1.7058823529411764
2,1,0,47,4.0,1209.0414216127942,3643.3789190002544,2.4901960784313726,3.980392156862745
2,1,0,48,13.0,2477.8344301319894,7032.642274149547,4.686274509803922,6.098039215686274
2,1,0,49,12.0,2514.423996342528,7123.712103937461,4.098039215686274,5.901960784313726
2,1,0,50,14.0,3036.317619632986,7402.401021024061,6.519607843137255,6.352941176470588
2,1,0,51,6.0,1265.674205856229,3784.0502046751385,2.6176470588235294,4.1568627450980395
2,1,0,52,14.0,2679.1713359873843,7294.549463211856,5.666666666666667,6.431372549019608
2,1,0,53,8.0,1480.5483766556456,3817.3287719598425,3.7058823529411766,3.7450980392156863
2,1,0,54,19.0,5878.1236169402555,14438.46502068827,11.568627450980392,11.450980392156863
2,1,0,55,0.0,237.3014594032971,610.4354560835857,0.8235294117647058,0.6666666666666666
2,1,0,56,0.0,614.4132482083357,1482.9083527123917,2.0,1.3137254901960784
2,1,0,57,0.0,359.3308132480083,788.6357277144429,1.5588235294117647,0.5686274509803921
2,1,0,58,7.0,1754.2469911093635,3862.0443907776116,4.745098039215686,2.7450980392156863
2,1,0,59,9.0,2009.8950560048438,5602.6687580991675,3.4411764705882355,3.9607843137254903
2,1,1,0,0.0,570.5373685217264,1611.181598593291,1.6666666666666667,0.37254901960784315
2,1,1,1,0.0,654.4722087609355,1342.5290925389465,2.5098039215686274,0.21568627450980393
2,1,1,2,0.0,1640.5940014472367,3341.0704511931945,5.137254901960785,0.9019607843137255
2,1,1,3,0.0,50.89237623340594,135.14847077491962,0.37254901960784315,0.0
2,1,1,4,0.0,109.67533748476721,251.26190634699546,0.27450980392156865,0.0
2,1,1,5,0.0,204.16499661364432,521.7021863572124,0.8333333333333334,0.0
2,1,1,6,0.0,1009.0693996224654,2407.832630155855,3.627450980392157,0.7058823529411765
2,1,1,7,0.0,252.60048060738606,621.4820658226784,1.411764705882353,0.47058823529411764
2,1,1,8,0.0,180.17015940831698,474.0840363432893,0.6470588235294118,0.0
2,1,1,9,0.0,596.032760976266,1432.6410488003041,2.656862745098039,0.6862745098039216
2,1,1,10,0.0,508.99261734699036,1218.1306024964942,2.343137254901961,0.39215686274509803
2,1,1,11,0.0,361.26576402037057,880.6234534791049,1.803921568627451,0.2549019607843137
2,1,1,12,0.0,126.27490378753785,330.7226826349001,0.7156862745098039,0.0
2,1,1,13,0.0,448.37522507450814,1184.8509503264272,2.196078431372549,0.4117647058823529
2,1,1,14,0.0,1467.249266983635,3165.9975839977546,4.323529411764706,1.2156862745098038
2,1,1,15,0.0,47.747059042017,114.57589857642161,0.3431372549019608,0.0
2,1,1,16,0.0,395.1813568789817,1014.2680886279849,1.6176470588235294,0.4117647058823529
2,1,1,17,0.0,873.4119077203784,2651.724644954354,2.627450980392157,1.607843137254902
2,1,1,18,0.0,703.4328506167393,1387.031021481985,2.5686274509803924,0.43137254901960786
2,1,1,19,0.0,515.9072126895935,1140.7568015274196,2.372549019607843,0.45098039215686275
2,1,1,20,0.0,773.850976311669,1778.3588475324282,3.735294117647059,0.6078431372549019
2,1,1,21,0.0,914.3891597902532,1771.3407441395807,2.823529411764706,0.9411764705882353
2,1,1,22,0.0,205.59798248034258,569.4811421292977,0.6568627450980392,0.11764705882352941
2,1,1,23,0.0,1462.274895738574,2948.5976557156227,4.284313725490196,0.8431372549019608
2,1,1,24,0.0,356.6761903961947,807.6287019504128,1.9901960784313726,0.09803921568627451
2,1,1,25,0.0,136.32608351749545,386.868846474758,1.196078431372549,0.0
2,1,1,26,0.0,583.1473107343439,1411.053468852663,2.7450980392156863,0.43137254901960786
2,1,1,27,0.0,97.18929779285816,313.1492060098373,0.49019607843137253,0.0
2,1,1,28,0.0,983.5052330253794,2178.1344184845084,3.911764705882353,0.29411764705882354
2,1,1,29,0.0,8.529351910672942,24.259028702874232,0.029411764705882353,0.0
2,1,1,30,0.0,982.8668888677773,2126.4172696666874,3.3627450980392157,0.8235294117647058
2,1,1,31,0.0,456.3677473960336,983.8306766239816,2.107843137254902,0.3137254901960784
2,1,1,32,0.0,474.32948216725276,1068.9905020616882,2.284313725490196,0.3137254901960784
2,1,1,33,0.0,25.87911235999663,58.91933525395933,0.1568627450980392,0.0
2,1,1,34,0.0,763.4043258171043,1589.0991307285556,2.9705882352941178,0.4117647058823529
2,1,1,35,0.0,760.0844521273265,1993.9450665059717,3.1666666666666665,0.7843137254901961
2,1,1,36,0.0,798.2198126643967,2146.2940424315184,2.715686274509804,1.0784313725490196
2,1,1,37,0.0,113.2838196293253,411.6115390110149,0.6372549019607843,0.0
2,1,1,38,0.0,481.3996379828359,940.2955726154144,2.0980392156862746,0.0196078431372549
2,1,1,39,0.0,662.0735100574872,1279.4821484101208,2.4313725490196076,0.17647058823529413
2,1,1,40,0.0,31.956973724896066,107.80771492124356,0.21568627450980393,0.0
2,1,1,41,0.0,102.7363994150175,257.15997218316977,0.6274509803921569,0.0
2,1,1,42,0.0,147.6766023443121,497.4598320925601,0.5588235294117647,0.0
2,1,1,43,0.0,1176.9823579836223,2718.7166454259277,3.950980392156863,0.49019607843137253
2,1,1,44,0.0,862.1563432053395,1859.6871963624778,3.323529411764706,0.47058823529411764
2,1,1,45,0.0,229.3642179366132,726.2384159682852,1.7352941176470589,0.058823529411764705
2,1,1,46,0.0,159.24485256145277,478.6552835070421,0.6274509803921569,0.3137254901960784
2,1,1,47,0.0,313.09487377423096,968.8690347084007,1.2156862745098038,0.5098039215686274
2,1,1,48,0.0,208.6658432929273,661.5186235190713,0.9019607843137255,0.17647058823529413
2,1,1,49,0.0,255.7830214003358,787.1406687870991,0.9803921568627451,0.0
2,1,1,50,0.0,698.9300390855655,1538.0367438663432,2.5588235294117645,0.6666666666666666
2,1,1,51,0.0,48.37745294983535,130.73621453239906,0.3431372549019608,0.0
2,1,1,52,0.0,157.34626216140856,417.67988210955235,0.5,0.0
2,1,1,53,0.0,202.74899925803487,509.75006016832566,0.8235294117647058,0.29411764705882354
2,1,1,54,1.0,1190.6975102622423,2667.458670936142,3.6372549019607843,0.8823529411764706
2,1,1,55,0.0,56.390867943434245,145.67953616162725,0.3137254901960784,0.0
2,1,1,56,0.0,59.87589822040342,162.3706900383371,0.4411764705882353,0.0
2,1,1,57,0.0,9.1300285056213,21.203069734787967,0.029411764705882353,0.0
2,1,1,58,0.0,870.2329073898211,1713.4793841873015,2.9607843137254903,0.5882352941176471
2,1,1,59,0.0,31.451940930026574,135.98333213868156,0.29411764705882354,0.0
2,1,2,0,0.0,111.19328713795396,369.23348554923984,0.4019607843137255,0.0
2,1,2,1,0.0,476.9161841663061,942.1125454161938,1.9411764705882353,0.0
2,1,2,2,0.0,924.9075248588879,1873.3321386046946,3.9411764705882355,0.43137254901960786
2,1,2,3,0.0,16.028211101964995,63.514092534399936,0.19607843137254902,0.0
2,1,2,4,0.0,86.72211275178998,185.13855538404985,0.27450980392156865,0.0
2,1,2,5,0.0,180.9870132618522,468.6726193242546,0.8137254901960784,0.0
2,1,2,6,0.0,612.8834801136134,1499.9079497111168,2.715686274509804,0.0
2,1,2,7,0.0,168.67676990672993,471.3126333104614,1.196078431372549,0.29411764705882354
2,1,2,8,0.0,108.10562845921554,309.06396666490247,0.46078431372549017,0.0
2,1,2,9,0.0,247.4474085875864,670.4584737841329,1.8235294117647058,0.0784313725490196
2,1,2,10,0.0,351.72296293297774,888.0576925613345,1.8333333333333333,0.0
2,1,2,11,0.0,222.82522320900898,573.5098467090417,1.303921568627451,0.058823529411764705
2,1,2,12,0.0,67.23035473151764,199.44438279916747,0.5196078431372549,0.0
2,1,2,13,0.0,289.78735399851547,789.0188273208661,1.6666666666666667,0.0
2,1,2,14,0.0,956.5644357004068,2092.3479289470415,3.2058823529411766,0.49019607843137253
2,1,2,15,0.0,46.713772167911785,110.34903728361897,0.3431372549019608,0.0
2,1,2,16,0.0,165.00756763201517,542.0167668574458,0.8627450980392157,0.0
2,1,2,17,0.0,448.91578997644217,1420.8620084290726,1.9411764705882353,0.5098039215686274
2,1,2,18,0.0,421.6998428330534,855.7477823428194,1.7941176470588236,0.0
2,1,2,19,0.0,173.67447106427562,433.4998891273601,1.1568627450980393,0.0
2,1,2,20,0.0,569.0258743694891,1364.645429113574,2.607843137254902,0.47058823529411764
2,1,2,21,0.0,595.7441338509976,1149.8737667481105,2.1176470588235294,0.6666666666666666
2,1,2,22,0.0,0.24555779374848785,1.7325759991689227,0.0,0.0
2,1,2,23,0.0,977.255029189896,1925.1975422046685,3.196078431372549,0.6862745098039216
2,1,2,24,0.0,261.0795555260307,615.412717906954,1.7156862745098038,0.0
2,1,2,25,0.0,128.7173473035021,354.46858359254855,1.1372549019607843,0.0
2,1,2,26,0.0,161.97154995867612,439.1112489281875,1.1666666666666667,0.0
2,1,2,27,0.0,35.91557648437649,77.27434407622236,0.19607843137254902,0.0
2,1,2,28,0.0,596.1944950749664,1301.4922090881412,2.843137254901961,0.0
2,1,2,29,0.0,6.305074612488832,12.611664885705464,0.0,0.0
2,1,2,30,0.0,625.6039023364509,1282.010177346819,2.3529411764705883,0.3137254901960784
2,1,2,31,0.0,206.40978034648072,451.61204390080434,1.1764705882352942,0.0
2,1,2,32,0.0,146.4394578694975,327.8188043375854,0.9509803921568627,0.0
2,1,2,33,0.0,24.72125928050851,55.886770200891334,0.1568627450980392,0.0
2,1,2,34,0.0,441.83587045001934,966.5670870635602,2.323529411764706,0.0
2,1,2,35,0.0,485.40470692481756,1127.0090258886273,2.4411764705882355,0.11764705882352941
2,1,2,36,0.0,576.090155647036,1675.813401144935,2.2941176470588234,0.6666666666666666
2,1,2,37,0.0,98.40045261716956,371.37767790268265,0.6274509803921569,0.0
2,1,2,38,0.0,230.17707062048774,421.53789915535873,1.0294117647058822,0.0
2,1,2,39,0.0,590.8485208997405,1112.2889547075868,2.0588235294117645,0.1568627450980392
2,1,2,40,0.0,4.8711407323905815,18.37480317222539,0.029411764705882353,0.0
2,1,2,41,0.0,89.90212509063298,204.12965297147232,0.4803921568627451,0.0
2,1,2,42,0.0,117.38106897400495,349.13534927522926,0.4803921568627451,0.0
2,1,2,43,0.0,415.10963154377555,1019.9112279845828,1.7254901960784315,0.058823529411764705
2,1,2,44,0.0,532.3794704844404,1195.946235281612,2.323529411764706,0.0
2,1,2,45,0.0,206.32413479079557,673.0378279640782,1.7352941176470589,0.0
2,1,2,46,0.0,141.20603981862843,392.3082869572438,0.5098039215686274,0.3137254901960784
2,1,2,47,0.0,177.40107086938738,550.0777010858523,1.0,0.0
2,1,2,48,0.0,38.56140060622973,143.5041056249579,0.3137254901960784,0.0
2,1,2,49,0.0,154.99890782653378,484.0078386926075,0.6764705882352942,0.0
2,1,2,50,0.0,391.0537666976393,876.0202882909866,1.8725490196078431,0.35294117647058826
2,1,2,51,0.0,23.346821095256708,80.91329738499095,0.22549019607843138,0.0
2,1,2,52,0.0,145.89026489648742,346.80127443844196,0.5,0.0
2,1,2,53,0.0,81.72555423339561,207.31179224355887,0.1568627450980392,0.29411764705882354
2,1,2,54,0.0,628.3584295608525,1330.696620562036,2.450980392156863,0.0
2,1,2,55,0.0,55.28799738880261,140.94150921115425,0.30392156862745096,0.0
2,1,2,56,0.0,33.02439833801208,64.72350965570841,0.14705882352941177,0.0
2,1,2,57,0.0,7.115555806096071,16.56839797634711,0.029411764705882353,0.0
2,1,2,58,0.0,379.2921725820379,760.3488877588084,1.7647058823529411,0.0
2,1,2,59,0.0,11.254093787691769,80.28175841230559,0.14705882352941177,0.0
2,1,3,0,0.0,96.45515917527948,327.592414930992,0.3431372549019608,0.0
2,1,3,1,0.0,436.3991898369843,858.6331903269942,1.7450980392156863,0.0
2,1,3,2,0.0,376.5510035852678,751.769419374528,2.2549019607843137,0.0
2,1,3,3,0.0,14.969314690652741,61.31490738203178,0.19607843137254902,0.0
2,1,3,4,0.0,86.50267571450959,183.58333142513771,0.27450980392156865,0.0
2,1,3,5,0.0,179.84028278312144,465.1845004800516,0.803921568627451,0.0
2,1,3,6,0.0,245.97511045355625,637.8828061364972,1.303921568627451,0.0
2,1,3,7,0.0,168.27099270313818,468.9979632773898,1.196078431372549,0.29411764705882354
2,1,3,8,0.0,75.39358983729758,209.0360093477824,0.3431372549019608,0.0
2,1,3,9,0.0,210.99243985069296,590.706599035425,1.6666666666666667,0.0
2,1,3,10,0.0,279.56298563593344,663.7946606706687,1.4019607843137254,0.0
2,1,3,11,0.0,193.97838826733934,447.39840100315394,1.0686274509803921,0.0
2,1,3,12,0.0,66.96885666724813,198.7525778434398,0.5196078431372549,0.0
2,1,3,13,0.0,190.2677832584208,520.553800141285,1.4607843137254901,0.0
2,1,3,14,0.0,699.8733249777049,1506.924722210992,2.4607843137254903,0.2549019607843137
2,1,3,15,0.0,46.713772167911785,110.34903728361896,0.3431372549019608,0.0
2,1,3,16,0.0,84.25642278092269,268.0435767318162,0.46078431372549017,0.0
2,1,3,17,0.0,265.8788777330997,866.4701708354276,1.607843137254902,0.0
2,1,3,18,0.0,94.24393199648588,207.49200099616297,0.37254901960784315,0.0
2,1,3,19,0.0,108.96592639359355,289.51712200516147,0.7058823529411765,0.0
2,1,3,20,0.0,264.4150031988927,719.4579744485179,1.303921568627451,0.0
2,1,3,21,0.0,384.1097495283417,741.8910260568115,1.6666666666666667,0.29411764705882354
2,1,3,22,0.0,0.24555779374848785,1.7325759991689227,0.0,0.0
2,1,3,23,0.0,351.13742868880377,739.9856999030978,2.0,0.0196078431372549
2,1,3,24,0.0,157.51025663398642,341.96481400342145,1.0,0.0
2,1,3,25,0.0,105.13630620398035,286.3108172557887,0.9705882352941176,0.0
2,1,3,26,0.0,131.64921844105407,374.7362028544331,1.0294117647058822,0.0
2,1,3,27,0.0,33.9105045608712,71.57727314231833,0.19607843137254902,0.0
2,1,3,28,0.0,367.39929751103534,826.0339363821136,1.7647058823529411,0.0
2,1,3,29,0.0,6.305074612488851,12.61166488570549,0.0,0.0
2,1,3,30,0.0,318.1157960033095,687.5871978727463,1.2941176470588236,0.0
2,1,3,31,0.0,140.02275128601806,298.4422595727795,0.7745098039215687,0.0
2,1,3,32,0.0,88.91688009186379,219.55464381230024,0.5980392156862745,0.0
2,1,3,33,0.0,22.891037124953613,50.76213214833628,0.1568627450980392,0.0
2,1,3,34,0.0,244.7322205293051,522.847771354335,1.2450980392156863,0.0
2,1,3,35,0.0,219.07860886269177,607.3259602418561,1.6666666666666667,0.0
2,1,3,36,0.0,399.2797178493789,1202.942272618162,1.6274509803921569,0.45098039215686275
2,1,3,37,0.0,89.12303952633278,291.91800567824527,0.6274509803921569,0.0
2,1,3,38,0.0,152.30828469043377,268.71105265157337,0.5196078431372549,0.0
2,1,3,39,0.0,377.3756064354733,704.3220472592229,1.4901960784313726,0.0
2,1,3,40,0.0,3.3888341747165835,14.768692199077059,0.029411764705882353,0.0
2,1,3,41,0.0,89.6843659044366,203.19414074061385,0.4803921568627451,0.0
2,1,3,42,0.0,88.59116548889551,258.4654633331978,0.3235294117647059,0.0
2,1,3,43,0.0,236.92267664378895,567.7531757543866,1.0196078431372548,0.0
2,1,3,44,0.0,351.5152631657048,832.9826064979021,1.6862745098039216,0.0
2,1,3,45,0.0,173.9443686788313,563.1994990162532,1.7352941176470589,0.0
2,1,3,46,0.0,111.46867126023915,323.82584644113405,0.5098039215686274,0.3137254901960784
2,1,3,47,0.0,177.35458342408492,549.0960541195014,1.0,0.0
2,1,3,48,0.0,37.3758415848165,138.6989850649747,0.3137254901960784,0.0
2,1,3,49,0.0,96.49549443495727,269.43986967376804,0.4411764705882353,0.0
2,1,3,50,0.0,266.93307284812226,589.7797398040208,1.4215686274509804,0.35294117647058826
2,1,3,51,0.0,14.445923052438587,63.646265042715,0.19607843137254902,0.0
2,1,3,52,0.0,145.8633750513084,346.64533380928754,0.5,0.0
2,1,3,53,0.0,81.67872439050007,207.18326481291257,0.1568627450980392,0.29411764705882354
2,1,3,54,0.0,322.6878857988704,651.269615515026,1.5392156862745099,0.0
2,1,3,55,0.0,43.96364094387153,92.29109796613966,0.1568627450980392,0.0
2,1,3,56,0.0,32.73658729016075,63.46934736438162,0.14705882352941177,0.0
2,1,3,57,0.0,6.629004272447541,15.21738507540394,0.029411764705882353,0.0
2,1,3,58,0.0,171.65288685394697,386.820967941008,1.0980392156862746,0.0
2,1,3,59,0.0,10.478262945685042,78.12750053001956,0.14705882352941177,0.0
2,1,4,0,0.0,96.45515917527948,327.592414930992,0.3431372549019608,0.0
2,1,4,1,0.0,257.62005382129746,505.8248664150536,1.0490196078431373,0.0
2,1,4,2,0.0,80.85817197189286,229.5825496696036,0.7352941176470589,0.0
2,1,4,3,0.0,14.969314690652741,61.31490738203178,0.19607843137254902,0.0
2,1,4,4,0.0,82.57782579024733,148.8228308905957,0.18627450980392157,0.0
2,1,4,5,0.0,173.97679651732946,447.2782843676961,0.7450980392156863,0.0
2,1,4,6,0.0,245.67619334319974,636.8800766605822,1.303921568627451,0.0
2,1,4,7,0.0,167.3002555770757,462.9008958315761,1.1862745098039216,0.29411764705882354
2,1,4,8,0.0,75.17307512385906,208.36259016748681,0.3431372549019608,0.0
2,1,4,9,0.0,201.35415870597927,551.3483652945613,1.5490196078431373,0.0
2,1,4,10,0.0,253.48166055699366,597.7244767687093,1.2156862745098038,0.0
2,1,4,11,0.0,166.20240305924324,397.43094589718044,0.9019607843137255,0.0
2,1,4,12,0.0,66.96885666724813,198.7525778434398,0.5196078431372549,0.0
2,1,4,13,0.0,188.81089541782075,513.6911446474127,1.4509803921568627,0.0
2,1,4,14,0.0,651.6963230722462,1374.8441884686958,2.127450980392157,0.2549019607843137
2,1,4,15,0.0,46.71377216791178,110.34903728361896,0.3431372549019608,0.0
2,1,4,16,0.0,84.11683955809619,267.4808375830255,0.46078431372549017,0.0
2,1,4,17,0.0,257.15752266506195,839.5969168303212,1.5490196078431373,0.0
2,1,4,18,0.0,94.2439319964859,207.49200099616297,0.37254901960784315,0.0
2,1,4,19,0.0,100.2261672780645,270.8535992349877,0.6372549019607843,0.0
2,1,4,20,0.0,163.48730797824814,477.2481768896634,0.6470588235294118,0.0
2,1,4,21,0.0,272.0506660679994,556.6925340272281,1.2156862745098038,0.29411764705882354
2,1,4,22,0.0,0.24555779374848785,1.7325759991689227,0.0,0.0
2,1,4,23,0.0,296.81887209561893,635.3880903758105,1.607843137254902,0.0
2,1,4,24,0.0,115.10459895729704,240.86041795110046,0.6176470588235294,0.0
2,1,4,25,0.0,97.68182414495601,224.12721670090937,0.7450980392156863,0.0
2,1,4,26,0.0,127.00506333348643,366.0395997150507,1.0196078431372548,0.0
2,1,4,27,0.0,33.910504560871196,71.57727314231833,0.19607843137254902,0.0
2,1,4,28,0.0,309.290659313377,695.9610739358208,1.5490196078431373,0.0
2,1,4,29,0.0,6.305074612488848,12.61166488570549,0.0,0.0
2,1,4,30,0.0,231.9954123949354,491.0632558020554,0.9215686274509803,0.0
2,1,4,31,0.0,118.81830688113438,262.79215230787867,0.6372549019607843,0.0
2,1,4,32,0.0,88.71334708905523,219.25241797568702,0.5980392156862745,0.0
2,1,4,33,0.0,22.891037124953613,50.76213214833628,0.1568627450980392,0.0
2,1,4,34,0.0,70.29098791835695,177.2713219069002,0.4803921568627451,0.0
2,1,4,35,0.0,209.43575037794713,537.7757464790644,1.5294117647058822,0.0
2,1,4,36,0.0,372.7106666209995,1127.956753327337,1.5686274509803921,0.37254901960784315
2,1,4,37,0.0,89.12303952633275,291.91800567824527,0.6274509803921569,0.0
2,1,4,38,0.0,130.38077016934454,210.47064339816643,0.37254901960784315,0.0
2,1,4,39,0.0,304.5388371777308,590.4370023631202,1.1862745098039216,0.0
2,1,4,40,0.0,3.3888341747165835,14.768692199077059,0.029411764705882353,0.0
2,1,4,41,0.0,89.6843659044366,203.19414074061385,0.4803921568627451,0.0
2,1,4,42,0.0,81.0905949497524,236.30161707495284,0.29411764705882354,0.0
2,1,4,43,0.0,93.27679786038408,156.73619043420578,0.22549019607843138,0.0
2,1,4,44,0.0,343.316089175928,821.9619029672026,1.6274509803921569,0.0
2,1,4,45,0.0,173.91274050415274,563.1454566066838,1.7352941176470589,0.0
2,1,4,46,0.0,111.46867126023915,323.82584644113405,0.5098039215686274,0.3137254901960784
2,1,4,47,0.0,177.35458342408492,549.0960541195014,1.0,0.0
2,1,4,48,0.0,37.3758415848165,138.6989850649747,0.3137254901960784,0.0
2,1,4,49,0.0,95.9445770773916,267.87453167866823,0.4411764705882353,0.0
2,1,4,50,0.0,214.2815947743491,477.3069069538563,1.2352941176470589,0.35294117647058826
2,1,4,51,0.0,14.445923052438587,63.646265042715,0.19607843137254902,0.0
2,1,4,52,0.0,145.86337505130842,346.64533380928754,0.5,0.0
2,1,4,53,0.0,81.67872439050007,207.18326481291257,0.1568627450980392,0.29411764705882354
2,1,4,54,0.0,314.2679151723419,629.3842188907115,1.5,0.0
2,1,4,55,0.0,43.96364094387153,92.29109796613966,0.1568627450980392,0.0
2,1,4,56,0.0,32.73658729016075,63.46934736438162,0.14705882352941177,0.0
2,1,4,57,0.0,6.629004272447541,15.21738507540394,0.029411764705882353,0.0
2,1,4,58,0.0,170.90007676385696,385.5658197806303,1.0980392156862746,0.0
2,1,4,59,0.0,10.478262945685042,78.12750053001956,0.14705882352941177,0.0
2,2,0,0,19.0,10603.095104665752,27651.848557576748,11.519607843137255,14.019607843137255
2,2,0,1,15.0,6806.665173184094,16206.583325184813,10.46078431372549,10.313725490196079
2,2,0,2,17.0,9904.70654241185,23739.770140677167,13.568627450980392,12.647058823529411
2,2,0,3,2.0,1798.6742672684472,4425.321931572431,3.5,4.862745098039215
2,2,0,4,0.0,316.9408578571254,856.732492844182,1.2549019607843137,0.35294117647058826
2,2,0,5,14.0,4928.176110483945,12865.323658897916,6.872549019607843,9.294117647058824
2,2,0,6,19.0,13397.23452258448,32851.627216796835,15.568627450980392,15.215686274509803
2,2,0,7,7.0,1714.9066167939748,4273.511068919319,3.9019607843137254,4.686274509803922
2,2,0,8,13.0,4504.948881715296,11661.846510214657,6.03921568627451,8.607843137254902
2,2,0,9,18.0,11125.507960963505,27274.558089067672,14.519607843137255,14.215686274509803
2,2,0,10,16.0,6392.211830557413,15410.990487513396,10.480392156862745,10.705882352941176
2,2,0,11,14.0,6969.646671383294,17209.374029306746,10.392156862745098,10.490196078431373
2,2,0,12,14.0,4948.639972842711,12617.912474530334,6.470588235294118,9.235294117647058
2,2,0,13,11.0,3034.9414992371007,7544.112966431912,6.029411764705882,6.686274509803922
2,2,0,14,18.0,11394.818842827182,27902.27290794367,14.392156862745098,13.980392156862745
2,2,0,15,14.0,6873.973545190976,17486.965761242194,10.715686274509803,11.901960784313726
2,2,0,16,16.0,7636.415756922153,19499.205024485716,10.205882352941176,12.07843137254902
2,2,0,17,18.0,10390.912024375466,26945.715833507293,12.098039215686274,13.72549019607843
2,2,0,18,15.0,7151.103835341667,17013.67787055037,10.882352941176471,11.137254901960784
2,2,0,19,16.0,6970.174131980879,17249.02116547546,10.549019607843137,10.647058823529411
2,2,0,20,17.0,9643.665322367606,23189.778025909065,13.715686274509803,13.03921568627451
2,2,0,21,13.0,4769.997896155127,11217.245662855325,8.588235294117647,8.294117647058824
2,2,0,22,14.0,5353.332444696428,13961.287969696084,8.07843137254902,10.568627450980392
2,2,0,23,14.0,7393.474089505634,17523.221197693652,11.470588235294118,10.411764705882353
2,2,0,24,13.0,4720.729351457779,11440.291749251093,9.0,8.745098039215685
2,2,0,25,14.0,5273.290430052901,13651.419163112121,8.313725490196079,9.686274509803921
2,2,0,26,18.0,10657.065842666027,26170.968448473795,13.980392156862745,13.980392156862745
2,2,0,27,10.0,2583.580706030533,7096.154737700176,4.8431372549019605,6.176470588235294
2,2,0,28,19.0,12955.441033923304,32013.225893205734,15.441176470588236,15.137254901960784
2,2,0,29,0.0,366.6598810975522,961.931677688116,1.0588235294117647,1.0588235294117647
2,2,0,30,18.0,11514.174584249999,28171.371551220174,14.558823529411764,13.96078431372549
2,2,0,31,12.0,4669.820479551512,10946.328889118,8.558823529411764,8.098039215686274
2,2,0,32,16.0,7809.610565729794,19317.988261804523,10.892156862745098,11.176470588235293
2,2,0,33,0.0,439.5792658529075,1121.735871541094,1.0784313725490196,1.7647058823529411
2,2,0,34,15.0,8626.703421752309,20476.69880426214,12.686274509803921,11.588235294117647
2,2,0,35,17.0,9993.77399051841,24811.37210972588,13.470588235294118,13.431372549019608
2,2,0,36,16.0,7880.751326526671,20039.554840904006,10.676470588235293,12.294117647058824
2,2,0,37,8.0,1598.90168809117,4739.876683411983,3.0,4.1568627450980395
2,2,0,38,17.0,8648.042049461823,20976.614670928277,11.862745098039216,11.862745098039216
2,2,0,39,12.0,5089.136504331842,11938.256232556934,9.137254901960784,8.098039215686274
2,2,0,40,5.0,1341.1072574756236,4055.156333775146,2.2941176470588234,3.7450980392156863
2,2,0,41,0.0,440.8373808166136,1093.2665303516067,1.4411764705882353,1.5294117647058822
2,2,0,42,18.0,7967.420115204036,20843.45293427592,7.950980392156863,11.764705882352942
2,2,0,43,19.0,11865.93541592271,29103.35982976076,14.696078431372548,14.254901960784315
2,2,0,44,16.0,9049.721061361042,21676.509224158905,13.27450980392157,11.96078431372549
2,2,0,45,4.0,1346.4694834306679,3472.7281103780333,3.4607843137254903,3.7058823529411766
2,2,0,46,6.0,1625.8524357033975,4001.5114458539047,4.176470588235294,3.627450980392157
2,2,0,47,14.0,4519.564365133155,11659.658949508357,6.490196078431373,9.509803921568627
2,2,0,48,16.0,7406.2320704500635,19601.2775451135,9.77450980392157,11.941176470588236
2,2,0,49,17.0,7467.974631961008,19543.80315156768,7.8431372549019605,11.411764705882353
2,2,0,50,17.0,9433.931631715022,23031.37855752523,12.392156862745098,12.588235294117647
2,2,0,51,14.0,4249.3596951602085,11280.206204210492,6.186274509803922,9.098039215686274
2,2,0,52,17.0,8490.462785038339,22174.294389592575,10.715686274509803,12.823529411764707
2,2,0,53,14.0,4791.735257082314,12327.641329964772,7.019607843137255,8.764705882352942
2,2,0,54,20.0,13688.143756169262,33803.35818319689,15.470588235294118,15.431372549019608
2,2,0,55,0.0,366.25418688420825,926.957465570172,1.0,0.9607843137254902
2,2,0,56,4.0,1306.3076506816276,3250.54066321695,3.323529411764706,2.7450980392156863
2,2,0,57,0.0,605.10047128186,1521.4700893493878,1.9509803921568627,1.1764705882352942
2,2,0,58,13.0,5880.161226134105,13960.288264086705,9.794117647058824,9.117647058823529
2,2,0,59,15.0,5852.222375499543,15558.357659545454,7.03921568627451,9.411764705882353
2,2,1,0,5.0,1266.108588365248,3576.959744377271,2.9705882352941178,1.9215686274509804
2,2,1,1,6.0,1778.7825332862153,3808.542447605336,4.529411764705882,1.5098039215686274
2,2,1,2,10.0,3574.761936740083,7977.618840569881,7.578431372549019,4.1568627450980395
2,2,1,3,0.0,74.66458921951696,165.43714377086036,0.37254901960784315,0.13725490196078433
2,2,1,4,0.0,122.0857155068304,305.96704476039906,0.37254901960784315,0.058823529411764705
2,2,1,5,0.0,414.28790179813484,1140.582205635661,1.2254901960784315,0.45098039215686275
2,2,1,6,11.0,3005.282883825809,7252.825546011611,7.186274509803922,4.568627450980392
2,2,1,7,0.0,338.82689961699265,846.4913881532507,1.5784313725490196,0.6470588235294118
2,2,1,8,0.0,324.6398044062881,884.3616655966788,1.0490196078431373,0.17647058823529413
2,2,1,9,6.0,1472.82419882615,3439.1021935441463,4.637254901960785,1.8823529411764706
2,2,1,10,4.0,1375.2902216256573,3193.6576761438773,4.254901960784314,1.8431372549019607
2,2,1,11,3.0,973.4644216394499,2255.967622487974,3.2549019607843137,1.0980392156862746
2,2,1,12,0.0,270.44715728364883,806.7370483509897,0.9019607843137255,0.47058823529411764
2,2,1,13,4.0,1089.485349028015,2774.96806286679,3.196078431372549,2.392156862745098
2,2,1,14,13.0,3970.871697708259,9322.875291354652,8.127450980392156,5.588235294117647
2,2,1,15,0.0,73.15231438760036,160.16114211768615,0.47058823529411764,0.0
2,2,1,16,1.0,582.4346320809864,1558.0873409763335,2.0686274509803924,0.7058823529411765
2,2,1,17,11.0,2963.535147235813,8160.012286240161,6.147058823529412,5.392156862745098
2,2,1,18,5.0,1847.2272601936106,3927.9983632543867,4.598039215686274,1.9019607843137254
2,2,1,19,6.0,1324.2391094572993,3135.6318885296687,4.137254901960785,1.7843137254901962
2,2,1,20,9.0,2242.749383785785,5105.54945472613,6.5588235294117645,3.7254901960784315
2,2,1,21,7.0,2147.3986209000973,4523.130934563149,4.911764705882353,2.0784313725490198
2,2,1,22,0.0,409.21634999459684,1099.4492271899555,1.1764705882352942,0.6274509803921569
2,2,1,23,9.0,3229.8769262219357,7113.622202632633,6.617647058823529,3.549019607843137
2,2,1,24,2.0,1036.655595950163,2243.2937321335753,3.5,0.9607843137254902
2,2,1,25,0.0,189.83775650619717,567.2329196788555,1.303921568627451,0.19607843137254902
2,2,1,26,6.0,1363.435307593672,3211.4697372938117,4.421568627450981,1.7254901960784315
2,2,1,27,0.0,121.61156268613472,439.8603480260814,0.5588235294117647,0.1568627450980392
2,2,1,28,10.0,2607.65288544759,6021.38501181609,6.764705882352941,3.411764705882353
2,2,1,29,0.0,8.638269098174352,24.427109473982558,0.029411764705882353,0.0
2,2,1,30,10.0,2903.1607607712053,6703.2078356922775,6.784313725490196,3.7450980392156863
2,2,1,31,1.0,1091.9828499171056,2302.3795514047515,3.6470588235294117,0.9803921568627451
2,2,1,32,4.0,1316.0055162400977,3006.0376617204843,3.8823529411764706,1.4509803921568627
2,2,1,33,0.0,25.879112359996604,58.91933525395932,0.1568627450980392,0.0
2,2,1,34,9.0,2030.1425583468672,4380.8891991089895,5.647058823529412,2.176470588235294
2,2,1,35,9.0,2204.846555292269,5591.097232077822,6.029411764705882,4.117647058823529
2,2,1,36,9.0,2459.4612273742473,6471.978173202563,5.529411764705882,4.568627450980392
2,2,1,37,0.0,157.18890687305924,579.0671280392443,0.7450980392156863,0.058823529411764705
2,2,1,38,5.0,1179.1037260375908,2556.8747507833177,3.8823529411764706,1.1372549019607843
2,2,1,39,4.0,1609.1546153064928,3337.980197063296,4.235294117647059,0.9215686274509803
2,2,1,40,0.0,130.95948218328454,438.4894444946599,0.4215686274509804,0.21568627450980393
2,2,1,41,0.0,102.95742575825231,257.6050924415598,0.6274509803921569,0.0
2,2,1,42,0.0,355.21282713399285,1159.4807343821803,0.9313725490196079,0.5882352941176471
2,2,1,43,11.0,3143.867876954111,7482.397906886215,7.4411764705882355,4.568627450980392
2,2,1,44,7.0,2188.568245307346,4798.474672559837,6.009803921568627,2.392156862745098
2,2,1,45,0.0,428.17892202546517,1144.1426360256776,1.9803921568627452,0.5098039215686274
2,2,1,46,0.0,229.85087503049596,673.2192313617558,0.8235294117647058,0.4117647058823529
2,2,1,47,0.0,474.9836234622969,1454.1103003699689,1.4509803921568627,0.8235294117647058
2,2,1,48,0.0,544.1016825684973,1698.763256135902,1.5686274509803921,0.9411764705882353
2,2,1,49,0.0,580.8601197537228,1759.8623460064155,1.4901960784313726,0.7058823529411765
2,2,1,50,7.0,1803.241780546382,4083.0096066935284,4.617647058823529,2.156862745098039
2,2,1,51,0.0,48.501816292727796,130.97231748795528,0.3431372549019608,0.0
2,2,1,52,0.0,215.66057066043197,589.494558985189,0.7156862745098039,0.0196078431372549
2,2,1,53,0.0,474.8905772841207,1279.72551290397,1.5980392156862746,0.7450980392156863
2,2,1,54,11.0,3370.363708568326,7958.49466654945,7.313725490196078,4.2745098039215685
2,2,1,55,0.0,56.44643227836454,145.78405194190344,0.3137254901960784,0.0
2,2,1,56,0.0,63.147767325130914,173.29579054453484,0.47058823529411764,0.0
2,2,1,57,0.0,9.146019213737627,21.23853000834898,0.029411764705882353,0.0
2,2,1,58,6.0,1922.060988970837,4207.030830139086,4.794117647058823,1.9411764705882353
2,2,1,59,0.0,41.828423253537686,173.26635919366953,0.3431372549019608,0.0
2,2,2,0,0.0,156.38073575668193,513.238489805412,0.46078431372549017,0.0
2,2,2,1,0.0,857.9834507110849,1707.3306046386037,2.627450980392157,0.27450980392156865
2,2,2,2,3.0,1846.500890218393,3806.710611284698,5.186274509803922,0.9803921568627451
2,2,2,3,0.0,16.635288903460584,64.28263955206396,0.19607843137254902,0.0
2,2,2,4,0.0,90.8104217789138,203.6767934462836,0.3333333333333333,0.0
2,2,2,5,0.0,249.2112628251865,650.4350119363479,0.9117647058823529,0.0
2,2,2,6,2.0,1066.3952651176262,2649.3627033034327,3.7254901960784315,0.7843137254901961
2,2,2,7,0.0,225.56993066087924,595.9862851604988,1.3823529411764706,0.35294117647058826
2,2,2,8,0.0,126.85821256348166,345.3898946260923,0.49019607843137253,0.0
2,2,2,9,0.0,479.6508994099374,1122.9552434172629,2.4901960784313726,0.29411764705882354
2,2,2,10,0.0,688.0927239012183,1625.926087845105,2.588235294117647,0.6470588235294118
2,2,2,11,0.0,425.81244997263275,1037.4449232746927,1.8823529411764706,0.43137254901960786
2,2,2,12,0.0,89.53414519471679,259.04187905546206,0.5882352941176471,0.0
2,2,2,13,0.0,445.85317934468776,1145.494403162325,1.911764705882353,0.45098039215686275
2,2,2,14,8.0,2280.721588360683,5102.684220625519,5.490196078431373,1.6274509803921569
2,2,2,15,0.0,47.30307969801325,111.4601448066772,0.3431372549019608,0.0
2,2,2,16,0.0,228.95079240410126,724.8142917945039,1.0588235294117647,0.09803921568627451
2,2,2,17,1.0,874.413776575304,2606.2248204498505,2.7745098039215685,1.196078431372549
2,2,2,18,0.0,832.4620762264447,1633.827572750282,2.715686274509804,0.35294117647058826
2,2,2,19,0.0,348.33177435800485,751.1397042086811,1.8529411764705883,0.0784313725490196
2,2,2,20,1.0,987.1784792185858,2225.1041293556505,3.7941176470588234,0.8823529411764706
2,2,2,21,1.0,1327.1163772609957,2631.1477522660675,3.5588235294117645,0.9803921568627451
2,2,2,22,0.0,0.24555779374848785,1.7325759991689227,0.0,0.0
2,2,2,23,6.0,2210.3383449597945,4634.628777129241,5.0,1.2745098039215685
2,2,2,24,0.0,462.54622348778685,1013.810243499095,2.2941176470588234,0.0784313725490196
2,2,2,25,0.0,153.82279846626554,437.10129487882364,1.196078431372549,0.0392156862745098
2,2,2,26,0.0,448.79930264724067,1037.4351011101244,2.2549019607843137,0.3333333333333333
2,2,2,27,0.0,36.43115097009157,77.86884069038499,0.19607843137254902,0.0
2,2,2,28,1.0,1069.5529181658244,2325.381292411466,4.019607843137255,0.29411764705882354
2,2,2,29,0.0,6.331918320578295,12.652969289697193,0.0,0.0
2,2,2,30,2.0,1329.4141876387675,2801.4500763731694,3.843137254901961,0.7254901960784313
2,2,2,31,0.0,343.6246582439932,708.4426870054243,1.607843137254902,0.09803921568627451
2,2,2,32,0.0,251.73463126145597,537.1398298896848,1.4019607843137254,0.0784313725490196
2,2,2,33,0.0,24.72125928050851,55.886770200891334,0.1568627450980392,0.0
2,2,2,34,1.0,942.1664816340985,1943.1367663287792,3.4901960784313726,0.5490196078431373
2,2,2,35,2.0,924.9421960217119,2177.2624450475646,3.519607843137255,0.9607843137254902
2,2,2,36,3.0,1215.5578660817318,3318.373042588353,3.5,1.6862745098039216
2,2,2,37,0.0,131.88818409856955,466.8766761313769,0.6764705882352942,0.0
2,2,2,38,0.0,353.4848082423033,682.2633392088076,1.588235294117647,0.0
2,2,2,39,1.0,1272.9012458485547,2529.4246848888406,3.5980392156862746,0.43137254901960786
2,2,2,40,0.0,4.8711407323905815,18.37480317222539,0.029411764705882353,0.0
2,2,2,41,0.0,90.12315143386789,204.57477322986227,0.4803921568627451,0.0
2,2,2,42,0.0,154.47470409628676,497.6472245216733,0.5784313725490197,0.0
2,2,2,43,0.0,707.2789351684257,1718.0597333967482,2.5294117647058822,0.3137254901960784
2,2,2,44,1.0,1085.2367360640328,2337.0811724189057,3.6666666666666665,0.5490196078431373
2,2,2,45,0.0,256.0796121088636,788.0901172410044,1.7941176470588236,0.17647058823529413
2,2,2,46,0.0,168.46610929945555,464.2978846641199,0.6666666666666666,0.3137254901960784
2,2,2,47,0.0,272.0116249828764,886.4014432315059,1.2058823529411764,0.3333333333333333
2,2,2,48,0.0,46.13538934373538,162.4828517826838,0.3333333333333333,0.0
2,2,2,49,0.0,227.83989477203136,706.1105433186893,0.8627450980392157,0.0
2,2,2,50,0.0,855.4755276786767,1866.8965145210107,3.0392156862745097,0.7058823529411765
2,2,2,51,0.0,23.346821095256708,80.91329738499095,0.22549019607843138,0.0
2,2,2,52,0.0,192.87399346488388,509.82570052529377,0.6764705882352942,0.0
2,2,2,53,0.0,101.55510249423384,261.7174550838874,0.28431372549019607,0.29411764705882354
2,2,2,54,3.0,1425.9615663442894,3044.196537467951,4.0,0.7450980392156863
2,2,2,55,0.0,55.28799738880261,140.94150921115425,0.30392156862745096,0.0
2,2,2,56,0.0,33.02439833801208,64.72350965570841,0.14705882352941177,0.0
2,2,2,57,0.0,7.131546514212381,16.603858249908125,0.029411764705882353,0.0
2,2,2,58,0.0,740.9583826308219,1515.274547643594,2.627450980392157,0.37254901960784315
2,2,2,59,0.0,11.25409378769177,80.28175841230559,0.14705882352941177,0.0
2,2,3,0,0.0,123.24733991992792,415.65820717127644,0.38235294117647056,0.0
2,2,3,1,0.0,649.3551358155138,1281.685760983473,2.2058823529411766,0.0392156862745098
2,2,3,2,0.0,635.8169900276408,1258.6147379999475,2.9019607843137254,0.09803921568627451
2,2,3,3,0.0,14.969314690652737,61.31490738203178,0.19607843137254902,0.0
2,2,3,4,0.0,90.14412891186961,201.63954498904178,0.3333333333333333,0.0
2,2,3,5,0.0,209.67492880120378,549.7197973841846,0.8529411764705882,0.0
2,2,3,6,0.0,378.6018318960301,977.2163297263379,1.696078431372549,0.0
2,2,3,7,0.0,186.39734320709704,519.0608498797613,1.2549019607843137,0.29411764705882354
2,2,3,8,0.0,106.85401133828775,296.3000059171978,0.4411764705882353,0.0
2,2,3,9,0.0,290.546424614569,749.0011852332242,1.9509803921568627,0.058823529411764705
2,2,3,10,0.0,402.6135348830069,928.0497891656983,1.696078431372549,0.058823529411764705
2,2,3,11,0.0,284.1172498555894,705.5027214050369,1.411764705882353,0.19607843137254902
2,2,3,12,0.0,69.04965480583574,205.12342802574358,0.5392156862745098,0.0
2,2,3,13,0.0,261.74417700196096,719.3839912932162,1.5784313725490196,0.19607843137254902
2,2,3,14,1.0,1451.5840107407662,3117.3850635248496,4.0,0.5098039215686274
2,2,3,15,0.0,46.83298117054754,110.67770393324092,0.3431372549019608,0.0
2,2,3,16,0.0,165.61249784827226,504.2035963068172,0.7647058823529411,0.0
2,2,3,17,0.0,486.7591172348701,1508.0001019648362,2.0588235294117645,0.4117647058823529
2,2,3,18,0.0,150.6908954146111,305.20602798418463,0.6274509803921569,0.0
2,2,3,19,0.0,177.73338930040862,427.5536064897819,1.1470588235294117,0.0
2,2,3,20,0.0,396.34266170416544,1013.6957231159079,1.9313725490196079,0.09803921568627451
2,2,3,21,0.0,704.7703530545175,1335.6265720307836,2.2941176470588234,0.5882352941176471
2,2,3,22,0.0,0.24555779374848785,1.7325759991689227,0.0,0.0
2,2,3,23,0.0,1012.1769714900761,2042.2228409155514,3.156862745098039,0.49019607843137253
2,2,3,24,0.0,235.7046401103061,499.9375292075323,1.3333333333333333,0.0
2,2,3,25,0.0,121.96463542372011,333.99666004481213,0.9803921568627451,0.0
2,2,3,26,0.0,192.71516696815283,521.8448649531678,1.3333333333333333,0.0784313725490196
2,2,3,27,0.0,34.42607904658629,72.17176975648098,0.19607843137254902,0.0
2,2,3,28,0.0,500.15716044695625,1122.5584456143542,2.343137254901961,0.0
2,2,3,29,0.0,6.331918320578314,12.652969289697223,0.0,0.0
2,2,3,30,0.0,847.331169796427,1724.6331362433955,2.823529411764706,0.35294117647058826
2,2,3,31,0.0,206.94115233095323,439.2625619001978,1.1274509803921569,0.0
2,2,3,32,0.0,115.00228805436069,266.85172264912273,0.7647058823529411,0.0
2,2,3,33,0.0,22.891037124953613,50.76213214833628,0.1568627450980392,0.0
2,2,3,34,0.0,365.7997874024475,763.685453909856,1.7450980392156863,0.0196078431372549
2,2,3,35,0.0,401.1011143625273,968.2733482590496,2.2549019607843137,0.0
2,2,3,36,0.0,638.3029321295135,1908.2607758759664,2.2941176470588234,0.6078431372549019
2,2,3,37,0.0,91.40039404098361,300.00753182402104,0.6274509803921569,0.0
2,2,3,38,0.0,188.09595775801202,340.19102991426945,0.6862745098039216,0.0
2,2,3,39,0.0,875.5919373171322,1665.5332668131437,2.6176470588235294,0.1568627450980392
2,2,3,40,0.0,3.3888341747165835,14.768692199077059,0.029411764705882353,0.0
2,2,3,41,0.0,89.90539224767147,203.63926099900388,0.4803921568627451,0.0
2,2,3,42,0.0,96.57007055541618,284.6036438943881,0.35294117647058826,0.0
2,2,3,43,0.0,323.7440493269398,787.4539232658675,1.3235294117647058,0.0392156862745098
2,2,3,44,0.0,511.9300881024807,1175.113664552103,2.156862745098039,0.0
2,2,3,45,0.0,197.0925345071499,642.3532359111553,1.7745098039215685,0.0
2,2,3,46,0.0,132.38848147232764,377.4676666376129,0.5980392156862745,0.3137254901960784
2,2,3,47,0.0,201.835785664443,634.9482459990548,1.0784313725490196,0.058823529411764705
2,2,3,48,0.0,44.833013223177474,157.25029976181284,0.3333333333333333,0.0
2,2,3,49,0.0,103.37043832993739,297.23299165220084,0.46078431372549017,0.0
2,2,3,50,0.0,416.4985578840243,960.6753107051854,1.911764705882353,0.4117647058823529
2,2,3,51,0.0,14.445923052438587,63.646265042715,0.19607843137254902,0.0
2,2,3,52,0.0,173.4960272310044,433.19021193242736,0.6078431372549019,0.0
2,2,3,53,0.0,83.39764961779206,211.5106433061999,0.1568627450980392,0.29411764705882354
2,2,3,54,0.0,665.4285064977394,1324.6824309177812,2.3529411764705883,0.09803921568627451
2,2,3,55,0.0,43.96364094387153,92.29109796613966,0.1568627450980392,0.0
2,2,3,56,0.0,32.73658729016075,63.469347364381626,0.14705882352941177,0.0
2,2,3,57,0.0,6.644994980563851,15.252845348964954,0.029411764705882353,0.0
2,2,3,58,0.0,259.61569595540715,548.1605463395053,1.4901960784313726,0.0
2,2,3,59,0.0,10.478262945685042,78.12750053001956,0.14705882352941177,0.0
2,2,4,0,0.0,119.77005020614442,400.50927789779905,0.3431372549019608,0.0
2,2,4,1,0.0,407.7039487383969,803.0320026100508,1.5686274509803921,0.0
2,2,4,2,0.0,94.22281211379578,257.57551035232825,0.7843137254901961,0.0
2,2,4,3,0.0,14.969314690652741,61.31490738203178,0.19607843137254902,0.0
2,2,4,4,0.0,88.65997435854926,188.51653965916535,0.29411764705882354,0.0
2,2,4,5,0.0,198.48156117584088,516.8021305873458,0.7941176470588235,0.0
2,2,4,6,0.0,317.62388238791874,802.0467952992083,1.5490196078431373,0.0
2,2,4,7,0.0,179.46564483532205,497.3014456423199,1.2156862745098038,0.29411764705882354
2,2,4,8,0.0,81.41512858818676,227.51641800144597,0.37254901960784315,0.0
2,2,4,9,0.0,259.5122664222974,677.5416335699755,1.7647058823529411,0.0
2,2,4,10,0.0,367.1638100710731,840.474808625806,1.5098039215686274,0.058823529411764705
2,2,4,11,0.0,232.87155106160864,572.3152833046634,1.1372549019607843,0.0784313725490196
2,2,4,12,0.0,68.94946783540894,204.82649588457565,0.5392156862745098,0.0
2,2,4,13,0.0,238.5263196975319,670.3263383797605,1.5098039215686274,0.11764705882352941
2,2,4,14,0.0,1175.0603384773683,2469.041643237394,3.264705882352941,0.39215686274509803
2,2,4,15,0.0,46.83298117054754,110.67770393324092,0.3431372549019608,0.0
2,2,4,16,0.0,136.60798155965247,410.82914224289766,0.6470588235294118,0.0
2,2,4,17,0.0,378.8703878382585,1172.7090290762033,1.892156862745098,0.0
2,2,4,18,0.0,114.38674825584131,237.43444615654454,0.47058823529411764,0.0
2,2,4,19,0.0,149.80126535914908,368.8285909643568,0.9803921568627451,0.0
2,2,4,20,0.0,195.68931114426164,551.1852278422889,0.8235294117647058,0.0
2,2,4,21,0.0,327.329445764189,662.7675999369675,1.4509803921568627,0.29411764705882354
2,2,4,22,0.0,0.24555779374848785,1.7325759991689227,0.0,0.0
2,2,4,23,0.0,403.5059658116599,854.7062016088307,1.8529411764705883,0.0196078431372549
2,2,4,24,0.0,160.09062321177208,339.06242352042057,0.9117647058823529,0.0
2,2,4,25,0.0,114.89030693102009,275.7293188006637,0.8529411764705882,0.0
2,2,4,26,0.0,180.46286418881044,489.9603074481114,1.2745098039215685,0.0784313725490196
2,2,4,27,0.0,34.42607904658628,72.17176975648098,0.19607843137254902,0.0
2,2,4,28,0.0,375.0100400222662,858.3609375564172,1.8627450980392157,0.0
2,2,4,29,0.0,6.331918320578293,12.65296928969719,0.0,0.0
2,2,4,30,0.0,347.08380356384146,723.7083403065676,1.2647058823529411,0.0392156862745098
2,2,4,31,0.0,143.01127511987875,300.32969227379994,0.7549019607843137,0.0
2,2,4,32,0.0,91.50405474961266,227.04530456087284,0.6176470588235294,0.0
2,2,4,33,0.0,22.891037124953613,50.76213214833628,0.1568627450980392,0.0
2,2,4,34,0.0,123.11750023435444,275.6145295167291,0.7450980392156863,0.0
2,2,4,35,0.0,316.6116260750332,757.8482464721445,1.9019607843137254,0.0
2,2,4,36,0.0,490.16840878800605,1504.2996773391144,1.8627450980392157,0.47058823529411764
2,2,4,37,0.0,91.28823029469828,299.0167342848453,0.6274509803921569,0.0
2,2,4,38,0.0,156.73036806533696,260.49071625916184,0.5098039215686274,0.0
2,2,4,39,0.0,606.6678076485747,1160.169896203933,1.9607843137254901,0.0196078431372549
2,2,4,40,0.0,3.3888341747165835,14.768692199077059,0.029411764705882353,0.0
2,2,4,41,0.0,89.90539224767147,203.63926099900388,0.4803921568627451,0.0
2,2,4,42,0.0,87.67168145549347,257.01234028361415,0.3137254901960784,0.0
2,2,4,43,0.0,111.78281676633021,197.25146516715597,0.3333333333333333,0.0
2,2,4,44,0.0,409.0677196095886,962.3178197033303,1.892156862745098,0.0
2,2,4,45,0.0,196.86849588999806,642.0539836733338,1.7745098039215685,0.0
2,2,4,46,0.0,128.35101195776008,367.30284003427124,0.5588235294117647,0.3137254901960784
2,2,4,47,0.0,201.6604172072425,633.3460038381326,1.0784313725490196,0.058823529411764705
2,2,4,48,0.0,44.833013223177474,157.25029976181284,0.3333333333333333,0.0
2,2,4,49,0.0,101.22811936650248,284.37668894706053,0.46078431372549017,0.0
2,2,4,50,0.0,314.7157165486877,710.3528902988013,1.4803921568627452,0.4117647058823529
2,2,4,51,0.0,14.445923052438587,63.646265042715,0.19607843137254902,0.0
2,2,4,52,0.0,173.4960272310044,433.1902119324274,0.6078431372549019,0.0
2,2,4,53,0.0,83.21741977894825,210.94050604180813,0.1568627450980392,0.29411764705882354
2,2,4,54,0.0,480.44662462164877,953.0519065407083,2.0,0.0
2,2,4,55,0.0,43.96364094387153,92.29109796613966,0.1568627450980392,0.0
2,2,4,56,0.0,32.73658729016075,63.469347364381626,0.14705882352941177,0.0
2,2,4,57,0.0,6.644994980563851,15.252845348964954,0.029411764705882353,0.0
2,2,4,58,0.0,199.60687991933747,433.4542014079701,1.2254901960784315,0.0
2,2,4,59,0.0,10.478262945685042,78.12750053001956,0.14705882352941177,0.0
2,3,0,0,19.0,16462.32223661348,43020.09204085487,13.5,16.15686274509804
2,3,0,1,17.0,13176.838215407744,31875.088783764702,13.549019607843137,13.764705882352942
2,3,0,2,19.0,17340.075692422837,42045.43854051168,16.401960784313726,15.745098039215685
2,3,0,3,11.0,4256.0580874679545,10653.043565364864,6.1568627450980395,8.450980392156863
2,3,0,4,8.0,1870.8834973041673,4943.734937575822,3.843137254901961,4.03921568627451
2,3,0,5,17.0,9648.147086583449,25237.417468769152,9.333333333333334,12.156862745098039
2,3,0,6,19.0,19980.269976179487,49187.9030167201,17.264705882352942,17.11764705882353
2,3,0,7,13.0,6642.931022790367,16649.9134141733,9.0,10.509803921568627
2,3,0,8,16.0,8139.299679947242,21160.211115884285,8.303921568627452,11.07843137254902
2,3,0,9,19.0,17316.198662333303,42789.49316215287,16.42156862745098,16.235294117647058
2,3,0,10,17.0,12045.998466637246,29167.988587369266,13.382352941176471,13.666666666666666
2,3,0,11,17.0,12711.805143405996,31265.785837300697,13.313725490196079,13.509803921568627
2,3,0,12,16.0,10044.323009869971,25622.93737654251,9.696078431372548,12.705882352941176
2,3,0,13,15.0,7500.899610821081,18987.28604496678,9.637254901960784,10.96078431372549
2,3,0,14,19.0,18486.92427185382,45492.55073069757,16.607843137254903,16.274509803921568
2,3,0,15,18.0,13750.138470434764,34789.80751737156,14.205882352941176,15.333333333333334
2,3,0,16,18.0,13610.043696792833,34992.3702797772,12.696078431372548,14.882352941176471
2,3,0,17,19.0,16514.576203248103,42533.912042075324,14.107843137254902,15.980392156862745
2,3,0,18,17.0,13607.625402587222,32808.891744943,14.058823529411764,14.313725490196079
2,3,0,19,17.0,12738.361508719365,31541.47084009018,13.470588235294118,13.666666666666666
2,3,0,20,19.0,16027.433648300928,38893.50840484793,16.019607843137255,15.431372549019608
2,3,0,21,16.0,11037.924332718432,26484.575244549203,12.637254901960784,12.333333333333334
2,3,0,22,16.0,11617.632868407498,29801.19929068853,11.411764705882353,13.901960784313726
2,3,0,23,17.0,14181.22928573727,34533.954254183234,14.754901960784315,14.137254901960784
2,3,0,24,14.0,10666.508972949772,26079.182413615952,12.637254901960784,12.509803921568627
2,3,0,25,17.0,11089.732439907533,28579.903406143578,11.53921568627451,13.254901960784315
2,3,0,26,19.0,17209.114912458936,42779.37531753264,16.07843137254902,16.333333333333332
2,3,0,27,14.0,6868.324600519037,18159.100939266555,8.284313725490197,10.03921568627451
2,3,0,28,21.0,19034.609884191483,46907.87675293967,17.08823529411765,16.627450980392158
2,3,0,29,0.0,541.1258964686093,1459.0525384454322,1.303921568627451,1.2549019607843137
2,3,0,30,19.0,18394.0529078863,45226.963609351165,16.50980392156863,16.254901960784313
2,3,0,31,14.0,9579.819609363445,23029.76463712557,11.901960784313726,11.568627450980392
2,3,0,32,17.0,13207.223068526011,32441.02126210603,13.5,13.686274509803921
2,3,0,33,0.0,791.5657049922743,2007.1270007988962,1.5980392156862746,2.3137254901960786
2,3,0,34,18.0,15713.154943734175,37965.882227282855,15.529411764705882,14.764705882352942
2,3,0,35,18.0,17088.039199016133,42346.97788411225,16.11764705882353,16.15686274509804
2,3,0,36,18.0,14888.08628898618,37794.477870592134,13.990196078431373,15.627450980392156
2,3,0,37,12.0,4847.6456352409905,13275.270970661775,5.990196078431373,8.333333333333334
2,3,0,38,18.0,14978.201717987406,36369.806821181206,14.666666666666666,14.549019607843137
2,3,0,39,16.0,11382.095726148245,27265.765839532844,12.882352941176471,12.254901960784315
2,3,0,40,11.0,4314.298037351346,11938.5318949887,5.480392156862745,7.784313725490196
2,3,0,41,6.0,1469.4590420315894,3513.405288430071,3.7941176470588234,3.980392156862745
2,3,0,42,19.0,12324.046034172528,32267.938104499724,9.754901960784315,13.568627450980392
2,3,0,43,20.0,19180.450251581744,47037.72705222401,16.784313725490197,16.666666666666668
2,3,0,44,18.0,16448.82491888331,40043.91074767959,16.107843137254903,15.313725490196079
2,3,0,45,13.0,6951.555478610789,17450.322040009694,10.137254901960784,10.823529411764707
2,3,0,46,13.0,6682.274116535325,16725.17647669468,10.029411764705882,10.196078431372548
2,3,0,47,16.0,9243.975297847632,23672.67514332265,10.058823529411764,12.470588235294118
2,3,0,48,18.0,12768.169009118124,33564.58683463076,12.03921568627451,14.27450980392157
2,3,0,49,18.0,11898.998500062318,31121.737089947674,9.607843137254902,13.235294117647058
2,3,0,50,18.0,14792.713555429038,36430.788013743855,14.57843137254902,14.666666666666666
2,3,0,51,16.0,8404.415669359445,22110.94343186429,8.470588235294118,11.705882352941176
2,3,0,52,18.0,14786.739871720143,38175.0330667381,13.22549019607843,15.627450980392156
2,3,0,53,17.0,9256.35250591896,23847.25184582334,9.147058823529411,11.490196078431373
2,3,0,54,20.0,20198.623156605554,49909.869180657704,17.15686274509804,17.274509803921568
2,3,0,55,0.0,623.4328107022168,1579.1899034852368,1.5490196078431373,1.4509803921568627
2,3,0,56,12.0,5194.403521556053,13279.315688640152,7.705882352941177,9.137254901960784
2,3,0,57,5.0,1384.1741599931263,3663.8947431924516,3.1176470588235294,3.4313725490196076
2,3,0,58,16.0,12222.003921575548,29308.423222547466,13.313725490196079,12.862745098039216
2,3,0,59,16.0,9611.118530293634,25321.44577614234,8.931372549019608,11.666666666666666
2,3,1,0,12.0,4369.932856745002,11789.460007138527,6.9411764705882355,7.2745098039215685
2,3,1,1,11.0,5291.704682788786,12267.984616079448,8.264705882352942,6.372549019607843
2,3,1,2,13.0,8311.500258560614,19439.577083408585,11.294117647058824,9.019607843137255
2,3,1,3,0.0,141.8055704036229,292.8336713537316,0.5686274509803921,0.23529411764705882
2,3,1,4,0.0,323.9175206030882,915.5933324270403,1.0392156862745099,0.3333333333333333
2,3,1,5,7.0,1612.038145174422,4307.252286301895,3.3333333333333335,3.0392156862745097
2,3,1,6,14.0,8472.94503051142,20917.43463138091,11.72549019607843,9.980392156862745
2,3,1,7,2.0,956.3197631847797,2362.347585581827,2.607843137254902,2.215686274509804
2,3,1,8,5.0,1113.5382619893956,2982.9312904219737,2.5098039215686274,2.607843137254902
2,3,1,9,12.0,5077.895880631807,12221.573985140563,9.235294117647058,6.9411764705882355
2,3,1,10,11.0,4462.587743133642,10594.722653335186,7.852941176470588,6.352941176470588
2,3,1,11,9.0,3513.173235960584,8444.844435353822,6.833333333333333,5.470588235294118
2,3,1,12,2.0,612.6943114500442,1722.471504208757,1.5392156862745099,1.2549019607843137
2,3,1,13,11.0,3661.11465070298,9192.357506436198,6.509803921568627,6.411764705882353
2,3,1,14,16.0,10145.096511060008,24476.0922434206,12.549019607843137,10.96078431372549
2,3,1,15,0.0,173.31378681451218,367.40370574068874,0.9509803921568627,0.21568627450980393
2,3,1,16,8.0,2001.9906415882447,5350.990598874093,4.598039215686274,4.0588235294117645
2,3,1,17,14.0,7317.625434387368,19342.070822013564,9.441176470588236,9.568627450980392
2,3,1,18,11.0,5401.859263725904,12519.706277581252,8.509803921568627,6.980392156862745
2,3,1,19,11.0,4905.926823679996,11797.699998571705,8.519607843137255,6.705882352941177
2,3,1,20,14.0,7551.218736216164,18066.313876398526,11.568627450980392,9.705882352941176
2,3,1,21,13.0,5471.090664688303,12675.811568472083,8.764705882352942,6.901960784313726
2,3,1,22,5.0,1202.5062635045101,3264.3750657530227,2.627450980392157,2.6862745098039214
2,3,1,23,13.0,7977.943044783606,18748.214831006328,10.92156862745098,8.647058823529411
2,3,1,24,9.0,3076.502944101649,7168.454800024221,6.323529411764706,4.647058823529412
2,3,1,25,1.0,592.543038657906,1566.6711291618033,2.0980392156862746,1.2156862745098038
2,3,1,26,11.0,4825.667872755848,11569.212225981804,8.813725490196079,6.901960784313726
2,3,1,27,0.0,219.589372479231,708.6217386197503,0.8137254901960784,0.29411764705882354
2,3,1,28,14.0,7878.4875914554195,18919.633640764714,11.323529411764707,9.0
2,3,1,29,0.0,8.736190116623314,24.6241122246063,0.029411764705882353,0.0
2,3,1,30,13.0,7883.037245784881,18903.500110510693,10.980392156862745,9.07843137254902
2,3,1,31,9.0,3482.204871643613,8003.502559912166,6.823529411764706,4.882352941176471
2,3,1,32,10.0,3946.465812918022,9399.178565631228,7.362745098039215,5.549019607843137
2,3,1,33,0.0,25.879112359996597,58.91933525395932,0.1568627450980392,0.0
2,3,1,34,13.0,6173.933692584533,14469.139812154719,10.147058823529411,7.627450980392157
2,3,1,35,14.0,8027.706118802363,19953.617463288017,11.401960784313726,10.07843137254902
2,3,1,36,14.0,8011.318069195512,20393.494536558228,10.215686274509803,10.156862745098039
2,3,1,37,0.0,356.4526497059616,1210.3889280937146,0.9803921568627451,0.7254901960784313
2,3,1,38,10.0,3781.383894759826,8968.78994150682,7.284313725490196,5.568627450980392
2,3,1,39,11.0,5020.508473103157,11623.173851232106,8.294117647058824,5.745098039215686
2,3,1,40,0.0,259.020622084299,878.7731411892071,0.5490196078431373,0.5294117647058824
2,3,1,41,0.0,115.85863332061372,274.795704574122,0.6274509803921569,0.058823529411764705
2,3,1,42,5.0,1215.6481656789392,3566.2176697224727,2.1862745098039214,2.7254901960784315
2,3,1,43,15.0,8486.463376272259,20614.507686108846,11.607843137254902,9.607843137254902
2,3,1,44,13.0,6482.396533734152,15265.332540290054,10.529411764705882,7.96078431372549
2,3,1,45,6.0,1814.748624971539,4566.747368699716,4.431372549019608,3.784313725490196
2,3,1,46,0.0,505.75955358270085,1330.4040910533238,1.5490196078431373,1.0588235294117647
2,3,1,47,6.0,1597.8077223766227,4372.600824446258,3.480392156862745,3.6666666666666665
2,3,1,48,7.0,1949.832900215396,5452.522798405473,4.294117647058823,3.6470588235294117
2,3,1,49,7.0,1840.5204053684297,5147.800171832061,3.1176470588235294,3.2549019607843137
2,3,1,50,11.0,4898.396236050824,11522.42227540378,8.205882352941176,6.549019607843137
2,3,1,51,0.0,60.68668285560986,146.79608240206477,0.3431372549019608,0.058823529411764705
2,3,1,52,0.0,508.12469463356405,1417.305699412054,1.2058823529411764,0.7254901960784313
2,3,1,53,5.0,1270.1193005259472,3414.248230190602,2.7941176470588234,2.215686274509804
2,3,1,54,15.0,8834.744572842767,21422.433615112554,11.696078431372548,9.784313725490197
2,3,1,55,0.0,57.0166419591604,146.8485508531395,0.3137254901960784,0.0
2,3,1,56,0.0,85.15186161801124,241.2672517357987,0.5784313725490197,0.0
2,3,1,57,0.0,9.17000527591211,21.291720418690502,0.029411764705882353,0.0
2,3,1,58,12.0,5942.210812208619,14002.498227347982,9.22549019607843,7.254901960784314
2,3,1,59,0.0,118.49463116613913,448.75205024405426,0.6666666666666666,0.4117647058823529
2,3,2,0,2.0,620.395435223312,1888.2022771918312,1.607843137254902,0.5882352941176471
2,3,2,1,6.0,2370.226473272933,5089.095485555478,4.813725490196078,1.8431372549019607
2,3,2,2,9.0,4142.967398061552,9337.101309494945,7.607843137254902,4.098039215686274
2,3,2,3,0.0,42.38316735346242,101.56219337373722,0.21568627450980393,0.1568627450980392
2,3,2,4,0.0,171.82535475143777,417.97954833188726,0.6666666666666666,0.0392156862745098
2,3,2,5,1.0,631.3208054218294,1756.2539920688278,1.7549019607843137,0.7254901960784313
2,3,2,6,10.0,3363.7570994830016,8425.210554927628,7.284313725490196,4.450980392156863
2,3,2,7,0.0,430.77464570736976,1083.7557873254686,1.7058823529411764,0.9019607843137255
2,3,2,8,0.0,184.0312745357597,510.77244484364445,0.7058823529411765,0.0
2,3,2,9,6.0,1828.8212465878846,4148.863012297926,4.9411764705882355,1.8431372549019607
2,3,2,10,7.0,1992.2287186015596,4642.807145337681,4.686274509803922,2.5098039215686274
2,3,2,11,4.0,1278.8340856628658,2964.9769964237867,3.588235294117647,1.3529411764705883
2,3,2,12,0.0,130.35845730401257,389.8028986484965,0.6666666666666666,0.058823529411764705
2,3,2,13,5.0,1229.11492974785,3086.0020447152365,3.450980392156863,2.0784313725490198
2,3,2,14,13.0,5856.720597007345,13970.594341561045,9.372549019607844,6.745098039215686
2,3,2,15,0.0,86.19804639585016,183.0778327069632,0.6078431372549019,0.0196078431372549
2,3,2,16,1.0,550.2326312184788,1606.7414023406955,1.9901960784313726,0.5098039215686274
2,3,2,17,9.0,2756.4048165424692,7526.958140007067,5.509803921568627,4.098039215686274
2,3,2,18,6.0,2259.6003090096647,4847.8945517770735,4.715686274509804,2.176470588235294
2,3,2,19,4.0,1130.4870354709092,2529.952223488968,3.6176470588235294,1.0980392156862746
2,3,2,20,9.0,3605.056410015287,8368.154945073878,7.754901960784314,5.1568627450980395
2,3,2,21,9.0,3175.6441097757,6992.8181565442665,6.009803921568627,3.5098039215686274
2,3,2,22,0.0,0.24555779374848785,1.7325759991689227,0.0,0.0
2,3,2,23,11.0,5203.787964024845,11885.776440675194,8.22549019607843,5.313725490196078
2,3,2,24,4.0,1475.938129516484,3249.093053657243,3.872549019607843,1.4313725490196079
2,3,2,25,0.0,374.15251643258824,1032.4853295743924,1.607843137254902,0.6078431372549019
2,3,2,26,4.0,1377.7852937167306,3172.748414197342,4.088235294117647,1.411764705882353
2,3,2,27,0.0,67.39005924019189,115.31327791188872,0.3333333333333333,0.0
2,3,2,28,8.0,2764.3670576252302,6415.011045368925,6.568627450980392,3.1176470588235294
2,3,2,29,0.0,6.364479357180311,12.720196793668073,0.0,0.0
2,3,2,30,8.0,3406.836428792214,7742.011829275313,6.686274509803922,3.411764705882353
2,3,2,31,2.0,1077.5975212774624,2172.95797581422,3.1470588235294117,0.8823529411764706
2,3,2,32,3.0,1014.8158176150322,2261.124788929187,3.196078431372549,0.8627450980392157
2,3,2,33,0.0,24.72125928050851,55.886770200891334,0.1568627450980392,0.0
2,3,2,34,7.0,2267.985093044703,4938.621833723763,5.529411764705882,2.215686274509804
2,3,2,35,11.0,3851.9046002891205,9626.369163113577,7.950980392156863,5.627450980392157
2,3,2,36,10.0,3991.103166780468,10364.231184183767,6.990196078431373,5.666666666666667
2,3,2,37,0.0,218.57587080087254,772.7695964122806,0.8235294117647058,0.23529411764705882
2,3,2,38,3.0,906.214050155916,1911.6955988268974,3.1666666666666665,0.6666666666666666
2,3,2,39,8.0,3328.709151990889,7372.572080415242,6.176470588235294,2.980392156862745
2,3,2,40,0.0,4.8711407323905815,18.37480317222539,0.029411764705882353,0.0
2,3,2,41,0.0,91.04295439311109,206.32019512023842,0.4803921568627451,0.0
2,3,2,42,0.0,257.0433670802527,886.024846498105,0.7254901960784313,0.27450980392156865
2,3,2,43,8.0,2158.6299896931478,5468.387956629482,5.294117647058823,2.8627450980392157
2,3,2,44,9.0,2950.2187541313256,6573.763921805414,6.666666666666667,3.3137254901960786
2,3,2,45,1.0,697.6954849598973,1795.253920740603,2.5980392156862746,0.9215686274509803
2,3,2,46,0.0,226.9004766943304,638.3495532904124,0.8725490196078431,0.3137254901960784
2,3,2,47,0.0,488.01722996508045,1470.5258719455524,1.5980392156862746,0.9411764705882353
2,3,2,48,0.0,143.44850303463406,495.17169245321213,0.6764705882352942,0.29411764705882354
2,3,2,49,0.0,521.8554726934027,1588.8874186160733,1.3333333333333333,0.27450980392156865
2,3,2,50,7.0,2476.291065256424,5611.018301254215,5.401960784313726,2.843137254901961
2,3,2,51,0.0,23.64635712384024,81.48640048364565,0.22549019607843138,0.0
2,3,2,52,0.0,363.5760440899222,982.0519525120096,0.9803921568627451,0.11764705882352941
2,3,2,53,0.0,260.35410626647337,721.9221070683084,0.8823529411764706,0.4117647058823529
2,3,2,54,10.0,3969.1998847053737,9222.3914491315,7.2254901960784315,4.254901960784314
2,3,2,55,0.0,55.37315323269374,141.10168622902953,0.30392156862745096,0.0
2,3,2,56,0.0,33.02439833801206,64.72350965570837,0.14705882352941177,0.0
2,3,2,57,0.0,7.155532576386872,16.657048660249643,0.029411764705882353,0.0
2,3,2,58,6.0,1809.1589656626638,4006.1694584346787,4.352941176470588,1.5294117647058822
2,3,2,59,0.0,11.381243871379006,80.75053750235199,0.14705882352941177,0.0
2,3,3,0,0.0,218.46671644009893,695.9132935012519,0.5294117647058824,0.0196078431372549
2,3,3,1,1.0,1253.221494590313,2496.4926548127114,3.0980392156862746,0.29411764705882354
2,3,3,2,2.0,1458.0679462063954,2976.4386654826517,4.137254901960785,0.5686274509803921
2,3,3,3,0.0,15.40972402600039,61.87245582211469,0.19607843137254902,0.0
2,3,3,4,0.0,95.07473617686384,223.2764984448835,0.37254901960784315,0.0
2,3,3,5,0.0,338.20200252215614,910.3823943235487,1.1568627450980393,0.0392156862745098
2,3,3,6,0.0,755.3779996932376,1958.9258329954928,2.803921568627451,0.37254901960784315
2,3,3,7,0.0,268.69717875488357,689.4923373840463,1.392156862745098,0.43137254901960786
2,3,3,8,0.0,139.45749505843415,377.2285013459448,0.5686274509803921,0.0
2,3,3,9,0.0,720.7921685639726,1583.3487882625805,2.950980392156863,0.49019607843137253
2,3,3,10,0.0,870.61132445713,1966.5228213126738,2.676470588235294,0.5882352941176471
2,3,3,11,0.0,614.261756712224,1472.7266906004281,2.1470588235294117,0.5882352941176471
2,3,3,12,0.0,88.85818335340396,261.6802628511483,0.5588235294117647,0.0
2,3,3,13,0.0,510.7491453002,1330.4140637339715,2.1372549019607843,0.6274509803921569
2,3,3,14,9.0,3380.643228403276,7789.232397864704,6.401960784313726,2.3333333333333335
2,3,3,15,0.0,52.79358077231637,126.45400095318196,0.4019607843137255,0.0
2,3,3,16,0.0,301.28214047564126,875.5830704184441,1.1666666666666667,0.11764705882352941
2,3,3,17,4.0,1244.8976477276528,3625.060381077336,3.3627450980392157,1.392156862745098
2,3,3,18,0.0,339.376203422393,666.6173163615498,1.411764705882353,0.0
2,3,3,19,0.0,338.33815354576905,753.7518203598928,1.803921568627451,0.0
2,3,3,20,1.0,844.8787224242639,1961.2068088792614,3.215686274509804,0.6862745098039216
2,3,3,21,4.0,1640.8923569783876,3282.1190204485756,3.8333333333333335,1.0196078431372548
2,3,3,22,0.0,0.24555779374848785,1.7325759991689227,0.0,0.0
2,3,3,23,6.0,2256.8987653325084,4756.996758236945,4.833333333333333,1.0784313725490196
2,3,3,24,0.0,487.4949037571148,1037.3010726969617,2.0588235294117645,0.058823529411764705
2,3,3,25,0.0,183.05070651275508,509.5117857911961,1.107843137254902,0.0392156862745098
2,3,3,26,0.0,498.66396871766364,1143.5502938749144,2.2549019607843137,0.47058823529411764
2,3,3,27,0.0,65.3849873166866,109.61620697798472,0.3333333333333333,0.0
2,3,3,28,2.0,1089.1040436770065,2376.7488523720262,3.8333333333333335,0.3333333333333333
2,3,3,29,0.0,6.364479357180344,12.720196793668125,0.0,0.0
2,3,3,30,4.0,1889.557504195865,4036.015910845813,4.372549019607843,0.8627450980392157
2,3,3,31,0.0,567.8303914020772,1116.1852804558507,2.127450980392157,0.23529411764705882
2,3,3,32,0.0,184.6731712815526,417.90826550173614,1.0980392156862746,0.0
2,3,3,33,0.0,22.891037124953613,50.76213214833628,0.1568627450980392,0.0
2,3,3,34,1.0,897.4613725738847,1857.447303736516,3.1176470588235294,0.3137254901960784
2,3,3,35,1.0,959.6825711018522,2269.100708596078,3.2549019607843137,0.6862745098039216
2,3,3,36,4.0,1534.1704671286652,4280.466027048773,3.735294117647059,1.9607843137254901
2,3,3,37,0.0,121.75881345610678,429.4355160344317,0.7156862745098039,0.0
2,3,3,38,0.0,351.89730533937393,673.958341264259,1.4705882352941178,0.0392156862745098
2,3,3,39,4.0,1934.5160849740537,3937.4241751552163,4.137254901960785,0.5686274509803921
2,3,3,40,0.0,3.3888341747165835,14.768692199077059,0.029411764705882353,0.0
2,3,3,41,0.0,90.49695848754723,204.79495376752948,0.4803921568627451,0.0
2,3,3,42,0.0,146.93597345328476,453.1001404174545,0.45098039215686275,0.0
2,3,3,43,0.0,611.3973791401085,1523.9951833433288,2.0,0.3137254901960784
2,3,3,44,1.0,1081.8213927327724,2325.930724902224,3.3823529411764706,0.45098039215686275
2,3,3,45,0.0,363.43145201972766,1023.9952941130309,2.0588235294117645,0.35294117647058826
2,3,3,46,0.0,171.1212757201681,483.63595366192317,0.803921568627451,0.3137254901960784
2,3,3,47,0.0,369.74873668489477,1149.5131083451365,1.4509803921568627,0.5294117647058824
2,3,3,48,0.0,64.80921577375912,218.35690263273526,0.47058823529411764,0.0
2,3,3,49,0.0,172.59113303715108,508.3923936617428,0.6078431372549019,0.0
2,3,3,50,1.0,1032.794245124798,2299.200422067207,3.2745098039215685,0.7254901960784313
2,3,3,51,0.0,14.445923052438589,63.646265042715,0.19607843137254902,0.0
2,3,3,52,0.0,296.858329985641,779.5173528419922,0.8137254901960784,0.0
2,3,3,53,0.0,130.24899748976816,356.88366843129256,0.37254901960784315,0.29411764705882354
2,3,3,54,3.0,1794.726211166834,3736.9064669986137,4.176470588235294,0.6862745098039216
2,3,3,55,0.0,43.96364094387153,92.29109796613966,0.1568627450980392,0.0
2,3,3,56,0.0,32.73658729016075,63.469347364381626,0.14705882352941177,0.0
2,3,3,57,0.0,6.668981042738341,15.306035759306475,0.029411764705882353,0.0
2,3,3,58,0.0,659.4590362962572,1365.31588326985,2.4607843137254903,0.29411764705882354
2,3,3,59,0.0,10.478262945685042,78.12750053001956,0.14705882352941177,0.0
2,3,4,0,0.0,194.9314154162983,614.5983400121206,0.4803921568627451,0.0
2,3,4,1,0.0,703.44301968478,1391.483872862883,2.1470588235294117,0.0196078431372549
2,3,4,2,0.0,101.76045292261074,279.4440244287725,0.8431372549019608,0.0
2,3,4,3,0.0,14.969314690652741,61.31490738203178,0.19607843137254902,0.0
2,3,4,4,0.0,94.37409148202748,221.3109763588169,0.37254901960784315,0.0
2,3,4,5,0.0,280.04646821811906,743.703570215461,1.0588235294117647,0.0
2,3,4,6,0.0,490.744679644483,1215.756887371861,2.0784313725490198,0.0196078431372549
2,3,4,7,0.0,220.84198138190655,609.2599535172121,1.3333333333333333,0.29411764705882354
2,3,4,8,0.0,111.89693812156027,309.84721838104645,0.4803921568627451,0.0
2,3,4,9,0.0,448.592668227561,1048.4912224243876,2.2745098039215685,0.11764705882352941
2,3,4,10,0.0,630.9680425309575,1411.317786540989,2.1372549019607843,0.19607843137254902
2,3,4,11,0.0,431.4954880551248,1080.0298488311842,1.696078431372549,0.2549019607843137
2,3,4,12,0.0,73.83754663483985,219.78320440705895,0.5392156862745098,0.0
2,3,4,13,0.0,365.11915194214157,1013.0870019526594,1.7745098039215685,0.3333333333333333
2,3,4,14,4.0,2219.7128534580747,4806.691761182003,4.813725490196078,0.5686274509803921
2,3,4,15,0.0,52.36547551948784,125.74145447967645,0.4019607843137255,0.0
2,3,4,16,0.0,239.67287063476152,698.6015363596588,0.9901960784313726,0.0
2,3,4,17,0.0,675.5827095276479,2034.3069848040184,2.5784313725490198,0.39215686274509803
2,3,4,18,0.0,157.69179768618298,300.16499006664895,0.5980392156862745,0.0
2,3,4,19,0.0,250.67453869630918,572.8326255339186,1.392156862745098,0.0
2,3,4,20,0.0,295.43205281513434,804.3494002790077,1.2941176470588236,0.0392156862745098
2,3,4,21,0.0,663.1241085948269,1281.8728115173415,2.2058823529411766,0.5490196078431373
2,3,4,22,0.0,0.24555779374848785,1.7325759991689227,0.0,0.0
2,3,4,23,0.0,970.7685630535302,1995.6569588978589,2.9901960784313726,0.3333333333333333
2,3,4,24,0.0,251.321819921716,529.3914101233707,1.2352941176470589,0.0
2,3,4,25,0.0,166.43457002741025,422.61973886694426,1.0098039215686274,0.0
2,3,4,26,0.0,324.63330011808625,795.4148248160182,1.7156862745098038,0.17647058823529413
2,3,4,27,0.0,65.3849873166866,109.61620697798473,0.3333333333333333,0.0
2,3,4,28,0.0,594.8563210772257,1333.122969801651,2.656862745098039,0.0
2,3,4,29,0.0,6.3644793571803095,12.720196793668066,0.0,0.0
2,3,4,30,0.0,928.4834402604392,1900.2723048095452,2.715686274509804,0.3333333333333333
2,3,4,31,0.0,246.6450701213423,486.01139531985115,1.2843137254901962,0.0
2,3,4,32,0.0,122.58197603122287,288.0961139446936,0.7549019607843137,0.0
2,3,4,33,0.0,22.891037124953613,50.76213214833628,0.1568627450980392,0.0
2,3,4,34,0.0,285.35059857748695,605.3966223303455,1.3823529411764706,0.058823529411764705
2,3,4,35,0.0,636.9383167894141,1464.0687712095034,2.6372549019607843,0.0
2,3,4,36,0.0,754.5163654432013,2315.7777952989336,2.480392156862745,0.6470588235294118
2,3,4,37,0.0,105.86320776411537,345.03417587809525,0.6372549019607843,0.0
2,3,4,38,0.0,215.53587060177028,382.171020912102,0.8137254901960784,0.0
2,3,4,39,0.0,1305.2108831213038,2530.2161126560377,2.980392156862745,0.17647058823529413
2,3,4,40,0.0,3.3888341747165835,14.768692199077059,0.029411764705882353,0.0
2,3,4,41,0.0,90.3328401278635,204.5000892066042,0.4803921568627451,0.0
2,3,4,42,0.0,110.14452512744255,325.9529764075802,0.3137254901960784,0.0
2,3,4,43,0.0,184.26493514592312,369.7922987900702,0.6470588235294118,0.0
2,3,4,44,0.0,550.5138049443323,1277.5953732533198,2.2254901960784315,0.0
2,3,4,45,0.0,297.659074723295,887.3901321939081,1.9705882352941178,0.17647058823529413
2,3,4,46,0.0,162.4991136406904,457.43865264029415,0.696078431372549,0.3137254901960784
2,3,4,47,0.0,266.9124528151968,848.032373940205,1.2549019607843137,0.2549019607843137
2,3,4,48,0.0,64.74680907146339,218.1529545608945,0.47058823529411764,0.0
2,3,4,49,0.0,113.75700240041903,324.13190470993334,0.46078431372549017,0.0
2,3,4,50,0.0,689.0606846838,1561.0869583651827,2.5392156862745097,0.5490196078431373
2,3,4,51,0.0,14.445923052438587,63.646265042715,0.19607843137254902,0.0
2,3,4,52,0.0,264.41498865477604,668.189379407201,0.7450980392156863,0.0
2,3,4,53,0.0,94.75614693027624,242.70393896968244,0.1568627450980392,0.29411764705882354
2,3,4,54,0.0,989.6201601199283,1964.8109578975464,2.9411764705882355,0.17647058823529413
2,3,4,55,0.0,43.96364094387153,92.29109796613966,0.1568627450980392,0.0
2,3,4,56,0.0,32.73658729016075,63.469347364381626,0.14705882352941177,0.0
2,3,4,57,0.0,6.668981042738341,15.306035759306475,0.029411764705882353,0.0
2,3,4,58,0.0,332.62152228913664,721.1095418877316,1.696078431372549,0.0
2,3,4,59,0.0,10.478262945685042,78.12750053001956,0.14705882352941177,0.0
2,4,0,0,20.0,20294.99061891341,52947.065835769026,14.568627450980392,17.352941176470587
2,4,0,1,18.0,18253.127202860807,44523.70187192385,15.686274509803921,15.823529411764707
2,4,0,2,20.0,22433.697327703638,55015.7585833416,17.91176470588235,17.392156862745097
2,4,0,3,14.0,9935.672882475887,25026.303079356134,10.931372549019608,12.980392156862745
2,4,0,4,13.0,6703.749605571531,17599.78578856751,7.303921568627451,8.882352941176471
2,4,0,5,18.0,14148.604494795354,36565.7212761282,10.92156862745098,13.784313725490197
2,4,0,6,21.0,24804.87720282326,61231.738781846405,18.5,18.50980392156863
2,4,0,7,16.0,12553.701520644978,31678.67123107939,11.843137254901961,13.647058823529411
2,4,0,8,18.0,12931.575752035867,33722.06182490838,10.53921568627451,13.588235294117647
2,4,0,9,21.0,22677.26355979928,56233.57184785649,18.0,17.901960784313726
2,4,0,10,18.0,18202.051195784225,44634.456793038604,15.882352941176471,16.176470588235293
2,4,0,11,19.0,19465.93238193093,48100.924903838044,16.0,16.333333333333332
2,4,0,12,18.0,14921.295473645612,38279.12692469926,12.186274509803921,14.72549019607843
2,4,0,13,17.0,13031.60005479513,33188.31711106962,12.215686274509803,13.764705882352942
2,4,0,14,20.0,22997.788098159377,56634.054572264446,17.88235294117647,17.725490196078432
2,4,0,15,19.0,19227.815177646444,48632.90297508227,16.068627450980394,17.0
2,4,0,16,19.0,18700.35837044535,48128.18304655984,14.27450980392157,16.647058823529413
2,4,0,17,21.0,20590.793516012935,53344.82650310552,15.196078431372548,17.313725490196077
2,4,0,18,19.0,19668.20608623041,47992.67328718127,16.254901960784313,16.568627450980394
2,4,0,19,18.0,18174.59522200469,45201.09022599686,15.676470588235293,15.941176470588236
2,4,0,20,19.0,21394.91961400264,52430.342037632436,17.53921568627451,17.41176470588235
2,4,0,21,18.0,16728.908852422483,40848.464115952054,15.019607843137255,15.0
2,4,0,22,18.0,16789.651348711595,43213.600280327395,13.245098039215685,15.882352941176471
2,4,0,23,18.0,19241.956723902233,47222.70407693729,16.54901960784314,16.0
2,4,0,24,17.0,16775.842103601677,41338.02045918241,15.196078431372548,15.27450980392157
2,4,0,25,18.0,16301.582011805353,42026.87617297048,13.441176470588236,15.27450980392157
2,4,0,26,20.0,22377.04603091785,55638.80431946577,17.58823529411765,17.862745098039216
2,4,0,27,16.0,12264.76406133581,31432.734828140245,11.745098039215685,13.137254901960784
2,4,0,28,21.0,24402.760785493563,60454.2517263164,18.46078431372549,18.15686274509804
2,4,0,29,4.0,1453.410961750575,3825.658024879188,2.715686274509804,2.9019607843137254
2,4,0,30,20.0,23398.20431010111,57922.813158746314,17.96078431372549,17.764705882352942
2,4,0,31,17.0,15582.126726316958,38168.20531222,14.57843137254902,14.588235294117647
2,4,0,32,19.0,19276.589319891755,47605.129703956205,15.941176470588236,16.274509803921568
2,4,0,33,0.0,1590.0291439491575,4024.3974616190817,2.5294117647058822,3.196078431372549
2,4,0,34,18.0,20635.91001049187,50414.29698600041,16.941176470588236,16.58823529411765
2,4,0,35,20.0,22500.938424440934,55780.086784163825,17.65686274509804,17.823529411764707
2,4,0,36,19.0,20153.66158644392,51054.52898171979,16.225490196078432,17.254901960784313
2,4,0,37,15.0,9412.677273697971,25172.19561413131,8.833333333333334,11.509803921568627
2,4,0,38,19.0,19930.735804176835,49021.154978732164,16.392156862745097,16.333333333333332
2,4,0,39,17.0,16857.575725874445,40837.69494377325,15.166666666666666,14.745098039215685
2,4,0,40,15.0,9968.746462825016,26067.55848639818,9.862745098039216,11.803921568627452
2,4,0,41,11.0,5640.689354097651,13529.509974923503,8.558823529411764,9.07843137254902
2,4,0,42,19.0,15539.90041534222,40630.40573337442,10.77450980392157,14.686274509803921
2,4,0,43,21.0,23827.921729127123,58662.89640479791,18.03921568627451,18.019607843137255
2,4,0,44,19.0,21596.301772055253,52945.24693795992,17.607843137254903,17.0
2,4,0,45,16.0,13401.880598350905,33501.94348615613,13.558823529411764,14.176470588235293
2,4,0,46,16.0,14134.097359847574,35053.89841522252,14.068627450980392,14.03921568627451
2,4,0,47,18.0,14349.148383237158,36380.38901821281,12.568627450980392,14.72549019607843
2,4,0,48,19.0,17023.36128152129,44632.75088336161,13.5,15.941176470588236
2,4,0,49,19.0,15437.78466169383,40301.8943440695,10.764705882352942,14.647058823529411
2,4,0,50,19.0,20799.87750970997,51365.258656689584,16.647058823529413,17.019607843137255
2,4,0,51,17.0,12578.39333351427,32723.974605797735,10.57843137254902,13.294117647058824
2,4,0,52,19.0,19771.082895822954,50591.80820443758,15.362745098039216,17.392156862745097
2,4,0,53,18.0,13376.319916197106,34628.73678385534,10.509803921568627,13.215686274509803
2,4,0,54,21.0,24833.157812316436,61475.062801598266,18.333333333333332,18.50980392156863
2,4,0,55,2.0,1465.4890359392434,3740.9727402266303,2.607843137254902,2.843137254901961
2,4,0,56,14.0,10975.196779314783,27603.83934687183,11.637254901960784,12.705882352941176
2,4,0,57,11.0,5280.259135652665,13745.246924437424,6.970588235294118,8.352941176470589
2,4,0,58,18.0,17209.06945020517,41860.554821167745,15.284313725490197,15.07843137254902
2,4,0,59,18.0,14108.447623426839,36636.64057662541,11.637254901960784,14.117647058823529
2,4,1,0,14.0,8852.811854644979,23293.216358757516,9.696078431372548,10.529411764705882
2,4,1,1,15.0,10887.72793582169,26145.194899618877,12.029411764705882,10.509803921568627
2,4,1,2,16.0,13747.461863563083,33188.34994929003,14.058823529411764,12.313725490196079
2,4,1,3,3.0,720.7251213951138,1599.142623686407,2.2058823529411766,1.1372549019607843
2,4,1,4,7.0,2002.1248019268635,5477.64756685454,3.5294117647058822,3.3529411764705883
2,4,1,5,12.0,5439.098889888061,14286.273008294067,6.578431372549019,7.607843137254902
2,4,1,6,17.0,13941.501566754065,34483.10534114721,14.196078431372548,12.862745098039216
2,4,1,7,9.0,4383.437622569643,10972.05322733824,7.029411764705882,6.784313725490196
2,4,1,8,10.0,3788.816208171521,9838.598100446303,5.2745098039215685,6.470588235294118
2,4,1,9,15.0,10794.401740355692,26543.124238024833,12.764705882352942,10.92156862745098
2,4,1,10,14.0,10563.8399990198,25575.537922389678,12.166666666666666,11.019607843137255
2,4,1,11,14.0,9900.029468845274,24120.52062729505,11.647058823529411,10.568627450980392
2,4,1,12,9.0,3229.541844792363,8617.186248534383,4.5588235294117645,5.647058823529412
2,4,1,13,14.0,8514.215529963538,21635.924461879382,9.92156862745098,10.313725490196079
2,4,1,14,17.0,15403.392325503517,37661.74452242964,14.72549019607843,13.627450980392156
2,4,1,15,5.0,1195.9346787647614,2649.938555273861,3.5392156862745097,2.0588235294117645
2,4,1,16,13.0,6858.610827493738,17854.87748903653,8.656862745098039,9.176470588235293
2,4,1,17,17.0,12842.784359898069,33569.65353931911,12.137254901960784,12.764705882352942
2,4,1,18,14.0,10968.783898492518,26376.886224267113,12.098039215686274,11.215686274509803
2,4,1,19,14.0,10129.694037655123,24740.81572437304,11.911764705882353,10.529411764705882
2,4,1,20,17.0,14529.851195973732,35436.17707659563,14.754901960784315,13.588235294117647
2,4,1,21,15.0,10874.155153667165,26250.48113164372,12.205882352941176,11.07843137254902
2,4,1,22,10.0,4177.3341805124655,11014.16648613695,6.117647058823529,6.862745098039215
2,4,1,23,17.0,13193.47569543423,31970.56088134466,13.666666666666666,12.098039215686274
2,4,1,24,13.0,9131.676915467733,22044.02739512262,11.22549019607843,10.196078431372548
2,4,1,25,11.0,4419.921920808003,11301.796721599561,7.215686274509804,6.803921568627451
2,4,1,26,14.0,10228.898898428573,25057.478198772766,12.235294117647058,11.07843137254902
2,4,1,27,6.0,1212.256788214014,3321.338237661837,2.9019607843137254,2.411764705882353
2,4,1,28,17.0,14620.528066241412,35729.55202380296,14.617647058823529,12.803921568627452
2,4,1,29,0.0,9.09416800750772,25.349383160309063,0.029411764705882353,0.0
2,4,1,30,16.0,13210.95680697672,32317.877072603835,13.803921568627452,12.294117647058824
2,4,1,31,13.0,8743.364241364918,20847.344276131953,11.009803921568627,9.647058823529411
2,4,1,32,14.0,9811.575029143258,23847.604212589707,11.57843137254902,10.313725490196079
2,4,1,33,0.0,25.879112359996608,58.91933525395932,0.1568627450980392,0.0
2,4,1,34,16.0,12033.012283831504,29026.581977667927,13.343137254901961,11.647058823529411
2,4,1,35,16.0,13627.64432543887,34021.23720471156,14.098039215686274,13.117647058823529
2,4,1,36,17.0,13962.535620221039,35635.87030603206,13.42156862745098,13.647058823529411
2,4,1,37,6.0,1921.962175309273,5468.2233952578645,3.2745098039215685,3.9411764705882355
2,4,1,38,14.0,8723.285873080438,20908.78082649279,10.96078431372549,9.549019607843137
2,4,1,39,14.0,10044.498136779948,24073.92906314048,11.735294117647058,9.764705882352942
2,4,1,40,3.0,1028.815149682189,3070.7014250828925,1.5686274509803921,2.0980392156862746
2,4,1,41,0.0,240.99329767224103,536.108798152645,1.1666666666666667,0.3137254901960784
2,4,1,42,11.0,4372.996599904041,11903.492135850649,5.03921568627451,6.411764705882353
2,4,1,43,17.0,14308.924389681002,35202.562719158246,14.137254901960784,12.882352941176471
2,4,1,44,16.0,13522.553548903834,32754.515412444707,14.303921568627452,12.568627450980392
2,4,1,45,13.0,7685.119728346294,19170.286148677264,10.382352941176471,9.764705882352942
2,4,1,46,8.0,2406.6684430361843,6220.578600953937,4.784313725490196,4.705882352941177
2,4,1,47,12.0,5979.753744434736,15395.45810190979,8.03921568627451,8.607843137254902
2,4,1,48,13.0,7529.840464049119,19955.85011621181,8.92156862745098,9.058823529411764
2,4,1,49,12.0,5662.88679032357,15258.587624153988,5.990196078431373,7.450980392156863
2,4,1,50,14.0,10146.80829118934,24632.76477247586,11.637254901960784,10.607843137254902
2,4,1,51,0.0,144.2688155915524,323.3644969245212,0.5,0.29411764705882354
2,4,1,52,8.0,2829.1414427850955,7767.833068499704,3.9019607843137254,4.607843137254902
2,4,1,53,10.0,4100.397058181132,10789.55254330985,5.470588235294118,6.137254901960785
2,4,1,54,17.0,14392.83674077162,35491.354072754766,14.22549019607843,12.96078431372549
2,4,1,55,0.0,111.16420937477513,237.46715074556812,0.39215686274509803,0.1568627450980392
2,4,1,56,0.0,280.6944383147754,751.7985616644324,1.107843137254902,0.27450980392156865
2,4,1,57,0.0,9.21797740026108,21.398101239373545,0.029411764705882353,0.0
2,4,1,58,14.0,10751.260035081597,25915.12765777912,12.186274509803921,10.568627450980392
2,4,1,59,3.0,486.9823517683732,1433.421395548231,1.4019607843137254,1.1372549019607843
2,4,2,0,11.0,4387.612765603057,11823.416845927526,6.578431372549019,6.0588235294117645
2,4,2,1,11.0,5980.242407423884,14101.376745748461,8.382352941176471,6.0
2,4,2,2,14.0,9326.990597228294,22354.23996240189,11.607843137254902,9.058823529411764
2,4,2,3,0.0,144.35896428998316,342.4551400907775,0.45098039215686275,0.3137254901960784
2,4,2,4,2.0,604.8115154612151,1719.2401745484776,1.5686274509803921,0.7647058823529411
2,4,2,5,9.0,2871.1426982703215,7762.017434527416,4.392156862745098,4.470588235294118
2,4,2,6,13.0,8755.840961234166,21882.134295748343,11.431372549019608,9.196078431372548
2,4,2,7,6.0,1968.3067033699158,4866.128815144886,4.137254901960785,3.4313725490196076
2,4,2,8,4.0,969.2995785337641,2669.2774267192463,2.0686274509803924,1.8627450980392157
2,4,2,9,12.0,5915.013781044185,14209.038662581304,9.529411764705882,6.549019607843137
2,4,2,10,12.0,6009.659407368123,14418.23881070024,8.784313725490197,7.0588235294117645
2,4,2,11,10.0,4403.598796372272,10607.759848310696,7.254901960784314,5.509803921568627
2,4,2,12,3.0,675.00004845523,1974.368742738306,1.5098039215686274,1.0784313725490196
2,4,2,13,12.0,5514.433461227996,13878.270422782627,8.049019607843137,7.411764705882353
2,4,2,14,16.0,11578.852248036887,28286.3448243334,12.72549019607843,11.0
2,4,2,15,0.0,287.51316561083456,607.1934067975039,1.4901960784313726,0.27450980392156865
2,4,2,16,9.0,2971.2580593763437,8137.6607785299875,5.519607843137255,4.509803921568627
2,4,2,17,14.0,8428.37645102966,22357.111428211425,10.049019607843137,9.372549019607844
2,4,2,18,11.0,5925.226256442547,14040.036999775712,8.46078431372549,6.666666666666667
2,4,2,19,11.0,4557.300488159414,10861.112878983096,7.901960784313726,5.470588235294118
2,4,2,20,14.0,9623.627265145806,23248.605514376723,12.196078431372548,10.254901960784315
2,4,2,21,13.0,7694.866406617536,18242.51000571824,10.343137254901961,8.196078431372548
2,4,2,22,0.0,0.24555779374848785,1.7325759991689227,0.0,0.0
2,4,2,23,14.0,9587.739625833165,22803.138237550076,11.490196078431373,8.784313725490197
2,4,2,24,11.0,5008.425183106863,12001.040487523263,8.088235294117647,6.117647058823529
2,4,2,25,5.0,1337.4902098654263,3475.3900028078306,3.372549019607843,2.0784313725490198
2,4,2,26,11.0,5896.237248069538,14178.849887856937,9.333333333333334,7.1568627450980395
2,4,2,27,0.0,236.30435252866573,420.45489779831246,1.088235294117647,0.058823529411764705
2,4,2,28,14.0,8484.034238132139,20422.16745163026,11.156862745098039,8.647058823529411
2,4,2,29,0.0,6.56662521328098,13.136416151910227,0.0,0.0
2,4,2,30,13.0,8571.255953884838,20564.25598890366,10.96078431372549,8.470588235294118
2,4,2,31,8.0,3484.7285644011517,7895.941393618339,6.284313725490196,3.9215686274509802
2,4,2,32,9.0,3314.5222028780754,7833.572306005308,6.294117647058823,3.9215686274509802
2,4,2,33,0.0,24.72125928050851,55.886770200891334,0.1568627450980392,0.0
2,4,2,34,13.0,6856.633611656372,16120.016235732197,10.009803921568627,7.196078431372549
2,4,2,35,14.0,9453.534819654587,23637.85264759571,11.941176470588236,10.156862745098039
2,4,2,36,14.0,9794.902350410277,25032.140440733907,11.058823529411764,10.392156862745098
2,4,2,37,3.0,913.3979243566628,2779.4701709057144,1.9215686274509804,1.6470588235294117
2,4,2,38,10.0,3914.5532159734503,9199.774217359378,7.2745098039215685,5.03921568627451
2,4,2,39,13.0,8015.312025659374,19114.19246148032,10.294117647058824,7.490196078431373
2,4,2,40,0.0,4.8711407323905815,18.37480317222539,0.029411764705882353,0.0
2,4,2,41,0.0,138.4597547065016,291.6370366581649,0.7745098039215687,0.0
2,4,2,42,6.0,1891.1154559800998,5432.145062874416,2.7745098039215685,2.823529411764706
2,4,2,43,12.0,5951.829700908195,14911.386182365686,8.803921568627452,7.176470588235294
2,4,2,44,13.0,8291.470103252379,19707.993683514247,11.284313725490197,8.450980392156863
2,4,2,45,9.0,3439.9702180189297,8510.992333551783,6.764705882352941,5.215686274509804
2,4,2,46,1.0,558.3467732803266,1481.6074302544523,1.7352941176470589,0.9803921568627451
2,4,2,47,8.0,2841.236058843184,7510.975545093869,5.1568627450980395,4.627450980392157
2,4,2,48,5.0,1019.4268962016741,2994.052936176289,2.5,1.803921568627451
2,4,2,49,6.0,1979.624947449673,5647.951087411338,3.0686274509803924,2.8627450980392157
2,4,2,50,12.0,6882.10882802987,16448.35518879674,9.705882352941176,7.529411764705882
2,4,2,51,0.0,78.57919046387728,175.98877702842753,0.29411764705882354,0.1568627450980392
2,4,2,52,5.0,1634.3073366946298,4576.831364851863,2.5980392156862746,2.6862745098039214
2,4,2,53,5.0,1321.2552737915023,3603.6387003675354,2.5294117647058822,1.7843137254901962
2,4,2,54,14.0,9147.248153454899,22217.950729520562,11.254901960784315,9.117647058823529
2,4,2,55,0.0,63.35345544420671,156.7650712114068,0.3137254901960784,0.0
2,4,2,56,0.0,33.02439833801207,64.72350965570837,0.14705882352941177,0.0
2,4,2,57,0.0,7.203504700735834,16.763429480932718,0.029411764705882353,0.0
2,4,2,58,11.0,4920.944532411835,11701.702835604681,7.9411764705882355,5.509803921568627
2,4,2,59,0.0,24.563774465694834,133.7149453171232,0.16666666666666666,0.13725490196078433
2,4,3,0,2.0,1070.2471607870632,3023.2656608642556,1.9509803921568627,0.6274509803921569
2,4,3,1,8.0,3386.4510232956163,7444.385625961081,5.598039215686274,2.235294117647059
2,4,3,2,8.0,3118.186582108321,6994.919016590313,5.950980392156863,2.4313725490196076
2,4,3,3,0.0,62.886110548079095,160.39960837644526,0.27450980392156865,0.1568627450980392
2,4,3,4,0.0,343.97376311249366,950.6045729142692,1.0686274509803921,0.2549019607843137
2,4,3,5,4.0,1238.3294283584976,3427.740407543034,2.4313725490196076,1.5686274509803921
2,4,3,6,9.0,3111.322284729088,8048.606797597375,6.578431372549019,3.3529411764705883
2,4,3,7,1.0,766.1561358110657,1918.5750562044223,2.323529411764706,1.2549019607843137
2,4,3,8,0.0,288.67355769222064,759.8053965917161,0.8431372549019608,0.21568627450980393
2,4,3,9,7.0,2492.450602422363,5679.561363578399,5.647058823529412,2.1176470588235294
2,4,3,10,8.0,2780.8422321269163,6543.09340563641,5.1568627450980395,2.9411764705882355
2,4,3,11,7.0,2290.8014317443512,5541.13287950381,4.617647058823529,2.1176470588235294
2,4,3,12,0.0,174.62740632967393,534.2092482973827,0.7450980392156863,0.11764705882352941
2,4,3,13,7.0,2181.7523692170726,5496.593201167238,4.764705882352941,2.9607843137254903
2,4,3,14,13.0,7344.851433198861,17954.095785129342,10.088235294117647,6.862745098039215
2,4,3,15,0.0,106.73328637601364,224.64955077410607,0.7745098039215687,0.0392156862745098
2,4,3,16,7.0,1738.6638780679261,4903.52979181705,3.7941176470588234,1.7058823529411764
2,4,3,17,11.0,4265.31606518144,11721.533849136229,7.03921568627451,5.235294117647059
2,4,3,18,3.0,1118.1168918151784,2252.5746289880626,2.9901960784313726,0.49019607843137253
2,4,3,19,6.0,1565.7885228480654,3556.873390634695,4.294117647058823,1.2549019607843137
2,4,3,20,11.0,4133.901742953285,9837.46888186937,7.901960784313726,5.098039215686274
2,4,3,21,9.0,3961.1310488671656,8838.380638886272,6.607843137254902,3.784313725490196
2,4,3,22,0.0,0.24555779374848785,1.7325759991689227,0.0,0.0
2,4,3,23,11.0,4687.445119049308,10662.933329516994,7.401960784313726,4.03921568627451
2,4,3,24,5.0,1686.2319662334237,3789.474800237213,3.9607843137254903,1.2941176470588236
2,4,3,25,0.0,409.7100550928198,1220.3876776926534,1.5588235294117647,0.5098039215686274
2,4,3,26,6.0,1893.5121050635141,4458.383905627775,4.735294117647059,1.9019607843137254
2,4,3,27,0.0,212.80269695240767,372.7395580325839,1.0294117647058822,0.0
2,4,3,28,9.0,3500.439505309414,8132.322220910077,6.980392156862745,3.4705882352941178
2,4,3,29,0.0,6.564856257563209,13.133694260382915,0.0,0.0
2,4,3,30,10.0,4312.740428781807,9966.281556545466,7.205882352941177,3.5686274509803924
2,4,3,31,4.0,1585.182493071285,3288.1535333825104,3.715686274509804,1.0392156862745099
2,4,3,32,3.0,1013.4313269747256,2244.885800666819,2.9411764705882355,0.5686274509803921
2,4,3,33,0.0,22.891037124953613,50.76213214833628,0.1568627450980392,0.0
2,4,3,34,9.0,2829.626094287219,6350.870715042243,5.803921568627451,2.5294117647058822
2,4,3,35,9.0,3613.4242366372387,8977.593070838318,6.882352941176471,4.1568627450980395
2,4,3,36,12.0,5636.651433855145,14915.113431760967,8.343137254901961,6.666666666666667
2,4,3,37,0.0,188.97195444658894,668.4750384685632,0.9019607843137255,0.1568627450980392
2,4,3,38,5.0,1276.6905337295748,2808.68715967033,3.803921568627451,0.9411764705882353
2,4,3,39,10.0,4762.654799985251,10859.065778078802,7.019607843137255,3.4313725490196076
2,4,3,40,0.0,3.3888341747165835,14.768692199077059,0.029411764705882353,0.0
2,4,3,41,0.0,121.89507833036153,264.90440422149163,0.6470588235294118,0.0
2,4,3,42,0.0,503.5161557573463,1602.596481437479,1.0,0.43137254901960786
2,4,3,43,5.0,1603.9883587401941,4001.0619911828844,3.7941176470588234,1.5686274509803921
2,4,3,44,9.0,3461.7974991920123,7960.600225031116,6.852941176470588,3.411764705882353
2,4,3,45,5.0,1430.8075572120101,3554.724212971486,4.029411764705882,1.607843137254902
2,4,3,46,0.0,275.90546705481694,770.5156932286598,1.2549019607843137,0.3137254901960784
2,4,3,47,4.0,1115.6818336666918,3149.871671507348,2.8137254901960786,1.7843137254901962
2,4,3,48,0.0,150.39890293551912,553.5039539714398,0.7549019607843137,0.17647058823529413
2,4,3,49,0.0,519.6835769583232,1549.474200768223,1.2156862745098038,0.13725490196078433
2,4,3,50,9.0,3768.803332166951,8668.091141778244,6.676470588235294,3.627450980392157
2,4,3,51,0.0,15.207439713066215,64.9235912613659,0.19607843137254902,0.0
2,4,3,52,0.0,869.045758025342,2432.4386909950263,1.5686274509803921,0.6078431372549019
2,4,3,53,0.0,410.31532033006226,1113.712013647956,1.088235294117647,0.43137254901960786
2,4,3,54,10.0,4297.321679691695,9847.017756478235,7.03921568627451,3.450980392156863
2,4,3,55,0.0,43.96364094387153,92.29109796613966,0.1568627450980392,0.0
2,4,3,56,0.0,32.73658729016075,63.469347364381626,0.14705882352941177,0.0
2,4,3,57,0.0,6.716953167087304,15.412416579989518,0.029411764705882353,0.0
2,4,3,58,7.0,2401.105128681011,5548.655395865064,5.0588235294117645,1.7843137254901962
2,4,3,59,0.0,10.478262945685042,78.12750053001956,0.14705882352941177,0.0
2,4,4,0,0.0,802.0214952711776,2220.5775919250295,1.588235294117647,0.21568627450980393
2,4,4,1,2.0,1790.2277561762548,3609.3609830223127,3.5784313725490198,0.4117647058823529
2,4,4,2,0.0,362.55315691563203,799.2323231027145,1.8333333333333333,0.058823529411764705
2,4,4,3,0.0,15.570310952493443,62.075755305521945,0.19607843137254902,0.0
2,4,4,4,0.0,180.94793590044532,438.2945587551502,0.6862745098039216,0.0
2,4,4,5,0.0,595.3768513782018,1649.9667298680672,1.5196078431372548,0.19607843137254902
2,4,4,6,4.0,1385.037957824045,3561.636194527713,4.392156862745098,0.6862745098039216
2,4,4,7,0.0,383.55157035477765,983.1703463383373,1.6274509803921569,0.5294117647058824
2,4,4,8,0.0,135.07990559452008,367.612715771515,0.5294117647058824,0.0
2,4,4,9,1.0,1245.1815119799742,2684.1421435860543,3.656862745098039,0.6666666666666666
2,4,4,10,4.0,1544.5661995136109,3593.7596853704817,3.519607843137255,1.196078431372549
2,4,4,11,3.0,1301.21393131279,3246.153620143751,3.176470588235294,0.8431372549019608
2,4,4,12,0.0,108.37582133695268,320.8334417940268,0.6078431372549019,0.0
2,4,4,13,1.0,910.2265307600841,2397.5628526660416,2.9215686274509802,0.9607843137254902
2,4,4,14,10.0,4371.771953715718,10340.24158275721,6.990196078431373,2.156862745098039
2,4,4,15,0.0,66.25827508463718,155.42310613809678,0.5294117647058824,0.0
2,4,4,16,3.0,875.0746393062864,2491.904211195129,2.5392156862745097,0.3137254901960784
2,4,4,17,6.0,1921.686632431715,5642.658904529435,4.509803921568627,1.3529411764705883
2,4,4,18,0.0,388.1803918316683,742.9868373320858,1.5490196078431373,0.0
2,4,4,19,0.0,570.2063463784399,1238.3730508180688,2.4901960784313726,0.058823529411764705
2,4,4,20,1.0,708.8009583066603,1823.4748614215762,2.4901960784313726,0.35294117647058826
2,4,4,21,5.0,1849.4244244139882,3782.735099327097,4.03921568627451,1.1372549019607843
2,4,4,22,0.0,0.24555779374848785,1.7325759991689227,0.0,0.0
2,4,4,23,6.0,2375.8141294387033,5094.115970809877,4.7254901960784315,0.8431372549019608
2,4,4,24,1.0,962.3657564599002,2002.7249281292493,2.843137254901961,0.21568627450980393
2,4,4,25,0.0,296.08302639375364,843.1901865265263,1.2941176470588236,0.0784313725490196
2,4,4,26,3.0,1013.2411586268124,2377.1699983976973,3.284313725490196,0.8235294117647058
2,4,4,27,0.0,206.04797513983547,357.0315996182043,0.9803921568627451,0.0
2,4,4,28,4.0,1606.7058596427219,3595.386644454878,4.480392156862745,0.6666666666666666
2,4,4,29,0.0,6.564856257563187,13.133694260382882,0.0,0.0
2,4,4,30,6.0,2266.0581520590695,5005.300531254916,4.666666666666667,0.9411764705882353
2,4,4,31,0.0,738.0432371609207,1431.3968052672772,2.2745098039215685,0.2549019607843137
2,4,4,32,0.0,364.6854403423616,784.9011103170786,1.6666666666666667,0.0
2,4,4,33,0.0,22.891037124953613,50.76213214833628,0.1568627450980392,0.0
2,4,4,34,0.0,869.4769601393436,1827.4650454212006,2.872549019607843,0.19607843137254902
2,4,4,35,6.0,1863.1866160655436,4366.723986390478,4.5,0.7254901960784313
2,4,4,36,8.0,2492.5239712605535,7085.983569464759,5.088235294117647,2.4705882352941178
2,4,4,37,0.0,153.4097260427987,548.0813920170096,0.8627450980392157,0.0
2,4,4,38,0.0,511.62771537157465,1050.8618601318901,1.8333333333333333,0.058823529411764705
2,4,4,39,6.0,2936.5983399335287,6145.394900070814,4.911764705882353,0.803921568627451
2,4,4,40,0.0,3.3888341747165835,14.768692199077059,0.029411764705882353,0.0
2,4,4,41,0.0,119.51933452875122,257.5203737793597,0.6274509803921569,0.0
2,4,4,42,0.0,278.27315696046537,855.4490058552592,0.5784313725490197,0.0
2,4,4,43,0.0,513.6033794237004,1173.0885989004983,1.5490196078431373,0.13725490196078433
2,4,4,44,3.0,1544.1729011800196,3427.9912754667093,4.088235294117647,0.45098039215686275
2,4,4,45,1.0,839.469418143428,2191.089210260252,3.1176470588235294,0.6078431372549019
2,4,4,46,0.0,232.01255017125672,657.9390576765858,1.0,0.3137254901960784
2,4,4,47,0.0,649.4166267011741,1852.4497404932051,2.0784313725490198,0.6666666666666666
2,4,4,48,0.0,105.04569552513706,419.22709617291713,0.6372549019607843,0.0
2,4,4,49,0.0,222.63821063841567,667.8984266074941,0.6568627450980392,0.0
2,4,4,50,4.0,1973.8985993122255,4461.770539002488,4.4411764705882355,1.0392156862745099
2,4,4,51,0.0,14.445923052438587,63.646265042715,0.19607843137254902,0.0
2,4,4,52,0.0,628.3253210937914,1664.1602165848158,1.2254901960784315,0.058823529411764705
2,4,4,53,0.0,157.22992257647752,432.474422076775,0.38235294117647056,0.29411764705882354
2,4,4,54,6.0,2331.600760350954,4922.370989401495,4.578431372549019,0.5882352941176471
2,4,4,55,0.0,43.96364094387153,92.29109796613966,0.1568627450980392,0.0
2,4,4,56,0.0,32.73658729016075,63.469347364381626,0.14705882352941177,0.0
2,4,4,57,0.0,6.716953167087304,15.412416579989518,0.029411764705882353,0.0
2,4,4,58,2.0,997.475963660594,2260.070290798875,3.1176470588235294,0.29411764705882354
2,4,4,59,0.0,10.478262945685042,78.12750053001956,0.14705882352941177,0.0
3,0,0,0,20.0,8146.171071357018,21253.36882266072,11.470588235294118,14.294117647058824
3,0,0,1,19.0,7147.8207466994445,17550.975819667787,11.401960784313726,12.686274509803921
3,0,0,2,20.0,8821.141345671063,21713.157373848575,14.480392156862745,14.196078431372548
3,0,0,3,19.0,4642.940143978372,12039.567197513337,7.127450980392157,10.705882352941176
3,0,0,4,15.0,4167.849837200363,10867.08841174932,6.784313725490196,7.8431372549019605
3,0,0,5,19.0,7521.53896271555,19676.437452796727,11.441176470588236,13.627450980392156
3,0,0,6,21.0,10940.733711144157,26986.44268878898,16.07843137254902,16.15686274509804
3,0,0,7,11.0,2338.0542640980107,6108.893942198443,4.578431372549019,5.294117647058823
3,0,0,8,18.0,5451.208464230372,14376.089804917885,8.019607843137255,10.627450980392156
3,0,0,9,20.0,9719.817947618034,24084.025202214525,15.294117647058824,14.784313725490197
3,0,0,10,19.0,7878.649177394162,19348.89626290244,13.019607843137255,13.72549019607843
3,0,0,11,18.0,7245.214116747697,17827.034209677913,11.77450980392157,12.176470588235293
3,0,0,12,19.0,7194.377255548883,18443.351428628222,10.205882352941176,12.803921568627452
3,0,0,13,17.0,4173.814993907047,10877.096374335442,7.617647058823529,8.686274509803921
3,0,0,14,19.0,9514.639367614089,23461.28270411604,14.5,14.352941176470589
3,0,0,15,19.0,8292.293171969435,20870.562124691034,13.176470588235293,13.96078431372549
3,0,0,16,19.0,8786.807535408865,22039.51644135591,13.343137254901961,14.07843137254902
3,0,0,17,20.0,8995.210291647907,23276.969737136882,13.176470588235293,14.843137254901961
3,0,0,18,19.0,6831.7438209579,16867.12408900464,11.147058823529411,12.019607843137255
3,0,0,19,18.0,7117.1224874114905,17693.52320017611,11.705882352941176,12.156862745098039
3,0,0,20,20.0,8693.39144974213,21233.499579196803,14.42156862745098,13.784313725490197
3,0,0,21,16.0,4994.92243989526,12353.208833520821,9.5,9.254901960784315
3,0,0,22,18.0,6098.999750167553,15670.742922908317,9.647058823529411,11.92156862745098
3,0,0,23,17.0,6938.558768671582,17013.811582285358,12.450980392156863,11.745098039215685
3,0,0,24,15.0,5978.647350013864,14956.95722394916,10.735294117647058,10.529411764705882
3,0,0,25,18.0,7809.161875087058,19668.12074209399,12.196078431372548,12.941176470588236
3,0,0,26,19.0,9230.297406661319,22862.814629998193,14.431372549019608,14.764705882352942
3,0,0,27,16.0,5175.657208402826,13975.613603834234,8.186274509803921,10.411764705882353
3,0,0,28,21.0,10237.36023994869,25635.049984962152,15.862745098039216,15.549019607843137
3,0,0,29,0.0,1672.5999993059636,4150.019660169363,3.843137254901961,3.196078431372549
3,0,0,30,19.0,9031.535362348244,22579.337458317554,14.372549019607844,14.196078431372548
3,0,0,31,16.0,5964.578050733374,14601.251562111614,10.803921568627452,10.529411764705882
3,0,0,32,19.0,7459.335900452492,18348.84799190209,11.911764705882353,12.156862745098039
3,0,0,33,14.0,3177.563293106411,7865.2385726344255,6.411764705882353,6.745098039215686
3,0,0,34,18.0,8276.69410294563,20260.24057014734,13.5,13.098039215686274
3,0,0,35,20.0,9311.672531766713,23212.683508783884,14.470588235294118,14.823529411764707
3,0,0,36,18.0,6912.680842341854,17802.143952246504,10.950980392156863,12.588235294117647
3,0,0,37,14.0,3525.640512670717,9698.342592152494,6.127450980392157,7.7254901960784315
3,0,0,38,20.0,8465.195895549154,20896.661587238443,13.401960784313726,13.529411764705882
3,0,0,39,14.0,5150.546163615901,12395.169619834574,9.931372549019608,8.92156862745098
3,0,0,40,12.0,3256.567107543058,9022.40283955641,5.127450980392157,7.431372549019608
3,0,0,41,15.0,3323.696116804966,8430.361407794247,5.754901960784314,7.196078431372549
3,0,0,42,20.0,5921.304385402334,15730.554642930414,8.166666666666666,11.431372549019608
3,0,0,43,20.0,9652.468101528308,23721.38858374939,14.911764705882353,14.803921568627452
3,0,0,44,18.0,7741.167640319087,18866.377933753756,13.254901960784315,12.254901960784315
3,0,0,45,11.0,3190.8624882285067,8216.557321892464,6.490196078431373,7.588235294117647
3,0,0,46,13.0,3960.6051475112126,9610.104808081454,8.117647058823529,7.627450980392157
3,0,0,47,19.0,6726.310388444226,17344.743557065638,10.303921568627452,13.352941176470589
3,0,0,48,18.0,6690.295765920776,17542.758557728637,10.098039215686274,12.529411764705882
3,0,0,49,19.0,5600.497658768745,14845.188822404512,7.980392156862745,11.196078431372548
3,0,0,50,19.0,8902.87574351222,21835.73206314463,13.558823529411764,13.784313725490197
3,0,0,51,19.0,5348.099123601475,14185.936487044952,7.784313725490196,11.117647058823529
3,0,0,52,19.0,7224.049115137037,18772.62287597447,10.833333333333334,13.117647058823529
3,0,0,53,19.0,5652.208784283294,14559.992371328257,8.313725490196079,10.941176470588236
3,0,0,54,21.0,10652.257009062872,26604.770848251133,15.803921568627452,15.882352941176471
3,0,0,55,15.0,3245.0302889202108,8214.808527609808,5.509803921568627,7.372549019607843
3,0,0,56,14.0,4484.124731564033,11580.360539514124,7.313725490196078,8.588235294117647
3,0,0,57,7.0,1738.2875881553123,4648.106244678484,3.5784313725490198,4.313725490196078
3,0,0,58,18.0,6671.838125294226,16223.211480284133,11.519607843137255,11.72549019607843
3,0,0,59,17.0,4819.922675229841,12803.125557688832,6.7745098039215685,9.215686274509803
3,0,1,0,15.0,3036.963829249263,8502.462847067889,5.705882352941177,4.333333333333333
3,0,1,1,0.0,1117.3829885509786,2364.6063511828934,3.3627450980392157,0.4117647058823529
3,0,1,2,0.0,2069.082124123549,4528.72946597606,5.813725490196078,1.0196078431372548
3,0,1,3,0.0,379.9032075836679,917.0905301347553,1.5588235294117647,0.19607843137254902
3,0,1,4,0.0,1068.4978382160953,2807.288725162534,2.980392156862745,0.9019607843137255
3,0,1,5,13.0,2551.563278397961,6940.2886663928,5.382352941176471,4.431372549019608
3,0,1,6,16.0,3748.4910510374093,9288.202666780977,8.196078431372548,5.333333333333333
3,0,1,7,0.0,568.6443833643425,1298.8987316839705,1.6274509803921569,1.0
3,0,1,8,0.0,898.497317484333,2501.669221931421,1.9901960784313726,1.0784313725490196
3,0,1,9,8.0,1910.604370870346,4623.8740129800735,5.53921568627451,1.6862745098039216
3,0,1,10,6.0,1807.2421722197323,4265.882364055093,4.803921568627451,2.235294117647059
3,0,1,11,7.0,1629.6606047901082,4094.8040608262863,4.4411764705882355,1.803921568627451
3,0,1,12,6.0,1348.219080759166,3745.9057754407545,2.735294117647059,1.7058823529411764
3,0,1,13,0.0,1423.7502734619984,3619.3418042057215,3.5392156862745097,2.549019607843137
3,0,1,14,15.0,2936.2878353801893,6824.193190032991,6.7254901960784315,2.627450980392157
3,0,1,15,0.0,1069.4997960355854,2808.4036204339513,3.5686274509803924,1.1176470588235294
3,0,1,16,12.0,2575.6431663357116,7018.78449980559,5.215686274509804,3.392156862745098
3,0,1,17,11.0,2492.468380867059,6889.874119548673,5.382352941176471,3.1372549019607843
3,0,1,18,1.0,1652.2920986921836,3571.03629524598,4.147058823529412,1.5294117647058822
3,0,1,19,8.0,1850.5033579266508,4377.92041019362,4.911764705882353,1.6470588235294117
3,0,1,20,12.0,2037.5750142509096,4692.519056659402,6.117647058823529,1.6470588235294117
3,0,1,21,0.0,1609.4253046211065,3433.6863940614626,4.1568627450980395,1.3333333333333333
3,0,1,22,0.0,1102.1753047627953,2851.666083638773,2.4901960784313726,1.4901960784313726
3,0,1,23,0.0,1863.2291037056955,4020.4529257947634,5.0588235294117645,1.0784313725490196
3,0,1,24,0.0,1330.3171946897676,2866.6413401181435,3.9607843137254903,0.6274509803921569
3,0,1,25,0.0,856.1074680683276,2541.484665395902,2.5392156862745097,0.6470588235294118
3,0,1,26,10.0,2090.4108163502774,4837.0590451548605,5.735294117647059,2.0588235294117645
3,0,1,27,0.0,736.6932703810005,2151.0197996945744,1.9411764705882353,0.5686274509803921
3,0,1,28,14.0,2739.19343853218,6713.735884854203,6.754901960784314,2.549019607843137
3,0,1,29,0.0,531.2516122121071,1200.784995298769,1.7647058823529411,0.5490196078431373
3,0,1,30,12.0,2741.719257783697,6507.860722696741,6.823529411764706,2.2941176470588234
3,0,1,31,0.0,1329.2974661203625,2819.7169647750343,3.9019607843137254,0.8627450980392157
3,0,1,32,0.0,1417.7161249171033,3143.1871951945677,4.127450980392157,0.5686274509803921
3,0,1,33,0.0,82.24571942198189,206.10344136254173,0.37254901960784315,0.0
3,0,1,34,9.0,2154.953374494779,4776.465651381772,5.862745098039215,1.5490196078431373
3,0,1,35,5.0,1791.2762267437988,4778.651357624884,4.735294117647059,2.2549019607843137
3,0,1,36,8.0,2279.576556036681,5898.663563953471,5.088235294117647,3.0784313725490198
3,0,1,37,0.0,774.5361135583277,2634.7550847074313,2.0784313725490198,1.2941176470588236
3,0,1,38,10.0,2156.725214078694,5127.491554245867,4.950980392156863,2.0392156862745097
3,0,1,39,0.0,1343.0032632405587,2934.9309790109737,3.8823529411764706,0.5098039215686274
3,0,1,40,0.0,405.3172417981734,1413.4423201662134,0.8627450980392157,0.6078431372549019
3,0,1,41,0.0,553.5019984761013,1546.0317095716964,1.7843137254901962,0.4117647058823529
3,0,1,42,6.0,1567.9639441269796,4550.831421946512,2.784313725490196,2.549019607843137
3,0,1,43,15.0,3056.399259623818,7365.930519943749,7.2254901960784315,3.5098039215686274
3,0,1,44,1.0,2011.1919638359195,4281.607636120958,5.46078431372549,1.2156862745098038
3,0,1,45,0.0,618.9687048513858,1608.8356737891004,2.1372549019607843,0.7254901960784313
3,0,1,46,0.0,1035.2339923924042,2547.6067905786667,2.7549019607843137,1.392156862745098
3,0,1,47,0.0,1384.7200186689552,3780.0684504038027,2.872549019607843,1.8823529411764706
3,0,1,48,0.0,899.8922902365598,2914.4497247267946,2.4411764705882355,1.0784313725490196
3,0,1,49,4.0,1541.73947374694,4451.624299202443,3.0392156862745097,2.2941176470588234
3,0,1,50,9.0,2410.756363836993,5571.244422373118,5.411764705882353,2.235294117647059
3,0,1,51,0.0,293.2315048980232,849.7318534899731,0.8333333333333334,0.0
3,0,1,52,0.0,1033.743276798159,3231.120798631885,2.8529411764705883,1.4509803921568627
3,0,1,53,0.0,1102.1403415391696,2875.513028442062,2.6862745098039214,1.3529411764705883
3,0,1,54,16.0,3587.645765298689,9068.486479808187,7.823529411764706,4.784313725490196
3,0,1,55,0.0,542.358302657517,1395.9144591516272,1.4901960784313726,0.19607843137254902
3,0,1,56,0.0,614.0758487643018,1634.498823424513,1.7843137254901962,0.35294117647058826
3,0,1,57,0.0,282.5404505849153,588.9686986889196,1.2254901960784315,0.0
3,0,1,58,3.0,1631.7751865602588,3771.9564849975136,4.205882352941177,1.1372549019607843
3,0,1,59,0.0,1041.7609344775258,3060.3703012959304,2.343137254901961,1.2549019607843137
3,0,2,0,0.0,1346.3691946823299,3788.054498383585,2.872549019607843,0.6666666666666666
3,0,2,1,0.0,724.9448645701539,1518.225188038719,2.5686274509803924,0.0
3,0,2,2,0.0,1692.8686456601895,3608.8267000223946,5.098039215686274,0.6470588235294118
3,0,2,3,0.0,229.6171412116476,611.4157512168096,1.2450980392156863,0.0
3,0,2,4,0.0,508.8008800153341,1202.5722006320455,1.6372549019607843,0.09803921568627451
3,0,2,5,0.0,623.7617191394158,1779.882930385935,2.1372549019607843,0.7058823529411765
3,0,2,6,0.0,1232.0906272791358,3158.3126316543444,3.8627450980392157,0.0
3,0,2,7,0.0,284.39834705035526,773.4277991190211,1.4411764705882353,0.3333333333333333
3,0,2,8,0.0,380.09319371431957,970.1843958464402,0.8921568627450981,0.3333333333333333
3,0,2,9,0.0,796.6004490716081,1903.6722252882078,3.0588235294117645,0.5098039215686274
3,0,2,10,0.0,680.760646920536,1713.7512635308435,2.676470588235294,0.09803921568627451
3,0,2,11,0.0,488.3097266308377,1311.4260916444591,2.088235294117647,0.29411764705882354
3,0,2,12,0.0,265.0387734116664,776.4900340431623,1.107843137254902,0.0
3,0,2,13,0.0,704.814956177243,1829.6966058535506,2.3333333333333335,0.6078431372549019
3,0,2,14,0.0,1695.9330125183792,3821.125327800462,4.166666666666667,0.6078431372549019
3,0,2,15,0.0,258.7067386389404,688.0120841240928,1.3235294117647058,0.0
3,0,2,16,0.0,1037.5269189594799,2856.474031671563,3.3137254901960786,0.21568627450980393
3,0,2,17,0.0,805.0349504976944,2547.9730034061777,2.519607843137255,0.7058823529411765
3,0,2,18,0.0,1097.0336295566076,2213.8841993504698,3.156862745098039,0.5294117647058824
3,0,2,19,0.0,550.3886345347222,1236.5008988416523,2.323529411764706,0.09803921568627451
3,0,2,20,0.0,1343.0693016518308,3007.0431331167074,4.215686274509804,0.8627450980392157
3,0,2,21,0.0,1242.996699131469,2482.0555071917606,3.0686274509803924,0.9607843137254902
3,0,2,22,0.0,0.24555779374848785,1.7325759991689227,0.0,0.0
3,0,2,23,0.0,1614.0826499299994,3412.295825889104,4.480392156862745,0.6862745098039216
3,0,2,24,0.0,813.7970437817108,1713.0257950176178,2.911764705882353,0.0
3,0,2,25,0.0,578.6211853390288,1701.163337901311,2.235294117647059,0.0
3,0,2,26,0.0,841.7164515694933,2034.9225751620083,3.303921568627451,0.19607843137254902
3,0,2,27,0.0,234.86795050573173,667.5754395193726,0.8529411764705882,0.0
3,0,2,28,0.0,1440.6149933674217,3326.1905989329666,4.7745098039215685,0.11764705882352941
3,0,2,29,0.0,330.26293283317324,647.6884736228398,1.1862745098039216,0.0
3,0,2,30,0.0,1298.8154135663365,2838.9446053247025,3.8627450980392157,0.6078431372549019
3,0,2,31,0.0,541.5608169262651,1185.1506333127393,2.019607843137255,0.13725490196078433
3,0,2,32,0.0,586.1622866268665,1261.383342415983,2.235294117647059,0.0
3,0,2,33,0.0,81.08786634249381,203.07087630947382,0.37254901960784315,0.0
3,0,2,34,0.0,1239.196268478199,2679.622518894234,4.1568627450980395,0.7450980392156863
3,0,2,35,0.0,1079.360546147593,2755.099930011517,3.7254901960784315,0.6666666666666666
3,0,2,36,0.0,1215.014616422015,3464.9840174674105,3.5098039215686274,0.9411764705882353
3,0,2,37,0.0,400.8450946234391,1390.0962545002178,1.4509803921568627,0.27450980392156865
3,0,2,38,0.0,842.934040120985,1741.768851116968,2.7450980392156863,0.17647058823529413
3,0,2,39,0.0,1156.8572215829163,2440.3826060770884,3.156862745098039,0.4117647058823529
3,0,2,40,0.0,52.91509607888791,213.5972275833556,0.3333333333333333,0.0
3,0,2,41,0.0,267.86097214628285,800.8416631257287,1.1862745098039216,0.0
3,0,2,42,0.0,453.6624656503867,1326.483610152195,1.3333333333333333,0.0
3,0,2,43,0.0,1708.734315944538,4072.697109878643,4.872549019607843,0.5490196078431373
3,0,2,44,0.0,997.670603346447,2219.811180153996,3.1372549019607843,0.0
3,0,2,45,0.0,442.0044093394175,1255.178087734247,1.9411764705882353,0.29411764705882354
3,0,2,46,0.0,553.8062238996469,1395.7731151212192,1.6568627450980393,0.4117647058823529
3,0,2,47,0.0,723.7348992542375,2158.0714138920152,1.7058823529411764,0.5686274509803921
3,0,2,48,0.0,332.4223562659274,1022.9513041323611,1.1568627450980393,0.0
3,0,2,49,0.0,569.2213669187742,1766.427284812622,1.7549019607843137,0.3333333333333333
3,0,2,50,0.0,1364.216655451213,3008.614169303637,3.8823529411764706,0.7058823529411765
3,0,2,51,0.0,84.24408371265812,274.6156407238796,0.5392156862745098,0.0
3,0,2,52,0.0,594.1326891874141,1773.5714375979114,1.8823529411764706,0.11764705882352941
3,0,2,53,0.0,268.1768875432071,693.6822332868066,0.8725490196078431,0.3333333333333333
3,0,2,54,1.0,1616.2454858848807,3782.9609730015827,4.53921568627451,0.8431372549019608
3,0,2,55,0.0,271.46096028020725,690.4656754113524,1.0196078431372548,0.0
3,0,2,56,0.0,48.919813672816524,95.5593477205469,0.16666666666666666,0.0
3,0,2,57,0.0,107.36958448919056,218.49522662478813,0.4803921568627451,0.0
3,0,2,58,0.0,1138.5352458120715,2479.7799445092114,3.4313725490196076,0.5098039215686274
3,0,2,59,0.0,373.3980092291825,1119.0562517313995,1.1176470588235294,0.29411764705882354
3,0,3,0,0.0,360.59784644660294,1126.7382859520524,0.803921568627451,0.09803921568627451
3,0,3,1,0.0,709.9129206045907,1479.6786400035962,2.4705882352941178,0.0
3,0,3,2,0.0,973.5564915169849,2034.0607759364407,3.6862745098039214,0.0
3,0,3,3,0.0,161.5044752619126,439.36557241097637,0.9313725490196079,0.0
3,0,3,4,0.0,328.2656364704902,755.2527550159391,1.0686274509803921,0.0
3,0,3,5,0.0,497.2739668568008,1365.926796166168,1.7352941176470589,0.3333333333333333
3,0,3,6,0.0,663.3504259118102,1741.3841899171553,2.4019607843137254,0.0
3,0,3,7,0.0,257.05472458080044,727.1124838791669,1.2843137254901962,0.3333333333333333
3,0,3,8,0.0,310.3914438906181,835.0495437344832,0.7745098039215687,0.3333333333333333
3,0,3,9,0.0,441.2036984015469,1131.677704703351,2.1470588235294117,0.09803921568627451
3,0,3,10,0.0,602.6982081576294,1468.6275110961496,2.1470588235294117,0.19607843137254902
3,0,3,11,0.0,357.98293367185744,924.070233450998,1.5588235294117647,0.19607843137254902
3,0,3,12,0.0,210.25534992857533,638.5247161402754,1.0,0.0
3,0,3,13,0.0,412.8076671147517,1160.177141092489,1.7843137254901962,0.13725490196078433
3,0,3,14,0.0,1310.1485909635649,2900.083990342319,3.519607843137255,0.3333333333333333
3,0,3,15,0.0,258.7067386389404,688.0120841240928,1.3235294117647058,0.0
3,0,3,16,0.0,701.6291730191203,1912.2500245829551,2.480392156862745,0.0
3,0,3,17,0.0,507.8326983649099,1659.4728826722207,2.1372549019607843,0.0
3,0,3,18,0.0,209.02665036674452,411.32179727684013,0.6470588235294118,0.0
3,0,3,19,0.0,349.78860787505624,809.2033995324073,1.5588235294117647,0.0
3,0,3,20,0.0,695.3639391816462,1764.2330207241857,2.627450980392157,0.19607843137254902
3,0,3,21,0.0,691.9394631666372,1350.1589019584255,2.156862745098039,0.3333333333333333
3,0,3,22,0.0,0.24555779374848785,1.7325759991689227,0.0,0.0
3,0,3,23,0.0,1078.3597864349847,2222.4343817164677,3.4215686274509802,0.43137254901960786
3,0,3,24,0.0,477.2510562396514,1063.0563219462842,2.0,0.0
3,0,3,25,0.0,351.20908749626915,1031.2309525256785,1.4509803921568627,0.0
3,0,3,26,0.0,392.08986024607447,972.6044738983435,2.019607843137255,0.0
3,0,3,27,0.0,162.48221998502893,359.47463496576114,0.6862745098039216,0.0
3,0,3,28,0.0,823.0060244204327,1839.6731880168634,2.980392156862745,0.0
3,0,3,29,0.0,221.15669635494052,439.3375992624528,0.9313725490196079,0.0
3,0,3,30,0.0,709.8569535879376,1525.893400682817,2.2254901960784315,0.09803921568627451
3,0,3,31,0.0,345.1165652253453,719.5000581265851,1.2941176470588236,0.0
3,0,3,32,0.0,283.1787189078212,621.3111190304652,1.3137254901960784,0.0
3,0,3,33,0.0,41.16353615573822,91.28240239288135,0.20588235294117646,0.0
3,0,3,34,0.0,573.0494322398187,1294.3842649484825,2.2745098039215685,0.0
3,0,3,35,0.0,542.0814548825228,1369.90095581299,2.627450980392157,0.0
3,0,3,36,0.0,980.7598917233936,2819.5581317503907,2.803921568627451,0.803921568627451
3,0,3,37,0.0,294.89060661815,1061.3505203696473,1.4509803921568627,0.27450980392156865
3,0,3,38,0.0,514.2517295726378,991.7055144586981,1.803921568627451,0.058823529411764705
3,0,3,39,0.0,620.3076384579375,1176.9330470767827,1.7058823529411764,0.058823529411764705
3,0,3,40,0.0,31.38522632087608,161.2200056228386,0.16666666666666666,0.0
3,0,3,41,0.0,223.556285246445,577.9200106915637,0.8725490196078431,0.0
3,0,3,42,0.0,358.8412333290165,996.3822530799989,1.107843137254902,0.0
3,0,3,43,0.0,739.5033348858377,1792.6478134978279,2.127450980392157,0.23529411764705882
3,0,3,44,0.0,633.2633342643766,1492.8715522124776,2.2254901960784315,0.0
3,0,3,45,0.0,351.06772094749823,1072.1866001591713,1.892156862745098,0.09803921568627451
3,0,3,46,0.0,452.20778676617016,1109.6947619206421,1.3725490196078431,0.4117647058823529
3,0,3,47,0.0,392.75930573694694,1219.2508674447154,1.3823529411764706,0.0
3,0,3,48,0.0,103.35941006190028,371.344090392276,0.4803921568627451,0.0
3,0,3,49,0.0,348.1979088173021,977.835509239735,1.088235294117647,0.3333333333333333
3,0,3,50,0.0,856.6075676721728,1888.6834307580457,2.784313725490196,0.37254901960784315
3,0,3,51,0.0,38.25388322196303,185.39831956364722,0.37254901960784315,0.0
3,0,3,52,0.0,373.88902404221824,1081.3624397133933,1.2352941176470589,0.0
3,0,3,53,0.0,159.99619023958437,413.50230128475664,0.37254901960784315,0.3333333333333333
3,0,3,54,0.0,623.8534875009232,1324.5808897544648,2.196078431372549,0.0
3,0,3,55,0.0,253.77902425580385,615.4167865079015,0.8529411764705882,0.0
3,0,3,56,0.0,48.632002624965196,94.30518542922012,0.16666666666666666,0.0
3,0,3,57,0.0,53.907766726242286,135.63119061198643,0.3333333333333333,0.0
3,0,3,58,0.0,488.779791163215,1061.3323177443856,1.9313725490196079,0.0
3,0,3,59,0.0,158.56129619866417,511.114299061516,0.6470588235294118,0.09803921568627451
3,0,4,0,0.0,282.01277934571124,875.1797870917896,0.46078431372549017,0.0
3,0,4,1,0.0,562.8368114014083,1130.2042417760274,1.7549019607843137,0.0
3,0,4,2,0.0,270.3462010013668,658.3481704702754,1.4313725490196079,0.0
3,0,4,3,0.0,131.7387599837256,315.8600446337012,0.696078431372549,0.0
3,0,4,4,0.0,285.52855460871393,670.4818163395859,0.8823529411764706,0.0
3,0,4,5,0.0,496.808526891567,1364.5054116472982,1.7156862745098038,0.3333333333333333
3,0,4,6,0.0,562.6550201964889,1407.2918850126186,1.9607843137254901,0.0
3,0,4,7,0.0,256.4885682306549,723.5565330877155,1.2745098039215685,0.3333333333333333
3,0,4,8,0.0,259.3016687078659,678.1502415046804,0.6274509803921569,0.3333333333333333
3,0,4,9,0.0,375.352625028624,1040.115653938961,2.0098039215686274,0.0
3,0,4,10,0.0,493.3749184215019,1196.040079849831,1.7549019607843137,0.09803921568627451
3,0,4,11,0.0,325.4566941275624,810.4760404439546,1.3627450980392157,0.09803921568627451
3,0,4,12,0.0,183.3968343267042,555.6229259860447,1.0,0.0
3,0,4,13,0.0,357.51302564768804,1073.2014150735822,1.6274509803921569,0.13725490196078433
3,0,4,14,0.0,1093.7023093734367,2414.153305405712,2.676470588235294,0.3333333333333333
3,0,4,15,0.0,258.7067386389404,688.0120841240928,1.3235294117647058,0.0
3,0,4,16,0.0,531.1838320516223,1386.3099389829351,1.803921568627451,0.0
3,0,4,17,0.0,422.2202950631945,1393.5713239232396,1.8137254901960784,0.0
3,0,4,18,0.0,209.02665036674452,411.32179727684013,0.6470588235294118,0.0
3,0,4,19,0.0,279.97353578908775,657.9979647125239,1.3235294117647058,0.0
3,0,4,20,0.0,303.5441828344673,907.9249062485086,1.0,0.0
3,0,4,21,0.0,525.9159015401074,1046.0328170613,1.6764705882352942,0.3333333333333333
3,0,4,22,0.0,0.24555779374848785,1.7325759991689227,0.0,0.0
3,0,4,23,0.0,565.1561599893882,1231.3553043623112,2.1470588235294117,0.0
3,0,4,24,0.0,344.6689069927109,697.6623358475091,1.303921568627451,0.0
3,0,4,25,0.0,213.20663403901142,501.5042729385442,0.8529411764705882,0.0
3,0,4,26,0.0,345.63898926319615,861.1515415445759,1.7941176470588236,0.0
3,0,4,27,0.0,162.48221998502893,359.47463496576114,0.6862745098039216,0.0
3,0,4,28,0.0,530.0138600287682,1294.6532276910793,2.2254901960784315,0.0
3,0,4,29,0.0,189.0236914005171,378.33220095079827,0.7941176470588235,0.0
3,0,4,30,0.0,508.10045181824427,1118.0164674965174,1.5098039215686274,0.0
3,0,4,31,0.0,237.37861011791162,499.9844306535029,0.9215686274509803,0.0
3,0,4,32,0.0,226.07114032921046,515.1714131327657,1.1274509803921569,0.0
3,0,4,33,0.0,41.16353615573822,91.2824023928814,0.20588235294117646,0.0
3,0,4,34,0.0,273.4849773047825,713.5379809002022,1.2549019607843137,0.0784313725490196
3,0,4,35,0.0,477.42200073131664,1211.0507788098757,2.3333333333333335,0.0
3,0,4,36,0.0,677.7571348543592,2026.0134341539995,2.0980392156862746,0.5098039215686274
3,0,4,37,0.0,294.89060661814995,1061.3505203696473,1.4509803921568627,0.27450980392156865
3,0,4,38,0.0,323.7987483024382,591.8612333408262,1.0098039215686274,0.0
3,0,4,39,0.0,492.33019733274335,991.8101595765716,1.3823529411764706,0.0
3,0,4,40,0.0,31.38522632087608,161.2200056228386,0.16666666666666666,0.0
3,0,4,41,0.0,223.556285246445,577.9200106915637,0.8725490196078431,0.0
3,0,4,42,0.0,285.102492697541,754.0207919454294,0.6666666666666666,0.0
3,0,4,43,0.0,349.87766401463404,702.1880579053577,0.9215686274509803,0.0
3,0,4,44,0.0,550.8306407733357,1308.4880809141052,1.9215686274509804,0.0
3,0,4,45,0.0,329.03813571967174,1030.0461999587967,1.8431372549019607,0.0
3,0,4,46,0.0,418.86449964613445,1001.6322295196228,1.2254901960784315,0.4117647058823529
3,0,4,47,0.0,364.9438877499574,1145.034772862136,1.1568627450980393,0.0
3,0,4,48,0.0,103.35941006190028,371.344090392276,0.4803921568627451,0.0
3,0,4,49,0.0,251.51953240198694,741.1298692678695,0.9019607843137255,0.3333333333333333
3,0,4,50,0.0,600.3057425308644,1335.6847129509447,2.019607843137255,0.37254901960784315
3,0,4,51,0.0,38.25388322196303,185.39831956364722,0.37254901960784315,0.0
3,0,4,52,0.0,363.2843678941008,1006.5394318943609,1.0980392156862746,0.0
3,0,4,53,0.0,159.99619023958437,413.50230128475664,0.37254901960784315,0.3333333333333333
3,0,4,54,0.0,530.3580127991376,1157.4339663053122,1.9509803921568627,0.0
3,0,4,55,0.0,234.04342876099727,567.7212521748863,0.7058823529411765,0.0
3,0,4,56,0.0,48.632002624965196,94.30518542922012,0.16666666666666666,0.0
3,0,4,57,0.0,53.907766726242286,135.63119061198643,0.3333333333333333,0.0
3,0,4,58,0.0,337.4895823086654,762.6370833820018,1.4607843137254901,0.0
3,0,4,59,0.0,84.77624529379838,308.4148504452351,0.3137254901960784,0.0
3,1,0,0,20.0,12886.705404810536,33088.540539986454,13.558823529411764,16.294117647058822
3,1,0,1,19.0,10899.639065573045,26521.26270532612,13.950980392156863,14.803921568627452
3,1,0,2,20.0,13189.24808632458,32003.723577978886,16.5,15.882352941176471
3,1,0,3,19.0,7422.944246524252,18694.494774988492,9.519607843137255,12.784313725490197
3,1,0,4,16.0,7710.856652797433,19688.57875528898,9.882352941176471,11.745098039215685
3,1,0,5,20.0,11839.218786236132,30249.725225708953,13.186274509803921,15.607843137254902
3,1,0,6,21.0,16181.19497682817,39672.70980263472,17.607843137254903,17.705882352941178
3,1,0,7,15.0,6040.591450478427,15172.902037812612,9.107843137254902,11.098039215686274
3,1,0,8,19.0,9440.162880773136,24028.119649791282,11.107843137254902,13.784313725490197
3,1,0,9,20.0,14307.994301018802,35105.71174200325,16.92156862745098,16.84313725490196
3,1,0,10,19.0,11721.055530381871,28573.504962644314,14.784313725490197,15.333333333333334
3,1,0,11,19.0,10787.919435202324,26457.837714215613,13.813725490196079,13.92156862745098
3,1,0,12,19.0,10876.655151719107,27448.674614048887,12.176470588235293,14.745098039215685
3,1,0,13,17.0,7070.655198829139,18063.487402369978,10.362745098039216,11.784313725490197
3,1,0,14,20.0,14078.707427407726,34597.01913538255,16.5,16.41176470588235
3,1,0,15,19.0,12593.124503129919,31248.76259713853,15.186274509803921,16.294117647058822
3,1,0,16,20.0,13199.689160309788,32817.639832459754,14.941176470588236,16.294117647058822
3,1,0,17,20.0,13782.789620016265,34819.70592591399,15.352941176470589,16.647058823529413
3,1,0,18,19.0,11381.583382158842,27555.24509498819,14.117647058823529,14.764705882352942
3,1,0,19,19.0,11056.167679916005,27336.768448869683,13.96078431372549,14.352941176470589
3,1,0,20,20.0,13535.547617641401,32976.648050296644,16.529411764705884,16.137254901960784
3,1,0,21,17.0,8514.92652358143,20811.439658904113,12.323529411764707,12.509803921568627
3,1,0,22,18.0,9419.856710112299,23799.196779066107,11.5,13.941176470588236
3,1,0,23,18.0,10282.327964335333,25068.133371290234,14.529411764705882,13.686274509803921
3,1,0,24,16.0,10025.335345818527,24682.52169610833,13.529411764705882,13.431372549019608
3,1,0,25,18.0,10779.273662135141,26905.945286369995,13.588235294117647,14.27450980392157
3,1,0,26,20.0,14002.656443382235,34466.83023073117,16.519607843137255,16.725490196078432
3,1,0,27,17.0,8989.075334131448,22971.7108522227,11.72549019607843,13.196078431372548
3,1,0,28,21.0,15294.155666868666,37919.62633737919,17.392156862745097,17.294117647058822
3,1,0,29,9.0,2362.293800475915,5977.974336346986,4.549019607843137,4.8431372549019605
3,1,0,30,20.0,13743.223514171825,33956.36776529046,16.323529411764707,16.41176470588235
3,1,0,31,17.0,9248.324594984679,22399.819595503763,13.019607843137255,12.803921568627452
3,1,0,32,19.0,11409.377908155438,27820.059396760178,14.166666666666666,14.431372549019608
3,1,0,33,15.0,5285.415948661582,12962.52896820156,8.558823529411764,9.803921568627452
3,1,0,34,19.0,11998.449374578913,29449.54062124777,15.401960784313726,15.235294117647058
3,1,0,35,20.0,13926.830398905558,34431.90230137913,16.19607843137255,16.352941176470587
3,1,0,36,19.0,11308.03200105934,28412.386693214787,14.0,15.372549019607844
3,1,0,37,15.0,5621.8807374154285,14835.994446136248,7.96078431372549,10.098039215686274
3,1,0,38,20.0,13086.442225471974,32072.768656742282,15.549019607843137,15.705882352941176
3,1,0,39,16.0,8203.02643529514,19765.12460948658,12.235294117647058,11.588235294117647
3,1,0,40,15.0,6307.384371770644,16361.189698362296,9.03921568627451,10.607843137254902
3,1,0,41,18.0,8722.803226278607,21594.268059809656,11.980392156862745,13.294117647058824
3,1,0,42,20.0,10451.126326223992,27077.851593536954,11.372549019607844,14.882352941176471
3,1,0,43,20.0,14523.624148363793,35620.03298317796,16.725490196078432,16.705882352941178
3,1,0,44,19.0,12029.022719064295,29367.22626817401,15.617647058823529,14.941176470588236
3,1,0,45,14.0,7454.545579851064,18611.01434747247,11.470588235294118,12.058823529411764
3,1,0,46,16.0,7425.54999344909,18351.812075413225,11.57843137254902,11.607843137254902
3,1,0,47,20.0,11431.53995268172,28468.612848845583,13.480392156862745,15.509803921568627
3,1,0,48,19.0,9962.13609075238,25903.335589656144,11.92156862745098,14.176470588235293
3,1,0,49,20.0,9179.41379612505,23728.70743536569,10.333333333333334,13.431372549019608
3,1,0,50,20.0,12930.73071322382,31473.6288164091,15.264705882352942,15.411764705882353
3,1,0,51,19.0,9044.995814732289,22910.89096050783,10.656862745098039,13.294117647058824
3,1,0,52,19.0,11189.01177806063,28342.793700591177,13.049019607843137,15.352941176470589
3,1,0,53,19.0,8691.252963573852,21877.894073616597,10.441176470588236,12.803921568627452
3,1,0,54,21.0,15969.186418090383,39490.390950967674,17.372549019607842,17.725490196078432
3,1,0,55,17.0,6656.6325680580885,16824.518646131073,9.529411764705882,12.019607843137255
3,1,0,56,16.0,7074.205811343498,18124.907626256943,9.813725490196079,11.411764705882353
3,1,0,57,13.0,4815.665048645381,12102.7764283317,8.156862745098039,8.745098039215685
3,1,0,58,19.0,10429.689854719772,25170.78810529073,13.813725490196079,13.882352941176471
3,1,0,59,17.0,7743.334310137136,20110.609353598327,9.117647058823529,11.862745098039216
3,1,1,0,16.0,5828.215505915735,15581.916976484546,8.754901960784315,8.980392156862745
3,1,1,1,8.0,2378.9920101401535,5355.7482947476265,5.607843137254902,2.0392156862745097
3,1,1,2,13.0,4400.624217124416,10155.516222112125,9.215686274509803,4.9411764705882355
3,1,1,3,0.0,520.9014431884673,1236.1191334257658,1.8333333333333333,0.5294117647058824
3,1,1,4,7.0,1611.1007742140714,4288.025194157633,3.8529411764705883,1.9607843137254901
3,1,1,5,14.0,3866.526375975243,10296.840081173987,7.0588235294117645,6.549019607843137
3,1,1,6,17.0,7353.943475801749,18167.362215200374,12.245098039215685,10.019607843137255
3,1,1,7,0.0,1137.3148691919225,2733.9629222777244,2.7058823529411766,2.019607843137255
3,1,1,8,8.0,2055.266507451379,5481.822271774337,3.843137254901961,3.9411764705882355
3,1,1,9,12.0,3206.0576494492216,7902.249804212697,7.686274509803922,4.2745098039215685
3,1,1,10,11.0,3088.8691128318947,7402.897624097483,6.803921568627451,4.529411764705882
3,1,1,11,11.0,3153.5706179321132,7905.934225671862,6.745098039215686,4.607843137254902
3,1,1,12,8.0,1933.1663539106387,5230.925573634605,3.676470588235294,2.980392156862745
3,1,1,13,10.0,2820.541383050417,7288.567947019372,5.666666666666667,5.254901960784314
3,1,1,14,16.0,5908.252465024508,14400.730830882108,10.754901960784315,8.235294117647058
3,1,1,15,7.0,1817.3999527963074,4754.969870158465,4.696078431372549,2.823529411764706
3,1,1,16,15.0,5073.83625547566,13406.822321695847,8.176470588235293,7.901960784313726
3,1,1,17,14.0,4490.464856049173,12216.046428590009,8.235294117647058,7.137254901960785
3,1,1,18,10.0,3115.2395774210554,7298.890091288474,6.421568627450981,4.509803921568627
3,1,1,19,11.0,3323.641793875783,8255.45986182602,7.264705882352941,4.607843137254902
3,1,1,20,15.0,5230.273420802983,12476.211575058922,10.313725490196079,7.862745098039215
3,1,1,21,10.0,2715.203183935615,6187.86401733187,6.03921568627451,2.8823529411764706
3,1,1,22,8.0,1994.0227413704679,5353.654909480588,3.9607843137254903,3.5686274509803924
3,1,1,23,12.0,3757.5354161245277,8661.601340272427,8.323529411764707,4.2745098039215685
3,1,1,24,9.0,2489.8584010128475,5785.684704354078,5.862745098039215,2.9411764705882355
3,1,1,25,8.0,1903.065665002988,5418.964549610578,4.411764705882353,2.450980392156863
3,1,1,26,11.0,3571.3118658591575,8678.125442680033,7.872549019607843,5.392156862745098
3,1,1,27,3.0,1048.3271787880467,2979.567369817845,2.7745098039215685,0.9607843137254902
3,1,1,28,16.0,5608.496002233474,13751.11315996419,10.696078431372548,7.450980392156863
3,1,1,29,0.0,744.6275487499714,1774.4581161061676,2.235294117647059,0.803921568627451
3,1,1,30,14.0,5288.8904009005555,12976.7875931419,10.147058823529411,7.0588235294117645
3,1,1,31,8.0,2205.265226012702,4869.059275251737,5.5588235294117645,2.0
3,1,1,32,9.0,2558.3330555759167,5984.771724010867,5.950980392156863,2.5686274509803924
3,1,1,33,0.0,142.57450853494876,351.59456925291545,0.49019607843137253,0.17647058823529413
3,1,1,34,13.0,3915.017726714147,9055.163529376774,8.696078431372548,5.215686274509804
3,1,1,35,13.0,4560.861447892935,11539.984098994664,9.431372549019608,7.235294117647059
3,1,1,36,14.0,4630.910031950923,11987.654403818757,8.313725490196079,7.215686274509804
3,1,1,37,6.0,1407.4940143307747,4224.6233581703345,3.2549019607843137,2.3137254901960786
3,1,1,38,13.0,3961.277242425108,9529.600548848184,7.666666666666667,5.411764705882353
3,1,1,39,9.0,2439.452566011583,5508.092726707009,5.852941176470588,1.803921568627451
3,1,1,40,0.0,575.6579300672045,1964.1519492323523,1.1666666666666667,1.0784313725490196
3,1,1,41,8.0,1966.4525264536198,5173.384337759435,4.588235294117647,3.372549019607843
3,1,1,42,9.0,2435.0762625396874,6718.920267418382,3.9019607843137254,4.235294117647059
3,1,1,43,17.0,6649.84035639047,16184.926412236124,11.647058823529411,8.862745098039216
3,1,1,44,12.0,3619.266958999739,8402.327702164761,8.294117647058824,4.333333333333333
3,1,1,45,3.0,1279.1925482054114,3237.8985191709894,3.235294117647059,1.6862745098039216
3,1,1,46,9.0,2196.364792974426,5223.264449406384,5.245098039215686,2.823529411764706
3,1,1,47,13.0,3823.56361712219,9779.33172706356,7.068627450980392,6.450980392156863
3,1,1,48,10.0,2343.241223132319,6746.735960267028,4.892156862745098,4.0588235294117645
3,1,1,49,10.0,2805.6585737137266,7700.002565102543,4.794117647058823,4.647058823529412
3,1,1,50,13.0,4099.26272062364,9775.08887951939,7.882352941176471,5.333333333333333
3,1,1,51,0.0,649.0814863617995,1876.7537958770954,1.5294117647058822,0.5686274509803921
3,1,1,52,9.0,2090.479111534268,6035.227454777507,4.5,3.803921568627451
3,1,1,53,8.0,1983.6855539259775,5107.136772693194,3.8529411764705883,2.607843137254902
3,1,1,54,17.0,6607.90944966763,16552.243568354574,11.549019607843137,9.07843137254902
3,1,1,55,0.0,841.1094295171091,2168.777491407409,2.0686274509803924,0.9019607843137255
3,1,1,56,2.0,829.8415725414404,2224.202437614689,2.343137254901961,0.5686274509803921
3,1,1,57,0.0,464.3116481681832,1133.3431468736778,1.6666666666666667,0.35294117647058826
3,1,1,58,10.0,3371.8800248793905,8113.716845940128,6.980392156862745,4.235294117647059
3,1,1,59,9.0,1948.0611667127243,5558.224432756886,3.450980392156863,2.784313725490196
3,1,2,0,9.0,2133.2970819067286,6138.410748692374,4.196078431372549,1.8627450980392157
3,1,2,1,0.0,996.3537436326326,2052.725530109844,2.9607843137254903,0.17647058823529413
3,1,2,2,7.0,2516.5088142277023,5495.921659126031,6.3431372549019605,1.0980392156862746
3,1,2,3,0.0,269.0236100855683,674.040910359307,1.2941176470588236,0.09803921568627451
3,1,2,4,0.0,722.2577578488888,1835.4459720667203,2.107843137254902,0.37254901960784315
3,1,2,5,5.0,1383.135169029007,3911.4800310791434,3.5784313725490198,2.1176470588235294
3,1,2,6,10.0,2574.251094879395,6571.8604331957595,6.264705882352941,2.607843137254902
3,1,2,7,0.0,428.893972567178,1031.1095070377692,1.5686274509803921,0.6470588235294118
3,1,2,8,0.0,543.5847509576561,1451.7186174254878,1.3235294117647058,0.3333333333333333
3,1,2,9,4.0,1480.4653813183918,3425.677085164846,4.5,1.1176470588235294
3,1,2,10,2.0,1321.113957431538,3115.495806592058,3.8137254901960786,1.2352941176470589
3,1,2,11,0.0,981.92136115545,2317.42819859927,3.1862745098039214,0.6470588235294118
3,1,2,12,0.0,499.62631399590157,1567.7681648066728,1.4705882352941178,0.5490196078431373
3,1,2,13,1.0,1345.3118743638804,3429.9997208817917,3.5098039215686274,1.6666666666666667
3,1,2,14,10.0,2752.1905568320335,6391.708508657401,5.970588235294118,1.9019607843137254
3,1,2,15,0.0,327.8805303581348,835.182176473086,1.5980392156862746,0.0
3,1,2,16,6.0,1527.78006294416,4298.966876656432,4.029411764705882,1.0
3,1,2,17,6.0,1642.5063835294852,4757.399936544131,4.117647058823529,2.0
3,1,2,18,0.0,1532.504404431535,3093.4942594163635,4.029411764705882,0.6666666666666666
3,1,2,19,3.0,1355.0333704081886,3002.6181690733833,4.098039215686274,0.7450980392156863
3,1,2,20,6.0,2082.5888712555493,4751.367743786072,5.794117647058823,1.5686274509803921
3,1,2,21,3.0,1859.1175872281738,3910.7942900087924,4.323529411764706,1.1372549019607843
3,1,2,22,0.0,0.24555779374848785,1.7325759991689227,0.0,0.0
3,1,2,23,9.0,2677.5565158962904,5858.274923904323,6.323529411764706,1.3529411764705883
3,1,2,24,0.0,1410.7443311035015,2973.134135319985,4.009803921568627,0.5294117647058824
3,1,2,25,0.0,814.6501472444321,2390.657347708291,2.5980392156862746,0.1568627450980392
3,1,2,26,2.0,1312.5748667692064,3120.854125965484,4.117647058823529,0.8627450980392157
3,1,2,27,0.0,412.5743649917319,1140.922578958523,1.2156862745098038,0.1568627450980392
3,1,2,28,9.0,2279.393381606029,5408.67175478886,6.098039215686274,1.0196078431372548
3,1,2,29,0.0,381.9409542296567,765.2698046242418,1.392156862745098,0.0
3,1,2,30,7.0,2265.0784522925,5334.33161120377,5.676470588235294,1.3333333333333333
3,1,2,31,0.0,1131.5120552043068,2383.7203482800674,3.5588235294117645,0.6078431372549019
3,1,2,32,0.0,1211.2010718234394,2615.537142476752,3.549019607843137,0.35294117647058826
3,1,2,33,0.0,81.08786634249381,203.07087630947382,0.37254901960784315,0.0
3,1,2,34,7.0,1986.5907319577823,4346.712970296545,5.509803921568627,1.3333333333333333
3,1,2,35,7.0,1932.1723054947183,4980.162457261519,5.254901960784314,2.0392156862745097
3,1,2,36,7.0,2030.1587056962874,5423.560353875775,4.735294117647059,2.215686274509804
3,1,2,37,0.0,617.3646898303465,1988.761096310773,1.8725490196078431,0.6078431372549019
3,1,2,38,3.0,1322.2149624490369,3029.7792417775418,3.7549019607843137,0.9411764705882353
3,1,2,39,3.0,1753.681929983947,3805.3920620581275,4.617647058823529,0.43137254901960786
3,1,2,40,0.0,58.163060484160134,264.2748910251758,0.4215686274509804,0.0
3,1,2,41,0.0,688.8431614612106,1845.0026702224689,2.2549019607843137,0.29411764705882354
3,1,2,42,0.0,681.3991505872958,2024.1011933171296,1.7549019607843137,0.13725490196078433
3,1,2,43,13.0,2589.6698248005514,6346.3070084687715,6.352941176470588,2.0392156862745097
3,1,2,44,2.0,1564.174283137289,3510.2812434961966,4.382352941176471,0.5686274509803921
3,1,2,45,0.0,690.8418685780665,1841.4969629358993,2.4705882352941178,0.6274509803921569
3,1,2,46,0.0,918.7276569273198,2255.796663553831,2.607843137254902,0.7058823529411765
3,1,2,47,5.0,1632.6930673130653,4402.232835836892,3.9607843137254903,1.803921568627451
3,1,2,48,0.0,530.7563261322903,1686.2944222378105,1.5784313725490196,0.5098039215686274
3,1,2,49,0.0,952.8881554299313,2762.967790623169,2.3333333333333335,0.49019607843137253
3,1,2,50,5.0,1938.182792148346,4329.287017930664,4.892156862745098,1.1372549019607843
3,1,2,51,0.0,89.71530938064538,289.776835495056,0.5784313725490197,0.0
3,1,2,52,0.0,832.4942951206415,2462.0585004592986,2.196078431372549,0.27450980392156865
3,1,2,53,0.0,655.2472889785365,1735.3097500356248,1.8529411764705883,0.5686274509803921
3,1,2,54,11.0,2702.937529627533,6449.880653086122,6.411764705882353,2.0784313725490198
3,1,2,55,0.0,310.48793832700414,764.1652659706544,1.2156862745098038,0.0
3,1,2,56,0.0,48.919813672816524,95.5593477205469,0.16666666666666666,0.0
3,1,2,57,0.0,136.9209052098175,304.9254782337223,0.5882352941176471,0.0
3,1,2,58,5.0,1635.4943641299274,3738.2578073518494,4.401960784313726,0.8823529411764706
3,1,2,59,0.0,586.725764755488,1743.1645384688943,1.5784313725490196,0.45098039215686275
3,1,3,0,0.0,733.6544127384941,2200.6895282031314,1.8235294117647058,0.3333333333333333
3,1,3,1,0.0,824.252888764179,1693.2633231800453,2.5588235294117645,0.0
3,1,3,2,0.0,1242.593401312004,2633.24275388444,4.245098039215686,0.17647058823529413
3,1,3,3,0.0,194.812534309467,528.4120493797568,1.0490196078431373,0.0
3,1,3,4,0.0,425.93989139353005,982.6156050906476,1.4019607843137254,0.0
3,1,3,5,0.0,591.3091043160143,1658.1072973910266,2.127450980392157,0.45098039215686275
3,1,3,6,0.0,866.5701407955398,2286.1606448425105,2.9411764705882355,0.0196078431372549
3,1,3,7,0.0,289.825883879864,803.81736227688,1.392156862745098,0.3333333333333333
3,1,3,8,0.0,460.30861864067117,1138.3425613180373,1.088235294117647,0.3333333333333333
3,1,3,9,0.0,589.544355457203,1438.247572974452,2.5686274509803924,0.13725490196078433
3,1,3,10,0.0,740.7578749600126,1755.2446182615167,2.4019607843137254,0.23529411764705882
3,1,3,11,0.0,451.9481918564915,1222.772477566269,1.8137254901960784,0.29411764705882354
3,1,3,12,0.0,264.0135247812485,867.3292882684791,1.1666666666666667,0.0
3,1,3,13,0.0,644.7810431065825,1738.5822241570716,2.235294117647059,0.45098039215686275
3,1,3,14,0.0,1844.765464917405,4108.8693824534275,4.401960784313726,0.49019607843137253
3,1,3,15,0.0,269.5234632199725,714.7244577958443,1.3431372549019607,0.0
3,1,3,16,0.0,991.7470483351409,2693.8457989948133,3.1176470588235294,0.11764705882352941
3,1,3,17,0.0,845.2053771862007,2609.087038575817,2.735294117647059,0.5294117647058824
3,1,3,18,0.0,604.6159976910893,1208.20736977928,1.9019607843137254,0.0
3,1,3,19,0.0,466.6024125539511,1039.5252568079968,1.9019607843137254,0.0
3,1,3,20,0.0,1200.15966426641,2837.9499538550344,3.7450980392156863,0.8431372549019608
3,1,3,21,0.0,1203.1329593582693,2407.317771373016,2.9313725490196076,0.8431372549019608
3,1,3,22,0.0,0.24555779374848785,1.7325759991689227,0.0,0.0
3,1,3,23,0.0,1556.2468951725373,3331.953636460396,4.176470588235294,0.6274509803921569
3,1,3,24,0.0,831.9810211809736,1776.9223104636746,2.8333333333333335,0.0
3,1,3,25,0.0,475.4317471619565,1397.321498605836,1.8529411764705883,0.0
3,1,3,26,0.0,577.6823811842983,1414.8301361964388,2.6372549019607843,0.19607843137254902
3,1,3,27,0.0,191.5738907353053,395.4031525751563,0.7941176470588235,0.0
3,1,3,28,0.0,1214.9358376638438,2821.5954000244174,4.03921568627451,0.0
3,1,3,29,0.0,235.11025919483808,464.4805414593983,1.0,0.0
3,1,3,30,0.0,1269.4019008851374,2844.7711393496543,3.5980392156862746,0.43137254901960786
3,1,3,31,0.0,553.985384371969,1090.9387874128518,1.9705882352941178,0.0
3,1,3,32,0.0,600.2809272657117,1290.9690887152838,2.3137254901960786,0.0
3,1,3,33,0.0,41.16353615573822,91.28240239288135,0.20588235294117646,0.0
3,1,3,34,0.0,830.9884085284632,1829.7509329173904,2.950980392156863,0.19607843137254902
3,1,3,35,0.0,868.8493325728223,2174.0725232659397,3.2254901960784315,0.09803921568627451
3,1,3,36,0.0,1307.825279261811,3738.3528159528655,3.411764705882353,0.9411764705882353
3,1,3,37,0.0,409.0845942364905,1371.7357167064574,1.5196078431372548,0.29411764705882354
3,1,3,38,0.0,650.7200024174477,1327.7340952469203,2.2745098039215685,0.09803921568627451
3,1,3,39,0.0,1124.0230977818887,2251.7150711291715,2.843137254901961,0.23529411764705882
3,1,3,40,0.0,31.38522632087608,161.2200056228386,0.16666666666666666,0.0
3,1,3,41,0.0,425.3003746996694,1105.1175116150102,1.5490196078431373,0.27450980392156865
3,1,3,42,0.0,506.84052404164476,1433.5849939409354,1.4509803921568627,0.0
3,1,3,43,0.0,1007.1292076738662,2472.5365603080445,2.6666666666666665,0.39215686274509803
3,1,3,44,0.0,931.2488218924763,2136.931444905105,2.803921568627451,0.0
3,1,3,45,0.0,457.6047280963087,1326.5855406632727,2.0784313725490198,0.29411764705882354
3,1,3,46,0.0,660.1359985431247,1569.1343481684576,2.0,0.5098039215686274
3,1,3,47,0.0,923.9961283027988,2544.1001890826037,2.7941176470588234,0.45098039215686275
3,1,3,48,0.0,122.650519423813,460.9088453206967,0.6274509803921569,0.0
3,1,3,49,0.0,435.4161787574985,1269.4587802101842,1.3529411764705883,0.3333333333333333
3,1,3,50,0.0,1236.6704171040192,2771.5252673921887,3.6666666666666665,0.5294117647058824
3,1,3,51,0.0,43.68295924949897,200.29875803317304,0.4117647058823529,0.0
3,1,3,52,0.0,514.8241398393617,1464.322834492941,1.4803921568627452,0.0
3,1,3,53,0.0,204.94577385120215,520.6040718979042,0.5196078431372549,0.3333333333333333
3,1,3,54,0.0,1264.0889348574701,2885.828347979553,3.8627450980392157,0.3137254901960784
3,1,3,55,0.0,255.02380950297604,618.4250918569525,0.8725490196078431,0.0
3,1,3,56,0.0,48.632002624965196,94.30518542922012,0.16666666666666666,0.0
3,1,3,57,0.0,84.11115131453349,221.3542472023734,0.4215686274509804,0.0
3,1,3,58,0.0,657.1269569914787,1507.6869928398119,2.3823529411764706,0.0
3,1,3,59,0.0,241.73992955154904,729.4224021930588,0.9117647058823529,0.19607843137254902
3,1,4,0,0.0,480.5179493560553,1431.2921938132827,1.0098039215686274,0.0
3,1,4,1,0.0,686.8935805332204,1393.1586512211884,2.0980392156862746,0.0
3,1,4,2,0.0,310.28465543390837,741.98457118879,1.5980392156862746,0.0
3,1,4,3,0.0,138.78217002465664,329.1197038737838,0.7058823529411765,0.0
3,1,4,4,0.0,338.07847425784684,794.8602889562819,1.088235294117647,0.0
3,1,4,5,0.0,532.4038068846453,1470.8387775512451,1.8725490196078431,0.3333333333333333
3,1,4,6,0.0,670.9344085131577,1718.6813242530077,2.4019607843137254,0.0
3,1,4,7,0.0,278.5435206521746,778.1850407029127,1.3333333333333333,0.3333333333333333
3,1,4,8,0.0,331.7682275841384,859.6827016875641,0.7941176470588235,0.3333333333333333
3,1,4,9,0.0,469.7540809996866,1231.6375817604226,2.2450980392156863,0.0
3,1,4,10,0.0,634.3384526028503,1497.8866953217318,2.049019607843137,0.23529411764705882
3,1,4,11,0.0,425.21518020334787,1102.345307786383,1.5490196078431373,0.19607843137254902
3,1,4,12,0.0,225.71364630520577,736.5900408190786,1.0784313725490196,0.0
3,1,4,13,0.0,483.6554605238997,1394.1004800616186,1.892156862745098,0.2549019607843137
3,1,4,14,0.0,1482.8560380271745,3278.525293215147,3.5686274509803924,0.37254901960784315
3,1,4,15,0.0,269.5234632199724,714.7244577958443,1.3431372549019607,0.0
3,1,4,16,0.0,751.3221558494204,2026.8720657467488,2.4705882352941178,0.0
3,1,4,17,0.0,634.6661721164251,1984.3894795487845,2.519607843137255,0.0
3,1,4,18,0.0,248.51626123756336,513.9032502987072,0.8235294117647058,0.0
3,1,4,19,0.0,419.7185666723701,947.8506551902941,1.696078431372549,0.0
3,1,4,20,0.0,471.7233324831981,1296.261715950838,1.5392156862745099,0.23529411764705882
3,1,4,21,0.0,670.446650098687,1357.9020262976312,2.0294117647058822,0.39215686274509803
3,1,4,22,0.0,0.24555779374848785,1.7325759991689227,0.0,0.0
3,1,4,23,0.0,664.0033380409916,1481.925779535481,2.3529411764705883,0.0
3,1,4,24,0.0,512.450342262861,1060.391465103765,1.8333333333333333,0.0
3,1,4,25,0.0,253.73490565561187,633.9894336762048,1.0196078431372548,0.0
3,1,4,26,0.0,473.5780252044999,1163.2046241250218,2.0784313725490198,0.19607843137254902
3,1,4,27,0.0,191.5738907353053,395.4031525751563,0.7941176470588235,0.0
3,1,4,28,0.0,754.0838833096353,1849.7576318730446,2.7450980392156863,0.0
3,1,4,29,0.0,208.75821267175712,414.44587636030815,0.8823529411764706,0.0
3,1,4,30,0.0,741.9458132879124,1644.632347599818,2.0,0.0196078431372549
3,1,4,31,0.0,331.5271611600022,671.0280054174416,1.2549019607843137,0.0
3,1,4,32,0.0,402.2817652320776,892.8075019919629,1.7549019607843137,0.0
3,1,4,33,0.0,41.16353615573822,91.2824023928814,0.20588235294117646,0.0
3,1,4,34,0.0,436.4511022117263,1053.3636587940912,1.7745098039215685,0.09803921568627451
3,1,4,35,0.0,555.7761160060386,1461.1360724634312,2.372549019607843,0.0
3,1,4,36,0.0,857.9393533794645,2582.861291545478,2.519607843137255,0.803921568627451
3,1,4,37,0.0,346.7714053650801,1200.1158862973705,1.4705882352941178,0.29411764705882354
3,1,4,38,0.0,356.7940381402738,654.0110805011973,1.0588235294117647,0.0
3,1,4,39,0.0,730.077068918302,1399.3801884365862,1.9411764705882353,0.0
3,1,4,40,0.0,31.38522632087608,161.2200056228386,0.16666666666666666,0.0
3,1,4,41,0.0,398.4286648280786,1007.1176160057815,1.3333333333333333,0.27450980392156865
3,1,4,42,0.0,369.0530527791284,993.0051496955799,0.8235294117647058,0.0
3,1,4,43,0.0,598.2343833829095,1356.012259128958,1.6470588235294117,0.11764705882352941
3,1,4,44,0.0,646.1340147023076,1583.8779087482972,2.1862745098039214,0.0
3,1,4,45,0.0,429.6518461616753,1273.7976731368012,2.0294117647058822,0.19607843137254902
3,1,4,46,0.0,509.8328301187614,1217.8311056174023,1.5098039215686274,0.4117647058823529
3,1,4,47,0.0,686.4039452727225,1901.3871408607747,2.284313725490196,0.21568627450980393
3,1,4,48,0.0,122.650519423813,460.9088453206967,0.6274509803921569,0.0
3,1,4,49,0.0,342.0801773730339,962.2805019432976,1.1274509803921569,0.3333333333333333
3,1,4,50,0.0,756.9834927210652,1688.6482245919726,2.3333333333333335,0.47058823529411764
3,1,4,51,0.0,43.68295924949897,200.29875803317304,0.4117647058823529,0.0
3,1,4,52,0.0,474.39321904991806,1280.4416922067385,1.2647058823529411,0.0
3,1,4,53,0.0,182.246238244546,468.7771991636372,0.4117647058823529,0.3333333333333333
3,1,4,54,0.0,808.3552664764698,1874.9174281696326,2.7058823529411766,0.27450980392156865
3,1,4,55,0.0,244.9745661550368,594.138820320399,0.7941176470588235,0.0
3,1,4,56,0.0,48.632002624965196,94.30518542922012,0.16666666666666666,0.0
3,1,4,57,0.0,54.922650082714455,137.88175019891872,0.3333333333333333,0.0
3,1,4,58,0.0,439.9703433224649,1052.970704823005,1.8627450980392157,0.0
3,1,4,59,0.0,102.49968013705202,359.53616431826936,0.45098039215686275,0.0
3,2,0,0,20.0,18277.585865916535,47208.3222828863,14.529411764705882,17.41176470588235
3,2,0,1,19.0,16664.91650758127,40714.7129397846,15.568627450980392,16.07843137254902
3,2,0,2,20.0,19180.444432236094,47024.69996001677,17.65686274509804,17.294117647058822
3,2,0,3,19.0,12990.638139161134,32300.154744744756,13.196078431372548,15.372549019607844
3,2,0,4,17.0,10880.271046998081,28020.94634296141,11.058823529411764,13.019607843137255
3,2,0,5,20.0,16093.13468588368,41364.61152237165,14.03921568627451,16.392156862745097
3,2,0,6,21.0,22293.37126747428,54961.44187413124,18.441176470588236,18.54901960784314
3,2,0,7,16.0,10957.966339806719,27499.932259155277,11.656862745098039,13.588235294117647
3,2,0,8,19.0,13398.861703417864,34272.43320726386,12.049019607843137,14.764705882352942
3,2,0,9,20.0,20352.16095292119,50053.47319498408,17.931372549019606,17.823529411764707
3,2,0,10,20.0,17512.356780278256,42861.644081787446,16.45098039215686,16.862745098039216
3,2,0,11,19.0,15850.310317445588,38802.82482635487,15.176470588235293,15.431372549019608
3,2,0,12,19.0,15599.52821258673,39485.95984289258,13.411764705882353,16.019607843137255
3,2,0,13,19.0,12888.980007585902,32841.05302985215,12.892156862745098,14.686274509803921
3,2,0,14,20.0,20160.439930726603,49607.99862620164,17.529411764705884,17.333333333333332
3,2,0,15,20.0,18032.900116838064,45043.36131547161,16.34313725490196,17.470588235294116
3,2,0,16,20.0,18913.52677385133,47626.12335435208,16.313725490196077,17.45098039215686
3,2,0,17,21.0,19237.714111481033,49027.82729312609,16.441176470588236,17.58823529411765
3,2,0,18,19.0,16846.412015325477,41050.29722353417,15.745098039215685,16.313725490196077
3,2,0,19,19.0,16020.961992261065,39569.81878395034,15.284313725490197,15.509803921568627
3,2,0,20,20.0,19810.106652655115,48449.80911366971,17.784313725490197,17.529411764705884
3,2,0,21,18.0,13818.952895255276,33877.1497349741,14.450980392156863,14.549019607843137
3,2,0,22,18.0,13654.248653941697,34692.95556771397,12.568627450980392,15.03921568627451
3,2,0,23,19.0,15978.569213515508,39266.823464296715,16.186274509803923,15.666666666666666
3,2,0,24,17.0,14680.520448020108,36114.4840790266,15.07843137254902,14.941176470588236
3,2,0,25,19.0,15782.440460172396,39611.37086444344,15.186274509803921,15.843137254901961
3,2,0,26,20.0,19721.585259609812,48726.65261226724,17.41176470588235,17.54901960784314
3,2,0,27,18.0,13563.55608051672,34331.75787389906,13.843137254901961,14.941176470588236
3,2,0,28,21.0,21261.420678701357,52851.06661880452,18.294117647058822,18.0
3,2,0,29,13.0,4816.391541303821,12248.124521222082,6.833333333333333,7.980392156862745
3,2,0,30,20.0,20099.557483259166,49577.461028319165,17.529411764705884,17.49019607843137
3,2,0,31,18.0,13747.591513740046,33397.07326194778,14.362745098039216,14.333333333333334
3,2,0,32,19.0,16695.31987666458,40938.285053301304,15.450980392156863,15.627450980392156
3,2,0,33,16.0,8307.542920680457,20301.889054504954,10.480392156862745,11.607843137254902
3,2,0,34,19.0,18263.793219447147,44582.98643353231,16.941176470588236,16.54901960784314
3,2,0,35,20.0,19694.899666151545,48845.13327836617,17.38235294117647,17.49019607843137
3,2,0,36,19.0,17091.15445877646,42873.48105213419,15.617647058823529,16.823529411764707
3,2,0,37,16.0,9948.53298773048,26162.36834703155,10.598039215686274,12.784313725490197
3,2,0,38,20.0,18668.78341840642,45977.89464967056,16.735294117647058,16.941176470588236
3,2,0,39,17.0,13643.443389315398,33004.792517713686,14.303921568627452,13.941176470588236
3,2,0,40,16.0,10349.41048839231,26330.785133567508,11.068627450980392,12.627450980392156
3,2,0,41,18.0,12958.716550472785,32126.180977232092,13.450980392156863,14.96078431372549
3,2,0,42,20.0,15576.36227087785,40136.34124082742,12.686274509803921,16.03921568627451
3,2,0,43,21.0,20911.159184016775,51444.14933283937,17.80392156862745,17.745098039215687
3,2,0,44,19.0,19037.887198655942,46747.665248337515,17.362745098039216,16.84313725490196
3,2,0,45,16.0,12377.639174595875,30857.996439290997,13.745098039215685,14.372549019607844
3,2,0,46,18.0,13903.864766098413,34276.27527604701,14.637254901960784,14.784313725490197
3,2,0,47,20.0,17116.338883261556,42586.55141931985,15.127450980392156,17.0
3,2,0,48,19.0,14710.873321375995,38244.803028600196,13.147058823529411,15.490196078431373
3,2,0,49,20.0,14025.298669378202,36186.813632760604,11.676470588235293,14.764705882352942
3,2,0,50,20.0,18241.17815159477,44849.126757446895,16.49019607843137,16.49019607843137
3,2,0,51,20.0,13737.72077802253,34792.937712015024,12.343137254901961,14.843137254901961
3,2,0,52,19.0,17219.426163998236,43603.6618330818,15.392156862745098,16.901960784313726
3,2,0,53,19.0,13365.391895488001,33633.70939994998,11.803921568627452,14.372549019607844
3,2,0,54,21.0,22365.382354339752,55339.85810576324,18.19607843137255,18.431372549019606
3,2,0,55,17.0,10768.164316891696,26899.106819455774,11.862745098039216,13.72549019607843
3,2,0,56,17.0,12355.762589280028,31134.700560901896,13.088235294117647,14.294117647058824
3,2,0,57,14.0,7358.593359554772,18215.59865358055,9.794117647058824,10.450980392156863
3,2,0,58,19.0,15961.284670760875,38730.145832651295,15.519607843137255,15.549019607843137
3,2,0,59,18.0,12600.474722477877,32206.260022783965,11.862745098039216,14.156862745098039
3,2,1,0,18.0,10483.397011060108,27403.724090882602,11.27450980392157,12.254901960784315
3,2,1,1,12.0,5364.022395724118,12640.240223726249,8.745098039215685,6.196078431372549
3,2,1,2,15.0,9434.999962394199,22460.975577040583,12.813725490196079,9.980392156862745
3,2,1,3,4.0,1371.516038319421,3295.148066988056,3.1372549019607843,2.4901960784313726
3,2,1,4,11.0,3384.1697535650565,8917.718998899207,5.7745098039215685,5.392156862745098
3,2,1,5,16.0,7774.9354750455295,20159.07603040543,9.852941176470589,10.372549019607844
3,2,1,6,19.0,13122.323176099499,32349.721696752724,14.843137254901961,12.96078431372549
3,2,1,7,9.0,2968.0484334086264,7353.422938308534,5.686274509803922,4.96078431372549
3,2,1,8,12.0,4560.189373433457,11710.694624362395,6.137254901960785,7.294117647058823
3,2,1,9,14.0,7022.676171046832,17226.560637905284,11.098039215686274,8.705882352941176
3,2,1,10,14.0,6884.8993798448255,16481.187479194687,10.254901960784315,8.549019607843137
3,2,1,11,14.0,6986.70105853779,17187.791833016592,10.127450980392156,8.901960784313726
3,2,1,12,12.0,4743.87695335961,12537.178032139724,6.764705882352941,6.784313725490196
3,2,1,13,14.0,6275.938964445249,15960.443664800798,9.107843137254902,9.0
3,2,1,14,17.0,11600.804307433797,28311.103530007495,13.745098039215685,12.019607843137255
3,2,1,15,12.0,4484.488292123669,11396.909838669257,8.568627450980392,7.215686274509804
3,2,1,16,16.0,8366.401630642948,21761.87776623855,10.186274509803921,10.666666666666666
3,2,1,17,17.0,9775.281740347338,25454.221514994686,11.607843137254902,11.117647058823529
3,2,1,18,13.0,6541.655849030915,15375.634550929057,9.57843137254902,8.333333333333334
3,2,1,19,14.0,7197.871860810774,17561.048355229985,10.5,8.627450980392156
3,2,1,20,17.0,10739.048007742202,26032.15253966696,13.784313725490197,12.098039215686274
3,2,1,21,14.0,6417.642453085572,15303.767213978288,10.0,7.9411764705882355
3,2,1,22,11.0,4201.695669414479,10988.372220511677,6.705882352941177,7.176470588235294
3,2,1,23,15.0,8954.664078599853,21380.92902250485,12.5,9.92156862745098
3,2,1,24,13.0,6414.98433171849,15363.46247446856,9.980392156862745,8.137254901960784
3,2,1,25,13.0,5385.741000698868,14183.369792957055,8.343137254901961,7.745098039215686
3,2,1,26,14.0,8127.809693244673,19764.24036991918,11.764705882352942,9.862745098039216
3,2,1,27,9.0,2867.1693416021117,7646.072831600891,6.098039215686274,4.568627450980392
3,2,1,28,17.0,12053.402040028453,29473.825942501528,14.27450980392157,12.0
3,2,1,29,2.0,1461.7989638590534,3550.3596529987976,3.264705882352941,1.9215686274509804
3,2,1,30,16.0,10606.624072010189,25977.565438761427,13.313725490196079,11.196078431372548
3,2,1,31,13.0,5435.496968898001,12650.208082318431,9.147058823529411,6.764705882352941
3,2,1,32,13.0,6148.822521902773,14860.66418236399,9.588235294117647,7.705882352941177
3,2,1,33,0.0,267.74479097047,690.9855133752448,0.7352941176470589,0.47058823529411764
3,2,1,34,16.0,9182.83088741721,21990.60036618894,12.676470588235293,9.96078431372549
3,2,1,35,15.0,10005.784378845909,25035.03193308824,13.088235294117647,11.509803921568627
3,2,1,36,16.0,9971.283548460911,25298.533875693225,11.980392156862745,11.647058823529411
3,2,1,37,12.0,4171.076628618638,11336.93618595584,6.921568627450981,6.8431372549019605
3,2,1,38,15.0,8345.21693993621,20384.606481759925,10.980392156862745,9.549019607843137
3,2,1,39,13.0,5880.2676464300985,13968.872483469202,9.372549019607844,6.764705882352941
3,2,1,40,6.0,1635.639246968194,4866.142944371622,2.8823529411764706,3.156862745098039
3,2,1,41,12.0,4299.874440629317,10885.471730594947,7.7745098039215685,6.686274509803922
3,2,1,42,12.0,4839.173584133638,12813.708252736005,6.107843137254902,7.176470588235294
3,2,1,43,18.0,11944.369572132047,29186.140666261585,14.029411764705882,12.156862745098039
3,2,1,44,16.0,9476.004130143398,22951.644797784866,13.27450980392157,10.470588235294118
3,2,1,45,11.0,5090.301861778887,12619.489209792859,9.107843137254902,7.627450980392157
3,2,1,46,13.0,5247.249843973894,12779.300195189426,9.303921568627452,7.529411764705882
3,2,1,47,15.0,7701.4555123839655,19450.80765244615,9.803921568627452,10.156862745098039
3,2,1,48,13.0,5793.468612629901,15384.177801111415,8.549019607843137,8.137254901960784
3,2,1,49,13.0,5338.768596182415,13924.145816868693,6.980392156862745,7.392156862745098
3,2,1,50,15.0,8343.297477185883,19993.412565207887,11.088235294117647,9.352941176470589
3,2,1,51,5.0,1184.3274563120733,3325.3684588473598,2.5,1.7058823529411764
3,2,1,52,12.0,5076.947305253046,13567.75919521251,7.911764705882353,8.019607843137255
3,2,1,53,11.0,3888.9816183602397,10098.901620182336,5.686274509803922,5.666666666666667
3,2,1,54,18.0,12190.78240164958,30425.857252539994,14.029411764705882,12.568627450980392
3,2,1,55,7.0,1904.3160342096523,4929.092691702917,3.5980392156862746,3.7058823529411766
3,2,1,56,7.0,1473.8349193298652,3897.4626541321063,3.549019607843137,1.6862745098039216
3,2,1,57,3.0,1161.2214041876746,2746.7590460280553,3.411764705882353,1.0
3,2,1,58,14.0,7368.138557779549,17810.551423315002,10.519607843137255,8.490196078431373
3,2,1,59,11.0,3794.1257460774887,10431.147787120837,5.186274509803922,5.901960784313726
3,2,2,0,14.0,5106.391639547489,13650.623755768309,7.627450980392157,6.254901960784314
3,2,2,1,7.0,2385.5295428183326,5232.746273645519,5.2745098039215685,1.5294117647058822
3,2,2,2,12.0,5585.294177325559,12902.0100558266,9.754901960784315,5.078431372549019
3,2,2,3,0.0,519.2264827193861,1240.9246351301504,1.8137254901960784,0.43137254901960786
3,2,2,4,6.0,1570.4869771117949,4222.582338780896,3.5392156862745097,1.5686274509803921
3,2,2,5,11.0,3495.6508544296134,9261.32989249739,6.264705882352941,5.411764705882353
3,2,2,6,14.0,6381.328560840095,16071.831238352619,10.431372549019608,7.450980392156863
3,2,2,7,2.0,1133.520211505753,2746.155177950777,2.9705882352941178,1.7450980392156863
3,2,2,8,3.0,1147.7674402327034,3083.7395703434845,2.3333333333333335,1.4509803921568627
3,2,2,9,9.0,3128.7888269395926,7432.759655461059,6.990196078431373,3.4705882352941178
3,2,2,10,9.0,2956.4254737029287,7025.18461945596,6.176470588235294,3.7058823529411766
3,2,2,11,8.0,2388.875208588989,5792.539421470982,5.313725490196078,2.7254901960784315
3,2,2,12,6.0,1415.4044298991962,4089.978414249993,2.950980392156863,1.9215686274509804
3,2,2,13,11.0,3350.880488903036,8559.957339781175,6.490196078431373,4.803921568627451
3,2,2,14,14.0,6796.493554596025,16359.015725442192,10.411764705882353,7.450980392156863
3,2,2,15,0.0,707.4776460426993,1759.0913998676006,2.823529411764706,0.47058823529411764
3,2,2,16,12.0,3797.7300253152707,10285.439615119029,6.647058823529412,4.901960784313726
3,2,2,17,13.0,4962.522094542233,13268.42601323104,8.313725490196079,6.549019607843137
3,2,2,18,8.0,3188.7478020354547,7129.519735063293,6.215686274509804,3.411764705882353
3,2,2,19,10.0,3233.9150249914514,7734.705047740373,7.0588235294117645,3.4313725490196076
3,2,2,20,13.0,5530.298687237928,13190.629114472711,10.058823529411764,6.96078431372549
3,2,2,21,12.0,4006.95904430578,9138.761232308276,7.166666666666667,4.196078431372549
3,2,2,22,0.0,0.24555779374848785,1.7325759991689227,0.0,0.0
3,2,2,23,14.0,5678.776365538226,13125.081922067751,9.745098039215685,5.647058823529412
3,2,2,24,8.0,2689.0679365167407,6127.34531314436,5.8431372549019605,2.627450980392157
3,2,2,25,6.0,1682.4687690904998,4746.089327079926,4.088235294117647,1.5490196078431373
3,2,2,26,9.0,3007.2037516177456,7183.415885852104,6.872549019607843,3.5686274509803924
3,2,2,27,3.0,1079.9794802359943,2812.1772747561195,3.0686274509803924,0.5294117647058824
3,2,2,28,13.0,5470.459646003045,13184.450043820516,10.0,5.882352941176471
3,2,2,29,0.0,589.4216779820368,1325.8919250273163,1.8137254901960784,0.35294117647058826
3,2,2,30,13.0,5257.898448340991,12556.107168749817,9.313725490196079,5.450980392156863
3,2,2,31,8.0,2537.4064038956285,5470.9322032492855,5.617647058823529,1.9411764705882353
3,2,2,32,9.0,2615.7153951806445,6070.409579060497,5.794117647058823,2.3137254901960786
3,2,2,33,0.0,81.15113881104001,203.1880615226964,0.37254901960784315,0.0
3,2,2,34,12.0,4534.1226216796285,10500.782087193185,9.068627450980392,4.921568627450981
3,2,2,35,13.0,5823.315521827639,14748.326131530168,10.107843137254902,7.666666666666667
3,2,2,36,13.0,6002.213442232674,15315.337173193559,9.431372549019608,7.803921568627451
3,2,2,37,8.0,1976.719944022086,5553.361241814808,4.235294117647059,2.803921568627451
3,2,2,38,10.0,2933.248188342344,7020.842466208732,6.470588235294118,3.5294117647058822
3,2,2,39,10.0,3559.595066305582,8145.704950214757,6.96078431372549,3.0
3,2,2,40,0.0,91.72203183138161,364.4336578748817,0.5392156862745098,0.0392156862745098
3,2,2,41,8.0,1809.097545159369,4887.801993189851,4.3431372549019605,2.7254901960784315
3,2,2,42,5.0,1339.399958409993,3865.3456952273414,2.5784313725490198,1.3529411764705883
3,2,2,43,15.0,5740.672579899427,14228.29480990078,9.872549019607844,6.588235294117647
3,2,2,44,11.0,4122.43256469829,9609.865002837063,8.5,4.0
3,2,2,45,7.0,2083.93491949361,5051.735557204211,5.117647058823529,2.372549019607843
3,2,2,46,8.0,2260.4841252401156,5420.148971097042,5.2745098039215685,2.7450980392156863
3,2,2,47,13.0,4142.173489452477,10718.449448746316,7.127450980392157,5.882352941176471
3,2,2,48,8.0,2032.3878754425268,5727.219497136328,4.352941176470588,2.6862745098039214
3,2,2,49,7.0,2075.792766108839,5728.0012900940965,3.843137254901961,2.549019607843137
3,2,2,50,12.0,4397.897367573956,10183.5711557613,7.901960784313726,4.647058823529412
3,2,2,51,0.0,182.70123362259903,518.9354120873547,0.7156862745098039,0.11764705882352941
3,2,2,52,7.0,1745.8803498271322,5004.672172320911,3.7450980392156863,2.4313725490196076
3,2,2,53,5.0,1466.6894839694694,3850.290298531297,3.088235294117647,1.4705882352941178
3,2,2,54,13.0,5569.8484677151355,13681.966698724204,9.607843137254902,6.450980392156863
3,2,2,55,0.0,521.5850697013867,1409.0538648553515,1.7058823529411764,0.3333333333333333
3,2,2,56,0.0,48.919813672816524,95.5593477205469,0.16666666666666666,0.0
3,2,2,57,0.0,313.39075408893103,787.9507528292785,1.0490196078431373,0.27450980392156865
3,2,2,58,11.0,4103.474326271485,9839.61171002758,7.5588235294117645,4.117647058823529
3,2,2,59,2.0,1126.4916397789384,3436.8308846159994,2.176470588235294,1.2156862745098038
3,2,3,0,7.0,1894.0621782865267,5276.413677572435,3.7941176470588234,1.1176470588235294
3,2,3,1,0.0,1389.485079891063,2880.553503521557,3.5686274509803924,0.19607843137254902
3,2,3,2,5.0,2123.411454722659,4595.706038924936,5.647058823529412,0.6274509803921569
3,2,3,3,0.0,243.06299949885627,622.1517708925353,1.1372549019607843,0.09803921568627451
3,2,3,4,0.0,728.0315373529666,1820.7902787235591,2.1862745098039214,0.21568627450980393
3,2,3,5,2.0,1009.8000979373608,2823.769305137154,3.0098039215686274,0.9803921568627451
3,2,3,6,7.0,1777.9663132838828,4755.228577534933,4.980392156862745,1.1176470588235294
3,2,3,7,0.0,445.9902230481355,1117.1360446772876,1.5784313725490196,0.5686274509803921
3,2,3,8,0.0,604.5266269143715,1497.8871304153458,1.411764705882353,0.37254901960784315
3,2,3,9,0.0,1064.3957849557812,2416.166832393315,3.5294117647058822,0.5686274509803921
3,2,3,10,2.0,1358.7768668205072,3185.4158542641117,3.5980392156862746,1.2156862745098038
3,2,3,11,1.0,941.1069035123375,2413.7130955422144,2.8529411764705883,0.8431372549019608
3,2,3,12,0.0,504.2420638963035,1610.6159287847765,1.6372549019607843,0.21568627450980393
3,2,3,13,6.0,1628.5043838998251,4086.0798677578027,4.107843137254902,1.6470588235294117
3,2,3,14,9.0,3554.955955803979,8297.574644429511,6.921568627450981,1.8235294117647058
3,2,3,15,0.0,381.8596087621682,1017.1033298113085,1.7745098039215685,0.0784313725490196
3,2,3,16,7.0,1749.5996675919932,4941.588314921705,4.352941176470588,1.0588235294117647
3,2,3,17,8.0,2047.5090045223305,5853.00271747439,5.009803921568627,1.5490196078431373
3,2,3,18,0.0,1049.878454335508,2072.80808561145,2.843137254901961,0.29411764705882354
3,2,3,19,0.0,773.2926336564026,1696.5835027612384,2.9901960784313726,0.0196078431372549
3,2,3,20,9.0,2431.8675988430787,5703.587074445144,6.088235294117647,2.1372549019607843
3,2,3,21,6.0,2279.68635913828,4900.922845249445,4.823529411764706,1.411764705882353
3,2,3,22,0.0,0.24555779374848785,1.7325759991689227,0.0,0.0
3,2,3,23,10.0,3164.743248012601,7057.89469193582,6.627450980392157,1.5686274509803921
3,2,3,24,2.0,1384.3401104229465,2985.9097677899454,3.8823529411764706,0.37254901960784315
3,2,3,25,0.0,624.1283866911922,1850.932517743515,2.0588235294117645,0.0
3,2,3,26,2.0,1239.7029368996798,2930.9786824394496,3.9705882352941178,0.9019607843137255
3,2,3,27,0.0,407.2501762979777,771.4643069327684,1.5392156862745099,0.0
3,2,3,28,6.0,1937.292070025858,4477.061815144873,5.215686274509804,0.6274509803921569
3,2,3,29,0.0,382.9828073639453,796.0306010247734,1.3725490196078431,0.0
3,2,3,30,6.0,2360.3384826295724,5316.325631760545,5.431372549019608,0.9019607843137255
3,2,3,31,0.0,1067.7772636295545,2117.811820198605,2.9607843137254903,0.37254901960784315
3,2,3,32,0.0,985.3031229124136,2141.556787026777,3.0588235294117645,0.0784313725490196
3,2,3,33,0.0,41.16353615573822,91.28240239288135,0.20588235294117646,0.0
3,2,3,34,4.0,1598.1085448919027,3549.777214519596,4.588235294117647,0.6862745098039216
3,2,3,35,5.0,1741.0172007826477,4339.74579955548,4.784313725490196,1.3137254901960784
3,2,3,36,8.0,2599.235023546814,7018.199536853688,5.637254901960785,2.6862745098039214
3,2,3,37,0.0,866.4335408673313,2682.4302920117257,2.5980392156862746,0.6274509803921569
3,2,3,38,0.0,950.8293194281259,2042.1157396090662,3.0980392156862746,0.17647058823529413
3,2,3,39,4.0,2090.777275939236,4309.218402958409,4.46078431372549,0.47058823529411764
3,2,3,40,0.0,31.38522632087608,161.2200056228386,0.16666666666666666,0.0
3,2,3,41,0.0,654.1418368602642,1774.0903831218243,2.3137254901960786,0.37254901960784315
3,2,3,42,0.0,717.2388383924044,2095.1863009589274,1.7549019607843137,0.0784313725490196
3,2,3,43,5.0,1713.3810949484175,4378.511521985618,4.127450980392157,1.0980392156862746
3,2,3,44,5.0,1799.1194743454032,4131.901742306119,4.666666666666667,0.5294117647058824
3,2,3,45,0.0,935.8315532778588,2452.905169744988,3.2254901960784315,0.6078431372549019
3,2,3,46,2.0,1191.376444370261,2798.35664231282,3.392156862745098,0.7254901960784313
3,2,3,47,6.0,1730.5984905041591,4708.8532410187845,4.431372549019608,1.392156862745098
3,2,3,48,0.0,220.34320966434314,861.5096832941941,0.8431372549019608,0.0
3,2,3,49,0.0,858.9890543098963,2456.9340311633377,2.127450980392157,0.4117647058823529
3,2,3,50,5.0,2225.5715601462116,5036.49665445575,5.284313725490196,1.0392156862745099
3,2,3,51,0.0,76.39005523759275,303.71989845107896,0.5098039215686274,0.0
3,2,3,52,0.0,737.4468414657537,2094.1067971745715,1.9803921568627452,0.0
3,2,3,53,0.0,405.71878653552636,1071.8584693963987,1.1274509803921569,0.3333333333333333
3,2,3,54,9.0,2438.9828195339755,5667.699681277177,5.833333333333333,1.1176470588235294
3,2,3,55,0.0,283.32365192540533,691.5829535577077,1.0,0.0
3,2,3,56,0.0,48.632002624965196,94.3051854292201,0.16666666666666666,0.0
3,2,3,57,0.0,110.65997254371139,315.0243628802344,0.49019607843137253,0.0
3,2,3,58,4.0,1357.3168775764093,3210.081188268012,3.8529411764705883,0.5098039215686274
3,2,3,59,0.0,327.95896470601286,1011.2261077291607,1.0980392156862746,0.21568627450980393
3,2,4,0,0.0,1007.9558277055587,2807.21363329217,2.235294117647059,0.21568627450980393
3,2,4,1,0.0,1023.1837773399894,2088.7171481597156,2.8137254901960786,0.0
3,2,4,2,0.0,612.1257240205607,1347.2251741412792,2.6470588235294117,0.0
3,2,4,3,0.0,167.68435619760993,428.34512811035324,0.8823529411764706,0.0
3,2,4,4,0.0,469.93842656286165,1162.352070233013,1.4411764705882353,0.0
3,2,4,5,0.0,732.880887503348,2036.0686448312742,2.4901960784313726,0.49019607843137253
3,2,4,6,0.0,1016.0236702602422,2639.268754395419,3.3333333333333335,0.1568627450980392
3,2,4,7,0.0,347.60742291952175,947.2017571245833,1.411764705882353,0.3333333333333333
3,2,4,8,0.0,498.1356597986157,1224.8014439565325,1.1764705882352942,0.3333333333333333
3,2,4,9,0.0,693.7425810461388,1650.150172572117,2.7450980392156863,0.13725490196078433
3,2,4,10,0.0,878.3107808686598,2052.4461835424363,2.607843137254902,0.27450980392156865
3,2,4,11,0.0,718.9808656567391,1883.0206200183507,2.1666666666666665,0.5686274509803921
3,2,4,12,0.0,391.319548052393,1304.8185990259717,1.4607843137254901,0.0
3,2,4,13,0.0,771.895135658066,2114.8280701403705,2.549019607843137,0.4117647058823529
3,2,4,14,5.0,2461.178483643119,5497.586822738941,5.196078431372549,0.47058823529411764
3,2,4,15,0.0,345.02092848922223,919.0227103487084,1.5784313725490196,0.0784313725490196
3,2,4,16,0.0,1084.1274754408905,2960.4428236670196,3.235294117647059,0.058823529411764705
3,2,4,17,0.0,1071.7287169334895,3118.2062586914362,3.3529411764705883,0.29411764705882354
3,2,4,18,0.0,366.94433254980686,758.7493038204916,1.2058823529411764,0.0
3,2,4,19,0.0,622.1671254800185,1387.023329265643,2.4313725490196076,0.0
3,2,4,20,0.0,732.4090644321119,2073.0236272471857,2.480392156862745,0.4117647058823529
3,2,4,21,0.0,1251.4116949667518,2558.8959791695206,3.1176470588235294,0.8235294117647058
3,2,4,22,0.0,0.24555779374848785,1.7325759991689227,0.0,0.0
3,2,4,23,0.0,1253.1397044216992,2769.608305823116,3.656862745098039,0.29411764705882354
3,2,4,24,0.0,890.4158823431371,1837.9408917237783,2.7549019607843137,0.0
3,2,4,25,0.0,328.6665625516465,927.3634394963539,1.2156862745098038,0.0
3,2,4,26,0.0,661.571374020094,1646.384710355946,2.6470588235294117,0.29411764705882354
3,2,4,27,0.0,395.5831523390682,745.7405138210179,1.5098039215686274,0.0
3,2,4,28,0.0,1207.7761670212444,2839.6725385736663,3.9411764705882355,0.0
3,2,4,29,0.0,274.016431706143,579.0944877193023,1.0784313725490196,0.0
3,2,4,30,0.0,1342.6451250012983,3006.798839453465,3.4705882352941178,0.4117647058823529
3,2,4,31,0.0,643.9636712684307,1237.949157830055,2.107843137254902,0.0
3,2,4,32,0.0,608.3194737817414,1314.8761027160454,2.372549019607843,0.0
3,2,4,33,0.0,41.16353615573822,91.2824023928814,0.20588235294117646,0.0
3,2,4,34,0.0,829.8347627497353,1841.0307574666244,2.735294117647059,0.13725490196078433
3,2,4,35,0.0,959.3349160037876,2474.456995944657,3.1862745098039214,0.17647058823529413
3,2,4,36,1.0,1430.091441779012,4167.705259757324,3.696078431372549,1.1176470588235294
3,2,4,37,0.0,487.6384745385427,1627.0993042376988,1.911764705882353,0.3137254901960784
3,2,4,38,0.0,450.8187517713469,905.19018008591,1.3725490196078431,0.0
3,2,4,39,0.0,1386.1443575913902,2731.5755451746895,3.0784313725490198,0.13725490196078433
3,2,4,40,0.0,31.38522632087608,161.2200056228386,0.16666666666666666,0.0
3,2,4,41,0.0,470.8638952911322,1191.129552457301,1.6764705882352942,0.29411764705882354
3,2,4,42,0.0,518.4866274141326,1386.3390618963363,1.2058823529411764,0.0
3,2,4,43,0.0,830.6401785635378,1963.903336891779,2.0588235294117645,0.35294117647058826
3,2,4,44,0.0,1079.1567561383354,2620.5040060253914,3.2450980392156863,0.0
3,2,4,45,0.0,695.4559767082058,1882.0430645990552,2.7745098039215685,0.37254901960784315
3,2,4,46,0.0,743.6666359980271,1779.5776233360957,2.2941176470588234,0.4117647058823529
3,2,4,47,0.0,1133.1429241814253,3059.601727836131,3.3529411764705883,0.5294117647058824
3,2,4,48,0.0,208.75026734931805,836.8850063737514,0.8333333333333334,0.0
3,2,4,49,0.0,423.9254720010678,1196.7125077777275,1.2549019607843137,0.3333333333333333
3,2,4,50,0.0,1438.9986115474271,3207.2430538680883,3.9607843137254903,0.6470588235294118
3,2,4,51,0.0,76.39005523759275,303.71989845107896,0.5098039215686274,0.0
3,2,4,52,0.0,632.2331019959627,1768.9850045224223,1.7352941176470589,0.0
3,2,4,53,0.0,263.7488253161417,675.6943957938927,0.6764705882352942,0.3333333333333333
3,2,4,54,0.0,1331.047523617805,3052.4130919324766,3.9019607843137254,0.39215686274509803
3,2,4,55,0.0,263.8445133762498,639.0823180169847,0.8627450980392157,0.0
3,2,4,56,0.0,48.632002624965196,94.3051854292201,0.16666666666666666,0.0
3,2,4,57,0.0,62.16074860483464,179.5271857616936,0.35294117647058826,0.0
3,2,4,58,0.0,815.3787878546315,2032.0046900644898,2.6862745098039214,0.0784313725490196
3,2,4,59,0.0,112.14536538252986,383.5715297032257,0.5098039215686274,0.0
3,3,0,0,21.0,21972.865548636433,56886.48150215806,15.215686274509803,18.019607843137255
3,3,0,1,20.0,21372.595592541616,52388.79569647236,16.813725490196077,17.294117647058822
3,3,0,2,21.0,23759.895721969606,58706.38458372318,18.53921568627451,18.11764705882353
3,3,0,3,20.0,17817.78548702528,44190.567493095645,15.098039215686274,16.901960784313726
3,3,0,4,17.0,13851.331524271904,36003.507030233384,12.088235294117647,14.137254901960784
3,3,0,5,20.0,19316.022894908303,49927.727907196284,14.696078431372548,17.15686274509804
3,3,0,6,21.0,26364.373291391974,65124.68987997145,18.95098039215686,19.137254901960784
3,3,0,7,18.0,15299.60462164072,38623.021932453565,13.068627450980392,15.176470588235293
3,3,0,8,20.0,17024.145204886838,43823.26717253478,13.058823529411764,15.901960784313726
3,3,0,9,20.0,24299.457137012596,60070.86431401558,18.49019607843137,18.49019607843137
3,3,0,10,20.0,21404.813029352656,52639.4895132774,17.284313725490197,17.705882352941178
3,3,0,11,20.0,20083.650581666017,49482.91835138273,16.45098039215686,16.49019607843137
3,3,0,12,20.0,19002.333387908915,48482.79634283863,14.049019607843137,16.745098039215687
3,3,0,13,19.0,17024.1129197333,43150.361252070856,13.990196078431373,15.745098039215685
3,3,0,14,20.0,24053.956053690617,59351.1899470544,18.205882352941178,18.019607843137255
3,3,0,15,20.0,22413.688433727446,56146.29360360696,17.313725490196077,18.392156862745097
3,3,0,16,20.0,22692.424349264584,57309.57612107039,17.029411764705884,18.176470588235293
3,3,0,17,21.0,23218.448479337174,59034.806817677374,17.401960784313726,18.372549019607842
3,3,0,18,20.0,21208.374796458764,51948.26398974769,16.833333333333332,17.333333333333332
3,3,0,19,20.0,20044.959205085328,49810.238565118416,16.42156862745098,16.529411764705884
3,3,0,20,21.0,24051.413593621266,58974.265611025156,18.5,18.313725490196077
3,3,0,21,19.0,17988.49320227901,44249.66575921132,15.617647058823529,15.784313725490197
3,3,0,22,19.0,17702.309126331882,45081.29831510635,13.509803921568627,16.15686274509804
3,3,0,23,19.0,20357.934363112552,50278.82669704945,17.372549019607842,16.705882352941178
3,3,0,24,18.0,18533.036154977675,45760.30893623938,16.029411764705884,16.07843137254902
3,3,0,25,19.0,19986.699910352516,50482.03720796379,16.176470588235293,16.92156862745098
3,3,0,26,20.0,23429.9416336761,58221.86993424405,18.04901960784314,18.215686274509803
3,3,0,27,19.0,18327.428998700903,46184.98032816112,15.46078431372549,16.50980392156863
3,3,0,28,21.0,25353.72926770281,63106.23637058909,18.794117647058822,18.627450980392158
3,3,0,29,14.0,7307.185500858874,18597.04170594978,8.509803921568627,9.843137254901961
3,3,0,30,20.0,24146.815134174365,59681.569052509476,18.176470588235293,18.19607843137255
3,3,0,31,18.0,17584.525775648584,42937.508974065175,15.588235294117647,15.450980392156863
3,3,0,32,20.0,20617.562075478658,50852.64717114159,16.5,16.686274509803923
3,3,0,33,16.0,11194.051312294498,27424.84437782583,11.705882352941176,12.764705882352942
3,3,0,34,20.0,22323.727476447453,54889.17946375202,17.627450980392158,17.313725490196077
3,3,0,35,20.0,23510.87819667456,58445.170725918164,18.07843137254902,18.098039215686274
3,3,0,36,20.0,22017.335358119148,55132.71131084343,17.019607843137255,17.862745098039216
3,3,0,37,17.0,14002.77464060645,36735.70583034349,12.07843137254902,14.450980392156863
3,3,0,38,20.0,22546.66977205833,55757.45677294129,17.50980392156863,17.58823529411765
3,3,0,39,18.0,17876.410297312417,43609.2093056748,15.656862745098039,15.313725490196079
3,3,0,40,17.0,13860.317928361304,35401.409129611355,12.529411764705882,14.215686274509803
3,3,0,41,19.0,17519.22148643489,43329.74199300114,15.107843137254902,16.19607843137255
3,3,0,42,20.0,18784.107105667757,48860.84595504643,13.5,17.0
3,3,0,43,21.0,24821.225182346596,61280.38354792251,18.401960784313726,18.352941176470587
3,3,0,44,20.0,23442.70327171261,57777.227069324974,18.205882352941178,17.745098039215687
3,3,0,45,17.0,17068.49847817522,42413.37900098384,15.313725490196079,15.862745098039216
3,3,0,46,19.0,18653.75522006056,46256.49624008818,16.0,16.235294117647058
3,3,0,47,20.0,21081.20762493432,52749.66731476664,16.38235294117647,17.92156862745098
3,3,0,48,20.0,18468.37299395167,48100.81919908385,14.03921568627451,16.45098039215686
3,3,0,49,20.0,17586.528280527946,45727.56224968558,12.77450980392157,15.980392156862745
3,3,0,50,20.0,22439.890701163094,55432.85794789703,17.441176470588236,17.41176470588235
3,3,0,51,20.0,17740.230810447236,44974.45226608024,13.92156862745098,16.07843137254902
3,3,0,52,20.0,21730.397201042193,54971.561535084285,16.480392156862745,18.019607843137255
3,3,0,53,19.0,16408.282716980993,41857.10044288456,12.784313725490197,15.27450980392157
3,3,0,54,21.0,26114.754279314016,64810.57528388015,18.745098039215687,19.0
3,3,0,55,18.0,14440.02916841015,36108.937856758326,13.176470588235293,15.058823529411764
3,3,0,56,18.0,16696.31607044433,41993.42453463482,14.598039215686274,15.72549019607843
3,3,0,57,16.0,11656.462126445333,29048.721401650022,12.009803921568627,12.588235294117647
3,3,0,58,20.0,20157.174092180194,49287.75737815237,16.598039215686274,16.627450980392158
3,3,0,59,19.0,16743.67273963181,42594.39880913749,13.637254901960784,15.568627450980392
3,3,1,0,18.0,14628.732357715167,38144.491868106044,12.5,13.823529411764707
3,3,1,1,15.0,10671.673110799971,25776.438787677143,12.009803921568627,10.215686274509803
3,3,1,2,18.0,15542.540002231595,37708.77263488034,15.352941176470589,13.215686274509803
3,3,1,3,10.0,3840.6033932426512,9245.431599065525,6.03921568627451,6.098039215686274
3,3,1,4,13.0,6579.000673147321,17340.7584218065,8.127450980392156,8.568627450980392
3,3,1,5,17.0,11937.752356084193,31012.253859394634,11.862745098039216,12.607843137254902
3,3,1,6,19.0,17531.438717729663,43367.112122071456,16.00980392156863,14.470588235294118
3,3,1,7,13.0,6721.856367138424,16912.103928130407,8.833333333333334,8.882352941176471
3,3,1,8,14.0,7811.00790908696,20120.652289575308,8.235294117647058,9.96078431372549
3,3,1,9,16.0,11846.241140415224,29097.459070900277,13.470588235294118,11.27450980392157
3,3,1,10,16.0,11535.655583722708,27869.76290709348,12.823529411764707,11.647058823529411
3,3,1,11,16.0,11625.428598572887,28556.142932307383,12.529411764705882,11.549019607843137
3,3,1,12,14.0,7187.691201446192,19004.44799127464,8.22549019607843,8.823529411764707
3,3,1,13,16.0,10884.938484398266,27565.99318966105,11.431372549019608,11.784313725490197
3,3,1,14,18.0,16494.121074697192,40642.26450868443,15.323529411764707,14.333333333333334
3,3,1,15,13.0,7994.90755077502,20041.60789711091,10.862745098039216,9.96078431372549
3,3,1,16,17.0,12336.18135979619,32035.318690141416,11.696078431372548,12.862745098039216
3,3,1,17,18.0,14736.361373844331,38380.21397651589,13.27450980392157,13.666666666666666
3,3,1,18,15.0,11623.341568137863,28021.692290993327,12.627450980392156,11.352941176470589
3,3,1,19,16.0,11814.942460630484,28980.14330163141,12.862745098039216,11.352941176470589
3,3,1,20,18.0,16098.934366352718,39310.92752559472,15.57843137254902,14.294117647058824
3,3,1,21,16.0,11537.364852129384,28005.011193302857,12.77450980392157,11.450980392156863
3,3,1,22,14.0,7914.934749826394,20396.287128446373,9.029411764705882,10.156862745098039
3,3,1,23,17.0,14307.219609144146,34678.62628834201,14.77450980392157,12.627450980392156
3,3,1,24,15.0,10570.545403327134,25681.276074458292,12.235294117647058,10.784313725490197
3,3,1,25,15.0,9579.143681106409,24918.952947703714,10.666666666666666,10.627450980392156
3,3,1,26,15.0,11966.332277737225,29473.02881273876,13.372549019607844,11.901960784313726
3,3,1,27,13.0,6760.096718237729,17288.53748444904,9.72549019607843,8.666666666666666
3,3,1,28,19.0,16967.144883200912,41805.968123042316,15.72549019607843,14.07843137254902
3,3,1,29,7.0,2466.6241631058365,6164.912663992718,4.107843137254902,3.5686274509803924
3,3,1,30,18.0,15678.457399098017,38751.74964645911,15.107843137254902,13.647058823529411
3,3,1,31,15.0,10023.61444559332,23780.500618512382,11.911764705882353,10.176470588235293
3,3,1,32,15.0,10939.796487428148,26545.68887866887,12.147058823529411,10.72549019607843
3,3,1,33,0.0,333.15628384056873,867.4108510858514,0.8823529411764706,0.5490196078431373
3,3,1,34,17.0,13957.978483613779,33835.25307129428,14.441176470588236,12.568627450980392
3,3,1,35,17.0,14892.207485689492,37249.15875039618,14.745098039215685,13.745098039215685
3,3,1,36,17.0,15256.517847493004,38454.12335120582,14.392156862745098,14.098039215686274
3,3,1,37,14.0,7979.1805118577295,21343.012413798875,9.333333333333334,10.254901960784315
3,3,1,38,16.0,12498.923620040961,30502.11836232589,13.058823529411764,11.843137254901961
3,3,1,39,16.0,11167.141119375201,27007.55506469605,12.5,10.27450980392157
3,3,1,40,11.0,4356.65641041544,11880.654803118447,6.068627450980392,6.627450980392157
3,3,1,41,15.0,8772.579386310012,22135.28629465076,11.098039215686274,10.431372549019608
3,3,1,42,14.0,7546.072829823242,19848.433927517177,7.578431372549019,9.176470588235293
3,3,1,43,19.0,16996.90886100647,41716.64238739485,15.519607843137255,14.196078431372548
3,3,1,44,17.0,15323.466615752757,37500.534661180835,15.294117647058824,13.411764705882353
3,3,1,45,14.0,10055.91459993353,24999.61560048128,12.107843137254902,11.196078431372548
3,3,1,46,15.0,10494.914689429079,25658.21630213861,12.401960784313726,11.117647058823529
3,3,1,47,16.0,11957.100861450988,30188.686504811794,11.784313725490197,12.313725490196079
3,3,1,48,15.0,9970.273263310997,26132.05950930558,10.637254901960784,10.882352941176471
3,3,1,49,15.0,9152.116956796996,23849.53027497831,8.892156862745098,10.058823529411764
3,3,1,50,16.0,13025.383673572778,31596.990884186293,13.313725490196079,11.96078431372549
3,3,1,51,10.0,3818.0852805574336,10028.605670792465,5.372549019607843,6.0588235294117645
3,3,1,52,15.0,9899.612523367558,25798.657770650538,11.156862745098039,11.352941176470589
3,3,1,53,13.0,6791.2684540350165,17608.96570502152,7.598039215686274,8.254901960784315
3,3,1,54,19.0,17214.96062146135,42931.10799548967,15.549019607843137,14.333333333333334
3,3,1,55,12.0,5951.519648044312,15093.444273854664,8.294117647058824,8.941176470588236
3,3,1,56,11.0,4235.9103155982975,10794.812972076623,7.098039215686274,6.078431372549019
3,3,1,57,7.0,2459.1160058647743,6053.613713211888,5.637254901960785,3.6666666666666665
3,3,1,58,15.0,11443.185838999249,27905.701857056643,12.666666666666666,11.0
3,3,1,59,13.0,7419.59282628737,19815.561774792226,7.911764705882353,8.980392156862745
3,3,2,0,15.0,9082.72778093279,24005.406031800787,9.931372549019608,9.568627450980392
3,3,2,1,11.0,5836.3851793973145,13692.892423756493,8.53921568627451,5.490196078431373
3,3,2,2,15.0,10115.92531816986,24147.8762591971,12.666666666666666,9.098039215686274
3,3,2,3,1.0,984.7536200462239,2343.544276925602,2.607843137254902,1.4705882352941178
3,3,2,4,10.0,3456.9995067077107,9267.263369020571,5.666666666666667,4.647058823529412
3,3,2,5,13.0,7019.437626301889,18445.313121538024,8.950980392156863,9.098039215686274
3,3,2,6,16.0,10925.284775506074,27556.195587660746,13.0,10.509803921568627
3,3,2,7,9.0,2985.6822191544243,7421.071626415546,5.401960784313726,4.333333333333333
3,3,2,8,9.0,2979.476563124958,7880.875164349428,4.480392156862745,4.784313725490196
3,3,2,9,13.0,6873.655045684418,16696.442041744518,10.42156862745098,7.078431372549019
3,3,2,10,14.0,7237.12914423372,17343.480498519468,10.009803921568627,7.862745098039215
3,3,2,11,12.0,6469.910082308708,15771.625966425909,9.333333333333334,7.0588235294117645
3,3,2,12,10.0,3224.449988662682,8827.4891824296,5.166666666666667,4.294117647058823
3,3,2,13,14.0,7015.736524305638,17915.370746079883,9.441176470588236,8.470588235294118
3,3,2,14,16.0,11970.500112354455,29324.78707502926,13.215686274509803,10.941176470588236
3,3,2,15,6.0,1921.1643229527594,4551.890803540965,5.147058823529412,2.6666666666666665
3,3,2,16,14.0,6932.664480243191,18452.317363609458,8.843137254901961,8.27450980392157
3,3,2,17,15.0,8924.254824532489,23421.6367172369,10.5,9.411764705882353
3,3,2,18,12.0,6989.079420026987,16530.030392314187,9.676470588235293,7.470588235294118
3,3,2,19,13.0,7076.786350670253,17282.02101992349,10.392156862745098,7.294117647058823
3,3,2,20,15.0,11078.015224465606,26774.876220341266,13.07843137254902,10.980392156862745
3,3,2,21,14.0,8497.121272555363,20357.09060216327,10.931372549019608,8.843137254901961
3,3,2,22,0.0,0.24555779374848785,1.7325759991689227,0.0,0.0
3,3,2,23,16.0,10288.675483467116,24721.48977946479,12.784313725490197,9.352941176470589
3,3,2,24,12.0,6758.174542538123,16209.512806402336,9.852941176470589,7.294117647058823
3,3,2,25,11.0,4286.063394813373,11421.324965244426,7.0588235294117645,5.411764705882353
3,3,2,26,13.0,6893.649116687718,16813.554109293702,10.313725490196079,7.803921568627451
3,3,2,27,9.0,2748.369818099756,7121.7699490191,5.754901960784314,3.019607843137255
3,3,2,28,16.0,10869.606560397757,26502.247414620826,13.068627450980392,9.92156862745098
3,3,2,29,0.0,1083.0504222426932,2602.7766523448404,2.5686274509803924,1.1176470588235294
3,3,2,30,15.0,9938.61411187039,24141.169381159998,12.254901960784315,9.333333333333334
3,3,2,31,12.0,5543.705867053442,12853.487453928814,8.823529411764707,5.784313725490196
3,3,2,32,12.0,5819.384962070369,13987.350495975727,8.941176470588236,6.176470588235294
3,3,2,33,0.0,164.31388907840048,394.63331718249435,0.5392156862745098,0.19607843137254902
3,3,2,34,14.0,8775.652557577661,20992.685247479483,11.980392156862745,8.470588235294118
3,3,2,35,15.0,10350.316824982443,26150.031012427175,12.558823529411764,10.607843137254902
3,3,2,36,16.0,11431.592380741493,28849.923091939203,12.686274509803921,11.196078431372548
3,3,2,37,12.0,4778.005019207809,12868.359349001728,7.127450980392157,6.745098039215686
3,3,2,38,13.0,6702.4044068038675,16399.20165266225,9.509803921568627,7.470588235294118
3,3,2,39,13.0,7668.615216930526,18300.413773562974,10.186274509803921,7.0
3,3,2,40,0.0,350.0312262179108,1032.2730817536867,1.1372549019607843,0.23529411764705882
3,3,2,41,12.0,4607.780089673187,11832.06344338747,7.970588235294118,6.0588235294117645
3,3,2,42,10.0,3866.7362035028136,10525.378192494692,4.970588235294118,4.9411764705882355
3,3,2,43,16.0,10743.004797660917,26624.89636326943,12.549019607843137,10.117647058823529
3,3,2,44,15.0,9368.02100988535,22383.32631885168,12.245098039215685,8.882352941176471
3,3,2,45,11.0,5366.895380668376,13063.775427974491,9.07843137254902,6.627450980392157
3,3,2,46,12.0,5144.466740643491,12495.283179875634,8.696078431372548,6.490196078431373
3,3,2,47,15.0,7803.885503362652,19800.796100215648,9.666666666666666,8.843137254901961
3,3,2,48,12.0,5584.390859173773,14892.708502335712,7.882352941176471,6.705882352941177
3,3,2,49,11.0,4499.967407332104,12080.339524376534,6.3431372549019605,5.568627450980392
3,3,2,50,14.0,8635.32610331074,20588.132646201935,11.009803921568627,8.411764705882353
3,3,2,51,1.0,772.4038064698415,1924.7264310021837,1.696078431372549,0.803921568627451
3,3,2,52,10.0,4025.860495703335,11085.381481802648,6.549019607843137,5.784313725490196
3,3,2,53,10.0,3640.7919588239843,9638.964634311978,5.3431372549019605,4.470588235294118
3,3,2,54,15.0,10151.776316470741,24946.64861427414,12.254901960784315,9.666666666666666
3,3,2,55,5.0,1344.6283644439209,3553.0362479473183,3.4313725490196076,2.0980392156862746
3,3,2,56,0.0,48.91981367281652,95.55934772054688,0.16666666666666666,0.0
3,3,2,57,0.0,505.69984676276727,1313.4892348473204,1.4607843137254901,0.5098039215686274
3,3,2,58,13.0,7607.344550056307,18625.135298340614,10.441176470588236,7.529411764705882
3,3,2,59,8.0,2524.9625006342003,7288.886814829631,3.784313725490196,3.5686274509803924
3,3,3,0,11.0,3991.4878896343916,10869.082856257675,6.117647058823529,3.627450980392157
3,3,3,1,8.0,3072.110293806566,6743.568530797196,5.686274509803922,1.6274509803921569
3,3,3,2,10.0,4324.593837650928,9851.661336952347,8.137254901960784,3.1176470588235294
3,3,3,3,0.0,374.9317966654874,932.3836395910392,1.3627450980392157,0.19607843137254902
3,3,3,4,5.0,1559.5264858386904,4260.553812184291,3.4019607843137254,1.3137254901960784
3,3,3,5,8.0,2411.405516617138,6355.390872872653,4.970588235294118,2.8627450980392157
3,3,3,6,12.0,4352.471786183597,11436.146389594704,8.235294117647058,4.196078431372549
3,3,3,7,1.0,1098.0602160696246,2669.8365838950963,2.823529411764706,1.3529411764705883
3,3,3,8,2.0,1126.2521359273837,2874.049578656858,2.156862745098039,1.1176470588235294
3,3,3,9,8.0,2875.373811273066,6576.2194251987685,6.254901960784314,2.1176470588235294
3,3,3,10,9.0,3087.968527713445,7254.797455662833,5.754901960784314,3.2941176470588234
3,3,3,11,8.0,2396.177755171835,5939.695479597731,5.0,2.3137254901960786
3,3,3,12,4.0,1065.1881516680173,3178.714816931849,2.7549019607843137,1.0196078431372548
3,3,3,13,9.0,3191.1931159989454,8113.56022019896,6.098039215686274,3.7254901960784315
3,3,3,14,13.0,7027.539950617143,17121.326525418186,9.970588235294118,6.137254901960785
3,3,3,15,0.0,713.3091532453934,1793.8633359572623,2.784313725490196,0.5098039215686274
3,3,3,16,11.0,3746.657545050567,10447.907910290794,6.411764705882353,3.7058823529411766
3,3,3,17,11.0,4485.905352104675,12320.360430953187,7.53921568627451,4.96078431372549
3,3,3,18,5.0,2022.1994193594985,4255.453818385841,4.3431372549019605,1.0784313725490196
3,3,3,19,8.0,2429.199690694168,5758.021535847198,5.892156862745098,1.8627450980392157
3,3,3,20,13.0,5983.419454227753,14397.782706967624,9.833333333333334,6.294117647058823
3,3,3,21,11.0,4665.189565844169,10636.833198899789,7.637254901960785,4.196078431372549
3,3,3,22,0.0,0.24555779374848785,1.7325759991689227,0.0,0.0
3,3,3,23,13.0,5794.171249559813,13478.344521493153,9.254901960784315,4.7254901960784315
3,3,3,24,8.0,3030.112968422275,6927.151688554135,6.029411764705882,2.1176470588235294
3,3,3,25,3.0,1243.5027641488325,3571.123296500505,2.9019607843137254,0.8627450980392157
3,3,3,26,9.0,2719.198541533909,6471.720244757441,6.215686274509804,2.3529411764705883
3,3,3,27,1.0,856.2393419879061,1782.6426361170682,2.8823529411764706,0.09803921568627451
3,3,3,28,11.0,4390.663459975246,10476.83442140822,8.352941176470589,3.7254901960784315
3,3,3,29,0.0,593.8182752356122,1323.8281850019132,1.7745098039215685,0.13725490196078433
3,3,3,30,12.0,4918.247325509146,11662.358380302547,8.5,3.784313725490196
3,3,3,31,6.0,2151.5423017999137,4470.345616059556,4.7254901960784315,1.2549019607843137
3,3,3,32,7.0,2100.7854631888804,4885.410063875733,4.823529411764706,1.3725490196078431
3,3,3,33,0.0,41.16353615573822,91.28240239288135,0.20588235294117646,0.0
3,3,3,34,9.0,3350.5994259454264,7569.022779958839,6.784313725490196,2.5686274509803924
3,3,3,35,11.0,4754.001698923249,12104.903723819281,8.392156862745098,5.352941176470588
3,3,3,36,13.0,6269.152473228305,16389.582698786005,9.480392156862745,6.509803921568627
3,3,3,37,7.0,2157.0183564619783,6259.6515314498865,4.401960784313726,2.7254901960784315
3,3,3,38,8.0,2186.169251760314,5139.831869554559,5.333333333333333,1.6274509803921569
3,3,3,39,10.0,4229.935642676247,9479.826333959929,6.7745098039215685,2.4705882352941178
3,3,3,40,0.0,117.13869659583499,355.6214605317579,0.4019607843137255,0.0392156862745098
3,3,3,41,7.0,1780.7013348123915,4710.879839430663,4.5,1.9607843137254901
3,3,3,42,3.0,1438.6092567686537,4124.791515980813,2.6862745098039214,0.9803921568627451
3,3,3,43,10.0,3531.590987907167,9088.040930612056,6.46078431372549,3.4313725490196076
3,3,3,44,11.0,4382.033762954714,10226.49132439974,8.254901960784315,3.392156862745098
3,3,3,45,7.0,2214.376388816246,5401.452643149877,5.411764705882353,1.9215686274509804
3,3,3,46,8.0,2440.706265819518,5729.344930362971,5.5,2.0784313725490198
3,3,3,47,10.0,3638.3381921190758,9442.348196274352,6.549019607843137,3.9215686274509802
3,3,3,48,0.0,533.0541358639157,1753.1693204839462,1.4705882352941178,0.5294117647058824
3,3,3,49,5.0,1583.3533228196466,4345.052317699031,3.1176470588235294,1.1372549019607843
3,3,3,50,10.0,4571.374497669061,10517.473171308113,7.637254901960785,3.8627450980392157
3,3,3,51,0.0,214.50532080564616,700.1953450295237,0.7549019607843137,0.0
3,3,3,52,5.0,1570.0125098859617,4498.299587271465,3.4411764705882355,1.3529411764705883
3,3,3,53,3.0,1059.0552573511131,2893.797806863119,2.4215686274509802,0.7843137254901961
3,3,3,54,12.0,5004.055980372092,12010.582881345697,8.294117647058824,4.1568627450980395
3,3,3,55,0.0,572.9946190085227,1452.473618031318,1.803921568627451,0.23529411764705882
3,3,3,56,0.0,48.632002624965196,94.30518542922012,0.16666666666666666,0.0
3,3,3,57,0.0,168.7661908016855,479.87619610424315,0.5686274509803921,0.11764705882352941
3,3,3,58,9.0,2837.857338650448,6780.294831477753,5.647058823529412,2.1176470588235294
3,3,3,59,0.0,629.2024245592224,1888.0318019088534,1.6372549019607843,0.27450980392156865
3,3,4,0,6.0,1831.239889513764,5065.596088208056,3.823529411764706,0.7254901960784313
3,3,4,1,0.0,1626.967630516949,3324.2114959447927,3.5784313725490198,0.1568627450980392
3,3,4,2,0.0,1329.9563533906885,2887.4894425093225,4.098039215686274,0.17647058823529413
3,3,4,3,0.0,195.2670200656339,494.5267835771169,0.9117647058823529,0.0196078431372549
3,3,4,4,0.0,717.1673885659495,1858.4379501613807,1.9901960784313726,0.1568627450980392
3,3,4,5,3.0,1333.1028353249312,3653.4461417960906,3.5588235294117645,1.0
3,3,4,6,7.0,1950.0372461180764,5147.458416094506,5.46078431372549,0.6862745098039216
3,3,4,7,0.0,537.0636463873414,1332.7779433414546,1.7156862745098038,0.5882352941176471
3,3,4,8,0.0,758.8685725419747,1837.1222380887018,1.6862745098039216,0.37254901960784315
3,3,4,9,1.0,1186.9717732033905,2660.6030838274783,3.627450980392157,0.5098039215686274
3,3,4,10,3.0,1655.297196363324,3910.4014391211763,3.9313725490196076,1.196078431372549
3,3,4,11,2.0,1236.9534961740874,3229.483884343084,3.088235294117647,0.9607843137254902
3,3,4,12,0.0,530.0733741935082,1709.3243426041156,1.8333333333333333,0.13725490196078433
3,3,4,13,2.0,1384.9240761564593,3635.866121574787,3.6862745098039214,1.0784313725490196
3,3,4,14,9.0,4146.1440241897335,9783.319573996738,7.019607843137255,1.5490196078431373
3,3,4,15,0.0,551.7935832647619,1444.7222307176621,2.303921568627451,0.11764705882352941
3,3,4,16,7.0,1963.405885613829,5508.407155263692,4.5,0.7254901960784313
3,3,4,17,7.0,1993.771284860396,5721.8703124651065,4.794117647058823,1.0392156862745099
3,3,4,18,0.0,739.0164919034834,1469.146138780025,2.264705882352941,0.0
3,3,4,19,2.0,1133.4779854383796,2558.6772648495557,3.911764705882353,0.17647058823529413
3,3,4,20,4.0,1526.127556197001,3915.2531330793604,4.137254901960785,1.0
3,3,4,21,5.0,2251.74087652202,4825.136726536908,4.7745098039215685,1.2156862745098038
3,3,4,22,0.0,0.24555779374848785,1.7325759991689227,0.0,0.0
3,3,4,23,6.0,2581.323928880689,5691.3197057684865,5.519607843137255,0.9019607843137255
3,3,4,24,2.0,1524.784651170971,3231.8550486609024,4.019607843137255,0.21568627450980393
3,3,4,25,0.0,705.886316423393,2059.9422645185014,2.1176470588235294,0.0196078431372549
3,3,4,26,1.0,1153.3156606411826,2845.6459864679405,3.7254901960784315,0.6862745098039216
3,3,4,27,0.0,731.3196469353649,1449.3565030176865,2.5294117647058822,0.0196078431372549
3,3,4,28,5.0,2006.6998488966804,4732.181566512798,5.205882352941177,0.37254901960784315
3,3,4,29,0.0,375.8489860774846,798.3283630696197,1.3333333333333333,0.0
3,3,4,30,6.0,2353.779342042393,5382.743094986668,5.127450980392157,0.7450980392156863
3,3,4,31,0.0,1055.0842482994926,2074.5058539511206,2.7941176470588234,0.27450980392156865
3,3,4,32,0.0,1018.1521143746245,2223.8472874161735,3.1470588235294117,0.058823529411764705
3,3,4,33,0.0,41.16353615573822,91.2824023928814,0.20588235294117646,0.0
3,3,4,34,3.0,1561.3157220357696,3457.215448792408,4.166666666666667,0.43137254901960786
3,3,4,35,5.0,1922.2008458976804,4905.881317075504,4.872549019607843,0.8627450980392157
3,3,4,36,9.0,2791.9128938836043,7838.970923620349,5.8431372549019605,2.0784313725490198
3,3,4,37,0.0,852.6929096606832,2727.0771962109675,2.784313725490196,0.5098039215686274
3,3,4,38,0.0,713.3469185005681,1518.2424500256957,2.088235294117647,0.058823529411764705
3,3,4,39,6.0,2705.8753037337206,5617.383183882605,4.970588235294118,0.49019607843137253
3,3,4,40,0.0,31.38522632087608,161.2200056228386,0.16666666666666666,0.0
3,3,4,41,1.0,816.0479715273245,2130.0508869815094,2.607843137254902,0.5098039215686274
3,3,4,42,0.0,772.2620055542411,2083.409308369632,1.7254901960784315,0.0
3,3,4,43,3.0,1386.094486559139,3486.7016415460466,3.1862745098039214,0.7450980392156863
3,3,4,44,5.0,2009.664945043709,4691.12705124113,4.813725490196078,0.35294117647058826
3,3,4,45,3.0,1240.0642628815235,3176.6050839378195,3.8823529411764706,0.5686274509803921
3,3,4,46,2.0,1374.1166439912522,3235.5991572726343,3.735294117647059,0.5882352941176471
3,3,4,47,6.0,1971.24466631569,5310.131080281403,4.676470588235294,1.2549019607843137
3,3,4,48,0.0,351.35032429248366,1269.4743365011163,1.088235294117647,0.0784313725490196
3,3,4,49,0.0,707.8589308750637,2007.7914692479003,1.7745098039215685,0.43137254901960786
3,3,4,50,7.0,2515.826785547684,5675.102974107307,5.333333333333333,1.0980392156862746
3,3,4,51,0.0,134.7976509753081,476.0290687009666,0.6470588235294118,0.0
3,3,4,52,0.0,986.9076571899442,2764.9461496481213,2.3333333333333335,0.0196078431372549
3,3,4,53,0.0,392.6818997976968,1053.4620208838173,0.9901960784313726,0.3333333333333333
3,3,4,54,8.0,2618.894786603062,6000.205999612361,5.794117647058823,0.7450980392156863
3,3,4,55,0.0,376.84409754957977,951.045944945322,1.1862745098039216,0.0
3,3,4,56,0.0,48.632002624965196,94.30518542922012,0.16666666666666666,0.0
3,3,4,57,0.0,86.21666631606465,275.35028038246514,0.4117647058823529,0.0
3,3,4,58,1.0,1259.7965975189677,3079.4053246064454,3.4901960784313726,0.4117647058823529
3,3,4,59,0.0,186.46833973598117,589.382757144229,0.7156862745098039,0.0
3,4,0,0,21.0,24414.58232659232,63227.10580623931,15.735294117647058,18.54901960784314
3,4,0,1,20.0,24383.04910521681,60170.94151213175,17.598039215686274,18.03921568627451
3,4,0,2,21.0,26484.613398578862,65646.00480138788,19.068627450980394,18.627450980392158
3,4,0,3,20.0,21672.023110834736,54090.15293515377,16.372549019607842,17.901960784313726
3,4,0,4,18.0,16942.903170683945,43999.22950198479,13.07843137254902,15.156862745098039
3,4,0,5,21.0,22082.844951253865,57126.912724233785,15.235294117647058,17.84313725490196
3,4,0,6,22.0,28784.805864064787,71328.24289758118,19.46078431372549,19.50980392156863
3,4,0,7,18.0,18582.704773773257,47140.86028752543,13.950980392156863,16.15686274509804
3,4,0,8,20.0,19729.744173895142,50874.33157284817,13.784313725490197,16.58823529411765
3,4,0,9,21.0,27319.859506067794,67696.52473882613,19.11764705882353,19.11764705882353
3,4,0,10,20.0,24444.55610479998,60374.63742469637,18.08823529411765,18.352941176470587
3,4,0,11,20.0,23178.045591107337,57317.26598115424,17.215686274509803,17.41176470588235
3,4,0,12,20.0,21782.152380706168,55851.39628024356,14.696078431372548,17.470588235294116
3,4,0,13,20.0,20492.70717795061,52073.4409551792,14.872549019607844,16.862745098039216
3,4,0,14,21.0,26789.67719186743,66159.02040353128,18.813725490196077,18.58823529411765
3,4,0,15,21.0,25778.835137461247,64436.11659752874,18.147058823529413,19.03921568627451
3,4,0,16,21.0,26050.947617040285,65622.28950019315,17.96078431372549,18.88235294117647
3,4,0,17,21.0,26005.96344245614,65876.44839739533,17.99019607843137,18.901960784313726
3,4,0,18,20.0,24197.46417424769,59652.228438257815,17.65686274509804,18.137254901960784
3,4,0,19,20.0,23162.58919825849,57536.0857226332,17.235294117647058,17.392156862745097
3,4,0,20,21.0,26857.239755874347,66231.61502842767,19.058823529411764,18.823529411764707
3,4,0,21,19.0,21594.989998625464,53334.38843430401,16.568627450980394,16.823529411764707
3,4,0,22,20.0,20628.394002793375,52888.71714116457,14.284313725490197,17.03921568627451
3,4,0,23,20.0,23702.510861593466,58702.404651616744,18.166666666666668,17.529411764705884
3,4,0,24,19.0,21953.554721382214,54473.30445254438,17.068627450980394,16.980392156862745
3,4,0,25,20.0,23521.525666091115,59129.82436755906,17.166666666666668,17.784313725490197
3,4,0,26,21.0,26410.72021287252,65627.24354985374,18.666666666666668,18.88235294117647
3,4,0,27,20.0,21929.208861679308,55043.0617469171,16.519607843137255,17.313725490196077
3,4,0,28,22.0,28254.852358567598,70374.11723565069,19.333333333333332,19.254901960784313
3,4,0,29,16.0,10676.286807820261,27323.619962094173,10.215686274509803,11.901960784313726
3,4,0,30,21.0,27044.929090922262,66974.73150067504,18.764705882352942,18.80392156862745
3,4,0,31,19.0,20848.258047224168,51073.55256236502,16.470588235294116,16.431372549019606
3,4,0,32,20.0,23954.39649732487,59141.12747737731,17.401960784313726,17.58823529411765
3,4,0,33,18.0,15999.997452826818,39358.54203951934,13.784313725490197,14.92156862745098
3,4,0,34,20.0,25598.186755144336,62962.63180679061,18.352941176470587,18.176470588235293
3,4,0,35,21.0,26478.442608504265,65964.57078044776,18.784313725490197,18.80392156862745
3,4,0,36,20.0,25328.71778179308,63258.87723578872,17.862745098039216,18.666666666666668
3,4,0,37,18.0,17479.784396154617,45744.453531873674,13.323529411764707,15.764705882352942
3,4,0,38,21.0,25492.095116424178,63368.27876786659,18.068627450980394,18.274509803921568
3,4,0,39,19.0,20930.671459906975,51283.798505711784,16.470588235294116,16.254901960784313
3,4,0,40,18.0,17779.717339480612,45209.157680057484,14.392156862745098,15.666666666666666
3,4,0,41,20.0,21221.697907027108,52703.08274667775,16.235294117647058,17.15686274509804
3,4,0,42,21.0,21613.780493061942,56389.53064448328,14.245098039215685,17.686274509803923
3,4,0,43,21.0,27488.60514420283,67953.65930680322,18.901960784313726,18.96078431372549
3,4,0,44,20.0,26376.54527647346,65247.867104359524,18.88235294117647,18.470588235294116
3,4,0,45,19.0,20993.123102359663,52504.17099240608,16.441176470588236,17.019607843137255
3,4,0,46,19.0,22583.287212853687,55972.93930600084,17.0,17.215686274509803
3,4,0,47,21.0,24326.149547110683,60852.30607958248,17.166666666666668,18.49019607843137
3,4,0,48,20.0,21165.81484520583,55064.99817988521,14.656862745098039,17.07843137254902
3,4,0,49,21.0,21198.74661759532,55329.319668453216,14.235294117647058,17.54901960784314
3,4,0,50,21.0,25287.834306648067,62531.35238624177,18.08823529411765,18.176470588235293
3,4,0,51,20.0,21145.010509898548,53397.78114883154,15.362745098039216,17.254901960784313
3,4,0,52,20.0,24931.510816680722,63089.22331610061,17.225490196078432,18.764705882352942
3,4,0,53,20.0,19672.410596862526,50500.321080654954,14.205882352941176,16.705882352941178
3,4,0,54,22.0,28600.089755438883,71049.92197562061,19.15686274509804,19.45098039215686
3,4,0,55,19.0,18675.57413832895,46486.95606092493,14.96078431372549,16.45098039215686
3,4,0,56,19.0,20382.809289764602,51160.57145334715,15.627450980392156,16.823529411764707
3,4,0,57,17.0,14891.77419642692,37215.74612250264,13.313725490196079,14.0
3,4,0,58,20.0,23180.985738063995,56852.02671827887,17.392156862745097,17.313725490196077
3,4,0,59,19.0,19641.297146721205,49750.782263592424,14.617647058823529,16.372549019607842
3,4,1,0,19.0,17884.963776498505,46530.69757830173,13.490196078431373,15.0
3,4,1,1,17.0,15163.369577314903,36993.02109279573,14.088235294117647,12.647058823529411
3,4,1,2,19.0,19639.828466692314,48279.912338477974,16.745098039215687,14.96078431372549
3,4,1,3,13.0,7578.889893721387,18349.366417069567,9.186274509803921,9.235294117647058
3,4,1,4,16.0,11218.787729323893,29671.5529252356,10.872549019607844,11.372549019607844
3,4,1,5,19.0,16229.936500990769,42268.09881843607,13.382352941176471,14.568627450980392
3,4,1,6,20.0,21305.671756506716,53033.77519161817,17.068627450980394,15.823529411764707
3,4,1,7,15.0,11937.21163026636,30323.72988736165,11.411764705882353,12.058823529411764
3,4,1,8,16.0,11542.681367617997,29773.978250990276,10.176470588235293,12.254901960784315
3,4,1,9,17.0,16245.073103358312,40100.115987516394,15.176470588235293,13.529411764705882
3,4,1,10,17.0,16446.476260017273,40426.50762097368,15.058823529411764,13.941176470588236
3,4,1,11,17.0,16024.080985842333,39836.198678409004,14.480392156862745,13.823529411764707
3,4,1,12,16.0,10989.671513029718,29017.17496803529,10.264705882352942,11.411764705882353
3,4,1,13,17.0,14767.105907768979,37787.28599136126,12.823529411764707,13.470588235294118
3,4,1,14,19.0,20271.75022915705,50294.32191396326,16.53921568627451,15.588235294117647
3,4,1,15,16.0,14380.677846280756,36086.775836311805,13.941176470588236,13.490196078431373
3,4,1,16,18.0,16606.588484121952,42780.00967088431,13.205882352941176,14.549019607843137
3,4,1,17,19.0,18217.654235719194,47371.94278241572,14.235294117647058,15.0
3,4,1,18,17.0,15478.218710903056,37836.92029584096,14.254901960784315,13.313725490196079
3,4,1,19,17.0,15850.385899875257,39030.261135695895,14.647058823529411,13.392156862745098
3,4,1,20,19.0,20325.643818090764,49953.0573600163,16.872549019607842,15.784313725490197
3,4,1,21,17.0,15928.915749988115,39236.72430246706,14.519607843137255,13.588235294117647
3,4,1,22,15.0,10992.915197208942,28283.737441691417,10.323529411764707,11.686274509803921
3,4,1,23,18.0,18636.048575953413,45702.48539359177,16.186274509803923,14.568627450980392
3,4,1,24,16.0,15122.83478955611,37113.15633520416,14.294117647058824,13.254901960784315
3,4,1,25,17.0,13352.253835300626,34812.703319506094,12.019607843137255,12.686274509803921
3,4,1,26,17.0,16717.548416570044,41366.87833699798,15.205882352941176,14.156862745098039
3,4,1,27,15.0,12291.060236245157,31028.4164706186,12.666666666666666,11.862745098039216
3,4,1,28,20.0,21263.473081165026,52603.39150869964,16.941176470588236,15.607843137254902
3,4,1,29,10.0,4296.003361027562,10922.044442824237,5.421568627450981,5.549019607843137
3,4,1,30,19.0,20086.86111660879,49759.96788147072,16.519607843137255,15.196078431372548
3,4,1,31,16.0,14352.150049162643,34828.816894602875,13.911764705882353,12.450980392156863
3,4,1,32,17.0,15771.787774600263,38708.563896278065,14.362745098039216,13.254901960784315
3,4,1,33,0.0,506.8811465556673,1314.2951332646232,1.0588235294117647,0.7647058823529411
3,4,1,34,18.0,18580.722706746332,45435.12384422122,16.019607843137255,14.411764705882353
3,4,1,35,19.0,19336.20563319538,48453.05811880608,16.30392156862745,15.372549019607844
3,4,1,36,19.0,20120.14092356314,50507.11454135316,16.07843137254902,16.0
3,4,1,37,16.0,12321.973864596772,32445.248030603278,11.372549019607844,12.588235294117647
3,4,1,38,17.0,16498.99158521432,40555.16317705796,14.735294117647058,13.529411764705882
3,4,1,39,17.0,15636.169473024178,38160.49962484909,14.549019607843137,12.686274509803921
3,4,1,40,14.0,8598.452641120284,22414.187793927675,9.303921568627452,10.156862745098039
3,4,1,41,17.0,14046.911391641328,35172.90270731774,13.46078431372549,12.980392156862745
3,4,1,42,16.0,11037.415532792793,28945.957174968345,8.990196078431373,11.058823529411764
3,4,1,43,19.0,20179.730520862176,49904.83890693657,16.42156862745098,15.27450980392157
3,4,1,44,19.0,20039.505019626617,49508.45547423471,16.833333333333332,15.254901960784315
3,4,1,45,16.0,15260.009304856407,38091.00846837877,14.313725490196079,13.568627450980392
3,4,1,46,17.0,15000.301443671968,37007.92560403435,14.166666666666666,13.254901960784315
3,4,1,47,17.0,15967.304280015354,40025.36886491011,13.588235294117647,14.07843137254902
3,4,1,48,17.0,14193.715621786221,37037.699896289094,12.205882352941176,12.647058823529411
3,4,1,49,16.0,12517.120164889398,33018.74555848182,10.696078431372548,12.0
3,4,1,50,18.0,17006.6733869078,41858.81711085939,14.96078431372549,13.96078431372549
3,4,1,51,14.0,8070.926784878686,20933.638476946104,7.8431372549019605,9.392156862745098
3,4,1,52,16.0,14208.816269477316,36769.058262218634,13.03921568627451,13.372549019607844
3,4,1,53,15.0,9666.216352803884,25184.890833894904,8.803921568627452,10.176470588235293
3,4,1,54,19.0,20800.260755610096,51898.033254784976,16.725490196078432,15.549019607843137
3,4,1,55,15.0,11865.559993265888,29829.182123190774,12.284313725490197,12.27450980392157
3,4,1,56,14.0,9527.673074607483,24051.709751978513,10.92156862745098,10.509803921568627
3,4,1,57,11.0,6140.697559769532,15120.812407109259,8.784313725490197,7.549019607843137
3,4,1,58,17.0,15802.085698819406,38853.04862717489,14.607843137254902,13.058823529411764
3,4,1,59,15.0,11114.255062718838,28947.361404986652,10.431372549019608,11.333333333333334
3,4,2,0,17.0,12842.088618666014,33831.79567794561,11.53921568627451,11.686274509803921
3,4,2,1,15.0,10830.473947097167,26124.364404339693,11.745098039215685,9.235294117647058
3,4,2,2,17.0,14599.80592627747,35548.25111307464,14.843137254901961,11.686274509803921
3,4,2,3,9.0,3703.2197382305685,8809.365728686267,6.333333333333333,5.098039215686274
3,4,2,4,14.0,8213.639794021543,21851.816823471505,9.186274509803921,9.0
3,4,2,5,16.0,11677.73271274397,30520.563635817274,11.598039215686274,11.686274509803921
3,4,2,6,17.0,15467.649477364392,38751.63249713927,14.843137254901961,12.627450980392156
3,4,2,7,13.0,7411.728451181816,18624.962839257812,9.029411764705882,8.490196078431373
3,4,2,8,13.0,7173.711705888786,18730.72765817527,7.627450980392157,8.901960784313726
3,4,2,9,15.0,11138.929637368654,27520.70170509082,12.803921568627452,9.941176470588236
3,4,2,10,16.0,12180.253033528075,29640.76757626953,12.833333333333334,11.03921568627451
3,4,2,11,15.0,10825.926339828036,26857.70760211101,12.088235294117647,10.568627450980392
3,4,2,12,13.0,7010.077488663242,18859.333595819997,8.147058823529411,7.9411764705882355
3,4,2,13,16.0,11600.413963168727,29615.600082246427,11.519607843137255,11.411764705882353
3,4,2,14,17.0,16363.48387462098,40554.37120172764,14.931372549019608,13.196078431372548
3,4,2,15,11.0,6396.062370340862,15620.682433198246,9.627450980392156,7.921568627450981
3,4,2,16,16.0,11215.87418589993,29458.362594187205,11.07843137254902,11.03921568627451
3,4,2,17,16.0,12803.492164449115,33535.33782052922,12.127450980392156,11.647058823529411
3,4,2,18,15.0,10695.41656771614,25895.092307950647,11.950980392156863,10.058823529411764
3,4,2,19,16.0,11987.852864951037,29337.619178105615,13.127450980392156,10.509803921568627
3,4,2,20,18.0,16327.719703129285,40068.42636289151,15.254901960784315,13.509803921568627
3,4,2,21,16.0,12425.568551833501,30326.415246145123,12.990196078431373,11.137254901960784
3,4,2,22,0.0,0.24555779374848785,1.7325759991689227,0.0,0.0
3,4,2,23,17.0,14472.733136752782,35305.509541454005,14.57843137254902,11.764705882352942
3,4,2,24,15.0,11397.938359353207,27829.13307017954,12.519607843137255,10.529411764705882
3,4,2,25,15.0,9278.900580073481,24436.93963812816,10.22549019607843,9.686274509803921
3,4,2,26,15.0,11579.605336705055,28456.359741339445,12.77450980392157,10.823529411764707
3,4,2,27,12.0,6468.876501763261,16314.78986933567,8.705882352941176,6.8431372549019605
3,4,2,28,18.0,16098.516799308647,39449.04527731329,15.098039215686274,12.411764705882353
3,4,2,29,5.0,2437.154288125727,6138.477274192244,3.676470588235294,3.0392156862745097
3,4,2,30,17.0,14452.62201198696,35658.12028692222,14.323529411764707,11.843137254901961
3,4,2,31,14.0,10008.955243223438,23827.262495005325,11.696078431372548,9.117647058823529
3,4,2,32,14.0,9922.824309897002,24114.836081242374,11.294117647058824,9.058823529411764
3,4,2,33,0.0,201.39335869556422,507.19242479842467,0.6176470588235294,0.29411764705882354
3,4,2,34,16.0,13339.35193620229,32476.801163541604,14.03921568627451,11.235294117647058
3,4,2,35,17.0,14772.969827743516,37332.214622263564,14.607843137254902,12.764705882352942
3,4,2,36,17.0,16198.457805787395,40718.234471693395,14.656862745098039,13.607843137254902
3,4,2,37,14.0,9155.79906128427,24239.828429758476,9.950980392156863,10.215686274509803
3,4,2,38,15.0,11401.213893751627,27863.137666060968,12.313725490196079,10.313725490196079
3,4,2,39,15.0,11808.603672730484,28672.491919827524,12.637254901960784,9.568627450980392
3,4,2,40,7.0,2382.1504935070125,6550.875764633786,4.4411764705882355,3.9607843137254903
3,4,2,41,15.0,9229.055699947972,23816.90346053961,10.852941176470589,9.72549019607843
3,4,2,42,13.0,7256.047160397686,19306.100893769537,7.186274509803922,7.901960784313726
3,4,2,43,17.0,14747.247839052885,36481.66234147033,14.156862745098039,11.745098039215685
3,4,2,44,16.0,14313.876659502665,35051.41255774547,14.519607843137255,11.862745098039216
3,4,2,45,15.0,11481.685736411757,28487.998182582007,12.647058823529411,11.019607843137255
3,4,2,46,14.0,9713.916660327308,23824.756538439695,11.607843137254902,9.784313725490197
3,4,2,47,16.0,11884.379186034086,29921.877267442633,11.549019607843137,11.117647058823529
3,4,2,48,15.0,9738.74990299435,25581.5751399943,10.176470588235293,9.431372549019608
3,4,2,49,14.0,9141.356904056298,23967.387487679778,9.127450980392156,9.117647058823529
3,4,2,50,16.0,12929.688264026832,31412.468068945513,13.303921568627452,11.176470588235293
3,4,2,51,7.0,2336.7475430727086,5923.927779186982,3.735294117647059,3.627450980392157
3,4,2,52,14.0,8230.027247572074,22171.636085972554,9.245098039215685,9.215686274509803
3,4,2,53,13.0,6432.495395982074,16855.012441636718,7.205882352941177,7.1568627450980395
3,4,2,54,17.0,14220.67301859711,35183.63088437719,13.941176470588236,11.901960784313726
3,4,2,55,12.0,7466.441766835214,19064.736066656318,9.754901960784315,9.019607843137255
3,4,2,56,0.0,48.919813672816524,95.55934772054688,0.16666666666666666,0.0
3,4,2,57,0.0,1103.5714195128028,2846.852275213202,2.1470588235294117,1.3137254901960784
3,4,2,58,15.0,11561.487568744047,28465.497588980747,12.666666666666666,10.03921568627451
3,4,2,59,11.0,5631.748766498587,15427.158945268655,6.6568627450980395,7.117647058823529
3,4,3,0,14.0,7406.545099737836,19882.465335748646,8.529411764705882,6.803921568627451
3,4,3,1,11.0,5910.684838867792,13800.7123462229,8.372549019607844,4.333333333333333
3,4,3,2,13.0,7821.032741381768,18881.239676333676,10.794117647058824,6.568627450980392
3,4,3,3,0.0,917.2318324033271,2252.95181196828,2.1862745098039214,1.0588235294117647
3,4,3,4,10.0,3854.288267051995,10444.255916825065,5.745098039215686,4.215686274509804
3,4,3,5,14.0,7430.712883005743,19692.577762164787,9.431372549019608,8.137254901960784
3,4,3,6,14.0,8463.752605429938,21923.02865169561,11.176470588235293,7.490196078431373
3,4,3,7,9.0,3224.421775544809,8035.159615407582,5.4411764705882355,3.6470588235294117
3,4,3,8,8.0,3034.0698427275593,7861.005738939708,4.2254901960784315,4.019607843137255
3,4,3,9,12.0,5796.233123107821,13963.538331076172,9.303921568627452,5.137254901960785
3,4,3,10,13.0,6381.013096889475,15149.111296892977,8.803921568627452,6.019607843137255
3,4,3,11,11.0,5154.781672957927,12974.556284904462,8.058823529411764,5.313725490196078
3,4,3,12,10.0,3219.7629390557613,9113.960188011077,5.0,3.4901960784313726
3,4,3,13,13.0,7091.665186225799,18202.476281097894,9.352941176470589,7.313725490196078
3,4,3,14,16.0,11455.638787182043,28298.236543675375,12.53921568627451,9.392156862745098
3,4,3,15,8.0,3032.419055612726,7471.996829516394,6.607843137254902,3.7058823529411766
3,4,3,16,14.0,7298.129826309252,19698.747420848325,8.911764705882353,6.784313725490196
3,4,3,17,14.0,7917.970292614642,21370.804462410033,9.843137254901961,7.7254901960784315
3,4,3,18,9.0,4224.739494588992,9845.836393628844,6.813725490196078,4.019607843137255
3,4,3,19,12.0,6140.212472711992,15090.71186531458,9.509803921568627,5.549019607843137
3,4,3,20,16.0,10854.971085222236,26649.93291547852,12.794117647058824,9.764705882352942
3,4,3,21,13.0,7647.408474640349,18287.74015156561,10.098039215686274,7.0588235294117645
3,4,3,22,0.0,0.24555779374848785,1.7325759991689227,0.0,0.0
3,4,3,23,15.0,9513.117050503011,22803.416916758168,11.92156862745098,7.666666666666667
3,4,3,24,12.0,6176.907873962429,14823.012349168632,9.137254901960784,5.568627450980392
3,4,3,25,9.0,3748.619692425342,10328.629251611088,6.107843137254902,4.372549019607843
3,4,3,26,13.0,6591.044931988379,16181.242398292652,9.931372549019608,6.588235294117647
3,4,3,27,8.0,2626.544152785267,6261.2769979517625,5.480392156862745,2.1372549019607843
3,4,3,28,14.0,9053.49182640356,22120.124811040456,11.490196078431373,7.705882352941177
3,4,3,29,0.0,1227.4558286005858,2988.7715050782062,2.5588235294117645,0.9215686274509803
3,4,3,30,14.0,8616.438590915406,21097.215361036004,11.186274509803921,7.2745098039215685
3,4,3,31,11.0,5208.468631063169,11877.95356328152,7.96078431372549,4.313725490196078
3,4,3,32,11.0,5155.9701591369685,12503.28202633009,8.03921568627451,4.254901960784314
3,4,3,33,0.0,41.16353615573822,91.28240239288135,0.20588235294117646,0.0
3,4,3,34,12.0,6483.602041012985,15282.216456769575,9.549019607843137,5.7254901960784315
3,4,3,35,14.0,8646.497985220207,22065.566698070455,11.245098039215685,8.372549019607844
3,4,3,36,16.0,10898.932947559459,27939.871792303275,12.284313725490197,9.823529411764707
3,4,3,37,12.0,5772.528940663078,15374.733992399968,7.980392156862745,6.8431372549019605
3,4,3,38,11.0,5088.707583233283,12273.354260886616,7.990196078431373,4.764705882352941
3,4,3,39,13.0,7770.29719966562,18404.089540206543,9.715686274509803,5.627450980392157
3,4,3,40,0.0,300.7965923183128,828.2222192254147,0.8333333333333334,0.17647058823529413
3,4,3,41,11.0,4424.759076378538,11705.280830808653,7.745098039215686,4.490196078431373
3,4,3,42,9.0,3533.3820872072365,9745.934148248592,4.549019607843137,3.6666666666666665
3,4,3,43,13.0,7580.522557880238,19290.16044831844,9.941176470588236,7.098039215686274
3,4,3,44,14.0,8761.019249181565,21116.709679818174,11.57843137254902,7.411764705882353
3,4,3,45,13.0,6595.207137536874,16127.119715939674,9.901960784313726,6.509803921568627
3,4,3,46,12.0,5400.31798706385,13050.719390148492,8.568627450980392,5.196078431372549
3,4,3,47,14.0,7659.778705791987,19510.691852794655,9.176470588235293,7.2745098039215685
3,4,3,48,8.0,2412.206588833372,6958.494835426032,4.147058823529412,3.0588235294117645
3,4,3,49,9.0,4158.172870734821,11127.558411427139,5.862745098039215,4.1568627450980395
3,4,3,50,13.0,8354.629689098294,19851.1936386739,10.77450980392157,7.254901960784314
3,4,3,51,2.0,780.9337469466826,2011.773162645395,1.6274509803921569,0.6470588235294118
3,4,3,52,10.0,4594.407504792388,12794.642650091017,6.647058823529412,5.176470588235294
3,4,3,53,9.0,3060.4123528667487,8243.122312897129,4.372549019607843,2.9215686274509802
3,4,3,54,15.0,8984.163569940947,21998.00942314183,11.049019607843137,7.372549019607843
3,4,3,55,7.0,2110.8053242618757,5581.810972290622,4.490196078431373,2.7450980392156863
3,4,3,56,0.0,48.632002624965196,94.30518542922012,0.16666666666666666,0.0
3,4,3,57,0.0,412.0348786225241,1130.6376854520768,1.0196078431372548,0.4117647058823529
3,4,3,58,12.0,5888.24411863098,14456.744004745133,8.745098039215685,4.980392156862745
3,4,3,59,3.0,1395.7374599419452,4077.3514920056823,2.5,1.4313725490196079
3,4,4,0,11.0,4116.184909459305,11133.020503383332,5.9411764705882355,2.392156862745098
3,4,4,1,7.0,3227.1756156253005,7035.663819893774,5.519607843137255,1.0588235294117647
3,4,4,2,7.0,2666.6360761736973,6172.780778459369,5.852941176470588,1.0196078431372548
3,4,4,3,0.0,457.89278977360925,1121.7105368989364,1.4901960784313726,0.21568627450980393
3,4,4,4,4.0,1602.6875286729532,4389.169973795648,3.3823529411764706,1.0392156862745099
3,4,4,5,10.0,3558.119837128421,9700.532067921678,6.2745098039215685,3.176470588235294
3,4,4,6,10.0,4002.449944716046,10599.94771683062,7.53921568627451,2.7254901960784315
3,4,4,7,2.0,1186.3860092361342,2912.4188864048947,2.784313725490196,1.1764705882352942
3,4,4,8,1.0,1534.7243181928282,3743.37273214813,2.450980392156863,1.1176470588235294
3,4,4,9,7.0,2491.0013682121125,5670.311574046182,5.509803921568627,1.1176470588235294
3,4,4,10,8.0,3410.7659207277275,8190.730847342302,5.794117647058823,2.8627450980392157
3,4,4,11,7.0,2606.6858781921087,6825.34815995945,4.911764705882353,2.0392156862745097
3,4,4,12,3.0,1308.5960655725557,3905.3556175863523,2.950980392156863,0.8823529411764706
3,4,4,13,9.0,3454.3726029968843,9036.867966002788,6.401960784313726,3.2549019607843137
3,4,4,14,13.0,6603.345488563682,16428.01171541455,8.96078431372549,3.8627450980392157
3,4,4,15,3.0,1256.342146681145,3134.94098558717,3.8333333333333335,0.8235294117647058
3,4,4,16,11.0,4110.851217236772,11628.178916533052,6.421568627450981,2.803921568627451
3,4,4,17,11.0,3952.5426641857844,11258.461161581523,6.715686274509804,2.764705882352941
3,4,4,18,3.0,1725.3368172774763,3667.1731704534595,3.784313725490196,0.47058823529411764
3,4,4,19,9.0,3290.8748995982032,7855.119691866855,6.872549019607843,1.8627450980392157
3,4,4,20,10.0,3729.870383143402,9481.614486483924,6.794117647058823,3.3333333333333335
3,4,4,21,10.0,4029.0970871690815,9112.441035385462,6.7254901960784315,2.4901960784313726
3,4,4,22,0.0,0.24555779374848785,1.7325759991689227,0.0,0.0
3,4,4,23,11.0,4658.145343885463,10845.59052684124,7.8431372549019605,2.196078431372549
3,4,4,24,8.0,3227.049491253251,7260.514464594837,6.03921568627451,1.3529411764705883
3,4,4,25,3.0,1532.8676563694717,4459.131751728742,3.284313725490196,0.8431372549019608
3,4,4,26,8.0,2601.2058471241844,6374.95358842143,5.568627450980392,1.7843137254901962
3,4,4,27,4.0,1601.1197021681874,3433.1718368543616,3.9705882352941178,0.3333333333333333
3,4,4,28,10.0,4171.317772610048,10188.817924518009,7.470588235294118,2.549019607843137
3,4,4,29,0.0,613.6653235000097,1389.149103353977,1.7254901960784315,0.0784313725490196
3,4,4,30,12.0,4451.735253564571,10815.734927040437,7.578431372549019,2.450980392156863
3,4,4,31,4.0,2263.190533428746,4701.292282871249,4.470588235294118,0.9019607843137255
3,4,4,32,6.0,2258.5929443961913,5223.419735506699,4.882352941176471,0.7647058823529411
3,4,4,33,0.0,41.16353615573822,91.2824023928814,0.20588235294117646,0.0
3,4,4,34,9.0,3405.482997157208,7736.423771707304,6.549019607843137,1.803921568627451
3,4,4,35,10.0,4039.690635698302,10460.061596376425,7.019607843137255,2.823529411764706
3,4,4,36,13.0,5932.3763302274365,15966.957456809976,8.833333333333334,4.803921568627451
3,4,4,37,7.0,2162.365033653098,6322.441869424712,4.578431372549019,2.4313725490196076
3,4,4,38,6.0,1903.1251613215138,4498.238961013469,4.294117647058823,0.7647058823529411
3,4,4,39,10.0,4896.608194695283,10939.156375724338,6.990196078431373,1.9019607843137254
3,4,4,40,0.0,59.071295845258064,219.17859249824653,0.22549019607843138,0.0
3,4,4,41,7.0,1973.2373580370672,5107.537783447646,4.970588235294118,1.2352941176470589
3,4,4,42,3.0,1634.740807380055,4544.3869163048685,2.5392156862745097,0.6862745098039216
3,4,4,43,9.0,2894.839386974078,7480.506602811001,5.323529411764706,1.9215686274509804
3,4,4,44,10.0,4097.115224447886,9793.339950791273,7.46078431372549,2.019607843137255
3,4,4,45,9.0,3234.1727674686626,7996.064668793076,6.637254901960785,1.8823529411764706
3,4,4,46,7.0,2639.4303734139244,6236.692998844024,5.284313725490196,1.5098039215686274
3,4,4,47,10.0,4260.223836887217,11061.749905905439,6.735294117647059,3.392156862745098
3,4,4,48,2.0,934.0011506016886,2897.838957609272,1.9215686274509804,0.7254901960784313
3,4,4,49,3.0,1619.2555928081067,4421.976116336722,3.0098039215686274,0.8823529411764706
3,4,4,50,11.0,4628.744853981506,10723.188485600956,7.5,2.8823529411764706
3,4,4,51,0.0,273.5026738324662,831.0954710902467,0.7941176470588235,0.0
3,4,4,52,6.0,2275.8110065589713,6514.4803656268205,3.980392156862745,1.5294117647058822
3,4,4,53,1.0,1013.0632914217418,2863.162457636418,2.0686274509803924,0.6078431372549019
3,4,4,54,11.0,4640.429525647194,10973.390448907498,7.509803921568627,2.450980392156863
3,4,4,55,3.0,1108.3359532997176,2816.4832227671554,2.7941176470588234,0.5686274509803921
3,4,4,56,0.0,48.632002624965196,94.30518542922012,0.16666666666666666,0.0
3,4,4,57,0.0,143.6143700564077,491.32784613584255,0.4803921568627451,0.1568627450980392
3,4,4,58,7.0,2826.3306991002232,6917.325999400868,5.401960784313726,1.4313725490196079
3,4,4,59,0.0,470.14007694274085,1385.8657473576195,1.2549019607843137,0.11764705882352941
4,0,0,0,20.0,13624.44985980041,35111.26835553662,13.735294117647058,16.372549019607842
4,0,0,1,20.0,13830.564615913427,34191.690013067746,15.284313725490197,15.882352941176471
4,0,0,2,20.0,14076.343950751672,34874.305933417,16.627450980392158,16.098039215686274
4,0,0,3,19.0,10489.25684146142,26470.034276073748,12.401960784313726,14.588235294117647
4,0,0,4,17.0,9032.849657230916,23483.035574885937,10.450980392156863,12.352941176470589
4,0,0,5,20.0,12955.37264603351,33510.985822370916,13.607843137254902,16.215686274509803
4,0,0,6,21.0,16144.599069682175,39977.85201833864,17.5,17.54901960784314
4,0,0,7,17.0,9645.759455529227,24327.259314021605,11.068627450980392,13.235294117647058
4,0,0,8,19.0,10945.569319414742,28078.734773624306,11.382352941176471,14.294117647058824
4,0,0,9,20.0,14761.360406363487,36648.626236227115,16.96078431372549,16.627450980392158
4,0,0,10,19.0,13905.865051151362,34150.07057778607,15.735294117647058,16.07843137254902
4,0,0,11,19.0,12434.076033212827,30729.439322994276,14.558823529411764,14.803921568627452
4,0,0,12,19.0,12551.22502828787,31971.88741657526,12.813725490196079,15.313725490196079
4,0,0,13,19.0,12762.419302108821,31925.166944206212,14.509803921568627,15.196078431372548
4,0,0,14,20.0,14825.793916239163,36680.75467610868,16.764705882352942,16.45098039215686
4,0,0,15,20.0,14216.686088180277,35629.074341742584,15.676470588235293,16.647058823529413
4,0,0,16,20.0,14417.920701660722,36279.72833801869,15.490196078431373,16.58823529411765
4,0,0,17,21.0,14671.490126432383,37318.40075276741,15.892156862745098,16.941176470588236
4,0,0,18,20.0,14066.734732493633,34681.87640231345,15.470588235294118,16.215686274509803
4,0,0,19,19.0,12485.488911189406,30964.44564017641,14.480392156862745,14.705882352941176
4,0,0,20,20.0,15067.48958529015,36908.99596031321,17.08823529411765,16.686274509803923
4,0,0,21,17.0,10969.40439913686,27203.411149419662,13.22549019607843,13.647058823529411
4,0,0,22,18.0,10965.458103614419,27796.807275790656,11.96078431372549,14.470588235294118
4,0,0,23,18.0,11912.32470958584,29694.6585354885,15.058823529411764,14.372549019607844
4,0,0,24,17.0,11900.385674058783,29490.86143131619,14.186274509803921,14.137254901960784
4,0,0,25,19.0,13120.11546138563,33037.61848426839,14.676470588235293,15.450980392156863
4,0,0,26,20.0,14716.751482238027,36494.8566965388,16.50980392156863,16.568627450980394
4,0,0,27,17.0,11119.462843262867,28092.197881268643,12.96078431372549,14.137254901960784
4,0,0,28,21.0,15155.716524090423,38110.22109147333,17.147058823529413,17.07843137254902
4,0,0,29,16.0,5444.148871886149,13920.480090321946,7.480392156862745,8.862745098039216
4,0,0,30,20.0,14368.459204310631,36017.41948124732,16.441176470588236,16.274509803921568
4,0,0,31,17.0,10549.96817777686,25660.276557292254,13.343137254901961,13.07843137254902
4,0,0,32,19.0,12463.872667533256,30629.64904373531,14.333333333333334,14.607843137254902
4,0,0,33,18.0,10008.627168104946,25022.72869732838,11.676470588235293,14.117647058823529
4,0,0,34,19.0,13338.523604249694,33102.85134848362,15.72549019607843,15.509803921568627
4,0,0,35,20.0,14961.68972803421,37165.31039345229,16.80392156862745,16.764705882352942
4,0,0,36,19.0,13185.851400953752,33182.59915264073,14.794117647058824,15.823529411764707
4,0,0,37,16.0,7931.370995308414,21003.10724226146,9.509803921568627,11.627450980392156
4,0,0,38,20.0,14222.131947636582,35310.786185856945,15.686274509803921,15.96078431372549
4,0,0,39,17.0,11036.759706231263,27165.794581287053,13.715686274509803,13.372549019607844
4,0,0,40,15.0,7857.550050121106,20358.102468907276,9.588235294117647,11.196078431372548
4,0,0,41,18.0,11298.671862835341,28079.82916605658,13.019607843137255,14.490196078431373
4,0,0,42,20.0,11616.720991005137,30331.89227512641,11.862745098039216,15.27450980392157
4,0,0,43,21.0,15138.454085491428,37448.632463470385,16.91176470588235,16.725490196078432
4,0,0,44,19.0,13767.152606818532,34456.778839326566,16.245098039215687,16.03921568627451
4,0,0,45,17.0,10539.088792431825,26729.66323015135,13.058823529411764,13.764705882352942
4,0,0,46,17.0,11232.80524739286,27995.19760947753,13.754901960784315,13.686274509803921
4,0,0,47,20.0,13421.964016497952,33581.79356000878,14.411764705882353,16.176470588235293
4,0,0,48,19.0,11868.395844008583,30580.16773491496,12.705882352941176,15.0
4,0,0,49,19.0,10796.339190298737,27774.448895066558,11.117647058823529,14.019607843137255
4,0,0,50,20.0,14012.072768008797,34502.95109613285,15.529411764705882,15.549019607843137
4,0,0,51,19.0,11235.486243122705,28520.390031746185,12.058823529411764,14.549019607843137
4,0,0,52,19.0,13917.882864660534,34875.90368374503,14.686274509803921,16.568627450980394
4,0,0,53,19.0,10952.559585312896,27483.16124661081,11.509803921568627,13.882352941176471
4,0,0,54,21.0,15618.370924920728,38938.102280746534,17.147058823529413,17.333333333333332
4,0,0,55,18.0,10544.614761539651,26329.503593977664,12.450980392156863,14.27450980392157
4,0,0,56,18.0,11465.383962388625,28786.22869756279,12.92156862745098,14.0
4,0,0,57,14.0,7274.430115051055,18135.03512903542,9.647058823529411,10.235294117647058
4,0,0,58,19.0,13078.269408679078,32250.544076339265,15.088235294117647,15.07843137254902
4,0,0,59,19.0,11457.63619037281,28709.970490071097,12.598039215686274,14.215686274509803
4,0,1,0,18.0,9148.517199380065,23862.380106685185,10.92156862745098,11.313725490196079
4,0,1,1,14.0,5238.614035630146,12701.67038491862,8.558823529411764,5.647058823529412
4,0,1,2,16.0,6571.828709675135,15904.57101897206,11.019607843137255,7.352941176470588
4,0,1,3,6.0,2081.0959943835232,5015.181909449325,3.5588235294117645,3.3529411764705883
4,0,1,4,10.0,3205.582329807219,8508.10635822624,5.078431372549019,3.764705882352941
4,0,1,5,17.0,7255.421629548975,19358.57680186001,9.833333333333334,10.176470588235293
4,0,1,6,18.0,11022.758341318078,27313.346856535634,14.196078431372548,12.294117647058824
4,0,1,7,9.0,2788.618858529469,6910.311439318362,4.794117647058823,4.117647058823529
4,0,1,8,12.0,4270.872765528583,11404.09856033853,5.950980392156863,6.450980392156863
4,0,1,9,16.0,7032.722310079608,17616.177418952357,11.519607843137255,8.431372549019608
4,0,1,10,15.0,5931.689757210986,14316.355820590103,9.568627450980392,7.1568627450980395
4,0,1,11,13.0,5590.582041012684,14078.021431033449,8.901960784313726,7.137254901960785
4,0,1,12,11.0,3772.181532219731,10125.208723755692,5.431372549019608,5.019607843137255
4,0,1,13,14.0,5765.90801565153,14868.967082891075,8.705882352941176,7.980392156862745
4,0,1,14,17.0,9450.413550031812,23279.3304550704,13.0,11.156862745098039
4,0,1,15,14.0,5971.798595198186,15344.887471812757,9.745098039215685,8.27450980392157
4,0,1,16,16.0,7496.5450129219735,19613.709078398977,9.77450980392157,9.647058823529411
4,0,1,17,17.0,8077.22373191969,21475.797446375145,11.137254901960784,10.176470588235293
4,0,1,18,12.0,5409.597308442551,12965.007125838903,8.745098039215685,7.019607843137255
4,0,1,19,14.0,5688.08616233941,14242.861983593355,9.058823529411764,6.96078431372549
4,0,1,20,17.0,9211.12748157021,22413.65715994678,13.127450980392156,10.901960784313726
4,0,1,21,13.0,5079.954486617777,12322.555543144157,8.5,6.352941176470588
4,0,1,22,13.0,4724.878442114901,12285.161130853252,6.7254901960784315,6.96078431372549
4,0,1,23,15.0,6220.502832179959,15079.482791007142,10.627450980392156,7.215686274509804
4,0,1,24,10.0,4345.718925935595,10462.275630880642,7.754901960784314,5.372549019607843
4,0,1,25,13.0,4515.493623344157,12428.810880948326,7.049019607843137,6.235294117647059
4,0,1,26,14.0,6690.639969947916,16655.839810117723,10.77450980392157,8.588235294117647
4,0,1,27,8.0,2575.3835621439785,6907.151690279366,5.147058823529412,3.1176470588235294
4,0,1,28,18.0,10055.779951953207,24867.34454927775,13.676470588235293,11.07843137254902
4,0,1,29,1.0,1949.9353037364926,4831.749966279848,3.549019607843137,2.176470588235294
4,0,1,30,17.0,8884.542055212574,21900.65493871561,12.784313725490197,10.137254901960784
4,0,1,31,10.0,3717.852677165924,8434.036023760546,6.990196078431373,4.03921568627451
4,0,1,32,13.0,5187.598775475126,12814.847208413577,8.529411764705882,6.2745098039215685
4,0,1,33,0.0,344.34869826310955,890.3213908587824,0.7647058823529411,0.45098039215686275
4,0,1,34,16.0,7877.75451579002,19158.868791939312,12.03921568627451,9.098039215686274
4,0,1,35,16.0,8457.66852093213,21291.84681510006,12.196078431372548,10.627450980392156
4,0,1,36,16.0,7763.76068741245,19701.9300590571,11.07843137254902,9.627450980392156
4,0,1,37,11.0,3719.8584175871792,10599.124751149346,5.607843137254902,5.588235294117647
4,0,1,38,15.0,7094.9686721197795,17328.74745913045,10.176470588235293,8.254901960784315
4,0,1,39,14.0,4932.8189611524085,12034.218457641413,8.372549019607844,5.117647058823529
4,0,1,40,5.0,1755.987468801436,5277.16926559738,2.8627450980392157,2.588235294117647
4,0,1,41,12.0,4669.751236884739,12045.443524029462,7.598039215686274,6.0588235294117645
4,0,1,42,12.0,4609.366810241661,12256.860128292175,5.568627450980392,6.490196078431373
4,0,1,43,18.0,10043.714949435649,24569.9530538542,13.411764705882353,11.098039215686274
4,0,1,44,17.0,8564.966807515604,21264.206578794867,13.03921568627451,9.803921568627452
4,0,1,45,10.0,4170.636176488708,10488.748669766483,7.519607843137255,5.7254901960784315
4,0,1,46,14.0,5879.506810661333,14584.15256754821,9.754901960784315,7.333333333333333
4,0,1,47,14.0,6445.1024360334895,16497.926507387838,8.72549019607843,8.882352941176471
4,0,1,48,12.0,5295.707994002897,14126.604632498325,7.980392156862745,7.019607843137255
4,0,1,49,13.0,5053.111530399634,13323.92369620669,6.431372549019608,6.862745098039215
4,0,1,50,14.0,6494.574056079843,15708.967771772757,9.784313725490197,7.529411764705882
4,0,1,51,9.0,2888.352678643889,7736.385277319903,4.098039215686274,4.294117647058823
4,0,1,52,14.0,5652.627107659222,15236.918474835851,8.22549019607843,8.137254901960784
4,0,1,53,13.0,4414.973300638877,11348.652834101016,6.078431372549019,5.8431372549019605
4,0,1,54,18.0,9760.523112046249,24648.08170330448,13.196078431372548,11.137254901960784
4,0,1,55,10.0,3403.56702821663,8494.545156593631,6.215686274509804,4.705882352941177
4,0,1,56,11.0,3674.3575031032383,9632.755749514683,6.019607843137255,4.1568627450980395
4,0,1,57,2.0,1439.404127934579,3355.832996820729,3.4215686274509802,1.3137254901960784
4,0,1,58,15.0,6857.375947469259,16953.344173559497,10.411764705882353,8.058823529411764
4,0,1,59,11.0,3699.3930371852307,10045.932619732781,5.637254901960785,4.901960784313726
4,0,2,0,13.0,4657.6641387132695,12564.554066655603,7.0588235294117645,4.7254901960784315
4,0,2,1,5.0,2262.178970740697,5357.895236822761,5.019607843137255,0.8823529411764706
4,0,2,2,9.0,3320.2155933550994,7541.834949071365,7.215686274509804,1.4509803921568627
4,0,2,3,0.0,588.1968785900797,1445.462266319734,1.6862745098039216,0.29411764705882354
4,0,2,4,3.0,1468.9386383678418,3969.2729173635353,3.0784313725490198,0.9215686274509803
4,0,2,5,11.0,3248.858488873373,8994.090715997696,5.5588235294117645,4.1568627450980395
4,0,2,6,15.0,5878.38647591694,14834.458641850324,10.107843137254902,5.529411764705882
4,0,2,7,0.0,987.1478266785077,2320.228929769822,2.372549019607843,1.1372549019607843
4,0,2,8,0.0,1178.6876928208264,3160.0609668269703,2.0392156862745097,0.7450980392156863
4,0,2,9,11.0,3378.4646465612,8354.01342299791,7.264705882352941,3.0392156862745097
4,0,2,10,10.0,3125.4140089427947,7538.682764163237,5.911764705882353,2.823529411764706
4,0,2,11,6.0,2014.3924546426501,4925.322727221878,4.53921568627451,1.2941176470588236
4,0,2,12,5.0,1627.021836994387,4633.095133287256,3.0098039215686274,1.5098039215686274
4,0,2,13,10.0,2997.2529028760537,7760.176389234437,5.745098039215686,3.450980392156863
4,0,2,14,15.0,4667.127606510231,11473.852837003411,8.235294117647058,4.0588235294117645
4,0,2,15,0.0,1499.9753708538317,3659.416972898969,3.4901960784313726,1.0980392156862746
4,0,2,16,13.0,4007.4807758817337,10855.052185174813,6.53921568627451,4.392156862745098
4,0,2,17,12.0,3738.271445826535,10367.801170361341,6.9411764705882355,3.588235294117647
4,0,2,18,4.0,2326.910822745016,4903.016841487648,4.813725490196078,1.1176470588235294
4,0,2,19,8.0,2826.676445362171,6576.262956400376,5.911764705882353,1.9019607843137254
4,0,2,20,12.0,4315.711216996685,10619.92002179765,8.549019607843137,4.450980392156863
4,0,2,21,9.0,3122.803861379063,7205.374900887717,5.9411764705882355,2.5294117647058822
4,0,2,22,0.0,610.7811259488144,1432.4605847394198,1.2058823529411764,0.5294117647058824
4,0,2,23,11.0,3615.679207773158,8364.7800825562,7.186274509803922,2.1176470588235294
4,0,2,24,4.0,2272.8559758621527,4923.080577384784,5.166666666666667,0.6862745098039216
4,0,2,25,4.0,1819.3522071978628,5105.764661419899,4.029411764705882,0.9215686274509803
4,0,2,26,8.0,2561.396996317583,6080.492686642311,5.735294117647059,1.8823529411764706
4,0,2,27,1.0,1301.8224650293946,3307.734984454777,3.156862745098039,0.3333333333333333
4,0,2,28,14.0,4324.386687189266,10663.987807998721,8.294117647058824,3.156862745098039
4,0,2,29,0.0,927.6024129218966,2202.112649754241,1.9313725490196079,0.6274509803921569
4,0,2,30,12.0,3483.125985328453,8706.488698843808,7.284313725490196,2.2941176470588234
4,0,2,31,1.0,1813.4859604446376,3882.4721164289003,4.362745098039215,0.7254901960784313
4,0,2,32,4.0,2094.628351428526,4759.9294801259575,4.686274509803922,0.5098039215686274
4,0,2,33,0.0,128.48457824555047,326.2034861690947,0.4215686274509804,0.0
4,0,2,34,11.0,3201.490462068335,7347.330911869017,6.950980392156863,1.8823529411764706
4,0,2,35,11.0,3615.4436426638786,9667.259513948367,7.411764705882353,4.117647058823529
4,0,2,36,12.0,4500.386815208239,11409.147058990999,7.980392156862745,4.921568627450981
4,0,2,37,7.0,2012.156585293708,6014.986918831855,3.715686274509804,2.1176470588235294
4,0,2,38,9.0,2796.0846116947478,6779.224053420152,5.519607843137255,2.196078431372549
4,0,2,39,9.0,2737.57170748452,6274.583141226839,5.823529411764706,0.6862745098039216
4,0,2,40,0.0,106.50649140335267,505.37476732040636,0.5588235294117647,0.0
4,0,2,41,6.0,1861.614567284719,5116.96976123511,4.078431372549019,1.7254901960784315
4,0,2,42,0.0,1480.907059787558,4382.533405377978,2.7450980392156863,0.6862745098039216
4,0,2,43,16.0,4841.977679635139,12215.35657319487,8.549019607843137,4.352941176470588
4,0,2,44,12.0,3190.6130919800326,7532.606968048631,6.980392156862745,1.588235294117647
4,0,2,45,6.0,1949.338772959556,4866.90593654728,4.705882352941177,1.0980392156862746
4,0,2,46,9.0,2686.1348585719516,6497.342203456676,5.607843137254902,1.803921568627451
4,0,2,47,11.0,3329.826627143677,8677.103989653446,5.676470588235294,3.156862745098039
4,0,2,48,7.0,1965.4275073644744,5682.542979179436,3.8627450980392157,1.8627450980392157
4,0,2,49,6.0,2294.6589246745734,6191.828850695137,3.735294117647059,1.4509803921568627
4,0,2,50,10.0,3273.005877870175,7553.220902939032,6.029411764705882,2.1372549019607843
4,0,2,51,0.0,593.0651273679227,1533.9245953606226,1.088235294117647,0.13725490196078433
4,0,2,52,1.0,1466.469299062606,4285.234228856201,3.019607843137255,0.9019607843137255
4,0,2,53,6.0,1745.0532797390192,4682.807393241667,3.2058823529411766,1.4313725490196079
4,0,2,54,14.0,4582.022199583836,11605.742037380425,8.303921568627452,4.215686274509804
4,0,2,55,0.0,922.6006374800093,2332.823787542802,2.627450980392157,0.1568627450980392
4,0,2,56,1.0,1324.5092455660288,3310.3606668092007,2.7254901960784315,0.7058823529411765
4,0,2,57,0.0,460.8649898733289,1162.5179727632967,1.303921568627451,0.17647058823529413
4,0,2,58,12.0,3758.914268270046,9382.72102611329,7.0,2.980392156862745
4,0,2,59,1.0,1276.1272311153887,3695.556293946558,2.696078431372549,0.7450980392156863
4,0,3,0,6.0,2170.7478767746775,6122.437232810088,3.9411764705882355,0.803921568627451
4,0,3,1,0.0,1496.989222956028,3450.949625660611,3.627450980392157,0.0
4,0,3,2,0.0,2098.9889298272765,4558.959074548144,5.117647058823529,0.45098039215686275
4,0,3,3,0.0,289.6334469356318,789.5623237650292,1.1274509803921569,0.0
4,0,3,4,0.0,988.0773757557404,2459.1521531544136,2.2254901960784315,0.19607843137254902
4,0,3,5,2.0,1720.5840173600313,5147.913542781801,3.6470588235294117,2.235294117647059
4,0,3,6,3.0,1730.2585280849257,4536.514961418756,4.362745098039215,0.1568627450980392
4,0,3,7,0.0,480.39865200261397,1262.3911690711195,1.6764705882352942,0.4117647058823529
4,0,3,8,0.0,796.7078581907076,2013.7326800763117,1.4313725490196079,0.4117647058823529
4,0,3,9,3.0,1604.0835949500602,4059.75246073246,4.5,0.5686274509803921
4,0,3,10,0.0,1547.5071857789608,3818.4164243412333,3.4019607843137254,0.8823529411764706
4,0,3,11,0.0,687.339319437414,1992.0033585863798,2.1862745098039214,0.3137254901960784
4,0,3,12,0.0,558.1791939302019,1826.689356192451,1.5392156862745099,0.0
4,0,3,13,0.0,1553.6171907631233,4015.1749971479585,3.372549019607843,1.0784313725490196
4,0,3,14,3.0,2661.7392919872445,6198.360478571398,5.382352941176471,0.5098039215686274
4,0,3,15,0.0,586.9301604101859,1677.3419451396833,1.9901960784313726,0.0
4,0,3,16,3.0,1765.376835455133,4940.956994581826,4.107843137254902,0.27450980392156865
4,0,3,17,0.0,1705.2679555976752,4879.224553020563,4.303921568627451,0.6666666666666666
4,0,3,18,0.0,1290.8775607166317,2547.188751592298,3.127450980392157,0.0
4,0,3,19,0.0,767.666136268022,1715.0328509123412,2.588235294117647,0.0
4,0,3,20,7.0,2449.0326179416015,6003.144791037796,5.686274509803922,1.6274509803921569
4,0,3,21,0.0,2127.365827837417,4595.365363067245,4.196078431372549,1.2352941176470589
4,0,3,22,0.0,19.384975273938622,136.7740864234567,0.18627450980392157,0.0
4,0,3,23,7.0,2524.990008491303,5635.159334201715,5.53921568627451,0.8627450980392157
4,0,3,24,0.0,1384.1026864104515,2949.6219023757294,3.5784313725490198,0.0
4,0,3,25,0.0,912.0113600760692,2668.1806532589685,2.2549019607843137,0.0
4,0,3,26,0.0,1210.2135625458927,2996.320036507046,3.5392156862745097,0.3137254901960784
4,0,3,27,0.0,574.078421708073,1133.6359251666702,1.696078431372549,0.0
4,0,3,28,0.0,1976.0422717398242,4745.6465532896145,5.186274509803922,0.0196078431372549
4,0,3,29,0.0,593.5390254285774,1356.4189615081732,1.5392156862745099,0.0
4,0,3,30,3.0,2118.7293680688217,4992.073287529401,4.990196078431373,0.5098039215686274
4,0,3,31,0.0,927.6094586211302,1780.235554020887,2.4019607843137254,0.0
4,0,3,32,0.0,1086.892883288458,2301.3300920627557,2.8529411764705883,0.0
4,0,3,33,0.0,57.608785283444334,127.75064561297181,0.21568627450980393,0.0
4,0,3,34,0.0,1544.1468811878426,3401.800138530285,4.0,0.3333333333333333
4,0,3,35,3.0,1971.4868062746345,5136.657974867551,4.892156862745098,0.9607843137254902
4,0,3,36,3.0,2096.1756701575914,5780.46422597864,4.686274509803922,1.0784313725490196
4,0,3,37,0.0,1145.731960532179,3523.70615205647,2.392156862745098,0.49019607843137253
4,0,3,38,0.0,1335.355773241456,3000.1709981201666,3.2941176470588234,0.2549019607843137
4,0,3,39,0.0,1861.0579454736321,3867.9943332297057,3.9019607843137254,0.2549019607843137
4,0,3,40,0.0,55.36998353860669,284.7640540714218,0.20588235294117646,0.0
4,0,3,41,0.0,860.986218038431,2396.353156690698,2.323529411764706,0.3137254901960784
4,0,3,42,0.0,854.9705549309367,2422.8328923866125,1.7843137254901962,0.0
4,0,3,43,7.0,2456.630132773655,5922.15807303444,5.0,0.7647058823529411
4,0,3,44,0.0,1754.789349971001,4181.427908573756,4.382352941176471,0.0
4,0,3,45,0.0,1022.7197841579286,2649.2007797379847,3.1372549019607843,0.47058823529411764
4,0,3,46,0.0,1454.327592935599,3297.338891527752,3.4019607843137254,0.6078431372549019
4,0,3,47,4.0,1913.1651007609967,5172.713700006146,4.166666666666667,0.8431372549019608
4,0,3,48,0.0,246.7514544023174,955.068392291814,0.8235294117647058,0.0
4,0,3,49,0.0,1105.052853092524,3208.6276219539964,2.4607843137254903,0.4117647058823529
4,0,3,50,0.0,1995.0133007924433,4507.399874462265,4.235294117647059,0.7843137254901961
4,0,3,51,0.0,167.14219138260356,752.1544633955973,0.6372549019607843,0.0
4,0,3,52,0.0,789.2093246080738,2250.978360473686,1.8627450980392157,0.0
4,0,3,53,0.0,477.19684856412596,1280.0343850383376,1.107843137254902,0.4117647058823529
4,0,3,54,7.0,2309.1320719376495,5636.154421275848,5.382352941176471,0.6274509803921569
4,0,3,55,0.0,646.5185073386374,1506.7929636723013,1.8235294117647058,0.0
4,0,3,56,0.0,999.4673899380969,2387.0903237630405,1.8725490196078431,0.39215686274509803
4,0,3,57,0.0,166.67516428255286,472.35739670885897,0.5392156862745098,0.0
4,0,3,58,0.0,1648.6247242866937,4294.742233595422,3.803921568627451,0.2549019607843137
4,0,3,59,0.0,566.3954923805678,1674.3946827836598,1.6568627450980393,0.1568627450980392
4,0,4,0,0.0,1338.5735530411023,3772.7736325697374,2.480392156862745,0.13725490196078433
4,0,4,1,0.0,1200.1595910025953,2722.998976972588,3.088235294117647,0.0
4,0,4,2,0.0,1271.5171948466289,2643.7217871730004,3.676470588235294,0.0
4,0,4,3,0.0,243.0521032961936,637.6225613898839,0.9607843137254902,0.0
4,0,4,4,0.0,680.828618955898,1665.3529197884438,1.5392156862745099,0.0
4,0,4,5,0.0,981.4205443170753,2926.6697022902235,2.3137254901960786,1.1568627450980393
4,0,4,6,0.0,1272.3137701185176,3329.5395034388803,3.411764705882353,0.1568627450980392
4,0,4,7,0.0,417.10610134304085,1144.991192872937,1.4411764705882353,0.4117647058823529
4,0,4,8,0.0,681.9396646767862,1728.0730497254417,1.2745098039215685,0.4117647058823529
4,0,4,9,0.0,800.827080554031,2143.2497952068807,2.803921568627451,0.0
4,0,4,10,0.0,1199.1957336442638,3065.446542493527,2.911764705882353,0.3333333333333333
4,0,4,11,0.0,590.0047377421204,1665.9518913992515,1.7352941176470589,0.3137254901960784
4,0,4,12,0.0,473.0437250664377,1592.060170803721,1.4019607843137254,0.0
4,0,4,13,0.0,849.838069944664,2352.4378757314844,2.2941176470588234,0.27450980392156865
4,0,4,14,0.0,2258.907317576546,5171.834946059463,4.686274509803922,0.35294117647058826
4,0,4,15,0.0,544.7342936677954,1559.1931489881943,1.8627450980392157,0.0
4,0,4,16,0.0,1258.292364023293,3477.390619386687,3.215686274509804,0.0
4,0,4,17,0.0,1152.7646377702545,3315.5700873327014,3.323529411764706,0.0
4,0,4,18,0.0,791.3388860117132,1560.5322628185008,2.107843137254902,0.0
4,0,4,19,0.0,687.164008414165,1518.3487502759444,2.215686274509804,0.0
4,0,4,20,0.0,948.7175637743275,2630.5322712267443,2.5588235294117645,0.43137254901960786
4,0,4,21,0.0,1360.7973725547158,2838.827068775771,2.8333333333333335,0.7843137254901961
4,0,4,22,0.0,19.384975273938622,136.7740864234567,0.18627450980392157,0.0
4,0,4,23,0.0,1126.5300863578145,2681.966506865203,3.088235294117647,0.0
4,0,4,24,0.0,907.8127585379025,1886.8354604527026,2.3627450980392157,0.0
4,0,4,25,0.0,737.3520024104353,2118.8518901495913,1.9509803921568627,0.0
4,0,4,26,0.0,726.3474034117608,1896.4251680124348,2.5294117647058822,0.3137254901960784
4,0,4,27,0.0,572.3067890507043,1127.5148048055153,1.6666666666666667,0.0
4,0,4,28,0.0,1224.4599704716259,3030.5386982490363,3.5392156862745097,0.0
4,0,4,29,0.0,432.66930690269805,1032.7112523038872,1.196078431372549,0.0
4,0,4,30,0.0,1226.3439460793252,2816.2454677928395,2.735294117647059,0.11764705882352941
4,0,4,31,0.0,651.3321768820575,1247.2979182151196,1.803921568627451,0.0
4,0,4,32,0.0,784.9408501871221,1648.7449910476298,2.392156862745098,0.0
4,0,4,33,0.0,57.60878528344436,127.75064561297187,0.21568627450980393,0.0
4,0,4,34,0.0,820.5811178487289,1904.3905576979525,2.3333333333333335,0.13725490196078433
4,0,4,35,0.0,911.3434480424776,2578.4142200029064,2.8529411764705883,0.19607843137254902
4,0,4,36,0.0,1428.9491414811641,4176.980275884984,3.343137254901961,1.0588235294117647
4,0,4,37,0.0,858.2284357697089,2841.663272643658,1.9803921568627452,0.4117647058823529
4,0,4,38,0.0,562.8288013253101,1079.4590132237088,1.2745098039215685,0.0
4,0,4,39,0.0,1228.9844890991849,2473.685576318702,2.6862745098039214,0.0
4,0,4,40,0.0,55.36998353860669,284.7640540714218,0.20588235294117646,0.0
4,0,4,41,0.0,759.1077057681044,2004.4523062586304,1.8529411764705883,0.3137254901960784
4,0,4,42,0.0,668.5710784906488,1804.0456949237866,1.2549019607843137,0.0
4,0,4,43,0.0,1440.1686701025926,3409.346376159282,2.8823529411764706,0.49019607843137253
4,0,4,44,0.0,1234.828258576026,2960.573058772383,3.284313725490196,0.0
4,0,4,45,0.0,794.3190949870536,2156.079894828147,2.696078431372549,0.29411764705882354
4,0,4,46,0.0,1095.5100766631508,2487.3554436993977,2.6470588235294117,0.43137254901960786
4,0,4,47,0.0,1430.697166127211,3789.2019292168015,3.5686274509803924,0.3137254901960784
4,0,4,48,0.0,246.7514544023174,955.068392291814,0.8235294117647058,0.0
4,0,4,49,0.0,595.0701422015392,1661.7103137702782,1.3137254901960784,0.4117647058823529
4,0,4,50,0.0,1319.9441262175799,3001.4962336777294,2.9705882352941178,0.6666666666666666
4,0,4,51,0.0,153.14433914172818,669.4273348508104,0.6372549019607843,0.0
4,0,4,52,0.0,755.8746884299135,2102.65745691663,1.7450980392156863,0.0
4,0,4,53,0.0,343.02379002333714,868.1379373221619,0.6078431372549019,0.4117647058823529
4,0,4,54,0.0,1394.7228337287106,3538.2169411010104,3.823529411764706,0.3137254901960784
4,0,4,55,0.0,599.5003488205748,1383.206509015759,1.607843137254902,0.0
4,0,4,56,0.0,596.5913544963537,1466.2982362846003,1.0980392156862746,0.23529411764705882
4,0,4,57,0.0,93.1534191866575,232.39217615541526,0.39215686274509803,0.0
4,0,4,58,0.0,1180.8220521997098,3111.0568512524424,2.7745098039215685,0.21568627450980393
4,0,4,59,0.0,219.73533975234062,743.5235621394605,0.7058823529411765,0.0
4,1,0,0,20.0,17002.541132032584,43696.70287763048,14.490196078431373,17.058823529411764
4,1,0,1,20.0,17169.360361424657,42165.20312542481,16.11764705882353,16.58823529411765
4,1,0,2,20.0,18175.47675854077,44622.780891475435,17.58823529411765,16.980392156862745
4,1,0,3,20.0,13916.272236027642,34495.91584698311,13.72549019607843,15.843137254901961
4,1,0,4,18.0,11293.35897022146,29084.648789043986,11.27450980392157,13.196078431372548
4,1,0,5,20.0,16156.76688920904,41465.83188015197,14.264705882352942,16.784313725490197
4,1,0,6,21.0,20546.9542770092,50719.78379285988,18.205882352941178,18.372549019607842
4,1,0,7,17.0,12005.711230032417,30198.11727490193,12.068627450980392,14.215686274509803
4,1,0,8,19.0,13607.336932932289,34763.296921739246,12.245098039215685,15.03921568627451
4,1,0,9,20.0,18739.933144261617,46292.692601500254,17.794117647058822,17.647058823529413
4,1,0,10,20.0,17139.070567371393,41935.56592984259,16.5,16.823529411764707
4,1,0,11,19.0,15818.800472636885,38746.99060075312,15.411764705882353,15.705882352941176
4,1,0,12,19.0,15562.937095644425,39482.974629816854,13.392156862745098,16.137254901960784
4,1,0,13,19.0,15456.501653599224,38457.55486418855,15.235294117647058,15.92156862745098
4,1,0,14,20.0,18767.502520296483,46159.49726670085,17.53921568627451,17.176470588235293
4,1,0,15,20.0,17506.79605077921,43602.68635650773,16.45098039215686,17.45098039215686
4,1,0,16,20.0,18458.43884788698,46275.956079949254,16.392156862745097,17.54901960784314
4,1,0,17,21.0,18507.204691848314,46829.90954641475,16.58823529411765,17.666666666666668
4,1,0,18,20.0,17281.03076161613,42444.17731167079,16.127450980392158,16.980392156862745
4,1,0,19,19.0,15770.784768549382,38883.98841461853,15.303921568627452,15.450980392156863
4,1,0,20,20.0,18694.801679103653,45663.17961410742,17.872549019607842,17.313725490196077
4,1,0,21,18.0,13862.258950892909,34165.099900448135,14.382352941176471,14.823529411764707
4,1,0,22,19.0,13714.882079845462,34724.49989137378,12.715686274509803,15.411764705882353
4,1,0,23,18.0,15244.602683188936,37560.91864904479,16.098039215686274,15.352941176470589
4,1,0,24,18.0,14450.656622449522,35690.96593458324,15.088235294117647,15.03921568627451
4,1,0,25,19.0,16181.357192481662,40555.30903996642,15.441176470588236,16.176470588235293
4,1,0,26,20.0,18303.63546313318,45223.442419998566,17.215686274509803,17.274509803921568
4,1,0,27,18.0,14205.76598261821,35643.293190210294,14.009803921568627,15.294117647058824
4,1,0,28,21.0,19952.943289671373,49733.30195213041,18.147058823529413,17.862745098039216
4,1,0,29,16.0,7199.989614689377,18205.67397601387,8.705882352941176,10.294117647058824
4,1,0,30,20.0,18171.636775023315,44919.89105288915,17.186274509803923,17.137254901960784
4,1,0,31,18.0,13517.09527196273,32623.568320264036,14.470588235294118,14.196078431372548
4,1,0,32,19.0,15922.91843101575,38951.55849658233,15.352941176470589,15.549019607843137
4,1,0,33,18.0,12385.71004405109,30717.68634255755,12.77450980392157,14.882352941176471
4,1,0,34,19.0,16953.44585082324,41729.684318384825,16.58823529411765,16.313725490196077
4,1,0,35,20.0,19034.99762543827,47115.586831972316,17.607843137254903,17.627450980392158
4,1,0,36,19.0,16432.60259375363,41219.784826030445,15.72549019607843,16.745098039215687
4,1,0,37,17.0,10723.259495769154,28095.697273863294,11.068627450980392,13.294117647058824
4,1,0,38,20.0,17789.630055686153,43894.71551642283,16.53921568627451,16.666666666666668
4,1,0,39,18.0,13619.792581326044,33375.52594022303,14.490196078431373,14.254901960784315
4,1,0,40,16.0,10230.986157779813,26042.46209746183,10.96078431372549,12.450980392156863
4,1,0,41,18.0,14171.86350253788,34995.432634110104,14.029411764705882,15.313725490196079
4,1,0,42,20.0,14983.369636913076,38605.0244551197,12.676470588235293,16.0
4,1,0,43,21.0,19245.74865386212,47357.66719977877,17.774509803921568,17.627450980392158
4,1,0,44,19.0,17801.235923846754,43958.36047454282,17.205882352941178,16.725490196078432
4,1,0,45,17.0,13269.899599333205,33601.03706695586,14.186274509803921,14.980392156862745
4,1,0,46,18.0,14122.40483729529,34983.31127487861,14.696078431372548,14.843137254901961
4,1,0,47,20.0,17002.724188001335,42411.6668220585,15.372549019607844,17.0
4,1,0,48,19.0,14698.429011530648,37965.36139645882,13.42156862745098,15.803921568627452
4,1,0,49,20.0,13867.336881761137,35652.114920744294,12.019607843137255,15.117647058823529
4,1,0,50,20.0,17617.67478794843,43212.70397687376,16.431372549019606,16.49019607843137
4,1,0,51,20.0,14490.707916158774,36280.2564129212,12.950980392156863,15.352941176470589
4,1,0,52,19.0,17348.83215556344,43467.04320499097,15.627450980392156,17.274509803921568
4,1,0,53,19.0,13675.738157597056,34323.28339606035,12.27450980392157,14.686274509803921
4,1,0,54,21.0,20437.135760655874,50609.25562506879,18.0,18.176470588235293
4,1,0,55,18.0,12909.311753519502,32179.582451770388,13.392156862745098,15.137254901960784
4,1,0,56,18.0,14211.986690173931,35484.01920026189,13.882352941176471,14.941176470588236
4,1,0,57,15.0,8635.592723435757,21342.4548276011,10.362745098039216,11.058823529411764
4,1,0,58,19.0,16148.732001179596,39588.418756941726,15.794117647058824,15.980392156862745
4,1,0,59,19.0,13908.464607042331,34843.22188471264,13.343137254901961,14.784313725490197
4,1,1,0,18.0,11556.887396237213,30095.015191265185,11.92156862745098,12.862745098039216
4,1,1,1,15.0,7780.564709367399,19021.688937574723,10.53921568627451,8.333333333333334
4,1,1,2,17.0,10178.548694039357,24623.588269449272,13.480392156862745,10.862745098039216
4,1,1,3,8.0,2846.833154601083,6888.673243473417,4.627450980392157,4.529411764705882
4,1,1,4,12.0,4781.133108667229,12606.765355985914,6.745098039215686,6.803921568627451
4,1,1,5,17.0,9930.972736019274,26115.866953777833,11.284313725490197,12.137254901960784
4,1,1,6,19.0,13938.269175679436,34440.05407898594,15.176470588235293,13.509803921568627
4,1,1,7,11.0,4632.210841810874,11518.67310203747,6.990196078431373,6.686274509803922
4,1,1,8,13.0,5905.885599508883,15469.752576608113,7.284313725490196,8.509803921568627
4,1,1,9,17.0,9508.079677223966,23549.71440000315,12.96078431372549,10.294117647058824
4,1,1,10,16.0,9064.767183545378,22063.193167050485,12.019607843137255,10.352941176470589
4,1,1,11,14.0,7843.2473397694075,19550.271886508817,10.617647058823529,9.392156862745098
4,1,1,12,13.0,5493.071261859795,14415.829613067099,7.176470588235294,7.137254901960785
4,1,1,13,15.0,7577.826824170598,19539.381533214135,10.029411764705882,9.941176470588236
4,1,1,14,17.0,12271.484041206373,30137.165397327655,14.392156862745098,12.627450980392156
4,1,1,15,16.0,9171.892210020484,23110.046049472843,12.019607843137255,11.196078431372548
4,1,1,16,16.0,9885.585176466762,25481.670692578835,11.107843137254902,11.549019607843137
4,1,1,17,17.0,11053.639775143625,29063.250210413815,12.5,12.215686274509803
4,1,1,18,14.0,7430.868853059052,17896.829561421033,10.352941176470589,8.901960784313726
4,1,1,19,15.0,7830.280904298398,19280.56282142544,10.813725490196079,8.941176470588236
4,1,1,20,17.0,12151.915785985313,29758.272566513144,14.53921568627451,12.784313725490197
4,1,1,21,15.0,7299.625689814485,17710.406665771676,10.558823529411764,8.607843137254902
4,1,1,22,13.0,6208.690307379588,15997.843450445067,8.058823529411764,8.588235294117647
4,1,1,23,16.0,9262.364591853984,22512.80322024294,12.784313725490197,9.941176470588236
4,1,1,24,13.0,6744.902638760814,16413.501158246298,10.088235294117647,8.058823529411764
4,1,1,25,14.0,6529.6841674293455,17237.921791640074,8.970588235294118,8.411764705882353
4,1,1,26,15.0,8826.677339816591,21893.735038437295,12.196078431372548,10.450980392156863
4,1,1,27,11.0,4728.487285945014,12331.55469665792,7.754901960784314,6.411764705882353
4,1,1,28,18.0,12753.479491307993,31451.03533077061,14.745098039215685,12.352941176470589
4,1,1,29,4.0,2232.0612799273154,5564.539540653793,3.843137254901961,2.588235294117647
4,1,1,30,17.0,11663.698504804994,28736.880937171387,14.03921568627451,12.058823529411764
4,1,1,31,12.0,5705.412247502352,13431.840800839138,8.980392156862745,6.8431372549019605
4,1,1,32,14.0,7267.753187838712,17803.764407832365,10.107843137254902,8.313725490196079
4,1,1,33,0.0,370.2150001516742,949.2982276890206,0.7843137254901961,0.47058823529411764
4,1,1,34,17.0,10478.195388552529,25472.89313862587,13.705882352941176,10.882352941176471
4,1,1,35,17.0,11362.510716163426,28377.56071693067,13.794117647058824,12.431372549019608
4,1,1,36,17.0,10517.478533097468,26615.70961815917,12.568627450980392,11.745098039215685
4,1,1,37,13.0,5596.927746199287,15230.273947077134,7.696078431372549,8.098039215686274
4,1,1,38,16.0,8832.37145805695,21564.326110825692,11.22549019607843,9.490196078431373
4,1,1,39,15.0,7442.1481336623065,18131.991047719384,10.558823529411764,7.823529411764706
4,1,1,40,9.0,2886.1080465758,8219.802827433385,4.323529411764706,4.705882352941177
4,1,1,41,14.0,6550.492976938167,16699.55057423725,9.313725490196079,8.372549019607844
4,1,1,42,13.0,6146.277689770815,16075.42036546773,6.803921568627451,7.921568627450981
4,1,1,43,18.0,12586.260924395156,30914.883229206687,14.401960784313726,12.529411764705882
4,1,1,44,17.0,10929.723856441544,27013.540593083366,14.196078431372548,11.529411764705882
4,1,1,45,13.0,6686.35662808291,16873.096691432307,10.058823529411764,8.568627450980392
4,1,1,46,15.0,8295.112429179693,20530.994959940283,11.568627450980392,9.72549019607843
4,1,1,47,16.0,8722.986601545552,22097.906096095365,10.215686274509803,10.803921568627452
4,1,1,48,14.0,7128.518006460655,18726.278942538214,9.362745098039216,8.823529411764707
4,1,1,49,14.0,6489.520575695349,16900.468790157393,7.578431372549019,7.96078431372549
4,1,1,50,16.0,8788.338906732335,21305.213693613186,11.441176470588236,9.509803921568627
4,1,1,51,11.0,4098.19802853068,10812.733545350178,5.352941176470588,6.0
4,1,1,52,14.0,7554.6220770288055,19929.64101905752,9.637254901960784,9.862745098039216
4,1,1,53,14.0,5782.740183669656,14878.309216500966,7.401960784313726,7.294117647058823
4,1,1,54,18.0,12627.93196028726,31662.56172085778,14.431372549019608,12.862745098039216
4,1,1,55,12.0,5470.978118432419,13813.993982876684,8.598039215686274,7.764705882352941
4,1,1,56,12.0,5245.575863421857,13541.779410302652,7.696078431372549,6.549019607843137
4,1,1,57,6.0,1877.1449828583372,4614.0681963947645,4.0588235294117645,2.0392156862745097
4,1,1,58,16.0,9296.911950041256,22779.733866292027,11.92156862745098,10.098039215686274
4,1,1,59,13.0,6125.217849822219,16049.231331319976,8.284313725490197,8.03921568627451
4,1,2,0,14.0,6794.265901498885,17692.85450267503,9.009803921568627,7.568627450980392
4,1,2,1,9.0,3355.478256150387,7935.35180324801,6.186274509803922,2.176470588235294
4,1,2,2,14.0,5406.893381662398,12602.632971736015,9.715686274509803,4.078431372549019
4,1,2,3,0.0,937.8894146430374,2128.7562045123746,2.4901960784313726,0.45098039215686275
4,1,2,4,7.0,2114.535762805539,5711.124982667375,4.0,2.019607843137255
4,1,2,5,14.0,5425.218369938232,14438.666685707665,7.892156862745098,7.078431372549019
4,1,2,6,16.0,8108.45477003191,20395.119694396908,11.72549019607843,8.352941176470589
4,1,2,7,1.0,1470.927381547701,3508.773772484773,2.9411764705882355,1.7843137254901962
4,1,2,8,5.0,1850.9541395575873,4961.276638351174,2.9313725490196076,2.156862745098039
4,1,2,9,12.0,4943.2609244938185,12232.809754608745,9.284313725490197,5.0
4,1,2,10,12.0,4712.6102124973995,11396.191742498464,7.53921568627451,5.176470588235294
4,1,2,11,9.0,3189.857723126082,7774.425904077778,6.0,2.9411764705882355
4,1,2,12,9.0,2578.8740113994245,7120.408807545602,4.401960784313726,2.6666666666666665
4,1,2,13,12.0,4694.6731715096075,12138.945832886493,7.715686274509804,5.96078431372549
4,1,2,14,16.0,7054.158786548866,17207.629975417225,10.656862745098039,7.196078431372549
4,1,2,15,6.0,2155.0810717494414,5307.257862544758,4.598039215686274,2.0392156862745097
4,1,2,16,14.0,5806.428068840632,15143.266672604286,8.519607843137255,6.647058823529412
4,1,2,17,14.0,5966.707969640768,16061.912338151706,9.029411764705882,7.098039215686274
4,1,2,18,9.0,3415.180995438605,7789.179011600774,6.4411764705882355,3.019607843137255
4,1,2,19,11.0,4348.28482053609,10655.086466834813,7.872549019607843,4.235294117647059
4,1,2,20,15.0,7147.052260415111,17663.842348035083,11.284313725490197,8.156862745098039
4,1,2,21,12.0,4579.874807600089,10830.484322003269,7.715686274509804,4.7254901960784315
4,1,2,22,2.0,1080.6344254585465,2841.7303578973742,2.088235294117647,1.1764705882352942
4,1,2,23,14.0,5702.521460995999,13461.77258509386,9.735294117647058,5.176470588235294
4,1,2,24,9.0,3436.4935948605544,7863.563795091721,6.852941176470588,2.7058823529411766
4,1,2,25,9.0,2572.285204640875,7290.98319137495,4.901960784313726,2.176470588235294
4,1,2,26,11.0,3817.7745018133705,9263.933744493967,7.421568627450981,3.980392156862745
4,1,2,27,5.0,1664.594729291798,4300.606764832374,3.8333333333333335,0.7450980392156863
4,1,2,28,16.0,6730.454952352907,16483.58184737646,10.754901960784315,6.294117647058823
4,1,2,29,0.0,1266.0392509958538,3210.9195666514424,2.480392156862745,1.1764705882352942
4,1,2,30,14.0,6121.5872544042,14963.955901219268,10.166666666666666,5.901960784313726
4,1,2,31,8.0,3069.531017610202,6818.045784598807,5.901960784313726,2.235294117647059
4,1,2,32,10.0,3468.696165766337,8205.18860867774,6.401960784313726,2.9411764705882355
4,1,2,33,0.0,163.52147466360924,392.93918836727653,0.43137254901960786,0.11764705882352941
4,1,2,34,13.0,5064.03960287072,11819.976009012913,9.245098039215685,4.549019607843137
4,1,2,35,12.0,5812.61452718318,15046.044414229968,9.96078431372549,6.96078431372549
4,1,2,36,15.0,7450.912620981507,18686.128287123076,10.647058823529411,8.215686274509803
4,1,2,37,10.0,3070.27966711158,8813.097530784928,5.264705882352941,3.5098039215686274
4,1,2,38,11.0,4393.2837022240265,10644.892831100398,7.568627450980392,4.529411764705882
4,1,2,39,12.0,4376.5389158908965,10197.127921900345,7.666666666666667,3.1176470588235294
4,1,2,40,0.0,459.3480423404215,1442.7794105533903,1.2647058823529411,0.09803921568627451
4,1,2,41,9.0,2823.0860779492186,7679.439252086635,5.333333333333333,3.0980392156862746
4,1,2,42,8.0,2576.2318693068364,7214.803511098574,3.8823529411764706,2.3529411764705883
4,1,2,43,16.0,7356.216396726088,18156.10013208142,10.862745098039216,7.254901960784314
4,1,2,44,14.0,5236.178752053938,12519.847290244259,9.57843137254902,4.823529411764706
4,1,2,45,9.0,3198.1107116999283,7874.009814375352,6.254901960784314,3.0392156862745097
4,1,2,46,11.0,4001.053567533997,9668.148223320433,7.46078431372549,3.8627450980392157
4,1,2,47,13.0,4943.959539736442,12605.031305185134,7.46078431372549,5.666666666666667
4,1,2,48,10.0,3372.4319984551644,9390.344177812603,5.715686274509804,3.823529411764706
4,1,2,49,9.0,3431.956239136816,9178.175436051235,5.03921568627451,3.7058823529411766
4,1,2,50,12.0,4772.358408903823,11199.732663070467,7.970588235294118,4.372549019607843
4,1,2,51,0.0,815.5058331813425,2083.2002035495775,1.5490196078431373,0.39215686274509803
4,1,2,52,9.0,2697.860073660049,7563.597409055763,4.7254901960784315,3.2941176470588234
4,1,2,53,7.0,2338.253506146676,6171.317655829589,3.8529411764705883,2.235294117647059
4,1,2,54,15.0,6606.614709151186,16774.18675507896,10.333333333333334,6.96078431372549
4,1,2,55,4.0,1736.6088581747647,4453.508990176777,4.019607843137255,1.2941176470588236
4,1,2,56,5.0,1781.1498724691655,4548.414122504866,3.4705882352941178,1.2745098039215685
4,1,2,57,0.0,569.2627129264067,1487.4471985254493,1.4803921568627452,0.35294117647058826
4,1,2,58,13.0,5208.969689103273,12923.461196541695,8.637254901960784,5.03921568627451
4,1,2,59,5.0,1775.9842362641657,5078.137164558217,3.4705882352941178,1.3725490196078431
4,1,3,0,10.0,2990.5223559294873,8294.016868265207,5.127450980392157,1.4313725490196079
4,1,3,1,0.0,1734.2840048816913,3996.1930696903214,3.9607843137254903,0.09803921568627451
4,1,3,2,4.0,2685.838945044257,5893.567557297886,5.9411764705882355,0.6470588235294118
4,1,3,3,0.0,309.14092359952406,838.8857960658062,1.1764705882352942,0.0
4,1,3,4,0.0,1221.2974324633467,3154.4089670222784,2.588235294117647,0.27450980392156865
4,1,3,5,9.0,2597.353813366714,7482.067118997296,4.980392156862745,2.7450980392156863
4,1,3,6,9.0,2828.2757585465392,7553.770437066421,6.088235294117647,1.4901960784313726
4,1,3,7,0.0,641.5060441170014,1571.0932359828485,1.7352941176470589,0.6470588235294118
4,1,3,8,0.0,934.6623091550127,2363.799011248599,1.696078431372549,0.43137254901960786
4,1,3,9,7.0,2223.286187735184,5426.96456049853,5.372549019607843,1.0588235294117647
4,1,3,10,4.0,2198.7118808369623,5435.957053902744,4.450980392156863,1.5490196078431373
4,1,3,11,1.0,1091.7527927617634,2976.028962005989,2.803921568627451,0.6666666666666666
4,1,3,12,0.0,820.7621064817512,2529.0009614078144,2.323529411764706,0.0784313725490196
4,1,3,13,8.0,2480.134967064392,6442.678677889331,5.205882352941177,1.9803921568627452
4,1,3,14,9.0,3618.203331723001,8638.011361655841,6.53921568627451,1.4509803921568627
4,1,3,15,0.0,916.8243371322311,2533.475209899447,2.607843137254902,0.6274509803921569
4,1,3,16,9.0,2636.3952794538745,7229.29724722784,5.215686274509804,1.3333333333333333
4,1,3,17,8.0,2317.12169053873,6576.4635809500505,4.980392156862745,1.1764705882352942
4,1,3,18,0.0,1636.2853535389925,3311.1480178582874,3.715686274509804,0.2549019607843137
4,1,3,19,2.0,1294.965848113588,2956.5697695141534,3.784313725490196,0.1568627450980392
4,1,3,20,12.0,3591.935142777815,8673.752103579256,7.245098039215686,2.411764705882353
4,1,3,21,6.0,2696.891704856809,5853.494744848453,4.921568627450981,1.588235294117647
4,1,3,22,0.0,19.384975273938622,136.7740864234567,0.18627450980392157,0.0
4,1,3,23,10.0,3379.912779492202,7579.670999700395,6.617647058823529,1.2549019607843137
4,1,3,24,0.0,1783.871162285787,3793.38209310838,4.333333333333333,0.13725490196078433
4,1,3,25,0.0,1095.335899122781,3269.77976470013,2.5588235294117645,0.1568627450980392
4,1,3,26,4.0,1887.7093023015934,4535.890370091392,4.617647058823529,0.9803921568627451
4,1,3,27,0.0,903.9312331128468,1872.2979551267,2.4215686274509802,0.0
4,1,3,28,8.0,2519.474068928813,6052.225653846636,5.852941176470588,0.5098039215686274
4,1,3,29,0.0,654.4595068433092,1490.091816519654,1.6372549019607843,0.0
4,1,3,30,9.0,3030.298450180003,7244.3160817123535,6.3431372549019605,1.0
4,1,3,31,0.0,1432.3571656273225,2816.7302831597117,3.3137254901960786,0.3333333333333333
4,1,3,32,0.0,1364.255681914816,2875.635477196499,3.411764705882353,0.0
4,1,3,33,0.0,57.608785283444334,127.75064561297181,0.21568627450980393,0.0
4,1,3,34,3.0,1871.9517024321963,4213.010402758957,4.7254901960784315,0.4117647058823529
4,1,3,35,8.0,2655.4228847923287,6947.4171048203725,6.235294117647059,1.8431372549019607
4,1,3,36,10.0,3147.9726082069233,8422.595696803332,6.107843137254902,2.392156862745098
4,1,3,37,5.0,1804.8351184175656,5483.001511885653,3.5686274509803924,1.3333333333333333
4,1,3,38,3.0,1619.3381483130001,3689.524465740789,3.8627450980392157,0.43137254901960786
4,1,3,39,5.0,2403.1731823826744,5192.330615568061,4.784313725490196,0.35294117647058826
4,1,3,40,0.0,55.36998353860669,284.7640540714218,0.20588235294117646,0.0
4,1,3,41,3.0,1356.2117564305095,3780.811044569665,3.1862745098039214,0.7058823529411765
4,1,3,42,0.0,1106.534268309688,3152.6698019794944,2.107843137254902,0.1568627450980392
4,1,3,43,10.0,3260.3160703190424,8160.07911283337,6.107843137254902,1.7450980392156863
4,1,3,44,7.0,2413.8776264676003,5854.575372952146,5.519607843137255,0.3333333333333333
4,1,3,45,4.0,1560.1806144356522,3946.717697305636,4.0588235294117645,0.7058823529411765
4,1,3,46,4.0,1870.9088308752578,4370.294588007011,4.2745098039215685,0.7254901960784313
4,1,3,47,9.0,2686.6766754717123,7174.6339806816395,4.872549019607843,1.7843137254901962
4,1,3,48,0.0,313.4752933019928,1161.047796586276,0.9019607843137255,0.0
4,1,3,49,0.0,1637.9551856721844,4467.301791307818,3.088235294117647,0.5294117647058824
4,1,3,50,5.0,2483.109246161795,5630.104569466662,5.098039215686274,1.0
4,1,3,51,0.0,373.5521181320317,1136.1428012018039,0.8235294117647058,0.0
4,1,3,52,0.0,1041.3571529218686,2977.326036024444,2.392156862745098,0.0
4,1,3,53,0.0,614.73465209406,1763.0638723180011,1.3823529411764706,0.49019607843137253
4,1,3,54,11.0,3196.7738289496842,7764.507862386376,6.578431372549019,1.4705882352941178
4,1,3,55,0.0,875.314337258786,2053.3950580036267,2.4705882352941178,0.13725490196078433
4,1,3,56,0.0,1142.1930067325457,2786.2556151243184,2.176470588235294,0.45098039215686275
4,1,3,57,0.0,206.38357176133192,583.9737058125693,0.6274509803921569,0.0
4,1,3,58,5.0,2164.4575503149294,5516.359569565206,4.637254901960785,0.6862745098039216
4,1,3,59,0.0,782.0207990451717,2230.451421657842,2.0588235294117645,0.27450980392156865
4,1,4,0,2.0,1828.4824069335186,5143.1493828271705,3.5,0.37254901960784315
4,1,4,1,0.0,1518.4937562854159,3476.1820138493435,3.4215686274509802,0.0
4,1,4,2,0.0,1561.99313748871,3290.2704270755007,4.323529411764706,0.0
4,1,4,3,0.0,258.27852747500395,681.4612684366475,1.0098039215686274,0.0
4,1,4,4,0.0,842.0120942003723,2085.360883407362,1.8431372549019607,0.0196078431372549
4,1,4,5,0.0,1298.809404969487,3807.498793172042,3.2450980392156863,1.2941176470588236
4,1,4,6,0.0,1507.9412390218563,3981.843864094315,4.049019607843137,0.17647058823529413
4,1,4,7,0.0,482.9223355831862,1312.870592612658,1.4411764705882353,0.4117647058823529
4,1,4,8,0.0,807.7833518457079,2005.5969590439656,1.4607843137254901,0.4117647058823529
4,1,4,9,0.0,966.7206531608904,2456.4432815480964,3.0686274509803924,0.13725490196078433
4,1,4,10,0.0,1546.6669093992678,3900.4617344269705,3.3823529411764706,0.5294117647058824
4,1,4,11,0.0,780.6675570111274,2130.288950331662,1.9901960784313726,0.4117647058823529
4,1,4,12,0.0,555.1003811142089,1894.2546092429523,1.7352941176470589,0.0
4,1,4,13,0.0,1134.8384070191569,3109.8722169706407,2.9215686274509802,0.45098039215686275
4,1,4,14,2.0,2723.111123685644,6207.549878434729,5.313725490196078,0.43137254901960786
4,1,4,15,0.0,689.5191926212922,1959.7291356859384,2.1470588235294117,0.2549019607843137
4,1,4,16,1.0,1722.2844640374356,4559.672536435683,3.892156862745098,0.39215686274509803
4,1,4,17,0.0,1415.5389182625017,4056.101771646985,3.5980392156862746,0.1568627450980392
4,1,4,18,0.0,1213.4857236518594,2406.2295755026994,2.9607843137254903,0.0
4,1,4,19,0.0,861.5388669793178,1973.3447939897233,2.7450980392156863,0.0
4,1,4,20,0.0,1241.6581922634607,3510.3311448228465,3.2549019607843137,0.49019607843137253
4,1,4,21,0.0,1772.855522595952,3760.5955479343083,3.4313725490196076,1.1176470588235294
4,1,4,22,0.0,19.384975273938622,136.7740864234567,0.18627450980392157,0.0
4,1,4,23,1.0,1627.5598825648467,3772.513511901183,4.107843137254902,0.23529411764705882
4,1,4,24,0.0,1195.0679501651503,2509.524840996473,3.0098039215686274,0.0
4,1,4,25,0.0,896.4099710661103,2569.209399776449,2.1666666666666665,0.1568627450980392
4,1,4,26,0.0,838.3318370881692,2167.3274114744654,2.7745098039215685,0.3137254901960784
4,1,4,27,0.0,658.2693528926221,1298.6004296951883,1.911764705882353,0.0
4,1,4,28,0.0,1697.6018359067045,4097.216289008222,4.4411764705882355,0.0
4,1,4,29,0.0,476.8666918697765,1143.0805223726315,1.3333333333333333,0.0
4,1,4,30,0.0,1799.1539257916063,4229.321576423916,4.029411764705882,0.4117647058823529
4,1,4,31,0.0,1046.3263092324542,1977.2822605361318,2.4019607843137254,0.0
4,1,4,32,0.0,1012.5117689952875,2092.3467079011075,2.8333333333333335,0.0
4,1,4,33,0.0,57.60878528344436,127.75064561297187,0.21568627450980393,0.0
4,1,4,34,0.0,1036.036039824051,2368.4133302668147,2.892156862745098,0.1568627450980392
4,1,4,35,0.0,1249.751756552525,3340.158283174057,3.450980392156863,0.23529411764705882
4,1,4,36,0.0,1987.0971261604047,5571.868338520827,4.147058823529412,1.0784313725490196
4,1,4,37,0.0,1078.8775213951271,3579.1959270599964,2.607843137254902,0.47058823529411764
4,1,4,38,0.0,702.699067285106,1582.1145795916298,1.7254901960784315,0.0
4,1,4,39,0.0,1640.5778194002723,3333.9891463109957,3.3333333333333335,0.13725490196078433
4,1,4,40,0.0,55.36998353860669,284.7640540714218,0.20588235294117646,0.0
4,1,4,41,0.0,874.8000040273932,2304.938121868471,2.3137254901960786,0.3137254901960784
4,1,4,42,0.0,872.8262710025883,2346.0980289016716,1.6862745098039216,0.0
4,1,4,43,0.0,1705.010227037469,4089.5505681585055,3.2549019607843137,0.5490196078431373
4,1,4,44,0.0,1470.7125894993158,3652.868102147941,3.735294117647059,0.0
4,1,4,45,0.0,1099.7141954639287,2892.1947801813712,3.4313725490196076,0.3137254901960784
4,1,4,46,0.0,1324.7052585935248,3078.832334176984,3.196078431372549,0.43137254901960786
4,1,4,47,0.0,1713.9422143858587,4529.088338974694,3.980392156862745,0.5882352941176471
4,1,4,48,0.0,290.6365320523045,1111.7113477569708,0.8725490196078431,0.0
4,1,4,49,0.0,670.2278180701319,1937.3487517367048,1.4705882352941178,0.4117647058823529
4,1,4,50,0.0,1743.341614260686,3956.0095084874,3.8529411764705883,0.6862745098039216
4,1,4,51,0.0,172.0821331446442,716.7151627449689,0.6862745098039216,0.0
4,1,4,52,0.0,878.2954585994346,2469.2311875260957,2.049019607843137,0.0
4,1,4,53,0.0,386.5597067082137,994.1924141921203,0.7450980392156863,0.4117647058823529
4,1,4,54,0.0,1782.0242374660452,4422.81739799767,4.5588235294117645,0.3137254901960784
4,1,4,55,0.0,725.078366675491,1632.506479831268,1.8333333333333333,0.13725490196078433
4,1,4,56,0.0,674.1926385838156,1684.4521158351422,1.2941176470588236,0.2549019607843137
4,1,4,57,0.0,94.59594852555782,273.75410607824136,0.39215686274509803,0.0
4,1,4,58,0.0,1414.8011468164461,3748.5193645235936,3.372549019607843,0.2549019607843137
4,1,4,59,0.0,315.13095691448495,991.3907586565228,0.9803921568627451,0.11764705882352941
4,2,0,0,21.0,21224.566328936668,54953.75372816596,15.049019607843137,17.823529411764707
4,2,0,1,20.0,21232.973169599743,52078.151875943244,16.80392156862745,17.254901960784313
4,2,0,2,20.0,22736.41818575812,56197.49503462042,18.30392156862745,17.686274509803923
4,2,0,3,20.0,17877.4988138765,44237.410170305506,14.92156862745098,16.725490196078432
4,2,0,4,18.0,14327.752704232891,37151.45679652515,12.127450980392156,14.313725490196079
4,2,0,5,20.0,19758.409056051772,51001.47571767499,14.764705882352942,17.372549019607842
4,2,0,6,21.0,25288.990298453442,62542.590077519715,18.794117647058822,18.823529411764707
4,2,0,7,18.0,15248.157585709512,38361.33014216194,12.950980392156863,15.03921568627451
4,2,0,8,19.0,16799.47753201734,43233.95484835859,12.843137254901961,15.764705882352942
4,2,0,9,20.0,23591.88548325005,58406.36058204143,18.431372549019606,18.15686274509804
4,2,0,10,20.0,21330.90587330948,52457.87902913723,17.245098039215687,17.627450980392158
4,2,0,11,19.0,19596.09483046877,48306.49571682502,16.205882352941178,16.392156862745097
4,2,0,12,20.0,18866.732160709616,48255.83913269082,13.941176470588236,16.725490196078432
4,2,0,13,19.0,19120.438754801293,47657.32699913434,16.08823529411765,16.705882352941178
4,2,0,14,20.0,23474.884935241666,57918.7128379651,18.176470588235293,17.88235294117647
4,2,0,15,20.0,22162.770102383474,55468.99142981297,17.30392156862745,18.15686274509804
4,2,0,16,20.0,22859.2477856537,57536.12528784026,17.058823529411764,18.137254901960784
4,2,0,17,21.0,22773.542663513508,57905.69753426325,17.215686274509803,18.176470588235293
4,2,0,18,20.0,21355.44705333841,52624.1927836691,16.862745098039216,17.568627450980394
4,2,0,19,19.0,19544.89644169691,48388.34592717512,16.08823529411765,16.176470588235293
4,2,0,20,21.0,23049.652391921514,56663.32329483483,18.401960784313726,17.88235294117647
4,2,0,21,18.0,17329.609204204993,42672.15283609572,15.215686274509803,15.509803921568627
4,2,0,22,19.0,17244.06526472063,43884.40280570297,13.372549019607844,15.980392156862745
4,2,0,23,19.0,19663.321148307623,48593.39387597689,17.107843137254903,16.372549019607842
4,2,0,24,18.0,18379.200161766865,45581.70078487139,16.098039215686274,16.11764705882353
4,2,0,25,19.0,20182.15084251305,50695.95107544221,16.274509803921568,16.80392156862745
4,2,0,26,20.0,22760.400419691076,56557.86224438228,17.901960784313726,17.941176470588236
4,2,0,27,18.0,17536.367372653694,44146.449538737674,14.950980392156863,15.980392156862745
4,2,0,28,21.0,24683.900369339004,61450.0432105528,18.65686274509804,18.392156862745097
4,2,0,29,17.0,10007.660869250853,25346.80591553387,10.166666666666666,11.686274509803921
4,2,0,30,20.0,23017.01429718841,56986.22514669093,17.84313725490196,17.745098039215687
4,2,0,31,18.0,17226.582416135985,41816.56503323977,15.392156862745098,15.156862745098039
4,2,0,32,19.0,19940.70694321383,48907.383143116036,16.147058823529413,16.333333333333332
4,2,0,33,18.0,16040.64705835143,39853.81316590358,14.029411764705882,15.980392156862745
4,2,0,34,19.0,21480.291478375053,52743.99935894117,17.401960784313726,17.03921568627451
4,2,0,35,20.0,23373.352976671635,58084.8149098382,18.235294117647058,18.254901960784313
4,2,0,36,20.0,20934.682040261123,52460.408056622495,16.61764705882353,17.49019607843137
4,2,0,37,17.0,13937.515969200515,36528.904999825805,12.03921568627451,14.470588235294118
4,2,0,38,20.0,21900.723446515727,54240.35878726365,17.176470588235293,17.352941176470587
4,2,0,39,18.0,17371.38441216927,42521.74408287372,15.42156862745098,15.098039215686274
4,2,0,40,17.0,13705.078934150608,34825.62720267049,12.323529411764707,14.0
4,2,0,41,19.0,17471.50885550458,43258.37127281614,14.901960784313726,16.11764705882353
4,2,0,42,20.0,18352.313155579086,47612.208855758116,13.323529411764707,16.764705882352942
4,2,0,43,21.0,24057.31593349986,59406.227404959835,18.313725490196077,18.176470588235293
4,2,0,44,20.0,22237.245851800373,54901.67489418395,17.92156862745098,17.352941176470587
4,2,0,45,18.0,16825.19755786562,42544.216237628025,14.970588235294118,15.764705882352942
4,2,0,46,18.0,18304.04725118894,45372.45402282788,15.735294117647058,15.882352941176471
4,2,0,47,20.0,20833.477303416796,52029.88291262695,16.147058823529413,17.686274509803923
4,2,0,48,20.0,18585.50237202646,48216.183231186216,14.127450980392156,16.49019607843137
4,2,0,49,20.0,17959.440805897113,46486.57790873476,13.176470588235293,16.392156862745097
4,2,0,50,20.0,21514.42860691812,53038.71603173656,17.098039215686274,17.058823529411764
4,2,0,51,20.0,18071.14128229198,45445.192411624645,14.156862745098039,16.19607843137255
4,2,0,52,20.0,21642.14069704392,54632.18269512541,16.46078431372549,18.098039215686274
4,2,0,53,20.0,17382.02053157053,44178.825890095635,13.352941176470589,15.843137254901961
4,2,0,54,21.0,25386.951880012384,63179.044502587894,18.57843137254902,18.92156862745098
4,2,0,55,19.0,16258.259241592305,40542.95291874496,14.284313725490197,15.901960784313726
4,2,0,56,18.0,17422.924995118672,43731.280442205716,14.72549019607843,15.843137254901961
4,2,0,57,16.0,11801.643240188392,29188.79963621008,11.950980392156863,12.490196078431373
4,2,0,58,19.0,19601.24133866785,47948.774159617824,16.480392156862745,16.49019607843137
4,2,0,59,19.0,17374.526216109396,43713.86045584026,14.166666666666666,15.803921568627452
4,2,1,0,19.0,15396.334043068384,39998.2684787944,12.941176470588236,14.176470588235293
4,2,1,1,16.0,11919.347913162763,29015.1594942821,12.598039215686274,10.862745098039216
4,2,1,2,17.0,14986.461546504648,36524.304454205776,15.176470588235293,13.019607843137255
4,2,1,3,10.0,4221.789078515063,10249.348718695812,6.0,6.078431372549019
4,2,1,4,14.0,7417.558841024315,19525.922207975127,8.72549019607843,8.803921568627452
4,2,1,5,18.0,13542.611857261714,35286.685043417965,12.431372549019608,13.568627450980392
4,2,1,6,19.0,18024.933355219884,44599.921685974434,16.235294117647058,14.705882352941176
4,2,1,7,13.0,7932.242515105323,20053.747043638687,9.5,9.627450980392156
4,2,1,8,15.0,8661.531842458504,22424.91714367702,8.852941176470589,10.333333333333334
4,2,1,9,17.0,13593.027969660265,33867.555242115865,14.53921568627451,12.509803921568627
4,2,1,10,17.0,13681.535010831796,33390.138189092606,14.107843137254902,12.745098039215685
4,2,1,11,15.0,11358.791955395616,28126.5720739965,12.42156862745098,11.450980392156863
4,2,1,12,14.0,7950.977614204296,20886.002126012456,8.666666666666666,9.254901960784315
4,2,1,13,16.0,11152.042631411223,28581.004840832844,11.607843137254902,11.823529411764707
4,2,1,14,18.0,16353.965031377047,40310.22089091721,15.470588235294118,14.235294117647058
4,2,1,15,17.0,12563.425372362351,31404.761726308883,13.441176470588236,12.784313725490197
4,2,1,16,17.0,13629.0983843866,35047.054012729015,12.392156862745098,13.313725490196079
4,2,1,17,18.0,14642.857027777705,38427.399078830684,13.313725490196079,13.411764705882353
4,2,1,18,15.0,10920.742191022815,26223.91315779832,12.186274509803921,10.96078431372549
4,2,1,19,16.0,11540.11302204107,28421.19535197222,12.696078431372548,11.137254901960784
4,2,1,20,18.0,16051.814360776576,39371.531008658945,15.676470588235293,14.313725490196079
4,2,1,21,16.0,11433.174332444258,27901.908627090546,12.627450980392156,11.313725490196079
4,2,1,22,14.0,8996.014338568588,23119.76505752061,9.617647058823529,10.549019607843137
4,2,1,23,17.0,13630.654086700002,33280.07150138986,14.607843137254902,12.313725490196079
4,2,1,24,15.0,10574.457476757358,25923.853977505612,12.205882352941176,10.882352941176471
4,2,1,25,15.0,9883.906415203073,25756.351653849088,10.764705882352942,10.72549019607843
4,2,1,26,16.0,12785.942219033943,31700.465230228237,13.813725490196079,12.509803921568627
4,2,1,27,13.0,7739.375068235688,19683.30481346784,10.205882352941176,8.96078431372549
4,2,1,28,19.0,16831.154446171502,41679.91862840279,15.72549019607843,13.784313725490197
4,2,1,29,8.0,3243.928355267551,8203.564132429121,4.588235294117647,4.215686274509804
4,2,1,30,18.0,16152.868675426591,39787.99421857128,15.294117647058824,13.784313725490197
4,2,1,31,14.0,9132.898411807126,21619.585152928797,11.333333333333334,9.352941176470589
4,2,1,32,16.0,10798.835734668159,26284.346090867948,12.117647058823529,10.411764705882353
4,2,1,33,0.0,418.6016896290537,1071.826562766627,0.8529411764705882,0.49019607843137253
4,2,1,34,17.0,15093.874415467373,36966.74353265178,15.058823529411764,13.215686274509803
4,2,1,35,17.0,15366.999982403262,38385.20282090986,15.107843137254902,13.941176470588236
4,2,1,36,18.0,15194.02374834868,38182.892436926006,14.362745098039216,14.019607843137255
4,2,1,37,15.0,8480.922534669773,22648.74131947461,9.431372549019608,10.392156862745098
4,2,1,38,16.0,12359.201724206067,30249.852401690496,12.931372549019608,11.509803921568627
4,2,1,39,16.0,11411.13240968714,27770.389911621878,12.656862745098039,10.490196078431373
4,2,1,40,11.0,5069.067463923715,13657.419074398078,6.5588235294117645,7.176470588235294
4,2,1,41,15.0,10035.78823724448,25239.78625918062,11.5,10.980392156862745
4,2,1,42,14.0,8402.848932949093,21940.257665362526,7.9411764705882355,9.450980392156863
4,2,1,43,19.0,16768.06859860707,41209.23285736336,15.5,14.058823529411764
4,2,1,44,18.0,15737.69896998548,38836.60802869275,15.647058823529411,13.607843137254902
4,2,1,45,15.0,10506.843894139198,26445.726986256544,12.303921568627452,11.27450980392157
4,2,1,46,16.0,12008.781888453888,29646.177076608426,13.294117647058824,11.843137254901961
4,2,1,47,17.0,11916.345017313797,30009.640583771667,11.588235294117647,12.352941176470589
4,2,1,48,15.0,10084.086903829912,26507.270891007443,10.686274509803921,10.666666666666666
4,2,1,49,15.0,9218.199995395105,23921.984917357146,9.049019607843137,9.803921568627452
4,2,1,50,16.0,12612.535964191458,30723.114183533613,13.088235294117647,11.764705882352942
4,2,1,51,13.0,6364.251132242181,16356.639482502062,6.892156862745098,8.117647058823529
4,2,1,52,16.0,10965.184158340528,28521.768662294227,11.57843137254902,12.019607843137255
4,2,1,53,15.0,8213.649008073759,21056.078492293418,8.441176470588236,9.235294117647058
4,2,1,54,18.0,16798.13404796934,41960.41509627077,15.42156862745098,14.098039215686274
4,2,1,55,14.0,8662.949227386516,21628.9997378897,10.813725490196079,10.196078431372548
4,2,1,56,14.0,8006.645712347898,20498.29437893997,9.92156862745098,9.176470588235293
4,2,1,57,9.0,3601.225364337276,8847.606509555893,6.715686274509804,4.686274509803922
4,2,1,58,17.0,13021.109181094665,31810.939593128285,13.509803921568627,12.098039215686274
4,2,1,59,14.0,9168.26311010454,23536.718012412686,10.303921568627452,10.137254901960784
4,2,2,0,16.0,9857.429310815438,25631.15216161992,10.401960784313726,9.862745098039216
4,2,2,1,14.0,6771.482835576755,16389.58497645879,9.215686274509803,6.196078431372549
4,2,2,2,16.0,9784.686086601043,23580.714986262406,12.647058823529411,8.803921568627452
4,2,2,3,4.0,1679.104263050638,3917.3092992433594,3.7254901960784315,1.9215686274509804
4,2,2,4,11.0,4381.620426353692,11586.670630118286,6.264705882352941,5.431372549019608
4,2,2,5,16.0,8806.3087753412,23075.059700669684,10.009803921568627,10.392156862745098
4,2,2,6,17.0,11906.775910175993,29846.800303905766,13.450980392156863,10.705882352941176
4,2,2,7,9.0,3554.3856311983523,8901.985775400248,5.754901960784314,4.745098039215686
4,2,2,8,10.0,4129.055851148018,10980.854886803423,5.470588235294118,5.764705882352941
4,2,2,9,14.0,8374.52237010362,20601.78473582235,11.686274509803921,8.019607843137255
4,2,2,10,14.0,7752.8109872074565,18611.41340372078,10.147058823529411,8.0
4,2,2,11,12.0,6193.9375017246675,15344.262868236134,9.049019607843137,6.9411764705882355
4,2,2,12,11.0,4475.0996847590195,12066.393926365094,6.245098039215686,5.2745098039215685
4,2,2,13,14.0,7839.960455692793,20183.481828075895,9.911764705882353,8.862745098039216
4,2,2,14,16.0,11567.036062559857,28326.631287731485,13.147058823529411,10.647058823529411
4,2,2,15,10.0,4487.41900758087,10884.219896131255,7.892156862745098,5.470588235294118
4,2,2,16,15.0,8844.094866577736,22880.121279979463,10.333333333333334,9.431372549019608
4,2,2,17,15.0,9158.97071985236,24249.020615178713,10.686274509803921,9.529411764705882
4,2,2,18,12.0,6342.50975026676,14958.75350490005,9.127450980392156,6.372549019607843
4,2,2,19,14.0,7785.20440335343,19193.43881410967,10.676470588235293,7.705882352941177
4,2,2,20,17.0,11772.582954064768,28965.027206891686,13.715686274509803,11.27450980392157
4,2,2,21,14.0,7739.937782430886,18579.348621646244,10.382352941176471,7.882352941176471
4,2,2,22,6.0,1948.416847085349,5108.514136388772,3.3627450980392157,2.549019607843137
4,2,2,23,15.0,9566.885802476194,22964.055721643505,12.382352941176471,8.568627450980392
4,2,2,24,12.0,6626.407247085075,15977.506801611868,9.803921568627452,6.705882352941177
4,2,2,25,12.0,5007.315451788362,13466.054248562594,7.578431372549019,5.686274509803922
4,2,2,26,13.0,6460.5488805619425,15899.044026485424,9.843137254901961,7.176470588235294
4,2,2,27,9.0,2999.7955529331057,7748.5701626065265,5.617647058823529,2.9411764705882355
4,2,2,28,16.0,11257.420717799341,27587.432106673878,13.156862745098039,9.843137254901961
4,2,2,29,2.0,2037.6698102157484,5078.460713057764,3.3529411764705883,2.1372549019607843
4,2,2,30,16.0,9956.670693237209,24297.07700067883,12.42156862745098,9.03921568627451
4,2,2,31,12.0,5536.700087743599,12871.722228613438,8.617647058823529,5.509803921568627
4,2,2,32,13.0,6119.141852218767,14672.701346930073,8.980392156862745,5.980392156862745
4,2,2,33,0.0,303.2367678253195,743.9606648944718,0.6764705882352942,0.3333333333333333
4,2,2,34,15.0,8921.093996846512,21448.310429876215,12.098039215686274,8.431372549019608
4,2,2,35,16.0,10529.610611899983,26481.851972272416,12.882352941176471,10.588235294117647
4,2,2,36,16.0,11365.729295551582,28684.20891781331,12.509803921568627,10.92156862745098
4,2,2,37,13.0,5853.0411627494395,15983.339840903485,7.784313725490196,7.568627450980392
4,2,2,38,13.0,7283.583513258595,17762.228531209446,9.794117647058824,7.509803921568627
4,2,2,39,13.0,7322.71428956176,17626.579446322383,9.990196078431373,6.313725490196078
4,2,2,40,2.0,883.0787325733354,2614.335545906513,2.0686274509803924,0.8235294117647058
4,2,2,41,12.0,5399.393171245695,14219.961811131132,8.088235294117647,6.431372549019608
4,2,2,42,11.0,4839.5911474635195,13100.39990384603,5.617647058823529,5.784313725490196
4,2,2,43,17.0,11667.037884800297,28737.568100329547,13.127450980392156,10.392156862745098
4,2,2,44,16.0,9747.537193338067,23713.137318739726,12.813725490196079,9.098039215686274
4,2,2,45,12.0,6433.16468696699,16140.332301469512,9.803921568627452,7.294117647058823
4,2,2,46,13.0,7086.527114081295,17308.511544791036,10.313725490196079,7.764705882352941
4,2,2,47,15.0,8468.286561650464,21281.585616268247,9.784313725490197,9.156862745098039
4,2,2,48,13.0,6328.492896449788,16749.39638539832,8.313725490196079,6.9411764705882355
4,2,2,49,12.0,6084.43648098103,15956.80778936996,7.392156862745098,6.607843137254902
4,2,2,50,14.0,8324.61786874543,19986.46965319275,10.843137254901961,7.862745098039215
4,2,2,51,4.0,1687.4293551733372,4337.183953282631,2.764705882352941,2.0784313725490198
4,2,2,52,12.0,4909.190079266161,13399.273207229355,7.117647058823529,6.411764705882353
4,2,2,53,10.0,3664.432678656514,9679.432328305258,5.1568627450980395,4.078431372549019
4,2,2,54,16.0,10239.551112331872,25554.789247356242,12.362745098039216,9.647058823529411
4,2,2,55,11.0,4866.474791084973,12187.854786891985,7.980392156862745,6.078431372549019
4,2,2,56,10.0,3143.5716413254595,8102.088838652438,5.029411764705882,3.2745098039215685
4,2,2,57,0.0,905.0798661896048,2363.243056514311,2.156862745098039,0.6078431372549019
4,2,2,58,14.0,8683.474849252492,21310.597896600273,11.245098039215685,8.07843137254902
4,2,2,59,9.0,3739.677146568182,10148.098527421014,6.137254901960785,4.7254901960784315
4,2,3,0,12.0,4723.092779321035,12868.282964573824,6.5588235294117645,3.6470588235294117
4,2,3,1,7.0,3036.943914715945,6986.99591127779,5.568627450980392,1.2745098039215685
4,2,3,2,12.0,4719.492015946764,10940.368742956172,8.22549019607843,2.9019607843137254
4,2,3,3,0.0,592.1946907853545,1476.489178371662,1.6274509803921569,0.27450980392156865
4,2,3,4,4.0,1783.0509142772394,4821.60195269417,3.392156862745098,1.2745098039215685
4,2,3,5,12.0,4691.491227345668,12714.500103946604,7.176470588235294,5.254901960784314
4,2,3,6,13.0,5092.8164192665,13584.809325298333,8.666666666666666,4.392156862745098
4,2,3,7,2.0,1340.8013099223247,3276.4680035857427,2.8627450980392157,1.3137254901960784
4,2,3,8,1.0,1444.5293099228948,3729.489735315616,2.264705882352941,1.0784313725490196
4,2,3,9,9.0,3563.169013326176,8610.19388117145,7.019607843137255,2.784313725490196
4,2,3,10,10.0,4021.1826651399388,9641.315468182489,6.411764705882353,3.803921568627451
4,2,3,11,8.0,2268.8059513347825,5848.80188425776,4.607843137254902,1.9411764705882353
4,2,3,12,6.0,1737.0810519207184,5020.095025733654,3.5588235294117645,1.3529411764705883
4,2,3,13,10.0,3823.52406767932,9868.79786847746,6.745098039215686,3.843137254901961
4,2,3,14,13.0,6347.427322744856,15470.445526906744,9.333333333333334,4.803921568627451
4,2,3,15,3.0,1698.5164658919225,4369.552888370145,3.9705882352941178,1.3137254901960784
4,2,3,16,12.0,4740.698483665107,12967.567745482258,7.382352941176471,4.117647058823529
4,2,3,17,11.0,4369.373134147889,12044.21560043188,7.205882352941177,4.196078431372549
4,2,3,18,5.0,2529.875318693231,5369.274330449334,4.754901960784314,1.0392156862745099
4,2,3,19,9.0,2890.7427415658426,7003.572847798236,6.205882352941177,1.8431372549019607
4,2,3,20,13.0,6120.530798464838,15021.970936045698,10.03921568627451,5.823529411764706
4,2,3,21,11.0,4578.4222374701585,10528.925291097052,7.284313725490196,3.607843137254902
4,2,3,22,0.0,49.70063059230317,217.00438203461408,0.22549019607843138,0.0
4,2,3,23,12.0,5137.438689725,11917.713921225562,8.362745098039216,3.372549019607843
4,2,3,24,7.0,2935.228528737367,6663.3997328804835,5.862745098039215,1.6862745098039216
4,2,3,25,2.0,1641.9295553527984,4750.177308946844,3.235294117647059,0.8235294117647058
4,2,3,26,9.0,3113.0116185532747,7573.468584184889,6.392156862745098,2.3529411764705883
4,2,3,27,3.0,1319.575243867125,2904.274365443145,3.2549019607843137,0.27450980392156865
4,2,3,28,11.0,4577.128872313814,11218.867091335294,8.235294117647058,3.0784313725490198
4,2,3,29,0.0,858.1098429810138,2055.700278752127,1.9215686274509804,0.29411764705882354
4,2,3,30,12.0,5184.189032276738,12476.670059527913,8.745098039215685,3.392156862745098
4,2,3,31,6.0,2613.3544562675984,5581.31729500422,5.019607843137255,1.3137254901960784
4,2,3,32,6.0,2334.090425818423,5459.272025266283,4.862745098039215,0.9607843137254902
4,2,3,33,0.0,57.608785283444334,127.75064561297181,0.21568627450980393,0.0
4,2,3,34,9.0,3152.9283203336045,7101.287761436207,6.284313725490196,1.7647058823529411
4,2,3,35,12.0,5477.9410656547025,14178.003061739113,9.362745098039216,5.490196078431373
4,2,3,36,13.0,5913.5020550893805,15380.109452014975,9.147058823529411,5.705882352941177
4,2,3,37,9.0,3103.195459941705,8813.318452765536,5.401960784313726,3.156862745098039
4,2,3,38,8.0,2908.0183488614416,6799.26681319517,5.921568627450981,1.8235294117647058
4,2,3,39,11.0,4262.973810445592,9727.59934964246,6.931372549019608,1.8627450980392157
4,2,3,40,0.0,351.7178791788025,1007.6402694545087,0.7843137254901961,0.09803921568627451
4,2,3,41,8.0,2458.5451842995767,6721.32774817746,5.1568627450980395,2.215686274509804
4,2,3,42,4.0,1798.5709497438863,5267.248199587664,2.872549019607843,0.9215686274509803
4,2,3,43,13.0,5476.114637251464,13841.689164662626,8.480392156862745,4.745098039215686
4,2,3,44,10.0,4037.388579824549,9675.980002772842,7.764705882352941,2.176470588235294
4,2,3,45,8.0,2991.5862243409165,7273.70819184306,6.186274509803922,2.0980392156862746
4,2,3,46,9.0,3165.2724714739015,7507.908515879398,6.078431372549019,2.156862745098039
4,2,3,47,12.0,4377.251261903859,11380.016500085812,6.5588235294117645,4.2745098039215685
4,2,3,48,2.0,989.9786030804958,2908.9352453695624,2.088235294117647,0.6078431372549019
4,2,3,49,8.0,2765.109751404219,7449.192608466489,4.53921568627451,1.9411764705882353
4,2,3,50,10.0,4317.552449275016,9998.318652741362,7.294117647058823,2.9215686274509802
4,2,3,51,0.0,524.4498864124866,1458.5921323379082,0.9607843137254902,0.0
4,2,3,52,6.0,2044.6954516261371,5834.760890307938,3.892156862745098,1.4901960784313726
4,2,3,53,4.0,1701.7016635863242,4668.944172327114,2.9901960784313726,1.2156862745098038
4,2,3,54,13.0,4932.305262196108,12080.745351817475,8.176470588235293,3.411764705882353
4,2,3,55,6.0,1945.9761170639315,4766.638564283948,4.411764705882353,1.0980392156862746
4,2,3,56,3.0,1505.2039134662516,3773.858109948463,2.843137254901961,0.8823529411764706
4,2,3,57,0.0,299.4625375561635,839.42406087681,0.7156862745098039,0.23529411764705882
4,2,3,58,10.0,3943.354717089494,9825.519393265293,6.617647058823529,2.7450980392156863
4,2,3,59,1.0,1235.6463618990674,3439.557227605015,2.823529411764706,0.37254901960784315
4,2,4,0,8.0,2709.8251922989225,7558.11209304033,4.617647058823529,0.8627450980392157
4,2,4,1,0.0,1963.0401012648354,4439.388483097369,4.029411764705882,0.17647058823529413
4,2,4,2,3.0,2306.4877856068206,5122.990492291405,5.4411764705882355,0.39215686274509803
4,2,4,3,0.0,312.82285591840196,840.8945238955627,1.1372549019607843,0.0
4,2,4,4,0.0,1071.3887577383086,2680.7606365325505,2.3823529411764706,0.13725490196078433
4,2,4,5,6.0,2190.3039535119333,6334.797095291939,4.568627450980392,1.9411764705882353
4,2,4,6,7.0,2189.0546216813877,5983.705806702795,5.303921568627451,0.7647058823529411
4,2,4,7,0.0,600.2587554590762,1555.8839912384567,1.5588235294117647,0.49019607843137253
4,2,4,8,0.0,986.8912063947848,2435.7135188935404,1.7843137254901962,0.4117647058823529
4,2,4,9,0.0,1455.1402527400344,3463.395706877822,4.098039215686274,0.37254901960784315
4,2,4,10,3.0,2232.453000654678,5536.619158812397,4.2745098039215685,1.2352941176470589
4,2,4,11,2.0,1346.0552307216383,3656.639368134206,3.1862745098039214,0.9215686274509803
4,2,4,12,0.0,814.9274813172683,2555.5164301358127,2.2745098039215685,0.058823529411764705
4,2,4,13,2.0,1840.0169795028005,4843.486784672122,4.078431372549019,1.1176470588235294
4,2,4,14,9.0,4057.8462299585126,9468.84985014033,6.813725490196078,0.8823529411764706
4,2,4,15,0.0,972.1853258020087,2672.025051975083,2.9019607843137254,0.3333333333333333
4,2,4,16,7.0,2596.235664998311,7004.30053351308,5.117647058823529,1.0196078431372548
4,2,4,17,6.0,2246.505041649912,6456.3100080068325,4.7254901960784315,0.9215686274509803
4,2,4,18,0.0,1532.97341487273,3108.5018796010527,3.4607843137254903,0.0196078431372549
4,2,4,19,3.0,1548.1963132750006,3584.649639692106,4.529411764705882,0.2549019607843137
4,2,4,20,3.0,1840.43500752523,4888.7713443373195,4.2254901960784315,0.8431372549019608
4,2,4,21,4.0,2577.2248852973344,5538.346927392968,4.676470588235294,1.3529411764705883
4,2,4,22,0.0,19.384975273938622,136.7740864234567,0.18627450980392157,0.0
4,2,4,23,7.0,2890.5095150950397,6510.46449329331,5.686274509803922,0.8431372549019608
4,2,4,24,0.0,1861.132631367996,3944.8024233092724,4.264705882352941,0.0
4,2,4,25,0.0,1098.6373054436121,3178.285940807127,2.372549019607843,0.21568627450980393
4,2,4,26,0.0,1254.6130905362438,3229.5746782429296,3.627450980392157,0.45098039215686275
4,2,4,27,0.0,899.4198363276736,1775.685299718445,2.4705882352941178,0.0
4,2,4,28,5.0,2317.583194216495,5562.170769316781,5.392156862745098,0.21568627450980393
4,2,4,29,0.0,589.7344207035596,1380.6305125727404,1.4901960784313726,0.0
4,2,4,30,8.0,2781.5920824635505,6613.939339700117,5.686274509803922,0.6666666666666666
4,2,4,31,0.0,1505.52699373893,3012.4955309879415,3.2941176470588234,0.29411764705882354
4,2,4,32,0.0,1349.5973026624547,2872.687885211532,3.372549019607843,0.0
4,2,4,33,0.0,57.60878528344436,127.75064561297187,0.21568627450980393,0.0
4,2,4,34,3.0,1744.6497222808412,3931.7271622283697,4.352941176470588,0.3333333333333333
4,2,4,35,3.0,2007.7042303457831,5352.69508388977,4.696078431372549,0.5490196078431373
4,2,4,36,8.0,2985.8003712391906,8198.109948563844,5.568627450980392,1.5490196078431373
4,2,4,37,1.0,1655.4959250927798,5190.991616725756,3.5098039215686274,0.7647058823529411
4,2,4,38,0.0,996.5353387307438,2253.072474285512,2.3137254901960786,0.0784313725490196
4,2,4,39,5.0,2726.1291339323393,5778.461292726652,4.764705882352941,0.45098039215686275
4,2,4,40,0.0,55.36998353860669,284.7640540714218,0.20588235294117646,0.0
4,2,4,41,1.0,1360.4776735023315,3644.4807069022095,3.3529411764705883,0.5294117647058824
4,2,4,42,0.0,1084.5745277541587,2942.20120495039,1.9313725490196079,0.0
4,2,4,43,7.0,2650.0558413746003,6520.9721330113025,4.901960784313726,0.9803921568627451
4,2,4,44,4.0,2319.198874225238,5688.220278420184,5.0588235294117645,0.0784313725490196
4,2,4,45,4.0,1639.1763737549002,4220.075042371816,4.2745098039215685,0.5882352941176471
4,2,4,46,3.0,1799.6233723337032,4171.729413122524,4.009803921568627,0.6862745098039216
4,2,4,47,7.0,2467.474780035023,6454.33606076448,4.833333333333333,1.0196078431372548
4,2,4,48,0.0,473.0653883196487,1713.5251462179976,1.1764705882352942,0.0392156862745098
4,2,4,49,0.0,1132.3332546317224,3113.5101622714456,2.343137254901961,0.5294117647058824
4,2,4,50,4.0,2631.516314650499,6030.523498543511,5.323529411764706,0.8431372549019608
4,2,4,51,0.0,230.9266515417081,831.2015523579312,0.7058823529411765,0.0
4,2,4,52,0.0,1165.6542870040894,3334.2694305177665,2.480392156862745,0.0196078431372549
4,2,4,53,0.0,571.4219551750931,1575.9204233494668,1.1470588235294117,0.4117647058823529
4,2,4,54,8.0,2809.5657415897094,6762.579444163883,5.911764705882353,0.7450980392156863
4,2,4,55,0.0,1292.8092052713496,3112.154530164508,3.019607843137255,0.35294117647058826
4,2,4,56,0.0,937.3623631054407,2415.1956107159267,1.8137254901960784,0.3333333333333333
4,2,4,57,0.0,129.41308871909575,454.49480022388803,0.46078431372549017,0.0
4,2,4,58,3.0,1967.9401678374936,5146.456843861377,4.3431372549019605,0.5098039215686274
4,2,4,59,0.0,617.4889508090887,1715.7825291518088,1.7745098039215685,0.13725490196078433
4,3,0,0,21.0,23906.503577636813,62031.104823075664,15.480392156862745,18.352941176470587
4,3,0,1,20.0,24226.574783037544,59703.79701310932,17.431372549019606,17.92156862745098
4,3,0,2,21.0,25861.14216399559,64084.97941528866,18.88235294117647,18.41176470588235
4,3,0,3,20.0,20881.558267515466,52003.702347355415,15.784313725490197,17.470588235294116
4,3,0,4,19.0,16626.609904836776,43321.05085526327,12.754901960784315,15.058823529411764
4,3,0,5,21.0,22077.975213791444,57279.15913630599,15.137254901960784,17.84313725490196
4,3,0,6,21.0,27998.462254245067,69311.05204296083,19.11764705882353,19.235294117647058
4,3,0,7,18.0,18013.64497780825,45599.55077743719,13.617647058823529,15.862745098039216
4,3,0,8,20.0,19218.419970083574,49715.616221026154,13.323529411764707,16.333333333333332
4,3,0,9,21.0,26536.813130184208,65686.5400115156,18.941176470588236,18.784313725490197
4,3,0,10,20.0,24101.41002809244,59448.83677516406,17.862745098039216,18.15686274509804
4,3,0,11,20.0,22998.396144059563,56935.046558566224,17.166666666666668,17.41176470588235
4,3,0,12,20.0,21546.93157171058,55358.97029398989,14.480392156862745,17.313725490196077
4,3,0,13,20.0,21923.895383184612,54871.69097991323,16.676470588235293,17.352941176470587
4,3,0,14,21.0,26221.749895715096,64795.21759656057,18.647058823529413,18.41176470588235
4,3,0,15,20.0,25191.742023415474,63046.19184182005,17.901960784313726,18.705882352941178
4,3,0,16,21.0,25660.254393308423,64572.524694540225,17.69607843137255,18.627450980392158
4,3,0,17,21.0,25632.451326556074,65117.61451798609,17.794117647058822,18.666666666666668
4,3,0,18,20.0,24285.693801709756,60032.28904853387,17.470588235294116,18.176470588235293
4,3,0,19,20.0,22522.90440306942,56157.802321202485,16.892156862745097,17.137254901960784
4,3,0,20,21.0,26232.949872171208,64548.568786691554,18.872549019607842,18.50980392156863
4,3,0,21,19.0,20368.074836044703,50456.192129977004,16.019607843137255,16.352941176470587
4,3,0,22,19.0,19911.023817037647,50915.67552827422,13.950980392156863,16.627450980392158
4,3,0,23,20.0,22887.03731506429,56834.164876697025,17.813725490196077,17.176470588235293
4,3,0,24,19.0,21324.616427510293,53016.663904597764,16.725490196078432,16.80392156862745
4,3,0,25,20.0,23052.649265347907,58180.90053939407,16.95098039215686,17.54901960784314
4,3,0,26,20.0,25529.17328070916,63506.234265139254,18.352941176470587,18.431372549019606
4,3,0,27,19.0,20644.664576317926,51907.42988654514,15.77450980392157,16.88235294117647
4,3,0,28,21.0,27342.558902283206,68104.41341996433,19.029411764705884,18.764705882352942
4,3,0,29,18.0,12519.117899732675,31775.261355758477,11.245098039215685,12.92156862745098
4,3,0,30,20.0,25742.92016203827,63712.95618319319,18.333333333333332,18.254901960784313
4,3,0,31,19.0,20306.28410660261,49705.53502478491,16.264705882352942,16.137254901960784
4,3,0,32,20.0,23147.313220603937,57275.237647500406,17.04901960784314,17.215686274509803
4,3,0,33,19.0,18925.72903687562,46982.01925181408,14.892156862745098,16.627450980392158
4,3,0,34,20.0,24352.451981585764,59943.66562523094,17.88235294117647,17.54901960784314
4,3,0,35,21.0,26343.171651166045,65603.41100075116,18.676470588235293,18.745098039215687
4,3,0,36,20.0,23967.097589472287,60087.71390351883,17.274509803921568,18.058823529411764
4,3,0,37,18.0,16739.798420661482,43932.62309840289,12.862745098039216,15.27450980392157
4,3,0,38,21.0,24600.755293265727,61118.357042383715,17.705882352941178,17.764705882352942
4,3,0,39,19.0,20474.195678474924,50393.859923462594,16.19607843137255,16.019607843137255
4,3,0,40,18.0,17063.619162124105,43447.01866927033,13.813725490196079,15.313725490196079
4,3,0,41,19.0,20577.55834233839,51202.452355194066,15.764705882352942,16.901960784313726
4,3,0,42,20.0,20998.35333994827,54856.8359768186,13.862745098039216,17.333333333333332
4,3,0,43,21.0,26896.436207118793,66453.147529252,18.686274509803923,18.647058823529413
4,3,0,44,20.0,25271.334448670215,62598.24758642012,18.480392156862745,17.96078431372549
4,3,0,45,18.0,20260.314751386788,51174.500689746754,16.00980392156863,16.666666666666668
4,3,0,46,19.0,21370.24683158641,53007.791340648044,16.431372549019606,16.647058823529413
4,3,0,47,20.0,23498.155766004587,58961.31709754586,16.745098039215687,18.235294117647058
4,3,0,48,20.0,21271.073632663287,55207.641995605794,14.705882352941176,17.058823529411764
4,3,0,49,20.0,20395.039344456567,53163.52384326413,13.656862745098039,16.980392156862745
4,3,0,50,21.0,24282.450763252324,60097.082542407916,17.666666666666668,17.686274509803923
4,3,0,51,20.0,20608.58686332168,52068.97577011735,14.823529411764707,16.80392156862745
4,3,0,52,20.0,24444.143524102383,61659.0416814341,17.0,18.431372549019606
4,3,0,53,20.0,19576.78222446289,50309.22736147512,13.901960784313726,16.45098039215686
4,3,0,54,21.0,28015.283385638326,69724.61393482066,18.95098039215686,19.176470588235293
4,3,0,55,19.0,19489.311170441157,48585.41311233335,15.215686274509803,16.686274509803923
4,3,0,56,19.0,20695.3857767475,51935.61775734041,15.745098039215685,16.666666666666668
4,3,0,57,16.0,14054.07401054262,34910.30602537063,12.715686274509803,13.27450980392157
4,3,0,58,20.0,23048.64829345127,56586.78669280992,17.30392156862745,17.372549019607842
4,3,0,59,19.0,19988.235148586544,50543.44715910555,14.931372549019608,16.274509803921568
4,3,1,0,19.0,18263.815480306188,47575.16928735696,13.686274509803921,15.058823529411764
4,3,1,1,17.0,15490.575552529386,37782.080517989816,14.068627450980392,12.647058823529411
4,3,1,2,18.0,18459.40725026345,45315.73058454509,16.264705882352942,14.294117647058824
4,3,1,3,12.0,6574.4139372809295,15903.00219414033,8.27450980392157,8.196078431372548
4,3,1,4,15.0,9844.265844981364,25986.096600443787,9.970588235294118,10.27450980392157
4,3,1,5,18.0,15998.176353274393,41871.94673522426,13.117647058823529,14.490196078431373
4,3,1,6,20.0,20948.93573590443,52056.656035811095,16.852941176470587,15.529411764705882
4,3,1,7,14.0,10613.956242879882,26948.230223748404,10.617647058823529,11.117647058823529
4,3,1,8,16.0,11741.276615875919,30183.83207470282,10.392156862745098,12.098039215686274
4,3,1,9,18.0,17233.540294724633,42909.16649061574,15.735294117647058,13.882352941176471
4,3,1,10,18.0,17010.775407859343,41558.536523044735,15.264705882352942,14.058823529411764
4,3,1,11,16.0,14738.779179795023,36757.41979352622,13.882352941176471,13.117647058823529
4,3,1,12,15.0,10033.941945807926,26464.083357884272,9.519607843137255,10.627450980392156
4,3,1,13,17.0,14266.525408204285,36560.10343154287,12.617647058823529,13.07843137254902
4,3,1,14,19.0,19678.59712670513,48537.110438747586,16.294117647058822,15.254901960784315
4,3,1,15,17.0,15457.912094811083,38460.59913686201,14.343137254901961,13.764705882352942
4,3,1,16,18.0,16356.577212504424,42159.40711840735,13.07843137254902,14.215686274509803
4,3,1,17,19.0,17841.53374811672,46456.15353822682,14.07843137254902,14.549019607843137
4,3,1,18,16.0,14637.451137217544,35693.7700822838,13.872549019607844,12.823529411764707
4,3,1,19,17.0,14934.141467124851,36791.65400619703,14.22549019607843,12.823529411764707
4,3,1,20,19.0,19325.610476333604,47581.61359504516,16.45098039215686,15.235294117647058
4,3,1,21,17.0,14556.240510796233,35870.23483199031,13.823529411764707,12.705882352941176
4,3,1,22,15.0,11929.21088056801,30623.993833901484,10.813725490196079,11.96078431372549
4,3,1,23,18.0,17276.853581203915,42322.12760643264,15.666666666666666,13.784313725490197
4,3,1,24,16.0,14005.925202418983,34485.18764275318,13.764705882352942,12.470588235294118
4,3,1,25,16.0,12531.797352620284,32876.24721436474,11.735294117647058,11.92156862745098
4,3,1,26,17.0,16099.131893372065,40021.11475491689,14.862745098039216,13.862745098039216
4,3,1,27,15.0,11611.48803641013,29471.776997005232,12.166666666666666,11.392156862745098
4,3,1,28,19.0,20404.91323935245,50645.52757171685,16.607843137254903,14.96078431372549
4,3,1,29,11.0,4769.491615260535,12095.707868684316,5.549019607843137,5.627450980392157
4,3,1,30,19.0,19139.642288125382,47359.80872610033,16.04901960784314,14.803921568627452
4,3,1,31,16.0,13027.427696309787,31465.710272452372,13.215686274509803,11.745098039215685
4,3,1,32,16.0,14310.518064660284,35098.34369269512,13.656862745098039,12.254901960784315
4,3,1,33,0.0,534.2052957659781,1359.4089365546308,1.0196078431372548,0.6666666666666666
4,3,1,34,18.0,18508.39820459699,45480.33068676219,15.990196078431373,14.392156862745098
4,3,1,35,18.0,18747.709604512776,46839.854007786176,16.068627450980394,15.098039215686274
4,3,1,36,19.0,18727.911739818443,46814.286200466115,15.46078431372549,15.196078431372548
4,3,1,37,16.0,11806.107886948099,31183.539781245625,10.92156862745098,12.27450980392157
4,3,1,38,17.0,15147.971423929412,37062.932319279746,14.0,12.627450980392156
4,3,1,39,17.0,14522.13717767376,35629.2319741165,13.833333333333334,11.901960784313726
4,3,1,40,13.0,8024.9975538380095,20959.843813835287,9.137254901960784,9.450980392156863
4,3,1,41,16.0,13328.877337255077,33471.800066181124,12.980392156862745,12.529411764705882
4,3,1,42,15.0,10644.838373065377,27962.46789782419,8.686274509803921,10.647058823529411
4,3,1,43,19.0,20096.757269314163,49488.4083558465,16.323529411764707,15.03921568627451
4,3,1,44,19.0,18787.27081322668,46379.06047870836,16.333333333333332,14.549019607843137
4,3,1,45,16.0,14234.117802301895,35680.686705944616,13.813725490196079,12.96078431372549
4,3,1,46,17.0,16054.95188392017,39727.81847013996,14.617647058823529,13.607843137254902
4,3,1,47,17.0,14727.81017649604,37138.84938585631,12.666666666666666,13.235294117647058
4,3,1,48,16.0,12513.999347163737,32786.6469380384,11.53921568627451,11.686274509803921
4,3,1,49,16.0,11765.631007602684,30994.13619545819,10.029411764705882,11.313725490196079
4,3,1,50,17.0,15746.09001762427,38597.81128066633,14.284313725490197,13.137254901960784
4,3,1,51,14.0,8721.741174255196,22479.18466295328,8.03921568627451,9.882352941176471
4,3,1,52,16.0,14635.191911179167,37808.33456531297,13.205882352941176,13.627450980392156
4,3,1,53,16.0,10508.27871994277,27076.82176097718,9.147058823529411,10.490196078431373
4,3,1,54,19.0,19844.08153649479,49678.90416580792,16.264705882352942,15.058823529411764
4,3,1,55,15.0,11485.985800083432,28688.557345161673,12.166666666666666,11.803921568627452
4,3,1,56,16.0,11970.992223363584,30543.34826783952,12.117647058823529,11.705882352941176
4,3,1,57,11.0,6249.514360986879,15352.032049448972,8.843137254901961,7.254901960784314
4,3,1,58,18.0,16193.59316544063,39540.33044936152,14.676470588235293,13.411764705882353
4,3,1,59,16.0,11818.88888144977,30119.589363778352,11.470588235294118,11.470588235294118
4,3,2,0,16.0,12778.392107086895,33243.14403736046,11.46078431372549,11.352941176470589
4,3,2,1,15.0,10732.40147891072,26075.383146719592,11.450980392156863,8.92156862745098
4,3,2,2,16.0,13824.73667389568,33768.49709175152,14.294117647058824,11.254901960784315
4,3,2,3,8.0,3140.2889214568045,7506.156244090327,5.088235294117647,4.215686274509804
4,3,2,4,13.0,7100.677243674676,18948.95333594013,8.235294117647058,7.823529411764706
4,3,2,5,17.0,12403.410731436703,32577.70391423913,11.676470588235293,12.313725490196079
4,3,2,6,18.0,15293.913816173794,38249.65366843562,14.72549019607843,12.294117647058824
4,3,2,7,12.0,6654.1859903091245,16823.969986107033,8.42156862745098,7.7254901960784315
4,3,2,8,13.0,6830.450866664654,17949.16017219103,7.2254901960784315,8.392156862745098
4,3,2,9,16.0,12369.3655283019,30793.127840572266,13.666666666666666,10.647058823529411
4,3,2,10,16.0,11705.169721688422,28562.309077127422,12.42156862745098,10.647058823529411
4,3,2,11,14.0,9907.186144490048,24674.540353818047,11.519607843137255,9.745098039215685
4,3,2,12,13.0,6971.265094214544,18641.771068410522,8.029411764705882,7.627450980392157
4,3,2,13,15.0,10732.719676799998,27596.18520986858,11.127450980392156,10.627450980392156
4,3,2,14,17.0,15512.86204770051,38234.22918353311,14.588235294117647,12.627450980392156
4,3,2,15,13.0,8720.613708823623,21431.75331714406,10.970588235294118,9.450980392156863
4,3,2,16,16.0,11684.516996612783,30241.126473782933,11.401960784313726,11.058823529411764
4,3,2,17,16.0,12050.61974329415,31734.2688569857,11.754901960784315,11.0
4,3,2,18,14.0,9616.501438819323,23104.317304227203,11.22549019607843,9.176470588235293
4,3,2,19,15.0,11532.6576239567,28264.62506433569,12.803921568627452,10.07843137254902
4,3,2,20,18.0,15418.615308568935,37991.2868564211,14.901960784313726,12.96078431372549
4,3,2,21,15.0,10982.53324611074,26849.19840866662,12.098039215686274,10.098039215686274
4,3,2,22,7.0,2798.7882925392287,7302.865189916703,4.411764705882353,3.980392156862745
4,3,2,23,16.0,13068.009642760942,31859.796820585027,13.862745098039216,10.705882352941176
4,3,2,24,14.0,10156.808919058865,24830.803091807145,11.77450980392157,9.647058823529411
4,3,2,25,14.0,8118.088681667944,21515.584255400747,9.529411764705882,8.470588235294118
4,3,2,26,14.0,10121.570939995096,25106.704771773195,11.96078431372549,9.96078431372549
4,3,2,27,12.0,6253.547518743938,15914.157752332443,8.411764705882353,6.529411764705882
4,3,2,28,17.0,15109.049684232104,37136.58648399245,14.607843137254902,11.843137254901961
4,3,2,29,6.0,3022.4086988135464,7576.71951214611,4.049019607843137,3.549019607843137
4,3,2,30,16.0,13560.953430077905,33444.63048821672,13.823529411764707,11.176470588235293
4,3,2,31,13.0,8358.1142138984,19726.198859034586,10.57843137254902,7.666666666666667
4,3,2,32,14.0,9195.698172928,22354.560379678103,10.833333333333334,8.254901960784315
4,3,2,33,0.0,360.61552911151557,903.4091735974454,0.7647058823529411,0.4117647058823529
4,3,2,34,16.0,12620.720112782892,30531.153794367572,13.53921568627451,10.627450980392156
4,3,2,35,17.0,14598.665852550228,36657.95685432807,14.441176470588236,12.549019607843137
4,3,2,36,17.0,14869.498183015734,37498.47464488211,13.823529411764707,12.764705882352942
4,3,2,37,14.0,9012.446572650559,24009.180655384684,9.57843137254902,9.803921568627452
4,3,2,38,15.0,10196.55309251781,24895.423814294278,11.401960784313726,9.27450980392157
4,3,2,39,15.0,11016.569233046694,26602.61094986882,11.931372549019608,8.745098039215685
4,3,2,40,6.0,1937.7012718057545,5430.212644022735,3.9215686274509802,2.823529411764706
4,3,2,41,14.0,8662.99079075008,22215.992757497952,10.372549019607844,8.941176470588236
4,3,2,42,13.0,7167.059207728689,19091.621894863267,7.019607843137255,7.647058823529412
4,3,2,43,17.0,14753.419381851056,36495.792061573025,14.147058823529411,11.745098039215685
4,3,2,44,17.0,13607.026427415909,33282.784607847265,14.215686274509803,11.137254901960784
4,3,2,45,14.0,10168.75981619597,25310.91031400075,11.931372549019608,9.862745098039216
4,3,2,46,15.0,10527.096633285939,25844.060217126324,12.019607843137255,9.862745098039216
4,3,2,47,16.0,11446.254160292956,28894.149501662145,11.107843137254902,10.901960784313726
4,3,2,48,14.0,8830.689195846327,23317.05976032716,9.57843137254902,8.549019607843137
4,3,2,49,14.0,8577.092928795397,22494.082930102504,8.656862745098039,8.490196078431373
4,3,2,50,15.0,11815.817453963988,28758.743523870387,12.666666666666666,10.215686274509803
4,3,2,51,10.0,4491.556163640541,11383.616290250166,5.372549019607843,5.705882352941177
4,3,2,52,13.0,7238.137710666018,19480.931216862424,8.568627450980392,8.294117647058824
4,3,2,53,12.0,5542.15977089548,14635.089514921528,6.509803921568627,6.1568627450980395
4,3,2,54,17.0,13618.898697386701,33976.3348283707,13.607843137254902,11.431372549019608
4,3,2,55,14.0,8198.80585007109,20651.480990785407,10.441176470588236,9.0
4,3,2,56,12.0,5532.931913281189,14350.634316134117,7.215686274509804,6.411764705882353
4,3,2,57,5.0,1839.2150453446593,5062.882410186609,3.5,2.215686274509804
4,3,2,58,16.0,11929.420347899648,29343.157362174486,12.764705882352942,10.27450980392157
4,3,2,59,12.0,6819.572117309275,17673.300263738616,8.72549019607843,7.392156862745098
4,3,3,0,14.0,7349.914844046567,19739.876291272056,8.529411764705882,6.196078431372549
4,3,3,1,11.0,5751.415268189938,13726.405955226419,8.019607843137255,3.8627450980392157
4,3,3,2,13.0,7617.710688691004,18205.489770648543,10.637254901960784,5.9411764705882355
4,3,3,3,0.0,827.5309225763859,2013.9988151012915,1.8725490196078431,0.6862745098039216
4,3,3,4,9.0,3592.4691317456145,9671.525366909536,5.313725490196078,3.5294117647058822
4,3,3,5,14.0,7518.888167019262,20121.156860219315,9.215686274509803,8.196078431372548
4,3,3,6,14.0,7634.442122275474,20050.41920916564,10.480392156862745,6.705882352941177
4,3,3,7,7.0,2714.1404949617713,6719.934974693198,4.6568627450980395,2.803921568627451
4,3,3,8,7.0,2895.1976076390283,7718.835667616551,3.9705882352941178,3.4705882352941178
4,3,3,9,12.0,6232.007439354553,15256.937281893695,9.696078431372548,5.470588235294118
4,3,3,10,12.0,6511.489265214409,15491.437556795168,8.509803921568627,5.9411764705882355
4,3,3,11,10.0,4578.4768736091755,11622.90963042351,7.4411764705882355,4.588235294117647
4,3,3,12,10.0,3600.853086448688,10053.867640282058,5.450980392156863,3.392156862745098
4,3,3,13,13.0,6485.315204350276,16744.612982993254,8.862745098039216,6.470588235294118
4,3,3,14,15.0,10141.816471396261,24942.717944411437,11.852941176470589,8.215686274509803
4,3,3,15,8.0,3185.804702053859,7853.611792282069,6.107843137254902,3.2549019607843137
4,3,3,16,14.0,7189.56854160897,19360.37765097765,9.0,6.392156862745098
4,3,3,17,13.0,7350.832574003616,19836.69015832438,9.372549019607844,6.980392156862745
4,3,3,18,9.0,4279.931823042445,9760.020640749664,6.607843137254902,3.549019607843137
4,3,3,19,12.0,5690.072041277285,14008.797679836449,9.07843137254902,4.647058823529412
4,3,3,20,16.0,10056.345824745044,24874.184345361547,12.529411764705882,8.784313725490197
4,3,3,21,13.0,7113.182840608496,16941.743026994805,9.549019607843137,6.392156862745098
4,3,3,22,0.0,312.53681164768057,1004.3561713363617,0.6862745098039216,0.0392156862745098
4,3,3,23,14.0,8073.84654183201,19282.413470835196,10.833333333333334,6.431372549019608
4,3,3,24,11.0,5307.017895472451,12662.94482192496,8.352941176470589,4.2745098039215685
4,3,3,25,8.0,3005.658019702441,8464.718728851121,5.049019607843137,2.7450980392156863
4,3,3,26,11.0,5161.237774675545,12681.101552961034,8.647058823529411,4.882352941176471
4,3,3,27,7.0,2524.8228148162875,5988.918498889339,5.205882352941177,1.7058823529411764
4,3,3,28,14.0,7958.047122885304,19386.943044110947,10.686274509803921,6.411764705882353
4,3,3,29,0.0,1423.3775940271375,3578.117963792949,2.607843137254902,0.9803921568627451
4,3,3,30,14.0,8196.677739283425,19978.883850710667,10.980392156862745,6.509803921568627
4,3,3,31,10.0,4339.941131438758,9635.550164312377,6.882352941176471,2.9607843137254903
4,3,3,32,10.0,4104.443203006251,9850.40596015266,6.764705882352941,3.0
4,3,3,33,0.0,57.608785283444334,127.75064561297181,0.21568627450980393,0.0
4,3,3,34,12.0,5610.191169165583,13001.049583668479,8.784313725490197,4.549019607843137
4,3,3,35,14.0,8628.404280698353,21975.277820636697,11.509803921568627,8.0
4,3,3,36,15.0,9348.664300216562,24072.367755690888,11.254901960784315,8.529411764705882
4,3,3,37,12.0,5391.43153972731,14749.563785924543,7.382352941176471,6.254901960784314
4,3,3,38,11.0,4649.624863195518,11185.032528192121,7.450980392156863,4.019607843137255
4,3,3,39,12.0,6660.32513181937,15702.791586841113,8.696078431372548,4.2745098039215685
4,3,3,40,0.0,652.1748092658122,1808.2706405786364,1.3627450980392157,0.3333333333333333
4,3,3,41,11.0,4607.732067539001,12317.087021712072,7.431372549019608,4.470588235294118
4,3,3,42,8.0,3360.1378726953367,9487.973229926365,4.284313725490196,3.156862745098039
4,3,3,43,15.0,8554.136071861201,21532.238686991524,10.745098039215685,7.235294117647059
4,3,3,44,14.0,8114.685937654121,19695.402067446605,11.303921568627452,6.470588235294118
4,3,3,45,11.0,5510.0078967312365,13583.382308142773,8.823529411764707,5.019607843137255
4,3,3,46,12.0,5538.715016060246,13364.087589931227,8.745098039215685,4.764705882352941
4,3,3,47,13.0,7251.053858966825,18456.43296401939,8.715686274509803,6.705882352941177
4,3,3,48,7.0,2273.518590856178,6538.987040326723,3.8137254901960786,2.450980392156863
4,3,3,49,10.0,4960.203020132624,13213.868492264679,6.490196078431373,4.588235294117647
4,3,3,50,12.0,7113.291684110568,16738.69560324638,9.715686274509803,5.784313725490196
4,3,3,51,2.0,1085.453002954108,2862.1865378862517,1.7843137254901962,0.9215686274509803
4,3,3,52,9.0,3753.469368050546,10460.311259789261,5.803921568627451,3.9607843137254903
4,3,3,53,7.0,2677.2581981435624,7248.062078910763,3.8529411764705883,2.156862745098039
4,3,3,54,14.0,7909.816023961734,19505.983709914708,10.215686274509803,6.509803921568627
4,3,3,55,10.0,3862.8878864593166,9910.193776702214,6.911764705882353,3.9215686274509802
4,3,3,56,7.0,2542.7286448526775,6512.3094505127665,4.078431372549019,2.196078431372549
4,3,3,57,0.0,465.58670564137924,1249.8256924372283,1.0196078431372548,0.37254901960784315
4,3,3,58,12.0,6427.471759709057,15984.026926636641,8.931372549019608,5.509803921568627
4,3,3,59,6.0,2127.90051616629,5730.751796084243,4.049019607843137,1.6862745098039216
4,3,4,0,11.0,4330.1205237288605,11905.907403901521,6.107843137254902,2.0784313725490198
4,3,4,1,5.0,2847.4980313955393,6454.179543113,4.980392156862745,0.6470588235294118
4,3,4,2,9.0,3504.1503031620805,8123.905834177831,6.784313725490196,1.1568627450980393
4,3,4,3,0.0,448.60125270251683,1096.9531069318482,1.2549019607843137,0.1568627450980392
4,3,4,4,3.0,1738.1218212290935,4670.623207753731,3.196078431372549,0.7450980392156863
4,3,4,5,10.0,3830.17625125169,10800.018940239852,6.333333333333333,3.5294117647058822
4,3,4,6,11.0,3689.7071006447477,9907.963165600106,7.049019607843137,1.9607843137254901
4,3,4,7,0.0,1054.707048716544,2587.7325310522333,2.4411764705882355,1.0
4,3,4,8,0.0,1480.80463772177,3675.1262826390175,2.235294117647059,0.803921568627451
4,3,4,9,7.0,2694.5562989163977,6261.29828960041,5.862745098039215,1.0392156862745099
4,3,4,10,8.0,3639.329459013,8914.599950610092,5.7745098039215685,2.7450980392156863
4,3,4,11,7.0,2359.0945400344117,6386.52777083642,4.470588235294118,1.8823529411764706
4,3,4,12,3.0,1430.4335040677352,4190.213364295,3.1176470588235294,0.5882352941176471
4,3,4,13,8.0,3115.5652896639995,8160.653933702999,5.852941176470588,2.450980392156863
4,3,4,14,12.0,5850.788379168129,14233.226237621657,8.352941176470589,2.6862745098039214
4,3,4,15,1.0,1462.5711894695523,3896.3433487791635,3.676470588235294,0.8235294117647058
4,3,4,16,11.0,4237.765480666371,11586.329340475386,6.4411764705882355,2.2941176470588234
4,3,4,17,10.0,3725.505717827749,10530.44967697586,6.264705882352941,2.156862745098039
4,3,4,18,3.0,2100.8179704283066,4363.267163606761,4.137254901960785,0.39215686274509803
4,3,4,19,8.0,3008.187968610223,7350.4304153101075,6.3431372549019605,1.5098039215686274
4,3,4,20,9.0,3289.877125459432,8290.854487564526,6.088235294117647,2.411764705882353
4,3,4,21,9.0,3697.600464337165,8283.31807165004,6.127450980392157,1.9803921568627452
4,3,4,22,0.0,37.435113690376454,181.10814490939794,0.18627450980392157,0.0
4,3,4,23,11.0,4390.732971316291,10143.303414152966,7.362745098039215,1.6862745098039216
4,3,4,24,7.0,2906.3996665123523,6535.564212923748,5.666666666666667,0.7450980392156863
4,3,4,25,1.0,1571.7886380224566,4534.068261409464,2.980392156862745,0.5490196078431373
4,3,4,26,5.0,2115.261216495462,5311.5276185613675,4.921568627450981,1.2156862745098038
4,3,4,27,2.0,1567.5347121320738,3340.2321301941415,3.627450980392157,0.2549019607843137
4,3,4,28,10.0,3894.8723893138367,9453.67683778294,7.0588235294117645,1.5098039215686274
4,3,4,29,0.0,803.0664623604822,1897.5721040949277,1.7647058823529411,0.0392156862745098
4,3,4,30,11.0,4244.252201579123,10299.131584385203,7.4411764705882355,1.7058823529411764
4,3,4,31,3.0,2329.1413000335056,4828.599813764775,4.421568627450981,0.7058823529411765
4,3,4,32,5.0,1955.4074755977895,4366.407913297297,4.245098039215686,0.4117647058823529
4,3,4,33,0.0,57.60878528344436,127.75064561297187,0.21568627450980393,0.0
4,3,4,34,7.0,2661.512239881376,6060.507934566827,5.5,0.9803921568627451
4,3,4,35,9.0,3381.2715505625015,8675.554271696827,6.176470588235294,1.7254901960784315
4,3,4,36,11.0,4903.478339390883,13367.568465625125,7.754901960784314,3.411764705882353
4,3,4,37,7.0,2678.733916749345,7972.185407020092,4.676470588235294,2.215686274509804
4,3,4,38,3.0,1528.6452200899291,3544.9739654822984,3.4411764705882355,0.4117647058823529
4,3,4,39,9.0,4370.273695538596,9653.453154041661,6.480392156862745,1.3137254901960784
4,3,4,40,0.0,130.72511540536573,447.1193583419985,0.35294117647058826,0.0
4,3,4,41,8.0,2214.107966429309,6068.876295236623,4.872549019607843,1.2156862745098038
4,3,4,42,0.0,1489.5879227014407,4173.520814366788,2.3627450980392157,0.27450980392156865
4,3,4,43,10.0,4104.098447122631,10415.641886026646,6.519607843137255,2.215686274509804
4,3,4,44,10.0,3870.4529883328205,9406.206939631747,7.2254901960784315,1.1764705882352942
4,3,4,45,8.0,2735.2856505749824,6822.037297904954,5.833333333333333,1.1764705882352942
4,3,4,46,7.0,2737.399083602343,6353.023229898683,5.362745098039215,1.0980392156862746
4,3,4,47,10.0,3913.579082391037,10104.111239305807,6.098039215686274,2.7058823529411766
4,3,4,48,0.0,800.7641260834716,2619.336157511241,1.6274509803921569,0.3137254901960784
4,3,4,49,3.0,2038.4896863830404,5407.577765884949,3.3823529411764706,0.803921568627451
4,3,4,50,9.0,3965.2887349945113,9166.745938311165,6.784313725490196,1.8823529411764706
4,3,4,51,0.0,478.5757020844076,1375.036498975641,0.8529411764705882,0.0
4,3,4,52,3.0,1724.853508676822,4877.429223458865,3.0980392156862746,0.35294117647058826
4,3,4,53,0.0,983.3260011780864,2829.1525933590856,1.7745098039215685,0.5882352941176471
4,3,4,54,12.0,4354.360958476649,10509.969848705778,7.284313725490196,1.9411764705882353
4,3,4,55,5.0,2090.328285809262,5131.4335637967115,4.2745098039215685,0.9215686274509803
4,3,4,56,1.0,1400.025932542438,3629.90663643876,2.6176470588235294,0.5686274509803921
4,3,4,57,0.0,229.1813106466728,734.1924958659173,0.5588235294117647,0.11764705882352941
4,3,4,58,8.0,3100.3077584843795,7893.762879923944,5.578431372549019,1.3725490196078431
4,3,4,59,0.0,877.1390390056213,2398.2396261239146,2.196078431372549,0.1568627450980392
4,4,0,0,21.0,25837.40403711261,67175.40077846857,15.911764705882353,18.725490196078432
4,4,0,1,21.0,26197.834570222243,64771.3220120809,18.019607843137255,18.392156862745097
4,4,0,2,21.0,27917.581229614134,69298.26873270057,19.313725490196077,18.84313725490196
4,4,0,3,21.0,23603.4635790057,59013.351026452176,16.686274509803923,18.215686274509803
4,4,0,4,19.0,18739.157920344147,48899.03643951114,13.5,15.705882352941176
4,4,0,5,21.0,24052.165776181497,62525.98279241565,15.647058823529411,18.254901960784313
4,4,0,6,22.0,30250.224180298097,75105.14757648503,19.715686274509803,19.784313725490197
4,4,0,7,19.0,20756.68247645033,52767.85775006558,14.441176470588236,16.764705882352942
4,4,0,8,20.0,21523.065866586476,55724.51498932106,14.156862745098039,17.07843137254902
4,4,0,9,21.0,28737.23401184062,71086.98121492355,19.362745098039216,19.294117647058822
4,4,0,10,21.0,26131.738418545738,64667.25806646497,18.372549019607842,18.568627450980394
4,4,0,11,20.0,25404.527630526645,63015.638684295365,17.80392156862745,18.03921568627451
4,4,0,12,21.0,23514.717934501055,60550.09028582393,15.029411764705882,17.88235294117647
4,4,0,13,20.0,24693.67384324772,61788.43351259124,17.470588235294116,18.0
4,4,0,14,21.0,28533.038383892712,70533.29725627846,19.15686274509804,18.92156862745098
4,4,0,15,21.0,27462.770228057772,68717.54317157238,18.41176470588235,19.254901960784313
4,4,0,16,21.0,27939.476428189366,70223.53787277124,18.245098039215687,19.137254901960784
4,4,0,17,21.0,28091.449157651423,71173.76756954311,18.41176470588235,19.294117647058822
4,4,0,18,21.0,26654.680772497646,66191.84076433397,18.127450980392158,18.764705882352942
4,4,0,19,20.0,24970.834177233857,62261.459188605564,17.627450980392158,17.764705882352942
4,4,0,20,21.0,28492.627776360234,70311.13111732152,19.362745098039216,19.058823529411764
4,4,0,21,20.0,23186.137888228914,57399.54385540445,16.852941176470587,17.274509803921568
4,4,0,22,20.0,22067.8883265331,56583.63027557127,14.53921568627451,17.333333333333332
4,4,0,23,20.0,25601.18209105074,63532.29716371823,18.529411764705884,17.88235294117647
4,4,0,24,19.0,23524.827405738757,58543.179102167334,17.34313725490196,17.45098039215686
4,4,0,25,20.0,25828.632203007604,65045.13724687362,17.627450980392158,18.294117647058822
4,4,0,26,21.0,27784.73894844459,69006.0346171393,18.813725490196077,19.0
4,4,0,27,20.0,23386.94324659016,58849.29009611378,16.69607843137255,17.607843137254903
4,4,0,28,22.0,29784.994157777266,74206.49464583307,19.53921568627451,19.49019607843137
4,4,0,29,18.0,14809.8598834692,37693.08535224833,12.068627450980392,13.92156862745098
4,4,0,30,21.0,28273.163157448245,70018.02124968494,18.92156862745098,18.941176470588236
4,4,0,31,19.0,22524.96550741018,55297.542979410166,16.892156862745097,16.84313725490196
4,4,0,32,20.0,25210.74387258692,62541.39789670801,17.627450980392158,17.80392156862745
4,4,0,33,19.0,21619.10653534887,53841.21092083266,15.77450980392157,17.45098039215686
4,4,0,34,20.0,27126.36848445934,66972.84797598014,18.598039215686274,18.392156862745097
4,4,0,35,21.0,28461.851843791726,70987.65540232192,19.215686274509803,19.254901960784313
4,4,0,36,21.0,26530.438917517607,66313.35568436468,18.029411764705884,18.784313725490197
4,4,0,37,19.0,19544.355222247683,51189.49755068709,13.705882352941176,16.313725490196077
4,4,0,38,21.0,27048.376311148266,67244.71156300927,18.34313725490196,18.49019607843137
4,4,0,39,19.0,23058.08769509313,56789.94442849671,16.931372549019606,16.901960784313726
4,4,0,40,18.0,19978.835768014294,50837.829176230414,15.117647058823529,16.352941176470587
4,4,0,41,20.0,23437.555014660615,58552.593688786576,16.735294117647058,17.666666666666668
4,4,0,42,21.0,23260.855348686116,60770.95700232546,14.607843137254902,17.980392156862745
4,4,0,43,21.0,29070.03889163685,71855.96186296543,19.176470588235293,19.254901960784313
4,4,0,44,21.0,27918.036756759357,69243.7774224511,19.127450980392158,18.705882352941178
4,4,0,45,19.0,23364.392727038743,58871.36564673928,16.99019607843137,17.58823529411765
4,4,0,46,20.0,24443.7072957313,60830.89338379551,17.352941176470587,17.58823529411765
4,4,0,47,21.0,26077.306455681053,65454.66720637412,17.480392156862745,18.784313725490197
4,4,0,48,21.0,23444.80507205391,60884.170123427604,15.215686274509803,17.647058823529413
4,4,0,49,21.0,22827.160604223965,59560.13008770849,14.46078431372549,17.705882352941178
4,4,0,50,21.0,26542.716606840146,65792.53017478774,18.264705882352942,18.313725490196077
4,4,0,51,21.0,22936.994193762224,57975.28369072645,15.784313725490197,17.568627450980394
4,4,0,52,20.0,26785.453577829336,67542.59862098769,17.676470588235293,19.03921568627451
4,4,0,53,20.0,21864.256487121485,56320.22616237819,14.656862745098039,17.137254901960784
4,4,0,54,22.0,30148.94548639278,75040.47047054638,19.372549019607842,19.666666666666668
4,4,0,55,20.0,22448.694501432765,56264.34257177512,16.284313725490197,17.568627450980394
4,4,0,56,20.0,23121.841777257694,58010.20286538002,16.441176470588236,17.41176470588235
4,4,0,57,17.0,17006.15456089156,42241.22159334514,13.970588235294118,14.490196078431373
4,4,0,58,20.0,25445.45913391484,62661.26981180227,18.019607843137255,18.03921568627451
4,4,0,59,20.0,22645.03737740638,57147.94043305289,15.92156862745098,17.19607843137255
4,4,1,0,20.0,20370.798866554705,53187.71870600797,14.215686274509803,15.882352941176471
4,4,1,1,18.0,18353.249483176456,44967.871767111064,15.186274509803921,14.0
4,4,1,2,19.0,21306.659937189106,52529.820163975106,17.137254901960784,15.294117647058824
4,4,1,3,14.0,9870.49640272008,23897.2666022996,10.637254901960784,10.313725490196079
4,4,1,4,16.0,12778.022481546512,33600.69567954351,11.343137254901961,11.843137254901961
4,4,1,5,19.0,18557.768486267578,48616.5021018442,14.029411764705882,15.568627450980392
4,4,1,6,20.0,23395.27035154255,58210.01767695595,17.558823529411764,16.254901960784313
4,4,1,7,16.0,13604.844785408826,34591.26560160018,11.852941176470589,12.647058823529411
4,4,1,8,17.0,14325.42324283149,36858.17087791261,11.450980392156863,13.294117647058824
4,4,1,9,19.0,20192.223104151642,50278.36094834663,16.676470588235293,15.098039215686274
4,4,1,10,19.0,20277.14467490398,50073.19754292262,16.431372549019606,15.411764705882353
4,4,1,11,17.0,17771.997603359658,44386.74495462641,15.049019607843137,14.431372549019608
4,4,1,12,16.0,12826.79573086252,33998.423678172636,11.029411764705882,12.196078431372548
4,4,1,13,18.0,16895.985880672302,43333.367062772166,13.470588235294118,14.137254901960784
4,4,1,14,19.0,22501.629377644873,55668.81597606906,17.186274509803923,16.235294117647058
4,4,1,15,18.0,18668.238415628577,46535.40302841247,15.5,15.215686274509803
4,4,1,16,19.0,18657.874711434684,48008.85870209601,13.784313725490197,15.098039215686274
4,4,1,17,19.0,20133.835236025192,52429.651201083805,14.735294117647058,15.549019607843137
4,4,1,18,17.0,17390.209782067977,42761.1357067812,14.980392156862745,14.117647058823529
4,4,1,19,18.0,18016.293436024935,44713.461640525245,15.42156862745098,14.235294117647058
4,4,1,20,19.0,22175.45285184466,54824.018996764404,17.245098039215687,16.274509803921568
4,4,1,21,17.0,17672.316800362976,43643.91932548626,15.068627450980392,14.215686274509803
4,4,1,22,16.0,14489.426495910797,37233.54728781825,11.784313725490197,13.176470588235293
4,4,1,23,19.0,20124.13390709893,49540.279954470985,16.647058823529413,14.980392156862745
4,4,1,24,17.0,17198.02759680398,42453.26861558777,15.068627450980392,13.882352941176471
4,4,1,25,17.0,15584.77701603972,40618.38820557423,12.794117647058824,13.490196078431373
4,4,1,26,18.0,19223.960202977374,47846.708220862645,16.04901960784314,15.03921568627451
4,4,1,27,16.0,14747.269989950526,37237.2216598855,13.627450980392156,13.019607843137255
4,4,1,28,20.0,23069.20178061803,57181.75426528443,17.264705882352942,15.96078431372549
4,4,1,29,13.0,7364.0077142055125,18627.20793342835,7.7745098039215685,8.313725490196079
4,4,1,30,19.0,21979.767978316257,54461.13093271637,16.92156862745098,15.823529411764707
4,4,1,31,17.0,16222.922732741641,39498.60167522273,14.637254901960784,13.215686274509803
4,4,1,32,17.0,17526.802575969698,43265.80526075564,15.03921568627451,13.843137254901961
4,4,1,33,0.0,817.3879734215362,2087.119270172276,1.2058823529411764,1.0196078431372548
4,4,1,34,19.0,21116.996365685714,52171.15124583857,16.80392156862745,15.490196078431373
4,4,1,35,19.0,21404.655725430046,53385.54166727075,16.931372549019606,15.901960784313726
4,4,1,36,19.0,21662.405257099752,54217.230703461966,16.480392156862745,16.215686274509803
4,4,1,37,17.0,14935.684711731992,39243.88250119855,12.127450980392156,13.588235294117647
4,4,1,38,18.0,18092.524578815024,44338.778136323665,15.127450980392156,13.862745098039216
4,4,1,39,18.0,17751.27097946781,43672.28919751432,15.156862745098039,13.490196078431373
4,4,1,40,15.0,11737.706242085434,30255.14263937091,11.5,11.705882352941176
4,4,1,41,17.0,16710.42297079355,42175.630190340446,14.470588235294118,13.92156862745098
4,4,1,42,16.0,12821.93718483172,33608.5678131575,9.46078431372549,11.764705882352942
4,4,1,43,20.0,22426.730346871824,55412.04660124918,16.92156862745098,15.784313725490197
4,4,1,44,19.0,21653.680174240413,53872.320182738426,17.176470588235293,15.666666666666666
4,4,1,45,17.0,17810.756493813104,44650.07584746364,15.156862745098039,14.431372549019608
4,4,1,46,18.0,19040.136922387024,47325.10772241404,15.607843137254902,14.745098039215685
4,4,1,47,18.0,17353.38432913737,43635.23321800588,13.941176470588236,14.352941176470589
4,4,1,48,17.0,15362.714754391425,40108.38796486851,12.53921568627451,12.96078431372549
4,4,1,49,17.0,14012.627248946465,36951.635102495224,11.127450980392156,12.529411764705882
4,4,1,50,18.0,18894.4429380184,46511.321081147544,15.57843137254902,14.549019607843137
4,4,1,51,16.0,11350.52493485243,29341.456297619323,9.07843137254902,11.137254901960784
4,4,1,52,17.0,17504.646540172966,44930.69243880241,14.323529411764707,14.686274509803921
4,4,1,53,17.0,12414.11301512485,31872.748085490894,9.794117647058824,11.431372549019608
4,4,1,54,19.0,22478.666037776282,56247.386910165966,16.980392156862745,15.901960784313726
4,4,1,55,16.0,15253.394276040535,38389.91416480033,13.813725490196079,13.392156862745098
4,4,1,56,17.0,15496.936288973418,39188.41593453913,13.637254901960784,13.392156862745098
4,4,1,57,13.0,9024.781040180822,22226.707731411432,10.352941176470589,9.333333333333334
4,4,1,58,19.0,19476.693471782924,47772.44217441208,15.931372549019608,14.823529411764707
4,4,1,59,17.0,14779.71435455116,37426.17202516369,12.931372549019608,12.745098039215685
4,4,2,0,17.0,15609.567253715519,40571.68632966682,12.509803921568627,12.784313725490197
4,4,2,1,17.0,14248.019158341776,34881.28417543393,13.127450980392156,11.03921568627451
4,4,2,2,18.0,16966.563751848116,41780.070442343684,15.57843137254902,12.666666666666666
4,4,2,3,11.0,5625.803596697966,13484.902958450974,7.833333333333333,6.686274509803922
4,4,2,4,15.0,10106.448038607143,26711.854871481417,9.990196078431373,9.823529411764707
4,4,2,5,18.0,15125.06036412828,39740.1236097568,12.852941176470589,13.490196078431373
4,4,2,6,18.0,18274.545744749244,45731.08073847381,15.794117647058824,13.490196078431373
4,4,2,7,14.0,9801.582283482707,24744.527189539407,10.088235294117647,9.823529411764707
4,4,2,8,15.0,9750.605013745435,25180.777754226976,8.96078431372549,10.27450980392157
4,4,2,9,17.0,15466.627259559402,38472.94772507789,14.882352941176471,12.196078431372548
4,4,2,10,17.0,15243.849577216997,37622.88892744137,14.058823529411764,12.509803921568627
4,4,2,11,15.0,12859.261639464466,32212.105076679265,13.058823529411764,11.529411764705882
4,4,2,12,14.0,9261.597943959072,24779.365712032,9.068627450980392,9.333333333333334
4,4,2,13,17.0,13948.881792974173,36032.87914554233,12.382352941176471,12.235294117647058
4,4,2,14,18.0,18295.175225355026,45375.955948804374,15.529411764705882,13.901960784313726
4,4,2,15,15.0,13014.007921175435,32088.74239446122,13.029411764705882,11.745098039215685
4,4,2,16,17.0,14548.47981362956,37555.036645445216,12.352941176470589,12.529411764705882
4,4,2,17,17.0,14492.519199521503,38093.55753794093,12.656862745098039,12.254901960784315
4,4,2,18,15.0,12773.299525475279,31188.24305636665,12.970588235294118,11.098039215686274
4,4,2,19,16.0,14329.542256519473,35299.28942729638,14.049019607843137,11.568627450980392
4,4,2,20,18.0,18559.708324990675,45929.948103287745,15.901960784313726,14.254901960784315
4,4,2,21,16.0,14056.531890420576,34543.36560618643,13.598039215686274,11.705882352941176
4,4,2,22,9.0,4637.513331008026,11971.297317086077,6.235294117647059,5.8431372549019605
4,4,2,23,17.0,16198.687902808868,39720.00042909679,15.196078431372548,12.411764705882353
4,4,2,24,16.0,13993.347894419705,34542.008712809395,13.647058823529411,11.882352941176471
4,4,2,25,15.0,11000.227943492928,29161.814061444256,10.941176470588236,10.470588235294118
4,4,2,26,16.0,13576.623870274812,33622.16942459508,13.5,11.882352941176471
4,4,2,27,14.0,9274.977068132377,23468.126584809703,10.117647058823529,8.784313725490197
4,4,2,28,18.0,18498.869304985004,45605.96158041801,15.77450980392157,13.235294117647058
4,4,2,29,9.0,4466.425979435501,11253.878294081163,4.764705882352941,4.882352941176471
4,4,2,30,17.0,16982.425085922725,41970.03028103319,15.127450980392156,12.764705882352942
4,4,2,31,15.0,12075.232361199527,28995.929423778885,12.637254901960784,10.156862745098039
4,4,2,32,16.0,12608.68226753569,30744.021829992314,12.568627450980392,10.235294117647058
4,4,2,33,0.0,561.458725711203,1431.4686505877776,0.9803921568627451,0.6274509803921569
4,4,2,34,17.0,15895.151285688826,38899.98523797962,14.803921568627452,12.196078431372548
4,4,2,35,18.0,17640.997222494174,44313.9732194467,15.568627450980392,13.862745098039216
4,4,2,36,18.0,18233.02307976814,45729.231097379175,15.235294117647058,14.156862745098039
4,4,2,37,16.0,12285.811313650876,32537.13013194745,11.137254901960784,11.882352941176471
4,4,2,38,16.0,13368.866728102068,32844.338016398746,12.92156862745098,11.03921568627451
4,4,2,39,16.0,14486.117390029112,35391.57074529534,13.705882352941176,10.705882352941176
4,4,2,40,10.0,5265.52596742863,13940.977565578227,7.480392156862745,7.019607843137255
4,4,2,41,16.0,12487.077943857035,32142.020062052106,12.352941176470589,11.156862745098039
4,4,2,42,15.0,9940.580601975384,26127.655486205418,8.294117647058824,9.470588235294118
4,4,2,43,18.0,17700.45949489247,43727.26516761405,15.205882352941176,13.0
4,4,2,44,18.0,16636.595742580543,41083.245070353354,15.343137254901961,12.72549019607843
4,4,2,45,16.0,13907.830537663634,34725.79416359612,13.607843137254902,12.0
4,4,2,46,16.0,13957.0021078216,34627.212083412334,13.53921568627451,11.843137254901961
4,4,2,47,17.0,14262.277913066206,35972.8805412786,12.46078431372549,12.176470588235293
4,4,2,48,16.0,11680.621066881266,30750.869672895926,10.92156862745098,10.196078431372548
4,4,2,49,15.0,11213.231077011505,29569.390608016336,9.96078431372549,10.215686274509803
4,4,2,50,16.0,15101.844491442487,36889.86863631155,14.186274509803921,12.019607843137255
4,4,2,51,12.0,6862.732510812357,17379.906752196952,6.794117647058823,7.686274509803922
4,4,2,52,15.0,10643.68599531378,28466.775148022727,10.313725490196079,10.313725490196079
4,4,2,53,13.0,7815.005330442114,20343.409404615577,7.754901960784314,8.019607843137255
4,4,2,54,18.0,16708.244705691897,41689.563184875435,14.803921568627452,12.823529411764707
4,4,2,55,15.0,11771.581662467588,29802.488193111112,12.27450980392157,11.137254901960784
4,4,2,56,13.0,8510.394793907843,21958.363136281794,9.068627450980392,8.745098039215685
4,4,2,57,8.0,3323.332282731028,9017.421656658826,4.882352941176471,4.2745098039215685
4,4,2,58,17.0,15212.042325596285,37472.50435858278,14.264705882352942,12.0
4,4,2,59,14.0,10078.011810645712,25767.423769910198,10.676470588235293,9.647058823529411
4,4,3,0,15.0,10131.407181450533,26916.33742013814,9.950980392156863,8.254901960784315
4,4,3,1,14.0,9232.376040723197,22335.88768571832,10.42156862745098,6.627450980392157
4,4,3,2,15.0,10452.451266597942,25540.016076307777,12.343137254901961,8.117647058823529
4,4,3,3,0.0,1509.5205999844513,3699.998116284248,2.4901960784313726,1.7254901960784315
4,4,3,4,12.0,6213.973815870627,16749.078933124547,7.519607843137255,6.137254901960785
4,4,3,5,16.0,10924.052656138512,29055.978572565546,11.058823529411764,10.450980392156863
4,4,3,6,16.0,11235.821240340549,28930.647852982303,12.450980392156863,8.941176470588236
4,4,3,7,11.0,5570.706952940379,13957.461454325989,7.303921568627451,5.431372549019608
4,4,3,8,11.0,5715.800232434498,15043.784404907523,6.313725490196078,6.450980392156863
4,4,3,9,15.0,9635.501906984246,23886.698702807626,12.068627450980392,7.980392156862745
4,4,3,10,15.0,9848.725592680465,23852.54315376899,10.872549019607844,8.333333333333334
4,4,3,11,12.0,7173.425242916398,18333.637055400963,9.549019607843137,6.921568627450981
4,4,3,12,12.0,5674.942884838887,15647.931167394447,7.0588235294117645,5.529411764705882
4,4,3,13,15.0,9320.17497096851,24080.987907056624,10.362745098039216,8.411764705882353
4,4,3,14,17.0,13361.407677411229,33179.63362828219,13.392156862745098,10.352941176470589
4,4,3,15,12.0,6766.205419275015,16694.956616174775,9.441176470588236,7.0588235294117645
4,4,3,16,16.0,10228.397102719176,27060.775316954263,10.598039215686274,8.784313725490197
4,4,3,17,15.0,10345.854417514542,27664.46764255484,10.843137254901961,8.901960784313726
4,4,3,18,11.0,6670.870863848364,15675.46251775825,8.607843137254902,5.705882352941177
4,4,3,19,14.0,9158.252464415948,22591.07588507309,11.382352941176471,7.372549019607843
4,4,3,20,17.0,13608.725987170406,33820.93273507745,14.03921568627451,10.901960784313726
4,4,3,21,14.0,9910.678419804566,24045.067604380547,11.480392156862745,8.450980392156863
4,4,3,22,3.0,1028.5571650349702,3071.171066869674,1.9215686274509804,0.9215686274509803
4,4,3,23,16.0,11060.482628264283,26844.239498774783,12.549019607843137,8.431372549019608
4,4,3,24,14.0,8331.922990470735,20349.048983784684,10.568627450980392,7.215686274509804
4,4,3,25,11.0,5719.95455305675,15575.949760481282,7.490196078431373,5.8431372549019605
4,4,3,26,14.0,8556.263759697236,21321.475169813377,10.970588235294118,7.901960784313726
4,4,3,27,11.0,4768.726265787662,11696.545046335716,7.2745098039215685,4.333333333333333
4,4,3,28,16.0,11929.070040157227,29389.895233060033,12.882352941176471,9.0
4,4,3,29,2.0,2314.1383306343732,5841.009492439652,3.323529411764706,2.1176470588235294
4,4,3,30,16.0,11448.861075931232,28337.25919439133,12.745098039215685,8.784313725490197
4,4,3,31,12.0,6580.285046208315,15066.835262309289,8.862745098039216,5.235294117647059
4,4,3,32,13.0,7391.914773432245,18005.08971175566,9.470588235294118,5.803921568627451
4,4,3,33,0.0,57.608785283444334,127.75064561297181,0.21568627450980393,0.0
4,4,3,34,14.0,8546.800240713614,20455.816149083563,10.637254901960784,7.03921568627451
4,4,3,35,16.0,12425.714843523343,31628.031752220428,13.431372549019608,10.352941176470589
4,4,3,36,16.0,12890.211838670357,32865.465176117585,13.049019607843137,10.607843137254902
4,4,3,37,14.0,8809.028997855898,23560.17708899744,9.568627450980392,8.72549019607843
4,4,3,38,13.0,7651.606564309266,18422.70865315722,9.549019607843137,6.568627450980392
4,4,3,39,15.0,10155.821541335037,24410.54585347777,11.03921568627451,6.784313725490196
4,4,3,40,3.0,1160.126491625554,3258.04492245869,2.107843137254902,1.1372549019607843
4,4,3,41,13.0,7568.096999389494,20036.574934127795,9.686274509803921,6.686274509803922
4,4,3,42,11.0,5711.163632921964,15612.9695587918,6.068627450980392,5.529411764705882
4,4,3,43,16.0,11694.289594446498,29150.29842017866,12.245098039215685,9.156862745098039
4,4,3,44,16.0,11747.517984178188,28800.28866895818,13.156862745098039,8.823529411764707
4,4,3,45,14.0,8914.608322629396,22046.34732460676,11.166666666666666,7.8431372549019605
4,4,3,46,14.0,8995.274982356043,22119.2606164572,11.127450980392156,7.784313725490196
4,4,3,47,16.0,10181.760402610947,25802.620761870912,10.382352941176471,8.627450980392156
4,4,3,48,11.0,5029.03003144441,14058.45229654741,6.637254901960785,5.372549019607843
4,4,3,49,12.0,7270.43878773259,19371.69133514838,8.029411764705882,6.549019607843137
4,4,3,50,14.0,10501.510730865693,25344.725456699165,12.009803921568627,8.411764705882353
4,4,3,51,8.0,3201.8997602280165,8162.600772517357,4.117647058823529,3.5294117647058822
4,4,3,52,12.0,6619.1522436309415,18168.69300176666,8.029411764705882,6.745098039215686
4,4,3,53,10.0,4301.384515233109,11484.26937829259,5.303921568627451,4.0588235294117645
4,4,3,54,15.0,11127.03436030297,27616.717076173776,12.068627450980392,8.607843137254902
4,4,3,55,13.0,6943.882255853663,17659.60047624001,9.480392156862745,6.745098039215686
4,4,3,56,10.0,4714.701294325594,12226.67434371581,6.068627450980392,4.7254901960784315
4,4,3,57,0.0,757.910099026501,2048.4616027014326,1.4803921568627452,0.5490196078431373
4,4,3,58,15.0,9465.674662277605,23438.46391671067,11.009803921568627,7.686274509803922
4,4,3,59,10.0,4448.53257112068,11717.213663442339,6.862745098039215,4.392156862745098
4,4,4,0,13.0,6506.945765272403,17555.63184015872,7.509803921568627,3.6470588235294117
4,4,4,1,10.0,4823.729820814768,11236.487296763149,6.892156862745098,1.8823529411764706
4,4,4,2,11.0,5345.832715116005,12777.947913401757,8.411764705882353,3.0588235294117645
4,4,4,3,0.0,841.2004251313275,2064.2878011570588,1.8529411764705883,0.43137254901960786
4,4,4,4,8.0,2938.898225620791,8019.427923306689,4.411764705882353,1.8627450980392157
4,4,4,5,13.0,6308.048135225802,17428.60227396107,8.205882352941176,5.509803921568627
4,4,4,6,13.0,6054.462860094551,16038.693019535964,9.019607843137255,3.8627450980392157
4,4,4,7,6.0,2391.076789713294,5908.875161653979,4.186274509803922,1.8431372549019607
4,4,4,8,5.0,2633.357714994743,6769.887647982479,3.4019607843137254,1.9803921568627452
4,4,4,9,10.0,4331.704151520719,10442.171268762544,7.764705882352941,2.8823529411764706
4,4,4,10,11.0,5784.14399777494,14103.714273097597,7.529411764705882,4.372549019607843
4,4,4,11,9.0,3795.2186370304753,10242.936234379495,6.078431372549019,3.1372549019607843
4,4,4,12,8.0,2683.021876735571,7651.036964527262,4.431372549019608,1.9411764705882353
4,4,4,13,11.0,5289.933224811452,13866.371739871473,7.637254901960785,4.313725490196078
4,4,4,14,14.0,8038.211325690327,20136.56325591841,9.92156862745098,4.901960784313726
4,4,4,15,7.0,2957.7853855550834,7481.633560011974,5.666666666666667,2.156862745098039
4,4,4,16,13.0,6424.681372607703,17464.966315532984,8.107843137254902,4.235294117647059
4,4,4,17,13.0,5786.899912574317,16144.543345152819,7.970588235294118,4.03921568627451
4,4,4,18,7.0,3290.66768235105,7266.229586445175,5.352941176470588,1.3529411764705883
4,4,4,19,12.0,5219.605089416257,12742.141504132278,8.441176470588236,2.9215686274509802
4,4,4,20,13.0,5899.883909034772,14989.341544792827,8.549019607843137,4.8431372549019605
4,4,4,21,11.0,5539.762362064478,12811.523346983162,7.823529411764706,3.4901960784313726
4,4,4,22,0.0,389.83410485823657,1227.8452966037544,0.7745098039215687,0.0196078431372549
4,4,4,23,12.0,6126.572917730717,14571.452433468647,8.950980392156863,3.2549019607843137
4,4,4,24,10.0,4653.369119375734,10862.870482886503,7.382352941176471,2.372549019607843
4,4,4,25,6.0,2691.413862368414,7791.0145399004505,4.333333333333333,1.588235294117647
4,4,4,26,10.0,3903.2009438432406,9884.72882270059,6.833333333333333,2.7450980392156863
4,4,4,27,7.0,2762.5282579409995,6282.500778994511,5.147058823529412,1.0
4,4,4,28,13.0,6236.346261670363,15401.758428067453,9.07843137254902,3.823529411764706
4,4,4,29,0.0,1180.610254731983,2825.610149542656,2.2058823529411766,0.3333333333333333
4,4,4,30,13.0,6484.124369456372,16128.096684240601,9.431372549019608,3.5686274509803924
4,4,4,31,7.0,3553.564449799347,7636.702599912383,5.7745098039215685,1.4313725490196079
4,4,4,32,8.0,3792.6955825613522,9001.568974782034,6.186274509803922,1.7647058823529411
4,4,4,33,0.0,57.60878528344436,127.75064561297187,0.21568627450980393,0.0
4,4,4,34,10.0,4489.319625904762,10456.941926239084,7.323529411764706,2.411764705882353
4,4,4,35,12.0,5596.125498294371,14559.135778599128,8.284313725490197,3.9607843137254903
4,4,4,36,14.0,7653.555580763037,20415.05510053396,10.058823529411764,5.588235294117647
4,4,4,37,11.0,4830.78597110002,13586.378786855901,6.715686274509804,4.568627450980392
4,4,4,38,8.0,3108.525112248736,7495.056415691837,5.431372549019608,1.5294117647058822
4,4,4,39,12.0,6656.44654892122,15310.15816562688,8.372549019607844,2.588235294117647
4,4,4,40,0.0,443.6395689122177,1258.0733049020405,0.9901960784313726,0.13725490196078433
4,4,4,41,11.0,4059.0922679312016,10844.452394798354,7.049019607843137,2.5098039215686274
4,4,4,42,5.0,2565.764336374894,7150.618973889424,3.1862745098039214,1.2745098039215685
4,4,4,43,13.0,6246.490435611203,16111.31194253219,8.46078431372549,4.078431372549019
4,4,4,44,13.0,6505.645585298205,15981.778161346454,9.745098039215685,3.4313725490196076
4,4,4,45,11.0,4850.678484451573,11954.132935755379,7.872549019607843,2.803921568627451
4,4,4,46,10.0,4388.263897396922,10508.392195936054,7.137254901960785,2.6862745098039214
4,4,4,47,13.0,6213.426365716311,15904.547647561594,7.696078431372549,4.372549019607843
4,4,4,48,5.0,1930.8833452353729,5804.150417481963,3.1176470588235294,1.3529411764705883
4,4,4,49,8.0,3450.306918299275,9397.166873299151,4.921568627450981,2.019607843137255
4,4,4,50,12.0,6092.7795839190985,14521.148091577761,8.901960784313726,3.784313725490196
4,4,4,51,0.0,968.0397230496775,2612.082313323925,1.4705882352941178,0.5098039215686274
4,4,4,52,7.0,3287.8856117551354,9360.581370852864,4.833333333333333,2.3529411764705883
4,4,4,53,4.0,1886.5621980818512,5304.948498073545,2.823529411764706,1.0980392156862746
4,4,4,54,13.0,6550.440394058252,16089.70228347088,8.794117647058824,3.607843137254902
4,4,4,55,9.0,3678.1679686897396,9250.171557936139,6.254901960784314,2.392156862745098
4,4,4,56,6.0,2541.1687998641555,6654.247322210676,3.784313725490196,1.6274509803921569
4,4,4,57,0.0,349.5917538745723,1082.7289993310926,0.696078431372549,0.21568627450980393
4,4,4,58,11.0,5068.7800725117595,12768.113492257717,7.480392156862745,3.019607843137255
4,4,4,59,3.0,1570.3956340306777,4209.336916811186,3.176470588235294,0.7647058823529411
