hucre,mev_k,srv_esit,fx,alpha,s,ust10_mev,ust10_srv,kal,yerel,reel,yk,fazla
mev10_eq,0.1,True,False,0.0,0,0.1,0.1,0.0,0.0,0.0,0.0,
mev10_eq,0.1,True,False,0.0,1,0.1,0.1,0.0,0.0,0.0,0.0,
mev10_eq,0.1,True,False,0.0,2,0.1,0.1,0.0,0.0,0.0,0.0,
mev10_eq,0.1,True,False,0.0,3,0.1,0.1,0.0,0.0,0.0,0.0,
mev10_eq,0.1,True,False,0.0,4,0.1,0.1,0.0,0.0,0.0,0.0,
mev10_eq,0.1,True,False,0.0,5,0.1,0.1,0.0,0.0,0.0,0.0,
mev10_eq,0.1,True,False,0.0,6,0.1,0.1,0.0,0.0,0.0,0.0,
mev10_eq,0.1,True,False,0.0,7,0.1,0.1,0.0,0.0,0.0,0.0,
mev10_eq,0.1,True,False,0.0,8,0.1,0.1,0.0,0.0,0.0,0.0,
mev10_eq,0.1,True,False,0.0,9,0.1,0.1,0.0,0.0,0.0,0.0,
mev10_eq,0.1,True,False,0.0,10,0.1,0.1,0.0,0.0,0.0,0.0,
mev10_eq,0.1,True,False,0.0,11,0.1,0.1,0.0,0.0,0.0,0.0,
mev10_eq,0.1,True,False,0.0,12,0.1,0.1,0.0,0.0,0.0,0.0,
mev10_eq,0.1,True,False,0.0,13,0.1,0.1,0.0,0.0,0.0,0.0,
mev10_eq,0.1,True,False,0.0,14,0.1,0.1,0.0,0.0,0.0,0.0,
mev10_eq,0.1,True,False,0.0,15,0.1,0.1,0.0,0.0,0.0,0.0,
mev10_eq,0.1,True,False,0.0,16,0.1,0.1,0.0,0.0,0.0,0.0,
mev10_eq,0.1,True,False,0.0,17,0.1,0.1,0.0,0.0,0.0,0.0,
mev10_eq,0.1,True,False,0.0,18,0.1,0.1,0.0,0.0,0.0,0.0,
mev10_eq,0.1,True,False,0.0,19,0.1,0.1,0.0,0.0,0.0,0.0,
mev10_eq,0.1,True,False,0.0,20,0.1,0.1,0.0,0.0,0.0,0.0,
mev10_eq,0.1,True,False,0.0,21,0.1,0.1,0.0,0.0,0.0,0.0,
mev10_eq,0.1,True,False,0.0,22,0.1,0.1,0.0,0.0,0.0,0.0,
mev10_eq,0.1,True,False,0.0,23,0.1,0.1,0.0,0.0,0.0,0.0,
mev10_eq,0.1,True,False,0.0,24,0.1,0.1,0.0,0.0,0.0,0.0,
mev10_eq,0.1,True,False,0.0,25,0.1,0.1,0.0,0.0,0.0,0.0,
mev10_eq,0.1,True,False,0.0,26,0.1,0.1,0.0,0.0,0.0,0.0,
mev10_eq,0.1,True,False,0.0,27,0.1,0.1,0.0,0.0,0.0,0.0,
mev10_eq,0.1,True,False,0.0,28,0.1,0.1,0.0,0.0,0.0,0.0,
mev10_eq,0.1,True,False,0.0,29,0.1,0.1,0.0,0.0,0.0,0.0,
mev10_eq,0.1,True,False,0.0,30,0.1,0.1,0.0,0.0,0.0,0.0,
mev10_eq,0.1,True,False,0.0,31,0.1,0.1,0.0,0.0,0.0,0.0,
mev10_eq,0.1,True,False,0.0,32,0.1,0.1,0.0,0.0,0.0,0.0,
mev10_eq,0.1,True,False,0.0,33,0.1,0.1,0.0,0.0,0.0,0.0,
mev10_eq,0.1,True,False,0.0,34,0.1,0.1,0.0,0.0,0.0,0.0,
mev10_eq,0.1,True,False,0.0,35,0.1,0.1,0.0,0.0,0.0,0.0,
mev10_eq,0.1,True,False,0.0,36,0.1,0.1,0.0,0.0,0.0,0.0,
mev10_eq,0.1,True,False,0.0,37,0.1,0.1,0.0,0.0,0.0,0.0,
mev10_eq,0.1,True,False,0.0,38,0.1,0.1,0.0,0.0,0.0,0.0,
mev10_eq,0.1,True,False,0.0,39,0.1,0.1,0.0,0.0,0.0,0.0,
mev10_eq,0.1,True,False,0.0,40,0.1,0.1,0.0,0.0,0.0,0.0,
mev10_eq,0.1,True,False,0.0,41,0.1,0.1,0.0,0.0,0.0,0.0,
mev10_eq,0.1,True,False,0.0,42,0.1,0.1,0.0,0.0,0.0,0.0,
mev10_eq,0.1,True,False,0.0,43,0.1,0.1,0.0,0.0,0.0,0.0,
mev10_eq,0.1,True,False,0.0,44,0.1,0.1,0.0,0.0,0.0,0.0,
mev10_eq,0.1,True,False,0.0,45,0.1,0.1,0.0,0.0,0.0,0.0,
mev10_eq,0.1,True,False,0.0,46,0.1,0.1,0.0,0.0,0.0,0.0,
mev10_eq,0.1,True,False,0.0,47,0.1,0.1,0.0,0.0,0.0,0.0,
mev10_eq,0.1,True,False,0.0,48,0.1,0.1,0.0,0.0,0.0,0.0,
mev10_eq,0.1,True,False,0.0,49,0.1,0.1,0.0,0.0,0.0,0.0,
mev10_eq,0.1,True,False,0.15,0,0.1,0.1,0.0,0.0,0.0,0.0,
mev10_eq,0.1,True,False,0.15,1,0.1,0.1,0.0,0.0,0.0,0.0,
mev10_eq,0.1,True,False,0.15,2,0.1,0.1,0.0,0.0,0.0,0.0,
mev10_eq,0.1,True,False,0.15,3,0.1,0.1,0.0,0.0,0.0,0.0,
mev10_eq,0.1,True,False,0.15,4,0.1,0.1,0.0,0.0,0.0,0.0,
mev10_eq,0.1,True,False,0.15,5,0.1,0.1,0.0,0.0,0.0,0.0,
mev10_eq,0.1,True,False,0.15,6,0.1,0.1,0.0,0.0,0.0,0.0,
mev10_eq,0.1,True,False,0.15,7,0.1,0.1,0.0,0.0,0.0,0.0,
mev10_eq,0.1,True,False,0.15,8,0.1,0.1,0.0,0.0,0.0,0.0,
mev10_eq,0.1,True,False,0.15,9,0.1,0.1,0.0,0.0,0.0,0.0,
mev10_eq,0.1,True,False,0.15,10,0.1,0.1,0.0,0.0,0.0,0.0,
mev10_eq,0.1,True,False,0.15,11,0.1,0.1,0.0,0.0,0.0,0.0,
mev10_eq,0.1,True,False,0.15,12,0.1,0.1,0.0,0.0,0.0,0.0,
mev10_eq,0.1,True,False,0.15,13,0.1,0.1,0.0,0.0,0.0,0.0,
mev10_eq,0.1,True,False,0.15,14,0.1,0.1,0.0,0.0,0.0,0.0,
mev10_eq,0.1,True,False,0.15,15,0.1,0.1,0.0,0.0,0.0,0.0,
mev10_eq,0.1,True,False,0.15,16,0.1,0.1,0.0,0.0,0.0,0.0,
mev10_eq,0.1,True,False,0.15,17,0.1,0.1,0.0,0.0,0.0,0.0,
mev10_eq,0.1,True,False,0.15,18,0.1,0.1,0.0,0.0,0.0,0.0,
mev10_eq,0.1,True,False,0.15,19,0.1,0.1,0.0,0.0,0.0,0.0,
mev10_eq,0.1,True,False,0.15,20,0.1,0.1,0.0,0.0,0.0,0.0,
mev10_eq,0.1,True,False,0.15,21,0.1,0.1,0.0,0.0,0.0,0.0,
mev10_eq,0.1,True,False,0.15,22,0.1,0.1,0.0,0.0,0.0,0.0,
mev10_eq,0.1,True,False,0.15,23,0.1,0.1,0.0,0.0,0.0,0.0,
mev10_eq,0.1,True,False,0.15,24,0.1,0.1,0.0,0.0,0.0,0.0,
mev10_eq,0.1,True,False,0.15,25,0.1,0.1,0.0,0.0,0.0,0.0,
mev10_eq,0.1,True,False,0.15,26,0.1,0.1,0.0,0.0,0.0,0.0,
mev10_eq,0.1,True,False,0.15,27,0.1,0.1,0.0,0.0,0.0,0.0,
mev10_eq,0.1,True,False,0.15,28,0.1,0.1,0.0,0.0,0.0,0.0,
mev10_eq,0.1,True,False,0.15,29,0.1,0.1,0.0,0.0,0.0,0.0,
mev10_eq,0.1,True,False,0.15,30,0.1,0.1,0.0,0.0,0.0,0.0,
mev10_eq,0.1,True,False,0.15,31,0.1,0.1,0.0,0.0,0.0,0.0,
mev10_eq,0.1,True,False,0.15,32,0.1,0.1,0.0,0.0,0.0,0.0,
mev10_eq,0.1,True,False,0.15,33,0.1,0.1,0.0,0.0,0.0,0.0,
mev10_eq,0.1,True,False,0.15,34,0.1,0.1,0.0,0.0,0.0,0.0,
mev10_eq,0.1,True,False,0.15,35,0.1,0.1,0.0,0.0,0.0,0.0,
mev10_eq,0.1,True,False,0.15,36,0.1,0.1,0.0,0.0,0.0,0.0,
mev10_eq,0.1,True,False,0.15,37,0.1,0.1,0.0,0.0,0.0,0.0,
mev10_eq,0.1,True,False,0.15,38,0.1,0.1,0.0,0.0,0.0,0.0,
mev10_eq,0.1,True,False,0.15,39,0.1,0.1,0.0,0.0,0.0,0.0,
mev10_eq,0.1,True,False,0.15,40,0.1,0.1,0.0,0.0,0.0,0.0,
mev10_eq,0.1,True,False,0.15,41,0.1,0.1,0.0,0.0,0.0,0.0,
mev10_eq,0.1,True,False,0.15,42,0.1,0.1,0.0,0.0,0.0,0.0,
mev10_eq,0.1,True,False,0.15,43,0.1,0.1,0.0,0.0,0.0,0.0,
mev10_eq,0.1,True,False,0.15,44,0.1,0.1,0.0,0.0,0.0,0.0,
mev10_eq,0.1,True,False,0.15,45,0.1,0.1,0.0,0.0,0.0,0.0,
mev10_eq,0.1,True,False,0.15,46,0.1,0.1,0.0,0.0,0.0,0.0,
mev10_eq,0.1,True,False,0.15,47,0.1,0.1,0.0,0.0,0.0,0.0,
mev10_eq,0.1,True,False,0.15,48,0.1,0.1,0.0,0.0,0.0,0.0,
mev10_eq,0.1,True,False,0.15,49,0.1,0.1,0.0,0.0,0.0,0.0,
mev10_eq,0.1,True,False,0.3,0,0.1,0.1,0.0,0.0,0.0,0.0,
mev10_eq,0.1,True,False,0.3,1,0.1,0.1,0.0,0.0,0.0,0.0,
mev10_eq,0.1,True,False,0.3,2,0.1,0.1,0.0,0.0,0.0,0.0,
mev10_eq,0.1,True,False,0.3,3,0.1,0.1,0.0,0.0,0.0,0.0,
mev10_eq,0.1,True,False,0.3,4,0.1,0.1,0.0,0.0,0.0,0.0,
mev10_eq,0.1,True,False,0.3,5,0.1,0.1,0.0,0.0,0.0,0.0,
mev10_eq,0.1,True,False,0.3,6,0.1,0.1,0.0,0.0,0.0,0.0,
mev10_eq,0.1,True,False,0.3,7,0.1,0.1,0.0,0.0,0.0,0.0,
mev10_eq,0.1,True,False,0.3,8,0.1,0.1,0.0,0.0,0.0,0.0,
mev10_eq,0.1,True,False,0.3,9,0.1,0.1,0.0,0.0,0.0,0.0,
mev10_eq,0.1,True,False,0.3,10,0.1,0.1,0.0,0.0,0.0,0.0,
mev10_eq,0.1,True,False,0.3,11,0.1,0.1,0.0,0.0,0.0,0.0,
mev10_eq,0.1,True,False,0.3,12,0.1,0.1,0.0,0.0,0.0,0.0,
mev10_eq,0.1,True,False,0.3,13,0.1,0.1,0.0,0.0,0.0,0.0,
mev10_eq,0.1,True,False,0.3,14,0.1,0.1,0.0,0.0,0.0,0.0,
mev10_eq,0.1,True,False,0.3,15,0.1,0.1,0.0,0.0,0.0,0.0,
mev10_eq,0.1,True,False,0.3,16,0.1,0.1,0.0,0.0,0.0,0.0,
mev10_eq,0.1,True,False,0.3,17,0.1,0.1,0.0,0.0,0.0,0.0,
mev10_eq,0.1,True,False,0.3,18,0.1,0.1,0.0,0.0,0.0,0.0,
mev10_eq,0.1,True,False,0.3,19,0.1,0.1,0.0,0.0,0.0,0.0,
mev10_eq,0.1,True,False,0.3,20,0.1,0.1,0.0,0.0,0.0,0.0,
mev10_eq,0.1,True,False,0.3,21,0.1,0.1,0.0,0.0,0.0,0.0,
mev10_eq,0.1,True,False,0.3,22,0.1,0.1,0.0,0.0,0.0,0.0,
mev10_eq,0.1,True,False,0.3,23,0.1,0.1,0.0,0.0,0.0,0.0,
mev10_eq,0.1,True,False,0.3,24,0.1,0.1,0.0,0.0,0.0,0.0,
mev10_eq,0.1,True,False,0.3,25,0.1,0.1,0.0,0.0,0.0,0.0,
mev10_eq,0.1,True,False,0.3,26,0.1,0.1,0.0,0.0,0.0,0.0,
mev10_eq,0.1,True,False,0.3,27,0.1,0.1,0.0,0.0,0.0,0.0,
mev10_eq,0.1,True,False,0.3,28,0.1,0.1,0.0,0.0,0.0,0.0,
mev10_eq,0.1,True,False,0.3,29,0.1,0.1,0.0,0.0,0.0,0.0,
mev10_eq,0.1,True,False,0.3,30,0.1,0.1,0.0,0.0,0.0,0.0,
mev10_eq,0.1,True,False,0.3,31,0.1,0.1,0.0,0.0,0.0,0.0,
mev10_eq,0.1,True,False,0.3,32,0.1,0.1,0.0,0.0,0.0,0.0,
mev10_eq,0.1,True,False,0.3,33,0.1,0.1,0.0,0.0,0.0,0.0,
mev10_eq,0.1,True,False,0.3,34,0.1,0.1,0.0,0.0,0.0,0.0,
mev10_eq,0.1,True,False,0.3,35,0.1,0.1,0.0,0.0,0.0,0.0,
mev10_eq,0.1,True,False,0.3,36,0.1,0.1,0.0,0.0,0.0,0.0,
mev10_eq,0.1,True,False,0.3,37,0.1,0.1,0.0,0.0,0.0,0.0,
mev10_eq,0.1,True,False,0.3,38,0.1,0.1,0.0,0.0,0.0,0.0,
mev10_eq,0.1,True,False,0.3,39,0.1,0.1,0.0,0.0,0.0,0.0,
mev10_eq,0.1,True,False,0.3,40,0.1,0.1,0.0,0.0,0.0,0.0,
mev10_eq,0.1,True,False,0.3,41,0.1,0.1,0.0,0.0,0.0,0.0,
mev10_eq,0.1,True,False,0.3,42,0.1,0.1,0.0,0.0,0.0,0.0,
mev10_eq,0.1,True,False,0.3,43,0.1,0.1,0.0,0.0,0.0,0.0,
mev10_eq,0.1,True,False,0.3,44,0.1,0.1,0.0,0.0,0.0,0.0,
mev10_eq,0.1,True,False,0.3,45,0.1,0.1,0.0,0.0,0.0,0.0,
mev10_eq,0.1,True,False,0.3,46,0.1,0.1,0.0,0.0,0.0,0.0,
mev10_eq,0.1,True,False,0.3,47,0.1,0.1,0.0,0.0,0.0,0.0,
mev10_eq,0.1,True,False,0.3,48,0.1,0.1,0.0,0.0,0.0,0.0,
mev10_eq,0.1,True,False,0.3,49,0.1,0.1,0.0,0.0,0.0,0.0,
mev10_eq,0.1,True,True,0.0,0,0.1,0.1,0.0,0.0,0.45408167359827367,0.0,0.02246663488048401
mev10_eq,0.1,True,True,0.0,1,0.1,0.1,0.0,0.0,0.45408167359827367,0.0,0.02246663488048401
mev10_eq,0.1,True,True,0.0,2,0.1,0.1,0.0,0.0,0.45408167359827367,0.0,0.02246663488048401
mev10_eq,0.1,True,True,0.0,3,0.1,0.1,0.0,0.0,0.45408167359827367,0.0,0.02246663488048401
mev10_eq,0.1,True,True,0.0,4,0.1,0.1,0.0,0.0,0.45408167359827367,0.0,0.02246663488048401
mev10_eq,0.1,True,True,0.0,5,0.1,0.1,0.0,0.0,0.45408167359827367,0.0,0.02246663488048401
mev10_eq,0.1,True,True,0.0,6,0.1,0.1,0.0,0.0,0.45408167359827367,0.0,0.02246663488048401
mev10_eq,0.1,True,True,0.0,7,0.1,0.1,0.0,0.0,0.45408167359827367,0.0,0.02246663488048401
mev10_eq,0.1,True,True,0.0,8,0.1,0.1,0.0,0.0,0.45408167359827367,0.0,0.02246663488048401
mev10_eq,0.1,True,True,0.0,9,0.1,0.1,0.0,0.0,0.45408167359827367,0.0,0.02246663488048401
mev10_eq,0.1,True,True,0.0,10,0.1,0.1,0.0,0.0,0.45408167359827367,0.0,0.02246663488048401
mev10_eq,0.1,True,True,0.0,11,0.1,0.1,0.0,0.0,0.45408167359827367,0.0,0.02246663488048401
mev10_eq,0.1,True,True,0.0,12,0.1,0.1,0.0,0.0,0.45408167359827367,0.0,0.02246663488048401
mev10_eq,0.1,True,True,0.0,13,0.1,0.1,0.0,0.0,0.45408167359827367,0.0,0.02246663488048401
mev10_eq,0.1,True,True,0.0,14,0.1,0.1,0.0,0.0,0.45408167359827367,0.0,0.02246663488048401
mev10_eq,0.1,True,True,0.0,15,0.1,0.1,0.0,0.0,0.45408167359827367,0.0,0.02246663488048401
mev10_eq,0.1,True,True,0.0,16,0.1,0.1,0.0,0.0,0.45408167359827367,0.0,0.02246663488048401
mev10_eq,0.1,True,True,0.0,17,0.1,0.1,0.0,0.0,0.45408167359827367,0.0,0.02246663488048401
mev10_eq,0.1,True,True,0.0,18,0.1,0.1,0.0,0.0,0.45408167359827367,0.0,0.02246663488048401
mev10_eq,0.1,True,True,0.0,19,0.1,0.1,0.0,0.0,0.45408167359827367,0.0,0.02246663488048401
mev10_eq,0.1,True,True,0.0,20,0.1,0.1,0.0,0.0,0.45408167359827367,0.0,0.02246663488048401
mev10_eq,0.1,True,True,0.0,21,0.1,0.1,0.0,0.0,0.45408167359827367,0.0,0.02246663488048401
mev10_eq,0.1,True,True,0.0,22,0.1,0.1,0.0,0.0,0.45408167359827367,0.0,0.02246663488048401
mev10_eq,0.1,True,True,0.0,23,0.1,0.1,0.0,0.0,0.45408167359827367,0.0,0.02246663488048401
mev10_eq,0.1,True,True,0.0,24,0.1,0.1,0.0,0.0,0.45408167359827367,0.0,0.02246663488048401
mev10_eq,0.1,True,True,0.0,25,0.1,0.1,0.0,0.0,0.45408167359827367,0.0,0.02246663488048401
mev10_eq,0.1,True,True,0.0,26,0.1,0.1,0.0,0.0,0.45408167359827367,0.0,0.02246663488048401
mev10_eq,0.1,True,True,0.0,27,0.1,0.1,0.0,0.0,0.45408167359827367,0.0,0.02246663488048401
mev10_eq,0.1,True,True,0.0,28,0.1,0.1,0.0,0.0,0.45408167359827367,0.0,0.02246663488048401
mev10_eq,0.1,True,True,0.0,29,0.1,0.1,0.0,0.0,0.45408167359827367,0.0,0.02246663488048401
mev10_eq,0.1,True,True,0.0,30,0.1,0.1,0.0,0.0,0.45408167359827367,0.0,0.02246663488048401
mev10_eq,0.1,True,True,0.0,31,0.1,0.1,0.0,0.0,0.45408167359827367,0.0,0.02246663488048401
mev10_eq,0.1,True,True,0.0,32,0.1,0.1,0.0,0.0,0.45408167359827367,0.0,0.02246663488048401
mev10_eq,0.1,True,True,0.0,33,0.1,0.1,0.0,0.0,0.45408167359827367,0.0,0.02246663488048401
mev10_eq,0.1,True,True,0.0,34,0.1,0.1,0.0,0.0,0.45408167359827367,0.0,0.02246663488048401
mev10_eq,0.1,True,True,0.0,35,0.1,0.1,0.0,0.0,0.45408167359827367,0.0,0.02246663488048401
mev10_eq,0.1,True,True,0.0,36,0.1,0.1,0.0,0.0,0.45408167359827367,0.0,0.02246663488048401
mev10_eq,0.1,True,True,0.0,37,0.1,0.1,0.0,0.0,0.45408167359827367,0.0,0.02246663488048401
mev10_eq,0.1,True,True,0.0,38,0.1,0.1,0.0,0.0,0.45408167359827367,0.0,0.02246663488048401
mev10_eq,0.1,True,True,0.0,39,0.1,0.1,0.0,0.0,0.45408167359827367,0.0,0.02246663488048401
mev10_eq,0.1,True,True,0.0,40,0.1,0.1,0.0,0.0,0.45408167359827367,0.0,0.02246663488048401
mev10_eq,0.1,True,True,0.0,41,0.1,0.1,0.0,0.0,0.45408167359827367,0.0,0.02246663488048401
mev10_eq,0.1,True,True,0.0,42,0.1,0.1,0.0,0.0,0.45408167359827367,0.0,0.02246663488048401
mev10_eq,0.1,True,True,0.0,43,0.1,0.1,0.0,0.0,0.45408167359827367,0.0,0.02246663488048401
mev10_eq,0.1,True,True,0.0,44,0.1,0.1,0.0,0.0,0.45408167359827367,0.0,0.02246663488048401
mev10_eq,0.1,True,True,0.0,45,0.1,0.1,0.0,0.0,0.45408167359827367,0.0,0.02246663488048401
mev10_eq,0.1,True,True,0.0,46,0.1,0.1,0.0,0.0,0.45408167359827367,0.0,0.02246663488048401
mev10_eq,0.1,True,True,0.0,47,0.1,0.1,0.0,0.0,0.45408167359827367,0.0,0.02246663488048401
mev10_eq,0.1,True,True,0.0,48,0.1,0.1,0.0,0.0,0.45408167359827367,0.0,0.02246663488048401
mev10_eq,0.1,True,True,0.0,49,0.1,0.1,0.0,0.0,0.45408167359827367,0.0,0.02246663488048401
mev10_eq,0.1,True,True,0.15,0,0.1,0.1,0.0,0.0,0.45408167359827367,0.0,0.02246663488048401
mev10_eq,0.1,True,True,0.15,1,0.1,0.1,0.0,0.0,0.45408167359827367,0.0,0.02246663488048401
mev10_eq,0.1,True,True,0.15,2,0.1,0.1,0.0,0.0,0.45408167359827367,0.0,0.02246663488048401
mev10_eq,0.1,True,True,0.15,3,0.1,0.1,0.0,0.0,0.45408167359827367,0.0,0.02246663488048401
mev10_eq,0.1,True,True,0.15,4,0.1,0.1,0.0,0.0,0.45408167359827367,0.0,0.02246663488048401
mev10_eq,0.1,True,True,0.15,5,0.1,0.1,0.0,0.0,0.45408167359827367,0.0,0.02246663488048401
mev10_eq,0.1,True,True,0.15,6,0.1,0.1,0.0,0.0,0.45408167359827367,0.0,0.02246663488048401
mev10_eq,0.1,True,True,0.15,7,0.1,0.1,0.0,0.0,0.45408167359827367,0.0,0.02246663488048401
mev10_eq,0.1,True,True,0.15,8,0.1,0.1,0.0,0.0,0.45408167359827367,0.0,0.02246663488048401
mev10_eq,0.1,True,True,0.15,9,0.1,0.1,0.0,0.0,0.45408167359827367,0.0,0.02246663488048401
mev10_eq,0.1,True,True,0.15,10,0.1,0.1,0.0,0.0,0.45408167359827367,0.0,0.02246663488048401
mev10_eq,0.1,True,True,0.15,11,0.1,0.1,0.0,0.0,0.45408167359827367,0.0,0.02246663488048401
mev10_eq,0.1,True,True,0.15,12,0.1,0.1,0.0,0.0,0.45408167359827367,0.0,0.02246663488048401
mev10_eq,0.1,True,True,0.15,13,0.1,0.1,0.0,0.0,0.45408167359827367,0.0,0.02246663488048401
mev10_eq,0.1,True,True,0.15,14,0.1,0.1,0.0,0.0,0.45408167359827367,0.0,0.02246663488048401
mev10_eq,0.1,True,True,0.15,15,0.1,0.1,0.0,0.0,0.45408167359827367,0.0,0.02246663488048401
mev10_eq,0.1,True,True,0.15,16,0.1,0.1,0.0,0.0,0.45408167359827367,0.0,0.02246663488048401
mev10_eq,0.1,True,True,0.15,17,0.1,0.1,0.0,0.0,0.45408167359827367,0.0,0.02246663488048401
mev10_eq,0.1,True,True,0.15,18,0.1,0.1,0.0,0.0,0.45408167359827367,0.0,0.02246663488048401
mev10_eq,0.1,True,True,0.15,19,0.1,0.1,0.0,0.0,0.45408167359827367,0.0,0.02246663488048401
mev10_eq,0.1,True,True,0.15,20,0.1,0.1,0.0,0.0,0.45408167359827367,0.0,0.02246663488048401
mev10_eq,0.1,True,True,0.15,21,0.1,0.1,0.0,0.0,0.45408167359827367,0.0,0.02246663488048401
mev10_eq,0.1,True,True,0.15,22,0.1,0.1,0.0,0.0,0.45408167359827367,0.0,0.02246663488048401
mev10_eq,0.1,True,True,0.15,23,0.1,0.1,0.0,0.0,0.45408167359827367,0.0,0.02246663488048401
mev10_eq,0.1,True,True,0.15,24,0.1,0.1,0.0,0.0,0.45408167359827367,0.0,0.02246663488048401
mev10_eq,0.1,True,True,0.15,25,0.1,0.1,0.0,0.0,0.45408167359827367,0.0,0.02246663488048401
mev10_eq,0.1,True,True,0.15,26,0.1,0.1,0.0,0.0,0.45408167359827367,0.0,0.02246663488048401
mev10_eq,0.1,True,True,0.15,27,0.1,0.1,0.0,0.0,0.45408167359827367,0.0,0.02246663488048401
mev10_eq,0.1,True,True,0.15,28,0.1,0.1,0.0,0.0,0.45408167359827367,0.0,0.02246663488048401
mev10_eq,0.1,True,True,0.15,29,0.1,0.1,0.0,0.0,0.45408167359827367,0.0,0.02246663488048401
mev10_eq,0.1,True,True,0.15,30,0.1,0.1,0.0,0.0,0.45408167359827367,0.0,0.02246663488048401
mev10_eq,0.1,True,True,0.15,31,0.1,0.1,0.0,0.0,0.45408167359827367,0.0,0.02246663488048401
mev10_eq,0.1,True,True,0.15,32,0.1,0.1,0.0,0.0,0.45408167359827367,0.0,0.02246663488048401
mev10_eq,0.1,True,True,0.15,33,0.1,0.1,0.0,0.0,0.45408167359827367,0.0,0.02246663488048401
mev10_eq,0.1,True,True,0.15,34,0.1,0.1,0.0,0.0,0.45408167359827367,0.0,0.02246663488048401
mev10_eq,0.1,True,True,0.15,35,0.1,0.1,0.0,0.0,0.45408167359827367,0.0,0.02246663488048401
mev10_eq,0.1,True,True,0.15,36,0.1,0.1,0.0,0.0,0.45408167359827367,0.0,0.02246663488048401
mev10_eq,0.1,True,True,0.15,37,0.1,0.1,0.0,0.0,0.45408167359827367,0.0,0.02246663488048401
mev10_eq,0.1,True,True,0.15,38,0.1,0.1,0.0,0.0,0.45408167359827367,0.0,0.02246663488048401
mev10_eq,0.1,True,True,0.15,39,0.1,0.1,0.0,0.0,0.45408167359827367,0.0,0.02246663488048401
mev10_eq,0.1,True,True,0.15,40,0.1,0.1,0.0,0.0,0.45408167359827367,0.0,0.02246663488048401
mev10_eq,0.1,True,True,0.15,41,0.1,0.1,0.0,0.0,0.45408167359827367,0.0,0.02246663488048401
mev10_eq,0.1,True,True,0.15,42,0.1,0.1,0.0,0.0,0.45408167359827367,0.0,0.02246663488048401
mev10_eq,0.1,True,True,0.15,43,0.1,0.1,0.0,0.0,0.45408167359827367,0.0,0.02246663488048401
mev10_eq,0.1,True,True,0.15,44,0.1,0.1,0.0,0.0,0.45408167359827367,0.0,0.02246663488048401
mev10_eq,0.1,True,True,0.15,45,0.1,0.1,0.0,0.0,0.45408167359827367,0.0,0.02246663488048401
mev10_eq,0.1,True,True,0.15,46,0.1,0.1,0.0,0.0,0.45408167359827367,0.0,0.02246663488048401
mev10_eq,0.1,True,True,0.15,47,0.1,0.1,0.0,0.0,0.45408167359827367,0.0,0.02246663488048401
mev10_eq,0.1,True,True,0.15,48,0.1,0.1,0.0,0.0,0.45408167359827367,0.0,0.02246663488048401
mev10_eq,0.1,True,True,0.15,49,0.1,0.1,0.0,0.0,0.45408167359827367,0.0,0.02246663488048401
mev10_eq,0.1,True,True,0.3,0,0.1,0.1,0.0,0.0,0.45408167359827367,0.0,0.02246663488048401
mev10_eq,0.1,True,True,0.3,1,0.1,0.1,0.0,0.0,0.45408167359827367,0.0,0.02246663488048401
mev10_eq,0.1,True,True,0.3,2,0.1,0.1,0.0,0.0,0.45408167359827367,0.0,0.02246663488048401
mev10_eq,0.1,True,True,0.3,3,0.1,0.1,0.0,0.0,0.45408167359827367,0.0,0.02246663488048401
mev10_eq,0.1,True,True,0.3,4,0.1,0.1,0.0,0.0,0.45408167359827367,0.0,0.02246663488048401
mev10_eq,0.1,True,True,0.3,5,0.1,0.1,0.0,0.0,0.45408167359827367,0.0,0.02246663488048401
mev10_eq,0.1,True,True,0.3,6,0.1,0.1,0.0,0.0,0.45408167359827367,0.0,0.02246663488048401
mev10_eq,0.1,True,True,0.3,7,0.1,0.1,0.0,0.0,0.45408167359827367,0.0,0.02246663488048401
mev10_eq,0.1,True,True,0.3,8,0.1,0.1,0.0,0.0,0.45408167359827367,0.0,0.02246663488048401
mev10_eq,0.1,True,True,0.3,9,0.1,0.1,0.0,0.0,0.45408167359827367,0.0,0.02246663488048401
mev10_eq,0.1,True,True,0.3,10,0.1,0.1,0.0,0.0,0.45408167359827367,0.0,0.02246663488048401
mev10_eq,0.1,True,True,0.3,11,0.1,0.1,0.0,0.0,0.45408167359827367,0.0,0.02246663488048401
mev10_eq,0.1,True,True,0.3,12,0.1,0.1,0.0,0.0,0.45408167359827367,0.0,0.02246663488048401
mev10_eq,0.1,True,True,0.3,13,0.1,0.1,0.0,0.0,0.45408167359827367,0.0,0.02246663488048401
mev10_eq,0.1,True,True,0.3,14,0.1,0.1,0.0,0.0,0.45408167359827367,0.0,0.02246663488048401
mev10_eq,0.1,True,True,0.3,15,0.1,0.1,0.0,0.0,0.45408167359827367,0.0,0.02246663488048401
mev10_eq,0.1,True,True,0.3,16,0.1,0.1,0.0,0.0,0.45408167359827367,0.0,0.02246663488048401
mev10_eq,0.1,True,True,0.3,17,0.1,0.1,0.0,0.0,0.45408167359827367,0.0,0.02246663488048401
mev10_eq,0.1,True,True,0.3,18,0.1,0.1,0.0,0.0,0.45408167359827367,0.0,0.02246663488048401
mev10_eq,0.1,True,True,0.3,19,0.1,0.1,0.0,0.0,0.45408167359827367,0.0,0.02246663488048401
mev10_eq,0.1,True,True,0.3,20,0.1,0.1,0.0,0.0,0.45408167359827367,0.0,0.02246663488048401
mev10_eq,0.1,True,True,0.3,21,0.1,0.1,0.0,0.0,0.45408167359827367,0.0,0.02246663488048401
mev10_eq,0.1,True,True,0.3,22,0.1,0.1,0.0,0.0,0.45408167359827367,0.0,0.02246663488048401
mev10_eq,0.1,True,True,0.3,23,0.1,0.1,0.0,0.0,0.45408167359827367,0.0,0.02246663488048401
mev10_eq,0.1,True,True,0.3,24,0.1,0.1,0.0,0.0,0.45408167359827367,0.0,0.02246663488048401
mev10_eq,0.1,True,True,0.3,25,0.1,0.1,0.0,0.0,0.45408167359827367,0.0,0.02246663488048401
mev10_eq,0.1,True,True,0.3,26,0.1,0.1,0.0,0.0,0.45408167359827367,0.0,0.02246663488048401
mev10_eq,0.1,True,True,0.3,27,0.1,0.1,0.0,0.0,0.45408167359827367,0.0,0.02246663488048401
mev10_eq,0.1,True,True,0.3,28,0.1,0.1,0.0,0.0,0.45408167359827367,0.0,0.02246663488048401
mev10_eq,0.1,True,True,0.3,29,0.1,0.1,0.0,0.0,0.45408167359827367,0.0,0.02246663488048401
mev10_eq,0.1,True,True,0.3,30,0.1,0.1,0.0,0.0,0.45408167359827367,0.0,0.02246663488048401
mev10_eq,0.1,True,True,0.3,31,0.1,0.1,0.0,0.0,0.45408167359827367,0.0,0.02246663488048401
mev10_eq,0.1,True,True,0.3,32,0.1,0.1,0.0,0.0,0.45408167359827367,0.0,0.02246663488048401
mev10_eq,0.1,True,True,0.3,33,0.1,0.1,0.0,0.0,0.45408167359827367,0.0,0.02246663488048401
mev10_eq,0.1,True,True,0.3,34,0.1,0.1,0.0,0.0,0.45408167359827367,0.0,0.02246663488048401
mev10_eq,0.1,True,True,0.3,35,0.1,0.1,0.0,0.0,0.45408167359827367,0.0,0.02246663488048401
mev10_eq,0.1,True,True,0.3,36,0.1,0.1,0.0,0.0,0.45408167359827367,0.0,0.02246663488048401
mev10_eq,0.1,True,True,0.3,37,0.1,0.1,0.0,0.0,0.45408167359827367,0.0,0.02246663488048401
mev10_eq,0.1,True,True,0.3,38,0.1,0.1,0.0,0.0,0.45408167359827367,0.0,0.02246663488048401
mev10_eq,0.1,True,True,0.3,39,0.1,0.1,0.0,0.0,0.45408167359827367,0.0,0.02246663488048401
mev10_eq,0.1,True,True,0.3,40,0.1,0.1,0.0,0.0,0.45408167359827367,0.0,0.02246663488048401
mev10_eq,0.1,True,True,0.3,41,0.1,0.1,0.0,0.0,0.45408167359827367,0.0,0.02246663488048401
mev10_eq,0.1,True,True,0.3,42,0.1,0.1,0.0,0.0,0.45408167359827367,0.0,0.02246663488048401
mev10_eq,0.1,True,True,0.3,43,0.1,0.1,0.0,0.0,0.45408167359827367,0.0,0.02246663488048401
mev10_eq,0.1,True,True,0.3,44,0.1,0.1,0.0,0.0,0.45408167359827367,0.0,0.02246663488048401
mev10_eq,0.1,True,True,0.3,45,0.1,0.1,0.0,0.0,0.45408167359827367,0.0,0.02246663488048401
mev10_eq,0.1,True,True,0.3,46,0.1,0.1,0.0,0.0,0.45408167359827367,0.0,0.02246663488048401
mev10_eq,0.1,True,True,0.3,47,0.1,0.1,0.0,0.0,0.45408167359827367,0.0,0.02246663488048401
mev10_eq,0.1,True,True,0.3,48,0.1,0.1,0.0,0.0,0.45408167359827367,0.0,0.02246663488048401
mev10_eq,0.1,True,True,0.3,49,0.1,0.1,0.0,0.0,0.45408167359827367,0.0,0.02246663488048401
mev40_eq,0.4,True,False,0.0,0,0.3999999999999875,0.1,0.0,0.0,0.0,0.0,
mev40_eq,0.4,True,False,0.0,1,0.39999999999999036,0.1,0.0,0.0,0.0,0.0,
mev40_eq,0.4,True,False,0.0,2,0.4000000000000383,0.1,0.0,0.0,0.0,0.0,
mev40_eq,0.4,True,False,0.0,3,0.4000000000000092,0.1,0.0,0.0,0.0,0.0,
mev40_eq,0.4,True,False,0.0,4,0.3999999999999782,0.1,0.0,0.0,0.0,0.0,
mev40_eq,0.4,True,False,0.0,5,0.3999999999999761,0.1,0.0,0.0,0.0,0.0,
mev40_eq,0.4,True,False,0.0,6,0.3999999999999969,0.1,0.0,0.0,0.0,0.0,
mev40_eq,0.4,True,False,0.0,7,0.4000000000000089,0.1,0.0,0.0,0.0,0.0,
mev40_eq,0.4,True,False,0.0,8,0.3999999999999616,0.1,0.0,0.0,0.0,0.0,
mev40_eq,0.4,True,False,0.0,9,0.39999999999999253,0.1,0.0,0.0,0.0,0.0,
mev40_eq,0.4,True,False,0.0,10,0.39999999999999153,0.1,0.0,0.0,0.0,0.0,
mev40_eq,0.4,True,False,0.0,11,0.4000000000000404,0.1,0.0,0.0,0.0,0.0,
mev40_eq,0.4,True,False,0.0,12,0.4000000000000012,0.1,0.0,0.0,0.0,0.0,
mev40_eq,0.4,True,False,0.0,13,0.3999999999999568,0.1,0.0,0.0,0.0,0.0,
mev40_eq,0.4,True,False,0.0,14,0.3999999999999586,0.1,0.0,0.0,0.0,0.0,
mev40_eq,0.4,True,False,0.0,15,0.4000000000000294,0.1,0.0,0.0,0.0,0.0,
mev40_eq,0.4,True,False,0.0,16,0.3999999999999893,0.1,0.0,0.0,0.0,0.0,
mev40_eq,0.4,True,False,0.0,17,0.39999999999998426,0.1,0.0,0.0,0.0,0.0,
mev40_eq,0.4,True,False,0.0,18,0.39999999999995983,0.1,0.0,0.0,0.0,0.0,
mev40_eq,0.4,True,False,0.0,19,0.39999999999999625,0.1,0.0,0.0,0.0,0.0,
mev40_eq,0.4,True,False,0.0,20,0.40000000000002983,0.1,0.0,0.0,0.0,0.0,
mev40_eq,0.4,True,False,0.0,21,0.4000000000000035,0.1,0.0,0.0,0.0,0.0,
mev40_eq,0.4,True,False,0.0,22,0.4000000000000067,0.1,0.0,0.0,0.0,0.0,
mev40_eq,0.4,True,False,0.0,23,0.3999999999999586,0.1,0.0,0.0,0.0,0.0,
mev40_eq,0.4,True,False,0.0,24,0.3999999999999888,0.1,0.0,0.0,0.0,0.0,
mev40_eq,0.4,True,False,0.0,25,0.40000000000002167,0.1,0.0,0.0,0.0,0.0,
mev40_eq,0.4,True,False,0.0,26,0.4000000000000228,0.1,0.0,0.0,0.0,0.0,
mev40_eq,0.4,True,False,0.0,27,0.3999999999999878,0.1,0.0,0.0,0.0,0.0,
mev40_eq,0.4,True,False,0.0,28,0.39999999999999514,0.1,0.0,0.0,0.0,0.0,
mev40_eq,0.4,True,False,0.0,29,0.4000000000000297,0.1,0.0,0.0,0.0,0.0,
mev40_eq,0.4,True,False,0.0,30,0.40000000000000774,0.1,0.0,0.0,0.0,0.0,
mev40_eq,0.4,True,False,0.0,31,0.3999999999999934,0.1,0.0,0.0,0.0,0.0,
mev40_eq,0.4,True,False,0.0,32,0.3999999999999695,0.1,0.0,0.0,0.0,0.0,
mev40_eq,0.4,True,False,0.0,33,0.40000000000004016,0.1,0.0,0.0,0.0,0.0,
mev40_eq,0.4,True,False,0.0,34,0.40000000000000735,0.1,0.0,0.0,0.0,0.0,
mev40_eq,0.4,True,False,0.0,35,0.400000000000037,0.1,0.0,0.0,0.0,0.0,
mev40_eq,0.4,True,False,0.0,36,0.4000000000000162,0.1,0.0,0.0,0.0,0.0,
mev40_eq,0.4,True,False,0.0,37,0.399999999999973,0.1,0.0,0.0,0.0,0.0,
mev40_eq,0.4,True,False,0.0,38,0.4000000000000226,0.1,0.0,0.0,0.0,0.0,
mev40_eq,0.4,True,False,0.0,39,0.3999999999999904,0.1,0.0,0.0,0.0,0.0,
mev40_eq,0.4,True,False,0.0,40,0.3999999999999832,0.1,0.0,0.0,0.0,0.0,
mev40_eq,0.4,True,False,0.0,41,0.40000000000002167,0.1,0.0,0.0,0.0,0.0,
mev40_eq,0.4,True,False,0.0,42,0.40000000000000635,0.1,0.0,0.0,0.0,0.0,
mev40_eq,0.4,True,False,0.0,43,0.399999999999999,0.1,0.0,0.0,0.0,0.0,
mev40_eq,0.4,True,False,0.0,44,0.399999999999957,0.1,0.0,0.0,0.0,0.0,
mev40_eq,0.4,True,False,0.0,45,0.40000000000003805,0.1,0.0,0.0,0.0,0.0,
mev40_eq,0.4,True,False,0.0,46,0.3999999999999817,0.1,0.0,0.0,0.0,0.0,
mev40_eq,0.4,True,False,0.0,47,0.3999999999999584,0.1,0.0,0.0,0.0,0.0,
mev40_eq,0.4,True,False,0.0,48,0.4000000000000169,0.1,0.0,0.0,0.0,0.0,
mev40_eq,0.4,True,False,0.0,49,0.4000000000000062,0.1,0.0,0.0,0.0,0.0,
mev40_eq,0.4,True,False,0.15,0,0.3999999999999875,0.1,0.0,0.0,0.0,0.0,
mev40_eq,0.4,True,False,0.15,1,0.39999999999999036,0.1,0.0,0.0,0.0,0.0,
mev40_eq,0.4,True,False,0.15,2,0.4000000000000383,0.1,0.0,0.0,0.0,0.0,
mev40_eq,0.4,True,False,0.15,3,0.4000000000000092,0.1,0.0,0.0,0.0,0.0,
mev40_eq,0.4,True,False,0.15,4,0.3999999999999782,0.1,0.0,0.0,0.0,0.0,
mev40_eq,0.4,True,False,0.15,5,0.3999999999999761,0.1,0.0,0.0,0.0,0.0,
mev40_eq,0.4,True,False,0.15,6,0.3999999999999969,0.1,0.0,0.0,0.0,0.0,
mev40_eq,0.4,True,False,0.15,7,0.4000000000000089,0.1,0.0,0.0,0.0,0.0,
mev40_eq,0.4,True,False,0.15,8,0.3999999999999616,0.1,0.0,0.0,0.0,0.0,
mev40_eq,0.4,True,False,0.15,9,0.39999999999999253,0.1,0.0,0.0,0.0,0.0,
mev40_eq,0.4,True,False,0.15,10,0.39999999999999153,0.1,0.0,0.0,0.0,0.0,
mev40_eq,0.4,True,False,0.15,11,0.4000000000000404,0.1,0.0,0.0,0.0,0.0,
mev40_eq,0.4,True,False,0.15,12,0.4000000000000012,0.1,0.0,0.0,0.0,0.0,
mev40_eq,0.4,True,False,0.15,13,0.3999999999999568,0.1,0.0,0.0,0.0,0.0,
mev40_eq,0.4,True,False,0.15,14,0.3999999999999586,0.1,0.0,0.0,0.0,0.0,
mev40_eq,0.4,True,False,0.15,15,0.4000000000000294,0.1,0.0,0.0,0.0,0.0,
mev40_eq,0.4,True,False,0.15,16,0.3999999999999893,0.1,0.0,0.0,0.0,0.0,
mev40_eq,0.4,True,False,0.15,17,0.39999999999998426,0.1,0.0,0.0,0.0,0.0,
mev40_eq,0.4,True,False,0.15,18,0.39999999999995983,0.1,0.0,0.0,0.0,0.0,
mev40_eq,0.4,True,False,0.15,19,0.39999999999999625,0.1,0.0,0.0,0.0,0.0,
mev40_eq,0.4,True,False,0.15,20,0.40000000000002983,0.1,0.0,0.0,0.0,0.0,
mev40_eq,0.4,True,False,0.15,21,0.4000000000000035,0.1,0.0,0.0,0.0,0.0,
mev40_eq,0.4,True,False,0.15,22,0.4000000000000067,0.1,0.0,0.0,0.0,0.0,
mev40_eq,0.4,True,False,0.15,23,0.3999999999999586,0.1,0.0,0.0,0.0,0.0,
mev40_eq,0.4,True,False,0.15,24,0.3999999999999888,0.1,0.0,0.0,0.0,0.0,
mev40_eq,0.4,True,False,0.15,25,0.40000000000002167,0.1,0.0,0.0,0.0,0.0,
mev40_eq,0.4,True,False,0.15,26,0.4000000000000228,0.1,0.0,0.0,0.0,0.0,
mev40_eq,0.4,True,False,0.15,27,0.3999999999999878,0.1,0.0,0.0,0.0,0.0,
mev40_eq,0.4,True,False,0.15,28,0.39999999999999514,0.1,0.0,0.0,0.0,0.0,
mev40_eq,0.4,True,False,0.15,29,0.4000000000000297,0.1,0.0,0.0,0.0,0.0,
mev40_eq,0.4,True,False,0.15,30,0.40000000000000774,0.1,0.0,0.0,0.0,0.0,
mev40_eq,0.4,True,False,0.15,31,0.3999999999999934,0.1,0.0,0.0,0.0,0.0,
mev40_eq,0.4,True,False,0.15,32,0.3999999999999695,0.1,0.0,0.0,0.0,0.0,
mev40_eq,0.4,True,False,0.15,33,0.40000000000004016,0.1,0.0,0.0,0.0,0.0,
mev40_eq,0.4,True,False,0.15,34,0.40000000000000735,0.1,0.0,0.0,0.0,0.0,
mev40_eq,0.4,True,False,0.15,35,0.400000000000037,0.1,0.0,0.0,0.0,0.0,
mev40_eq,0.4,True,False,0.15,36,0.4000000000000162,0.1,0.0,0.0,0.0,0.0,
mev40_eq,0.4,True,False,0.15,37,0.399999999999973,0.1,0.0,0.0,0.0,0.0,
mev40_eq,0.4,True,False,0.15,38,0.4000000000000226,0.1,0.0,0.0,0.0,0.0,
mev40_eq,0.4,True,False,0.15,39,0.3999999999999904,0.1,0.0,0.0,0.0,0.0,
mev40_eq,0.4,True,False,0.15,40,0.3999999999999832,0.1,0.0,0.0,0.0,0.0,
mev40_eq,0.4,True,False,0.15,41,0.40000000000002167,0.1,0.0,0.0,0.0,0.0,
mev40_eq,0.4,True,False,0.15,42,0.40000000000000635,0.1,0.0,0.0,0.0,0.0,
mev40_eq,0.4,True,False,0.15,43,0.399999999999999,0.1,0.0,0.0,0.0,0.0,
mev40_eq,0.4,True,False,0.15,44,0.399999999999957,0.1,0.0,0.0,0.0,0.0,
mev40_eq,0.4,True,False,0.15,45,0.40000000000003805,0.1,0.0,0.0,0.0,0.0,
mev40_eq,0.4,True,False,0.15,46,0.3999999999999817,0.1,0.0,0.0,0.0,0.0,
mev40_eq,0.4,True,False,0.15,47,0.3999999999999584,0.1,0.0,0.0,0.0,0.0,
mev40_eq,0.4,True,False,0.15,48,0.4000000000000169,0.1,0.0,0.0,0.0,0.0,
mev40_eq,0.4,True,False,0.15,49,0.4000000000000062,0.1,0.0,0.0,0.0,0.0,
mev40_eq,0.4,True,False,0.3,0,0.3999999999999875,0.1,0.0,0.0,0.0,0.0,
mev40_eq,0.4,True,False,0.3,1,0.39999999999999036,0.1,0.0,0.0,0.0,0.0,
mev40_eq,0.4,True,False,0.3,2,0.4000000000000383,0.1,0.0,0.0,0.0,0.0,
mev40_eq,0.4,True,False,0.3,3,0.4000000000000092,0.1,0.0,0.0,0.0,0.0,
mev40_eq,0.4,True,False,0.3,4,0.3999999999999782,0.1,0.0,0.0,0.0,0.0,
mev40_eq,0.4,True,False,0.3,5,0.3999999999999761,0.1,0.0,0.0,0.0,0.0,
mev40_eq,0.4,True,False,0.3,6,0.3999999999999969,0.1,0.0,0.0,0.0,0.0,
mev40_eq,0.4,True,False,0.3,7,0.4000000000000089,0.1,0.0,0.0,0.0,0.0,
mev40_eq,0.4,True,False,0.3,8,0.3999999999999616,0.1,0.0,0.0,0.0,0.0,
mev40_eq,0.4,True,False,0.3,9,0.39999999999999253,0.1,0.0,0.0,0.0,0.0,
mev40_eq,0.4,True,False,0.3,10,0.39999999999999153,0.1,0.0,0.0,0.0,0.0,
mev40_eq,0.4,True,False,0.3,11,0.4000000000000404,0.1,0.0,0.0,0.0,0.0,
mev40_eq,0.4,True,False,0.3,12,0.4000000000000012,0.1,0.0,0.0,0.0,0.0,
mev40_eq,0.4,True,False,0.3,13,0.3999999999999568,0.1,0.0,0.0,0.0,0.0,
mev40_eq,0.4,True,False,0.3,14,0.3999999999999586,0.1,0.0,0.0,0.0,0.0,
mev40_eq,0.4,True,False,0.3,15,0.4000000000000294,0.1,0.0,0.0,0.0,0.0,
mev40_eq,0.4,True,False,0.3,16,0.3999999999999893,0.1,0.0,0.0,0.0,0.0,
mev40_eq,0.4,True,False,0.3,17,0.39999999999998426,0.1,0.0,0.0,0.0,0.0,
mev40_eq,0.4,True,False,0.3,18,0.39999999999995983,0.1,0.0,0.0,0.0,0.0,
mev40_eq,0.4,True,False,0.3,19,0.39999999999999625,0.1,0.0,0.0,0.0,0.0,
mev40_eq,0.4,True,False,0.3,20,0.40000000000002983,0.1,0.0,0.0,0.0,0.0,
mev40_eq,0.4,True,False,0.3,21,0.4000000000000035,0.1,0.0,0.0,0.0,0.0,
mev40_eq,0.4,True,False,0.3,22,0.4000000000000067,0.1,0.0,0.0,0.0,0.0,
mev40_eq,0.4,True,False,0.3,23,0.3999999999999586,0.1,0.0,0.0,0.0,0.0,
mev40_eq,0.4,True,False,0.3,24,0.3999999999999888,0.1,0.0,0.0,0.0,0.0,
mev40_eq,0.4,True,False,0.3,25,0.40000000000002167,0.1,0.0,0.0,0.0,0.0,
mev40_eq,0.4,True,False,0.3,26,0.4000000000000228,0.1,0.0,0.0,0.0,0.0,
mev40_eq,0.4,True,False,0.3,27,0.3999999999999878,0.1,0.0,0.0,0.0,0.0,
mev40_eq,0.4,True,False,0.3,28,0.39999999999999514,0.1,0.0,0.0,0.0,0.0,
mev40_eq,0.4,True,False,0.3,29,0.4000000000000297,0.1,0.0,0.0,0.0,0.0,
mev40_eq,0.4,True,False,0.3,30,0.40000000000000774,0.1,0.0,0.0,0.0,0.0,
mev40_eq,0.4,True,False,0.3,31,0.3999999999999934,0.1,0.0,0.0,0.0,0.0,
mev40_eq,0.4,True,False,0.3,32,0.3999999999999695,0.1,0.0,0.0,0.0,0.0,
mev40_eq,0.4,True,False,0.3,33,0.40000000000004016,0.1,0.0,0.0,0.0,0.0,
mev40_eq,0.4,True,False,0.3,34,0.40000000000000735,0.1,0.0,0.0,0.0,0.0,
mev40_eq,0.4,True,False,0.3,35,0.400000000000037,0.1,0.0,0.0,0.0,0.0,
mev40_eq,0.4,True,False,0.3,36,0.4000000000000162,0.1,0.0,0.0,0.0,0.0,
mev40_eq,0.4,True,False,0.3,37,0.399999999999973,0.1,0.0,0.0,0.0,0.0,
mev40_eq,0.4,True,False,0.3,38,0.4000000000000226,0.1,0.0,0.0,0.0,0.0,
mev40_eq,0.4,True,False,0.3,39,0.3999999999999904,0.1,0.0,0.0,0.0,0.0,
mev40_eq,0.4,True,False,0.3,40,0.3999999999999832,0.1,0.0,0.0,0.0,0.0,
mev40_eq,0.4,True,False,0.3,41,0.40000000000002167,0.1,0.0,0.0,0.0,0.0,
mev40_eq,0.4,True,False,0.3,42,0.40000000000000635,0.1,0.0,0.0,0.0,0.0,
mev40_eq,0.4,True,False,0.3,43,0.399999999999999,0.1,0.0,0.0,0.0,0.0,
mev40_eq,0.4,True,False,0.3,44,0.399999999999957,0.1,0.0,0.0,0.0,0.0,
mev40_eq,0.4,True,False,0.3,45,0.40000000000003805,0.1,0.0,0.0,0.0,0.0,
mev40_eq,0.4,True,False,0.3,46,0.3999999999999817,0.1,0.0,0.0,0.0,0.0,
mev40_eq,0.4,True,False,0.3,47,0.3999999999999584,0.1,0.0,0.0,0.0,0.0,
mev40_eq,0.4,True,False,0.3,48,0.4000000000000169,0.1,0.0,0.0,0.0,0.0,
mev40_eq,0.4,True,False,0.3,49,0.4000000000000062,0.1,0.0,0.0,0.0,0.0,
mev40_eq,0.4,True,True,0.0,0,0.3999999999999875,0.1,0.0,0.0,0.4902624115242438,0.0,0.03499911826206004
mev40_eq,0.4,True,True,0.0,1,0.39999999999999036,0.1,0.0,0.0,0.4897711344383541,0.0,0.03491847707833846
mev40_eq,0.4,True,True,0.0,2,0.4000000000000383,0.1,0.0,0.0,0.4898458780892812,0.0,0.03590602494363881
mev40_eq,0.4,True,True,0.0,3,0.4000000000000092,0.1,0.0,0.0,0.49003531782165827,0.0,0.03506063516409997
mev40_eq,0.4,True,True,0.0,4,0.3999999999999782,0.1,0.0,0.0,0.4904931477679961,0.0,0.03479327312376201
mev40_eq,0.4,True,True,0.0,5,0.3999999999999761,0.1,0.0,0.0,0.4899846113330186,0.0,0.03495101193528156
mev40_eq,0.4,True,True,0.0,6,0.3999999999999969,0.1,0.0,0.0,0.48881260580501595,0.0,0.03588648232543926
mev40_eq,0.4,True,True,0.0,7,0.4000000000000089,0.1,0.0,0.0,0.491093233994353,0.0,0.03456694578060538
mev40_eq,0.4,True,True,0.0,8,0.3999999999999616,0.1,0.0,0.0,0.49081217691558315,0.0,0.03449425810066461
mev40_eq,0.4,True,True,0.0,9,0.39999999999999253,0.1,0.0,0.0,0.4909775137387424,0.0,0.03463940416508352
mev40_eq,0.4,True,True,0.0,10,0.39999999999999153,0.1,0.0,0.0,0.49041782127424877,0.0,0.03446527752876353
mev40_eq,0.4,True,True,0.0,11,0.4000000000000404,0.1,0.0,0.0,0.49019825819080265,0.0,0.035335550950220264
mev40_eq,0.4,True,True,0.0,12,0.4000000000000012,0.1,0.0,0.0,0.48978743627486626,0.0,0.03495481366492737
mev40_eq,0.4,True,True,0.0,13,0.3999999999999568,0.1,0.0,0.0,0.4895232004304255,0.0,0.03533971915617274
mev40_eq,0.4,True,True,0.0,14,0.3999999999999586,0.1,0.0,0.0,0.4889566274727002,0.0,0.03514788238139229
mev40_eq,0.4,True,True,0.0,15,0.4000000000000294,0.1,0.0,0.0,0.48901542499594763,0.0,0.0345856642144562
mev40_eq,0.4,True,True,0.0,16,0.3999999999999893,0.1,0.0,0.0,0.4908234345001368,0.0,0.03477860785641799
mev40_eq,0.4,True,True,0.0,17,0.39999999999998426,0.1,0.0,0.0,0.4896272919164141,0.0,0.03545051839631263
mev40_eq,0.4,True,True,0.0,18,0.39999999999995983,0.1,0.0,0.0,0.4882649533406285,0.0,0.03532918545455436
mev40_eq,0.4,True,True,0.0,19,0.39999999999999625,0.1,0.0,0.0,0.4890677600450744,0.0,0.035396598481931475
mev40_eq,0.4,True,True,0.0,20,0.40000000000002983,0.1,0.0,0.0,0.49046058743454096,0.0,0.03493057733263177
mev40_eq,0.4,True,True,0.0,21,0.4000000000000035,0.1,0.0,0.0,0.4893228493992763,0.0,0.035169015608895564
mev40_eq,0.4,True,True,0.0,22,0.4000000000000067,0.1,0.0,0.0,0.48967755290552173,0.0,0.03540308711358852
mev40_eq,0.4,True,True,0.0,23,0.3999999999999586,0.1,0.0,0.0,0.48965069469083583,0.0,0.03548381855552014
mev40_eq,0.4,True,True,0.0,24,0.3999999999999888,0.1,0.0,0.0,0.4904184332674553,0.0,0.03491782965389852
mev40_eq,0.4,True,True,0.0,25,0.40000000000002167,0.1,0.0,0.0,0.4882974379869508,0.0,0.035626226844690155
mev40_eq,0.4,True,True,0.0,26,0.4000000000000228,0.1,0.0,0.0,0.4896802751697889,0.0,0.03493230147924
mev40_eq,0.4,True,True,0.0,27,0.3999999999999878,0.1,0.0,0.0,0.48915856256929535,0.0,0.0354262055035894
mev40_eq,0.4,True,True,0.0,28,0.39999999999999514,0.1,0.0,0.0,0.48986503004621035,0.0,0.03494912337771775
mev40_eq,0.4,True,True,0.0,29,0.4000000000000297,0.1,0.0,0.0,0.4889599437033644,0.0,0.03554808574258018
mev40_eq,0.4,True,True,0.0,30,0.40000000000000774,0.1,0.0,0.0,0.4896597744932078,0.0,0.03484108050986071
mev40_eq,0.4,True,True,0.0,31,0.3999999999999934,0.1,0.0,0.0,0.4897449226410455,0.0,0.03519602717695811
mev40_eq,0.4,True,True,0.0,32,0.3999999999999695,0.1,0.0,0.0,0.48956454067218613,0.0,0.035293965294328676
mev40_eq,0.4,True,True,0.0,33,0.40000000000004016,0.1,0.0,0.0,0.4896170069215223,0.0,0.035558470386979825
mev40_eq,0.4,True,True,0.0,34,0.40000000000000735,0.1,0.0,0.0,0.48893764856503913,0.0,0.03546455686199023
mev40_eq,0.4,True,True,0.0,35,0.400000000000037,0.1,0.0,0.0,0.4890464207274928,0.0,0.03481662826937714
mev40_eq,0.4,True,True,0.0,36,0.4000000000000162,0.1,0.0,0.0,0.49089466659993464,0.0,0.03478334494683156
mev40_eq,0.4,True,True,0.0,37,0.399999999999973,0.1,0.0,0.0,0.4904685307312987,0.0,0.03487332048599381
mev40_eq,0.4,True,True,0.0,38,0.4000000000000226,0.1,0.0,0.0,0.4884405260968866,0.0,0.03572860217221099
mev40_eq,0.4,True,True,0.0,39,0.3999999999999904,0.1,0.0,0.0,0.48930747812937736,0.0,0.034720664266834005
mev40_eq,0.4,True,True,0.0,40,0.3999999999999832,0.1,0.0,0.0,0.48910760382723567,0.0,0.03479926724368226
mev40_eq,0.4,True,True,0.0,41,0.40000000000002167,0.1,0.0,0.0,0.48911091778058313,0.0,0.035883863638745135
mev40_eq,0.4,True,True,0.0,42,0.40000000000000635,0.1,0.0,0.0,0.4906895178431795,0.0,0.034976229585424255
mev40_eq,0.4,True,True,0.0,43,0.399999999999999,0.1,0.0,0.0,0.4888613475035853,0.0,0.03489252118210614
mev40_eq,0.4,True,True,0.0,44,0.399999999999957,0.1,0.0,0.0,0.4888193060622741,0.0,0.035462828991961175
mev40_eq,0.4,True,True,0.0,45,0.40000000000003805,0.1,0.0,0.0,0.48918425135223376,0.0,0.035143663278841296
mev40_eq,0.4,True,True,0.0,46,0.3999999999999817,0.1,0.0,0.0,0.4883856991117146,0.0,0.03571926716619509
mev40_eq,0.4,True,True,0.0,47,0.3999999999999584,0.1,0.0,0.0,0.4896488665912827,0.0,0.035115723623128224
mev40_eq,0.4,True,True,0.0,48,0.4000000000000169,0.1,0.0,0.0,0.4905388511555776,0.0,0.035457886179045585
mev40_eq,0.4,True,True,0.0,49,0.4000000000000062,0.1,0.0,0.0,0.48982659470014633,0.0,0.03522708225271983
mev40_eq,0.4,True,True,0.15,0,0.3999999999999875,0.1,0.0,0.0,0.4902624115242438,0.0,0.03499911826206004
mev40_eq,0.4,True,True,0.15,1,0.39999999999999036,0.1,0.0,0.0,0.4897711344383541,0.0,0.03491847707833846
mev40_eq,0.4,True,True,0.15,2,0.4000000000000383,0.1,0.0,0.0,0.4898458780892812,0.0,0.03590602494363881
mev40_eq,0.4,True,True,0.15,3,0.4000000000000092,0.1,0.0,0.0,0.49003531782165827,0.0,0.03506063516409997
mev40_eq,0.4,True,True,0.15,4,0.3999999999999782,0.1,0.0,0.0,0.4904931477679961,0.0,0.03479327312376201
mev40_eq,0.4,True,True,0.15,5,0.3999999999999761,0.1,0.0,0.0,0.4899846113330186,0.0,0.03495101193528156
mev40_eq,0.4,True,True,0.15,6,0.3999999999999969,0.1,0.0,0.0,0.48881260580501595,0.0,0.03588648232543926
mev40_eq,0.4,True,True,0.15,7,0.4000000000000089,0.1,0.0,0.0,0.491093233994353,0.0,0.03456694578060538
mev40_eq,0.4,True,True,0.15,8,0.3999999999999616,0.1,0.0,0.0,0.49081217691558315,0.0,0.03449425810066461
mev40_eq,0.4,True,True,0.15,9,0.39999999999999253,0.1,0.0,0.0,0.4909775137387424,0.0,0.03463940416508352
mev40_eq,0.4,True,True,0.15,10,0.39999999999999153,0.1,0.0,0.0,0.49041782127424877,0.0,0.03446527752876353
mev40_eq,0.4,True,True,0.15,11,0.4000000000000404,0.1,0.0,0.0,0.49019825819080265,0.0,0.035335550950220264
mev40_eq,0.4,True,True,0.15,12,0.4000000000000012,0.1,0.0,0.0,0.48978743627486626,0.0,0.03495481366492737
mev40_eq,0.4,True,True,0.15,13,0.3999999999999568,0.1,0.0,0.0,0.4895232004304255,0.0,0.03533971915617274
mev40_eq,0.4,True,True,0.15,14,0.3999999999999586,0.1,0.0,0.0,0.4889566274727002,0.0,0.03514788238139229
mev40_eq,0.4,True,True,0.15,15,0.4000000000000294,0.1,0.0,0.0,0.48901542499594763,0.0,0.0345856642144562
mev40_eq,0.4,True,True,0.15,16,0.3999999999999893,0.1,0.0,0.0,0.4908234345001368,0.0,0.03477860785641799
mev40_eq,0.4,True,True,0.15,17,0.39999999999998426,0.1,0.0,0.0,0.4896272919164141,0.0,0.03545051839631263
mev40_eq,0.4,True,True,0.15,18,0.39999999999995983,0.1,0.0,0.0,0.4882649533406285,0.0,0.03532918545455436
mev40_eq,0.4,True,True,0.15,19,0.39999999999999625,0.1,0.0,0.0,0.4890677600450744,0.0,0.035396598481931475
mev40_eq,0.4,True,True,0.15,20,0.40000000000002983,0.1,0.0,0.0,0.49046058743454096,0.0,0.03493057733263177
mev40_eq,0.4,True,True,0.15,21,0.4000000000000035,0.1,0.0,0.0,0.4893228493992763,0.0,0.035169015608895564
mev40_eq,0.4,True,True,0.15,22,0.4000000000000067,0.1,0.0,0.0,0.48967755290552173,0.0,0.03540308711358852
mev40_eq,0.4,True,True,0.15,23,0.3999999999999586,0.1,0.0,0.0,0.48965069469083583,0.0,0.03548381855552014
mev40_eq,0.4,True,True,0.15,24,0.3999999999999888,0.1,0.0,0.0,0.4904184332674553,0.0,0.03491782965389852
mev40_eq,0.4,True,True,0.15,25,0.40000000000002167,0.1,0.0,0.0,0.4882974379869508,0.0,0.035626226844690155
mev40_eq,0.4,True,True,0.15,26,0.4000000000000228,0.1,0.0,0.0,0.4896802751697889,0.0,0.03493230147924
mev40_eq,0.4,True,True,0.15,27,0.3999999999999878,0.1,0.0,0.0,0.48915856256929535,0.0,0.0354262055035894
mev40_eq,0.4,True,True,0.15,28,0.39999999999999514,0.1,0.0,0.0,0.48986503004621035,0.0,0.03494912337771775
mev40_eq,0.4,True,True,0.15,29,0.4000000000000297,0.1,0.0,0.0,0.4889599437033644,0.0,0.03554808574258018
mev40_eq,0.4,True,True,0.15,30,0.40000000000000774,0.1,0.0,0.0,0.4896597744932078,0.0,0.03484108050986071
mev40_eq,0.4,True,True,0.15,31,0.3999999999999934,0.1,0.0,0.0,0.4897449226410455,0.0,0.03519602717695811
mev40_eq,0.4,True,True,0.15,32,0.3999999999999695,0.1,0.0,0.0,0.48956454067218613,0.0,0.035293965294328676
mev40_eq,0.4,True,True,0.15,33,0.40000000000004016,0.1,0.0,0.0,0.4896170069215223,0.0,0.035558470386979825
mev40_eq,0.4,True,True,0.15,34,0.40000000000000735,0.1,0.0,0.0,0.48893764856503913,0.0,0.03546455686199023
mev40_eq,0.4,True,True,0.15,35,0.400000000000037,0.1,0.0,0.0,0.4890464207274928,0.0,0.03481662826937714
mev40_eq,0.4,True,True,0.15,36,0.4000000000000162,0.1,0.0,0.0,0.49089466659993464,0.0,0.03478334494683156
mev40_eq,0.4,True,True,0.15,37,0.399999999999973,0.1,0.0,0.0,0.4904685307312987,0.0,0.03487332048599381
mev40_eq,0.4,True,True,0.15,38,0.4000000000000226,0.1,0.0,0.0,0.4884405260968866,0.0,0.03572860217221099
mev40_eq,0.4,True,True,0.15,39,0.3999999999999904,0.1,0.0,0.0,0.48930747812937736,0.0,0.034720664266834005
mev40_eq,0.4,True,True,0.15,40,0.3999999999999832,0.1,0.0,0.0,0.48910760382723567,0.0,0.03479926724368226
mev40_eq,0.4,True,True,0.15,41,0.40000000000002167,0.1,0.0,0.0,0.48911091778058313,0.0,0.035883863638745135
mev40_eq,0.4,True,True,0.15,42,0.40000000000000635,0.1,0.0,0.0,0.4906895178431795,0.0,0.034976229585424255
mev40_eq,0.4,True,True,0.15,43,0.399999999999999,0.1,0.0,0.0,0.4888613475035853,0.0,0.03489252118210614
mev40_eq,0.4,True,True,0.15,44,0.399999999999957,0.1,0.0,0.0,0.4888193060622741,0.0,0.035462828991961175
mev40_eq,0.4,True,True,0.15,45,0.40000000000003805,0.1,0.0,0.0,0.48918425135223376,0.0,0.035143663278841296
mev40_eq,0.4,True,True,0.15,46,0.3999999999999817,0.1,0.0,0.0,0.4883856991117146,0.0,0.03571926716619509
mev40_eq,0.4,True,True,0.15,47,0.3999999999999584,0.1,0.0,0.0,0.4896488665912827,0.0,0.035115723623128224
mev40_eq,0.4,True,True,0.15,48,0.4000000000000169,0.1,0.0,0.0,0.4905388511555776,0.0,0.035457886179045585
mev40_eq,0.4,True,True,0.15,49,0.4000000000000062,0.1,0.0,0.0,0.48982659470014633,0.0,0.03522708225271983
mev40_eq,0.4,True,True,0.3,0,0.3999999999999875,0.1,0.0,0.0,0.4902624115242438,0.0,0.03499911826206004
mev40_eq,0.4,True,True,0.3,1,0.39999999999999036,0.1,0.0,0.0,0.4897711344383541,0.0,0.03491847707833846
mev40_eq,0.4,True,True,0.3,2,0.4000000000000383,0.1,0.0,0.0,0.4898458780892812,0.0,0.03590602494363881
mev40_eq,0.4,True,True,0.3,3,0.4000000000000092,0.1,0.0,0.0,0.49003531782165827,0.0,0.03506063516409997
mev40_eq,0.4,True,True,0.3,4,0.3999999999999782,0.1,0.0,0.0,0.4904931477679961,0.0,0.03479327312376201
mev40_eq,0.4,True,True,0.3,5,0.3999999999999761,0.1,0.0,0.0,0.4899846113330186,0.0,0.03495101193528156
mev40_eq,0.4,True,True,0.3,6,0.3999999999999969,0.1,0.0,0.0,0.48881260580501595,0.0,0.03588648232543926
mev40_eq,0.4,True,True,0.3,7,0.4000000000000089,0.1,0.0,0.0,0.491093233994353,0.0,0.03456694578060538
mev40_eq,0.4,True,True,0.3,8,0.3999999999999616,0.1,0.0,0.0,0.49081217691558315,0.0,0.03449425810066461
mev40_eq,0.4,True,True,0.3,9,0.39999999999999253,0.1,0.0,0.0,0.4909775137387424,0.0,0.03463940416508352
mev40_eq,0.4,True,True,0.3,10,0.39999999999999153,0.1,0.0,0.0,0.49041782127424877,0.0,0.03446527752876353
mev40_eq,0.4,True,True,0.3,11,0.4000000000000404,0.1,0.0,0.0,0.49019825819080265,0.0,0.035335550950220264
mev40_eq,0.4,True,True,0.3,12,0.4000000000000012,0.1,0.0,0.0,0.48978743627486626,0.0,0.03495481366492737
mev40_eq,0.4,True,True,0.3,13,0.3999999999999568,0.1,0.0,0.0,0.4895232004304255,0.0,0.03533971915617274
mev40_eq,0.4,True,True,0.3,14,0.3999999999999586,0.1,0.0,0.0,0.4889566274727002,0.0,0.03514788238139229
mev40_eq,0.4,True,True,0.3,15,0.4000000000000294,0.1,0.0,0.0,0.48901542499594763,0.0,0.0345856642144562
mev40_eq,0.4,True,True,0.3,16,0.3999999999999893,0.1,0.0,0.0,0.4908234345001368,0.0,0.03477860785641799
mev40_eq,0.4,True,True,0.3,17,0.39999999999998426,0.1,0.0,0.0,0.4896272919164141,0.0,0.03545051839631263
mev40_eq,0.4,True,True,0.3,18,0.39999999999995983,0.1,0.0,0.0,0.4882649533406285,0.0,0.03532918545455436
mev40_eq,0.4,True,True,0.3,19,0.39999999999999625,0.1,0.0,0.0,0.4890677600450744,0.0,0.035396598481931475
mev40_eq,0.4,True,True,0.3,20,0.40000000000002983,0.1,0.0,0.0,0.49046058743454096,0.0,0.03493057733263177
mev40_eq,0.4,True,True,0.3,21,0.4000000000000035,0.1,0.0,0.0,0.4893228493992763,0.0,0.035169015608895564
mev40_eq,0.4,True,True,0.3,22,0.4000000000000067,0.1,0.0,0.0,0.48967755290552173,0.0,0.03540308711358852
mev40_eq,0.4,True,True,0.3,23,0.3999999999999586,0.1,0.0,0.0,0.48965069469083583,0.0,0.03548381855552014
mev40_eq,0.4,True,True,0.3,24,0.3999999999999888,0.1,0.0,0.0,0.4904184332674553,0.0,0.03491782965389852
mev40_eq,0.4,True,True,0.3,25,0.40000000000002167,0.1,0.0,0.0,0.4882974379869508,0.0,0.035626226844690155
mev40_eq,0.4,True,True,0.3,26,0.4000000000000228,0.1,0.0,0.0,0.4896802751697889,0.0,0.03493230147924
mev40_eq,0.4,True,True,0.3,27,0.3999999999999878,0.1,0.0,0.0,0.48915856256929535,0.0,0.0354262055035894
mev40_eq,0.4,True,True,0.3,28,0.39999999999999514,0.1,0.0,0.0,0.48986503004621035,0.0,0.03494912337771775
mev40_eq,0.4,True,True,0.3,29,0.4000000000000297,0.1,0.0,0.0,0.4889599437033644,0.0,0.03554808574258018
mev40_eq,0.4,True,True,0.3,30,0.40000000000000774,0.1,0.0,0.0,0.4896597744932078,0.0,0.03484108050986071
mev40_eq,0.4,True,True,0.3,31,0.3999999999999934,0.1,0.0,0.0,0.4897449226410455,0.0,0.03519602717695811
mev40_eq,0.4,True,True,0.3,32,0.3999999999999695,0.1,0.0,0.0,0.48956454067218613,0.0,0.035293965294328676
mev40_eq,0.4,True,True,0.3,33,0.40000000000004016,0.1,0.0,0.0,0.4896170069215223,0.0,0.035558470386979825
mev40_eq,0.4,True,True,0.3,34,0.40000000000000735,0.1,0.0,0.0,0.48893764856503913,0.0,0.03546455686199023
mev40_eq,0.4,True,True,0.3,35,0.400000000000037,0.1,0.0,0.0,0.4890464207274928,0.0,0.03481662826937714
mev40_eq,0.4,True,True,0.3,36,0.4000000000000162,0.1,0.0,0.0,0.49089466659993464,0.0,0.03478334494683156
mev40_eq,0.4,True,True,0.3,37,0.399999999999973,0.1,0.0,0.0,0.4904685307312987,0.0,0.03487332048599381
mev40_eq,0.4,True,True,0.3,38,0.4000000000000226,0.1,0.0,0.0,0.4884405260968866,0.0,0.03572860217221099
mev40_eq,0.4,True,True,0.3,39,0.3999999999999904,0.1,0.0,0.0,0.48930747812937736,0.0,0.034720664266834005
mev40_eq,0.4,True,True,0.3,40,0.3999999999999832,0.1,0.0,0.0,0.48910760382723567,0.0,0.03479926724368226
mev40_eq,0.4,True,True,0.3,41,0.40000000000002167,0.1,0.0,0.0,0.48911091778058313,0.0,0.035883863638745135
mev40_eq,0.4,True,True,0.3,42,0.40000000000000635,0.1,0.0,0.0,0.4906895178431795,0.0,0.034976229585424255
mev40_eq,0.4,True,True,0.3,43,0.399999999999999,0.1,0.0,0.0,0.4888613475035853,0.0,0.03489252118210614
mev40_eq,0.4,True,True,0.3,44,0.399999999999957,0.1,0.0,0.0,0.4888193060622741,0.0,0.035462828991961175
mev40_eq,0.4,True,True,0.3,45,0.40000000000003805,0.1,0.0,0.0,0.48918425135223376,0.0,0.035143663278841296
mev40_eq,0.4,True,True,0.3,46,0.3999999999999817,0.1,0.0,0.0,0.4883856991117146,0.0,0.03571926716619509
mev40_eq,0.4,True,True,0.3,47,0.3999999999999584,0.1,0.0,0.0,0.4896488665912827,0.0,0.035115723623128224
mev40_eq,0.4,True,True,0.3,48,0.4000000000000169,0.1,0.0,0.0,0.4905388511555776,0.0,0.035457886179045585
mev40_eq,0.4,True,True,0.3,49,0.4000000000000062,0.1,0.0,0.0,0.48982659470014633,0.0,0.03522708225271983
mev70_eq,0.7,True,False,0.0,0,0.7000000000000138,0.1,0.0,0.0,0.0,0.0,
mev70_eq,0.7,True,False,0.0,1,0.7000000000000154,0.1,0.0,0.0,0.0,0.0,
mev70_eq,0.7,True,False,0.0,2,0.6999999999999689,0.1,0.0,3.0,0.0,0.0,
mev70_eq,0.7,True,False,0.0,3,0.6999999999999764,0.1,0.0,0.0,0.0,0.0,
mev70_eq,0.7,True,False,0.0,4,0.6999999999999686,0.1,0.0,0.0,0.0,0.0,
mev70_eq,0.7,True,False,0.0,5,0.699999999999979,0.1,0.0,0.0,0.0,0.0,
mev70_eq,0.7,True,False,0.0,6,0.699999999999981,0.1,0.0,15.0,0.0,0.0,
mev70_eq,0.7,True,False,0.0,7,0.6999999999999933,0.1,0.0,0.0,0.0,0.0,
mev70_eq,0.7,True,False,0.0,8,0.7000000000000334,0.1,0.0,0.0,0.0,0.0,
mev70_eq,0.7,True,False,0.0,9,0.700000000000004,0.1,0.0,0.0,0.0,0.0,
mev70_eq,0.7,True,False,0.0,10,0.6999999999999835,0.1,0.0,0.0,0.0,0.0,
mev70_eq,0.7,True,False,0.0,11,0.7000000000000282,0.1,0.0,0.0,0.0,0.0,
mev70_eq,0.7,True,False,0.0,12,0.7000000000000379,0.1,0.0,0.0,0.0,0.0,
mev70_eq,0.7,True,False,0.0,13,0.6999999999999738,0.1,0.0,0.0,0.0,0.0,
mev70_eq,0.7,True,False,0.0,14,0.7000000000000008,0.1,0.0,0.0,0.0,0.0,
mev70_eq,0.7,True,False,0.0,15,0.6999999999999806,0.1,0.0,0.0,0.0,0.0,
mev70_eq,0.7,True,False,0.0,16,0.7000000000000076,0.1,0.0,0.0,0.0,0.0,
mev70_eq,0.7,True,False,0.0,17,0.7000000000000126,0.1,0.0,0.0,0.0,0.0,
mev70_eq,0.7,True,False,0.0,18,0.7000000000000051,0.1,0.0,0.0,0.0,0.0,
mev70_eq,0.7,True,False,0.0,19,0.6999999999999893,0.1,0.0,0.0,0.0,0.0,
mev70_eq,0.7,True,False,0.0,20,0.7000000000000068,0.1,0.0,0.0,0.0,0.0,
mev70_eq,0.7,True,False,0.0,21,0.7000000000000044,0.1,0.0,0.0,0.0,0.0,
mev70_eq,0.7,True,False,0.0,22,0.7000000000000217,0.1,0.0,0.0,0.0,0.0,
mev70_eq,0.7,True,False,0.0,23,0.7000000000000275,0.1,0.0,3.0,0.0,0.0,
mev70_eq,0.7,True,False,0.0,24,0.7000000000000335,0.1,0.0,0.0,0.0,0.0,
mev70_eq,0.7,True,False,0.0,25,0.6999999999999956,0.1,0.0,3.0,0.0,0.0,
mev70_eq,0.7,True,False,0.0,26,0.700000000000017,0.1,0.0,0.0,0.0,0.0,
mev70_eq,0.7,True,False,0.0,27,0.6999999999999632,0.1,0.0,0.0,0.0,0.0,
mev70_eq,0.7,True,False,0.0,28,0.6999999999999915,0.1,0.0,0.0,0.0,0.0,
mev70_eq,0.7,True,False,0.0,29,0.7000000000000302,0.1,0.0,0.0,0.0,0.0,
mev70_eq,0.7,True,False,0.0,30,0.7000000000000185,0.1,0.0,0.0,0.0,0.0,
mev70_eq,0.7,True,False,0.0,31,0.6999999999999736,0.1,0.0,0.0,0.0,0.0,
mev70_eq,0.7,True,False,0.0,32,0.6999999999999598,0.1,0.0,0.0,0.0,0.0,
mev70_eq,0.7,True,False,0.0,33,0.6999999999999991,0.1,0.0,0.0,0.0,0.0,
mev70_eq,0.7,True,False,0.0,34,0.69999999999998,0.1,0.0,0.0,0.0,0.0,
mev70_eq,0.7,True,False,0.0,35,0.7000000000000062,0.1,0.0,0.0,0.0,0.0,
mev70_eq,0.7,True,False,0.0,36,0.7000000000000006,0.1,0.0,0.0,0.0,0.0,
mev70_eq,0.7,True,False,0.0,37,0.699999999999989,0.1,0.0,0.0,0.0,0.0,
mev70_eq,0.7,True,False,0.0,38,0.6999999999999822,0.1,0.0,3.0,0.0,0.0,
mev70_eq,0.7,True,False,0.0,39,0.7000000000000054,0.1,0.0,0.0,0.0,0.0,
mev70_eq,0.7,True,False,0.0,40,0.6999999999999923,0.1,0.0,0.0,0.0,0.0,
mev70_eq,0.7,True,False,0.0,41,0.6999999999999768,0.1,0.0,3.0,0.0,0.0,
mev70_eq,0.7,True,False,0.0,42,0.7000000000000014,0.1,0.0,0.0,0.0,0.0,
mev70_eq,0.7,True,False,0.0,43,0.7000000000000149,0.1,0.0,0.0,0.0,0.0,
mev70_eq,0.7,True,False,0.0,44,0.6999999999999896,0.1,0.0,0.0,0.0,0.0,
mev70_eq,0.7,True,False,0.0,45,0.700000000000039,0.1,0.0,0.0,0.0,0.0,
mev70_eq,0.7,True,False,0.0,46,0.6999999999999795,0.1,0.0,3.0,0.0,0.0,
mev70_eq,0.7,True,False,0.0,47,0.6999999999999755,0.1,0.0,0.0,0.0,0.0,
mev70_eq,0.7,True,False,0.0,48,0.6999999999999897,0.1,0.0,0.0,0.0,0.0,
mev70_eq,0.7,True,False,0.0,49,0.6999999999999729,0.1,0.0,0.0,0.0,0.0,
mev70_eq,0.7,True,False,0.15,0,0.7000000000000138,0.1,0.0,0.0,0.0,0.0,
mev70_eq,0.7,True,False,0.15,1,0.7000000000000154,0.1,0.0,0.0,0.0,0.0,
mev70_eq,0.7,True,False,0.15,2,0.6999999999999689,0.1,0.0,3.0,0.0,0.0,
mev70_eq,0.7,True,False,0.15,3,0.6999999999999764,0.1,0.0,0.0,0.0,0.0,
mev70_eq,0.7,True,False,0.15,4,0.6999999999999686,0.1,0.0,0.0,0.0,0.0,
mev70_eq,0.7,True,False,0.15,5,0.699999999999979,0.1,0.0,0.0,0.0,0.0,
mev70_eq,0.7,True,False,0.15,6,0.699999999999981,0.1,0.0,15.0,0.0,0.0,
mev70_eq,0.7,True,False,0.15,7,0.6999999999999933,0.1,0.0,0.0,0.0,0.0,
mev70_eq,0.7,True,False,0.15,8,0.7000000000000334,0.1,0.0,0.0,0.0,0.0,
mev70_eq,0.7,True,False,0.15,9,0.700000000000004,0.1,0.0,0.0,0.0,0.0,
mev70_eq,0.7,True,False,0.15,10,0.6999999999999835,0.1,0.0,0.0,0.0,0.0,
mev70_eq,0.7,True,False,0.15,11,0.7000000000000282,0.1,0.0,0.0,0.0,0.0,
mev70_eq,0.7,True,False,0.15,12,0.7000000000000379,0.1,0.0,0.0,0.0,0.0,
mev70_eq,0.7,True,False,0.15,13,0.6999999999999738,0.1,0.0,0.0,0.0,0.0,
mev70_eq,0.7,True,False,0.15,14,0.7000000000000008,0.1,0.0,0.0,0.0,0.0,
mev70_eq,0.7,True,False,0.15,15,0.6999999999999806,0.1,0.0,0.0,0.0,0.0,
mev70_eq,0.7,True,False,0.15,16,0.7000000000000076,0.1,0.0,0.0,0.0,0.0,
mev70_eq,0.7,True,False,0.15,17,0.7000000000000126,0.1,0.0,0.0,0.0,0.0,
mev70_eq,0.7,True,False,0.15,18,0.7000000000000051,0.1,0.0,0.0,0.0,0.0,
mev70_eq,0.7,True,False,0.15,19,0.6999999999999893,0.1,0.0,0.0,0.0,0.0,
mev70_eq,0.7,True,False,0.15,20,0.7000000000000068,0.1,0.0,0.0,0.0,0.0,
mev70_eq,0.7,True,False,0.15,21,0.7000000000000044,0.1,0.0,0.0,0.0,0.0,
mev70_eq,0.7,True,False,0.15,22,0.7000000000000217,0.1,0.0,0.0,0.0,0.0,
mev70_eq,0.7,True,False,0.15,23,0.7000000000000275,0.1,0.0,3.0,0.0,0.0,
mev70_eq,0.7,True,False,0.15,24,0.7000000000000335,0.1,0.0,0.0,0.0,0.0,
mev70_eq,0.7,True,False,0.15,25,0.6999999999999956,0.1,0.0,3.0,0.0,0.0,
mev70_eq,0.7,True,False,0.15,26,0.700000000000017,0.1,0.0,0.0,0.0,0.0,
mev70_eq,0.7,True,False,0.15,27,0.6999999999999632,0.1,0.0,0.0,0.0,0.0,
mev70_eq,0.7,True,False,0.15,28,0.6999999999999915,0.1,0.0,0.0,0.0,0.0,
mev70_eq,0.7,True,False,0.15,29,0.7000000000000302,0.1,0.0,0.0,0.0,0.0,
mev70_eq,0.7,True,False,0.15,30,0.7000000000000185,0.1,0.0,0.0,0.0,0.0,
mev70_eq,0.7,True,False,0.15,31,0.6999999999999736,0.1,0.0,0.0,0.0,0.0,
mev70_eq,0.7,True,False,0.15,32,0.6999999999999598,0.1,0.0,0.0,0.0,0.0,
mev70_eq,0.7,True,False,0.15,33,0.6999999999999991,0.1,0.0,0.0,0.0,0.0,
mev70_eq,0.7,True,False,0.15,34,0.69999999999998,0.1,0.0,0.0,0.0,0.0,
mev70_eq,0.7,True,False,0.15,35,0.7000000000000062,0.1,0.0,0.0,0.0,0.0,
mev70_eq,0.7,True,False,0.15,36,0.7000000000000006,0.1,0.0,0.0,0.0,0.0,
mev70_eq,0.7,True,False,0.15,37,0.699999999999989,0.1,0.0,0.0,0.0,0.0,
mev70_eq,0.7,True,False,0.15,38,0.6999999999999822,0.1,0.0,3.0,0.0,0.0,
mev70_eq,0.7,True,False,0.15,39,0.7000000000000054,0.1,0.0,0.0,0.0,0.0,
mev70_eq,0.7,True,False,0.15,40,0.6999999999999923,0.1,0.0,0.0,0.0,0.0,
mev70_eq,0.7,True,False,0.15,41,0.6999999999999768,0.1,0.0,3.0,0.0,0.0,
mev70_eq,0.7,True,False,0.15,42,0.7000000000000014,0.1,0.0,0.0,0.0,0.0,
mev70_eq,0.7,True,False,0.15,43,0.7000000000000149,0.1,0.0,0.0,0.0,0.0,
mev70_eq,0.7,True,False,0.15,44,0.6999999999999896,0.1,0.0,0.0,0.0,0.0,
mev70_eq,0.7,True,False,0.15,45,0.700000000000039,0.1,0.0,0.0,0.0,0.0,
mev70_eq,0.7,True,False,0.15,46,0.6999999999999795,0.1,0.0,3.0,0.0,0.0,
mev70_eq,0.7,True,False,0.15,47,0.6999999999999755,0.1,0.0,0.0,0.0,0.0,
mev70_eq,0.7,True,False,0.15,48,0.6999999999999897,0.1,0.0,0.0,0.0,0.0,
mev70_eq,0.7,True,False,0.15,49,0.6999999999999729,0.1,0.0,0.0,0.0,0.0,
mev70_eq,0.7,True,False,0.3,0,0.7000000000000138,0.1,0.0,0.0,0.0,0.0,
mev70_eq,0.7,True,False,0.3,1,0.7000000000000154,0.1,0.0,0.0,0.0,0.0,
mev70_eq,0.7,True,False,0.3,2,0.6999999999999689,0.1,0.0,3.0,0.0,0.0,
mev70_eq,0.7,True,False,0.3,3,0.6999999999999764,0.1,0.0,0.0,0.0,0.0,
mev70_eq,0.7,True,False,0.3,4,0.6999999999999686,0.1,0.0,0.0,0.0,0.0,
mev70_eq,0.7,True,False,0.3,5,0.699999999999979,0.1,0.0,0.0,0.0,0.0,
mev70_eq,0.7,True,False,0.3,6,0.699999999999981,0.1,0.0,15.0,0.0,0.0,
mev70_eq,0.7,True,False,0.3,7,0.6999999999999933,0.1,0.0,0.0,0.0,0.0,
mev70_eq,0.7,True,False,0.3,8,0.7000000000000334,0.1,0.0,0.0,0.0,0.0,
mev70_eq,0.7,True,False,0.3,9,0.700000000000004,0.1,0.0,0.0,0.0,0.0,
mev70_eq,0.7,True,False,0.3,10,0.6999999999999835,0.1,0.0,0.0,0.0,0.0,
mev70_eq,0.7,True,False,0.3,11,0.7000000000000282,0.1,0.0,0.0,0.0,0.0,
mev70_eq,0.7,True,False,0.3,12,0.7000000000000379,0.1,0.0,0.0,0.0,0.0,
mev70_eq,0.7,True,False,0.3,13,0.6999999999999738,0.1,0.0,0.0,0.0,0.0,
mev70_eq,0.7,True,False,0.3,14,0.7000000000000008,0.1,0.0,0.0,0.0,0.0,
mev70_eq,0.7,True,False,0.3,15,0.6999999999999806,0.1,0.0,0.0,0.0,0.0,
mev70_eq,0.7,True,False,0.3,16,0.7000000000000076,0.1,0.0,0.0,0.0,0.0,
mev70_eq,0.7,True,False,0.3,17,0.7000000000000126,0.1,0.0,0.0,0.0,0.0,
mev70_eq,0.7,True,False,0.3,18,0.7000000000000051,0.1,0.0,0.0,0.0,0.0,
mev70_eq,0.7,True,False,0.3,19,0.6999999999999893,0.1,0.0,0.0,0.0,0.0,
mev70_eq,0.7,True,False,0.3,20,0.7000000000000068,0.1,0.0,0.0,0.0,0.0,
mev70_eq,0.7,True,False,0.3,21,0.7000000000000044,0.1,0.0,0.0,0.0,0.0,
mev70_eq,0.7,True,False,0.3,22,0.7000000000000217,0.1,0.0,0.0,0.0,0.0,
mev70_eq,0.7,True,False,0.3,23,0.7000000000000275,0.1,0.0,3.0,0.0,0.0,
mev70_eq,0.7,True,False,0.3,24,0.7000000000000335,0.1,0.0,0.0,0.0,0.0,
mev70_eq,0.7,True,False,0.3,25,0.6999999999999956,0.1,0.0,3.0,0.0,0.0,
mev70_eq,0.7,True,False,0.3,26,0.700000000000017,0.1,0.0,0.0,0.0,0.0,
mev70_eq,0.7,True,False,0.3,27,0.6999999999999632,0.1,0.0,0.0,0.0,0.0,
mev70_eq,0.7,True,False,0.3,28,0.6999999999999915,0.1,0.0,0.0,0.0,0.0,
mev70_eq,0.7,True,False,0.3,29,0.7000000000000302,0.1,0.0,0.0,0.0,0.0,
mev70_eq,0.7,True,False,0.3,30,0.7000000000000185,0.1,0.0,0.0,0.0,0.0,
mev70_eq,0.7,True,False,0.3,31,0.6999999999999736,0.1,0.0,0.0,0.0,0.0,
mev70_eq,0.7,True,False,0.3,32,0.6999999999999598,0.1,0.0,0.0,0.0,0.0,
mev70_eq,0.7,True,False,0.3,33,0.6999999999999991,0.1,0.0,0.0,0.0,0.0,
mev70_eq,0.7,True,False,0.3,34,0.69999999999998,0.1,0.0,0.0,0.0,0.0,
mev70_eq,0.7,True,False,0.3,35,0.7000000000000062,0.1,0.0,0.0,0.0,0.0,
mev70_eq,0.7,True,False,0.3,36,0.7000000000000006,0.1,0.0,0.0,0.0,0.0,
mev70_eq,0.7,True,False,0.3,37,0.699999999999989,0.1,0.0,0.0,0.0,0.0,
mev70_eq,0.7,True,False,0.3,38,0.6999999999999822,0.1,0.0,3.0,0.0,0.0,
mev70_eq,0.7,True,False,0.3,39,0.7000000000000054,0.1,0.0,0.0,0.0,0.0,
mev70_eq,0.7,True,False,0.3,40,0.6999999999999923,0.1,0.0,0.0,0.0,0.0,
mev70_eq,0.7,True,False,0.3,41,0.6999999999999768,0.1,0.0,3.0,0.0,0.0,
mev70_eq,0.7,True,False,0.3,42,0.7000000000000014,0.1,0.0,0.0,0.0,0.0,
mev70_eq,0.7,True,False,0.3,43,0.7000000000000149,0.1,0.0,0.0,0.0,0.0,
mev70_eq,0.7,True,False,0.3,44,0.6999999999999896,0.1,0.0,0.0,0.0,0.0,
mev70_eq,0.7,True,False,0.3,45,0.700000000000039,0.1,0.0,0.0,0.0,0.0,
mev70_eq,0.7,True,False,0.3,46,0.6999999999999795,0.1,0.0,3.0,0.0,0.0,
mev70_eq,0.7,True,False,0.3,47,0.6999999999999755,0.1,0.0,0.0,0.0,0.0,
mev70_eq,0.7,True,False,0.3,48,0.6999999999999897,0.1,0.0,0.0,0.0,0.0,
mev70_eq,0.7,True,False,0.3,49,0.6999999999999729,0.1,0.0,0.0,0.0,0.0,
mev70_eq,0.7,True,True,0.0,0,0.7000000000000138,0.1,0.0,0.0,0.5588704626432035,0.0,0.032882798257826466
mev70_eq,0.7,True,True,0.0,1,0.7000000000000154,0.1,0.0,0.0,0.5579928566446776,0.0,0.0329301023632765
mev70_eq,0.7,True,True,0.0,2,0.6999999999999689,0.1,0.0,0.0,0.558572525971214,0.0,0.03324790670311913
mev70_eq,0.7,True,True,0.0,3,0.6999999999999764,0.1,0.0,0.0,0.559132252297804,0.0,0.03290042132507894
mev70_eq,0.7,True,True,0.0,4,0.6999999999999686,0.1,0.0,0.0,0.5590274319135804,0.0,0.03277443861382275
mev70_eq,0.7,True,True,0.0,5,0.699999999999979,0.1,0.0,0.0,0.5584456410414939,0.0,0.03291513966821168
mev70_eq,0.7,True,True,0.0,6,0.699999999999981,0.1,0.0,0.0,0.5574837338800147,0.0,0.03338542427595768
mev70_eq,0.7,True,True,0.0,7,0.6999999999999933,0.1,0.0,0.0,0.5599298060518579,0.0,0.032591927593428945
mev70_eq,0.7,True,True,0.0,8,0.7000000000000334,0.1,0.0,0.0,0.5593210723625942,0.0,0.03264121641116569
mev70_eq,0.7,True,True,0.0,9,0.700000000000004,0.1,0.0,0.0,0.5594742690504854,0.0,0.03272946128146268
mev70_eq,0.7,True,True,0.0,10,0.6999999999999835,0.1,0.0,0.0,0.5591893020150054,0.0,0.03266760995532989
mev70_eq,0.7,True,True,0.0,11,0.7000000000000282,0.1,0.0,0.0,0.5587127609781654,0.0,0.03306968641741297
mev70_eq,0.7,True,True,0.0,12,0.7000000000000379,0.1,0.0,0.0,0.5584942804082137,0.0,0.03286110294430188
mev70_eq,0.7,True,True,0.0,13,0.6999999999999738,0.1,0.0,0.0,0.5575349223656326,0.0,0.03314630068991415
mev70_eq,0.7,True,True,0.0,14,0.7000000000000008,0.1,0.0,0.0,0.5579848220276011,0.0,0.03304462071590319
mev70_eq,0.7,True,True,0.0,15,0.6999999999999806,0.1,0.0,0.0,0.5572298830355437,0.0,0.032879690788029804
mev70_eq,0.7,True,True,0.0,16,0.7000000000000076,0.1,0.0,0.0,0.5601546877201768,0.0,0.03268951048738474
mev70_eq,0.7,True,True,0.0,17,0.7000000000000126,0.1,0.0,0.0,0.5583052322297865,0.0,0.033136219794871975
mev70_eq,0.7,True,True,0.0,18,0.7000000000000051,0.1,0.0,0.0,0.5571471279916271,0.0,0.0331908356750553
mev70_eq,0.7,True,True,0.0,19,0.6999999999999893,0.1,0.0,0.0,0.5581507054624139,0.0,0.03312035690921734
mev70_eq,0.7,True,True,0.0,20,0.7000000000000068,0.1,0.0,0.0,0.5591321614731588,0.0,0.032796850464685216
mev70_eq,0.7,True,True,0.0,21,0.7000000000000044,0.1,0.0,0.0,0.5578119727761806,0.0,0.033065133020725106
mev70_eq,0.7,True,True,0.0,22,0.7000000000000217,0.1,0.0,0.0,0.558903654197487,0.0,0.0330477135684883
mev70_eq,0.7,True,True,0.0,23,0.7000000000000275,0.1,0.0,0.0,0.5582725606403091,0.0,0.03322937005562831
mev70_eq,0.7,True,True,0.0,24,0.7000000000000335,0.1,0.0,0.0,0.5591289188479078,0.0,0.032794099067930564
mev70_eq,0.7,True,True,0.0,25,0.6999999999999956,0.1,0.0,0.0,0.5570469627100539,0.0,0.03332103700792472
mev70_eq,0.7,True,True,0.0,26,0.700000000000017,0.1,0.0,0.0,0.5590008876990901,0.0,0.03284402818962872
mev70_eq,0.7,True,True,0.0,27,0.6999999999999632,0.1,0.0,0.0,0.5579338136126175,0.0,0.03319516716088273
mev70_eq,0.7,True,True,0.0,28,0.6999999999999915,0.1,0.0,0.0,0.5590192704014916,0.0,0.03286610623744108
mev70_eq,0.7,True,True,0.0,29,0.7000000000000302,0.1,0.0,0.0,0.5572912161793614,0.0,0.03327490864379653
mev70_eq,0.7,True,True,0.0,30,0.7000000000000185,0.1,0.0,0.0,0.5576334545819865,0.0,0.032939263062472905
mev70_eq,0.7,True,True,0.0,31,0.6999999999999736,0.1,0.0,0.0,0.5588294325963595,0.0,0.033012960895402683
mev70_eq,0.7,True,True,0.0,32,0.6999999999999598,0.1,0.0,0.0,0.5577960553309584,0.0,0.033132043262298884
mev70_eq,0.7,True,True,0.0,33,0.6999999999999991,0.1,0.0,0.0,0.5593167048987183,0.0,0.033021981997942616
mev70_eq,0.7,True,True,0.0,34,0.69999999999998,0.1,0.0,0.0,0.5578743363127873,0.0,0.03322605090168971
mev70_eq,0.7,True,True,0.0,35,0.7000000000000062,0.1,0.0,0.0,0.557246979241683,0.0,0.03300399611178687
mev70_eq,0.7,True,True,0.0,36,0.7000000000000006,0.1,0.0,0.0,0.5597867118259613,0.0,0.03273149736390648
mev70_eq,0.7,True,True,0.0,37,0.699999999999989,0.1,0.0,0.0,0.5592664784045539,0.0,0.03283727671135566
mev70_eq,0.7,True,True,0.0,38,0.6999999999999822,0.1,0.0,0.0,0.5574771869559824,0.0,0.03333310864459147
mev70_eq,0.7,True,True,0.0,39,0.7000000000000054,0.1,0.0,0.0,0.5580869940114023,0.0,0.03290923113726902
mev70_eq,0.7,True,True,0.0,40,0.6999999999999923,0.1,0.0,0.0,0.5582587661681688,0.0,0.032837064358837466
mev70_eq,0.7,True,True,0.0,41,0.6999999999999768,0.1,0.0,0.0,0.558293112428888,0.0,0.03332269449873563
mev70_eq,0.7,True,True,0.0,42,0.7000000000000014,0.1,0.0,0.0,0.5600549353929007,0.0,0.03276234704677896
mev70_eq,0.7,True,True,0.0,43,0.7000000000000149,0.1,0.0,0.0,0.557669999446622,0.0,0.032921798902458284
mev70_eq,0.7,True,True,0.0,44,0.6999999999999896,0.1,0.0,0.0,0.5574891139352541,0.0,0.033239985327916714
mev70_eq,0.7,True,True,0.0,45,0.700000000000039,0.1,0.0,0.0,0.5578478377145693,0.0,0.033094379876331174
mev70_eq,0.7,True,True,0.0,46,0.6999999999999795,0.1,0.0,0.0,0.5572773320891501,0.0,0.03335007361805118
mev70_eq,0.7,True,True,0.0,47,0.6999999999999755,0.1,0.0,0.0,0.5586304156830008,0.0,0.032976088911000685
mev70_eq,0.7,True,True,0.0,48,0.6999999999999897,0.1,0.0,0.0,0.5591298769964798,0.0,0.0330762460976333
mev70_eq,0.7,True,True,0.0,49,0.6999999999999729,0.1,0.0,0.0,0.5586259697801125,0.0,0.03291440349365209
mev70_eq,0.7,True,True,0.15,0,0.7000000000000138,0.1,0.0,0.0,0.5588704626432035,0.0,0.032882798257826466
mev70_eq,0.7,True,True,0.15,1,0.7000000000000154,0.1,0.0,0.0,0.5579928566446776,0.0,0.0329301023632765
mev70_eq,0.7,True,True,0.15,2,0.6999999999999689,0.1,0.0,0.0,0.558572525971214,0.0,0.03324790670311913
mev70_eq,0.7,True,True,0.15,3,0.6999999999999764,0.1,0.0,0.0,0.559132252297804,0.0,0.03290042132507894
mev70_eq,0.7,True,True,0.15,4,0.6999999999999686,0.1,0.0,0.0,0.5590274319135804,0.0,0.03277443861382275
mev70_eq,0.7,True,True,0.15,5,0.699999999999979,0.1,0.0,0.0,0.5584456410414939,0.0,0.03291513966821168
mev70_eq,0.7,True,True,0.15,6,0.699999999999981,0.1,0.0,0.0,0.5574837338800147,0.0,0.03338542427595768
mev70_eq,0.7,True,True,0.15,7,0.6999999999999933,0.1,0.0,0.0,0.5599298060518579,0.0,0.032591927593428945
mev70_eq,0.7,True,True,0.15,8,0.7000000000000334,0.1,0.0,0.0,0.5593210723625942,0.0,0.03264121641116569
mev70_eq,0.7,True,True,0.15,9,0.700000000000004,0.1,0.0,0.0,0.5594742690504854,0.0,0.03272946128146268
mev70_eq,0.7,True,True,0.15,10,0.6999999999999835,0.1,0.0,0.0,0.5591893020150054,0.0,0.03266760995532989
mev70_eq,0.7,True,True,0.15,11,0.7000000000000282,0.1,0.0,0.0,0.5587127609781654,0.0,0.03306968641741297
mev70_eq,0.7,True,True,0.15,12,0.7000000000000379,0.1,0.0,0.0,0.5584942804082137,0.0,0.03286110294430188
mev70_eq,0.7,True,True,0.15,13,0.6999999999999738,0.1,0.0,0.0,0.5575349223656326,0.0,0.03314630068991415
mev70_eq,0.7,True,True,0.15,14,0.7000000000000008,0.1,0.0,0.0,0.5579848220276011,0.0,0.03304462071590319
mev70_eq,0.7,True,True,0.15,15,0.6999999999999806,0.1,0.0,0.0,0.5572298830355437,0.0,0.032879690788029804
mev70_eq,0.7,True,True,0.15,16,0.7000000000000076,0.1,0.0,0.0,0.5601546877201768,0.0,0.03268951048738474
mev70_eq,0.7,True,True,0.15,17,0.7000000000000126,0.1,0.0,0.0,0.5583052322297865,0.0,0.033136219794871975
mev70_eq,0.7,True,True,0.15,18,0.7000000000000051,0.1,0.0,0.0,0.5571471279916271,0.0,0.0331908356750553
mev70_eq,0.7,True,True,0.15,19,0.6999999999999893,0.1,0.0,0.0,0.5581507054624139,0.0,0.03312035690921734
mev70_eq,0.7,True,True,0.15,20,0.7000000000000068,0.1,0.0,0.0,0.5591321614731588,0.0,0.032796850464685216
mev70_eq,0.7,True,True,0.15,21,0.7000000000000044,0.1,0.0,0.0,0.5578119727761806,0.0,0.033065133020725106
mev70_eq,0.7,True,True,0.15,22,0.7000000000000217,0.1,0.0,0.0,0.558903654197487,0.0,0.0330477135684883
mev70_eq,0.7,True,True,0.15,23,0.7000000000000275,0.1,0.0,0.0,0.5582725606403091,0.0,0.03322937005562831
mev70_eq,0.7,True,True,0.15,24,0.7000000000000335,0.1,0.0,0.0,0.5591289188479078,0.0,0.032794099067930564
mev70_eq,0.7,True,True,0.15,25,0.6999999999999956,0.1,0.0,0.0,0.5570469627100539,0.0,0.03332103700792472
mev70_eq,0.7,True,True,0.15,26,0.700000000000017,0.1,0.0,0.0,0.5590008876990901,0.0,0.03284402818962872
mev70_eq,0.7,True,True,0.15,27,0.6999999999999632,0.1,0.0,0.0,0.5579338136126175,0.0,0.03319516716088273
mev70_eq,0.7,True,True,0.15,28,0.6999999999999915,0.1,0.0,0.0,0.5590192704014916,0.0,0.03286610623744108
mev70_eq,0.7,True,True,0.15,29,0.7000000000000302,0.1,0.0,0.0,0.5572912161793614,0.0,0.03327490864379653
mev70_eq,0.7,True,True,0.15,30,0.7000000000000185,0.1,0.0,0.0,0.5576334545819865,0.0,0.032939263062472905
mev70_eq,0.7,True,True,0.15,31,0.6999999999999736,0.1,0.0,0.0,0.5588294325963595,0.0,0.033012960895402683
mev70_eq,0.7,True,True,0.15,32,0.6999999999999598,0.1,0.0,0.0,0.5577960553309584,0.0,0.033132043262298884
mev70_eq,0.7,True,True,0.15,33,0.6999999999999991,0.1,0.0,0.0,0.5593167048987183,0.0,0.033021981997942616
mev70_eq,0.7,True,True,0.15,34,0.69999999999998,0.1,0.0,0.0,0.5578743363127873,0.0,0.03322605090168971
mev70_eq,0.7,True,True,0.15,35,0.7000000000000062,0.1,0.0,0.0,0.557246979241683,0.0,0.03300399611178687
mev70_eq,0.7,True,True,0.15,36,0.7000000000000006,0.1,0.0,0.0,0.5597867118259613,0.0,0.03273149736390648
mev70_eq,0.7,True,True,0.15,37,0.699999999999989,0.1,0.0,0.0,0.5592664784045539,0.0,0.03283727671135566
mev70_eq,0.7,True,True,0.15,38,0.6999999999999822,0.1,0.0,0.0,0.5574771869559824,0.0,0.03333310864459147
mev70_eq,0.7,True,True,0.15,39,0.7000000000000054,0.1,0.0,0.0,0.5580869940114023,0.0,0.03290923113726902
mev70_eq,0.7,True,True,0.15,40,0.6999999999999923,0.1,0.0,0.0,0.5582587661681688,0.0,0.032837064358837466
mev70_eq,0.7,True,True,0.15,41,0.6999999999999768,0.1,0.0,0.0,0.558293112428888,0.0,0.03332269449873563
mev70_eq,0.7,True,True,0.15,42,0.7000000000000014,0.1,0.0,0.0,0.5600549353929007,0.0,0.03276234704677896
mev70_eq,0.7,True,True,0.15,43,0.7000000000000149,0.1,0.0,0.0,0.557669999446622,0.0,0.032921798902458284
mev70_eq,0.7,True,True,0.15,44,0.6999999999999896,0.1,0.0,0.0,0.5574891139352541,0.0,0.033239985327916714
mev70_eq,0.7,True,True,0.15,45,0.700000000000039,0.1,0.0,0.0,0.5578478377145693,0.0,0.033094379876331174
mev70_eq,0.7,True,True,0.15,46,0.6999999999999795,0.1,0.0,0.0,0.5572773320891501,0.0,0.03335007361805118
mev70_eq,0.7,True,True,0.15,47,0.6999999999999755,0.1,0.0,0.0,0.5586304156830008,0.0,0.032976088911000685
mev70_eq,0.7,True,True,0.15,48,0.6999999999999897,0.1,0.0,0.0,0.5591298769964798,0.0,0.0330762460976333
mev70_eq,0.7,True,True,0.15,49,0.6999999999999729,0.1,0.0,0.0,0.5586259697801125,0.0,0.03291440349365209
mev70_eq,0.7,True,True,0.3,0,0.7000000000000138,0.1,0.0,0.0,0.5588704626432035,0.0,0.032882798257826466
mev70_eq,0.7,True,True,0.3,1,0.7000000000000154,0.1,0.0,0.0,0.5579928566446776,0.0,0.0329301023632765
mev70_eq,0.7,True,True,0.3,2,0.6999999999999689,0.1,0.0,0.0,0.558572525971214,0.0,0.03324790670311913
mev70_eq,0.7,True,True,0.3,3,0.6999999999999764,0.1,0.0,0.0,0.559132252297804,0.0,0.03290042132507894
mev70_eq,0.7,True,True,0.3,4,0.6999999999999686,0.1,0.0,0.0,0.5590274319135804,0.0,0.03277443861382275
mev70_eq,0.7,True,True,0.3,5,0.699999999999979,0.1,0.0,0.0,0.5584456410414939,0.0,0.03291513966821168
mev70_eq,0.7,True,True,0.3,6,0.699999999999981,0.1,0.0,0.0,0.5574837338800147,0.0,0.03338542427595768
mev70_eq,0.7,True,True,0.3,7,0.6999999999999933,0.1,0.0,0.0,0.5599298060518579,0.0,0.032591927593428945
mev70_eq,0.7,True,True,0.3,8,0.7000000000000334,0.1,0.0,0.0,0.5593210723625942,0.0,0.03264121641116569
mev70_eq,0.7,True,True,0.3,9,0.700000000000004,0.1,0.0,0.0,0.5594742690504854,0.0,0.03272946128146268
mev70_eq,0.7,True,True,0.3,10,0.6999999999999835,0.1,0.0,0.0,0.5591893020150054,0.0,0.03266760995532989
mev70_eq,0.7,True,True,0.3,11,0.7000000000000282,0.1,0.0,0.0,0.5587127609781654,0.0,0.03306968641741297
mev70_eq,0.7,True,True,0.3,12,0.7000000000000379,0.1,0.0,0.0,0.5584942804082137,0.0,0.03286110294430188
mev70_eq,0.7,True,True,0.3,13,0.6999999999999738,0.1,0.0,0.0,0.5575349223656326,0.0,0.03314630068991415
mev70_eq,0.7,True,True,0.3,14,0.7000000000000008,0.1,0.0,0.0,0.5579848220276011,0.0,0.03304462071590319
mev70_eq,0.7,True,True,0.3,15,0.6999999999999806,0.1,0.0,0.0,0.5572298830355437,0.0,0.032879690788029804
mev70_eq,0.7,True,True,0.3,16,0.7000000000000076,0.1,0.0,0.0,0.5601546877201768,0.0,0.03268951048738474
mev70_eq,0.7,True,True,0.3,17,0.7000000000000126,0.1,0.0,0.0,0.5583052322297865,0.0,0.033136219794871975
mev70_eq,0.7,True,True,0.3,18,0.7000000000000051,0.1,0.0,0.0,0.5571471279916271,0.0,0.0331908356750553
mev70_eq,0.7,True,True,0.3,19,0.6999999999999893,0.1,0.0,0.0,0.5581507054624139,0.0,0.03312035690921734
mev70_eq,0.7,True,True,0.3,20,0.7000000000000068,0.1,0.0,0.0,0.5591321614731588,0.0,0.032796850464685216
mev70_eq,0.7,True,True,0.3,21,0.7000000000000044,0.1,0.0,0.0,0.5578119727761806,0.0,0.033065133020725106
mev70_eq,0.7,True,True,0.3,22,0.7000000000000217,0.1,0.0,0.0,0.558903654197487,0.0,0.0330477135684883
mev70_eq,0.7,True,True,0.3,23,0.7000000000000275,0.1,0.0,0.0,0.5582725606403091,0.0,0.03322937005562831
mev70_eq,0.7,True,True,0.3,24,0.7000000000000335,0.1,0.0,0.0,0.5591289188479078,0.0,0.032794099067930564
mev70_eq,0.7,True,True,0.3,25,0.6999999999999956,0.1,0.0,0.0,0.5570469627100539,0.0,0.03332103700792472
mev70_eq,0.7,True,True,0.3,26,0.700000000000017,0.1,0.0,0.0,0.5590008876990901,0.0,0.03284402818962872
mev70_eq,0.7,True,True,0.3,27,0.6999999999999632,0.1,0.0,0.0,0.5579338136126175,0.0,0.03319516716088273
mev70_eq,0.7,True,True,0.3,28,0.6999999999999915,0.1,0.0,0.0,0.5590192704014916,0.0,0.03286610623744108
mev70_eq,0.7,True,True,0.3,29,0.7000000000000302,0.1,0.0,0.0,0.5572912161793614,0.0,0.03327490864379653
mev70_eq,0.7,True,True,0.3,30,0.7000000000000185,0.1,0.0,0.0,0.5576334545819865,0.0,0.032939263062472905
mev70_eq,0.7,True,True,0.3,31,0.6999999999999736,0.1,0.0,0.0,0.5588294325963595,0.0,0.033012960895402683
mev70_eq,0.7,True,True,0.3,32,0.6999999999999598,0.1,0.0,0.0,0.5577960553309584,0.0,0.033132043262298884
mev70_eq,0.7,True,True,0.3,33,0.6999999999999991,0.1,0.0,0.0,0.5593167048987183,0.0,0.033021981997942616
mev70_eq,0.7,True,True,0.3,34,0.69999999999998,0.1,0.0,0.0,0.5578743363127873,0.0,0.03322605090168971
mev70_eq,0.7,True,True,0.3,35,0.7000000000000062,0.1,0.0,0.0,0.557246979241683,0.0,0.03300399611178687
mev70_eq,0.7,True,True,0.3,36,0.7000000000000006,0.1,0.0,0.0,0.5597867118259613,0.0,0.03273149736390648
mev70_eq,0.7,True,True,0.3,37,0.699999999999989,0.1,0.0,0.0,0.5592664784045539,0.0,0.03283727671135566
mev70_eq,0.7,True,True,0.3,38,0.6999999999999822,0.1,0.0,0.0,0.5574771869559824,0.0,0.03333310864459147
mev70_eq,0.7,True,True,0.3,39,0.7000000000000054,0.1,0.0,0.0,0.5580869940114023,0.0,0.03290923113726902
mev70_eq,0.7,True,True,0.3,40,0.6999999999999923,0.1,0.0,0.0,0.5582587661681688,0.0,0.032837064358837466
mev70_eq,0.7,True,True,0.3,41,0.6999999999999768,0.1,0.0,0.0,0.558293112428888,0.0,0.03332269449873563
mev70_eq,0.7,True,True,0.3,42,0.7000000000000014,0.1,0.0,0.0,0.5600549353929007,0.0,0.03276234704677896
mev70_eq,0.7,True,True,0.3,43,0.7000000000000149,0.1,0.0,0.0,0.557669999446622,0.0,0.032921798902458284
mev70_eq,0.7,True,True,0.3,44,0.6999999999999896,0.1,0.0,0.0,0.5574891139352541,0.0,0.033239985327916714
mev70_eq,0.7,True,True,0.3,45,0.700000000000039,0.1,0.0,0.0,0.5578478377145693,0.0,0.033094379876331174
mev70_eq,0.7,True,True,0.3,46,0.6999999999999795,0.1,0.0,0.0,0.5572773320891501,0.0,0.03335007361805118
mev70_eq,0.7,True,True,0.3,47,0.6999999999999755,0.1,0.0,0.0,0.5586304156830008,0.0,0.032976088911000685
mev70_eq,0.7,True,True,0.3,48,0.6999999999999897,0.1,0.0,0.0,0.5591298769964798,0.0,0.0330762460976333
mev70_eq,0.7,True,True,0.3,49,0.6999999999999729,0.1,0.0,0.0,0.5586259697801125,0.0,0.03291440349365209
mev10_s70,0.1,False,False,0.0,0,0.1,0.6999999999999804,0.0,0.0,0.0,0.0,
mev10_s70,0.1,False,False,0.0,1,0.1,0.6999999999999653,0.0,0.0,0.0,0.0,
mev10_s70,0.1,False,False,0.0,2,0.1,0.7000000000000088,0.0,0.0,0.0,0.0,
mev10_s70,0.1,False,False,0.0,3,0.1,0.7000000000000419,0.0,0.0,0.0,0.0,
mev10_s70,0.1,False,False,0.0,4,0.1,0.6999999999999829,0.0,0.0,0.0,0.0,
mev10_s70,0.1,False,False,0.0,5,0.1,0.7000000000000207,0.0,0.0,0.0,0.0,
mev10_s70,0.1,False,False,0.0,6,0.1,0.6999999999999691,0.0,0.0,0.0,0.0,
mev10_s70,0.1,False,False,0.0,7,0.1,0.7000000000000063,0.0,0.0,0.0,0.0,
mev10_s70,0.1,False,False,0.0,8,0.1,0.6999999999999869,0.0,0.0,0.0,0.0,
mev10_s70,0.1,False,False,0.0,9,0.1,0.6999999999999791,0.0,0.0,0.0,0.0,
mev10_s70,0.1,False,False,0.0,10,0.1,0.7000000000000146,0.0,0.0,0.0,0.0,
mev10_s70,0.1,False,False,0.0,11,0.1,0.6999999999999621,0.0,0.0,0.0,0.0,
mev10_s70,0.1,False,False,0.0,12,0.1,0.6999999999999934,0.0,0.0,0.0,0.0,
mev10_s70,0.1,False,False,0.0,13,0.1,0.6999999999999985,0.0,0.0,0.0,0.0,
mev10_s70,0.1,False,False,0.0,14,0.1,0.7000000000000404,0.0,0.0,0.0,0.0,
mev10_s70,0.1,False,False,0.0,15,0.1,0.6999999999999678,0.0,0.0,0.0,0.0,
mev10_s70,0.1,False,False,0.0,16,0.1,0.7000000000000011,0.0,0.0,0.0,0.0,
mev10_s70,0.1,False,False,0.0,17,0.1,0.7000000000000323,0.0,0.0,0.0,0.0,
mev10_s70,0.1,False,False,0.0,18,0.1,0.700000000000041,0.0,0.0,0.0,0.0,
mev10_s70,0.1,False,False,0.0,19,0.1,0.7000000000000406,0.0,0.0,0.0,0.0,
mev10_s70,0.1,False,False,0.0,20,0.1,0.6999999999999844,0.0,0.0,0.0,0.0,
mev10_s70,0.1,False,False,0.0,21,0.1,0.6999999999999995,0.0,0.0,0.0,0.0,
mev10_s70,0.1,False,False,0.0,22,0.1,0.7000000000000206,0.0,0.0,0.0,0.0,
mev10_s70,0.1,False,False,0.0,23,0.1,0.6999999999999849,0.0,0.0,0.0,0.0,
mev10_s70,0.1,False,False,0.0,24,0.1,0.7000000000000133,0.0,0.0,0.0,0.0,
mev10_s70,0.1,False,False,0.0,25,0.1,0.7000000000000304,0.0,0.0,0.0,0.0,
mev10_s70,0.1,False,False,0.0,26,0.1,0.7000000000000166,0.0,0.0,0.0,0.0,
mev10_s70,0.1,False,False,0.0,27,0.1,0.700000000000023,0.0,0.0,0.0,0.0,
mev10_s70,0.1,False,False,0.0,28,0.1,0.6999999999999673,0.0,0.0,0.0,0.0,
mev10_s70,0.1,False,False,0.0,29,0.1,0.6999999999999703,0.0,0.0,0.0,0.0,
mev10_s70,0.1,False,False,0.0,30,0.1,0.6999999999999726,0.0,0.0,0.0,0.0,
mev10_s70,0.1,False,False,0.0,31,0.1,0.7000000000000277,0.0,0.0,0.0,0.0,
mev10_s70,0.1,False,False,0.0,32,0.1,0.7000000000000256,0.0,0.0,0.0,0.0,
mev10_s70,0.1,False,False,0.0,33,0.1,0.6999999999999841,0.0,0.0,0.0,0.0,
mev10_s70,0.1,False,False,0.0,34,0.1,0.6999999999999633,0.0,0.0,0.0,0.0,
mev10_s70,0.1,False,False,0.0,35,0.1,0.7000000000000093,0.0,0.0,0.0,0.0,
mev10_s70,0.1,False,False,0.0,36,0.1,0.6999999999999796,0.0,0.0,0.0,0.0,
mev10_s70,0.1,False,False,0.0,37,0.1,0.6999999999999811,0.0,0.0,0.0,0.0,
mev10_s70,0.1,False,False,0.0,38,0.1,0.700000000000018,0.0,0.0,0.0,0.0,
mev10_s70,0.1,False,False,0.0,39,0.1,0.700000000000007,0.0,0.0,0.0,0.0,
mev10_s70,0.1,False,False,0.0,40,0.1,0.7000000000000177,0.0,0.0,0.0,0.0,
mev10_s70,0.1,False,False,0.0,41,0.1,0.7000000000000373,0.0,0.0,0.0,0.0,
mev10_s70,0.1,False,False,0.0,42,0.1,0.6999999999999731,0.0,0.0,0.0,0.0,
mev10_s70,0.1,False,False,0.0,43,0.1,0.7000000000000357,0.0,0.0,0.0,0.0,
mev10_s70,0.1,False,False,0.0,44,0.1,0.6999999999999902,0.0,0.0,0.0,0.0,
mev10_s70,0.1,False,False,0.0,45,0.1,0.7000000000000369,0.0,0.0,0.0,0.0,
mev10_s70,0.1,False,False,0.0,46,0.1,0.6999999999999946,0.0,0.0,0.0,0.0,
mev10_s70,0.1,False,False,0.0,47,0.1,0.6999999999999714,0.0,0.0,0.0,0.0,
mev10_s70,0.1,False,False,0.0,48,0.1,0.6999999999999745,0.0,0.0,0.0,0.0,
mev10_s70,0.1,False,False,0.0,49,0.1,0.7000000000000285,0.0,0.0,0.0,0.0,
mev10_s70,0.1,False,False,0.15,0,0.1,0.6999999999999804,0.0,0.0,0.0,0.0,
mev10_s70,0.1,False,False,0.15,1,0.1,0.6999999999999653,0.0,0.0,0.0,0.0,
mev10_s70,0.1,False,False,0.15,2,0.1,0.7000000000000088,0.0,0.0,0.0,0.0,
mev10_s70,0.1,False,False,0.15,3,0.1,0.7000000000000419,0.0,0.0,0.0,0.0,
mev10_s70,0.1,False,False,0.15,4,0.1,0.6999999999999829,0.0,0.0,0.0,0.0,
mev10_s70,0.1,False,False,0.15,5,0.1,0.7000000000000207,0.0,0.0,0.0,0.0,
mev10_s70,0.1,False,False,0.15,6,0.1,0.6999999999999691,0.0,0.0,0.0,0.0,
mev10_s70,0.1,False,False,0.15,7,0.1,0.7000000000000063,0.0,0.0,0.0,0.0,
mev10_s70,0.1,False,False,0.15,8,0.1,0.6999999999999869,0.0,0.0,0.0,0.0,
mev10_s70,0.1,False,False,0.15,9,0.1,0.6999999999999791,0.0,0.0,0.0,0.0,
mev10_s70,0.1,False,False,0.15,10,0.1,0.7000000000000146,0.0,0.0,0.0,0.0,
mev10_s70,0.1,False,False,0.15,11,0.1,0.6999999999999621,0.0,0.0,0.0,0.0,
mev10_s70,0.1,False,False,0.15,12,0.1,0.6999999999999934,0.0,0.0,0.0,0.0,
mev10_s70,0.1,False,False,0.15,13,0.1,0.6999999999999985,0.0,0.0,0.0,0.0,
mev10_s70,0.1,False,False,0.15,14,0.1,0.7000000000000404,0.0,0.0,0.0,0.0,
mev10_s70,0.1,False,False,0.15,15,0.1,0.6999999999999678,0.0,0.0,0.0,0.0,
mev10_s70,0.1,False,False,0.15,16,0.1,0.7000000000000011,0.0,0.0,0.0,0.0,
mev10_s70,0.1,False,False,0.15,17,0.1,0.7000000000000323,0.0,0.0,0.0,0.0,
mev10_s70,0.1,False,False,0.15,18,0.1,0.700000000000041,0.0,0.0,0.0,0.0,
mev10_s70,0.1,False,False,0.15,19,0.1,0.7000000000000406,0.0,0.0,0.0,0.0,
mev10_s70,0.1,False,False,0.15,20,0.1,0.6999999999999844,0.0,0.0,0.0,0.0,
mev10_s70,0.1,False,False,0.15,21,0.1,0.6999999999999995,0.0,0.0,0.0,0.0,
mev10_s70,0.1,False,False,0.15,22,0.1,0.7000000000000206,0.0,0.0,0.0,0.0,
mev10_s70,0.1,False,False,0.15,23,0.1,0.6999999999999849,0.0,0.0,0.0,0.0,
mev10_s70,0.1,False,False,0.15,24,0.1,0.7000000000000133,0.0,0.0,0.0,0.0,
mev10_s70,0.1,False,False,0.15,25,0.1,0.7000000000000304,0.0,0.0,0.0,0.0,
mev10_s70,0.1,False,False,0.15,26,0.1,0.7000000000000166,0.0,0.0,0.0,0.0,
mev10_s70,0.1,False,False,0.15,27,0.1,0.700000000000023,0.0,0.0,0.0,0.0,
mev10_s70,0.1,False,False,0.15,28,0.1,0.6999999999999673,0.0,0.0,0.0,0.0,
mev10_s70,0.1,False,False,0.15,29,0.1,0.6999999999999703,0.0,0.0,0.0,0.0,
mev10_s70,0.1,False,False,0.15,30,0.1,0.6999999999999726,0.0,0.0,0.0,0.0,
mev10_s70,0.1,False,False,0.15,31,0.1,0.7000000000000277,0.0,0.0,0.0,0.0,
mev10_s70,0.1,False,False,0.15,32,0.1,0.7000000000000256,0.0,0.0,0.0,0.0,
mev10_s70,0.1,False,False,0.15,33,0.1,0.6999999999999841,0.0,0.0,0.0,0.0,
mev10_s70,0.1,False,False,0.15,34,0.1,0.6999999999999633,0.0,0.0,0.0,0.0,
mev10_s70,0.1,False,False,0.15,35,0.1,0.7000000000000093,0.0,0.0,0.0,0.0,
mev10_s70,0.1,False,False,0.15,36,0.1,0.6999999999999796,0.0,0.0,0.0,0.0,
mev10_s70,0.1,False,False,0.15,37,0.1,0.6999999999999811,0.0,0.0,0.0,0.0,
mev10_s70,0.1,False,False,0.15,38,0.1,0.700000000000018,0.0,0.0,0.0,0.0,
mev10_s70,0.1,False,False,0.15,39,0.1,0.700000000000007,0.0,0.0,0.0,0.0,
mev10_s70,0.1,False,False,0.15,40,0.1,0.7000000000000177,0.0,0.0,0.0,0.0,
mev10_s70,0.1,False,False,0.15,41,0.1,0.7000000000000373,0.0,0.0,0.0,0.0,
mev10_s70,0.1,False,False,0.15,42,0.1,0.6999999999999731,0.0,0.0,0.0,0.0,
mev10_s70,0.1,False,False,0.15,43,0.1,0.7000000000000357,0.0,0.0,0.0,0.0,
mev10_s70,0.1,False,False,0.15,44,0.1,0.6999999999999902,0.0,0.0,0.0,0.0,
mev10_s70,0.1,False,False,0.15,45,0.1,0.7000000000000369,0.0,0.0,0.0,0.0,
mev10_s70,0.1,False,False,0.15,46,0.1,0.6999999999999946,0.0,0.0,0.0,0.0,
mev10_s70,0.1,False,False,0.15,47,0.1,0.6999999999999714,0.0,0.0,0.0,0.0,
mev10_s70,0.1,False,False,0.15,48,0.1,0.6999999999999745,0.0,0.0,0.0,0.0,
mev10_s70,0.1,False,False,0.15,49,0.1,0.7000000000000285,0.0,0.0,0.0,0.0,
mev10_s70,0.1,False,False,0.3,0,0.1,0.6999999999999804,0.0,0.0,0.0,0.0,
mev10_s70,0.1,False,False,0.3,1,0.1,0.6999999999999653,0.0,0.0,0.0,0.0,
mev10_s70,0.1,False,False,0.3,2,0.1,0.7000000000000088,0.0,0.0,0.0,0.0,
mev10_s70,0.1,False,False,0.3,3,0.1,0.7000000000000419,0.0,0.0,0.0,0.0,
mev10_s70,0.1,False,False,0.3,4,0.1,0.6999999999999829,0.0,0.0,0.0,0.0,
mev10_s70,0.1,False,False,0.3,5,0.1,0.7000000000000207,0.0,0.0,0.0,0.0,
mev10_s70,0.1,False,False,0.3,6,0.1,0.6999999999999691,0.0,0.0,0.0,0.0,
mev10_s70,0.1,False,False,0.3,7,0.1,0.7000000000000063,0.0,0.0,0.0,0.0,
mev10_s70,0.1,False,False,0.3,8,0.1,0.6999999999999869,0.0,0.0,0.0,0.0,
mev10_s70,0.1,False,False,0.3,9,0.1,0.6999999999999791,0.0,0.0,0.0,0.0,
mev10_s70,0.1,False,False,0.3,10,0.1,0.7000000000000146,0.0,0.0,0.0,0.0,
mev10_s70,0.1,False,False,0.3,11,0.1,0.6999999999999621,0.0,0.0,0.0,0.0,
mev10_s70,0.1,False,False,0.3,12,0.1,0.6999999999999934,0.0,0.0,0.0,0.0,
mev10_s70,0.1,False,False,0.3,13,0.1,0.6999999999999985,0.0,0.0,0.0,0.0,
mev10_s70,0.1,False,False,0.3,14,0.1,0.7000000000000404,0.0,0.0,0.0,0.0,
mev10_s70,0.1,False,False,0.3,15,0.1,0.6999999999999678,0.0,0.0,0.0,0.0,
mev10_s70,0.1,False,False,0.3,16,0.1,0.7000000000000011,0.0,0.0,0.0,0.0,
mev10_s70,0.1,False,False,0.3,17,0.1,0.7000000000000323,0.0,0.0,0.0,0.0,
mev10_s70,0.1,False,False,0.3,18,0.1,0.700000000000041,0.0,0.0,0.0,0.0,
mev10_s70,0.1,False,False,0.3,19,0.1,0.7000000000000406,0.0,0.0,0.0,0.0,
mev10_s70,0.1,False,False,0.3,20,0.1,0.6999999999999844,0.0,0.0,0.0,0.0,
mev10_s70,0.1,False,False,0.3,21,0.1,0.6999999999999995,0.0,0.0,0.0,0.0,
mev10_s70,0.1,False,False,0.3,22,0.1,0.7000000000000206,0.0,0.0,0.0,0.0,
mev10_s70,0.1,False,False,0.3,23,0.1,0.6999999999999849,0.0,0.0,0.0,0.0,
mev10_s70,0.1,False,False,0.3,24,0.1,0.7000000000000133,0.0,0.0,0.0,0.0,
mev10_s70,0.1,False,False,0.3,25,0.1,0.7000000000000304,0.0,0.0,0.0,0.0,
mev10_s70,0.1,False,False,0.3,26,0.1,0.7000000000000166,0.0,0.0,0.0,0.0,
mev10_s70,0.1,False,False,0.3,27,0.1,0.700000000000023,0.0,0.0,0.0,0.0,
mev10_s70,0.1,False,False,0.3,28,0.1,0.6999999999999673,0.0,0.0,0.0,0.0,
mev10_s70,0.1,False,False,0.3,29,0.1,0.6999999999999703,0.0,0.0,0.0,0.0,
mev10_s70,0.1,False,False,0.3,30,0.1,0.6999999999999726,0.0,0.0,0.0,0.0,
mev10_s70,0.1,False,False,0.3,31,0.1,0.7000000000000277,0.0,0.0,0.0,0.0,
mev10_s70,0.1,False,False,0.3,32,0.1,0.7000000000000256,0.0,0.0,0.0,0.0,
mev10_s70,0.1,False,False,0.3,33,0.1,0.6999999999999841,0.0,0.0,0.0,0.0,
mev10_s70,0.1,False,False,0.3,34,0.1,0.6999999999999633,0.0,0.0,0.0,0.0,
mev10_s70,0.1,False,False,0.3,35,0.1,0.7000000000000093,0.0,0.0,0.0,0.0,
mev10_s70,0.1,False,False,0.3,36,0.1,0.6999999999999796,0.0,0.0,0.0,0.0,
mev10_s70,0.1,False,False,0.3,37,0.1,0.6999999999999811,0.0,0.0,0.0,0.0,
mev10_s70,0.1,False,False,0.3,38,0.1,0.700000000000018,0.0,0.0,0.0,0.0,
mev10_s70,0.1,False,False,0.3,39,0.1,0.700000000000007,0.0,0.0,0.0,0.0,
mev10_s70,0.1,False,False,0.3,40,0.1,0.7000000000000177,0.0,0.0,0.0,0.0,
mev10_s70,0.1,False,False,0.3,41,0.1,0.7000000000000373,0.0,0.0,0.0,0.0,
mev10_s70,0.1,False,False,0.3,42,0.1,0.6999999999999731,0.0,0.0,0.0,0.0,
mev10_s70,0.1,False,False,0.3,43,0.1,0.7000000000000357,0.0,0.0,0.0,0.0,
mev10_s70,0.1,False,False,0.3,44,0.1,0.6999999999999902,0.0,0.0,0.0,0.0,
mev10_s70,0.1,False,False,0.3,45,0.1,0.7000000000000369,0.0,0.0,0.0,0.0,
mev10_s70,0.1,False,False,0.3,46,0.1,0.6999999999999946,0.0,0.0,0.0,0.0,
mev10_s70,0.1,False,False,0.3,47,0.1,0.6999999999999714,0.0,0.0,0.0,0.0,
mev10_s70,0.1,False,False,0.3,48,0.1,0.6999999999999745,0.0,0.0,0.0,0.0,
mev10_s70,0.1,False,False,0.3,49,0.1,0.7000000000000285,0.0,0.0,0.0,0.0,
mev10_s70,0.1,False,True,0.0,0,0.1,0.6999999999999804,0.0,0.0,0.15324529677213647,0.0,0.03114491146987499
mev10_s70,0.1,False,True,0.0,1,0.1,0.6999999999999653,0.0,0.0,0.15312100929021663,0.0,0.0454324695636779
mev10_s70,0.1,False,True,0.0,2,0.1,0.7000000000000088,0.0,0.0,0.1519535004093268,0.0,0.04288612896448654
mev10_s70,0.1,False,True,0.0,3,0.1,0.7000000000000419,0.0,0.0,0.15811383104776483,0.0,0.02794769240855309
mev10_s70,0.1,False,True,0.0,4,0.1,0.6999999999999829,0.0,0.0,0.15465561824654195,0.0,0.03692960359341533
mev10_s70,0.1,False,True,0.0,5,0.1,0.7000000000000207,0.0,0.0,0.15193093705433933,0.0,0.03644407438796499
mev10_s70,0.1,False,True,0.0,6,0.1,0.6999999999999691,0.0,0.0,0.15305396075380936,0.0,0.03238548093526038
mev10_s70,0.1,False,True,0.0,7,0.1,0.7000000000000063,0.0,0.0,0.15709036038052618,0.0,0.04033299728727711
mev10_s70,0.1,False,True,0.0,8,0.1,0.6999999999999869,0.0,0.0,0.15702161468898088,0.0,0.05087039576773957
mev10_s70,0.1,False,True,0.0,9,0.1,0.6999999999999791,0.0,0.0,0.1535869504990898,0.0,0.030779410197948137
mev10_s70,0.1,False,True,0.0,10,0.1,0.7000000000000146,0.0,0.0,0.15126717462543793,0.0,0.027336035517362564
mev10_s70,0.1,False,True,0.0,11,0.1,0.6999999999999621,0.0,0.0,0.15579699643571657,0.0,0.03203391429354758
mev10_s70,0.1,False,True,0.0,12,0.1,0.6999999999999934,0.0,0.0,0.15340726949187716,0.0,0.042143644457190085
mev10_s70,0.1,False,True,0.0,13,0.1,0.6999999999999985,0.0,0.0,0.15392133380614886,0.0,0.026493339546961925
mev10_s70,0.1,False,True,0.0,14,0.1,0.7000000000000404,0.0,0.0,0.15190450324977375,0.0,0.03989610659332882
mev10_s70,0.1,False,True,0.0,15,0.1,0.6999999999999678,0.0,0.0,0.15389832055765504,0.0,0.030033168122265808
mev10_s70,0.1,False,True,0.0,16,0.1,0.7000000000000011,0.0,0.0,0.1572106262508102,0.0,0.03377223803168953
mev10_s70,0.1,False,True,0.0,17,0.1,0.7000000000000323,0.0,0.0,0.15192066119222725,0.0,0.02989582986698453
mev10_s70,0.1,False,True,0.0,18,0.1,0.700000000000041,0.0,0.0,0.15419065333717724,0.0,0.037759605484633016
mev10_s70,0.1,False,True,0.0,19,0.1,0.7000000000000406,0.0,0.0,0.15657869137645425,0.0,0.04112524041328799
mev10_s70,0.1,False,True,0.0,20,0.1,0.6999999999999844,0.0,0.0,0.15428742121965178,0.0,0.04024113729079685
mev10_s70,0.1,False,True,0.0,21,0.1,0.6999999999999995,0.0,0.0,0.1541759282622944,0.0,0.03576889504627042
mev10_s70,0.1,False,True,0.0,22,0.1,0.7000000000000206,0.0,0.0,0.15081649207341158,0.0,0.03881795301660051
mev10_s70,0.1,False,True,0.0,23,0.1,0.6999999999999849,0.0,0.0,0.15560262192492555,0.0,0.03698819493338709
mev10_s70,0.1,False,True,0.0,24,0.1,0.7000000000000133,0.0,0.0,0.15474478409327566,0.0,0.04094312719534806
mev10_s70,0.1,False,True,0.0,25,0.1,0.7000000000000304,0.0,0.0,0.1574948111765787,0.0,0.03557691333819918
mev10_s70,0.1,False,True,0.0,26,0.1,0.7000000000000166,0.0,0.0,0.1539048921244592,0.0,0.03600413541897022
mev10_s70,0.1,False,True,0.0,27,0.1,0.700000000000023,0.0,0.0,0.1551190994777701,0.0,0.042446242776274734
mev10_s70,0.1,False,True,0.0,28,0.1,0.6999999999999673,0.0,0.0,0.15078727580702958,0.0,0.04007192469859884
mev10_s70,0.1,False,True,0.0,29,0.1,0.6999999999999703,0.0,0.0,0.1557551025986217,0.0,0.028892860761546985
mev10_s70,0.1,False,True,0.0,30,0.1,0.6999999999999726,0.0,0.0,0.15644633840426145,0.0,0.03823960843074358
mev10_s70,0.1,False,True,0.0,31,0.1,0.7000000000000277,0.0,0.0,0.1534810139980733,0.0,0.03212980243395135
mev10_s70,0.1,False,True,0.0,32,0.1,0.7000000000000256,0.0,0.0,0.1563841612280617,0.0,0.0445728137642791
mev10_s70,0.1,False,True,0.0,33,0.1,0.6999999999999841,0.0,0.0,0.15706258936165648,0.0,0.027629969103563426
mev10_s70,0.1,False,True,0.0,34,0.1,0.6999999999999633,0.0,0.0,0.1529734114792615,0.0,0.030593638028781817
mev10_s70,0.1,False,True,0.0,35,0.1,0.7000000000000093,0.0,0.0,0.1527495704210415,0.0,0.046366047041055236
mev10_s70,0.1,False,True,0.0,36,0.1,0.6999999999999796,0.0,0.0,0.15261064861397325,0.0,0.037554145222961334
mev10_s70,0.1,False,True,0.0,37,0.1,0.6999999999999811,0.0,0.0,0.15107866161150327,0.0,0.02865874997467193
mev10_s70,0.1,False,True,0.0,38,0.1,0.700000000000018,0.0,0.0,0.15605132518120063,0.0,0.02974446654921284
mev10_s70,0.1,False,True,0.0,39,0.1,0.700000000000007,0.0,0.0,0.1510372094981329,0.0,0.02915898727728678
mev10_s70,0.1,False,True,0.0,40,0.1,0.7000000000000177,0.0,0.0,0.15618230379283607,0.0,0.04477841134611754
mev10_s70,0.1,False,True,0.0,41,0.1,0.7000000000000373,0.0,0.0,0.15704270035358847,0.0,0.038873204540889175
mev10_s70,0.1,False,True,0.0,42,0.1,0.6999999999999731,0.0,0.0,0.15366401880378075,0.0,0.04468323228599495
mev10_s70,0.1,False,True,0.0,43,0.1,0.7000000000000357,0.0,0.0,0.15149789321367382,0.0,0.022874448001799677
mev10_s70,0.1,False,True,0.0,44,0.1,0.6999999999999902,0.0,0.0,0.154663712624338,0.0,0.034409489634833826
mev10_s70,0.1,False,True,0.0,45,0.1,0.7000000000000369,0.0,0.0,0.15408458952170564,0.0,0.04098340110268796
mev10_s70,0.1,False,True,0.0,46,0.1,0.6999999999999946,0.0,0.0,0.15742806219620542,0.0,0.03753265199204204
mev10_s70,0.1,False,True,0.0,47,0.1,0.6999999999999714,0.0,0.0,0.1562805488164678,0.0,0.03978887384407585
mev10_s70,0.1,False,True,0.0,48,0.1,0.6999999999999745,0.0,0.0,0.1527265109414751,0.0,0.030973031434927543
mev10_s70,0.1,False,True,0.0,49,0.1,0.7000000000000285,0.0,0.0,0.15381189543524373,0.0,0.03466503185401953
mev10_s70,0.1,False,True,0.15,0,0.1,0.6999999999999804,0.0,0.0,0.15324529677213647,0.0,0.03114491146987499
mev10_s70,0.1,False,True,0.15,1,0.1,0.6999999999999653,0.0,0.0,0.15312100929021663,0.0,0.0454324695636779
mev10_s70,0.1,False,True,0.15,2,0.1,0.7000000000000088,0.0,0.0,0.1519535004093268,0.0,0.04288612896448654
mev10_s70,0.1,False,True,0.15,3,0.1,0.7000000000000419,0.0,0.0,0.15811383104776483,0.0,0.02794769240855309
mev10_s70,0.1,False,True,0.15,4,0.1,0.6999999999999829,0.0,0.0,0.15465561824654195,0.0,0.03692960359341533
mev10_s70,0.1,False,True,0.15,5,0.1,0.7000000000000207,0.0,0.0,0.15193093705433933,0.0,0.03644407438796499
mev10_s70,0.1,False,True,0.15,6,0.1,0.6999999999999691,0.0,0.0,0.15305396075380936,0.0,0.03238548093526038
mev10_s70,0.1,False,True,0.15,7,0.1,0.7000000000000063,0.0,0.0,0.15709036038052618,0.0,0.04033299728727711
mev10_s70,0.1,False,True,0.15,8,0.1,0.6999999999999869,0.0,0.0,0.15702161468898088,0.0,0.05087039576773957
mev10_s70,0.1,False,True,0.15,9,0.1,0.6999999999999791,0.0,0.0,0.1535869504990898,0.0,0.030779410197948137
mev10_s70,0.1,False,True,0.15,10,0.1,0.7000000000000146,0.0,0.0,0.15126717462543793,0.0,0.027336035517362564
mev10_s70,0.1,False,True,0.15,11,0.1,0.6999999999999621,0.0,0.0,0.15579699643571657,0.0,0.03203391429354758
mev10_s70,0.1,False,True,0.15,12,0.1,0.6999999999999934,0.0,0.0,0.15340726949187716,0.0,0.042143644457190085
mev10_s70,0.1,False,True,0.15,13,0.1,0.6999999999999985,0.0,0.0,0.15392133380614886,0.0,0.026493339546961925
mev10_s70,0.1,False,True,0.15,14,0.1,0.7000000000000404,0.0,0.0,0.15190450324977375,0.0,0.03989610659332882
mev10_s70,0.1,False,True,0.15,15,0.1,0.6999999999999678,0.0,0.0,0.15389832055765504,0.0,0.030033168122265808
mev10_s70,0.1,False,True,0.15,16,0.1,0.7000000000000011,0.0,0.0,0.1572106262508102,0.0,0.03377223803168953
mev10_s70,0.1,False,True,0.15,17,0.1,0.7000000000000323,0.0,0.0,0.15192066119222725,0.0,0.02989582986698453
mev10_s70,0.1,False,True,0.15,18,0.1,0.700000000000041,0.0,0.0,0.15419065333717724,0.0,0.037759605484633016
mev10_s70,0.1,False,True,0.15,19,0.1,0.7000000000000406,0.0,0.0,0.15657869137645425,0.0,0.04112524041328799
mev10_s70,0.1,False,True,0.15,20,0.1,0.6999999999999844,0.0,0.0,0.15428742121965178,0.0,0.04024113729079685
mev10_s70,0.1,False,True,0.15,21,0.1,0.6999999999999995,0.0,0.0,0.1541759282622944,0.0,0.03576889504627042
mev10_s70,0.1,False,True,0.15,22,0.1,0.7000000000000206,0.0,0.0,0.15081649207341158,0.0,0.03881795301660051
mev10_s70,0.1,False,True,0.15,23,0.1,0.6999999999999849,0.0,0.0,0.15560262192492555,0.0,0.03698819493338709
mev10_s70,0.1,False,True,0.15,24,0.1,0.7000000000000133,0.0,0.0,0.15474478409327566,0.0,0.04094312719534806
mev10_s70,0.1,False,True,0.15,25,0.1,0.7000000000000304,0.0,0.0,0.1574948111765787,0.0,0.03557691333819918
mev10_s70,0.1,False,True,0.15,26,0.1,0.7000000000000166,0.0,0.0,0.1539048921244592,0.0,0.03600413541897022
mev10_s70,0.1,False,True,0.15,27,0.1,0.700000000000023,0.0,0.0,0.1551190994777701,0.0,0.042446242776274734
mev10_s70,0.1,False,True,0.15,28,0.1,0.6999999999999673,0.0,0.0,0.15078727580702958,0.0,0.04007192469859884
mev10_s70,0.1,False,True,0.15,29,0.1,0.6999999999999703,0.0,0.0,0.1557551025986217,0.0,0.028892860761546985
mev10_s70,0.1,False,True,0.15,30,0.1,0.6999999999999726,0.0,0.0,0.15644633840426145,0.0,0.03823960843074358
mev10_s70,0.1,False,True,0.15,31,0.1,0.7000000000000277,0.0,0.0,0.1534810139980733,0.0,0.03212980243395135
mev10_s70,0.1,False,True,0.15,32,0.1,0.7000000000000256,0.0,0.0,0.1563841612280617,0.0,0.0445728137642791
mev10_s70,0.1,False,True,0.15,33,0.1,0.6999999999999841,0.0,0.0,0.15706258936165648,0.0,0.027629969103563426
mev10_s70,0.1,False,True,0.15,34,0.1,0.6999999999999633,0.0,0.0,0.1529734114792615,0.0,0.030593638028781817
mev10_s70,0.1,False,True,0.15,35,0.1,0.7000000000000093,0.0,0.0,0.1527495704210415,0.0,0.046366047041055236
mev10_s70,0.1,False,True,0.15,36,0.1,0.6999999999999796,0.0,0.0,0.15261064861397325,0.0,0.037554145222961334
mev10_s70,0.1,False,True,0.15,37,0.1,0.6999999999999811,0.0,0.0,0.15107866161150327,0.0,0.02865874997467193
mev10_s70,0.1,False,True,0.15,38,0.1,0.700000000000018,0.0,0.0,0.15605132518120063,0.0,0.02974446654921284
mev10_s70,0.1,False,True,0.15,39,0.1,0.700000000000007,0.0,0.0,0.1510372094981329,0.0,0.02915898727728678
mev10_s70,0.1,False,True,0.15,40,0.1,0.7000000000000177,0.0,0.0,0.15618230379283607,0.0,0.04477841134611754
mev10_s70,0.1,False,True,0.15,41,0.1,0.7000000000000373,0.0,0.0,0.15704270035358847,0.0,0.038873204540889175
mev10_s70,0.1,False,True,0.15,42,0.1,0.6999999999999731,0.0,0.0,0.15366401880378075,0.0,0.04468323228599495
mev10_s70,0.1,False,True,0.15,43,0.1,0.7000000000000357,0.0,0.0,0.15149789321367382,0.0,0.022874448001799677
mev10_s70,0.1,False,True,0.15,44,0.1,0.6999999999999902,0.0,0.0,0.154663712624338,0.0,0.034409489634833826
mev10_s70,0.1,False,True,0.15,45,0.1,0.7000000000000369,0.0,0.0,0.15408458952170564,0.0,0.04098340110268796
mev10_s70,0.1,False,True,0.15,46,0.1,0.6999999999999946,0.0,0.0,0.15742806219620542,0.0,0.03753265199204204
mev10_s70,0.1,False,True,0.15,47,0.1,0.6999999999999714,0.0,0.0,0.1562805488164678,0.0,0.03978887384407585
mev10_s70,0.1,False,True,0.15,48,0.1,0.6999999999999745,0.0,0.0,0.1527265109414751,0.0,0.030973031434927543
mev10_s70,0.1,False,True,0.15,49,0.1,0.7000000000000285,0.0,0.0,0.15381189543524373,0.0,0.03466503185401953
mev10_s70,0.1,False,True,0.3,0,0.1,0.6999999999999804,0.0,0.0,0.15324529677213647,0.0,0.03114491146987499
mev10_s70,0.1,False,True,0.3,1,0.1,0.6999999999999653,0.0,0.0,0.15312100929021663,0.0,0.0454324695636779
mev10_s70,0.1,False,True,0.3,2,0.1,0.7000000000000088,0.0,0.0,0.1519535004093268,0.0,0.04288612896448654
mev10_s70,0.1,False,True,0.3,3,0.1,0.7000000000000419,0.0,0.0,0.15811383104776483,0.0,0.02794769240855309
mev10_s70,0.1,False,True,0.3,4,0.1,0.6999999999999829,0.0,0.0,0.15465561824654195,0.0,0.03692960359341533
mev10_s70,0.1,False,True,0.3,5,0.1,0.7000000000000207,0.0,0.0,0.15193093705433933,0.0,0.03644407438796499
mev10_s70,0.1,False,True,0.3,6,0.1,0.6999999999999691,0.0,0.0,0.15305396075380936,0.0,0.03238548093526038
mev10_s70,0.1,False,True,0.3,7,0.1,0.7000000000000063,0.0,0.0,0.15709036038052618,0.0,0.04033299728727711
mev10_s70,0.1,False,True,0.3,8,0.1,0.6999999999999869,0.0,0.0,0.15702161468898088,0.0,0.05087039576773957
mev10_s70,0.1,False,True,0.3,9,0.1,0.6999999999999791,0.0,0.0,0.1535869504990898,0.0,0.030779410197948137
mev10_s70,0.1,False,True,0.3,10,0.1,0.7000000000000146,0.0,0.0,0.15126717462543793,0.0,0.027336035517362564
mev10_s70,0.1,False,True,0.3,11,0.1,0.6999999999999621,0.0,0.0,0.15579699643571657,0.0,0.03203391429354758
mev10_s70,0.1,False,True,0.3,12,0.1,0.6999999999999934,0.0,0.0,0.15340726949187716,0.0,0.042143644457190085
mev10_s70,0.1,False,True,0.3,13,0.1,0.6999999999999985,0.0,0.0,0.15392133380614886,0.0,0.026493339546961925
mev10_s70,0.1,False,True,0.3,14,0.1,0.7000000000000404,0.0,0.0,0.15190450324977375,0.0,0.03989610659332882
mev10_s70,0.1,False,True,0.3,15,0.1,0.6999999999999678,0.0,0.0,0.15389832055765504,0.0,0.030033168122265808
mev10_s70,0.1,False,True,0.3,16,0.1,0.7000000000000011,0.0,0.0,0.1572106262508102,0.0,0.03377223803168953
mev10_s70,0.1,False,True,0.3,17,0.1,0.7000000000000323,0.0,0.0,0.15192066119222725,0.0,0.02989582986698453
mev10_s70,0.1,False,True,0.3,18,0.1,0.700000000000041,0.0,0.0,0.15419065333717724,0.0,0.037759605484633016
mev10_s70,0.1,False,True,0.3,19,0.1,0.7000000000000406,0.0,0.0,0.15657869137645425,0.0,0.04112524041328799
mev10_s70,0.1,False,True,0.3,20,0.1,0.6999999999999844,0.0,0.0,0.15428742121965178,0.0,0.04024113729079685
mev10_s70,0.1,False,True,0.3,21,0.1,0.6999999999999995,0.0,0.0,0.1541759282622944,0.0,0.03576889504627042
mev10_s70,0.1,False,True,0.3,22,0.1,0.7000000000000206,0.0,0.0,0.15081649207341158,0.0,0.03881795301660051
mev10_s70,0.1,False,True,0.3,23,0.1,0.6999999999999849,0.0,0.0,0.15560262192492555,0.0,0.03698819493338709
mev10_s70,0.1,False,True,0.3,24,0.1,0.7000000000000133,0.0,0.0,0.15474478409327566,0.0,0.04094312719534806
mev10_s70,0.1,False,True,0.3,25,0.1,0.7000000000000304,0.0,0.0,0.1574948111765787,0.0,0.03557691333819918
mev10_s70,0.1,False,True,0.3,26,0.1,0.7000000000000166,0.0,0.0,0.1539048921244592,0.0,0.03600413541897022
mev10_s70,0.1,False,True,0.3,27,0.1,0.700000000000023,0.0,0.0,0.1551190994777701,0.0,0.042446242776274734
mev10_s70,0.1,False,True,0.3,28,0.1,0.6999999999999673,0.0,0.0,0.15078727580702958,0.0,0.04007192469859884
mev10_s70,0.1,False,True,0.3,29,0.1,0.6999999999999703,0.0,0.0,0.1557551025986217,0.0,0.028892860761546985
mev10_s70,0.1,False,True,0.3,30,0.1,0.6999999999999726,0.0,0.0,0.15644633840426145,0.0,0.03823960843074358
mev10_s70,0.1,False,True,0.3,31,0.1,0.7000000000000277,0.0,0.0,0.1534810139980733,0.0,0.03212980243395135
mev10_s70,0.1,False,True,0.3,32,0.1,0.7000000000000256,0.0,0.0,0.1563841612280617,0.0,0.0445728137642791
mev10_s70,0.1,False,True,0.3,33,0.1,0.6999999999999841,0.0,0.0,0.15706258936165648,0.0,0.027629969103563426
mev10_s70,0.1,False,True,0.3,34,0.1,0.6999999999999633,0.0,0.0,0.1529734114792615,0.0,0.030593638028781817
mev10_s70,0.1,False,True,0.3,35,0.1,0.7000000000000093,0.0,0.0,0.1527495704210415,0.0,0.046366047041055236
mev10_s70,0.1,False,True,0.3,36,0.1,0.6999999999999796,0.0,0.0,0.15261064861397325,0.0,0.037554145222961334
mev10_s70,0.1,False,True,0.3,37,0.1,0.6999999999999811,0.0,0.0,0.15107866161150327,0.0,0.02865874997467193
mev10_s70,0.1,False,True,0.3,38,0.1,0.700000000000018,0.0,0.0,0.15605132518120063,0.0,0.02974446654921284
mev10_s70,0.1,False,True,0.3,39,0.1,0.700000000000007,0.0,0.0,0.1510372094981329,0.0,0.02915898727728678
mev10_s70,0.1,False,True,0.3,40,0.1,0.7000000000000177,0.0,0.0,0.15618230379283607,0.0,0.04477841134611754
mev10_s70,0.1,False,True,0.3,41,0.1,0.7000000000000373,0.0,0.0,0.15704270035358847,0.0,0.038873204540889175
mev10_s70,0.1,False,True,0.3,42,0.1,0.6999999999999731,0.0,0.0,0.15366401880378075,0.0,0.04468323228599495
mev10_s70,0.1,False,True,0.3,43,0.1,0.7000000000000357,0.0,0.0,0.15149789321367382,0.0,0.022874448001799677
mev10_s70,0.1,False,True,0.3,44,0.1,0.6999999999999902,0.0,0.0,0.154663712624338,0.0,0.034409489634833826
mev10_s70,0.1,False,True,0.3,45,0.1,0.7000000000000369,0.0,0.0,0.15408458952170564,0.0,0.04098340110268796
mev10_s70,0.1,False,True,0.3,46,0.1,0.6999999999999946,0.0,0.0,0.15742806219620542,0.0,0.03753265199204204
mev10_s70,0.1,False,True,0.3,47,0.1,0.6999999999999714,0.0,0.0,0.1562805488164678,0.0,0.03978887384407585
mev10_s70,0.1,False,True,0.3,48,0.1,0.6999999999999745,0.0,0.0,0.1527265109414751,0.0,0.030973031434927543
mev10_s70,0.1,False,True,0.3,49,0.1,0.7000000000000285,0.0,0.0,0.15381189543524373,0.0,0.03466503185401953
mev40_s70,0.4,False,False,0.0,0,0.3999999999999875,0.6999999999999804,12.0,0.0,0.0,0.0,
mev40_s70,0.4,False,False,0.0,1,0.39999999999999036,0.6999999999999653,0.0,0.0,0.0,0.0,
mev40_s70,0.4,False,False,0.0,2,0.4000000000000383,0.7000000000000088,0.0,0.0,0.0,0.0,
mev40_s70,0.4,False,False,0.0,3,0.4000000000000092,0.7000000000000419,12.0,0.0,0.0,0.0,
mev40_s70,0.4,False,False,0.0,4,0.3999999999999782,0.6999999999999829,12.0,0.0,0.0,0.0,
mev40_s70,0.4,False,False,0.0,5,0.3999999999999761,0.7000000000000207,0.0,0.0,0.0,0.0,
mev40_s70,0.4,False,False,0.0,6,0.3999999999999969,0.6999999999999691,0.0,0.0,0.0,0.0,
mev40_s70,0.4,False,False,0.0,7,0.4000000000000089,0.7000000000000063,12.0,0.0,0.0,0.0,
mev40_s70,0.4,False,False,0.0,8,0.3999999999999616,0.6999999999999869,0.0,0.0,0.0,0.0,
mev40_s70,0.4,False,False,0.0,9,0.39999999999999253,0.6999999999999791,0.0,0.0,0.0,0.0,
mev40_s70,0.4,False,False,0.0,10,0.39999999999999153,0.7000000000000146,0.0,0.0,0.0,0.0,
mev40_s70,0.4,False,False,0.0,11,0.4000000000000404,0.6999999999999621,12.0,0.0,0.0,0.0,
mev40_s70,0.4,False,False,0.0,12,0.4000000000000012,0.6999999999999934,0.0,0.0,0.0,0.0,
mev40_s70,0.4,False,False,0.0,13,0.3999999999999568,0.6999999999999985,12.0,0.0,0.0,0.0,
mev40_s70,0.4,False,False,0.0,14,0.3999999999999586,0.7000000000000404,0.0,0.0,0.0,0.0,
mev40_s70,0.4,False,False,0.0,15,0.4000000000000294,0.6999999999999678,12.0,0.0,0.0,0.0,
mev40_s70,0.4,False,False,0.0,16,0.3999999999999893,0.7000000000000011,12.0,0.0,0.0,0.0,
mev40_s70,0.4,False,False,0.0,17,0.39999999999998426,0.7000000000000323,3.0,0.0,0.0,0.0,
mev40_s70,0.4,False,False,0.0,18,0.39999999999995983,0.700000000000041,0.0,0.0,0.0,0.0,
mev40_s70,0.4,False,False,0.0,19,0.39999999999999625,0.7000000000000406,0.0,0.0,0.0,0.0,
mev40_s70,0.4,False,False,0.0,20,0.40000000000002983,0.6999999999999844,0.0,0.0,0.0,0.0,
mev40_s70,0.4,False,False,0.0,21,0.4000000000000035,0.6999999999999995,12.0,0.0,0.0,0.0,
mev40_s70,0.4,False,False,0.0,22,0.4000000000000067,0.7000000000000206,0.0,0.0,0.0,0.0,
mev40_s70,0.4,False,False,0.0,23,0.3999999999999586,0.6999999999999849,15.0,0.0,0.0,0.0,
mev40_s70,0.4,False,False,0.0,24,0.3999999999999888,0.7000000000000133,0.0,0.0,0.0,0.0,
mev40_s70,0.4,False,False,0.0,25,0.40000000000002167,0.7000000000000304,12.0,0.0,0.0,0.0,
mev40_s70,0.4,False,False,0.0,26,0.4000000000000228,0.7000000000000166,12.0,0.0,0.0,0.0,
mev40_s70,0.4,False,False,0.0,27,0.3999999999999878,0.700000000000023,12.0,0.0,0.0,0.0,
mev40_s70,0.4,False,False,0.0,28,0.39999999999999514,0.6999999999999673,0.0,0.0,0.0,0.0,
mev40_s70,0.4,False,False,0.0,29,0.4000000000000297,0.6999999999999703,0.0,0.0,0.0,0.0,
mev40_s70,0.4,False,False,0.0,30,0.40000000000000774,0.6999999999999726,0.0,0.0,0.0,0.0,
mev40_s70,0.4,False,False,0.0,31,0.3999999999999934,0.7000000000000277,12.0,0.0,0.0,0.0,
mev40_s70,0.4,False,False,0.0,32,0.3999999999999695,0.7000000000000256,12.0,0.0,0.0,0.0,
mev40_s70,0.4,False,False,0.0,33,0.40000000000004016,0.6999999999999841,0.0,0.0,0.0,0.0,
mev40_s70,0.4,False,False,0.0,34,0.40000000000000735,0.6999999999999633,12.0,0.0,0.0,0.0,
mev40_s70,0.4,False,False,0.0,35,0.400000000000037,0.7000000000000093,0.0,0.0,0.0,0.0,
mev40_s70,0.4,False,False,0.0,36,0.4000000000000162,0.6999999999999796,12.0,0.0,0.0,0.0,
mev40_s70,0.4,False,False,0.0,37,0.399999999999973,0.6999999999999811,3.0,0.0,0.0,0.0,
mev40_s70,0.4,False,False,0.0,38,0.4000000000000226,0.700000000000018,3.0,0.0,0.0,0.0,
mev40_s70,0.4,False,False,0.0,39,0.3999999999999904,0.700000000000007,0.0,0.0,0.0,0.0,
mev40_s70,0.4,False,False,0.0,40,0.3999999999999832,0.7000000000000177,12.0,0.0,0.0,0.0,
mev40_s70,0.4,False,False,0.0,41,0.40000000000002167,0.7000000000000373,0.0,0.0,0.0,0.0,
mev40_s70,0.4,False,False,0.0,42,0.40000000000000635,0.6999999999999731,12.0,0.0,0.0,0.0,
mev40_s70,0.4,False,False,0.0,43,0.399999999999999,0.7000000000000357,0.0,0.0,0.0,0.0,
mev40_s70,0.4,False,False,0.0,44,0.399999999999957,0.6999999999999902,12.0,0.0,0.0,0.0,
mev40_s70,0.4,False,False,0.0,45,0.40000000000003805,0.7000000000000369,0.0,0.0,0.0,0.0,
mev40_s70,0.4,False,False,0.0,46,0.3999999999999817,0.6999999999999946,12.0,0.0,0.0,0.0,
mev40_s70,0.4,False,False,0.0,47,0.3999999999999584,0.6999999999999714,0.0,0.0,0.0,0.0,
mev40_s70,0.4,False,False,0.0,48,0.4000000000000169,0.6999999999999745,0.0,0.0,0.0,0.0,
mev40_s70,0.4,False,False,0.0,49,0.4000000000000062,0.7000000000000285,0.0,0.0,0.0,0.0,
mev40_s70,0.4,False,False,0.15,0,0.3999999999999875,0.6999999999999804,12.0,0.0,0.0,0.0,
mev40_s70,0.4,False,False,0.15,1,0.39999999999999036,0.6999999999999653,0.0,0.0,0.0,0.0,
mev40_s70,0.4,False,False,0.15,2,0.4000000000000383,0.7000000000000088,0.0,0.0,0.0,0.0,
mev40_s70,0.4,False,False,0.15,3,0.4000000000000092,0.7000000000000419,12.0,0.0,0.0,0.0,
mev40_s70,0.4,False,False,0.15,4,0.3999999999999782,0.6999999999999829,12.0,0.0,0.0,0.0,
mev40_s70,0.4,False,False,0.15,5,0.3999999999999761,0.7000000000000207,0.0,0.0,0.0,0.0,
mev40_s70,0.4,False,False,0.15,6,0.3999999999999969,0.6999999999999691,0.0,0.0,0.0,0.0,
mev40_s70,0.4,False,False,0.15,7,0.4000000000000089,0.7000000000000063,12.0,0.0,0.0,0.0,
mev40_s70,0.4,False,False,0.15,8,0.3999999999999616,0.6999999999999869,0.0,0.0,0.0,0.0,
mev40_s70,0.4,False,False,0.15,9,0.39999999999999253,0.6999999999999791,0.0,0.0,0.0,0.0,
mev40_s70,0.4,False,False,0.15,10,0.39999999999999153,0.7000000000000146,0.0,0.0,0.0,0.0,
mev40_s70,0.4,False,False,0.15,11,0.4000000000000404,0.6999999999999621,12.0,0.0,0.0,0.0,
mev40_s70,0.4,False,False,0.15,12,0.4000000000000012,0.6999999999999934,0.0,0.0,0.0,0.0,
mev40_s70,0.4,False,False,0.15,13,0.3999999999999568,0.6999999999999985,12.0,0.0,0.0,0.0,
mev40_s70,0.4,False,False,0.15,14,0.3999999999999586,0.7000000000000404,0.0,0.0,0.0,0.0,
mev40_s70,0.4,False,False,0.15,15,0.4000000000000294,0.6999999999999678,12.0,0.0,0.0,0.0,
mev40_s70,0.4,False,False,0.15,16,0.3999999999999893,0.7000000000000011,12.0,0.0,0.0,0.0,
mev40_s70,0.4,False,False,0.15,17,0.39999999999998426,0.7000000000000323,3.0,0.0,0.0,0.0,
mev40_s70,0.4,False,False,0.15,18,0.39999999999995983,0.700000000000041,0.0,0.0,0.0,0.0,
mev40_s70,0.4,False,False,0.15,19,0.39999999999999625,0.7000000000000406,0.0,0.0,0.0,0.0,
mev40_s70,0.4,False,False,0.15,20,0.40000000000002983,0.6999999999999844,0.0,0.0,0.0,0.0,
mev40_s70,0.4,False,False,0.15,21,0.4000000000000035,0.6999999999999995,12.0,0.0,0.0,0.0,
mev40_s70,0.4,False,False,0.15,22,0.4000000000000067,0.7000000000000206,0.0,0.0,0.0,0.0,
mev40_s70,0.4,False,False,0.15,23,0.3999999999999586,0.6999999999999849,15.0,0.0,0.0,0.0,
mev40_s70,0.4,False,False,0.15,24,0.3999999999999888,0.7000000000000133,0.0,0.0,0.0,0.0,
mev40_s70,0.4,False,False,0.15,25,0.40000000000002167,0.7000000000000304,12.0,0.0,0.0,0.0,
mev40_s70,0.4,False,False,0.15,26,0.4000000000000228,0.7000000000000166,12.0,0.0,0.0,0.0,
mev40_s70,0.4,False,False,0.15,27,0.3999999999999878,0.700000000000023,12.0,0.0,0.0,0.0,
mev40_s70,0.4,False,False,0.15,28,0.39999999999999514,0.6999999999999673,0.0,0.0,0.0,0.0,
mev40_s70,0.4,False,False,0.15,29,0.4000000000000297,0.6999999999999703,0.0,0.0,0.0,0.0,
mev40_s70,0.4,False,False,0.15,30,0.40000000000000774,0.6999999999999726,0.0,0.0,0.0,0.0,
mev40_s70,0.4,False,False,0.15,31,0.3999999999999934,0.7000000000000277,12.0,0.0,0.0,0.0,
mev40_s70,0.4,False,False,0.15,32,0.3999999999999695,0.7000000000000256,12.0,0.0,0.0,0.0,
mev40_s70,0.4,False,False,0.15,33,0.40000000000004016,0.6999999999999841,0.0,0.0,0.0,0.0,
mev40_s70,0.4,False,False,0.15,34,0.40000000000000735,0.6999999999999633,12.0,0.0,0.0,0.0,
mev40_s70,0.4,False,False,0.15,35,0.400000000000037,0.7000000000000093,0.0,0.0,0.0,0.0,
mev40_s70,0.4,False,False,0.15,36,0.4000000000000162,0.6999999999999796,12.0,0.0,0.0,0.0,
mev40_s70,0.4,False,False,0.15,37,0.399999999999973,0.6999999999999811,3.0,0.0,0.0,0.0,
mev40_s70,0.4,False,False,0.15,38,0.4000000000000226,0.700000000000018,3.0,0.0,0.0,0.0,
mev40_s70,0.4,False,False,0.15,39,0.3999999999999904,0.700000000000007,0.0,0.0,0.0,0.0,
mev40_s70,0.4,False,False,0.15,40,0.3999999999999832,0.7000000000000177,12.0,0.0,0.0,0.0,
mev40_s70,0.4,False,False,0.15,41,0.40000000000002167,0.7000000000000373,0.0,0.0,0.0,0.0,
mev40_s70,0.4,False,False,0.15,42,0.40000000000000635,0.6999999999999731,12.0,0.0,0.0,0.0,
mev40_s70,0.4,False,False,0.15,43,0.399999999999999,0.7000000000000357,0.0,0.0,0.0,0.0,
mev40_s70,0.4,False,False,0.15,44,0.399999999999957,0.6999999999999902,12.0,0.0,0.0,0.0,
mev40_s70,0.4,False,False,0.15,45,0.40000000000003805,0.7000000000000369,0.0,0.0,0.0,0.0,
mev40_s70,0.4,False,False,0.15,46,0.3999999999999817,0.6999999999999946,12.0,0.0,0.0,0.0,
mev40_s70,0.4,False,False,0.15,47,0.3999999999999584,0.6999999999999714,0.0,0.0,0.0,0.0,
mev40_s70,0.4,False,False,0.15,48,0.4000000000000169,0.6999999999999745,0.0,0.0,0.0,0.0,
mev40_s70,0.4,False,False,0.15,49,0.4000000000000062,0.7000000000000285,0.0,0.0,0.0,0.0,
mev40_s70,0.4,False,False,0.3,0,0.3999999999999875,0.6999999999999804,12.0,0.0,0.0,0.0,
mev40_s70,0.4,False,False,0.3,1,0.39999999999999036,0.6999999999999653,0.0,0.0,0.0,0.0,
mev40_s70,0.4,False,False,0.3,2,0.4000000000000383,0.7000000000000088,0.0,0.0,0.0,0.0,
mev40_s70,0.4,False,False,0.3,3,0.4000000000000092,0.7000000000000419,12.0,0.0,0.0,0.0,
mev40_s70,0.4,False,False,0.3,4,0.3999999999999782,0.6999999999999829,12.0,0.0,0.0,0.0,
mev40_s70,0.4,False,False,0.3,5,0.3999999999999761,0.7000000000000207,0.0,0.0,0.0,0.0,
mev40_s70,0.4,False,False,0.3,6,0.3999999999999969,0.6999999999999691,0.0,0.0,0.0,0.0,
mev40_s70,0.4,False,False,0.3,7,0.4000000000000089,0.7000000000000063,12.0,0.0,0.0,0.0,
mev40_s70,0.4,False,False,0.3,8,0.3999999999999616,0.6999999999999869,0.0,0.0,0.0,0.0,
mev40_s70,0.4,False,False,0.3,9,0.39999999999999253,0.6999999999999791,0.0,0.0,0.0,0.0,
mev40_s70,0.4,False,False,0.3,10,0.39999999999999153,0.7000000000000146,0.0,0.0,0.0,0.0,
mev40_s70,0.4,False,False,0.3,11,0.4000000000000404,0.6999999999999621,12.0,0.0,0.0,0.0,
mev40_s70,0.4,False,False,0.3,12,0.4000000000000012,0.6999999999999934,0.0,0.0,0.0,0.0,
mev40_s70,0.4,False,False,0.3,13,0.3999999999999568,0.6999999999999985,12.0,0.0,0.0,0.0,
mev40_s70,0.4,False,False,0.3,14,0.3999999999999586,0.7000000000000404,0.0,0.0,0.0,0.0,
mev40_s70,0.4,False,False,0.3,15,0.4000000000000294,0.6999999999999678,12.0,0.0,0.0,0.0,
mev40_s70,0.4,False,False,0.3,16,0.3999999999999893,0.7000000000000011,12.0,0.0,0.0,0.0,
mev40_s70,0.4,False,False,0.3,17,0.39999999999998426,0.7000000000000323,3.0,0.0,0.0,0.0,
mev40_s70,0.4,False,False,0.3,18,0.39999999999995983,0.700000000000041,0.0,0.0,0.0,0.0,
mev40_s70,0.4,False,False,0.3,19,0.39999999999999625,0.7000000000000406,0.0,0.0,0.0,0.0,
mev40_s70,0.4,False,False,0.3,20,0.40000000000002983,0.6999999999999844,0.0,0.0,0.0,0.0,
mev40_s70,0.4,False,False,0.3,21,0.4000000000000035,0.6999999999999995,12.0,0.0,0.0,0.0,
mev40_s70,0.4,False,False,0.3,22,0.4000000000000067,0.7000000000000206,0.0,0.0,0.0,0.0,
mev40_s70,0.4,False,False,0.3,23,0.3999999999999586,0.6999999999999849,15.0,0.0,0.0,0.0,
mev40_s70,0.4,False,False,0.3,24,0.3999999999999888,0.7000000000000133,0.0,0.0,0.0,0.0,
mev40_s70,0.4,False,False,0.3,25,0.40000000000002167,0.7000000000000304,12.0,0.0,0.0,0.0,
mev40_s70,0.4,False,False,0.3,26,0.4000000000000228,0.7000000000000166,12.0,0.0,0.0,0.0,
mev40_s70,0.4,False,False,0.3,27,0.3999999999999878,0.700000000000023,12.0,0.0,0.0,0.0,
mev40_s70,0.4,False,False,0.3,28,0.39999999999999514,0.6999999999999673,0.0,0.0,0.0,0.0,
mev40_s70,0.4,False,False,0.3,29,0.4000000000000297,0.6999999999999703,0.0,0.0,0.0,0.0,
mev40_s70,0.4,False,False,0.3,30,0.40000000000000774,0.6999999999999726,0.0,0.0,0.0,0.0,
mev40_s70,0.4,False,False,0.3,31,0.3999999999999934,0.7000000000000277,12.0,0.0,0.0,0.0,
mev40_s70,0.4,False,False,0.3,32,0.3999999999999695,0.7000000000000256,12.0,0.0,0.0,0.0,
mev40_s70,0.4,False,False,0.3,33,0.40000000000004016,0.6999999999999841,0.0,0.0,0.0,0.0,
mev40_s70,0.4,False,False,0.3,34,0.40000000000000735,0.6999999999999633,12.0,0.0,0.0,0.0,
mev40_s70,0.4,False,False,0.3,35,0.400000000000037,0.7000000000000093,0.0,0.0,0.0,0.0,
mev40_s70,0.4,False,False,0.3,36,0.4000000000000162,0.6999999999999796,12.0,0.0,0.0,0.0,
mev40_s70,0.4,False,False,0.3,37,0.399999999999973,0.6999999999999811,3.0,0.0,0.0,0.0,
mev40_s70,0.4,False,False,0.3,38,0.4000000000000226,0.700000000000018,12.0,0.0,0.0,0.0,
mev40_s70,0.4,False,False,0.3,39,0.3999999999999904,0.700000000000007,0.0,0.0,0.0,0.0,
mev40_s70,0.4,False,False,0.3,40,0.3999999999999832,0.7000000000000177,12.0,0.0,0.0,0.0,
mev40_s70,0.4,False,False,0.3,41,0.40000000000002167,0.7000000000000373,0.0,0.0,0.0,0.0,
mev40_s70,0.4,False,False,0.3,42,0.40000000000000635,0.6999999999999731,12.0,0.0,0.0,0.0,
mev40_s70,0.4,False,False,0.3,43,0.399999999999999,0.7000000000000357,0.0,0.0,0.0,0.0,
mev40_s70,0.4,False,False,0.3,44,0.399999999999957,0.6999999999999902,12.0,0.0,0.0,0.0,
mev40_s70,0.4,False,False,0.3,45,0.40000000000003805,0.7000000000000369,0.0,0.0,0.0,0.0,
mev40_s70,0.4,False,False,0.3,46,0.3999999999999817,0.6999999999999946,12.0,0.0,0.0,0.0,
mev40_s70,0.4,False,False,0.3,47,0.3999999999999584,0.6999999999999714,0.0,0.0,0.0,0.0,
mev40_s70,0.4,False,False,0.3,48,0.4000000000000169,0.6999999999999745,12.0,0.0,0.0,0.0,
mev40_s70,0.4,False,False,0.3,49,0.4000000000000062,0.7000000000000285,0.0,0.0,0.0,0.0,
mev40_s70,0.4,False,True,0.0,0,0.3999999999999875,0.6999999999999804,0.0,0.0,0.21538233664802064,0.0,0.045495450506304665
mev40_s70,0.4,False,True,0.0,1,0.39999999999999036,0.6999999999999653,0.0,0.0,0.23881411119766963,0.0,0.046766563830205554
mev40_s70,0.4,False,True,0.0,2,0.4000000000000383,0.7000000000000088,0.0,0.0,0.2437967945968517,0.0,0.0493341666446946
mev40_s70,0.4,False,True,0.0,3,0.4000000000000092,0.7000000000000419,3.0,0.0,0.22405077620382788,0.0,0.05379204284116765
mev40_s70,0.4,False,True,0.0,4,0.3999999999999782,0.6999999999999829,3.0,0.0,0.22329593543782972,0.0,0.0469989409119936
mev40_s70,0.4,False,True,0.0,5,0.3999999999999761,0.7000000000000207,0.0,0.0,0.225093652134832,0.0,0.04803688998766951
mev40_s70,0.4,False,True,0.0,6,0.3999999999999969,0.6999999999999691,0.0,0.0,0.25095374536557724,0.0,0.05744291722304859
mev40_s70,0.4,False,True,0.0,7,0.4000000000000089,0.7000000000000063,0.0,0.0,0.22651165020184127,0.0,0.04788478154464957
mev40_s70,0.4,False,True,0.0,8,0.3999999999999616,0.6999999999999869,0.0,0.0,0.21646680533178442,0.0,0.03949191709578544
mev40_s70,0.4,False,True,0.0,9,0.39999999999999253,0.6999999999999791,0.0,0.0,0.23891790190800438,0.0,0.043627871363592974
mev40_s70,0.4,False,True,0.0,10,0.39999999999999153,0.7000000000000146,0.0,0.0,0.220809471672525,0.0,0.053514323924007165
mev40_s70,0.4,False,True,0.0,11,0.4000000000000404,0.6999999999999621,3.0,0.0,0.22489349645200307,0.0,0.05083967760354952
mev40_s70,0.4,False,True,0.0,12,0.4000000000000012,0.6999999999999934,0.0,0.0,0.23034209944352763,0.0,0.04732700338057444
mev40_s70,0.4,False,True,0.0,13,0.3999999999999568,0.6999999999999985,3.0,0.0,0.2378451523060834,0.0,0.049399867791934726
mev40_s70,0.4,False,True,0.0,14,0.3999999999999586,0.7000000000000404,0.0,0.0,0.2261298912521704,0.0,0.04902167342031927
mev40_s70,0.4,False,True,0.0,15,0.4000000000000294,0.6999999999999678,3.0,0.0,0.22435343409870243,0.0,0.04918015592380097
mev40_s70,0.4,False,True,0.0,16,0.3999999999999893,0.7000000000000011,0.0,0.0,0.2295280292022861,0.0,0.054159894652630526
mev40_s70,0.4,False,True,0.0,17,0.39999999999998426,0.7000000000000323,0.0,0.0,0.23566891598604364,0.0,0.05268635882596651
mev40_s70,0.4,False,True,0.0,18,0.39999999999995983,0.700000000000041,0.0,0.0,0.23189608728584124,0.0,0.04914757915577114
mev40_s70,0.4,False,True,0.0,19,0.39999999999999625,0.7000000000000406,0.0,0.0,0.2264890162361464,0.0,0.05629078218676862
mev40_s70,0.4,False,True,0.0,20,0.40000000000002983,0.6999999999999844,0.0,0.0,0.22677001101101849,0.0,0.04368612692803502
mev40_s70,0.4,False,True,0.0,21,0.4000000000000035,0.6999999999999995,0.0,0.0,0.223059486559924,0.0,0.057195246127690495
mev40_s70,0.4,False,True,0.0,22,0.4000000000000067,0.7000000000000206,0.0,0.0,0.21822469542957543,0.0,0.04834545639155919
mev40_s70,0.4,False,True,0.0,23,0.3999999999999586,0.6999999999999849,3.0,0.0,0.23317628957709086,0.0,0.05424917894034971
mev40_s70,0.4,False,True,0.0,24,0.3999999999999888,0.7000000000000133,0.0,0.0,0.22974001542964245,0.0,0.04608426379808033
mev40_s70,0.4,False,True,0.0,25,0.40000000000002167,0.7000000000000304,3.0,0.0,0.22429300226185014,0.0,0.04924283099094519
mev40_s70,0.4,False,True,0.0,26,0.4000000000000228,0.7000000000000166,0.0,0.0,0.2420375022891986,0.0,0.05216879027476195
mev40_s70,0.4,False,True,0.0,27,0.3999999999999878,0.700000000000023,3.0,0.0,0.24608902034871794,0.0,0.04769542878335041
mev40_s70,0.4,False,True,0.0,28,0.39999999999999514,0.6999999999999673,0.0,0.0,0.22975221418722946,0.0,0.04561258804156086
mev40_s70,0.4,False,True,0.0,29,0.4000000000000297,0.6999999999999703,0.0,0.0,0.23326202593475495,0.0,0.05501436656089426
mev40_s70,0.4,False,True,0.0,30,0.40000000000000774,0.6999999999999726,0.0,0.0,0.2295003388586479,0.0,0.03529322489674882
mev40_s70,0.4,False,True,0.0,31,0.3999999999999934,0.7000000000000277,3.0,0.0,0.21747939888150217,0.0,0.059777153890462405
mev40_s70,0.4,False,True,0.0,32,0.3999999999999695,0.7000000000000256,0.0,0.0,0.22440456941561787,0.0,0.04369665878697167
mev40_s70,0.4,False,True,0.0,33,0.40000000000004016,0.6999999999999841,0.0,0.0,0.22835183311721347,0.0,0.04930073221075347
mev40_s70,0.4,False,True,0.0,34,0.40000000000000735,0.6999999999999633,0.0,0.0,0.24026652185430342,0.0,0.052614382498147955
mev40_s70,0.4,False,True,0.0,35,0.400000000000037,0.7000000000000093,0.0,0.0,0.22816856443255007,0.0,0.0445926968758083
mev40_s70,0.4,False,True,0.0,36,0.4000000000000162,0.6999999999999796,3.0,0.0,0.22075601064967382,0.0,0.04782305509458198
mev40_s70,0.4,False,True,0.0,37,0.399999999999973,0.6999999999999811,0.0,0.0,0.23636668650051898,0.0,0.05131980968259257
mev40_s70,0.4,False,True,0.0,38,0.4000000000000226,0.700000000000018,0.0,0.0,0.232677297917138,0.0,0.05661030118370598
mev40_s70,0.4,False,True,0.0,39,0.3999999999999904,0.700000000000007,0.0,0.0,0.218231019841348,0.0,0.04486311848227393
mev40_s70,0.4,False,True,0.0,40,0.3999999999999832,0.7000000000000177,3.0,0.0,0.22267893356276908,0.0,0.04798539303457583
mev40_s70,0.4,False,True,0.0,41,0.40000000000002167,0.7000000000000373,0.0,0.0,0.23510754156575633,0.0,0.0516024677489106
mev40_s70,0.4,False,True,0.0,42,0.40000000000000635,0.6999999999999731,3.0,0.0,0.23813712919026986,0.0,0.05016472957086117
mev40_s70,0.4,False,True,0.0,43,0.399999999999999,0.7000000000000357,0.0,0.0,0.22112629205488774,0.0,0.05052325644112403
mev40_s70,0.4,False,True,0.0,44,0.399999999999957,0.6999999999999902,0.0,0.0,0.23796798252690896,0.0,0.05079915371963789
mev40_s70,0.4,False,True,0.0,45,0.40000000000003805,0.7000000000000369,0.0,0.0,0.22588281874560398,0.0,0.04579875302035512
mev40_s70,0.4,False,True,0.0,46,0.3999999999999817,0.6999999999999946,3.0,0.0,0.2282650934327682,0.0,0.05337687726723018
mev40_s70,0.4,False,True,0.0,47,0.3999999999999584,0.6999999999999714,0.0,0.0,0.22713118104949112,0.0,0.05055044581749746
mev40_s70,0.4,False,True,0.0,48,0.4000000000000169,0.6999999999999745,3.0,0.0,0.24966669898505883,0.0,0.04713948868437127
mev40_s70,0.4,False,True,0.0,49,0.4000000000000062,0.7000000000000285,0.0,0.0,0.23038304572713725,0.0,0.0501506318205465
mev40_s70,0.4,False,True,0.15,0,0.3999999999999875,0.6999999999999804,0.0,0.0,0.21538233664802064,0.0,0.045495450506304665
mev40_s70,0.4,False,True,0.15,1,0.39999999999999036,0.6999999999999653,0.0,0.0,0.23881411119766963,0.0,0.046766563830205554
mev40_s70,0.4,False,True,0.15,2,0.4000000000000383,0.7000000000000088,0.0,0.0,0.2437967945968517,0.0,0.0493341666446946
mev40_s70,0.4,False,True,0.15,3,0.4000000000000092,0.7000000000000419,3.0,0.0,0.22405077620382788,0.0,0.05379204284116765
mev40_s70,0.4,False,True,0.15,4,0.3999999999999782,0.6999999999999829,3.0,0.0,0.22329593543782972,0.0,0.0469989409119936
mev40_s70,0.4,False,True,0.15,5,0.3999999999999761,0.7000000000000207,0.0,0.0,0.225093652134832,0.0,0.04803688998766951
mev40_s70,0.4,False,True,0.15,6,0.3999999999999969,0.6999999999999691,0.0,0.0,0.25095374536557724,0.0,0.05744291722304859
mev40_s70,0.4,False,True,0.15,7,0.4000000000000089,0.7000000000000063,0.0,0.0,0.22651165020184127,0.0,0.04788478154464957
mev40_s70,0.4,False,True,0.15,8,0.3999999999999616,0.6999999999999869,0.0,0.0,0.21646680533178442,0.0,0.03949191709578544
mev40_s70,0.4,False,True,0.15,9,0.39999999999999253,0.6999999999999791,0.0,0.0,0.23891790190800438,0.0,0.043627871363592974
mev40_s70,0.4,False,True,0.15,10,0.39999999999999153,0.7000000000000146,0.0,0.0,0.220809471672525,0.0,0.053514323924007165
mev40_s70,0.4,False,True,0.15,11,0.4000000000000404,0.6999999999999621,3.0,0.0,0.22489349645200307,0.0,0.05083967760354952
mev40_s70,0.4,False,True,0.15,12,0.4000000000000012,0.6999999999999934,0.0,0.0,0.23034209944352763,0.0,0.04732700338057444
mev40_s70,0.4,False,True,0.15,13,0.3999999999999568,0.6999999999999985,3.0,0.0,0.2378451523060834,0.0,0.049399867791934726
mev40_s70,0.4,False,True,0.15,14,0.3999999999999586,0.7000000000000404,0.0,0.0,0.2261298912521704,0.0,0.04902167342031927
mev40_s70,0.4,False,True,0.15,15,0.4000000000000294,0.6999999999999678,3.0,0.0,0.22435343409870243,0.0,0.04918015592380097
mev40_s70,0.4,False,True,0.15,16,0.3999999999999893,0.7000000000000011,0.0,0.0,0.2295280292022861,0.0,0.054159894652630526
mev40_s70,0.4,False,True,0.15,17,0.39999999999998426,0.7000000000000323,0.0,0.0,0.23566891598604364,0.0,0.05268635882596651
mev40_s70,0.4,False,True,0.15,18,0.39999999999995983,0.700000000000041,0.0,0.0,0.23189608728584124,0.0,0.04914757915577114
mev40_s70,0.4,False,True,0.15,19,0.39999999999999625,0.7000000000000406,0.0,0.0,0.2264890162361464,0.0,0.05629078218676862
mev40_s70,0.4,False,True,0.15,20,0.40000000000002983,0.6999999999999844,0.0,0.0,0.22677001101101849,0.0,0.04368612692803502
mev40_s70,0.4,False,True,0.15,21,0.4000000000000035,0.6999999999999995,0.0,0.0,0.223059486559924,0.0,0.057195246127690495
mev40_s70,0.4,False,True,0.15,22,0.4000000000000067,0.7000000000000206,0.0,0.0,0.21822469542957543,0.0,0.04834545639155919
mev40_s70,0.4,False,True,0.15,23,0.3999999999999586,0.6999999999999849,3.0,0.0,0.23317628957709086,0.0,0.05424917894034971
mev40_s70,0.4,False,True,0.15,24,0.3999999999999888,0.7000000000000133,0.0,0.0,0.22974001542964245,0.0,0.04608426379808033
mev40_s70,0.4,False,True,0.15,25,0.40000000000002167,0.7000000000000304,3.0,0.0,0.22429300226185014,0.0,0.04924283099094519
mev40_s70,0.4,False,True,0.15,26,0.4000000000000228,0.7000000000000166,0.0,0.0,0.2420375022891986,0.0,0.05216879027476195
mev40_s70,0.4,False,True,0.15,27,0.3999999999999878,0.700000000000023,3.0,0.0,0.24608902034871794,0.0,0.04769542878335041
mev40_s70,0.4,False,True,0.15,28,0.39999999999999514,0.6999999999999673,0.0,0.0,0.22975221418722946,0.0,0.04561258804156086
mev40_s70,0.4,False,True,0.15,29,0.4000000000000297,0.6999999999999703,0.0,0.0,0.23326202593475495,0.0,0.05501436656089426
mev40_s70,0.4,False,True,0.15,30,0.40000000000000774,0.6999999999999726,0.0,0.0,0.2295003388586479,0.0,0.03529322489674882
mev40_s70,0.4,False,True,0.15,31,0.3999999999999934,0.7000000000000277,3.0,0.0,0.21747939888150217,0.0,0.059777153890462405
mev40_s70,0.4,False,True,0.15,32,0.3999999999999695,0.7000000000000256,0.0,0.0,0.22440456941561787,0.0,0.04369665878697167
mev40_s70,0.4,False,True,0.15,33,0.40000000000004016,0.6999999999999841,0.0,0.0,0.22835183311721347,0.0,0.04930073221075347
mev40_s70,0.4,False,True,0.15,34,0.40000000000000735,0.6999999999999633,0.0,0.0,0.24026652185430342,0.0,0.052614382498147955
mev40_s70,0.4,False,True,0.15,35,0.400000000000037,0.7000000000000093,0.0,0.0,0.22816856443255007,0.0,0.0445926968758083
mev40_s70,0.4,False,True,0.15,36,0.4000000000000162,0.6999999999999796,3.0,0.0,0.22075601064967382,0.0,0.04782305509458198
mev40_s70,0.4,False,True,0.15,37,0.399999999999973,0.6999999999999811,0.0,0.0,0.23636668650051898,0.0,0.05131980968259257
mev40_s70,0.4,False,True,0.15,38,0.4000000000000226,0.700000000000018,0.0,0.0,0.232677297917138,0.0,0.05661030118370598
mev40_s70,0.4,False,True,0.15,39,0.3999999999999904,0.700000000000007,0.0,0.0,0.218231019841348,0.0,0.04486311848227393
mev40_s70,0.4,False,True,0.15,40,0.3999999999999832,0.7000000000000177,3.0,0.0,0.22267893356276908,0.0,0.04798539303457583
mev40_s70,0.4,False,True,0.15,41,0.40000000000002167,0.7000000000000373,0.0,0.0,0.23510754156575633,0.0,0.0516024677489106
mev40_s70,0.4,False,True,0.15,42,0.40000000000000635,0.6999999999999731,3.0,0.0,0.23813712919026986,0.0,0.05016472957086117
mev40_s70,0.4,False,True,0.15,43,0.399999999999999,0.7000000000000357,0.0,0.0,0.22112629205488774,0.0,0.05052325644112403
mev40_s70,0.4,False,True,0.15,44,0.399999999999957,0.6999999999999902,0.0,0.0,0.23796798252690896,0.0,0.05079915371963789
mev40_s70,0.4,False,True,0.15,45,0.40000000000003805,0.7000000000000369,0.0,0.0,0.22588281874560398,0.0,0.04579875302035512
mev40_s70,0.4,False,True,0.15,46,0.3999999999999817,0.6999999999999946,3.0,0.0,0.2282650934327682,0.0,0.05337687726723018
mev40_s70,0.4,False,True,0.15,47,0.3999999999999584,0.6999999999999714,0.0,0.0,0.22713118104949112,0.0,0.05055044581749746
mev40_s70,0.4,False,True,0.15,48,0.4000000000000169,0.6999999999999745,3.0,0.0,0.24966669898505883,0.0,0.04713948868437127
mev40_s70,0.4,False,True,0.15,49,0.4000000000000062,0.7000000000000285,0.0,0.0,0.23038304572713725,0.0,0.0501506318205465
mev40_s70,0.4,False,True,0.3,0,0.3999999999999875,0.6999999999999804,0.0,0.0,0.21538233664802064,0.0,0.045495450506304665
mev40_s70,0.4,False,True,0.3,1,0.39999999999999036,0.6999999999999653,0.0,0.0,0.23881411119766963,0.0,0.046766563830205554
mev40_s70,0.4,False,True,0.3,2,0.4000000000000383,0.7000000000000088,0.0,0.0,0.2437967945968517,0.0,0.0493341666446946
mev40_s70,0.4,False,True,0.3,3,0.4000000000000092,0.7000000000000419,3.0,0.0,0.22405077620382788,0.0,0.05379204284116765
mev40_s70,0.4,False,True,0.3,4,0.3999999999999782,0.6999999999999829,3.0,0.0,0.22329593543782972,0.0,0.0469989409119936
mev40_s70,0.4,False,True,0.3,5,0.3999999999999761,0.7000000000000207,0.0,0.0,0.225093652134832,0.0,0.04803688998766951
mev40_s70,0.4,False,True,0.3,6,0.3999999999999969,0.6999999999999691,0.0,0.0,0.25095374536557724,0.0,0.05744291722304859
mev40_s70,0.4,False,True,0.3,7,0.4000000000000089,0.7000000000000063,0.0,0.0,0.22651165020184127,0.0,0.04788478154464957
mev40_s70,0.4,False,True,0.3,8,0.3999999999999616,0.6999999999999869,0.0,0.0,0.21646680533178442,0.0,0.03949191709578544
mev40_s70,0.4,False,True,0.3,9,0.39999999999999253,0.6999999999999791,0.0,0.0,0.23891790190800438,0.0,0.043627871363592974
mev40_s70,0.4,False,True,0.3,10,0.39999999999999153,0.7000000000000146,0.0,0.0,0.220809471672525,0.0,0.053514323924007165
mev40_s70,0.4,False,True,0.3,11,0.4000000000000404,0.6999999999999621,3.0,0.0,0.22489349645200307,0.0,0.05083967760354952
mev40_s70,0.4,False,True,0.3,12,0.4000000000000012,0.6999999999999934,0.0,0.0,0.23034209944352763,0.0,0.04732700338057444
mev40_s70,0.4,False,True,0.3,13,0.3999999999999568,0.6999999999999985,3.0,0.0,0.2378451523060834,0.0,0.049399867791934726
mev40_s70,0.4,False,True,0.3,14,0.3999999999999586,0.7000000000000404,3.0,0.0,0.2261298912521704,0.0,0.04902167342031927
mev40_s70,0.4,False,True,0.3,15,0.4000000000000294,0.6999999999999678,3.0,0.0,0.22435343409870243,0.0,0.04918015592380097
mev40_s70,0.4,False,True,0.3,16,0.3999999999999893,0.7000000000000011,3.0,0.0,0.2295280292022861,0.0,0.054159894652630526
mev40_s70,0.4,False,True,0.3,17,0.39999999999998426,0.7000000000000323,0.0,0.0,0.23566891598604364,0.0,0.05268635882596651
mev40_s70,0.4,False,True,0.3,18,0.39999999999995983,0.700000000000041,0.0,0.0,0.23189608728584124,0.0,0.04914757915577114
mev40_s70,0.4,False,True,0.3,19,0.39999999999999625,0.7000000000000406,0.0,0.0,0.2264890162361464,0.0,0.05629078218676862
mev40_s70,0.4,False,True,0.3,20,0.40000000000002983,0.6999999999999844,0.0,0.0,0.22677001101101849,0.0,0.04368612692803502
mev40_s70,0.4,False,True,0.3,21,0.4000000000000035,0.6999999999999995,0.0,0.0,0.223059486559924,0.0,0.057195246127690495
mev40_s70,0.4,False,True,0.3,22,0.4000000000000067,0.7000000000000206,0.0,0.0,0.21822469542957543,0.0,0.04834545639155919
mev40_s70,0.4,False,True,0.3,23,0.3999999999999586,0.6999999999999849,3.0,0.0,0.23317628957709086,0.0,0.05424917894034971
mev40_s70,0.4,False,True,0.3,24,0.3999999999999888,0.7000000000000133,0.0,0.0,0.22974001542964245,0.0,0.04608426379808033
mev40_s70,0.4,False,True,0.3,25,0.40000000000002167,0.7000000000000304,3.0,0.0,0.22429300226185014,0.0,0.04924283099094519
mev40_s70,0.4,False,True,0.3,26,0.4000000000000228,0.7000000000000166,0.0,0.0,0.2420375022891986,0.0,0.05216879027476195
mev40_s70,0.4,False,True,0.3,27,0.3999999999999878,0.700000000000023,3.0,0.0,0.24608902034871794,0.0,0.04769542878335041
mev40_s70,0.4,False,True,0.3,28,0.39999999999999514,0.6999999999999673,0.0,0.0,0.22975221418722946,0.0,0.04561258804156086
mev40_s70,0.4,False,True,0.3,29,0.4000000000000297,0.6999999999999703,0.0,0.0,0.23326202593475495,0.0,0.05501436656089426
mev40_s70,0.4,False,True,0.3,30,0.40000000000000774,0.6999999999999726,0.0,0.0,0.2295003388586479,0.0,0.03529322489674882
mev40_s70,0.4,False,True,0.3,31,0.3999999999999934,0.7000000000000277,3.0,0.0,0.21747939888150217,0.0,0.059777153890462405
mev40_s70,0.4,False,True,0.3,32,0.3999999999999695,0.7000000000000256,0.0,0.0,0.22440456941561787,0.0,0.04369665878697167
mev40_s70,0.4,False,True,0.3,33,0.40000000000004016,0.6999999999999841,0.0,0.0,0.22835183311721347,0.0,0.04930073221075347
mev40_s70,0.4,False,True,0.3,34,0.40000000000000735,0.6999999999999633,0.0,0.0,0.24026652185430342,0.0,0.052614382498147955
mev40_s70,0.4,False,True,0.3,35,0.400000000000037,0.7000000000000093,0.0,0.0,0.22816856443255007,0.0,0.0445926968758083
mev40_s70,0.4,False,True,0.3,36,0.4000000000000162,0.6999999999999796,3.0,0.0,0.22075601064967382,0.0,0.04782305509458198
mev40_s70,0.4,False,True,0.3,37,0.399999999999973,0.6999999999999811,3.0,0.0,0.23636668650051898,0.0,0.05131980968259257
mev40_s70,0.4,False,True,0.3,38,0.4000000000000226,0.700000000000018,0.0,0.0,0.232677297917138,0.0,0.05661030118370598
mev40_s70,0.4,False,True,0.3,39,0.3999999999999904,0.700000000000007,0.0,0.0,0.218231019841348,0.0,0.04486311848227393
mev40_s70,0.4,False,True,0.3,40,0.3999999999999832,0.7000000000000177,3.0,0.0,0.22267893356276908,0.0,0.04798539303457583
mev40_s70,0.4,False,True,0.3,41,0.40000000000002167,0.7000000000000373,0.0,0.0,0.23510754156575633,0.0,0.0516024677489106
mev40_s70,0.4,False,True,0.3,42,0.40000000000000635,0.6999999999999731,3.0,0.0,0.23813712919026986,0.0,0.05016472957086117
mev40_s70,0.4,False,True,0.3,43,0.399999999999999,0.7000000000000357,0.0,0.0,0.22112629205488774,0.0,0.05052325644112403
mev40_s70,0.4,False,True,0.3,44,0.399999999999957,0.6999999999999902,0.0,0.0,0.23796798252690896,0.0,0.05079915371963789
mev40_s70,0.4,False,True,0.3,45,0.40000000000003805,0.7000000000000369,0.0,0.0,0.22588281874560398,0.0,0.04579875302035512
mev40_s70,0.4,False,True,0.3,46,0.3999999999999817,0.6999999999999946,3.0,0.0,0.2282650934327682,0.0,0.05337687726723018
mev40_s70,0.4,False,True,0.3,47,0.3999999999999584,0.6999999999999714,0.0,0.0,0.22713118104949112,0.0,0.05055044581749746
mev40_s70,0.4,False,True,0.3,48,0.4000000000000169,0.6999999999999745,3.0,0.0,0.24966669898505883,0.0,0.04713948868437127
mev40_s70,0.4,False,True,0.3,49,0.4000000000000062,0.7000000000000285,0.0,0.0,0.23038304572713725,0.0,0.0501506318205465
mev70_s70,0.7,False,False,0.0,0,0.7000000000000138,0.6999999999999804,15.0,0.0,0.0,0.0,
mev70_s70,0.7,False,False,0.0,1,0.7000000000000154,0.6999999999999653,12.0,0.0,0.0,0.0,
mev70_s70,0.7,False,False,0.0,2,0.6999999999999689,0.7000000000000088,15.0,0.0,0.0,0.0,
mev70_s70,0.7,False,False,0.0,3,0.6999999999999764,0.7000000000000419,18.0,0.0,0.0,0.0,
mev70_s70,0.7,False,False,0.0,4,0.6999999999999686,0.6999999999999829,15.0,0.0,0.0,0.0,
mev70_s70,0.7,False,False,0.0,5,0.699999999999979,0.7000000000000207,12.0,0.0,0.0,0.0,
mev70_s70,0.7,False,False,0.0,6,0.699999999999981,0.6999999999999691,12.0,0.0,0.0,0.0,
mev70_s70,0.7,False,False,0.0,7,0.6999999999999933,0.7000000000000063,12.0,0.0,0.0,0.0,
mev70_s70,0.7,False,False,0.0,8,0.7000000000000334,0.6999999999999869,0.0,0.0,0.0,0.0,
mev70_s70,0.7,False,False,0.0,9,0.700000000000004,0.6999999999999791,0.0,0.0,0.0,0.0,
mev70_s70,0.7,False,False,0.0,10,0.6999999999999835,0.7000000000000146,12.0,0.0,0.0,0.0,
mev70_s70,0.7,False,False,0.0,11,0.7000000000000282,0.6999999999999621,16.0,0.0,0.0,0.0,
mev70_s70,0.7,False,False,0.0,12,0.7000000000000379,0.6999999999999934,12.0,0.0,0.0,0.0,
mev70_s70,0.7,False,False,0.0,13,0.6999999999999738,0.6999999999999985,18.0,0.0,0.0,0.0,
mev70_s70,0.7,False,False,0.0,14,0.7000000000000008,0.7000000000000404,15.0,0.0,0.0,0.0,
mev70_s70,0.7,False,False,0.0,15,0.6999999999999806,0.6999999999999678,18.0,0.0,0.0,0.0,
mev70_s70,0.7,False,False,0.0,16,0.7000000000000076,0.7000000000000011,19.0,0.0,0.0,0.0,
mev70_s70,0.7,False,False,0.0,17,0.7000000000000126,0.7000000000000323,12.0,0.0,0.0,0.0,
mev70_s70,0.7,False,False,0.0,18,0.7000000000000051,0.700000000000041,15.0,0.0,0.0,0.0,
mev70_s70,0.7,False,False,0.0,19,0.6999999999999893,0.7000000000000406,12.0,0.0,0.0,0.0,
mev70_s70,0.7,False,False,0.0,20,0.7000000000000068,0.6999999999999844,12.0,0.0,0.0,0.0,
mev70_s70,0.7,False,False,0.0,21,0.7000000000000044,0.6999999999999995,15.0,0.0,0.0,0.0,
mev70_s70,0.7,False,False,0.0,22,0.7000000000000217,0.7000000000000206,12.0,0.0,0.0,0.0,
mev70_s70,0.7,False,False,0.0,23,0.7000000000000275,0.6999999999999849,12.0,0.0,0.0,0.0,
mev70_s70,0.7,False,False,0.0,24,0.7000000000000335,0.7000000000000133,12.0,0.0,0.0,0.0,
mev70_s70,0.7,False,False,0.0,25,0.6999999999999956,0.7000000000000304,18.0,0.0,0.0,0.0,
mev70_s70,0.7,False,False,0.0,26,0.700000000000017,0.7000000000000166,15.0,0.0,0.0,0.0,
mev70_s70,0.7,False,False,0.0,27,0.6999999999999632,0.700000000000023,12.0,0.0,0.0,0.0,
mev70_s70,0.7,False,False,0.0,28,0.6999999999999915,0.6999999999999673,12.0,0.0,0.0,0.0,
mev70_s70,0.7,False,False,0.0,29,0.7000000000000302,0.6999999999999703,12.0,0.0,0.0,0.0,
mev70_s70,0.7,False,False,0.0,30,0.7000000000000185,0.6999999999999726,0.0,0.0,0.0,0.0,
mev70_s70,0.7,False,False,0.0,31,0.6999999999999736,0.7000000000000277,19.0,0.0,0.0,0.0,
mev70_s70,0.7,False,False,0.0,32,0.6999999999999598,0.7000000000000256,12.0,0.0,0.0,0.0,
mev70_s70,0.7,False,False,0.0,33,0.6999999999999991,0.6999999999999841,12.0,0.0,0.0,0.0,
mev70_s70,0.7,False,False,0.0,34,0.69999999999998,0.6999999999999633,19.0,0.0,0.0,0.0,
mev70_s70,0.7,False,False,0.0,35,0.7000000000000062,0.7000000000000093,12.0,0.0,0.0,0.0,
mev70_s70,0.7,False,False,0.0,36,0.7000000000000006,0.6999999999999796,18.0,0.0,0.0,0.0,
mev70_s70,0.7,False,False,0.0,37,0.699999999999989,0.6999999999999811,19.0,0.0,0.0,0.0,
mev70_s70,0.7,False,False,0.0,38,0.6999999999999822,0.700000000000018,16.0,0.0,0.0,0.0,
mev70_s70,0.7,False,False,0.0,39,0.7000000000000054,0.700000000000007,15.0,0.0,0.0,0.0,
mev70_s70,0.7,False,False,0.0,40,0.6999999999999923,0.7000000000000177,18.0,0.0,0.0,0.0,
mev70_s70,0.7,False,False,0.0,41,0.6999999999999768,0.7000000000000373,15.0,0.0,0.0,0.0,
mev70_s70,0.7,False,False,0.0,42,0.7000000000000014,0.6999999999999731,18.0,0.0,0.0,0.0,
mev70_s70,0.7,False,False,0.0,43,0.7000000000000149,0.7000000000000357,12.0,0.0,0.0,0.0,
mev70_s70,0.7,False,False,0.0,44,0.6999999999999896,0.6999999999999902,12.0,0.0,0.0,0.0,
mev70_s70,0.7,False,False,0.0,45,0.700000000000039,0.7000000000000369,12.0,0.0,0.0,0.0,
mev70_s70,0.7,False,False,0.0,46,0.6999999999999795,0.6999999999999946,18.0,0.0,0.0,0.0,
mev70_s70,0.7,False,False,0.0,47,0.6999999999999755,0.6999999999999714,12.0,0.0,0.0,0.0,
mev70_s70,0.7,False,False,0.0,48,0.6999999999999897,0.6999999999999745,12.0,0.0,0.0,0.0,
mev70_s70,0.7,False,False,0.0,49,0.6999999999999729,0.7000000000000285,12.0,0.0,0.0,0.0,
mev70_s70,0.7,False,False,0.15,0,0.7000000000000138,0.6999999999999804,15.0,0.0,0.0,0.0,
mev70_s70,0.7,False,False,0.15,1,0.7000000000000154,0.6999999999999653,12.0,0.0,0.0,0.0,
mev70_s70,0.7,False,False,0.15,2,0.6999999999999689,0.7000000000000088,15.0,0.0,0.0,0.0,
mev70_s70,0.7,False,False,0.15,3,0.6999999999999764,0.7000000000000419,18.0,0.0,0.0,0.0,
mev70_s70,0.7,False,False,0.15,4,0.6999999999999686,0.6999999999999829,15.0,0.0,0.0,0.0,
mev70_s70,0.7,False,False,0.15,5,0.699999999999979,0.7000000000000207,12.0,0.0,0.0,0.0,
mev70_s70,0.7,False,False,0.15,6,0.699999999999981,0.6999999999999691,12.0,0.0,0.0,0.0,
mev70_s70,0.7,False,False,0.15,7,0.6999999999999933,0.7000000000000063,12.0,0.0,0.0,0.0,
mev70_s70,0.7,False,False,0.15,8,0.7000000000000334,0.6999999999999869,0.0,0.0,0.0,0.0,
mev70_s70,0.7,False,False,0.15,9,0.700000000000004,0.6999999999999791,0.0,0.0,0.0,0.0,
mev70_s70,0.7,False,False,0.15,10,0.6999999999999835,0.7000000000000146,12.0,0.0,0.0,0.0,
mev70_s70,0.7,False,False,0.15,11,0.7000000000000282,0.6999999999999621,16.0,0.0,0.0,0.0,
mev70_s70,0.7,False,False,0.15,12,0.7000000000000379,0.6999999999999934,12.0,0.0,0.0,0.0,
mev70_s70,0.7,False,False,0.15,13,0.6999999999999738,0.6999999999999985,18.0,0.0,0.0,0.0,
mev70_s70,0.7,False,False,0.15,14,0.7000000000000008,0.7000000000000404,15.0,0.0,0.0,0.0,
mev70_s70,0.7,False,False,0.15,15,0.6999999999999806,0.6999999999999678,18.0,0.0,0.0,0.0,
mev70_s70,0.7,False,False,0.15,16,0.7000000000000076,0.7000000000000011,19.0,0.0,0.0,0.0,
mev70_s70,0.7,False,False,0.15,17,0.7000000000000126,0.7000000000000323,12.0,0.0,0.0,0.0,
mev70_s70,0.7,False,False,0.15,18,0.7000000000000051,0.700000000000041,15.0,0.0,0.0,0.0,
mev70_s70,0.7,False,False,0.15,19,0.6999999999999893,0.7000000000000406,12.0,0.0,0.0,0.0,
mev70_s70,0.7,False,False,0.15,20,0.7000000000000068,0.6999999999999844,12.0,0.0,0.0,0.0,
mev70_s70,0.7,False,False,0.15,21,0.7000000000000044,0.6999999999999995,15.0,0.0,0.0,0.0,
mev70_s70,0.7,False,False,0.15,22,0.7000000000000217,0.7000000000000206,12.0,0.0,0.0,0.0,
mev70_s70,0.7,False,False,0.15,23,0.7000000000000275,0.6999999999999849,12.0,0.0,0.0,0.0,
mev70_s70,0.7,False,False,0.15,24,0.7000000000000335,0.7000000000000133,12.0,0.0,0.0,0.0,
mev70_s70,0.7,False,False,0.15,25,0.6999999999999956,0.7000000000000304,18.0,0.0,0.0,0.0,
mev70_s70,0.7,False,False,0.15,26,0.700000000000017,0.7000000000000166,15.0,0.0,0.0,0.0,
mev70_s70,0.7,False,False,0.15,27,0.6999999999999632,0.700000000000023,12.0,0.0,0.0,0.0,
mev70_s70,0.7,False,False,0.15,28,0.6999999999999915,0.6999999999999673,12.0,0.0,0.0,0.0,
mev70_s70,0.7,False,False,0.15,29,0.7000000000000302,0.6999999999999703,12.0,0.0,0.0,0.0,
mev70_s70,0.7,False,False,0.15,30,0.7000000000000185,0.6999999999999726,0.0,0.0,0.0,0.0,
mev70_s70,0.7,False,False,0.15,31,0.6999999999999736,0.7000000000000277,19.0,0.0,0.0,0.0,
mev70_s70,0.7,False,False,0.15,32,0.6999999999999598,0.7000000000000256,12.0,0.0,0.0,0.0,
mev70_s70,0.7,False,False,0.15,33,0.6999999999999991,0.6999999999999841,12.0,0.0,0.0,0.0,
mev70_s70,0.7,False,False,0.15,34,0.69999999999998,0.6999999999999633,19.0,0.0,0.0,0.0,
mev70_s70,0.7,False,False,0.15,35,0.7000000000000062,0.7000000000000093,12.0,0.0,0.0,0.0,
mev70_s70,0.7,False,False,0.15,36,0.7000000000000006,0.6999999999999796,18.0,0.0,0.0,0.0,
mev70_s70,0.7,False,False,0.15,37,0.699999999999989,0.6999999999999811,19.0,0.0,0.0,0.0,
mev70_s70,0.7,False,False,0.15,38,0.6999999999999822,0.700000000000018,16.0,0.0,0.0,0.0,
mev70_s70,0.7,False,False,0.15,39,0.7000000000000054,0.700000000000007,15.0,0.0,0.0,0.0,
mev70_s70,0.7,False,False,0.15,40,0.6999999999999923,0.7000000000000177,18.0,0.0,0.0,0.0,
mev70_s70,0.7,False,False,0.15,41,0.6999999999999768,0.7000000000000373,15.0,0.0,0.0,0.0,
mev70_s70,0.7,False,False,0.15,42,0.7000000000000014,0.6999999999999731,18.0,0.0,0.0,0.0,
mev70_s70,0.7,False,False,0.15,43,0.7000000000000149,0.7000000000000357,12.0,0.0,0.0,0.0,
mev70_s70,0.7,False,False,0.15,44,0.6999999999999896,0.6999999999999902,12.0,0.0,0.0,0.0,
mev70_s70,0.7,False,False,0.15,45,0.700000000000039,0.7000000000000369,12.0,0.0,0.0,0.0,
mev70_s70,0.7,False,False,0.15,46,0.6999999999999795,0.6999999999999946,18.0,0.0,0.0,0.0,
mev70_s70,0.7,False,False,0.15,47,0.6999999999999755,0.6999999999999714,12.0,0.0,0.0,0.0,
mev70_s70,0.7,False,False,0.15,48,0.6999999999999897,0.6999999999999745,12.0,0.0,0.0,0.0,
mev70_s70,0.7,False,False,0.15,49,0.6999999999999729,0.7000000000000285,12.0,0.0,0.0,0.0,
mev70_s70,0.7,False,False,0.3,0,0.7000000000000138,0.6999999999999804,15.0,0.0,0.0,0.0,
mev70_s70,0.7,False,False,0.3,1,0.7000000000000154,0.6999999999999653,15.0,0.0,0.0,0.0,
mev70_s70,0.7,False,False,0.3,2,0.6999999999999689,0.7000000000000088,15.0,0.0,0.0,0.0,
mev70_s70,0.7,False,False,0.3,3,0.6999999999999764,0.7000000000000419,18.0,0.0,0.0,0.0,
mev70_s70,0.7,False,False,0.3,4,0.6999999999999686,0.6999999999999829,15.0,0.0,0.0,0.0,
mev70_s70,0.7,False,False,0.3,5,0.699999999999979,0.7000000000000207,12.0,0.0,0.0,0.0,
mev70_s70,0.7,False,False,0.3,6,0.699999999999981,0.6999999999999691,12.0,0.0,0.0,0.0,
mev70_s70,0.7,False,False,0.3,7,0.6999999999999933,0.7000000000000063,12.0,0.0,0.0,0.0,
mev70_s70,0.7,False,False,0.3,8,0.7000000000000334,0.6999999999999869,0.0,0.0,0.0,0.0,
mev70_s70,0.7,False,False,0.3,9,0.700000000000004,0.6999999999999791,0.0,0.0,0.0,0.0,
mev70_s70,0.7,False,False,0.3,10,0.6999999999999835,0.7000000000000146,12.0,0.0,0.0,0.0,
mev70_s70,0.7,False,False,0.3,11,0.7000000000000282,0.6999999999999621,16.0,0.0,0.0,0.0,
mev70_s70,0.7,False,False,0.3,12,0.7000000000000379,0.6999999999999934,12.0,0.0,0.0,0.0,
mev70_s70,0.7,False,False,0.3,13,0.6999999999999738,0.6999999999999985,18.0,0.0,0.0,0.0,
mev70_s70,0.7,False,False,0.3,14,0.7000000000000008,0.7000000000000404,18.0,0.0,0.0,0.0,
mev70_s70,0.7,False,False,0.3,15,0.6999999999999806,0.6999999999999678,18.0,0.0,0.0,0.0,
mev70_s70,0.7,False,False,0.3,16,0.7000000000000076,0.7000000000000011,19.0,0.0,0.0,0.0,
mev70_s70,0.7,False,False,0.3,17,0.7000000000000126,0.7000000000000323,12.0,0.0,0.0,0.0,
mev70_s70,0.7,False,False,0.3,18,0.7000000000000051,0.700000000000041,15.0,0.0,0.0,0.0,
mev70_s70,0.7,False,False,0.3,19,0.6999999999999893,0.7000000000000406,12.0,0.0,0.0,0.0,
mev70_s70,0.7,False,False,0.3,20,0.7000000000000068,0.6999999999999844,12.0,0.0,0.0,0.0,
mev70_s70,0.7,False,False,0.3,21,0.7000000000000044,0.6999999999999995,15.0,0.0,0.0,0.0,
mev70_s70,0.7,False,False,0.3,22,0.7000000000000217,0.7000000000000206,12.0,0.0,0.0,0.0,
mev70_s70,0.7,False,False,0.3,23,0.7000000000000275,0.6999999999999849,12.0,0.0,0.0,0.0,
mev70_s70,0.7,False,False,0.3,24,0.7000000000000335,0.7000000000000133,12.0,0.0,0.0,0.0,
mev70_s70,0.7,False,False,0.3,25,0.6999999999999956,0.7000000000000304,18.0,0.0,0.0,0.0,
mev70_s70,0.7,False,False,0.3,26,0.700000000000017,0.7000000000000166,15.0,0.0,0.0,0.0,
mev70_s70,0.7,False,False,0.3,27,0.6999999999999632,0.700000000000023,12.0,0.0,0.0,0.0,
mev70_s70,0.7,False,False,0.3,28,0.6999999999999915,0.6999999999999673,12.0,0.0,0.0,0.0,
mev70_s70,0.7,False,False,0.3,29,0.7000000000000302,0.6999999999999703,12.0,0.0,0.0,0.0,
mev70_s70,0.7,False,False,0.3,30,0.7000000000000185,0.6999999999999726,0.0,0.0,0.0,0.0,
mev70_s70,0.7,False,False,0.3,31,0.6999999999999736,0.7000000000000277,19.0,0.0,0.0,0.0,
mev70_s70,0.7,False,False,0.3,32,0.6999999999999598,0.7000000000000256,12.0,0.0,0.0,0.0,
mev70_s70,0.7,False,False,0.3,33,0.6999999999999991,0.6999999999999841,12.0,0.0,0.0,0.0,
mev70_s70,0.7,False,False,0.3,34,0.69999999999998,0.6999999999999633,19.0,0.0,0.0,0.0,
mev70_s70,0.7,False,False,0.3,35,0.7000000000000062,0.7000000000000093,12.0,0.0,0.0,0.0,
mev70_s70,0.7,False,False,0.3,36,0.7000000000000006,0.6999999999999796,18.0,0.0,0.0,0.0,
mev70_s70,0.7,False,False,0.3,37,0.699999999999989,0.6999999999999811,19.0,0.0,0.0,0.0,
mev70_s70,0.7,False,False,0.3,38,0.6999999999999822,0.700000000000018,16.0,0.0,0.0,0.0,
mev70_s70,0.7,False,False,0.3,39,0.7000000000000054,0.700000000000007,15.0,0.0,0.0,0.0,
mev70_s70,0.7,False,False,0.3,40,0.6999999999999923,0.7000000000000177,18.0,0.0,0.0,0.0,
mev70_s70,0.7,False,False,0.3,41,0.6999999999999768,0.7000000000000373,15.0,0.0,0.0,0.0,
mev70_s70,0.7,False,False,0.3,42,0.7000000000000014,0.6999999999999731,18.0,0.0,0.0,0.0,
mev70_s70,0.7,False,False,0.3,43,0.7000000000000149,0.7000000000000357,12.0,0.0,0.0,0.0,
mev70_s70,0.7,False,False,0.3,44,0.6999999999999896,0.6999999999999902,12.0,0.0,0.0,0.0,
mev70_s70,0.7,False,False,0.3,45,0.700000000000039,0.7000000000000369,12.0,0.0,0.0,0.0,
mev70_s70,0.7,False,False,0.3,46,0.6999999999999795,0.6999999999999946,19.0,0.0,0.0,0.0,
mev70_s70,0.7,False,False,0.3,47,0.6999999999999755,0.6999999999999714,12.0,0.0,0.0,0.0,
mev70_s70,0.7,False,False,0.3,48,0.6999999999999897,0.6999999999999745,12.0,0.0,0.0,0.0,
mev70_s70,0.7,False,False,0.3,49,0.6999999999999729,0.7000000000000285,12.0,0.0,0.0,0.0,
mev70_s70,0.7,False,True,0.0,0,0.7000000000000138,0.6999999999999804,3.0,7.0,0.39158358811696375,0.16666666666666666,0.04341948061609919
mev70_s70,0.7,False,True,0.0,1,0.7000000000000154,0.6999999999999653,3.0,5.0,0.3950855815435226,0.16666666666666666,0.046415389456126555
mev70_s70,0.7,False,True,0.0,2,0.6999999999999689,0.7000000000000088,3.0,0.0,0.401468546790436,0.0,0.04726882089263079
mev70_s70,0.7,False,True,0.0,3,0.6999999999999764,0.7000000000000419,3.0,0.0,0.38866054978728953,0.0,0.04786719449419877
mev70_s70,0.7,False,True,0.0,4,0.6999999999999686,0.6999999999999829,3.0,3.0,0.3863018462460874,0.125,0.045619634476861036
mev70_s70,0.7,False,True,0.0,5,0.699999999999979,0.7000000000000207,3.0,1.0,0.39711816238453657,0.0,0.04411046576312943
mev70_s70,0.7,False,True,0.0,6,0.699999999999981,0.6999999999999691,3.0,1.0,0.3958557660935695,0.125,0.05071171858007545
mev70_s70,0.7,False,True,0.0,7,0.6999999999999933,0.7000000000000063,3.0,6.0,0.39164765417932906,0.16666666666666666,0.04312214730383646
mev70_s70,0.7,False,True,0.0,8,0.7000000000000334,0.6999999999999869,0.0,0.0,0.3946263517352031,0.0,0.042218395360496465
mev70_s70,0.7,False,True,0.0,9,0.700000000000004,0.6999999999999791,0.0,0.0,0.4030058877117728,0.0,0.04373215828467086
mev70_s70,0.7,False,True,0.0,10,0.6999999999999835,0.7000000000000146,3.0,0.0,0.3813184147699944,0.0,0.048783414702996006
mev70_s70,0.7,False,True,0.0,11,0.7000000000000282,0.6999999999999621,5.0,8.0,0.39902259352673425,0.16666666666666666,0.04602882329612067
mev70_s70,0.7,False,True,0.0,12,0.7000000000000379,0.6999999999999934,0.0,0.0,0.4001320361487549,0.0,0.04331930590313718
mev70_s70,0.7,False,True,0.0,13,0.6999999999999738,0.6999999999999985,3.0,0.0,0.39806443801411223,0.0,0.047639999871623664
mev70_s70,0.7,False,True,0.0,14,0.7000000000000008,0.7000000000000404,3.0,3.0,0.3928111396918545,0.16666666666666666,0.04778344002685933
mev70_s70,0.7,False,True,0.0,15,0.6999999999999806,0.6999999999999678,3.0,3.0,0.382291251723913,0.125,0.048055104463507775
mev70_s70,0.7,False,True,0.0,16,0.7000000000000076,0.7000000000000011,4.0,1.0,0.39036083104433494,0.125,0.04824287243378705
mev70_s70,0.7,False,True,0.0,17,0.7000000000000126,0.7000000000000323,3.0,0.0,0.39466784996657395,0.0,0.04781828374208532
mev70_s70,0.7,False,True,0.0,18,0.7000000000000051,0.700000000000041,3.0,4.0,0.39800908230776083,0.125,0.046518436347028944
mev70_s70,0.7,False,True,0.0,19,0.6999999999999893,0.7000000000000406,3.0,2.0,0.386246304112216,0.125,0.048901224564464475
mev70_s70,0.7,False,True,0.0,20,0.7000000000000068,0.6999999999999844,0.0,3.0,0.3970116071512626,0.125,0.04325222119734399
mev70_s70,0.7,False,True,0.0,21,0.7000000000000044,0.6999999999999995,3.0,1.0,0.37475353986771964,0.125,0.05015830147138595
mev70_s70,0.7,False,True,0.0,22,0.7000000000000217,0.7000000000000206,3.0,5.0,0.39416919532637024,0.16666666666666666,0.04188440582924572
mev70_s70,0.7,False,True,0.0,23,0.7000000000000275,0.6999999999999849,0.0,3.0,0.3989805275585464,0.125,0.04638784530515187
mev70_s70,0.7,False,True,0.0,24,0.7000000000000335,0.7000000000000133,3.0,0.0,0.39978773293858844,0.0,0.04246093660589836
mev70_s70,0.7,False,True,0.0,25,0.6999999999999956,0.7000000000000304,3.0,8.0,0.3961429425875259,0.16666666666666666,0.04454921824273801
mev70_s70,0.7,False,True,0.0,26,0.700000000000017,0.7000000000000166,3.0,0.0,0.3979465042674523,0.041666666666666664,0.047322683746535706
mev70_s70,0.7,False,True,0.0,27,0.6999999999999632,0.700000000000023,3.0,4.0,0.403213036808206,0.0,0.04665847470429106
mev70_s70,0.7,False,True,0.0,28,0.6999999999999915,0.6999999999999673,3.0,4.0,0.39783431099064376,0.125,0.04501928409021881
mev70_s70,0.7,False,True,0.0,29,0.7000000000000302,0.6999999999999703,3.0,1.0,0.3894062121536479,0.125,0.04904568159724358
mev70_s70,0.7,False,True,0.0,30,0.7000000000000185,0.6999999999999726,0.0,5.0,0.39813822518029907,0.125,0.041488885577417374
mev70_s70,0.7,False,True,0.0,31,0.6999999999999736,0.7000000000000277,4.0,3.0,0.37454926296245905,0.16666666666666666,0.05120722023572632
mev70_s70,0.7,False,True,0.0,32,0.6999999999999598,0.7000000000000256,3.0,6.0,0.39609211874794703,0.16666666666666666,0.04381497300056397
mev70_s70,0.7,False,True,0.0,33,0.6999999999999991,0.6999999999999841,3.0,0.0,0.38871659461354824,0.125,0.04523440365989065
mev70_s70,0.7,False,True,0.0,34,0.69999999999998,0.6999999999999633,3.0,5.0,0.3976576676716591,0.16666666666666666,0.04811329576316009
mev70_s70,0.7,False,True,0.0,35,0.7000000000000062,0.7000000000000093,3.0,7.0,0.3930820553443744,0.16666666666666666,0.04445961495798771
mev70_s70,0.7,False,True,0.0,36,0.7000000000000006,0.6999999999999796,3.0,8.0,0.3916702582715253,0.16666666666666666,0.044836785673165284
mev70_s70,0.7,False,True,0.0,37,0.699999999999989,0.6999999999999811,3.0,2.0,0.4010436773882685,0.125,0.046808851429868355
mev70_s70,0.7,False,True,0.0,38,0.6999999999999822,0.700000000000018,3.0,6.0,0.39773041709930196,0.16666666666666666,0.04834720924070056
mev70_s70,0.7,False,True,0.0,39,0.7000000000000054,0.700000000000007,3.0,7.0,0.4010538009274498,0.125,0.04271507437436308
mev70_s70,0.7,False,True,0.0,40,0.6999999999999923,0.7000000000000177,3.0,5.0,0.38431893860002275,0.125,0.04484079298991926
mev70_s70,0.7,False,True,0.0,41,0.6999999999999768,0.7000000000000373,3.0,7.0,0.39976826184250525,0.16666666666666666,0.047493134519879895
mev70_s70,0.7,False,True,0.0,42,0.7000000000000014,0.6999999999999731,3.0,1.0,0.39202681878671936,0.0,0.0462655210864132
mev70_s70,0.7,False,True,0.0,43,0.7000000000000149,0.7000000000000357,3.0,0.0,0.38955957127665297,0.0,0.04510331755238767
mev70_s70,0.7,False,True,0.0,44,0.6999999999999896,0.6999999999999902,3.0,3.0,0.4001034346087616,0.125,0.044099718484428715
mev70_s70,0.7,False,True,0.0,45,0.700000000000039,0.7000000000000369,3.0,0.0,0.3932418446640424,0.0,0.04491265055279481
mev70_s70,0.7,False,True,0.0,46,0.6999999999999795,0.6999999999999946,3.0,7.0,0.39742403367577334,0.16666666666666666,0.04803768034192606
mev70_s70,0.7,False,True,0.0,47,0.6999999999999755,0.6999999999999714,0.0,3.0,0.38768765204191097,0.125,0.04590208400410761
mev70_s70,0.7,False,True,0.0,48,0.6999999999999897,0.6999999999999745,3.0,7.0,0.40246728662601305,0.16666666666666666,0.04510863996002804
mev70_s70,0.7,False,True,0.0,49,0.6999999999999729,0.7000000000000285,3.0,0.0,0.3903131769303649,0.0,0.04675795942755382
mev70_s70,0.7,False,True,0.15,0,0.7000000000000138,0.6999999999999804,3.0,7.0,0.39158358811696375,0.16666666666666666,0.04341948061609919
mev70_s70,0.7,False,True,0.15,1,0.7000000000000154,0.6999999999999653,3.0,5.0,0.3950855815435226,0.16666666666666666,0.046415389456126555
mev70_s70,0.7,False,True,0.15,2,0.6999999999999689,0.7000000000000088,3.0,0.0,0.401468546790436,0.0,0.04726882089263079
mev70_s70,0.7,False,True,0.15,3,0.6999999999999764,0.7000000000000419,3.0,0.0,0.38866054978728953,0.0,0.04786719449419877
mev70_s70,0.7,False,True,0.15,4,0.6999999999999686,0.6999999999999829,3.0,3.0,0.3863018462460874,0.125,0.045619634476861036
mev70_s70,0.7,False,True,0.15,5,0.699999999999979,0.7000000000000207,3.0,2.0,0.39711816238453657,0.0,0.04411046576312943
mev70_s70,0.7,False,True,0.15,6,0.699999999999981,0.6999999999999691,3.0,1.0,0.3958557660935695,0.125,0.05071171858007545
mev70_s70,0.7,False,True,0.15,7,0.6999999999999933,0.7000000000000063,3.0,6.0,0.39164765417932906,0.16666666666666666,0.04312214730383646
mev70_s70,0.7,False,True,0.15,8,0.7000000000000334,0.6999999999999869,0.0,0.0,0.3946263517352031,0.0,0.042218395360496465
mev70_s70,0.7,False,True,0.15,9,0.700000000000004,0.6999999999999791,0.0,0.0,0.4030058877117728,0.0,0.04373215828467086
mev70_s70,0.7,False,True,0.15,10,0.6999999999999835,0.7000000000000146,3.0,0.0,0.3813184147699944,0.0,0.048783414702996006
mev70_s70,0.7,False,True,0.15,11,0.7000000000000282,0.6999999999999621,5.0,8.0,0.39902259352673425,0.16666666666666666,0.04602882329612067
mev70_s70,0.7,False,True,0.15,12,0.7000000000000379,0.6999999999999934,0.0,0.0,0.4001320361487549,0.0,0.04331930590313718
mev70_s70,0.7,False,True,0.15,13,0.6999999999999738,0.6999999999999985,3.0,0.0,0.39806443801411223,0.0,0.047639999871623664
mev70_s70,0.7,False,True,0.15,14,0.7000000000000008,0.7000000000000404,3.0,3.0,0.3928111396918545,0.16666666666666666,0.04778344002685933
mev70_s70,0.7,False,True,0.15,15,0.6999999999999806,0.6999999999999678,3.0,3.0,0.382291251723913,0.125,0.048055104463507775
mev70_s70,0.7,False,True,0.15,16,0.7000000000000076,0.7000000000000011,4.0,1.0,0.39036083104433494,0.125,0.04824287243378705
mev70_s70,0.7,False,True,0.15,17,0.7000000000000126,0.7000000000000323,3.0,0.0,0.39466784996657395,0.0,0.04781828374208532
mev70_s70,0.7,False,True,0.15,18,0.7000000000000051,0.700000000000041,3.0,4.0,0.39800908230776083,0.16666666666666666,0.046518436347028944
mev70_s70,0.7,False,True,0.15,19,0.6999999999999893,0.7000000000000406,3.0,3.0,0.386246304112216,0.125,0.048901224564464475
mev70_s70,0.7,False,True,0.15,20,0.7000000000000068,0.6999999999999844,0.0,3.0,0.3970116071512626,0.125,0.04325222119734399
mev70_s70,0.7,False,True,0.15,21,0.7000000000000044,0.6999999999999995,3.0,1.0,0.37475353986771964,0.125,0.05015830147138595
mev70_s70,0.7,False,True,0.15,22,0.7000000000000217,0.7000000000000206,3.0,5.0,0.39416919532637024,0.16666666666666666,0.04188440582924572
mev70_s70,0.7,False,True,0.15,23,0.7000000000000275,0.6999999999999849,0.0,3.0,0.3989805275585464,0.125,0.04638784530515187
mev70_s70,0.7,False,True,0.15,24,0.7000000000000335,0.7000000000000133,3.0,0.0,0.39978773293858844,0.0,0.04246093660589836
mev70_s70,0.7,False,True,0.15,25,0.6999999999999956,0.7000000000000304,3.0,8.0,0.3961429425875259,0.16666666666666666,0.04454921824273801
mev70_s70,0.7,False,True,0.15,26,0.700000000000017,0.7000000000000166,3.0,0.0,0.3979465042674523,0.041666666666666664,0.047322683746535706
mev70_s70,0.7,False,True,0.15,27,0.6999999999999632,0.700000000000023,3.0,4.0,0.403213036808206,0.0,0.04665847470429106
mev70_s70,0.7,False,True,0.15,28,0.6999999999999915,0.6999999999999673,3.0,4.0,0.39783431099064376,0.125,0.04501928409021881
mev70_s70,0.7,False,True,0.15,29,0.7000000000000302,0.6999999999999703,3.0,1.0,0.3894062121536479,0.125,0.04904568159724358
mev70_s70,0.7,False,True,0.15,30,0.7000000000000185,0.6999999999999726,0.0,5.0,0.39813822518029907,0.125,0.041488885577417374
mev70_s70,0.7,False,True,0.15,31,0.6999999999999736,0.7000000000000277,4.0,3.0,0.37454926296245905,0.16666666666666666,0.05120722023572632
mev70_s70,0.7,False,True,0.15,32,0.6999999999999598,0.7000000000000256,3.0,6.0,0.39609211874794703,0.16666666666666666,0.04381497300056397
mev70_s70,0.7,False,True,0.15,33,0.6999999999999991,0.6999999999999841,3.0,0.0,0.38871659461354824,0.125,0.04523440365989065
mev70_s70,0.7,False,True,0.15,34,0.69999999999998,0.6999999999999633,3.0,5.0,0.3976576676716591,0.16666666666666666,0.04811329576316009
mev70_s70,0.7,False,True,0.15,35,0.7000000000000062,0.7000000000000093,3.0,7.0,0.3930820553443744,0.16666666666666666,0.04445961495798771
mev70_s70,0.7,False,True,0.15,36,0.7000000000000006,0.6999999999999796,3.0,8.0,0.3916702582715253,0.16666666666666666,0.044836785673165284
mev70_s70,0.7,False,True,0.15,37,0.699999999999989,0.6999999999999811,3.0,3.0,0.4010436773882685,0.125,0.046808851429868355
mev70_s70,0.7,False,True,0.15,38,0.6999999999999822,0.700000000000018,3.0,6.0,0.39773041709930196,0.16666666666666666,0.04834720924070056
mev70_s70,0.7,False,True,0.15,39,0.7000000000000054,0.700000000000007,3.0,7.0,0.4010538009274498,0.125,0.04271507437436308
mev70_s70,0.7,False,True,0.15,40,0.6999999999999923,0.7000000000000177,3.0,5.0,0.38431893860002275,0.125,0.04484079298991926
mev70_s70,0.7,False,True,0.15,41,0.6999999999999768,0.7000000000000373,3.0,7.0,0.39976826184250525,0.16666666666666666,0.047493134519879895
mev70_s70,0.7,False,True,0.15,42,0.7000000000000014,0.6999999999999731,3.0,1.0,0.39202681878671936,0.0,0.0462655210864132
mev70_s70,0.7,False,True,0.15,43,0.7000000000000149,0.7000000000000357,3.0,0.0,0.38955957127665297,0.0,0.04510331755238767
mev70_s70,0.7,False,True,0.15,44,0.6999999999999896,0.6999999999999902,3.0,3.0,0.4001034346087616,0.125,0.044099718484428715
mev70_s70,0.7,False,True,0.15,45,0.700000000000039,0.7000000000000369,3.0,2.0,0.3932418446640424,0.0,0.04491265055279481
mev70_s70,0.7,False,True,0.15,46,0.6999999999999795,0.6999999999999946,3.0,7.0,0.39742403367577334,0.16666666666666666,0.04803768034192606
mev70_s70,0.7,False,True,0.15,47,0.6999999999999755,0.6999999999999714,0.0,3.0,0.38768765204191097,0.125,0.04590208400410761
mev70_s70,0.7,False,True,0.15,48,0.6999999999999897,0.6999999999999745,3.0,7.0,0.40246728662601305,0.16666666666666666,0.04510863996002804
mev70_s70,0.7,False,True,0.15,49,0.6999999999999729,0.7000000000000285,3.0,0.0,0.3903131769303649,0.0,0.04675795942755382
mev70_s70,0.7,False,True,0.3,0,0.7000000000000138,0.6999999999999804,3.0,7.0,0.39158358811696375,0.16666666666666666,0.04341948061609919
mev70_s70,0.7,False,True,0.3,1,0.7000000000000154,0.6999999999999653,3.0,6.0,0.3950855815435226,0.16666666666666666,0.046415389456126555
mev70_s70,0.7,False,True,0.3,2,0.6999999999999689,0.7000000000000088,3.0,0.0,0.401468546790436,0.0,0.04726882089263079
mev70_s70,0.7,False,True,0.3,3,0.6999999999999764,0.7000000000000419,3.0,2.0,0.38866054978728953,0.041666666666666664,0.04786719449419877
mev70_s70,0.7,False,True,0.3,4,0.6999999999999686,0.6999999999999829,3.0,5.0,0.3863018462460874,0.125,0.045619634476861036
mev70_s70,0.7,False,True,0.3,5,0.699999999999979,0.7000000000000207,3.0,2.0,0.39711816238453657,0.041666666666666664,0.04411046576312943
mev70_s70,0.7,False,True,0.3,6,0.699999999999981,0.6999999999999691,3.0,1.0,0.3958557660935695,0.125,0.05071171858007545
mev70_s70,0.7,False,True,0.3,7,0.6999999999999933,0.7000000000000063,3.0,6.0,0.39164765417932906,0.16666666666666666,0.04312214730383646
mev70_s70,0.7,False,True,0.3,8,0.7000000000000334,0.6999999999999869,0.0,3.0,0.3946263517352031,0.125,0.042218395360496465
mev70_s70,0.7,False,True,0.3,9,0.700000000000004,0.6999999999999791,0.0,0.0,0.4030058877117728,0.0,0.04373215828467086
mev70_s70,0.7,False,True,0.3,10,0.6999999999999835,0.7000000000000146,3.0,1.0,0.3813184147699944,0.041666666666666664,0.048783414702996006
mev70_s70,0.7,False,True,0.3,11,0.7000000000000282,0.6999999999999621,5.0,8.0,0.39902259352673425,0.16666666666666666,0.04602882329612067
mev70_s70,0.7,False,True,0.3,12,0.7000000000000379,0.6999999999999934,0.0,0.0,0.4001320361487549,0.0,0.04331930590313718
mev70_s70,0.7,False,True,0.3,13,0.6999999999999738,0.6999999999999985,3.0,0.0,0.39806443801411223,0.08333333333333333,0.047639999871623664
mev70_s70,0.7,False,True,0.3,14,0.7000000000000008,0.7000000000000404,3.0,4.0,0.3928111396918545,0.16666666666666666,0.04778344002685933
mev70_s70,0.7,False,True,0.3,15,0.6999999999999806,0.6999999999999678,3.0,3.0,0.382291251723913,0.125,0.048055104463507775
mev70_s70,0.7,False,True,0.3,16,0.7000000000000076,0.7000000000000011,4.0,1.0,0.39036083104433494,0.125,0.04824287243378705
mev70_s70,0.7,False,True,0.3,17,0.7000000000000126,0.7000000000000323,3.0,0.0,0.39466784996657395,0.0,0.04781828374208532
mev70_s70,0.7,False,True,0.3,18,0.7000000000000051,0.700000000000041,3.0,4.0,0.39800908230776083,0.16666666666666666,0.046518436347028944
mev70_s70,0.7,False,True,0.3,19,0.6999999999999893,0.7000000000000406,3.0,4.0,0.386246304112216,0.125,0.048901224564464475
mev70_s70,0.7,False,True,0.3,20,0.7000000000000068,0.6999999999999844,0.0,3.0,0.3970116071512626,0.125,0.04325222119734399
mev70_s70,0.7,False,True,0.3,21,0.7000000000000044,0.6999999999999995,3.0,1.0,0.37475353986771964,0.125,0.05015830147138595
mev70_s70,0.7,False,True,0.3,22,0.7000000000000217,0.7000000000000206,3.0,6.0,0.39416919532637024,0.16666666666666666,0.04188440582924572
mev70_s70,0.7,False,True,0.3,23,0.7000000000000275,0.6999999999999849,0.0,4.0,0.3989805275585464,0.16666666666666666,0.04638784530515187
mev70_s70,0.7,False,True,0.3,24,0.7000000000000335,0.7000000000000133,3.0,0.0,0.39978773293858844,0.0,0.04246093660589836
mev70_s70,0.7,False,True,0.3,25,0.6999999999999956,0.7000000000000304,3.0,8.0,0.3961429425875259,0.16666666666666666,0.04454921824273801
mev70_s70,0.7,False,True,0.3,26,0.700000000000017,0.7000000000000166,3.0,0.0,0.3979465042674523,0.041666666666666664,0.047322683746535706
mev70_s70,0.7,False,True,0.3,27,0.6999999999999632,0.700000000000023,3.0,4.0,0.403213036808206,0.0,0.04665847470429106
mev70_s70,0.7,False,True,0.3,28,0.6999999999999915,0.6999999999999673,3.0,4.0,0.39783431099064376,0.16666666666666666,0.04501928409021881
mev70_s70,0.7,False,True,0.3,29,0.7000000000000302,0.6999999999999703,3.0,2.0,0.3894062121536479,0.125,0.04904568159724358
mev70_s70,0.7,False,True,0.3,30,0.7000000000000185,0.6999999999999726,0.0,6.0,0.39813822518029907,0.16666666666666666,0.041488885577417374
mev70_s70,0.7,False,True,0.3,31,0.6999999999999736,0.7000000000000277,4.0,3.0,0.37454926296245905,0.16666666666666666,0.05120722023572632
mev70_s70,0.7,False,True,0.3,32,0.6999999999999598,0.7000000000000256,3.0,6.0,0.39609211874794703,0.16666666666666666,0.04381497300056397
mev70_s70,0.7,False,True,0.3,33,0.6999999999999991,0.6999999999999841,3.0,1.0,0.38871659461354824,0.125,0.04523440365989065
mev70_s70,0.7,False,True,0.3,34,0.69999999999998,0.6999999999999633,3.0,5.0,0.3976576676716591,0.16666666666666666,0.04811329576316009
mev70_s70,0.7,False,True,0.3,35,0.7000000000000062,0.7000000000000093,3.0,7.0,0.3930820553443744,0.16666666666666666,0.04445961495798771
mev70_s70,0.7,False,True,0.3,36,0.7000000000000006,0.6999999999999796,3.0,8.0,0.3916702582715253,0.16666666666666666,0.044836785673165284
mev70_s70,0.7,False,True,0.3,37,0.699999999999989,0.6999999999999811,3.0,3.0,0.4010436773882685,0.125,0.046808851429868355
mev70_s70,0.7,False,True,0.3,38,0.6999999999999822,0.700000000000018,3.0,7.0,0.39773041709930196,0.16666666666666666,0.04834720924070056
mev70_s70,0.7,False,True,0.3,39,0.7000000000000054,0.700000000000007,3.0,7.0,0.4010538009274498,0.125,0.04271507437436308
mev70_s70,0.7,False,True,0.3,40,0.6999999999999923,0.7000000000000177,3.0,5.0,0.38431893860002275,0.125,0.04484079298991926
mev70_s70,0.7,False,True,0.3,41,0.6999999999999768,0.7000000000000373,3.0,8.0,0.39976826184250525,0.16666666666666666,0.047493134519879895
mev70_s70,0.7,False,True,0.3,42,0.7000000000000014,0.6999999999999731,3.0,2.0,0.39202681878671936,0.0,0.0462655210864132
mev70_s70,0.7,False,True,0.3,43,0.7000000000000149,0.7000000000000357,3.0,0.0,0.38955957127665297,0.0,0.04510331755238767
mev70_s70,0.7,False,True,0.3,44,0.6999999999999896,0.6999999999999902,3.0,4.0,0.4001034346087616,0.125,0.044099718484428715
mev70_s70,0.7,False,True,0.3,45,0.700000000000039,0.7000000000000369,3.0,6.0,0.3932418446640424,0.125,0.04491265055279481
mev70_s70,0.7,False,True,0.3,46,0.6999999999999795,0.6999999999999946,3.0,7.0,0.39742403367577334,0.16666666666666666,0.04803768034192606
mev70_s70,0.7,False,True,0.3,47,0.6999999999999755,0.6999999999999714,0.0,4.0,0.38768765204191097,0.125,0.04590208400410761
mev70_s70,0.7,False,True,0.3,48,0.6999999999999897,0.6999999999999745,3.0,8.0,0.40246728662601305,0.16666666666666666,0.04510863996002804
mev70_s70,0.7,False,True,0.3,49,0.6999999999999729,0.7000000000000285,3.0,0.0,0.3903131769303649,0.0,0.04675795942755382
