Grup,Donem,Seri,Ad,Agg,Deger
bie_finhestnks710125,2010-Q4,TP.FINHESTNKS710125.ZP1,"BF.9.NET FİNANSAL DEĞER, Diğer Finansal Aracılar (Konsolide Stok)",last,3871542.039
bie_finhestnks710125,2010-Q4,TP.FINHESTNKS710125.ZP2,"VF.1.Parasal Altın ve SDR, Diğer Finansal Aracılar (Konsolide Stok)",last,0.0
bie_finhestnks710125,2010-Q4,TP.FINHESTNKS710125.ZP3,"VF.1.1.Parasal Altın, Diğer Finansal Aracılar (Konsolide Stok)",last,0.0
bie_finhestnks710125,2010-Q4,TP.FINHESTNKS710125.ZP4,"VF.1.2.Özel Çekme Hakları (SDR), Diğer Finansal Aracılar (Konsolide Stok)",last,0.0
bie_finhestnks710125,2010-Q4,TP.FINHESTNKS710125.ZP5,"VF.2.Para ve Mevduat, Diğer Finansal Aracılar (Konsolide Stok)",last,4678348.0
bie_finhestnks710125,2010-Q4,TP.FINHESTNKS710125.ZP6,"VF.2.1.Para, Diğer Finansal Aracılar (Konsolide Stok)",last,10640.0
bie_finhestnks710125,2010-Q4,TP.FINHESTNKS710125.ZP7,"VF.2.2.Vadesiz Mevduat, Diğer Finansal Aracılar (Konsolide Stok)",last,342638.0
bie_finhestnks710125,2010-Q4,TP.FINHESTNKS710125.ZP8,"VF.2.9.Vadeli Mevduat, Diğer Finansal Aracılar (Konsolide Stok)",last,4325070.0
bie_finhestnks710125,2010-Q4,TP.FINHESTNKS710125.ZP9,"VF.3.Borçlanma Senetleri, Diğer Finansal Aracılar (Konsolide Stok)",last,137464.0
bie_finhestnks710125,2010-Q4,TP.FINHESTNKS710125.ZP10,"VF.3.1.Kısa Vadeli Borçlanma Senetleri, Diğer Finansal Aracılar (Konsolide Stok)",last,0.0
bie_finhestnks710125,2010-Q4,TP.FINHESTNKS710125.ZP11,"VF.3.2.Uzun Vadeli Borçlanma Senetleri, Diğer Finansal Aracılar (Konsolide Stok)",last,137464.0
bie_finhestnks710125,2010-Q4,TP.FINHESTNKS710125.ZP12,"VF.4.Krediler, Diğer Finansal Aracılar (Konsolide Stok)",last,30264708.0
bie_finhestnks710125,2010-Q4,TP.FINHESTNKS710125.ZP13,"VF.4.1.Kısa Vadeli Krediler, Diğer Finansal Aracılar (Konsolide Stok)",last,30264708.0
bie_finhestnks710125,2010-Q4,TP.FINHESTNKS710125.ZP14,"VF.4.2.Uzun Vadeli Krediler, Diğer Finansal Aracılar (Konsolide Stok)",last,0.0
bie_finhestnks710125,2010-Q4,TP.FINHESTNKS710125.ZP15,"VF.5.Hisse Senetleri ve Özkaynaklar, Diğer Finansal Aracılar (Konsolide Stok)",last,237629.0
bie_finhestnks710125,2010-Q4,TP.FINHESTNKS710125.ZP16,"VF.5.1.Hisse Senetleri ve Özkaynaklar, Diğer Finansal Aracılar (Konsolide Stok)",last,237629.0
bie_finhestnks710125,2010-Q4,TP.FINHESTNKS710125.ZP17,"VF.5.2.Yatırım Fonu Katılma Belgeleri, Diğer Finansal Aracılar (Konsolide Stok)",last,0.0
bie_finhestnks710125,2010-Q4,TP.FINHESTNKS710125.ZP18,"VF.5.2.1.Para Piyasası Fonları, Diğer Finansal Aracılar (Konsolide Stok)",last,0.0
bie_finhestnks710125,2010-Q4,TP.FINHESTNKS710125.ZP19,"VF.5.2.2.Diğer Yatırım Fonları, Diğer Finansal Aracılar (Konsolide Stok)",last,0.0
bie_finhestnks710125,2010-Q4,TP.FINHESTNKS710125.ZP21,"VF.7.Finansal Türevler, Diğer Finansal Aracılar (Konsolide Stok)",last,38874.039
bie_finhestnks710125,2010-Q4,TP.FINHESTNKS710125.ZP22,"VF.8.Diğer Alacaklar, Diğer Finansal Aracılar (Konsolide Stok)",last,1848266.0
bie_finhestnks710125,2010-Q4,TP.FINHESTNKS710125.ZP23,"VF.0.Toplam Varlıklar, Diğer Finansal Aracılar (Konsolide Stok)",last,37205289.039
bie_finhestnks710125,2010-Q4,TP.FINHESTNKS710125.ZP24,"F.1.Parasal Altın ve SDR, Diğer Finansal Aracılar (Konsolide Stok)",last,0.0
bie_finhestnks710125,2010-Q4,TP.FINHESTNKS710125.ZP26,"F.1.2.Özel Çekme Hakları (SDR), Diğer Finansal Aracılar (Konsolide Stok)",last,0.0
bie_finhestnks710125,2010-Q4,TP.FINHESTNKS710125.ZP27,"F.2.Para ve Mevduat, Diğer Finansal Aracılar (Konsolide Stok)",last,0.0
bie_finhestnks710125,2010-Q4,TP.FINHESTNKS710125.ZP28,"F.2.1.Para, Diğer Finansal Aracılar (Konsolide Stok)",last,0.0
bie_finhestnks710125,2010-Q4,TP.FINHESTNKS710125.ZP29,"F.2.2.Vadesiz Mevduat, Diğer Finansal Aracılar (Konsolide Stok)",last,0.0
bie_finhestnks710125,2010-Q4,TP.FINHESTNKS710125.ZP30,"F.2.9.Vadeli Mevduat, Diğer Finansal Aracılar (Konsolide Stok)",last,0.0
bie_finhestnks710125,2010-Q4,TP.FINHESTNKS710125.ZP31,"F.3.Borçlanma Senetleri, Diğer Finansal Aracılar (Konsolide Stok)",last,961417.0
bie_finhestnks710125,2010-Q4,TP.FINHESTNKS710125.ZP32,"F.3.1.Kısa Vadeli Borçlanma Senetleri, Diğer Finansal Aracılar (Konsolide Stok)",last,0.0
bie_finhestnks710125,2010-Q4,TP.FINHESTNKS710125.ZP33,"F.3.2.Uzun Vadeli Borçlanma Senetleri, Diğer Finansal Aracılar (Konsolide Stok)",last,961417.0
bie_finhestnks710125,2010-Q4,TP.FINHESTNKS710125.ZP34,"F.4.Krediler, Diğer Finansal Aracılar (Konsolide Stok)",last,26732953.0
bie_finhestnks710125,2010-Q4,TP.FINHESTNKS710125.ZP35,"F.4.1.Kısa Vadeli Krediler, Diğer Finansal Aracılar (Konsolide Stok)",last,18713067.1
bie_finhestnks710125,2010-Q4,TP.FINHESTNKS710125.ZP36,"F.4.2.Uzun Vadeli Krediler, Diğer Finansal Aracılar (Konsolide Stok)",last,8019885.9
bie_finhestnks710125,2010-Q4,TP.FINHESTNKS710125.ZP37,"F.5.Hisse Senetleri ve Özkaynaklar, Diğer Finansal Aracılar (Konsolide Stok)",last,3035984.0
bie_finhestnks710125,2010-Q4,TP.FINHESTNKS710125.ZP38,"F.5.1.Hisse Senetleri ve Özkaynaklar, Diğer Finansal Aracılar (Konsolide Stok)",last,3035984.0
bie_finhestnks710125,2010-Q4,TP.FINHESTNKS710125.ZP39,"F.5.2.Yatırım Fonu Katılma Belgeleri, Diğer Finansal Aracılar (Konsolide Stok)",last,0.0
bie_finhestnks710125,2010-Q4,TP.FINHESTNKS710125.ZP40,"F.5.2.1.Para Piyasası Fonları, Diğer Finansal Aracılar (Konsolide Stok)",last,0.0
bie_finhestnks710125,2010-Q4,TP.FINHESTNKS710125.ZP41,"F.5.2.2.Diğer Yatırım Fonları, Diğer Finansal Aracılar (Konsolide Stok)",last,0.0
bie_finhestnks710125,2010-Q4,TP.FINHESTNKS710125.ZP42,"F.6.Sigorta ve Emeklilik Sözleşmeleri, Diğer Finansal Aracılar (Konsolide Stok)",last,0.0
bie_finhestnks710125,2010-Q4,TP.FINHESTNKS710125.ZP43,"F.7.Finansal Türevler, Diğer Finansal Aracılar (Konsolide Stok)",last,55512.0
bie_finhestnks710125,2010-Q4,TP.FINHESTNKS710125.ZP44,"F.8.Diğer Borçlar, Diğer Finansal Aracılar (Konsolide Stok)",last,2547881.0
bie_finhestnks710125,2010-Q4,TP.FINHESTNKS710125.ZP45,"F.0.Toplam Yükümlülükler, Diğer Finansal Aracılar (Konsolide Stok)",last,33333747.0
bie_finhestnks710125,2011-Q4,TP.FINHESTNKS710125.ZP1,"BF.9.NET FİNANSAL DEĞER, Diğer Finansal Aracılar (Konsolide Stok)",last,4580403.183
bie_finhestnks710125,2011-Q4,TP.FINHESTNKS710125.ZP2,"VF.1.Parasal Altın ve SDR, Diğer Finansal Aracılar (Konsolide Stok)",last,0.0
bie_finhestnks710125,2011-Q4,TP.FINHESTNKS710125.ZP3,"VF.1.1.Parasal Altın, Diğer Finansal Aracılar (Konsolide Stok)",last,0.0
bie_finhestnks710125,2011-Q4,TP.FINHESTNKS710125.ZP4,"VF.1.2.Özel Çekme Hakları (SDR), Diğer Finansal Aracılar (Konsolide Stok)",last,0.0
bie_finhestnks710125,2011-Q4,TP.FINHESTNKS710125.ZP5,"VF.2.Para ve Mevduat, Diğer Finansal Aracılar (Konsolide Stok)",last,2292735.0
bie_finhestnks710125,2011-Q4,TP.FINHESTNKS710125.ZP6,"VF.2.1.Para, Diğer Finansal Aracılar (Konsolide Stok)",last,9500.0
bie_finhestnks710125,2011-Q4,TP.FINHESTNKS710125.ZP7,"VF.2.2.Vadesiz Mevduat, Diğer Finansal Aracılar (Konsolide Stok)",last,572497.0
bie_finhestnks710125,2011-Q4,TP.FINHESTNKS710125.ZP8,"VF.2.9.Vadeli Mevduat, Diğer Finansal Aracılar (Konsolide Stok)",last,1710738.0
bie_finhestnks710125,2011-Q4,TP.FINHESTNKS710125.ZP9,"VF.3.Borçlanma Senetleri, Diğer Finansal Aracılar (Konsolide Stok)",last,116272.0
bie_finhestnks710125,2011-Q4,TP.FINHESTNKS710125.ZP10,"VF.3.1.Kısa Vadeli Borçlanma Senetleri, Diğer Finansal Aracılar (Konsolide Stok)",last,0.0
bie_finhestnks710125,2011-Q4,TP.FINHESTNKS710125.ZP11,"VF.3.2.Uzun Vadeli Borçlanma Senetleri, Diğer Finansal Aracılar (Konsolide Stok)",last,116272.0
bie_finhestnks710125,2011-Q4,TP.FINHESTNKS710125.ZP12,"VF.4.Krediler, Diğer Finansal Aracılar (Konsolide Stok)",last,39116148.0
bie_finhestnks710125,2011-Q4,TP.FINHESTNKS710125.ZP13,"VF.4.1.Kısa Vadeli Krediler, Diğer Finansal Aracılar (Konsolide Stok)",last,39116148.0
bie_finhestnks710125,2011-Q4,TP.FINHESTNKS710125.ZP14,"VF.4.2.Uzun Vadeli Krediler, Diğer Finansal Aracılar (Konsolide Stok)",last,0.0
bie_finhestnks710125,2011-Q4,TP.FINHESTNKS710125.ZP15,"VF.5.Hisse Senetleri ve Özkaynaklar, Diğer Finansal Aracılar (Konsolide Stok)",last,200158.0
bie_finhestnks710125,2011-Q4,TP.FINHESTNKS710125.ZP16,"VF.5.1.Hisse Senetleri ve Özkaynaklar, Diğer Finansal Aracılar (Konsolide Stok)",last,200158.0
bie_finhestnks710125,2011-Q4,TP.FINHESTNKS710125.ZP17,"VF.5.2.Yatırım Fonu Katılma Belgeleri, Diğer Finansal Aracılar (Konsolide Stok)",last,0.0
bie_finhestnks710125,2011-Q4,TP.FINHESTNKS710125.ZP18,"VF.5.2.1.Para Piyasası Fonları, Diğer Finansal Aracılar (Konsolide Stok)",last,0.0
bie_finhestnks710125,2011-Q4,TP.FINHESTNKS710125.ZP19,"VF.5.2.2.Diğer Yatırım Fonları, Diğer Finansal Aracılar (Konsolide Stok)",last,0.0
bie_finhestnks710125,2011-Q4,TP.FINHESTNKS710125.ZP21,"VF.7.Finansal Türevler, Diğer Finansal Aracılar (Konsolide Stok)",last,405045.183
bie_finhestnks710125,2011-Q4,TP.FINHESTNKS710125.ZP22,"VF.8.Diğer Alacaklar, Diğer Finansal Aracılar (Konsolide Stok)",last,2221276.0
bie_finhestnks710125,2011-Q4,TP.FINHESTNKS710125.ZP23,"VF.0.Toplam Varlıklar, Diğer Finansal Aracılar (Konsolide Stok)",last,44351634.183
bie_finhestnks710125,2011-Q4,TP.FINHESTNKS710125.ZP24,"F.1.Parasal Altın ve SDR, Diğer Finansal Aracılar (Konsolide Stok)",last,0.0
bie_finhestnks710125,2011-Q4,TP.FINHESTNKS710125.ZP26,"F.1.2.Özel Çekme Hakları (SDR), Diğer Finansal Aracılar (Konsolide Stok)",last,0.0
bie_finhestnks710125,2011-Q4,TP.FINHESTNKS710125.ZP27,"F.2.Para ve Mevduat, Diğer Finansal Aracılar (Konsolide Stok)",last,0.0
bie_finhestnks710125,2011-Q4,TP.FINHESTNKS710125.ZP28,"F.2.1.Para, Diğer Finansal Aracılar (Konsolide Stok)",last,0.0
bie_finhestnks710125,2011-Q4,TP.FINHESTNKS710125.ZP29,"F.2.2.Vadesiz Mevduat, Diğer Finansal Aracılar (Konsolide Stok)",last,0.0
bie_finhestnks710125,2011-Q4,TP.FINHESTNKS710125.ZP30,"F.2.9.Vadeli Mevduat, Diğer Finansal Aracılar (Konsolide Stok)",last,0.0
bie_finhestnks710125,2011-Q4,TP.FINHESTNKS710125.ZP31,"F.3.Borçlanma Senetleri, Diğer Finansal Aracılar (Konsolide Stok)",last,1288141.0
bie_finhestnks710125,2011-Q4,TP.FINHESTNKS710125.ZP32,"F.3.1.Kısa Vadeli Borçlanma Senetleri, Diğer Finansal Aracılar (Konsolide Stok)",last,0.0
bie_finhestnks710125,2011-Q4,TP.FINHESTNKS710125.ZP33,"F.3.2.Uzun Vadeli Borçlanma Senetleri, Diğer Finansal Aracılar (Konsolide Stok)",last,1288141.0
bie_finhestnks710125,2011-Q4,TP.FINHESTNKS710125.ZP34,"F.4.Krediler, Diğer Finansal Aracılar (Konsolide Stok)",last,31928561.0
bie_finhestnks710125,2011-Q4,TP.FINHESTNKS710125.ZP35,"F.4.1.Kısa Vadeli Krediler, Diğer Finansal Aracılar (Konsolide Stok)",last,21711421.48
bie_finhestnks710125,2011-Q4,TP.FINHESTNKS710125.ZP36,"F.4.2.Uzun Vadeli Krediler, Diğer Finansal Aracılar (Konsolide Stok)",last,10217139.52
bie_finhestnks710125,2011-Q4,TP.FINHESTNKS710125.ZP37,"F.5.Hisse Senetleri ve Özkaynaklar, Diğer Finansal Aracılar (Konsolide Stok)",last,3567423.0
bie_finhestnks710125,2011-Q4,TP.FINHESTNKS710125.ZP38,"F.5.1.Hisse Senetleri ve Özkaynaklar, Diğer Finansal Aracılar (Konsolide Stok)",last,3567423.0
bie_finhestnks710125,2011-Q4,TP.FINHESTNKS710125.ZP39,"F.5.2.Yatırım Fonu Katılma Belgeleri, Diğer Finansal Aracılar (Konsolide Stok)",last,0.0
bie_finhestnks710125,2011-Q4,TP.FINHESTNKS710125.ZP40,"F.5.2.1.Para Piyasası Fonları, Diğer Finansal Aracılar (Konsolide Stok)",last,0.0
bie_finhestnks710125,2011-Q4,TP.FINHESTNKS710125.ZP41,"F.5.2.2.Diğer Yatırım Fonları, Diğer Finansal Aracılar (Konsolide Stok)",last,0.0
bie_finhestnks710125,2011-Q4,TP.FINHESTNKS710125.ZP42,"F.6.Sigorta ve Emeklilik Sözleşmeleri, Diğer Finansal Aracılar (Konsolide Stok)",last,0.0
bie_finhestnks710125,2011-Q4,TP.FINHESTNKS710125.ZP43,"F.7.Finansal Türevler, Diğer Finansal Aracılar (Konsolide Stok)",last,158856.0
bie_finhestnks710125,2011-Q4,TP.FINHESTNKS710125.ZP44,"F.8.Diğer Borçlar, Diğer Finansal Aracılar (Konsolide Stok)",last,2828250.0
bie_finhestnks710125,2011-Q4,TP.FINHESTNKS710125.ZP45,"F.0.Toplam Yükümlülükler, Diğer Finansal Aracılar (Konsolide Stok)",last,39771231.0
bie_finhestnks710125,2012-Q4,TP.FINHESTNKS710125.ZP1,"BF.9.NET FİNANSAL DEĞER, Diğer Finansal Aracılar (Konsolide Stok)",last,4597874.443
bie_finhestnks710125,2012-Q4,TP.FINHESTNKS710125.ZP2,"VF.1.Parasal Altın ve SDR, Diğer Finansal Aracılar (Konsolide Stok)",last,0.0
bie_finhestnks710125,2012-Q4,TP.FINHESTNKS710125.ZP3,"VF.1.1.Parasal Altın, Diğer Finansal Aracılar (Konsolide Stok)",last,0.0
bie_finhestnks710125,2012-Q4,TP.FINHESTNKS710125.ZP4,"VF.1.2.Özel Çekme Hakları (SDR), Diğer Finansal Aracılar (Konsolide Stok)",last,0.0
bie_finhestnks710125,2012-Q4,TP.FINHESTNKS710125.ZP5,"VF.2.Para ve Mevduat, Diğer Finansal Aracılar (Konsolide Stok)",last,2753743.0
bie_finhestnks710125,2012-Q4,TP.FINHESTNKS710125.ZP6,"VF.2.1.Para, Diğer Finansal Aracılar (Konsolide Stok)",last,5646.0
bie_finhestnks710125,2012-Q4,TP.FINHESTNKS710125.ZP7,"VF.2.2.Vadesiz Mevduat, Diğer Finansal Aracılar (Konsolide Stok)",last,479432.0
bie_finhestnks710125,2012-Q4,TP.FINHESTNKS710125.ZP8,"VF.2.9.Vadeli Mevduat, Diğer Finansal Aracılar (Konsolide Stok)",last,2268665.0
bie_finhestnks710125,2012-Q4,TP.FINHESTNKS710125.ZP9,"VF.3.Borçlanma Senetleri, Diğer Finansal Aracılar (Konsolide Stok)",last,106567.0
bie_finhestnks710125,2012-Q4,TP.FINHESTNKS710125.ZP10,"VF.3.1.Kısa Vadeli Borçlanma Senetleri, Diğer Finansal Aracılar (Konsolide Stok)",last,38364.12
bie_finhestnks710125,2012-Q4,TP.FINHESTNKS710125.ZP11,"VF.3.2.Uzun Vadeli Borçlanma Senetleri, Diğer Finansal Aracılar (Konsolide Stok)",last,68202.88
bie_finhestnks710125,2012-Q4,TP.FINHESTNKS710125.ZP12,"VF.4.Krediler, Diğer Finansal Aracılar (Konsolide Stok)",last,45956232.0
bie_finhestnks710125,2012-Q4,TP.FINHESTNKS710125.ZP13,"VF.4.1.Kısa Vadeli Krediler, Diğer Finansal Aracılar (Konsolide Stok)",last,45956232.0
bie_finhestnks710125,2012-Q4,TP.FINHESTNKS710125.ZP14,"VF.4.2.Uzun Vadeli Krediler, Diğer Finansal Aracılar (Konsolide Stok)",last,0.0
bie_finhestnks710125,2012-Q4,TP.FINHESTNKS710125.ZP15,"VF.5.Hisse Senetleri ve Özkaynaklar, Diğer Finansal Aracılar (Konsolide Stok)",last,245023.858
bie_finhestnks710125,2012-Q4,TP.FINHESTNKS710125.ZP16,"VF.5.1.Hisse Senetleri ve Özkaynaklar, Diğer Finansal Aracılar (Konsolide Stok)",last,245023.858
bie_finhestnks710125,2012-Q4,TP.FINHESTNKS710125.ZP17,"VF.5.2.Yatırım Fonu Katılma Belgeleri, Diğer Finansal Aracılar (Konsolide Stok)",last,0.0
bie_finhestnks710125,2012-Q4,TP.FINHESTNKS710125.ZP18,"VF.5.2.1.Para Piyasası Fonları, Diğer Finansal Aracılar (Konsolide Stok)",last,0.0
bie_finhestnks710125,2012-Q4,TP.FINHESTNKS710125.ZP19,"VF.5.2.2.Diğer Yatırım Fonları, Diğer Finansal Aracılar (Konsolide Stok)",last,0.0
bie_finhestnks710125,2012-Q4,TP.FINHESTNKS710125.ZP21,"VF.7.Finansal Türevler, Diğer Finansal Aracılar (Konsolide Stok)",last,20075.443
bie_finhestnks710125,2012-Q4,TP.FINHESTNKS710125.ZP22,"VF.8.Diğer Alacaklar, Diğer Finansal Aracılar (Konsolide Stok)",last,2079673.0
bie_finhestnks710125,2012-Q4,TP.FINHESTNKS710125.ZP23,"VF.0.Toplam Varlıklar, Diğer Finansal Aracılar (Konsolide Stok)",last,51161314.301
bie_finhestnks710125,2012-Q4,TP.FINHESTNKS710125.ZP24,"F.1.Parasal Altın ve SDR, Diğer Finansal Aracılar (Konsolide Stok)",last,0.0
bie_finhestnks710125,2012-Q4,TP.FINHESTNKS710125.ZP26,"F.1.2.Özel Çekme Hakları (SDR), Diğer Finansal Aracılar (Konsolide Stok)",last,0.0
bie_finhestnks710125,2012-Q4,TP.FINHESTNKS710125.ZP27,"F.2.Para ve Mevduat, Diğer Finansal Aracılar (Konsolide Stok)",last,0.0
bie_finhestnks710125,2012-Q4,TP.FINHESTNKS710125.ZP28,"F.2.1.Para, Diğer Finansal Aracılar (Konsolide Stok)",last,0.0
bie_finhestnks710125,2012-Q4,TP.FINHESTNKS710125.ZP29,"F.2.2.Vadesiz Mevduat, Diğer Finansal Aracılar (Konsolide Stok)",last,0.0
bie_finhestnks710125,2012-Q4,TP.FINHESTNKS710125.ZP30,"F.2.9.Vadeli Mevduat, Diğer Finansal Aracılar (Konsolide Stok)",last,0.0
bie_finhestnks710125,2012-Q4,TP.FINHESTNKS710125.ZP31,"F.3.Borçlanma Senetleri, Diğer Finansal Aracılar (Konsolide Stok)",last,3085139.0
bie_finhestnks710125,2012-Q4,TP.FINHESTNKS710125.ZP32,"F.3.1.Kısa Vadeli Borçlanma Senetleri, Diğer Finansal Aracılar (Konsolide Stok)",last,401068.07
bie_finhestnks710125,2012-Q4,TP.FINHESTNKS710125.ZP33,"F.3.2.Uzun Vadeli Borçlanma Senetleri, Diğer Finansal Aracılar (Konsolide Stok)",last,2684070.93
bie_finhestnks710125,2012-Q4,TP.FINHESTNKS710125.ZP34,"F.4.Krediler, Diğer Finansal Aracılar (Konsolide Stok)",last,35671654.0
bie_finhestnks710125,2012-Q4,TP.FINHESTNKS710125.ZP35,"F.4.1.Kısa Vadeli Krediler, Diğer Finansal Aracılar (Konsolide Stok)",last,26753740.5
bie_finhestnks710125,2012-Q4,TP.FINHESTNKS710125.ZP36,"F.4.2.Uzun Vadeli Krediler, Diğer Finansal Aracılar (Konsolide Stok)",last,8917913.5
bie_finhestnks710125,2012-Q4,TP.FINHESTNKS710125.ZP37,"F.5.Hisse Senetleri ve Özkaynaklar, Diğer Finansal Aracılar (Konsolide Stok)",last,4403895.858
bie_finhestnks710125,2012-Q4,TP.FINHESTNKS710125.ZP38,"F.5.1.Hisse Senetleri ve Özkaynaklar, Diğer Finansal Aracılar (Konsolide Stok)",last,4403895.858
bie_finhestnks710125,2012-Q4,TP.FINHESTNKS710125.ZP39,"F.5.2.Yatırım Fonu Katılma Belgeleri, Diğer Finansal Aracılar (Konsolide Stok)",last,0.0
bie_finhestnks710125,2012-Q4,TP.FINHESTNKS710125.ZP40,"F.5.2.1.Para Piyasası Fonları, Diğer Finansal Aracılar (Konsolide Stok)",last,0.0
bie_finhestnks710125,2012-Q4,TP.FINHESTNKS710125.ZP41,"F.5.2.2.Diğer Yatırım Fonları, Diğer Finansal Aracılar (Konsolide Stok)",last,0.0
bie_finhestnks710125,2012-Q4,TP.FINHESTNKS710125.ZP42,"F.6.Sigorta ve Emeklilik Sözleşmeleri, Diğer Finansal Aracılar (Konsolide Stok)",last,0.0
bie_finhestnks710125,2012-Q4,TP.FINHESTNKS710125.ZP43,"F.7.Finansal Türevler, Diğer Finansal Aracılar (Konsolide Stok)",last,49643.0
bie_finhestnks710125,2012-Q4,TP.FINHESTNKS710125.ZP44,"F.8.Diğer Borçlar, Diğer Finansal Aracılar (Konsolide Stok)",last,3353108.0
bie_finhestnks710125,2012-Q4,TP.FINHESTNKS710125.ZP45,"F.0.Toplam Yükümlülükler, Diğer Finansal Aracılar (Konsolide Stok)",last,46563439.858
bie_finhestnks710125,2013-Q4,TP.FINHESTNKS710125.ZP1,"BF.9.NET FİNANSAL DEĞER, Diğer Finansal Aracılar (Konsolide Stok)",last,6742358.136
bie_finhestnks710125,2013-Q4,TP.FINHESTNKS710125.ZP2,"VF.1.Parasal Altın ve SDR, Diğer Finansal Aracılar (Konsolide Stok)",last,0.0
bie_finhestnks710125,2013-Q4,TP.FINHESTNKS710125.ZP3,"VF.1.1.Parasal Altın, Diğer Finansal Aracılar (Konsolide Stok)",last,0.0
bie_finhestnks710125,2013-Q4,TP.FINHESTNKS710125.ZP4,"VF.1.2.Özel Çekme Hakları (SDR), Diğer Finansal Aracılar (Konsolide Stok)",last,0.0
bie_finhestnks710125,2013-Q4,TP.FINHESTNKS710125.ZP5,"VF.2.Para ve Mevduat, Diğer Finansal Aracılar (Konsolide Stok)",last,10692299.188
bie_finhestnks710125,2013-Q4,TP.FINHESTNKS710125.ZP6,"VF.2.1.Para, Diğer Finansal Aracılar (Konsolide Stok)",last,6194.103
bie_finhestnks710125,2013-Q4,TP.FINHESTNKS710125.ZP7,"VF.2.2.Vadesiz Mevduat, Diğer Finansal Aracılar (Konsolide Stok)",last,998539.506
bie_finhestnks710125,2013-Q4,TP.FINHESTNKS710125.ZP8,"VF.2.9.Vadeli Mevduat, Diğer Finansal Aracılar (Konsolide Stok)",last,9687565.579
bie_finhestnks710125,2013-Q4,TP.FINHESTNKS710125.ZP9,"VF.3.Borçlanma Senetleri, Diğer Finansal Aracılar (Konsolide Stok)",last,941208.587
bie_finhestnks710125,2013-Q4,TP.FINHESTNKS710125.ZP10,"VF.3.1.Kısa Vadeli Borçlanma Senetleri, Diğer Finansal Aracılar (Konsolide Stok)",last,367071.3489
bie_finhestnks710125,2013-Q4,TP.FINHESTNKS710125.ZP11,"VF.3.2.Uzun Vadeli Borçlanma Senetleri, Diğer Finansal Aracılar (Konsolide Stok)",last,574137.2381
bie_finhestnks710125,2013-Q4,TP.FINHESTNKS710125.ZP12,"VF.4.Krediler, Diğer Finansal Aracılar (Konsolide Stok)",last,62411264.977
bie_finhestnks710125,2013-Q4,TP.FINHESTNKS710125.ZP13,"VF.4.1.Kısa Vadeli Krediler, Diğer Finansal Aracılar (Konsolide Stok)",last,62411264.977
bie_finhestnks710125,2013-Q4,TP.FINHESTNKS710125.ZP14,"VF.4.2.Uzun Vadeli Krediler, Diğer Finansal Aracılar (Konsolide Stok)",last,0.0
bie_finhestnks710125,2013-Q4,TP.FINHESTNKS710125.ZP15,"VF.5.Hisse Senetleri ve Özkaynaklar, Diğer Finansal Aracılar (Konsolide Stok)",last,1165216.0585
bie_finhestnks710125,2013-Q4,TP.FINHESTNKS710125.ZP16,"VF.5.1.Hisse Senetleri ve Özkaynaklar, Diğer Finansal Aracılar (Konsolide Stok)",last,1165216.0585
bie_finhestnks710125,2013-Q4,TP.FINHESTNKS710125.ZP17,"VF.5.2.Yatırım Fonu Katılma Belgeleri, Diğer Finansal Aracılar (Konsolide Stok)",last,0.0
bie_finhestnks710125,2013-Q4,TP.FINHESTNKS710125.ZP18,"VF.5.2.1.Para Piyasası Fonları, Diğer Finansal Aracılar (Konsolide Stok)",last,0.0
bie_finhestnks710125,2013-Q4,TP.FINHESTNKS710125.ZP19,"VF.5.2.2.Diğer Yatırım Fonları, Diğer Finansal Aracılar (Konsolide Stok)",last,0.0
bie_finhestnks710125,2013-Q4,TP.FINHESTNKS710125.ZP20,"VF.6.Sigorta ve Emeklilik Sözleşmeleri, Diğer Finansal Aracılar (Konsolide Stok)",last,0.0
bie_finhestnks710125,2013-Q4,TP.FINHESTNKS710125.ZP21,"VF.7.Finansal Türevler, Diğer Finansal Aracılar (Konsolide Stok)",last,631196.55
bie_finhestnks710125,2013-Q4,TP.FINHESTNKS710125.ZP22,"VF.8.Diğer Alacaklar, Diğer Finansal Aracılar (Konsolide Stok)",last,5789091.0781
bie_finhestnks710125,2013-Q4,TP.FINHESTNKS710125.ZP23,"VF.0.Toplam Varlıklar, Diğer Finansal Aracılar (Konsolide Stok)",last,81630276.4386
bie_finhestnks710125,2013-Q4,TP.FINHESTNKS710125.ZP24,"F.1.Parasal Altın ve SDR, Diğer Finansal Aracılar (Konsolide Stok)",last,0.0
bie_finhestnks710125,2013-Q4,TP.FINHESTNKS710125.ZP26,"F.1.2.Özel Çekme Hakları (SDR), Diğer Finansal Aracılar (Konsolide Stok)",last,0.0
bie_finhestnks710125,2013-Q4,TP.FINHESTNKS710125.ZP27,"F.2.Para ve Mevduat, Diğer Finansal Aracılar (Konsolide Stok)",last,5634532.155
bie_finhestnks710125,2013-Q4,TP.FINHESTNKS710125.ZP28,"F.2.1.Para, Diğer Finansal Aracılar (Konsolide Stok)",last,0.0
bie_finhestnks710125,2013-Q4,TP.FINHESTNKS710125.ZP29,"F.2.2.Vadesiz Mevduat, Diğer Finansal Aracılar (Konsolide Stok)",last,0.0
bie_finhestnks710125,2013-Q4,TP.FINHESTNKS710125.ZP30,"F.2.9.Vadeli Mevduat, Diğer Finansal Aracılar (Konsolide Stok)",last,5634532.155
bie_finhestnks710125,2013-Q4,TP.FINHESTNKS710125.ZP31,"F.3.Borçlanma Senetleri, Diğer Finansal Aracılar (Konsolide Stok)",last,4606711.0
bie_finhestnks710125,2013-Q4,TP.FINHESTNKS710125.ZP32,"F.3.1.Kısa Vadeli Borçlanma Senetleri, Diğer Finansal Aracılar (Konsolide Stok)",last,783140.87
bie_finhestnks710125,2013-Q4,TP.FINHESTNKS710125.ZP33,"F.3.2.Uzun Vadeli Borçlanma Senetleri, Diğer Finansal Aracılar (Konsolide Stok)",last,3823570.13
bie_finhestnks710125,2013-Q4,TP.FINHESTNKS710125.ZP34,"F.4.Krediler, Diğer Finansal Aracılar (Konsolide Stok)",last,49040258.203
bie_finhestnks710125,2013-Q4,TP.FINHESTNKS710125.ZP35,"F.4.1.Kısa Vadeli Krediler, Diğer Finansal Aracılar (Konsolide Stok)",last,34991865.8291
bie_finhestnks710125,2013-Q4,TP.FINHESTNKS710125.ZP36,"F.4.2.Uzun Vadeli Krediler, Diğer Finansal Aracılar (Konsolide Stok)",last,19682924.5289
bie_finhestnks710125,2013-Q4,TP.FINHESTNKS710125.ZP37,"F.5.Hisse Senetleri ve Özkaynaklar, Diğer Finansal Aracılar (Konsolide Stok)",last,6907262.9325
bie_finhestnks710125,2013-Q4,TP.FINHESTNKS710125.ZP38,"F.5.1.Hisse Senetleri ve Özkaynaklar, Diğer Finansal Aracılar (Konsolide Stok)",last,6907262.9325
bie_finhestnks710125,2013-Q4,TP.FINHESTNKS710125.ZP39,"F.5.2.Yatırım Fonu Katılma Belgeleri, Diğer Finansal Aracılar (Konsolide Stok)",last,0.0
bie_finhestnks710125,2013-Q4,TP.FINHESTNKS710125.ZP40,"F.5.2.1.Para Piyasası Fonları, Diğer Finansal Aracılar (Konsolide Stok)",last,0.0
bie_finhestnks710125,2013-Q4,TP.FINHESTNKS710125.ZP41,"F.5.2.2.Diğer Yatırım Fonları, Diğer Finansal Aracılar (Konsolide Stok)",last,0.0
bie_finhestnks710125,2013-Q4,TP.FINHESTNKS710125.ZP42,"F.6.Sigorta ve Emeklilik Sözleşmeleri, Diğer Finansal Aracılar (Konsolide Stok)",last,0.0
bie_finhestnks710125,2013-Q4,TP.FINHESTNKS710125.ZP43,"F.7.Finansal Türevler, Diğer Finansal Aracılar (Konsolide Stok)",last,699336.55
bie_finhestnks710125,2013-Q4,TP.FINHESTNKS710125.ZP44,"F.8.Diğer Borçlar, Diğer Finansal Aracılar (Konsolide Stok)",last,7999817.4621
bie_finhestnks710125,2013-Q4,TP.FINHESTNKS710125.ZP45,"F.0.Toplam Yükümlülükler, Diğer Finansal Aracılar (Konsolide Stok)",last,74887918.3026
bie_finhestnks710125,2014-Q4,TP.FINHESTNKS710125.ZP1,"BF.9.NET FİNANSAL DEĞER, Diğer Finansal Aracılar (Konsolide Stok)",last,6679710.653
bie_finhestnks710125,2014-Q4,TP.FINHESTNKS710125.ZP2,"VF.1.Parasal Altın ve SDR, Diğer Finansal Aracılar (Konsolide Stok)",last,0.0
bie_finhestnks710125,2014-Q4,TP.FINHESTNKS710125.ZP3,"VF.1.1.Parasal Altın, Diğer Finansal Aracılar (Konsolide Stok)",last,0.0
bie_finhestnks710125,2014-Q4,TP.FINHESTNKS710125.ZP4,"VF.1.2.Özel Çekme Hakları (SDR), Diğer Finansal Aracılar (Konsolide Stok)",last,0.0
bie_finhestnks710125,2014-Q4,TP.FINHESTNKS710125.ZP5,"VF.2.Para ve Mevduat, Diğer Finansal Aracılar (Konsolide Stok)",last,11237196.613
bie_finhestnks710125,2014-Q4,TP.FINHESTNKS710125.ZP6,"VF.2.1.Para, Diğer Finansal Aracılar (Konsolide Stok)",last,5206.501
bie_finhestnks710125,2014-Q4,TP.FINHESTNKS710125.ZP7,"VF.2.2.Vadesiz Mevduat, Diğer Finansal Aracılar (Konsolide Stok)",last,1299018.766
bie_finhestnks710125,2014-Q4,TP.FINHESTNKS710125.ZP8,"VF.2.9.Vadeli Mevduat, Diğer Finansal Aracılar (Konsolide Stok)",last,9932971.346
bie_finhestnks710125,2014-Q4,TP.FINHESTNKS710125.ZP9,"VF.3.Borçlanma Senetleri, Diğer Finansal Aracılar (Konsolide Stok)",last,1000905.918
bie_finhestnks710125,2014-Q4,TP.FINHESTNKS710125.ZP10,"VF.3.1.Kısa Vadeli Borçlanma Senetleri, Diğer Finansal Aracılar (Konsolide Stok)",last,470425.7815
bie_finhestnks710125,2014-Q4,TP.FINHESTNKS710125.ZP11,"VF.3.2.Uzun Vadeli Borçlanma Senetleri, Diğer Finansal Aracılar (Konsolide Stok)",last,530480.1365
bie_finhestnks710125,2014-Q4,TP.FINHESTNKS710125.ZP12,"VF.4.Krediler, Diğer Finansal Aracılar (Konsolide Stok)",last,76372790.386
bie_finhestnks710125,2014-Q4,TP.FINHESTNKS710125.ZP13,"VF.4.1.Kısa Vadeli Krediler, Diğer Finansal Aracılar (Konsolide Stok)",last,76372790.386
bie_finhestnks710125,2014-Q4,TP.FINHESTNKS710125.ZP14,"VF.4.2.Uzun Vadeli Krediler, Diğer Finansal Aracılar (Konsolide Stok)",last,0.0
bie_finhestnks710125,2014-Q4,TP.FINHESTNKS710125.ZP15,"VF.5.Hisse Senetleri ve Özkaynaklar, Diğer Finansal Aracılar (Konsolide Stok)",last,1149366.3236
bie_finhestnks710125,2014-Q4,TP.FINHESTNKS710125.ZP16,"VF.5.1.Hisse Senetleri ve Özkaynaklar, Diğer Finansal Aracılar (Konsolide Stok)",last,1149366.3236
bie_finhestnks710125,2014-Q4,TP.FINHESTNKS710125.ZP17,"VF.5.2.Yatırım Fonu Katılma Belgeleri, Diğer Finansal Aracılar (Konsolide Stok)",last,0.0
bie_finhestnks710125,2014-Q4,TP.FINHESTNKS710125.ZP18,"VF.5.2.1.Para Piyasası Fonları, Diğer Finansal Aracılar (Konsolide Stok)",last,0.0
bie_finhestnks710125,2014-Q4,TP.FINHESTNKS710125.ZP19,"VF.5.2.2.Diğer Yatırım Fonları, Diğer Finansal Aracılar (Konsolide Stok)",last,0.0
bie_finhestnks710125,2014-Q4,TP.FINHESTNKS710125.ZP20,"VF.6.Sigorta ve Emeklilik Sözleşmeleri, Diğer Finansal Aracılar (Konsolide Stok)",last,0.0
bie_finhestnks710125,2014-Q4,TP.FINHESTNKS710125.ZP21,"VF.7.Finansal Türevler, Diğer Finansal Aracılar (Konsolide Stok)",last,170916.018
bie_finhestnks710125,2014-Q4,TP.FINHESTNKS710125.ZP22,"VF.8.Diğer Alacaklar, Diğer Finansal Aracılar (Konsolide Stok)",last,5736904.219
bie_finhestnks710125,2014-Q4,TP.FINHESTNKS710125.ZP23,"VF.0.Toplam Varlıklar, Diğer Finansal Aracılar (Konsolide Stok)",last,95668079.4776
bie_finhestnks710125,2014-Q4,TP.FINHESTNKS710125.ZP24,"F.1.Parasal Altın ve SDR, Diğer Finansal Aracılar (Konsolide Stok)",last,0.0
bie_finhestnks710125,2014-Q4,TP.FINHESTNKS710125.ZP26,"F.1.2.Özel Çekme Hakları (SDR), Diğer Finansal Aracılar (Konsolide Stok)",last,0.0
bie_finhestnks710125,2014-Q4,TP.FINHESTNKS710125.ZP27,"F.2.Para ve Mevduat, Diğer Finansal Aracılar (Konsolide Stok)",last,6087242.418
bie_finhestnks710125,2014-Q4,TP.FINHESTNKS710125.ZP28,"F.2.1.Para, Diğer Finansal Aracılar (Konsolide Stok)",last,0.0
bie_finhestnks710125,2014-Q4,TP.FINHESTNKS710125.ZP29,"F.2.2.Vadesiz Mevduat, Diğer Finansal Aracılar (Konsolide Stok)",last,0.0
bie_finhestnks710125,2014-Q4,TP.FINHESTNKS710125.ZP30,"F.2.9.Vadeli Mevduat, Diğer Finansal Aracılar (Konsolide Stok)",last,6087242.418
bie_finhestnks710125,2014-Q4,TP.FINHESTNKS710125.ZP31,"F.3.Borçlanma Senetleri, Diğer Finansal Aracılar (Konsolide Stok)",last,7065140.244
bie_finhestnks710125,2014-Q4,TP.FINHESTNKS710125.ZP32,"F.3.1.Kısa Vadeli Borçlanma Senetleri, Diğer Finansal Aracılar (Konsolide Stok)",last,2755404.6952
bie_finhestnks710125,2014-Q4,TP.FINHESTNKS710125.ZP33,"F.3.2.Uzun Vadeli Borçlanma Senetleri, Diğer Finansal Aracılar (Konsolide Stok)",last,4309735.5488
bie_finhestnks710125,2014-Q4,TP.FINHESTNKS710125.ZP34,"F.4.Krediler, Diğer Finansal Aracılar (Konsolide Stok)",last,58430325.146
bie_finhestnks710125,2014-Q4,TP.FINHESTNKS710125.ZP35,"F.4.1.Kısa Vadeli Krediler, Diğer Finansal Aracılar (Konsolide Stok)",last,35058195.0876
bie_finhestnks710125,2014-Q4,TP.FINHESTNKS710125.ZP36,"F.4.2.Uzun Vadeli Krediler, Diğer Finansal Aracılar (Konsolide Stok)",last,23372130.0584
bie_finhestnks710125,2014-Q4,TP.FINHESTNKS710125.ZP37,"F.5.Hisse Senetleri ve Özkaynaklar, Diğer Finansal Aracılar (Konsolide Stok)",last,8096985.1036
bie_finhestnks710125,2014-Q4,TP.FINHESTNKS710125.ZP38,"F.5.1.Hisse Senetleri ve Özkaynaklar, Diğer Finansal Aracılar (Konsolide Stok)",last,8096985.1036
bie_finhestnks710125,2014-Q4,TP.FINHESTNKS710125.ZP39,"F.5.2.Yatırım Fonu Katılma Belgeleri, Diğer Finansal Aracılar (Konsolide Stok)",last,0.0
bie_finhestnks710125,2014-Q4,TP.FINHESTNKS710125.ZP40,"F.5.2.1.Para Piyasası Fonları, Diğer Finansal Aracılar (Konsolide Stok)",last,0.0
bie_finhestnks710125,2014-Q4,TP.FINHESTNKS710125.ZP41,"F.5.2.2.Diğer Yatırım Fonları, Diğer Finansal Aracılar (Konsolide Stok)",last,0.0
bie_finhestnks710125,2014-Q4,TP.FINHESTNKS710125.ZP42,"F.6.Sigorta ve Emeklilik Sözleşmeleri, Diğer Finansal Aracılar (Konsolide Stok)",last,0.0
bie_finhestnks710125,2014-Q4,TP.FINHESTNKS710125.ZP43,"F.7.Finansal Türevler, Diğer Finansal Aracılar (Konsolide Stok)",last,157112.018
bie_finhestnks710125,2014-Q4,TP.FINHESTNKS710125.ZP44,"F.8.Diğer Borçlar, Diğer Finansal Aracılar (Konsolide Stok)",last,9151563.895
bie_finhestnks710125,2014-Q4,TP.FINHESTNKS710125.ZP45,"F.0.Toplam Yükümlülükler, Diğer Finansal Aracılar (Konsolide Stok)",last,88988368.8246
bie_finhestnks710125,2015-Q1,TP.FINHESTNKS710125.ZP1,"BF.9.NET FİNANSAL DEĞER, Diğer Finansal Aracılar (Konsolide Stok)",last,6856030.676
bie_finhestnks710125,2015-Q1,TP.FINHESTNKS710125.ZP2,"VF.1.Parasal Altın ve SDR, Diğer Finansal Aracılar (Konsolide Stok)",last,0.0
bie_finhestnks710125,2015-Q1,TP.FINHESTNKS710125.ZP3,"VF.1.1.Parasal Altın, Diğer Finansal Aracılar (Konsolide Stok)",last,0.0
bie_finhestnks710125,2015-Q1,TP.FINHESTNKS710125.ZP4,"VF.1.2.Özel Çekme Hakları (SDR), Diğer Finansal Aracılar (Konsolide Stok)",last,0.0
bie_finhestnks710125,2015-Q1,TP.FINHESTNKS710125.ZP5,"VF.2.Para ve Mevduat, Diğer Finansal Aracılar (Konsolide Stok)",last,12347737.589
bie_finhestnks710125,2015-Q1,TP.FINHESTNKS710125.ZP6,"VF.2.1.Para, Diğer Finansal Aracılar (Konsolide Stok)",last,8529.43
bie_finhestnks710125,2015-Q1,TP.FINHESTNKS710125.ZP7,"VF.2.2.Vadesiz Mevduat, Diğer Finansal Aracılar (Konsolide Stok)",last,1665627.813
bie_finhestnks710125,2015-Q1,TP.FINHESTNKS710125.ZP8,"VF.2.9.Vadeli Mevduat, Diğer Finansal Aracılar (Konsolide Stok)",last,10673580.346
bie_finhestnks710125,2015-Q1,TP.FINHESTNKS710125.ZP9,"VF.3.Borçlanma Senetleri, Diğer Finansal Aracılar (Konsolide Stok)",last,921617.272
bie_finhestnks710125,2015-Q1,TP.FINHESTNKS710125.ZP10,"VF.3.1.Kısa Vadeli Borçlanma Senetleri, Diğer Finansal Aracılar (Konsolide Stok)",last,442376.2906
bie_finhestnks710125,2015-Q1,TP.FINHESTNKS710125.ZP11,"VF.3.2.Uzun Vadeli Borçlanma Senetleri, Diğer Finansal Aracılar (Konsolide Stok)",last,479240.9814
bie_finhestnks710125,2015-Q1,TP.FINHESTNKS710125.ZP12,"VF.4.Krediler, Diğer Finansal Aracılar (Konsolide Stok)",last,79620467.151
bie_finhestnks710125,2015-Q1,TP.FINHESTNKS710125.ZP13,"VF.4.1.Kısa Vadeli Krediler, Diğer Finansal Aracılar (Konsolide Stok)",last,79620467.151
bie_finhestnks710125,2015-Q1,TP.FINHESTNKS710125.ZP14,"VF.4.2.Uzun Vadeli Krediler, Diğer Finansal Aracılar (Konsolide Stok)",last,0.0
bie_finhestnks710125,2015-Q1,TP.FINHESTNKS710125.ZP15,"VF.5.Hisse Senetleri ve Özkaynaklar, Diğer Finansal Aracılar (Konsolide Stok)",last,1156903.6371
bie_finhestnks710125,2015-Q1,TP.FINHESTNKS710125.ZP16,"VF.5.1.Hisse Senetleri ve Özkaynaklar, Diğer Finansal Aracılar (Konsolide Stok)",last,1156903.6371
bie_finhestnks710125,2015-Q1,TP.FINHESTNKS710125.ZP17,"VF.5.2.Yatırım Fonu Katılma Belgeleri, Diğer Finansal Aracılar (Konsolide Stok)",last,0.0
bie_finhestnks710125,2015-Q1,TP.FINHESTNKS710125.ZP18,"VF.5.2.1.Para Piyasası Fonları, Diğer Finansal Aracılar (Konsolide Stok)",last,0.0
bie_finhestnks710125,2015-Q1,TP.FINHESTNKS710125.ZP19,"VF.5.2.2.Diğer Yatırım Fonları, Diğer Finansal Aracılar (Konsolide Stok)",last,0.0
bie_finhestnks710125,2015-Q1,TP.FINHESTNKS710125.ZP20,"VF.6.Sigorta ve Emeklilik Sözleşmeleri, Diğer Finansal Aracılar (Konsolide Stok)",last,0.0
bie_finhestnks710125,2015-Q1,TP.FINHESTNKS710125.ZP21,"VF.7.Finansal Türevler, Diğer Finansal Aracılar (Konsolide Stok)",last,283724.29
bie_finhestnks710125,2015-Q1,TP.FINHESTNKS710125.ZP22,"VF.8.Diğer Alacaklar, Diğer Finansal Aracılar (Konsolide Stok)",last,6139362.1438
bie_finhestnks710125,2015-Q1,TP.FINHESTNKS710125.ZP23,"VF.0.Toplam Varlıklar, Diğer Finansal Aracılar (Konsolide Stok)",last,100469812.0829
bie_finhestnks710125,2015-Q1,TP.FINHESTNKS710125.ZP24,"F.1.Parasal Altın ve SDR, Diğer Finansal Aracılar (Konsolide Stok)",last,0.0
bie_finhestnks710125,2015-Q1,TP.FINHESTNKS710125.ZP26,"F.1.2.Özel Çekme Hakları (SDR), Diğer Finansal Aracılar (Konsolide Stok)",last,0.0
bie_finhestnks710125,2015-Q1,TP.FINHESTNKS710125.ZP27,"F.2.Para ve Mevduat, Diğer Finansal Aracılar (Konsolide Stok)",last,6079840.306
bie_finhestnks710125,2015-Q1,TP.FINHESTNKS710125.ZP28,"F.2.1.Para, Diğer Finansal Aracılar (Konsolide Stok)",last,0.0
bie_finhestnks710125,2015-Q1,TP.FINHESTNKS710125.ZP29,"F.2.2.Vadesiz Mevduat, Diğer Finansal Aracılar (Konsolide Stok)",last,0.0
bie_finhestnks710125,2015-Q1,TP.FINHESTNKS710125.ZP30,"F.2.9.Vadeli Mevduat, Diğer Finansal Aracılar (Konsolide Stok)",last,6079840.306
bie_finhestnks710125,2015-Q1,TP.FINHESTNKS710125.ZP31,"F.3.Borçlanma Senetleri, Diğer Finansal Aracılar (Konsolide Stok)",last,7536027.15
bie_finhestnks710125,2015-Q1,TP.FINHESTNKS710125.ZP32,"F.3.1.Kısa Vadeli Borçlanma Senetleri, Diğer Finansal Aracılar (Konsolide Stok)",last,2939050.5885
bie_finhestnks710125,2015-Q1,TP.FINHESTNKS710125.ZP33,"F.3.2.Uzun Vadeli Borçlanma Senetleri, Diğer Finansal Aracılar (Konsolide Stok)",last,4596976.5615
bie_finhestnks710125,2015-Q1,TP.FINHESTNKS710125.ZP34,"F.4.Krediler, Diğer Finansal Aracılar (Konsolide Stok)",last,61874551.0
bie_finhestnks710125,2015-Q1,TP.FINHESTNKS710125.ZP35,"F.4.1.Kısa Vadeli Krediler, Diğer Finansal Aracılar (Konsolide Stok)",last,34031003.05
bie_finhestnks710125,2015-Q1,TP.FINHESTNKS710125.ZP36,"F.4.2.Uzun Vadeli Krediler, Diğer Finansal Aracılar (Konsolide Stok)",last,27843547.95
bie_finhestnks710125,2015-Q1,TP.FINHESTNKS710125.ZP37,"F.5.Hisse Senetleri ve Özkaynaklar, Diğer Finansal Aracılar (Konsolide Stok)",last,8167435.1181
bie_finhestnks710125,2015-Q1,TP.FINHESTNKS710125.ZP38,"F.5.1.Hisse Senetleri ve Özkaynaklar, Diğer Finansal Aracılar (Konsolide Stok)",last,8167435.1181
bie_finhestnks710125,2015-Q1,TP.FINHESTNKS710125.ZP39,"F.5.2.Yatırım Fonu Katılma Belgeleri, Diğer Finansal Aracılar (Konsolide Stok)",last,0.0
bie_finhestnks710125,2015-Q1,TP.FINHESTNKS710125.ZP40,"F.5.2.1.Para Piyasası Fonları, Diğer Finansal Aracılar (Konsolide Stok)",last,0.0
bie_finhestnks710125,2015-Q1,TP.FINHESTNKS710125.ZP41,"F.5.2.2.Diğer Yatırım Fonları, Diğer Finansal Aracılar (Konsolide Stok)",last,0.0
bie_finhestnks710125,2015-Q1,TP.FINHESTNKS710125.ZP42,"F.6.Sigorta ve Emeklilik Sözleşmeleri, Diğer Finansal Aracılar (Konsolide Stok)",last,0.0
bie_finhestnks710125,2015-Q1,TP.FINHESTNKS710125.ZP43,"F.7.Finansal Türevler, Diğer Finansal Aracılar (Konsolide Stok)",last,311412.29
bie_finhestnks710125,2015-Q1,TP.FINHESTNKS710125.ZP44,"F.8.Diğer Borçlar, Diğer Finansal Aracılar (Konsolide Stok)",last,9644515.5428
bie_finhestnks710125,2015-Q1,TP.FINHESTNKS710125.ZP45,"F.0.Toplam Yükümlülükler, Diğer Finansal Aracılar (Konsolide Stok)",last,93613781.4069
bie_finhestnks710125,2015-Q2,TP.FINHESTNKS710125.ZP1,"BF.9.NET FİNANSAL DEĞER, Diğer Finansal Aracılar (Konsolide Stok)",last,6896293.698
bie_finhestnks710125,2015-Q2,TP.FINHESTNKS710125.ZP2,"VF.1.Parasal Altın ve SDR, Diğer Finansal Aracılar (Konsolide Stok)",last,0.0
bie_finhestnks710125,2015-Q2,TP.FINHESTNKS710125.ZP3,"VF.1.1.Parasal Altın, Diğer Finansal Aracılar (Konsolide Stok)",last,0.0
bie_finhestnks710125,2015-Q2,TP.FINHESTNKS710125.ZP4,"VF.1.2.Özel Çekme Hakları (SDR), Diğer Finansal Aracılar (Konsolide Stok)",last,0.0
bie_finhestnks710125,2015-Q2,TP.FINHESTNKS710125.ZP5,"VF.2.Para ve Mevduat, Diğer Finansal Aracılar (Konsolide Stok)",last,12141130.927
bie_finhestnks710125,2015-Q2,TP.FINHESTNKS710125.ZP6,"VF.2.1.Para, Diğer Finansal Aracılar (Konsolide Stok)",last,6495.784
bie_finhestnks710125,2015-Q2,TP.FINHESTNKS710125.ZP7,"VF.2.2.Vadesiz Mevduat, Diğer Finansal Aracılar (Konsolide Stok)",last,2015836.319
bie_finhestnks710125,2015-Q2,TP.FINHESTNKS710125.ZP8,"VF.2.9.Vadeli Mevduat, Diğer Finansal Aracılar (Konsolide Stok)",last,10118798.824
bie_finhestnks710125,2015-Q2,TP.FINHESTNKS710125.ZP9,"VF.3.Borçlanma Senetleri, Diğer Finansal Aracılar (Konsolide Stok)",last,840890.832
bie_finhestnks710125,2015-Q2,TP.FINHESTNKS710125.ZP10,"VF.3.1.Kısa Vadeli Borçlanma Senetleri, Diğer Finansal Aracılar (Konsolide Stok)",last,412036.5077
bie_finhestnks710125,2015-Q2,TP.FINHESTNKS710125.ZP11,"VF.3.2.Uzun Vadeli Borçlanma Senetleri, Diğer Finansal Aracılar (Konsolide Stok)",last,428854.3243
bie_finhestnks710125,2015-Q2,TP.FINHESTNKS710125.ZP12,"VF.4.Krediler, Diğer Finansal Aracılar (Konsolide Stok)",last,83511834.354
bie_finhestnks710125,2015-Q2,TP.FINHESTNKS710125.ZP13,"VF.4.1.Kısa Vadeli Krediler, Diğer Finansal Aracılar (Konsolide Stok)",last,83511834.354
bie_finhestnks710125,2015-Q2,TP.FINHESTNKS710125.ZP14,"VF.4.2.Uzun Vadeli Krediler, Diğer Finansal Aracılar (Konsolide Stok)",last,0.0
bie_finhestnks710125,2015-Q2,TP.FINHESTNKS710125.ZP15,"VF.5.Hisse Senetleri ve Özkaynaklar, Diğer Finansal Aracılar (Konsolide Stok)",last,1088761.7011
bie_finhestnks710125,2015-Q2,TP.FINHESTNKS710125.ZP16,"VF.5.1.Hisse Senetleri ve Özkaynaklar, Diğer Finansal Aracılar (Konsolide Stok)",last,1088761.7011
bie_finhestnks710125,2015-Q2,TP.FINHESTNKS710125.ZP17,"VF.5.2.Yatırım Fonu Katılma Belgeleri, Diğer Finansal Aracılar (Konsolide Stok)",last,0.0
bie_finhestnks710125,2015-Q2,TP.FINHESTNKS710125.ZP18,"VF.5.2.1.Para Piyasası Fonları, Diğer Finansal Aracılar (Konsolide Stok)",last,0.0
bie_finhestnks710125,2015-Q2,TP.FINHESTNKS710125.ZP19,"VF.5.2.2.Diğer Yatırım Fonları, Diğer Finansal Aracılar (Konsolide Stok)",last,0.0
bie_finhestnks710125,2015-Q2,TP.FINHESTNKS710125.ZP20,"VF.6.Sigorta ve Emeklilik Sözleşmeleri, Diğer Finansal Aracılar (Konsolide Stok)",last,0.0
bie_finhestnks710125,2015-Q2,TP.FINHESTNKS710125.ZP21,"VF.7.Finansal Türevler, Diğer Finansal Aracılar (Konsolide Stok)",last,225514.422
bie_finhestnks710125,2015-Q2,TP.FINHESTNKS710125.ZP22,"VF.8.Diğer Alacaklar, Diğer Finansal Aracılar (Konsolide Stok)",last,6792933.0522
bie_finhestnks710125,2015-Q2,TP.FINHESTNKS710125.ZP23,"VF.0.Toplam Varlıklar, Diğer Finansal Aracılar (Konsolide Stok)",last,104601065.2882
bie_finhestnks710125,2015-Q2,TP.FINHESTNKS710125.ZP24,"F.1.Parasal Altın ve SDR, Diğer Finansal Aracılar (Konsolide Stok)",last,0.0
bie_finhestnks710125,2015-Q2,TP.FINHESTNKS710125.ZP26,"F.1.2.Özel Çekme Hakları (SDR), Diğer Finansal Aracılar (Konsolide Stok)",last,0.0
bie_finhestnks710125,2015-Q2,TP.FINHESTNKS710125.ZP27,"F.2.Para ve Mevduat, Diğer Finansal Aracılar (Konsolide Stok)",last,5434839.235
bie_finhestnks710125,2015-Q2,TP.FINHESTNKS710125.ZP28,"F.2.1.Para, Diğer Finansal Aracılar (Konsolide Stok)",last,0.0
bie_finhestnks710125,2015-Q2,TP.FINHESTNKS710125.ZP29,"F.2.2.Vadesiz Mevduat, Diğer Finansal Aracılar (Konsolide Stok)",last,0.0
bie_finhestnks710125,2015-Q2,TP.FINHESTNKS710125.ZP30,"F.2.9.Vadeli Mevduat, Diğer Finansal Aracılar (Konsolide Stok)",last,5434839.235
bie_finhestnks710125,2015-Q2,TP.FINHESTNKS710125.ZP31,"F.3.Borçlanma Senetleri, Diğer Finansal Aracılar (Konsolide Stok)",last,8875867.993
bie_finhestnks710125,2015-Q2,TP.FINHESTNKS710125.ZP32,"F.3.1.Kısa Vadeli Borçlanma Senetleri, Diğer Finansal Aracılar (Konsolide Stok)",last,4082899.2768
bie_finhestnks710125,2015-Q2,TP.FINHESTNKS710125.ZP33,"F.3.2.Uzun Vadeli Borçlanma Senetleri, Diğer Finansal Aracılar (Konsolide Stok)",last,4792968.7162
bie_finhestnks710125,2015-Q2,TP.FINHESTNKS710125.ZP34,"F.4.Krediler, Diğer Finansal Aracılar (Konsolide Stok)",last,64228240.981
bie_finhestnks710125,2015-Q2,TP.FINHESTNKS710125.ZP35,"F.4.1.Kısa Vadeli Krediler, Diğer Finansal Aracılar (Konsolide Stok)",last,34683250.1297
bie_finhestnks710125,2015-Q2,TP.FINHESTNKS710125.ZP36,"F.4.2.Uzun Vadeli Krediler, Diğer Finansal Aracılar (Konsolide Stok)",last,29544990.8513
bie_finhestnks710125,2015-Q2,TP.FINHESTNKS710125.ZP37,"F.5.Hisse Senetleri ve Özkaynaklar, Diğer Finansal Aracılar (Konsolide Stok)",last,8562555.4491
bie_finhestnks710125,2015-Q2,TP.FINHESTNKS710125.ZP38,"F.5.1.Hisse Senetleri ve Özkaynaklar, Diğer Finansal Aracılar (Konsolide Stok)",last,8562555.4491
bie_finhestnks710125,2015-Q2,TP.FINHESTNKS710125.ZP39,"F.5.2.Yatırım Fonu Katılma Belgeleri, Diğer Finansal Aracılar (Konsolide Stok)",last,0.0
bie_finhestnks710125,2015-Q2,TP.FINHESTNKS710125.ZP40,"F.5.2.1.Para Piyasası Fonları, Diğer Finansal Aracılar (Konsolide Stok)",last,0.0
bie_finhestnks710125,2015-Q2,TP.FINHESTNKS710125.ZP41,"F.5.2.2.Diğer Yatırım Fonları, Diğer Finansal Aracılar (Konsolide Stok)",last,0.0
bie_finhestnks710125,2015-Q2,TP.FINHESTNKS710125.ZP42,"F.6.Sigorta ve Emeklilik Sözleşmeleri, Diğer Finansal Aracılar (Konsolide Stok)",last,0.0
bie_finhestnks710125,2015-Q2,TP.FINHESTNKS710125.ZP43,"F.7.Finansal Türevler, Diğer Finansal Aracılar (Konsolide Stok)",last,219073.422
bie_finhestnks710125,2015-Q2,TP.FINHESTNKS710125.ZP44,"F.8.Diğer Borçlar, Diğer Finansal Aracılar (Konsolide Stok)",last,10384194.5102
bie_finhestnks710125,2015-Q2,TP.FINHESTNKS710125.ZP45,"F.0.Toplam Yükümlülükler, Diğer Finansal Aracılar (Konsolide Stok)",last,97704771.5902
bie_finhestnks710125,2015-Q3,TP.FINHESTNKS710125.ZP1,"BF.9.NET FİNANSAL DEĞER, Diğer Finansal Aracılar (Konsolide Stok)",last,7572014.224
bie_finhestnks710125,2015-Q3,TP.FINHESTNKS710125.ZP2,"VF.1.Parasal Altın ve SDR, Diğer Finansal Aracılar (Konsolide Stok)",last,0.0
bie_finhestnks710125,2015-Q3,TP.FINHESTNKS710125.ZP3,"VF.1.1.Parasal Altın, Diğer Finansal Aracılar (Konsolide Stok)",last,0.0
bie_finhestnks710125,2015-Q3,TP.FINHESTNKS710125.ZP4,"VF.1.2.Özel Çekme Hakları (SDR), Diğer Finansal Aracılar (Konsolide Stok)",last,0.0
bie_finhestnks710125,2015-Q3,TP.FINHESTNKS710125.ZP5,"VF.2.Para ve Mevduat, Diğer Finansal Aracılar (Konsolide Stok)",last,12970736.905
bie_finhestnks710125,2015-Q3,TP.FINHESTNKS710125.ZP6,"VF.2.1.Para, Diğer Finansal Aracılar (Konsolide Stok)",last,6925.752
bie_finhestnks710125,2015-Q3,TP.FINHESTNKS710125.ZP7,"VF.2.2.Vadesiz Mevduat, Diğer Finansal Aracılar (Konsolide Stok)",last,2426234.612
bie_finhestnks710125,2015-Q3,TP.FINHESTNKS710125.ZP8,"VF.2.9.Vadeli Mevduat, Diğer Finansal Aracılar (Konsolide Stok)",last,10537576.541
bie_finhestnks710125,2015-Q3,TP.FINHESTNKS710125.ZP9,"VF.3.Borçlanma Senetleri, Diğer Finansal Aracılar (Konsolide Stok)",last,801491.825
bie_finhestnks710125,2015-Q3,TP.FINHESTNKS710125.ZP10,"VF.3.1.Kısa Vadeli Borçlanma Senetleri, Diğer Finansal Aracılar (Konsolide Stok)",last,392730.9943
bie_finhestnks710125,2015-Q3,TP.FINHESTNKS710125.ZP11,"VF.3.2.Uzun Vadeli Borçlanma Senetleri, Diğer Finansal Aracılar (Konsolide Stok)",last,408760.8308
bie_finhestnks710125,2015-Q3,TP.FINHESTNKS710125.ZP12,"VF.4.Krediler, Diğer Finansal Aracılar (Konsolide Stok)",last,87491113.328
bie_finhestnks710125,2015-Q3,TP.FINHESTNKS710125.ZP13,"VF.4.1.Kısa Vadeli Krediler, Diğer Finansal Aracılar (Konsolide Stok)",last,87491113.328
bie_finhestnks710125,2015-Q3,TP.FINHESTNKS710125.ZP14,"VF.4.2.Uzun Vadeli Krediler, Diğer Finansal Aracılar (Konsolide Stok)",last,0.0
bie_finhestnks710125,2015-Q3,TP.FINHESTNKS710125.ZP15,"VF.5.Hisse Senetleri ve Özkaynaklar, Diğer Finansal Aracılar (Konsolide Stok)",last,1105540.049
bie_finhestnks710125,2015-Q3,TP.FINHESTNKS710125.ZP16,"VF.5.1.Hisse Senetleri ve Özkaynaklar, Diğer Finansal Aracılar (Konsolide Stok)",last,1105540.049
bie_finhestnks710125,2015-Q3,TP.FINHESTNKS710125.ZP17,"VF.5.2.Yatırım Fonu Katılma Belgeleri, Diğer Finansal Aracılar (Konsolide Stok)",last,0.0
bie_finhestnks710125,2015-Q3,TP.FINHESTNKS710125.ZP18,"VF.5.2.1.Para Piyasası Fonları, Diğer Finansal Aracılar (Konsolide Stok)",last,0.0
bie_finhestnks710125,2015-Q3,TP.FINHESTNKS710125.ZP19,"VF.5.2.2.Diğer Yatırım Fonları, Diğer Finansal Aracılar (Konsolide Stok)",last,0.0
bie_finhestnks710125,2015-Q3,TP.FINHESTNKS710125.ZP20,"VF.6.Sigorta ve Emeklilik Sözleşmeleri, Diğer Finansal Aracılar (Konsolide Stok)",last,0.0
bie_finhestnks710125,2015-Q3,TP.FINHESTNKS710125.ZP21,"VF.7.Finansal Türevler, Diğer Finansal Aracılar (Konsolide Stok)",last,581346.922
bie_finhestnks710125,2015-Q3,TP.FINHESTNKS710125.ZP22,"VF.8.Diğer Alacaklar, Diğer Finansal Aracılar (Konsolide Stok)",last,7240975.4745
bie_finhestnks710125,2015-Q3,TP.FINHESTNKS710125.ZP23,"VF.0.Toplam Varlıklar, Diğer Finansal Aracılar (Konsolide Stok)",last,110191204.5035
bie_finhestnks710125,2015-Q3,TP.FINHESTNKS710125.ZP24,"F.1.Parasal Altın ve SDR, Diğer Finansal Aracılar (Konsolide Stok)",last,0.0
bie_finhestnks710125,2015-Q3,TP.FINHESTNKS710125.ZP26,"F.1.2.Özel Çekme Hakları (SDR), Diğer Finansal Aracılar (Konsolide Stok)",last,0.0
bie_finhestnks710125,2015-Q3,TP.FINHESTNKS710125.ZP27,"F.2.Para ve Mevduat, Diğer Finansal Aracılar (Konsolide Stok)",last,4825745.899
bie_finhestnks710125,2015-Q3,TP.FINHESTNKS710125.ZP28,"F.2.1.Para, Diğer Finansal Aracılar (Konsolide Stok)",last,0.0
bie_finhestnks710125,2015-Q3,TP.FINHESTNKS710125.ZP29,"F.2.2.Vadesiz Mevduat, Diğer Finansal Aracılar (Konsolide Stok)",last,0.0
bie_finhestnks710125,2015-Q3,TP.FINHESTNKS710125.ZP30,"F.2.9.Vadeli Mevduat, Diğer Finansal Aracılar (Konsolide Stok)",last,4825745.899
bie_finhestnks710125,2015-Q3,TP.FINHESTNKS710125.ZP31,"F.3.Borçlanma Senetleri, Diğer Finansal Aracılar (Konsolide Stok)",last,10119039.911
bie_finhestnks710125,2015-Q3,TP.FINHESTNKS710125.ZP32,"F.3.1.Kısa Vadeli Borçlanma Senetleri, Diğer Finansal Aracılar (Konsolide Stok)",last,5160710.3546
bie_finhestnks710125,2015-Q3,TP.FINHESTNKS710125.ZP33,"F.3.2.Uzun Vadeli Borçlanma Senetleri, Diğer Finansal Aracılar (Konsolide Stok)",last,4958329.5564
bie_finhestnks710125,2015-Q3,TP.FINHESTNKS710125.ZP34,"F.4.Krediler, Diğer Finansal Aracılar (Konsolide Stok)",last,67422331.208
bie_finhestnks710125,2015-Q3,TP.FINHESTNKS710125.ZP35,"F.4.1.Kısa Vadeli Krediler, Diğer Finansal Aracılar (Konsolide Stok)",last,30340049.0436
bie_finhestnks710125,2015-Q3,TP.FINHESTNKS710125.ZP36,"F.4.2.Uzun Vadeli Krediler, Diğer Finansal Aracılar (Konsolide Stok)",last,37082282.1644
bie_finhestnks710125,2015-Q3,TP.FINHESTNKS710125.ZP37,"F.5.Hisse Senetleri ve Özkaynaklar, Diğer Finansal Aracılar (Konsolide Stok)",last,8679353.078
bie_finhestnks710125,2015-Q3,TP.FINHESTNKS710125.ZP38,"F.5.1.Hisse Senetleri ve Özkaynaklar, Diğer Finansal Aracılar (Konsolide Stok)",last,8679353.078
bie_finhestnks710125,2015-Q3,TP.FINHESTNKS710125.ZP39,"F.5.2.Yatırım Fonu Katılma Belgeleri, Diğer Finansal Aracılar (Konsolide Stok)",last,0.0
bie_finhestnks710125,2015-Q3,TP.FINHESTNKS710125.ZP40,"F.5.2.1.Para Piyasası Fonları, Diğer Finansal Aracılar (Konsolide Stok)",last,0.0
bie_finhestnks710125,2015-Q3,TP.FINHESTNKS710125.ZP41,"F.5.2.2.Diğer Yatırım Fonları, Diğer Finansal Aracılar (Konsolide Stok)",last,0.0
bie_finhestnks710125,2015-Q3,TP.FINHESTNKS710125.ZP42,"F.6.Sigorta ve Emeklilik Sözleşmeleri, Diğer Finansal Aracılar (Konsolide Stok)",last,0.0
bie_finhestnks710125,2015-Q3,TP.FINHESTNKS710125.ZP43,"F.7.Finansal Türevler, Diğer Finansal Aracılar (Konsolide Stok)",last,541040.922
bie_finhestnks710125,2015-Q3,TP.FINHESTNKS710125.ZP44,"F.8.Diğer Borçlar, Diğer Finansal Aracılar (Konsolide Stok)",last,11031679.2615
bie_finhestnks710125,2015-Q3,TP.FINHESTNKS710125.ZP45,"F.0.Toplam Yükümlülükler, Diğer Finansal Aracılar (Konsolide Stok)",last,102619190.2795
bie_finhestnks710125,2015-Q4,TP.FINHESTNKS710125.ZP1,"BF.9.NET FİNANSAL DEĞER, Diğer Finansal Aracılar (Konsolide Stok)",last,7584426.433
bie_finhestnks710125,2015-Q4,TP.FINHESTNKS710125.ZP2,"VF.1.Parasal Altın ve SDR, Diğer Finansal Aracılar (Konsolide Stok)",last,0.0
bie_finhestnks710125,2015-Q4,TP.FINHESTNKS710125.ZP3,"VF.1.1.Parasal Altın, Diğer Finansal Aracılar (Konsolide Stok)",last,0.0
bie_finhestnks710125,2015-Q4,TP.FINHESTNKS710125.ZP4,"VF.1.2.Özel Çekme Hakları (SDR), Diğer Finansal Aracılar (Konsolide Stok)",last,0.0
bie_finhestnks710125,2015-Q4,TP.FINHESTNKS710125.ZP5,"VF.2.Para ve Mevduat, Diğer Finansal Aracılar (Konsolide Stok)",last,11868726.653
bie_finhestnks710125,2015-Q4,TP.FINHESTNKS710125.ZP6,"VF.2.1.Para, Diğer Finansal Aracılar (Konsolide Stok)",last,1926.618
bie_finhestnks710125,2015-Q4,TP.FINHESTNKS710125.ZP7,"VF.2.2.Vadesiz Mevduat, Diğer Finansal Aracılar (Konsolide Stok)",last,2349415.006
bie_finhestnks710125,2015-Q4,TP.FINHESTNKS710125.ZP8,"VF.2.9.Vadeli Mevduat, Diğer Finansal Aracılar (Konsolide Stok)",last,9517385.029
bie_finhestnks710125,2015-Q4,TP.FINHESTNKS710125.ZP9,"VF.3.Borçlanma Senetleri, Diğer Finansal Aracılar (Konsolide Stok)",last,1052083.715
bie_finhestnks710125,2015-Q4,TP.FINHESTNKS710125.ZP10,"VF.3.1.Kısa Vadeli Borçlanma Senetleri, Diğer Finansal Aracılar (Konsolide Stok)",last,538666.8621
bie_finhestnks710125,2015-Q4,TP.FINHESTNKS710125.ZP11,"VF.3.2.Uzun Vadeli Borçlanma Senetleri, Diğer Finansal Aracılar (Konsolide Stok)",last,513416.8529
bie_finhestnks710125,2015-Q4,TP.FINHESTNKS710125.ZP12,"VF.4.Krediler, Diğer Finansal Aracılar (Konsolide Stok)",last,89916863.564
bie_finhestnks710125,2015-Q4,TP.FINHESTNKS710125.ZP13,"VF.4.1.Kısa Vadeli Krediler, Diğer Finansal Aracılar (Konsolide Stok)",last,89916863.564
bie_finhestnks710125,2015-Q4,TP.FINHESTNKS710125.ZP14,"VF.4.2.Uzun Vadeli Krediler, Diğer Finansal Aracılar (Konsolide Stok)",last,0.0
bie_finhestnks710125,2015-Q4,TP.FINHESTNKS710125.ZP15,"VF.5.Hisse Senetleri ve Özkaynaklar, Diğer Finansal Aracılar (Konsolide Stok)",last,1110863.6999
bie_finhestnks710125,2015-Q4,TP.FINHESTNKS710125.ZP16,"VF.5.1.Hisse Senetleri ve Özkaynaklar, Diğer Finansal Aracılar (Konsolide Stok)",last,1110863.6999
bie_finhestnks710125,2015-Q4,TP.FINHESTNKS710125.ZP17,"VF.5.2.Yatırım Fonu Katılma Belgeleri, Diğer Finansal Aracılar (Konsolide Stok)",last,0.0
bie_finhestnks710125,2015-Q4,TP.FINHESTNKS710125.ZP18,"VF.5.2.1.Para Piyasası Fonları, Diğer Finansal Aracılar (Konsolide Stok)",last,0.0
bie_finhestnks710125,2015-Q4,TP.FINHESTNKS710125.ZP19,"VF.5.2.2.Diğer Yatırım Fonları, Diğer Finansal Aracılar (Konsolide Stok)",last,0.0
bie_finhestnks710125,2015-Q4,TP.FINHESTNKS710125.ZP20,"VF.6.Sigorta ve Emeklilik Sözleşmeleri, Diğer Finansal Aracılar (Konsolide Stok)",last,0.0
bie_finhestnks710125,2015-Q4,TP.FINHESTNKS710125.ZP21,"VF.7.Finansal Türevler, Diğer Finansal Aracılar (Konsolide Stok)",last,462636.36
bie_finhestnks710125,2015-Q4,TP.FINHESTNKS710125.ZP22,"VF.8.Diğer Alacaklar, Diğer Finansal Aracılar (Konsolide Stok)",last,7074558.3113
bie_finhestnks710125,2015-Q4,TP.FINHESTNKS710125.ZP23,"VF.0.Toplam Varlıklar, Diğer Finansal Aracılar (Konsolide Stok)",last,111485732.3033
bie_finhestnks710125,2015-Q4,TP.FINHESTNKS710125.ZP24,"F.1.Parasal Altın ve SDR, Diğer Finansal Aracılar (Konsolide Stok)",last,0.0
bie_finhestnks710125,2015-Q4,TP.FINHESTNKS710125.ZP26,"F.1.2.Özel Çekme Hakları (SDR), Diğer Finansal Aracılar (Konsolide Stok)",last,0.0
bie_finhestnks710125,2015-Q4,TP.FINHESTNKS710125.ZP27,"F.2.Para ve Mevduat, Diğer Finansal Aracılar (Konsolide Stok)",last,5056504.659
bie_finhestnks710125,2015-Q4,TP.FINHESTNKS710125.ZP28,"F.2.1.Para, Diğer Finansal Aracılar (Konsolide Stok)",last,0.0
bie_finhestnks710125,2015-Q4,TP.FINHESTNKS710125.ZP29,"F.2.2.Vadesiz Mevduat, Diğer Finansal Aracılar (Konsolide Stok)",last,0.0
bie_finhestnks710125,2015-Q4,TP.FINHESTNKS710125.ZP30,"F.2.9.Vadeli Mevduat, Diğer Finansal Aracılar (Konsolide Stok)",last,5056504.659
bie_finhestnks710125,2015-Q4,TP.FINHESTNKS710125.ZP31,"F.3.Borçlanma Senetleri, Diğer Finansal Aracılar (Konsolide Stok)",last,10511979.866
bie_finhestnks710125,2015-Q4,TP.FINHESTNKS710125.ZP32,"F.3.1.Kısa Vadeli Borçlanma Senetleri, Diğer Finansal Aracılar (Konsolide Stok)",last,6096948.3223
bie_finhestnks710125,2015-Q4,TP.FINHESTNKS710125.ZP33,"F.3.2.Uzun Vadeli Borçlanma Senetleri, Diğer Finansal Aracılar (Konsolide Stok)",last,4415031.5437
bie_finhestnks710125,2015-Q4,TP.FINHESTNKS710125.ZP34,"F.4.Krediler, Diğer Finansal Aracılar (Konsolide Stok)",last,67525780.706
bie_finhestnks710125,2015-Q4,TP.FINHESTNKS710125.ZP35,"F.4.1.Kısa Vadeli Krediler, Diğer Finansal Aracılar (Konsolide Stok)",last,32412374.7389
bie_finhestnks710125,2015-Q4,TP.FINHESTNKS710125.ZP36,"F.4.2.Uzun Vadeli Krediler, Diğer Finansal Aracılar (Konsolide Stok)",last,35113405.9671
bie_finhestnks710125,2015-Q4,TP.FINHESTNKS710125.ZP37,"F.5.Hisse Senetleri ve Özkaynaklar, Diğer Finansal Aracılar (Konsolide Stok)",last,8775599.3779
bie_finhestnks710125,2015-Q4,TP.FINHESTNKS710125.ZP38,"F.5.1.Hisse Senetleri ve Özkaynaklar, Diğer Finansal Aracılar (Konsolide Stok)",last,8775599.3779
bie_finhestnks710125,2015-Q4,TP.FINHESTNKS710125.ZP39,"F.5.2.Yatırım Fonu Katılma Belgeleri, Diğer Finansal Aracılar (Konsolide Stok)",last,0.0
bie_finhestnks710125,2015-Q4,TP.FINHESTNKS710125.ZP40,"F.5.2.1.Para Piyasası Fonları, Diğer Finansal Aracılar (Konsolide Stok)",last,0.0
bie_finhestnks710125,2015-Q4,TP.FINHESTNKS710125.ZP41,"F.5.2.2.Diğer Yatırım Fonları, Diğer Finansal Aracılar (Konsolide Stok)",last,0.0
bie_finhestnks710125,2015-Q4,TP.FINHESTNKS710125.ZP42,"F.6.Sigorta ve Emeklilik Sözleşmeleri, Diğer Finansal Aracılar (Konsolide Stok)",last,0.0
bie_finhestnks710125,2015-Q4,TP.FINHESTNKS710125.ZP43,"F.7.Finansal Türevler, Diğer Finansal Aracılar (Konsolide Stok)",last,255109.36
bie_finhestnks710125,2015-Q4,TP.FINHESTNKS710125.ZP44,"F.8.Diğer Borçlar, Diğer Finansal Aracılar (Konsolide Stok)",last,11776331.9013
bie_finhestnks710125,2015-Q4,TP.FINHESTNKS710125.ZP45,"F.0.Toplam Yükümlülükler, Diğer Finansal Aracılar (Konsolide Stok)",last,103901305.8703
bie_finhestnks710125,2016-Q1,TP.FINHESTNKS710125.ZP1,"BF.9.NET FİNANSAL DEĞER, Diğer Finansal Aracılar (Konsolide Stok)",last,7745484.058
bie_finhestnks710125,2016-Q1,TP.FINHESTNKS710125.ZP2,"VF.1.Parasal Altın ve SDR, Diğer Finansal Aracılar (Konsolide Stok)",last,0.0
bie_finhestnks710125,2016-Q1,TP.FINHESTNKS710125.ZP3,"VF.1.1.Parasal Altın, Diğer Finansal Aracılar (Konsolide Stok)",last,0.0
bie_finhestnks710125,2016-Q1,TP.FINHESTNKS710125.ZP4,"VF.1.2.Özel Çekme Hakları (SDR), Diğer Finansal Aracılar (Konsolide Stok)",last,0.0
bie_finhestnks710125,2016-Q1,TP.FINHESTNKS710125.ZP5,"VF.2.Para ve Mevduat, Diğer Finansal Aracılar (Konsolide Stok)",last,13964428.333
bie_finhestnks710125,2016-Q1,TP.FINHESTNKS710125.ZP6,"VF.2.1.Para, Diğer Finansal Aracılar (Konsolide Stok)",last,7425.268
bie_finhestnks710125,2016-Q1,TP.FINHESTNKS710125.ZP7,"VF.2.2.Vadesiz Mevduat, Diğer Finansal Aracılar (Konsolide Stok)",last,2438091.704
bie_finhestnks710125,2016-Q1,TP.FINHESTNKS710125.ZP8,"VF.2.9.Vadeli Mevduat, Diğer Finansal Aracılar (Konsolide Stok)",last,11518911.361
bie_finhestnks710125,2016-Q1,TP.FINHESTNKS710125.ZP9,"VF.3.Borçlanma Senetleri, Diğer Finansal Aracılar (Konsolide Stok)",last,1448964.87
bie_finhestnks710125,2016-Q1,TP.FINHESTNKS710125.ZP10,"VF.3.1.Kısa Vadeli Borçlanma Senetleri, Diğer Finansal Aracılar (Konsolide Stok)",last,799828.6082
bie_finhestnks710125,2016-Q1,TP.FINHESTNKS710125.ZP11,"VF.3.2.Uzun Vadeli Borçlanma Senetleri, Diğer Finansal Aracılar (Konsolide Stok)",last,649136.2618
bie_finhestnks710125,2016-Q1,TP.FINHESTNKS710125.ZP12,"VF.4.Krediler, Diğer Finansal Aracılar (Konsolide Stok)",last,89095725.319
bie_finhestnks710125,2016-Q1,TP.FINHESTNKS710125.ZP13,"VF.4.1.Kısa Vadeli Krediler, Diğer Finansal Aracılar (Konsolide Stok)",last,89095725.319
bie_finhestnks710125,2016-Q1,TP.FINHESTNKS710125.ZP14,"VF.4.2.Uzun Vadeli Krediler, Diğer Finansal Aracılar (Konsolide Stok)",last,0.0
bie_finhestnks710125,2016-Q1,TP.FINHESTNKS710125.ZP15,"VF.5.Hisse Senetleri ve Özkaynaklar, Diğer Finansal Aracılar (Konsolide Stok)",last,1269587.1207
bie_finhestnks710125,2016-Q1,TP.FINHESTNKS710125.ZP16,"VF.5.1.Hisse Senetleri ve Özkaynaklar, Diğer Finansal Aracılar (Konsolide Stok)",last,1269587.1207
bie_finhestnks710125,2016-Q1,TP.FINHESTNKS710125.ZP17,"VF.5.2.Yatırım Fonu Katılma Belgeleri, Diğer Finansal Aracılar (Konsolide Stok)",last,0.0
bie_finhestnks710125,2016-Q1,TP.FINHESTNKS710125.ZP18,"VF.5.2.1.Para Piyasası Fonları, Diğer Finansal Aracılar (Konsolide Stok)",last,0.0
bie_finhestnks710125,2016-Q1,TP.FINHESTNKS710125.ZP19,"VF.5.2.2.Diğer Yatırım Fonları, Diğer Finansal Aracılar (Konsolide Stok)",last,0.0
bie_finhestnks710125,2016-Q1,TP.FINHESTNKS710125.ZP20,"VF.6.Sigorta ve Emeklilik Sözleşmeleri, Diğer Finansal Aracılar (Konsolide Stok)",last,0.0
bie_finhestnks710125,2016-Q1,TP.FINHESTNKS710125.ZP21,"VF.7.Finansal Türevler, Diğer Finansal Aracılar (Konsolide Stok)",last,374318.897
bie_finhestnks710125,2016-Q1,TP.FINHESTNKS710125.ZP22,"VF.8.Diğer Alacaklar, Diğer Finansal Aracılar (Konsolide Stok)",last,8304894.7056
bie_finhestnks710125,2016-Q1,TP.FINHESTNKS710125.ZP23,"VF.0.Toplam Varlıklar, Diğer Finansal Aracılar (Konsolide Stok)",last,114457919.2453
bie_finhestnks710125,2016-Q1,TP.FINHESTNKS710125.ZP24,"F.1.Parasal Altın ve SDR, Diğer Finansal Aracılar (Konsolide Stok)",last,0.0
bie_finhestnks710125,2016-Q1,TP.FINHESTNKS710125.ZP26,"F.1.2.Özel Çekme Hakları (SDR), Diğer Finansal Aracılar (Konsolide Stok)",last,0.0
bie_finhestnks710125,2016-Q1,TP.FINHESTNKS710125.ZP27,"F.2.Para ve Mevduat, Diğer Finansal Aracılar (Konsolide Stok)",last,5404774.241
bie_finhestnks710125,2016-Q1,TP.FINHESTNKS710125.ZP28,"F.2.1.Para, Diğer Finansal Aracılar (Konsolide Stok)",last,0.0
bie_finhestnks710125,2016-Q1,TP.FINHESTNKS710125.ZP29,"F.2.2.Vadesiz Mevduat, Diğer Finansal Aracılar (Konsolide Stok)",last,0.0
bie_finhestnks710125,2016-Q1,TP.FINHESTNKS710125.ZP30,"F.2.9.Vadeli Mevduat, Diğer Finansal Aracılar (Konsolide Stok)",last,5404774.241
bie_finhestnks710125,2016-Q1,TP.FINHESTNKS710125.ZP31,"F.3.Borçlanma Senetleri, Diğer Finansal Aracılar (Konsolide Stok)",last,12208834.067
bie_finhestnks710125,2016-Q1,TP.FINHESTNKS710125.ZP32,"F.3.1.Kısa Vadeli Borçlanma Senetleri, Diğer Finansal Aracılar (Konsolide Stok)",last,7203212.0995
bie_finhestnks710125,2016-Q1,TP.FINHESTNKS710125.ZP33,"F.3.2.Uzun Vadeli Borçlanma Senetleri, Diğer Finansal Aracılar (Konsolide Stok)",last,5005621.9675
bie_finhestnks710125,2016-Q1,TP.FINHESTNKS710125.ZP34,"F.4.Krediler, Diğer Finansal Aracılar (Konsolide Stok)",last,66263558.496
bie_finhestnks710125,2016-Q1,TP.FINHESTNKS710125.ZP35,"F.4.1.Kısa Vadeli Krediler, Diğer Finansal Aracılar (Konsolide Stok)",last,28493330.1533
bie_finhestnks710125,2016-Q1,TP.FINHESTNKS710125.ZP36,"F.4.2.Uzun Vadeli Krediler, Diğer Finansal Aracılar (Konsolide Stok)",last,37770228.3427
bie_finhestnks710125,2016-Q1,TP.FINHESTNKS710125.ZP37,"F.5.Hisse Senetleri ve Özkaynaklar, Diğer Finansal Aracılar (Konsolide Stok)",last,9303025.4137
bie_finhestnks710125,2016-Q1,TP.FINHESTNKS710125.ZP38,"F.5.1.Hisse Senetleri ve Özkaynaklar, Diğer Finansal Aracılar (Konsolide Stok)",last,9303025.4137
bie_finhestnks710125,2016-Q1,TP.FINHESTNKS710125.ZP39,"F.5.2.Yatırım Fonu Katılma Belgeleri, Diğer Finansal Aracılar (Konsolide Stok)",last,0.0
bie_finhestnks710125,2016-Q1,TP.FINHESTNKS710125.ZP40,"F.5.2.1.Para Piyasası Fonları, Diğer Finansal Aracılar (Konsolide Stok)",last,0.0
bie_finhestnks710125,2016-Q1,TP.FINHESTNKS710125.ZP41,"F.5.2.2.Diğer Yatırım Fonları, Diğer Finansal Aracılar (Konsolide Stok)",last,0.0
bie_finhestnks710125,2016-Q1,TP.FINHESTNKS710125.ZP42,"F.6.Sigorta ve Emeklilik Sözleşmeleri, Diğer Finansal Aracılar (Konsolide Stok)",last,0.0
bie_finhestnks710125,2016-Q1,TP.FINHESTNKS710125.ZP43,"F.7.Finansal Türevler, Diğer Finansal Aracılar (Konsolide Stok)",last,147154.897
bie_finhestnks710125,2016-Q1,TP.FINHESTNKS710125.ZP44,"F.8.Diğer Borçlar, Diğer Finansal Aracılar (Konsolide Stok)",last,13385088.0726
bie_finhestnks710125,2016-Q1,TP.FINHESTNKS710125.ZP45,"F.0.Toplam Yükümlülükler, Diğer Finansal Aracılar (Konsolide Stok)",last,106712435.1873
bie_finhestnks710125,2016-Q2,TP.FINHESTNKS710125.ZP1,"BF.9.NET FİNANSAL DEĞER, Diğer Finansal Aracılar (Konsolide Stok)",last,7835412.331
bie_finhestnks710125,2016-Q2,TP.FINHESTNKS710125.ZP2,"VF.1.Parasal Altın ve SDR, Diğer Finansal Aracılar (Konsolide Stok)",last,0.0
bie_finhestnks710125,2016-Q2,TP.FINHESTNKS710125.ZP3,"VF.1.1.Parasal Altın, Diğer Finansal Aracılar (Konsolide Stok)",last,0.0
bie_finhestnks710125,2016-Q2,TP.FINHESTNKS710125.ZP4,"VF.1.2.Özel Çekme Hakları (SDR), Diğer Finansal Aracılar (Konsolide Stok)",last,0.0
bie_finhestnks710125,2016-Q2,TP.FINHESTNKS710125.ZP5,"VF.2.Para ve Mevduat, Diğer Finansal Aracılar (Konsolide Stok)",last,14806717.01
bie_finhestnks710125,2016-Q2,TP.FINHESTNKS710125.ZP6,"VF.2.1.Para, Diğer Finansal Aracılar (Konsolide Stok)",last,10510.957
bie_finhestnks710125,2016-Q2,TP.FINHESTNKS710125.ZP7,"VF.2.2.Vadesiz Mevduat, Diğer Finansal Aracılar (Konsolide Stok)",last,2454341.63
bie_finhestnks710125,2016-Q2,TP.FINHESTNKS710125.ZP8,"VF.2.9.Vadeli Mevduat, Diğer Finansal Aracılar (Konsolide Stok)",last,12341864.423
bie_finhestnks710125,2016-Q2,TP.FINHESTNKS710125.ZP9,"VF.3.Borçlanma Senetleri, Diğer Finansal Aracılar (Konsolide Stok)",last,1426997.062
bie_finhestnks710125,2016-Q2,TP.FINHESTNKS710125.ZP10,"VF.3.1.Kısa Vadeli Borçlanma Senetleri, Diğer Finansal Aracılar (Konsolide Stok)",last,743465.4693
bie_finhestnks710125,2016-Q2,TP.FINHESTNKS710125.ZP11,"VF.3.2.Uzun Vadeli Borçlanma Senetleri, Diğer Finansal Aracılar (Konsolide Stok)",last,683531.5927
bie_finhestnks710125,2016-Q2,TP.FINHESTNKS710125.ZP12,"VF.4.Krediler, Diğer Finansal Aracılar (Konsolide Stok)",last,94850251.251
bie_finhestnks710125,2016-Q2,TP.FINHESTNKS710125.ZP13,"VF.4.1.Kısa Vadeli Krediler, Diğer Finansal Aracılar (Konsolide Stok)",last,94850251.251
bie_finhestnks710125,2016-Q2,TP.FINHESTNKS710125.ZP14,"VF.4.2.Uzun Vadeli Krediler, Diğer Finansal Aracılar (Konsolide Stok)",last,0.0
bie_finhestnks710125,2016-Q2,TP.FINHESTNKS710125.ZP15,"VF.5.Hisse Senetleri ve Özkaynaklar, Diğer Finansal Aracılar (Konsolide Stok)",last,1308376.9124
bie_finhestnks710125,2016-Q2,TP.FINHESTNKS710125.ZP16,"VF.5.1.Hisse Senetleri ve Özkaynaklar, Diğer Finansal Aracılar (Konsolide Stok)",last,1308376.9124
bie_finhestnks710125,2016-Q2,TP.FINHESTNKS710125.ZP17,"VF.5.2.Yatırım Fonu Katılma Belgeleri, Diğer Finansal Aracılar (Konsolide Stok)",last,0.0
bie_finhestnks710125,2016-Q2,TP.FINHESTNKS710125.ZP18,"VF.5.2.1.Para Piyasası Fonları, Diğer Finansal Aracılar (Konsolide Stok)",last,0.0
bie_finhestnks710125,2016-Q2,TP.FINHESTNKS710125.ZP19,"VF.5.2.2.Diğer Yatırım Fonları, Diğer Finansal Aracılar (Konsolide Stok)",last,0.0
bie_finhestnks710125,2016-Q2,TP.FINHESTNKS710125.ZP20,"VF.6.Sigorta ve Emeklilik Sözleşmeleri, Diğer Finansal Aracılar (Konsolide Stok)",last,0.0
bie_finhestnks710125,2016-Q2,TP.FINHESTNKS710125.ZP21,"VF.7.Finansal Türevler, Diğer Finansal Aracılar (Konsolide Stok)",last,211880.643
bie_finhestnks710125,2016-Q2,TP.FINHESTNKS710125.ZP22,"VF.8.Diğer Alacaklar, Diğer Finansal Aracılar (Konsolide Stok)",last,8432307.3732
bie_finhestnks710125,2016-Q2,TP.FINHESTNKS710125.ZP23,"VF.0.Toplam Varlıklar, Diğer Finansal Aracılar (Konsolide Stok)",last,121036530.2516
bie_finhestnks710125,2016-Q2,TP.FINHESTNKS710125.ZP24,"F.1.Parasal Altın ve SDR, Diğer Finansal Aracılar (Konsolide Stok)",last,0.0
bie_finhestnks710125,2016-Q2,TP.FINHESTNKS710125.ZP26,"F.1.2.Özel Çekme Hakları (SDR), Diğer Finansal Aracılar (Konsolide Stok)",last,0.0
bie_finhestnks710125,2016-Q2,TP.FINHESTNKS710125.ZP27,"F.2.Para ve Mevduat, Diğer Finansal Aracılar (Konsolide Stok)",last,5268122.044
bie_finhestnks710125,2016-Q2,TP.FINHESTNKS710125.ZP28,"F.2.1.Para, Diğer Finansal Aracılar (Konsolide Stok)",last,0.0
bie_finhestnks710125,2016-Q2,TP.FINHESTNKS710125.ZP29,"F.2.2.Vadesiz Mevduat, Diğer Finansal Aracılar (Konsolide Stok)",last,0.0
bie_finhestnks710125,2016-Q2,TP.FINHESTNKS710125.ZP30,"F.2.9.Vadeli Mevduat, Diğer Finansal Aracılar (Konsolide Stok)",last,5268122.044
bie_finhestnks710125,2016-Q2,TP.FINHESTNKS710125.ZP31,"F.3.Borçlanma Senetleri, Diğer Finansal Aracılar (Konsolide Stok)",last,13218960.391
bie_finhestnks710125,2016-Q2,TP.FINHESTNKS710125.ZP32,"F.3.1.Kısa Vadeli Borçlanma Senetleri, Diğer Finansal Aracılar (Konsolide Stok)",last,7666997.0268
bie_finhestnks710125,2016-Q2,TP.FINHESTNKS710125.ZP33,"F.3.2.Uzun Vadeli Borçlanma Senetleri, Diğer Finansal Aracılar (Konsolide Stok)",last,5551963.3642
bie_finhestnks710125,2016-Q2,TP.FINHESTNKS710125.ZP34,"F.4.Krediler, Diğer Finansal Aracılar (Konsolide Stok)",last,71750159.824
bie_finhestnks710125,2016-Q2,TP.FINHESTNKS710125.ZP35,"F.4.1.Kısa Vadeli Krediler, Diğer Finansal Aracılar (Konsolide Stok)",last,30852568.7243
bie_finhestnks710125,2016-Q2,TP.FINHESTNKS710125.ZP36,"F.4.2.Uzun Vadeli Krediler, Diğer Finansal Aracılar (Konsolide Stok)",last,40897591.0997
bie_finhestnks710125,2016-Q2,TP.FINHESTNKS710125.ZP37,"F.5.Hisse Senetleri ve Özkaynaklar, Diğer Finansal Aracılar (Konsolide Stok)",last,9556600.4754
bie_finhestnks710125,2016-Q2,TP.FINHESTNKS710125.ZP38,"F.5.1.Hisse Senetleri ve Özkaynaklar, Diğer Finansal Aracılar (Konsolide Stok)",last,9556600.4754
bie_finhestnks710125,2016-Q2,TP.FINHESTNKS710125.ZP39,"F.5.2.Yatırım Fonu Katılma Belgeleri, Diğer Finansal Aracılar (Konsolide Stok)",last,0.0
bie_finhestnks710125,2016-Q2,TP.FINHESTNKS710125.ZP40,"F.5.2.1.Para Piyasası Fonları, Diğer Finansal Aracılar (Konsolide Stok)",last,0.0
bie_finhestnks710125,2016-Q2,TP.FINHESTNKS710125.ZP41,"F.5.2.2.Diğer Yatırım Fonları, Diğer Finansal Aracılar (Konsolide Stok)",last,0.0
bie_finhestnks710125,2016-Q2,TP.FINHESTNKS710125.ZP42,"F.6.Sigorta ve Emeklilik Sözleşmeleri, Diğer Finansal Aracılar (Konsolide Stok)",last,0.0
bie_finhestnks710125,2016-Q2,TP.FINHESTNKS710125.ZP43,"F.7.Finansal Türevler, Diğer Finansal Aracılar (Konsolide Stok)",last,117495.643
bie_finhestnks710125,2016-Q2,TP.FINHESTNKS710125.ZP44,"F.8.Diğer Borçlar, Diğer Finansal Aracılar (Konsolide Stok)",last,13289779.5432
bie_finhestnks710125,2016-Q2,TP.FINHESTNKS710125.ZP45,"F.0.Toplam Yükümlülükler, Diğer Finansal Aracılar (Konsolide Stok)",last,113201117.9206
bie_finhestnks710125,2016-Q3,TP.FINHESTNKS710125.ZP1,"BF.9.NET FİNANSAL DEĞER, Diğer Finansal Aracılar (Konsolide Stok)",last,8301101.046
bie_finhestnks710125,2016-Q3,TP.FINHESTNKS710125.ZP2,"VF.1.Parasal Altın ve SDR, Diğer Finansal Aracılar (Konsolide Stok)",last,0.0
bie_finhestnks710125,2016-Q3,TP.FINHESTNKS710125.ZP3,"VF.1.1.Parasal Altın, Diğer Finansal Aracılar (Konsolide Stok)",last,0.0
bie_finhestnks710125,2016-Q3,TP.FINHESTNKS710125.ZP4,"VF.1.2.Özel Çekme Hakları (SDR), Diğer Finansal Aracılar (Konsolide Stok)",last,0.0
bie_finhestnks710125,2016-Q3,TP.FINHESTNKS710125.ZP5,"VF.2.Para ve Mevduat, Diğer Finansal Aracılar (Konsolide Stok)",last,17281624.758
bie_finhestnks710125,2016-Q3,TP.FINHESTNKS710125.ZP6,"VF.2.1.Para, Diğer Finansal Aracılar (Konsolide Stok)",last,11645.419
bie_finhestnks710125,2016-Q3,TP.FINHESTNKS710125.ZP7,"VF.2.2.Vadesiz Mevduat, Diğer Finansal Aracılar (Konsolide Stok)",last,2800669.307
bie_finhestnks710125,2016-Q3,TP.FINHESTNKS710125.ZP8,"VF.2.9.Vadeli Mevduat, Diğer Finansal Aracılar (Konsolide Stok)",last,14469310.032
bie_finhestnks710125,2016-Q3,TP.FINHESTNKS710125.ZP9,"VF.3.Borçlanma Senetleri, Diğer Finansal Aracılar (Konsolide Stok)",last,1254637.661
bie_finhestnks710125,2016-Q3,TP.FINHESTNKS710125.ZP10,"VF.3.1.Kısa Vadeli Borçlanma Senetleri, Diğer Finansal Aracılar (Konsolide Stok)",last,720162.0174
bie_finhestnks710125,2016-Q3,TP.FINHESTNKS710125.ZP11,"VF.3.2.Uzun Vadeli Borçlanma Senetleri, Diğer Finansal Aracılar (Konsolide Stok)",last,534475.6436
bie_finhestnks710125,2016-Q3,TP.FINHESTNKS710125.ZP12,"VF.4.Krediler, Diğer Finansal Aracılar (Konsolide Stok)",last,96356351.587
bie_finhestnks710125,2016-Q3,TP.FINHESTNKS710125.ZP13,"VF.4.1.Kısa Vadeli Krediler, Diğer Finansal Aracılar (Konsolide Stok)",last,96356351.587
bie_finhestnks710125,2016-Q3,TP.FINHESTNKS710125.ZP14,"VF.4.2.Uzun Vadeli Krediler, Diğer Finansal Aracılar (Konsolide Stok)",last,0.0
bie_finhestnks710125,2016-Q3,TP.FINHESTNKS710125.ZP15,"VF.5.Hisse Senetleri ve Özkaynaklar, Diğer Finansal Aracılar (Konsolide Stok)",last,1265787.3572
bie_finhestnks710125,2016-Q3,TP.FINHESTNKS710125.ZP16,"VF.5.1.Hisse Senetleri ve Özkaynaklar, Diğer Finansal Aracılar (Konsolide Stok)",last,1265787.3572
bie_finhestnks710125,2016-Q3,TP.FINHESTNKS710125.ZP17,"VF.5.2.Yatırım Fonu Katılma Belgeleri, Diğer Finansal Aracılar (Konsolide Stok)",last,0.0
bie_finhestnks710125,2016-Q3,TP.FINHESTNKS710125.ZP18,"VF.5.2.1.Para Piyasası Fonları, Diğer Finansal Aracılar (Konsolide Stok)",last,0.0
bie_finhestnks710125,2016-Q3,TP.FINHESTNKS710125.ZP19,"VF.5.2.2.Diğer Yatırım Fonları, Diğer Finansal Aracılar (Konsolide Stok)",last,0.0
bie_finhestnks710125,2016-Q3,TP.FINHESTNKS710125.ZP20,"VF.6.Sigorta ve Emeklilik Sözleşmeleri, Diğer Finansal Aracılar (Konsolide Stok)",last,0.0
bie_finhestnks710125,2016-Q3,TP.FINHESTNKS710125.ZP21,"VF.7.Finansal Türevler, Diğer Finansal Aracılar (Konsolide Stok)",last,145108.654
bie_finhestnks710125,2016-Q3,TP.FINHESTNKS710125.ZP22,"VF.8.Diğer Alacaklar, Diğer Finansal Aracılar (Konsolide Stok)",last,9026457.7667
bie_finhestnks710125,2016-Q3,TP.FINHESTNKS710125.ZP23,"VF.0.Toplam Varlıklar, Diğer Finansal Aracılar (Konsolide Stok)",last,125329967.7839
bie_finhestnks710125,2016-Q3,TP.FINHESTNKS710125.ZP24,"F.1.Parasal Altın ve SDR, Diğer Finansal Aracılar (Konsolide Stok)",last,0.0
bie_finhestnks710125,2016-Q3,TP.FINHESTNKS710125.ZP26,"F.1.2.Özel Çekme Hakları (SDR), Diğer Finansal Aracılar (Konsolide Stok)",last,0.0
bie_finhestnks710125,2016-Q3,TP.FINHESTNKS710125.ZP27,"F.2.Para ve Mevduat, Diğer Finansal Aracılar (Konsolide Stok)",last,6534018.76
bie_finhestnks710125,2016-Q3,TP.FINHESTNKS710125.ZP28,"F.2.1.Para, Diğer Finansal Aracılar (Konsolide Stok)",last,0.0
bie_finhestnks710125,2016-Q3,TP.FINHESTNKS710125.ZP29,"F.2.2.Vadesiz Mevduat, Diğer Finansal Aracılar (Konsolide Stok)",last,0.0
bie_finhestnks710125,2016-Q3,TP.FINHESTNKS710125.ZP30,"F.2.9.Vadeli Mevduat, Diğer Finansal Aracılar (Konsolide Stok)",last,6534018.76
bie_finhestnks710125,2016-Q3,TP.FINHESTNKS710125.ZP31,"F.3.Borçlanma Senetleri, Diğer Finansal Aracılar (Konsolide Stok)",last,13629762.914
bie_finhestnks710125,2016-Q3,TP.FINHESTNKS710125.ZP32,"F.3.1.Kısa Vadeli Borçlanma Senetleri, Diğer Finansal Aracılar (Konsolide Stok)",last,8723048.265
bie_finhestnks710125,2016-Q3,TP.FINHESTNKS710125.ZP33,"F.3.2.Uzun Vadeli Borçlanma Senetleri, Diğer Finansal Aracılar (Konsolide Stok)",last,4906714.649
bie_finhestnks710125,2016-Q3,TP.FINHESTNKS710125.ZP34,"F.4.Krediler, Diğer Finansal Aracılar (Konsolide Stok)",last,73018782.642
bie_finhestnks710125,2016-Q3,TP.FINHESTNKS710125.ZP35,"F.4.1.Kısa Vadeli Krediler, Diğer Finansal Aracılar (Konsolide Stok)",last,28477325.2304
bie_finhestnks710125,2016-Q3,TP.FINHESTNKS710125.ZP36,"F.4.2.Uzun Vadeli Krediler, Diğer Finansal Aracılar (Konsolide Stok)",last,44541457.4116
bie_finhestnks710125,2016-Q3,TP.FINHESTNKS710125.ZP37,"F.5.Hisse Senetleri ve Özkaynaklar, Diğer Finansal Aracılar (Konsolide Stok)",last,9641152.0532
bie_finhestnks710125,2016-Q3,TP.FINHESTNKS710125.ZP38,"F.5.1.Hisse Senetleri ve Özkaynaklar, Diğer Finansal Aracılar (Konsolide Stok)",last,9641152.0532
bie_finhestnks710125,2016-Q3,TP.FINHESTNKS710125.ZP39,"F.5.2.Yatırım Fonu Katılma Belgeleri, Diğer Finansal Aracılar (Konsolide Stok)",last,0.0
bie_finhestnks710125,2016-Q3,TP.FINHESTNKS710125.ZP40,"F.5.2.1.Para Piyasası Fonları, Diğer Finansal Aracılar (Konsolide Stok)",last,0.0
bie_finhestnks710125,2016-Q3,TP.FINHESTNKS710125.ZP41,"F.5.2.2.Diğer Yatırım Fonları, Diğer Finansal Aracılar (Konsolide Stok)",last,0.0
bie_finhestnks710125,2016-Q3,TP.FINHESTNKS710125.ZP42,"F.6.Sigorta ve Emeklilik Sözleşmeleri, Diğer Finansal Aracılar (Konsolide Stok)",last,0.0
bie_finhestnks710125,2016-Q3,TP.FINHESTNKS710125.ZP43,"F.7.Finansal Türevler, Diğer Finansal Aracılar (Konsolide Stok)",last,128981.654
bie_finhestnks710125,2016-Q3,TP.FINHESTNKS710125.ZP44,"F.8.Diğer Borçlar, Diğer Finansal Aracılar (Konsolide Stok)",last,14076168.7147
bie_finhestnks710125,2016-Q3,TP.FINHESTNKS710125.ZP45,"F.0.Toplam Yükümlülükler, Diğer Finansal Aracılar (Konsolide Stok)",last,117028866.7379
bie_finhestnks710125,2016-Q4,TP.FINHESTNKS710125.ZP1,"BF.9.NET FİNANSAL DEĞER, Diğer Finansal Aracılar (Konsolide Stok)",last,8843901.953
bie_finhestnks710125,2016-Q4,TP.FINHESTNKS710125.ZP2,"VF.1.Parasal Altın ve SDR, Diğer Finansal Aracılar (Konsolide Stok)",last,0.0
bie_finhestnks710125,2016-Q4,TP.FINHESTNKS710125.ZP3,"VF.1.1.Parasal Altın, Diğer Finansal Aracılar (Konsolide Stok)",last,0.0
bie_finhestnks710125,2016-Q4,TP.FINHESTNKS710125.ZP4,"VF.1.2.Özel Çekme Hakları (SDR), Diğer Finansal Aracılar (Konsolide Stok)",last,0.0
bie_finhestnks710125,2016-Q4,TP.FINHESTNKS710125.ZP5,"VF.2.Para ve Mevduat, Diğer Finansal Aracılar (Konsolide Stok)",last,18473724.0
bie_finhestnks710125,2016-Q4,TP.FINHESTNKS710125.ZP6,"VF.2.1.Para, Diğer Finansal Aracılar (Konsolide Stok)",last,11485.073
bie_finhestnks710125,2016-Q4,TP.FINHESTNKS710125.ZP7,"VF.2.2.Vadesiz Mevduat, Diğer Finansal Aracılar (Konsolide Stok)",last,2687623.659
bie_finhestnks710125,2016-Q4,TP.FINHESTNKS710125.ZP8,"VF.2.9.Vadeli Mevduat, Diğer Finansal Aracılar (Konsolide Stok)",last,15774615.268
bie_finhestnks710125,2016-Q4,TP.FINHESTNKS710125.ZP9,"VF.3.Borçlanma Senetleri, Diğer Finansal Aracılar (Konsolide Stok)",last,930117.638
bie_finhestnks710125,2016-Q4,TP.FINHESTNKS710125.ZP10,"VF.3.1.Kısa Vadeli Borçlanma Senetleri, Diğer Finansal Aracılar (Konsolide Stok)",last,533887.5242
bie_finhestnks710125,2016-Q4,TP.FINHESTNKS710125.ZP11,"VF.3.2.Uzun Vadeli Borçlanma Senetleri, Diğer Finansal Aracılar (Konsolide Stok)",last,396230.1138
bie_finhestnks710125,2016-Q4,TP.FINHESTNKS710125.ZP12,"VF.4.Krediler, Diğer Finansal Aracılar (Konsolide Stok)",last,107001694.893
bie_finhestnks710125,2016-Q4,TP.FINHESTNKS710125.ZP13,"VF.4.1.Kısa Vadeli Krediler, Diğer Finansal Aracılar (Konsolide Stok)",last,107001694.893
bie_finhestnks710125,2016-Q4,TP.FINHESTNKS710125.ZP14,"VF.4.2.Uzun Vadeli Krediler, Diğer Finansal Aracılar (Konsolide Stok)",last,0.0
bie_finhestnks710125,2016-Q4,TP.FINHESTNKS710125.ZP15,"VF.5.Hisse Senetleri ve Özkaynaklar, Diğer Finansal Aracılar (Konsolide Stok)",last,1086955.3081
bie_finhestnks710125,2016-Q4,TP.FINHESTNKS710125.ZP16,"VF.5.1.Hisse Senetleri ve Özkaynaklar, Diğer Finansal Aracılar (Konsolide Stok)",last,1086955.3081
bie_finhestnks710125,2016-Q4,TP.FINHESTNKS710125.ZP17,"VF.5.2.Yatırım Fonu Katılma Belgeleri, Diğer Finansal Aracılar (Konsolide Stok)",last,0.0
bie_finhestnks710125,2016-Q4,TP.FINHESTNKS710125.ZP18,"VF.5.2.1.Para Piyasası Fonları, Diğer Finansal Aracılar (Konsolide Stok)",last,0.0
bie_finhestnks710125,2016-Q4,TP.FINHESTNKS710125.ZP19,"VF.5.2.2.Diğer Yatırım Fonları, Diğer Finansal Aracılar (Konsolide Stok)",last,0.0
bie_finhestnks710125,2016-Q4,TP.FINHESTNKS710125.ZP20,"VF.6.Sigorta ve Emeklilik Sözleşmeleri, Diğer Finansal Aracılar (Konsolide Stok)",last,0.0
bie_finhestnks710125,2016-Q4,TP.FINHESTNKS710125.ZP21,"VF.7.Finansal Türevler, Diğer Finansal Aracılar (Konsolide Stok)",last,534871.827
bie_finhestnks710125,2016-Q4,TP.FINHESTNKS710125.ZP22,"VF.8.Diğer Alacaklar, Diğer Finansal Aracılar (Konsolide Stok)",last,8954269.8157
bie_finhestnks710125,2016-Q4,TP.FINHESTNKS710125.ZP23,"VF.0.Toplam Varlıklar, Diğer Finansal Aracılar (Konsolide Stok)",last,136981633.4818
bie_finhestnks710125,2016-Q4,TP.FINHESTNKS710125.ZP24,"F.1.Parasal Altın ve SDR, Diğer Finansal Aracılar (Konsolide Stok)",last,0.0
bie_finhestnks710125,2016-Q4,TP.FINHESTNKS710125.ZP26,"F.1.2.Özel Çekme Hakları (SDR), Diğer Finansal Aracılar (Konsolide Stok)",last,0.0
bie_finhestnks710125,2016-Q4,TP.FINHESTNKS710125.ZP27,"F.2.Para ve Mevduat, Diğer Finansal Aracılar (Konsolide Stok)",last,0.0
bie_finhestnks710125,2016-Q4,TP.FINHESTNKS710125.ZP28,"F.2.1.Para, Diğer Finansal Aracılar (Konsolide Stok)",last,0.0
bie_finhestnks710125,2016-Q4,TP.FINHESTNKS710125.ZP29,"F.2.2.Vadesiz Mevduat, Diğer Finansal Aracılar (Konsolide Stok)",last,0.0
bie_finhestnks710125,2016-Q4,TP.FINHESTNKS710125.ZP30,"F.2.9.Vadeli Mevduat, Diğer Finansal Aracılar (Konsolide Stok)",last,0.0
bie_finhestnks710125,2016-Q4,TP.FINHESTNKS710125.ZP31,"F.3.Borçlanma Senetleri, Diğer Finansal Aracılar (Konsolide Stok)",last,15439304.645
bie_finhestnks710125,2016-Q4,TP.FINHESTNKS710125.ZP32,"F.3.1.Kısa Vadeli Borçlanma Senetleri, Diğer Finansal Aracılar (Konsolide Stok)",last,9881154.9728
bie_finhestnks710125,2016-Q4,TP.FINHESTNKS710125.ZP33,"F.3.2.Uzun Vadeli Borçlanma Senetleri, Diğer Finansal Aracılar (Konsolide Stok)",last,5558149.6722
bie_finhestnks710125,2016-Q4,TP.FINHESTNKS710125.ZP34,"F.4.Krediler, Diğer Finansal Aracılar (Konsolide Stok)",last,87889591.794
bie_finhestnks710125,2016-Q4,TP.FINHESTNKS710125.ZP35,"F.4.1.Kısa Vadeli Krediler, Diğer Finansal Aracılar (Konsolide Stok)",last,34276940.7997
bie_finhestnks710125,2016-Q4,TP.FINHESTNKS710125.ZP36,"F.4.2.Uzun Vadeli Krediler, Diğer Finansal Aracılar (Konsolide Stok)",last,53612650.9943
bie_finhestnks710125,2016-Q4,TP.FINHESTNKS710125.ZP37,"F.5.Hisse Senetleri ve Özkaynaklar, Diğer Finansal Aracılar (Konsolide Stok)",last,9636306.3421
bie_finhestnks710125,2016-Q4,TP.FINHESTNKS710125.ZP38,"F.5.1.Hisse Senetleri ve Özkaynaklar, Diğer Finansal Aracılar (Konsolide Stok)",last,9636306.3421
bie_finhestnks710125,2016-Q4,TP.FINHESTNKS710125.ZP39,"F.5.2.Yatırım Fonu Katılma Belgeleri, Diğer Finansal Aracılar (Konsolide Stok)",last,0.0
bie_finhestnks710125,2016-Q4,TP.FINHESTNKS710125.ZP40,"F.5.2.1.Para Piyasası Fonları, Diğer Finansal Aracılar (Konsolide Stok)",last,0.0
bie_finhestnks710125,2016-Q4,TP.FINHESTNKS710125.ZP41,"F.5.2.2.Diğer Yatırım Fonları, Diğer Finansal Aracılar (Konsolide Stok)",last,0.0
bie_finhestnks710125,2016-Q4,TP.FINHESTNKS710125.ZP42,"F.6.Sigorta ve Emeklilik Sözleşmeleri, Diğer Finansal Aracılar (Konsolide Stok)",last,0.0
bie_finhestnks710125,2016-Q4,TP.FINHESTNKS710125.ZP43,"F.7.Finansal Türevler, Diğer Finansal Aracılar (Konsolide Stok)",last,507781.827
bie_finhestnks710125,2016-Q4,TP.FINHESTNKS710125.ZP44,"F.8.Diğer Borçlar, Diğer Finansal Aracılar (Konsolide Stok)",last,14664746.9207
bie_finhestnks710125,2016-Q4,TP.FINHESTNKS710125.ZP45,"F.0.Toplam Yükümlülükler, Diğer Finansal Aracılar (Konsolide Stok)",last,128137731.5288
bie_finhestnks710125,2017-Q1,TP.FINHESTNKS710125.ZP1,"BF.9.NET FİNANSAL DEĞER, Diğer Finansal Aracılar (Konsolide Stok)",last,10994922.218
bie_finhestnks710125,2017-Q1,TP.FINHESTNKS710125.ZP2,"VF.1.Parasal Altın ve SDR, Diğer Finansal Aracılar (Konsolide Stok)",last,0.0
bie_finhestnks710125,2017-Q1,TP.FINHESTNKS710125.ZP3,"VF.1.1.Parasal Altın, Diğer Finansal Aracılar (Konsolide Stok)",last,0.0
bie_finhestnks710125,2017-Q1,TP.FINHESTNKS710125.ZP4,"VF.1.2.Özel Çekme Hakları (SDR), Diğer Finansal Aracılar (Konsolide Stok)",last,0.0
bie_finhestnks710125,2017-Q1,TP.FINHESTNKS710125.ZP5,"VF.2.Para ve Mevduat, Diğer Finansal Aracılar (Konsolide Stok)",last,17448681.552
bie_finhestnks710125,2017-Q1,TP.FINHESTNKS710125.ZP6,"VF.2.1.Para, Diğer Finansal Aracılar (Konsolide Stok)",last,9981.096
bie_finhestnks710125,2017-Q1,TP.FINHESTNKS710125.ZP7,"VF.2.2.Vadesiz Mevduat, Diğer Finansal Aracılar (Konsolide Stok)",last,2840710.549
bie_finhestnks710125,2017-Q1,TP.FINHESTNKS710125.ZP8,"VF.2.9.Vadeli Mevduat, Diğer Finansal Aracılar (Konsolide Stok)",last,14597989.907
bie_finhestnks710125,2017-Q1,TP.FINHESTNKS710125.ZP9,"VF.3.Borçlanma Senetleri, Diğer Finansal Aracılar (Konsolide Stok)",last,1175284.244
bie_finhestnks710125,2017-Q1,TP.FINHESTNKS710125.ZP10,"VF.3.1.Kısa Vadeli Borçlanma Senetleri, Diğer Finansal Aracılar (Konsolide Stok)",last,674613.1561
bie_finhestnks710125,2017-Q1,TP.FINHESTNKS710125.ZP11,"VF.3.2.Uzun Vadeli Borçlanma Senetleri, Diğer Finansal Aracılar (Konsolide Stok)",last,500671.0879
bie_finhestnks710125,2017-Q1,TP.FINHESTNKS710125.ZP12,"VF.4.Krediler, Diğer Finansal Aracılar (Konsolide Stok)",last,112699630.989
bie_finhestnks710125,2017-Q1,TP.FINHESTNKS710125.ZP13,"VF.4.1.Kısa Vadeli Krediler, Diğer Finansal Aracılar (Konsolide Stok)",last,112699630.989
bie_finhestnks710125,2017-Q1,TP.FINHESTNKS710125.ZP14,"VF.4.2.Uzun Vadeli Krediler, Diğer Finansal Aracılar (Konsolide Stok)",last,0.0
bie_finhestnks710125,2017-Q1,TP.FINHESTNKS710125.ZP15,"VF.5.Hisse Senetleri ve Özkaynaklar, Diğer Finansal Aracılar (Konsolide Stok)",last,1408304.9915
bie_finhestnks710125,2017-Q1,TP.FINHESTNKS710125.ZP16,"VF.5.1.Hisse Senetleri ve Özkaynaklar, Diğer Finansal Aracılar (Konsolide Stok)",last,1408304.9915
bie_finhestnks710125,2017-Q1,TP.FINHESTNKS710125.ZP17,"VF.5.2.Yatırım Fonu Katılma Belgeleri, Diğer Finansal Aracılar (Konsolide Stok)",last,0.0
bie_finhestnks710125,2017-Q1,TP.FINHESTNKS710125.ZP18,"VF.5.2.1.Para Piyasası Fonları, Diğer Finansal Aracılar (Konsolide Stok)",last,0.0
bie_finhestnks710125,2017-Q1,TP.FINHESTNKS710125.ZP19,"VF.5.2.2.Diğer Yatırım Fonları, Diğer Finansal Aracılar (Konsolide Stok)",last,0.0
bie_finhestnks710125,2017-Q1,TP.FINHESTNKS710125.ZP20,"VF.6.Sigorta ve Emeklilik Sözleşmeleri, Diğer Finansal Aracılar (Konsolide Stok)",last,0.0
bie_finhestnks710125,2017-Q1,TP.FINHESTNKS710125.ZP21,"VF.7.Finansal Türevler, Diğer Finansal Aracılar (Konsolide Stok)",last,597201.481
bie_finhestnks710125,2017-Q1,TP.FINHESTNKS710125.ZP22,"VF.8.Diğer Alacaklar, Diğer Finansal Aracılar (Konsolide Stok)",last,10141871.613
bie_finhestnks710125,2017-Q1,TP.FINHESTNKS710125.ZP23,"VF.0.Toplam Varlıklar, Diğer Finansal Aracılar (Konsolide Stok)",last,143470974.8704
bie_finhestnks710125,2017-Q1,TP.FINHESTNKS710125.ZP24,"F.1.Parasal Altın ve SDR, Diğer Finansal Aracılar (Konsolide Stok)",last,0.0
bie_finhestnks710125,2017-Q1,TP.FINHESTNKS710125.ZP26,"F.1.2.Özel Çekme Hakları (SDR), Diğer Finansal Aracılar (Konsolide Stok)",last,0.0
bie_finhestnks710125,2017-Q1,TP.FINHESTNKS710125.ZP27,"F.2.Para ve Mevduat, Diğer Finansal Aracılar (Konsolide Stok)",last,0.0
bie_finhestnks710125,2017-Q1,TP.FINHESTNKS710125.ZP28,"F.2.1.Para, Diğer Finansal Aracılar (Konsolide Stok)",last,0.0
bie_finhestnks710125,2017-Q1,TP.FINHESTNKS710125.ZP29,"F.2.2.Vadesiz Mevduat, Diğer Finansal Aracılar (Konsolide Stok)",last,0.0
bie_finhestnks710125,2017-Q1,TP.FINHESTNKS710125.ZP30,"F.2.9.Vadeli Mevduat, Diğer Finansal Aracılar (Konsolide Stok)",last,0.0
bie_finhestnks710125,2017-Q1,TP.FINHESTNKS710125.ZP31,"F.3.Borçlanma Senetleri, Diğer Finansal Aracılar (Konsolide Stok)",last,17635731.58
bie_finhestnks710125,2017-Q1,TP.FINHESTNKS710125.ZP32,"F.3.1.Kısa Vadeli Borçlanma Senetleri, Diğer Finansal Aracılar (Konsolide Stok)",last,11286868.2112
bie_finhestnks710125,2017-Q1,TP.FINHESTNKS710125.ZP33,"F.3.2.Uzun Vadeli Borçlanma Senetleri, Diğer Finansal Aracılar (Konsolide Stok)",last,6348863.3688
bie_finhestnks710125,2017-Q1,TP.FINHESTNKS710125.ZP34,"F.4.Krediler, Diğer Finansal Aracılar (Konsolide Stok)",last,88993946.184
bie_finhestnks710125,2017-Q1,TP.FINHESTNKS710125.ZP35,"F.4.1.Kısa Vadeli Krediler, Diğer Finansal Aracılar (Konsolide Stok)",last,34707639.0118
bie_finhestnks710125,2017-Q1,TP.FINHESTNKS710125.ZP36,"F.4.2.Uzun Vadeli Krediler, Diğer Finansal Aracılar (Konsolide Stok)",last,54286307.1722
bie_finhestnks710125,2017-Q1,TP.FINHESTNKS710125.ZP37,"F.5.Hisse Senetleri ve Özkaynaklar, Diğer Finansal Aracılar (Konsolide Stok)",last,10349069.4445
bie_finhestnks710125,2017-Q1,TP.FINHESTNKS710125.ZP38,"F.5.1.Hisse Senetleri ve Özkaynaklar, Diğer Finansal Aracılar (Konsolide Stok)",last,10349069.4445
bie_finhestnks710125,2017-Q1,TP.FINHESTNKS710125.ZP39,"F.5.2.Yatırım Fonu Katılma Belgeleri, Diğer Finansal Aracılar (Konsolide Stok)",last,0.0
bie_finhestnks710125,2017-Q1,TP.FINHESTNKS710125.ZP40,"F.5.2.1.Para Piyasası Fonları, Diğer Finansal Aracılar (Konsolide Stok)",last,0.0
bie_finhestnks710125,2017-Q1,TP.FINHESTNKS710125.ZP41,"F.5.2.2.Diğer Yatırım Fonları, Diğer Finansal Aracılar (Konsolide Stok)",last,0.0
bie_finhestnks710125,2017-Q1,TP.FINHESTNKS710125.ZP42,"F.6.Sigorta ve Emeklilik Sözleşmeleri, Diğer Finansal Aracılar (Konsolide Stok)",last,0.0
bie_finhestnks710125,2017-Q1,TP.FINHESTNKS710125.ZP43,"F.7.Finansal Türevler, Diğer Finansal Aracılar (Konsolide Stok)",last,313041.481
bie_finhestnks710125,2017-Q1,TP.FINHESTNKS710125.ZP44,"F.8.Diğer Borçlar, Diğer Finansal Aracılar (Konsolide Stok)",last,15184263.963
bie_finhestnks710125,2017-Q1,TP.FINHESTNKS710125.ZP45,"F.0.Toplam Yükümlülükler, Diğer Finansal Aracılar (Konsolide Stok)",last,132476052.6524
bie_finhestnks710125,2017-Q2,TP.FINHESTNKS710125.ZP1,"BF.9.NET FİNANSAL DEĞER, Diğer Finansal Aracılar (Konsolide Stok)",last,11567607.825
bie_finhestnks710125,2017-Q2,TP.FINHESTNKS710125.ZP2,"VF.1.Parasal Altın ve SDR, Diğer Finansal Aracılar (Konsolide Stok)",last,0.0
bie_finhestnks710125,2017-Q2,TP.FINHESTNKS710125.ZP3,"VF.1.1.Parasal Altın, Diğer Finansal Aracılar (Konsolide Stok)",last,0.0
bie_finhestnks710125,2017-Q2,TP.FINHESTNKS710125.ZP4,"VF.1.2.Özel Çekme Hakları (SDR), Diğer Finansal Aracılar (Konsolide Stok)",last,0.0
bie_finhestnks710125,2017-Q2,TP.FINHESTNKS710125.ZP5,"VF.2.Para ve Mevduat, Diğer Finansal Aracılar (Konsolide Stok)",last,18228344.783
bie_finhestnks710125,2017-Q2,TP.FINHESTNKS710125.ZP6,"VF.2.1.Para, Diğer Finansal Aracılar (Konsolide Stok)",last,12713.477
bie_finhestnks710125,2017-Q2,TP.FINHESTNKS710125.ZP7,"VF.2.2.Vadesiz Mevduat, Diğer Finansal Aracılar (Konsolide Stok)",last,3018693.841
bie_finhestnks710125,2017-Q2,TP.FINHESTNKS710125.ZP8,"VF.2.9.Vadeli Mevduat, Diğer Finansal Aracılar (Konsolide Stok)",last,15196937.465
bie_finhestnks710125,2017-Q2,TP.FINHESTNKS710125.ZP9,"VF.3.Borçlanma Senetleri, Diğer Finansal Aracılar (Konsolide Stok)",last,1110664.102
bie_finhestnks710125,2017-Q2,TP.FINHESTNKS710125.ZP10,"VF.3.1.Kısa Vadeli Borçlanma Senetleri, Diğer Finansal Aracılar (Konsolide Stok)",last,637521.1945
bie_finhestnks710125,2017-Q2,TP.FINHESTNKS710125.ZP11,"VF.3.2.Uzun Vadeli Borçlanma Senetleri, Diğer Finansal Aracılar (Konsolide Stok)",last,473142.9075
bie_finhestnks710125,2017-Q2,TP.FINHESTNKS710125.ZP12,"VF.4.Krediler, Diğer Finansal Aracılar (Konsolide Stok)",last,117067890.61
bie_finhestnks710125,2017-Q2,TP.FINHESTNKS710125.ZP13,"VF.4.1.Kısa Vadeli Krediler, Diğer Finansal Aracılar (Konsolide Stok)",last,117067890.61
bie_finhestnks710125,2017-Q2,TP.FINHESTNKS710125.ZP14,"VF.4.2.Uzun Vadeli Krediler, Diğer Finansal Aracılar (Konsolide Stok)",last,0.0
bie_finhestnks710125,2017-Q2,TP.FINHESTNKS710125.ZP15,"VF.5.Hisse Senetleri ve Özkaynaklar, Diğer Finansal Aracılar (Konsolide Stok)",last,1282437.0657
bie_finhestnks710125,2017-Q2,TP.FINHESTNKS710125.ZP16,"VF.5.1.Hisse Senetleri ve Özkaynaklar, Diğer Finansal Aracılar (Konsolide Stok)",last,1282437.0657
bie_finhestnks710125,2017-Q2,TP.FINHESTNKS710125.ZP17,"VF.5.2.Yatırım Fonu Katılma Belgeleri, Diğer Finansal Aracılar (Konsolide Stok)",last,0.0
bie_finhestnks710125,2017-Q2,TP.FINHESTNKS710125.ZP18,"VF.5.2.1.Para Piyasası Fonları, Diğer Finansal Aracılar (Konsolide Stok)",last,0.0
bie_finhestnks710125,2017-Q2,TP.FINHESTNKS710125.ZP19,"VF.5.2.2.Diğer Yatırım Fonları, Diğer Finansal Aracılar (Konsolide Stok)",last,0.0
bie_finhestnks710125,2017-Q2,TP.FINHESTNKS710125.ZP20,"VF.6.Sigorta ve Emeklilik Sözleşmeleri, Diğer Finansal Aracılar (Konsolide Stok)",last,0.0
bie_finhestnks710125,2017-Q2,TP.FINHESTNKS710125.ZP21,"VF.7.Finansal Türevler, Diğer Finansal Aracılar (Konsolide Stok)",last,449095.377
bie_finhestnks710125,2017-Q2,TP.FINHESTNKS710125.ZP22,"VF.8.Diğer Alacaklar, Diğer Finansal Aracılar (Konsolide Stok)",last,11617457.7868
bie_finhestnks710125,2017-Q2,TP.FINHESTNKS710125.ZP23,"VF.0.Toplam Varlıklar, Diğer Finansal Aracılar (Konsolide Stok)",last,149755889.7246
bie_finhestnks710125,2017-Q2,TP.FINHESTNKS710125.ZP24,"F.1.Parasal Altın ve SDR, Diğer Finansal Aracılar (Konsolide Stok)",last,0.0
bie_finhestnks710125,2017-Q2,TP.FINHESTNKS710125.ZP26,"F.1.2.Özel Çekme Hakları (SDR), Diğer Finansal Aracılar (Konsolide Stok)",last,0.0
bie_finhestnks710125,2017-Q2,TP.FINHESTNKS710125.ZP27,"F.2.Para ve Mevduat, Diğer Finansal Aracılar (Konsolide Stok)",last,0.0
bie_finhestnks710125,2017-Q2,TP.FINHESTNKS710125.ZP28,"F.2.1.Para, Diğer Finansal Aracılar (Konsolide Stok)",last,0.0
bie_finhestnks710125,2017-Q2,TP.FINHESTNKS710125.ZP29,"F.2.2.Vadesiz Mevduat, Diğer Finansal Aracılar (Konsolide Stok)",last,0.0
bie_finhestnks710125,2017-Q2,TP.FINHESTNKS710125.ZP30,"F.2.9.Vadeli Mevduat, Diğer Finansal Aracılar (Konsolide Stok)",last,0.0
bie_finhestnks710125,2017-Q2,TP.FINHESTNKS710125.ZP31,"F.3.Borçlanma Senetleri, Diğer Finansal Aracılar (Konsolide Stok)",last,16999189.369
bie_finhestnks710125,2017-Q2,TP.FINHESTNKS710125.ZP32,"F.3.1.Kısa Vadeli Borçlanma Senetleri, Diğer Finansal Aracılar (Konsolide Stok)",last,10879481.1962
bie_finhestnks710125,2017-Q2,TP.FINHESTNKS710125.ZP33,"F.3.2.Uzun Vadeli Borçlanma Senetleri, Diğer Finansal Aracılar (Konsolide Stok)",last,6119708.1728
bie_finhestnks710125,2017-Q2,TP.FINHESTNKS710125.ZP34,"F.4.Krediler, Diğer Finansal Aracılar (Konsolide Stok)",last,93893526.731
bie_finhestnks710125,2017-Q2,TP.FINHESTNKS710125.ZP35,"F.4.1.Kısa Vadeli Krediler, Diğer Finansal Aracılar (Konsolide Stok)",last,36618475.4251
bie_finhestnks710125,2017-Q2,TP.FINHESTNKS710125.ZP36,"F.4.2.Uzun Vadeli Krediler, Diğer Finansal Aracılar (Konsolide Stok)",last,57275051.3059
bie_finhestnks710125,2017-Q2,TP.FINHESTNKS710125.ZP37,"F.5.Hisse Senetleri ve Özkaynaklar, Diğer Finansal Aracılar (Konsolide Stok)",last,10664994.8747
bie_finhestnks710125,2017-Q2,TP.FINHESTNKS710125.ZP38,"F.5.1.Hisse Senetleri ve Özkaynaklar, Diğer Finansal Aracılar (Konsolide Stok)",last,10664994.8747
bie_finhestnks710125,2017-Q2,TP.FINHESTNKS710125.ZP39,"F.5.2.Yatırım Fonu Katılma Belgeleri, Diğer Finansal Aracılar (Konsolide Stok)",last,0.0
bie_finhestnks710125,2017-Q2,TP.FINHESTNKS710125.ZP40,"F.5.2.1.Para Piyasası Fonları, Diğer Finansal Aracılar (Konsolide Stok)",last,0.0
bie_finhestnks710125,2017-Q2,TP.FINHESTNKS710125.ZP41,"F.5.2.2.Diğer Yatırım Fonları, Diğer Finansal Aracılar (Konsolide Stok)",last,0.0
bie_finhestnks710125,2017-Q2,TP.FINHESTNKS710125.ZP42,"F.6.Sigorta ve Emeklilik Sözleşmeleri, Diğer Finansal Aracılar (Konsolide Stok)",last,0.0
bie_finhestnks710125,2017-Q2,TP.FINHESTNKS710125.ZP43,"F.7.Finansal Türevler, Diğer Finansal Aracılar (Konsolide Stok)",last,260565.377
bie_finhestnks710125,2017-Q2,TP.FINHESTNKS710125.ZP44,"F.8.Diğer Borçlar, Diğer Finansal Aracılar (Konsolide Stok)",last,16370005.5478
bie_finhestnks710125,2017-Q2,TP.FINHESTNKS710125.ZP45,"F.0.Toplam Yükümlülükler, Diğer Finansal Aracılar (Konsolide Stok)",last,138188281.8996
bie_finhestnks710125,2017-Q3,TP.FINHESTNKS710125.ZP1,"BF.9.NET FİNANSAL DEĞER, Diğer Finansal Aracılar (Konsolide Stok)",last,12077247.205
bie_finhestnks710125,2017-Q3,TP.FINHESTNKS710125.ZP2,"VF.1.Parasal Altın ve SDR, Diğer Finansal Aracılar (Konsolide Stok)",last,0.0
bie_finhestnks710125,2017-Q3,TP.FINHESTNKS710125.ZP3,"VF.1.1.Parasal Altın, Diğer Finansal Aracılar (Konsolide Stok)",last,0.0
bie_finhestnks710125,2017-Q3,TP.FINHESTNKS710125.ZP4,"VF.1.2.Özel Çekme Hakları (SDR), Diğer Finansal Aracılar (Konsolide Stok)",last,0.0
bie_finhestnks710125,2017-Q3,TP.FINHESTNKS710125.ZP5,"VF.2.Para ve Mevduat, Diğer Finansal Aracılar (Konsolide Stok)",last,17490302.04
bie_finhestnks710125,2017-Q3,TP.FINHESTNKS710125.ZP6,"VF.2.1.Para, Diğer Finansal Aracılar (Konsolide Stok)",last,26080.985
bie_finhestnks710125,2017-Q3,TP.FINHESTNKS710125.ZP7,"VF.2.2.Vadesiz Mevduat, Diğer Finansal Aracılar (Konsolide Stok)",last,2963352.706
bie_finhestnks710125,2017-Q3,TP.FINHESTNKS710125.ZP8,"VF.2.9.Vadeli Mevduat, Diğer Finansal Aracılar (Konsolide Stok)",last,14500868.349
bie_finhestnks710125,2017-Q3,TP.FINHESTNKS710125.ZP9,"VF.3.Borçlanma Senetleri, Diğer Finansal Aracılar (Konsolide Stok)",last,1262668.034
bie_finhestnks710125,2017-Q3,TP.FINHESTNKS710125.ZP10,"VF.3.1.Kısa Vadeli Borçlanma Senetleri, Diğer Finansal Aracılar (Konsolide Stok)",last,724771.4515
bie_finhestnks710125,2017-Q3,TP.FINHESTNKS710125.ZP11,"VF.3.2.Uzun Vadeli Borçlanma Senetleri, Diğer Finansal Aracılar (Konsolide Stok)",last,537896.5825
bie_finhestnks710125,2017-Q3,TP.FINHESTNKS710125.ZP12,"VF.4.Krediler, Diğer Finansal Aracılar (Konsolide Stok)",last,123130650.466
bie_finhestnks710125,2017-Q3,TP.FINHESTNKS710125.ZP13,"VF.4.1.Kısa Vadeli Krediler, Diğer Finansal Aracılar (Konsolide Stok)",last,123130650.466
bie_finhestnks710125,2017-Q3,TP.FINHESTNKS710125.ZP14,"VF.4.2.Uzun Vadeli Krediler, Diğer Finansal Aracılar (Konsolide Stok)",last,0.0
bie_finhestnks710125,2017-Q3,TP.FINHESTNKS710125.ZP15,"VF.5.Hisse Senetleri ve Özkaynaklar, Diğer Finansal Aracılar (Konsolide Stok)",last,1444614.4389
bie_finhestnks710125,2017-Q3,TP.FINHESTNKS710125.ZP16,"VF.5.1.Hisse Senetleri ve Özkaynaklar, Diğer Finansal Aracılar (Konsolide Stok)",last,1444614.4389
bie_finhestnks710125,2017-Q3,TP.FINHESTNKS710125.ZP17,"VF.5.2.Yatırım Fonu Katılma Belgeleri, Diğer Finansal Aracılar (Konsolide Stok)",last,0.0
bie_finhestnks710125,2017-Q3,TP.FINHESTNKS710125.ZP18,"VF.5.2.1.Para Piyasası Fonları, Diğer Finansal Aracılar (Konsolide Stok)",last,0.0
bie_finhestnks710125,2017-Q3,TP.FINHESTNKS710125.ZP19,"VF.5.2.2.Diğer Yatırım Fonları, Diğer Finansal Aracılar (Konsolide Stok)",last,0.0
bie_finhestnks710125,2017-Q3,TP.FINHESTNKS710125.ZP20,"VF.6.Sigorta ve Emeklilik Sözleşmeleri, Diğer Finansal Aracılar (Konsolide Stok)",last,0.0
bie_finhestnks710125,2017-Q3,TP.FINHESTNKS710125.ZP21,"VF.7.Finansal Türevler, Diğer Finansal Aracılar (Konsolide Stok)",last,300881.718
bie_finhestnks710125,2017-Q3,TP.FINHESTNKS710125.ZP22,"VF.8.Diğer Alacaklar, Diğer Finansal Aracılar (Konsolide Stok)",last,11832841.3971
bie_finhestnks710125,2017-Q3,TP.FINHESTNKS710125.ZP23,"VF.0.Toplam Varlıklar, Diğer Finansal Aracılar (Konsolide Stok)",last,155461958.094
bie_finhestnks710125,2017-Q3,TP.FINHESTNKS710125.ZP24,"F.1.Parasal Altın ve SDR, Diğer Finansal Aracılar (Konsolide Stok)",last,0.0
bie_finhestnks710125,2017-Q3,TP.FINHESTNKS710125.ZP26,"F.1.2.Özel Çekme Hakları (SDR), Diğer Finansal Aracılar (Konsolide Stok)",last,0.0
bie_finhestnks710125,2017-Q3,TP.FINHESTNKS710125.ZP27,"F.2.Para ve Mevduat, Diğer Finansal Aracılar (Konsolide Stok)",last,0.0
bie_finhestnks710125,2017-Q3,TP.FINHESTNKS710125.ZP28,"F.2.1.Para, Diğer Finansal Aracılar (Konsolide Stok)",last,0.0
bie_finhestnks710125,2017-Q3,TP.FINHESTNKS710125.ZP29,"F.2.2.Vadesiz Mevduat, Diğer Finansal Aracılar (Konsolide Stok)",last,0.0
bie_finhestnks710125,2017-Q3,TP.FINHESTNKS710125.ZP30,"F.2.9.Vadeli Mevduat, Diğer Finansal Aracılar (Konsolide Stok)",last,0.0
bie_finhestnks710125,2017-Q3,TP.FINHESTNKS710125.ZP31,"F.3.Borçlanma Senetleri, Diğer Finansal Aracılar (Konsolide Stok)",last,17439874.445
bie_finhestnks710125,2017-Q3,TP.FINHESTNKS710125.ZP32,"F.3.1.Kısa Vadeli Borçlanma Senetleri, Diğer Finansal Aracılar (Konsolide Stok)",last,11161519.6448
bie_finhestnks710125,2017-Q3,TP.FINHESTNKS710125.ZP33,"F.3.2.Uzun Vadeli Borçlanma Senetleri, Diğer Finansal Aracılar (Konsolide Stok)",last,6278354.8002
bie_finhestnks710125,2017-Q3,TP.FINHESTNKS710125.ZP34,"F.4.Krediler, Diğer Finansal Aracılar (Konsolide Stok)",last,97232923.44
bie_finhestnks710125,2017-Q3,TP.FINHESTNKS710125.ZP35,"F.4.1.Kısa Vadeli Krediler, Diğer Finansal Aracılar (Konsolide Stok)",last,37920840.1416
bie_finhestnks710125,2017-Q3,TP.FINHESTNKS710125.ZP36,"F.4.2.Uzun Vadeli Krediler, Diğer Finansal Aracılar (Konsolide Stok)",last,59312083.2984
bie_finhestnks710125,2017-Q3,TP.FINHESTNKS710125.ZP37,"F.5.Hisse Senetleri ve Özkaynaklar, Diğer Finansal Aracılar (Konsolide Stok)",last,11079834.4989
bie_finhestnks710125,2017-Q3,TP.FINHESTNKS710125.ZP38,"F.5.1.Hisse Senetleri ve Özkaynaklar, Diğer Finansal Aracılar (Konsolide Stok)",last,11079834.4989
bie_finhestnks710125,2017-Q3,TP.FINHESTNKS710125.ZP39,"F.5.2.Yatırım Fonu Katılma Belgeleri, Diğer Finansal Aracılar (Konsolide Stok)",last,0.0
bie_finhestnks710125,2017-Q3,TP.FINHESTNKS710125.ZP40,"F.5.2.1.Para Piyasası Fonları, Diğer Finansal Aracılar (Konsolide Stok)",last,0.0
bie_finhestnks710125,2017-Q3,TP.FINHESTNKS710125.ZP41,"F.5.2.2.Diğer Yatırım Fonları, Diğer Finansal Aracılar (Konsolide Stok)",last,0.0
bie_finhestnks710125,2017-Q3,TP.FINHESTNKS710125.ZP42,"F.6.Sigorta ve Emeklilik Sözleşmeleri, Diğer Finansal Aracılar (Konsolide Stok)",last,0.0
bie_finhestnks710125,2017-Q3,TP.FINHESTNKS710125.ZP43,"F.7.Finansal Türevler, Diğer Finansal Aracılar (Konsolide Stok)",last,366362.718
bie_finhestnks710125,2017-Q3,TP.FINHESTNKS710125.ZP44,"F.8.Diğer Borçlar, Diğer Finansal Aracılar (Konsolide Stok)",last,17265715.7871
bie_finhestnks710125,2017-Q3,TP.FINHESTNKS710125.ZP45,"F.0.Toplam Yükümlülükler, Diğer Finansal Aracılar (Konsolide Stok)",last,143384710.889
bie_finhestnks710125,2017-Q4,TP.FINHESTNKS710125.ZP1,"BF.9.NET FİNANSAL DEĞER, Diğer Finansal Aracılar (Konsolide Stok)",last,13074824.1135
bie_finhestnks710125,2017-Q4,TP.FINHESTNKS710125.ZP2,"VF.1.Parasal Altın ve SDR, Diğer Finansal Aracılar (Konsolide Stok)",last,0.0
bie_finhestnks710125,2017-Q4,TP.FINHESTNKS710125.ZP3,"VF.1.1.Parasal Altın, Diğer Finansal Aracılar (Konsolide Stok)",last,0.0
bie_finhestnks710125,2017-Q4,TP.FINHESTNKS710125.ZP4,"VF.1.2.Özel Çekme Hakları (SDR), Diğer Finansal Aracılar (Konsolide Stok)",last,0.0
bie_finhestnks710125,2017-Q4,TP.FINHESTNKS710125.ZP5,"VF.2.Para ve Mevduat, Diğer Finansal Aracılar (Konsolide Stok)",last,18647379.0011
bie_finhestnks710125,2017-Q4,TP.FINHESTNKS710125.ZP6,"VF.2.1.Para, Diğer Finansal Aracılar (Konsolide Stok)",last,10170.617
bie_finhestnks710125,2017-Q4,TP.FINHESTNKS710125.ZP7,"VF.2.2.Vadesiz Mevduat, Diğer Finansal Aracılar (Konsolide Stok)",last,3440163.3501
bie_finhestnks710125,2017-Q4,TP.FINHESTNKS710125.ZP8,"VF.2.9.Vadeli Mevduat, Diğer Finansal Aracılar (Konsolide Stok)",last,15197045.034
bie_finhestnks710125,2017-Q4,TP.FINHESTNKS710125.ZP9,"VF.3.Borçlanma Senetleri, Diğer Finansal Aracılar (Konsolide Stok)",last,1250290.144
bie_finhestnks710125,2017-Q4,TP.FINHESTNKS710125.ZP10,"VF.3.1.Kısa Vadeli Borçlanma Senetleri, Diğer Finansal Aracılar (Konsolide Stok)",last,717666.5427
bie_finhestnks710125,2017-Q4,TP.FINHESTNKS710125.ZP11,"VF.3.2.Uzun Vadeli Borçlanma Senetleri, Diğer Finansal Aracılar (Konsolide Stok)",last,532623.6013
bie_finhestnks710125,2017-Q4,TP.FINHESTNKS710125.ZP12,"VF.4.Krediler, Diğer Finansal Aracılar (Konsolide Stok)",last,137216184.062
bie_finhestnks710125,2017-Q4,TP.FINHESTNKS710125.ZP13,"VF.4.1.Kısa Vadeli Krediler, Diğer Finansal Aracılar (Konsolide Stok)",last,137216184.062
bie_finhestnks710125,2017-Q4,TP.FINHESTNKS710125.ZP14,"VF.4.2.Uzun Vadeli Krediler, Diğer Finansal Aracılar (Konsolide Stok)",last,0.0
bie_finhestnks710125,2017-Q4,TP.FINHESTNKS710125.ZP15,"VF.5.Hisse Senetleri ve Özkaynaklar, Diğer Finansal Aracılar (Konsolide Stok)",last,1528450.9793
bie_finhestnks710125,2017-Q4,TP.FINHESTNKS710125.ZP16,"VF.5.1.Hisse Senetleri ve Özkaynaklar, Diğer Finansal Aracılar (Konsolide Stok)",last,1528450.9793
bie_finhestnks710125,2017-Q4,TP.FINHESTNKS710125.ZP17,"VF.5.2.Yatırım Fonu Katılma Belgeleri, Diğer Finansal Aracılar (Konsolide Stok)",last,0.0
bie_finhestnks710125,2017-Q4,TP.FINHESTNKS710125.ZP18,"VF.5.2.1.Para Piyasası Fonları, Diğer Finansal Aracılar (Konsolide Stok)",last,0.0
bie_finhestnks710125,2017-Q4,TP.FINHESTNKS710125.ZP19,"VF.5.2.2.Diğer Yatırım Fonları, Diğer Finansal Aracılar (Konsolide Stok)",last,0.0
bie_finhestnks710125,2017-Q4,TP.FINHESTNKS710125.ZP20,"VF.6.Sigorta ve Emeklilik Sözleşmeleri, Diğer Finansal Aracılar (Konsolide Stok)",last,0.0
bie_finhestnks710125,2017-Q4,TP.FINHESTNKS710125.ZP21,"VF.7.Finansal Türevler, Diğer Finansal Aracılar (Konsolide Stok)",last,896456.035
bie_finhestnks710125,2017-Q4,TP.FINHESTNKS710125.ZP22,"VF.8.Diğer Alacaklar, Diğer Finansal Aracılar (Konsolide Stok)",last,11236003.6853
bie_finhestnks710125,2017-Q4,TP.FINHESTNKS710125.ZP23,"VF.0.Toplam Varlıklar, Diğer Finansal Aracılar (Konsolide Stok)",last,170774763.9067
bie_finhestnks710125,2017-Q4,TP.FINHESTNKS710125.ZP24,"F.1.Parasal Altın ve SDR, Diğer Finansal Aracılar (Konsolide Stok)",last,0.0
bie_finhestnks710125,2017-Q4,TP.FINHESTNKS710125.ZP26,"F.1.2.Özel Çekme Hakları (SDR), Diğer Finansal Aracılar (Konsolide Stok)",last,0.0
bie_finhestnks710125,2017-Q4,TP.FINHESTNKS710125.ZP27,"F.2.Para ve Mevduat, Diğer Finansal Aracılar (Konsolide Stok)",last,0.0
bie_finhestnks710125,2017-Q4,TP.FINHESTNKS710125.ZP28,"F.2.1.Para, Diğer Finansal Aracılar (Konsolide Stok)",last,0.0
bie_finhestnks710125,2017-Q4,TP.FINHESTNKS710125.ZP29,"F.2.2.Vadesiz Mevduat, Diğer Finansal Aracılar (Konsolide Stok)",last,0.0
bie_finhestnks710125,2017-Q4,TP.FINHESTNKS710125.ZP30,"F.2.9.Vadeli Mevduat, Diğer Finansal Aracılar (Konsolide Stok)",last,0.0
bie_finhestnks710125,2017-Q4,TP.FINHESTNKS710125.ZP31,"F.3.Borçlanma Senetleri, Diğer Finansal Aracılar (Konsolide Stok)",last,18405489.218
bie_finhestnks710125,2017-Q4,TP.FINHESTNKS710125.ZP32,"F.3.1.Kısa Vadeli Borçlanma Senetleri, Diğer Finansal Aracılar (Konsolide Stok)",last,11779513.0995
bie_finhestnks710125,2017-Q4,TP.FINHESTNKS710125.ZP33,"F.3.2.Uzun Vadeli Borçlanma Senetleri, Diğer Finansal Aracılar (Konsolide Stok)",last,6625976.1185
bie_finhestnks710125,2017-Q4,TP.FINHESTNKS710125.ZP34,"F.4.Krediler, Diğer Finansal Aracılar (Konsolide Stok)",last,109371921.073
bie_finhestnks710125,2017-Q4,TP.FINHESTNKS710125.ZP35,"F.4.1.Kısa Vadeli Krediler, Diğer Finansal Aracılar (Konsolide Stok)",last,42655049.2185
bie_finhestnks710125,2017-Q4,TP.FINHESTNKS710125.ZP36,"F.4.2.Uzun Vadeli Krediler, Diğer Finansal Aracılar (Konsolide Stok)",last,66716871.8545
bie_finhestnks710125,2017-Q4,TP.FINHESTNKS710125.ZP37,"F.5.Hisse Senetleri ve Özkaynaklar, Diğer Finansal Aracılar (Konsolide Stok)",last,11394739.3713
bie_finhestnks710125,2017-Q4,TP.FINHESTNKS710125.ZP38,"F.5.1.Hisse Senetleri ve Özkaynaklar, Diğer Finansal Aracılar (Konsolide Stok)",last,11394739.3713
bie_finhestnks710125,2017-Q4,TP.FINHESTNKS710125.ZP39,"F.5.2.Yatırım Fonu Katılma Belgeleri, Diğer Finansal Aracılar (Konsolide Stok)",last,0.0
bie_finhestnks710125,2017-Q4,TP.FINHESTNKS710125.ZP40,"F.5.2.1.Para Piyasası Fonları, Diğer Finansal Aracılar (Konsolide Stok)",last,0.0
bie_finhestnks710125,2017-Q4,TP.FINHESTNKS710125.ZP41,"F.5.2.2.Diğer Yatırım Fonları, Diğer Finansal Aracılar (Konsolide Stok)",last,0.0
bie_finhestnks710125,2017-Q4,TP.FINHESTNKS710125.ZP42,"F.6.Sigorta ve Emeklilik Sözleşmeleri, Diğer Finansal Aracılar (Konsolide Stok)",last,0.0
bie_finhestnks710125,2017-Q4,TP.FINHESTNKS710125.ZP43,"F.7.Finansal Türevler, Diğer Finansal Aracılar (Konsolide Stok)",last,371013.035
bie_finhestnks710125,2017-Q4,TP.FINHESTNKS710125.ZP44,"F.8.Diğer Borçlar, Diğer Finansal Aracılar (Konsolide Stok)",last,18156777.0959
bie_finhestnks710125,2017-Q4,TP.FINHESTNKS710125.ZP45,"F.0.Toplam Yükümlülükler, Diğer Finansal Aracılar (Konsolide Stok)",last,157699939.7932
bie_finhestnks710125,2018-Q1,TP.FINHESTNKS710125.ZP1,"BF.9.NET FİNANSAL DEĞER, Diğer Finansal Aracılar (Konsolide Stok)",last,13439224.1893
bie_finhestnks710125,2018-Q1,TP.FINHESTNKS710125.ZP2,"VF.1.Parasal Altın ve SDR, Diğer Finansal Aracılar (Konsolide Stok)",last,0.0
bie_finhestnks710125,2018-Q1,TP.FINHESTNKS710125.ZP3,"VF.1.1.Parasal Altın, Diğer Finansal Aracılar (Konsolide Stok)",last,0.0
bie_finhestnks710125,2018-Q1,TP.FINHESTNKS710125.ZP4,"VF.1.2.Özel Çekme Hakları (SDR), Diğer Finansal Aracılar (Konsolide Stok)",last,0.0
bie_finhestnks710125,2018-Q1,TP.FINHESTNKS710125.ZP5,"VF.2.Para ve Mevduat, Diğer Finansal Aracılar (Konsolide Stok)",last,17826442.7359
bie_finhestnks710125,2018-Q1,TP.FINHESTNKS710125.ZP6,"VF.2.1.Para, Diğer Finansal Aracılar (Konsolide Stok)",last,8801.051
bie_finhestnks710125,2018-Q1,TP.FINHESTNKS710125.ZP7,"VF.2.2.Vadesiz Mevduat, Diğer Finansal Aracılar (Konsolide Stok)",last,4269918.7219
bie_finhestnks710125,2018-Q1,TP.FINHESTNKS710125.ZP8,"VF.2.9.Vadeli Mevduat, Diğer Finansal Aracılar (Konsolide Stok)",last,13547722.963
bie_finhestnks710125,2018-Q1,TP.FINHESTNKS710125.ZP9,"VF.3.Borçlanma Senetleri, Diğer Finansal Aracılar (Konsolide Stok)",last,2364974.93
bie_finhestnks710125,2018-Q1,TP.FINHESTNKS710125.ZP10,"VF.3.1.Kısa Vadeli Borçlanma Senetleri, Diğer Finansal Aracılar (Konsolide Stok)",last,1357495.6098
bie_finhestnks710125,2018-Q1,TP.FINHESTNKS710125.ZP11,"VF.3.2.Uzun Vadeli Borçlanma Senetleri, Diğer Finansal Aracılar (Konsolide Stok)",last,1007479.3202
bie_finhestnks710125,2018-Q1,TP.FINHESTNKS710125.ZP12,"VF.4.Krediler, Diğer Finansal Aracılar (Konsolide Stok)",last,140812812.299
bie_finhestnks710125,2018-Q1,TP.FINHESTNKS710125.ZP13,"VF.4.1.Kısa Vadeli Krediler, Diğer Finansal Aracılar (Konsolide Stok)",last,140812812.299
bie_finhestnks710125,2018-Q1,TP.FINHESTNKS710125.ZP14,"VF.4.2.Uzun Vadeli Krediler, Diğer Finansal Aracılar (Konsolide Stok)",last,0.0
bie_finhestnks710125,2018-Q1,TP.FINHESTNKS710125.ZP15,"VF.5.Hisse Senetleri ve Özkaynaklar, Diğer Finansal Aracılar (Konsolide Stok)",last,1988464.3841
bie_finhestnks710125,2018-Q1,TP.FINHESTNKS710125.ZP16,"VF.5.1.Hisse Senetleri ve Özkaynaklar, Diğer Finansal Aracılar (Konsolide Stok)",last,1988464.3841
bie_finhestnks710125,2018-Q1,TP.FINHESTNKS710125.ZP17,"VF.5.2.Yatırım Fonu Katılma Belgeleri, Diğer Finansal Aracılar (Konsolide Stok)",last,0.0
bie_finhestnks710125,2018-Q1,TP.FINHESTNKS710125.ZP18,"VF.5.2.1.Para Piyasası Fonları, Diğer Finansal Aracılar (Konsolide Stok)",last,0.0
bie_finhestnks710125,2018-Q1,TP.FINHESTNKS710125.ZP19,"VF.5.2.2.Diğer Yatırım Fonları, Diğer Finansal Aracılar (Konsolide Stok)",last,0.0
bie_finhestnks710125,2018-Q1,TP.FINHESTNKS710125.ZP20,"VF.6.Sigorta ve Emeklilik Sözleşmeleri, Diğer Finansal Aracılar (Konsolide Stok)",last,0.0
bie_finhestnks710125,2018-Q1,TP.FINHESTNKS710125.ZP21,"VF.7.Finansal Türevler, Diğer Finansal Aracılar (Konsolide Stok)",last,162140.087
bie_finhestnks710125,2018-Q1,TP.FINHESTNKS710125.ZP22,"VF.8.Diğer Alacaklar, Diğer Finansal Aracılar (Konsolide Stok)",last,12291082.3389
bie_finhestnks710125,2018-Q1,TP.FINHESTNKS710125.ZP23,"VF.0.Toplam Varlıklar, Diğer Finansal Aracılar (Konsolide Stok)",last,175445916.7749
bie_finhestnks710125,2018-Q1,TP.FINHESTNKS710125.ZP24,"F.1.Parasal Altın ve SDR, Diğer Finansal Aracılar (Konsolide Stok)",last,0.0
bie_finhestnks710125,2018-Q1,TP.FINHESTNKS710125.ZP26,"F.1.2.Özel Çekme Hakları (SDR), Diğer Finansal Aracılar (Konsolide Stok)",last,0.0
bie_finhestnks710125,2018-Q1,TP.FINHESTNKS710125.ZP27,"F.2.Para ve Mevduat, Diğer Finansal Aracılar (Konsolide Stok)",last,0.0
bie_finhestnks710125,2018-Q1,TP.FINHESTNKS710125.ZP28,"F.2.1.Para, Diğer Finansal Aracılar (Konsolide Stok)",last,0.0
bie_finhestnks710125,2018-Q1,TP.FINHESTNKS710125.ZP29,"F.2.2.Vadesiz Mevduat, Diğer Finansal Aracılar (Konsolide Stok)",last,0.0
bie_finhestnks710125,2018-Q1,TP.FINHESTNKS710125.ZP30,"F.2.9.Vadeli Mevduat, Diğer Finansal Aracılar (Konsolide Stok)",last,0.0
bie_finhestnks710125,2018-Q1,TP.FINHESTNKS710125.ZP31,"F.3.Borçlanma Senetleri, Diğer Finansal Aracılar (Konsolide Stok)",last,19346477.828
bie_finhestnks710125,2018-Q1,TP.FINHESTNKS710125.ZP32,"F.3.1.Kısa Vadeli Borçlanma Senetleri, Diğer Finansal Aracılar (Konsolide Stok)",last,12381745.8099
bie_finhestnks710125,2018-Q1,TP.FINHESTNKS710125.ZP33,"F.3.2.Uzun Vadeli Borçlanma Senetleri, Diğer Finansal Aracılar (Konsolide Stok)",last,6964732.0181
bie_finhestnks710125,2018-Q1,TP.FINHESTNKS710125.ZP34,"F.4.Krediler, Diğer Finansal Aracılar (Konsolide Stok)",last,111292815.6503
bie_finhestnks710125,2018-Q1,TP.FINHESTNKS710125.ZP35,"F.4.1.Kısa Vadeli Krediler, Diğer Finansal Aracılar (Konsolide Stok)",last,43404198.1036
bie_finhestnks710125,2018-Q1,TP.FINHESTNKS710125.ZP36,"F.4.2.Uzun Vadeli Krediler, Diğer Finansal Aracılar (Konsolide Stok)",last,67888617.5467
bie_finhestnks710125,2018-Q1,TP.FINHESTNKS710125.ZP37,"F.5.Hisse Senetleri ve Özkaynaklar, Diğer Finansal Aracılar (Konsolide Stok)",last,11411496.6641
bie_finhestnks710125,2018-Q1,TP.FINHESTNKS710125.ZP38,"F.5.1.Hisse Senetleri ve Özkaynaklar, Diğer Finansal Aracılar (Konsolide Stok)",last,11411496.6641
bie_finhestnks710125,2018-Q1,TP.FINHESTNKS710125.ZP39,"F.5.2.Yatırım Fonu Katılma Belgeleri, Diğer Finansal Aracılar (Konsolide Stok)",last,0.0
bie_finhestnks710125,2018-Q1,TP.FINHESTNKS710125.ZP40,"F.5.2.1.Para Piyasası Fonları, Diğer Finansal Aracılar (Konsolide Stok)",last,0.0
bie_finhestnks710125,2018-Q1,TP.FINHESTNKS710125.ZP41,"F.5.2.2.Diğer Yatırım Fonları, Diğer Finansal Aracılar (Konsolide Stok)",last,0.0
bie_finhestnks710125,2018-Q1,TP.FINHESTNKS710125.ZP42,"F.6.Sigorta ve Emeklilik Sözleşmeleri, Diğer Finansal Aracılar (Konsolide Stok)",last,0.0
bie_finhestnks710125,2018-Q1,TP.FINHESTNKS710125.ZP43,"F.7.Finansal Türevler, Diğer Finansal Aracılar (Konsolide Stok)",last,584184.087
bie_finhestnks710125,2018-Q1,TP.FINHESTNKS710125.ZP44,"F.8.Diğer Borçlar, Diğer Finansal Aracılar (Konsolide Stok)",last,19371718.3563
bie_finhestnks710125,2018-Q1,TP.FINHESTNKS710125.ZP45,"F.0.Toplam Yükümlülükler, Diğer Finansal Aracılar (Konsolide Stok)",last,162006692.5856
bie_finhestnks710125,2018-Q2,TP.FINHESTNKS710125.ZP1,"BF.9.NET FİNANSAL DEĞER, Diğer Finansal Aracılar (Konsolide Stok)",last,13893582.0473
bie_finhestnks710125,2018-Q2,TP.FINHESTNKS710125.ZP2,"VF.1.Parasal Altın ve SDR, Diğer Finansal Aracılar (Konsolide Stok)",last,0.0
bie_finhestnks710125,2018-Q2,TP.FINHESTNKS710125.ZP3,"VF.1.1.Parasal Altın, Diğer Finansal Aracılar (Konsolide Stok)",last,0.0
bie_finhestnks710125,2018-Q2,TP.FINHESTNKS710125.ZP4,"VF.1.2.Özel Çekme Hakları (SDR), Diğer Finansal Aracılar (Konsolide Stok)",last,0.0
bie_finhestnks710125,2018-Q2,TP.FINHESTNKS710125.ZP5,"VF.2.Para ve Mevduat, Diğer Finansal Aracılar (Konsolide Stok)",last,19242746.1439
bie_finhestnks710125,2018-Q2,TP.FINHESTNKS710125.ZP6,"VF.2.1.Para, Diğer Finansal Aracılar (Konsolide Stok)",last,12009.595
bie_finhestnks710125,2018-Q2,TP.FINHESTNKS710125.ZP7,"VF.2.2.Vadesiz Mevduat, Diğer Finansal Aracılar (Konsolide Stok)",last,3992431.8349
bie_finhestnks710125,2018-Q2,TP.FINHESTNKS710125.ZP8,"VF.2.9.Vadeli Mevduat, Diğer Finansal Aracılar (Konsolide Stok)",last,15238304.714
bie_finhestnks710125,2018-Q2,TP.FINHESTNKS710125.ZP9,"VF.3.Borçlanma Senetleri, Diğer Finansal Aracılar (Konsolide Stok)",last,1888586.928
bie_finhestnks710125,2018-Q2,TP.FINHESTNKS710125.ZP10,"VF.3.1.Kısa Vadeli Borçlanma Senetleri, Diğer Finansal Aracılar (Konsolide Stok)",last,1084048.8967
bie_finhestnks710125,2018-Q2,TP.FINHESTNKS710125.ZP11,"VF.3.2.Uzun Vadeli Borçlanma Senetleri, Diğer Finansal Aracılar (Konsolide Stok)",last,804538.0313
bie_finhestnks710125,2018-Q2,TP.FINHESTNKS710125.ZP12,"VF.4.Krediler, Diğer Finansal Aracılar (Konsolide Stok)",last,148831834.607
bie_finhestnks710125,2018-Q2,TP.FINHESTNKS710125.ZP13,"VF.4.1.Kısa Vadeli Krediler, Diğer Finansal Aracılar (Konsolide Stok)",last,148831834.607
bie_finhestnks710125,2018-Q2,TP.FINHESTNKS710125.ZP14,"VF.4.2.Uzun Vadeli Krediler, Diğer Finansal Aracılar (Konsolide Stok)",last,0.0
bie_finhestnks710125,2018-Q2,TP.FINHESTNKS710125.ZP15,"VF.5.Hisse Senetleri ve Özkaynaklar, Diğer Finansal Aracılar (Konsolide Stok)",last,1453917.2906
bie_finhestnks710125,2018-Q2,TP.FINHESTNKS710125.ZP16,"VF.5.1.Hisse Senetleri ve Özkaynaklar, Diğer Finansal Aracılar (Konsolide Stok)",last,1453917.2906
bie_finhestnks710125,2018-Q2,TP.FINHESTNKS710125.ZP17,"VF.5.2.Yatırım Fonu Katılma Belgeleri, Diğer Finansal Aracılar (Konsolide Stok)",last,0.0
bie_finhestnks710125,2018-Q2,TP.FINHESTNKS710125.ZP18,"VF.5.2.1.Para Piyasası Fonları, Diğer Finansal Aracılar (Konsolide Stok)",last,0.0
bie_finhestnks710125,2018-Q2,TP.FINHESTNKS710125.ZP19,"VF.5.2.2.Diğer Yatırım Fonları, Diğer Finansal Aracılar (Konsolide Stok)",last,0.0
bie_finhestnks710125,2018-Q2,TP.FINHESTNKS710125.ZP20,"VF.6.Sigorta ve Emeklilik Sözleşmeleri, Diğer Finansal Aracılar (Konsolide Stok)",last,0.0
bie_finhestnks710125,2018-Q2,TP.FINHESTNKS710125.ZP21,"VF.7.Finansal Türevler, Diğer Finansal Aracılar (Konsolide Stok)",last,307431.35
bie_finhestnks710125,2018-Q2,TP.FINHESTNKS710125.ZP22,"VF.8.Diğer Alacaklar, Diğer Finansal Aracılar (Konsolide Stok)",last,13088536.8275
bie_finhestnks710125,2018-Q2,TP.FINHESTNKS710125.ZP23,"VF.0.Toplam Varlıklar, Diğer Finansal Aracılar (Konsolide Stok)",last,184813053.147
bie_finhestnks710125,2018-Q2,TP.FINHESTNKS710125.ZP24,"F.1.Parasal Altın ve SDR, Diğer Finansal Aracılar (Konsolide Stok)",last,0.0
bie_finhestnks710125,2018-Q2,TP.FINHESTNKS710125.ZP26,"F.1.2.Özel Çekme Hakları (SDR), Diğer Finansal Aracılar (Konsolide Stok)",last,0.0
bie_finhestnks710125,2018-Q2,TP.FINHESTNKS710125.ZP27,"F.2.Para ve Mevduat, Diğer Finansal Aracılar (Konsolide Stok)",last,0.0
bie_finhestnks710125,2018-Q2,TP.FINHESTNKS710125.ZP28,"F.2.1.Para, Diğer Finansal Aracılar (Konsolide Stok)",last,0.0
bie_finhestnks710125,2018-Q2,TP.FINHESTNKS710125.ZP29,"F.2.2.Vadesiz Mevduat, Diğer Finansal Aracılar (Konsolide Stok)",last,0.0
bie_finhestnks710125,2018-Q2,TP.FINHESTNKS710125.ZP30,"F.2.9.Vadeli Mevduat, Diğer Finansal Aracılar (Konsolide Stok)",last,0.0
bie_finhestnks710125,2018-Q2,TP.FINHESTNKS710125.ZP31,"F.3.Borçlanma Senetleri, Diğer Finansal Aracılar (Konsolide Stok)",last,19591512.038
bie_finhestnks710125,2018-Q2,TP.FINHESTNKS710125.ZP32,"F.3.1.Kısa Vadeli Borçlanma Senetleri, Diğer Finansal Aracılar (Konsolide Stok)",last,12538567.7043
bie_finhestnks710125,2018-Q2,TP.FINHESTNKS710125.ZP33,"F.3.2.Uzun Vadeli Borçlanma Senetleri, Diğer Finansal Aracılar (Konsolide Stok)",last,7052944.3337
bie_finhestnks710125,2018-Q2,TP.FINHESTNKS710125.ZP34,"F.4.Krediler, Diğer Finansal Aracılar (Konsolide Stok)",last,118851830.2793
bie_finhestnks710125,2018-Q2,TP.FINHESTNKS710125.ZP35,"F.4.1.Kısa Vadeli Krediler, Diğer Finansal Aracılar (Konsolide Stok)",last,46355263.8089
bie_finhestnks710125,2018-Q2,TP.FINHESTNKS710125.ZP36,"F.4.2.Uzun Vadeli Krediler, Diğer Finansal Aracılar (Konsolide Stok)",last,72496566.4704
bie_finhestnks710125,2018-Q2,TP.FINHESTNKS710125.ZP37,"F.5.Hisse Senetleri ve Özkaynaklar, Diğer Finansal Aracılar (Konsolide Stok)",last,11706479.0546
bie_finhestnks710125,2018-Q2,TP.FINHESTNKS710125.ZP38,"F.5.1.Hisse Senetleri ve Özkaynaklar, Diğer Finansal Aracılar (Konsolide Stok)",last,11706479.0546
bie_finhestnks710125,2018-Q2,TP.FINHESTNKS710125.ZP39,"F.5.2.Yatırım Fonu Katılma Belgeleri, Diğer Finansal Aracılar (Konsolide Stok)",last,0.0
bie_finhestnks710125,2018-Q2,TP.FINHESTNKS710125.ZP40,"F.5.2.1.Para Piyasası Fonları, Diğer Finansal Aracılar (Konsolide Stok)",last,0.0
bie_finhestnks710125,2018-Q2,TP.FINHESTNKS710125.ZP41,"F.5.2.2.Diğer Yatırım Fonları, Diğer Finansal Aracılar (Konsolide Stok)",last,0.0
bie_finhestnks710125,2018-Q2,TP.FINHESTNKS710125.ZP42,"F.6.Sigorta ve Emeklilik Sözleşmeleri, Diğer Finansal Aracılar (Konsolide Stok)",last,0.0
bie_finhestnks710125,2018-Q2,TP.FINHESTNKS710125.ZP43,"F.7.Finansal Türevler, Diğer Finansal Aracılar (Konsolide Stok)",last,974938.35
bie_finhestnks710125,2018-Q2,TP.FINHESTNKS710125.ZP44,"F.8.Diğer Borçlar, Diğer Finansal Aracılar (Konsolide Stok)",last,19794711.3779
bie_finhestnks710125,2018-Q2,TP.FINHESTNKS710125.ZP45,"F.0.Toplam Yükümlülükler, Diğer Finansal Aracılar (Konsolide Stok)",last,170919471.0997
bie_finhestnks710125,2018-Q3,TP.FINHESTNKS710125.ZP1,"BF.9.NET FİNANSAL DEĞER, Diğer Finansal Aracılar (Konsolide Stok)",last,13622267.5853
bie_finhestnks710125,2018-Q3,TP.FINHESTNKS710125.ZP2,"VF.1.Parasal Altın ve SDR, Diğer Finansal Aracılar (Konsolide Stok)",last,0.0
bie_finhestnks710125,2018-Q3,TP.FINHESTNKS710125.ZP3,"VF.1.1.Parasal Altın, Diğer Finansal Aracılar (Konsolide Stok)",last,0.0
bie_finhestnks710125,2018-Q3,TP.FINHESTNKS710125.ZP4,"VF.1.2.Özel Çekme Hakları (SDR), Diğer Finansal Aracılar (Konsolide Stok)",last,0.0
bie_finhestnks710125,2018-Q3,TP.FINHESTNKS710125.ZP5,"VF.2.Para ve Mevduat, Diğer Finansal Aracılar (Konsolide Stok)",last,20274415.5029
bie_finhestnks710125,2018-Q3,TP.FINHESTNKS710125.ZP6,"VF.2.1.Para, Diğer Finansal Aracılar (Konsolide Stok)",last,2635.075
bie_finhestnks710125,2018-Q3,TP.FINHESTNKS710125.ZP7,"VF.2.2.Vadesiz Mevduat, Diğer Finansal Aracılar (Konsolide Stok)",last,3711002.9949
bie_finhestnks710125,2018-Q3,TP.FINHESTNKS710125.ZP8,"VF.2.9.Vadeli Mevduat, Diğer Finansal Aracılar (Konsolide Stok)",last,16560777.433
bie_finhestnks710125,2018-Q3,TP.FINHESTNKS710125.ZP9,"VF.3.Borçlanma Senetleri, Diğer Finansal Aracılar (Konsolide Stok)",last,1703395.063
bie_finhestnks710125,2018-Q3,TP.FINHESTNKS710125.ZP10,"VF.3.1.Kısa Vadeli Borçlanma Senetleri, Diğer Finansal Aracılar (Konsolide Stok)",last,977748.7662
bie_finhestnks710125,2018-Q3,TP.FINHESTNKS710125.ZP11,"VF.3.2.Uzun Vadeli Borçlanma Senetleri, Diğer Finansal Aracılar (Konsolide Stok)",last,725646.2968
bie_finhestnks710125,2018-Q3,TP.FINHESTNKS710125.ZP12,"VF.4.Krediler, Diğer Finansal Aracılar (Konsolide Stok)",last,151744773.795
bie_finhestnks710125,2018-Q3,TP.FINHESTNKS710125.ZP13,"VF.4.1.Kısa Vadeli Krediler, Diğer Finansal Aracılar (Konsolide Stok)",last,151744773.795
bie_finhestnks710125,2018-Q3,TP.FINHESTNKS710125.ZP14,"VF.4.2.Uzun Vadeli Krediler, Diğer Finansal Aracılar (Konsolide Stok)",last,0.0
bie_finhestnks710125,2018-Q3,TP.FINHESTNKS710125.ZP15,"VF.5.Hisse Senetleri ve Özkaynaklar, Diğer Finansal Aracılar (Konsolide Stok)",last,1547820.9528
bie_finhestnks710125,2018-Q3,TP.FINHESTNKS710125.ZP16,"VF.5.1.Hisse Senetleri ve Özkaynaklar, Diğer Finansal Aracılar (Konsolide Stok)",last,1547820.9528
bie_finhestnks710125,2018-Q3,TP.FINHESTNKS710125.ZP17,"VF.5.2.Yatırım Fonu Katılma Belgeleri, Diğer Finansal Aracılar (Konsolide Stok)",last,0.0
bie_finhestnks710125,2018-Q3,TP.FINHESTNKS710125.ZP18,"VF.5.2.1.Para Piyasası Fonları, Diğer Finansal Aracılar (Konsolide Stok)",last,0.0
bie_finhestnks710125,2018-Q3,TP.FINHESTNKS710125.ZP19,"VF.5.2.2.Diğer Yatırım Fonları, Diğer Finansal Aracılar (Konsolide Stok)",last,0.0
bie_finhestnks710125,2018-Q3,TP.FINHESTNKS710125.ZP20,"VF.6.Sigorta ve Emeklilik Sözleşmeleri, Diğer Finansal Aracılar (Konsolide Stok)",last,0.0
bie_finhestnks710125,2018-Q3,TP.FINHESTNKS710125.ZP21,"VF.7.Finansal Türevler, Diğer Finansal Aracılar (Konsolide Stok)",last,552948.335
bie_finhestnks710125,2018-Q3,TP.FINHESTNKS710125.ZP22,"VF.8.Diğer Alacaklar, Diğer Finansal Aracılar (Konsolide Stok)",last,16220240.4267
bie_finhestnks710125,2018-Q3,TP.FINHESTNKS710125.ZP23,"VF.0.Toplam Varlıklar, Diğer Finansal Aracılar (Konsolide Stok)",last,192043594.0753
bie_finhestnks710125,2018-Q3,TP.FINHESTNKS710125.ZP24,"F.1.Parasal Altın ve SDR, Diğer Finansal Aracılar (Konsolide Stok)",last,0.0
bie_finhestnks710125,2018-Q3,TP.FINHESTNKS710125.ZP26,"F.1.2.Özel Çekme Hakları (SDR), Diğer Finansal Aracılar (Konsolide Stok)",last,0.0
bie_finhestnks710125,2018-Q3,TP.FINHESTNKS710125.ZP27,"F.2.Para ve Mevduat, Diğer Finansal Aracılar (Konsolide Stok)",last,0.0
bie_finhestnks710125,2018-Q3,TP.FINHESTNKS710125.ZP28,"F.2.1.Para, Diğer Finansal Aracılar (Konsolide Stok)",last,0.0
bie_finhestnks710125,2018-Q3,TP.FINHESTNKS710125.ZP29,"F.2.2.Vadesiz Mevduat, Diğer Finansal Aracılar (Konsolide Stok)",last,0.0
bie_finhestnks710125,2018-Q3,TP.FINHESTNKS710125.ZP30,"F.2.9.Vadeli Mevduat, Diğer Finansal Aracılar (Konsolide Stok)",last,0.0
bie_finhestnks710125,2018-Q3,TP.FINHESTNKS710125.ZP31,"F.3.Borçlanma Senetleri, Diğer Finansal Aracılar (Konsolide Stok)",last,16985247.76
bie_finhestnks710125,2018-Q3,TP.FINHESTNKS710125.ZP32,"F.3.1.Kısa Vadeli Borçlanma Senetleri, Diğer Finansal Aracılar (Konsolide Stok)",last,10870558.5664
bie_finhestnks710125,2018-Q3,TP.FINHESTNKS710125.ZP33,"F.3.2.Uzun Vadeli Borçlanma Senetleri, Diğer Finansal Aracılar (Konsolide Stok)",last,6114689.1936
bie_finhestnks710125,2018-Q3,TP.FINHESTNKS710125.ZP34,"F.4.Krediler, Diğer Finansal Aracılar (Konsolide Stok)",last,125230147.8183
bie_finhestnks710125,2018-Q3,TP.FINHESTNKS710125.ZP35,"F.4.1.Kısa Vadeli Krediler, Diğer Finansal Aracılar (Konsolide Stok)",last,48839757.6491
bie_finhestnks710125,2018-Q3,TP.FINHESTNKS710125.ZP36,"F.4.2.Uzun Vadeli Krediler, Diğer Finansal Aracılar (Konsolide Stok)",last,76390390.1691
bie_finhestnks710125,2018-Q3,TP.FINHESTNKS710125.ZP37,"F.5.Hisse Senetleri ve Özkaynaklar, Diğer Finansal Aracılar (Konsolide Stok)",last,11878715.4088
bie_finhestnks710125,2018-Q3,TP.FINHESTNKS710125.ZP38,"F.5.1.Hisse Senetleri ve Özkaynaklar, Diğer Finansal Aracılar (Konsolide Stok)",last,11878715.4088
bie_finhestnks710125,2018-Q3,TP.FINHESTNKS710125.ZP39,"F.5.2.Yatırım Fonu Katılma Belgeleri, Diğer Finansal Aracılar (Konsolide Stok)",last,0.0
bie_finhestnks710125,2018-Q3,TP.FINHESTNKS710125.ZP40,"F.5.2.1.Para Piyasası Fonları, Diğer Finansal Aracılar (Konsolide Stok)",last,0.0
bie_finhestnks710125,2018-Q3,TP.FINHESTNKS710125.ZP41,"F.5.2.2.Diğer Yatırım Fonları, Diğer Finansal Aracılar (Konsolide Stok)",last,0.0
bie_finhestnks710125,2018-Q3,TP.FINHESTNKS710125.ZP42,"F.6.Sigorta ve Emeklilik Sözleşmeleri, Diğer Finansal Aracılar (Konsolide Stok)",last,0.0
bie_finhestnks710125,2018-Q3,TP.FINHESTNKS710125.ZP43,"F.7.Finansal Türevler, Diğer Finansal Aracılar (Konsolide Stok)",last,2995549.335
bie_finhestnks710125,2018-Q3,TP.FINHESTNKS710125.ZP44,"F.8.Diğer Borçlar, Diğer Finansal Aracılar (Konsolide Stok)",last,21331666.168
bie_finhestnks710125,2018-Q3,TP.FINHESTNKS710125.ZP45,"F.0.Toplam Yükümlülükler, Diğer Finansal Aracılar (Konsolide Stok)",last,178421326.49
bie_finhestnks710125,2018-Q4,TP.FINHESTNKS710125.ZP1,"BF.9.NET FİNANSAL DEĞER, Diğer Finansal Aracılar (Konsolide Stok)",last,16336375.5803
bie_finhestnks710125,2018-Q4,TP.FINHESTNKS710125.ZP2,"VF.1.Parasal Altın ve SDR, Diğer Finansal Aracılar (Konsolide Stok)",last,0.0
bie_finhestnks710125,2018-Q4,TP.FINHESTNKS710125.ZP3,"VF.1.1.Parasal Altın, Diğer Finansal Aracılar (Konsolide Stok)",last,0.0
bie_finhestnks710125,2018-Q4,TP.FINHESTNKS710125.ZP4,"VF.1.2.Özel Çekme Hakları (SDR), Diğer Finansal Aracılar (Konsolide Stok)",last,0.0
bie_finhestnks710125,2018-Q4,TP.FINHESTNKS710125.ZP5,"VF.2.Para ve Mevduat, Diğer Finansal Aracılar (Konsolide Stok)",last,18613387.1729
bie_finhestnks710125,2018-Q4,TP.FINHESTNKS710125.ZP6,"VF.2.1.Para, Diğer Finansal Aracılar (Konsolide Stok)",last,1298.905
bie_finhestnks710125,2018-Q4,TP.FINHESTNKS710125.ZP7,"VF.2.2.Vadesiz Mevduat, Diğer Finansal Aracılar (Konsolide Stok)",last,3325159.6539
bie_finhestnks710125,2018-Q4,TP.FINHESTNKS710125.ZP8,"VF.2.9.Vadeli Mevduat, Diğer Finansal Aracılar (Konsolide Stok)",last,15286928.614
bie_finhestnks710125,2018-Q4,TP.FINHESTNKS710125.ZP9,"VF.3.Borçlanma Senetleri, Diğer Finansal Aracılar (Konsolide Stok)",last,1624572.861
bie_finhestnks710125,2018-Q4,TP.FINHESTNKS710125.ZP10,"VF.3.1.Kısa Vadeli Borçlanma Senetleri, Diğer Finansal Aracılar (Konsolide Stok)",last,932504.8222
bie_finhestnks710125,2018-Q4,TP.FINHESTNKS710125.ZP11,"VF.3.2.Uzun Vadeli Borçlanma Senetleri, Diğer Finansal Aracılar (Konsolide Stok)",last,692068.0388
bie_finhestnks710125,2018-Q4,TP.FINHESTNKS710125.ZP12,"VF.4.Krediler, Diğer Finansal Aracılar (Konsolide Stok)",last,138371870.411
bie_finhestnks710125,2018-Q4,TP.FINHESTNKS710125.ZP13,"VF.4.1.Kısa Vadeli Krediler, Diğer Finansal Aracılar (Konsolide Stok)",last,138371870.411
bie_finhestnks710125,2018-Q4,TP.FINHESTNKS710125.ZP14,"VF.4.2.Uzun Vadeli Krediler, Diğer Finansal Aracılar (Konsolide Stok)",last,0.0
bie_finhestnks710125,2018-Q4,TP.FINHESTNKS710125.ZP15,"VF.5.Hisse Senetleri ve Özkaynaklar, Diğer Finansal Aracılar (Konsolide Stok)",last,1700177.9688
bie_finhestnks710125,2018-Q4,TP.FINHESTNKS710125.ZP16,"VF.5.1.Hisse Senetleri ve Özkaynaklar, Diğer Finansal Aracılar (Konsolide Stok)",last,1700177.9688
bie_finhestnks710125,2018-Q4,TP.FINHESTNKS710125.ZP17,"VF.5.2.Yatırım Fonu Katılma Belgeleri, Diğer Finansal Aracılar (Konsolide Stok)",last,0.0
bie_finhestnks710125,2018-Q4,TP.FINHESTNKS710125.ZP18,"VF.5.2.1.Para Piyasası Fonları, Diğer Finansal Aracılar (Konsolide Stok)",last,0.0
bie_finhestnks710125,2018-Q4,TP.FINHESTNKS710125.ZP19,"VF.5.2.2.Diğer Yatırım Fonları, Diğer Finansal Aracılar (Konsolide Stok)",last,0.0
bie_finhestnks710125,2018-Q4,TP.FINHESTNKS710125.ZP20,"VF.6.Sigorta ve Emeklilik Sözleşmeleri, Diğer Finansal Aracılar (Konsolide Stok)",last,0.0
bie_finhestnks710125,2018-Q4,TP.FINHESTNKS710125.ZP21,"VF.7.Finansal Türevler, Diğer Finansal Aracılar (Konsolide Stok)",last,1291289.993
bie_finhestnks710125,2018-Q4,TP.FINHESTNKS710125.ZP22,"VF.8.Diğer Alacaklar, Diğer Finansal Aracılar (Konsolide Stok)",last,11425085.3404
bie_finhestnks710125,2018-Q4,TP.FINHESTNKS710125.ZP23,"VF.0.Toplam Varlıklar, Diğer Finansal Aracılar (Konsolide Stok)",last,173026383.7471
bie_finhestnks710125,2018-Q4,TP.FINHESTNKS710125.ZP24,"F.1.Parasal Altın ve SDR, Diğer Finansal Aracılar (Konsolide Stok)",last,0.0
bie_finhestnks710125,2018-Q4,TP.FINHESTNKS710125.ZP26,"F.1.2.Özel Çekme Hakları (SDR), Diğer Finansal Aracılar (Konsolide Stok)",last,0.0
bie_finhestnks710125,2018-Q4,TP.FINHESTNKS710125.ZP27,"F.2.Para ve Mevduat, Diğer Finansal Aracılar (Konsolide Stok)",last,0.0
bie_finhestnks710125,2018-Q4,TP.FINHESTNKS710125.ZP28,"F.2.1.Para, Diğer Finansal Aracılar (Konsolide Stok)",last,0.0
bie_finhestnks710125,2018-Q4,TP.FINHESTNKS710125.ZP29,"F.2.2.Vadesiz Mevduat, Diğer Finansal Aracılar (Konsolide Stok)",last,0.0
bie_finhestnks710125,2018-Q4,TP.FINHESTNKS710125.ZP30,"F.2.9.Vadeli Mevduat, Diğer Finansal Aracılar (Konsolide Stok)",last,0.0
bie_finhestnks710125,2018-Q4,TP.FINHESTNKS710125.ZP31,"F.3.Borçlanma Senetleri, Diğer Finansal Aracılar (Konsolide Stok)",last,16757951.69
bie_finhestnks710125,2018-Q4,TP.FINHESTNKS710125.ZP32,"F.3.1.Kısa Vadeli Borçlanma Senetleri, Diğer Finansal Aracılar (Konsolide Stok)",last,10725089.0816
bie_finhestnks710125,2018-Q4,TP.FINHESTNKS710125.ZP33,"F.3.2.Uzun Vadeli Borçlanma Senetleri, Diğer Finansal Aracılar (Konsolide Stok)",last,6032862.6084
bie_finhestnks710125,2018-Q4,TP.FINHESTNKS710125.ZP34,"F.4.Krediler, Diğer Finansal Aracılar (Konsolide Stok)",last,107862792.3373
bie_finhestnks710125,2018-Q4,TP.FINHESTNKS710125.ZP35,"F.4.1.Kısa Vadeli Krediler, Diğer Finansal Aracılar (Konsolide Stok)",last,42066489.0115
bie_finhestnks710125,2018-Q4,TP.FINHESTNKS710125.ZP36,"F.4.2.Uzun Vadeli Krediler, Diğer Finansal Aracılar (Konsolide Stok)",last,65796303.3257
bie_finhestnks710125,2018-Q4,TP.FINHESTNKS710125.ZP37,"F.5.Hisse Senetleri ve Özkaynaklar, Diğer Finansal Aracılar (Konsolide Stok)",last,11999406.0898
bie_finhestnks710125,2018-Q4,TP.FINHESTNKS710125.ZP38,"F.5.1.Hisse Senetleri ve Özkaynaklar, Diğer Finansal Aracılar (Konsolide Stok)",last,11999406.0898
bie_finhestnks710125,2018-Q4,TP.FINHESTNKS710125.ZP39,"F.5.2.Yatırım Fonu Katılma Belgeleri, Diğer Finansal Aracılar (Konsolide Stok)",last,0.0
bie_finhestnks710125,2018-Q4,TP.FINHESTNKS710125.ZP40,"F.5.2.1.Para Piyasası Fonları, Diğer Finansal Aracılar (Konsolide Stok)",last,0.0
bie_finhestnks710125,2018-Q4,TP.FINHESTNKS710125.ZP41,"F.5.2.2.Diğer Yatırım Fonları, Diğer Finansal Aracılar (Konsolide Stok)",last,0.0
bie_finhestnks710125,2018-Q4,TP.FINHESTNKS710125.ZP42,"F.6.Sigorta ve Emeklilik Sözleşmeleri, Diğer Finansal Aracılar (Konsolide Stok)",last,0.0
bie_finhestnks710125,2018-Q4,TP.FINHESTNKS710125.ZP43,"F.7.Finansal Türevler, Diğer Finansal Aracılar (Konsolide Stok)",last,947137.993
bie_finhestnks710125,2018-Q4,TP.FINHESTNKS710125.ZP44,"F.8.Diğer Borçlar, Diğer Finansal Aracılar (Konsolide Stok)",last,19122720.0567
bie_finhestnks710125,2018-Q4,TP.FINHESTNKS710125.ZP45,"F.0.Toplam Yükümlülükler, Diğer Finansal Aracılar (Konsolide Stok)",last,156690008.1668
bie_finhestnks710125,2019-Q1,TP.FINHESTNKS710125.ZP1,"BF.9.NET FİNANSAL DEĞER, Diğer Finansal Aracılar (Konsolide Stok)",last,13229159.6109
bie_finhestnks710125,2019-Q1,TP.FINHESTNKS710125.ZP2,"VF.1.Parasal Altın ve SDR, Diğer Finansal Aracılar (Konsolide Stok)",last,0.0
bie_finhestnks710125,2019-Q1,TP.FINHESTNKS710125.ZP3,"VF.1.1.Parasal Altın, Diğer Finansal Aracılar (Konsolide Stok)",last,0.0
bie_finhestnks710125,2019-Q1,TP.FINHESTNKS710125.ZP4,"VF.1.2.Özel Çekme Hakları (SDR), Diğer Finansal Aracılar (Konsolide Stok)",last,0.0
bie_finhestnks710125,2019-Q1,TP.FINHESTNKS710125.ZP5,"VF.2.Para ve Mevduat, Diğer Finansal Aracılar (Konsolide Stok)",last,24848854.548
bie_finhestnks710125,2019-Q1,TP.FINHESTNKS710125.ZP6,"VF.2.1.Para, Diğer Finansal Aracılar (Konsolide Stok)",last,1518.035
bie_finhestnks710125,2019-Q1,TP.FINHESTNKS710125.ZP7,"VF.2.2.Vadesiz Mevduat, Diğer Finansal Aracılar (Konsolide Stok)",last,3428323.599
bie_finhestnks710125,2019-Q1,TP.FINHESTNKS710125.ZP8,"VF.2.9.Vadeli Mevduat, Diğer Finansal Aracılar (Konsolide Stok)",last,21419012.914
bie_finhestnks710125,2019-Q1,TP.FINHESTNKS710125.ZP9,"VF.3.Borçlanma Senetleri, Diğer Finansal Aracılar (Konsolide Stok)",last,1574319.025
bie_finhestnks710125,2019-Q1,TP.FINHESTNKS710125.ZP10,"VF.3.1.Kısa Vadeli Borçlanma Senetleri, Diğer Finansal Aracılar (Konsolide Stok)",last,903659.1204
bie_finhestnks710125,2019-Q1,TP.FINHESTNKS710125.ZP11,"VF.3.2.Uzun Vadeli Borçlanma Senetleri, Diğer Finansal Aracılar (Konsolide Stok)",last,670659.9047
bie_finhestnks710125,2019-Q1,TP.FINHESTNKS710125.ZP12,"VF.4.Krediler, Diğer Finansal Aracılar (Konsolide Stok)",last,129942923.357
bie_finhestnks710125,2019-Q1,TP.FINHESTNKS710125.ZP13,"VF.4.1.Kısa Vadeli Krediler, Diğer Finansal Aracılar (Konsolide Stok)",last,129942923.357
bie_finhestnks710125,2019-Q1,TP.FINHESTNKS710125.ZP14,"VF.4.2.Uzun Vadeli Krediler, Diğer Finansal Aracılar (Konsolide Stok)",last,0.0
bie_finhestnks710125,2019-Q1,TP.FINHESTNKS710125.ZP15,"VF.5.Hisse Senetleri ve Özkaynaklar, Diğer Finansal Aracılar (Konsolide Stok)",last,2125151.5073
bie_finhestnks710125,2019-Q1,TP.FINHESTNKS710125.ZP16,"VF.5.1.Hisse Senetleri ve Özkaynaklar, Diğer Finansal Aracılar (Konsolide Stok)",last,2125151.5073
bie_finhestnks710125,2019-Q1,TP.FINHESTNKS710125.ZP17,"VF.5.2.Yatırım Fonu Katılma Belgeleri, Diğer Finansal Aracılar (Konsolide Stok)",last,0.0
bie_finhestnks710125,2019-Q1,TP.FINHESTNKS710125.ZP18,"VF.5.2.1.Para Piyasası Fonları, Diğer Finansal Aracılar (Konsolide Stok)",last,0.0
bie_finhestnks710125,2019-Q1,TP.FINHESTNKS710125.ZP19,"VF.5.2.2.Diğer Yatırım Fonları, Diğer Finansal Aracılar (Konsolide Stok)",last,0.0
bie_finhestnks710125,2019-Q1,TP.FINHESTNKS710125.ZP20,"VF.6.Sigorta ve Emeklilik Sözleşmeleri, Diğer Finansal Aracılar (Konsolide Stok)",last,0.0
bie_finhestnks710125,2019-Q1,TP.FINHESTNKS710125.ZP21,"VF.7.Finansal Türevler, Diğer Finansal Aracılar (Konsolide Stok)",last,1257814.286
bie_finhestnks710125,2019-Q1,TP.FINHESTNKS710125.ZP22,"VF.8.Diğer Alacaklar, Diğer Finansal Aracılar (Konsolide Stok)",last,11812040.7989
bie_finhestnks710125,2019-Q1,TP.FINHESTNKS710125.ZP23,"VF.0.Toplam Varlıklar, Diğer Finansal Aracılar (Konsolide Stok)",last,171561103.5221
bie_finhestnks710125,2019-Q1,TP.FINHESTNKS710125.ZP24,"F.1.Parasal Altın ve SDR, Diğer Finansal Aracılar (Konsolide Stok)",last,0.0
bie_finhestnks710125,2019-Q1,TP.FINHESTNKS710125.ZP26,"F.1.2.Özel Çekme Hakları (SDR), Diğer Finansal Aracılar (Konsolide Stok)",last,0.0
bie_finhestnks710125,2019-Q1,TP.FINHESTNKS710125.ZP27,"F.2.Para ve Mevduat, Diğer Finansal Aracılar (Konsolide Stok)",last,0.0
bie_finhestnks710125,2019-Q1,TP.FINHESTNKS710125.ZP28,"F.2.1.Para, Diğer Finansal Aracılar (Konsolide Stok)",last,0.0
bie_finhestnks710125,2019-Q1,TP.FINHESTNKS710125.ZP29,"F.2.2.Vadesiz Mevduat, Diğer Finansal Aracılar (Konsolide Stok)",last,0.0
bie_finhestnks710125,2019-Q1,TP.FINHESTNKS710125.ZP30,"F.2.9.Vadeli Mevduat, Diğer Finansal Aracılar (Konsolide Stok)",last,0.0
bie_finhestnks710125,2019-Q1,TP.FINHESTNKS710125.ZP31,"F.3.Borçlanma Senetleri, Diğer Finansal Aracılar (Konsolide Stok)",last,15898853.845
bie_finhestnks710125,2019-Q1,TP.FINHESTNKS710125.ZP32,"F.3.1.Kısa Vadeli Borçlanma Senetleri, Diğer Finansal Aracılar (Konsolide Stok)",last,10175266.4608
bie_finhestnks710125,2019-Q1,TP.FINHESTNKS710125.ZP33,"F.3.2.Uzun Vadeli Borçlanma Senetleri, Diğer Finansal Aracılar (Konsolide Stok)",last,5723587.3842
bie_finhestnks710125,2019-Q1,TP.FINHESTNKS710125.ZP34,"F.4.Krediler, Diğer Finansal Aracılar (Konsolide Stok)",last,104658764.8082
bie_finhestnks710125,2019-Q1,TP.FINHESTNKS710125.ZP35,"F.4.1.Kısa Vadeli Krediler, Diğer Finansal Aracılar (Konsolide Stok)",last,40820578.2752
bie_finhestnks710125,2019-Q1,TP.FINHESTNKS710125.ZP36,"F.4.2.Uzun Vadeli Krediler, Diğer Finansal Aracılar (Konsolide Stok)",last,63838186.533
bie_finhestnks710125,2019-Q1,TP.FINHESTNKS710125.ZP37,"F.5.Hisse Senetleri ve Özkaynaklar, Diğer Finansal Aracılar (Konsolide Stok)",last,12003760.2053
bie_finhestnks710125,2019-Q1,TP.FINHESTNKS710125.ZP38,"F.5.1.Hisse Senetleri ve Özkaynaklar, Diğer Finansal Aracılar (Konsolide Stok)",last,12003760.2053
bie_finhestnks710125,2019-Q1,TP.FINHESTNKS710125.ZP39,"F.5.2.Yatırım Fonu Katılma Belgeleri, Diğer Finansal Aracılar (Konsolide Stok)",last,0.0
bie_finhestnks710125,2019-Q1,TP.FINHESTNKS710125.ZP40,"F.5.2.1.Para Piyasası Fonları, Diğer Finansal Aracılar (Konsolide Stok)",last,0.0
bie_finhestnks710125,2019-Q1,TP.FINHESTNKS710125.ZP41,"F.5.2.2.Diğer Yatırım Fonları, Diğer Finansal Aracılar (Konsolide Stok)",last,0.0
bie_finhestnks710125,2019-Q1,TP.FINHESTNKS710125.ZP42,"F.6.Sigorta ve Emeklilik Sözleşmeleri, Diğer Finansal Aracılar (Konsolide Stok)",last,0.0
bie_finhestnks710125,2019-Q1,TP.FINHESTNKS710125.ZP43,"F.7.Finansal Türevler, Diğer Finansal Aracılar (Konsolide Stok)",last,2638527.286
bie_finhestnks710125,2019-Q1,TP.FINHESTNKS710125.ZP44,"F.8.Diğer Borçlar, Diğer Finansal Aracılar (Konsolide Stok)",last,23132037.7667
bie_finhestnks710125,2019-Q1,TP.FINHESTNKS710125.ZP45,"F.0.Toplam Yükümlülükler, Diğer Finansal Aracılar (Konsolide Stok)",last,158331943.9112
bie_finhestnks710125,2019-Q2,TP.FINHESTNKS710125.ZP1,"BF.9.NET FİNANSAL DEĞER, Diğer Finansal Aracılar (Konsolide Stok)",last,15548396.7849
bie_finhestnks710125,2019-Q2,TP.FINHESTNKS710125.ZP2,"VF.1.Parasal Altın ve SDR, Diğer Finansal Aracılar (Konsolide Stok)",last,0.0
bie_finhestnks710125,2019-Q2,TP.FINHESTNKS710125.ZP3,"VF.1.1.Parasal Altın, Diğer Finansal Aracılar (Konsolide Stok)",last,0.0
bie_finhestnks710125,2019-Q2,TP.FINHESTNKS710125.ZP4,"VF.1.2.Özel Çekme Hakları (SDR), Diğer Finansal Aracılar (Konsolide Stok)",last,0.0
bie_finhestnks710125,2019-Q2,TP.FINHESTNKS710125.ZP5,"VF.2.Para ve Mevduat, Diğer Finansal Aracılar (Konsolide Stok)",last,18824776.894
bie_finhestnks710125,2019-Q2,TP.FINHESTNKS710125.ZP6,"VF.2.1.Para, Diğer Finansal Aracılar (Konsolide Stok)",last,2154.316
bie_finhestnks710125,2019-Q2,TP.FINHESTNKS710125.ZP7,"VF.2.2.Vadesiz Mevduat, Diğer Finansal Aracılar (Konsolide Stok)",last,2071245.0378
bie_finhestnks710125,2019-Q2,TP.FINHESTNKS710125.ZP8,"VF.2.9.Vadeli Mevduat, Diğer Finansal Aracılar (Konsolide Stok)",last,16751377.5402
bie_finhestnks710125,2019-Q2,TP.FINHESTNKS710125.ZP9,"VF.3.Borçlanma Senetleri, Diğer Finansal Aracılar (Konsolide Stok)",last,1545582.533
bie_finhestnks710125,2019-Q2,TP.FINHESTNKS710125.ZP10,"VF.3.1.Kısa Vadeli Borçlanma Senetleri, Diğer Finansal Aracılar (Konsolide Stok)",last,887164.3739
bie_finhestnks710125,2019-Q2,TP.FINHESTNKS710125.ZP11,"VF.3.2.Uzun Vadeli Borçlanma Senetleri, Diğer Finansal Aracılar (Konsolide Stok)",last,658418.1591
bie_finhestnks710125,2019-Q2,TP.FINHESTNKS710125.ZP12,"VF.4.Krediler, Diğer Finansal Aracılar (Konsolide Stok)",last,126098468.257
bie_finhestnks710125,2019-Q2,TP.FINHESTNKS710125.ZP13,"VF.4.1.Kısa Vadeli Krediler, Diğer Finansal Aracılar (Konsolide Stok)",last,126098468.257
bie_finhestnks710125,2019-Q2,TP.FINHESTNKS710125.ZP14,"VF.4.2.Uzun Vadeli Krediler, Diğer Finansal Aracılar (Konsolide Stok)",last,0.0
bie_finhestnks710125,2019-Q2,TP.FINHESTNKS710125.ZP15,"VF.5.Hisse Senetleri ve Özkaynaklar, Diğer Finansal Aracılar (Konsolide Stok)",last,1849813.645
bie_finhestnks710125,2019-Q2,TP.FINHESTNKS710125.ZP16,"VF.5.1.Hisse Senetleri ve Özkaynaklar, Diğer Finansal Aracılar (Konsolide Stok)",last,1849813.645
bie_finhestnks710125,2019-Q2,TP.FINHESTNKS710125.ZP17,"VF.5.2.Yatırım Fonu Katılma Belgeleri, Diğer Finansal Aracılar (Konsolide Stok)",last,0.0
bie_finhestnks710125,2019-Q2,TP.FINHESTNKS710125.ZP18,"VF.5.2.1.Para Piyasası Fonları, Diğer Finansal Aracılar (Konsolide Stok)",last,0.0
bie_finhestnks710125,2019-Q2,TP.FINHESTNKS710125.ZP19,"VF.5.2.2.Diğer Yatırım Fonları, Diğer Finansal Aracılar (Konsolide Stok)",last,0.0
bie_finhestnks710125,2019-Q2,TP.FINHESTNKS710125.ZP20,"VF.6.Sigorta ve Emeklilik Sözleşmeleri, Diğer Finansal Aracılar (Konsolide Stok)",last,0.0
bie_finhestnks710125,2019-Q2,TP.FINHESTNKS710125.ZP21,"VF.7.Finansal Türevler, Diğer Finansal Aracılar (Konsolide Stok)",last,2040779.019
bie_finhestnks710125,2019-Q2,TP.FINHESTNKS710125.ZP22,"VF.8.Diğer Alacaklar, Diğer Finansal Aracılar (Konsolide Stok)",last,11201214.094
bie_finhestnks710125,2019-Q2,TP.FINHESTNKS710125.ZP23,"VF.0.Toplam Varlıklar, Diğer Finansal Aracılar (Konsolide Stok)",last,161560634.4421
bie_finhestnks710125,2019-Q2,TP.FINHESTNKS710125.ZP24,"F.1.Parasal Altın ve SDR, Diğer Finansal Aracılar (Konsolide Stok)",last,0.0
bie_finhestnks710125,2019-Q2,TP.FINHESTNKS710125.ZP26,"F.1.2.Özel Çekme Hakları (SDR), Diğer Finansal Aracılar (Konsolide Stok)",last,0.0
bie_finhestnks710125,2019-Q2,TP.FINHESTNKS710125.ZP27,"F.2.Para ve Mevduat, Diğer Finansal Aracılar (Konsolide Stok)",last,0.0
bie_finhestnks710125,2019-Q2,TP.FINHESTNKS710125.ZP28,"F.2.1.Para, Diğer Finansal Aracılar (Konsolide Stok)",last,0.0
bie_finhestnks710125,2019-Q2,TP.FINHESTNKS710125.ZP29,"F.2.2.Vadesiz Mevduat, Diğer Finansal Aracılar (Konsolide Stok)",last,0.0
bie_finhestnks710125,2019-Q2,TP.FINHESTNKS710125.ZP30,"F.2.9.Vadeli Mevduat, Diğer Finansal Aracılar (Konsolide Stok)",last,0.0
bie_finhestnks710125,2019-Q2,TP.FINHESTNKS710125.ZP31,"F.3.Borçlanma Senetleri, Diğer Finansal Aracılar (Konsolide Stok)",last,14142686.754
bie_finhestnks710125,2019-Q2,TP.FINHESTNKS710125.ZP32,"F.3.1.Kısa Vadeli Borçlanma Senetleri, Diğer Finansal Aracılar (Konsolide Stok)",last,9051319.5226
bie_finhestnks710125,2019-Q2,TP.FINHESTNKS710125.ZP33,"F.3.2.Uzun Vadeli Borçlanma Senetleri, Diğer Finansal Aracılar (Konsolide Stok)",last,5091367.2314
bie_finhestnks710125,2019-Q2,TP.FINHESTNKS710125.ZP34,"F.4.Krediler, Diğer Finansal Aracılar (Konsolide Stok)",last,95787322.0802
bie_finhestnks710125,2019-Q2,TP.FINHESTNKS710125.ZP35,"F.4.1.Kısa Vadeli Krediler, Diğer Finansal Aracılar (Konsolide Stok)",last,37360715.6113
bie_finhestnks710125,2019-Q2,TP.FINHESTNKS710125.ZP36,"F.4.2.Uzun Vadeli Krediler, Diğer Finansal Aracılar (Konsolide Stok)",last,58426606.4689
bie_finhestnks710125,2019-Q2,TP.FINHESTNKS710125.ZP37,"F.5.Hisse Senetleri ve Özkaynaklar, Diğer Finansal Aracılar (Konsolide Stok)",last,12529805.727
bie_finhestnks710125,2019-Q2,TP.FINHESTNKS710125.ZP38,"F.5.1.Hisse Senetleri ve Özkaynaklar, Diğer Finansal Aracılar (Konsolide Stok)",last,12529805.727
bie_finhestnks710125,2019-Q2,TP.FINHESTNKS710125.ZP39,"F.5.2.Yatırım Fonu Katılma Belgeleri, Diğer Finansal Aracılar (Konsolide Stok)",last,0.0
bie_finhestnks710125,2019-Q2,TP.FINHESTNKS710125.ZP40,"F.5.2.1.Para Piyasası Fonları, Diğer Finansal Aracılar (Konsolide Stok)",last,0.0
bie_finhestnks710125,2019-Q2,TP.FINHESTNKS710125.ZP41,"F.5.2.2.Diğer Yatırım Fonları, Diğer Finansal Aracılar (Konsolide Stok)",last,0.0
bie_finhestnks710125,2019-Q2,TP.FINHESTNKS710125.ZP42,"F.6.Sigorta ve Emeklilik Sözleşmeleri, Diğer Finansal Aracılar (Konsolide Stok)",last,0.0
bie_finhestnks710125,2019-Q2,TP.FINHESTNKS710125.ZP43,"F.7.Finansal Türevler, Diğer Finansal Aracılar (Konsolide Stok)",last,702888.019
bie_finhestnks710125,2019-Q2,TP.FINHESTNKS710125.ZP44,"F.8.Diğer Borçlar, Diğer Finansal Aracılar (Konsolide Stok)",last,22849535.077
bie_finhestnks710125,2019-Q2,TP.FINHESTNKS710125.ZP45,"F.0.Toplam Yükümlülükler, Diğer Finansal Aracılar (Konsolide Stok)",last,146012237.6572
bie_finhestnks710125,2019-Q3,TP.FINHESTNKS710125.ZP1,"BF.9.NET FİNANSAL DEĞER, Diğer Finansal Aracılar (Konsolide Stok)",last,16754370.9136
bie_finhestnks710125,2019-Q3,TP.FINHESTNKS710125.ZP2,"VF.1.Parasal Altın ve SDR, Diğer Finansal Aracılar (Konsolide Stok)",last,0.0
bie_finhestnks710125,2019-Q3,TP.FINHESTNKS710125.ZP3,"VF.1.1.Parasal Altın, Diğer Finansal Aracılar (Konsolide Stok)",last,0.0
bie_finhestnks710125,2019-Q3,TP.FINHESTNKS710125.ZP4,"VF.1.2.Özel Çekme Hakları (SDR), Diğer Finansal Aracılar (Konsolide Stok)",last,0.0
bie_finhestnks710125,2019-Q3,TP.FINHESTNKS710125.ZP5,"VF.2.Para ve Mevduat, Diğer Finansal Aracılar (Konsolide Stok)",last,19086042.422
bie_finhestnks710125,2019-Q3,TP.FINHESTNKS710125.ZP6,"VF.2.1.Para, Diğer Finansal Aracılar (Konsolide Stok)",last,2415.922
bie_finhestnks710125,2019-Q3,TP.FINHESTNKS710125.ZP7,"VF.2.2.Vadesiz Mevduat, Diğer Finansal Aracılar (Konsolide Stok)",last,1964339.2821
bie_finhestnks710125,2019-Q3,TP.FINHESTNKS710125.ZP8,"VF.2.9.Vadeli Mevduat, Diğer Finansal Aracılar (Konsolide Stok)",last,17119287.2178
bie_finhestnks710125,2019-Q3,TP.FINHESTNKS710125.ZP9,"VF.3.Borçlanma Senetleri, Diğer Finansal Aracılar (Konsolide Stok)",last,1430248.966
bie_finhestnks710125,2019-Q3,TP.FINHESTNKS710125.ZP10,"VF.3.1.Kısa Vadeli Borçlanma Senetleri, Diğer Finansal Aracılar (Konsolide Stok)",last,820962.9065
bie_finhestnks710125,2019-Q3,TP.FINHESTNKS710125.ZP11,"VF.3.2.Uzun Vadeli Borçlanma Senetleri, Diğer Finansal Aracılar (Konsolide Stok)",last,609286.0595
bie_finhestnks710125,2019-Q3,TP.FINHESTNKS710125.ZP12,"VF.4.Krediler, Diğer Finansal Aracılar (Konsolide Stok)",last,120052026.8477
bie_finhestnks710125,2019-Q3,TP.FINHESTNKS710125.ZP13,"VF.4.1.Kısa Vadeli Krediler, Diğer Finansal Aracılar (Konsolide Stok)",last,120052026.8477
bie_finhestnks710125,2019-Q3,TP.FINHESTNKS710125.ZP14,"VF.4.2.Uzun Vadeli Krediler, Diğer Finansal Aracılar (Konsolide Stok)",last,0.0
bie_finhestnks710125,2019-Q3,TP.FINHESTNKS710125.ZP15,"VF.5.Hisse Senetleri ve Özkaynaklar, Diğer Finansal Aracılar (Konsolide Stok)",last,1937489.8779
bie_finhestnks710125,2019-Q3,TP.FINHESTNKS710125.ZP16,"VF.5.1.Hisse Senetleri ve Özkaynaklar, Diğer Finansal Aracılar (Konsolide Stok)",last,1937489.8779
bie_finhestnks710125,2019-Q3,TP.FINHESTNKS710125.ZP17,"VF.5.2.Yatırım Fonu Katılma Belgeleri, Diğer Finansal Aracılar (Konsolide Stok)",last,0.0
bie_finhestnks710125,2019-Q3,TP.FINHESTNKS710125.ZP18,"VF.5.2.1.Para Piyasası Fonları, Diğer Finansal Aracılar (Konsolide Stok)",last,0.0
bie_finhestnks710125,2019-Q3,TP.FINHESTNKS710125.ZP19,"VF.5.2.2.Diğer Yatırım Fonları, Diğer Finansal Aracılar (Konsolide Stok)",last,0.0
bie_finhestnks710125,2019-Q3,TP.FINHESTNKS710125.ZP20,"VF.6.Sigorta ve Emeklilik Sözleşmeleri, Diğer Finansal Aracılar (Konsolide Stok)",last,0.0
bie_finhestnks710125,2019-Q3,TP.FINHESTNKS710125.ZP21,"VF.7.Finansal Türevler, Diğer Finansal Aracılar (Konsolide Stok)",last,1646501.932
bie_finhestnks710125,2019-Q3,TP.FINHESTNKS710125.ZP22,"VF.8.Diğer Alacaklar, Diğer Finansal Aracılar (Konsolide Stok)",last,12606456.7746
bie_finhestnks710125,2019-Q3,TP.FINHESTNKS710125.ZP23,"VF.0.Toplam Varlıklar, Diğer Finansal Aracılar (Konsolide Stok)",last,156758766.8202
bie_finhestnks710125,2019-Q3,TP.FINHESTNKS710125.ZP24,"F.1.Parasal Altın ve SDR, Diğer Finansal Aracılar (Konsolide Stok)",last,0.0
bie_finhestnks710125,2019-Q3,TP.FINHESTNKS710125.ZP26,"F.1.2.Özel Çekme Hakları (SDR), Diğer Finansal Aracılar (Konsolide Stok)",last,0.0
bie_finhestnks710125,2019-Q3,TP.FINHESTNKS710125.ZP27,"F.2.Para ve Mevduat, Diğer Finansal Aracılar (Konsolide Stok)",last,0.0
bie_finhestnks710125,2019-Q3,TP.FINHESTNKS710125.ZP28,"F.2.1.Para, Diğer Finansal Aracılar (Konsolide Stok)",last,0.0
bie_finhestnks710125,2019-Q3,TP.FINHESTNKS710125.ZP29,"F.2.2.Vadesiz Mevduat, Diğer Finansal Aracılar (Konsolide Stok)",last,0.0
bie_finhestnks710125,2019-Q3,TP.FINHESTNKS710125.ZP30,"F.2.9.Vadeli Mevduat, Diğer Finansal Aracılar (Konsolide Stok)",last,0.0
bie_finhestnks710125,2019-Q3,TP.FINHESTNKS710125.ZP31,"F.3.Borçlanma Senetleri, Diğer Finansal Aracılar (Konsolide Stok)",last,9295330.751
bie_finhestnks710125,2019-Q3,TP.FINHESTNKS710125.ZP32,"F.3.1.Kısa Vadeli Borçlanma Senetleri, Diğer Finansal Aracılar (Konsolide Stok)",last,5949011.6806
bie_finhestnks710125,2019-Q3,TP.FINHESTNKS710125.ZP33,"F.3.2.Uzun Vadeli Borçlanma Senetleri, Diğer Finansal Aracılar (Konsolide Stok)",last,3346319.0704
bie_finhestnks710125,2019-Q3,TP.FINHESTNKS710125.ZP34,"F.4.Krediler, Diğer Finansal Aracılar (Konsolide Stok)",last,93088063.9119
bie_finhestnks710125,2019-Q3,TP.FINHESTNKS710125.ZP35,"F.4.1.Kısa Vadeli Krediler, Diğer Finansal Aracılar (Konsolide Stok)",last,36308004.9256
bie_finhestnks710125,2019-Q3,TP.FINHESTNKS710125.ZP36,"F.4.2.Uzun Vadeli Krediler, Diğer Finansal Aracılar (Konsolide Stok)",last,56780058.9863
bie_finhestnks710125,2019-Q3,TP.FINHESTNKS710125.ZP37,"F.5.Hisse Senetleri ve Özkaynaklar, Diğer Finansal Aracılar (Konsolide Stok)",last,12727648.2436
bie_finhestnks710125,2019-Q3,TP.FINHESTNKS710125.ZP38,"F.5.1.Hisse Senetleri ve Özkaynaklar, Diğer Finansal Aracılar (Konsolide Stok)",last,12727648.2436
bie_finhestnks710125,2019-Q3,TP.FINHESTNKS710125.ZP39,"F.5.2.Yatırım Fonu Katılma Belgeleri, Diğer Finansal Aracılar (Konsolide Stok)",last,0.0
bie_finhestnks710125,2019-Q3,TP.FINHESTNKS710125.ZP40,"F.5.2.1.Para Piyasası Fonları, Diğer Finansal Aracılar (Konsolide Stok)",last,0.0
bie_finhestnks710125,2019-Q3,TP.FINHESTNKS710125.ZP41,"F.5.2.2.Diğer Yatırım Fonları, Diğer Finansal Aracılar (Konsolide Stok)",last,0.0
bie_finhestnks710125,2019-Q3,TP.FINHESTNKS710125.ZP42,"F.6.Sigorta ve Emeklilik Sözleşmeleri, Diğer Finansal Aracılar (Konsolide Stok)",last,0.0
bie_finhestnks710125,2019-Q3,TP.FINHESTNKS710125.ZP43,"F.7.Finansal Türevler, Diğer Finansal Aracılar (Konsolide Stok)",last,644376.932
bie_finhestnks710125,2019-Q3,TP.FINHESTNKS710125.ZP44,"F.8.Diğer Borçlar, Diğer Finansal Aracılar (Konsolide Stok)",last,24248976.068
bie_finhestnks710125,2019-Q3,TP.FINHESTNKS710125.ZP45,"F.0.Toplam Yükümlülükler, Diğer Finansal Aracılar (Konsolide Stok)",last,140004395.9065
bie_finhestnks710125,2019-Q4,TP.FINHESTNKS710125.ZP1,"BF.9.NET FİNANSAL DEĞER, Diğer Finansal Aracılar (Konsolide Stok)",last,15447585.8878
bie_finhestnks710125,2019-Q4,TP.FINHESTNKS710125.ZP2,"VF.1.Parasal Altın ve SDR, Diğer Finansal Aracılar (Konsolide Stok)",last,0.0
bie_finhestnks710125,2019-Q4,TP.FINHESTNKS710125.ZP3,"VF.1.1.Parasal Altın, Diğer Finansal Aracılar (Konsolide Stok)",last,0.0
bie_finhestnks710125,2019-Q4,TP.FINHESTNKS710125.ZP4,"VF.1.2.Özel Çekme Hakları (SDR), Diğer Finansal Aracılar (Konsolide Stok)",last,0.0
bie_finhestnks710125,2019-Q4,TP.FINHESTNKS710125.ZP5,"VF.2.Para ve Mevduat, Diğer Finansal Aracılar (Konsolide Stok)",last,15349787.2677
bie_finhestnks710125,2019-Q4,TP.FINHESTNKS710125.ZP6,"VF.2.1.Para, Diğer Finansal Aracılar (Konsolide Stok)",last,1021.763
bie_finhestnks710125,2019-Q4,TP.FINHESTNKS710125.ZP7,"VF.2.2.Vadesiz Mevduat, Diğer Finansal Aracılar (Konsolide Stok)",last,1589244.9567
bie_finhestnks710125,2019-Q4,TP.FINHESTNKS710125.ZP8,"VF.2.9.Vadeli Mevduat, Diğer Finansal Aracılar (Konsolide Stok)",last,13759520.548
bie_finhestnks710125,2019-Q4,TP.FINHESTNKS710125.ZP9,"VF.3.Borçlanma Senetleri, Diğer Finansal Aracılar (Konsolide Stok)",last,2816384.749
bie_finhestnks710125,2019-Q4,TP.FINHESTNKS710125.ZP10,"VF.3.1.Kısa Vadeli Borçlanma Senetleri, Diğer Finansal Aracılar (Konsolide Stok)",last,1616604.8459
bie_finhestnks710125,2019-Q4,TP.FINHESTNKS710125.ZP11,"VF.3.2.Uzun Vadeli Borçlanma Senetleri, Diğer Finansal Aracılar (Konsolide Stok)",last,1199779.9031
bie_finhestnks710125,2019-Q4,TP.FINHESTNKS710125.ZP12,"VF.4.Krediler, Diğer Finansal Aracılar (Konsolide Stok)",last,122461200.5588
bie_finhestnks710125,2019-Q4,TP.FINHESTNKS710125.ZP13,"VF.4.1.Kısa Vadeli Krediler, Diğer Finansal Aracılar (Konsolide Stok)",last,122461200.5588
bie_finhestnks710125,2019-Q4,TP.FINHESTNKS710125.ZP14,"VF.4.2.Uzun Vadeli Krediler, Diğer Finansal Aracılar (Konsolide Stok)",last,0.0
bie_finhestnks710125,2019-Q4,TP.FINHESTNKS710125.ZP15,"VF.5.Hisse Senetleri ve Özkaynaklar, Diğer Finansal Aracılar (Konsolide Stok)",last,2026625.7446
bie_finhestnks710125,2019-Q4,TP.FINHESTNKS710125.ZP16,"VF.5.1.Hisse Senetleri ve Özkaynaklar, Diğer Finansal Aracılar (Konsolide Stok)",last,2026625.7446
bie_finhestnks710125,2019-Q4,TP.FINHESTNKS710125.ZP17,"VF.5.2.Yatırım Fonu Katılma Belgeleri, Diğer Finansal Aracılar (Konsolide Stok)",last,0.0
bie_finhestnks710125,2019-Q4,TP.FINHESTNKS710125.ZP18,"VF.5.2.1.Para Piyasası Fonları, Diğer Finansal Aracılar (Konsolide Stok)",last,0.0
bie_finhestnks710125,2019-Q4,TP.FINHESTNKS710125.ZP19,"VF.5.2.2.Diğer Yatırım Fonları, Diğer Finansal Aracılar (Konsolide Stok)",last,0.0
bie_finhestnks710125,2019-Q4,TP.FINHESTNKS710125.ZP20,"VF.6.Sigorta ve Emeklilik Sözleşmeleri, Diğer Finansal Aracılar (Konsolide Stok)",last,0.0
bie_finhestnks710125,2019-Q4,TP.FINHESTNKS710125.ZP21,"VF.7.Finansal Türevler, Diğer Finansal Aracılar (Konsolide Stok)",last,101408.4412
bie_finhestnks710125,2019-Q4,TP.FINHESTNKS710125.ZP22,"VF.8.Diğer Alacaklar, Diğer Finansal Aracılar (Konsolide Stok)",last,12234662.4949
bie_finhestnks710125,2019-Q4,TP.FINHESTNKS710125.ZP23,"VF.0.Toplam Varlıklar, Diğer Finansal Aracılar (Konsolide Stok)",last,154990069.2562
bie_finhestnks710125,2019-Q4,TP.FINHESTNKS710125.ZP24,"F.1.Parasal Altın ve SDR, Diğer Finansal Aracılar (Konsolide Stok)",last,0.0
bie_finhestnks710125,2019-Q4,TP.FINHESTNKS710125.ZP26,"F.1.2.Özel Çekme Hakları (SDR), Diğer Finansal Aracılar (Konsolide Stok)",last,0.0
bie_finhestnks710125,2019-Q4,TP.FINHESTNKS710125.ZP27,"F.2.Para ve Mevduat, Diğer Finansal Aracılar (Konsolide Stok)",last,0.0
bie_finhestnks710125,2019-Q4,TP.FINHESTNKS710125.ZP28,"F.2.1.Para, Diğer Finansal Aracılar (Konsolide Stok)",last,0.0
bie_finhestnks710125,2019-Q4,TP.FINHESTNKS710125.ZP29,"F.2.2.Vadesiz Mevduat, Diğer Finansal Aracılar (Konsolide Stok)",last,0.0
bie_finhestnks710125,2019-Q4,TP.FINHESTNKS710125.ZP30,"F.2.9.Vadeli Mevduat, Diğer Finansal Aracılar (Konsolide Stok)",last,0.0
bie_finhestnks710125,2019-Q4,TP.FINHESTNKS710125.ZP31,"F.3.Borçlanma Senetleri, Diğer Finansal Aracılar (Konsolide Stok)",last,9166743.436
bie_finhestnks710125,2019-Q4,TP.FINHESTNKS710125.ZP32,"F.3.1.Kısa Vadeli Borçlanma Senetleri, Diğer Finansal Aracılar (Konsolide Stok)",last,5866715.799
bie_finhestnks710125,2019-Q4,TP.FINHESTNKS710125.ZP33,"F.3.2.Uzun Vadeli Borçlanma Senetleri, Diğer Finansal Aracılar (Konsolide Stok)",last,3300027.637
bie_finhestnks710125,2019-Q4,TP.FINHESTNKS710125.ZP34,"F.4.Krediler, Diğer Finansal Aracılar (Konsolide Stok)",last,93519303.646
bie_finhestnks710125,2019-Q4,TP.FINHESTNKS710125.ZP35,"F.4.1.Kısa Vadeli Krediler, Diğer Finansal Aracılar (Konsolide Stok)",last,36476188.422
bie_finhestnks710125,2019-Q4,TP.FINHESTNKS710125.ZP36,"F.4.2.Uzun Vadeli Krediler, Diğer Finansal Aracılar (Konsolide Stok)",last,57043115.2241
bie_finhestnks710125,2019-Q4,TP.FINHESTNKS710125.ZP37,"F.5.Hisse Senetleri ve Özkaynaklar, Diğer Finansal Aracılar (Konsolide Stok)",last,13082660.3877
bie_finhestnks710125,2019-Q4,TP.FINHESTNKS710125.ZP38,"F.5.1.Hisse Senetleri ve Özkaynaklar, Diğer Finansal Aracılar (Konsolide Stok)",last,13082660.3877
bie_finhestnks710125,2019-Q4,TP.FINHESTNKS710125.ZP39,"F.5.2.Yatırım Fonu Katılma Belgeleri, Diğer Finansal Aracılar (Konsolide Stok)",last,0.0
bie_finhestnks710125,2019-Q4,TP.FINHESTNKS710125.ZP40,"F.5.2.1.Para Piyasası Fonları, Diğer Finansal Aracılar (Konsolide Stok)",last,0.0
bie_finhestnks710125,2019-Q4,TP.FINHESTNKS710125.ZP41,"F.5.2.2.Diğer Yatırım Fonları, Diğer Finansal Aracılar (Konsolide Stok)",last,0.0
bie_finhestnks710125,2019-Q4,TP.FINHESTNKS710125.ZP42,"F.6.Sigorta ve Emeklilik Sözleşmeleri, Diğer Finansal Aracılar (Konsolide Stok)",last,0.0
bie_finhestnks710125,2019-Q4,TP.FINHESTNKS710125.ZP43,"F.7.Finansal Türevler, Diğer Finansal Aracılar (Konsolide Stok)",last,545978.439
bie_finhestnks710125,2019-Q4,TP.FINHESTNKS710125.ZP44,"F.8.Diğer Borçlar, Diğer Finansal Aracılar (Konsolide Stok)",last,23227797.4597
bie_finhestnks710125,2019-Q4,TP.FINHESTNKS710125.ZP45,"F.0.Toplam Yükümlülükler, Diğer Finansal Aracılar (Konsolide Stok)",last,139542483.3684
bie_finhestnks710125,2020-Q1,TP.FINHESTNKS710125.ZP1,"BF.9.NET FİNANSAL DEĞER, Diğer Finansal Aracılar (Konsolide Stok)",last,14201821.9131
bie_finhestnks710125,2020-Q1,TP.FINHESTNKS710125.ZP2,"VF.1.Parasal Altın ve SDR, Diğer Finansal Aracılar (Konsolide Stok)",last,0.0
bie_finhestnks710125,2020-Q1,TP.FINHESTNKS710125.ZP3,"VF.1.1.Parasal Altın, Diğer Finansal Aracılar (Konsolide Stok)",last,0.0
bie_finhestnks710125,2020-Q1,TP.FINHESTNKS710125.ZP4,"VF.1.2.Özel Çekme Hakları (SDR), Diğer Finansal Aracılar (Konsolide Stok)",last,0.0
bie_finhestnks710125,2020-Q1,TP.FINHESTNKS710125.ZP5,"VF.2.Para ve Mevduat, Diğer Finansal Aracılar (Konsolide Stok)",last,16597346.0648
bie_finhestnks710125,2020-Q1,TP.FINHESTNKS710125.ZP6,"VF.2.1.Para, Diğer Finansal Aracılar (Konsolide Stok)",last,2755.252
bie_finhestnks710125,2020-Q1,TP.FINHESTNKS710125.ZP7,"VF.2.2.Vadesiz Mevduat, Diğer Finansal Aracılar (Konsolide Stok)",last,2572530.8474
bie_finhestnks710125,2020-Q1,TP.FINHESTNKS710125.ZP8,"VF.2.9.Vadeli Mevduat, Diğer Finansal Aracılar (Konsolide Stok)",last,14022059.9654
bie_finhestnks710125,2020-Q1,TP.FINHESTNKS710125.ZP9,"VF.3.Borçlanma Senetleri, Diğer Finansal Aracılar (Konsolide Stok)",last,2520657.456
bie_finhestnks710125,2020-Q1,TP.FINHESTNKS710125.ZP10,"VF.3.1.Kısa Vadeli Borçlanma Senetleri, Diğer Finansal Aracılar (Konsolide Stok)",last,1446857.3797
bie_finhestnks710125,2020-Q1,TP.FINHESTNKS710125.ZP11,"VF.3.2.Uzun Vadeli Borçlanma Senetleri, Diğer Finansal Aracılar (Konsolide Stok)",last,1073800.0763
bie_finhestnks710125,2020-Q1,TP.FINHESTNKS710125.ZP12,"VF.4.Krediler, Diğer Finansal Aracılar (Konsolide Stok)",last,122432158.4587
bie_finhestnks710125,2020-Q1,TP.FINHESTNKS710125.ZP13,"VF.4.1.Kısa Vadeli Krediler, Diğer Finansal Aracılar (Konsolide Stok)",last,122432158.4587
bie_finhestnks710125,2020-Q1,TP.FINHESTNKS710125.ZP14,"VF.4.2.Uzun Vadeli Krediler, Diğer Finansal Aracılar (Konsolide Stok)",last,0.0
bie_finhestnks710125,2020-Q1,TP.FINHESTNKS710125.ZP15,"VF.5.Hisse Senetleri ve Özkaynaklar, Diğer Finansal Aracılar (Konsolide Stok)",last,1716012.1783
bie_finhestnks710125,2020-Q1,TP.FINHESTNKS710125.ZP16,"VF.5.1.Hisse Senetleri ve Özkaynaklar, Diğer Finansal Aracılar (Konsolide Stok)",last,1716012.1783
bie_finhestnks710125,2020-Q1,TP.FINHESTNKS710125.ZP17,"VF.5.2.Yatırım Fonu Katılma Belgeleri, Diğer Finansal Aracılar (Konsolide Stok)",last,0.0
bie_finhestnks710125,2020-Q1,TP.FINHESTNKS710125.ZP18,"VF.5.2.1.Para Piyasası Fonları, Diğer Finansal Aracılar (Konsolide Stok)",last,0.0
bie_finhestnks710125,2020-Q1,TP.FINHESTNKS710125.ZP19,"VF.5.2.2.Diğer Yatırım Fonları, Diğer Finansal Aracılar (Konsolide Stok)",last,0.0
bie_finhestnks710125,2020-Q1,TP.FINHESTNKS710125.ZP20,"VF.6.Sigorta ve Emeklilik Sözleşmeleri, Diğer Finansal Aracılar (Konsolide Stok)",last,0.0
bie_finhestnks710125,2020-Q1,TP.FINHESTNKS710125.ZP21,"VF.7.Finansal Türevler, Diğer Finansal Aracılar (Konsolide Stok)",last,723369.606
bie_finhestnks710125,2020-Q1,TP.FINHESTNKS710125.ZP22,"VF.8.Diğer Alacaklar, Diğer Finansal Aracılar (Konsolide Stok)",last,13360412.5673
bie_finhestnks710125,2020-Q1,TP.FINHESTNKS710125.ZP23,"VF.0.Toplam Varlıklar, Diğer Finansal Aracılar (Konsolide Stok)",last,157349956.3311
bie_finhestnks710125,2020-Q1,TP.FINHESTNKS710125.ZP24,"F.1.Parasal Altın ve SDR, Diğer Finansal Aracılar (Konsolide Stok)",last,0.0
bie_finhestnks710125,2020-Q1,TP.FINHESTNKS710125.ZP26,"F.1.2.Özel Çekme Hakları (SDR), Diğer Finansal Aracılar (Konsolide Stok)",last,0.0
bie_finhestnks710125,2020-Q1,TP.FINHESTNKS710125.ZP27,"F.2.Para ve Mevduat, Diğer Finansal Aracılar (Konsolide Stok)",last,0.0
bie_finhestnks710125,2020-Q1,TP.FINHESTNKS710125.ZP28,"F.2.1.Para, Diğer Finansal Aracılar (Konsolide Stok)",last,0.0
bie_finhestnks710125,2020-Q1,TP.FINHESTNKS710125.ZP29,"F.2.2.Vadesiz Mevduat, Diğer Finansal Aracılar (Konsolide Stok)",last,0.0
bie_finhestnks710125,2020-Q1,TP.FINHESTNKS710125.ZP30,"F.2.9.Vadeli Mevduat, Diğer Finansal Aracılar (Konsolide Stok)",last,0.0
bie_finhestnks710125,2020-Q1,TP.FINHESTNKS710125.ZP31,"F.3.Borçlanma Senetleri, Diğer Finansal Aracılar (Konsolide Stok)",last,7500802.791
bie_finhestnks710125,2020-Q1,TP.FINHESTNKS710125.ZP32,"F.3.1.Kısa Vadeli Borçlanma Senetleri, Diğer Finansal Aracılar (Konsolide Stok)",last,4800513.7862
bie_finhestnks710125,2020-Q1,TP.FINHESTNKS710125.ZP33,"F.3.2.Uzun Vadeli Borçlanma Senetleri, Diğer Finansal Aracılar (Konsolide Stok)",last,2700289.0048
bie_finhestnks710125,2020-Q1,TP.FINHESTNKS710125.ZP34,"F.4.Krediler, Diğer Finansal Aracılar (Konsolide Stok)",last,94547703.0351
bie_finhestnks710125,2020-Q1,TP.FINHESTNKS710125.ZP35,"F.4.1.Kısa Vadeli Krediler, Diğer Finansal Aracılar (Konsolide Stok)",last,36879704.1837
bie_finhestnks710125,2020-Q1,TP.FINHESTNKS710125.ZP36,"F.4.2.Uzun Vadeli Krediler, Diğer Finansal Aracılar (Konsolide Stok)",last,57667998.8514
bie_finhestnks710125,2020-Q1,TP.FINHESTNKS710125.ZP37,"F.5.Hisse Senetleri ve Özkaynaklar, Diğer Finansal Aracılar (Konsolide Stok)",last,13277325.8746
bie_finhestnks710125,2020-Q1,TP.FINHESTNKS710125.ZP38,"F.5.1.Hisse Senetleri ve Özkaynaklar, Diğer Finansal Aracılar (Konsolide Stok)",last,13277325.8746
bie_finhestnks710125,2020-Q1,TP.FINHESTNKS710125.ZP39,"F.5.2.Yatırım Fonu Katılma Belgeleri, Diğer Finansal Aracılar (Konsolide Stok)",last,0.0
bie_finhestnks710125,2020-Q1,TP.FINHESTNKS710125.ZP40,"F.5.2.1.Para Piyasası Fonları, Diğer Finansal Aracılar (Konsolide Stok)",last,0.0
bie_finhestnks710125,2020-Q1,TP.FINHESTNKS710125.ZP41,"F.5.2.2.Diğer Yatırım Fonları, Diğer Finansal Aracılar (Konsolide Stok)",last,0.0
bie_finhestnks710125,2020-Q1,TP.FINHESTNKS710125.ZP42,"F.6.Sigorta ve Emeklilik Sözleşmeleri, Diğer Finansal Aracılar (Konsolide Stok)",last,0.0
bie_finhestnks710125,2020-Q1,TP.FINHESTNKS710125.ZP43,"F.7.Finansal Türevler, Diğer Finansal Aracılar (Konsolide Stok)",last,2995533.226
bie_finhestnks710125,2020-Q1,TP.FINHESTNKS710125.ZP44,"F.8.Diğer Borçlar, Diğer Finansal Aracılar (Konsolide Stok)",last,24826769.4913
bie_finhestnks710125,2020-Q1,TP.FINHESTNKS710125.ZP45,"F.0.Toplam Yükümlülükler, Diğer Finansal Aracılar (Konsolide Stok)",last,143148134.418
bie_finhestnks710125,2020-Q2,TP.FINHESTNKS710125.ZP1,"BF.9.NET FİNANSAL DEĞER, Diğer Finansal Aracılar (Konsolide Stok)",last,17045223.9173
bie_finhestnks710125,2020-Q2,TP.FINHESTNKS710125.ZP2,"VF.1.Parasal Altın ve SDR, Diğer Finansal Aracılar (Konsolide Stok)",last,0.0
bie_finhestnks710125,2020-Q2,TP.FINHESTNKS710125.ZP3,"VF.1.1.Parasal Altın, Diğer Finansal Aracılar (Konsolide Stok)",last,0.0
bie_finhestnks710125,2020-Q2,TP.FINHESTNKS710125.ZP4,"VF.1.2.Özel Çekme Hakları (SDR), Diğer Finansal Aracılar (Konsolide Stok)",last,0.0
bie_finhestnks710125,2020-Q2,TP.FINHESTNKS710125.ZP5,"VF.2.Para ve Mevduat, Diğer Finansal Aracılar (Konsolide Stok)",last,16584449.034
bie_finhestnks710125,2020-Q2,TP.FINHESTNKS710125.ZP6,"VF.2.1.Para, Diğer Finansal Aracılar (Konsolide Stok)",last,3963.647
bie_finhestnks710125,2020-Q2,TP.FINHESTNKS710125.ZP7,"VF.2.2.Vadesiz Mevduat, Diğer Finansal Aracılar (Konsolide Stok)",last,2695749.3588
bie_finhestnks710125,2020-Q2,TP.FINHESTNKS710125.ZP8,"VF.2.9.Vadeli Mevduat, Diğer Finansal Aracılar (Konsolide Stok)",last,13884736.0282
bie_finhestnks710125,2020-Q2,TP.FINHESTNKS710125.ZP9,"VF.3.Borçlanma Senetleri, Diğer Finansal Aracılar (Konsolide Stok)",last,2355790.269
bie_finhestnks710125,2020-Q2,TP.FINHESTNKS710125.ZP10,"VF.3.1.Kısa Vadeli Borçlanma Senetleri, Diğer Finansal Aracılar (Konsolide Stok)",last,1352223.6144
bie_finhestnks710125,2020-Q2,TP.FINHESTNKS710125.ZP11,"VF.3.2.Uzun Vadeli Borçlanma Senetleri, Diğer Finansal Aracılar (Konsolide Stok)",last,1003566.6546
bie_finhestnks710125,2020-Q2,TP.FINHESTNKS710125.ZP12,"VF.4.Krediler, Diğer Finansal Aracılar (Konsolide Stok)",last,124281993.7524
bie_finhestnks710125,2020-Q2,TP.FINHESTNKS710125.ZP13,"VF.4.1.Kısa Vadeli Krediler, Diğer Finansal Aracılar (Konsolide Stok)",last,124281993.7524
bie_finhestnks710125,2020-Q2,TP.FINHESTNKS710125.ZP14,"VF.4.2.Uzun Vadeli Krediler, Diğer Finansal Aracılar (Konsolide Stok)",last,0.0
bie_finhestnks710125,2020-Q2,TP.FINHESTNKS710125.ZP15,"VF.5.Hisse Senetleri ve Özkaynaklar, Diğer Finansal Aracılar (Konsolide Stok)",last,3452481.7041
bie_finhestnks710125,2020-Q2,TP.FINHESTNKS710125.ZP16,"VF.5.1.Hisse Senetleri ve Özkaynaklar, Diğer Finansal Aracılar (Konsolide Stok)",last,3452481.7041
bie_finhestnks710125,2020-Q2,TP.FINHESTNKS710125.ZP17,"VF.5.2.Yatırım Fonu Katılma Belgeleri, Diğer Finansal Aracılar (Konsolide Stok)",last,0.0
bie_finhestnks710125,2020-Q2,TP.FINHESTNKS710125.ZP18,"VF.5.2.1.Para Piyasası Fonları, Diğer Finansal Aracılar (Konsolide Stok)",last,0.0
bie_finhestnks710125,2020-Q2,TP.FINHESTNKS710125.ZP19,"VF.5.2.2.Diğer Yatırım Fonları, Diğer Finansal Aracılar (Konsolide Stok)",last,0.0
bie_finhestnks710125,2020-Q2,TP.FINHESTNKS710125.ZP20,"VF.6.Sigorta ve Emeklilik Sözleşmeleri, Diğer Finansal Aracılar (Konsolide Stok)",last,0.0
bie_finhestnks710125,2020-Q2,TP.FINHESTNKS710125.ZP21,"VF.7.Finansal Türevler, Diğer Finansal Aracılar (Konsolide Stok)",last,234475.9047
bie_finhestnks710125,2020-Q2,TP.FINHESTNKS710125.ZP22,"VF.8.Diğer Alacaklar, Diğer Finansal Aracılar (Konsolide Stok)",last,16371561.2096
bie_finhestnks710125,2020-Q2,TP.FINHESTNKS710125.ZP23,"VF.0.Toplam Varlıklar, Diğer Finansal Aracılar (Konsolide Stok)",last,163280751.8739
bie_finhestnks710125,2020-Q2,TP.FINHESTNKS710125.ZP24,"F.1.Parasal Altın ve SDR, Diğer Finansal Aracılar (Konsolide Stok)",last,0.0
bie_finhestnks710125,2020-Q2,TP.FINHESTNKS710125.ZP26,"F.1.2.Özel Çekme Hakları (SDR), Diğer Finansal Aracılar (Konsolide Stok)",last,0.0
bie_finhestnks710125,2020-Q2,TP.FINHESTNKS710125.ZP27,"F.2.Para ve Mevduat, Diğer Finansal Aracılar (Konsolide Stok)",last,0.0
bie_finhestnks710125,2020-Q2,TP.FINHESTNKS710125.ZP28,"F.2.1.Para, Diğer Finansal Aracılar (Konsolide Stok)",last,0.0
bie_finhestnks710125,2020-Q2,TP.FINHESTNKS710125.ZP29,"F.2.2.Vadesiz Mevduat, Diğer Finansal Aracılar (Konsolide Stok)",last,0.0
bie_finhestnks710125,2020-Q2,TP.FINHESTNKS710125.ZP30,"F.2.9.Vadeli Mevduat, Diğer Finansal Aracılar (Konsolide Stok)",last,0.0
bie_finhestnks710125,2020-Q2,TP.FINHESTNKS710125.ZP31,"F.3.Borçlanma Senetleri, Diğer Finansal Aracılar (Konsolide Stok)",last,7541081.346
bie_finhestnks710125,2020-Q2,TP.FINHESTNKS710125.ZP32,"F.3.1.Kısa Vadeli Borçlanma Senetleri, Diğer Finansal Aracılar (Konsolide Stok)",last,4826292.0614
bie_finhestnks710125,2020-Q2,TP.FINHESTNKS710125.ZP33,"F.3.2.Uzun Vadeli Borçlanma Senetleri, Diğer Finansal Aracılar (Konsolide Stok)",last,2714789.2846
bie_finhestnks710125,2020-Q2,TP.FINHESTNKS710125.ZP34,"F.4.Krediler, Diğer Finansal Aracılar (Konsolide Stok)",last,95886733.1579
bie_finhestnks710125,2020-Q2,TP.FINHESTNKS710125.ZP35,"F.4.1.Kısa Vadeli Krediler, Diğer Finansal Aracılar (Konsolide Stok)",last,37401925.9316
bie_finhestnks710125,2020-Q2,TP.FINHESTNKS710125.ZP36,"F.4.2.Uzun Vadeli Krediler, Diğer Finansal Aracılar (Konsolide Stok)",last,58484807.2263
bie_finhestnks710125,2020-Q2,TP.FINHESTNKS710125.ZP37,"F.5.Hisse Senetleri ve Özkaynaklar, Diğer Finansal Aracılar (Konsolide Stok)",last,13580551.7149
bie_finhestnks710125,2020-Q2,TP.FINHESTNKS710125.ZP38,"F.5.1.Hisse Senetleri ve Özkaynaklar, Diğer Finansal Aracılar (Konsolide Stok)",last,13580551.7149
bie_finhestnks710125,2020-Q2,TP.FINHESTNKS710125.ZP39,"F.5.2.Yatırım Fonu Katılma Belgeleri, Diğer Finansal Aracılar (Konsolide Stok)",last,0.0
bie_finhestnks710125,2020-Q2,TP.FINHESTNKS710125.ZP40,"F.5.2.1.Para Piyasası Fonları, Diğer Finansal Aracılar (Konsolide Stok)",last,0.0
bie_finhestnks710125,2020-Q2,TP.FINHESTNKS710125.ZP41,"F.5.2.2.Diğer Yatırım Fonları, Diğer Finansal Aracılar (Konsolide Stok)",last,0.0
bie_finhestnks710125,2020-Q2,TP.FINHESTNKS710125.ZP42,"F.6.Sigorta ve Emeklilik Sözleşmeleri, Diğer Finansal Aracılar (Konsolide Stok)",last,0.0
bie_finhestnks710125,2020-Q2,TP.FINHESTNKS710125.ZP43,"F.7.Finansal Türevler, Diğer Finansal Aracılar (Konsolide Stok)",last,607045.524
bie_finhestnks710125,2020-Q2,TP.FINHESTNKS710125.ZP44,"F.8.Diğer Borçlar, Diğer Finansal Aracılar (Konsolide Stok)",last,28620116.2139
bie_finhestnks710125,2020-Q2,TP.FINHESTNKS710125.ZP45,"F.0.Toplam Yükümlülükler, Diğer Finansal Aracılar (Konsolide Stok)",last,146235527.9567
bie_finhestnks710125,2020-Q3,TP.FINHESTNKS710125.ZP1,"BF.9.NET FİNANSAL DEĞER, Diğer Finansal Aracılar (Konsolide Stok)",last,6603711.1497
bie_finhestnks710125,2020-Q3,TP.FINHESTNKS710125.ZP2,"VF.1.Parasal Altın ve SDR, Diğer Finansal Aracılar (Konsolide Stok)",last,0.0
bie_finhestnks710125,2020-Q3,TP.FINHESTNKS710125.ZP3,"VF.1.1.Parasal Altın, Diğer Finansal Aracılar (Konsolide Stok)",last,0.0
bie_finhestnks710125,2020-Q3,TP.FINHESTNKS710125.ZP4,"VF.1.2.Özel Çekme Hakları (SDR), Diğer Finansal Aracılar (Konsolide Stok)",last,0.0
bie_finhestnks710125,2020-Q3,TP.FINHESTNKS710125.ZP5,"VF.2.Para ve Mevduat, Diğer Finansal Aracılar (Konsolide Stok)",last,15291148.971
bie_finhestnks710125,2020-Q3,TP.FINHESTNKS710125.ZP6,"VF.2.1.Para, Diğer Finansal Aracılar (Konsolide Stok)",last,2736.131
bie_finhestnks710125,2020-Q3,TP.FINHESTNKS710125.ZP7,"VF.2.2.Vadesiz Mevduat, Diğer Finansal Aracılar (Konsolide Stok)",last,3729221.823
bie_finhestnks710125,2020-Q3,TP.FINHESTNKS710125.ZP8,"VF.2.9.Vadeli Mevduat, Diğer Finansal Aracılar (Konsolide Stok)",last,11559191.017
bie_finhestnks710125,2020-Q3,TP.FINHESTNKS710125.ZP9,"VF.3.Borçlanma Senetleri, Diğer Finansal Aracılar (Konsolide Stok)",last,2511010.529
bie_finhestnks710125,2020-Q3,TP.FINHESTNKS710125.ZP10,"VF.3.1.Kısa Vadeli Borçlanma Senetleri, Diğer Finansal Aracılar (Konsolide Stok)",last,1441320.0436
bie_finhestnks710125,2020-Q3,TP.FINHESTNKS710125.ZP11,"VF.3.2.Uzun Vadeli Borçlanma Senetleri, Diğer Finansal Aracılar (Konsolide Stok)",last,1069690.4854
bie_finhestnks710125,2020-Q3,TP.FINHESTNKS710125.ZP12,"VF.4.Krediler, Diğer Finansal Aracılar (Konsolide Stok)",last,139189763.5673
bie_finhestnks710125,2020-Q3,TP.FINHESTNKS710125.ZP13,"VF.4.1.Kısa Vadeli Krediler, Diğer Finansal Aracılar (Konsolide Stok)",last,139189763.5673
bie_finhestnks710125,2020-Q3,TP.FINHESTNKS710125.ZP14,"VF.4.2.Uzun Vadeli Krediler, Diğer Finansal Aracılar (Konsolide Stok)",last,0.0
bie_finhestnks710125,2020-Q3,TP.FINHESTNKS710125.ZP15,"VF.5.Hisse Senetleri ve Özkaynaklar, Diğer Finansal Aracılar (Konsolide Stok)",last,3051421.4371
bie_finhestnks710125,2020-Q3,TP.FINHESTNKS710125.ZP16,"VF.5.1.Hisse Senetleri ve Özkaynaklar, Diğer Finansal Aracılar (Konsolide Stok)",last,3051421.4371
bie_finhestnks710125,2020-Q3,TP.FINHESTNKS710125.ZP17,"VF.5.2.Yatırım Fonu Katılma Belgeleri, Diğer Finansal Aracılar (Konsolide Stok)",last,0.0
bie_finhestnks710125,2020-Q3,TP.FINHESTNKS710125.ZP18,"VF.5.2.1.Para Piyasası Fonları, Diğer Finansal Aracılar (Konsolide Stok)",last,0.0
bie_finhestnks710125,2020-Q3,TP.FINHESTNKS710125.ZP19,"VF.5.2.2.Diğer Yatırım Fonları, Diğer Finansal Aracılar (Konsolide Stok)",last,0.0
bie_finhestnks710125,2020-Q3,TP.FINHESTNKS710125.ZP20,"VF.6.Sigorta ve Emeklilik Sözleşmeleri, Diğer Finansal Aracılar (Konsolide Stok)",last,0.0
bie_finhestnks710125,2020-Q3,TP.FINHESTNKS710125.ZP21,"VF.7.Finansal Türevler, Diğer Finansal Aracılar (Konsolide Stok)",last,396218.24
bie_finhestnks710125,2020-Q3,TP.FINHESTNKS710125.ZP22,"VF.8.Diğer Alacaklar, Diğer Finansal Aracılar (Konsolide Stok)",last,18454769.1275
bie_finhestnks710125,2020-Q3,TP.FINHESTNKS710125.ZP23,"VF.0.Toplam Varlıklar, Diğer Finansal Aracılar (Konsolide Stok)",last,178894331.8719
bie_finhestnks710125,2020-Q3,TP.FINHESTNKS710125.ZP24,"F.1.Parasal Altın ve SDR, Diğer Finansal Aracılar (Konsolide Stok)",last,0.0
bie_finhestnks710125,2020-Q3,TP.FINHESTNKS710125.ZP26,"F.1.2.Özel Çekme Hakları (SDR), Diğer Finansal Aracılar (Konsolide Stok)",last,0.0
bie_finhestnks710125,2020-Q3,TP.FINHESTNKS710125.ZP27,"F.2.Para ve Mevduat, Diğer Finansal Aracılar (Konsolide Stok)",last,0.0
bie_finhestnks710125,2020-Q3,TP.FINHESTNKS710125.ZP28,"F.2.1.Para, Diğer Finansal Aracılar (Konsolide Stok)",last,0.0
bie_finhestnks710125,2020-Q3,TP.FINHESTNKS710125.ZP29,"F.2.2.Vadesiz Mevduat, Diğer Finansal Aracılar (Konsolide Stok)",last,0.0
bie_finhestnks710125,2020-Q3,TP.FINHESTNKS710125.ZP30,"F.2.9.Vadeli Mevduat, Diğer Finansal Aracılar (Konsolide Stok)",last,0.0
bie_finhestnks710125,2020-Q3,TP.FINHESTNKS710125.ZP31,"F.3.Borçlanma Senetleri, Diğer Finansal Aracılar (Konsolide Stok)",last,7542217.642
bie_finhestnks710125,2020-Q3,TP.FINHESTNKS710125.ZP32,"F.3.1.Kısa Vadeli Borçlanma Senetleri, Diğer Finansal Aracılar (Konsolide Stok)",last,4827019.2909
bie_finhestnks710125,2020-Q3,TP.FINHESTNKS710125.ZP33,"F.3.2.Uzun Vadeli Borçlanma Senetleri, Diğer Finansal Aracılar (Konsolide Stok)",last,2715198.3511
bie_finhestnks710125,2020-Q3,TP.FINHESTNKS710125.ZP34,"F.4.Krediler, Diğer Finansal Aracılar (Konsolide Stok)",last,106218092.5925
bie_finhestnks710125,2020-Q3,TP.FINHESTNKS710125.ZP35,"F.4.1.Kısa Vadeli Krediler, Diğer Finansal Aracılar (Konsolide Stok)",last,41431156.1111
bie_finhestnks710125,2020-Q3,TP.FINHESTNKS710125.ZP36,"F.4.2.Uzun Vadeli Krediler, Diğer Finansal Aracılar (Konsolide Stok)",last,64786936.4814
bie_finhestnks710125,2020-Q3,TP.FINHESTNKS710125.ZP37,"F.5.Hisse Senetleri ve Özkaynaklar, Diğer Finansal Aracılar (Konsolide Stok)",last,13753537.3634
bie_finhestnks710125,2020-Q3,TP.FINHESTNKS710125.ZP38,"F.5.1.Hisse Senetleri ve Özkaynaklar, Diğer Finansal Aracılar (Konsolide Stok)",last,13753537.3634
bie_finhestnks710125,2020-Q3,TP.FINHESTNKS710125.ZP39,"F.5.2.Yatırım Fonu Katılma Belgeleri, Diğer Finansal Aracılar (Konsolide Stok)",last,0.0
bie_finhestnks710125,2020-Q3,TP.FINHESTNKS710125.ZP40,"F.5.2.1.Para Piyasası Fonları, Diğer Finansal Aracılar (Konsolide Stok)",last,0.0
bie_finhestnks710125,2020-Q3,TP.FINHESTNKS710125.ZP41,"F.5.2.2.Diğer Yatırım Fonları, Diğer Finansal Aracılar (Konsolide Stok)",last,0.0
bie_finhestnks710125,2020-Q3,TP.FINHESTNKS710125.ZP42,"F.6.Sigorta ve Emeklilik Sözleşmeleri, Diğer Finansal Aracılar (Konsolide Stok)",last,0.0
bie_finhestnks710125,2020-Q3,TP.FINHESTNKS710125.ZP43,"F.7.Finansal Türevler, Diğer Finansal Aracılar (Konsolide Stok)",last,12319935.3878
bie_finhestnks710125,2020-Q3,TP.FINHESTNKS710125.ZP44,"F.8.Diğer Borçlar, Diğer Finansal Aracılar (Konsolide Stok)",last,32456837.7365
bie_finhestnks710125,2020-Q3,TP.FINHESTNKS710125.ZP45,"F.0.Toplam Yükümlülükler, Diğer Finansal Aracılar (Konsolide Stok)",last,172290620.7222
bie_finhestnks710125,2020-Q4,TP.FINHESTNKS710125.ZP1,"BF.9.NET FİNANSAL DEĞER, Diğer Finansal Aracılar (Konsolide Stok)",last,24383280.7058
bie_finhestnks710125,2020-Q4,TP.FINHESTNKS710125.ZP2,"VF.1.Parasal Altın ve SDR, Diğer Finansal Aracılar (Konsolide Stok)",last,0.0
bie_finhestnks710125,2020-Q4,TP.FINHESTNKS710125.ZP3,"VF.1.1.Parasal Altın, Diğer Finansal Aracılar (Konsolide Stok)",last,0.0
bie_finhestnks710125,2020-Q4,TP.FINHESTNKS710125.ZP4,"VF.1.2.Özel Çekme Hakları (SDR), Diğer Finansal Aracılar (Konsolide Stok)",last,0.0
bie_finhestnks710125,2020-Q4,TP.FINHESTNKS710125.ZP5,"VF.2.Para ve Mevduat, Diğer Finansal Aracılar (Konsolide Stok)",last,15988232.6568
bie_finhestnks710125,2020-Q4,TP.FINHESTNKS710125.ZP6,"VF.2.1.Para, Diğer Finansal Aracılar (Konsolide Stok)",last,1684.101
bie_finhestnks710125,2020-Q4,TP.FINHESTNKS710125.ZP7,"VF.2.2.Vadesiz Mevduat, Diğer Finansal Aracılar (Konsolide Stok)",last,3517047.2343
bie_finhestnks710125,2020-Q4,TP.FINHESTNKS710125.ZP8,"VF.2.9.Vadeli Mevduat, Diğer Finansal Aracılar (Konsolide Stok)",last,12469501.3215
bie_finhestnks710125,2020-Q4,TP.FINHESTNKS710125.ZP9,"VF.3.Borçlanma Senetleri, Diğer Finansal Aracılar (Konsolide Stok)",last,3232142.377
bie_finhestnks710125,2020-Q4,TP.FINHESTNKS710125.ZP10,"VF.3.1.Kısa Vadeli Borçlanma Senetleri, Diğer Finansal Aracılar (Konsolide Stok)",last,1855249.7244
bie_finhestnks710125,2020-Q4,TP.FINHESTNKS710125.ZP11,"VF.3.2.Uzun Vadeli Borçlanma Senetleri, Diğer Finansal Aracılar (Konsolide Stok)",last,1376892.6526
bie_finhestnks710125,2020-Q4,TP.FINHESTNKS710125.ZP12,"VF.4.Krediler, Diğer Finansal Aracılar (Konsolide Stok)",last,153107931.4
bie_finhestnks710125,2020-Q4,TP.FINHESTNKS710125.ZP13,"VF.4.1.Kısa Vadeli Krediler, Diğer Finansal Aracılar (Konsolide Stok)",last,153107931.4
bie_finhestnks710125,2020-Q4,TP.FINHESTNKS710125.ZP14,"VF.4.2.Uzun Vadeli Krediler, Diğer Finansal Aracılar (Konsolide Stok)",last,0.0
bie_finhestnks710125,2020-Q4,TP.FINHESTNKS710125.ZP15,"VF.5.Hisse Senetleri ve Özkaynaklar, Diğer Finansal Aracılar (Konsolide Stok)",last,4079631.9408
bie_finhestnks710125,2020-Q4,TP.FINHESTNKS710125.ZP16,"VF.5.1.Hisse Senetleri ve Özkaynaklar, Diğer Finansal Aracılar (Konsolide Stok)",last,4079631.9408
bie_finhestnks710125,2020-Q4,TP.FINHESTNKS710125.ZP17,"VF.5.2.Yatırım Fonu Katılma Belgeleri, Diğer Finansal Aracılar (Konsolide Stok)",last,0.0
bie_finhestnks710125,2020-Q4,TP.FINHESTNKS710125.ZP18,"VF.5.2.1.Para Piyasası Fonları, Diğer Finansal Aracılar (Konsolide Stok)",last,0.0
bie_finhestnks710125,2020-Q4,TP.FINHESTNKS710125.ZP19,"VF.5.2.2.Diğer Yatırım Fonları, Diğer Finansal Aracılar (Konsolide Stok)",last,0.0
bie_finhestnks710125,2020-Q4,TP.FINHESTNKS710125.ZP20,"VF.6.Sigorta ve Emeklilik Sözleşmeleri, Diğer Finansal Aracılar (Konsolide Stok)",last,0.0
bie_finhestnks710125,2020-Q4,TP.FINHESTNKS710125.ZP21,"VF.7.Finansal Türevler, Diğer Finansal Aracılar (Konsolide Stok)",last,4961546.3718
bie_finhestnks710125,2020-Q4,TP.FINHESTNKS710125.ZP22,"VF.8.Diğer Alacaklar, Diğer Finansal Aracılar (Konsolide Stok)",last,20979216.1297
bie_finhestnks710125,2020-Q4,TP.FINHESTNKS710125.ZP23,"VF.0.Toplam Varlıklar, Diğer Finansal Aracılar (Konsolide Stok)",last,202348700.8761
bie_finhestnks710125,2020-Q4,TP.FINHESTNKS710125.ZP24,"F.1.Parasal Altın ve SDR, Diğer Finansal Aracılar (Konsolide Stok)",last,0.0
bie_finhestnks710125,2020-Q4,TP.FINHESTNKS710125.ZP26,"F.1.2.Özel Çekme Hakları (SDR), Diğer Finansal Aracılar (Konsolide Stok)",last,0.0
bie_finhestnks710125,2020-Q4,TP.FINHESTNKS710125.ZP27,"F.2.Para ve Mevduat, Diğer Finansal Aracılar (Konsolide Stok)",last,0.0
bie_finhestnks710125,2020-Q4,TP.FINHESTNKS710125.ZP28,"F.2.1.Para, Diğer Finansal Aracılar (Konsolide Stok)",last,0.0
bie_finhestnks710125,2020-Q4,TP.FINHESTNKS710125.ZP29,"F.2.2.Vadesiz Mevduat, Diğer Finansal Aracılar (Konsolide Stok)",last,0.0
bie_finhestnks710125,2020-Q4,TP.FINHESTNKS710125.ZP30,"F.2.9.Vadeli Mevduat, Diğer Finansal Aracılar (Konsolide Stok)",last,0.0
bie_finhestnks710125,2020-Q4,TP.FINHESTNKS710125.ZP31,"F.3.Borçlanma Senetleri, Diğer Finansal Aracılar (Konsolide Stok)",last,9490690.141
bie_finhestnks710125,2020-Q4,TP.FINHESTNKS710125.ZP32,"F.3.1.Kısa Vadeli Borçlanma Senetleri, Diğer Finansal Aracılar (Konsolide Stok)",last,6074041.6902
bie_finhestnks710125,2020-Q4,TP.FINHESTNKS710125.ZP33,"F.3.2.Uzun Vadeli Borçlanma Senetleri, Diğer Finansal Aracılar (Konsolide Stok)",last,3416648.4508
bie_finhestnks710125,2020-Q4,TP.FINHESTNKS710125.ZP34,"F.4.Krediler, Diğer Finansal Aracılar (Konsolide Stok)",last,118577398.0187
bie_finhestnks710125,2020-Q4,TP.FINHESTNKS710125.ZP35,"F.4.1.Kısa Vadeli Krediler, Diğer Finansal Aracılar (Konsolide Stok)",last,46251285.2273
bie_finhestnks710125,2020-Q4,TP.FINHESTNKS710125.ZP36,"F.4.2.Uzun Vadeli Krediler, Diğer Finansal Aracılar (Konsolide Stok)",last,72326112.7914
bie_finhestnks710125,2020-Q4,TP.FINHESTNKS710125.ZP37,"F.5.Hisse Senetleri ve Özkaynaklar, Diğer Finansal Aracılar (Konsolide Stok)",last,13922918.8488
bie_finhestnks710125,2020-Q4,TP.FINHESTNKS710125.ZP38,"F.5.1.Hisse Senetleri ve Özkaynaklar, Diğer Finansal Aracılar (Konsolide Stok)",last,13922918.8488
bie_finhestnks710125,2020-Q4,TP.FINHESTNKS710125.ZP39,"F.5.2.Yatırım Fonu Katılma Belgeleri, Diğer Finansal Aracılar (Konsolide Stok)",last,0.0
bie_finhestnks710125,2020-Q4,TP.FINHESTNKS710125.ZP40,"F.5.2.1.Para Piyasası Fonları, Diğer Finansal Aracılar (Konsolide Stok)",last,0.0
bie_finhestnks710125,2020-Q4,TP.FINHESTNKS710125.ZP41,"F.5.2.2.Diğer Yatırım Fonları, Diğer Finansal Aracılar (Konsolide Stok)",last,0.0
bie_finhestnks710125,2020-Q4,TP.FINHESTNKS710125.ZP42,"F.6.Sigorta ve Emeklilik Sözleşmeleri, Diğer Finansal Aracılar (Konsolide Stok)",last,0.0
bie_finhestnks710125,2020-Q4,TP.FINHESTNKS710125.ZP43,"F.7.Finansal Türevler, Diğer Finansal Aracılar (Konsolide Stok)",last,736960.206
bie_finhestnks710125,2020-Q4,TP.FINHESTNKS710125.ZP44,"F.8.Diğer Borçlar, Diğer Finansal Aracılar (Konsolide Stok)",last,35237452.9558
bie_finhestnks710125,2020-Q4,TP.FINHESTNKS710125.ZP45,"F.0.Toplam Yükümlülükler, Diğer Finansal Aracılar (Konsolide Stok)",last,177965420.1703
bie_finhestnks710125,2021-Q1,TP.FINHESTNKS710125.ZP1,"BF.9.NET FİNANSAL DEĞER, Diğer Finansal Aracılar (Konsolide Stok)",last,21284681.45
bie_finhestnks710125,2021-Q1,TP.FINHESTNKS710125.ZP2,"VF.1.Parasal Altın ve SDR, Diğer Finansal Aracılar (Konsolide Stok)",last,0.0
bie_finhestnks710125,2021-Q1,TP.FINHESTNKS710125.ZP3,"VF.1.1.Parasal Altın, Diğer Finansal Aracılar (Konsolide Stok)",last,0.0
bie_finhestnks710125,2021-Q1,TP.FINHESTNKS710125.ZP4,"VF.1.2.Özel Çekme Hakları (SDR), Diğer Finansal Aracılar (Konsolide Stok)",last,0.0
bie_finhestnks710125,2021-Q1,TP.FINHESTNKS710125.ZP5,"VF.2.Para ve Mevduat, Diğer Finansal Aracılar (Konsolide Stok)",last,20284711.2395
bie_finhestnks710125,2021-Q1,TP.FINHESTNKS710125.ZP6,"VF.2.1.Para, Diğer Finansal Aracılar (Konsolide Stok)",last,3076.079
bie_finhestnks710125,2021-Q1,TP.FINHESTNKS710125.ZP7,"VF.2.2.Vadesiz Mevduat, Diğer Finansal Aracılar (Konsolide Stok)",last,5181921.4769
bie_finhestnks710125,2021-Q1,TP.FINHESTNKS710125.ZP8,"VF.2.9.Vadeli Mevduat, Diğer Finansal Aracılar (Konsolide Stok)",last,15099713.6836
bie_finhestnks710125,2021-Q1,TP.FINHESTNKS710125.ZP9,"VF.3.Borçlanma Senetleri, Diğer Finansal Aracılar (Konsolide Stok)",last,3572814.346
bie_finhestnks710125,2021-Q1,TP.FINHESTNKS710125.ZP10,"VF.3.1.Kısa Vadeli Borçlanma Senetleri, Diğer Finansal Aracılar (Konsolide Stok)",last,2050795.4346
bie_finhestnks710125,2021-Q1,TP.FINHESTNKS710125.ZP11,"VF.3.2.Uzun Vadeli Borçlanma Senetleri, Diğer Finansal Aracılar (Konsolide Stok)",last,1522018.9114
bie_finhestnks710125,2021-Q1,TP.FINHESTNKS710125.ZP12,"VF.4.Krediler, Diğer Finansal Aracılar (Konsolide Stok)",last,159562945.3134
bie_finhestnks710125,2021-Q1,TP.FINHESTNKS710125.ZP13,"VF.4.1.Kısa Vadeli Krediler, Diğer Finansal Aracılar (Konsolide Stok)",last,159562945.3134
bie_finhestnks710125,2021-Q1,TP.FINHESTNKS710125.ZP14,"VF.4.2.Uzun Vadeli Krediler, Diğer Finansal Aracılar (Konsolide Stok)",last,0.0
bie_finhestnks710125,2021-Q1,TP.FINHESTNKS710125.ZP15,"VF.5.Hisse Senetleri ve Özkaynaklar, Diğer Finansal Aracılar (Konsolide Stok)",last,4384459.8008
bie_finhestnks710125,2021-Q1,TP.FINHESTNKS710125.ZP16,"VF.5.1.Hisse Senetleri ve Özkaynaklar, Diğer Finansal Aracılar (Konsolide Stok)",last,4384459.8008
bie_finhestnks710125,2021-Q1,TP.FINHESTNKS710125.ZP17,"VF.5.2.Yatırım Fonu Katılma Belgeleri, Diğer Finansal Aracılar (Konsolide Stok)",last,0.0
bie_finhestnks710125,2021-Q1,TP.FINHESTNKS710125.ZP18,"VF.5.2.1.Para Piyasası Fonları, Diğer Finansal Aracılar (Konsolide Stok)",last,0.0
bie_finhestnks710125,2021-Q1,TP.FINHESTNKS710125.ZP19,"VF.5.2.2.Diğer Yatırım Fonları, Diğer Finansal Aracılar (Konsolide Stok)",last,0.0
bie_finhestnks710125,2021-Q1,TP.FINHESTNKS710125.ZP20,"VF.6.Sigorta ve Emeklilik Sözleşmeleri, Diğer Finansal Aracılar (Konsolide Stok)",last,0.0
bie_finhestnks710125,2021-Q1,TP.FINHESTNKS710125.ZP21,"VF.7.Finansal Türevler, Diğer Finansal Aracılar (Konsolide Stok)",last,448881.841
bie_finhestnks710125,2021-Q1,TP.FINHESTNKS710125.ZP22,"VF.8.Diğer Alacaklar, Diğer Finansal Aracılar (Konsolide Stok)",last,21413129.0238
bie_finhestnks710125,2021-Q1,TP.FINHESTNKS710125.ZP23,"VF.0.Toplam Varlıklar, Diğer Finansal Aracılar (Konsolide Stok)",last,209666941.5645
bie_finhestnks710125,2021-Q1,TP.FINHESTNKS710125.ZP24,"F.1.Parasal Altın ve SDR, Diğer Finansal Aracılar (Konsolide Stok)",last,0.0
bie_finhestnks710125,2021-Q1,TP.FINHESTNKS710125.ZP26,"F.1.2.Özel Çekme Hakları (SDR), Diğer Finansal Aracılar (Konsolide Stok)",last,0.0
bie_finhestnks710125,2021-Q1,TP.FINHESTNKS710125.ZP27,"F.2.Para ve Mevduat, Diğer Finansal Aracılar (Konsolide Stok)",last,0.0
bie_finhestnks710125,2021-Q1,TP.FINHESTNKS710125.ZP28,"F.2.1.Para, Diğer Finansal Aracılar (Konsolide Stok)",last,0.0
bie_finhestnks710125,2021-Q1,TP.FINHESTNKS710125.ZP29,"F.2.2.Vadesiz Mevduat, Diğer Finansal Aracılar (Konsolide Stok)",last,0.0
bie_finhestnks710125,2021-Q1,TP.FINHESTNKS710125.ZP30,"F.2.9.Vadeli Mevduat, Diğer Finansal Aracılar (Konsolide Stok)",last,0.0
bie_finhestnks710125,2021-Q1,TP.FINHESTNKS710125.ZP31,"F.3.Borçlanma Senetleri, Diğer Finansal Aracılar (Konsolide Stok)",last,10921804.956
bie_finhestnks710125,2021-Q1,TP.FINHESTNKS710125.ZP32,"F.3.1.Kısa Vadeli Borçlanma Senetleri, Diğer Finansal Aracılar (Konsolide Stok)",last,6989955.1718
bie_finhestnks710125,2021-Q1,TP.FINHESTNKS710125.ZP33,"F.3.2.Uzun Vadeli Borçlanma Senetleri, Diğer Finansal Aracılar (Konsolide Stok)",last,3931849.7842
bie_finhestnks710125,2021-Q1,TP.FINHESTNKS710125.ZP34,"F.4.Krediler, Diğer Finansal Aracılar (Konsolide Stok)",last,123156731.1684
bie_finhestnks710125,2021-Q1,TP.FINHESTNKS710125.ZP35,"F.4.1.Kısa Vadeli Krediler, Diğer Finansal Aracılar (Konsolide Stok)",last,48031125.1557
bie_finhestnks710125,2021-Q1,TP.FINHESTNKS710125.ZP36,"F.4.2.Uzun Vadeli Krediler, Diğer Finansal Aracılar (Konsolide Stok)",last,75125606.0127
bie_finhestnks710125,2021-Q1,TP.FINHESTNKS710125.ZP37,"F.5.Hisse Senetleri ve Özkaynaklar, Diğer Finansal Aracılar (Konsolide Stok)",last,13688182.0198
bie_finhestnks710125,2021-Q1,TP.FINHESTNKS710125.ZP38,"F.5.1.Hisse Senetleri ve Özkaynaklar, Diğer Finansal Aracılar (Konsolide Stok)",last,13688182.0198
bie_finhestnks710125,2021-Q1,TP.FINHESTNKS710125.ZP39,"F.5.2.Yatırım Fonu Katılma Belgeleri, Diğer Finansal Aracılar (Konsolide Stok)",last,0.0
bie_finhestnks710125,2021-Q1,TP.FINHESTNKS710125.ZP40,"F.5.2.1.Para Piyasası Fonları, Diğer Finansal Aracılar (Konsolide Stok)",last,0.0
bie_finhestnks710125,2021-Q1,TP.FINHESTNKS710125.ZP41,"F.5.2.2.Diğer Yatırım Fonları, Diğer Finansal Aracılar (Konsolide Stok)",last,0.0
bie_finhestnks710125,2021-Q1,TP.FINHESTNKS710125.ZP42,"F.6.Sigorta ve Emeklilik Sözleşmeleri, Diğer Finansal Aracılar (Konsolide Stok)",last,0.0
bie_finhestnks710125,2021-Q1,TP.FINHESTNKS710125.ZP43,"F.7.Finansal Türevler, Diğer Finansal Aracılar (Konsolide Stok)",last,898320.757
bie_finhestnks710125,2021-Q1,TP.FINHESTNKS710125.ZP44,"F.8.Diğer Borçlar, Diğer Finansal Aracılar (Konsolide Stok)",last,39717221.2133
bie_finhestnks710125,2021-Q1,TP.FINHESTNKS710125.ZP45,"F.0.Toplam Yükümlülükler, Diğer Finansal Aracılar (Konsolide Stok)",last,188382260.1145
bie_finhestnks710125,2021-Q2,TP.FINHESTNKS710125.ZP1,"BF.9.NET FİNANSAL DEĞER, Diğer Finansal Aracılar (Konsolide Stok)",last,20893983.9807
bie_finhestnks710125,2021-Q2,TP.FINHESTNKS710125.ZP2,"VF.1.Parasal Altın ve SDR, Diğer Finansal Aracılar (Konsolide Stok)",last,0.0
bie_finhestnks710125,2021-Q2,TP.FINHESTNKS710125.ZP3,"VF.1.1.Parasal Altın, Diğer Finansal Aracılar (Konsolide Stok)",last,0.0
bie_finhestnks710125,2021-Q2,TP.FINHESTNKS710125.ZP4,"VF.1.2.Özel Çekme Hakları (SDR), Diğer Finansal Aracılar (Konsolide Stok)",last,0.0
bie_finhestnks710125,2021-Q2,TP.FINHESTNKS710125.ZP5,"VF.2.Para ve Mevduat, Diğer Finansal Aracılar (Konsolide Stok)",last,21837920.4852
bie_finhestnks710125,2021-Q2,TP.FINHESTNKS710125.ZP6,"VF.2.1.Para, Diğer Finansal Aracılar (Konsolide Stok)",last,1894.697
bie_finhestnks710125,2021-Q2,TP.FINHESTNKS710125.ZP7,"VF.2.2.Vadesiz Mevduat, Diğer Finansal Aracılar (Konsolide Stok)",last,5366403.6138
bie_finhestnks710125,2021-Q2,TP.FINHESTNKS710125.ZP8,"VF.2.9.Vadeli Mevduat, Diğer Finansal Aracılar (Konsolide Stok)",last,16469622.1744
bie_finhestnks710125,2021-Q2,TP.FINHESTNKS710125.ZP9,"VF.3.Borçlanma Senetleri, Diğer Finansal Aracılar (Konsolide Stok)",last,3530894.475
bie_finhestnks710125,2021-Q2,TP.FINHESTNKS710125.ZP10,"VF.3.1.Kısa Vadeli Borçlanma Senetleri, Diğer Finansal Aracılar (Konsolide Stok)",last,2026733.4287
bie_finhestnks710125,2021-Q2,TP.FINHESTNKS710125.ZP11,"VF.3.2.Uzun Vadeli Borçlanma Senetleri, Diğer Finansal Aracılar (Konsolide Stok)",last,1504161.0464
bie_finhestnks710125,2021-Q2,TP.FINHESTNKS710125.ZP12,"VF.4.Krediler, Diğer Finansal Aracılar (Konsolide Stok)",last,169324198.1769
bie_finhestnks710125,2021-Q2,TP.FINHESTNKS710125.ZP13,"VF.4.1.Kısa Vadeli Krediler, Diğer Finansal Aracılar (Konsolide Stok)",last,169324198.1769
bie_finhestnks710125,2021-Q2,TP.FINHESTNKS710125.ZP14,"VF.4.2.Uzun Vadeli Krediler, Diğer Finansal Aracılar (Konsolide Stok)",last,0.0
bie_finhestnks710125,2021-Q2,TP.FINHESTNKS710125.ZP15,"VF.5.Hisse Senetleri ve Özkaynaklar, Diğer Finansal Aracılar (Konsolide Stok)",last,4378613.8416
bie_finhestnks710125,2021-Q2,TP.FINHESTNKS710125.ZP16,"VF.5.1.Hisse Senetleri ve Özkaynaklar, Diğer Finansal Aracılar (Konsolide Stok)",last,4378613.8416
bie_finhestnks710125,2021-Q2,TP.FINHESTNKS710125.ZP17,"VF.5.2.Yatırım Fonu Katılma Belgeleri, Diğer Finansal Aracılar (Konsolide Stok)",last,0.0
bie_finhestnks710125,2021-Q2,TP.FINHESTNKS710125.ZP18,"VF.5.2.1.Para Piyasası Fonları, Diğer Finansal Aracılar (Konsolide Stok)",last,0.0
bie_finhestnks710125,2021-Q2,TP.FINHESTNKS710125.ZP19,"VF.5.2.2.Diğer Yatırım Fonları, Diğer Finansal Aracılar (Konsolide Stok)",last,0.0
bie_finhestnks710125,2021-Q2,TP.FINHESTNKS710125.ZP20,"VF.6.Sigorta ve Emeklilik Sözleşmeleri, Diğer Finansal Aracılar (Konsolide Stok)",last,0.0
bie_finhestnks710125,2021-Q2,TP.FINHESTNKS710125.ZP21,"VF.7.Finansal Türevler, Diğer Finansal Aracılar (Konsolide Stok)",last,388540.336
bie_finhestnks710125,2021-Q2,TP.FINHESTNKS710125.ZP22,"VF.8.Diğer Alacaklar, Diğer Finansal Aracılar (Konsolide Stok)",last,21093331.7704
bie_finhestnks710125,2021-Q2,TP.FINHESTNKS710125.ZP23,"VF.0.Toplam Varlıklar, Diğer Finansal Aracılar (Konsolide Stok)",last,220553499.0851
bie_finhestnks710125,2021-Q2,TP.FINHESTNKS710125.ZP24,"F.1.Parasal Altın ve SDR, Diğer Finansal Aracılar (Konsolide Stok)",last,0.0
bie_finhestnks710125,2021-Q2,TP.FINHESTNKS710125.ZP26,"F.1.2.Özel Çekme Hakları (SDR), Diğer Finansal Aracılar (Konsolide Stok)",last,0.0
bie_finhestnks710125,2021-Q2,TP.FINHESTNKS710125.ZP27,"F.2.Para ve Mevduat, Diğer Finansal Aracılar (Konsolide Stok)",last,0.0
bie_finhestnks710125,2021-Q2,TP.FINHESTNKS710125.ZP28,"F.2.1.Para, Diğer Finansal Aracılar (Konsolide Stok)",last,0.0
bie_finhestnks710125,2021-Q2,TP.FINHESTNKS710125.ZP29,"F.2.2.Vadesiz Mevduat, Diğer Finansal Aracılar (Konsolide Stok)",last,0.0
bie_finhestnks710125,2021-Q2,TP.FINHESTNKS710125.ZP30,"F.2.9.Vadeli Mevduat, Diğer Finansal Aracılar (Konsolide Stok)",last,0.0
bie_finhestnks710125,2021-Q2,TP.FINHESTNKS710125.ZP31,"F.3.Borçlanma Senetleri, Diğer Finansal Aracılar (Konsolide Stok)",last,15669385.124
bie_finhestnks710125,2021-Q2,TP.FINHESTNKS710125.ZP32,"F.3.1.Kısa Vadeli Borçlanma Senetleri, Diğer Finansal Aracılar (Konsolide Stok)",last,10028406.4794
bie_finhestnks710125,2021-Q2,TP.FINHESTNKS710125.ZP33,"F.3.2.Uzun Vadeli Borçlanma Senetleri, Diğer Finansal Aracılar (Konsolide Stok)",last,5640978.6446
bie_finhestnks710125,2021-Q2,TP.FINHESTNKS710125.ZP34,"F.4.Krediler, Diğer Finansal Aracılar (Konsolide Stok)",last,131625986.4683
bie_finhestnks710125,2021-Q2,TP.FINHESTNKS710125.ZP35,"F.4.1.Kısa Vadeli Krediler, Diğer Finansal Aracılar (Konsolide Stok)",last,51334134.7226
bie_finhestnks710125,2021-Q2,TP.FINHESTNKS710125.ZP36,"F.4.2.Uzun Vadeli Krediler, Diğer Finansal Aracılar (Konsolide Stok)",last,80291851.7457
bie_finhestnks710125,2021-Q2,TP.FINHESTNKS710125.ZP37,"F.5.Hisse Senetleri ve Özkaynaklar, Diğer Finansal Aracılar (Konsolide Stok)",last,15038588.1736
bie_finhestnks710125,2021-Q2,TP.FINHESTNKS710125.ZP38,"F.5.1.Hisse Senetleri ve Özkaynaklar, Diğer Finansal Aracılar (Konsolide Stok)",last,15038588.1736
bie_finhestnks710125,2021-Q2,TP.FINHESTNKS710125.ZP39,"F.5.2.Yatırım Fonu Katılma Belgeleri, Diğer Finansal Aracılar (Konsolide Stok)",last,0.0
bie_finhestnks710125,2021-Q2,TP.FINHESTNKS710125.ZP40,"F.5.2.1.Para Piyasası Fonları, Diğer Finansal Aracılar (Konsolide Stok)",last,0.0
bie_finhestnks710125,2021-Q2,TP.FINHESTNKS710125.ZP41,"F.5.2.2.Diğer Yatırım Fonları, Diğer Finansal Aracılar (Konsolide Stok)",last,0.0
bie_finhestnks710125,2021-Q2,TP.FINHESTNKS710125.ZP42,"F.6.Sigorta ve Emeklilik Sözleşmeleri, Diğer Finansal Aracılar (Konsolide Stok)",last,0.0
bie_finhestnks710125,2021-Q2,TP.FINHESTNKS710125.ZP43,"F.7.Finansal Türevler, Diğer Finansal Aracılar (Konsolide Stok)",last,539511.161
bie_finhestnks710125,2021-Q2,TP.FINHESTNKS710125.ZP44,"F.8.Diğer Borçlar, Diğer Finansal Aracılar (Konsolide Stok)",last,36786044.1775
bie_finhestnks710125,2021-Q2,TP.FINHESTNKS710125.ZP45,"F.0.Toplam Yükümlülükler, Diğer Finansal Aracılar (Konsolide Stok)",last,199659515.1044
bie_finhestnks710125,2021-Q3,TP.FINHESTNKS710125.ZP1,"BF.9.NET FİNANSAL DEĞER, Diğer Finansal Aracılar (Konsolide Stok)",last,22259553.5688
bie_finhestnks710125,2021-Q3,TP.FINHESTNKS710125.ZP2,"VF.1.Parasal Altın ve SDR, Diğer Finansal Aracılar (Konsolide Stok)",last,0.0
bie_finhestnks710125,2021-Q3,TP.FINHESTNKS710125.ZP3,"VF.1.1.Parasal Altın, Diğer Finansal Aracılar (Konsolide Stok)",last,0.0
bie_finhestnks710125,2021-Q3,TP.FINHESTNKS710125.ZP4,"VF.1.2.Özel Çekme Hakları (SDR), Diğer Finansal Aracılar (Konsolide Stok)",last,0.0
bie_finhestnks710125,2021-Q3,TP.FINHESTNKS710125.ZP5,"VF.2.Para ve Mevduat, Diğer Finansal Aracılar (Konsolide Stok)",last,21273374.5819
bie_finhestnks710125,2021-Q3,TP.FINHESTNKS710125.ZP6,"VF.2.1.Para, Diğer Finansal Aracılar (Konsolide Stok)",last,2410.938
bie_finhestnks710125,2021-Q3,TP.FINHESTNKS710125.ZP7,"VF.2.2.Vadesiz Mevduat, Diğer Finansal Aracılar (Konsolide Stok)",last,5204575.1676
bie_finhestnks710125,2021-Q3,TP.FINHESTNKS710125.ZP8,"VF.2.9.Vadeli Mevduat, Diğer Finansal Aracılar (Konsolide Stok)",last,16066388.4763
bie_finhestnks710125,2021-Q3,TP.FINHESTNKS710125.ZP9,"VF.3.Borçlanma Senetleri, Diğer Finansal Aracılar (Konsolide Stok)",last,3149875.519
bie_finhestnks710125,2021-Q3,TP.FINHESTNKS710125.ZP10,"VF.3.1.Kısa Vadeli Borçlanma Senetleri, Diğer Finansal Aracılar (Konsolide Stok)",last,1808028.5479
bie_finhestnks710125,2021-Q3,TP.FINHESTNKS710125.ZP11,"VF.3.2.Uzun Vadeli Borçlanma Senetleri, Diğer Finansal Aracılar (Konsolide Stok)",last,1341846.9711
bie_finhestnks710125,2021-Q3,TP.FINHESTNKS710125.ZP12,"VF.4.Krediler, Diğer Finansal Aracılar (Konsolide Stok)",last,172256009.9336
bie_finhestnks710125,2021-Q3,TP.FINHESTNKS710125.ZP13,"VF.4.1.Kısa Vadeli Krediler, Diğer Finansal Aracılar (Konsolide Stok)",last,172256009.9336
bie_finhestnks710125,2021-Q3,TP.FINHESTNKS710125.ZP14,"VF.4.2.Uzun Vadeli Krediler, Diğer Finansal Aracılar (Konsolide Stok)",last,0.0
bie_finhestnks710125,2021-Q3,TP.FINHESTNKS710125.ZP15,"VF.5.Hisse Senetleri ve Özkaynaklar, Diğer Finansal Aracılar (Konsolide Stok)",last,4474222.6614
bie_finhestnks710125,2021-Q3,TP.FINHESTNKS710125.ZP16,"VF.5.1.Hisse Senetleri ve Özkaynaklar, Diğer Finansal Aracılar (Konsolide Stok)",last,4474222.6614
bie_finhestnks710125,2021-Q3,TP.FINHESTNKS710125.ZP17,"VF.5.2.Yatırım Fonu Katılma Belgeleri, Diğer Finansal Aracılar (Konsolide Stok)",last,0.0
bie_finhestnks710125,2021-Q3,TP.FINHESTNKS710125.ZP18,"VF.5.2.1.Para Piyasası Fonları, Diğer Finansal Aracılar (Konsolide Stok)",last,0.0
bie_finhestnks710125,2021-Q3,TP.FINHESTNKS710125.ZP19,"VF.5.2.2.Diğer Yatırım Fonları, Diğer Finansal Aracılar (Konsolide Stok)",last,0.0
bie_finhestnks710125,2021-Q3,TP.FINHESTNKS710125.ZP20,"VF.6.Sigorta ve Emeklilik Sözleşmeleri, Diğer Finansal Aracılar (Konsolide Stok)",last,0.0
bie_finhestnks710125,2021-Q3,TP.FINHESTNKS710125.ZP21,"VF.7.Finansal Türevler, Diğer Finansal Aracılar (Konsolide Stok)",last,382607.651
bie_finhestnks710125,2021-Q3,TP.FINHESTNKS710125.ZP22,"VF.8.Diğer Alacaklar, Diğer Finansal Aracılar (Konsolide Stok)",last,20704310.5059
bie_finhestnks710125,2021-Q3,TP.FINHESTNKS710125.ZP23,"VF.0.Toplam Varlıklar, Diğer Finansal Aracılar (Konsolide Stok)",last,222240400.8528
bie_finhestnks710125,2021-Q3,TP.FINHESTNKS710125.ZP24,"F.1.Parasal Altın ve SDR, Diğer Finansal Aracılar (Konsolide Stok)",last,0.0
bie_finhestnks710125,2021-Q3,TP.FINHESTNKS710125.ZP26,"F.1.2.Özel Çekme Hakları (SDR), Diğer Finansal Aracılar (Konsolide Stok)",last,0.0
bie_finhestnks710125,2021-Q3,TP.FINHESTNKS710125.ZP27,"F.2.Para ve Mevduat, Diğer Finansal Aracılar (Konsolide Stok)",last,0.0
bie_finhestnks710125,2021-Q3,TP.FINHESTNKS710125.ZP28,"F.2.1.Para, Diğer Finansal Aracılar (Konsolide Stok)",last,0.0
bie_finhestnks710125,2021-Q3,TP.FINHESTNKS710125.ZP29,"F.2.2.Vadesiz Mevduat, Diğer Finansal Aracılar (Konsolide Stok)",last,0.0
bie_finhestnks710125,2021-Q3,TP.FINHESTNKS710125.ZP30,"F.2.9.Vadeli Mevduat, Diğer Finansal Aracılar (Konsolide Stok)",last,0.0
bie_finhestnks710125,2021-Q3,TP.FINHESTNKS710125.ZP31,"F.3.Borçlanma Senetleri, Diğer Finansal Aracılar (Konsolide Stok)",last,16545524.007
bie_finhestnks710125,2021-Q3,TP.FINHESTNKS710125.ZP32,"F.3.1.Kısa Vadeli Borçlanma Senetleri, Diğer Finansal Aracılar (Konsolide Stok)",last,10589135.3645
bie_finhestnks710125,2021-Q3,TP.FINHESTNKS710125.ZP33,"F.3.2.Uzun Vadeli Borçlanma Senetleri, Diğer Finansal Aracılar (Konsolide Stok)",last,5956388.6425
bie_finhestnks710125,2021-Q3,TP.FINHESTNKS710125.ZP34,"F.4.Krediler, Diğer Finansal Aracılar (Konsolide Stok)",last,130302415.0647
bie_finhestnks710125,2021-Q3,TP.FINHESTNKS710125.ZP35,"F.4.1.Kısa Vadeli Krediler, Diğer Finansal Aracılar (Konsolide Stok)",last,50820991.8752
bie_finhestnks710125,2021-Q3,TP.FINHESTNKS710125.ZP36,"F.4.2.Uzun Vadeli Krediler, Diğer Finansal Aracılar (Konsolide Stok)",last,79481423.1895
bie_finhestnks710125,2021-Q3,TP.FINHESTNKS710125.ZP37,"F.5.Hisse Senetleri ve Özkaynaklar, Diğer Finansal Aracılar (Konsolide Stok)",last,15307200.3094
bie_finhestnks710125,2021-Q3,TP.FINHESTNKS710125.ZP38,"F.5.1.Hisse Senetleri ve Özkaynaklar, Diğer Finansal Aracılar (Konsolide Stok)",last,15307200.3094
bie_finhestnks710125,2021-Q3,TP.FINHESTNKS710125.ZP39,"F.5.2.Yatırım Fonu Katılma Belgeleri, Diğer Finansal Aracılar (Konsolide Stok)",last,0.0
bie_finhestnks710125,2021-Q3,TP.FINHESTNKS710125.ZP40,"F.5.2.1.Para Piyasası Fonları, Diğer Finansal Aracılar (Konsolide Stok)",last,0.0
bie_finhestnks710125,2021-Q3,TP.FINHESTNKS710125.ZP41,"F.5.2.2.Diğer Yatırım Fonları, Diğer Finansal Aracılar (Konsolide Stok)",last,0.0
bie_finhestnks710125,2021-Q3,TP.FINHESTNKS710125.ZP42,"F.6.Sigorta ve Emeklilik Sözleşmeleri, Diğer Finansal Aracılar (Konsolide Stok)",last,0.0
bie_finhestnks710125,2021-Q3,TP.FINHESTNKS710125.ZP43,"F.7.Finansal Türevler, Diğer Finansal Aracılar (Konsolide Stok)",last,597557.255
bie_finhestnks710125,2021-Q3,TP.FINHESTNKS710125.ZP44,"F.8.Diğer Borçlar, Diğer Finansal Aracılar (Konsolide Stok)",last,37228150.648
bie_finhestnks710125,2021-Q3,TP.FINHESTNKS710125.ZP45,"F.0.Toplam Yükümlülükler, Diğer Finansal Aracılar (Konsolide Stok)",last,199980847.284
bie_finhestnks710125,2021-Q4,TP.FINHESTNKS710125.ZP1,"BF.9.NET FİNANSAL DEĞER, Diğer Finansal Aracılar (Konsolide Stok)",last,21183428.1477
bie_finhestnks710125,2021-Q4,TP.FINHESTNKS710125.ZP2,"VF.1.Parasal Altın ve SDR, Diğer Finansal Aracılar (Konsolide Stok)",last,0.0
bie_finhestnks710125,2021-Q4,TP.FINHESTNKS710125.ZP3,"VF.1.1.Parasal Altın, Diğer Finansal Aracılar (Konsolide Stok)",last,0.0
bie_finhestnks710125,2021-Q4,TP.FINHESTNKS710125.ZP4,"VF.1.2.Özel Çekme Hakları (SDR), Diğer Finansal Aracılar (Konsolide Stok)",last,0.0
bie_finhestnks710125,2021-Q4,TP.FINHESTNKS710125.ZP5,"VF.2.Para ve Mevduat, Diğer Finansal Aracılar (Konsolide Stok)",last,25891281.401
bie_finhestnks710125,2021-Q4,TP.FINHESTNKS710125.ZP6,"VF.2.1.Para, Diğer Finansal Aracılar (Konsolide Stok)",last,1262.684
bie_finhestnks710125,2021-Q4,TP.FINHESTNKS710125.ZP7,"VF.2.2.Vadesiz Mevduat, Diğer Finansal Aracılar (Konsolide Stok)",last,7175222.2364
bie_finhestnks710125,2021-Q4,TP.FINHESTNKS710125.ZP8,"VF.2.9.Vadeli Mevduat, Diğer Finansal Aracılar (Konsolide Stok)",last,18714796.4807
bie_finhestnks710125,2021-Q4,TP.FINHESTNKS710125.ZP9,"VF.3.Borçlanma Senetleri, Diğer Finansal Aracılar (Konsolide Stok)",last,4061515.121
bie_finhestnks710125,2021-Q4,TP.FINHESTNKS710125.ZP10,"VF.3.1.Kısa Vadeli Borçlanma Senetleri, Diğer Finansal Aracılar (Konsolide Stok)",last,2331309.6795
bie_finhestnks710125,2021-Q4,TP.FINHESTNKS710125.ZP11,"VF.3.2.Uzun Vadeli Borçlanma Senetleri, Diğer Finansal Aracılar (Konsolide Stok)",last,1730205.4415
bie_finhestnks710125,2021-Q4,TP.FINHESTNKS710125.ZP12,"VF.4.Krediler, Diğer Finansal Aracılar (Konsolide Stok)",last,211444761.2606
bie_finhestnks710125,2021-Q4,TP.FINHESTNKS710125.ZP13,"VF.4.1.Kısa Vadeli Krediler, Diğer Finansal Aracılar (Konsolide Stok)",last,211444761.2606
bie_finhestnks710125,2021-Q4,TP.FINHESTNKS710125.ZP14,"VF.4.2.Uzun Vadeli Krediler, Diğer Finansal Aracılar (Konsolide Stok)",last,0.0
bie_finhestnks710125,2021-Q4,TP.FINHESTNKS710125.ZP15,"VF.5.Hisse Senetleri ve Özkaynaklar, Diğer Finansal Aracılar (Konsolide Stok)",last,8102599.5666
bie_finhestnks710125,2021-Q4,TP.FINHESTNKS710125.ZP16,"VF.5.1.Hisse Senetleri ve Özkaynaklar, Diğer Finansal Aracılar (Konsolide Stok)",last,8102599.5666
bie_finhestnks710125,2021-Q4,TP.FINHESTNKS710125.ZP17,"VF.5.2.Yatırım Fonu Katılma Belgeleri, Diğer Finansal Aracılar (Konsolide Stok)",last,0.0
bie_finhestnks710125,2021-Q4,TP.FINHESTNKS710125.ZP18,"VF.5.2.1.Para Piyasası Fonları, Diğer Finansal Aracılar (Konsolide Stok)",last,0.0
bie_finhestnks710125,2021-Q4,TP.FINHESTNKS710125.ZP19,"VF.5.2.2.Diğer Yatırım Fonları, Diğer Finansal Aracılar (Konsolide Stok)",last,0.0
bie_finhestnks710125,2021-Q4,TP.FINHESTNKS710125.ZP20,"VF.6.Sigorta ve Emeklilik Sözleşmeleri, Diğer Finansal Aracılar (Konsolide Stok)",last,0.0
bie_finhestnks710125,2021-Q4,TP.FINHESTNKS710125.ZP21,"VF.7.Finansal Türevler, Diğer Finansal Aracılar (Konsolide Stok)",last,1126221.02
bie_finhestnks710125,2021-Q4,TP.FINHESTNKS710125.ZP22,"VF.8.Diğer Alacaklar, Diğer Finansal Aracılar (Konsolide Stok)",last,27382532.1207
bie_finhestnks710125,2021-Q4,TP.FINHESTNKS710125.ZP23,"VF.0.Toplam Varlıklar, Diğer Finansal Aracılar (Konsolide Stok)",last,278008910.4899
bie_finhestnks710125,2021-Q4,TP.FINHESTNKS710125.ZP24,"F.1.Parasal Altın ve SDR, Diğer Finansal Aracılar (Konsolide Stok)",last,0.0
bie_finhestnks710125,2021-Q4,TP.FINHESTNKS710125.ZP26,"F.1.2.Özel Çekme Hakları (SDR), Diğer Finansal Aracılar (Konsolide Stok)",last,0.0
bie_finhestnks710125,2021-Q4,TP.FINHESTNKS710125.ZP27,"F.2.Para ve Mevduat, Diğer Finansal Aracılar (Konsolide Stok)",last,0.0
bie_finhestnks710125,2021-Q4,TP.FINHESTNKS710125.ZP28,"F.2.1.Para, Diğer Finansal Aracılar (Konsolide Stok)",last,0.0
bie_finhestnks710125,2021-Q4,TP.FINHESTNKS710125.ZP29,"F.2.2.Vadesiz Mevduat, Diğer Finansal Aracılar (Konsolide Stok)",last,0.0
bie_finhestnks710125,2021-Q4,TP.FINHESTNKS710125.ZP30,"F.2.9.Vadeli Mevduat, Diğer Finansal Aracılar (Konsolide Stok)",last,0.0
bie_finhestnks710125,2021-Q4,TP.FINHESTNKS710125.ZP31,"F.3.Borçlanma Senetleri, Diğer Finansal Aracılar (Konsolide Stok)",last,18688767.38
bie_finhestnks710125,2021-Q4,TP.FINHESTNKS710125.ZP32,"F.3.1.Kısa Vadeli Borçlanma Senetleri, Diğer Finansal Aracılar (Konsolide Stok)",last,11960811.1232
bie_finhestnks710125,2021-Q4,TP.FINHESTNKS710125.ZP33,"F.3.2.Uzun Vadeli Borçlanma Senetleri, Diğer Finansal Aracılar (Konsolide Stok)",last,6727956.2568
bie_finhestnks710125,2021-Q4,TP.FINHESTNKS710125.ZP34,"F.4.Krediler, Diğer Finansal Aracılar (Konsolide Stok)",last,171214652.9489
bie_finhestnks710125,2021-Q4,TP.FINHESTNKS710125.ZP35,"F.4.1.Kısa Vadeli Krediler, Diğer Finansal Aracılar (Konsolide Stok)",last,66773714.6501
bie_finhestnks710125,2021-Q4,TP.FINHESTNKS710125.ZP36,"F.4.2.Uzun Vadeli Krediler, Diğer Finansal Aracılar (Konsolide Stok)",last,104440938.2988
bie_finhestnks710125,2021-Q4,TP.FINHESTNKS710125.ZP37,"F.5.Hisse Senetleri ve Özkaynaklar, Diğer Finansal Aracılar (Konsolide Stok)",last,15903184.7146
bie_finhestnks710125,2021-Q4,TP.FINHESTNKS710125.ZP38,"F.5.1.Hisse Senetleri ve Özkaynaklar, Diğer Finansal Aracılar (Konsolide Stok)",last,15903184.7146
bie_finhestnks710125,2021-Q4,TP.FINHESTNKS710125.ZP39,"F.5.2.Yatırım Fonu Katılma Belgeleri, Diğer Finansal Aracılar (Konsolide Stok)",last,0.0
bie_finhestnks710125,2021-Q4,TP.FINHESTNKS710125.ZP40,"F.5.2.1.Para Piyasası Fonları, Diğer Finansal Aracılar (Konsolide Stok)",last,0.0
bie_finhestnks710125,2021-Q4,TP.FINHESTNKS710125.ZP41,"F.5.2.2.Diğer Yatırım Fonları, Diğer Finansal Aracılar (Konsolide Stok)",last,0.0
bie_finhestnks710125,2021-Q4,TP.FINHESTNKS710125.ZP42,"F.6.Sigorta ve Emeklilik Sözleşmeleri, Diğer Finansal Aracılar (Konsolide Stok)",last,0.0
bie_finhestnks710125,2021-Q4,TP.FINHESTNKS710125.ZP43,"F.7.Finansal Türevler, Diğer Finansal Aracılar (Konsolide Stok)",last,2385818.859
bie_finhestnks710125,2021-Q4,TP.FINHESTNKS710125.ZP44,"F.8.Diğer Borçlar, Diğer Finansal Aracılar (Konsolide Stok)",last,48633058.4397
bie_finhestnks710125,2021-Q4,TP.FINHESTNKS710125.ZP45,"F.0.Toplam Yükümlülükler, Diğer Finansal Aracılar (Konsolide Stok)",last,256825482.3422
bie_finhestnks710125,2022-Q1,TP.FINHESTNKS710125.ZP1,"BF.9.NET FİNANSAL DEĞER, Diğer Finansal Aracılar (Konsolide Stok)",last,23659097.914
bie_finhestnks710125,2022-Q1,TP.FINHESTNKS710125.ZP2,"VF.1.Parasal Altın ve SDR, Diğer Finansal Aracılar (Konsolide Stok)",last,0.0
bie_finhestnks710125,2022-Q1,TP.FINHESTNKS710125.ZP3,"VF.1.1.Parasal Altın, Diğer Finansal Aracılar (Konsolide Stok)",last,0.0
bie_finhestnks710125,2022-Q1,TP.FINHESTNKS710125.ZP4,"VF.1.2.Özel Çekme Hakları (SDR), Diğer Finansal Aracılar (Konsolide Stok)",last,0.0
bie_finhestnks710125,2022-Q1,TP.FINHESTNKS710125.ZP5,"VF.2.Para ve Mevduat, Diğer Finansal Aracılar (Konsolide Stok)",last,27320799.8039
bie_finhestnks710125,2022-Q1,TP.FINHESTNKS710125.ZP6,"VF.2.1.Para, Diğer Finansal Aracılar (Konsolide Stok)",last,2072.463
bie_finhestnks710125,2022-Q1,TP.FINHESTNKS710125.ZP7,"VF.2.2.Vadesiz Mevduat, Diğer Finansal Aracılar (Konsolide Stok)",last,8596550.9013
bie_finhestnks710125,2022-Q1,TP.FINHESTNKS710125.ZP8,"VF.2.9.Vadeli Mevduat, Diğer Finansal Aracılar (Konsolide Stok)",last,18722176.4396
bie_finhestnks710125,2022-Q1,TP.FINHESTNKS710125.ZP9,"VF.3.Borçlanma Senetleri, Diğer Finansal Aracılar (Konsolide Stok)",last,5361161.024
bie_finhestnks710125,2022-Q1,TP.FINHESTNKS710125.ZP10,"VF.3.1.Kısa Vadeli Borçlanma Senetleri, Diğer Finansal Aracılar (Konsolide Stok)",last,1197838.4295
bie_finhestnks710125,2022-Q1,TP.FINHESTNKS710125.ZP11,"VF.3.2.Uzun Vadeli Borçlanma Senetleri, Diğer Finansal Aracılar (Konsolide Stok)",last,4163322.5945
bie_finhestnks710125,2022-Q1,TP.FINHESTNKS710125.ZP12,"VF.4.Krediler, Diğer Finansal Aracılar (Konsolide Stok)",last,233755058.4709
bie_finhestnks710125,2022-Q1,TP.FINHESTNKS710125.ZP13,"VF.4.1.Kısa Vadeli Krediler, Diğer Finansal Aracılar (Konsolide Stok)",last,233755058.4709
bie_finhestnks710125,2022-Q1,TP.FINHESTNKS710125.ZP14,"VF.4.2.Uzun Vadeli Krediler, Diğer Finansal Aracılar (Konsolide Stok)",last,0.0
bie_finhestnks710125,2022-Q1,TP.FINHESTNKS710125.ZP15,"VF.5.Hisse Senetleri ve Özkaynaklar, Diğer Finansal Aracılar (Konsolide Stok)",last,12356121.2511
bie_finhestnks710125,2022-Q1,TP.FINHESTNKS710125.ZP16,"VF.5.1.Hisse Senetleri ve Özkaynaklar, Diğer Finansal Aracılar (Konsolide Stok)",last,12356121.2511
bie_finhestnks710125,2022-Q1,TP.FINHESTNKS710125.ZP17,"VF.5.2.Yatırım Fonu Katılma Belgeleri, Diğer Finansal Aracılar (Konsolide Stok)",last,0.0
bie_finhestnks710125,2022-Q1,TP.FINHESTNKS710125.ZP18,"VF.5.2.1.Para Piyasası Fonları, Diğer Finansal Aracılar (Konsolide Stok)",last,0.0
bie_finhestnks710125,2022-Q1,TP.FINHESTNKS710125.ZP19,"VF.5.2.2.Diğer Yatırım Fonları, Diğer Finansal Aracılar (Konsolide Stok)",last,0.0
bie_finhestnks710125,2022-Q1,TP.FINHESTNKS710125.ZP20,"VF.6.Sigorta ve Emeklilik Sözleşmeleri, Diğer Finansal Aracılar (Konsolide Stok)",last,0.0
bie_finhestnks710125,2022-Q1,TP.FINHESTNKS710125.ZP21,"VF.7.Finansal Türevler, Diğer Finansal Aracılar (Konsolide Stok)",last,794840.162
bie_finhestnks710125,2022-Q1,TP.FINHESTNKS710125.ZP22,"VF.8.Diğer Alacaklar, Diğer Finansal Aracılar (Konsolide Stok)",last,35119609.4562
bie_finhestnks710125,2022-Q1,TP.FINHESTNKS710125.ZP23,"VF.0.Toplam Varlıklar, Diğer Finansal Aracılar (Konsolide Stok)",last,314707590.1681
bie_finhestnks710125,2022-Q1,TP.FINHESTNKS710125.ZP24,"F.1.Parasal Altın ve SDR, Diğer Finansal Aracılar (Konsolide Stok)",last,0.0
bie_finhestnks710125,2022-Q1,TP.FINHESTNKS710125.ZP26,"F.1.2.Özel Çekme Hakları (SDR), Diğer Finansal Aracılar (Konsolide Stok)",last,0.0
bie_finhestnks710125,2022-Q1,TP.FINHESTNKS710125.ZP27,"F.2.Para ve Mevduat, Diğer Finansal Aracılar (Konsolide Stok)",last,0.0
bie_finhestnks710125,2022-Q1,TP.FINHESTNKS710125.ZP28,"F.2.1.Para, Diğer Finansal Aracılar (Konsolide Stok)",last,0.0
bie_finhestnks710125,2022-Q1,TP.FINHESTNKS710125.ZP29,"F.2.2.Vadesiz Mevduat, Diğer Finansal Aracılar (Konsolide Stok)",last,0.0
bie_finhestnks710125,2022-Q1,TP.FINHESTNKS710125.ZP30,"F.2.9.Vadeli Mevduat, Diğer Finansal Aracılar (Konsolide Stok)",last,0.0
bie_finhestnks710125,2022-Q1,TP.FINHESTNKS710125.ZP31,"F.3.Borçlanma Senetleri, Diğer Finansal Aracılar (Konsolide Stok)",last,24124823.035
bie_finhestnks710125,2022-Q1,TP.FINHESTNKS710125.ZP32,"F.3.1.Kısa Vadeli Borçlanma Senetleri, Diğer Finansal Aracılar (Konsolide Stok)",last,20122648.4907
bie_finhestnks710125,2022-Q1,TP.FINHESTNKS710125.ZP33,"F.3.2.Uzun Vadeli Borçlanma Senetleri, Diğer Finansal Aracılar (Konsolide Stok)",last,4002174.5443
bie_finhestnks710125,2022-Q1,TP.FINHESTNKS710125.ZP34,"F.4.Krediler, Diğer Finansal Aracılar (Konsolide Stok)",last,194922042.3697
bie_finhestnks710125,2022-Q1,TP.FINHESTNKS710125.ZP35,"F.4.1.Kısa Vadeli Krediler, Diğer Finansal Aracılar (Konsolide Stok)",last,116953225.4218
bie_finhestnks710125,2022-Q1,TP.FINHESTNKS710125.ZP36,"F.4.2.Uzun Vadeli Krediler, Diğer Finansal Aracılar (Konsolide Stok)",last,77968816.9479
bie_finhestnks710125,2022-Q1,TP.FINHESTNKS710125.ZP37,"F.5.Hisse Senetleri ve Özkaynaklar, Diğer Finansal Aracılar (Konsolide Stok)",last,15999882.7981
bie_finhestnks710125,2022-Q1,TP.FINHESTNKS710125.ZP38,"F.5.1.Hisse Senetleri ve Özkaynaklar, Diğer Finansal Aracılar (Konsolide Stok)",last,15999882.7981
bie_finhestnks710125,2022-Q1,TP.FINHESTNKS710125.ZP39,"F.5.2.Yatırım Fonu Katılma Belgeleri, Diğer Finansal Aracılar (Konsolide Stok)",last,0.0
bie_finhestnks710125,2022-Q1,TP.FINHESTNKS710125.ZP40,"F.5.2.1.Para Piyasası Fonları, Diğer Finansal Aracılar (Konsolide Stok)",last,0.0
bie_finhestnks710125,2022-Q1,TP.FINHESTNKS710125.ZP41,"F.5.2.2.Diğer Yatırım Fonları, Diğer Finansal Aracılar (Konsolide Stok)",last,0.0
bie_finhestnks710125,2022-Q1,TP.FINHESTNKS710125.ZP42,"F.6.Sigorta ve Emeklilik Sözleşmeleri, Diğer Finansal Aracılar (Konsolide Stok)",last,0.0
bie_finhestnks710125,2022-Q1,TP.FINHESTNKS710125.ZP43,"F.7.Finansal Türevler, Diğer Finansal Aracılar (Konsolide Stok)",last,1795968.583
bie_finhestnks710125,2022-Q1,TP.FINHESTNKS710125.ZP44,"F.8.Diğer Borçlar, Diğer Finansal Aracılar (Konsolide Stok)",last,54205775.4683
bie_finhestnks710125,2022-Q1,TP.FINHESTNKS710125.ZP45,"F.0.Toplam Yükümlülükler, Diğer Finansal Aracılar (Konsolide Stok)",last,291048492.2541
bie_finhestnks710125,2022-Q2,TP.FINHESTNKS710125.ZP1,"BF.9.NET FİNANSAL DEĞER, Diğer Finansal Aracılar (Konsolide Stok)",last,23272167.536
bie_finhestnks710125,2022-Q2,TP.FINHESTNKS710125.ZP2,"VF.1.Parasal Altın ve SDR, Diğer Finansal Aracılar (Konsolide Stok)",last,0.0
bie_finhestnks710125,2022-Q2,TP.FINHESTNKS710125.ZP3,"VF.1.1.Parasal Altın, Diğer Finansal Aracılar (Konsolide Stok)",last,0.0
bie_finhestnks710125,2022-Q2,TP.FINHESTNKS710125.ZP4,"VF.1.2.Özel Çekme Hakları (SDR), Diğer Finansal Aracılar (Konsolide Stok)",last,0.0
bie_finhestnks710125,2022-Q2,TP.FINHESTNKS710125.ZP5,"VF.2.Para ve Mevduat, Diğer Finansal Aracılar (Konsolide Stok)",last,30849670.1439
bie_finhestnks710125,2022-Q2,TP.FINHESTNKS710125.ZP6,"VF.2.1.Para, Diğer Finansal Aracılar (Konsolide Stok)",last,4455.433
bie_finhestnks710125,2022-Q2,TP.FINHESTNKS710125.ZP7,"VF.2.2.Vadesiz Mevduat, Diğer Finansal Aracılar (Konsolide Stok)",last,10797502.2521
bie_finhestnks710125,2022-Q2,TP.FINHESTNKS710125.ZP8,"VF.2.9.Vadeli Mevduat, Diğer Finansal Aracılar (Konsolide Stok)",last,20047712.4588
bie_finhestnks710125,2022-Q2,TP.FINHESTNKS710125.ZP9,"VF.3.Borçlanma Senetleri, Diğer Finansal Aracılar (Konsolide Stok)",last,7805179.105
bie_finhestnks710125,2022-Q2,TP.FINHESTNKS710125.ZP10,"VF.3.1.Kısa Vadeli Borçlanma Senetleri, Diğer Finansal Aracılar (Konsolide Stok)",last,1611220.2752
bie_finhestnks710125,2022-Q2,TP.FINHESTNKS710125.ZP11,"VF.3.2.Uzun Vadeli Borçlanma Senetleri, Diğer Finansal Aracılar (Konsolide Stok)",last,6193958.8298
bie_finhestnks710125,2022-Q2,TP.FINHESTNKS710125.ZP12,"VF.4.Krediler, Diğer Finansal Aracılar (Konsolide Stok)",last,268796735.9723
bie_finhestnks710125,2022-Q2,TP.FINHESTNKS710125.ZP13,"VF.4.1.Kısa Vadeli Krediler, Diğer Finansal Aracılar (Konsolide Stok)",last,268796735.9723
bie_finhestnks710125,2022-Q2,TP.FINHESTNKS710125.ZP14,"VF.4.2.Uzun Vadeli Krediler, Diğer Finansal Aracılar (Konsolide Stok)",last,0.0
bie_finhestnks710125,2022-Q2,TP.FINHESTNKS710125.ZP15,"VF.5.Hisse Senetleri ve Özkaynaklar, Diğer Finansal Aracılar (Konsolide Stok)",last,13356802.5376
bie_finhestnks710125,2022-Q2,TP.FINHESTNKS710125.ZP16,"VF.5.1.Hisse Senetleri ve Özkaynaklar, Diğer Finansal Aracılar (Konsolide Stok)",last,13356802.5376
bie_finhestnks710125,2022-Q2,TP.FINHESTNKS710125.ZP17,"VF.5.2.Yatırım Fonu Katılma Belgeleri, Diğer Finansal Aracılar (Konsolide Stok)",last,0.0
bie_finhestnks710125,2022-Q2,TP.FINHESTNKS710125.ZP18,"VF.5.2.1.Para Piyasası Fonları, Diğer Finansal Aracılar (Konsolide Stok)",last,0.0
bie_finhestnks710125,2022-Q2,TP.FINHESTNKS710125.ZP19,"VF.5.2.2.Diğer Yatırım Fonları, Diğer Finansal Aracılar (Konsolide Stok)",last,0.0
bie_finhestnks710125,2022-Q2,TP.FINHESTNKS710125.ZP20,"VF.6.Sigorta ve Emeklilik Sözleşmeleri, Diğer Finansal Aracılar (Konsolide Stok)",last,0.0
bie_finhestnks710125,2022-Q2,TP.FINHESTNKS710125.ZP21,"VF.7.Finansal Türevler, Diğer Finansal Aracılar (Konsolide Stok)",last,1280112.184
bie_finhestnks710125,2022-Q2,TP.FINHESTNKS710125.ZP22,"VF.8.Diğer Alacaklar, Diğer Finansal Aracılar (Konsolide Stok)",last,36711322.1089
bie_finhestnks710125,2022-Q2,TP.FINHESTNKS710125.ZP23,"VF.0.Toplam Varlıklar, Diğer Finansal Aracılar (Konsolide Stok)",last,358799822.0518
bie_finhestnks710125,2022-Q2,TP.FINHESTNKS710125.ZP24,"F.1.Parasal Altın ve SDR, Diğer Finansal Aracılar (Konsolide Stok)",last,0.0
bie_finhestnks710125,2022-Q2,TP.FINHESTNKS710125.ZP26,"F.1.2.Özel Çekme Hakları (SDR), Diğer Finansal Aracılar (Konsolide Stok)",last,0.0
bie_finhestnks710125,2022-Q2,TP.FINHESTNKS710125.ZP27,"F.2.Para ve Mevduat, Diğer Finansal Aracılar (Konsolide Stok)",last,0.0
bie_finhestnks710125,2022-Q2,TP.FINHESTNKS710125.ZP28,"F.2.1.Para, Diğer Finansal Aracılar (Konsolide Stok)",last,0.0
bie_finhestnks710125,2022-Q2,TP.FINHESTNKS710125.ZP29,"F.2.2.Vadesiz Mevduat, Diğer Finansal Aracılar (Konsolide Stok)",last,0.0
bie_finhestnks710125,2022-Q2,TP.FINHESTNKS710125.ZP30,"F.2.9.Vadeli Mevduat, Diğer Finansal Aracılar (Konsolide Stok)",last,0.0
bie_finhestnks710125,2022-Q2,TP.FINHESTNKS710125.ZP31,"F.3.Borçlanma Senetleri, Diğer Finansal Aracılar (Konsolide Stok)",last,30728543.709
bie_finhestnks710125,2022-Q2,TP.FINHESTNKS710125.ZP32,"F.3.1.Kısa Vadeli Borçlanma Senetleri, Diğer Finansal Aracılar (Konsolide Stok)",last,25551100.4603
bie_finhestnks710125,2022-Q2,TP.FINHESTNKS710125.ZP33,"F.3.2.Uzun Vadeli Borçlanma Senetleri, Diğer Finansal Aracılar (Konsolide Stok)",last,5177443.2487
bie_finhestnks710125,2022-Q2,TP.FINHESTNKS710125.ZP34,"F.4.Krediler, Diğer Finansal Aracılar (Konsolide Stok)",last,221209757.7008
bie_finhestnks710125,2022-Q2,TP.FINHESTNKS710125.ZP35,"F.4.1.Kısa Vadeli Krediler, Diğer Finansal Aracılar (Konsolide Stok)",last,130513757.0435
bie_finhestnks710125,2022-Q2,TP.FINHESTNKS710125.ZP36,"F.4.2.Uzun Vadeli Krediler, Diğer Finansal Aracılar (Konsolide Stok)",last,90696000.6573
bie_finhestnks710125,2022-Q2,TP.FINHESTNKS710125.ZP37,"F.5.Hisse Senetleri ve Özkaynaklar, Diğer Finansal Aracılar (Konsolide Stok)",last,18586141.3356
bie_finhestnks710125,2022-Q2,TP.FINHESTNKS710125.ZP38,"F.5.1.Hisse Senetleri ve Özkaynaklar, Diğer Finansal Aracılar (Konsolide Stok)",last,18586141.3356
bie_finhestnks710125,2022-Q2,TP.FINHESTNKS710125.ZP39,"F.5.2.Yatırım Fonu Katılma Belgeleri, Diğer Finansal Aracılar (Konsolide Stok)",last,0.0
bie_finhestnks710125,2022-Q2,TP.FINHESTNKS710125.ZP40,"F.5.2.1.Para Piyasası Fonları, Diğer Finansal Aracılar (Konsolide Stok)",last,0.0
bie_finhestnks710125,2022-Q2,TP.FINHESTNKS710125.ZP41,"F.5.2.2.Diğer Yatırım Fonları, Diğer Finansal Aracılar (Konsolide Stok)",last,0.0
bie_finhestnks710125,2022-Q2,TP.FINHESTNKS710125.ZP42,"F.6.Sigorta ve Emeklilik Sözleşmeleri, Diğer Finansal Aracılar (Konsolide Stok)",last,0.0
bie_finhestnks710125,2022-Q2,TP.FINHESTNKS710125.ZP43,"F.7.Finansal Türevler, Diğer Finansal Aracılar (Konsolide Stok)",last,1962221.986
bie_finhestnks710125,2022-Q2,TP.FINHESTNKS710125.ZP44,"F.8.Diğer Borçlar, Diğer Finansal Aracılar (Konsolide Stok)",last,63040989.7844
bie_finhestnks710125,2022-Q2,TP.FINHESTNKS710125.ZP45,"F.0.Toplam Yükümlülükler, Diğer Finansal Aracılar (Konsolide Stok)",last,335527654.5158
bie_finhestnks710125,2022-Q3,TP.FINHESTNKS710125.ZP1,"BF.9.NET FİNANSAL DEĞER, Diğer Finansal Aracılar (Konsolide Stok)",last,26128567.2428
bie_finhestnks710125,2022-Q3,TP.FINHESTNKS710125.ZP2,"VF.1.Parasal Altın ve SDR, Diğer Finansal Aracılar (Konsolide Stok)",last,0.0
bie_finhestnks710125,2022-Q3,TP.FINHESTNKS710125.ZP3,"VF.1.1.Parasal Altın, Diğer Finansal Aracılar (Konsolide Stok)",last,0.0
bie_finhestnks710125,2022-Q3,TP.FINHESTNKS710125.ZP4,"VF.1.2.Özel Çekme Hakları (SDR), Diğer Finansal Aracılar (Konsolide Stok)",last,0.0
bie_finhestnks710125,2022-Q3,TP.FINHESTNKS710125.ZP5,"VF.2.Para ve Mevduat, Diğer Finansal Aracılar (Konsolide Stok)",last,36692124.5775
bie_finhestnks710125,2022-Q3,TP.FINHESTNKS710125.ZP6,"VF.2.1.Para, Diğer Finansal Aracılar (Konsolide Stok)",last,2566.673
bie_finhestnks710125,2022-Q3,TP.FINHESTNKS710125.ZP7,"VF.2.2.Vadesiz Mevduat, Diğer Finansal Aracılar (Konsolide Stok)",last,12387663.065
bie_finhestnks710125,2022-Q3,TP.FINHESTNKS710125.ZP8,"VF.2.9.Vadeli Mevduat, Diğer Finansal Aracılar (Konsolide Stok)",last,24301894.8395
bie_finhestnks710125,2022-Q3,TP.FINHESTNKS710125.ZP9,"VF.3.Borçlanma Senetleri, Diğer Finansal Aracılar (Konsolide Stok)",last,11963079.954
bie_finhestnks710125,2022-Q3,TP.FINHESTNKS710125.ZP10,"VF.3.1.Kısa Vadeli Borçlanma Senetleri, Diğer Finansal Aracılar (Konsolide Stok)",last,2783045.5559
bie_finhestnks710125,2022-Q3,TP.FINHESTNKS710125.ZP11,"VF.3.2.Uzun Vadeli Borçlanma Senetleri, Diğer Finansal Aracılar (Konsolide Stok)",last,9180034.3981
bie_finhestnks710125,2022-Q3,TP.FINHESTNKS710125.ZP12,"VF.4.Krediler, Diğer Finansal Aracılar (Konsolide Stok)",last,277915694.6956
bie_finhestnks710125,2022-Q3,TP.FINHESTNKS710125.ZP13,"VF.4.1.Kısa Vadeli Krediler, Diğer Finansal Aracılar (Konsolide Stok)",last,277915694.6956
bie_finhestnks710125,2022-Q3,TP.FINHESTNKS710125.ZP14,"VF.4.2.Uzun Vadeli Krediler, Diğer Finansal Aracılar (Konsolide Stok)",last,0.0
bie_finhestnks710125,2022-Q3,TP.FINHESTNKS710125.ZP15,"VF.5.Hisse Senetleri ve Özkaynaklar, Diğer Finansal Aracılar (Konsolide Stok)",last,15417411.2199
bie_finhestnks710125,2022-Q3,TP.FINHESTNKS710125.ZP16,"VF.5.1.Hisse Senetleri ve Özkaynaklar, Diğer Finansal Aracılar (Konsolide Stok)",last,15417411.2199
bie_finhestnks710125,2022-Q3,TP.FINHESTNKS710125.ZP17,"VF.5.2.Yatırım Fonu Katılma Belgeleri, Diğer Finansal Aracılar (Konsolide Stok)",last,0.0
bie_finhestnks710125,2022-Q3,TP.FINHESTNKS710125.ZP18,"VF.5.2.1.Para Piyasası Fonları, Diğer Finansal Aracılar (Konsolide Stok)",last,0.0
bie_finhestnks710125,2022-Q3,TP.FINHESTNKS710125.ZP19,"VF.5.2.2.Diğer Yatırım Fonları, Diğer Finansal Aracılar (Konsolide Stok)",last,0.0
bie_finhestnks710125,2022-Q3,TP.FINHESTNKS710125.ZP20,"VF.6.Sigorta ve Emeklilik Sözleşmeleri, Diğer Finansal Aracılar (Konsolide Stok)",last,0.0
bie_finhestnks710125,2022-Q3,TP.FINHESTNKS710125.ZP21,"VF.7.Finansal Türevler, Diğer Finansal Aracılar (Konsolide Stok)",last,1761710.27
bie_finhestnks710125,2022-Q3,TP.FINHESTNKS710125.ZP22,"VF.8.Diğer Alacaklar, Diğer Finansal Aracılar (Konsolide Stok)",last,42929625.9592
bie_finhestnks710125,2022-Q3,TP.FINHESTNKS710125.ZP23,"VF.0.Toplam Varlıklar, Diğer Finansal Aracılar (Konsolide Stok)",last,386679646.6762
bie_finhestnks710125,2022-Q3,TP.FINHESTNKS710125.ZP24,"F.1.Parasal Altın ve SDR, Diğer Finansal Aracılar (Konsolide Stok)",last,0.0
bie_finhestnks710125,2022-Q3,TP.FINHESTNKS710125.ZP26,"F.1.2.Özel Çekme Hakları (SDR), Diğer Finansal Aracılar (Konsolide Stok)",last,0.0
bie_finhestnks710125,2022-Q3,TP.FINHESTNKS710125.ZP27,"F.2.Para ve Mevduat, Diğer Finansal Aracılar (Konsolide Stok)",last,0.0
bie_finhestnks710125,2022-Q3,TP.FINHESTNKS710125.ZP28,"F.2.1.Para, Diğer Finansal Aracılar (Konsolide Stok)",last,0.0
bie_finhestnks710125,2022-Q3,TP.FINHESTNKS710125.ZP29,"F.2.2.Vadesiz Mevduat, Diğer Finansal Aracılar (Konsolide Stok)",last,0.0
bie_finhestnks710125,2022-Q3,TP.FINHESTNKS710125.ZP30,"F.2.9.Vadeli Mevduat, Diğer Finansal Aracılar (Konsolide Stok)",last,0.0
bie_finhestnks710125,2022-Q3,TP.FINHESTNKS710125.ZP31,"F.3.Borçlanma Senetleri, Diğer Finansal Aracılar (Konsolide Stok)",last,37388193.909
bie_finhestnks710125,2022-Q3,TP.FINHESTNKS710125.ZP32,"F.3.1.Kısa Vadeli Borçlanma Senetleri, Diğer Finansal Aracılar (Konsolide Stok)",last,30743312.7658
bie_finhestnks710125,2022-Q3,TP.FINHESTNKS710125.ZP33,"F.3.2.Uzun Vadeli Borçlanma Senetleri, Diğer Finansal Aracılar (Konsolide Stok)",last,6644881.1432
bie_finhestnks710125,2022-Q3,TP.FINHESTNKS710125.ZP34,"F.4.Krediler, Diğer Finansal Aracılar (Konsolide Stok)",last,233706504.9246
bie_finhestnks710125,2022-Q3,TP.FINHESTNKS710125.ZP35,"F.4.1.Kısa Vadeli Krediler, Diğer Finansal Aracılar (Konsolide Stok)",last,133212707.807
bie_finhestnks710125,2022-Q3,TP.FINHESTNKS710125.ZP36,"F.4.2.Uzun Vadeli Krediler, Diğer Finansal Aracılar (Konsolide Stok)",last,100493797.1176
bie_finhestnks710125,2022-Q3,TP.FINHESTNKS710125.ZP37,"F.5.Hisse Senetleri ve Özkaynaklar, Diğer Finansal Aracılar (Konsolide Stok)",last,19143293.2179
bie_finhestnks710125,2022-Q3,TP.FINHESTNKS710125.ZP38,"F.5.1.Hisse Senetleri ve Özkaynaklar, Diğer Finansal Aracılar (Konsolide Stok)",last,19143293.2179
bie_finhestnks710125,2022-Q3,TP.FINHESTNKS710125.ZP39,"F.5.2.Yatırım Fonu Katılma Belgeleri, Diğer Finansal Aracılar (Konsolide Stok)",last,0.0
bie_finhestnks710125,2022-Q3,TP.FINHESTNKS710125.ZP40,"F.5.2.1.Para Piyasası Fonları, Diğer Finansal Aracılar (Konsolide Stok)",last,0.0
bie_finhestnks710125,2022-Q3,TP.FINHESTNKS710125.ZP41,"F.5.2.2.Diğer Yatırım Fonları, Diğer Finansal Aracılar (Konsolide Stok)",last,0.0
bie_finhestnks710125,2022-Q3,TP.FINHESTNKS710125.ZP42,"F.6.Sigorta ve Emeklilik Sözleşmeleri, Diğer Finansal Aracılar (Konsolide Stok)",last,0.0
bie_finhestnks710125,2022-Q3,TP.FINHESTNKS710125.ZP43,"F.7.Finansal Türevler, Diğer Finansal Aracılar (Konsolide Stok)",last,1569915.082
bie_finhestnks710125,2022-Q3,TP.FINHESTNKS710125.ZP44,"F.8.Diğer Borçlar, Diğer Finansal Aracılar (Konsolide Stok)",last,68743172.2999
bie_finhestnks710125,2022-Q3,TP.FINHESTNKS710125.ZP45,"F.0.Toplam Yükümlülükler, Diğer Finansal Aracılar (Konsolide Stok)",last,360551079.4334
bie_finhestnks710125,2022-Q4,TP.FINHESTNKS710125.ZP1,"BF.9.NET FİNANSAL DEĞER, Diğer Finansal Aracılar (Konsolide Stok)",last,31095840.3907
bie_finhestnks710125,2022-Q4,TP.FINHESTNKS710125.ZP2,"VF.1.Parasal Altın ve SDR, Diğer Finansal Aracılar (Konsolide Stok)",last,0.0
bie_finhestnks710125,2022-Q4,TP.FINHESTNKS710125.ZP3,"VF.1.1.Parasal Altın, Diğer Finansal Aracılar (Konsolide Stok)",last,0.0
bie_finhestnks710125,2022-Q4,TP.FINHESTNKS710125.ZP4,"VF.1.2.Özel Çekme Hakları (SDR), Diğer Finansal Aracılar (Konsolide Stok)",last,0.0
bie_finhestnks710125,2022-Q4,TP.FINHESTNKS710125.ZP5,"VF.2.Para ve Mevduat, Diğer Finansal Aracılar (Konsolide Stok)",last,42871840.4583
bie_finhestnks710125,2022-Q4,TP.FINHESTNKS710125.ZP6,"VF.2.1.Para, Diğer Finansal Aracılar (Konsolide Stok)",last,2247.673
bie_finhestnks710125,2022-Q4,TP.FINHESTNKS710125.ZP7,"VF.2.2.Vadesiz Mevduat, Diğer Finansal Aracılar (Konsolide Stok)",last,14262369.5444
bie_finhestnks710125,2022-Q4,TP.FINHESTNKS710125.ZP8,"VF.2.9.Vadeli Mevduat, Diğer Finansal Aracılar (Konsolide Stok)",last,28607223.2409
bie_finhestnks710125,2022-Q4,TP.FINHESTNKS710125.ZP9,"VF.3.Borçlanma Senetleri, Diğer Finansal Aracılar (Konsolide Stok)",last,13418006.954
bie_finhestnks710125,2022-Q4,TP.FINHESTNKS710125.ZP10,"VF.3.1.Kısa Vadeli Borçlanma Senetleri, Diğer Finansal Aracılar (Konsolide Stok)",last,3150359.7148
bie_finhestnks710125,2022-Q4,TP.FINHESTNKS710125.ZP11,"VF.3.2.Uzun Vadeli Borçlanma Senetleri, Diğer Finansal Aracılar (Konsolide Stok)",last,10267647.2392
bie_finhestnks710125,2022-Q4,TP.FINHESTNKS710125.ZP12,"VF.4.Krediler, Diğer Finansal Aracılar (Konsolide Stok)",last,344508332.9995
bie_finhestnks710125,2022-Q4,TP.FINHESTNKS710125.ZP13,"VF.4.1.Kısa Vadeli Krediler, Diğer Finansal Aracılar (Konsolide Stok)",last,344508332.9995
bie_finhestnks710125,2022-Q4,TP.FINHESTNKS710125.ZP14,"VF.4.2.Uzun Vadeli Krediler, Diğer Finansal Aracılar (Konsolide Stok)",last,0.0
bie_finhestnks710125,2022-Q4,TP.FINHESTNKS710125.ZP15,"VF.5.Hisse Senetleri ve Özkaynaklar, Diğer Finansal Aracılar (Konsolide Stok)",last,15773424.272
bie_finhestnks710125,2022-Q4,TP.FINHESTNKS710125.ZP16,"VF.5.1.Hisse Senetleri ve Özkaynaklar, Diğer Finansal Aracılar (Konsolide Stok)",last,15773424.272
bie_finhestnks710125,2022-Q4,TP.FINHESTNKS710125.ZP17,"VF.5.2.Yatırım Fonu Katılma Belgeleri, Diğer Finansal Aracılar (Konsolide Stok)",last,0.0
bie_finhestnks710125,2022-Q4,TP.FINHESTNKS710125.ZP18,"VF.5.2.1.Para Piyasası Fonları, Diğer Finansal Aracılar (Konsolide Stok)",last,0.0
bie_finhestnks710125,2022-Q4,TP.FINHESTNKS710125.ZP19,"VF.5.2.2.Diğer Yatırım Fonları, Diğer Finansal Aracılar (Konsolide Stok)",last,0.0
bie_finhestnks710125,2022-Q4,TP.FINHESTNKS710125.ZP20,"VF.6.Sigorta ve Emeklilik Sözleşmeleri, Diğer Finansal Aracılar (Konsolide Stok)",last,0.0
bie_finhestnks710125,2022-Q4,TP.FINHESTNKS710125.ZP21,"VF.7.Finansal Türevler, Diğer Finansal Aracılar (Konsolide Stok)",last,1170711.27
bie_finhestnks710125,2022-Q4,TP.FINHESTNKS710125.ZP22,"VF.8.Diğer Alacaklar, Diğer Finansal Aracılar (Konsolide Stok)",last,42274966.6295
bie_finhestnks710125,2022-Q4,TP.FINHESTNKS710125.ZP23,"VF.0.Toplam Varlıklar, Diğer Finansal Aracılar (Konsolide Stok)",last,460017282.5834
bie_finhestnks710125,2022-Q4,TP.FINHESTNKS710125.ZP24,"F.1.Parasal Altın ve SDR, Diğer Finansal Aracılar (Konsolide Stok)",last,0.0
bie_finhestnks710125,2022-Q4,TP.FINHESTNKS710125.ZP26,"F.1.2.Özel Çekme Hakları (SDR), Diğer Finansal Aracılar (Konsolide Stok)",last,0.0
bie_finhestnks710125,2022-Q4,TP.FINHESTNKS710125.ZP27,"F.2.Para ve Mevduat, Diğer Finansal Aracılar (Konsolide Stok)",last,0.0
bie_finhestnks710125,2022-Q4,TP.FINHESTNKS710125.ZP28,"F.2.1.Para, Diğer Finansal Aracılar (Konsolide Stok)",last,0.0
bie_finhestnks710125,2022-Q4,TP.FINHESTNKS710125.ZP29,"F.2.2.Vadesiz Mevduat, Diğer Finansal Aracılar (Konsolide Stok)",last,0.0
bie_finhestnks710125,2022-Q4,TP.FINHESTNKS710125.ZP30,"F.2.9.Vadeli Mevduat, Diğer Finansal Aracılar (Konsolide Stok)",last,0.0
bie_finhestnks710125,2022-Q4,TP.FINHESTNKS710125.ZP31,"F.3.Borçlanma Senetleri, Diğer Finansal Aracılar (Konsolide Stok)",last,40513360.909
bie_finhestnks710125,2022-Q4,TP.FINHESTNKS710125.ZP32,"F.3.1.Kısa Vadeli Borçlanma Senetleri, Diğer Finansal Aracılar (Konsolide Stok)",last,30284462.2547
bie_finhestnks710125,2022-Q4,TP.FINHESTNKS710125.ZP33,"F.3.2.Uzun Vadeli Borçlanma Senetleri, Diğer Finansal Aracılar (Konsolide Stok)",last,10228898.6543
bie_finhestnks710125,2022-Q4,TP.FINHESTNKS710125.ZP34,"F.4.Krediler, Diğer Finansal Aracılar (Konsolide Stok)",last,294586019.3992
bie_finhestnks710125,2022-Q4,TP.FINHESTNKS710125.ZP35,"F.4.1.Kısa Vadeli Krediler, Diğer Finansal Aracılar (Konsolide Stok)",last,182643332.0275
bie_finhestnks710125,2022-Q4,TP.FINHESTNKS710125.ZP36,"F.4.2.Uzun Vadeli Krediler, Diğer Finansal Aracılar (Konsolide Stok)",last,111942687.3717
bie_finhestnks710125,2022-Q4,TP.FINHESTNKS710125.ZP37,"F.5.Hisse Senetleri ve Özkaynaklar, Diğer Finansal Aracılar (Konsolide Stok)",last,19176231.27
bie_finhestnks710125,2022-Q4,TP.FINHESTNKS710125.ZP38,"F.5.1.Hisse Senetleri ve Özkaynaklar, Diğer Finansal Aracılar (Konsolide Stok)",last,19176231.27
bie_finhestnks710125,2022-Q4,TP.FINHESTNKS710125.ZP39,"F.5.2.Yatırım Fonu Katılma Belgeleri, Diğer Finansal Aracılar (Konsolide Stok)",last,0.0
bie_finhestnks710125,2022-Q4,TP.FINHESTNKS710125.ZP40,"F.5.2.1.Para Piyasası Fonları, Diğer Finansal Aracılar (Konsolide Stok)",last,0.0
bie_finhestnks710125,2022-Q4,TP.FINHESTNKS710125.ZP41,"F.5.2.2.Diğer Yatırım Fonları, Diğer Finansal Aracılar (Konsolide Stok)",last,0.0
bie_finhestnks710125,2022-Q4,TP.FINHESTNKS710125.ZP42,"F.6.Sigorta ve Emeklilik Sözleşmeleri, Diğer Finansal Aracılar (Konsolide Stok)",last,0.0
bie_finhestnks710125,2022-Q4,TP.FINHESTNKS710125.ZP43,"F.7.Finansal Türevler, Diğer Finansal Aracılar (Konsolide Stok)",last,1130681.082
bie_finhestnks710125,2022-Q4,TP.FINHESTNKS710125.ZP44,"F.8.Diğer Borçlar, Diğer Finansal Aracılar (Konsolide Stok)",last,73515149.5324
bie_finhestnks710125,2022-Q4,TP.FINHESTNKS710125.ZP45,"F.0.Toplam Yükümlülükler, Diğer Finansal Aracılar (Konsolide Stok)",last,428921442.1927
bie_finhestnks710125,2023-Q1,TP.FINHESTNKS710125.ZP1,"BF.9.NET FİNANSAL DEĞER, Diğer Finansal Aracılar (Konsolide Stok)",last,44730054.9423
bie_finhestnks710125,2023-Q1,TP.FINHESTNKS710125.ZP2,"VF.1.Parasal Altın ve SDR, Diğer Finansal Aracılar (Konsolide Stok)",last,0.0
bie_finhestnks710125,2023-Q1,TP.FINHESTNKS710125.ZP3,"VF.1.1.Parasal Altın, Diğer Finansal Aracılar (Konsolide Stok)",last,0.0
bie_finhestnks710125,2023-Q1,TP.FINHESTNKS710125.ZP4,"VF.1.2.Özel Çekme Hakları (SDR), Diğer Finansal Aracılar (Konsolide Stok)",last,0.0
bie_finhestnks710125,2023-Q1,TP.FINHESTNKS710125.ZP5,"VF.2.Para ve Mevduat, Diğer Finansal Aracılar (Konsolide Stok)",last,64988901.4021
bie_finhestnks710125,2023-Q1,TP.FINHESTNKS710125.ZP6,"VF.2.1.Para, Diğer Finansal Aracılar (Konsolide Stok)",last,2686.283
bie_finhestnks710125,2023-Q1,TP.FINHESTNKS710125.ZP7,"VF.2.2.Vadesiz Mevduat, Diğer Finansal Aracılar (Konsolide Stok)",last,22240379.7637
bie_finhestnks710125,2023-Q1,TP.FINHESTNKS710125.ZP8,"VF.2.9.Vadeli Mevduat, Diğer Finansal Aracılar (Konsolide Stok)",last,42745835.3554
bie_finhestnks710125,2023-Q1,TP.FINHESTNKS710125.ZP9,"VF.3.Borçlanma Senetleri, Diğer Finansal Aracılar (Konsolide Stok)",last,16543978.253
bie_finhestnks710125,2023-Q1,TP.FINHESTNKS710125.ZP10,"VF.3.1.Kısa Vadeli Borçlanma Senetleri, Diğer Finansal Aracılar (Konsolide Stok)",last,3720695.3112
bie_finhestnks710125,2023-Q1,TP.FINHESTNKS710125.ZP11,"VF.3.2.Uzun Vadeli Borçlanma Senetleri, Diğer Finansal Aracılar (Konsolide Stok)",last,12823282.9418
bie_finhestnks710125,2023-Q1,TP.FINHESTNKS710125.ZP12,"VF.4.Krediler, Diğer Finansal Aracılar (Konsolide Stok)",last,389669426.0538
bie_finhestnks710125,2023-Q1,TP.FINHESTNKS710125.ZP13,"VF.4.1.Kısa Vadeli Krediler, Diğer Finansal Aracılar (Konsolide Stok)",last,389669426.0538
bie_finhestnks710125,2023-Q1,TP.FINHESTNKS710125.ZP14,"VF.4.2.Uzun Vadeli Krediler, Diğer Finansal Aracılar (Konsolide Stok)",last,0.0
bie_finhestnks710125,2023-Q1,TP.FINHESTNKS710125.ZP15,"VF.5.Hisse Senetleri ve Özkaynaklar, Diğer Finansal Aracılar (Konsolide Stok)",last,19314806.2697
bie_finhestnks710125,2023-Q1,TP.FINHESTNKS710125.ZP16,"VF.5.1.Hisse Senetleri ve Özkaynaklar, Diğer Finansal Aracılar (Konsolide Stok)",last,19314806.2697
bie_finhestnks710125,2023-Q1,TP.FINHESTNKS710125.ZP17,"VF.5.2.Yatırım Fonu Katılma Belgeleri, Diğer Finansal Aracılar (Konsolide Stok)",last,0.0
bie_finhestnks710125,2023-Q1,TP.FINHESTNKS710125.ZP18,"VF.5.2.1.Para Piyasası Fonları, Diğer Finansal Aracılar (Konsolide Stok)",last,0.0
bie_finhestnks710125,2023-Q1,TP.FINHESTNKS710125.ZP19,"VF.5.2.2.Diğer Yatırım Fonları, Diğer Finansal Aracılar (Konsolide Stok)",last,0.0
bie_finhestnks710125,2023-Q1,TP.FINHESTNKS710125.ZP20,"VF.6.Sigorta ve Emeklilik Sözleşmeleri, Diğer Finansal Aracılar (Konsolide Stok)",last,0.0
bie_finhestnks710125,2023-Q1,TP.FINHESTNKS710125.ZP21,"VF.7.Finansal Türevler, Diğer Finansal Aracılar (Konsolide Stok)",last,906888.116
bie_finhestnks710125,2023-Q1,TP.FINHESTNKS710125.ZP22,"VF.8.Diğer Alacaklar, Diğer Finansal Aracılar (Konsolide Stok)",last,50687447.4904
bie_finhestnks710125,2023-Q1,TP.FINHESTNKS710125.ZP23,"VF.0.Toplam Varlıklar, Diğer Finansal Aracılar (Konsolide Stok)",last,542111447.5849
bie_finhestnks710125,2023-Q1,TP.FINHESTNKS710125.ZP24,"F.1.Parasal Altın ve SDR, Diğer Finansal Aracılar (Konsolide Stok)",last,0.0
bie_finhestnks710125,2023-Q1,TP.FINHESTNKS710125.ZP26,"F.1.2.Özel Çekme Hakları (SDR), Diğer Finansal Aracılar (Konsolide Stok)",last,0.0
bie_finhestnks710125,2023-Q1,TP.FINHESTNKS710125.ZP27,"F.2.Para ve Mevduat, Diğer Finansal Aracılar (Konsolide Stok)",last,0.0
bie_finhestnks710125,2023-Q1,TP.FINHESTNKS710125.ZP28,"F.2.1.Para, Diğer Finansal Aracılar (Konsolide Stok)",last,0.0
bie_finhestnks710125,2023-Q1,TP.FINHESTNKS710125.ZP29,"F.2.2.Vadesiz Mevduat, Diğer Finansal Aracılar (Konsolide Stok)",last,0.0
bie_finhestnks710125,2023-Q1,TP.FINHESTNKS710125.ZP30,"F.2.9.Vadeli Mevduat, Diğer Finansal Aracılar (Konsolide Stok)",last,0.0
bie_finhestnks710125,2023-Q1,TP.FINHESTNKS710125.ZP31,"F.3.Borçlanma Senetleri, Diğer Finansal Aracılar (Konsolide Stok)",last,38664039.078
bie_finhestnks710125,2023-Q1,TP.FINHESTNKS710125.ZP32,"F.3.1.Kısa Vadeli Borçlanma Senetleri, Diğer Finansal Aracılar (Konsolide Stok)",last,27710985.8203
bie_finhestnks710125,2023-Q1,TP.FINHESTNKS710125.ZP33,"F.3.2.Uzun Vadeli Borçlanma Senetleri, Diğer Finansal Aracılar (Konsolide Stok)",last,10953053.2577
bie_finhestnks710125,2023-Q1,TP.FINHESTNKS710125.ZP34,"F.4.Krediler, Diğer Finansal Aracılar (Konsolide Stok)",last,346283767.0201
bie_finhestnks710125,2023-Q1,TP.FINHESTNKS710125.ZP35,"F.4.1.Kısa Vadeli Krediler, Diğer Finansal Aracılar (Konsolide Stok)",last,218158773.2226
bie_finhestnks710125,2023-Q1,TP.FINHESTNKS710125.ZP36,"F.4.2.Uzun Vadeli Krediler, Diğer Finansal Aracılar (Konsolide Stok)",last,128124993.7974
bie_finhestnks710125,2023-Q1,TP.FINHESTNKS710125.ZP37,"F.5.Hisse Senetleri ve Özkaynaklar, Diğer Finansal Aracılar (Konsolide Stok)",last,22629307.1657
bie_finhestnks710125,2023-Q1,TP.FINHESTNKS710125.ZP38,"F.5.1.Hisse Senetleri ve Özkaynaklar, Diğer Finansal Aracılar (Konsolide Stok)",last,22629307.1657
bie_finhestnks710125,2023-Q1,TP.FINHESTNKS710125.ZP39,"F.5.2.Yatırım Fonu Katılma Belgeleri, Diğer Finansal Aracılar (Konsolide Stok)",last,0.0
bie_finhestnks710125,2023-Q1,TP.FINHESTNKS710125.ZP40,"F.5.2.1.Para Piyasası Fonları, Diğer Finansal Aracılar (Konsolide Stok)",last,0.0
bie_finhestnks710125,2023-Q1,TP.FINHESTNKS710125.ZP41,"F.5.2.2.Diğer Yatırım Fonları, Diğer Finansal Aracılar (Konsolide Stok)",last,0.0
bie_finhestnks710125,2023-Q1,TP.FINHESTNKS710125.ZP42,"F.6.Sigorta ve Emeklilik Sözleşmeleri, Diğer Finansal Aracılar (Konsolide Stok)",last,0.0
bie_finhestnks710125,2023-Q1,TP.FINHESTNKS710125.ZP43,"F.7.Finansal Türevler, Diğer Finansal Aracılar (Konsolide Stok)",last,1222784.72
bie_finhestnks710125,2023-Q1,TP.FINHESTNKS710125.ZP44,"F.8.Diğer Borçlar, Diğer Finansal Aracılar (Konsolide Stok)",last,88581494.6589
bie_finhestnks710125,2023-Q1,TP.FINHESTNKS710125.ZP45,"F.0.Toplam Yükümlülükler, Diğer Finansal Aracılar (Konsolide Stok)",last,497381392.6426
bie_finhestnks710125,2023-Q2,TP.FINHESTNKS710125.ZP1,"BF.9.NET FİNANSAL DEĞER, Diğer Finansal Aracılar (Konsolide Stok)",last,56847909.5365
bie_finhestnks710125,2023-Q2,TP.FINHESTNKS710125.ZP2,"VF.1.Parasal Altın ve SDR, Diğer Finansal Aracılar (Konsolide Stok)",last,0.0
bie_finhestnks710125,2023-Q2,TP.FINHESTNKS710125.ZP3,"VF.1.1.Parasal Altın, Diğer Finansal Aracılar (Konsolide Stok)",last,0.0
bie_finhestnks710125,2023-Q2,TP.FINHESTNKS710125.ZP4,"VF.1.2.Özel Çekme Hakları (SDR), Diğer Finansal Aracılar (Konsolide Stok)",last,0.0
bie_finhestnks710125,2023-Q2,TP.FINHESTNKS710125.ZP5,"VF.2.Para ve Mevduat, Diğer Finansal Aracılar (Konsolide Stok)",last,80185457.1767
bie_finhestnks710125,2023-Q2,TP.FINHESTNKS710125.ZP6,"VF.2.1.Para, Diğer Finansal Aracılar (Konsolide Stok)",last,5243.447
bie_finhestnks710125,2023-Q2,TP.FINHESTNKS710125.ZP7,"VF.2.2.Vadesiz Mevduat, Diğer Finansal Aracılar (Konsolide Stok)",last,29314138.2754
bie_finhestnks710125,2023-Q2,TP.FINHESTNKS710125.ZP8,"VF.2.9.Vadeli Mevduat, Diğer Finansal Aracılar (Konsolide Stok)",last,50866075.4543
bie_finhestnks710125,2023-Q2,TP.FINHESTNKS710125.ZP9,"VF.3.Borçlanma Senetleri, Diğer Finansal Aracılar (Konsolide Stok)",last,18957938.986
bie_finhestnks710125,2023-Q2,TP.FINHESTNKS710125.ZP10,"VF.3.1.Kısa Vadeli Borçlanma Senetleri, Diğer Finansal Aracılar (Konsolide Stok)",last,2853790.1984
bie_finhestnks710125,2023-Q2,TP.FINHESTNKS710125.ZP11,"VF.3.2.Uzun Vadeli Borçlanma Senetleri, Diğer Finansal Aracılar (Konsolide Stok)",last,16104148.7876
bie_finhestnks710125,2023-Q2,TP.FINHESTNKS710125.ZP12,"VF.4.Krediler, Diğer Finansal Aracılar (Konsolide Stok)",last,439829225.0141
bie_finhestnks710125,2023-Q2,TP.FINHESTNKS710125.ZP13,"VF.4.1.Kısa Vadeli Krediler, Diğer Finansal Aracılar (Konsolide Stok)",last,439829225.0141
bie_finhestnks710125,2023-Q2,TP.FINHESTNKS710125.ZP14,"VF.4.2.Uzun Vadeli Krediler, Diğer Finansal Aracılar (Konsolide Stok)",last,0.0
bie_finhestnks710125,2023-Q2,TP.FINHESTNKS710125.ZP15,"VF.5.Hisse Senetleri ve Özkaynaklar, Diğer Finansal Aracılar (Konsolide Stok)",last,18571480.6214
bie_finhestnks710125,2023-Q2,TP.FINHESTNKS710125.ZP16,"VF.5.1.Hisse Senetleri ve Özkaynaklar, Diğer Finansal Aracılar (Konsolide Stok)",last,18571480.6214
bie_finhestnks710125,2023-Q2,TP.FINHESTNKS710125.ZP17,"VF.5.2.Yatırım Fonu Katılma Belgeleri, Diğer Finansal Aracılar (Konsolide Stok)",last,0.0
bie_finhestnks710125,2023-Q2,TP.FINHESTNKS710125.ZP18,"VF.5.2.1.Para Piyasası Fonları, Diğer Finansal Aracılar (Konsolide Stok)",last,0.0
bie_finhestnks710125,2023-Q2,TP.FINHESTNKS710125.ZP19,"VF.5.2.2.Diğer Yatırım Fonları, Diğer Finansal Aracılar (Konsolide Stok)",last,0.0
bie_finhestnks710125,2023-Q2,TP.FINHESTNKS710125.ZP20,"VF.6.Sigorta ve Emeklilik Sözleşmeleri, Diğer Finansal Aracılar (Konsolide Stok)",last,0.0
bie_finhestnks710125,2023-Q2,TP.FINHESTNKS710125.ZP21,"VF.7.Finansal Türevler, Diğer Finansal Aracılar (Konsolide Stok)",last,2283249.398
bie_finhestnks710125,2023-Q2,TP.FINHESTNKS710125.ZP22,"VF.8.Diğer Alacaklar, Diğer Finansal Aracılar (Konsolide Stok)",last,67335969.6517
bie_finhestnks710125,2023-Q2,TP.FINHESTNKS710125.ZP23,"VF.0.Toplam Varlıklar, Diğer Finansal Aracılar (Konsolide Stok)",last,627163320.8478
bie_finhestnks710125,2023-Q2,TP.FINHESTNKS710125.ZP24,"F.1.Parasal Altın ve SDR, Diğer Finansal Aracılar (Konsolide Stok)",last,0.0
bie_finhestnks710125,2023-Q2,TP.FINHESTNKS710125.ZP26,"F.1.2.Özel Çekme Hakları (SDR), Diğer Finansal Aracılar (Konsolide Stok)",last,0.0
bie_finhestnks710125,2023-Q2,TP.FINHESTNKS710125.ZP27,"F.2.Para ve Mevduat, Diğer Finansal Aracılar (Konsolide Stok)",last,0.0
bie_finhestnks710125,2023-Q2,TP.FINHESTNKS710125.ZP28,"F.2.1.Para, Diğer Finansal Aracılar (Konsolide Stok)",last,0.0
bie_finhestnks710125,2023-Q2,TP.FINHESTNKS710125.ZP29,"F.2.2.Vadesiz Mevduat, Diğer Finansal Aracılar (Konsolide Stok)",last,0.0
bie_finhestnks710125,2023-Q2,TP.FINHESTNKS710125.ZP30,"F.2.9.Vadeli Mevduat, Diğer Finansal Aracılar (Konsolide Stok)",last,0.0
bie_finhestnks710125,2023-Q2,TP.FINHESTNKS710125.ZP31,"F.3.Borçlanma Senetleri, Diğer Finansal Aracılar (Konsolide Stok)",last,30328280.704
bie_finhestnks710125,2023-Q2,TP.FINHESTNKS710125.ZP32,"F.3.1.Kısa Vadeli Borçlanma Senetleri, Diğer Finansal Aracılar (Konsolide Stok)",last,19603337.4999
bie_finhestnks710125,2023-Q2,TP.FINHESTNKS710125.ZP33,"F.3.2.Uzun Vadeli Borçlanma Senetleri, Diğer Finansal Aracılar (Konsolide Stok)",last,10724943.2041
bie_finhestnks710125,2023-Q2,TP.FINHESTNKS710125.ZP34,"F.4.Krediler, Diğer Finansal Aracılar (Konsolide Stok)",last,403758735.4896
bie_finhestnks710125,2023-Q2,TP.FINHESTNKS710125.ZP35,"F.4.1.Kısa Vadeli Krediler, Diğer Finansal Aracılar (Konsolide Stok)",last,238217653.9389
bie_finhestnks710125,2023-Q2,TP.FINHESTNKS710125.ZP36,"F.4.2.Uzun Vadeli Krediler, Diğer Finansal Aracılar (Konsolide Stok)",last,165541081.5507
bie_finhestnks710125,2023-Q2,TP.FINHESTNKS710125.ZP37,"F.5.Hisse Senetleri ve Özkaynaklar, Diğer Finansal Aracılar (Konsolide Stok)",last,24829188.4904
bie_finhestnks710125,2023-Q2,TP.FINHESTNKS710125.ZP38,"F.5.1.Hisse Senetleri ve Özkaynaklar, Diğer Finansal Aracılar (Konsolide Stok)",last,24829188.4904
bie_finhestnks710125,2023-Q2,TP.FINHESTNKS710125.ZP39,"F.5.2.Yatırım Fonu Katılma Belgeleri, Diğer Finansal Aracılar (Konsolide Stok)",last,0.0
bie_finhestnks710125,2023-Q2,TP.FINHESTNKS710125.ZP40,"F.5.2.1.Para Piyasası Fonları, Diğer Finansal Aracılar (Konsolide Stok)",last,0.0
bie_finhestnks710125,2023-Q2,TP.FINHESTNKS710125.ZP41,"F.5.2.2.Diğer Yatırım Fonları, Diğer Finansal Aracılar (Konsolide Stok)",last,0.0
bie_finhestnks710125,2023-Q2,TP.FINHESTNKS710125.ZP42,"F.6.Sigorta ve Emeklilik Sözleşmeleri, Diğer Finansal Aracılar (Konsolide Stok)",last,0.0
bie_finhestnks710125,2023-Q2,TP.FINHESTNKS710125.ZP43,"F.7.Finansal Türevler, Diğer Finansal Aracılar (Konsolide Stok)",last,1955622.33
bie_finhestnks710125,2023-Q2,TP.FINHESTNKS710125.ZP44,"F.8.Diğer Borçlar, Diğer Finansal Aracılar (Konsolide Stok)",last,109443584.2973
bie_finhestnks710125,2023-Q2,TP.FINHESTNKS710125.ZP45,"F.0.Toplam Yükümlülükler, Diğer Finansal Aracılar (Konsolide Stok)",last,570315411.3112
bie_finhestnks710125,2023-Q3,TP.FINHESTNKS710125.ZP1,"BF.9.NET FİNANSAL DEĞER, Diğer Finansal Aracılar (Konsolide Stok)",last,69957622.217
bie_finhestnks710125,2023-Q3,TP.FINHESTNKS710125.ZP2,"VF.1.Parasal Altın ve SDR, Diğer Finansal Aracılar (Konsolide Stok)",last,0.0
bie_finhestnks710125,2023-Q3,TP.FINHESTNKS710125.ZP3,"VF.1.1.Parasal Altın, Diğer Finansal Aracılar (Konsolide Stok)",last,0.0
bie_finhestnks710125,2023-Q3,TP.FINHESTNKS710125.ZP4,"VF.1.2.Özel Çekme Hakları (SDR), Diğer Finansal Aracılar (Konsolide Stok)",last,0.0
bie_finhestnks710125,2023-Q3,TP.FINHESTNKS710125.ZP5,"VF.2.Para ve Mevduat, Diğer Finansal Aracılar (Konsolide Stok)",last,93812479.51
bie_finhestnks710125,2023-Q3,TP.FINHESTNKS710125.ZP6,"VF.2.1.Para, Diğer Finansal Aracılar (Konsolide Stok)",last,26346.764
bie_finhestnks710125,2023-Q3,TP.FINHESTNKS710125.ZP7,"VF.2.2.Vadesiz Mevduat, Diğer Finansal Aracılar (Konsolide Stok)",last,30089092.593
bie_finhestnks710125,2023-Q3,TP.FINHESTNKS710125.ZP8,"VF.2.9.Vadeli Mevduat, Diğer Finansal Aracılar (Konsolide Stok)",last,63697040.153
bie_finhestnks710125,2023-Q3,TP.FINHESTNKS710125.ZP9,"VF.3.Borçlanma Senetleri, Diğer Finansal Aracılar (Konsolide Stok)",last,27623056.848
bie_finhestnks710125,2023-Q3,TP.FINHESTNKS710125.ZP10,"VF.3.1.Kısa Vadeli Borçlanma Senetleri, Diğer Finansal Aracılar (Konsolide Stok)",last,4515151.5903
bie_finhestnks710125,2023-Q3,TP.FINHESTNKS710125.ZP11,"VF.3.2.Uzun Vadeli Borçlanma Senetleri, Diğer Finansal Aracılar (Konsolide Stok)",last,23107905.2577
bie_finhestnks710125,2023-Q3,TP.FINHESTNKS710125.ZP12,"VF.4.Krediler, Diğer Finansal Aracılar (Konsolide Stok)",last,496659667.6729
bie_finhestnks710125,2023-Q3,TP.FINHESTNKS710125.ZP13,"VF.4.1.Kısa Vadeli Krediler, Diğer Finansal Aracılar (Konsolide Stok)",last,496659667.6729
bie_finhestnks710125,2023-Q3,TP.FINHESTNKS710125.ZP14,"VF.4.2.Uzun Vadeli Krediler, Diğer Finansal Aracılar (Konsolide Stok)",last,0.0
bie_finhestnks710125,2023-Q3,TP.FINHESTNKS710125.ZP15,"VF.5.Hisse Senetleri ve Özkaynaklar, Diğer Finansal Aracılar (Konsolide Stok)",last,29758404.8393
bie_finhestnks710125,2023-Q3,TP.FINHESTNKS710125.ZP16,"VF.5.1.Hisse Senetleri ve Özkaynaklar, Diğer Finansal Aracılar (Konsolide Stok)",last,29758404.8393
bie_finhestnks710125,2023-Q3,TP.FINHESTNKS710125.ZP17,"VF.5.2.Yatırım Fonu Katılma Belgeleri, Diğer Finansal Aracılar (Konsolide Stok)",last,0.0
bie_finhestnks710125,2023-Q3,TP.FINHESTNKS710125.ZP18,"VF.5.2.1.Para Piyasası Fonları, Diğer Finansal Aracılar (Konsolide Stok)",last,0.0
bie_finhestnks710125,2023-Q3,TP.FINHESTNKS710125.ZP19,"VF.5.2.2.Diğer Yatırım Fonları, Diğer Finansal Aracılar (Konsolide Stok)",last,0.0
bie_finhestnks710125,2023-Q3,TP.FINHESTNKS710125.ZP20,"VF.6.Sigorta ve Emeklilik Sözleşmeleri, Diğer Finansal Aracılar (Konsolide Stok)",last,0.0
bie_finhestnks710125,2023-Q3,TP.FINHESTNKS710125.ZP21,"VF.7.Finansal Türevler, Diğer Finansal Aracılar (Konsolide Stok)",last,1837587.337
bie_finhestnks710125,2023-Q3,TP.FINHESTNKS710125.ZP22,"VF.8.Diğer Alacaklar, Diğer Finansal Aracılar (Konsolide Stok)",last,83878667.2342
bie_finhestnks710125,2023-Q3,TP.FINHESTNKS710125.ZP23,"VF.0.Toplam Varlıklar, Diğer Finansal Aracılar (Konsolide Stok)",last,733569863.4415
bie_finhestnks710125,2023-Q3,TP.FINHESTNKS710125.ZP24,"F.1.Parasal Altın ve SDR, Diğer Finansal Aracılar (Konsolide Stok)",last,0.0
bie_finhestnks710125,2023-Q3,TP.FINHESTNKS710125.ZP26,"F.1.2.Özel Çekme Hakları (SDR), Diğer Finansal Aracılar (Konsolide Stok)",last,0.0
bie_finhestnks710125,2023-Q3,TP.FINHESTNKS710125.ZP27,"F.2.Para ve Mevduat, Diğer Finansal Aracılar (Konsolide Stok)",last,0.0
bie_finhestnks710125,2023-Q3,TP.FINHESTNKS710125.ZP28,"F.2.1.Para, Diğer Finansal Aracılar (Konsolide Stok)",last,0.0
bie_finhestnks710125,2023-Q3,TP.FINHESTNKS710125.ZP29,"F.2.2.Vadesiz Mevduat, Diğer Finansal Aracılar (Konsolide Stok)",last,0.0
bie_finhestnks710125,2023-Q3,TP.FINHESTNKS710125.ZP30,"F.2.9.Vadeli Mevduat, Diğer Finansal Aracılar (Konsolide Stok)",last,0.0
bie_finhestnks710125,2023-Q3,TP.FINHESTNKS710125.ZP31,"F.3.Borçlanma Senetleri, Diğer Finansal Aracılar (Konsolide Stok)",last,41704333.897
bie_finhestnks710125,2023-Q3,TP.FINHESTNKS710125.ZP32,"F.3.1.Kısa Vadeli Borçlanma Senetleri, Diğer Finansal Aracılar (Konsolide Stok)",last,28886549.2946
bie_finhestnks710125,2023-Q3,TP.FINHESTNKS710125.ZP33,"F.3.2.Uzun Vadeli Borçlanma Senetleri, Diğer Finansal Aracılar (Konsolide Stok)",last,12817784.6024
bie_finhestnks710125,2023-Q3,TP.FINHESTNKS710125.ZP34,"F.4.Krediler, Diğer Finansal Aracılar (Konsolide Stok)",last,450976500.4659
bie_finhestnks710125,2023-Q3,TP.FINHESTNKS710125.ZP35,"F.4.1.Kısa Vadeli Krediler, Diğer Finansal Aracılar (Konsolide Stok)",last,257056605.2656
bie_finhestnks710125,2023-Q3,TP.FINHESTNKS710125.ZP36,"F.4.2.Uzun Vadeli Krediler, Diğer Finansal Aracılar (Konsolide Stok)",last,193919895.2004
bie_finhestnks710125,2023-Q3,TP.FINHESTNKS710125.ZP37,"F.5.Hisse Senetleri ve Özkaynaklar, Diğer Finansal Aracılar (Konsolide Stok)",last,32129022.5143
bie_finhestnks710125,2023-Q3,TP.FINHESTNKS710125.ZP38,"F.5.1.Hisse Senetleri ve Özkaynaklar, Diğer Finansal Aracılar (Konsolide Stok)",last,32129022.5143
bie_finhestnks710125,2023-Q3,TP.FINHESTNKS710125.ZP39,"F.5.2.Yatırım Fonu Katılma Belgeleri, Diğer Finansal Aracılar (Konsolide Stok)",last,0.0
bie_finhestnks710125,2023-Q3,TP.FINHESTNKS710125.ZP40,"F.5.2.1.Para Piyasası Fonları, Diğer Finansal Aracılar (Konsolide Stok)",last,0.0
bie_finhestnks710125,2023-Q3,TP.FINHESTNKS710125.ZP41,"F.5.2.2.Diğer Yatırım Fonları, Diğer Finansal Aracılar (Konsolide Stok)",last,0.0
bie_finhestnks710125,2023-Q3,TP.FINHESTNKS710125.ZP42,"F.6.Sigorta ve Emeklilik Sözleşmeleri, Diğer Finansal Aracılar (Konsolide Stok)",last,0.0
bie_finhestnks710125,2023-Q3,TP.FINHESTNKS710125.ZP43,"F.7.Finansal Türevler, Diğer Finansal Aracılar (Konsolide Stok)",last,1558864.426
bie_finhestnks710125,2023-Q3,TP.FINHESTNKS710125.ZP44,"F.8.Diğer Borçlar, Diğer Finansal Aracılar (Konsolide Stok)",last,137243519.9212
bie_finhestnks710125,2023-Q3,TP.FINHESTNKS710125.ZP45,"F.0.Toplam Yükümlülükler, Diğer Finansal Aracılar (Konsolide Stok)",last,663612241.2245
bie_finhestnks710125,2023-Q4,TP.FINHESTNKS710125.ZP1,"BF.9.NET FİNANSAL DEĞER, Diğer Finansal Aracılar (Konsolide Stok)",last,94276091.406
bie_finhestnks710125,2023-Q4,TP.FINHESTNKS710125.ZP2,"VF.1.Parasal Altın ve SDR, Diğer Finansal Aracılar (Konsolide Stok)",last,0.0
bie_finhestnks710125,2023-Q4,TP.FINHESTNKS710125.ZP3,"VF.1.1.Parasal Altın, Diğer Finansal Aracılar (Konsolide Stok)",last,0.0
bie_finhestnks710125,2023-Q4,TP.FINHESTNKS710125.ZP4,"VF.1.2.Özel Çekme Hakları (SDR), Diğer Finansal Aracılar (Konsolide Stok)",last,0.0
bie_finhestnks710125,2023-Q4,TP.FINHESTNKS710125.ZP5,"VF.2.Para ve Mevduat, Diğer Finansal Aracılar (Konsolide Stok)",last,85493883.576
bie_finhestnks710125,2023-Q4,TP.FINHESTNKS710125.ZP6,"VF.2.1.Para, Diğer Finansal Aracılar (Konsolide Stok)",last,4335.465
bie_finhestnks710125,2023-Q4,TP.FINHESTNKS710125.ZP7,"VF.2.2.Vadesiz Mevduat, Diğer Finansal Aracılar (Konsolide Stok)",last,29357460.5042
bie_finhestnks710125,2023-Q4,TP.FINHESTNKS710125.ZP8,"VF.2.9.Vadeli Mevduat, Diğer Finansal Aracılar (Konsolide Stok)",last,56132087.6068
bie_finhestnks710125,2023-Q4,TP.FINHESTNKS710125.ZP9,"VF.3.Borçlanma Senetleri, Diğer Finansal Aracılar (Konsolide Stok)",last,36851503.372
bie_finhestnks710125,2023-Q4,TP.FINHESTNKS710125.ZP10,"VF.3.1.Kısa Vadeli Borçlanma Senetleri, Diğer Finansal Aracılar (Konsolide Stok)",last,8036878.8828
bie_finhestnks710125,2023-Q4,TP.FINHESTNKS710125.ZP11,"VF.3.2.Uzun Vadeli Borçlanma Senetleri, Diğer Finansal Aracılar (Konsolide Stok)",last,28814624.4892
bie_finhestnks710125,2023-Q4,TP.FINHESTNKS710125.ZP12,"VF.4.Krediler, Diğer Finansal Aracılar (Konsolide Stok)",last,577741043.3994
bie_finhestnks710125,2023-Q4,TP.FINHESTNKS710125.ZP13,"VF.4.1.Kısa Vadeli Krediler, Diğer Finansal Aracılar (Konsolide Stok)",last,577741043.3994
bie_finhestnks710125,2023-Q4,TP.FINHESTNKS710125.ZP14,"VF.4.2.Uzun Vadeli Krediler, Diğer Finansal Aracılar (Konsolide Stok)",last,0.0
bie_finhestnks710125,2023-Q4,TP.FINHESTNKS710125.ZP15,"VF.5.Hisse Senetleri ve Özkaynaklar, Diğer Finansal Aracılar (Konsolide Stok)",last,25005148.4133
bie_finhestnks710125,2023-Q4,TP.FINHESTNKS710125.ZP16,"VF.5.1.Hisse Senetleri ve Özkaynaklar, Diğer Finansal Aracılar (Konsolide Stok)",last,25005148.4133
bie_finhestnks710125,2023-Q4,TP.FINHESTNKS710125.ZP17,"VF.5.2.Yatırım Fonu Katılma Belgeleri, Diğer Finansal Aracılar (Konsolide Stok)",last,0.0
bie_finhestnks710125,2023-Q4,TP.FINHESTNKS710125.ZP18,"VF.5.2.1.Para Piyasası Fonları, Diğer Finansal Aracılar (Konsolide Stok)",last,0.0
bie_finhestnks710125,2023-Q4,TP.FINHESTNKS710125.ZP19,"VF.5.2.2.Diğer Yatırım Fonları, Diğer Finansal Aracılar (Konsolide Stok)",last,0.0
bie_finhestnks710125,2023-Q4,TP.FINHESTNKS710125.ZP20,"VF.6.Sigorta ve Emeklilik Sözleşmeleri, Diğer Finansal Aracılar (Konsolide Stok)",last,0.0
bie_finhestnks710125,2023-Q4,TP.FINHESTNKS710125.ZP21,"VF.7.Finansal Türevler, Diğer Finansal Aracılar (Konsolide Stok)",last,1753717.993
bie_finhestnks710125,2023-Q4,TP.FINHESTNKS710125.ZP22,"VF.8.Diğer Alacaklar, Diğer Finansal Aracılar (Konsolide Stok)",last,78461088.4331
bie_finhestnks710125,2023-Q4,TP.FINHESTNKS710125.ZP23,"VF.0.Toplam Varlıklar, Diğer Finansal Aracılar (Konsolide Stok)",last,805306385.1869
bie_finhestnks710125,2023-Q4,TP.FINHESTNKS710125.ZP24,"F.1.Parasal Altın ve SDR, Diğer Finansal Aracılar (Konsolide Stok)",last,0.0
bie_finhestnks710125,2023-Q4,TP.FINHESTNKS710125.ZP26,"F.1.2.Özel Çekme Hakları (SDR), Diğer Finansal Aracılar (Konsolide Stok)",last,0.0
bie_finhestnks710125,2023-Q4,TP.FINHESTNKS710125.ZP27,"F.2.Para ve Mevduat, Diğer Finansal Aracılar (Konsolide Stok)",last,0.0
bie_finhestnks710125,2023-Q4,TP.FINHESTNKS710125.ZP28,"F.2.1.Para, Diğer Finansal Aracılar (Konsolide Stok)",last,0.0
bie_finhestnks710125,2023-Q4,TP.FINHESTNKS710125.ZP29,"F.2.2.Vadesiz Mevduat, Diğer Finansal Aracılar (Konsolide Stok)",last,0.0
bie_finhestnks710125,2023-Q4,TP.FINHESTNKS710125.ZP30,"F.2.9.Vadeli Mevduat, Diğer Finansal Aracılar (Konsolide Stok)",last,0.0
bie_finhestnks710125,2023-Q4,TP.FINHESTNKS710125.ZP31,"F.3.Borçlanma Senetleri, Diğer Finansal Aracılar (Konsolide Stok)",last,59802401.367
bie_finhestnks710125,2023-Q4,TP.FINHESTNKS710125.ZP32,"F.3.1.Kısa Vadeli Borçlanma Senetleri, Diğer Finansal Aracılar (Konsolide Stok)",last,38969138.7603
bie_finhestnks710125,2023-Q4,TP.FINHESTNKS710125.ZP33,"F.3.2.Uzun Vadeli Borçlanma Senetleri, Diğer Finansal Aracılar (Konsolide Stok)",last,20833262.6067
bie_finhestnks710125,2023-Q4,TP.FINHESTNKS710125.ZP34,"F.4.Krediler, Diğer Finansal Aracılar (Konsolide Stok)",last,476253412.5444
bie_finhestnks710125,2023-Q4,TP.FINHESTNKS710125.ZP35,"F.4.1.Kısa Vadeli Krediler, Diğer Finansal Aracılar (Konsolide Stok)",last,242889240.3977
bie_finhestnks710125,2023-Q4,TP.FINHESTNKS710125.ZP36,"F.4.2.Uzun Vadeli Krediler, Diğer Finansal Aracılar (Konsolide Stok)",last,233364172.1468
bie_finhestnks710125,2023-Q4,TP.FINHESTNKS710125.ZP37,"F.5.Hisse Senetleri ve Özkaynaklar, Diğer Finansal Aracılar (Konsolide Stok)",last,34326544.5493
bie_finhestnks710125,2023-Q4,TP.FINHESTNKS710125.ZP38,"F.5.1.Hisse Senetleri ve Özkaynaklar, Diğer Finansal Aracılar (Konsolide Stok)",last,34326544.5493
bie_finhestnks710125,2023-Q4,TP.FINHESTNKS710125.ZP39,"F.5.2.Yatırım Fonu Katılma Belgeleri, Diğer Finansal Aracılar (Konsolide Stok)",last,0.0
bie_finhestnks710125,2023-Q4,TP.FINHESTNKS710125.ZP40,"F.5.2.1.Para Piyasası Fonları, Diğer Finansal Aracılar (Konsolide Stok)",last,0.0
bie_finhestnks710125,2023-Q4,TP.FINHESTNKS710125.ZP41,"F.5.2.2.Diğer Yatırım Fonları, Diğer Finansal Aracılar (Konsolide Stok)",last,0.0
bie_finhestnks710125,2023-Q4,TP.FINHESTNKS710125.ZP42,"F.6.Sigorta ve Emeklilik Sözleşmeleri, Diğer Finansal Aracılar (Konsolide Stok)",last,0.0
bie_finhestnks710125,2023-Q4,TP.FINHESTNKS710125.ZP43,"F.7.Finansal Türevler, Diğer Finansal Aracılar (Konsolide Stok)",last,1090210.551
bie_finhestnks710125,2023-Q4,TP.FINHESTNKS710125.ZP44,"F.8.Diğer Borçlar, Diğer Finansal Aracılar (Konsolide Stok)",last,139557724.7691
bie_finhestnks710125,2023-Q4,TP.FINHESTNKS710125.ZP45,"F.0.Toplam Yükümlülükler, Diğer Finansal Aracılar (Konsolide Stok)",last,711030293.7809
bie_finhestnks710125,2024-Q1,TP.FINHESTNKS710125.ZP1,"BF.9.NET FİNANSAL DEĞER, Diğer Finansal Aracılar (Konsolide Stok)",last,109560802.506
bie_finhestnks710125,2024-Q1,TP.FINHESTNKS710125.ZP2,"VF.1.Parasal Altın ve SDR, Diğer Finansal Aracılar (Konsolide Stok)",last,0.0
bie_finhestnks710125,2024-Q1,TP.FINHESTNKS710125.ZP3,"VF.1.1.Parasal Altın, Diğer Finansal Aracılar (Konsolide Stok)",last,0.0
bie_finhestnks710125,2024-Q1,TP.FINHESTNKS710125.ZP4,"VF.1.2.Özel Çekme Hakları (SDR), Diğer Finansal Aracılar (Konsolide Stok)",last,0.0
bie_finhestnks710125,2024-Q1,TP.FINHESTNKS710125.ZP5,"VF.2.Para ve Mevduat, Diğer Finansal Aracılar (Konsolide Stok)",last,93047771.727
bie_finhestnks710125,2024-Q1,TP.FINHESTNKS710125.ZP6,"VF.2.1.Para, Diğer Finansal Aracılar (Konsolide Stok)",last,32436.346
bie_finhestnks710125,2024-Q1,TP.FINHESTNKS710125.ZP7,"VF.2.2.Vadesiz Mevduat, Diğer Finansal Aracılar (Konsolide Stok)",last,28317122.176
bie_finhestnks710125,2024-Q1,TP.FINHESTNKS710125.ZP8,"VF.2.9.Vadeli Mevduat, Diğer Finansal Aracılar (Konsolide Stok)",last,64698213.205
bie_finhestnks710125,2024-Q1,TP.FINHESTNKS710125.ZP9,"VF.3.Borçlanma Senetleri, Diğer Finansal Aracılar (Konsolide Stok)",last,39215917.435
bie_finhestnks710125,2024-Q1,TP.FINHESTNKS710125.ZP10,"VF.3.1.Kısa Vadeli Borçlanma Senetleri, Diğer Finansal Aracılar (Konsolide Stok)",last,10252484.9504
bie_finhestnks710125,2024-Q1,TP.FINHESTNKS710125.ZP11,"VF.3.2.Uzun Vadeli Borçlanma Senetleri, Diğer Finansal Aracılar (Konsolide Stok)",last,28963432.4846
bie_finhestnks710125,2024-Q1,TP.FINHESTNKS710125.ZP12,"VF.4.Krediler, Diğer Finansal Aracılar (Konsolide Stok)",last,631441395.5808
bie_finhestnks710125,2024-Q1,TP.FINHESTNKS710125.ZP13,"VF.4.1.Kısa Vadeli Krediler, Diğer Finansal Aracılar (Konsolide Stok)",last,631441395.5808
bie_finhestnks710125,2024-Q1,TP.FINHESTNKS710125.ZP14,"VF.4.2.Uzun Vadeli Krediler, Diğer Finansal Aracılar (Konsolide Stok)",last,0.0
bie_finhestnks710125,2024-Q1,TP.FINHESTNKS710125.ZP15,"VF.5.Hisse Senetleri ve Özkaynaklar, Diğer Finansal Aracılar (Konsolide Stok)",last,32899179.1847
bie_finhestnks710125,2024-Q1,TP.FINHESTNKS710125.ZP16,"VF.5.1.Hisse Senetleri ve Özkaynaklar, Diğer Finansal Aracılar (Konsolide Stok)",last,32899179.1847
bie_finhestnks710125,2024-Q1,TP.FINHESTNKS710125.ZP17,"VF.5.2.Yatırım Fonu Katılma Belgeleri, Diğer Finansal Aracılar (Konsolide Stok)",last,0.0
bie_finhestnks710125,2024-Q1,TP.FINHESTNKS710125.ZP18,"VF.5.2.1.Para Piyasası Fonları, Diğer Finansal Aracılar (Konsolide Stok)",last,0.0
bie_finhestnks710125,2024-Q1,TP.FINHESTNKS710125.ZP19,"VF.5.2.2.Diğer Yatırım Fonları, Diğer Finansal Aracılar (Konsolide Stok)",last,0.0
bie_finhestnks710125,2024-Q1,TP.FINHESTNKS710125.ZP20,"VF.6.Sigorta ve Emeklilik Sözleşmeleri, Diğer Finansal Aracılar (Konsolide Stok)",last,0.0
bie_finhestnks710125,2024-Q1,TP.FINHESTNKS710125.ZP21,"VF.7.Finansal Türevler, Diğer Finansal Aracılar (Konsolide Stok)",last,2436499.335
bie_finhestnks710125,2024-Q1,TP.FINHESTNKS710125.ZP22,"VF.8.Diğer Alacaklar, Diğer Finansal Aracılar (Konsolide Stok)",last,92677650.9331
bie_finhestnks710125,2024-Q1,TP.FINHESTNKS710125.ZP23,"VF.0.Toplam Varlıklar, Diğer Finansal Aracılar (Konsolide Stok)",last,891718414.1956
bie_finhestnks710125,2024-Q1,TP.FINHESTNKS710125.ZP24,"F.1.Parasal Altın ve SDR, Diğer Finansal Aracılar (Konsolide Stok)",last,0.0
bie_finhestnks710125,2024-Q1,TP.FINHESTNKS710125.ZP26,"F.1.2.Özel Çekme Hakları (SDR), Diğer Finansal Aracılar (Konsolide Stok)",last,0.0
bie_finhestnks710125,2024-Q1,TP.FINHESTNKS710125.ZP27,"F.2.Para ve Mevduat, Diğer Finansal Aracılar (Konsolide Stok)",last,0.0
bie_finhestnks710125,2024-Q1,TP.FINHESTNKS710125.ZP28,"F.2.1.Para, Diğer Finansal Aracılar (Konsolide Stok)",last,0.0
bie_finhestnks710125,2024-Q1,TP.FINHESTNKS710125.ZP29,"F.2.2.Vadesiz Mevduat, Diğer Finansal Aracılar (Konsolide Stok)",last,0.0
bie_finhestnks710125,2024-Q1,TP.FINHESTNKS710125.ZP30,"F.2.9.Vadeli Mevduat, Diğer Finansal Aracılar (Konsolide Stok)",last,0.0
bie_finhestnks710125,2024-Q1,TP.FINHESTNKS710125.ZP31,"F.3.Borçlanma Senetleri, Diğer Finansal Aracılar (Konsolide Stok)",last,60309619.196
bie_finhestnks710125,2024-Q1,TP.FINHESTNKS710125.ZP32,"F.3.1.Kısa Vadeli Borçlanma Senetleri, Diğer Finansal Aracılar (Konsolide Stok)",last,37665714.1575
bie_finhestnks710125,2024-Q1,TP.FINHESTNKS710125.ZP33,"F.3.2.Uzun Vadeli Borçlanma Senetleri, Diğer Finansal Aracılar (Konsolide Stok)",last,22643905.0385
bie_finhestnks710125,2024-Q1,TP.FINHESTNKS710125.ZP34,"F.4.Krediler, Diğer Finansal Aracılar (Konsolide Stok)",last,527154378.5778
bie_finhestnks710125,2024-Q1,TP.FINHESTNKS710125.ZP35,"F.4.1.Kısa Vadeli Krediler, Diğer Finansal Aracılar (Konsolide Stok)",last,268848733.0747
bie_finhestnks710125,2024-Q1,TP.FINHESTNKS710125.ZP36,"F.4.2.Uzun Vadeli Krediler, Diğer Finansal Aracılar (Konsolide Stok)",last,258305645.5031
bie_finhestnks710125,2024-Q1,TP.FINHESTNKS710125.ZP37,"F.5.Hisse Senetleri ve Özkaynaklar, Diğer Finansal Aracılar (Konsolide Stok)",last,36837111.5727
bie_finhestnks710125,2024-Q1,TP.FINHESTNKS710125.ZP38,"F.5.1.Hisse Senetleri ve Özkaynaklar, Diğer Finansal Aracılar (Konsolide Stok)",last,36837111.5727
bie_finhestnks710125,2024-Q1,TP.FINHESTNKS710125.ZP39,"F.5.2.Yatırım Fonu Katılma Belgeleri, Diğer Finansal Aracılar (Konsolide Stok)",last,0.0
bie_finhestnks710125,2024-Q1,TP.FINHESTNKS710125.ZP40,"F.5.2.1.Para Piyasası Fonları, Diğer Finansal Aracılar (Konsolide Stok)",last,0.0
bie_finhestnks710125,2024-Q1,TP.FINHESTNKS710125.ZP41,"F.5.2.2.Diğer Yatırım Fonları, Diğer Finansal Aracılar (Konsolide Stok)",last,0.0
bie_finhestnks710125,2024-Q1,TP.FINHESTNKS710125.ZP42,"F.6.Sigorta ve Emeklilik Sözleşmeleri, Diğer Finansal Aracılar (Konsolide Stok)",last,0.0
bie_finhestnks710125,2024-Q1,TP.FINHESTNKS710125.ZP43,"F.7.Finansal Türevler, Diğer Finansal Aracılar (Konsolide Stok)",last,1183135.038
bie_finhestnks710125,2024-Q1,TP.FINHESTNKS710125.ZP44,"F.8.Diğer Borçlar, Diğer Finansal Aracılar (Konsolide Stok)",last,156673367.3051
bie_finhestnks710125,2024-Q1,TP.FINHESTNKS710125.ZP45,"F.0.Toplam Yükümlülükler, Diğer Finansal Aracılar (Konsolide Stok)",last,782157611.6896
bie_finhestnks710125,2024-Q2,TP.FINHESTNKS710125.ZP1,"BF.9.NET FİNANSAL DEĞER, Diğer Finansal Aracılar (Konsolide Stok)",last,126358990.774
bie_finhestnks710125,2024-Q2,TP.FINHESTNKS710125.ZP2,"VF.1.Parasal Altın ve SDR, Diğer Finansal Aracılar (Konsolide Stok)",last,0.0
bie_finhestnks710125,2024-Q2,TP.FINHESTNKS710125.ZP3,"VF.1.1.Parasal Altın, Diğer Finansal Aracılar (Konsolide Stok)",last,0.0
bie_finhestnks710125,2024-Q2,TP.FINHESTNKS710125.ZP4,"VF.1.2.Özel Çekme Hakları (SDR), Diğer Finansal Aracılar (Konsolide Stok)",last,0.0
bie_finhestnks710125,2024-Q2,TP.FINHESTNKS710125.ZP5,"VF.2.Para ve Mevduat, Diğer Finansal Aracılar (Konsolide Stok)",last,76600474.055
bie_finhestnks710125,2024-Q2,TP.FINHESTNKS710125.ZP6,"VF.2.1.Para, Diğer Finansal Aracılar (Konsolide Stok)",last,11131.161
bie_finhestnks710125,2024-Q2,TP.FINHESTNKS710125.ZP7,"VF.2.2.Vadesiz Mevduat, Diğer Finansal Aracılar (Konsolide Stok)",last,25767489.0884
bie_finhestnks710125,2024-Q2,TP.FINHESTNKS710125.ZP8,"VF.2.9.Vadeli Mevduat, Diğer Finansal Aracılar (Konsolide Stok)",last,50821853.8056
bie_finhestnks710125,2024-Q2,TP.FINHESTNKS710125.ZP9,"VF.3.Borçlanma Senetleri, Diğer Finansal Aracılar (Konsolide Stok)",last,44409631.25
bie_finhestnks710125,2024-Q2,TP.FINHESTNKS710125.ZP10,"VF.3.1.Kısa Vadeli Borçlanma Senetleri, Diğer Finansal Aracılar (Konsolide Stok)",last,11869278.051
bie_finhestnks710125,2024-Q2,TP.FINHESTNKS710125.ZP11,"VF.3.2.Uzun Vadeli Borçlanma Senetleri, Diğer Finansal Aracılar (Konsolide Stok)",last,32540353.199
bie_finhestnks710125,2024-Q2,TP.FINHESTNKS710125.ZP12,"VF.4.Krediler, Diğer Finansal Aracılar (Konsolide Stok)",last,672081220.3388
bie_finhestnks710125,2024-Q2,TP.FINHESTNKS710125.ZP13,"VF.4.1.Kısa Vadeli Krediler, Diğer Finansal Aracılar (Konsolide Stok)",last,672081220.3388
bie_finhestnks710125,2024-Q2,TP.FINHESTNKS710125.ZP14,"VF.4.2.Uzun Vadeli Krediler, Diğer Finansal Aracılar (Konsolide Stok)",last,0.0
bie_finhestnks710125,2024-Q2,TP.FINHESTNKS710125.ZP15,"VF.5.Hisse Senetleri ve Özkaynaklar, Diğer Finansal Aracılar (Konsolide Stok)",last,33668029.5014
bie_finhestnks710125,2024-Q2,TP.FINHESTNKS710125.ZP16,"VF.5.1.Hisse Senetleri ve Özkaynaklar, Diğer Finansal Aracılar (Konsolide Stok)",last,33668029.5014
bie_finhestnks710125,2024-Q2,TP.FINHESTNKS710125.ZP17,"VF.5.2.Yatırım Fonu Katılma Belgeleri, Diğer Finansal Aracılar (Konsolide Stok)",last,0.0
bie_finhestnks710125,2024-Q2,TP.FINHESTNKS710125.ZP18,"VF.5.2.1.Para Piyasası Fonları, Diğer Finansal Aracılar (Konsolide Stok)",last,0.0
bie_finhestnks710125,2024-Q2,TP.FINHESTNKS710125.ZP19,"VF.5.2.2.Diğer Yatırım Fonları, Diğer Finansal Aracılar (Konsolide Stok)",last,0.0
bie_finhestnks710125,2024-Q2,TP.FINHESTNKS710125.ZP20,"VF.6.Sigorta ve Emeklilik Sözleşmeleri, Diğer Finansal Aracılar (Konsolide Stok)",last,0.0
bie_finhestnks710125,2024-Q2,TP.FINHESTNKS710125.ZP21,"VF.7.Finansal Türevler, Diğer Finansal Aracılar (Konsolide Stok)",last,1757381.066
bie_finhestnks710125,2024-Q2,TP.FINHESTNKS710125.ZP22,"VF.8.Diğer Alacaklar, Diğer Finansal Aracılar (Konsolide Stok)",last,101151766.5238
bie_finhestnks710125,2024-Q2,TP.FINHESTNKS710125.ZP23,"VF.0.Toplam Varlıklar, Diğer Finansal Aracılar (Konsolide Stok)",last,929668502.735
bie_finhestnks710125,2024-Q2,TP.FINHESTNKS710125.ZP24,"F.1.Parasal Altın ve SDR, Diğer Finansal Aracılar (Konsolide Stok)",last,0.0
bie_finhestnks710125,2024-Q2,TP.FINHESTNKS710125.ZP26,"F.1.2.Özel Çekme Hakları (SDR), Diğer Finansal Aracılar (Konsolide Stok)",last,0.0
bie_finhestnks710125,2024-Q2,TP.FINHESTNKS710125.ZP27,"F.2.Para ve Mevduat, Diğer Finansal Aracılar (Konsolide Stok)",last,0.0
bie_finhestnks710125,2024-Q2,TP.FINHESTNKS710125.ZP28,"F.2.1.Para, Diğer Finansal Aracılar (Konsolide Stok)",last,0.0
bie_finhestnks710125,2024-Q2,TP.FINHESTNKS710125.ZP29,"F.2.2.Vadesiz Mevduat, Diğer Finansal Aracılar (Konsolide Stok)",last,0.0
bie_finhestnks710125,2024-Q2,TP.FINHESTNKS710125.ZP30,"F.2.9.Vadeli Mevduat, Diğer Finansal Aracılar (Konsolide Stok)",last,0.0
bie_finhestnks710125,2024-Q2,TP.FINHESTNKS710125.ZP31,"F.3.Borçlanma Senetleri, Diğer Finansal Aracılar (Konsolide Stok)",last,59549268.769
bie_finhestnks710125,2024-Q2,TP.FINHESTNKS710125.ZP32,"F.3.1.Kısa Vadeli Borçlanma Senetleri, Diğer Finansal Aracılar (Konsolide Stok)",last,38442217.1332
bie_finhestnks710125,2024-Q2,TP.FINHESTNKS710125.ZP33,"F.3.2.Uzun Vadeli Borçlanma Senetleri, Diğer Finansal Aracılar (Konsolide Stok)",last,21107051.6358
bie_finhestnks710125,2024-Q2,TP.FINHESTNKS710125.ZP34,"F.4.Krediler, Diğer Finansal Aracılar (Konsolide Stok)",last,542146892.8128
bie_finhestnks710125,2024-Q2,TP.FINHESTNKS710125.ZP35,"F.4.1.Kısa Vadeli Krediler, Diğer Finansal Aracılar (Konsolide Stok)",last,276494915.3345
bie_finhestnks710125,2024-Q2,TP.FINHESTNKS710125.ZP36,"F.4.2.Uzun Vadeli Krediler, Diğer Finansal Aracılar (Konsolide Stok)",last,265651977.4783
bie_finhestnks710125,2024-Q2,TP.FINHESTNKS710125.ZP37,"F.5.Hisse Senetleri ve Özkaynaklar, Diğer Finansal Aracılar (Konsolide Stok)",last,38909231.8554
bie_finhestnks710125,2024-Q2,TP.FINHESTNKS710125.ZP38,"F.5.1.Hisse Senetleri ve Özkaynaklar, Diğer Finansal Aracılar (Konsolide Stok)",last,38909231.8554
bie_finhestnks710125,2024-Q2,TP.FINHESTNKS710125.ZP39,"F.5.2.Yatırım Fonu Katılma Belgeleri, Diğer Finansal Aracılar (Konsolide Stok)",last,0.0
bie_finhestnks710125,2024-Q2,TP.FINHESTNKS710125.ZP40,"F.5.2.1.Para Piyasası Fonları, Diğer Finansal Aracılar (Konsolide Stok)",last,0.0
bie_finhestnks710125,2024-Q2,TP.FINHESTNKS710125.ZP41,"F.5.2.2.Diğer Yatırım Fonları, Diğer Finansal Aracılar (Konsolide Stok)",last,0.0
bie_finhestnks710125,2024-Q2,TP.FINHESTNKS710125.ZP42,"F.6.Sigorta ve Emeklilik Sözleşmeleri, Diğer Finansal Aracılar (Konsolide Stok)",last,0.0
bie_finhestnks710125,2024-Q2,TP.FINHESTNKS710125.ZP43,"F.7.Finansal Türevler, Diğer Finansal Aracılar (Konsolide Stok)",last,1534717.558
bie_finhestnks710125,2024-Q2,TP.FINHESTNKS710125.ZP44,"F.8.Diğer Borçlar, Diğer Finansal Aracılar (Konsolide Stok)",last,161169400.9658
bie_finhestnks710125,2024-Q2,TP.FINHESTNKS710125.ZP45,"F.0.Toplam Yükümlülükler, Diğer Finansal Aracılar (Konsolide Stok)",last,803309511.961
bie_finhestnks710125,2024-Q3,TP.FINHESTNKS710125.ZP1,"BF.9.NET FİNANSAL DEĞER, Diğer Finansal Aracılar (Konsolide Stok)",last,119239919.506
bie_finhestnks710125,2024-Q3,TP.FINHESTNKS710125.ZP2,"VF.1.Parasal Altın ve SDR, Diğer Finansal Aracılar (Konsolide Stok)",last,0.0
bie_finhestnks710125,2024-Q3,TP.FINHESTNKS710125.ZP3,"VF.1.1.Parasal Altın, Diğer Finansal Aracılar (Konsolide Stok)",last,0.0
bie_finhestnks710125,2024-Q3,TP.FINHESTNKS710125.ZP4,"VF.1.2.Özel Çekme Hakları (SDR), Diğer Finansal Aracılar (Konsolide Stok)",last,0.0
bie_finhestnks710125,2024-Q3,TP.FINHESTNKS710125.ZP5,"VF.2.Para ve Mevduat, Diğer Finansal Aracılar (Konsolide Stok)",last,87617259.727
bie_finhestnks710125,2024-Q3,TP.FINHESTNKS710125.ZP6,"VF.2.1.Para, Diğer Finansal Aracılar (Konsolide Stok)",last,69756.346
bie_finhestnks710125,2024-Q3,TP.FINHESTNKS710125.ZP7,"VF.2.2.Vadesiz Mevduat, Diğer Finansal Aracılar (Konsolide Stok)",last,28601608.7583
bie_finhestnks710125,2024-Q3,TP.FINHESTNKS710125.ZP8,"VF.2.9.Vadeli Mevduat, Diğer Finansal Aracılar (Konsolide Stok)",last,58945894.6227
bie_finhestnks710125,2024-Q3,TP.FINHESTNKS710125.ZP9,"VF.3.Borçlanma Senetleri, Diğer Finansal Aracılar (Konsolide Stok)",last,42383511.435
bie_finhestnks710125,2024-Q3,TP.FINHESTNKS710125.ZP10,"VF.3.1.Kısa Vadeli Borçlanma Senetleri, Diğer Finansal Aracılar (Konsolide Stok)",last,11354067.9603
bie_finhestnks710125,2024-Q3,TP.FINHESTNKS710125.ZP11,"VF.3.2.Uzun Vadeli Borçlanma Senetleri, Diğer Finansal Aracılar (Konsolide Stok)",last,31029443.4747
bie_finhestnks710125,2024-Q3,TP.FINHESTNKS710125.ZP12,"VF.4.Krediler, Diğer Finansal Aracılar (Konsolide Stok)",last,692950799.8234
bie_finhestnks710125,2024-Q3,TP.FINHESTNKS710125.ZP13,"VF.4.1.Kısa Vadeli Krediler, Diğer Finansal Aracılar (Konsolide Stok)",last,692950799.8234
bie_finhestnks710125,2024-Q3,TP.FINHESTNKS710125.ZP14,"VF.4.2.Uzun Vadeli Krediler, Diğer Finansal Aracılar (Konsolide Stok)",last,0.0
bie_finhestnks710125,2024-Q3,TP.FINHESTNKS710125.ZP15,"VF.5.Hisse Senetleri ve Özkaynaklar, Diğer Finansal Aracılar (Konsolide Stok)",last,33655627.2312
bie_finhestnks710125,2024-Q3,TP.FINHESTNKS710125.ZP16,"VF.5.1.Hisse Senetleri ve Özkaynaklar, Diğer Finansal Aracılar (Konsolide Stok)",last,33655627.2312
bie_finhestnks710125,2024-Q3,TP.FINHESTNKS710125.ZP17,"VF.5.2.Yatırım Fonu Katılma Belgeleri, Diğer Finansal Aracılar (Konsolide Stok)",last,0.0
bie_finhestnks710125,2024-Q3,TP.FINHESTNKS710125.ZP18,"VF.5.2.1.Para Piyasası Fonları, Diğer Finansal Aracılar (Konsolide Stok)",last,0.0
bie_finhestnks710125,2024-Q3,TP.FINHESTNKS710125.ZP19,"VF.5.2.2.Diğer Yatırım Fonları, Diğer Finansal Aracılar (Konsolide Stok)",last,0.0
bie_finhestnks710125,2024-Q3,TP.FINHESTNKS710125.ZP20,"VF.6.Sigorta ve Emeklilik Sözleşmeleri, Diğer Finansal Aracılar (Konsolide Stok)",last,0.0
bie_finhestnks710125,2024-Q3,TP.FINHESTNKS710125.ZP21,"VF.7.Finansal Türevler, Diğer Finansal Aracılar (Konsolide Stok)",last,1550181.335
bie_finhestnks710125,2024-Q3,TP.FINHESTNKS710125.ZP22,"VF.8.Diğer Alacaklar, Diğer Finansal Aracılar (Konsolide Stok)",last,97559954.9331
bie_finhestnks710125,2024-Q3,TP.FINHESTNKS710125.ZP23,"VF.0.Toplam Varlıklar, Diğer Finansal Aracılar (Konsolide Stok)",last,955717334.4846
bie_finhestnks710125,2024-Q3,TP.FINHESTNKS710125.ZP24,"F.1.Parasal Altın ve SDR, Diğer Finansal Aracılar (Konsolide Stok)",last,0.0
bie_finhestnks710125,2024-Q3,TP.FINHESTNKS710125.ZP26,"F.1.2.Özel Çekme Hakları (SDR), Diğer Finansal Aracılar (Konsolide Stok)",last,0.0
bie_finhestnks710125,2024-Q3,TP.FINHESTNKS710125.ZP27,"F.2.Para ve Mevduat, Diğer Finansal Aracılar (Konsolide Stok)",last,0.0
bie_finhestnks710125,2024-Q3,TP.FINHESTNKS710125.ZP28,"F.2.1.Para, Diğer Finansal Aracılar (Konsolide Stok)",last,0.0
bie_finhestnks710125,2024-Q3,TP.FINHESTNKS710125.ZP29,"F.2.2.Vadesiz Mevduat, Diğer Finansal Aracılar (Konsolide Stok)",last,0.0
bie_finhestnks710125,2024-Q3,TP.FINHESTNKS710125.ZP30,"F.2.9.Vadeli Mevduat, Diğer Finansal Aracılar (Konsolide Stok)",last,0.0
bie_finhestnks710125,2024-Q3,TP.FINHESTNKS710125.ZP31,"F.3.Borçlanma Senetleri, Diğer Finansal Aracılar (Konsolide Stok)",last,63509841.196
bie_finhestnks710125,2024-Q3,TP.FINHESTNKS710125.ZP32,"F.3.1.Kısa Vadeli Borçlanma Senetleri, Diğer Finansal Aracılar (Konsolide Stok)",last,39581360.3331
bie_finhestnks710125,2024-Q3,TP.FINHESTNKS710125.ZP33,"F.3.2.Uzun Vadeli Borçlanma Senetleri, Diğer Finansal Aracılar (Konsolide Stok)",last,23928480.8629
bie_finhestnks710125,2024-Q3,TP.FINHESTNKS710125.ZP34,"F.4.Krediler, Diğer Finansal Aracılar (Konsolide Stok)",last,560488240.8204
bie_finhestnks710125,2024-Q3,TP.FINHESTNKS710125.ZP35,"F.4.1.Kısa Vadeli Krediler, Diğer Finansal Aracılar (Konsolide Stok)",last,285849002.8184
bie_finhestnks710125,2024-Q3,TP.FINHESTNKS710125.ZP36,"F.4.2.Uzun Vadeli Krediler, Diğer Finansal Aracılar (Konsolide Stok)",last,274639238.002
bie_finhestnks710125,2024-Q3,TP.FINHESTNKS710125.ZP37,"F.5.Hisse Senetleri ve Özkaynaklar, Diğer Finansal Aracılar (Konsolide Stok)",last,41280782.6192
bie_finhestnks710125,2024-Q3,TP.FINHESTNKS710125.ZP38,"F.5.1.Hisse Senetleri ve Özkaynaklar, Diğer Finansal Aracılar (Konsolide Stok)",last,41280782.6192
bie_finhestnks710125,2024-Q3,TP.FINHESTNKS710125.ZP39,"F.5.2.Yatırım Fonu Katılma Belgeleri, Diğer Finansal Aracılar (Konsolide Stok)",last,0.0
bie_finhestnks710125,2024-Q3,TP.FINHESTNKS710125.ZP40,"F.5.2.1.Para Piyasası Fonları, Diğer Finansal Aracılar (Konsolide Stok)",last,0.0
bie_finhestnks710125,2024-Q3,TP.FINHESTNKS710125.ZP41,"F.5.2.2.Diğer Yatırım Fonları, Diğer Finansal Aracılar (Konsolide Stok)",last,0.0
bie_finhestnks710125,2024-Q3,TP.FINHESTNKS710125.ZP42,"F.6.Sigorta ve Emeklilik Sözleşmeleri, Diğer Finansal Aracılar (Konsolide Stok)",last,0.0
bie_finhestnks710125,2024-Q3,TP.FINHESTNKS710125.ZP43,"F.7.Finansal Türevler, Diğer Finansal Aracılar (Konsolide Stok)",last,1849667.038
bie_finhestnks710125,2024-Q3,TP.FINHESTNKS710125.ZP44,"F.8.Diğer Borçlar, Diğer Finansal Aracılar (Konsolide Stok)",last,169348883.3051
bie_finhestnks710125,2024-Q3,TP.FINHESTNKS710125.ZP45,"F.0.Toplam Yükümlülükler, Diğer Finansal Aracılar (Konsolide Stok)",last,836477414.9786
bie_finhestnks710125,2024-Q4,TP.FINHESTNKS710125.ZP1,"BF.9.NET FİNANSAL DEĞER, Diğer Finansal Aracılar (Konsolide Stok)",last,168962129.109
bie_finhestnks710125,2024-Q4,TP.FINHESTNKS710125.ZP2,"VF.1.Parasal Altın ve SDR, Diğer Finansal Aracılar (Konsolide Stok)",last,0.0
bie_finhestnks710125,2024-Q4,TP.FINHESTNKS710125.ZP3,"VF.1.1.Parasal Altın, Diğer Finansal Aracılar (Konsolide Stok)",last,0.0
bie_finhestnks710125,2024-Q4,TP.FINHESTNKS710125.ZP4,"VF.1.2.Özel Çekme Hakları (SDR), Diğer Finansal Aracılar (Konsolide Stok)",last,0.0
bie_finhestnks710125,2024-Q4,TP.FINHESTNKS710125.ZP5,"VF.2.Para ve Mevduat, Diğer Finansal Aracılar (Konsolide Stok)",last,95181998.144
bie_finhestnks710125,2024-Q4,TP.FINHESTNKS710125.ZP6,"VF.2.1.Para, Diğer Finansal Aracılar (Konsolide Stok)",last,26175.965
bie_finhestnks710125,2024-Q4,TP.FINHESTNKS710125.ZP7,"VF.2.2.Vadesiz Mevduat, Diğer Finansal Aracılar (Konsolide Stok)",last,25887966.0524
bie_finhestnks710125,2024-Q4,TP.FINHESTNKS710125.ZP8,"VF.2.9.Vadeli Mevduat, Diğer Finansal Aracılar (Konsolide Stok)",last,69267856.1266
bie_finhestnks710125,2024-Q4,TP.FINHESTNKS710125.ZP9,"VF.3.Borçlanma Senetleri, Diğer Finansal Aracılar (Konsolide Stok)",last,47886223.543
bie_finhestnks710125,2024-Q4,TP.FINHESTNKS710125.ZP10,"VF.3.1.Kısa Vadeli Borçlanma Senetleri, Diğer Finansal Aracılar (Konsolide Stok)",last,12519222.2525
bie_finhestnks710125,2024-Q4,TP.FINHESTNKS710125.ZP11,"VF.3.2.Uzun Vadeli Borçlanma Senetleri, Diğer Finansal Aracılar (Konsolide Stok)",last,35367001.2905
bie_finhestnks710125,2024-Q4,TP.FINHESTNKS710125.ZP12,"VF.4.Krediler, Diğer Finansal Aracılar (Konsolide Stok)",last,812369819.2029
bie_finhestnks710125,2024-Q4,TP.FINHESTNKS710125.ZP13,"VF.4.1.Kısa Vadeli Krediler, Diğer Finansal Aracılar (Konsolide Stok)",last,812369819.2029
bie_finhestnks710125,2024-Q4,TP.FINHESTNKS710125.ZP14,"VF.4.2.Uzun Vadeli Krediler, Diğer Finansal Aracılar (Konsolide Stok)",last,0.0
bie_finhestnks710125,2024-Q4,TP.FINHESTNKS710125.ZP15,"VF.5.Hisse Senetleri ve Özkaynaklar, Diğer Finansal Aracılar (Konsolide Stok)",last,43525675.9681
bie_finhestnks710125,2024-Q4,TP.FINHESTNKS710125.ZP16,"VF.5.1.Hisse Senetleri ve Özkaynaklar, Diğer Finansal Aracılar (Konsolide Stok)",last,43525675.9681
bie_finhestnks710125,2024-Q4,TP.FINHESTNKS710125.ZP17,"VF.5.2.Yatırım Fonu Katılma Belgeleri, Diğer Finansal Aracılar (Konsolide Stok)",last,0.0
bie_finhestnks710125,2024-Q4,TP.FINHESTNKS710125.ZP18,"VF.5.2.1.Para Piyasası Fonları, Diğer Finansal Aracılar (Konsolide Stok)",last,0.0
bie_finhestnks710125,2024-Q4,TP.FINHESTNKS710125.ZP19,"VF.5.2.2.Diğer Yatırım Fonları, Diğer Finansal Aracılar (Konsolide Stok)",last,0.0
bie_finhestnks710125,2024-Q4,TP.FINHESTNKS710125.ZP20,"VF.6.Sigorta ve Emeklilik Sözleşmeleri, Diğer Finansal Aracılar (Konsolide Stok)",last,0.0
bie_finhestnks710125,2024-Q4,TP.FINHESTNKS710125.ZP21,"VF.7.Finansal Türevler, Diğer Finansal Aracılar (Konsolide Stok)",last,2061299.539
bie_finhestnks710125,2024-Q4,TP.FINHESTNKS710125.ZP22,"VF.8.Diğer Alacaklar, Diğer Finansal Aracılar (Konsolide Stok)",last,129865235.2547
bie_finhestnks710125,2024-Q4,TP.FINHESTNKS710125.ZP23,"VF.0.Toplam Varlıklar, Diğer Finansal Aracılar (Konsolide Stok)",last,1130890251.6517
bie_finhestnks710125,2024-Q4,TP.FINHESTNKS710125.ZP24,"F.1.Parasal Altın ve SDR, Diğer Finansal Aracılar (Konsolide Stok)",last,0.0
bie_finhestnks710125,2024-Q4,TP.FINHESTNKS710125.ZP26,"F.1.2.Özel Çekme Hakları (SDR), Diğer Finansal Aracılar (Konsolide Stok)",last,0.0
bie_finhestnks710125,2024-Q4,TP.FINHESTNKS710125.ZP27,"F.2.Para ve Mevduat, Diğer Finansal Aracılar (Konsolide Stok)",last,0.0
bie_finhestnks710125,2024-Q4,TP.FINHESTNKS710125.ZP28,"F.2.1.Para, Diğer Finansal Aracılar (Konsolide Stok)",last,0.0
bie_finhestnks710125,2024-Q4,TP.FINHESTNKS710125.ZP29,"F.2.2.Vadesiz Mevduat, Diğer Finansal Aracılar (Konsolide Stok)",last,0.0
bie_finhestnks710125,2024-Q4,TP.FINHESTNKS710125.ZP30,"F.2.9.Vadeli Mevduat, Diğer Finansal Aracılar (Konsolide Stok)",last,0.0
bie_finhestnks710125,2024-Q4,TP.FINHESTNKS710125.ZP31,"F.3.Borçlanma Senetleri, Diğer Finansal Aracılar (Konsolide Stok)",last,81772512.415
bie_finhestnks710125,2024-Q4,TP.FINHESTNKS710125.ZP32,"F.3.1.Kısa Vadeli Borçlanma Senetleri, Diğer Finansal Aracılar (Konsolide Stok)",last,51070129.7675
bie_finhestnks710125,2024-Q4,TP.FINHESTNKS710125.ZP33,"F.3.2.Uzun Vadeli Borçlanma Senetleri, Diğer Finansal Aracılar (Konsolide Stok)",last,30702382.6475
bie_finhestnks710125,2024-Q4,TP.FINHESTNKS710125.ZP34,"F.4.Krediler, Diğer Finansal Aracılar (Konsolide Stok)",last,626781194.4689
bie_finhestnks710125,2024-Q4,TP.FINHESTNKS710125.ZP35,"F.4.1.Kısa Vadeli Krediler, Diğer Finansal Aracılar (Konsolide Stok)",last,319658409.1791
bie_finhestnks710125,2024-Q4,TP.FINHESTNKS710125.ZP36,"F.4.2.Uzun Vadeli Krediler, Diğer Finansal Aracılar (Konsolide Stok)",last,307122785.2898
bie_finhestnks710125,2024-Q4,TP.FINHESTNKS710125.ZP37,"F.5.Hisse Senetleri ve Özkaynaklar, Diğer Finansal Aracılar (Konsolide Stok)",last,48408030.6561
bie_finhestnks710125,2024-Q4,TP.FINHESTNKS710125.ZP38,"F.5.1.Hisse Senetleri ve Özkaynaklar, Diğer Finansal Aracılar (Konsolide Stok)",last,48408030.6561
bie_finhestnks710125,2024-Q4,TP.FINHESTNKS710125.ZP39,"F.5.2.Yatırım Fonu Katılma Belgeleri, Diğer Finansal Aracılar (Konsolide Stok)",last,0.0
bie_finhestnks710125,2024-Q4,TP.FINHESTNKS710125.ZP40,"F.5.2.1.Para Piyasası Fonları, Diğer Finansal Aracılar (Konsolide Stok)",last,0.0
bie_finhestnks710125,2024-Q4,TP.FINHESTNKS710125.ZP41,"F.5.2.2.Diğer Yatırım Fonları, Diğer Finansal Aracılar (Konsolide Stok)",last,0.0
bie_finhestnks710125,2024-Q4,TP.FINHESTNKS710125.ZP42,"F.6.Sigorta ve Emeklilik Sözleşmeleri, Diğer Finansal Aracılar (Konsolide Stok)",last,0.0
bie_finhestnks710125,2024-Q4,TP.FINHESTNKS710125.ZP43,"F.7.Finansal Türevler, Diğer Finansal Aracılar (Konsolide Stok)",last,1826641.35
bie_finhestnks710125,2024-Q4,TP.FINHESTNKS710125.ZP44,"F.8.Diğer Borçlar, Diğer Finansal Aracılar (Konsolide Stok)",last,203139743.6527
bie_finhestnks710125,2024-Q4,TP.FINHESTNKS710125.ZP45,"F.0.Toplam Yükümlülükler, Diğer Finansal Aracılar (Konsolide Stok)",last,961928122.5427
bie_finhestnks710125,2025-Q1,TP.FINHESTNKS710125.ZP1,"BF.9.NET FİNANSAL DEĞER, Diğer Finansal Aracılar (Konsolide Stok)",last,189602214.735
bie_finhestnks710125,2025-Q1,TP.FINHESTNKS710125.ZP2,"VF.1.Parasal Altın ve SDR, Diğer Finansal Aracılar (Konsolide Stok)",last,0.0
bie_finhestnks710125,2025-Q1,TP.FINHESTNKS710125.ZP3,"VF.1.1.Parasal Altın, Diğer Finansal Aracılar (Konsolide Stok)",last,0.0
bie_finhestnks710125,2025-Q1,TP.FINHESTNKS710125.ZP4,"VF.1.2.Özel Çekme Hakları (SDR), Diğer Finansal Aracılar (Konsolide Stok)",last,0.0
bie_finhestnks710125,2025-Q1,TP.FINHESTNKS710125.ZP5,"VF.2.Para ve Mevduat, Diğer Finansal Aracılar (Konsolide Stok)",last,112749620.451
bie_finhestnks710125,2025-Q1,TP.FINHESTNKS710125.ZP6,"VF.2.1.Para, Diğer Finansal Aracılar (Konsolide Stok)",last,62001.722
bie_finhestnks710125,2025-Q1,TP.FINHESTNKS710125.ZP7,"VF.2.2.Vadesiz Mevduat, Diğer Finansal Aracılar (Konsolide Stok)",last,30745010.6197
bie_finhestnks710125,2025-Q1,TP.FINHESTNKS710125.ZP8,"VF.2.9.Vadeli Mevduat, Diğer Finansal Aracılar (Konsolide Stok)",last,81942608.1093
bie_finhestnks710125,2025-Q1,TP.FINHESTNKS710125.ZP9,"VF.3.Borçlanma Senetleri, Diğer Finansal Aracılar (Konsolide Stok)",last,68056764.899
bie_finhestnks710125,2025-Q1,TP.FINHESTNKS710125.ZP10,"VF.3.1.Kısa Vadeli Borçlanma Senetleri, Diğer Finansal Aracılar (Konsolide Stok)",last,18381359.0891
bie_finhestnks710125,2025-Q1,TP.FINHESTNKS710125.ZP11,"VF.3.2.Uzun Vadeli Borçlanma Senetleri, Diğer Finansal Aracılar (Konsolide Stok)",last,49675405.8099
bie_finhestnks710125,2025-Q1,TP.FINHESTNKS710125.ZP12,"VF.4.Krediler, Diğer Finansal Aracılar (Konsolide Stok)",last,887406686.3056
bie_finhestnks710125,2025-Q1,TP.FINHESTNKS710125.ZP13,"VF.4.1.Kısa Vadeli Krediler, Diğer Finansal Aracılar (Konsolide Stok)",last,887406686.3056
bie_finhestnks710125,2025-Q1,TP.FINHESTNKS710125.ZP14,"VF.4.2.Uzun Vadeli Krediler, Diğer Finansal Aracılar (Konsolide Stok)",last,0.0
bie_finhestnks710125,2025-Q1,TP.FINHESTNKS710125.ZP15,"VF.5.Hisse Senetleri ve Özkaynaklar, Diğer Finansal Aracılar (Konsolide Stok)",last,51076450.6964
bie_finhestnks710125,2025-Q1,TP.FINHESTNKS710125.ZP16,"VF.5.1.Hisse Senetleri ve Özkaynaklar, Diğer Finansal Aracılar (Konsolide Stok)",last,51076450.6964
bie_finhestnks710125,2025-Q1,TP.FINHESTNKS710125.ZP17,"VF.5.2.Yatırım Fonu Katılma Belgeleri, Diğer Finansal Aracılar (Konsolide Stok)",last,0.0
bie_finhestnks710125,2025-Q1,TP.FINHESTNKS710125.ZP18,"VF.5.2.1.Para Piyasası Fonları, Diğer Finansal Aracılar (Konsolide Stok)",last,0.0
bie_finhestnks710125,2025-Q1,TP.FINHESTNKS710125.ZP19,"VF.5.2.2.Diğer Yatırım Fonları, Diğer Finansal Aracılar (Konsolide Stok)",last,0.0
bie_finhestnks710125,2025-Q1,TP.FINHESTNKS710125.ZP20,"VF.6.Sigorta ve Emeklilik Sözleşmeleri, Diğer Finansal Aracılar (Konsolide Stok)",last,0.0
bie_finhestnks710125,2025-Q1,TP.FINHESTNKS710125.ZP21,"VF.7.Finansal Türevler, Diğer Finansal Aracılar (Konsolide Stok)",last,1886855.58
bie_finhestnks710125,2025-Q1,TP.FINHESTNKS710125.ZP22,"VF.8.Diğer Alacaklar, Diğer Finansal Aracılar (Konsolide Stok)",last,138705283.1212
bie_finhestnks710125,2025-Q1,TP.FINHESTNKS710125.ZP23,"VF.0.Toplam Varlıklar, Diğer Finansal Aracılar (Konsolide Stok)",last,1259881661.0532
bie_finhestnks710125,2025-Q1,TP.FINHESTNKS710125.ZP24,"F.1.Parasal Altın ve SDR, Diğer Finansal Aracılar (Konsolide Stok)",last,0.0
bie_finhestnks710125,2025-Q1,TP.FINHESTNKS710125.ZP26,"F.1.2.Özel Çekme Hakları (SDR), Diğer Finansal Aracılar (Konsolide Stok)",last,0.0
bie_finhestnks710125,2025-Q1,TP.FINHESTNKS710125.ZP27,"F.2.Para ve Mevduat, Diğer Finansal Aracılar (Konsolide Stok)",last,0.0
bie_finhestnks710125,2025-Q1,TP.FINHESTNKS710125.ZP28,"F.2.1.Para, Diğer Finansal Aracılar (Konsolide Stok)",last,0.0
bie_finhestnks710125,2025-Q1,TP.FINHESTNKS710125.ZP29,"F.2.2.Vadesiz Mevduat, Diğer Finansal Aracılar (Konsolide Stok)",last,0.0
bie_finhestnks710125,2025-Q1,TP.FINHESTNKS710125.ZP30,"F.2.9.Vadeli Mevduat, Diğer Finansal Aracılar (Konsolide Stok)",last,0.0
bie_finhestnks710125,2025-Q1,TP.FINHESTNKS710125.ZP31,"F.3.Borçlanma Senetleri, Diğer Finansal Aracılar (Konsolide Stok)",last,102647642.53
bie_finhestnks710125,2025-Q1,TP.FINHESTNKS710125.ZP32,"F.3.1.Kısa Vadeli Borçlanma Senetleri, Diğer Finansal Aracılar (Konsolide Stok)",last,69429139.5572
bie_finhestnks710125,2025-Q1,TP.FINHESTNKS710125.ZP33,"F.3.2.Uzun Vadeli Borçlanma Senetleri, Diğer Finansal Aracılar (Konsolide Stok)",last,33218502.9728
bie_finhestnks710125,2025-Q1,TP.FINHESTNKS710125.ZP34,"F.4.Krediler, Diğer Finansal Aracılar (Konsolide Stok)",last,652335369.2006
bie_finhestnks710125,2025-Q1,TP.FINHESTNKS710125.ZP35,"F.4.1.Kısa Vadeli Krediler, Diğer Finansal Aracılar (Konsolide Stok)",last,332691038.2923
bie_finhestnks710125,2025-Q1,TP.FINHESTNKS710125.ZP36,"F.4.2.Uzun Vadeli Krediler, Diğer Finansal Aracılar (Konsolide Stok)",last,319644330.9083
bie_finhestnks710125,2025-Q1,TP.FINHESTNKS710125.ZP37,"F.5.Hisse Senetleri ve Özkaynaklar, Diğer Finansal Aracılar (Konsolide Stok)",last,50733889.5164
bie_finhestnks710125,2025-Q1,TP.FINHESTNKS710125.ZP38,"F.5.1.Hisse Senetleri ve Özkaynaklar, Diğer Finansal Aracılar (Konsolide Stok)",last,50733889.5164
bie_finhestnks710125,2025-Q1,TP.FINHESTNKS710125.ZP39,"F.5.2.Yatırım Fonu Katılma Belgeleri, Diğer Finansal Aracılar (Konsolide Stok)",last,0.0
bie_finhestnks710125,2025-Q1,TP.FINHESTNKS710125.ZP40,"F.5.2.1.Para Piyasası Fonları, Diğer Finansal Aracılar (Konsolide Stok)",last,0.0
bie_finhestnks710125,2025-Q1,TP.FINHESTNKS710125.ZP41,"F.5.2.2.Diğer Yatırım Fonları, Diğer Finansal Aracılar (Konsolide Stok)",last,0.0
bie_finhestnks710125,2025-Q1,TP.FINHESTNKS710125.ZP42,"F.6.Sigorta ve Emeklilik Sözleşmeleri, Diğer Finansal Aracılar (Konsolide Stok)",last,0.0
bie_finhestnks710125,2025-Q1,TP.FINHESTNKS710125.ZP43,"F.7.Finansal Türevler, Diğer Finansal Aracılar (Konsolide Stok)",last,2886533.599
bie_finhestnks710125,2025-Q1,TP.FINHESTNKS710125.ZP44,"F.8.Diğer Borçlar, Diğer Finansal Aracılar (Konsolide Stok)",last,261676011.4722
bie_finhestnks710125,2025-Q1,TP.FINHESTNKS710125.ZP45,"F.0.Toplam Yükümlülükler, Diğer Finansal Aracılar (Konsolide Stok)",last,1070279446.3182
bie_finhestnks710125,2025-Q2,TP.FINHESTNKS710125.ZP1,"BF.9.NET FİNANSAL DEĞER, Diğer Finansal Aracılar (Konsolide Stok)",last,213574013.933
bie_finhestnks710125,2025-Q2,TP.FINHESTNKS710125.ZP2,"VF.1.Parasal Altın ve SDR, Diğer Finansal Aracılar (Konsolide Stok)",last,0.0
bie_finhestnks710125,2025-Q2,TP.FINHESTNKS710125.ZP3,"VF.1.1.Parasal Altın, Diğer Finansal Aracılar (Konsolide Stok)",last,0.0
bie_finhestnks710125,2025-Q2,TP.FINHESTNKS710125.ZP4,"VF.1.2.Özel Çekme Hakları (SDR), Diğer Finansal Aracılar (Konsolide Stok)",last,0.0
bie_finhestnks710125,2025-Q2,TP.FINHESTNKS710125.ZP5,"VF.2.Para ve Mevduat, Diğer Finansal Aracılar (Konsolide Stok)",last,115716295.127
bie_finhestnks710125,2025-Q2,TP.FINHESTNKS710125.ZP6,"VF.2.1.Para, Diğer Finansal Aracılar (Konsolide Stok)",last,40422.763
bie_finhestnks710125,2025-Q2,TP.FINHESTNKS710125.ZP7,"VF.2.2.Vadesiz Mevduat, Diğer Finansal Aracılar (Konsolide Stok)",last,35241537.3586
bie_finhestnks710125,2025-Q2,TP.FINHESTNKS710125.ZP8,"VF.2.9.Vadeli Mevduat, Diğer Finansal Aracılar (Konsolide Stok)",last,80434335.0054
bie_finhestnks710125,2025-Q2,TP.FINHESTNKS710125.ZP9,"VF.3.Borçlanma Senetleri, Diğer Finansal Aracılar (Konsolide Stok)",last,99906143.492
bie_finhestnks710125,2025-Q2,TP.FINHESTNKS710125.ZP10,"VF.3.1.Kısa Vadeli Borçlanma Senetleri, Diğer Finansal Aracılar (Konsolide Stok)",last,22673283.7831
bie_finhestnks710125,2025-Q2,TP.FINHESTNKS710125.ZP11,"VF.3.2.Uzun Vadeli Borçlanma Senetleri, Diğer Finansal Aracılar (Konsolide Stok)",last,77232859.7089
bie_finhestnks710125,2025-Q2,TP.FINHESTNKS710125.ZP12,"VF.4.Krediler, Diğer Finansal Aracılar (Konsolide Stok)",last,1007202813.5162
bie_finhestnks710125,2025-Q2,TP.FINHESTNKS710125.ZP13,"VF.4.1.Kısa Vadeli Krediler, Diğer Finansal Aracılar (Konsolide Stok)",last,1007202813.5162
bie_finhestnks710125,2025-Q2,TP.FINHESTNKS710125.ZP14,"VF.4.2.Uzun Vadeli Krediler, Diğer Finansal Aracılar (Konsolide Stok)",last,0.0
bie_finhestnks710125,2025-Q2,TP.FINHESTNKS710125.ZP15,"VF.5.Hisse Senetleri ve Özkaynaklar, Diğer Finansal Aracılar (Konsolide Stok)",last,58179986.4509
bie_finhestnks710125,2025-Q2,TP.FINHESTNKS710125.ZP16,"VF.5.1.Hisse Senetleri ve Özkaynaklar, Diğer Finansal Aracılar (Konsolide Stok)",last,58179986.4509
bie_finhestnks710125,2025-Q2,TP.FINHESTNKS710125.ZP17,"VF.5.2.Yatırım Fonu Katılma Belgeleri, Diğer Finansal Aracılar (Konsolide Stok)",last,0.0
bie_finhestnks710125,2025-Q2,TP.FINHESTNKS710125.ZP18,"VF.5.2.1.Para Piyasası Fonları, Diğer Finansal Aracılar (Konsolide Stok)",last,0.0
bie_finhestnks710125,2025-Q2,TP.FINHESTNKS710125.ZP19,"VF.5.2.2.Diğer Yatırım Fonları, Diğer Finansal Aracılar (Konsolide Stok)",last,0.0
bie_finhestnks710125,2025-Q2,TP.FINHESTNKS710125.ZP20,"VF.6.Sigorta ve Emeklilik Sözleşmeleri, Diğer Finansal Aracılar (Konsolide Stok)",last,0.0
bie_finhestnks710125,2025-Q2,TP.FINHESTNKS710125.ZP21,"VF.7.Finansal Türevler, Diğer Finansal Aracılar (Konsolide Stok)",last,1131077.758
bie_finhestnks710125,2025-Q2,TP.FINHESTNKS710125.ZP22,"VF.8.Diğer Alacaklar, Diğer Finansal Aracılar (Konsolide Stok)",last,162447463.611
bie_finhestnks710125,2025-Q2,TP.FINHESTNKS710125.ZP23,"VF.0.Toplam Varlıklar, Diğer Finansal Aracılar (Konsolide Stok)",last,1444583779.9551
bie_finhestnks710125,2025-Q2,TP.FINHESTNKS710125.ZP24,"F.1.Parasal Altın ve SDR, Diğer Finansal Aracılar (Konsolide Stok)",last,0.0
bie_finhestnks710125,2025-Q2,TP.FINHESTNKS710125.ZP26,"F.1.2.Özel Çekme Hakları (SDR), Diğer Finansal Aracılar (Konsolide Stok)",last,0.0
bie_finhestnks710125,2025-Q2,TP.FINHESTNKS710125.ZP27,"F.2.Para ve Mevduat, Diğer Finansal Aracılar (Konsolide Stok)",last,0.0
bie_finhestnks710125,2025-Q2,TP.FINHESTNKS710125.ZP28,"F.2.1.Para, Diğer Finansal Aracılar (Konsolide Stok)",last,0.0
bie_finhestnks710125,2025-Q2,TP.FINHESTNKS710125.ZP29,"F.2.2.Vadesiz Mevduat, Diğer Finansal Aracılar (Konsolide Stok)",last,0.0
bie_finhestnks710125,2025-Q2,TP.FINHESTNKS710125.ZP30,"F.2.9.Vadeli Mevduat, Diğer Finansal Aracılar (Konsolide Stok)",last,0.0
bie_finhestnks710125,2025-Q2,TP.FINHESTNKS710125.ZP31,"F.3.Borçlanma Senetleri, Diğer Finansal Aracılar (Konsolide Stok)",last,107409657.998
bie_finhestnks710125,2025-Q2,TP.FINHESTNKS710125.ZP32,"F.3.1.Kısa Vadeli Borçlanma Senetleri, Diğer Finansal Aracılar (Konsolide Stok)",last,73830321.399
bie_finhestnks710125,2025-Q2,TP.FINHESTNKS710125.ZP33,"F.3.2.Uzun Vadeli Borçlanma Senetleri, Diğer Finansal Aracılar (Konsolide Stok)",last,33579336.599
bie_finhestnks710125,2025-Q2,TP.FINHESTNKS710125.ZP34,"F.4.Krediler, Diğer Finansal Aracılar (Konsolide Stok)",last,788898748.6922
bie_finhestnks710125,2025-Q2,TP.FINHESTNKS710125.ZP35,"F.4.1.Kısa Vadeli Krediler, Diğer Finansal Aracılar (Konsolide Stok)",last,402338361.833
bie_finhestnks710125,2025-Q2,TP.FINHESTNKS710125.ZP36,"F.4.2.Uzun Vadeli Krediler, Diğer Finansal Aracılar (Konsolide Stok)",last,386560386.8592
bie_finhestnks710125,2025-Q2,TP.FINHESTNKS710125.ZP37,"F.5.Hisse Senetleri ve Özkaynaklar, Diğer Finansal Aracılar (Konsolide Stok)",last,64715666.3449
bie_finhestnks710125,2025-Q2,TP.FINHESTNKS710125.ZP38,"F.5.1.Hisse Senetleri ve Özkaynaklar, Diğer Finansal Aracılar (Konsolide Stok)",last,64715666.3449
bie_finhestnks710125,2025-Q2,TP.FINHESTNKS710125.ZP39,"F.5.2.Yatırım Fonu Katılma Belgeleri, Diğer Finansal Aracılar (Konsolide Stok)",last,0.0
bie_finhestnks710125,2025-Q2,TP.FINHESTNKS710125.ZP40,"F.5.2.1.Para Piyasası Fonları, Diğer Finansal Aracılar (Konsolide Stok)",last,0.0
bie_finhestnks710125,2025-Q2,TP.FINHESTNKS710125.ZP41,"F.5.2.2.Diğer Yatırım Fonları, Diğer Finansal Aracılar (Konsolide Stok)",last,0.0
bie_finhestnks710125,2025-Q2,TP.FINHESTNKS710125.ZP42,"F.6.Sigorta ve Emeklilik Sözleşmeleri, Diğer Finansal Aracılar (Konsolide Stok)",last,0.0
bie_finhestnks710125,2025-Q2,TP.FINHESTNKS710125.ZP43,"F.7.Finansal Türevler, Diğer Finansal Aracılar (Konsolide Stok)",last,3036588.402
bie_finhestnks710125,2025-Q2,TP.FINHESTNKS710125.ZP44,"F.8.Diğer Borçlar, Diğer Finansal Aracılar (Konsolide Stok)",last,266949104.585
bie_finhestnks710125,2025-Q2,TP.FINHESTNKS710125.ZP45,"F.0.Toplam Yükümlülükler, Diğer Finansal Aracılar (Konsolide Stok)",last,1231009766.0221
bie_finhestnks710125,2025-Q3,TP.FINHESTNKS710125.ZP1,"BF.9.NET FİNANSAL DEĞER, Diğer Finansal Aracılar (Konsolide Stok)",last,247353181.119
bie_finhestnks710125,2025-Q3,TP.FINHESTNKS710125.ZP2,"VF.1.Parasal Altın ve SDR, Diğer Finansal Aracılar (Konsolide Stok)",last,0.0
bie_finhestnks710125,2025-Q3,TP.FINHESTNKS710125.ZP3,"VF.1.1.Parasal Altın, Diğer Finansal Aracılar (Konsolide Stok)",last,0.0
bie_finhestnks710125,2025-Q3,TP.FINHESTNKS710125.ZP4,"VF.1.2.Özel Çekme Hakları (SDR), Diğer Finansal Aracılar (Konsolide Stok)",last,0.0
bie_finhestnks710125,2025-Q3,TP.FINHESTNKS710125.ZP5,"VF.2.Para ve Mevduat, Diğer Finansal Aracılar (Konsolide Stok)",last,124619192.526
bie_finhestnks710125,2025-Q3,TP.FINHESTNKS710125.ZP6,"VF.2.1.Para, Diğer Finansal Aracılar (Konsolide Stok)",last,58496.627
bie_finhestnks710125,2025-Q3,TP.FINHESTNKS710125.ZP7,"VF.2.2.Vadesiz Mevduat, Diğer Finansal Aracılar (Konsolide Stok)",last,37618793.729
bie_finhestnks710125,2025-Q3,TP.FINHESTNKS710125.ZP8,"VF.2.9.Vadeli Mevduat, Diğer Finansal Aracılar (Konsolide Stok)",last,86941902.17
bie_finhestnks710125,2025-Q3,TP.FINHESTNKS710125.ZP9,"VF.3.Borçlanma Senetleri, Diğer Finansal Aracılar (Konsolide Stok)",last,139778642.237
bie_finhestnks710125,2025-Q3,TP.FINHESTNKS710125.ZP10,"VF.3.1.Kısa Vadeli Borçlanma Senetleri, Diğer Finansal Aracılar (Konsolide Stok)",last,27022783.9678
bie_finhestnks710125,2025-Q3,TP.FINHESTNKS710125.ZP11,"VF.3.2.Uzun Vadeli Borçlanma Senetleri, Diğer Finansal Aracılar (Konsolide Stok)",last,112755858.2692
bie_finhestnks710125,2025-Q3,TP.FINHESTNKS710125.ZP12,"VF.4.Krediler, Diğer Finansal Aracılar (Konsolide Stok)",last,1098449214.8619
bie_finhestnks710125,2025-Q3,TP.FINHESTNKS710125.ZP13,"VF.4.1.Kısa Vadeli Krediler, Diğer Finansal Aracılar (Konsolide Stok)",last,1098449214.8619
bie_finhestnks710125,2025-Q3,TP.FINHESTNKS710125.ZP14,"VF.4.2.Uzun Vadeli Krediler, Diğer Finansal Aracılar (Konsolide Stok)",last,0.0
bie_finhestnks710125,2025-Q3,TP.FINHESTNKS710125.ZP15,"VF.5.Hisse Senetleri ve Özkaynaklar, Diğer Finansal Aracılar (Konsolide Stok)",last,71190412.8211
bie_finhestnks710125,2025-Q3,TP.FINHESTNKS710125.ZP16,"VF.5.1.Hisse Senetleri ve Özkaynaklar, Diğer Finansal Aracılar (Konsolide Stok)",last,71190412.8211
bie_finhestnks710125,2025-Q3,TP.FINHESTNKS710125.ZP17,"VF.5.2.Yatırım Fonu Katılma Belgeleri, Diğer Finansal Aracılar (Konsolide Stok)",last,0.0
bie_finhestnks710125,2025-Q3,TP.FINHESTNKS710125.ZP18,"VF.5.2.1.Para Piyasası Fonları, Diğer Finansal Aracılar (Konsolide Stok)",last,0.0
bie_finhestnks710125,2025-Q3,TP.FINHESTNKS710125.ZP19,"VF.5.2.2.Diğer Yatırım Fonları, Diğer Finansal Aracılar (Konsolide Stok)",last,0.0
bie_finhestnks710125,2025-Q3,TP.FINHESTNKS710125.ZP20,"VF.6.Sigorta ve Emeklilik Sözleşmeleri, Diğer Finansal Aracılar (Konsolide Stok)",last,0.0
bie_finhestnks710125,2025-Q3,TP.FINHESTNKS710125.ZP21,"VF.7.Finansal Türevler, Diğer Finansal Aracılar (Konsolide Stok)",last,1242505.18
bie_finhestnks710125,2025-Q3,TP.FINHESTNKS710125.ZP22,"VF.8.Diğer Alacaklar, Diğer Finansal Aracılar (Konsolide Stok)",last,226898761.6704
bie_finhestnks710125,2025-Q3,TP.FINHESTNKS710125.ZP23,"VF.0.Toplam Varlıklar, Diğer Finansal Aracılar (Konsolide Stok)",last,1662178729.2965
bie_finhestnks710125,2025-Q3,TP.FINHESTNKS710125.ZP24,"F.1.Parasal Altın ve SDR, Diğer Finansal Aracılar (Konsolide Stok)",last,0.0
bie_finhestnks710125,2025-Q3,TP.FINHESTNKS710125.ZP26,"F.1.2.Özel Çekme Hakları (SDR), Diğer Finansal Aracılar (Konsolide Stok)",last,0.0
bie_finhestnks710125,2025-Q3,TP.FINHESTNKS710125.ZP27,"F.2.Para ve Mevduat, Diğer Finansal Aracılar (Konsolide Stok)",last,0.0
bie_finhestnks710125,2025-Q3,TP.FINHESTNKS710125.ZP28,"F.2.1.Para, Diğer Finansal Aracılar (Konsolide Stok)",last,0.0
bie_finhestnks710125,2025-Q3,TP.FINHESTNKS710125.ZP29,"F.2.2.Vadesiz Mevduat, Diğer Finansal Aracılar (Konsolide Stok)",last,0.0
bie_finhestnks710125,2025-Q3,TP.FINHESTNKS710125.ZP30,"F.2.9.Vadeli Mevduat, Diğer Finansal Aracılar (Konsolide Stok)",last,0.0
bie_finhestnks710125,2025-Q3,TP.FINHESTNKS710125.ZP31,"F.3.Borçlanma Senetleri, Diğer Finansal Aracılar (Konsolide Stok)",last,127100311.318
bie_finhestnks710125,2025-Q3,TP.FINHESTNKS710125.ZP32,"F.3.1.Kısa Vadeli Borçlanma Senetleri, Diğer Finansal Aracılar (Konsolide Stok)",last,85215168.7582
bie_finhestnks710125,2025-Q3,TP.FINHESTNKS710125.ZP33,"F.3.2.Uzun Vadeli Borçlanma Senetleri, Diğer Finansal Aracılar (Konsolide Stok)",last,41885142.5598
bie_finhestnks710125,2025-Q3,TP.FINHESTNKS710125.ZP34,"F.4.Krediler, Diğer Finansal Aracılar (Konsolide Stok)",last,848037933.4709
bie_finhestnks710125,2025-Q3,TP.FINHESTNKS710125.ZP35,"F.4.1.Kısa Vadeli Krediler, Diğer Finansal Aracılar (Konsolide Stok)",last,432499346.0702
bie_finhestnks710125,2025-Q3,TP.FINHESTNKS710125.ZP36,"F.4.2.Uzun Vadeli Krediler, Diğer Finansal Aracılar (Konsolide Stok)",last,415538587.4007
bie_finhestnks710125,2025-Q3,TP.FINHESTNKS710125.ZP37,"F.5.Hisse Senetleri ve Özkaynaklar, Diğer Finansal Aracılar (Konsolide Stok)",last,68530849.2711
bie_finhestnks710125,2025-Q3,TP.FINHESTNKS710125.ZP38,"F.5.1.Hisse Senetleri ve Özkaynaklar, Diğer Finansal Aracılar (Konsolide Stok)",last,68530849.2711
bie_finhestnks710125,2025-Q3,TP.FINHESTNKS710125.ZP39,"F.5.2.Yatırım Fonu Katılma Belgeleri, Diğer Finansal Aracılar (Konsolide Stok)",last,0.0
bie_finhestnks710125,2025-Q3,TP.FINHESTNKS710125.ZP40,"F.5.2.1.Para Piyasası Fonları, Diğer Finansal Aracılar (Konsolide Stok)",last,0.0
bie_finhestnks710125,2025-Q3,TP.FINHESTNKS710125.ZP41,"F.5.2.2.Diğer Yatırım Fonları, Diğer Finansal Aracılar (Konsolide Stok)",last,0.0
bie_finhestnks710125,2025-Q3,TP.FINHESTNKS710125.ZP42,"F.6.Sigorta ve Emeklilik Sözleşmeleri, Diğer Finansal Aracılar (Konsolide Stok)",last,0.0
bie_finhestnks710125,2025-Q3,TP.FINHESTNKS710125.ZP43,"F.7.Finansal Türevler, Diğer Finansal Aracılar (Konsolide Stok)",last,3188630.415
bie_finhestnks710125,2025-Q3,TP.FINHESTNKS710125.ZP44,"F.8.Diğer Borçlar, Diğer Finansal Aracılar (Konsolide Stok)",last,367967823.7024
bie_finhestnks710125,2025-Q3,TP.FINHESTNKS710125.ZP45,"F.0.Toplam Yükümlülükler, Diğer Finansal Aracılar (Konsolide Stok)",last,1414825548.1775
bie_finhestnks710125,2025-Q4,TP.FINHESTNKS710125.ZP1,"BF.9.NET FİNANSAL DEĞER, Diğer Finansal Aracılar (Konsolide Stok)",last,281035862.08
bie_finhestnks710125,2025-Q4,TP.FINHESTNKS710125.ZP2,"VF.1.Parasal Altın ve SDR, Diğer Finansal Aracılar (Konsolide Stok)",last,0.0
bie_finhestnks710125,2025-Q4,TP.FINHESTNKS710125.ZP3,"VF.1.1.Parasal Altın, Diğer Finansal Aracılar (Konsolide Stok)",last,0.0
bie_finhestnks710125,2025-Q4,TP.FINHESTNKS710125.ZP4,"VF.1.2.Özel Çekme Hakları (SDR), Diğer Finansal Aracılar (Konsolide Stok)",last,0.0
bie_finhestnks710125,2025-Q4,TP.FINHESTNKS710125.ZP5,"VF.2.Para ve Mevduat, Diğer Finansal Aracılar (Konsolide Stok)",last,140920766.198
bie_finhestnks710125,2025-Q4,TP.FINHESTNKS710125.ZP6,"VF.2.1.Para, Diğer Finansal Aracılar (Konsolide Stok)",last,54336.268
bie_finhestnks710125,2025-Q4,TP.FINHESTNKS710125.ZP7,"VF.2.2.Vadesiz Mevduat, Diğer Finansal Aracılar (Konsolide Stok)",last,40432090.6305
bie_finhestnks710125,2025-Q4,TP.FINHESTNKS710125.ZP8,"VF.2.9.Vadeli Mevduat, Diğer Finansal Aracılar (Konsolide Stok)",last,100434339.2995
bie_finhestnks710125,2025-Q4,TP.FINHESTNKS710125.ZP9,"VF.3.Borçlanma Senetleri, Diğer Finansal Aracılar (Konsolide Stok)",last,135645170.314
bie_finhestnks710125,2025-Q4,TP.FINHESTNKS710125.ZP10,"VF.3.1.Kısa Vadeli Borçlanma Senetleri, Diğer Finansal Aracılar (Konsolide Stok)",last,23456557.7419
bie_finhestnks710125,2025-Q4,TP.FINHESTNKS710125.ZP11,"VF.3.2.Uzun Vadeli Borçlanma Senetleri, Diğer Finansal Aracılar (Konsolide Stok)",last,112188612.5721
bie_finhestnks710125,2025-Q4,TP.FINHESTNKS710125.ZP12,"VF.4.Krediler, Diğer Finansal Aracılar (Konsolide Stok)",last,1277069575.773
bie_finhestnks710125,2025-Q4,TP.FINHESTNKS710125.ZP13,"VF.4.1.Kısa Vadeli Krediler, Diğer Finansal Aracılar (Konsolide Stok)",last,1277069575.773
bie_finhestnks710125,2025-Q4,TP.FINHESTNKS710125.ZP14,"VF.4.2.Uzun Vadeli Krediler, Diğer Finansal Aracılar (Konsolide Stok)",last,0.0
bie_finhestnks710125,2025-Q4,TP.FINHESTNKS710125.ZP15,"VF.5.Hisse Senetleri ve Özkaynaklar, Diğer Finansal Aracılar (Konsolide Stok)",last,125203687.0676
bie_finhestnks710125,2025-Q4,TP.FINHESTNKS710125.ZP16,"VF.5.1.Hisse Senetleri ve Özkaynaklar, Diğer Finansal Aracılar (Konsolide Stok)",last,125203687.0676
bie_finhestnks710125,2025-Q4,TP.FINHESTNKS710125.ZP17,"VF.5.2.Yatırım Fonu Katılma Belgeleri, Diğer Finansal Aracılar (Konsolide Stok)",last,0.0
bie_finhestnks710125,2025-Q4,TP.FINHESTNKS710125.ZP18,"VF.5.2.1.Para Piyasası Fonları, Diğer Finansal Aracılar (Konsolide Stok)",last,0.0
bie_finhestnks710125,2025-Q4,TP.FINHESTNKS710125.ZP19,"VF.5.2.2.Diğer Yatırım Fonları, Diğer Finansal Aracılar (Konsolide Stok)",last,0.0
bie_finhestnks710125,2025-Q4,TP.FINHESTNKS710125.ZP20,"VF.6.Sigorta ve Emeklilik Sözleşmeleri, Diğer Finansal Aracılar (Konsolide Stok)",last,0.0
bie_finhestnks710125,2025-Q4,TP.FINHESTNKS710125.ZP21,"VF.7.Finansal Türevler, Diğer Finansal Aracılar (Konsolide Stok)",last,1895290.434
bie_finhestnks710125,2025-Q4,TP.FINHESTNKS710125.ZP22,"VF.8.Diğer Alacaklar, Diğer Finansal Aracılar (Konsolide Stok)",last,255968704.2583
bie_finhestnks710125,2025-Q4,TP.FINHESTNKS710125.ZP23,"VF.0.Toplam Varlıklar, Diğer Finansal Aracılar (Konsolide Stok)",last,1936703194.0449
bie_finhestnks710125,2025-Q4,TP.FINHESTNKS710125.ZP24,"F.1.Parasal Altın ve SDR, Diğer Finansal Aracılar (Konsolide Stok)",last,0.0
bie_finhestnks710125,2025-Q4,TP.FINHESTNKS710125.ZP26,"F.1.2.Özel Çekme Hakları (SDR), Diğer Finansal Aracılar (Konsolide Stok)",last,0.0
bie_finhestnks710125,2025-Q4,TP.FINHESTNKS710125.ZP27,"F.2.Para ve Mevduat, Diğer Finansal Aracılar (Konsolide Stok)",last,0.0
bie_finhestnks710125,2025-Q4,TP.FINHESTNKS710125.ZP28,"F.2.1.Para, Diğer Finansal Aracılar (Konsolide Stok)",last,0.0
bie_finhestnks710125,2025-Q4,TP.FINHESTNKS710125.ZP29,"F.2.2.Vadesiz Mevduat, Diğer Finansal Aracılar (Konsolide Stok)",last,0.0
bie_finhestnks710125,2025-Q4,TP.FINHESTNKS710125.ZP30,"F.2.9.Vadeli Mevduat, Diğer Finansal Aracılar (Konsolide Stok)",last,0.0
bie_finhestnks710125,2025-Q4,TP.FINHESTNKS710125.ZP31,"F.3.Borçlanma Senetleri, Diğer Finansal Aracılar (Konsolide Stok)",last,165213903.877
bie_finhestnks710125,2025-Q4,TP.FINHESTNKS710125.ZP32,"F.3.1.Kısa Vadeli Borçlanma Senetleri, Diğer Finansal Aracılar (Konsolide Stok)",last,102097357.8831
bie_finhestnks710125,2025-Q4,TP.FINHESTNKS710125.ZP33,"F.3.2.Uzun Vadeli Borçlanma Senetleri, Diğer Finansal Aracılar (Konsolide Stok)",last,63116545.9939
bie_finhestnks710125,2025-Q4,TP.FINHESTNKS710125.ZP34,"F.4.Krediler, Diğer Finansal Aracılar (Konsolide Stok)",last,985263854.233
bie_finhestnks710125,2025-Q4,TP.FINHESTNKS710125.ZP35,"F.4.1.Kısa Vadeli Krediler, Diğer Finansal Aracılar (Konsolide Stok)",last,502484565.6588
bie_finhestnks710125,2025-Q4,TP.FINHESTNKS710125.ZP36,"F.4.2.Uzun Vadeli Krediler, Diğer Finansal Aracılar (Konsolide Stok)",last,482779288.5742
bie_finhestnks710125,2025-Q4,TP.FINHESTNKS710125.ZP37,"F.5.Hisse Senetleri ve Özkaynaklar, Diğer Finansal Aracılar (Konsolide Stok)",last,74876724.2296
bie_finhestnks710125,2025-Q4,TP.FINHESTNKS710125.ZP38,"F.5.1.Hisse Senetleri ve Özkaynaklar, Diğer Finansal Aracılar (Konsolide Stok)",last,74876724.2296
bie_finhestnks710125,2025-Q4,TP.FINHESTNKS710125.ZP39,"F.5.2.Yatırım Fonu Katılma Belgeleri, Diğer Finansal Aracılar (Konsolide Stok)",last,0.0
bie_finhestnks710125,2025-Q4,TP.FINHESTNKS710125.ZP40,"F.5.2.1.Para Piyasası Fonları, Diğer Finansal Aracılar (Konsolide Stok)",last,0.0
bie_finhestnks710125,2025-Q4,TP.FINHESTNKS710125.ZP41,"F.5.2.2.Diğer Yatırım Fonları, Diğer Finansal Aracılar (Konsolide Stok)",last,0.0
bie_finhestnks710125,2025-Q4,TP.FINHESTNKS710125.ZP42,"F.6.Sigorta ve Emeklilik Sözleşmeleri, Diğer Finansal Aracılar (Konsolide Stok)",last,0.0
bie_finhestnks710125,2025-Q4,TP.FINHESTNKS710125.ZP43,"F.7.Finansal Türevler, Diğer Finansal Aracılar (Konsolide Stok)",last,3091392.097
bie_finhestnks710125,2025-Q4,TP.FINHESTNKS710125.ZP44,"F.8.Diğer Borçlar, Diğer Finansal Aracılar (Konsolide Stok)",last,427221457.5283
bie_finhestnks710125,2025-Q4,TP.FINHESTNKS710125.ZP45,"F.0.Toplam Yükümlülükler, Diğer Finansal Aracılar (Konsolide Stok)",last,1655667331.9649
bie_finhestnks710125,2026-Q1,TP.FINHESTNKS710125.ZP1,"BF.9.NET FİNANSAL DEĞER, Diğer Finansal Aracılar (Konsolide Stok)",last,325361589.682
bie_finhestnks710125,2026-Q1,TP.FINHESTNKS710125.ZP2,"VF.1.Parasal Altın ve SDR, Diğer Finansal Aracılar (Konsolide Stok)",last,0.0
bie_finhestnks710125,2026-Q1,TP.FINHESTNKS710125.ZP3,"VF.1.1.Parasal Altın, Diğer Finansal Aracılar (Konsolide Stok)",last,0.0
bie_finhestnks710125,2026-Q1,TP.FINHESTNKS710125.ZP4,"VF.1.2.Özel Çekme Hakları (SDR), Diğer Finansal Aracılar (Konsolide Stok)",last,0.0
bie_finhestnks710125,2026-Q1,TP.FINHESTNKS710125.ZP5,"VF.2.Para ve Mevduat, Diğer Finansal Aracılar (Konsolide Stok)",last,157393164.004
bie_finhestnks710125,2026-Q1,TP.FINHESTNKS710125.ZP6,"VF.2.1.Para, Diğer Finansal Aracılar (Konsolide Stok)",last,57271.088
bie_finhestnks710125,2026-Q1,TP.FINHESTNKS710125.ZP7,"VF.2.2.Vadesiz Mevduat, Diğer Finansal Aracılar (Konsolide Stok)",last,50193721.6634
bie_finhestnks710125,2026-Q1,TP.FINHESTNKS710125.ZP8,"VF.2.9.Vadeli Mevduat, Diğer Finansal Aracılar (Konsolide Stok)",last,107142171.2526
bie_finhestnks710125,2026-Q1,TP.FINHESTNKS710125.ZP9,"VF.3.Borçlanma Senetleri, Diğer Finansal Aracılar (Konsolide Stok)",last,158042230.225
bie_finhestnks710125,2026-Q1,TP.FINHESTNKS710125.ZP10,"VF.3.1.Kısa Vadeli Borçlanma Senetleri, Diğer Finansal Aracılar (Konsolide Stok)",last,25928522.1675
bie_finhestnks710125,2026-Q1,TP.FINHESTNKS710125.ZP11,"VF.3.2.Uzun Vadeli Borçlanma Senetleri, Diğer Finansal Aracılar (Konsolide Stok)",last,132113708.0575
bie_finhestnks710125,2026-Q1,TP.FINHESTNKS710125.ZP12,"VF.4.Krediler, Diğer Finansal Aracılar (Konsolide Stok)",last,1400216949.0869
bie_finhestnks710125,2026-Q1,TP.FINHESTNKS710125.ZP13,"VF.4.1.Kısa Vadeli Krediler, Diğer Finansal Aracılar (Konsolide Stok)",last,1400216949.0869
bie_finhestnks710125,2026-Q1,TP.FINHESTNKS710125.ZP14,"VF.4.2.Uzun Vadeli Krediler, Diğer Finansal Aracılar (Konsolide Stok)",last,0.0
bie_finhestnks710125,2026-Q1,TP.FINHESTNKS710125.ZP15,"VF.5.Hisse Senetleri ve Özkaynaklar, Diğer Finansal Aracılar (Konsolide Stok)",last,119690295.5968
bie_finhestnks710125,2026-Q1,TP.FINHESTNKS710125.ZP16,"VF.5.1.Hisse Senetleri ve Özkaynaklar, Diğer Finansal Aracılar (Konsolide Stok)",last,119690295.5968
bie_finhestnks710125,2026-Q1,TP.FINHESTNKS710125.ZP17,"VF.5.2.Yatırım Fonu Katılma Belgeleri, Diğer Finansal Aracılar (Konsolide Stok)",last,0.0
bie_finhestnks710125,2026-Q1,TP.FINHESTNKS710125.ZP18,"VF.5.2.1.Para Piyasası Fonları, Diğer Finansal Aracılar (Konsolide Stok)",last,0.0
bie_finhestnks710125,2026-Q1,TP.FINHESTNKS710125.ZP19,"VF.5.2.2.Diğer Yatırım Fonları, Diğer Finansal Aracılar (Konsolide Stok)",last,0.0
bie_finhestnks710125,2026-Q1,TP.FINHESTNKS710125.ZP20,"VF.6.Sigorta ve Emeklilik Sözleşmeleri, Diğer Finansal Aracılar (Konsolide Stok)",last,0.0
bie_finhestnks710125,2026-Q1,TP.FINHESTNKS710125.ZP21,"VF.7.Finansal Türevler, Diğer Finansal Aracılar (Konsolide Stok)",last,2683562.888
bie_finhestnks710125,2026-Q1,TP.FINHESTNKS710125.ZP22,"VF.8.Diğer Alacaklar, Diğer Finansal Aracılar (Konsolide Stok)",last,326257095.3135
bie_finhestnks710125,2026-Q1,TP.FINHESTNKS710125.ZP23,"VF.0.Toplam Varlıklar, Diğer Finansal Aracılar (Konsolide Stok)",last,2164283297.1142
bie_finhestnks710125,2026-Q1,TP.FINHESTNKS710125.ZP24,"F.1.Parasal Altın ve SDR, Diğer Finansal Aracılar (Konsolide Stok)",last,0.0
bie_finhestnks710125,2026-Q1,TP.FINHESTNKS710125.ZP26,"F.1.2.Özel Çekme Hakları (SDR), Diğer Finansal Aracılar (Konsolide Stok)",last,0.0
bie_finhestnks710125,2026-Q1,TP.FINHESTNKS710125.ZP27,"F.2.Para ve Mevduat, Diğer Finansal Aracılar (Konsolide Stok)",last,0.0
bie_finhestnks710125,2026-Q1,TP.FINHESTNKS710125.ZP28,"F.2.1.Para, Diğer Finansal Aracılar (Konsolide Stok)",last,0.0
bie_finhestnks710125,2026-Q1,TP.FINHESTNKS710125.ZP29,"F.2.2.Vadesiz Mevduat, Diğer Finansal Aracılar (Konsolide Stok)",last,0.0
bie_finhestnks710125,2026-Q1,TP.FINHESTNKS710125.ZP30,"F.2.9.Vadeli Mevduat, Diğer Finansal Aracılar (Konsolide Stok)",last,0.0
bie_finhestnks710125,2026-Q1,TP.FINHESTNKS710125.ZP31,"F.3.Borçlanma Senetleri, Diğer Finansal Aracılar (Konsolide Stok)",last,197305781.062
bie_finhestnks710125,2026-Q1,TP.FINHESTNKS710125.ZP32,"F.3.1.Kısa Vadeli Borçlanma Senetleri, Diğer Finansal Aracılar (Konsolide Stok)",last,120079678.5802
bie_finhestnks710125,2026-Q1,TP.FINHESTNKS710125.ZP33,"F.3.2.Uzun Vadeli Borçlanma Senetleri, Diğer Finansal Aracılar (Konsolide Stok)",last,77226102.4818
bie_finhestnks710125,2026-Q1,TP.FINHESTNKS710125.ZP34,"F.4.Krediler, Diğer Finansal Aracılar (Konsolide Stok)",last,1021176666.4659
bie_finhestnks710125,2026-Q1,TP.FINHESTNKS710125.ZP35,"F.4.1.Kısa Vadeli Krediler, Diğer Finansal Aracılar (Konsolide Stok)",last,520800099.8976
bie_finhestnks710125,2026-Q1,TP.FINHESTNKS710125.ZP36,"F.4.2.Uzun Vadeli Krediler, Diğer Finansal Aracılar (Konsolide Stok)",last,500376566.5683
bie_finhestnks710125,2026-Q1,TP.FINHESTNKS710125.ZP37,"F.5.Hisse Senetleri ve Özkaynaklar, Diğer Finansal Aracılar (Konsolide Stok)",last,86429314.8448
bie_finhestnks710125,2026-Q1,TP.FINHESTNKS710125.ZP38,"F.5.1.Hisse Senetleri ve Özkaynaklar, Diğer Finansal Aracılar (Konsolide Stok)",last,86429314.8448
bie_finhestnks710125,2026-Q1,TP.FINHESTNKS710125.ZP39,"F.5.2.Yatırım Fonu Katılma Belgeleri, Diğer Finansal Aracılar (Konsolide Stok)",last,0.0
bie_finhestnks710125,2026-Q1,TP.FINHESTNKS710125.ZP40,"F.5.2.1.Para Piyasası Fonları, Diğer Finansal Aracılar (Konsolide Stok)",last,0.0
bie_finhestnks710125,2026-Q1,TP.FINHESTNKS710125.ZP41,"F.5.2.2.Diğer Yatırım Fonları, Diğer Finansal Aracılar (Konsolide Stok)",last,0.0
bie_finhestnks710125,2026-Q1,TP.FINHESTNKS710125.ZP42,"F.6.Sigorta ve Emeklilik Sözleşmeleri, Diğer Finansal Aracılar (Konsolide Stok)",last,0.0
bie_finhestnks710125,2026-Q1,TP.FINHESTNKS710125.ZP43,"F.7.Finansal Türevler, Diğer Finansal Aracılar (Konsolide Stok)",last,3496163.412
bie_finhestnks710125,2026-Q1,TP.FINHESTNKS710125.ZP44,"F.8.Diğer Borçlar, Diğer Finansal Aracılar (Konsolide Stok)",last,530513781.6475
bie_finhestnks710125,2026-Q1,TP.FINHESTNKS710125.ZP45,"F.0.Toplam Yükümlülükler, Diğer Finansal Aracılar (Konsolide Stok)",last,1838921707.4322
bie_finhestnks610125,2010-Q4,TP.FINHESTNKS610125.ZP1,"BF.9.NET FİNANSAL DEĞER, Diğer Finansal Aracılar (Konsolide Akım)",sum,835050.9833
bie_finhestnks610125,2010-Q4,TP.FINHESTNKS610125.ZP2,"VF.1.Parasal Altın ve SDR, Diğer Finansal Aracılar (Konsolide Akım)",sum,0.0
bie_finhestnks610125,2010-Q4,TP.FINHESTNKS610125.ZP3,"VF.1.1.Parasal Altın, Diğer Finansal Aracılar (Konsolide Akım)",sum,0.0
bie_finhestnks610125,2010-Q4,TP.FINHESTNKS610125.ZP4,"VF.1.2.Özel Çekme Hakları (SDR), Diğer Finansal Aracılar (Konsolide Akım)",sum,0.0
bie_finhestnks610125,2010-Q4,TP.FINHESTNKS610125.ZP5,"VF.2.Para ve Mevduat, Diğer Finansal Aracılar (Konsolide Akım)",sum,1673832.2176
bie_finhestnks610125,2010-Q4,TP.FINHESTNKS610125.ZP6,"VF.2.1.Para, Diğer Finansal Aracılar (Konsolide Akım)",sum,5610.6204
bie_finhestnks610125,2010-Q4,TP.FINHESTNKS610125.ZP7,"VF.2.2.Vadesiz Mevduat, Diğer Finansal Aracılar (Konsolide Akım)",sum,-24067.5842
bie_finhestnks610125,2010-Q4,TP.FINHESTNKS610125.ZP8,"VF.2.9.Vadeli Mevduat, Diğer Finansal Aracılar (Konsolide Akım)",sum,1692289.1813
bie_finhestnks610125,2010-Q4,TP.FINHESTNKS610125.ZP9,"VF.3.Borçlanma Senetleri, Diğer Finansal Aracılar (Konsolide Akım)",sum,-36714.8281
bie_finhestnks610125,2010-Q4,TP.FINHESTNKS610125.ZP12,"VF.4.Krediler, Diğer Finansal Aracılar (Konsolide Akım)",sum,4977387.4353
bie_finhestnks610125,2010-Q4,TP.FINHESTNKS610125.ZP13,"VF.4.1.Kısa Vadeli Krediler, Diğer Finansal Aracılar (Konsolide Akım)",sum,4977387.4353
bie_finhestnks610125,2010-Q4,TP.FINHESTNKS610125.ZP14,"VF.4.2.Uzun Vadeli Krediler, Diğer Finansal Aracılar (Konsolide Akım)",sum,0.0
bie_finhestnks610125,2010-Q4,TP.FINHESTNKS610125.ZP15,"VF.5.Hisse Senetleri ve Özkaynaklar, Diğer Finansal Aracılar (Konsolide Akım)",sum,-45386.8376
bie_finhestnks610125,2010-Q4,TP.FINHESTNKS610125.ZP16,"VF.5.1.Hisse Senetleri ve Özkaynaklar, Diğer Finansal Aracılar (Konsolide Akım)",sum,-45386.8376
bie_finhestnks610125,2010-Q4,TP.FINHESTNKS610125.ZP17,"VF.5.2.Yatırım Fonu Katılma Belgeleri, Diğer Finansal Aracılar (Konsolide Akım)",sum,0.0
bie_finhestnks610125,2010-Q4,TP.FINHESTNKS610125.ZP18,"VF.5.2.1.Para Piyasası Fonları, Diğer Finansal Aracılar (Konsolide Akım)",sum,0.0
bie_finhestnks610125,2010-Q4,TP.FINHESTNKS610125.ZP19,"VF.5.2.2.Diğer Yatırım Fonları, Diğer Finansal Aracılar (Konsolide Akım)",sum,0.0
bie_finhestnks610125,2010-Q4,TP.FINHESTNKS610125.ZP21,"VF.7.Finansal Türevler, Diğer Finansal Aracılar (Konsolide Akım)",sum,88157.0382
bie_finhestnks610125,2010-Q4,TP.FINHESTNKS610125.ZP22,"VF.8.Diğer Alacaklar, Diğer Finansal Aracılar (Konsolide Akım)",sum,462999.8717
bie_finhestnks610125,2010-Q4,TP.FINHESTNKS610125.ZP23,"VF.0.Toplam Varlıklar, Diğer Finansal Aracılar (Konsolide Akım)",sum,7120274.8972
bie_finhestnks610125,2010-Q4,TP.FINHESTNKS610125.ZP24,"F.1.Parasal Altın ve SDR, Diğer Finansal Aracılar (Konsolide Akım)",sum,0.0
bie_finhestnks610125,2010-Q4,TP.FINHESTNKS610125.ZP26,"F.1.2.Özel Çekme Hakları (SDR), Diğer Finansal Aracılar (Konsolide Akım)",sum,0.0
bie_finhestnks610125,2010-Q4,TP.FINHESTNKS610125.ZP27,"F.2.Para ve Mevduat, Diğer Finansal Aracılar (Konsolide Akım)",sum,0.0
bie_finhestnks610125,2010-Q4,TP.FINHESTNKS610125.ZP28,"F.2.1.Para, Diğer Finansal Aracılar (Konsolide Akım)",sum,0.0
bie_finhestnks610125,2010-Q4,TP.FINHESTNKS610125.ZP29,"F.2.2.Vadesiz Mevduat, Diğer Finansal Aracılar (Konsolide Akım)",sum,0.0
bie_finhestnks610125,2010-Q4,TP.FINHESTNKS610125.ZP30,"F.2.9.Vadeli Mevduat, Diğer Finansal Aracılar (Konsolide Akım)",sum,0.0
bie_finhestnks610125,2010-Q4,TP.FINHESTNKS610125.ZP31,"F.3.Borçlanma Senetleri, Diğer Finansal Aracılar (Konsolide Akım)",sum,545510.0
bie_finhestnks610125,2010-Q4,TP.FINHESTNKS610125.ZP34,"F.4.Krediler, Diğer Finansal Aracılar (Konsolide Akım)",sum,5285419.4781
bie_finhestnks610125,2010-Q4,TP.FINHESTNKS610125.ZP37,"F.5.Hisse Senetleri ve Özkaynaklar, Diğer Finansal Aracılar (Konsolide Akım)",sum,103876.0
bie_finhestnks610125,2010-Q4,TP.FINHESTNKS610125.ZP38,"F.5.1.Hisse Senetleri ve Özkaynaklar, Diğer Finansal Aracılar (Konsolide Akım)",sum,103876.0
bie_finhestnks610125,2010-Q4,TP.FINHESTNKS610125.ZP39,"F.5.2.Yatırım Fonu Katılma Belgeleri, Diğer Finansal Aracılar (Konsolide Akım)",sum,0.0
bie_finhestnks610125,2010-Q4,TP.FINHESTNKS610125.ZP40,"F.5.2.1.Para Piyasası Fonları, Diğer Finansal Aracılar (Konsolide Akım)",sum,0.0
bie_finhestnks610125,2010-Q4,TP.FINHESTNKS610125.ZP41,"F.5.2.2.Diğer Yatırım Fonları, Diğer Finansal Aracılar (Konsolide Akım)",sum,0.0
bie_finhestnks610125,2010-Q4,TP.FINHESTNKS610125.ZP42,"F.6.Sigorta ve Emeklilik Sözleşmeleri, Diğer Finansal Aracılar (Konsolide Akım)",sum,0.0
bie_finhestnks610125,2010-Q4,TP.FINHESTNKS610125.ZP43,"F.7.Finansal Türevler, Diğer Finansal Aracılar (Konsolide Akım)",sum,-783.6481
bie_finhestnks610125,2010-Q4,TP.FINHESTNKS610125.ZP44,"F.8.Diğer Borçlar, Diğer Finansal Aracılar (Konsolide Akım)",sum,351202.0839
bie_finhestnks610125,2010-Q4,TP.FINHESTNKS610125.ZP45,"F.0.Toplam Yükümlülükler, Diğer Finansal Aracılar (Konsolide Akım)",sum,6285223.9139
bie_finhestnks610125,2011-Q4,TP.FINHESTNKS610125.ZP1,"BF.9.NET FİNANSAL DEĞER, Diğer Finansal Aracılar (Konsolide Akım)",sum,748923.6426
bie_finhestnks610125,2011-Q4,TP.FINHESTNKS610125.ZP2,"VF.1.Parasal Altın ve SDR, Diğer Finansal Aracılar (Konsolide Akım)",sum,0.0
bie_finhestnks610125,2011-Q4,TP.FINHESTNKS610125.ZP3,"VF.1.1.Parasal Altın, Diğer Finansal Aracılar (Konsolide Akım)",sum,0.0
bie_finhestnks610125,2011-Q4,TP.FINHESTNKS610125.ZP4,"VF.1.2.Özel Çekme Hakları (SDR), Diğer Finansal Aracılar (Konsolide Akım)",sum,0.0
bie_finhestnks610125,2011-Q4,TP.FINHESTNKS610125.ZP5,"VF.2.Para ve Mevduat, Diğer Finansal Aracılar (Konsolide Akım)",sum,-2641088.7342
bie_finhestnks610125,2011-Q4,TP.FINHESTNKS610125.ZP6,"VF.2.1.Para, Diğer Finansal Aracılar (Konsolide Akım)",sum,-1691.427
bie_finhestnks610125,2011-Q4,TP.FINHESTNKS610125.ZP7,"VF.2.2.Vadesiz Mevduat, Diğer Finansal Aracılar (Konsolide Akım)",sum,190570.6429
bie_finhestnks610125,2011-Q4,TP.FINHESTNKS610125.ZP8,"VF.2.9.Vadeli Mevduat, Diğer Finansal Aracılar (Konsolide Akım)",sum,-2829967.95
bie_finhestnks610125,2011-Q4,TP.FINHESTNKS610125.ZP9,"VF.3.Borçlanma Senetleri, Diğer Finansal Aracılar (Konsolide Akım)",sum,-33526.8359
bie_finhestnks610125,2011-Q4,TP.FINHESTNKS610125.ZP12,"VF.4.Krediler, Diğer Finansal Aracılar (Konsolide Akım)",sum,6474621.8745
bie_finhestnks610125,2011-Q4,TP.FINHESTNKS610125.ZP13,"VF.4.1.Kısa Vadeli Krediler, Diğer Finansal Aracılar (Konsolide Akım)",sum,6474621.8745
bie_finhestnks610125,2011-Q4,TP.FINHESTNKS610125.ZP14,"VF.4.2.Uzun Vadeli Krediler, Diğer Finansal Aracılar (Konsolide Akım)",sum,0.0
bie_finhestnks610125,2011-Q4,TP.FINHESTNKS610125.ZP15,"VF.5.Hisse Senetleri ve Özkaynaklar, Diğer Finansal Aracılar (Konsolide Akım)",sum,-37471.4313
bie_finhestnks610125,2011-Q4,TP.FINHESTNKS610125.ZP16,"VF.5.1.Hisse Senetleri ve Özkaynaklar, Diğer Finansal Aracılar (Konsolide Akım)",sum,-37471.4313
bie_finhestnks610125,2011-Q4,TP.FINHESTNKS610125.ZP17,"VF.5.2.Yatırım Fonu Katılma Belgeleri, Diğer Finansal Aracılar (Konsolide Akım)",sum,0.0
bie_finhestnks610125,2011-Q4,TP.FINHESTNKS610125.ZP18,"VF.5.2.1.Para Piyasası Fonları, Diğer Finansal Aracılar (Konsolide Akım)",sum,0.0
bie_finhestnks610125,2011-Q4,TP.FINHESTNKS610125.ZP19,"VF.5.2.2.Diğer Yatırım Fonları, Diğer Finansal Aracılar (Konsolide Akım)",sum,0.0
bie_finhestnks610125,2011-Q4,TP.FINHESTNKS610125.ZP21,"VF.7.Finansal Türevler, Diğer Finansal Aracılar (Konsolide Akım)",sum,231481.8685
bie_finhestnks610125,2011-Q4,TP.FINHESTNKS610125.ZP22,"VF.8.Diğer Alacaklar, Diğer Finansal Aracılar (Konsolide Akım)",sum,220066.4927
bie_finhestnks610125,2011-Q4,TP.FINHESTNKS610125.ZP23,"VF.0.Toplam Varlıklar, Diğer Finansal Aracılar (Konsolide Akım)",sum,4214083.2344
bie_finhestnks610125,2011-Q4,TP.FINHESTNKS610125.ZP24,"F.1.Parasal Altın ve SDR, Diğer Finansal Aracılar (Konsolide Akım)",sum,0.0
bie_finhestnks610125,2011-Q4,TP.FINHESTNKS610125.ZP26,"F.1.2.Özel Çekme Hakları (SDR), Diğer Finansal Aracılar (Konsolide Akım)",sum,0.0
bie_finhestnks610125,2011-Q4,TP.FINHESTNKS610125.ZP27,"F.2.Para ve Mevduat, Diğer Finansal Aracılar (Konsolide Akım)",sum,0.0
bie_finhestnks610125,2011-Q4,TP.FINHESTNKS610125.ZP28,"F.2.1.Para, Diğer Finansal Aracılar (Konsolide Akım)",sum,0.0
bie_finhestnks610125,2011-Q4,TP.FINHESTNKS610125.ZP29,"F.2.2.Vadesiz Mevduat, Diğer Finansal Aracılar (Konsolide Akım)",sum,0.0
bie_finhestnks610125,2011-Q4,TP.FINHESTNKS610125.ZP30,"F.2.9.Vadeli Mevduat, Diğer Finansal Aracılar (Konsolide Akım)",sum,0.0
bie_finhestnks610125,2011-Q4,TP.FINHESTNKS610125.ZP31,"F.3.Borçlanma Senetleri, Diğer Finansal Aracılar (Konsolide Akım)",sum,326724.0
bie_finhestnks610125,2011-Q4,TP.FINHESTNKS610125.ZP34,"F.4.Krediler, Diğer Finansal Aracılar (Konsolide Akım)",sum,2416048.8687
bie_finhestnks610125,2011-Q4,TP.FINHESTNKS610125.ZP37,"F.5.Hisse Senetleri ve Özkaynaklar, Diğer Finansal Aracılar (Konsolide Akım)",sum,531439.0
bie_finhestnks610125,2011-Q4,TP.FINHESTNKS610125.ZP38,"F.5.1.Hisse Senetleri ve Özkaynaklar, Diğer Finansal Aracılar (Konsolide Akım)",sum,531439.0
bie_finhestnks610125,2011-Q4,TP.FINHESTNKS610125.ZP39,"F.5.2.Yatırım Fonu Katılma Belgeleri, Diğer Finansal Aracılar (Konsolide Akım)",sum,0.0
bie_finhestnks610125,2011-Q4,TP.FINHESTNKS610125.ZP40,"F.5.2.1.Para Piyasası Fonları, Diğer Finansal Aracılar (Konsolide Akım)",sum,0.0
bie_finhestnks610125,2011-Q4,TP.FINHESTNKS610125.ZP41,"F.5.2.2.Diğer Yatırım Fonları, Diğer Finansal Aracılar (Konsolide Akım)",sum,0.0
bie_finhestnks610125,2011-Q4,TP.FINHESTNKS610125.ZP42,"F.6.Sigorta ve Emeklilik Sözleşmeleri, Diğer Finansal Aracılar (Konsolide Akım)",sum,0.0
bie_finhestnks610125,2011-Q4,TP.FINHESTNKS610125.ZP43,"F.7.Finansal Türevler, Diğer Finansal Aracılar (Konsolide Akım)",sum,98209.65
bie_finhestnks610125,2011-Q4,TP.FINHESTNKS610125.ZP44,"F.8.Diğer Borçlar, Diğer Finansal Aracılar (Konsolide Akım)",sum,92738.073
bie_finhestnks610125,2011-Q4,TP.FINHESTNKS610125.ZP45,"F.0.Toplam Yükümlülükler, Diğer Finansal Aracılar (Konsolide Akım)",sum,3465159.5917
bie_finhestnks610125,2012-Q4,TP.FINHESTNKS610125.ZP1,"BF.9.NET FİNANSAL DEĞER, Diğer Finansal Aracılar (Konsolide Akım)",sum,352910.6269
bie_finhestnks610125,2012-Q4,TP.FINHESTNKS610125.ZP2,"VF.1.Parasal Altın ve SDR, Diğer Finansal Aracılar (Konsolide Akım)",sum,0.0
bie_finhestnks610125,2012-Q4,TP.FINHESTNKS610125.ZP3,"VF.1.1.Parasal Altın, Diğer Finansal Aracılar (Konsolide Akım)",sum,0.0
bie_finhestnks610125,2012-Q4,TP.FINHESTNKS610125.ZP4,"VF.1.2.Özel Çekme Hakları (SDR), Diğer Finansal Aracılar (Konsolide Akım)",sum,0.0
bie_finhestnks610125,2012-Q4,TP.FINHESTNKS610125.ZP5,"VF.2.Para ve Mevduat, Diğer Finansal Aracılar (Konsolide Akım)",sum,535511.9666
bie_finhestnks610125,2012-Q4,TP.FINHESTNKS610125.ZP6,"VF.2.1.Para, Diğer Finansal Aracılar (Konsolide Akım)",sum,-3719.8671
bie_finhestnks610125,2012-Q4,TP.FINHESTNKS610125.ZP7,"VF.2.2.Vadesiz Mevduat, Diğer Finansal Aracılar (Konsolide Akım)",sum,-70457.9782
bie_finhestnks610125,2012-Q4,TP.FINHESTNKS610125.ZP8,"VF.2.9.Vadeli Mevduat, Diğer Finansal Aracılar (Konsolide Akım)",sum,609689.812
bie_finhestnks610125,2012-Q4,TP.FINHESTNKS610125.ZP9,"VF.3.Borçlanma Senetleri, Diğer Finansal Aracılar (Konsolide Akım)",sum,-5451.0329
bie_finhestnks610125,2012-Q4,TP.FINHESTNKS610125.ZP12,"VF.4.Krediler, Diğer Finansal Aracılar (Konsolide Akım)",sum,7560538.3852
bie_finhestnks610125,2012-Q4,TP.FINHESTNKS610125.ZP13,"VF.4.1.Kısa Vadeli Krediler, Diğer Finansal Aracılar (Konsolide Akım)",sum,7560538.3852
bie_finhestnks610125,2012-Q4,TP.FINHESTNKS610125.ZP14,"VF.4.2.Uzun Vadeli Krediler, Diğer Finansal Aracılar (Konsolide Akım)",sum,0.0
bie_finhestnks610125,2012-Q4,TP.FINHESTNKS610125.ZP15,"VF.5.Hisse Senetleri ve Özkaynaklar, Diğer Finansal Aracılar (Konsolide Akım)",sum,44865.7948
bie_finhestnks610125,2012-Q4,TP.FINHESTNKS610125.ZP16,"VF.5.1.Hisse Senetleri ve Özkaynaklar, Diğer Finansal Aracılar (Konsolide Akım)",sum,44865.7948
bie_finhestnks610125,2012-Q4,TP.FINHESTNKS610125.ZP17,"VF.5.2.Yatırım Fonu Katılma Belgeleri, Diğer Finansal Aracılar (Konsolide Akım)",sum,0.0
bie_finhestnks610125,2012-Q4,TP.FINHESTNKS610125.ZP18,"VF.5.2.1.Para Piyasası Fonları, Diğer Finansal Aracılar (Konsolide Akım)",sum,0.0
bie_finhestnks610125,2012-Q4,TP.FINHESTNKS610125.ZP19,"VF.5.2.2.Diğer Yatırım Fonları, Diğer Finansal Aracılar (Konsolide Akım)",sum,0.0
bie_finhestnks610125,2012-Q4,TP.FINHESTNKS610125.ZP21,"VF.7.Finansal Türevler, Diğer Finansal Aracılar (Konsolide Akım)",sum,-93867.7105
bie_finhestnks610125,2012-Q4,TP.FINHESTNKS610125.ZP22,"VF.8.Diğer Alacaklar, Diğer Finansal Aracılar (Konsolide Akım)",sum,-89437.3419
bie_finhestnks610125,2012-Q4,TP.FINHESTNKS610125.ZP23,"VF.0.Toplam Varlıklar, Diğer Finansal Aracılar (Konsolide Akım)",sum,7952160.0614
bie_finhestnks610125,2012-Q4,TP.FINHESTNKS610125.ZP24,"F.1.Parasal Altın ve SDR, Diğer Finansal Aracılar (Konsolide Akım)",sum,0.0
bie_finhestnks610125,2012-Q4,TP.FINHESTNKS610125.ZP26,"F.1.2.Özel Çekme Hakları (SDR), Diğer Finansal Aracılar (Konsolide Akım)",sum,0.0
bie_finhestnks610125,2012-Q4,TP.FINHESTNKS610125.ZP27,"F.2.Para ve Mevduat, Diğer Finansal Aracılar (Konsolide Akım)",sum,0.0
bie_finhestnks610125,2012-Q4,TP.FINHESTNKS610125.ZP28,"F.2.1.Para, Diğer Finansal Aracılar (Konsolide Akım)",sum,0.0
bie_finhestnks610125,2012-Q4,TP.FINHESTNKS610125.ZP29,"F.2.2.Vadesiz Mevduat, Diğer Finansal Aracılar (Konsolide Akım)",sum,0.0
bie_finhestnks610125,2012-Q4,TP.FINHESTNKS610125.ZP30,"F.2.9.Vadeli Mevduat, Diğer Finansal Aracılar (Konsolide Akım)",sum,0.0
bie_finhestnks610125,2012-Q4,TP.FINHESTNKS610125.ZP31,"F.3.Borçlanma Senetleri, Diğer Finansal Aracılar (Konsolide Akım)",sum,1796998.0
bie_finhestnks610125,2012-Q4,TP.FINHESTNKS610125.ZP34,"F.4.Krediler, Diğer Finansal Aracılar (Konsolide Akım)",sum,4497517.0625
bie_finhestnks610125,2012-Q4,TP.FINHESTNKS610125.ZP37,"F.5.Hisse Senetleri ve Özkaynaklar, Diğer Finansal Aracılar (Konsolide Akım)",sum,836472.858
bie_finhestnks610125,2012-Q4,TP.FINHESTNKS610125.ZP38,"F.5.1.Hisse Senetleri ve Özkaynaklar, Diğer Finansal Aracılar (Konsolide Akım)",sum,836472.858
bie_finhestnks610125,2012-Q4,TP.FINHESTNKS610125.ZP39,"F.5.2.Yatırım Fonu Katılma Belgeleri, Diğer Finansal Aracılar (Konsolide Akım)",sum,0.0
bie_finhestnks610125,2012-Q4,TP.FINHESTNKS610125.ZP40,"F.5.2.1.Para Piyasası Fonları, Diğer Finansal Aracılar (Konsolide Akım)",sum,0.0
bie_finhestnks610125,2012-Q4,TP.FINHESTNKS610125.ZP41,"F.5.2.2.Diğer Yatırım Fonları, Diğer Finansal Aracılar (Konsolide Akım)",sum,0.0
bie_finhestnks610125,2012-Q4,TP.FINHESTNKS610125.ZP42,"F.6.Sigorta ve Emeklilik Sözleşmeleri, Diğer Finansal Aracılar (Konsolide Akım)",sum,0.0
bie_finhestnks610125,2012-Q4,TP.FINHESTNKS610125.ZP43,"F.7.Finansal Türevler, Diğer Finansal Aracılar (Konsolide Akım)",sum,-106240.1262
bie_finhestnks610125,2012-Q4,TP.FINHESTNKS610125.ZP44,"F.8.Diğer Borçlar, Diğer Finansal Aracılar (Konsolide Akım)",sum,574501.6402
bie_finhestnks610125,2012-Q4,TP.FINHESTNKS610125.ZP45,"F.0.Toplam Yükümlülükler, Diğer Finansal Aracılar (Konsolide Akım)",sum,7599249.4345
bie_finhestnks610125,2013-Q4,TP.FINHESTNKS610125.ZP1,"BF.9.NET FİNANSAL DEĞER, Diğer Finansal Aracılar (Konsolide Akım)",sum,608533.4403
bie_finhestnks610125,2013-Q4,TP.FINHESTNKS610125.ZP2,"VF.1.Parasal Altın ve SDR, Diğer Finansal Aracılar (Konsolide Akım)",sum,0.0
bie_finhestnks610125,2013-Q4,TP.FINHESTNKS610125.ZP3,"VF.1.1.Parasal Altın, Diğer Finansal Aracılar (Konsolide Akım)",sum,0.0
bie_finhestnks610125,2013-Q4,TP.FINHESTNKS610125.ZP4,"VF.1.2.Özel Çekme Hakları (SDR), Diğer Finansal Aracılar (Konsolide Akım)",sum,0.0
bie_finhestnks610125,2013-Q4,TP.FINHESTNKS610125.ZP5,"VF.2.Para ve Mevduat, Diğer Finansal Aracılar (Konsolide Akım)",sum,413269.416
bie_finhestnks610125,2013-Q4,TP.FINHESTNKS610125.ZP6,"VF.2.1.Para, Diğer Finansal Aracılar (Konsolide Akım)",sum,-1541.8577
bie_finhestnks610125,2013-Q4,TP.FINHESTNKS610125.ZP7,"VF.2.2.Vadesiz Mevduat, Diğer Finansal Aracılar (Konsolide Akım)",sum,206783.6369
bie_finhestnks610125,2013-Q4,TP.FINHESTNKS610125.ZP8,"VF.2.9.Vadeli Mevduat, Diğer Finansal Aracılar (Konsolide Akım)",sum,208027.6369
bie_finhestnks610125,2013-Q4,TP.FINHESTNKS610125.ZP9,"VF.3.Borçlanma Senetleri, Diğer Finansal Aracılar (Konsolide Akım)",sum,8257.6312
bie_finhestnks610125,2013-Q4,TP.FINHESTNKS610125.ZP12,"VF.4.Krediler, Diğer Finansal Aracılar (Konsolide Akım)",sum,11656682.0884
bie_finhestnks610125,2013-Q4,TP.FINHESTNKS610125.ZP13,"VF.4.1.Kısa Vadeli Krediler, Diğer Finansal Aracılar (Konsolide Akım)",sum,11656682.0884
bie_finhestnks610125,2013-Q4,TP.FINHESTNKS610125.ZP14,"VF.4.2.Uzun Vadeli Krediler, Diğer Finansal Aracılar (Konsolide Akım)",sum,0.0
bie_finhestnks610125,2013-Q4,TP.FINHESTNKS610125.ZP15,"VF.5.Hisse Senetleri ve Özkaynaklar, Diğer Finansal Aracılar (Konsolide Akım)",sum,17516.4389
bie_finhestnks610125,2013-Q4,TP.FINHESTNKS610125.ZP16,"VF.5.1.Hisse Senetleri ve Özkaynaklar, Diğer Finansal Aracılar (Konsolide Akım)",sum,17516.4389
bie_finhestnks610125,2013-Q4,TP.FINHESTNKS610125.ZP17,"VF.5.2.Yatırım Fonu Katılma Belgeleri, Diğer Finansal Aracılar (Konsolide Akım)",sum,0.0
bie_finhestnks610125,2013-Q4,TP.FINHESTNKS610125.ZP18,"VF.5.2.1.Para Piyasası Fonları, Diğer Finansal Aracılar (Konsolide Akım)",sum,0.0
bie_finhestnks610125,2013-Q4,TP.FINHESTNKS610125.ZP19,"VF.5.2.2.Diğer Yatırım Fonları, Diğer Finansal Aracılar (Konsolide Akım)",sum,0.0
bie_finhestnks610125,2013-Q4,TP.FINHESTNKS610125.ZP20,"VF.6.Sigorta ve Emeklilik Sözleşmeleri, Diğer Finansal Aracılar (Konsolide Akım)",sum,0.0
bie_finhestnks610125,2013-Q4,TP.FINHESTNKS610125.ZP21,"VF.7.Finansal Türevler, Diğer Finansal Aracılar (Konsolide Akım)",sum,605867.7798
bie_finhestnks610125,2013-Q4,TP.FINHESTNKS610125.ZP22,"VF.8.Diğer Alacaklar, Diğer Finansal Aracılar (Konsolide Akım)",sum,1055488.2427
bie_finhestnks610125,2013-Q4,TP.FINHESTNKS610125.ZP23,"VF.0.Toplam Varlıklar, Diğer Finansal Aracılar (Konsolide Akım)",sum,13757081.597
bie_finhestnks610125,2013-Q4,TP.FINHESTNKS610125.ZP24,"F.1.Parasal Altın ve SDR, Diğer Finansal Aracılar (Konsolide Akım)",sum,0.0
bie_finhestnks610125,2013-Q4,TP.FINHESTNKS610125.ZP26,"F.1.2.Özel Çekme Hakları (SDR), Diğer Finansal Aracılar (Konsolide Akım)",sum,0.0
bie_finhestnks610125,2013-Q4,TP.FINHESTNKS610125.ZP27,"F.2.Para ve Mevduat, Diğer Finansal Aracılar (Konsolide Akım)",sum,448191.207
bie_finhestnks610125,2013-Q4,TP.FINHESTNKS610125.ZP28,"F.2.1.Para, Diğer Finansal Aracılar (Konsolide Akım)",sum,0.0
bie_finhestnks610125,2013-Q4,TP.FINHESTNKS610125.ZP29,"F.2.2.Vadesiz Mevduat, Diğer Finansal Aracılar (Konsolide Akım)",sum,0.0
bie_finhestnks610125,2013-Q4,TP.FINHESTNKS610125.ZP30,"F.2.9.Vadeli Mevduat, Diğer Finansal Aracılar (Konsolide Akım)",sum,448191.207
bie_finhestnks610125,2013-Q4,TP.FINHESTNKS610125.ZP31,"F.3.Borçlanma Senetleri, Diğer Finansal Aracılar (Konsolide Akım)",sum,1334732.2087
bie_finhestnks610125,2013-Q4,TP.FINHESTNKS610125.ZP34,"F.4.Krediler, Diğer Finansal Aracılar (Konsolide Akım)",sum,8499794.4009
bie_finhestnks610125,2013-Q4,TP.FINHESTNKS610125.ZP37,"F.5.Hisse Senetleri ve Özkaynaklar, Diğer Finansal Aracılar (Konsolide Akım)",sum,901125.886
bie_finhestnks610125,2013-Q4,TP.FINHESTNKS610125.ZP38,"F.5.1.Hisse Senetleri ve Özkaynaklar, Diğer Finansal Aracılar (Konsolide Akım)",sum,901125.886
bie_finhestnks610125,2013-Q4,TP.FINHESTNKS610125.ZP39,"F.5.2.Yatırım Fonu Katılma Belgeleri, Diğer Finansal Aracılar (Konsolide Akım)",sum,0.0
bie_finhestnks610125,2013-Q4,TP.FINHESTNKS610125.ZP40,"F.5.2.1.Para Piyasası Fonları, Diğer Finansal Aracılar (Konsolide Akım)",sum,0.0
bie_finhestnks610125,2013-Q4,TP.FINHESTNKS610125.ZP41,"F.5.2.2.Diğer Yatırım Fonları, Diğer Finansal Aracılar (Konsolide Akım)",sum,0.0
bie_finhestnks610125,2013-Q4,TP.FINHESTNKS610125.ZP42,"F.6.Sigorta ve Emeklilik Sözleşmeleri, Diğer Finansal Aracılar (Konsolide Akım)",sum,0.0
bie_finhestnks610125,2013-Q4,TP.FINHESTNKS610125.ZP43,"F.7.Finansal Türevler, Diğer Finansal Aracılar (Konsolide Akım)",sum,624494.5681
bie_finhestnks610125,2013-Q4,TP.FINHESTNKS610125.ZP44,"F.8.Diğer Borçlar, Diğer Finansal Aracılar (Konsolide Akım)",sum,1340209.886
bie_finhestnks610125,2013-Q4,TP.FINHESTNKS610125.ZP45,"F.0.Toplam Yükümlülükler, Diğer Finansal Aracılar (Konsolide Akım)",sum,13148548.1567
bie_finhestnks610125,2014-Q4,TP.FINHESTNKS610125.ZP1,"BF.9.NET FİNANSAL DEĞER, Diğer Finansal Aracılar (Konsolide Akım)",sum,4103720.8851
bie_finhestnks610125,2014-Q4,TP.FINHESTNKS610125.ZP2,"VF.1.Parasal Altın ve SDR, Diğer Finansal Aracılar (Konsolide Akım)",sum,0.0
bie_finhestnks610125,2014-Q4,TP.FINHESTNKS610125.ZP3,"VF.1.1.Parasal Altın, Diğer Finansal Aracılar (Konsolide Akım)",sum,0.0
bie_finhestnks610125,2014-Q4,TP.FINHESTNKS610125.ZP4,"VF.1.2.Özel Çekme Hakları (SDR), Diğer Finansal Aracılar (Konsolide Akım)",sum,0.0
bie_finhestnks610125,2014-Q4,TP.FINHESTNKS610125.ZP5,"VF.2.Para ve Mevduat, Diğer Finansal Aracılar (Konsolide Akım)",sum,5584309.9754
bie_finhestnks610125,2014-Q4,TP.FINHESTNKS610125.ZP6,"VF.2.1.Para, Diğer Finansal Aracılar (Konsolide Akım)",sum,-1019.5552
bie_finhestnks610125,2014-Q4,TP.FINHESTNKS610125.ZP7,"VF.2.2.Vadesiz Mevduat, Diğer Finansal Aracılar (Konsolide Akım)",sum,276733.9156
bie_finhestnks610125,2014-Q4,TP.FINHESTNKS610125.ZP8,"VF.2.9.Vadeli Mevduat, Diğer Finansal Aracılar (Konsolide Akım)",sum,5308595.6149
bie_finhestnks610125,2014-Q4,TP.FINHESTNKS610125.ZP9,"VF.3.Borçlanma Senetleri, Diğer Finansal Aracılar (Konsolide Akım)",sum,64133.6838
bie_finhestnks610125,2014-Q4,TP.FINHESTNKS610125.ZP12,"VF.4.Krediler, Diğer Finansal Aracılar (Konsolide Akım)",sum,13694812.669
bie_finhestnks610125,2014-Q4,TP.FINHESTNKS610125.ZP13,"VF.4.1.Kısa Vadeli Krediler, Diğer Finansal Aracılar (Konsolide Akım)",sum,13694812.669
bie_finhestnks610125,2014-Q4,TP.FINHESTNKS610125.ZP14,"VF.4.2.Uzun Vadeli Krediler, Diğer Finansal Aracılar (Konsolide Akım)",sum,0.0
bie_finhestnks610125,2014-Q4,TP.FINHESTNKS610125.ZP15,"VF.5.Hisse Senetleri ve Özkaynaklar, Diğer Finansal Aracılar (Konsolide Akım)",sum,-15827.8279
bie_finhestnks610125,2014-Q4,TP.FINHESTNKS610125.ZP16,"VF.5.1.Hisse Senetleri ve Özkaynaklar, Diğer Finansal Aracılar (Konsolide Akım)",sum,-15827.8279
bie_finhestnks610125,2014-Q4,TP.FINHESTNKS610125.ZP17,"VF.5.2.Yatırım Fonu Katılma Belgeleri, Diğer Finansal Aracılar (Konsolide Akım)",sum,0.0
bie_finhestnks610125,2014-Q4,TP.FINHESTNKS610125.ZP18,"VF.5.2.1.Para Piyasası Fonları, Diğer Finansal Aracılar (Konsolide Akım)",sum,0.0
bie_finhestnks610125,2014-Q4,TP.FINHESTNKS610125.ZP19,"VF.5.2.2.Diğer Yatırım Fonları, Diğer Finansal Aracılar (Konsolide Akım)",sum,0.0
bie_finhestnks610125,2014-Q4,TP.FINHESTNKS610125.ZP20,"VF.6.Sigorta ve Emeklilik Sözleşmeleri, Diğer Finansal Aracılar (Konsolide Akım)",sum,0.0
bie_finhestnks610125,2014-Q4,TP.FINHESTNKS610125.ZP21,"VF.7.Finansal Türevler, Diğer Finansal Aracılar (Konsolide Akım)",sum,-461913.6184
bie_finhestnks610125,2014-Q4,TP.FINHESTNKS610125.ZP22,"VF.8.Diğer Alacaklar, Diğer Finansal Aracılar (Konsolide Akım)",sum,-18035.8318
bie_finhestnks610125,2014-Q4,TP.FINHESTNKS610125.ZP23,"VF.0.Toplam Varlıklar, Diğer Finansal Aracılar (Konsolide Akım)",sum,18847479.0501
bie_finhestnks610125,2014-Q4,TP.FINHESTNKS610125.ZP24,"F.1.Parasal Altın ve SDR, Diğer Finansal Aracılar (Konsolide Akım)",sum,0.0
bie_finhestnks610125,2014-Q4,TP.FINHESTNKS610125.ZP26,"F.1.2.Özel Çekme Hakları (SDR), Diğer Finansal Aracılar (Konsolide Akım)",sum,0.0
bie_finhestnks610125,2014-Q4,TP.FINHESTNKS610125.ZP27,"F.2.Para ve Mevduat, Diğer Finansal Aracılar (Konsolide Akım)",sum,452710.263
bie_finhestnks610125,2014-Q4,TP.FINHESTNKS610125.ZP28,"F.2.1.Para, Diğer Finansal Aracılar (Konsolide Akım)",sum,0.0
bie_finhestnks610125,2014-Q4,TP.FINHESTNKS610125.ZP29,"F.2.2.Vadesiz Mevduat, Diğer Finansal Aracılar (Konsolide Akım)",sum,0.0
bie_finhestnks610125,2014-Q4,TP.FINHESTNKS610125.ZP30,"F.2.9.Vadeli Mevduat, Diğer Finansal Aracılar (Konsolide Akım)",sum,452710.263
bie_finhestnks610125,2014-Q4,TP.FINHESTNKS610125.ZP31,"F.3.Borçlanma Senetleri, Diğer Finansal Aracılar (Konsolide Akım)",sum,2173287.409
bie_finhestnks610125,2014-Q4,TP.FINHESTNKS610125.ZP34,"F.4.Krediler, Diğer Finansal Aracılar (Konsolide Akım)",sum,10182410.555
bie_finhestnks610125,2014-Q4,TP.FINHESTNKS610125.ZP37,"F.5.Hisse Senetleri ve Özkaynaklar, Diğer Finansal Aracılar (Konsolide Akım)",sum,1189722.1711
bie_finhestnks610125,2014-Q4,TP.FINHESTNKS610125.ZP38,"F.5.1.Hisse Senetleri ve Özkaynaklar, Diğer Finansal Aracılar (Konsolide Akım)",sum,1189722.1711
bie_finhestnks610125,2014-Q4,TP.FINHESTNKS610125.ZP39,"F.5.2.Yatırım Fonu Katılma Belgeleri, Diğer Finansal Aracılar (Konsolide Akım)",sum,0.0
bie_finhestnks610125,2014-Q4,TP.FINHESTNKS610125.ZP40,"F.5.2.1.Para Piyasası Fonları, Diğer Finansal Aracılar (Konsolide Akım)",sum,0.0
bie_finhestnks610125,2014-Q4,TP.FINHESTNKS610125.ZP41,"F.5.2.2.Diğer Yatırım Fonları, Diğer Finansal Aracılar (Konsolide Akım)",sum,0.0
bie_finhestnks610125,2014-Q4,TP.FINHESTNKS610125.ZP42,"F.6.Sigorta ve Emeklilik Sözleşmeleri, Diğer Finansal Aracılar (Konsolide Akım)",sum,0.0
bie_finhestnks610125,2014-Q4,TP.FINHESTNKS610125.ZP43,"F.7.Finansal Türevler, Diğer Finansal Aracılar (Konsolide Akım)",sum,-547387.4636
bie_finhestnks610125,2014-Q4,TP.FINHESTNKS610125.ZP44,"F.8.Diğer Borçlar, Diğer Finansal Aracılar (Konsolide Akım)",sum,1293015.2305
bie_finhestnks610125,2014-Q4,TP.FINHESTNKS610125.ZP45,"F.0.Toplam Yükümlülükler, Diğer Finansal Aracılar (Konsolide Akım)",sum,14743758.165
bie_finhestnks610125,2015-Q1,TP.FINHESTNKS610125.ZP1,"BF.9.NET FİNANSAL DEĞER, Diğer Finansal Aracılar (Konsolide Akım)",sum,975256.4576
bie_finhestnks610125,2015-Q1,TP.FINHESTNKS610125.ZP2,"VF.1.Parasal Altın ve SDR, Diğer Finansal Aracılar (Konsolide Akım)",sum,0.0
bie_finhestnks610125,2015-Q1,TP.FINHESTNKS610125.ZP3,"VF.1.1.Parasal Altın, Diğer Finansal Aracılar (Konsolide Akım)",sum,0.0
bie_finhestnks610125,2015-Q1,TP.FINHESTNKS610125.ZP4,"VF.1.2.Özel Çekme Hakları (SDR), Diğer Finansal Aracılar (Konsolide Akım)",sum,0.0
bie_finhestnks610125,2015-Q1,TP.FINHESTNKS610125.ZP5,"VF.2.Para ve Mevduat, Diğer Finansal Aracılar (Konsolide Akım)",sum,766900.6631
bie_finhestnks610125,2015-Q1,TP.FINHESTNKS610125.ZP6,"VF.2.1.Para, Diğer Finansal Aracılar (Konsolide Akım)",sum,3312.1575
bie_finhestnks610125,2015-Q1,TP.FINHESTNKS610125.ZP7,"VF.2.2.Vadesiz Mevduat, Diğer Finansal Aracılar (Konsolide Akım)",sum,345352.1053
bie_finhestnks610125,2015-Q1,TP.FINHESTNKS610125.ZP8,"VF.2.9.Vadeli Mevduat, Diğer Finansal Aracılar (Konsolide Akım)",sum,418236.4004
bie_finhestnks610125,2015-Q1,TP.FINHESTNKS610125.ZP9,"VF.3.Borçlanma Senetleri, Diğer Finansal Aracılar (Konsolide Akım)",sum,-80139.5754
bie_finhestnks610125,2015-Q1,TP.FINHESTNKS610125.ZP10,"VF.3.1.Kısa Vadeli Borçlanma Senetleri, Diğer Finansal Aracılar (Konsolide Akım)",sum,0.0
bie_finhestnks610125,2015-Q1,TP.FINHESTNKS610125.ZP11,"VF.3.2.Uzun Vadeli Borçlanma Senetleri, Diğer Finansal Aracılar (Konsolide Akım)",sum,0.0
bie_finhestnks610125,2015-Q1,TP.FINHESTNKS610125.ZP12,"VF.4.Krediler, Diğer Finansal Aracılar (Konsolide Akım)",sum,1930478.4592
bie_finhestnks610125,2015-Q1,TP.FINHESTNKS610125.ZP13,"VF.4.1.Kısa Vadeli Krediler, Diğer Finansal Aracılar (Konsolide Akım)",sum,1930478.4592
bie_finhestnks610125,2015-Q1,TP.FINHESTNKS610125.ZP14,"VF.4.2.Uzun Vadeli Krediler, Diğer Finansal Aracılar (Konsolide Akım)",sum,0.0
bie_finhestnks610125,2015-Q1,TP.FINHESTNKS610125.ZP15,"VF.5.Hisse Senetleri ve Özkaynaklar, Diğer Finansal Aracılar (Konsolide Akım)",sum,7401.1782
bie_finhestnks610125,2015-Q1,TP.FINHESTNKS610125.ZP16,"VF.5.1.Hisse Senetleri ve Özkaynaklar, Diğer Finansal Aracılar (Konsolide Akım)",sum,7401.1782
bie_finhestnks610125,2015-Q1,TP.FINHESTNKS610125.ZP17,"VF.5.2.Yatırım Fonu Katılma Belgeleri, Diğer Finansal Aracılar (Konsolide Akım)",sum,0.0
bie_finhestnks610125,2015-Q1,TP.FINHESTNKS610125.ZP18,"VF.5.2.1.Para Piyasası Fonları, Diğer Finansal Aracılar (Konsolide Akım)",sum,0.0
bie_finhestnks610125,2015-Q1,TP.FINHESTNKS610125.ZP19,"VF.5.2.2.Diğer Yatırım Fonları, Diğer Finansal Aracılar (Konsolide Akım)",sum,0.0
bie_finhestnks610125,2015-Q1,TP.FINHESTNKS610125.ZP20,"VF.6.Sigorta ve Emeklilik Sözleşmeleri, Diğer Finansal Aracılar (Konsolide Akım)",sum,0.0
bie_finhestnks610125,2015-Q1,TP.FINHESTNKS610125.ZP21,"VF.7.Finansal Türevler, Diğer Finansal Aracılar (Konsolide Akım)",sum,127851.6937
bie_finhestnks610125,2015-Q1,TP.FINHESTNKS610125.ZP22,"VF.8.Diğer Alacaklar, Diğer Finansal Aracılar (Konsolide Akım)",sum,267790.5961
bie_finhestnks610125,2015-Q1,TP.FINHESTNKS610125.ZP23,"VF.0.Toplam Varlıklar, Diğer Finansal Aracılar (Konsolide Akım)",sum,3020283.0149
bie_finhestnks610125,2015-Q1,TP.FINHESTNKS610125.ZP24,"F.1.Parasal Altın ve SDR, Diğer Finansal Aracılar (Konsolide Akım)",sum,0.0
bie_finhestnks610125,2015-Q1,TP.FINHESTNKS610125.ZP26,"F.1.2.Özel Çekme Hakları (SDR), Diğer Finansal Aracılar (Konsolide Akım)",sum,0.0
bie_finhestnks610125,2015-Q1,TP.FINHESTNKS610125.ZP27,"F.2.Para ve Mevduat, Diğer Finansal Aracılar (Konsolide Akım)",sum,-7402.112
bie_finhestnks610125,2015-Q1,TP.FINHESTNKS610125.ZP28,"F.2.1.Para, Diğer Finansal Aracılar (Konsolide Akım)",sum,0.0
bie_finhestnks610125,2015-Q1,TP.FINHESTNKS610125.ZP29,"F.2.2.Vadesiz Mevduat, Diğer Finansal Aracılar (Konsolide Akım)",sum,0.0
bie_finhestnks610125,2015-Q1,TP.FINHESTNKS610125.ZP30,"F.2.9.Vadeli Mevduat, Diğer Finansal Aracılar (Konsolide Akım)",sum,-7402.112
bie_finhestnks610125,2015-Q1,TP.FINHESTNKS610125.ZP31,"F.3.Borçlanma Senetleri, Diğer Finansal Aracılar (Konsolide Akım)",sum,208512.5454
bie_finhestnks610125,2015-Q1,TP.FINHESTNKS610125.ZP34,"F.4.Krediler, Diğer Finansal Aracılar (Konsolide Akım)",sum,1277640.3375
bie_finhestnks610125,2015-Q1,TP.FINHESTNKS610125.ZP37,"F.5.Hisse Senetleri ve Özkaynaklar, Diğer Finansal Aracılar (Konsolide Akım)",sum,70450.0145
bie_finhestnks610125,2015-Q1,TP.FINHESTNKS610125.ZP38,"F.5.1.Hisse Senetleri ve Özkaynaklar, Diğer Finansal Aracılar (Konsolide Akım)",sum,70450.0145
bie_finhestnks610125,2015-Q1,TP.FINHESTNKS610125.ZP39,"F.5.2.Yatırım Fonu Katılma Belgeleri, Diğer Finansal Aracılar (Konsolide Akım)",sum,0.0
bie_finhestnks610125,2015-Q1,TP.FINHESTNKS610125.ZP40,"F.5.2.1.Para Piyasası Fonları, Diğer Finansal Aracılar (Konsolide Akım)",sum,0.0
bie_finhestnks610125,2015-Q1,TP.FINHESTNKS610125.ZP41,"F.5.2.2.Diğer Yatırım Fonları, Diğer Finansal Aracılar (Konsolide Akım)",sum,0.0
bie_finhestnks610125,2015-Q1,TP.FINHESTNKS610125.ZP42,"F.6.Sigorta ve Emeklilik Sözleşmeleri, Diğer Finansal Aracılar (Konsolide Akım)",sum,0.0
bie_finhestnks610125,2015-Q1,TP.FINHESTNKS610125.ZP43,"F.7.Finansal Türevler, Diğer Finansal Aracılar (Konsolide Akım)",sum,145244.4201
bie_finhestnks610125,2015-Q1,TP.FINHESTNKS610125.ZP44,"F.8.Diğer Borçlar, Diğer Finansal Aracılar (Konsolide Akım)",sum,350581.3519
bie_finhestnks610125,2015-Q1,TP.FINHESTNKS610125.ZP45,"F.0.Toplam Yükümlülükler, Diğer Finansal Aracılar (Konsolide Akım)",sum,2045026.5572
bie_finhestnks610125,2015-Q2,TP.FINHESTNKS610125.ZP1,"BF.9.NET FİNANSAL DEĞER, Diğer Finansal Aracılar (Konsolide Akım)",sum,-78840.424
bie_finhestnks610125,2015-Q2,TP.FINHESTNKS610125.ZP2,"VF.1.Parasal Altın ve SDR, Diğer Finansal Aracılar (Konsolide Akım)",sum,0.0
bie_finhestnks610125,2015-Q2,TP.FINHESTNKS610125.ZP3,"VF.1.1.Parasal Altın, Diğer Finansal Aracılar (Konsolide Akım)",sum,0.0
bie_finhestnks610125,2015-Q2,TP.FINHESTNKS610125.ZP4,"VF.1.2.Özel Çekme Hakları (SDR), Diğer Finansal Aracılar (Konsolide Akım)",sum,0.0
bie_finhestnks610125,2015-Q2,TP.FINHESTNKS610125.ZP5,"VF.2.Para ve Mevduat, Diğer Finansal Aracılar (Konsolide Akım)",sum,-721778.0983
bie_finhestnks610125,2015-Q2,TP.FINHESTNKS610125.ZP6,"VF.2.1.Para, Diğer Finansal Aracılar (Konsolide Akım)",sum,-2037.8996
bie_finhestnks610125,2015-Q2,TP.FINHESTNKS610125.ZP7,"VF.2.2.Vadesiz Mevduat, Diğer Finansal Aracılar (Konsolide Akım)",sum,117750.0149
bie_finhestnks610125,2015-Q2,TP.FINHESTNKS610125.ZP8,"VF.2.9.Vadeli Mevduat, Diğer Finansal Aracılar (Konsolide Akım)",sum,-837490.2137
bie_finhestnks610125,2015-Q2,TP.FINHESTNKS610125.ZP9,"VF.3.Borçlanma Senetleri, Diğer Finansal Aracılar (Konsolide Akım)",sum,-80886.9192
bie_finhestnks610125,2015-Q2,TP.FINHESTNKS610125.ZP12,"VF.4.Krediler, Diğer Finansal Aracılar (Konsolide Akım)",sum,2799703.673
bie_finhestnks610125,2015-Q2,TP.FINHESTNKS610125.ZP13,"VF.4.1.Kısa Vadeli Krediler, Diğer Finansal Aracılar (Konsolide Akım)",sum,2799703.673
bie_finhestnks610125,2015-Q2,TP.FINHESTNKS610125.ZP14,"VF.4.2.Uzun Vadeli Krediler, Diğer Finansal Aracılar (Konsolide Akım)",sum,0.0
bie_finhestnks610125,2015-Q2,TP.FINHESTNKS610125.ZP15,"VF.5.Hisse Senetleri ve Özkaynaklar, Diğer Finansal Aracılar (Konsolide Akım)",sum,-68618.4094
bie_finhestnks610125,2015-Q2,TP.FINHESTNKS610125.ZP16,"VF.5.1.Hisse Senetleri ve Özkaynaklar, Diğer Finansal Aracılar (Konsolide Akım)",sum,-68618.4094
bie_finhestnks610125,2015-Q2,TP.FINHESTNKS610125.ZP17,"VF.5.2.Yatırım Fonu Katılma Belgeleri, Diğer Finansal Aracılar (Konsolide Akım)",sum,0.0
bie_finhestnks610125,2015-Q2,TP.FINHESTNKS610125.ZP18,"VF.5.2.1.Para Piyasası Fonları, Diğer Finansal Aracılar (Konsolide Akım)",sum,0.0
bie_finhestnks610125,2015-Q2,TP.FINHESTNKS610125.ZP19,"VF.5.2.2.Diğer Yatırım Fonları, Diğer Finansal Aracılar (Konsolide Akım)",sum,0.0
bie_finhestnks610125,2015-Q2,TP.FINHESTNKS610125.ZP20,"VF.6.Sigorta ve Emeklilik Sözleşmeleri, Diğer Finansal Aracılar (Konsolide Akım)",sum,0.0
bie_finhestnks610125,2015-Q2,TP.FINHESTNKS610125.ZP21,"VF.7.Finansal Türevler, Diğer Finansal Aracılar (Konsolide Akım)",sum,-150303.6091
bie_finhestnks610125,2015-Q2,TP.FINHESTNKS610125.ZP22,"VF.8.Diğer Alacaklar, Diğer Finansal Aracılar (Konsolide Akım)",sum,612376.7903
bie_finhestnks610125,2015-Q2,TP.FINHESTNKS610125.ZP23,"VF.0.Toplam Varlıklar, Diğer Finansal Aracılar (Konsolide Akım)",sum,2390493.4271
bie_finhestnks610125,2015-Q2,TP.FINHESTNKS610125.ZP24,"F.1.Parasal Altın ve SDR, Diğer Finansal Aracılar (Konsolide Akım)",sum,0.0
bie_finhestnks610125,2015-Q2,TP.FINHESTNKS610125.ZP26,"F.1.2.Özel Çekme Hakları (SDR), Diğer Finansal Aracılar (Konsolide Akım)",sum,0.0
bie_finhestnks610125,2015-Q2,TP.FINHESTNKS610125.ZP27,"F.2.Para ve Mevduat, Diğer Finansal Aracılar (Konsolide Akım)",sum,-645001.071
bie_finhestnks610125,2015-Q2,TP.FINHESTNKS610125.ZP28,"F.2.1.Para, Diğer Finansal Aracılar (Konsolide Akım)",sum,0.0
bie_finhestnks610125,2015-Q2,TP.FINHESTNKS610125.ZP29,"F.2.2.Vadesiz Mevduat, Diğer Finansal Aracılar (Konsolide Akım)",sum,0.0
bie_finhestnks610125,2015-Q2,TP.FINHESTNKS610125.ZP30,"F.2.9.Vadeli Mevduat, Diğer Finansal Aracılar (Konsolide Akım)",sum,-645001.071
bie_finhestnks610125,2015-Q2,TP.FINHESTNKS610125.ZP31,"F.3.Borçlanma Senetleri, Diğer Finansal Aracılar (Konsolide Akım)",sum,914720.4467
bie_finhestnks610125,2015-Q2,TP.FINHESTNKS610125.ZP34,"F.4.Krediler, Diğer Finansal Aracılar (Konsolide Akım)",sum,1240892.0662
bie_finhestnks610125,2015-Q2,TP.FINHESTNKS610125.ZP37,"F.5.Hisse Senetleri ve Özkaynaklar, Diğer Finansal Aracılar (Konsolide Akım)",sum,395120.331
bie_finhestnks610125,2015-Q2,TP.FINHESTNKS610125.ZP38,"F.5.1.Hisse Senetleri ve Özkaynaklar, Diğer Finansal Aracılar (Konsolide Akım)",sum,395120.331
bie_finhestnks610125,2015-Q2,TP.FINHESTNKS610125.ZP39,"F.5.2.Yatırım Fonu Katılma Belgeleri, Diğer Finansal Aracılar (Konsolide Akım)",sum,0.0
bie_finhestnks610125,2015-Q2,TP.FINHESTNKS610125.ZP40,"F.5.2.1.Para Piyasası Fonları, Diğer Finansal Aracılar (Konsolide Akım)",sum,0.0
bie_finhestnks610125,2015-Q2,TP.FINHESTNKS610125.ZP41,"F.5.2.2.Diğer Yatırım Fonları, Diğer Finansal Aracılar (Konsolide Akım)",sum,0.0
bie_finhestnks610125,2015-Q2,TP.FINHESTNKS610125.ZP42,"F.6.Sigorta ve Emeklilik Sözleşmeleri, Diğer Finansal Aracılar (Konsolide Akım)",sum,0.0
bie_finhestnks610125,2015-Q2,TP.FINHESTNKS610125.ZP43,"F.7.Finansal Türevler, Diğer Finansal Aracılar (Konsolide Akım)",sum,-95340.3895
bie_finhestnks610125,2015-Q2,TP.FINHESTNKS610125.ZP44,"F.8.Diğer Borçlar, Diğer Finansal Aracılar (Konsolide Akım)",sum,658942.4678
bie_finhestnks610125,2015-Q2,TP.FINHESTNKS610125.ZP45,"F.0.Toplam Yükümlülükler, Diğer Finansal Aracılar (Konsolide Akım)",sum,2469333.8511
bie_finhestnks610125,2015-Q3,TP.FINHESTNKS610125.ZP1,"BF.9.NET FİNANSAL DEĞER, Diğer Finansal Aracılar (Konsolide Akım)",sum,593321.1522
bie_finhestnks610125,2015-Q3,TP.FINHESTNKS610125.ZP2,"VF.1.Parasal Altın ve SDR, Diğer Finansal Aracılar (Konsolide Akım)",sum,0.0
bie_finhestnks610125,2015-Q3,TP.FINHESTNKS610125.ZP3,"VF.1.1.Parasal Altın, Diğer Finansal Aracılar (Konsolide Akım)",sum,0.0
bie_finhestnks610125,2015-Q3,TP.FINHESTNKS610125.ZP4,"VF.1.2.Özel Çekme Hakları (SDR), Diğer Finansal Aracılar (Konsolide Akım)",sum,0.0
bie_finhestnks610125,2015-Q3,TP.FINHESTNKS610125.ZP5,"VF.2.Para ve Mevduat, Diğer Finansal Aracılar (Konsolide Akım)",sum,-505356.5683
bie_finhestnks610125,2015-Q3,TP.FINHESTNKS610125.ZP6,"VF.2.1.Para, Diğer Finansal Aracılar (Konsolide Akım)",sum,390.9283
bie_finhestnks610125,2015-Q3,TP.FINHESTNKS610125.ZP7,"VF.2.2.Vadesiz Mevduat, Diğer Finansal Aracılar (Konsolide Akım)",sum,214595.9055
bie_finhestnks610125,2015-Q3,TP.FINHESTNKS610125.ZP8,"VF.2.9.Vadeli Mevduat, Diğer Finansal Aracılar (Konsolide Akım)",sum,-720343.402
bie_finhestnks610125,2015-Q3,TP.FINHESTNKS610125.ZP9,"VF.3.Borçlanma Senetleri, Diğer Finansal Aracılar (Konsolide Akım)",sum,-40740.2624
bie_finhestnks610125,2015-Q3,TP.FINHESTNKS610125.ZP10,"VF.3.1.Kısa Vadeli Borçlanma Senetleri, Diğer Finansal Aracılar (Konsolide Akım)",sum,0.0
bie_finhestnks610125,2015-Q3,TP.FINHESTNKS610125.ZP11,"VF.3.2.Uzun Vadeli Borçlanma Senetleri, Diğer Finansal Aracılar (Konsolide Akım)",sum,0.0
bie_finhestnks610125,2015-Q3,TP.FINHESTNKS610125.ZP12,"VF.4.Krediler, Diğer Finansal Aracılar (Konsolide Akım)",sum,195673.6171
bie_finhestnks610125,2015-Q3,TP.FINHESTNKS610125.ZP13,"VF.4.1.Kısa Vadeli Krediler, Diğer Finansal Aracılar (Konsolide Akım)",sum,195673.6171
bie_finhestnks610125,2015-Q3,TP.FINHESTNKS610125.ZP14,"VF.4.2.Uzun Vadeli Krediler, Diğer Finansal Aracılar (Konsolide Akım)",sum,0.0
bie_finhestnks610125,2015-Q3,TP.FINHESTNKS610125.ZP15,"VF.5.Hisse Senetleri ve Özkaynaklar, Diğer Finansal Aracılar (Konsolide Akım)",sum,16778.348
bie_finhestnks610125,2015-Q3,TP.FINHESTNKS610125.ZP16,"VF.5.1.Hisse Senetleri ve Özkaynaklar, Diğer Finansal Aracılar (Konsolide Akım)",sum,16778.348
bie_finhestnks610125,2015-Q3,TP.FINHESTNKS610125.ZP17,"VF.5.2.Yatırım Fonu Katılma Belgeleri, Diğer Finansal Aracılar (Konsolide Akım)",sum,0.0
bie_finhestnks610125,2015-Q3,TP.FINHESTNKS610125.ZP18,"VF.5.2.1.Para Piyasası Fonları, Diğer Finansal Aracılar (Konsolide Akım)",sum,0.0
bie_finhestnks610125,2015-Q3,TP.FINHESTNKS610125.ZP19,"VF.5.2.2.Diğer Yatırım Fonları, Diğer Finansal Aracılar (Konsolide Akım)",sum,0.0
bie_finhestnks610125,2015-Q3,TP.FINHESTNKS610125.ZP20,"VF.6.Sigorta ve Emeklilik Sözleşmeleri, Diğer Finansal Aracılar (Konsolide Akım)",sum,0.0
bie_finhestnks610125,2015-Q3,TP.FINHESTNKS610125.ZP21,"VF.7.Finansal Türevler, Diğer Finansal Aracılar (Konsolide Akım)",sum,318529.5481
bie_finhestnks610125,2015-Q3,TP.FINHESTNKS610125.ZP22,"VF.8.Diğer Alacaklar, Diğer Finansal Aracılar (Konsolide Akım)",sum,234995.3679
bie_finhestnks610125,2015-Q3,TP.FINHESTNKS610125.ZP23,"VF.0.Toplam Varlıklar, Diğer Finansal Aracılar (Konsolide Akım)",sum,219880.0505
bie_finhestnks610125,2015-Q3,TP.FINHESTNKS610125.ZP24,"F.1.Parasal Altın ve SDR, Diğer Finansal Aracılar (Konsolide Akım)",sum,0.0
bie_finhestnks610125,2015-Q3,TP.FINHESTNKS610125.ZP26,"F.1.2.Özel Çekme Hakları (SDR), Diğer Finansal Aracılar (Konsolide Akım)",sum,0.0
bie_finhestnks610125,2015-Q3,TP.FINHESTNKS610125.ZP27,"F.2.Para ve Mevduat, Diğer Finansal Aracılar (Konsolide Akım)",sum,-609093.336
bie_finhestnks610125,2015-Q3,TP.FINHESTNKS610125.ZP28,"F.2.1.Para, Diğer Finansal Aracılar (Konsolide Akım)",sum,0.0
bie_finhestnks610125,2015-Q3,TP.FINHESTNKS610125.ZP29,"F.2.2.Vadesiz Mevduat, Diğer Finansal Aracılar (Konsolide Akım)",sum,0.0
bie_finhestnks610125,2015-Q3,TP.FINHESTNKS610125.ZP30,"F.2.9.Vadeli Mevduat, Diğer Finansal Aracılar (Konsolide Akım)",sum,-609093.336
bie_finhestnks610125,2015-Q3,TP.FINHESTNKS610125.ZP31,"F.3.Borçlanma Senetleri, Diğer Finansal Aracılar (Konsolide Akım)",sum,707367.9492
bie_finhestnks610125,2015-Q3,TP.FINHESTNKS610125.ZP32,"F.3.1.Kısa Vadeli Borçlanma Senetleri, Diğer Finansal Aracılar (Konsolide Akım)",sum,0.0
bie_finhestnks610125,2015-Q3,TP.FINHESTNKS610125.ZP33,"F.3.2.Uzun Vadeli Borçlanma Senetleri, Diğer Finansal Aracılar (Konsolide Akım)",sum,0.0
bie_finhestnks610125,2015-Q3,TP.FINHESTNKS610125.ZP34,"F.4.Krediler, Diğer Finansal Aracılar (Konsolide Akım)",sum,-1222343.3285
bie_finhestnks610125,2015-Q3,TP.FINHESTNKS610125.ZP35,"F.4.1.Kısa Vadeli Krediler, Diğer Finansal Aracılar (Konsolide Akım)",sum,0.0
bie_finhestnks610125,2015-Q3,TP.FINHESTNKS610125.ZP36,"F.4.2.Uzun Vadeli Krediler, Diğer Finansal Aracılar (Konsolide Akım)",sum,0.0
bie_finhestnks610125,2015-Q3,TP.FINHESTNKS610125.ZP37,"F.5.Hisse Senetleri ve Özkaynaklar, Diğer Finansal Aracılar (Konsolide Akım)",sum,116797.629
bie_finhestnks610125,2015-Q3,TP.FINHESTNKS610125.ZP38,"F.5.1.Hisse Senetleri ve Özkaynaklar, Diğer Finansal Aracılar (Konsolide Akım)",sum,116797.629
bie_finhestnks610125,2015-Q3,TP.FINHESTNKS610125.ZP39,"F.5.2.Yatırım Fonu Katılma Belgeleri, Diğer Finansal Aracılar (Konsolide Akım)",sum,0.0
bie_finhestnks610125,2015-Q3,TP.FINHESTNKS610125.ZP40,"F.5.2.1.Para Piyasası Fonları, Diğer Finansal Aracılar (Konsolide Akım)",sum,0.0
bie_finhestnks610125,2015-Q3,TP.FINHESTNKS610125.ZP41,"F.5.2.2.Diğer Yatırım Fonları, Diğer Finansal Aracılar (Konsolide Akım)",sum,0.0
bie_finhestnks610125,2015-Q3,TP.FINHESTNKS610125.ZP42,"F.6.Sigorta ve Emeklilik Sözleşmeleri, Diğer Finansal Aracılar (Konsolide Akım)",sum,0.0
bie_finhestnks610125,2015-Q3,TP.FINHESTNKS610125.ZP43,"F.7.Finansal Türevler, Diğer Finansal Aracılar (Konsolide Akım)",sum,298398.8841
bie_finhestnks610125,2015-Q3,TP.FINHESTNKS610125.ZP44,"F.8.Diğer Borçlar, Diğer Finansal Aracılar (Konsolide Akım)",sum,335431.1006
bie_finhestnks610125,2015-Q3,TP.FINHESTNKS610125.ZP45,"F.0.Toplam Yükümlülükler, Diğer Finansal Aracılar (Konsolide Akım)",sum,-373441.1017
bie_finhestnks610125,2015-Q4,TP.FINHESTNKS610125.ZP1,"BF.9.NET FİNANSAL DEĞER, Diğer Finansal Aracılar (Konsolide Akım)",sum,481311.6742
bie_finhestnks610125,2015-Q4,TP.FINHESTNKS610125.ZP2,"VF.1.Parasal Altın ve SDR, Diğer Finansal Aracılar (Konsolide Akım)",sum,0.0
bie_finhestnks610125,2015-Q4,TP.FINHESTNKS610125.ZP3,"VF.1.1.Parasal Altın, Diğer Finansal Aracılar (Konsolide Akım)",sum,0.0
bie_finhestnks610125,2015-Q4,TP.FINHESTNKS610125.ZP4,"VF.1.2.Özel Çekme Hakları (SDR), Diğer Finansal Aracılar (Konsolide Akım)",sum,0.0
bie_finhestnks610125,2015-Q4,TP.FINHESTNKS610125.ZP5,"VF.2.Para ve Mevduat, Diğer Finansal Aracılar (Konsolide Akım)",sum,-536556.015
bie_finhestnks610125,2015-Q4,TP.FINHESTNKS610125.ZP6,"VF.2.1.Para, Diğer Finansal Aracılar (Konsolide Akım)",sum,-4981.4297
bie_finhestnks610125,2015-Q4,TP.FINHESTNKS610125.ZP7,"VF.2.2.Vadesiz Mevduat, Diğer Finansal Aracılar (Konsolide Akım)",sum,71683.9187
bie_finhestnks610125,2015-Q4,TP.FINHESTNKS610125.ZP8,"VF.2.9.Vadeli Mevduat, Diğer Finansal Aracılar (Konsolide Akım)",sum,-603258.504
bie_finhestnks610125,2015-Q4,TP.FINHESTNKS610125.ZP9,"VF.3.Borçlanma Senetleri, Diğer Finansal Aracılar (Konsolide Akım)",sum,251068.2248
bie_finhestnks610125,2015-Q4,TP.FINHESTNKS610125.ZP10,"VF.3.1.Kısa Vadeli Borçlanma Senetleri, Diğer Finansal Aracılar (Konsolide Akım)",sum,0.0
bie_finhestnks610125,2015-Q4,TP.FINHESTNKS610125.ZP11,"VF.3.2.Uzun Vadeli Borçlanma Senetleri, Diğer Finansal Aracılar (Konsolide Akım)",sum,0.0
bie_finhestnks610125,2015-Q4,TP.FINHESTNKS610125.ZP12,"VF.4.Krediler, Diğer Finansal Aracılar (Konsolide Akım)",sum,4276949.1663
bie_finhestnks610125,2015-Q4,TP.FINHESTNKS610125.ZP13,"VF.4.1.Kısa Vadeli Krediler, Diğer Finansal Aracılar (Konsolide Akım)",sum,4276949.1663
bie_finhestnks610125,2015-Q4,TP.FINHESTNKS610125.ZP14,"VF.4.2.Uzun Vadeli Krediler, Diğer Finansal Aracılar (Konsolide Akım)",sum,0.0
bie_finhestnks610125,2015-Q4,TP.FINHESTNKS610125.ZP15,"VF.5.Hisse Senetleri ve Özkaynaklar, Diğer Finansal Aracılar (Konsolide Akım)",sum,5323.6509
bie_finhestnks610125,2015-Q4,TP.FINHESTNKS610125.ZP16,"VF.5.1.Hisse Senetleri ve Özkaynaklar, Diğer Finansal Aracılar (Konsolide Akım)",sum,5323.6509
bie_finhestnks610125,2015-Q4,TP.FINHESTNKS610125.ZP17,"VF.5.2.Yatırım Fonu Katılma Belgeleri, Diğer Finansal Aracılar (Konsolide Akım)",sum,0.0
bie_finhestnks610125,2015-Q4,TP.FINHESTNKS610125.ZP18,"VF.5.2.1.Para Piyasası Fonları, Diğer Finansal Aracılar (Konsolide Akım)",sum,0.0
bie_finhestnks610125,2015-Q4,TP.FINHESTNKS610125.ZP19,"VF.5.2.2.Diğer Yatırım Fonları, Diğer Finansal Aracılar (Konsolide Akım)",sum,0.0
bie_finhestnks610125,2015-Q4,TP.FINHESTNKS610125.ZP20,"VF.6.Sigorta ve Emeklilik Sözleşmeleri, Diğer Finansal Aracılar (Konsolide Akım)",sum,0.0
bie_finhestnks610125,2015-Q4,TP.FINHESTNKS610125.ZP21,"VF.7.Finansal Türevler, Diğer Finansal Aracılar (Konsolide Akım)",sum,-190363.1712
bie_finhestnks610125,2015-Q4,TP.FINHESTNKS610125.ZP22,"VF.8.Diğer Alacaklar, Diğer Finansal Aracılar (Konsolide Akım)",sum,-84788.7842
bie_finhestnks610125,2015-Q4,TP.FINHESTNKS610125.ZP23,"VF.0.Toplam Varlıklar, Diğer Finansal Aracılar (Konsolide Akım)",sum,3721633.0717
bie_finhestnks610125,2015-Q4,TP.FINHESTNKS610125.ZP24,"F.1.Parasal Altın ve SDR, Diğer Finansal Aracılar (Konsolide Akım)",sum,0.0
bie_finhestnks610125,2015-Q4,TP.FINHESTNKS610125.ZP26,"F.1.2.Özel Çekme Hakları (SDR), Diğer Finansal Aracılar (Konsolide Akım)",sum,0.0
bie_finhestnks610125,2015-Q4,TP.FINHESTNKS610125.ZP27,"F.2.Para ve Mevduat, Diğer Finansal Aracılar (Konsolide Akım)",sum,230758.76
bie_finhestnks610125,2015-Q4,TP.FINHESTNKS610125.ZP28,"F.2.1.Para, Diğer Finansal Aracılar (Konsolide Akım)",sum,0.0
bie_finhestnks610125,2015-Q4,TP.FINHESTNKS610125.ZP29,"F.2.2.Vadesiz Mevduat, Diğer Finansal Aracılar (Konsolide Akım)",sum,0.0
bie_finhestnks610125,2015-Q4,TP.FINHESTNKS610125.ZP30,"F.2.9.Vadeli Mevduat, Diğer Finansal Aracılar (Konsolide Akım)",sum,230758.76
bie_finhestnks610125,2015-Q4,TP.FINHESTNKS610125.ZP31,"F.3.Borçlanma Senetleri, Diğer Finansal Aracılar (Konsolide Akım)",sum,433757.5727
bie_finhestnks610125,2015-Q4,TP.FINHESTNKS610125.ZP32,"F.3.1.Kısa Vadeli Borçlanma Senetleri, Diğer Finansal Aracılar (Konsolide Akım)",sum,0.0
bie_finhestnks610125,2015-Q4,TP.FINHESTNKS610125.ZP33,"F.3.2.Uzun Vadeli Borçlanma Senetleri, Diğer Finansal Aracılar (Konsolide Akım)",sum,0.0
bie_finhestnks610125,2015-Q4,TP.FINHESTNKS610125.ZP34,"F.4.Krediler, Diğer Finansal Aracılar (Konsolide Akım)",sum,1876641.3163
bie_finhestnks610125,2015-Q4,TP.FINHESTNKS610125.ZP35,"F.4.1.Kısa Vadeli Krediler, Diğer Finansal Aracılar (Konsolide Akım)",sum,0.0
bie_finhestnks610125,2015-Q4,TP.FINHESTNKS610125.ZP36,"F.4.2.Uzun Vadeli Krediler, Diğer Finansal Aracılar (Konsolide Akım)",sum,0.0
bie_finhestnks610125,2015-Q4,TP.FINHESTNKS610125.ZP37,"F.5.Hisse Senetleri ve Özkaynaklar, Diğer Finansal Aracılar (Konsolide Akım)",sum,96246.2999
bie_finhestnks610125,2015-Q4,TP.FINHESTNKS610125.ZP38,"F.5.1.Hisse Senetleri ve Özkaynaklar, Diğer Finansal Aracılar (Konsolide Akım)",sum,96246.2999
bie_finhestnks610125,2015-Q4,TP.FINHESTNKS610125.ZP39,"F.5.2.Yatırım Fonu Katılma Belgeleri, Diğer Finansal Aracılar (Konsolide Akım)",sum,0.0
bie_finhestnks610125,2015-Q4,TP.FINHESTNKS610125.ZP40,"F.5.2.1.Para Piyasası Fonları, Diğer Finansal Aracılar (Konsolide Akım)",sum,0.0
bie_finhestnks610125,2015-Q4,TP.FINHESTNKS610125.ZP41,"F.5.2.2.Diğer Yatırım Fonları, Diğer Finansal Aracılar (Konsolide Akım)",sum,0.0
bie_finhestnks610125,2015-Q4,TP.FINHESTNKS610125.ZP42,"F.6.Sigorta ve Emeklilik Sözleşmeleri, Diğer Finansal Aracılar (Konsolide Akım)",sum,0.0
bie_finhestnks610125,2015-Q4,TP.FINHESTNKS610125.ZP43,"F.7.Finansal Türevler, Diğer Finansal Aracılar (Konsolide Akım)",sum,-274024.8688
bie_finhestnks610125,2015-Q4,TP.FINHESTNKS610125.ZP44,"F.8.Diğer Borçlar, Diğer Finansal Aracılar (Konsolide Akım)",sum,876942.3173
bie_finhestnks610125,2015-Q4,TP.FINHESTNKS610125.ZP45,"F.0.Toplam Yükümlülükler, Diğer Finansal Aracılar (Konsolide Akım)",sum,3240321.3975
bie_finhestnks610125,2016-Q1,TP.FINHESTNKS610125.ZP1,"BF.9.NET FİNANSAL DEĞER, Diğer Finansal Aracılar (Konsolide Akım)",sum,270387.4127
bie_finhestnks610125,2016-Q1,TP.FINHESTNKS610125.ZP2,"VF.1.Parasal Altın ve SDR, Diğer Finansal Aracılar (Konsolide Akım)",sum,0.0
bie_finhestnks610125,2016-Q1,TP.FINHESTNKS610125.ZP3,"VF.1.1.Parasal Altın, Diğer Finansal Aracılar (Konsolide Akım)",sum,0.0
bie_finhestnks610125,2016-Q1,TP.FINHESTNKS610125.ZP4,"VF.1.2.Özel Çekme Hakları (SDR), Diğer Finansal Aracılar (Konsolide Akım)",sum,0.0
bie_finhestnks610125,2016-Q1,TP.FINHESTNKS610125.ZP5,"VF.2.Para ve Mevduat, Diğer Finansal Aracılar (Konsolide Akım)",sum,2161724.1882
bie_finhestnks610125,2016-Q1,TP.FINHESTNKS610125.ZP6,"VF.2.1.Para, Diğer Finansal Aracılar (Konsolide Akım)",sum,5594.4458
bie_finhestnks610125,2016-Q1,TP.FINHESTNKS610125.ZP7,"VF.2.2.Vadesiz Mevduat, Diğer Finansal Aracılar (Konsolide Akım)",sum,78462.7966
bie_finhestnks610125,2016-Q1,TP.FINHESTNKS610125.ZP8,"VF.2.9.Vadeli Mevduat, Diğer Finansal Aracılar (Konsolide Akım)",sum,2077666.9458
bie_finhestnks610125,2016-Q1,TP.FINHESTNKS610125.ZP9,"VF.3.Borçlanma Senetleri, Diğer Finansal Aracılar (Konsolide Akım)",sum,397586.0366
bie_finhestnks610125,2016-Q1,TP.FINHESTNKS610125.ZP10,"VF.3.1.Kısa Vadeli Borçlanma Senetleri, Diğer Finansal Aracılar (Konsolide Akım)",sum,228214.385
bie_finhestnks610125,2016-Q1,TP.FINHESTNKS610125.ZP11,"VF.3.2.Uzun Vadeli Borçlanma Senetleri, Diğer Finansal Aracılar (Konsolide Akım)",sum,169371.6516
bie_finhestnks610125,2016-Q1,TP.FINHESTNKS610125.ZP12,"VF.4.Krediler, Diğer Finansal Aracılar (Konsolide Akım)",sum,-712849.0161
bie_finhestnks610125,2016-Q1,TP.FINHESTNKS610125.ZP13,"VF.4.1.Kısa Vadeli Krediler, Diğer Finansal Aracılar (Konsolide Akım)",sum,-712849.0161
bie_finhestnks610125,2016-Q1,TP.FINHESTNKS610125.ZP14,"VF.4.2.Uzun Vadeli Krediler, Diğer Finansal Aracılar (Konsolide Akım)",sum,0.0
bie_finhestnks610125,2016-Q1,TP.FINHESTNKS610125.ZP15,"VF.5.Hisse Senetleri ve Özkaynaklar, Diğer Finansal Aracılar (Konsolide Akım)",sum,158724.993
bie_finhestnks610125,2016-Q1,TP.FINHESTNKS610125.ZP16,"VF.5.1.Hisse Senetleri ve Özkaynaklar, Diğer Finansal Aracılar (Konsolide Akım)",sum,158724.993
bie_finhestnks610125,2016-Q1,TP.FINHESTNKS610125.ZP17,"VF.5.2.Yatırım Fonu Katılma Belgeleri, Diğer Finansal Aracılar (Konsolide Akım)",sum,0.0
bie_finhestnks610125,2016-Q1,TP.FINHESTNKS610125.ZP18,"VF.5.2.1.Para Piyasası Fonları, Diğer Finansal Aracılar (Konsolide Akım)",sum,0.0
bie_finhestnks610125,2016-Q1,TP.FINHESTNKS610125.ZP19,"VF.5.2.2.Diğer Yatırım Fonları, Diğer Finansal Aracılar (Konsolide Akım)",sum,0.0
bie_finhestnks610125,2016-Q1,TP.FINHESTNKS610125.ZP20,"VF.6.Sigorta ve Emeklilik Sözleşmeleri, Diğer Finansal Aracılar (Konsolide Akım)",sum,0.0
bie_finhestnks610125,2016-Q1,TP.FINHESTNKS610125.ZP21,"VF.7.Finansal Türevler, Diğer Finansal Aracılar (Konsolide Akım)",sum,-41060.1029
bie_finhestnks610125,2016-Q1,TP.FINHESTNKS610125.ZP22,"VF.8.Diğer Alacaklar, Diğer Finansal Aracılar (Konsolide Akım)",sum,1284551.3029
bie_finhestnks610125,2016-Q1,TP.FINHESTNKS610125.ZP23,"VF.0.Toplam Varlıklar, Diğer Finansal Aracılar (Konsolide Akım)",sum,3248677.4017
bie_finhestnks610125,2016-Q1,TP.FINHESTNKS610125.ZP24,"F.1.Parasal Altın ve SDR, Diğer Finansal Aracılar (Konsolide Akım)",sum,0.0
bie_finhestnks610125,2016-Q1,TP.FINHESTNKS610125.ZP26,"F.1.2.Özel Çekme Hakları (SDR), Diğer Finansal Aracılar (Konsolide Akım)",sum,0.0
bie_finhestnks610125,2016-Q1,TP.FINHESTNKS610125.ZP27,"F.2.Para ve Mevduat, Diğer Finansal Aracılar (Konsolide Akım)",sum,348269.582
bie_finhestnks610125,2016-Q1,TP.FINHESTNKS610125.ZP28,"F.2.1.Para, Diğer Finansal Aracılar (Konsolide Akım)",sum,0.0
bie_finhestnks610125,2016-Q1,TP.FINHESTNKS610125.ZP29,"F.2.2.Vadesiz Mevduat, Diğer Finansal Aracılar (Konsolide Akım)",sum,0.0
bie_finhestnks610125,2016-Q1,TP.FINHESTNKS610125.ZP30,"F.2.9.Vadeli Mevduat, Diğer Finansal Aracılar (Konsolide Akım)",sum,348269.582
bie_finhestnks610125,2016-Q1,TP.FINHESTNKS610125.ZP31,"F.3.Borçlanma Senetleri, Diğer Finansal Aracılar (Konsolide Akım)",sum,1610718.981
bie_finhestnks610125,2016-Q1,TP.FINHESTNKS610125.ZP32,"F.3.1.Kısa Vadeli Borçlanma Senetleri, Diğer Finansal Aracılar (Konsolide Akım)",sum,1030860.1479
bie_finhestnks610125,2016-Q1,TP.FINHESTNKS610125.ZP33,"F.3.2.Uzun Vadeli Borçlanma Senetleri, Diğer Finansal Aracılar (Konsolide Akım)",sum,579858.8332
bie_finhestnks610125,2016-Q1,TP.FINHESTNKS610125.ZP34,"F.4.Krediler, Diğer Finansal Aracılar (Konsolide Akım)",sum,-1044967.8223
bie_finhestnks610125,2016-Q1,TP.FINHESTNKS610125.ZP35,"F.4.1.Kısa Vadeli Krediler, Diğer Finansal Aracılar (Konsolide Akım)",sum,-407537.0
bie_finhestnks610125,2016-Q1,TP.FINHESTNKS610125.ZP36,"F.4.2.Uzun Vadeli Krediler, Diğer Finansal Aracılar (Konsolide Akım)",sum,-637430.8223
bie_finhestnks610125,2016-Q1,TP.FINHESTNKS610125.ZP37,"F.5.Hisse Senetleri ve Özkaynaklar, Diğer Finansal Aracılar (Konsolide Akım)",sum,528082.1885
bie_finhestnks610125,2016-Q1,TP.FINHESTNKS610125.ZP38,"F.5.1.Hisse Senetleri ve Özkaynaklar, Diğer Finansal Aracılar (Konsolide Akım)",sum,528082.1885
bie_finhestnks610125,2016-Q1,TP.FINHESTNKS610125.ZP39,"F.5.2.Yatırım Fonu Katılma Belgeleri, Diğer Finansal Aracılar (Konsolide Akım)",sum,0.0
bie_finhestnks610125,2016-Q1,TP.FINHESTNKS610125.ZP40,"F.5.2.1.Para Piyasası Fonları, Diğer Finansal Aracılar (Konsolide Akım)",sum,0.0
bie_finhestnks610125,2016-Q1,TP.FINHESTNKS610125.ZP41,"F.5.2.2.Diğer Yatırım Fonları, Diğer Finansal Aracılar (Konsolide Akım)",sum,0.0
bie_finhestnks610125,2016-Q1,TP.FINHESTNKS610125.ZP42,"F.6.Sigorta ve Emeklilik Sözleşmeleri, Diğer Finansal Aracılar (Konsolide Akım)",sum,0.0
bie_finhestnks610125,2016-Q1,TP.FINHESTNKS610125.ZP43,"F.7.Finansal Türevler, Diğer Finansal Aracılar (Konsolide Akım)",sum,-106240.1429
bie_finhestnks610125,2016-Q1,TP.FINHESTNKS610125.ZP44,"F.8.Diğer Borçlar, Diğer Finansal Aracılar (Konsolide Akım)",sum,1642427.2026
bie_finhestnks610125,2016-Q1,TP.FINHESTNKS610125.ZP45,"F.0.Toplam Yükümlülükler, Diğer Finansal Aracılar (Konsolide Akım)",sum,2978289.989
bie_finhestnks610125,2016-Q2,TP.FINHESTNKS610125.ZP1,"BF.9.NET FİNANSAL DEĞER, Diğer Finansal Aracılar (Konsolide Akım)",sum,421661.8163
bie_finhestnks610125,2016-Q2,TP.FINHESTNKS610125.ZP2,"VF.1.Parasal Altın ve SDR, Diğer Finansal Aracılar (Konsolide Akım)",sum,0.0
bie_finhestnks610125,2016-Q2,TP.FINHESTNKS610125.ZP3,"VF.1.1.Parasal Altın, Diğer Finansal Aracılar (Konsolide Akım)",sum,0.0
bie_finhestnks610125,2016-Q2,TP.FINHESTNKS610125.ZP4,"VF.1.2.Özel Çekme Hakları (SDR), Diğer Finansal Aracılar (Konsolide Akım)",sum,0.0
bie_finhestnks610125,2016-Q2,TP.FINHESTNKS610125.ZP5,"VF.2.Para ve Mevduat, Diğer Finansal Aracılar (Konsolide Akım)",sum,993438.7479
bie_finhestnks610125,2016-Q2,TP.FINHESTNKS610125.ZP6,"VF.2.1.Para, Diğer Finansal Aracılar (Konsolide Akım)",sum,3032.6252
bie_finhestnks610125,2016-Q2,TP.FINHESTNKS610125.ZP7,"VF.2.2.Vadesiz Mevduat, Diğer Finansal Aracılar (Konsolide Akım)",sum,191655.8821
bie_finhestnks610125,2016-Q2,TP.FINHESTNKS610125.ZP8,"VF.2.9.Vadeli Mevduat, Diğer Finansal Aracılar (Konsolide Akım)",sum,798750.2406
bie_finhestnks610125,2016-Q2,TP.FINHESTNKS610125.ZP9,"VF.3.Borçlanma Senetleri, Diğer Finansal Aracılar (Konsolide Akım)",sum,-22410.6074
bie_finhestnks610125,2016-Q2,TP.FINHESTNKS610125.ZP10,"VF.3.1.Kısa Vadeli Borçlanma Senetleri, Diğer Finansal Aracılar (Konsolide Akım)",sum,-12863.6886
bie_finhestnks610125,2016-Q2,TP.FINHESTNKS610125.ZP11,"VF.3.2.Uzun Vadeli Borçlanma Senetleri, Diğer Finansal Aracılar (Konsolide Akım)",sum,-9546.9187
bie_finhestnks610125,2016-Q2,TP.FINHESTNKS610125.ZP12,"VF.4.Krediler, Diğer Finansal Aracılar (Konsolide Akım)",sum,5537423.5951
bie_finhestnks610125,2016-Q2,TP.FINHESTNKS610125.ZP13,"VF.4.1.Kısa Vadeli Krediler, Diğer Finansal Aracılar (Konsolide Akım)",sum,5537423.5951
bie_finhestnks610125,2016-Q2,TP.FINHESTNKS610125.ZP14,"VF.4.2.Uzun Vadeli Krediler, Diğer Finansal Aracılar (Konsolide Akım)",sum,0.0
bie_finhestnks610125,2016-Q2,TP.FINHESTNKS610125.ZP15,"VF.5.Hisse Senetleri ve Özkaynaklar, Diğer Finansal Aracılar (Konsolide Akım)",sum,38788.1809
bie_finhestnks610125,2016-Q2,TP.FINHESTNKS610125.ZP16,"VF.5.1.Hisse Senetleri ve Özkaynaklar, Diğer Finansal Aracılar (Konsolide Akım)",sum,38788.1809
bie_finhestnks610125,2016-Q2,TP.FINHESTNKS610125.ZP17,"VF.5.2.Yatırım Fonu Katılma Belgeleri, Diğer Finansal Aracılar (Konsolide Akım)",sum,0.0
bie_finhestnks610125,2016-Q2,TP.FINHESTNKS610125.ZP18,"VF.5.2.1.Para Piyasası Fonları, Diğer Finansal Aracılar (Konsolide Akım)",sum,0.0
bie_finhestnks610125,2016-Q2,TP.FINHESTNKS610125.ZP19,"VF.5.2.2.Diğer Yatırım Fonları, Diğer Finansal Aracılar (Konsolide Akım)",sum,0.0
bie_finhestnks610125,2016-Q2,TP.FINHESTNKS610125.ZP20,"VF.6.Sigorta ve Emeklilik Sözleşmeleri, Diğer Finansal Aracılar (Konsolide Akım)",sum,0.0
bie_finhestnks610125,2016-Q2,TP.FINHESTNKS610125.ZP21,"VF.7.Finansal Türevler, Diğer Finansal Aracılar (Konsolide Akım)",sum,-32291.7706
bie_finhestnks610125,2016-Q2,TP.FINHESTNKS610125.ZP22,"VF.8.Diğer Alacaklar, Diğer Finansal Aracılar (Konsolide Akım)",sum,82957.5454
bie_finhestnks610125,2016-Q2,TP.FINHESTNKS610125.ZP23,"VF.0.Toplam Varlıklar, Diğer Finansal Aracılar (Konsolide Akım)",sum,6597905.6914
bie_finhestnks610125,2016-Q2,TP.FINHESTNKS610125.ZP24,"F.1.Parasal Altın ve SDR, Diğer Finansal Aracılar (Konsolide Akım)",sum,0.0
bie_finhestnks610125,2016-Q2,TP.FINHESTNKS610125.ZP26,"F.1.2.Özel Çekme Hakları (SDR), Diğer Finansal Aracılar (Konsolide Akım)",sum,0.0
bie_finhestnks610125,2016-Q2,TP.FINHESTNKS610125.ZP27,"F.2.Para ve Mevduat, Diğer Finansal Aracılar (Konsolide Akım)",sum,-136652.197
bie_finhestnks610125,2016-Q2,TP.FINHESTNKS610125.ZP28,"F.2.1.Para, Diğer Finansal Aracılar (Konsolide Akım)",sum,0.0
bie_finhestnks610125,2016-Q2,TP.FINHESTNKS610125.ZP29,"F.2.2.Vadesiz Mevduat, Diğer Finansal Aracılar (Konsolide Akım)",sum,0.0
bie_finhestnks610125,2016-Q2,TP.FINHESTNKS610125.ZP30,"F.2.9.Vadeli Mevduat, Diğer Finansal Aracılar (Konsolide Akım)",sum,-136652.197
bie_finhestnks610125,2016-Q2,TP.FINHESTNKS610125.ZP31,"F.3.Borçlanma Senetleri, Diğer Finansal Aracılar (Konsolide Akım)",sum,1154003.6876
bie_finhestnks610125,2016-Q2,TP.FINHESTNKS610125.ZP32,"F.3.1.Kısa Vadeli Borçlanma Senetleri, Diğer Finansal Aracılar (Konsolide Akım)",sum,738562.3601
bie_finhestnks610125,2016-Q2,TP.FINHESTNKS610125.ZP33,"F.3.2.Uzun Vadeli Borçlanma Senetleri, Diğer Finansal Aracılar (Konsolide Akım)",sum,415441.3276
bie_finhestnks610125,2016-Q2,TP.FINHESTNKS610125.ZP34,"F.4.Krediler, Diğer Finansal Aracılar (Konsolide Akım)",sum,5061969.8386
bie_finhestnks610125,2016-Q2,TP.FINHESTNKS610125.ZP35,"F.4.1.Kısa Vadeli Krediler, Diğer Finansal Aracılar (Konsolide Akım)",sum,1974168.237
bie_finhestnks610125,2016-Q2,TP.FINHESTNKS610125.ZP36,"F.4.2.Uzun Vadeli Krediler, Diğer Finansal Aracılar (Konsolide Akım)",sum,3087801.6015
bie_finhestnks610125,2016-Q2,TP.FINHESTNKS610125.ZP37,"F.5.Hisse Senetleri ve Özkaynaklar, Diğer Finansal Aracılar (Konsolide Akım)",sum,252625.9028
bie_finhestnks610125,2016-Q2,TP.FINHESTNKS610125.ZP38,"F.5.1.Hisse Senetleri ve Özkaynaklar, Diğer Finansal Aracılar (Konsolide Akım)",sum,252625.9028
bie_finhestnks610125,2016-Q2,TP.FINHESTNKS610125.ZP39,"F.5.2.Yatırım Fonu Katılma Belgeleri, Diğer Finansal Aracılar (Konsolide Akım)",sum,0.0
bie_finhestnks610125,2016-Q2,TP.FINHESTNKS610125.ZP40,"F.5.2.1.Para Piyasası Fonları, Diğer Finansal Aracılar (Konsolide Akım)",sum,0.0
bie_finhestnks610125,2016-Q2,TP.FINHESTNKS610125.ZP41,"F.5.2.2.Diğer Yatırım Fonları, Diğer Finansal Aracılar (Konsolide Akım)",sum,0.0
bie_finhestnks610125,2016-Q2,TP.FINHESTNKS610125.ZP42,"F.6.Sigorta ve Emeklilik Sözleşmeleri, Diğer Finansal Aracılar (Konsolide Akım)",sum,0.0
bie_finhestnks610125,2016-Q2,TP.FINHESTNKS610125.ZP43,"F.7.Finansal Türevler, Diğer Finansal Aracılar (Konsolide Akım)",sum,-31311.8449
bie_finhestnks610125,2016-Q2,TP.FINHESTNKS610125.ZP44,"F.8.Diğer Borçlar, Diğer Finansal Aracılar (Konsolide Akım)",sum,-124391.512
bie_finhestnks610125,2016-Q2,TP.FINHESTNKS610125.ZP45,"F.0.Toplam Yükümlülükler, Diğer Finansal Aracılar (Konsolide Akım)",sum,6176243.8751
bie_finhestnks610125,2016-Q3,TP.FINHESTNKS610125.ZP1,"BF.9.NET FİNANSAL DEĞER, Diğer Finansal Aracılar (Konsolide Akım)",sum,726856.3349
bie_finhestnks610125,2016-Q3,TP.FINHESTNKS610125.ZP2,"VF.1.Parasal Altın ve SDR, Diğer Finansal Aracılar (Konsolide Akım)",sum,0.0
bie_finhestnks610125,2016-Q3,TP.FINHESTNKS610125.ZP3,"VF.1.1.Parasal Altın, Diğer Finansal Aracılar (Konsolide Akım)",sum,0.0
bie_finhestnks610125,2016-Q3,TP.FINHESTNKS610125.ZP4,"VF.1.2.Özel Çekme Hakları (SDR), Diğer Finansal Aracılar (Konsolide Akım)",sum,0.0
bie_finhestnks610125,2016-Q3,TP.FINHESTNKS610125.ZP5,"VF.2.Para ve Mevduat, Diğer Finansal Aracılar (Konsolide Akım)",sum,2256651.9847
bie_finhestnks610125,2016-Q3,TP.FINHESTNKS610125.ZP6,"VF.2.1.Para, Diğer Finansal Aracılar (Konsolide Akım)",sum,1037.4775
bie_finhestnks610125,2016-Q3,TP.FINHESTNKS610125.ZP7,"VF.2.2.Vadesiz Mevduat, Diğer Finansal Aracılar (Konsolide Akım)",sum,280045.376
bie_finhestnks610125,2016-Q3,TP.FINHESTNKS610125.ZP8,"VF.2.9.Vadeli Mevduat, Diğer Finansal Aracılar (Konsolide Akım)",sum,1975569.1313
bie_finhestnks610125,2016-Q3,TP.FINHESTNKS610125.ZP9,"VF.3.Borçlanma Senetleri, Diğer Finansal Aracılar (Konsolide Akım)",sum,-172967.3804
bie_finhestnks610125,2016-Q3,TP.FINHESTNKS610125.ZP10,"VF.3.1.Kısa Vadeli Borçlanma Senetleri, Diğer Finansal Aracılar (Konsolide Akım)",sum,-99284.3993
bie_finhestnks610125,2016-Q3,TP.FINHESTNKS610125.ZP11,"VF.3.2.Uzun Vadeli Borçlanma Senetleri, Diğer Finansal Aracılar (Konsolide Akım)",sum,-73684.9374
bie_finhestnks610125,2016-Q3,TP.FINHESTNKS610125.ZP12,"VF.4.Krediler, Diğer Finansal Aracılar (Konsolide Akım)",sum,255936.7821
bie_finhestnks610125,2016-Q3,TP.FINHESTNKS610125.ZP13,"VF.4.1.Kısa Vadeli Krediler, Diğer Finansal Aracılar (Konsolide Akım)",sum,255936.7821
bie_finhestnks610125,2016-Q3,TP.FINHESTNKS610125.ZP14,"VF.4.2.Uzun Vadeli Krediler, Diğer Finansal Aracılar (Konsolide Akım)",sum,0.0
bie_finhestnks610125,2016-Q3,TP.FINHESTNKS610125.ZP15,"VF.5.Hisse Senetleri ve Özkaynaklar, Diğer Finansal Aracılar (Konsolide Akım)",sum,-42592.4858
bie_finhestnks610125,2016-Q3,TP.FINHESTNKS610125.ZP16,"VF.5.1.Hisse Senetleri ve Özkaynaklar, Diğer Finansal Aracılar (Konsolide Akım)",sum,-42592.4858
bie_finhestnks610125,2016-Q3,TP.FINHESTNKS610125.ZP17,"VF.5.2.Yatırım Fonu Katılma Belgeleri, Diğer Finansal Aracılar (Konsolide Akım)",sum,0.0
bie_finhestnks610125,2016-Q3,TP.FINHESTNKS610125.ZP18,"VF.5.2.1.Para Piyasası Fonları, Diğer Finansal Aracılar (Konsolide Akım)",sum,0.0
bie_finhestnks610125,2016-Q3,TP.FINHESTNKS610125.ZP19,"VF.5.2.2.Diğer Yatırım Fonları, Diğer Finansal Aracılar (Konsolide Akım)",sum,0.0
bie_finhestnks610125,2016-Q3,TP.FINHESTNKS610125.ZP20,"VF.6.Sigorta ve Emeklilik Sözleşmeleri, Diğer Finansal Aracılar (Konsolide Akım)",sum,0.0
bie_finhestnks610125,2016-Q3,TP.FINHESTNKS610125.ZP21,"VF.7.Finansal Türevler, Diğer Finansal Aracılar (Konsolide Akım)",sum,127366.2981
bie_finhestnks610125,2016-Q3,TP.FINHESTNKS610125.ZP22,"VF.8.Diğer Alacaklar, Diğer Finansal Aracılar (Konsolide Akım)",sum,510290.1636
bie_finhestnks610125,2016-Q3,TP.FINHESTNKS610125.ZP23,"VF.0.Toplam Varlıklar, Diğer Finansal Aracılar (Konsolide Akım)",sum,2934685.3624
bie_finhestnks610125,2016-Q3,TP.FINHESTNKS610125.ZP24,"F.1.Parasal Altın ve SDR, Diğer Finansal Aracılar (Konsolide Akım)",sum,0.0
bie_finhestnks610125,2016-Q3,TP.FINHESTNKS610125.ZP26,"F.1.2.Özel Çekme Hakları (SDR), Diğer Finansal Aracılar (Konsolide Akım)",sum,0.0
bie_finhestnks610125,2016-Q3,TP.FINHESTNKS610125.ZP27,"F.2.Para ve Mevduat, Diğer Finansal Aracılar (Konsolide Akım)",sum,1265896.716
bie_finhestnks610125,2016-Q3,TP.FINHESTNKS610125.ZP28,"F.2.1.Para, Diğer Finansal Aracılar (Konsolide Akım)",sum,0.0
bie_finhestnks610125,2016-Q3,TP.FINHESTNKS610125.ZP29,"F.2.2.Vadesiz Mevduat, Diğer Finansal Aracılar (Konsolide Akım)",sum,0.0
bie_finhestnks610125,2016-Q3,TP.FINHESTNKS610125.ZP30,"F.2.9.Vadeli Mevduat, Diğer Finansal Aracılar (Konsolide Akım)",sum,1265896.716
bie_finhestnks610125,2016-Q3,TP.FINHESTNKS610125.ZP31,"F.3.Borçlanma Senetleri, Diğer Finansal Aracılar (Konsolide Akım)",sum,422126.6113
bie_finhestnks610125,2016-Q3,TP.FINHESTNKS610125.ZP32,"F.3.1.Kısa Vadeli Borçlanma Senetleri, Diğer Finansal Aracılar (Konsolide Akım)",sum,270161.0313
bie_finhestnks610125,2016-Q3,TP.FINHESTNKS610125.ZP33,"F.3.2.Uzun Vadeli Borçlanma Senetleri, Diğer Finansal Aracılar (Konsolide Akım)",sum,151965.5801
bie_finhestnks610125,2016-Q3,TP.FINHESTNKS610125.ZP34,"F.4.Krediler, Diğer Finansal Aracılar (Konsolide Akım)",sum,-269724.0115
bie_finhestnks610125,2016-Q3,TP.FINHESTNKS610125.ZP35,"F.4.1.Kısa Vadeli Krediler, Diğer Finansal Aracılar (Konsolide Akım)",sum,-105192.3645
bie_finhestnks610125,2016-Q3,TP.FINHESTNKS610125.ZP36,"F.4.2.Uzun Vadeli Krediler, Diğer Finansal Aracılar (Konsolide Akım)",sum,-164531.647
bie_finhestnks610125,2016-Q3,TP.FINHESTNKS610125.ZP37,"F.5.Hisse Senetleri ve Özkaynaklar, Diğer Finansal Aracılar (Konsolide Akım)",sum,84551.5778
bie_finhestnks610125,2016-Q3,TP.FINHESTNKS610125.ZP38,"F.5.1.Hisse Senetleri ve Özkaynaklar, Diğer Finansal Aracılar (Konsolide Akım)",sum,84551.5778
bie_finhestnks610125,2016-Q3,TP.FINHESTNKS610125.ZP39,"F.5.2.Yatırım Fonu Katılma Belgeleri, Diğer Finansal Aracılar (Konsolide Akım)",sum,0.0
bie_finhestnks610125,2016-Q3,TP.FINHESTNKS610125.ZP40,"F.5.2.1.Para Piyasası Fonları, Diğer Finansal Aracılar (Konsolide Akım)",sum,0.0
bie_finhestnks610125,2016-Q3,TP.FINHESTNKS610125.ZP41,"F.5.2.2.Diğer Yatırım Fonları, Diğer Finansal Aracılar (Konsolide Akım)",sum,0.0
bie_finhestnks610125,2016-Q3,TP.FINHESTNKS610125.ZP42,"F.6.Sigorta ve Emeklilik Sözleşmeleri, Diğer Finansal Aracılar (Konsolide Akım)",sum,0.0
bie_finhestnks610125,2016-Q3,TP.FINHESTNKS610125.ZP43,"F.7.Finansal Türevler, Diğer Finansal Aracılar (Konsolide Akım)",sum,16440.4899
bie_finhestnks610125,2016-Q3,TP.FINHESTNKS610125.ZP44,"F.8.Diğer Borçlar, Diğer Finansal Aracılar (Konsolide Akım)",sum,688537.6439
bie_finhestnks610125,2016-Q3,TP.FINHESTNKS610125.ZP45,"F.0.Toplam Yükümlülükler, Diğer Finansal Aracılar (Konsolide Akım)",sum,2207829.0275
bie_finhestnks610125,2016-Q4,TP.FINHESTNKS610125.ZP1,"BF.9.NET FİNANSAL DEĞER, Diğer Finansal Aracılar (Konsolide Akım)",sum,-5311918.0011
bie_finhestnks610125,2016-Q4,TP.FINHESTNKS610125.ZP2,"VF.1.Parasal Altın ve SDR, Diğer Finansal Aracılar (Konsolide Akım)",sum,0.0
bie_finhestnks610125,2016-Q4,TP.FINHESTNKS610125.ZP3,"VF.1.1.Parasal Altın, Diğer Finansal Aracılar (Konsolide Akım)",sum,0.0
bie_finhestnks610125,2016-Q4,TP.FINHESTNKS610125.ZP4,"VF.1.2.Özel Çekme Hakları (SDR), Diğer Finansal Aracılar (Konsolide Akım)",sum,0.0
bie_finhestnks610125,2016-Q4,TP.FINHESTNKS610125.ZP5,"VF.2.Para ve Mevduat, Diğer Finansal Aracılar (Konsolide Akım)",sum,-4931631.85
bie_finhestnks610125,2016-Q4,TP.FINHESTNKS610125.ZP6,"VF.2.1.Para, Diğer Finansal Aracılar (Konsolide Akım)",sum,53.1569
bie_finhestnks610125,2016-Q4,TP.FINHESTNKS610125.ZP7,"VF.2.2.Vadesiz Mevduat, Diğer Finansal Aracılar (Konsolide Akım)",sum,-312945.4873
bie_finhestnks610125,2016-Q4,TP.FINHESTNKS610125.ZP8,"VF.2.9.Vadeli Mevduat, Diğer Finansal Aracılar (Konsolide Akım)",sum,-4618739.5196
bie_finhestnks610125,2016-Q4,TP.FINHESTNKS610125.ZP9,"VF.3.Borçlanma Senetleri, Diğer Finansal Aracılar (Konsolide Akım)",sum,-288778.3677
bie_finhestnks610125,2016-Q4,TP.FINHESTNKS610125.ZP10,"VF.3.1.Kısa Vadeli Borçlanma Senetleri, Diğer Finansal Aracılar (Konsolide Akım)",sum,-165758.7831
bie_finhestnks610125,2016-Q4,TP.FINHESTNKS610125.ZP11,"VF.3.2.Uzun Vadeli Borçlanma Senetleri, Diğer Finansal Aracılar (Konsolide Akım)",sum,-123019.5846
bie_finhestnks610125,2016-Q4,TP.FINHESTNKS610125.ZP12,"VF.4.Krediler, Diğer Finansal Aracılar (Konsolide Akım)",sum,6761041.4652
bie_finhestnks610125,2016-Q4,TP.FINHESTNKS610125.ZP13,"VF.4.1.Kısa Vadeli Krediler, Diğer Finansal Aracılar (Konsolide Akım)",sum,6761041.4652
bie_finhestnks610125,2016-Q4,TP.FINHESTNKS610125.ZP14,"VF.4.2.Uzun Vadeli Krediler, Diğer Finansal Aracılar (Konsolide Akım)",sum,0.0
bie_finhestnks610125,2016-Q4,TP.FINHESTNKS610125.ZP15,"VF.5.Hisse Senetleri ve Özkaynaklar, Diğer Finansal Aracılar (Konsolide Akım)",sum,-178559.0651
bie_finhestnks610125,2016-Q4,TP.FINHESTNKS610125.ZP16,"VF.5.1.Hisse Senetleri ve Özkaynaklar, Diğer Finansal Aracılar (Konsolide Akım)",sum,-178559.0651
bie_finhestnks610125,2016-Q4,TP.FINHESTNKS610125.ZP17,"VF.5.2.Yatırım Fonu Katılma Belgeleri, Diğer Finansal Aracılar (Konsolide Akım)",sum,0.0
bie_finhestnks610125,2016-Q4,TP.FINHESTNKS610125.ZP18,"VF.5.2.1.Para Piyasası Fonları, Diğer Finansal Aracılar (Konsolide Akım)",sum,0.0
bie_finhestnks610125,2016-Q4,TP.FINHESTNKS610125.ZP19,"VF.5.2.2.Diğer Yatırım Fonları, Diğer Finansal Aracılar (Konsolide Akım)",sum,0.0
bie_finhestnks610125,2016-Q4,TP.FINHESTNKS610125.ZP20,"VF.6.Sigorta ve Emeklilik Sözleşmeleri, Diğer Finansal Aracılar (Konsolide Akım)",sum,0.0
bie_finhestnks610125,2016-Q4,TP.FINHESTNKS610125.ZP21,"VF.7.Finansal Türevler, Diğer Finansal Aracılar (Konsolide Akım)",sum,409666.2874
bie_finhestnks610125,2016-Q4,TP.FINHESTNKS610125.ZP22,"VF.8.Diğer Alacaklar, Diğer Finansal Aracılar (Konsolide Akım)",sum,-577291.648
bie_finhestnks610125,2016-Q4,TP.FINHESTNKS610125.ZP23,"VF.0.Toplam Varlıklar, Diğer Finansal Aracılar (Konsolide Akım)",sum,1194446.8217
bie_finhestnks610125,2016-Q4,TP.FINHESTNKS610125.ZP24,"F.1.Parasal Altın ve SDR, Diğer Finansal Aracılar (Konsolide Akım)",sum,0.0
bie_finhestnks610125,2016-Q4,TP.FINHESTNKS610125.ZP26,"F.1.2.Özel Çekme Hakları (SDR), Diğer Finansal Aracılar (Konsolide Akım)",sum,0.0
bie_finhestnks610125,2016-Q4,TP.FINHESTNKS610125.ZP27,"F.2.Para ve Mevduat, Diğer Finansal Aracılar (Konsolide Akım)",sum,0.0
bie_finhestnks610125,2016-Q4,TP.FINHESTNKS610125.ZP28,"F.2.1.Para, Diğer Finansal Aracılar (Konsolide Akım)",sum,0.0
bie_finhestnks610125,2016-Q4,TP.FINHESTNKS610125.ZP29,"F.2.2.Vadesiz Mevduat, Diğer Finansal Aracılar (Konsolide Akım)",sum,0.0
bie_finhestnks610125,2016-Q4,TP.FINHESTNKS610125.ZP30,"F.2.9.Vadeli Mevduat, Diğer Finansal Aracılar (Konsolide Akım)",sum,0.0
bie_finhestnks610125,2016-Q4,TP.FINHESTNKS610125.ZP31,"F.3.Borçlanma Senetleri, Diğer Finansal Aracılar (Konsolide Akım)",sum,1532659.3166
bie_finhestnks610125,2016-Q4,TP.FINHESTNKS610125.ZP32,"F.3.1.Kısa Vadeli Borçlanma Senetleri, Diğer Finansal Aracılar (Konsolide Akım)",sum,980901.9626
bie_finhestnks610125,2016-Q4,TP.FINHESTNKS610125.ZP33,"F.3.2.Uzun Vadeli Borçlanma Senetleri, Diğer Finansal Aracılar (Konsolide Akım)",sum,551757.354
bie_finhestnks610125,2016-Q4,TP.FINHESTNKS610125.ZP34,"F.4.Krediler, Diğer Finansal Aracılar (Konsolide Akım)",sum,4093203.5423
bie_finhestnks610125,2016-Q4,TP.FINHESTNKS610125.ZP35,"F.4.1.Kısa Vadeli Krediler, Diğer Finansal Aracılar (Konsolide Akım)",sum,1596349.3815
bie_finhestnks610125,2016-Q4,TP.FINHESTNKS610125.ZP36,"F.4.2.Uzun Vadeli Krediler, Diğer Finansal Aracılar (Konsolide Akım)",sum,2496854.1608
bie_finhestnks610125,2016-Q4,TP.FINHESTNKS610125.ZP37,"F.5.Hisse Senetleri ve Özkaynaklar, Diğer Finansal Aracılar (Konsolide Akım)",sum,-4845.7111
bie_finhestnks610125,2016-Q4,TP.FINHESTNKS610125.ZP38,"F.5.1.Hisse Senetleri ve Özkaynaklar, Diğer Finansal Aracılar (Konsolide Akım)",sum,-4845.7111
bie_finhestnks610125,2016-Q4,TP.FINHESTNKS610125.ZP39,"F.5.2.Yatırım Fonu Katılma Belgeleri, Diğer Finansal Aracılar (Konsolide Akım)",sum,0.0
bie_finhestnks610125,2016-Q4,TP.FINHESTNKS610125.ZP40,"F.5.2.1.Para Piyasası Fonları, Diğer Finansal Aracılar (Konsolide Akım)",sum,0.0
bie_finhestnks610125,2016-Q4,TP.FINHESTNKS610125.ZP41,"F.5.2.2.Diğer Yatırım Fonları, Diğer Finansal Aracılar (Konsolide Akım)",sum,0.0
bie_finhestnks610125,2016-Q4,TP.FINHESTNKS610125.ZP42,"F.6.Sigorta ve Emeklilik Sözleşmeleri, Diğer Finansal Aracılar (Konsolide Akım)",sum,0.0
bie_finhestnks610125,2016-Q4,TP.FINHESTNKS610125.ZP43,"F.7.Finansal Türevler, Diğer Finansal Aracılar (Konsolide Akım)",sum,356568.1214
bie_finhestnks610125,2016-Q4,TP.FINHESTNKS610125.ZP44,"F.8.Diğer Borçlar, Diğer Finansal Aracılar (Konsolide Akım)",sum,528779.5537
bie_finhestnks610125,2016-Q4,TP.FINHESTNKS610125.ZP45,"F.0.Toplam Yükümlülükler, Diğer Finansal Aracılar (Konsolide Akım)",sum,6506364.8228
bie_finhestnks610125,2017-Q1,TP.FINHESTNKS610125.ZP1,"BF.9.NET FİNANSAL DEĞER, Diğer Finansal Aracılar (Konsolide Akım)",sum,436749.6611
bie_finhestnks610125,2017-Q1,TP.FINHESTNKS610125.ZP2,"VF.1.Parasal Altın ve SDR, Diğer Finansal Aracılar (Konsolide Akım)",sum,0.0
bie_finhestnks610125,2017-Q1,TP.FINHESTNKS610125.ZP3,"VF.1.1.Parasal Altın, Diğer Finansal Aracılar (Konsolide Akım)",sum,0.0
bie_finhestnks610125,2017-Q1,TP.FINHESTNKS610125.ZP4,"VF.1.2.Özel Çekme Hakları (SDR), Diğer Finansal Aracılar (Konsolide Akım)",sum,0.0
bie_finhestnks610125,2017-Q1,TP.FINHESTNKS610125.ZP5,"VF.2.Para ve Mevduat, Diğer Finansal Aracılar (Konsolide Akım)",sum,-1548202.1049
bie_finhestnks610125,2017-Q1,TP.FINHESTNKS610125.ZP6,"VF.2.1.Para, Diğer Finansal Aracılar (Konsolide Akım)",sum,-1781.1845
bie_finhestnks610125,2017-Q1,TP.FINHESTNKS610125.ZP7,"VF.2.2.Vadesiz Mevduat, Diğer Finansal Aracılar (Konsolide Akım)",sum,66609.9788
bie_finhestnks610125,2017-Q1,TP.FINHESTNKS610125.ZP8,"VF.2.9.Vadeli Mevduat, Diğer Finansal Aracılar (Konsolide Akım)",sum,-1613030.8992
bie_finhestnks610125,2017-Q1,TP.FINHESTNKS610125.ZP9,"VF.3.Borçlanma Senetleri, Diğer Finansal Aracılar (Konsolide Akım)",sum,239014.5174
bie_finhestnks610125,2017-Q1,TP.FINHESTNKS610125.ZP10,"VF.3.1.Kısa Vadeli Borçlanma Senetleri, Diğer Finansal Aracılar (Konsolide Akım)",sum,137194.333
bie_finhestnks610125,2017-Q1,TP.FINHESTNKS610125.ZP11,"VF.3.2.Uzun Vadeli Borçlanma Senetleri, Diğer Finansal Aracılar (Konsolide Akım)",sum,101820.1844
bie_finhestnks610125,2017-Q1,TP.FINHESTNKS610125.ZP12,"VF.4.Krediler, Diğer Finansal Aracılar (Konsolide Akım)",sum,-304608.9413
bie_finhestnks610125,2017-Q1,TP.FINHESTNKS610125.ZP13,"VF.4.1.Kısa Vadeli Krediler, Diğer Finansal Aracılar (Konsolide Akım)",sum,-304608.9413
bie_finhestnks610125,2017-Q1,TP.FINHESTNKS610125.ZP14,"VF.4.2.Uzun Vadeli Krediler, Diğer Finansal Aracılar (Konsolide Akım)",sum,0.0
bie_finhestnks610125,2017-Q1,TP.FINHESTNKS610125.ZP15,"VF.5.Hisse Senetleri ve Özkaynaklar, Diğer Finansal Aracılar (Konsolide Akım)",sum,321362.5343
bie_finhestnks610125,2017-Q1,TP.FINHESTNKS610125.ZP16,"VF.5.1.Hisse Senetleri ve Özkaynaklar, Diğer Finansal Aracılar (Konsolide Akım)",sum,321362.5343
bie_finhestnks610125,2017-Q1,TP.FINHESTNKS610125.ZP17,"VF.5.2.Yatırım Fonu Katılma Belgeleri, Diğer Finansal Aracılar (Konsolide Akım)",sum,0.0
bie_finhestnks610125,2017-Q1,TP.FINHESTNKS610125.ZP18,"VF.5.2.1.Para Piyasası Fonları, Diğer Finansal Aracılar (Konsolide Akım)",sum,0.0
bie_finhestnks610125,2017-Q1,TP.FINHESTNKS610125.ZP19,"VF.5.2.2.Diğer Yatırım Fonları, Diğer Finansal Aracılar (Konsolide Akım)",sum,0.0
bie_finhestnks610125,2017-Q1,TP.FINHESTNKS610125.ZP20,"VF.6.Sigorta ve Emeklilik Sözleşmeleri, Diğer Finansal Aracılar (Konsolide Akım)",sum,0.0
bie_finhestnks610125,2017-Q1,TP.FINHESTNKS610125.ZP21,"VF.7.Finansal Türevler, Diğer Finansal Aracılar (Konsolide Akım)",sum,-46818.6408
bie_finhestnks610125,2017-Q1,TP.FINHESTNKS610125.ZP22,"VF.8.Diğer Alacaklar, Diğer Finansal Aracılar (Konsolide Akım)",sum,956585.5539
bie_finhestnks610125,2017-Q1,TP.FINHESTNKS610125.ZP23,"VF.0.Toplam Varlıklar, Diğer Finansal Aracılar (Konsolide Akım)",sum,-382667.0814
bie_finhestnks610125,2017-Q1,TP.FINHESTNKS610125.ZP24,"F.1.Parasal Altın ve SDR, Diğer Finansal Aracılar (Konsolide Akım)",sum,0.0
bie_finhestnks610125,2017-Q1,TP.FINHESTNKS610125.ZP26,"F.1.2.Özel Çekme Hakları (SDR), Diğer Finansal Aracılar (Konsolide Akım)",sum,0.0
bie_finhestnks610125,2017-Q1,TP.FINHESTNKS610125.ZP27,"F.2.Para ve Mevduat, Diğer Finansal Aracılar (Konsolide Akım)",sum,0.0
bie_finhestnks610125,2017-Q1,TP.FINHESTNKS610125.ZP28,"F.2.1.Para, Diğer Finansal Aracılar (Konsolide Akım)",sum,0.0
bie_finhestnks610125,2017-Q1,TP.FINHESTNKS610125.ZP29,"F.2.2.Vadesiz Mevduat, Diğer Finansal Aracılar (Konsolide Akım)",sum,0.0
bie_finhestnks610125,2017-Q1,TP.FINHESTNKS610125.ZP30,"F.2.9.Vadeli Mevduat, Diğer Finansal Aracılar (Konsolide Akım)",sum,0.0
bie_finhestnks610125,2017-Q1,TP.FINHESTNKS610125.ZP31,"F.3.Borçlanma Senetleri, Diğer Finansal Aracılar (Konsolide Akım)",sum,1743320.1068
bie_finhestnks610125,2017-Q1,TP.FINHESTNKS610125.ZP32,"F.3.1.Kısa Vadeli Borçlanma Senetleri, Diğer Finansal Aracılar (Konsolide Akım)",sum,1115724.8684
bie_finhestnks610125,2017-Q1,TP.FINHESTNKS610125.ZP33,"F.3.2.Uzun Vadeli Borçlanma Senetleri, Diğer Finansal Aracılar (Konsolide Akım)",sum,627595.2385
bie_finhestnks610125,2017-Q1,TP.FINHESTNKS610125.ZP34,"F.4.Krediler, Diğer Finansal Aracılar (Konsolide Akım)",sum,-2709009.7906
bie_finhestnks610125,2017-Q1,TP.FINHESTNKS610125.ZP35,"F.4.1.Kısa Vadeli Krediler, Diğer Finansal Aracılar (Konsolide Akım)",sum,-1056513.8183
bie_finhestnks610125,2017-Q1,TP.FINHESTNKS610125.ZP36,"F.4.2.Uzun Vadeli Krediler, Diğer Finansal Aracılar (Konsolide Akım)",sum,-1652495.9723
bie_finhestnks610125,2017-Q1,TP.FINHESTNKS610125.ZP37,"F.5.Hisse Senetleri ve Özkaynaklar, Diğer Finansal Aracılar (Konsolide Akım)",sum,161263.1024
bie_finhestnks610125,2017-Q1,TP.FINHESTNKS610125.ZP38,"F.5.1.Hisse Senetleri ve Özkaynaklar, Diğer Finansal Aracılar (Konsolide Akım)",sum,161263.1024
bie_finhestnks610125,2017-Q1,TP.FINHESTNKS610125.ZP39,"F.5.2.Yatırım Fonu Katılma Belgeleri, Diğer Finansal Aracılar (Konsolide Akım)",sum,0.0
bie_finhestnks610125,2017-Q1,TP.FINHESTNKS610125.ZP40,"F.5.2.1.Para Piyasası Fonları, Diğer Finansal Aracılar (Konsolide Akım)",sum,0.0
bie_finhestnks610125,2017-Q1,TP.FINHESTNKS610125.ZP41,"F.5.2.2.Diğer Yatırım Fonları, Diğer Finansal Aracılar (Konsolide Akım)",sum,0.0
bie_finhestnks610125,2017-Q1,TP.FINHESTNKS610125.ZP42,"F.6.Sigorta ve Emeklilik Sözleşmeleri, Diğer Finansal Aracılar (Konsolide Akım)",sum,0.0
bie_finhestnks610125,2017-Q1,TP.FINHESTNKS610125.ZP43,"F.7.Finansal Türevler, Diğer Finansal Aracılar (Konsolide Akım)",sum,-199757.9135
bie_finhestnks610125,2017-Q1,TP.FINHESTNKS610125.ZP44,"F.8.Diğer Borçlar, Diğer Finansal Aracılar (Konsolide Akım)",sum,184767.7525
bie_finhestnks610125,2017-Q1,TP.FINHESTNKS610125.ZP45,"F.0.Toplam Yükümlülükler, Diğer Finansal Aracılar (Konsolide Akım)",sum,-819416.7424
bie_finhestnks610125,2017-Q2,TP.FINHESTNKS610125.ZP1,"BF.9.NET FİNANSAL DEĞER, Diğer Finansal Aracılar (Konsolide Akım)",sum,737935.7943
bie_finhestnks610125,2017-Q2,TP.FINHESTNKS610125.ZP2,"VF.1.Parasal Altın ve SDR, Diğer Finansal Aracılar (Konsolide Akım)",sum,0.0
bie_finhestnks610125,2017-Q2,TP.FINHESTNKS610125.ZP3,"VF.1.1.Parasal Altın, Diğer Finansal Aracılar (Konsolide Akım)",sum,0.0
bie_finhestnks610125,2017-Q2,TP.FINHESTNKS610125.ZP4,"VF.1.2.Özel Çekme Hakları (SDR), Diğer Finansal Aracılar (Konsolide Akım)",sum,0.0
bie_finhestnks610125,2017-Q2,TP.FINHESTNKS610125.ZP5,"VF.2.Para ve Mevduat, Diğer Finansal Aracılar (Konsolide Akım)",sum,1073658.9394
bie_finhestnks610125,2017-Q2,TP.FINHESTNKS610125.ZP6,"VF.2.1.Para, Diğer Finansal Aracılar (Konsolide Akım)",sum,2879.6447
bie_finhestnks610125,2017-Q2,TP.FINHESTNKS610125.ZP7,"VF.2.2.Vadesiz Mevduat, Diğer Finansal Aracılar (Konsolide Akım)",sum,184485.5763
bie_finhestnks610125,2017-Q2,TP.FINHESTNKS610125.ZP8,"VF.2.9.Vadeli Mevduat, Diğer Finansal Aracılar (Konsolide Akım)",sum,886293.7184
bie_finhestnks610125,2017-Q2,TP.FINHESTNKS610125.ZP9,"VF.3.Borçlanma Senetleri, Diğer Finansal Aracılar (Konsolide Akım)",sum,-63165.2567
bie_finhestnks610125,2017-Q2,TP.FINHESTNKS610125.ZP10,"VF.3.1.Kısa Vadeli Borçlanma Senetleri, Diğer Finansal Aracılar (Konsolide Akım)",sum,-36256.8574
bie_finhestnks610125,2017-Q2,TP.FINHESTNKS610125.ZP11,"VF.3.2.Uzun Vadeli Borçlanma Senetleri, Diğer Finansal Aracılar (Konsolide Akım)",sum,-26908.3994
bie_finhestnks610125,2017-Q2,TP.FINHESTNKS610125.ZP12,"VF.4.Krediler, Diğer Finansal Aracılar (Konsolide Akım)",sum,4187710.5995
bie_finhestnks610125,2017-Q2,TP.FINHESTNKS610125.ZP13,"VF.4.1.Kısa Vadeli Krediler, Diğer Finansal Aracılar (Konsolide Akım)",sum,4187710.5995
bie_finhestnks610125,2017-Q2,TP.FINHESTNKS610125.ZP14,"VF.4.2.Uzun Vadeli Krediler, Diğer Finansal Aracılar (Konsolide Akım)",sum,0.0
bie_finhestnks610125,2017-Q2,TP.FINHESTNKS610125.ZP15,"VF.5.Hisse Senetleri ve Özkaynaklar, Diğer Finansal Aracılar (Konsolide Akım)",sum,-125862.2264
bie_finhestnks610125,2017-Q2,TP.FINHESTNKS610125.ZP16,"VF.5.1.Hisse Senetleri ve Özkaynaklar, Diğer Finansal Aracılar (Konsolide Akım)",sum,-125862.2264
bie_finhestnks610125,2017-Q2,TP.FINHESTNKS610125.ZP17,"VF.5.2.Yatırım Fonu Katılma Belgeleri, Diğer Finansal Aracılar (Konsolide Akım)",sum,0.0
bie_finhestnks610125,2017-Q2,TP.FINHESTNKS610125.ZP18,"VF.5.2.1.Para Piyasası Fonları, Diğer Finansal Aracılar (Konsolide Akım)",sum,0.0
bie_finhestnks610125,2017-Q2,TP.FINHESTNKS610125.ZP19,"VF.5.2.2.Diğer Yatırım Fonları, Diğer Finansal Aracılar (Konsolide Akım)",sum,0.0
bie_finhestnks610125,2017-Q2,TP.FINHESTNKS610125.ZP20,"VF.6.Sigorta ve Emeklilik Sözleşmeleri, Diğer Finansal Aracılar (Konsolide Akım)",sum,0.0
bie_finhestnks610125,2017-Q2,TP.FINHESTNKS610125.ZP21,"VF.7.Finansal Türevler, Diğer Finansal Aracılar (Konsolide Akım)",sum,-177302.0206
bie_finhestnks610125,2017-Q2,TP.FINHESTNKS610125.ZP22,"VF.8.Diğer Alacaklar, Diğer Finansal Aracılar (Konsolide Akım)",sum,1578459.3822
bie_finhestnks610125,2017-Q2,TP.FINHESTNKS610125.ZP23,"VF.0.Toplam Varlıklar, Diğer Finansal Aracılar (Konsolide Akım)",sum,6473499.4173
bie_finhestnks610125,2017-Q2,TP.FINHESTNKS610125.ZP24,"F.1.Parasal Altın ve SDR, Diğer Finansal Aracılar (Konsolide Akım)",sum,0.0
bie_finhestnks610125,2017-Q2,TP.FINHESTNKS610125.ZP26,"F.1.2.Özel Çekme Hakları (SDR), Diğer Finansal Aracılar (Konsolide Akım)",sum,0.0
bie_finhestnks610125,2017-Q2,TP.FINHESTNKS610125.ZP27,"F.2.Para ve Mevduat, Diğer Finansal Aracılar (Konsolide Akım)",sum,0.0
bie_finhestnks610125,2017-Q2,TP.FINHESTNKS610125.ZP28,"F.2.1.Para, Diğer Finansal Aracılar (Konsolide Akım)",sum,0.0
bie_finhestnks610125,2017-Q2,TP.FINHESTNKS610125.ZP29,"F.2.2.Vadesiz Mevduat, Diğer Finansal Aracılar (Konsolide Akım)",sum,0.0
bie_finhestnks610125,2017-Q2,TP.FINHESTNKS610125.ZP30,"F.2.9.Vadeli Mevduat, Diğer Finansal Aracılar (Konsolide Akım)",sum,0.0
bie_finhestnks610125,2017-Q2,TP.FINHESTNKS610125.ZP31,"F.3.Borçlanma Senetleri, Diğer Finansal Aracılar (Konsolide Akım)",sum,-421851.0191
bie_finhestnks610125,2017-Q2,TP.FINHESTNKS610125.ZP32,"F.3.1.Kısa Vadeli Borçlanma Senetleri, Diğer Finansal Aracılar (Konsolide Akım)",sum,-269984.6522
bie_finhestnks610125,2017-Q2,TP.FINHESTNKS610125.ZP33,"F.3.2.Uzun Vadeli Borçlanma Senetleri, Diğer Finansal Aracılar (Konsolide Akım)",sum,-151866.3669
bie_finhestnks610125,2017-Q2,TP.FINHESTNKS610125.ZP34,"F.4.Krediler, Diğer Finansal Aracılar (Konsolide Akım)",sum,4665280.0396
bie_finhestnks610125,2017-Q2,TP.FINHESTNKS610125.ZP35,"F.4.1.Kısa Vadeli Krediler, Diğer Finansal Aracılar (Konsolide Akım)",sum,1819459.2154
bie_finhestnks610125,2017-Q2,TP.FINHESTNKS610125.ZP36,"F.4.2.Uzun Vadeli Krediler, Diğer Finansal Aracılar (Konsolide Akım)",sum,2845820.8241
bie_finhestnks610125,2017-Q2,TP.FINHESTNKS610125.ZP37,"F.5.Hisse Senetleri ve Özkaynaklar, Diğer Finansal Aracılar (Konsolide Akım)",sum,315925.4303
bie_finhestnks610125,2017-Q2,TP.FINHESTNKS610125.ZP38,"F.5.1.Hisse Senetleri ve Özkaynaklar, Diğer Finansal Aracılar (Konsolide Akım)",sum,315925.4303
bie_finhestnks610125,2017-Q2,TP.FINHESTNKS610125.ZP39,"F.5.2.Yatırım Fonu Katılma Belgeleri, Diğer Finansal Aracılar (Konsolide Akım)",sum,0.0
bie_finhestnks610125,2017-Q2,TP.FINHESTNKS610125.ZP40,"F.5.2.1.Para Piyasası Fonları, Diğer Finansal Aracılar (Konsolide Akım)",sum,0.0
bie_finhestnks610125,2017-Q2,TP.FINHESTNKS610125.ZP41,"F.5.2.2.Diğer Yatırım Fonları, Diğer Finansal Aracılar (Konsolide Akım)",sum,0.0
bie_finhestnks610125,2017-Q2,TP.FINHESTNKS610125.ZP42,"F.6.Sigorta ve Emeklilik Sözleşmeleri, Diğer Finansal Aracılar (Konsolide Akım)",sum,0.0
bie_finhestnks610125,2017-Q2,TP.FINHESTNKS610125.ZP43,"F.7.Finansal Türevler, Diğer Finansal Aracılar (Konsolide Akım)",sum,-45659.4761
bie_finhestnks610125,2017-Q2,TP.FINHESTNKS610125.ZP44,"F.8.Diğer Borçlar, Diğer Finansal Aracılar (Konsolide Akım)",sum,1221868.6483
bie_finhestnks610125,2017-Q2,TP.FINHESTNKS610125.ZP45,"F.0.Toplam Yükümlülükler, Diğer Finansal Aracılar (Konsolide Akım)",sum,5735563.623
bie_finhestnks610125,2017-Q3,TP.FINHESTNKS610125.ZP1,"BF.9.NET FİNANSAL DEĞER, Diğer Finansal Aracılar (Konsolide Akım)",sum,612899.2044
bie_finhestnks610125,2017-Q3,TP.FINHESTNKS610125.ZP2,"VF.1.Parasal Altın ve SDR, Diğer Finansal Aracılar (Konsolide Akım)",sum,0.0
bie_finhestnks610125,2017-Q3,TP.FINHESTNKS610125.ZP3,"VF.1.1.Parasal Altın, Diğer Finansal Aracılar (Konsolide Akım)",sum,0.0
bie_finhestnks610125,2017-Q3,TP.FINHESTNKS610125.ZP4,"VF.1.2.Özel Çekme Hakları (SDR), Diğer Finansal Aracılar (Konsolide Akım)",sum,0.0
bie_finhestnks610125,2017-Q3,TP.FINHESTNKS610125.ZP5,"VF.2.Para ve Mevduat, Diğer Finansal Aracılar (Konsolide Akım)",sum,-1142323.3114
bie_finhestnks610125,2017-Q3,TP.FINHESTNKS610125.ZP6,"VF.2.1.Para, Diğer Finansal Aracılar (Konsolide Akım)",sum,13295.0616
bie_finhestnks610125,2017-Q3,TP.FINHESTNKS610125.ZP7,"VF.2.2.Vadesiz Mevduat, Diğer Finansal Aracılar (Konsolide Akım)",sum,-113264.0083
bie_finhestnks610125,2017-Q3,TP.FINHESTNKS610125.ZP8,"VF.2.9.Vadeli Mevduat, Diğer Finansal Aracılar (Konsolide Akım)",sum,-1042354.3646
bie_finhestnks610125,2017-Q3,TP.FINHESTNKS610125.ZP9,"VF.3.Borçlanma Senetleri, Diğer Finansal Aracılar (Konsolide Akım)",sum,151734.89
bie_finhestnks610125,2017-Q3,TP.FINHESTNKS610125.ZP10,"VF.3.1.Kısa Vadeli Borçlanma Senetleri, Diğer Finansal Aracılar (Konsolide Akım)",sum,87095.8269
bie_finhestnks610125,2017-Q3,TP.FINHESTNKS610125.ZP11,"VF.3.2.Uzun Vadeli Borçlanma Senetleri, Diğer Finansal Aracılar (Konsolide Akım)",sum,64639.0632
bie_finhestnks610125,2017-Q3,TP.FINHESTNKS610125.ZP12,"VF.4.Krediler, Diğer Finansal Aracılar (Konsolide Akım)",sum,4595509.7676
bie_finhestnks610125,2017-Q3,TP.FINHESTNKS610125.ZP13,"VF.4.1.Kısa Vadeli Krediler, Diğer Finansal Aracılar (Konsolide Akım)",sum,4595509.7676
bie_finhestnks610125,2017-Q3,TP.FINHESTNKS610125.ZP14,"VF.4.2.Uzun Vadeli Krediler, Diğer Finansal Aracılar (Konsolide Akım)",sum,0.0
bie_finhestnks610125,2017-Q3,TP.FINHESTNKS610125.ZP15,"VF.5.Hisse Senetleri ve Özkaynaklar, Diğer Finansal Aracılar (Konsolide Akım)",sum,162177.3731
bie_finhestnks610125,2017-Q3,TP.FINHESTNKS610125.ZP16,"VF.5.1.Hisse Senetleri ve Özkaynaklar, Diğer Finansal Aracılar (Konsolide Akım)",sum,162177.3731
bie_finhestnks610125,2017-Q3,TP.FINHESTNKS610125.ZP17,"VF.5.2.Yatırım Fonu Katılma Belgeleri, Diğer Finansal Aracılar (Konsolide Akım)",sum,0.0
bie_finhestnks610125,2017-Q3,TP.FINHESTNKS610125.ZP18,"VF.5.2.1.Para Piyasası Fonları, Diğer Finansal Aracılar (Konsolide Akım)",sum,0.0
bie_finhestnks610125,2017-Q3,TP.FINHESTNKS610125.ZP19,"VF.5.2.2.Diğer Yatırım Fonları, Diğer Finansal Aracılar (Konsolide Akım)",sum,0.0
bie_finhestnks610125,2017-Q3,TP.FINHESTNKS610125.ZP20,"VF.6.Sigorta ve Emeklilik Sözleşmeleri, Diğer Finansal Aracılar (Konsolide Akım)",sum,0.0
bie_finhestnks610125,2017-Q3,TP.FINHESTNKS610125.ZP21,"VF.7.Finansal Türevler, Diğer Finansal Aracılar (Konsolide Akım)",sum,-34625.6467
bie_finhestnks610125,2017-Q3,TP.FINHESTNKS610125.ZP22,"VF.8.Diğer Alacaklar, Diğer Finansal Aracılar (Konsolide Akım)",sum,160718.157
bie_finhestnks610125,2017-Q3,TP.FINHESTNKS610125.ZP23,"VF.0.Toplam Varlıklar, Diğer Finansal Aracılar (Konsolide Akım)",sum,3893191.2298
bie_finhestnks610125,2017-Q3,TP.FINHESTNKS610125.ZP24,"F.1.Parasal Altın ve SDR, Diğer Finansal Aracılar (Konsolide Akım)",sum,0.0
bie_finhestnks610125,2017-Q3,TP.FINHESTNKS610125.ZP26,"F.1.2.Özel Çekme Hakları (SDR), Diğer Finansal Aracılar (Konsolide Akım)",sum,0.0
bie_finhestnks610125,2017-Q3,TP.FINHESTNKS610125.ZP27,"F.2.Para ve Mevduat, Diğer Finansal Aracılar (Konsolide Akım)",sum,0.0
bie_finhestnks610125,2017-Q3,TP.FINHESTNKS610125.ZP28,"F.2.1.Para, Diğer Finansal Aracılar (Konsolide Akım)",sum,0.0
bie_finhestnks610125,2017-Q3,TP.FINHESTNKS610125.ZP29,"F.2.2.Vadesiz Mevduat, Diğer Finansal Aracılar (Konsolide Akım)",sum,0.0
bie_finhestnks610125,2017-Q3,TP.FINHESTNKS610125.ZP30,"F.2.9.Vadeli Mevduat, Diğer Finansal Aracılar (Konsolide Akım)",sum,0.0
bie_finhestnks610125,2017-Q3,TP.FINHESTNKS610125.ZP31,"F.3.Borçlanma Senetleri, Diğer Finansal Aracılar (Konsolide Akım)",sum,549018.8056
bie_finhestnks610125,2017-Q3,TP.FINHESTNKS610125.ZP32,"F.3.1.Kısa Vadeli Borçlanma Senetleri, Diğer Finansal Aracılar (Konsolide Akım)",sum,351372.0356
bie_finhestnks610125,2017-Q3,TP.FINHESTNKS610125.ZP33,"F.3.2.Uzun Vadeli Borçlanma Senetleri, Diğer Finansal Aracılar (Konsolide Akım)",sum,197646.77
bie_finhestnks610125,2017-Q3,TP.FINHESTNKS610125.ZP34,"F.4.Krediler, Diğer Finansal Aracılar (Konsolide Akım)",sum,1428571.8435
bie_finhestnks610125,2017-Q3,TP.FINHESTNKS610125.ZP35,"F.4.1.Kısa Vadeli Krediler, Diğer Finansal Aracılar (Konsolide Akım)",sum,557143.019
bie_finhestnks610125,2017-Q3,TP.FINHESTNKS610125.ZP36,"F.4.2.Uzun Vadeli Krediler, Diğer Finansal Aracılar (Konsolide Akım)",sum,871428.8245
bie_finhestnks610125,2017-Q3,TP.FINHESTNKS610125.ZP37,"F.5.Hisse Senetleri ve Özkaynaklar, Diğer Finansal Aracılar (Konsolide Akım)",sum,414839.6241
bie_finhestnks610125,2017-Q3,TP.FINHESTNKS610125.ZP38,"F.5.1.Hisse Senetleri ve Özkaynaklar, Diğer Finansal Aracılar (Konsolide Akım)",sum,414839.6241
bie_finhestnks610125,2017-Q3,TP.FINHESTNKS610125.ZP39,"F.5.2.Yatırım Fonu Katılma Belgeleri, Diğer Finansal Aracılar (Konsolide Akım)",sum,0.0
bie_finhestnks610125,2017-Q3,TP.FINHESTNKS610125.ZP40,"F.5.2.1.Para Piyasası Fonları, Diğer Finansal Aracılar (Konsolide Akım)",sum,0.0
bie_finhestnks610125,2017-Q3,TP.FINHESTNKS610125.ZP41,"F.5.2.2.Diğer Yatırım Fonları, Diğer Finansal Aracılar (Konsolide Akım)",sum,0.0
bie_finhestnks610125,2017-Q3,TP.FINHESTNKS610125.ZP42,"F.6.Sigorta ve Emeklilik Sözleşmeleri, Diğer Finansal Aracılar (Konsolide Akım)",sum,0.0
bie_finhestnks610125,2017-Q3,TP.FINHESTNKS610125.ZP43,"F.7.Finansal Türevler, Diğer Finansal Aracılar (Konsolide Akım)",sum,102185.6116
bie_finhestnks610125,2017-Q3,TP.FINHESTNKS610125.ZP44,"F.8.Diğer Borçlar, Diğer Finansal Aracılar (Konsolide Akım)",sum,785676.1406
bie_finhestnks610125,2017-Q3,TP.FINHESTNKS610125.ZP45,"F.0.Toplam Yükümlülükler, Diğer Finansal Aracılar (Konsolide Akım)",sum,3280292.0254
bie_finhestnks610125,2017-Q4,TP.FINHESTNKS610125.ZP1,"BF.9.NET FİNANSAL DEĞER, Diğer Finansal Aracılar (Konsolide Akım)",sum,-19090.8087
bie_finhestnks610125,2017-Q4,TP.FINHESTNKS610125.ZP2,"VF.1.Parasal Altın ve SDR, Diğer Finansal Aracılar (Konsolide Akım)",sum,0.0
bie_finhestnks610125,2017-Q4,TP.FINHESTNKS610125.ZP3,"VF.1.1.Parasal Altın, Diğer Finansal Aracılar (Konsolide Akım)",sum,0.0
bie_finhestnks610125,2017-Q4,TP.FINHESTNKS610125.ZP4,"VF.1.2.Özel Çekme Hakları (SDR), Diğer Finansal Aracılar (Konsolide Akım)",sum,0.0
bie_finhestnks610125,2017-Q4,TP.FINHESTNKS610125.ZP5,"VF.2.Para ve Mevduat, Diğer Finansal Aracılar (Konsolide Akım)",sum,539552.9868
bie_finhestnks610125,2017-Q4,TP.FINHESTNKS610125.ZP6,"VF.2.1.Para, Diğer Finansal Aracılar (Konsolide Akım)",sum,-16162.9
bie_finhestnks610125,2017-Q4,TP.FINHESTNKS610125.ZP7,"VF.2.2.Vadesiz Mevduat, Diğer Finansal Aracılar (Konsolide Akım)",sum,300611.6485
bie_finhestnks610125,2017-Q4,TP.FINHESTNKS610125.ZP8,"VF.2.9.Vadeli Mevduat, Diğer Finansal Aracılar (Konsolide Akım)",sum,255104.2382
bie_finhestnks610125,2017-Q4,TP.FINHESTNKS610125.ZP9,"VF.3.Borçlanma Senetleri, Diğer Finansal Aracılar (Konsolide Akım)",sum,-14230.7104
bie_finhestnks610125,2017-Q4,TP.FINHESTNKS610125.ZP10,"VF.3.1.Kısa Vadeli Borçlanma Senetleri, Diğer Finansal Aracılar (Konsolide Akım)",sum,-8168.4278
bie_finhestnks610125,2017-Q4,TP.FINHESTNKS610125.ZP11,"VF.3.2.Uzun Vadeli Borçlanma Senetleri, Diğer Finansal Aracılar (Konsolide Akım)",sum,-6062.2826
bie_finhestnks610125,2017-Q4,TP.FINHESTNKS610125.ZP12,"VF.4.Krediler, Diğer Finansal Aracılar (Konsolide Akım)",sum,11035027.3942
bie_finhestnks610125,2017-Q4,TP.FINHESTNKS610125.ZP13,"VF.4.1.Kısa Vadeli Krediler, Diğer Finansal Aracılar (Konsolide Akım)",sum,11035027.3942
bie_finhestnks610125,2017-Q4,TP.FINHESTNKS610125.ZP14,"VF.4.2.Uzun Vadeli Krediler, Diğer Finansal Aracılar (Konsolide Akım)",sum,0.0
bie_finhestnks610125,2017-Q4,TP.FINHESTNKS610125.ZP15,"VF.5.Hisse Senetleri ve Özkaynaklar, Diğer Finansal Aracılar (Konsolide Akım)",sum,83836.5404
bie_finhestnks610125,2017-Q4,TP.FINHESTNKS610125.ZP16,"VF.5.1.Hisse Senetleri ve Özkaynaklar, Diğer Finansal Aracılar (Konsolide Akım)",sum,83836.5404
bie_finhestnks610125,2017-Q4,TP.FINHESTNKS610125.ZP17,"VF.5.2.Yatırım Fonu Katılma Belgeleri, Diğer Finansal Aracılar (Konsolide Akım)",sum,0.0
bie_finhestnks610125,2017-Q4,TP.FINHESTNKS610125.ZP18,"VF.5.2.1.Para Piyasası Fonları, Diğer Finansal Aracılar (Konsolide Akım)",sum,0.0
bie_finhestnks610125,2017-Q4,TP.FINHESTNKS610125.ZP19,"VF.5.2.2.Diğer Yatırım Fonları, Diğer Finansal Aracılar (Konsolide Akım)",sum,0.0
bie_finhestnks610125,2017-Q4,TP.FINHESTNKS610125.ZP20,"VF.6.Sigorta ve Emeklilik Sözleşmeleri, Diğer Finansal Aracılar (Konsolide Akım)",sum,0.0
bie_finhestnks610125,2017-Q4,TP.FINHESTNKS610125.ZP21,"VF.7.Finansal Türevler, Diğer Finansal Aracılar (Konsolide Akım)",sum,457706.9724
bie_finhestnks610125,2017-Q4,TP.FINHESTNKS610125.ZP22,"VF.8.Diğer Alacaklar, Diğer Finansal Aracılar (Konsolide Akım)",sum,-816658.782
bie_finhestnks610125,2017-Q4,TP.FINHESTNKS610125.ZP23,"VF.0.Toplam Varlıklar, Diğer Finansal Aracılar (Konsolide Akım)",sum,11285234.4014
bie_finhestnks610125,2017-Q4,TP.FINHESTNKS610125.ZP24,"F.1.Parasal Altın ve SDR, Diğer Finansal Aracılar (Konsolide Akım)",sum,0.0
bie_finhestnks610125,2017-Q4,TP.FINHESTNKS610125.ZP26,"F.1.2.Özel Çekme Hakları (SDR), Diğer Finansal Aracılar (Konsolide Akım)",sum,0.0
bie_finhestnks610125,2017-Q4,TP.FINHESTNKS610125.ZP27,"F.2.Para ve Mevduat, Diğer Finansal Aracılar (Konsolide Akım)",sum,0.0
bie_finhestnks610125,2017-Q4,TP.FINHESTNKS610125.ZP28,"F.2.1.Para, Diğer Finansal Aracılar (Konsolide Akım)",sum,0.0
bie_finhestnks610125,2017-Q4,TP.FINHESTNKS610125.ZP29,"F.2.2.Vadesiz Mevduat, Diğer Finansal Aracılar (Konsolide Akım)",sum,0.0
bie_finhestnks610125,2017-Q4,TP.FINHESTNKS610125.ZP30,"F.2.9.Vadeli Mevduat, Diğer Finansal Aracılar (Konsolide Akım)",sum,0.0
bie_finhestnks610125,2017-Q4,TP.FINHESTNKS610125.ZP31,"F.3.Borçlanma Senetleri, Diğer Finansal Aracılar (Konsolide Akım)",sum,973969.6497
bie_finhestnks610125,2017-Q4,TP.FINHESTNKS610125.ZP32,"F.3.1.Kısa Vadeli Borçlanma Senetleri, Diğer Finansal Aracılar (Konsolide Akım)",sum,623340.5758
bie_finhestnks610125,2017-Q4,TP.FINHESTNKS610125.ZP33,"F.3.2.Uzun Vadeli Borçlanma Senetleri, Diğer Finansal Aracılar (Konsolide Akım)",sum,350629.0739
bie_finhestnks610125,2017-Q4,TP.FINHESTNKS610125.ZP34,"F.4.Krediler, Diğer Finansal Aracılar (Konsolide Akım)",sum,9467031.6832
bie_finhestnks610125,2017-Q4,TP.FINHESTNKS610125.ZP35,"F.4.1.Kısa Vadeli Krediler, Diğer Finansal Aracılar (Konsolide Akım)",sum,3692142.3565
bie_finhestnks610125,2017-Q4,TP.FINHESTNKS610125.ZP36,"F.4.2.Uzun Vadeli Krediler, Diğer Finansal Aracılar (Konsolide Akım)",sum,5774889.3268
bie_finhestnks610125,2017-Q4,TP.FINHESTNKS610125.ZP37,"F.5.Hisse Senetleri ve Özkaynaklar, Diğer Finansal Aracılar (Konsolide Akım)",sum,264904.8724
bie_finhestnks610125,2017-Q4,TP.FINHESTNKS610125.ZP38,"F.5.1.Hisse Senetleri ve Özkaynaklar, Diğer Finansal Aracılar (Konsolide Akım)",sum,264904.8724
bie_finhestnks610125,2017-Q4,TP.FINHESTNKS610125.ZP39,"F.5.2.Yatırım Fonu Katılma Belgeleri, Diğer Finansal Aracılar (Konsolide Akım)",sum,0.0
bie_finhestnks610125,2017-Q4,TP.FINHESTNKS610125.ZP40,"F.5.2.1.Para Piyasası Fonları, Diğer Finansal Aracılar (Konsolide Akım)",sum,0.0
bie_finhestnks610125,2017-Q4,TP.FINHESTNKS610125.ZP41,"F.5.2.2.Diğer Yatırım Fonları, Diğer Finansal Aracılar (Konsolide Akım)",sum,0.0
bie_finhestnks610125,2017-Q4,TP.FINHESTNKS610125.ZP42,"F.6.Sigorta ve Emeklilik Sözleşmeleri, Diğer Finansal Aracılar (Konsolide Akım)",sum,0.0
bie_finhestnks610125,2017-Q4,TP.FINHESTNKS610125.ZP43,"F.7.Finansal Türevler, Diğer Finansal Aracılar (Konsolide Akım)",sum,-8012.6676
bie_finhestnks610125,2017-Q4,TP.FINHESTNKS610125.ZP44,"F.8.Diğer Borçlar, Diğer Finansal Aracılar (Konsolide Akım)",sum,606431.6724
bie_finhestnks610125,2017-Q4,TP.FINHESTNKS610125.ZP45,"F.0.Toplam Yükümlülükler, Diğer Finansal Aracılar (Konsolide Akım)",sum,11304325.2101
bie_finhestnks610125,2018-Q1,TP.FINHESTNKS610125.ZP1,"BF.9.NET FİNANSAL DEĞER, Diğer Finansal Aracılar (Konsolide Akım)",sum,662171.337
bie_finhestnks610125,2018-Q1,TP.FINHESTNKS610125.ZP2,"VF.1.Parasal Altın ve SDR, Diğer Finansal Aracılar (Konsolide Akım)",sum,0.0
bie_finhestnks610125,2018-Q1,TP.FINHESTNKS610125.ZP3,"VF.1.1.Parasal Altın, Diğer Finansal Aracılar (Konsolide Akım)",sum,0.0
bie_finhestnks610125,2018-Q1,TP.FINHESTNKS610125.ZP4,"VF.1.2.Özel Çekme Hakları (SDR), Diğer Finansal Aracılar (Konsolide Akım)",sum,0.0
bie_finhestnks610125,2018-Q1,TP.FINHESTNKS610125.ZP5,"VF.2.Para ve Mevduat, Diğer Finansal Aracılar (Konsolide Akım)",sum,-1466555.7797
bie_finhestnks610125,2018-Q1,TP.FINHESTNKS610125.ZP6,"VF.2.1.Para, Diğer Finansal Aracılar (Konsolide Akım)",sum,-1401.0691
bie_finhestnks610125,2018-Q1,TP.FINHESTNKS610125.ZP7,"VF.2.2.Vadesiz Mevduat, Diğer Finansal Aracılar (Konsolide Akım)",sum,629455.7013
bie_finhestnks610125,2018-Q1,TP.FINHESTNKS610125.ZP8,"VF.2.9.Vadeli Mevduat, Diğer Finansal Aracılar (Konsolide Akım)",sum,-2094610.4119
bie_finhestnks610125,2018-Q1,TP.FINHESTNKS610125.ZP9,"VF.3.Borçlanma Senetleri, Diğer Finansal Aracılar (Konsolide Akım)",sum,1079913.6773
bie_finhestnks610125,2018-Q1,TP.FINHESTNKS610125.ZP10,"VF.3.1.Kısa Vadeli Borçlanma Senetleri, Diğer Finansal Aracılar (Konsolide Akım)",sum,619870.4508
bie_finhestnks610125,2018-Q1,TP.FINHESTNKS610125.ZP11,"VF.3.2.Uzun Vadeli Borçlanma Senetleri, Diğer Finansal Aracılar (Konsolide Akım)",sum,460043.2265
bie_finhestnks610125,2018-Q1,TP.FINHESTNKS610125.ZP12,"VF.4.Krediler, Diğer Finansal Aracılar (Konsolide Akım)",sum,523030.9217
bie_finhestnks610125,2018-Q1,TP.FINHESTNKS610125.ZP13,"VF.4.1.Kısa Vadeli Krediler, Diğer Finansal Aracılar (Konsolide Akım)",sum,523030.9217
bie_finhestnks610125,2018-Q1,TP.FINHESTNKS610125.ZP14,"VF.4.2.Uzun Vadeli Krediler, Diğer Finansal Aracılar (Konsolide Akım)",sum,0.0
bie_finhestnks610125,2018-Q1,TP.FINHESTNKS610125.ZP15,"VF.5.Hisse Senetleri ve Özkaynaklar, Diğer Finansal Aracılar (Konsolide Akım)",sum,460013.4048
bie_finhestnks610125,2018-Q1,TP.FINHESTNKS610125.ZP16,"VF.5.1.Hisse Senetleri ve Özkaynaklar, Diğer Finansal Aracılar (Konsolide Akım)",sum,460013.4048
bie_finhestnks610125,2018-Q1,TP.FINHESTNKS610125.ZP17,"VF.5.2.Yatırım Fonu Katılma Belgeleri, Diğer Finansal Aracılar (Konsolide Akım)",sum,0.0
bie_finhestnks610125,2018-Q1,TP.FINHESTNKS610125.ZP18,"VF.5.2.1.Para Piyasası Fonları, Diğer Finansal Aracılar (Konsolide Akım)",sum,0.0
bie_finhestnks610125,2018-Q1,TP.FINHESTNKS610125.ZP19,"VF.5.2.2.Diğer Yatırım Fonları, Diğer Finansal Aracılar (Konsolide Akım)",sum,0.0
bie_finhestnks610125,2018-Q1,TP.FINHESTNKS610125.ZP20,"VF.6.Sigorta ve Emeklilik Sözleşmeleri, Diğer Finansal Aracılar (Konsolide Akım)",sum,0.0
bie_finhestnks610125,2018-Q1,TP.FINHESTNKS610125.ZP21,"VF.7.Finansal Türevler, Diğer Finansal Aracılar (Konsolide Akım)",sum,-531228.3431
bie_finhestnks610125,2018-Q1,TP.FINHESTNKS610125.ZP22,"VF.8.Diğer Alacaklar, Diğer Finansal Aracılar (Konsolide Akım)",sum,910624.4799
bie_finhestnks610125,2018-Q1,TP.FINHESTNKS610125.ZP23,"VF.0.Toplam Varlıklar, Diğer Finansal Aracılar (Konsolide Akım)",sum,975798.3609
bie_finhestnks610125,2018-Q1,TP.FINHESTNKS610125.ZP24,"F.1.Parasal Altın ve SDR, Diğer Finansal Aracılar (Konsolide Akım)",sum,0.0
bie_finhestnks610125,2018-Q1,TP.FINHESTNKS610125.ZP26,"F.1.2.Özel Çekme Hakları (SDR), Diğer Finansal Aracılar (Konsolide Akım)",sum,0.0
bie_finhestnks610125,2018-Q1,TP.FINHESTNKS610125.ZP27,"F.2.Para ve Mevduat, Diğer Finansal Aracılar (Konsolide Akım)",sum,0.0
bie_finhestnks610125,2018-Q1,TP.FINHESTNKS610125.ZP28,"F.2.1.Para, Diğer Finansal Aracılar (Konsolide Akım)",sum,0.0
bie_finhestnks610125,2018-Q1,TP.FINHESTNKS610125.ZP29,"F.2.2.Vadesiz Mevduat, Diğer Finansal Aracılar (Konsolide Akım)",sum,0.0
bie_finhestnks610125,2018-Q1,TP.FINHESTNKS610125.ZP30,"F.2.9.Vadeli Mevduat, Diğer Finansal Aracılar (Konsolide Akım)",sum,0.0
bie_finhestnks610125,2018-Q1,TP.FINHESTNKS610125.ZP31,"F.3.Borçlanma Senetleri, Diğer Finansal Aracılar (Konsolide Akım)",sum,842803.268
bie_finhestnks610125,2018-Q1,TP.FINHESTNKS610125.ZP32,"F.3.1.Kısa Vadeli Borçlanma Senetleri, Diğer Finansal Aracılar (Konsolide Akım)",sum,539394.0915
bie_finhestnks610125,2018-Q1,TP.FINHESTNKS610125.ZP33,"F.3.2.Uzun Vadeli Borçlanma Senetleri, Diğer Finansal Aracılar (Konsolide Akım)",sum,303409.1765
bie_finhestnks610125,2018-Q1,TP.FINHESTNKS610125.ZP34,"F.4.Krediler, Diğer Finansal Aracılar (Konsolide Akım)",sum,-1721550.3417
bie_finhestnks610125,2018-Q1,TP.FINHESTNKS610125.ZP35,"F.4.1.Kısa Vadeli Krediler, Diğer Finansal Aracılar (Konsolide Akım)",sum,-671404.6333
bie_finhestnks610125,2018-Q1,TP.FINHESTNKS610125.ZP36,"F.4.2.Uzun Vadeli Krediler, Diğer Finansal Aracılar (Konsolide Akım)",sum,-1050145.7084
bie_finhestnks610125,2018-Q1,TP.FINHESTNKS610125.ZP37,"F.5.Hisse Senetleri ve Özkaynaklar, Diğer Finansal Aracılar (Konsolide Akım)",sum,16757.2928
bie_finhestnks610125,2018-Q1,TP.FINHESTNKS610125.ZP38,"F.5.1.Hisse Senetleri ve Özkaynaklar, Diğer Finansal Aracılar (Konsolide Akım)",sum,16757.2928
bie_finhestnks610125,2018-Q1,TP.FINHESTNKS610125.ZP39,"F.5.2.Yatırım Fonu Katılma Belgeleri, Diğer Finansal Aracılar (Konsolide Akım)",sum,0.0
bie_finhestnks610125,2018-Q1,TP.FINHESTNKS610125.ZP40,"F.5.2.1.Para Piyasası Fonları, Diğer Finansal Aracılar (Konsolide Akım)",sum,0.0
bie_finhestnks610125,2018-Q1,TP.FINHESTNKS610125.ZP41,"F.5.2.2.Diğer Yatırım Fonları, Diğer Finansal Aracılar (Konsolide Akım)",sum,0.0
bie_finhestnks610125,2018-Q1,TP.FINHESTNKS610125.ZP42,"F.6.Sigorta ve Emeklilik Sözleşmeleri, Diğer Finansal Aracılar (Konsolide Akım)",sum,0.0
bie_finhestnks610125,2018-Q1,TP.FINHESTNKS610125.ZP43,"F.7.Finansal Türevler, Diğer Finansal Aracılar (Konsolide Akım)",sum,202344.0893
bie_finhestnks610125,2018-Q1,TP.FINHESTNKS610125.ZP44,"F.8.Diğer Borçlar, Diğer Finansal Aracılar (Konsolide Akım)",sum,973272.7155
bie_finhestnks610125,2018-Q1,TP.FINHESTNKS610125.ZP45,"F.0.Toplam Yükümlülükler, Diğer Finansal Aracılar (Konsolide Akım)",sum,313627.0239
bie_finhestnks610125,2018-Q2,TP.FINHESTNKS610125.ZP1,"BF.9.NET FİNANSAL DEĞER, Diğer Finansal Aracılar (Konsolide Akım)",sum,-831555.2029
bie_finhestnks610125,2018-Q2,TP.FINHESTNKS610125.ZP2,"VF.1.Parasal Altın ve SDR, Diğer Finansal Aracılar (Konsolide Akım)",sum,0.0
bie_finhestnks610125,2018-Q2,TP.FINHESTNKS610125.ZP3,"VF.1.1.Parasal Altın, Diğer Finansal Aracılar (Konsolide Akım)",sum,0.0
bie_finhestnks610125,2018-Q2,TP.FINHESTNKS610125.ZP4,"VF.1.2.Özel Çekme Hakları (SDR), Diğer Finansal Aracılar (Konsolide Akım)",sum,0.0
bie_finhestnks610125,2018-Q2,TP.FINHESTNKS610125.ZP5,"VF.2.Para ve Mevduat, Diğer Finansal Aracılar (Konsolide Akım)",sum,-201297.5444
bie_finhestnks610125,2018-Q2,TP.FINHESTNKS610125.ZP6,"VF.2.1.Para, Diğer Finansal Aracılar (Konsolide Akım)",sum,2861.7632
bie_finhestnks610125,2018-Q2,TP.FINHESTNKS610125.ZP7,"VF.2.2.Vadesiz Mevduat, Diğer Finansal Aracılar (Konsolide Akım)",sum,-621708.852
bie_finhestnks610125,2018-Q2,TP.FINHESTNKS610125.ZP8,"VF.2.9.Vadeli Mevduat, Diğer Finansal Aracılar (Konsolide Akım)",sum,417549.5444
bie_finhestnks610125,2018-Q2,TP.FINHESTNKS610125.ZP9,"VF.3.Borçlanma Senetleri, Diğer Finansal Aracılar (Konsolide Akım)",sum,-641108.3908
bie_finhestnks610125,2018-Q2,TP.FINHESTNKS610125.ZP10,"VF.3.1.Kısa Vadeli Borçlanma Senetleri, Diğer Finansal Aracılar (Konsolide Akım)",sum,-367996.2163
bie_finhestnks610125,2018-Q2,TP.FINHESTNKS610125.ZP11,"VF.3.2.Uzun Vadeli Borçlanma Senetleri, Diğer Finansal Aracılar (Konsolide Akım)",sum,-273112.1745
bie_finhestnks610125,2018-Q2,TP.FINHESTNKS610125.ZP12,"VF.4.Krediler, Diğer Finansal Aracılar (Konsolide Akım)",sum,3420770.0603
bie_finhestnks610125,2018-Q2,TP.FINHESTNKS610125.ZP13,"VF.4.1.Kısa Vadeli Krediler, Diğer Finansal Aracılar (Konsolide Akım)",sum,3420770.0603
bie_finhestnks610125,2018-Q2,TP.FINHESTNKS610125.ZP14,"VF.4.2.Uzun Vadeli Krediler, Diğer Finansal Aracılar (Konsolide Akım)",sum,0.0
bie_finhestnks610125,2018-Q2,TP.FINHESTNKS610125.ZP15,"VF.5.Hisse Senetleri ve Özkaynaklar, Diğer Finansal Aracılar (Konsolide Akım)",sum,-534547.0935
bie_finhestnks610125,2018-Q2,TP.FINHESTNKS610125.ZP16,"VF.5.1.Hisse Senetleri ve Özkaynaklar, Diğer Finansal Aracılar (Konsolide Akım)",sum,-534547.0935
bie_finhestnks610125,2018-Q2,TP.FINHESTNKS610125.ZP17,"VF.5.2.Yatırım Fonu Katılma Belgeleri, Diğer Finansal Aracılar (Konsolide Akım)",sum,0.0
bie_finhestnks610125,2018-Q2,TP.FINHESTNKS610125.ZP18,"VF.5.2.1.Para Piyasası Fonları, Diğer Finansal Aracılar (Konsolide Akım)",sum,0.0
bie_finhestnks610125,2018-Q2,TP.FINHESTNKS610125.ZP19,"VF.5.2.2.Diğer Yatırım Fonları, Diğer Finansal Aracılar (Konsolide Akım)",sum,0.0
bie_finhestnks610125,2018-Q2,TP.FINHESTNKS610125.ZP20,"VF.6.Sigorta ve Emeklilik Sözleşmeleri, Diğer Finansal Aracılar (Konsolide Akım)",sum,0.0
bie_finhestnks610125,2018-Q2,TP.FINHESTNKS610125.ZP21,"VF.7.Finansal Türevler, Diğer Finansal Aracılar (Konsolide Akım)",sum,119804.1215
bie_finhestnks610125,2018-Q2,TP.FINHESTNKS610125.ZP22,"VF.8.Diğer Alacaklar, Diğer Finansal Aracılar (Konsolide Akım)",sum,323938.2482
bie_finhestnks610125,2018-Q2,TP.FINHESTNKS610125.ZP23,"VF.0.Toplam Varlıklar, Diğer Finansal Aracılar (Konsolide Akım)",sum,2487559.4013
bie_finhestnks610125,2018-Q2,TP.FINHESTNKS610125.ZP24,"F.1.Parasal Altın ve SDR, Diğer Finansal Aracılar (Konsolide Akım)",sum,0.0
bie_finhestnks610125,2018-Q2,TP.FINHESTNKS610125.ZP26,"F.1.2.Özel Çekme Hakları (SDR), Diğer Finansal Aracılar (Konsolide Akım)",sum,0.0
bie_finhestnks610125,2018-Q2,TP.FINHESTNKS610125.ZP27,"F.2.Para ve Mevduat, Diğer Finansal Aracılar (Konsolide Akım)",sum,0.0
bie_finhestnks610125,2018-Q2,TP.FINHESTNKS610125.ZP28,"F.2.1.Para, Diğer Finansal Aracılar (Konsolide Akım)",sum,0.0
bie_finhestnks610125,2018-Q2,TP.FINHESTNKS610125.ZP29,"F.2.2.Vadesiz Mevduat, Diğer Finansal Aracılar (Konsolide Akım)",sum,0.0
bie_finhestnks610125,2018-Q2,TP.FINHESTNKS610125.ZP30,"F.2.9.Vadeli Mevduat, Diğer Finansal Aracılar (Konsolide Akım)",sum,0.0
bie_finhestnks610125,2018-Q2,TP.FINHESTNKS610125.ZP31,"F.3.Borçlanma Senetleri, Diğer Finansal Aracılar (Konsolide Akım)",sum,484882.3565
bie_finhestnks610125,2018-Q2,TP.FINHESTNKS610125.ZP32,"F.3.1.Kısa Vadeli Borçlanma Senetleri, Diğer Finansal Aracılar (Konsolide Akım)",sum,310324.7082
bie_finhestnks610125,2018-Q2,TP.FINHESTNKS610125.ZP33,"F.3.2.Uzun Vadeli Borçlanma Senetleri, Diğer Finansal Aracılar (Konsolide Akım)",sum,174557.6483
bie_finhestnks610125,2018-Q2,TP.FINHESTNKS610125.ZP34,"F.4.Krediler, Diğer Finansal Aracılar (Konsolide Akım)",sum,2253422.6331
bie_finhestnks610125,2018-Q2,TP.FINHESTNKS610125.ZP35,"F.4.1.Kısa Vadeli Krediler, Diğer Finansal Aracılar (Konsolide Akım)",sum,881884.8269
bie_finhestnks610125,2018-Q2,TP.FINHESTNKS610125.ZP36,"F.4.2.Uzun Vadeli Krediler, Diğer Finansal Aracılar (Konsolide Akım)",sum,1371537.8062
bie_finhestnks610125,2018-Q2,TP.FINHESTNKS610125.ZP37,"F.5.Hisse Senetleri ve Özkaynaklar, Diğer Finansal Aracılar (Konsolide Akım)",sum,294982.3905
bie_finhestnks610125,2018-Q2,TP.FINHESTNKS610125.ZP38,"F.5.1.Hisse Senetleri ve Özkaynaklar, Diğer Finansal Aracılar (Konsolide Akım)",sum,294982.3905
bie_finhestnks610125,2018-Q2,TP.FINHESTNKS610125.ZP39,"F.5.2.Yatırım Fonu Katılma Belgeleri, Diğer Finansal Aracılar (Konsolide Akım)",sum,0.0
bie_finhestnks610125,2018-Q2,TP.FINHESTNKS610125.ZP40,"F.5.2.1.Para Piyasası Fonları, Diğer Finansal Aracılar (Konsolide Akım)",sum,0.0
bie_finhestnks610125,2018-Q2,TP.FINHESTNKS610125.ZP41,"F.5.2.2.Diğer Yatırım Fonları, Diğer Finansal Aracılar (Konsolide Akım)",sum,0.0
bie_finhestnks610125,2018-Q2,TP.FINHESTNKS610125.ZP42,"F.6.Sigorta ve Emeklilik Sözleşmeleri, Diğer Finansal Aracılar (Konsolide Akım)",sum,0.0
bie_finhestnks610125,2018-Q2,TP.FINHESTNKS610125.ZP43,"F.7.Finansal Türevler, Diğer Finansal Aracılar (Konsolide Akım)",sum,345947.8222
bie_finhestnks610125,2018-Q2,TP.FINHESTNKS610125.ZP44,"F.8.Diğer Borçlar, Diğer Finansal Aracılar (Konsolide Akım)",sum,-60120.5982
bie_finhestnks610125,2018-Q2,TP.FINHESTNKS610125.ZP45,"F.0.Toplam Yükümlülükler, Diğer Finansal Aracılar (Konsolide Akım)",sum,3319114.6041
bie_finhestnks610125,2018-Q3,TP.FINHESTNKS610125.ZP1,"BF.9.NET FİNANSAL DEĞER, Diğer Finansal Aracılar (Konsolide Akım)",sum,-3392282.5603
bie_finhestnks610125,2018-Q3,TP.FINHESTNKS610125.ZP2,"VF.1.Parasal Altın ve SDR, Diğer Finansal Aracılar (Konsolide Akım)",sum,0.0
bie_finhestnks610125,2018-Q3,TP.FINHESTNKS610125.ZP3,"VF.1.1.Parasal Altın, Diğer Finansal Aracılar (Konsolide Akım)",sum,0.0
bie_finhestnks610125,2018-Q3,TP.FINHESTNKS610125.ZP4,"VF.1.2.Özel Çekme Hakları (SDR), Diğer Finansal Aracılar (Konsolide Akım)",sum,0.0
bie_finhestnks610125,2018-Q3,TP.FINHESTNKS610125.ZP5,"VF.2.Para ve Mevduat, Diğer Finansal Aracılar (Konsolide Akım)",sum,-3228710.003
bie_finhestnks610125,2018-Q3,TP.FINHESTNKS610125.ZP6,"VF.2.1.Para, Diğer Finansal Aracılar (Konsolide Akım)",sum,-10556.3168
bie_finhestnks610125,2018-Q3,TP.FINHESTNKS610125.ZP7,"VF.2.2.Vadesiz Mevduat, Diğer Finansal Aracılar (Konsolide Akım)",sum,-1038727.9011
bie_finhestnks610125,2018-Q3,TP.FINHESTNKS610125.ZP8,"VF.2.9.Vadeli Mevduat, Diğer Finansal Aracılar (Konsolide Akım)",sum,-2179425.7851
bie_finhestnks610125,2018-Q3,TP.FINHESTNKS610125.ZP9,"VF.3.Borçlanma Senetleri, Diğer Finansal Aracılar (Konsolide Akım)",sum,-459604.8432
bie_finhestnks610125,2018-Q3,TP.FINHESTNKS610125.ZP10,"VF.3.1.Kısa Vadeli Borçlanma Senetleri, Diğer Finansal Aracılar (Konsolide Akım)",sum,-263813.18
bie_finhestnks610125,2018-Q3,TP.FINHESTNKS610125.ZP11,"VF.3.2.Uzun Vadeli Borçlanma Senetleri, Diğer Finansal Aracılar (Konsolide Akım)",sum,-195791.6632
bie_finhestnks610125,2018-Q3,TP.FINHESTNKS610125.ZP12,"VF.4.Krediler, Diğer Finansal Aracılar (Konsolide Akım)",sum,-13402995.8676
bie_finhestnks610125,2018-Q3,TP.FINHESTNKS610125.ZP13,"VF.4.1.Kısa Vadeli Krediler, Diğer Finansal Aracılar (Konsolide Akım)",sum,-13402995.8676
bie_finhestnks610125,2018-Q3,TP.FINHESTNKS610125.ZP14,"VF.4.2.Uzun Vadeli Krediler, Diğer Finansal Aracılar (Konsolide Akım)",sum,0.0
bie_finhestnks610125,2018-Q3,TP.FINHESTNKS610125.ZP15,"VF.5.Hisse Senetleri ve Özkaynaklar, Diğer Finansal Aracılar (Konsolide Akım)",sum,93902.6622
bie_finhestnks610125,2018-Q3,TP.FINHESTNKS610125.ZP16,"VF.5.1.Hisse Senetleri ve Özkaynaklar, Diğer Finansal Aracılar (Konsolide Akım)",sum,93902.6622
bie_finhestnks610125,2018-Q3,TP.FINHESTNKS610125.ZP17,"VF.5.2.Yatırım Fonu Katılma Belgeleri, Diğer Finansal Aracılar (Konsolide Akım)",sum,0.0
bie_finhestnks610125,2018-Q3,TP.FINHESTNKS610125.ZP18,"VF.5.2.1.Para Piyasası Fonları, Diğer Finansal Aracılar (Konsolide Akım)",sum,0.0
bie_finhestnks610125,2018-Q3,TP.FINHESTNKS610125.ZP19,"VF.5.2.2.Diğer Yatırım Fonları, Diğer Finansal Aracılar (Konsolide Akım)",sum,0.0
bie_finhestnks610125,2018-Q3,TP.FINHESTNKS610125.ZP20,"VF.6.Sigorta ve Emeklilik Sözleşmeleri, Diğer Finansal Aracılar (Konsolide Akım)",sum,0.0
bie_finhestnks610125,2018-Q3,TP.FINHESTNKS610125.ZP21,"VF.7.Finansal Türevler, Diğer Finansal Aracılar (Konsolide Akım)",sum,-648362.4594
bie_finhestnks610125,2018-Q3,TP.FINHESTNKS610125.ZP22,"VF.8.Diğer Alacaklar, Diğer Finansal Aracılar (Konsolide Akım)",sum,2028814.6287
bie_finhestnks610125,2018-Q3,TP.FINHESTNKS610125.ZP23,"VF.0.Toplam Varlıklar, Diğer Finansal Aracılar (Konsolide Akım)",sum,-15616955.8824
bie_finhestnks610125,2018-Q3,TP.FINHESTNKS610125.ZP24,"F.1.Parasal Altın ve SDR, Diğer Finansal Aracılar (Konsolide Akım)",sum,0.0
bie_finhestnks610125,2018-Q3,TP.FINHESTNKS610125.ZP26,"F.1.2.Özel Çekme Hakları (SDR), Diğer Finansal Aracılar (Konsolide Akım)",sum,0.0
bie_finhestnks610125,2018-Q3,TP.FINHESTNKS610125.ZP27,"F.2.Para ve Mevduat, Diğer Finansal Aracılar (Konsolide Akım)",sum,0.0
bie_finhestnks610125,2018-Q3,TP.FINHESTNKS610125.ZP28,"F.2.1.Para, Diğer Finansal Aracılar (Konsolide Akım)",sum,0.0
bie_finhestnks610125,2018-Q3,TP.FINHESTNKS610125.ZP29,"F.2.2.Vadesiz Mevduat, Diğer Finansal Aracılar (Konsolide Akım)",sum,0.0
bie_finhestnks610125,2018-Q3,TP.FINHESTNKS610125.ZP30,"F.2.9.Vadeli Mevduat, Diğer Finansal Aracılar (Konsolide Akım)",sum,0.0
bie_finhestnks610125,2018-Q3,TP.FINHESTNKS610125.ZP31,"F.3.Borçlanma Senetleri, Diğer Finansal Aracılar (Konsolide Akım)",sum,-2446363.4325
bie_finhestnks610125,2018-Q3,TP.FINHESTNKS610125.ZP32,"F.3.1.Kısa Vadeli Borçlanma Senetleri, Diğer Finansal Aracılar (Konsolide Akım)",sum,-1565672.5968
bie_finhestnks610125,2018-Q3,TP.FINHESTNKS610125.ZP33,"F.3.2.Uzun Vadeli Borçlanma Senetleri, Diğer Finansal Aracılar (Konsolide Akım)",sum,-880690.8357
bie_finhestnks610125,2018-Q3,TP.FINHESTNKS610125.ZP34,"F.4.Krediler, Diğer Finansal Aracılar (Konsolide Akım)",sum,-11904825.1157
bie_finhestnks610125,2018-Q3,TP.FINHESTNKS610125.ZP35,"F.4.1.Kısa Vadeli Krediler, Diğer Finansal Aracılar (Konsolide Akım)",sum,-4645931.7951
bie_finhestnks610125,2018-Q3,TP.FINHESTNKS610125.ZP36,"F.4.2.Uzun Vadeli Krediler, Diğer Finansal Aracılar (Konsolide Akım)",sum,-7258893.3206
bie_finhestnks610125,2018-Q3,TP.FINHESTNKS610125.ZP37,"F.5.Hisse Senetleri ve Özkaynaklar, Diğer Finansal Aracılar (Konsolide Akım)",sum,172236.3542
bie_finhestnks610125,2018-Q3,TP.FINHESTNKS610125.ZP38,"F.5.1.Hisse Senetleri ve Özkaynaklar, Diğer Finansal Aracılar (Konsolide Akım)",sum,172236.3542
bie_finhestnks610125,2018-Q3,TP.FINHESTNKS610125.ZP39,"F.5.2.Yatırım Fonu Katılma Belgeleri, Diğer Finansal Aracılar (Konsolide Akım)",sum,0.0
bie_finhestnks610125,2018-Q3,TP.FINHESTNKS610125.ZP40,"F.5.2.1.Para Piyasası Fonları, Diğer Finansal Aracılar (Konsolide Akım)",sum,0.0
bie_finhestnks610125,2018-Q3,TP.FINHESTNKS610125.ZP41,"F.5.2.2.Diğer Yatırım Fonları, Diğer Finansal Aracılar (Konsolide Akım)",sum,0.0
bie_finhestnks610125,2018-Q3,TP.FINHESTNKS610125.ZP42,"F.6.Sigorta ve Emeklilik Sözleşmeleri, Diğer Finansal Aracılar (Konsolide Akım)",sum,0.0
bie_finhestnks610125,2018-Q3,TP.FINHESTNKS610125.ZP43,"F.7.Finansal Türevler, Diğer Finansal Aracılar (Konsolide Akım)",sum,1786426.1108
bie_finhestnks610125,2018-Q3,TP.FINHESTNKS610125.ZP44,"F.8.Diğer Borçlar, Diğer Finansal Aracılar (Konsolide Akım)",sum,167852.7611
bie_finhestnks610125,2018-Q3,TP.FINHESTNKS610125.ZP45,"F.0.Toplam Yükümlülükler, Diğer Finansal Aracılar (Konsolide Akım)",sum,-12224673.3221
bie_finhestnks610125,2018-Q4,TP.FINHESTNKS610125.ZP1,"BF.9.NET FİNANSAL DEĞER, Diğer Finansal Aracılar (Konsolide Akım)",sum,3302153.4028
bie_finhestnks610125,2018-Q4,TP.FINHESTNKS610125.ZP2,"VF.1.Parasal Altın ve SDR, Diğer Finansal Aracılar (Konsolide Akım)",sum,0.0
bie_finhestnks610125,2018-Q4,TP.FINHESTNKS610125.ZP3,"VF.1.1.Parasal Altın, Diğer Finansal Aracılar (Konsolide Akım)",sum,0.0
bie_finhestnks610125,2018-Q4,TP.FINHESTNKS610125.ZP4,"VF.1.2.Özel Çekme Hakları (SDR), Diğer Finansal Aracılar (Konsolide Akım)",sum,0.0
bie_finhestnks610125,2018-Q4,TP.FINHESTNKS610125.ZP5,"VF.2.Para ve Mevduat, Diğer Finansal Aracılar (Konsolide Akım)",sum,-380433.2434
bie_finhestnks610125,2018-Q4,TP.FINHESTNKS610125.ZP6,"VF.2.1.Para, Diğer Finansal Aracılar (Konsolide Akım)",sum,-1314.7749
bie_finhestnks610125,2018-Q4,TP.FINHESTNKS610125.ZP7,"VF.2.2.Vadesiz Mevduat, Diğer Finansal Aracılar (Konsolide Akım)",sum,-62509.6496
bie_finhestnks610125,2018-Q4,TP.FINHESTNKS610125.ZP8,"VF.2.9.Vadeli Mevduat, Diğer Finansal Aracılar (Konsolide Akım)",sum,-316608.8188
bie_finhestnks610125,2018-Q4,TP.FINHESTNKS610125.ZP9,"VF.3.Borçlanma Senetleri, Diğer Finansal Aracılar (Konsolide Akım)",sum,-19213.3818
bie_finhestnks610125,2018-Q4,TP.FINHESTNKS610125.ZP10,"VF.3.1.Kısa Vadeli Borçlanma Senetleri, Diğer Finansal Aracılar (Konsolide Akım)",sum,-11028.4811
bie_finhestnks610125,2018-Q4,TP.FINHESTNKS610125.ZP11,"VF.3.2.Uzun Vadeli Borçlanma Senetleri, Diğer Finansal Aracılar (Konsolide Akım)",sum,-8184.9006
bie_finhestnks610125,2018-Q4,TP.FINHESTNKS610125.ZP12,"VF.4.Krediler, Diğer Finansal Aracılar (Konsolide Akım)",sum,-4016292.7303
bie_finhestnks610125,2018-Q4,TP.FINHESTNKS610125.ZP13,"VF.4.1.Kısa Vadeli Krediler, Diğer Finansal Aracılar (Konsolide Akım)",sum,-4016292.7303
bie_finhestnks610125,2018-Q4,TP.FINHESTNKS610125.ZP14,"VF.4.2.Uzun Vadeli Krediler, Diğer Finansal Aracılar (Konsolide Akım)",sum,0.0
bie_finhestnks610125,2018-Q4,TP.FINHESTNKS610125.ZP15,"VF.5.Hisse Senetleri ve Özkaynaklar, Diğer Finansal Aracılar (Konsolide Akım)",sum,152356.0161
bie_finhestnks610125,2018-Q4,TP.FINHESTNKS610125.ZP16,"VF.5.1.Hisse Senetleri ve Özkaynaklar, Diğer Finansal Aracılar (Konsolide Akım)",sum,152356.0161
bie_finhestnks610125,2018-Q4,TP.FINHESTNKS610125.ZP17,"VF.5.2.Yatırım Fonu Katılma Belgeleri, Diğer Finansal Aracılar (Konsolide Akım)",sum,0.0
bie_finhestnks610125,2018-Q4,TP.FINHESTNKS610125.ZP18,"VF.5.2.1.Para Piyasası Fonları, Diğer Finansal Aracılar (Konsolide Akım)",sum,0.0
bie_finhestnks610125,2018-Q4,TP.FINHESTNKS610125.ZP19,"VF.5.2.2.Diğer Yatırım Fonları, Diğer Finansal Aracılar (Konsolide Akım)",sum,0.0
bie_finhestnks610125,2018-Q4,TP.FINHESTNKS610125.ZP20,"VF.6.Sigorta ve Emeklilik Sözleşmeleri, Diğer Finansal Aracılar (Konsolide Akım)",sum,0.0
bie_finhestnks610125,2018-Q4,TP.FINHESTNKS610125.ZP21,"VF.7.Finansal Türevler, Diğer Finansal Aracılar (Konsolide Akım)",sum,456635.7325
bie_finhestnks610125,2018-Q4,TP.FINHESTNKS610125.ZP22,"VF.8.Diğer Alacaklar, Diğer Finansal Aracılar (Konsolide Akım)",sum,-4273265.3391
bie_finhestnks610125,2018-Q4,TP.FINHESTNKS610125.ZP23,"VF.0.Toplam Varlıklar, Diğer Finansal Aracılar (Konsolide Akım)",sum,-8080212.946
bie_finhestnks610125,2018-Q4,TP.FINHESTNKS610125.ZP24,"F.1.Parasal Altın ve SDR, Diğer Finansal Aracılar (Konsolide Akım)",sum,0.0
bie_finhestnks610125,2018-Q4,TP.FINHESTNKS610125.ZP26,"F.1.2.Özel Çekme Hakları (SDR), Diğer Finansal Aracılar (Konsolide Akım)",sum,0.0
bie_finhestnks610125,2018-Q4,TP.FINHESTNKS610125.ZP27,"F.2.Para ve Mevduat, Diğer Finansal Aracılar (Konsolide Akım)",sum,0.0
bie_finhestnks610125,2018-Q4,TP.FINHESTNKS610125.ZP28,"F.2.1.Para, Diğer Finansal Aracılar (Konsolide Akım)",sum,0.0
bie_finhestnks610125,2018-Q4,TP.FINHESTNKS610125.ZP29,"F.2.2.Vadesiz Mevduat, Diğer Finansal Aracılar (Konsolide Akım)",sum,0.0
bie_finhestnks610125,2018-Q4,TP.FINHESTNKS610125.ZP30,"F.2.9.Vadeli Mevduat, Diğer Finansal Aracılar (Konsolide Akım)",sum,0.0
bie_finhestnks610125,2018-Q4,TP.FINHESTNKS610125.ZP31,"F.3.Borçlanma Senetleri, Diğer Finansal Aracılar (Konsolide Akım)",sum,-197599.1928
bie_finhestnks610125,2018-Q4,TP.FINHESTNKS610125.ZP32,"F.3.1.Kısa Vadeli Borçlanma Senetleri, Diğer Finansal Aracılar (Konsolide Akım)",sum,-126463.4834
bie_finhestnks610125,2018-Q4,TP.FINHESTNKS610125.ZP33,"F.3.2.Uzun Vadeli Borçlanma Senetleri, Diğer Finansal Aracılar (Konsolide Akım)",sum,-71135.7094
bie_finhestnks610125,2018-Q4,TP.FINHESTNKS610125.ZP34,"F.4.Krediler, Diğer Finansal Aracılar (Konsolide Akım)",sum,-7967956.9794
bie_finhestnks610125,2018-Q4,TP.FINHESTNKS610125.ZP35,"F.4.1.Kısa Vadeli Krediler, Diğer Finansal Aracılar (Konsolide Akım)",sum,-3107503.222
bie_finhestnks610125,2018-Q4,TP.FINHESTNKS610125.ZP36,"F.4.2.Uzun Vadeli Krediler, Diğer Finansal Aracılar (Konsolide Akım)",sum,-4860453.7574
bie_finhestnks610125,2018-Q4,TP.FINHESTNKS610125.ZP37,"F.5.Hisse Senetleri ve Özkaynaklar, Diğer Finansal Aracılar (Konsolide Akım)",sum,120690.6811
bie_finhestnks610125,2018-Q4,TP.FINHESTNKS610125.ZP38,"F.5.1.Hisse Senetleri ve Özkaynaklar, Diğer Finansal Aracılar (Konsolide Akım)",sum,120690.6811
bie_finhestnks610125,2018-Q4,TP.FINHESTNKS610125.ZP39,"F.5.2.Yatırım Fonu Katılma Belgeleri, Diğer Finansal Aracılar (Konsolide Akım)",sum,0.0
bie_finhestnks610125,2018-Q4,TP.FINHESTNKS610125.ZP40,"F.5.2.1.Para Piyasası Fonları, Diğer Finansal Aracılar (Konsolide Akım)",sum,0.0
bie_finhestnks610125,2018-Q4,TP.FINHESTNKS610125.ZP41,"F.5.2.2.Diğer Yatırım Fonları, Diğer Finansal Aracılar (Konsolide Akım)",sum,0.0
bie_finhestnks610125,2018-Q4,TP.FINHESTNKS610125.ZP42,"F.6.Sigorta ve Emeklilik Sözleşmeleri, Diğer Finansal Aracılar (Konsolide Akım)",sum,0.0
bie_finhestnks610125,2018-Q4,TP.FINHESTNKS610125.ZP43,"F.7.Finansal Türevler, Diğer Finansal Aracılar (Konsolide Akım)",sum,-1838849.2493
bie_finhestnks610125,2018-Q4,TP.FINHESTNKS610125.ZP44,"F.8.Diğer Borçlar, Diğer Finansal Aracılar (Konsolide Akım)",sum,-1498651.6084
bie_finhestnks610125,2018-Q4,TP.FINHESTNKS610125.ZP45,"F.0.Toplam Yükümlülükler, Diğer Finansal Aracılar (Konsolide Akım)",sum,-11382366.3487
bie_finhestnks610125,2019-Q1,TP.FINHESTNKS610125.ZP1,"BF.9.NET FİNANSAL DEĞER, Diğer Finansal Aracılar (Konsolide Akım)",sum,-3165778.4314
bie_finhestnks610125,2019-Q1,TP.FINHESTNKS610125.ZP2,"VF.1.Parasal Altın ve SDR, Diğer Finansal Aracılar (Konsolide Akım)",sum,0.0
bie_finhestnks610125,2019-Q1,TP.FINHESTNKS610125.ZP3,"VF.1.1.Parasal Altın, Diğer Finansal Aracılar (Konsolide Akım)",sum,0.0
bie_finhestnks610125,2019-Q1,TP.FINHESTNKS610125.ZP4,"VF.1.2.Özel Çekme Hakları (SDR), Diğer Finansal Aracılar (Konsolide Akım)",sum,0.0
bie_finhestnks610125,2019-Q1,TP.FINHESTNKS610125.ZP5,"VF.2.Para ve Mevduat, Diğer Finansal Aracılar (Konsolide Akım)",sum,4892888.9056
bie_finhestnks610125,2019-Q1,TP.FINHESTNKS610125.ZP6,"VF.2.1.Para, Diğer Finansal Aracılar (Konsolide Akım)",sum,214.0238
bie_finhestnks610125,2019-Q1,TP.FINHESTNKS610125.ZP7,"VF.2.2.Vadesiz Mevduat, Diğer Finansal Aracılar (Konsolide Akım)",sum,56956.2899
bie_finhestnks610125,2019-Q1,TP.FINHESTNKS610125.ZP8,"VF.2.9.Vadeli Mevduat, Diğer Finansal Aracılar (Konsolide Akım)",sum,4835718.5919
bie_finhestnks610125,2019-Q1,TP.FINHESTNKS610125.ZP9,"VF.3.Borçlanma Senetleri, Diğer Finansal Aracılar (Konsolide Akım)",sum,-70526.6095
bie_finhestnks610125,2019-Q1,TP.FINHESTNKS610125.ZP10,"VF.3.1.Kısa Vadeli Borçlanma Senetleri, Diğer Finansal Aracılar (Konsolide Akım)",sum,-40482.2739
bie_finhestnks610125,2019-Q1,TP.FINHESTNKS610125.ZP11,"VF.3.2.Uzun Vadeli Borçlanma Senetleri, Diğer Finansal Aracılar (Konsolide Akım)",sum,-30044.3357
bie_finhestnks610125,2019-Q1,TP.FINHESTNKS610125.ZP12,"VF.4.Krediler, Diğer Finansal Aracılar (Konsolide Akım)",sum,-10368420.2409
bie_finhestnks610125,2019-Q1,TP.FINHESTNKS610125.ZP13,"VF.4.1.Kısa Vadeli Krediler, Diğer Finansal Aracılar (Konsolide Akım)",sum,-10368420.2409
bie_finhestnks610125,2019-Q1,TP.FINHESTNKS610125.ZP14,"VF.4.2.Uzun Vadeli Krediler, Diğer Finansal Aracılar (Konsolide Akım)",sum,0.0
bie_finhestnks610125,2019-Q1,TP.FINHESTNKS610125.ZP15,"VF.5.Hisse Senetleri ve Özkaynaklar, Diğer Finansal Aracılar (Konsolide Akım)",sum,424972.5385
bie_finhestnks610125,2019-Q1,TP.FINHESTNKS610125.ZP16,"VF.5.1.Hisse Senetleri ve Özkaynaklar, Diğer Finansal Aracılar (Konsolide Akım)",sum,424972.5385
bie_finhestnks610125,2019-Q1,TP.FINHESTNKS610125.ZP17,"VF.5.2.Yatırım Fonu Katılma Belgeleri, Diğer Finansal Aracılar (Konsolide Akım)",sum,0.0
bie_finhestnks610125,2019-Q1,TP.FINHESTNKS610125.ZP18,"VF.5.2.1.Para Piyasası Fonları, Diğer Finansal Aracılar (Konsolide Akım)",sum,0.0
bie_finhestnks610125,2019-Q1,TP.FINHESTNKS610125.ZP19,"VF.5.2.2.Diğer Yatırım Fonları, Diğer Finansal Aracılar (Konsolide Akım)",sum,0.0
bie_finhestnks610125,2019-Q1,TP.FINHESTNKS610125.ZP20,"VF.6.Sigorta ve Emeklilik Sözleşmeleri, Diğer Finansal Aracılar (Konsolide Akım)",sum,0.0
bie_finhestnks610125,2019-Q1,TP.FINHESTNKS610125.ZP21,"VF.7.Finansal Türevler, Diğer Finansal Aracılar (Konsolide Akım)",sum,-545953.0896
bie_finhestnks610125,2019-Q1,TP.FINHESTNKS610125.ZP22,"VF.8.Diğer Alacaklar, Diğer Finansal Aracılar (Konsolide Akım)",sum,300434.5228
bie_finhestnks610125,2019-Q1,TP.FINHESTNKS610125.ZP23,"VF.0.Toplam Varlıklar, Diğer Finansal Aracılar (Konsolide Akım)",sum,-5366603.9732
bie_finhestnks610125,2019-Q1,TP.FINHESTNKS610125.ZP24,"F.1.Parasal Altın ve SDR, Diğer Finansal Aracılar (Konsolide Akım)",sum,0.0
bie_finhestnks610125,2019-Q1,TP.FINHESTNKS610125.ZP26,"F.1.2.Özel Çekme Hakları (SDR), Diğer Finansal Aracılar (Konsolide Akım)",sum,0.0
bie_finhestnks610125,2019-Q1,TP.FINHESTNKS610125.ZP27,"F.2.Para ve Mevduat, Diğer Finansal Aracılar (Konsolide Akım)",sum,0.0
bie_finhestnks610125,2019-Q1,TP.FINHESTNKS610125.ZP28,"F.2.1.Para, Diğer Finansal Aracılar (Konsolide Akım)",sum,0.0
bie_finhestnks610125,2019-Q1,TP.FINHESTNKS610125.ZP29,"F.2.2.Vadesiz Mevduat, Diğer Finansal Aracılar (Konsolide Akım)",sum,0.0
bie_finhestnks610125,2019-Q1,TP.FINHESTNKS610125.ZP30,"F.2.9.Vadeli Mevduat, Diğer Finansal Aracılar (Konsolide Akım)",sum,0.0
bie_finhestnks610125,2019-Q1,TP.FINHESTNKS610125.ZP31,"F.3.Borçlanma Senetleri, Diğer Finansal Aracılar (Konsolide Akım)",sum,-677768.114
bie_finhestnks610125,2019-Q1,TP.FINHESTNKS610125.ZP32,"F.3.1.Kısa Vadeli Borçlanma Senetleri, Diğer Finansal Aracılar (Konsolide Akım)",sum,-433771.593
bie_finhestnks610125,2019-Q1,TP.FINHESTNKS610125.ZP33,"F.3.2.Uzun Vadeli Borçlanma Senetleri, Diğer Finansal Aracılar (Konsolide Akım)",sum,-243996.521
bie_finhestnks610125,2019-Q1,TP.FINHESTNKS610125.ZP34,"F.4.Krediler, Diğer Finansal Aracılar (Konsolide Akım)",sum,-5614021.058
bie_finhestnks610125,2019-Q1,TP.FINHESTNKS610125.ZP35,"F.4.1.Kısa Vadeli Krediler, Diğer Finansal Aracılar (Konsolide Akım)",sum,-2185808.2126
bie_finhestnks610125,2019-Q1,TP.FINHESTNKS610125.ZP36,"F.4.2.Uzun Vadeli Krediler, Diğer Finansal Aracılar (Konsolide Akım)",sum,-3428212.8454
bie_finhestnks610125,2019-Q1,TP.FINHESTNKS610125.ZP37,"F.5.Hisse Senetleri ve Özkaynaklar, Diğer Finansal Aracılar (Konsolide Akım)",sum,4354.1155
bie_finhestnks610125,2019-Q1,TP.FINHESTNKS610125.ZP38,"F.5.1.Hisse Senetleri ve Özkaynaklar, Diğer Finansal Aracılar (Konsolide Akım)",sum,4354.1155
bie_finhestnks610125,2019-Q1,TP.FINHESTNKS610125.ZP39,"F.5.2.Yatırım Fonu Katılma Belgeleri, Diğer Finansal Aracılar (Konsolide Akım)",sum,0.0
bie_finhestnks610125,2019-Q1,TP.FINHESTNKS610125.ZP40,"F.5.2.1.Para Piyasası Fonları, Diğer Finansal Aracılar (Konsolide Akım)",sum,0.0
bie_finhestnks610125,2019-Q1,TP.FINHESTNKS610125.ZP41,"F.5.2.2.Diğer Yatırım Fonları, Diğer Finansal Aracılar (Konsolide Akım)",sum,0.0
bie_finhestnks610125,2019-Q1,TP.FINHESTNKS610125.ZP42,"F.6.Sigorta ve Emeklilik Sözleşmeleri, Diğer Finansal Aracılar (Konsolide Akım)",sum,0.0
bie_finhestnks610125,2019-Q1,TP.FINHESTNKS610125.ZP43,"F.7.Finansal Türevler, Diğer Finansal Aracılar (Konsolide Akım)",sum,274246.4558
bie_finhestnks610125,2019-Q1,TP.FINHESTNKS610125.ZP44,"F.8.Diğer Borçlar, Diğer Finansal Aracılar (Konsolide Akım)",sum,3812363.0589
bie_finhestnks610125,2019-Q1,TP.FINHESTNKS610125.ZP45,"F.0.Toplam Yükümlülükler, Diğer Finansal Aracılar (Konsolide Akım)",sum,-2200825.5418
bie_finhestnks610125,2019-Q2,TP.FINHESTNKS610125.ZP1,"BF.9.NET FİNANSAL DEĞER, Diğer Finansal Aracılar (Konsolide Akım)",sum,487596.1587
bie_finhestnks610125,2019-Q2,TP.FINHESTNKS610125.ZP2,"VF.1.Parasal Altın ve SDR, Diğer Finansal Aracılar (Konsolide Akım)",sum,0.0
bie_finhestnks610125,2019-Q2,TP.FINHESTNKS610125.ZP3,"VF.1.1.Parasal Altın, Diğer Finansal Aracılar (Konsolide Akım)",sum,0.0
bie_finhestnks610125,2019-Q2,TP.FINHESTNKS610125.ZP4,"VF.1.2.Özel Çekme Hakları (SDR), Diğer Finansal Aracılar (Konsolide Akım)",sum,0.0
bie_finhestnks610125,2019-Q2,TP.FINHESTNKS610125.ZP5,"VF.2.Para ve Mevduat, Diğer Finansal Aracılar (Konsolide Akım)",sum,-6918474.4919
bie_finhestnks610125,2019-Q2,TP.FINHESTNKS610125.ZP6,"VF.2.1.Para, Diğer Finansal Aracılar (Konsolide Akım)",sum,632.4797
bie_finhestnks610125,2019-Q2,TP.FINHESTNKS610125.ZP7,"VF.2.2.Vadesiz Mevduat, Diğer Finansal Aracılar (Konsolide Akım)",sum,-1245600.5003
bie_finhestnks610125,2019-Q2,TP.FINHESTNKS610125.ZP8,"VF.2.9.Vadeli Mevduat, Diğer Finansal Aracılar (Konsolide Akım)",sum,-5673506.4712
bie_finhestnks610125,2019-Q2,TP.FINHESTNKS610125.ZP9,"VF.3.Borçlanma Senetleri, Diğer Finansal Aracılar (Konsolide Akım)",sum,-46393.9179
bie_finhestnks610125,2019-Q2,TP.FINHESTNKS610125.ZP10,"VF.3.1.Kısa Vadeli Borçlanma Senetleri, Diğer Finansal Aracılar (Konsolide Akım)",sum,-26630.1089
bie_finhestnks610125,2019-Q2,TP.FINHESTNKS610125.ZP11,"VF.3.2.Uzun Vadeli Borçlanma Senetleri, Diğer Finansal Aracılar (Konsolide Akım)",sum,-19763.809
bie_finhestnks610125,2019-Q2,TP.FINHESTNKS610125.ZP12,"VF.4.Krediler, Diğer Finansal Aracılar (Konsolide Akım)",sum,-6378692.4769
bie_finhestnks610125,2019-Q2,TP.FINHESTNKS610125.ZP13,"VF.4.1.Kısa Vadeli Krediler, Diğer Finansal Aracılar (Konsolide Akım)",sum,-6378692.4769
bie_finhestnks610125,2019-Q2,TP.FINHESTNKS610125.ZP14,"VF.4.2.Uzun Vadeli Krediler, Diğer Finansal Aracılar (Konsolide Akım)",sum,0.0
bie_finhestnks610125,2019-Q2,TP.FINHESTNKS610125.ZP15,"VF.5.Hisse Senetleri ve Özkaynaklar, Diğer Finansal Aracılar (Konsolide Akım)",sum,-284061.2666
bie_finhestnks610125,2019-Q2,TP.FINHESTNKS610125.ZP16,"VF.5.1.Hisse Senetleri ve Özkaynaklar, Diğer Finansal Aracılar (Konsolide Akım)",sum,-284061.2666
bie_finhestnks610125,2019-Q2,TP.FINHESTNKS610125.ZP17,"VF.5.2.Yatırım Fonu Katılma Belgeleri, Diğer Finansal Aracılar (Konsolide Akım)",sum,0.0
bie_finhestnks610125,2019-Q2,TP.FINHESTNKS610125.ZP18,"VF.5.2.1.Para Piyasası Fonları, Diğer Finansal Aracılar (Konsolide Akım)",sum,0.0
bie_finhestnks610125,2019-Q2,TP.FINHESTNKS610125.ZP19,"VF.5.2.2.Diğer Yatırım Fonları, Diğer Finansal Aracılar (Konsolide Akım)",sum,0.0
bie_finhestnks610125,2019-Q2,TP.FINHESTNKS610125.ZP20,"VF.6.Sigorta ve Emeklilik Sözleşmeleri, Diğer Finansal Aracılar (Konsolide Akım)",sum,0.0
bie_finhestnks610125,2019-Q2,TP.FINHESTNKS610125.ZP21,"VF.7.Finansal Türevler, Diğer Finansal Aracılar (Konsolide Akım)",sum,1251437.5287
bie_finhestnks610125,2019-Q2,TP.FINHESTNKS610125.ZP22,"VF.8.Diğer Alacaklar, Diğer Finansal Aracılar (Konsolide Akım)",sum,-671295.1058
bie_finhestnks610125,2019-Q2,TP.FINHESTNKS610125.ZP23,"VF.0.Toplam Varlıklar, Diğer Finansal Aracılar (Konsolide Akım)",sum,-13047479.7304
bie_finhestnks610125,2019-Q2,TP.FINHESTNKS610125.ZP24,"F.1.Parasal Altın ve SDR, Diğer Finansal Aracılar (Konsolide Akım)",sum,0.0
bie_finhestnks610125,2019-Q2,TP.FINHESTNKS610125.ZP26,"F.1.2.Özel Çekme Hakları (SDR), Diğer Finansal Aracılar (Konsolide Akım)",sum,0.0
bie_finhestnks610125,2019-Q2,TP.FINHESTNKS610125.ZP27,"F.2.Para ve Mevduat, Diğer Finansal Aracılar (Konsolide Akım)",sum,0.0
bie_finhestnks610125,2019-Q2,TP.FINHESTNKS610125.ZP28,"F.2.1.Para, Diğer Finansal Aracılar (Konsolide Akım)",sum,0.0
bie_finhestnks610125,2019-Q2,TP.FINHESTNKS610125.ZP29,"F.2.2.Vadesiz Mevduat, Diğer Finansal Aracılar (Konsolide Akım)",sum,0.0
bie_finhestnks610125,2019-Q2,TP.FINHESTNKS610125.ZP30,"F.2.9.Vadeli Mevduat, Diğer Finansal Aracılar (Konsolide Akım)",sum,0.0
bie_finhestnks610125,2019-Q2,TP.FINHESTNKS610125.ZP31,"F.3.Borçlanma Senetleri, Diğer Finansal Aracılar (Konsolide Akım)",sum,-1756193.8594
bie_finhestnks610125,2019-Q2,TP.FINHESTNKS610125.ZP32,"F.3.1.Kısa Vadeli Borçlanma Senetleri, Diğer Finansal Aracılar (Konsolide Akım)",sum,-1123964.07
bie_finhestnks610125,2019-Q2,TP.FINHESTNKS610125.ZP33,"F.3.2.Uzun Vadeli Borçlanma Senetleri, Diğer Finansal Aracılar (Konsolide Akım)",sum,-632229.7894
bie_finhestnks610125,2019-Q2,TP.FINHESTNKS610125.ZP34,"F.4.Krediler, Diğer Finansal Aracılar (Konsolide Akım)",sum,-11212163.136
bie_finhestnks610125,2019-Q2,TP.FINHESTNKS610125.ZP35,"F.4.1.Kısa Vadeli Krediler, Diğer Finansal Aracılar (Konsolide Akım)",sum,-4372743.6231
bie_finhestnks610125,2019-Q2,TP.FINHESTNKS610125.ZP36,"F.4.2.Uzun Vadeli Krediler, Diğer Finansal Aracılar (Konsolide Akım)",sum,-6839419.513
bie_finhestnks610125,2019-Q2,TP.FINHESTNKS610125.ZP37,"F.5.Hisse Senetleri ve Özkaynaklar, Diğer Finansal Aracılar (Konsolide Akım)",sum,517321.1174
bie_finhestnks610125,2019-Q2,TP.FINHESTNKS610125.ZP38,"F.5.1.Hisse Senetleri ve Özkaynaklar, Diğer Finansal Aracılar (Konsolide Akım)",sum,517321.1174
bie_finhestnks610125,2019-Q2,TP.FINHESTNKS610125.ZP39,"F.5.2.Yatırım Fonu Katılma Belgeleri, Diğer Finansal Aracılar (Konsolide Akım)",sum,0.0
bie_finhestnks610125,2019-Q2,TP.FINHESTNKS610125.ZP40,"F.5.2.1.Para Piyasası Fonları, Diğer Finansal Aracılar (Konsolide Akım)",sum,0.0
bie_finhestnks610125,2019-Q2,TP.FINHESTNKS610125.ZP41,"F.5.2.2.Diğer Yatırım Fonları, Diğer Finansal Aracılar (Konsolide Akım)",sum,0.0
bie_finhestnks610125,2019-Q2,TP.FINHESTNKS610125.ZP42,"F.6.Sigorta ve Emeklilik Sözleşmeleri, Diğer Finansal Aracılar (Konsolide Akım)",sum,0.0
bie_finhestnks610125,2019-Q2,TP.FINHESTNKS610125.ZP43,"F.7.Finansal Türevler, Diğer Finansal Aracılar (Konsolide Akım)",sum,-587465.7684
bie_finhestnks610125,2019-Q2,TP.FINHESTNKS610125.ZP44,"F.8.Diğer Borçlar, Diğer Finansal Aracılar (Konsolide Akım)",sum,-496574.2426
bie_finhestnks610125,2019-Q2,TP.FINHESTNKS610125.ZP45,"F.0.Toplam Yükümlülükler, Diğer Finansal Aracılar (Konsolide Akım)",sum,-13535075.889
bie_finhestnks610125,2019-Q3,TP.FINHESTNKS610125.ZP1,"BF.9.NET FİNANSAL DEĞER, Diğer Finansal Aracılar (Konsolide Akım)",sum,1443402.2921
bie_finhestnks610125,2019-Q3,TP.FINHESTNKS610125.ZP2,"VF.1.Parasal Altın ve SDR, Diğer Finansal Aracılar (Konsolide Akım)",sum,0.0
bie_finhestnks610125,2019-Q3,TP.FINHESTNKS610125.ZP3,"VF.1.1.Parasal Altın, Diğer Finansal Aracılar (Konsolide Akım)",sum,0.0
bie_finhestnks610125,2019-Q3,TP.FINHESTNKS610125.ZP4,"VF.1.2.Özel Çekme Hakları (SDR), Diğer Finansal Aracılar (Konsolide Akım)",sum,0.0
bie_finhestnks610125,2019-Q3,TP.FINHESTNKS610125.ZP5,"VF.2.Para ve Mevduat, Diğer Finansal Aracılar (Konsolide Akım)",sum,555019.6793
bie_finhestnks610125,2019-Q3,TP.FINHESTNKS610125.ZP6,"VF.2.1.Para, Diğer Finansal Aracılar (Konsolide Akım)",sum,263.6494
bie_finhestnks610125,2019-Q3,TP.FINHESTNKS610125.ZP7,"VF.2.2.Vadesiz Mevduat, Diğer Finansal Aracılar (Konsolide Akım)",sum,-64493.8662
bie_finhestnks610125,2019-Q3,TP.FINHESTNKS610125.ZP8,"VF.2.9.Vadeli Mevduat, Diğer Finansal Aracılar (Konsolide Akım)",sum,619249.8961
bie_finhestnks610125,2019-Q3,TP.FINHESTNKS610125.ZP9,"VF.3.Borçlanma Senetleri, Diğer Finansal Aracılar (Konsolide Akım)",sum,-108688.0541
bie_finhestnks610125,2019-Q3,TP.FINHESTNKS610125.ZP10,"VF.3.1.Kısa Vadeli Borçlanma Senetleri, Diğer Finansal Aracılar (Konsolide Akım)",sum,-62386.943
bie_finhestnks610125,2019-Q3,TP.FINHESTNKS610125.ZP11,"VF.3.2.Uzun Vadeli Borçlanma Senetleri, Diğer Finansal Aracılar (Konsolide Akım)",sum,-46301.111
bie_finhestnks610125,2019-Q3,TP.FINHESTNKS610125.ZP12,"VF.4.Krediler, Diğer Finansal Aracılar (Konsolide Akım)",sum,-3690920.133
bie_finhestnks610125,2019-Q3,TP.FINHESTNKS610125.ZP13,"VF.4.1.Kısa Vadeli Krediler, Diğer Finansal Aracılar (Konsolide Akım)",sum,-3690920.133
bie_finhestnks610125,2019-Q3,TP.FINHESTNKS610125.ZP14,"VF.4.2.Uzun Vadeli Krediler, Diğer Finansal Aracılar (Konsolide Akım)",sum,0.0
bie_finhestnks610125,2019-Q3,TP.FINHESTNKS610125.ZP15,"VF.5.Hisse Senetleri ve Özkaynaklar, Diğer Finansal Aracılar (Konsolide Akım)",sum,87676.2329
bie_finhestnks610125,2019-Q3,TP.FINHESTNKS610125.ZP16,"VF.5.1.Hisse Senetleri ve Özkaynaklar, Diğer Finansal Aracılar (Konsolide Akım)",sum,87676.2329
bie_finhestnks610125,2019-Q3,TP.FINHESTNKS610125.ZP17,"VF.5.2.Yatırım Fonu Katılma Belgeleri, Diğer Finansal Aracılar (Konsolide Akım)",sum,0.0
bie_finhestnks610125,2019-Q3,TP.FINHESTNKS610125.ZP18,"VF.5.2.1.Para Piyasası Fonları, Diğer Finansal Aracılar (Konsolide Akım)",sum,0.0
bie_finhestnks610125,2019-Q3,TP.FINHESTNKS610125.ZP19,"VF.5.2.2.Diğer Yatırım Fonları, Diğer Finansal Aracılar (Konsolide Akım)",sum,0.0
bie_finhestnks610125,2019-Q3,TP.FINHESTNKS610125.ZP20,"VF.6.Sigorta ve Emeklilik Sözleşmeleri, Diğer Finansal Aracılar (Konsolide Akım)",sum,0.0
bie_finhestnks610125,2019-Q3,TP.FINHESTNKS610125.ZP21,"VF.7.Finansal Türevler, Diğer Finansal Aracılar (Konsolide Akım)",sum,-225637.4437
bie_finhestnks610125,2019-Q3,TP.FINHESTNKS610125.ZP22,"VF.8.Diğer Alacaklar, Diğer Finansal Aracılar (Konsolide Akım)",sum,1425641.5245
bie_finhestnks610125,2019-Q3,TP.FINHESTNKS610125.ZP23,"VF.0.Toplam Varlıklar, Diğer Finansal Aracılar (Konsolide Akım)",sum,-1956908.194
bie_finhestnks610125,2019-Q3,TP.FINHESTNKS610125.ZP24,"F.1.Parasal Altın ve SDR, Diğer Finansal Aracılar (Konsolide Akım)",sum,0.0
bie_finhestnks610125,2019-Q3,TP.FINHESTNKS610125.ZP26,"F.1.2.Özel Çekme Hakları (SDR), Diğer Finansal Aracılar (Konsolide Akım)",sum,0.0
bie_finhestnks610125,2019-Q3,TP.FINHESTNKS610125.ZP27,"F.2.Para ve Mevduat, Diğer Finansal Aracılar (Konsolide Akım)",sum,0.0
bie_finhestnks610125,2019-Q3,TP.FINHESTNKS610125.ZP28,"F.2.1.Para, Diğer Finansal Aracılar (Konsolide Akım)",sum,0.0
bie_finhestnks610125,2019-Q3,TP.FINHESTNKS610125.ZP29,"F.2.2.Vadesiz Mevduat, Diğer Finansal Aracılar (Konsolide Akım)",sum,0.0
bie_finhestnks610125,2019-Q3,TP.FINHESTNKS610125.ZP30,"F.2.9.Vadeli Mevduat, Diğer Finansal Aracılar (Konsolide Akım)",sum,0.0
bie_finhestnks610125,2019-Q3,TP.FINHESTNKS610125.ZP31,"F.3.Borçlanma Senetleri, Diğer Finansal Aracılar (Konsolide Akım)",sum,-4847335.7319
bie_finhestnks610125,2019-Q3,TP.FINHESTNKS610125.ZP32,"F.3.1.Kısa Vadeli Borçlanma Senetleri, Diğer Finansal Aracılar (Konsolide Akım)",sum,-3102294.8684
bie_finhestnks610125,2019-Q3,TP.FINHESTNKS610125.ZP33,"F.3.2.Uzun Vadeli Borçlanma Senetleri, Diğer Finansal Aracılar (Konsolide Akım)",sum,-1745040.8635
bie_finhestnks610125,2019-Q3,TP.FINHESTNKS610125.ZP34,"F.4.Krediler, Diğer Finansal Aracılar (Konsolide Akım)",sum,-292477.4261
bie_finhestnks610125,2019-Q3,TP.FINHESTNKS610125.ZP35,"F.4.1.Kısa Vadeli Krediler, Diğer Finansal Aracılar (Konsolide Akım)",sum,-114066.1962
bie_finhestnks610125,2019-Q3,TP.FINHESTNKS610125.ZP36,"F.4.2.Uzun Vadeli Krediler, Diğer Finansal Aracılar (Konsolide Akım)",sum,-178411.2299
bie_finhestnks610125,2019-Q3,TP.FINHESTNKS610125.ZP37,"F.5.Hisse Senetleri ve Özkaynaklar, Diğer Finansal Aracılar (Konsolide Akım)",sum,197842.5166
bie_finhestnks610125,2019-Q3,TP.FINHESTNKS610125.ZP38,"F.5.1.Hisse Senetleri ve Özkaynaklar, Diğer Finansal Aracılar (Konsolide Akım)",sum,197842.5166
bie_finhestnks610125,2019-Q3,TP.FINHESTNKS610125.ZP39,"F.5.2.Yatırım Fonu Katılma Belgeleri, Diğer Finansal Aracılar (Konsolide Akım)",sum,0.0
bie_finhestnks610125,2019-Q3,TP.FINHESTNKS610125.ZP40,"F.5.2.1.Para Piyasası Fonları, Diğer Finansal Aracılar (Konsolide Akım)",sum,0.0
bie_finhestnks610125,2019-Q3,TP.FINHESTNKS610125.ZP41,"F.5.2.2.Diğer Yatırım Fonları, Diğer Finansal Aracılar (Konsolide Akım)",sum,0.0
bie_finhestnks610125,2019-Q3,TP.FINHESTNKS610125.ZP42,"F.6.Sigorta ve Emeklilik Sözleşmeleri, Diğer Finansal Aracılar (Konsolide Akım)",sum,0.0
bie_finhestnks610125,2019-Q3,TP.FINHESTNKS610125.ZP43,"F.7.Finansal Türevler, Diğer Finansal Aracılar (Konsolide Akım)",sum,-49341.0224
bie_finhestnks610125,2019-Q3,TP.FINHESTNKS610125.ZP44,"F.8.Diğer Borçlar, Diğer Finansal Aracılar (Konsolide Akım)",sum,1591001.1776
bie_finhestnks610125,2019-Q3,TP.FINHESTNKS610125.ZP45,"F.0.Toplam Yükümlülükler, Diğer Finansal Aracılar (Konsolide Akım)",sum,-3400310.4861
bie_finhestnks610125,2019-Q4,TP.FINHESTNKS610125.ZP1,"BF.9.NET FİNANSAL DEĞER, Diğer Finansal Aracılar (Konsolide Akım)",sum,-1612296.8836
bie_finhestnks610125,2019-Q4,TP.FINHESTNKS610125.ZP2,"VF.1.Parasal Altın ve SDR, Diğer Finansal Aracılar (Konsolide Akım)",sum,0.0
bie_finhestnks610125,2019-Q4,TP.FINHESTNKS610125.ZP3,"VF.1.1.Parasal Altın, Diğer Finansal Aracılar (Konsolide Akım)",sum,0.0
bie_finhestnks610125,2019-Q4,TP.FINHESTNKS610125.ZP4,"VF.1.2.Özel Çekme Hakları (SDR), Diğer Finansal Aracılar (Konsolide Akım)",sum,0.0
bie_finhestnks610125,2019-Q4,TP.FINHESTNKS610125.ZP5,"VF.2.Para ve Mevduat, Diğer Finansal Aracılar (Konsolide Akım)",sum,-4201825.6946
bie_finhestnks610125,2019-Q4,TP.FINHESTNKS610125.ZP6,"VF.2.1.Para, Diğer Finansal Aracılar (Konsolide Akım)",sum,-1399.9042
bie_finhestnks610125,2019-Q4,TP.FINHESTNKS610125.ZP7,"VF.2.2.Vadesiz Mevduat, Diğer Finansal Aracılar (Konsolide Akım)",sum,-441205.3116
bie_finhestnks610125,2019-Q4,TP.FINHESTNKS610125.ZP8,"VF.2.9.Vadeli Mevduat, Diğer Finansal Aracılar (Konsolide Akım)",sum,-3759220.4788
bie_finhestnks610125,2019-Q4,TP.FINHESTNKS610125.ZP9,"VF.3.Borçlanma Senetleri, Diğer Finansal Aracılar (Konsolide Akım)",sum,1374174.5981
bie_finhestnks610125,2019-Q4,TP.FINHESTNKS610125.ZP10,"VF.3.1.Kısa Vadeli Borçlanma Senetleri, Diğer Finansal Aracılar (Konsolide Akım)",sum,788776.2193
bie_finhestnks610125,2019-Q4,TP.FINHESTNKS610125.ZP11,"VF.3.2.Uzun Vadeli Borçlanma Senetleri, Diğer Finansal Aracılar (Konsolide Akım)",sum,585398.3788
bie_finhestnks610125,2019-Q4,TP.FINHESTNKS610125.ZP12,"VF.4.Krediler, Diğer Finansal Aracılar (Konsolide Akım)",sum,-662790.4647
bie_finhestnks610125,2019-Q4,TP.FINHESTNKS610125.ZP13,"VF.4.1.Kısa Vadeli Krediler, Diğer Finansal Aracılar (Konsolide Akım)",sum,-662790.4647
bie_finhestnks610125,2019-Q4,TP.FINHESTNKS610125.ZP14,"VF.4.2.Uzun Vadeli Krediler, Diğer Finansal Aracılar (Konsolide Akım)",sum,0.0
bie_finhestnks610125,2019-Q4,TP.FINHESTNKS610125.ZP15,"VF.5.Hisse Senetleri ve Özkaynaklar, Diğer Finansal Aracılar (Konsolide Akım)",sum,89110.0085
bie_finhestnks610125,2019-Q4,TP.FINHESTNKS610125.ZP16,"VF.5.1.Hisse Senetleri ve Özkaynaklar, Diğer Finansal Aracılar (Konsolide Akım)",sum,89110.0085
bie_finhestnks610125,2019-Q4,TP.FINHESTNKS610125.ZP17,"VF.5.2.Yatırım Fonu Katılma Belgeleri, Diğer Finansal Aracılar (Konsolide Akım)",sum,0.0
bie_finhestnks610125,2019-Q4,TP.FINHESTNKS610125.ZP18,"VF.5.2.1.Para Piyasası Fonları, Diğer Finansal Aracılar (Konsolide Akım)",sum,0.0
bie_finhestnks610125,2019-Q4,TP.FINHESTNKS610125.ZP19,"VF.5.2.2.Diğer Yatırım Fonları, Diğer Finansal Aracılar (Konsolide Akım)",sum,0.0
bie_finhestnks610125,2019-Q4,TP.FINHESTNKS610125.ZP20,"VF.6.Sigorta ve Emeklilik Sözleşmeleri, Diğer Finansal Aracılar (Konsolide Akım)",sum,0.0
bie_finhestnks610125,2019-Q4,TP.FINHESTNKS610125.ZP21,"VF.7.Finansal Türevler, Diğer Finansal Aracılar (Konsolide Akım)",sum,-1459042.2349
bie_finhestnks610125,2019-Q4,TP.FINHESTNKS610125.ZP22,"VF.8.Diğer Alacaklar, Diğer Finansal Aracılar (Konsolide Akım)",sum,-447221.1163
bie_finhestnks610125,2019-Q4,TP.FINHESTNKS610125.ZP23,"VF.0.Toplam Varlıklar, Diğer Finansal Aracılar (Konsolide Akım)",sum,-5307594.9039
bie_finhestnks610125,2019-Q4,TP.FINHESTNKS610125.ZP24,"F.1.Parasal Altın ve SDR, Diğer Finansal Aracılar (Konsolide Akım)",sum,0.0
bie_finhestnks610125,2019-Q4,TP.FINHESTNKS610125.ZP26,"F.1.2.Özel Çekme Hakları (SDR), Diğer Finansal Aracılar (Konsolide Akım)",sum,0.0
bie_finhestnks610125,2019-Q4,TP.FINHESTNKS610125.ZP27,"F.2.Para ve Mevduat, Diğer Finansal Aracılar (Konsolide Akım)",sum,0.0
bie_finhestnks610125,2019-Q4,TP.FINHESTNKS610125.ZP28,"F.2.1.Para, Diğer Finansal Aracılar (Konsolide Akım)",sum,0.0
bie_finhestnks610125,2019-Q4,TP.FINHESTNKS610125.ZP29,"F.2.2.Vadesiz Mevduat, Diğer Finansal Aracılar (Konsolide Akım)",sum,0.0
bie_finhestnks610125,2019-Q4,TP.FINHESTNKS610125.ZP30,"F.2.9.Vadeli Mevduat, Diğer Finansal Aracılar (Konsolide Akım)",sum,0.0
bie_finhestnks610125,2019-Q4,TP.FINHESTNKS610125.ZP31,"F.3.Borçlanma Senetleri, Diğer Finansal Aracılar (Konsolide Akım)",sum,-128606.5741
bie_finhestnks610125,2019-Q4,TP.FINHESTNKS610125.ZP32,"F.3.1.Kısa Vadeli Borçlanma Senetleri, Diğer Finansal Aracılar (Konsolide Akım)",sum,-82308.2075
bie_finhestnks610125,2019-Q4,TP.FINHESTNKS610125.ZP33,"F.3.2.Uzun Vadeli Borçlanma Senetleri, Diğer Finansal Aracılar (Konsolide Akım)",sum,-46298.3667
bie_finhestnks610125,2019-Q4,TP.FINHESTNKS610125.ZP34,"F.4.Krediler, Diğer Finansal Aracılar (Konsolide Akım)",sum,-2490686.2195
bie_finhestnks610125,2019-Q4,TP.FINHESTNKS610125.ZP35,"F.4.1.Kısa Vadeli Krediler, Diğer Finansal Aracılar (Konsolide Akım)",sum,-971367.6256
bie_finhestnks610125,2019-Q4,TP.FINHESTNKS610125.ZP36,"F.4.2.Uzun Vadeli Krediler, Diğer Finansal Aracılar (Konsolide Akım)",sum,-1519318.5939
bie_finhestnks610125,2019-Q4,TP.FINHESTNKS610125.ZP37,"F.5.Hisse Senetleri ve Özkaynaklar, Diğer Finansal Aracılar (Konsolide Akım)",sum,355012.1441
bie_finhestnks610125,2019-Q4,TP.FINHESTNKS610125.ZP38,"F.5.1.Hisse Senetleri ve Özkaynaklar, Diğer Finansal Aracılar (Konsolide Akım)",sum,355012.1441
bie_finhestnks610125,2019-Q4,TP.FINHESTNKS610125.ZP39,"F.5.2.Yatırım Fonu Katılma Belgeleri, Diğer Finansal Aracılar (Konsolide Akım)",sum,0.0
bie_finhestnks610125,2019-Q4,TP.FINHESTNKS610125.ZP40,"F.5.2.1.Para Piyasası Fonları, Diğer Finansal Aracılar (Konsolide Akım)",sum,0.0
bie_finhestnks610125,2019-Q4,TP.FINHESTNKS610125.ZP41,"F.5.2.2.Diğer Yatırım Fonları, Diğer Finansal Aracılar (Konsolide Akım)",sum,0.0
bie_finhestnks610125,2019-Q4,TP.FINHESTNKS610125.ZP42,"F.6.Sigorta ve Emeklilik Sözleşmeleri, Diğer Finansal Aracılar (Konsolide Akım)",sum,0.0
bie_finhestnks610125,2019-Q4,TP.FINHESTNKS610125.ZP43,"F.7.Finansal Türevler, Diğer Finansal Aracılar (Konsolide Akım)",sum,-116419.0413
bie_finhestnks610125,2019-Q4,TP.FINHESTNKS610125.ZP44,"F.8.Diğer Borçlar, Diğer Finansal Aracılar (Konsolide Akım)",sum,-1314598.3295
bie_finhestnks610125,2019-Q4,TP.FINHESTNKS610125.ZP45,"F.0.Toplam Yükümlülükler, Diğer Finansal Aracılar (Konsolide Akım)",sum,-3695298.0203
bie_finhestnks610125,2020-Q1,TP.FINHESTNKS610125.ZP1,"BF.9.NET FİNANSAL DEĞER, Diğer Finansal Aracılar (Konsolide Akım)",sum,-1072284.2911
bie_finhestnks610125,2020-Q1,TP.FINHESTNKS610125.ZP2,"VF.1.Parasal Altın ve SDR, Diğer Finansal Aracılar (Konsolide Akım)",sum,0.0
bie_finhestnks610125,2020-Q1,TP.FINHESTNKS610125.ZP3,"VF.1.1.Parasal Altın, Diğer Finansal Aracılar (Konsolide Akım)",sum,0.0
bie_finhestnks610125,2020-Q1,TP.FINHESTNKS610125.ZP4,"VF.1.2.Özel Çekme Hakları (SDR), Diğer Finansal Aracılar (Konsolide Akım)",sum,0.0
bie_finhestnks610125,2020-Q1,TP.FINHESTNKS610125.ZP5,"VF.2.Para ve Mevduat, Diğer Finansal Aracılar (Konsolide Akım)",sum,659972.9441
bie_finhestnks610125,2020-Q1,TP.FINHESTNKS610125.ZP6,"VF.2.1.Para, Diğer Finansal Aracılar (Konsolide Akım)",sum,1720.4283
bie_finhestnks610125,2020-Q1,TP.FINHESTNKS610125.ZP7,"VF.2.2.Vadesiz Mevduat, Diğer Finansal Aracılar (Konsolide Akım)",sum,870665.5533
bie_finhestnks610125,2020-Q1,TP.FINHESTNKS610125.ZP8,"VF.2.9.Vadeli Mevduat, Diğer Finansal Aracılar (Konsolide Akım)",sum,-212413.0376
bie_finhestnks610125,2020-Q1,TP.FINHESTNKS610125.ZP9,"VF.3.Borçlanma Senetleri, Diğer Finansal Aracılar (Konsolide Akım)",sum,-371258.3591
bie_finhestnks610125,2020-Q1,TP.FINHESTNKS610125.ZP10,"VF.3.1.Kısa Vadeli Borçlanma Senetleri, Diğer Finansal Aracılar (Konsolide Akım)",sum,-213102.2981
bie_finhestnks610125,2020-Q1,TP.FINHESTNKS610125.ZP11,"VF.3.2.Uzun Vadeli Borçlanma Senetleri, Diğer Finansal Aracılar (Konsolide Akım)",sum,-158156.061
bie_finhestnks610125,2020-Q1,TP.FINHESTNKS610125.ZP12,"VF.4.Krediler, Diğer Finansal Aracılar (Konsolide Akım)",sum,-3867545.0786
bie_finhestnks610125,2020-Q1,TP.FINHESTNKS610125.ZP13,"VF.4.1.Kısa Vadeli Krediler, Diğer Finansal Aracılar (Konsolide Akım)",sum,-3867545.0786
bie_finhestnks610125,2020-Q1,TP.FINHESTNKS610125.ZP14,"VF.4.2.Uzun Vadeli Krediler, Diğer Finansal Aracılar (Konsolide Akım)",sum,0.0
bie_finhestnks610125,2020-Q1,TP.FINHESTNKS610125.ZP15,"VF.5.Hisse Senetleri ve Özkaynaklar, Diğer Finansal Aracılar (Konsolide Akım)",sum,-310660.3162
bie_finhestnks610125,2020-Q1,TP.FINHESTNKS610125.ZP16,"VF.5.1.Hisse Senetleri ve Özkaynaklar, Diğer Finansal Aracılar (Konsolide Akım)",sum,-310660.3162
bie_finhestnks610125,2020-Q1,TP.FINHESTNKS610125.ZP17,"VF.5.2.Yatırım Fonu Katılma Belgeleri, Diğer Finansal Aracılar (Konsolide Akım)",sum,0.0
bie_finhestnks610125,2020-Q1,TP.FINHESTNKS610125.ZP18,"VF.5.2.1.Para Piyasası Fonları, Diğer Finansal Aracılar (Konsolide Akım)",sum,0.0
bie_finhestnks610125,2020-Q1,TP.FINHESTNKS610125.ZP19,"VF.5.2.2.Diğer Yatırım Fonları, Diğer Finansal Aracılar (Konsolide Akım)",sum,0.0
bie_finhestnks610125,2020-Q1,TP.FINHESTNKS610125.ZP20,"VF.6.Sigorta ve Emeklilik Sözleşmeleri, Diğer Finansal Aracılar (Konsolide Akım)",sum,0.0
bie_finhestnks610125,2020-Q1,TP.FINHESTNKS610125.ZP21,"VF.7.Finansal Türevler, Diğer Finansal Aracılar (Konsolide Akım)",sum,-1083933.7518
bie_finhestnks610125,2020-Q1,TP.FINHESTNKS610125.ZP22,"VF.8.Diğer Alacaklar, Diğer Finansal Aracılar (Konsolide Akım)",sum,905248.5355
bie_finhestnks610125,2020-Q1,TP.FINHESTNKS610125.ZP23,"VF.0.Toplam Varlıklar, Diğer Finansal Aracılar (Konsolide Akım)",sum,-4068176.0261
bie_finhestnks610125,2020-Q1,TP.FINHESTNKS610125.ZP24,"F.1.Parasal Altın ve SDR, Diğer Finansal Aracılar (Konsolide Akım)",sum,0.0
bie_finhestnks610125,2020-Q1,TP.FINHESTNKS610125.ZP26,"F.1.2.Özel Çekme Hakları (SDR), Diğer Finansal Aracılar (Konsolide Akım)",sum,0.0
bie_finhestnks610125,2020-Q1,TP.FINHESTNKS610125.ZP27,"F.2.Para ve Mevduat, Diğer Finansal Aracılar (Konsolide Akım)",sum,0.0
bie_finhestnks610125,2020-Q1,TP.FINHESTNKS610125.ZP28,"F.2.1.Para, Diğer Finansal Aracılar (Konsolide Akım)",sum,0.0
bie_finhestnks610125,2020-Q1,TP.FINHESTNKS610125.ZP29,"F.2.2.Vadesiz Mevduat, Diğer Finansal Aracılar (Konsolide Akım)",sum,0.0
bie_finhestnks610125,2020-Q1,TP.FINHESTNKS610125.ZP30,"F.2.9.Vadeli Mevduat, Diğer Finansal Aracılar (Konsolide Akım)",sum,0.0
bie_finhestnks610125,2020-Q1,TP.FINHESTNKS610125.ZP31,"F.3.Borçlanma Senetleri, Diğer Finansal Aracılar (Konsolide Akım)",sum,-1665959.3809
bie_finhestnks610125,2020-Q1,TP.FINHESTNKS610125.ZP32,"F.3.1.Kısa Vadeli Borçlanma Senetleri, Diğer Finansal Aracılar (Konsolide Akım)",sum,-1066214.0038
bie_finhestnks610125,2020-Q1,TP.FINHESTNKS610125.ZP33,"F.3.2.Uzun Vadeli Borçlanma Senetleri, Diğer Finansal Aracılar (Konsolide Akım)",sum,-599745.3771
bie_finhestnks610125,2020-Q1,TP.FINHESTNKS610125.ZP34,"F.4.Krediler, Diğer Finansal Aracılar (Konsolide Akım)",sum,-2942359.204
bie_finhestnks610125,2020-Q1,TP.FINHESTNKS610125.ZP35,"F.4.1.Kısa Vadeli Krediler, Diğer Finansal Aracılar (Konsolide Akım)",sum,-1145080.0896
bie_finhestnks610125,2020-Q1,TP.FINHESTNKS610125.ZP36,"F.4.2.Uzun Vadeli Krediler, Diğer Finansal Aracılar (Konsolide Akım)",sum,-1797279.1145
bie_finhestnks610125,2020-Q1,TP.FINHESTNKS610125.ZP37,"F.5.Hisse Senetleri ve Özkaynaklar, Diğer Finansal Aracılar (Konsolide Akım)",sum,194665.4869
bie_finhestnks610125,2020-Q1,TP.FINHESTNKS610125.ZP38,"F.5.1.Hisse Senetleri ve Özkaynaklar, Diğer Finansal Aracılar (Konsolide Akım)",sum,194665.4869
bie_finhestnks610125,2020-Q1,TP.FINHESTNKS610125.ZP39,"F.5.2.Yatırım Fonu Katılma Belgeleri, Diğer Finansal Aracılar (Konsolide Akım)",sum,0.0
bie_finhestnks610125,2020-Q1,TP.FINHESTNKS610125.ZP40,"F.5.2.1.Para Piyasası Fonları, Diğer Finansal Aracılar (Konsolide Akım)",sum,0.0
bie_finhestnks610125,2020-Q1,TP.FINHESTNKS610125.ZP41,"F.5.2.2.Diğer Yatırım Fonları, Diğer Finansal Aracılar (Konsolide Akım)",sum,0.0
bie_finhestnks610125,2020-Q1,TP.FINHESTNKS610125.ZP42,"F.6.Sigorta ve Emeklilik Sözleşmeleri, Diğer Finansal Aracılar (Konsolide Akım)",sum,0.0
bie_finhestnks610125,2020-Q1,TP.FINHESTNKS610125.ZP43,"F.7.Finansal Türevler, Diğer Finansal Aracılar (Konsolide Akım)",sum,274021.8415
bie_finhestnks610125,2020-Q1,TP.FINHESTNKS610125.ZP44,"F.8.Diğer Borçlar, Diğer Finansal Aracılar (Konsolide Akım)",sum,1143739.5215
bie_finhestnks610125,2020-Q1,TP.FINHESTNKS610125.ZP45,"F.0.Toplam Yükümlülükler, Diğer Finansal Aracılar (Konsolide Akım)",sum,-2995891.735
bie_finhestnks610125,2020-Q2,TP.FINHESTNKS610125.ZP1,"BF.9.NET FİNANSAL DEĞER, Diğer Finansal Aracılar (Konsolide Akım)",sum,2637708.9897
bie_finhestnks610125,2020-Q2,TP.FINHESTNKS610125.ZP2,"VF.1.Parasal Altın ve SDR, Diğer Finansal Aracılar (Konsolide Akım)",sum,0.0
bie_finhestnks610125,2020-Q2,TP.FINHESTNKS610125.ZP3,"VF.1.1.Parasal Altın, Diğer Finansal Aracılar (Konsolide Akım)",sum,0.0
bie_finhestnks610125,2020-Q2,TP.FINHESTNKS610125.ZP4,"VF.1.2.Özel Çekme Hakları (SDR), Diğer Finansal Aracılar (Konsolide Akım)",sum,0.0
bie_finhestnks610125,2020-Q2,TP.FINHESTNKS610125.ZP5,"VF.2.Para ve Mevduat, Diğer Finansal Aracılar (Konsolide Akım)",sum,-397585.7416
bie_finhestnks610125,2020-Q2,TP.FINHESTNKS610125.ZP6,"VF.2.1.Para, Diğer Finansal Aracılar (Konsolide Akım)",sum,1201.0855
bie_finhestnks610125,2020-Q2,TP.FINHESTNKS610125.ZP7,"VF.2.2.Vadesiz Mevduat, Diğer Finansal Aracılar (Konsolide Akım)",sum,36358.4426
bie_finhestnks610125,2020-Q2,TP.FINHESTNKS610125.ZP8,"VF.2.9.Vadeli Mevduat, Diğer Finansal Aracılar (Konsolide Akım)",sum,-435145.2696
bie_finhestnks610125,2020-Q2,TP.FINHESTNKS610125.ZP9,"VF.3.Borçlanma Senetleri, Diğer Finansal Aracılar (Konsolide Akım)",sum,-216583.4357
bie_finhestnks610125,2020-Q2,TP.FINHESTNKS610125.ZP10,"VF.3.1.Kısa Vadeli Borçlanma Senetleri, Diğer Finansal Aracılar (Konsolide Akım)",sum,-124318.8921
bie_finhestnks610125,2020-Q2,TP.FINHESTNKS610125.ZP11,"VF.3.2.Uzun Vadeli Borçlanma Senetleri, Diğer Finansal Aracılar (Konsolide Akım)",sum,-92264.5436
bie_finhestnks610125,2020-Q2,TP.FINHESTNKS610125.ZP12,"VF.4.Krediler, Diğer Finansal Aracılar (Konsolide Akım)",sum,-1133979.48
bie_finhestnks610125,2020-Q2,TP.FINHESTNKS610125.ZP13,"VF.4.1.Kısa Vadeli Krediler, Diğer Finansal Aracılar (Konsolide Akım)",sum,-1133979.48
bie_finhestnks610125,2020-Q2,TP.FINHESTNKS610125.ZP14,"VF.4.2.Uzun Vadeli Krediler, Diğer Finansal Aracılar (Konsolide Akım)",sum,0.0
bie_finhestnks610125,2020-Q2,TP.FINHESTNKS610125.ZP15,"VF.5.Hisse Senetleri ve Özkaynaklar, Diğer Finansal Aracılar (Konsolide Akım)",sum,1736462.8498
bie_finhestnks610125,2020-Q2,TP.FINHESTNKS610125.ZP16,"VF.5.1.Hisse Senetleri ve Özkaynaklar, Diğer Finansal Aracılar (Konsolide Akım)",sum,1736462.8498
bie_finhestnks610125,2020-Q2,TP.FINHESTNKS610125.ZP17,"VF.5.2.Yatırım Fonu Katılma Belgeleri, Diğer Finansal Aracılar (Konsolide Akım)",sum,0.0
bie_finhestnks610125,2020-Q2,TP.FINHESTNKS610125.ZP18,"VF.5.2.1.Para Piyasası Fonları, Diğer Finansal Aracılar (Konsolide Akım)",sum,0.0
bie_finhestnks610125,2020-Q2,TP.FINHESTNKS610125.ZP19,"VF.5.2.2.Diğer Yatırım Fonları, Diğer Finansal Aracılar (Konsolide Akım)",sum,0.0
bie_finhestnks610125,2020-Q2,TP.FINHESTNKS610125.ZP20,"VF.6.Sigorta ve Emeklilik Sözleşmeleri, Diğer Finansal Aracılar (Konsolide Akım)",sum,0.0
bie_finhestnks610125,2020-Q2,TP.FINHESTNKS610125.ZP21,"VF.7.Finansal Türevler, Diğer Finansal Aracılar (Konsolide Akım)",sum,1852408.2685
bie_finhestnks610125,2020-Q2,TP.FINHESTNKS610125.ZP22,"VF.8.Diğer Alacaklar, Diğer Finansal Aracılar (Konsolide Akım)",sum,2879647.3804
bie_finhestnks610125,2020-Q2,TP.FINHESTNKS610125.ZP23,"VF.0.Toplam Varlıklar, Diğer Finansal Aracılar (Konsolide Akım)",sum,4720369.8414
bie_finhestnks610125,2020-Q2,TP.FINHESTNKS610125.ZP24,"F.1.Parasal Altın ve SDR, Diğer Finansal Aracılar (Konsolide Akım)",sum,0.0
bie_finhestnks610125,2020-Q2,TP.FINHESTNKS610125.ZP26,"F.1.2.Özel Çekme Hakları (SDR), Diğer Finansal Aracılar (Konsolide Akım)",sum,0.0
bie_finhestnks610125,2020-Q2,TP.FINHESTNKS610125.ZP27,"F.2.Para ve Mevduat, Diğer Finansal Aracılar (Konsolide Akım)",sum,0.0
bie_finhestnks610125,2020-Q2,TP.FINHESTNKS610125.ZP28,"F.2.1.Para, Diğer Finansal Aracılar (Konsolide Akım)",sum,0.0
bie_finhestnks610125,2020-Q2,TP.FINHESTNKS610125.ZP29,"F.2.2.Vadesiz Mevduat, Diğer Finansal Aracılar (Konsolide Akım)",sum,0.0
bie_finhestnks610125,2020-Q2,TP.FINHESTNKS610125.ZP30,"F.2.9.Vadeli Mevduat, Diğer Finansal Aracılar (Konsolide Akım)",sum,0.0
bie_finhestnks610125,2020-Q2,TP.FINHESTNKS610125.ZP31,"F.3.Borçlanma Senetleri, Diğer Finansal Aracılar (Konsolide Akım)",sum,40269.2994
bie_finhestnks610125,2020-Q2,TP.FINHESTNKS610125.ZP32,"F.3.1.Kısa Vadeli Borçlanma Senetleri, Diğer Finansal Aracılar (Konsolide Akım)",sum,25772.3516
bie_finhestnks610125,2020-Q2,TP.FINHESTNKS610125.ZP33,"F.3.2.Uzun Vadeli Borçlanma Senetleri, Diğer Finansal Aracılar (Konsolide Akım)",sum,14496.9478
bie_finhestnks610125,2020-Q2,TP.FINHESTNKS610125.ZP34,"F.4.Krediler, Diğer Finansal Aracılar (Konsolide Akım)",sum,-1450693.6262
bie_finhestnks610125,2020-Q2,TP.FINHESTNKS610125.ZP35,"F.4.1.Kısa Vadeli Krediler, Diğer Finansal Aracılar (Konsolide Akım)",sum,-565770.5142
bie_finhestnks610125,2020-Q2,TP.FINHESTNKS610125.ZP36,"F.4.2.Uzun Vadeli Krediler, Diğer Finansal Aracılar (Konsolide Akım)",sum,-884923.112
bie_finhestnks610125,2020-Q2,TP.FINHESTNKS610125.ZP37,"F.5.Hisse Senetleri ve Özkaynaklar, Diğer Finansal Aracılar (Konsolide Akım)",sum,303225.8402
bie_finhestnks610125,2020-Q2,TP.FINHESTNKS610125.ZP38,"F.5.1.Hisse Senetleri ve Özkaynaklar, Diğer Finansal Aracılar (Konsolide Akım)",sum,303225.8402
bie_finhestnks610125,2020-Q2,TP.FINHESTNKS610125.ZP39,"F.5.2.Yatırım Fonu Katılma Belgeleri, Diğer Finansal Aracılar (Konsolide Akım)",sum,0.0
bie_finhestnks610125,2020-Q2,TP.FINHESTNKS610125.ZP40,"F.5.2.1.Para Piyasası Fonları, Diğer Finansal Aracılar (Konsolide Akım)",sum,0.0
bie_finhestnks610125,2020-Q2,TP.FINHESTNKS610125.ZP41,"F.5.2.2.Diğer Yatırım Fonları, Diğer Finansal Aracılar (Konsolide Akım)",sum,0.0
bie_finhestnks610125,2020-Q2,TP.FINHESTNKS610125.ZP42,"F.6.Sigorta ve Emeklilik Sözleşmeleri, Diğer Finansal Aracılar (Konsolide Akım)",sum,0.0
bie_finhestnks610125,2020-Q2,TP.FINHESTNKS610125.ZP43,"F.7.Finansal Türevler, Diğer Finansal Aracılar (Konsolide Akım)",sum,-281126.5809
bie_finhestnks610125,2020-Q2,TP.FINHESTNKS610125.ZP44,"F.8.Diğer Borçlar, Diğer Finansal Aracılar (Konsolide Akım)",sum,3470985.9192
bie_finhestnks610125,2020-Q2,TP.FINHESTNKS610125.ZP45,"F.0.Toplam Yükümlülükler, Diğer Finansal Aracılar (Konsolide Akım)",sum,2082660.8518
bie_finhestnks610125,2020-Q3,TP.FINHESTNKS610125.ZP1,"BF.9.NET FİNANSAL DEĞER, Diğer Finansal Aracılar (Konsolide Akım)",sum,-13687832.7034
bie_finhestnks610125,2020-Q3,TP.FINHESTNKS610125.ZP2,"VF.1.Parasal Altın ve SDR, Diğer Finansal Aracılar (Konsolide Akım)",sum,0.0
bie_finhestnks610125,2020-Q3,TP.FINHESTNKS610125.ZP3,"VF.1.1.Parasal Altın, Diğer Finansal Aracılar (Konsolide Akım)",sum,0.0
bie_finhestnks610125,2020-Q3,TP.FINHESTNKS610125.ZP4,"VF.1.2.Özel Çekme Hakları (SDR), Diğer Finansal Aracılar (Konsolide Akım)",sum,0.0
bie_finhestnks610125,2020-Q3,TP.FINHESTNKS610125.ZP5,"VF.2.Para ve Mevduat, Diğer Finansal Aracılar (Konsolide Akım)",sum,-2123532.9277
bie_finhestnks610125,2020-Q3,TP.FINHESTNKS610125.ZP6,"VF.2.1.Para, Diğer Finansal Aracılar (Konsolide Akım)",sum,-1242.5118
bie_finhestnks610125,2020-Q3,TP.FINHESTNKS610125.ZP7,"VF.2.2.Vadesiz Mevduat, Diğer Finansal Aracılar (Konsolide Akım)",sum,766835.0141
bie_finhestnks610125,2020-Q3,TP.FINHESTNKS610125.ZP8,"VF.2.9.Vadeli Mevduat, Diğer Finansal Aracılar (Konsolide Akım)",sum,-2889125.43
bie_finhestnks610125,2020-Q3,TP.FINHESTNKS610125.ZP9,"VF.3.Borçlanma Senetleri, Diğer Finansal Aracılar (Konsolide Akım)",sum,106907.7941
bie_finhestnks610125,2020-Q3,TP.FINHESTNKS610125.ZP10,"VF.3.1.Kısa Vadeli Borçlanma Senetleri, Diğer Finansal Aracılar (Konsolide Akım)",sum,61365.0738
bie_finhestnks610125,2020-Q3,TP.FINHESTNKS610125.ZP11,"VF.3.2.Uzun Vadeli Borçlanma Senetleri, Diğer Finansal Aracılar (Konsolide Akım)",sum,45542.7203
bie_finhestnks610125,2020-Q3,TP.FINHESTNKS610125.ZP12,"VF.4.Krediler, Diğer Finansal Aracılar (Konsolide Akım)",sum,6907648.8882
bie_finhestnks610125,2020-Q3,TP.FINHESTNKS610125.ZP13,"VF.4.1.Kısa Vadeli Krediler, Diğer Finansal Aracılar (Konsolide Akım)",sum,6907648.8882
bie_finhestnks610125,2020-Q3,TP.FINHESTNKS610125.ZP14,"VF.4.2.Uzun Vadeli Krediler, Diğer Finansal Aracılar (Konsolide Akım)",sum,0.0
bie_finhestnks610125,2020-Q3,TP.FINHESTNKS610125.ZP15,"VF.5.Hisse Senetleri ve Özkaynaklar, Diğer Finansal Aracılar (Konsolide Akım)",sum,-401060.2671
bie_finhestnks610125,2020-Q3,TP.FINHESTNKS610125.ZP16,"VF.5.1.Hisse Senetleri ve Özkaynaklar, Diğer Finansal Aracılar (Konsolide Akım)",sum,-401060.2671
bie_finhestnks610125,2020-Q3,TP.FINHESTNKS610125.ZP17,"VF.5.2.Yatırım Fonu Katılma Belgeleri, Diğer Finansal Aracılar (Konsolide Akım)",sum,0.0
bie_finhestnks610125,2020-Q3,TP.FINHESTNKS610125.ZP18,"VF.5.2.1.Para Piyasası Fonları, Diğer Finansal Aracılar (Konsolide Akım)",sum,0.0
bie_finhestnks610125,2020-Q3,TP.FINHESTNKS610125.ZP19,"VF.5.2.2.Diğer Yatırım Fonları, Diğer Finansal Aracılar (Konsolide Akım)",sum,0.0
bie_finhestnks610125,2020-Q3,TP.FINHESTNKS610125.ZP20,"VF.6.Sigorta ve Emeklilik Sözleşmeleri, Diğer Finansal Aracılar (Konsolide Akım)",sum,0.0
bie_finhestnks610125,2020-Q3,TP.FINHESTNKS610125.ZP21,"VF.7.Finansal Türevler, Diğer Finansal Aracılar (Konsolide Akım)",sum,-14067924.0133
bie_finhestnks610125,2020-Q3,TP.FINHESTNKS610125.ZP22,"VF.8.Diğer Alacaklar, Diğer Finansal Aracılar (Konsolide Akım)",sum,1784486.3662
bie_finhestnks610125,2020-Q3,TP.FINHESTNKS610125.ZP23,"VF.0.Toplam Varlıklar, Diğer Finansal Aracılar (Konsolide Akım)",sum,-7793474.1595
bie_finhestnks610125,2020-Q3,TP.FINHESTNKS610125.ZP24,"F.1.Parasal Altın ve SDR, Diğer Finansal Aracılar (Konsolide Akım)",sum,0.0
bie_finhestnks610125,2020-Q3,TP.FINHESTNKS610125.ZP26,"F.1.2.Özel Çekme Hakları (SDR), Diğer Finansal Aracılar (Konsolide Akım)",sum,0.0
bie_finhestnks610125,2020-Q3,TP.FINHESTNKS610125.ZP27,"F.2.Para ve Mevduat, Diğer Finansal Aracılar (Konsolide Akım)",sum,0.0
bie_finhestnks610125,2020-Q3,TP.FINHESTNKS610125.ZP28,"F.2.1.Para, Diğer Finansal Aracılar (Konsolide Akım)",sum,0.0
bie_finhestnks610125,2020-Q3,TP.FINHESTNKS610125.ZP29,"F.2.2.Vadesiz Mevduat, Diğer Finansal Aracılar (Konsolide Akım)",sum,0.0
bie_finhestnks610125,2020-Q3,TP.FINHESTNKS610125.ZP30,"F.2.9.Vadeli Mevduat, Diğer Finansal Aracılar (Konsolide Akım)",sum,0.0
bie_finhestnks610125,2020-Q3,TP.FINHESTNKS610125.ZP31,"F.3.Borçlanma Senetleri, Diğer Finansal Aracılar (Konsolide Akım)",sum,1136.296
bie_finhestnks610125,2020-Q3,TP.FINHESTNKS610125.ZP32,"F.3.1.Kısa Vadeli Borçlanma Senetleri, Diğer Finansal Aracılar (Konsolide Akım)",sum,727.2294
bie_finhestnks610125,2020-Q3,TP.FINHESTNKS610125.ZP33,"F.3.2.Uzun Vadeli Borçlanma Senetleri, Diğer Finansal Aracılar (Konsolide Akım)",sum,409.0666
bie_finhestnks610125,2020-Q3,TP.FINHESTNKS610125.ZP34,"F.4.Krediler, Diğer Finansal Aracılar (Konsolide Akım)",sum,2399909.1894
bie_finhestnks610125,2020-Q3,TP.FINHESTNKS610125.ZP35,"F.4.1.Kısa Vadeli Krediler, Diğer Finansal Aracılar (Konsolide Akım)",sum,935964.5839
bie_finhestnks610125,2020-Q3,TP.FINHESTNKS610125.ZP36,"F.4.2.Uzun Vadeli Krediler, Diğer Finansal Aracılar (Konsolide Akım)",sum,1463944.6055
bie_finhestnks610125,2020-Q3,TP.FINHESTNKS610125.ZP37,"F.5.Hisse Senetleri ve Özkaynaklar, Diğer Finansal Aracılar (Konsolide Akım)",sum,172985.6485
bie_finhestnks610125,2020-Q3,TP.FINHESTNKS610125.ZP38,"F.5.1.Hisse Senetleri ve Özkaynaklar, Diğer Finansal Aracılar (Konsolide Akım)",sum,172985.6485
bie_finhestnks610125,2020-Q3,TP.FINHESTNKS610125.ZP39,"F.5.2.Yatırım Fonu Katılma Belgeleri, Diğer Finansal Aracılar (Konsolide Akım)",sum,0.0
bie_finhestnks610125,2020-Q3,TP.FINHESTNKS610125.ZP40,"F.5.2.1.Para Piyasası Fonları, Diğer Finansal Aracılar (Konsolide Akım)",sum,0.0
bie_finhestnks610125,2020-Q3,TP.FINHESTNKS610125.ZP41,"F.5.2.2.Diğer Yatırım Fonları, Diğer Finansal Aracılar (Konsolide Akım)",sum,0.0
bie_finhestnks610125,2020-Q3,TP.FINHESTNKS610125.ZP42,"F.6.Sigorta ve Emeklilik Sözleşmeleri, Diğer Finansal Aracılar (Konsolide Akım)",sum,0.0
bie_finhestnks610125,2020-Q3,TP.FINHESTNKS610125.ZP43,"F.7.Finansal Türevler, Diğer Finansal Aracılar (Konsolide Akım)",sum,508825.6196
bie_finhestnks610125,2020-Q3,TP.FINHESTNKS610125.ZP44,"F.8.Diğer Borçlar, Diğer Finansal Aracılar (Konsolide Akım)",sum,2811501.7904
bie_finhestnks610125,2020-Q3,TP.FINHESTNKS610125.ZP45,"F.0.Toplam Yükümlülükler, Diğer Finansal Aracılar (Konsolide Akım)",sum,5894358.5439
bie_finhestnks610125,2020-Q4,TP.FINHESTNKS610125.ZP1,"BF.9.NET FİNANSAL DEĞER, Diğer Finansal Aracılar (Konsolide Akım)",sum,27651943.23
bie_finhestnks610125,2020-Q4,TP.FINHESTNKS610125.ZP2,"VF.1.Parasal Altın ve SDR, Diğer Finansal Aracılar (Konsolide Akım)",sum,0.0
bie_finhestnks610125,2020-Q4,TP.FINHESTNKS610125.ZP3,"VF.1.1.Parasal Altın, Diğer Finansal Aracılar (Konsolide Akım)",sum,0.0
bie_finhestnks610125,2020-Q4,TP.FINHESTNKS610125.ZP4,"VF.1.2.Özel Çekme Hakları (SDR), Diğer Finansal Aracılar (Konsolide Akım)",sum,0.0
bie_finhestnks610125,2020-Q4,TP.FINHESTNKS610125.ZP5,"VF.2.Para ve Mevduat, Diğer Finansal Aracılar (Konsolide Akım)",sum,1035807.1695
bie_finhestnks610125,2020-Q4,TP.FINHESTNKS610125.ZP6,"VF.2.1.Para, Diğer Finansal Aracılar (Konsolide Akım)",sum,-1041.645
bie_finhestnks610125,2020-Q4,TP.FINHESTNKS610125.ZP7,"VF.2.2.Vadesiz Mevduat, Diğer Finansal Aracılar (Konsolide Akım)",sum,-122663.749
bie_finhestnks610125,2020-Q4,TP.FINHESTNKS610125.ZP8,"VF.2.9.Vadeli Mevduat, Diğer Finansal Aracılar (Konsolide Akım)",sum,1159512.5635
bie_finhestnks610125,2020-Q4,TP.FINHESTNKS610125.ZP9,"VF.3.Borçlanma Senetleri, Diğer Finansal Aracılar (Konsolide Akım)",sum,740130.4302
bie_finhestnks610125,2020-Q4,TP.FINHESTNKS610125.ZP10,"VF.3.1.Kısa Vadeli Borçlanma Senetleri, Diğer Finansal Aracılar (Konsolide Akım)",sum,424834.8669
bie_finhestnks610125,2020-Q4,TP.FINHESTNKS610125.ZP11,"VF.3.2.Uzun Vadeli Borçlanma Senetleri, Diğer Finansal Aracılar (Konsolide Akım)",sum,315295.5632
bie_finhestnks610125,2020-Q4,TP.FINHESTNKS610125.ZP12,"VF.4.Krediler, Diğer Finansal Aracılar (Konsolide Akım)",sum,15092707.3713
bie_finhestnks610125,2020-Q4,TP.FINHESTNKS610125.ZP13,"VF.4.1.Kısa Vadeli Krediler, Diğer Finansal Aracılar (Konsolide Akım)",sum,15092707.3713
bie_finhestnks610125,2020-Q4,TP.FINHESTNKS610125.ZP14,"VF.4.2.Uzun Vadeli Krediler, Diğer Finansal Aracılar (Konsolide Akım)",sum,0.0
bie_finhestnks610125,2020-Q4,TP.FINHESTNKS610125.ZP15,"VF.5.Hisse Senetleri ve Özkaynaklar, Diğer Finansal Aracılar (Konsolide Akım)",sum,1028266.034
bie_finhestnks610125,2020-Q4,TP.FINHESTNKS610125.ZP16,"VF.5.1.Hisse Senetleri ve Özkaynaklar, Diğer Finansal Aracılar (Konsolide Akım)",sum,1028266.034
bie_finhestnks610125,2020-Q4,TP.FINHESTNKS610125.ZP17,"VF.5.2.Yatırım Fonu Katılma Belgeleri, Diğer Finansal Aracılar (Konsolide Akım)",sum,0.0
bie_finhestnks610125,2020-Q4,TP.FINHESTNKS610125.ZP18,"VF.5.2.1.Para Piyasası Fonları, Diğer Finansal Aracılar (Konsolide Akım)",sum,0.0
bie_finhestnks610125,2020-Q4,TP.FINHESTNKS610125.ZP19,"VF.5.2.2.Diğer Yatırım Fonları, Diğer Finansal Aracılar (Konsolide Akım)",sum,0.0
bie_finhestnks610125,2020-Q4,TP.FINHESTNKS610125.ZP20,"VF.6.Sigorta ve Emeklilik Sözleşmeleri, Diğer Finansal Aracılar (Konsolide Akım)",sum,0.0
bie_finhestnks610125,2020-Q4,TP.FINHESTNKS610125.ZP21,"VF.7.Finansal Türevler, Diğer Finansal Aracılar (Konsolide Akım)",sum,25359254.4452
bie_finhestnks610125,2020-Q4,TP.FINHESTNKS610125.ZP22,"VF.8.Diğer Alacaklar, Diğer Finansal Aracılar (Konsolide Akım)",sum,2654334.1958
bie_finhestnks610125,2020-Q4,TP.FINHESTNKS610125.ZP23,"VF.0.Toplam Varlıklar, Diğer Finansal Aracılar (Konsolide Akım)",sum,45910499.6459
bie_finhestnks610125,2020-Q4,TP.FINHESTNKS610125.ZP24,"F.1.Parasal Altın ve SDR, Diğer Finansal Aracılar (Konsolide Akım)",sum,0.0
bie_finhestnks610125,2020-Q4,TP.FINHESTNKS610125.ZP26,"F.1.2.Özel Çekme Hakları (SDR), Diğer Finansal Aracılar (Konsolide Akım)",sum,0.0
bie_finhestnks610125,2020-Q4,TP.FINHESTNKS610125.ZP27,"F.2.Para ve Mevduat, Diğer Finansal Aracılar (Konsolide Akım)",sum,0.0
bie_finhestnks610125,2020-Q4,TP.FINHESTNKS610125.ZP28,"F.2.1.Para, Diğer Finansal Aracılar (Konsolide Akım)",sum,0.0
bie_finhestnks610125,2020-Q4,TP.FINHESTNKS610125.ZP29,"F.2.2.Vadesiz Mevduat, Diğer Finansal Aracılar (Konsolide Akım)",sum,0.0
bie_finhestnks610125,2020-Q4,TP.FINHESTNKS610125.ZP30,"F.2.9.Vadeli Mevduat, Diğer Finansal Aracılar (Konsolide Akım)",sum,0.0
bie_finhestnks610125,2020-Q4,TP.FINHESTNKS610125.ZP31,"F.3.Borçlanma Senetleri, Diğer Finansal Aracılar (Konsolide Akım)",sum,1948472.499
bie_finhestnks610125,2020-Q4,TP.FINHESTNKS610125.ZP32,"F.3.1.Kısa Vadeli Borçlanma Senetleri, Diğer Finansal Aracılar (Konsolide Akım)",sum,1247022.3994
bie_finhestnks610125,2020-Q4,TP.FINHESTNKS610125.ZP33,"F.3.2.Uzun Vadeli Borçlanma Senetleri, Diğer Finansal Aracılar (Konsolide Akım)",sum,701450.0996
bie_finhestnks610125,2020-Q4,TP.FINHESTNKS610125.ZP34,"F.4.Krediler, Diğer Finansal Aracılar (Konsolide Akım)",sum,13437547.392
bie_finhestnks610125,2020-Q4,TP.FINHESTNKS610125.ZP35,"F.4.1.Kısa Vadeli Krediler, Diğer Finansal Aracılar (Konsolide Akım)",sum,5240643.4829
bie_finhestnks610125,2020-Q4,TP.FINHESTNKS610125.ZP36,"F.4.2.Uzun Vadeli Krediler, Diğer Finansal Aracılar (Konsolide Akım)",sum,8196903.9091
bie_finhestnks610125,2020-Q4,TP.FINHESTNKS610125.ZP37,"F.5.Hisse Senetleri ve Özkaynaklar, Diğer Finansal Aracılar (Konsolide Akım)",sum,169381.7904
bie_finhestnks610125,2020-Q4,TP.FINHESTNKS610125.ZP38,"F.5.1.Hisse Senetleri ve Özkaynaklar, Diğer Finansal Aracılar (Konsolide Akım)",sum,169381.7904
bie_finhestnks610125,2020-Q4,TP.FINHESTNKS610125.ZP39,"F.5.2.Yatırım Fonu Katılma Belgeleri, Diğer Finansal Aracılar (Konsolide Akım)",sum,0.0
bie_finhestnks610125,2020-Q4,TP.FINHESTNKS610125.ZP40,"F.5.2.1.Para Piyasası Fonları, Diğer Finansal Aracılar (Konsolide Akım)",sum,0.0
bie_finhestnks610125,2020-Q4,TP.FINHESTNKS610125.ZP41,"F.5.2.2.Diğer Yatırım Fonları, Diğer Finansal Aracılar (Konsolide Akım)",sum,0.0
bie_finhestnks610125,2020-Q4,TP.FINHESTNKS610125.ZP42,"F.6.Sigorta ve Emeklilik Sözleşmeleri, Diğer Finansal Aracılar (Konsolide Akım)",sum,0.0
bie_finhestnks610125,2020-Q4,TP.FINHESTNKS610125.ZP43,"F.7.Finansal Türevler, Diğer Finansal Aracılar (Konsolide Akım)",sum,-418700.8848
bie_finhestnks610125,2020-Q4,TP.FINHESTNKS610125.ZP44,"F.8.Diğer Borçlar, Diğer Finansal Aracılar (Konsolide Akım)",sum,3121855.6193
bie_finhestnks610125,2020-Q4,TP.FINHESTNKS610125.ZP45,"F.0.Toplam Yükümlülükler, Diğer Finansal Aracılar (Konsolide Akım)",sum,18258556.416
bie_finhestnks610125,2021-Q1,TP.FINHESTNKS610125.ZP1,"BF.9.NET FİNANSAL DEĞER, Diğer Finansal Aracılar (Konsolide Akım)",sum,1239292.4587
bie_finhestnks610125,2021-Q1,TP.FINHESTNKS610125.ZP2,"VF.1.Parasal Altın ve SDR, Diğer Finansal Aracılar (Konsolide Akım)",sum,0.0
bie_finhestnks610125,2021-Q1,TP.FINHESTNKS610125.ZP3,"VF.1.1.Parasal Altın, Diğer Finansal Aracılar (Konsolide Akım)",sum,0.0
bie_finhestnks610125,2021-Q1,TP.FINHESTNKS610125.ZP4,"VF.1.2.Özel Çekme Hakları (SDR), Diğer Finansal Aracılar (Konsolide Akım)",sum,0.0
bie_finhestnks610125,2021-Q1,TP.FINHESTNKS610125.ZP5,"VF.2.Para ve Mevduat, Diğer Finansal Aracılar (Konsolide Akım)",sum,3327495.3684
bie_finhestnks610125,2021-Q1,TP.FINHESTNKS610125.ZP6,"VF.2.1.Para, Diğer Finansal Aracılar (Konsolide Akım)",sum,1371.4393
bie_finhestnks610125,2021-Q1,TP.FINHESTNKS610125.ZP7,"VF.2.2.Vadesiz Mevduat, Diğer Finansal Aracılar (Konsolide Akım)",sum,1322970.972
bie_finhestnks610125,2021-Q1,TP.FINHESTNKS610125.ZP8,"VF.2.9.Vadeli Mevduat, Diğer Finansal Aracılar (Konsolide Akım)",sum,2003152.9571
bie_finhestnks610125,2021-Q1,TP.FINHESTNKS610125.ZP9,"VF.3.Borçlanma Senetleri, Diğer Finansal Aracılar (Konsolide Akım)",sum,302938.3293
bie_finhestnks610125,2021-Q1,TP.FINHESTNKS610125.ZP10,"VF.3.1.Kısa Vadeli Borçlanma Senetleri, Diğer Finansal Aracılar (Konsolide Akım)",sum,105897.4383
bie_finhestnks610125,2021-Q1,TP.FINHESTNKS610125.ZP11,"VF.3.2.Uzun Vadeli Borçlanma Senetleri, Diğer Finansal Aracılar (Konsolide Akım)",sum,197040.891
bie_finhestnks610125,2021-Q1,TP.FINHESTNKS610125.ZP12,"VF.4.Krediler, Diğer Finansal Aracılar (Konsolide Akım)",sum,1921521.2286
bie_finhestnks610125,2021-Q1,TP.FINHESTNKS610125.ZP13,"VF.4.1.Kısa Vadeli Krediler, Diğer Finansal Aracılar (Konsolide Akım)",sum,1921521.2286
bie_finhestnks610125,2021-Q1,TP.FINHESTNKS610125.ZP14,"VF.4.2.Uzun Vadeli Krediler, Diğer Finansal Aracılar (Konsolide Akım)",sum,0.0
bie_finhestnks610125,2021-Q1,TP.FINHESTNKS610125.ZP15,"VF.5.Hisse Senetleri ve Özkaynaklar, Diğer Finansal Aracılar (Konsolide Akım)",sum,304521.2186
bie_finhestnks610125,2021-Q1,TP.FINHESTNKS610125.ZP16,"VF.5.1.Hisse Senetleri ve Özkaynaklar, Diğer Finansal Aracılar (Konsolide Akım)",sum,304521.2186
bie_finhestnks610125,2021-Q1,TP.FINHESTNKS610125.ZP17,"VF.5.2.Yatırım Fonu Katılma Belgeleri, Diğer Finansal Aracılar (Konsolide Akım)",sum,0.0
bie_finhestnks610125,2021-Q1,TP.FINHESTNKS610125.ZP18,"VF.5.2.1.Para Piyasası Fonları, Diğer Finansal Aracılar (Konsolide Akım)",sum,0.0
bie_finhestnks610125,2021-Q1,TP.FINHESTNKS610125.ZP19,"VF.5.2.2.Diğer Yatırım Fonları, Diğer Finansal Aracılar (Konsolide Akım)",sum,0.0
bie_finhestnks610125,2021-Q1,TP.FINHESTNKS610125.ZP20,"VF.6.Sigorta ve Emeklilik Sözleşmeleri, Diğer Finansal Aracılar (Konsolide Akım)",sum,0.0
bie_finhestnks610125,2021-Q1,TP.FINHESTNKS610125.ZP21,"VF.7.Finansal Türevler, Diğer Finansal Aracılar (Konsolide Akım)",sum,-42377.4961
bie_finhestnks610125,2021-Q1,TP.FINHESTNKS610125.ZP22,"VF.8.Diğer Alacaklar, Diğer Finansal Aracılar (Konsolide Akım)",sum,176128.1381
bie_finhestnks610125,2021-Q1,TP.FINHESTNKS610125.ZP23,"VF.0.Toplam Varlıklar, Diğer Finansal Aracılar (Konsolide Akım)",sum,5990226.787
bie_finhestnks610125,2021-Q1,TP.FINHESTNKS610125.ZP24,"F.1.Parasal Altın ve SDR, Diğer Finansal Aracılar (Konsolide Akım)",sum,0.0
bie_finhestnks610125,2021-Q1,TP.FINHESTNKS610125.ZP26,"F.1.2.Özel Çekme Hakları (SDR), Diğer Finansal Aracılar (Konsolide Akım)",sum,0.0
bie_finhestnks610125,2021-Q1,TP.FINHESTNKS610125.ZP27,"F.2.Para ve Mevduat, Diğer Finansal Aracılar (Konsolide Akım)",sum,0.0
bie_finhestnks610125,2021-Q1,TP.FINHESTNKS610125.ZP28,"F.2.1.Para, Diğer Finansal Aracılar (Konsolide Akım)",sum,0.0
bie_finhestnks610125,2021-Q1,TP.FINHESTNKS610125.ZP29,"F.2.2.Vadesiz Mevduat, Diğer Finansal Aracılar (Konsolide Akım)",sum,0.0
bie_finhestnks610125,2021-Q1,TP.FINHESTNKS610125.ZP30,"F.2.9.Vadeli Mevduat, Diğer Finansal Aracılar (Konsolide Akım)",sum,0.0
bie_finhestnks610125,2021-Q1,TP.FINHESTNKS610125.ZP31,"F.3.Borçlanma Senetleri, Diğer Finansal Aracılar (Konsolide Akım)",sum,1431114.815
bie_finhestnks610125,2021-Q1,TP.FINHESTNKS610125.ZP32,"F.3.1.Kısa Vadeli Borçlanma Senetleri, Diğer Finansal Aracılar (Konsolide Akım)",sum,1265258.6285
bie_finhestnks610125,2021-Q1,TP.FINHESTNKS610125.ZP33,"F.3.2.Uzun Vadeli Borçlanma Senetleri, Diğer Finansal Aracılar (Konsolide Akım)",sum,165856.1865
bie_finhestnks610125,2021-Q1,TP.FINHESTNKS610125.ZP34,"F.4.Krediler, Diğer Finansal Aracılar (Konsolide Akım)",sum,-29095.7222
bie_finhestnks610125,2021-Q1,TP.FINHESTNKS610125.ZP35,"F.4.1.Kısa Vadeli Krediler, Diğer Finansal Aracılar (Konsolide Akım)",sum,-17166.4761
bie_finhestnks610125,2021-Q1,TP.FINHESTNKS610125.ZP36,"F.4.2.Uzun Vadeli Krediler, Diğer Finansal Aracılar (Konsolide Akım)",sum,-11929.2461
bie_finhestnks610125,2021-Q1,TP.FINHESTNKS610125.ZP37,"F.5.Hisse Senetleri ve Özkaynaklar, Diğer Finansal Aracılar (Konsolide Akım)",sum,-234736.8289
bie_finhestnks610125,2021-Q1,TP.FINHESTNKS610125.ZP38,"F.5.1.Hisse Senetleri ve Özkaynaklar, Diğer Finansal Aracılar (Konsolide Akım)",sum,-234736.8289
bie_finhestnks610125,2021-Q1,TP.FINHESTNKS610125.ZP39,"F.5.2.Yatırım Fonu Katılma Belgeleri, Diğer Finansal Aracılar (Konsolide Akım)",sum,0.0
bie_finhestnks610125,2021-Q1,TP.FINHESTNKS610125.ZP40,"F.5.2.1.Para Piyasası Fonları, Diğer Finansal Aracılar (Konsolide Akım)",sum,0.0
bie_finhestnks610125,2021-Q1,TP.FINHESTNKS610125.ZP41,"F.5.2.2.Diğer Yatırım Fonları, Diğer Finansal Aracılar (Konsolide Akım)",sum,0.0
bie_finhestnks610125,2021-Q1,TP.FINHESTNKS610125.ZP42,"F.6.Sigorta ve Emeklilik Sözleşmeleri, Diğer Finansal Aracılar (Konsolide Akım)",sum,0.0
bie_finhestnks610125,2021-Q1,TP.FINHESTNKS610125.ZP43,"F.7.Finansal Türevler, Diğer Finansal Aracılar (Konsolide Akım)",sum,113694.9684
bie_finhestnks610125,2021-Q1,TP.FINHESTNKS610125.ZP44,"F.8.Diğer Borçlar, Diğer Finansal Aracılar (Konsolide Akım)",sum,3469957.096
bie_finhestnks610125,2021-Q1,TP.FINHESTNKS610125.ZP45,"F.0.Toplam Yükümlülükler, Diğer Finansal Aracılar (Konsolide Akım)",sum,4750934.3283
bie_finhestnks610125,2021-Q2,TP.FINHESTNKS610125.ZP1,"BF.9.NET FİNANSAL DEĞER, Diğer Finansal Aracılar (Konsolide Akım)",sum,-435369.9379
bie_finhestnks610125,2021-Q2,TP.FINHESTNKS610125.ZP2,"VF.1.Parasal Altın ve SDR, Diğer Finansal Aracılar (Konsolide Akım)",sum,0.0
bie_finhestnks610125,2021-Q2,TP.FINHESTNKS610125.ZP3,"VF.1.1.Parasal Altın, Diğer Finansal Aracılar (Konsolide Akım)",sum,0.0
bie_finhestnks610125,2021-Q2,TP.FINHESTNKS610125.ZP4,"VF.1.2.Özel Çekme Hakları (SDR), Diğer Finansal Aracılar (Konsolide Akım)",sum,0.0
bie_finhestnks610125,2021-Q2,TP.FINHESTNKS610125.ZP5,"VF.2.Para ve Mevduat, Diğer Finansal Aracılar (Konsolide Akım)",sum,1007132.3343
bie_finhestnks610125,2021-Q2,TP.FINHESTNKS610125.ZP6,"VF.2.1.Para, Diğer Finansal Aracılar (Konsolide Akım)",sum,-1192.198
bie_finhestnks610125,2021-Q2,TP.FINHESTNKS610125.ZP7,"VF.2.2.Vadesiz Mevduat, Diğer Finansal Aracılar (Konsolide Akım)",sum,17361.9164
bie_finhestnks610125,2021-Q2,TP.FINHESTNKS610125.ZP8,"VF.2.9.Vadeli Mevduat, Diğer Finansal Aracılar (Konsolide Akım)",sum,990962.6158
bie_finhestnks610125,2021-Q2,TP.FINHESTNKS610125.ZP9,"VF.3.Borçlanma Senetleri, Diğer Finansal Aracılar (Konsolide Akım)",sum,-50275.5613
bie_finhestnks610125,2021-Q2,TP.FINHESTNKS610125.ZP10,"VF.3.1.Kısa Vadeli Borçlanma Senetleri, Diğer Finansal Aracılar (Konsolide Akım)",sum,-18790.209
bie_finhestnks610125,2021-Q2,TP.FINHESTNKS610125.ZP11,"VF.3.2.Uzun Vadeli Borçlanma Senetleri, Diğer Finansal Aracılar (Konsolide Akım)",sum,-31485.3523
bie_finhestnks610125,2021-Q2,TP.FINHESTNKS610125.ZP12,"VF.4.Krediler, Diğer Finansal Aracılar (Konsolide Akım)",sum,6759926.6301
bie_finhestnks610125,2021-Q2,TP.FINHESTNKS610125.ZP13,"VF.4.1.Kısa Vadeli Krediler, Diğer Finansal Aracılar (Konsolide Akım)",sum,6759926.6301
bie_finhestnks610125,2021-Q2,TP.FINHESTNKS610125.ZP14,"VF.4.2.Uzun Vadeli Krediler, Diğer Finansal Aracılar (Konsolide Akım)",sum,0.0
bie_finhestnks610125,2021-Q2,TP.FINHESTNKS610125.ZP15,"VF.5.Hisse Senetleri ve Özkaynaklar, Diğer Finansal Aracılar (Konsolide Akım)",sum,-5907.0527
bie_finhestnks610125,2021-Q2,TP.FINHESTNKS610125.ZP16,"VF.5.1.Hisse Senetleri ve Özkaynaklar, Diğer Finansal Aracılar (Konsolide Akım)",sum,-5907.0527
bie_finhestnks610125,2021-Q2,TP.FINHESTNKS610125.ZP17,"VF.5.2.Yatırım Fonu Katılma Belgeleri, Diğer Finansal Aracılar (Konsolide Akım)",sum,0.0
bie_finhestnks610125,2021-Q2,TP.FINHESTNKS610125.ZP18,"VF.5.2.1.Para Piyasası Fonları, Diğer Finansal Aracılar (Konsolide Akım)",sum,0.0
bie_finhestnks610125,2021-Q2,TP.FINHESTNKS610125.ZP19,"VF.5.2.2.Diğer Yatırım Fonları, Diğer Finansal Aracılar (Konsolide Akım)",sum,0.0
bie_finhestnks610125,2021-Q2,TP.FINHESTNKS610125.ZP20,"VF.6.Sigorta ve Emeklilik Sözleşmeleri, Diğer Finansal Aracılar (Konsolide Akım)",sum,0.0
bie_finhestnks610125,2021-Q2,TP.FINHESTNKS610125.ZP21,"VF.7.Finansal Türevler, Diğer Finansal Aracılar (Konsolide Akım)",sum,-62570.6551
bie_finhestnks610125,2021-Q2,TP.FINHESTNKS610125.ZP22,"VF.8.Diğer Alacaklar, Diğer Finansal Aracılar (Konsolide Akım)",sum,-410110.836
bie_finhestnks610125,2021-Q2,TP.FINHESTNKS610125.ZP23,"VF.0.Toplam Varlıklar, Diğer Finansal Aracılar (Konsolide Akım)",sum,7238194.8593
bie_finhestnks610125,2021-Q2,TP.FINHESTNKS610125.ZP24,"F.1.Parasal Altın ve SDR, Diğer Finansal Aracılar (Konsolide Akım)",sum,0.0
bie_finhestnks610125,2021-Q2,TP.FINHESTNKS610125.ZP26,"F.1.2.Özel Çekme Hakları (SDR), Diğer Finansal Aracılar (Konsolide Akım)",sum,0.0
bie_finhestnks610125,2021-Q2,TP.FINHESTNKS610125.ZP27,"F.2.Para ve Mevduat, Diğer Finansal Aracılar (Konsolide Akım)",sum,0.0
bie_finhestnks610125,2021-Q2,TP.FINHESTNKS610125.ZP28,"F.2.1.Para, Diğer Finansal Aracılar (Konsolide Akım)",sum,0.0
bie_finhestnks610125,2021-Q2,TP.FINHESTNKS610125.ZP29,"F.2.2.Vadesiz Mevduat, Diğer Finansal Aracılar (Konsolide Akım)",sum,0.0
bie_finhestnks610125,2021-Q2,TP.FINHESTNKS610125.ZP30,"F.2.9.Vadeli Mevduat, Diğer Finansal Aracılar (Konsolide Akım)",sum,0.0
bie_finhestnks610125,2021-Q2,TP.FINHESTNKS610125.ZP31,"F.3.Borçlanma Senetleri, Diğer Finansal Aracılar (Konsolide Akım)",sum,4747580.168
bie_finhestnks610125,2021-Q2,TP.FINHESTNKS610125.ZP32,"F.3.1.Kısa Vadeli Borçlanma Senetleri, Diğer Finansal Aracılar (Konsolide Akım)",sum,4225867.5253
bie_finhestnks610125,2021-Q2,TP.FINHESTNKS610125.ZP33,"F.3.2.Uzun Vadeli Borçlanma Senetleri, Diğer Finansal Aracılar (Konsolide Akım)",sum,521712.6427
bie_finhestnks610125,2021-Q2,TP.FINHESTNKS610125.ZP34,"F.4.Krediler, Diğer Finansal Aracılar (Konsolide Akım)",sum,5380694.3775
bie_finhestnks610125,2021-Q2,TP.FINHESTNKS610125.ZP35,"F.4.1.Kısa Vadeli Krediler, Diğer Finansal Aracılar (Konsolide Akım)",sum,3120802.739
bie_finhestnks610125,2021-Q2,TP.FINHESTNKS610125.ZP36,"F.4.2.Uzun Vadeli Krediler, Diğer Finansal Aracılar (Konsolide Akım)",sum,2259891.6386
bie_finhestnks610125,2021-Q2,TP.FINHESTNKS610125.ZP37,"F.5.Hisse Senetleri ve Özkaynaklar, Diğer Finansal Aracılar (Konsolide Akım)",sum,1350406.1537
bie_finhestnks610125,2021-Q2,TP.FINHESTNKS610125.ZP38,"F.5.1.Hisse Senetleri ve Özkaynaklar, Diğer Finansal Aracılar (Konsolide Akım)",sum,1350406.1537
bie_finhestnks610125,2021-Q2,TP.FINHESTNKS610125.ZP39,"F.5.2.Yatırım Fonu Katılma Belgeleri, Diğer Finansal Aracılar (Konsolide Akım)",sum,0.0
bie_finhestnks610125,2021-Q2,TP.FINHESTNKS610125.ZP40,"F.5.2.1.Para Piyasası Fonları, Diğer Finansal Aracılar (Konsolide Akım)",sum,0.0
bie_finhestnks610125,2021-Q2,TP.FINHESTNKS610125.ZP41,"F.5.2.2.Diğer Yatırım Fonları, Diğer Finansal Aracılar (Konsolide Akım)",sum,0.0
bie_finhestnks610125,2021-Q2,TP.FINHESTNKS610125.ZP42,"F.6.Sigorta ve Emeklilik Sözleşmeleri, Diğer Finansal Aracılar (Konsolide Akım)",sum,0.0
bie_finhestnks610125,2021-Q2,TP.FINHESTNKS610125.ZP43,"F.7.Finansal Türevler, Diğer Finansal Aracılar (Konsolide Akım)",sum,-370874.1978
bie_finhestnks610125,2021-Q2,TP.FINHESTNKS610125.ZP44,"F.8.Diğer Borçlar, Diğer Finansal Aracılar (Konsolide Akım)",sum,-3434241.7043
bie_finhestnks610125,2021-Q2,TP.FINHESTNKS610125.ZP45,"F.0.Toplam Yükümlülükler, Diğer Finansal Aracılar (Konsolide Akım)",sum,7673564.7972
bie_finhestnks610125,2021-Q3,TP.FINHESTNKS610125.ZP1,"BF.9.NET FİNANSAL DEĞER, Diğer Finansal Aracılar (Konsolide Akım)",sum,1278616.1467
bie_finhestnks610125,2021-Q3,TP.FINHESTNKS610125.ZP2,"VF.1.Parasal Altın ve SDR, Diğer Finansal Aracılar (Konsolide Akım)",sum,0.0
bie_finhestnks610125,2021-Q3,TP.FINHESTNKS610125.ZP3,"VF.1.1.Parasal Altın, Diğer Finansal Aracılar (Konsolide Akım)",sum,0.0
bie_finhestnks610125,2021-Q3,TP.FINHESTNKS610125.ZP4,"VF.1.2.Özel Çekme Hakları (SDR), Diğer Finansal Aracılar (Konsolide Akım)",sum,0.0
bie_finhestnks610125,2021-Q3,TP.FINHESTNKS610125.ZP5,"VF.2.Para ve Mevduat, Diğer Finansal Aracılar (Konsolide Akım)",sum,-602384.8894
bie_finhestnks610125,2021-Q3,TP.FINHESTNKS610125.ZP6,"VF.2.1.Para, Diğer Finansal Aracılar (Konsolide Akım)",sum,510.9583
bie_finhestnks610125,2021-Q3,TP.FINHESTNKS610125.ZP7,"VF.2.2.Vadesiz Mevduat, Diğer Finansal Aracılar (Konsolide Akım)",sum,-180618.4784
bie_finhestnks610125,2021-Q3,TP.FINHESTNKS610125.ZP8,"VF.2.9.Vadeli Mevduat, Diğer Finansal Aracılar (Konsolide Akım)",sum,-422277.3693
bie_finhestnks610125,2021-Q3,TP.FINHESTNKS610125.ZP9,"VF.3.Borçlanma Senetleri, Diğer Finansal Aracılar (Konsolide Akım)",sum,-382679.1662
bie_finhestnks610125,2021-Q3,TP.FINHESTNKS610125.ZP10,"VF.3.1.Kısa Vadeli Borçlanma Senetleri, Diğer Finansal Aracılar (Konsolide Akım)",sum,-131523.3499
bie_finhestnks610125,2021-Q3,TP.FINHESTNKS610125.ZP11,"VF.3.2.Uzun Vadeli Borçlanma Senetleri, Diğer Finansal Aracılar (Konsolide Akım)",sum,-251155.8164
bie_finhestnks610125,2021-Q3,TP.FINHESTNKS610125.ZP12,"VF.4.Krediler, Diğer Finansal Aracılar (Konsolide Akım)",sum,2929620.6839
bie_finhestnks610125,2021-Q3,TP.FINHESTNKS610125.ZP13,"VF.4.1.Kısa Vadeli Krediler, Diğer Finansal Aracılar (Konsolide Akım)",sum,2929620.6839
bie_finhestnks610125,2021-Q3,TP.FINHESTNKS610125.ZP14,"VF.4.2.Uzun Vadeli Krediler, Diğer Finansal Aracılar (Konsolide Akım)",sum,0.0
bie_finhestnks610125,2021-Q3,TP.FINHESTNKS610125.ZP15,"VF.5.Hisse Senetleri ve Özkaynaklar, Diğer Finansal Aracılar (Konsolide Akım)",sum,95255.2226
bie_finhestnks610125,2021-Q3,TP.FINHESTNKS610125.ZP16,"VF.5.1.Hisse Senetleri ve Özkaynaklar, Diğer Finansal Aracılar (Konsolide Akım)",sum,95255.2226
bie_finhestnks610125,2021-Q3,TP.FINHESTNKS610125.ZP17,"VF.5.2.Yatırım Fonu Katılma Belgeleri, Diğer Finansal Aracılar (Konsolide Akım)",sum,0.0
bie_finhestnks610125,2021-Q3,TP.FINHESTNKS610125.ZP18,"VF.5.2.1.Para Piyasası Fonları, Diğer Finansal Aracılar (Konsolide Akım)",sum,0.0
bie_finhestnks610125,2021-Q3,TP.FINHESTNKS610125.ZP19,"VF.5.2.2.Diğer Yatırım Fonları, Diğer Finansal Aracılar (Konsolide Akım)",sum,0.0
bie_finhestnks610125,2021-Q3,TP.FINHESTNKS610125.ZP20,"VF.6.Sigorta ve Emeklilik Sözleşmeleri, Diğer Finansal Aracılar (Konsolide Akım)",sum,0.0
bie_finhestnks610125,2021-Q3,TP.FINHESTNKS610125.ZP21,"VF.7.Finansal Türevler, Diğer Finansal Aracılar (Konsolide Akım)",sum,-7530.2066
bie_finhestnks610125,2021-Q3,TP.FINHESTNKS610125.ZP22,"VF.8.Diğer Alacaklar, Diğer Finansal Aracılar (Konsolide Akım)",sum,-431227.9037
bie_finhestnks610125,2021-Q3,TP.FINHESTNKS610125.ZP23,"VF.0.Toplam Varlıklar, Diğer Finansal Aracılar (Konsolide Akım)",sum,1601053.7406
bie_finhestnks610125,2021-Q3,TP.FINHESTNKS610125.ZP24,"F.1.Parasal Altın ve SDR, Diğer Finansal Aracılar (Konsolide Akım)",sum,0.0
bie_finhestnks610125,2021-Q3,TP.FINHESTNKS610125.ZP26,"F.1.2.Özel Çekme Hakları (SDR), Diğer Finansal Aracılar (Konsolide Akım)",sum,0.0
bie_finhestnks610125,2021-Q3,TP.FINHESTNKS610125.ZP27,"F.2.Para ve Mevduat, Diğer Finansal Aracılar (Konsolide Akım)",sum,0.0
bie_finhestnks610125,2021-Q3,TP.FINHESTNKS610125.ZP28,"F.2.1.Para, Diğer Finansal Aracılar (Konsolide Akım)",sum,0.0
bie_finhestnks610125,2021-Q3,TP.FINHESTNKS610125.ZP29,"F.2.2.Vadesiz Mevduat, Diğer Finansal Aracılar (Konsolide Akım)",sum,0.0
bie_finhestnks610125,2021-Q3,TP.FINHESTNKS610125.ZP30,"F.2.9.Vadeli Mevduat, Diğer Finansal Aracılar (Konsolide Akım)",sum,0.0
bie_finhestnks610125,2021-Q3,TP.FINHESTNKS610125.ZP31,"F.3.Borçlanma Senetleri, Diğer Finansal Aracılar (Konsolide Akım)",sum,876138.883
bie_finhestnks610125,2021-Q3,TP.FINHESTNKS610125.ZP32,"F.3.1.Kısa Vadeli Borçlanma Senetleri, Diğer Finansal Aracılar (Konsolide Akım)",sum,771998.7836
bie_finhestnks610125,2021-Q3,TP.FINHESTNKS610125.ZP33,"F.3.2.Uzun Vadeli Borçlanma Senetleri, Diğer Finansal Aracılar (Konsolide Akım)",sum,104140.0994
bie_finhestnks610125,2021-Q3,TP.FINHESTNKS610125.ZP34,"F.4.Krediler, Diğer Finansal Aracılar (Konsolide Akım)",sum,-1250829.3596
bie_finhestnks610125,2021-Q3,TP.FINHESTNKS610125.ZP35,"F.4.1.Kısa Vadeli Krediler, Diğer Finansal Aracılar (Konsolide Akım)",sum,-763005.9094
bie_finhestnks610125,2021-Q3,TP.FINHESTNKS610125.ZP36,"F.4.2.Uzun Vadeli Krediler, Diğer Finansal Aracılar (Konsolide Akım)",sum,-487823.4503
bie_finhestnks610125,2021-Q3,TP.FINHESTNKS610125.ZP37,"F.5.Hisse Senetleri ve Özkaynaklar, Diğer Finansal Aracılar (Konsolide Akım)",sum,268612.1358
bie_finhestnks610125,2021-Q3,TP.FINHESTNKS610125.ZP38,"F.5.1.Hisse Senetleri ve Özkaynaklar, Diğer Finansal Aracılar (Konsolide Akım)",sum,268612.1358
bie_finhestnks610125,2021-Q3,TP.FINHESTNKS610125.ZP39,"F.5.2.Yatırım Fonu Katılma Belgeleri, Diğer Finansal Aracılar (Konsolide Akım)",sum,0.0
bie_finhestnks610125,2021-Q3,TP.FINHESTNKS610125.ZP40,"F.5.2.1.Para Piyasası Fonları, Diğer Finansal Aracılar (Konsolide Akım)",sum,0.0
bie_finhestnks610125,2021-Q3,TP.FINHESTNKS610125.ZP41,"F.5.2.2.Diğer Yatırım Fonları, Diğer Finansal Aracılar (Konsolide Akım)",sum,0.0
bie_finhestnks610125,2021-Q3,TP.FINHESTNKS610125.ZP42,"F.6.Sigorta ve Emeklilik Sözleşmeleri, Diğer Finansal Aracılar (Konsolide Akım)",sum,0.0
bie_finhestnks610125,2021-Q3,TP.FINHESTNKS610125.ZP43,"F.7.Finansal Türevler, Diğer Finansal Aracılar (Konsolide Akım)",sum,55877.7118
bie_finhestnks610125,2021-Q3,TP.FINHESTNKS610125.ZP44,"F.8.Diğer Borçlar, Diğer Finansal Aracılar (Konsolide Akım)",sum,372638.2229
bie_finhestnks610125,2021-Q3,TP.FINHESTNKS610125.ZP45,"F.0.Toplam Yükümlülükler, Diğer Finansal Aracılar (Konsolide Akım)",sum,322437.5938
bie_finhestnks610125,2021-Q4,TP.FINHESTNKS610125.ZP1,"BF.9.NET FİNANSAL DEĞER, Diğer Finansal Aracılar (Konsolide Akım)",sum,-2134627.7377
bie_finhestnks610125,2021-Q4,TP.FINHESTNKS610125.ZP2,"VF.1.Parasal Altın ve SDR, Diğer Finansal Aracılar (Konsolide Akım)",sum,0.0
bie_finhestnks610125,2021-Q4,TP.FINHESTNKS610125.ZP3,"VF.1.1.Parasal Altın, Diğer Finansal Aracılar (Konsolide Akım)",sum,0.0
bie_finhestnks610125,2021-Q4,TP.FINHESTNKS610125.ZP4,"VF.1.2.Özel Çekme Hakları (SDR), Diğer Finansal Aracılar (Konsolide Akım)",sum,0.0
bie_finhestnks610125,2021-Q4,TP.FINHESTNKS610125.ZP5,"VF.2.Para ve Mevduat, Diğer Finansal Aracılar (Konsolide Akım)",sum,588530.8967
bie_finhestnks610125,2021-Q4,TP.FINHESTNKS610125.ZP6,"VF.2.1.Para, Diğer Finansal Aracılar (Konsolide Akım)",sum,-1250.2117
bie_finhestnks610125,2021-Q4,TP.FINHESTNKS610125.ZP7,"VF.2.2.Vadesiz Mevduat, Diğer Finansal Aracılar (Konsolide Akım)",sum,511295.9406
bie_finhestnks610125,2021-Q4,TP.FINHESTNKS610125.ZP8,"VF.2.9.Vadeli Mevduat, Diğer Finansal Aracılar (Konsolide Akım)",sum,78485.1677
bie_finhestnks610125,2021-Q4,TP.FINHESTNKS610125.ZP9,"VF.3.Borçlanma Senetleri, Diğer Finansal Aracılar (Konsolide Akım)",sum,858710.0491
bie_finhestnks610125,2021-Q4,TP.FINHESTNKS610125.ZP10,"VF.3.1.Kısa Vadeli Borçlanma Senetleri, Diğer Finansal Aracılar (Konsolide Akım)",sum,225117.4052
bie_finhestnks610125,2021-Q4,TP.FINHESTNKS610125.ZP11,"VF.3.2.Uzun Vadeli Borçlanma Senetleri, Diğer Finansal Aracılar (Konsolide Akım)",sum,633592.6439
bie_finhestnks610125,2021-Q4,TP.FINHESTNKS610125.ZP12,"VF.4.Krediler, Diğer Finansal Aracılar (Konsolide Akım)",sum,15081205.8438
bie_finhestnks610125,2021-Q4,TP.FINHESTNKS610125.ZP13,"VF.4.1.Kısa Vadeli Krediler, Diğer Finansal Aracılar (Konsolide Akım)",sum,15081205.8438
bie_finhestnks610125,2021-Q4,TP.FINHESTNKS610125.ZP14,"VF.4.2.Uzun Vadeli Krediler, Diğer Finansal Aracılar (Konsolide Akım)",sum,0.0
bie_finhestnks610125,2021-Q4,TP.FINHESTNKS610125.ZP15,"VF.5.Hisse Senetleri ve Özkaynaklar, Diğer Finansal Aracılar (Konsolide Akım)",sum,3623579.0809
bie_finhestnks610125,2021-Q4,TP.FINHESTNKS610125.ZP16,"VF.5.1.Hisse Senetleri ve Özkaynaklar, Diğer Finansal Aracılar (Konsolide Akım)",sum,3623579.0809
bie_finhestnks610125,2021-Q4,TP.FINHESTNKS610125.ZP17,"VF.5.2.Yatırım Fonu Katılma Belgeleri, Diğer Finansal Aracılar (Konsolide Akım)",sum,0.0
bie_finhestnks610125,2021-Q4,TP.FINHESTNKS610125.ZP18,"VF.5.2.1.Para Piyasası Fonları, Diğer Finansal Aracılar (Konsolide Akım)",sum,0.0
bie_finhestnks610125,2021-Q4,TP.FINHESTNKS610125.ZP19,"VF.5.2.2.Diğer Yatırım Fonları, Diğer Finansal Aracılar (Konsolide Akım)",sum,0.0
bie_finhestnks610125,2021-Q4,TP.FINHESTNKS610125.ZP20,"VF.6.Sigorta ve Emeklilik Sözleşmeleri, Diğer Finansal Aracılar (Konsolide Akım)",sum,0.0
bie_finhestnks610125,2021-Q4,TP.FINHESTNKS610125.ZP21,"VF.7.Finansal Türevler, Diğer Finansal Aracılar (Konsolide Akım)",sum,702516.3765
bie_finhestnks610125,2021-Q4,TP.FINHESTNKS610125.ZP22,"VF.8.Diğer Alacaklar, Diğer Finansal Aracılar (Konsolide Akım)",sum,5384548.7444
bie_finhestnks610125,2021-Q4,TP.FINHESTNKS610125.ZP23,"VF.0.Toplam Varlıklar, Diğer Finansal Aracılar (Konsolide Akım)",sum,26239090.9915
bie_finhestnks610125,2021-Q4,TP.FINHESTNKS610125.ZP24,"F.1.Parasal Altın ve SDR, Diğer Finansal Aracılar (Konsolide Akım)",sum,0.0
bie_finhestnks610125,2021-Q4,TP.FINHESTNKS610125.ZP26,"F.1.2.Özel Çekme Hakları (SDR), Diğer Finansal Aracılar (Konsolide Akım)",sum,0.0
bie_finhestnks610125,2021-Q4,TP.FINHESTNKS610125.ZP27,"F.2.Para ve Mevduat, Diğer Finansal Aracılar (Konsolide Akım)",sum,0.0
bie_finhestnks610125,2021-Q4,TP.FINHESTNKS610125.ZP28,"F.2.1.Para, Diğer Finansal Aracılar (Konsolide Akım)",sum,0.0
bie_finhestnks610125,2021-Q4,TP.FINHESTNKS610125.ZP29,"F.2.2.Vadesiz Mevduat, Diğer Finansal Aracılar (Konsolide Akım)",sum,0.0
bie_finhestnks610125,2021-Q4,TP.FINHESTNKS610125.ZP30,"F.2.9.Vadeli Mevduat, Diğer Finansal Aracılar (Konsolide Akım)",sum,0.0
bie_finhestnks610125,2021-Q4,TP.FINHESTNKS610125.ZP31,"F.3.Borçlanma Senetleri, Diğer Finansal Aracılar (Konsolide Akım)",sum,2142696.8153
bie_finhestnks610125,2021-Q4,TP.FINHESTNKS610125.ZP32,"F.3.1.Kısa Vadeli Borçlanma Senetleri, Diğer Finansal Aracılar (Konsolide Akım)",sum,1815268.268
bie_finhestnks610125,2021-Q4,TP.FINHESTNKS610125.ZP33,"F.3.2.Uzun Vadeli Borçlanma Senetleri, Diğer Finansal Aracılar (Konsolide Akım)",sum,327428.5473
bie_finhestnks610125,2021-Q4,TP.FINHESTNKS610125.ZP34,"F.4.Krediler, Diğer Finansal Aracılar (Konsolide Akım)",sum,17292935.9445
bie_finhestnks610125,2021-Q4,TP.FINHESTNKS610125.ZP35,"F.4.1.Kısa Vadeli Krediler, Diğer Finansal Aracılar (Konsolide Akım)",sum,11413337.7233
bie_finhestnks610125,2021-Q4,TP.FINHESTNKS610125.ZP36,"F.4.2.Uzun Vadeli Krediler, Diğer Finansal Aracılar (Konsolide Akım)",sum,5879598.2211
bie_finhestnks610125,2021-Q4,TP.FINHESTNKS610125.ZP37,"F.5.Hisse Senetleri ve Özkaynaklar, Diğer Finansal Aracılar (Konsolide Akım)",sum,595984.4052
bie_finhestnks610125,2021-Q4,TP.FINHESTNKS610125.ZP38,"F.5.1.Hisse Senetleri ve Özkaynaklar, Diğer Finansal Aracılar (Konsolide Akım)",sum,595984.4052
bie_finhestnks610125,2021-Q4,TP.FINHESTNKS610125.ZP39,"F.5.2.Yatırım Fonu Katılma Belgeleri, Diğer Finansal Aracılar (Konsolide Akım)",sum,0.0
bie_finhestnks610125,2021-Q4,TP.FINHESTNKS610125.ZP40,"F.5.2.1.Para Piyasası Fonları, Diğer Finansal Aracılar (Konsolide Akım)",sum,0.0
bie_finhestnks610125,2021-Q4,TP.FINHESTNKS610125.ZP41,"F.5.2.2.Diğer Yatırım Fonları, Diğer Finansal Aracılar (Konsolide Akım)",sum,0.0
bie_finhestnks610125,2021-Q4,TP.FINHESTNKS610125.ZP42,"F.6.Sigorta ve Emeklilik Sözleşmeleri, Diğer Finansal Aracılar (Konsolide Akım)",sum,0.0
bie_finhestnks610125,2021-Q4,TP.FINHESTNKS610125.ZP43,"F.7.Finansal Türevler, Diğer Finansal Aracılar (Konsolide Akım)",sum,1596777.0002
bie_finhestnks610125,2021-Q4,TP.FINHESTNKS610125.ZP44,"F.8.Diğer Borçlar, Diğer Finansal Aracılar (Konsolide Akım)",sum,6745324.5639
bie_finhestnks610125,2021-Q4,TP.FINHESTNKS610125.ZP45,"F.0.Toplam Yükümlülükler, Diğer Finansal Aracılar (Konsolide Akım)",sum,28373718.7291
bie_finhestnks610125,2022-Q1,TP.FINHESTNKS610125.ZP1,"BF.9.NET FİNANSAL DEĞER, Diğer Finansal Aracılar (Konsolide Akım)",sum,1703649.8771
bie_finhestnks610125,2022-Q1,TP.FINHESTNKS610125.ZP2,"VF.1.Parasal Altın ve SDR, Diğer Finansal Aracılar (Konsolide Akım)",sum,0.0
bie_finhestnks610125,2022-Q1,TP.FINHESTNKS610125.ZP3,"VF.1.1.Parasal Altın, Diğer Finansal Aracılar (Konsolide Akım)",sum,0.0
bie_finhestnks610125,2022-Q1,TP.FINHESTNKS610125.ZP4,"VF.1.2.Özel Çekme Hakları (SDR), Diğer Finansal Aracılar (Konsolide Akım)",sum,0.0
bie_finhestnks610125,2022-Q1,TP.FINHESTNKS610125.ZP5,"VF.2.Para ve Mevduat, Diğer Finansal Aracılar (Konsolide Akım)",sum,19031.14
bie_finhestnks610125,2022-Q1,TP.FINHESTNKS610125.ZP6,"VF.2.1.Para, Diğer Finansal Aracılar (Konsolide Akım)",sum,785.2507
bie_finhestnks610125,2022-Q1,TP.FINHESTNKS610125.ZP7,"VF.2.2.Vadesiz Mevduat, Diğer Finansal Aracılar (Konsolide Akım)",sum,830695.5228
bie_finhestnks610125,2022-Q1,TP.FINHESTNKS610125.ZP8,"VF.2.9.Vadeli Mevduat, Diğer Finansal Aracılar (Konsolide Akım)",sum,-812449.6334
bie_finhestnks610125,2022-Q1,TP.FINHESTNKS610125.ZP9,"VF.3.Borçlanma Senetleri, Diğer Finansal Aracılar (Konsolide Akım)",sum,1273018.0296
bie_finhestnks610125,2022-Q1,TP.FINHESTNKS610125.ZP10,"VF.3.1.Kısa Vadeli Borçlanma Senetleri, Diğer Finansal Aracılar (Konsolide Akım)",sum,284429.0463
bie_finhestnks610125,2022-Q1,TP.FINHESTNKS610125.ZP11,"VF.3.2.Uzun Vadeli Borçlanma Senetleri, Diğer Finansal Aracılar (Konsolide Akım)",sum,988588.9832
bie_finhestnks610125,2022-Q1,TP.FINHESTNKS610125.ZP12,"VF.4.Krediler, Diğer Finansal Aracılar (Konsolide Akım)",sum,13141901.0941
bie_finhestnks610125,2022-Q1,TP.FINHESTNKS610125.ZP13,"VF.4.1.Kısa Vadeli Krediler, Diğer Finansal Aracılar (Konsolide Akım)",sum,13141901.0941
bie_finhestnks610125,2022-Q1,TP.FINHESTNKS610125.ZP14,"VF.4.2.Uzun Vadeli Krediler, Diğer Finansal Aracılar (Konsolide Akım)",sum,0.0
bie_finhestnks610125,2022-Q1,TP.FINHESTNKS610125.ZP15,"VF.5.Hisse Senetleri ve Özkaynaklar, Diğer Finansal Aracılar (Konsolide Akım)",sum,4252467.5876
bie_finhestnks610125,2022-Q1,TP.FINHESTNKS610125.ZP16,"VF.5.1.Hisse Senetleri ve Özkaynaklar, Diğer Finansal Aracılar (Konsolide Akım)",sum,4252467.5876
bie_finhestnks610125,2022-Q1,TP.FINHESTNKS610125.ZP17,"VF.5.2.Yatırım Fonu Katılma Belgeleri, Diğer Finansal Aracılar (Konsolide Akım)",sum,0.0
bie_finhestnks610125,2022-Q1,TP.FINHESTNKS610125.ZP18,"VF.5.2.1.Para Piyasası Fonları, Diğer Finansal Aracılar (Konsolide Akım)",sum,0.0
bie_finhestnks610125,2022-Q1,TP.FINHESTNKS610125.ZP19,"VF.5.2.2.Diğer Yatırım Fonları, Diğer Finansal Aracılar (Konsolide Akım)",sum,0.0
bie_finhestnks610125,2022-Q1,TP.FINHESTNKS610125.ZP20,"VF.6.Sigorta ve Emeklilik Sözleşmeleri, Diğer Finansal Aracılar (Konsolide Akım)",sum,0.0
bie_finhestnks610125,2022-Q1,TP.FINHESTNKS610125.ZP21,"VF.7.Finansal Türevler, Diğer Finansal Aracılar (Konsolide Akım)",sum,-352797.1267
bie_finhestnks610125,2022-Q1,TP.FINHESTNKS610125.ZP22,"VF.8.Diğer Alacaklar, Diğer Finansal Aracılar (Konsolide Akım)",sum,7125539.2642
bie_finhestnks610125,2022-Q1,TP.FINHESTNKS610125.ZP23,"VF.0.Toplam Varlıklar, Diğer Finansal Aracılar (Konsolide Akım)",sum,25459159.9888
bie_finhestnks610125,2022-Q1,TP.FINHESTNKS610125.ZP24,"F.1.Parasal Altın ve SDR, Diğer Finansal Aracılar (Konsolide Akım)",sum,0.0
bie_finhestnks610125,2022-Q1,TP.FINHESTNKS610125.ZP26,"F.1.2.Özel Çekme Hakları (SDR), Diğer Finansal Aracılar (Konsolide Akım)",sum,0.0
bie_finhestnks610125,2022-Q1,TP.FINHESTNKS610125.ZP27,"F.2.Para ve Mevduat, Diğer Finansal Aracılar (Konsolide Akım)",sum,0.0
bie_finhestnks610125,2022-Q1,TP.FINHESTNKS610125.ZP28,"F.2.1.Para, Diğer Finansal Aracılar (Konsolide Akım)",sum,0.0
bie_finhestnks610125,2022-Q1,TP.FINHESTNKS610125.ZP29,"F.2.2.Vadesiz Mevduat, Diğer Finansal Aracılar (Konsolide Akım)",sum,0.0
bie_finhestnks610125,2022-Q1,TP.FINHESTNKS610125.ZP30,"F.2.9.Vadeli Mevduat, Diğer Finansal Aracılar (Konsolide Akım)",sum,0.0
bie_finhestnks610125,2022-Q1,TP.FINHESTNKS610125.ZP31,"F.3.Borçlanma Senetleri, Diğer Finansal Aracılar (Konsolide Akım)",sum,5435769.7414
bie_finhestnks610125,2022-Q1,TP.FINHESTNKS610125.ZP32,"F.3.1.Kısa Vadeli Borçlanma Senetleri, Diğer Finansal Aracılar (Konsolide Akım)",sum,4534005.6433
bie_finhestnks610125,2022-Q1,TP.FINHESTNKS610125.ZP33,"F.3.2.Uzun Vadeli Borçlanma Senetleri, Diğer Finansal Aracılar (Konsolide Akım)",sum,901764.0982
bie_finhestnks610125,2022-Q1,TP.FINHESTNKS610125.ZP34,"F.4.Krediler, Diğer Finansal Aracılar (Konsolide Akım)",sum,15277887.9763
bie_finhestnks610125,2022-Q1,TP.FINHESTNKS610125.ZP35,"F.4.1.Kısa Vadeli Krediler, Diğer Finansal Aracılar (Konsolide Akım)",sum,9166732.7858
bie_finhestnks610125,2022-Q1,TP.FINHESTNKS610125.ZP36,"F.4.2.Uzun Vadeli Krediler, Diğer Finansal Aracılar (Konsolide Akım)",sum,6111155.1905
bie_finhestnks610125,2022-Q1,TP.FINHESTNKS610125.ZP37,"F.5.Hisse Senetleri ve Özkaynaklar, Diğer Finansal Aracılar (Konsolide Akım)",sum,96698.0835
bie_finhestnks610125,2022-Q1,TP.FINHESTNKS610125.ZP38,"F.5.1.Hisse Senetleri ve Özkaynaklar, Diğer Finansal Aracılar (Konsolide Akım)",sum,96698.0835
bie_finhestnks610125,2022-Q1,TP.FINHESTNKS610125.ZP39,"F.5.2.Yatırım Fonu Katılma Belgeleri, Diğer Finansal Aracılar (Konsolide Akım)",sum,0.0
bie_finhestnks610125,2022-Q1,TP.FINHESTNKS610125.ZP40,"F.5.2.1.Para Piyasası Fonları, Diğer Finansal Aracılar (Konsolide Akım)",sum,0.0
bie_finhestnks610125,2022-Q1,TP.FINHESTNKS610125.ZP41,"F.5.2.2.Diğer Yatırım Fonları, Diğer Finansal Aracılar (Konsolide Akım)",sum,0.0
bie_finhestnks610125,2022-Q1,TP.FINHESTNKS610125.ZP42,"F.6.Sigorta ve Emeklilik Sözleşmeleri, Diğer Finansal Aracılar (Konsolide Akım)",sum,0.0
bie_finhestnks610125,2022-Q1,TP.FINHESTNKS610125.ZP43,"F.7.Finansal Türevler, Diğer Finansal Aracılar (Konsolide Akım)",sum,-686484.6754
bie_finhestnks610125,2022-Q1,TP.FINHESTNKS610125.ZP44,"F.8.Diğer Borçlar, Diğer Finansal Aracılar (Konsolide Akım)",sum,3631638.986
bie_finhestnks610125,2022-Q1,TP.FINHESTNKS610125.ZP45,"F.0.Toplam Yükümlülükler, Diğer Finansal Aracılar (Konsolide Akım)",sum,23755510.1117
bie_finhestnks610125,2022-Q2,TP.FINHESTNKS610125.ZP1,"BF.9.NET FİNANSAL DEĞER, Diğer Finansal Aracılar (Konsolide Akım)",sum,-928744.8123
bie_finhestnks610125,2022-Q2,TP.FINHESTNKS610125.ZP2,"VF.1.Parasal Altın ve SDR, Diğer Finansal Aracılar (Konsolide Akım)",sum,0.0
bie_finhestnks610125,2022-Q2,TP.FINHESTNKS610125.ZP3,"VF.1.1.Parasal Altın, Diğer Finansal Aracılar (Konsolide Akım)",sum,0.0
bie_finhestnks610125,2022-Q2,TP.FINHESTNKS610125.ZP4,"VF.1.2.Özel Çekme Hakları (SDR), Diğer Finansal Aracılar (Konsolide Akım)",sum,0.0
bie_finhestnks610125,2022-Q2,TP.FINHESTNKS610125.ZP5,"VF.2.Para ve Mevduat, Diğer Finansal Aracılar (Konsolide Akım)",sum,1908945.5007
bie_finhestnks610125,2022-Q2,TP.FINHESTNKS610125.ZP6,"VF.2.1.Para, Diğer Finansal Aracılar (Konsolide Akım)",sum,2317.7186
bie_finhestnks610125,2022-Q2,TP.FINHESTNKS610125.ZP7,"VF.2.2.Vadesiz Mevduat, Diğer Finansal Aracılar (Konsolide Akım)",sum,1516083.7979
bie_finhestnks610125,2022-Q2,TP.FINHESTNKS610125.ZP8,"VF.2.9.Vadeli Mevduat, Diğer Finansal Aracılar (Konsolide Akım)",sum,390543.9843
bie_finhestnks610125,2022-Q2,TP.FINHESTNKS610125.ZP9,"VF.3.Borçlanma Senetleri, Diğer Finansal Aracılar (Konsolide Akım)",sum,2414555.3186
bie_finhestnks610125,2022-Q2,TP.FINHESTNKS610125.ZP10,"VF.3.1.Kısa Vadeli Borçlanma Senetleri, Diğer Finansal Aracılar (Konsolide Akım)",sum,498435.7735
bie_finhestnks610125,2022-Q2,TP.FINHESTNKS610125.ZP11,"VF.3.2.Uzun Vadeli Borçlanma Senetleri, Diğer Finansal Aracılar (Konsolide Akım)",sum,1916119.5451
bie_finhestnks610125,2022-Q2,TP.FINHESTNKS610125.ZP12,"VF.4.Krediler, Diğer Finansal Aracılar (Konsolide Akım)",sum,27029310.4674
bie_finhestnks610125,2022-Q2,TP.FINHESTNKS610125.ZP13,"VF.4.1.Kısa Vadeli Krediler, Diğer Finansal Aracılar (Konsolide Akım)",sum,27029310.4674
bie_finhestnks610125,2022-Q2,TP.FINHESTNKS610125.ZP14,"VF.4.2.Uzun Vadeli Krediler, Diğer Finansal Aracılar (Konsolide Akım)",sum,0.0
bie_finhestnks610125,2022-Q2,TP.FINHESTNKS610125.ZP15,"VF.5.Hisse Senetleri ve Özkaynaklar, Diğer Finansal Aracılar (Konsolide Akım)",sum,1000681.2865
bie_finhestnks610125,2022-Q2,TP.FINHESTNKS610125.ZP16,"VF.5.1.Hisse Senetleri ve Özkaynaklar, Diğer Finansal Aracılar (Konsolide Akım)",sum,1000681.2865
bie_finhestnks610125,2022-Q2,TP.FINHESTNKS610125.ZP17,"VF.5.2.Yatırım Fonu Katılma Belgeleri, Diğer Finansal Aracılar (Konsolide Akım)",sum,0.0
bie_finhestnks610125,2022-Q2,TP.FINHESTNKS610125.ZP18,"VF.5.2.1.Para Piyasası Fonları, Diğer Finansal Aracılar (Konsolide Akım)",sum,0.0
bie_finhestnks610125,2022-Q2,TP.FINHESTNKS610125.ZP19,"VF.5.2.2.Diğer Yatırım Fonları, Diğer Finansal Aracılar (Konsolide Akım)",sum,0.0
bie_finhestnks610125,2022-Q2,TP.FINHESTNKS610125.ZP20,"VF.6.Sigorta ve Emeklilik Sözleşmeleri, Diğer Finansal Aracılar (Konsolide Akım)",sum,0.0
bie_finhestnks610125,2022-Q2,TP.FINHESTNKS610125.ZP21,"VF.7.Finansal Türevler, Diğer Finansal Aracılar (Konsolide Akım)",sum,454719.8304
bie_finhestnks610125,2022-Q2,TP.FINHESTNKS610125.ZP22,"VF.8.Diğer Alacaklar, Diğer Finansal Aracılar (Konsolide Akım)",sum,855170.947
bie_finhestnks610125,2022-Q2,TP.FINHESTNKS610125.ZP23,"VF.0.Toplam Varlıklar, Diğer Finansal Aracılar (Konsolide Akım)",sum,33663383.3506
bie_finhestnks610125,2022-Q2,TP.FINHESTNKS610125.ZP24,"F.1.Parasal Altın ve SDR, Diğer Finansal Aracılar (Konsolide Akım)",sum,0.0
bie_finhestnks610125,2022-Q2,TP.FINHESTNKS610125.ZP26,"F.1.2.Özel Çekme Hakları (SDR), Diğer Finansal Aracılar (Konsolide Akım)",sum,0.0
bie_finhestnks610125,2022-Q2,TP.FINHESTNKS610125.ZP27,"F.2.Para ve Mevduat, Diğer Finansal Aracılar (Konsolide Akım)",sum,0.0
bie_finhestnks610125,2022-Q2,TP.FINHESTNKS610125.ZP28,"F.2.1.Para, Diğer Finansal Aracılar (Konsolide Akım)",sum,0.0
bie_finhestnks610125,2022-Q2,TP.FINHESTNKS610125.ZP29,"F.2.2.Vadesiz Mevduat, Diğer Finansal Aracılar (Konsolide Akım)",sum,0.0
bie_finhestnks610125,2022-Q2,TP.FINHESTNKS610125.ZP30,"F.2.9.Vadeli Mevduat, Diğer Finansal Aracılar (Konsolide Akım)",sum,0.0
bie_finhestnks610125,2022-Q2,TP.FINHESTNKS610125.ZP31,"F.3.Borçlanma Senetleri, Diğer Finansal Aracılar (Konsolide Akım)",sum,6603020.9743
bie_finhestnks610125,2022-Q2,TP.FINHESTNKS610125.ZP32,"F.3.1.Kısa Vadeli Borçlanma Senetleri, Diğer Finansal Aracılar (Konsolide Akım)",sum,5490479.9217
bie_finhestnks610125,2022-Q2,TP.FINHESTNKS610125.ZP33,"F.3.2.Uzun Vadeli Borçlanma Senetleri, Diğer Finansal Aracılar (Konsolide Akım)",sum,1112541.0527
bie_finhestnks610125,2022-Q2,TP.FINHESTNKS610125.ZP34,"F.4.Krediler, Diğer Finansal Aracılar (Konsolide Akım)",sum,18576158.7121
bie_finhestnks610125,2022-Q2,TP.FINHESTNKS610125.ZP35,"F.4.1.Kısa Vadeli Krediler, Diğer Finansal Aracılar (Konsolide Akım)",sum,10959933.6401
bie_finhestnks610125,2022-Q2,TP.FINHESTNKS610125.ZP36,"F.4.2.Uzun Vadeli Krediler, Diğer Finansal Aracılar (Konsolide Akım)",sum,7616225.072
bie_finhestnks610125,2022-Q2,TP.FINHESTNKS610125.ZP37,"F.5.Hisse Senetleri ve Özkaynaklar, Diğer Finansal Aracılar (Konsolide Akım)",sum,2586258.5375
bie_finhestnks610125,2022-Q2,TP.FINHESTNKS610125.ZP38,"F.5.1.Hisse Senetleri ve Özkaynaklar, Diğer Finansal Aracılar (Konsolide Akım)",sum,2586258.5375
bie_finhestnks610125,2022-Q2,TP.FINHESTNKS610125.ZP39,"F.5.2.Yatırım Fonu Katılma Belgeleri, Diğer Finansal Aracılar (Konsolide Akım)",sum,0.0
bie_finhestnks610125,2022-Q2,TP.FINHESTNKS610125.ZP40,"F.5.2.1.Para Piyasası Fonları, Diğer Finansal Aracılar (Konsolide Akım)",sum,0.0
bie_finhestnks610125,2022-Q2,TP.FINHESTNKS610125.ZP41,"F.5.2.2.Diğer Yatırım Fonları, Diğer Finansal Aracılar (Konsolide Akım)",sum,0.0
bie_finhestnks610125,2022-Q2,TP.FINHESTNKS610125.ZP42,"F.6.Sigorta ve Emeklilik Sözleşmeleri, Diğer Finansal Aracılar (Konsolide Akım)",sum,0.0
bie_finhestnks610125,2022-Q2,TP.FINHESTNKS610125.ZP43,"F.7.Finansal Türevler, Diğer Finansal Aracılar (Konsolide Akım)",sum,50721.0269
bie_finhestnks610125,2022-Q2,TP.FINHESTNKS610125.ZP44,"F.8.Diğer Borçlar, Diğer Finansal Aracılar (Konsolide Akım)",sum,6775968.912
bie_finhestnks610125,2022-Q2,TP.FINHESTNKS610125.ZP45,"F.0.Toplam Yükümlülükler, Diğer Finansal Aracılar (Konsolide Akım)",sum,34592128.1629
bie_finhestnks610125,2022-Q3,TP.FINHESTNKS610125.ZP1,"BF.9.NET FİNANSAL DEĞER, Diğer Finansal Aracılar (Konsolide Akım)",sum,2287939.6242
bie_finhestnks610125,2022-Q3,TP.FINHESTNKS610125.ZP2,"VF.1.Parasal Altın ve SDR, Diğer Finansal Aracılar (Konsolide Akım)",sum,0.0
bie_finhestnks610125,2022-Q3,TP.FINHESTNKS610125.ZP3,"VF.1.1.Parasal Altın, Diğer Finansal Aracılar (Konsolide Akım)",sum,0.0
bie_finhestnks610125,2022-Q3,TP.FINHESTNKS610125.ZP4,"VF.1.2.Özel Çekme Hakları (SDR), Diğer Finansal Aracılar (Konsolide Akım)",sum,0.0
bie_finhestnks610125,2022-Q3,TP.FINHESTNKS610125.ZP5,"VF.2.Para ve Mevduat, Diğer Finansal Aracılar (Konsolide Akım)",sum,4562956.1635
bie_finhestnks610125,2022-Q3,TP.FINHESTNKS610125.ZP6,"VF.2.1.Para, Diğer Finansal Aracılar (Konsolide Akım)",sum,-1962.2917
bie_finhestnks610125,2022-Q3,TP.FINHESTNKS610125.ZP7,"VF.2.2.Vadesiz Mevduat, Diğer Finansal Aracılar (Konsolide Akım)",sum,1070231.2271
bie_finhestnks610125,2022-Q3,TP.FINHESTNKS610125.ZP8,"VF.2.9.Vadeli Mevduat, Diğer Finansal Aracılar (Konsolide Akım)",sum,3494687.2281
bie_finhestnks610125,2022-Q3,TP.FINHESTNKS610125.ZP9,"VF.3.Borçlanma Senetleri, Diğer Finansal Aracılar (Konsolide Akım)",sum,4120818.5184
bie_finhestnks610125,2022-Q3,TP.FINHESTNKS610125.ZP10,"VF.3.1.Kısa Vadeli Borçlanma Senetleri, Diğer Finansal Aracılar (Konsolide Akım)",sum,958651.5938
bie_finhestnks610125,2022-Q3,TP.FINHESTNKS610125.ZP11,"VF.3.2.Uzun Vadeli Borçlanma Senetleri, Diğer Finansal Aracılar (Konsolide Akım)",sum,3162166.9246
bie_finhestnks610125,2022-Q3,TP.FINHESTNKS610125.ZP12,"VF.4.Krediler, Diğer Finansal Aracılar (Konsolide Akım)",sum,4889013.7161
bie_finhestnks610125,2022-Q3,TP.FINHESTNKS610125.ZP13,"VF.4.1.Kısa Vadeli Krediler, Diğer Finansal Aracılar (Konsolide Akım)",sum,4889013.7161
bie_finhestnks610125,2022-Q3,TP.FINHESTNKS610125.ZP14,"VF.4.2.Uzun Vadeli Krediler, Diğer Finansal Aracılar (Konsolide Akım)",sum,0.0
bie_finhestnks610125,2022-Q3,TP.FINHESTNKS610125.ZP15,"VF.5.Hisse Senetleri ve Özkaynaklar, Diğer Finansal Aracılar (Konsolide Akım)",sum,2060608.6824
bie_finhestnks610125,2022-Q3,TP.FINHESTNKS610125.ZP16,"VF.5.1.Hisse Senetleri ve Özkaynaklar, Diğer Finansal Aracılar (Konsolide Akım)",sum,2060608.6824
bie_finhestnks610125,2022-Q3,TP.FINHESTNKS610125.ZP17,"VF.5.2.Yatırım Fonu Katılma Belgeleri, Diğer Finansal Aracılar (Konsolide Akım)",sum,0.0
bie_finhestnks610125,2022-Q3,TP.FINHESTNKS610125.ZP18,"VF.5.2.1.Para Piyasası Fonları, Diğer Finansal Aracılar (Konsolide Akım)",sum,0.0
bie_finhestnks610125,2022-Q3,TP.FINHESTNKS610125.ZP19,"VF.5.2.2.Diğer Yatırım Fonları, Diğer Finansal Aracılar (Konsolide Akım)",sum,0.0
bie_finhestnks610125,2022-Q3,TP.FINHESTNKS610125.ZP20,"VF.6.Sigorta ve Emeklilik Sözleşmeleri, Diğer Finansal Aracılar (Konsolide Akım)",sum,0.0
bie_finhestnks610125,2022-Q3,TP.FINHESTNKS610125.ZP21,"VF.7.Finansal Türevler, Diğer Finansal Aracılar (Konsolide Akım)",sum,436912.5833
bie_finhestnks610125,2022-Q3,TP.FINHESTNKS610125.ZP22,"VF.8.Diğer Alacaklar, Diğer Finansal Aracılar (Konsolide Akım)",sum,5580168.1944
bie_finhestnks610125,2022-Q3,TP.FINHESTNKS610125.ZP23,"VF.0.Toplam Varlıklar, Diğer Finansal Aracılar (Konsolide Akım)",sum,21650477.858
bie_finhestnks610125,2022-Q3,TP.FINHESTNKS610125.ZP24,"F.1.Parasal Altın ve SDR, Diğer Finansal Aracılar (Konsolide Akım)",sum,0.0
bie_finhestnks610125,2022-Q3,TP.FINHESTNKS610125.ZP26,"F.1.2.Özel Çekme Hakları (SDR), Diğer Finansal Aracılar (Konsolide Akım)",sum,0.0
bie_finhestnks610125,2022-Q3,TP.FINHESTNKS610125.ZP27,"F.2.Para ve Mevduat, Diğer Finansal Aracılar (Konsolide Akım)",sum,0.0
bie_finhestnks610125,2022-Q3,TP.FINHESTNKS610125.ZP28,"F.2.1.Para, Diğer Finansal Aracılar (Konsolide Akım)",sum,0.0
bie_finhestnks610125,2022-Q3,TP.FINHESTNKS610125.ZP29,"F.2.2.Vadesiz Mevduat, Diğer Finansal Aracılar (Konsolide Akım)",sum,0.0
bie_finhestnks610125,2022-Q3,TP.FINHESTNKS610125.ZP30,"F.2.9.Vadeli Mevduat, Diğer Finansal Aracılar (Konsolide Akım)",sum,0.0
bie_finhestnks610125,2022-Q3,TP.FINHESTNKS610125.ZP31,"F.3.Borçlanma Senetleri, Diğer Finansal Aracılar (Konsolide Akım)",sum,6658648.1438
bie_finhestnks610125,2022-Q3,TP.FINHESTNKS610125.ZP32,"F.3.1.Kısa Vadeli Borçlanma Senetleri, Diğer Finansal Aracılar (Konsolide Akım)",sum,5475228.4365
bie_finhestnks610125,2022-Q3,TP.FINHESTNKS610125.ZP33,"F.3.2.Uzun Vadeli Borçlanma Senetleri, Diğer Finansal Aracılar (Konsolide Akım)",sum,1183419.7072
bie_finhestnks610125,2022-Q3,TP.FINHESTNKS610125.ZP34,"F.4.Krediler, Diğer Finansal Aracılar (Konsolide Akım)",sum,8537716.2084
bie_finhestnks610125,2022-Q3,TP.FINHESTNKS610125.ZP35,"F.4.1.Kısa Vadeli Krediler, Diğer Finansal Aracılar (Konsolide Akım)",sum,4866498.2388
bie_finhestnks610125,2022-Q3,TP.FINHESTNKS610125.ZP36,"F.4.2.Uzun Vadeli Krediler, Diğer Finansal Aracılar (Konsolide Akım)",sum,3671217.9696
bie_finhestnks610125,2022-Q3,TP.FINHESTNKS610125.ZP37,"F.5.Hisse Senetleri ve Özkaynaklar, Diğer Finansal Aracılar (Konsolide Akım)",sum,557151.8824
bie_finhestnks610125,2022-Q3,TP.FINHESTNKS610125.ZP38,"F.5.1.Hisse Senetleri ve Özkaynaklar, Diğer Finansal Aracılar (Konsolide Akım)",sum,557151.8824
bie_finhestnks610125,2022-Q3,TP.FINHESTNKS610125.ZP39,"F.5.2.Yatırım Fonu Katılma Belgeleri, Diğer Finansal Aracılar (Konsolide Akım)",sum,0.0
bie_finhestnks610125,2022-Q3,TP.FINHESTNKS610125.ZP40,"F.5.2.1.Para Piyasası Fonları, Diğer Finansal Aracılar (Konsolide Akım)",sum,0.0
bie_finhestnks610125,2022-Q3,TP.FINHESTNKS610125.ZP41,"F.5.2.2.Diğer Yatırım Fonları, Diğer Finansal Aracılar (Konsolide Akım)",sum,0.0
bie_finhestnks610125,2022-Q3,TP.FINHESTNKS610125.ZP42,"F.6.Sigorta ve Emeklilik Sözleşmeleri, Diğer Finansal Aracılar (Konsolide Akım)",sum,0.0
bie_finhestnks610125,2022-Q3,TP.FINHESTNKS610125.ZP43,"F.7.Finansal Türevler, Diğer Finansal Aracılar (Konsolide Akım)",sum,-490253.0142
bie_finhestnks610125,2022-Q3,TP.FINHESTNKS610125.ZP44,"F.8.Diğer Borçlar, Diğer Finansal Aracılar (Konsolide Akım)",sum,4099275.0135
bie_finhestnks610125,2022-Q3,TP.FINHESTNKS610125.ZP45,"F.0.Toplam Yükümlülükler, Diğer Finansal Aracılar (Konsolide Akım)",sum,19362538.2339
bie_finhestnks610125,2022-Q4,TP.FINHESTNKS610125.ZP1,"BF.9.NET FİNANSAL DEĞER, Diğer Finansal Aracılar (Konsolide Akım)",sum,4905319.4636
bie_finhestnks610125,2022-Q4,TP.FINHESTNKS610125.ZP2,"VF.1.Parasal Altın ve SDR, Diğer Finansal Aracılar (Konsolide Akım)",sum,0.0
bie_finhestnks610125,2022-Q4,TP.FINHESTNKS610125.ZP3,"VF.1.1.Parasal Altın, Diğer Finansal Aracılar (Konsolide Akım)",sum,0.0
bie_finhestnks610125,2022-Q4,TP.FINHESTNKS610125.ZP4,"VF.1.2.Özel Çekme Hakları (SDR), Diğer Finansal Aracılar (Konsolide Akım)",sum,0.0
bie_finhestnks610125,2022-Q4,TP.FINHESTNKS610125.ZP5,"VF.2.Para ve Mevduat, Diğer Finansal Aracılar (Konsolide Akım)",sum,5539176.4394
bie_finhestnks610125,2022-Q4,TP.FINHESTNKS610125.ZP6,"VF.2.1.Para, Diğer Finansal Aracılar (Konsolide Akım)",sum,-321.4406
bie_finhestnks610125,2022-Q4,TP.FINHESTNKS610125.ZP7,"VF.2.2.Vadesiz Mevduat, Diğer Finansal Aracılar (Konsolide Akım)",sum,1629940.2061
bie_finhestnks610125,2022-Q4,TP.FINHESTNKS610125.ZP8,"VF.2.9.Vadeli Mevduat, Diğer Finansal Aracılar (Konsolide Akım)",sum,3909557.6739
bie_finhestnks610125,2022-Q4,TP.FINHESTNKS610125.ZP9,"VF.3.Borçlanma Senetleri, Diğer Finansal Aracılar (Konsolide Akım)",sum,1450092.824
bie_finhestnks610125,2022-Q4,TP.FINHESTNKS610125.ZP10,"VF.3.1.Kısa Vadeli Borçlanma Senetleri, Diğer Finansal Aracılar (Konsolide Akım)",sum,340461.4434
bie_finhestnks610125,2022-Q4,TP.FINHESTNKS610125.ZP11,"VF.3.2.Uzun Vadeli Borçlanma Senetleri, Diğer Finansal Aracılar (Konsolide Akım)",sum,1109631.3806
bie_finhestnks610125,2022-Q4,TP.FINHESTNKS610125.ZP12,"VF.4.Krediler, Diğer Finansal Aracılar (Konsolide Akım)",sum,58296680.2712
bie_finhestnks610125,2022-Q4,TP.FINHESTNKS610125.ZP13,"VF.4.1.Kısa Vadeli Krediler, Diğer Finansal Aracılar (Konsolide Akım)",sum,58296680.2712
bie_finhestnks610125,2022-Q4,TP.FINHESTNKS610125.ZP14,"VF.4.2.Uzun Vadeli Krediler, Diğer Finansal Aracılar (Konsolide Akım)",sum,0.0
bie_finhestnks610125,2022-Q4,TP.FINHESTNKS610125.ZP15,"VF.5.Hisse Senetleri ve Özkaynaklar, Diğer Finansal Aracılar (Konsolide Akım)",sum,356013.0521
bie_finhestnks610125,2022-Q4,TP.FINHESTNKS610125.ZP16,"VF.5.1.Hisse Senetleri ve Özkaynaklar, Diğer Finansal Aracılar (Konsolide Akım)",sum,356013.0521
bie_finhestnks610125,2022-Q4,TP.FINHESTNKS610125.ZP17,"VF.5.2.Yatırım Fonu Katılma Belgeleri, Diğer Finansal Aracılar (Konsolide Akım)",sum,0.0
bie_finhestnks610125,2022-Q4,TP.FINHESTNKS610125.ZP18,"VF.5.2.1.Para Piyasası Fonları, Diğer Finansal Aracılar (Konsolide Akım)",sum,0.0
bie_finhestnks610125,2022-Q4,TP.FINHESTNKS610125.ZP19,"VF.5.2.2.Diğer Yatırım Fonları, Diğer Finansal Aracılar (Konsolide Akım)",sum,0.0
bie_finhestnks610125,2022-Q4,TP.FINHESTNKS610125.ZP20,"VF.6.Sigorta ve Emeklilik Sözleşmeleri, Diğer Finansal Aracılar (Konsolide Akım)",sum,0.0
bie_finhestnks610125,2022-Q4,TP.FINHESTNKS610125.ZP21,"VF.7.Finansal Türevler, Diğer Finansal Aracılar (Konsolide Akım)",sum,-596755.025
bie_finhestnks610125,2022-Q4,TP.FINHESTNKS610125.ZP22,"VF.8.Diğer Alacaklar, Diğer Finansal Aracılar (Konsolide Akım)",sum,-705648.6109
bie_finhestnks610125,2022-Q4,TP.FINHESTNKS610125.ZP23,"VF.0.Toplam Varlıklar, Diğer Finansal Aracılar (Konsolide Akım)",sum,64339558.9509
bie_finhestnks610125,2022-Q4,TP.FINHESTNKS610125.ZP24,"F.1.Parasal Altın ve SDR, Diğer Finansal Aracılar (Konsolide Akım)",sum,0.0
bie_finhestnks610125,2022-Q4,TP.FINHESTNKS610125.ZP26,"F.1.2.Özel Çekme Hakları (SDR), Diğer Finansal Aracılar (Konsolide Akım)",sum,0.0
bie_finhestnks610125,2022-Q4,TP.FINHESTNKS610125.ZP27,"F.2.Para ve Mevduat, Diğer Finansal Aracılar (Konsolide Akım)",sum,0.0
bie_finhestnks610125,2022-Q4,TP.FINHESTNKS610125.ZP28,"F.2.1.Para, Diğer Finansal Aracılar (Konsolide Akım)",sum,0.0
bie_finhestnks610125,2022-Q4,TP.FINHESTNKS610125.ZP29,"F.2.2.Vadesiz Mevduat, Diğer Finansal Aracılar (Konsolide Akım)",sum,0.0
bie_finhestnks610125,2022-Q4,TP.FINHESTNKS610125.ZP30,"F.2.9.Vadeli Mevduat, Diğer Finansal Aracılar (Konsolide Akım)",sum,0.0
bie_finhestnks610125,2022-Q4,TP.FINHESTNKS610125.ZP31,"F.3.Borçlanma Senetleri, Diğer Finansal Aracılar (Konsolide Akım)",sum,3125118.479
bie_finhestnks610125,2022-Q4,TP.FINHESTNKS610125.ZP32,"F.3.1.Kısa Vadeli Borçlanma Senetleri, Diğer Finansal Aracılar (Konsolide Akım)",sum,2336081.9862
bie_finhestnks610125,2022-Q4,TP.FINHESTNKS610125.ZP33,"F.3.2.Uzun Vadeli Borçlanma Senetleri, Diğer Finansal Aracılar (Konsolide Akım)",sum,789036.4928
bie_finhestnks610125,2022-Q4,TP.FINHESTNKS610125.ZP34,"F.4.Krediler, Diğer Finansal Aracılar (Konsolide Akım)",sum,52920684.7667
bie_finhestnks610125,2022-Q4,TP.FINHESTNKS610125.ZP35,"F.4.1.Kısa Vadeli Krediler, Diğer Finansal Aracılar (Konsolide Akım)",sum,32810824.5553
bie_finhestnks610125,2022-Q4,TP.FINHESTNKS610125.ZP36,"F.4.2.Uzun Vadeli Krediler, Diğer Finansal Aracılar (Konsolide Akım)",sum,20109860.2113
bie_finhestnks610125,2022-Q4,TP.FINHESTNKS610125.ZP37,"F.5.Hisse Senetleri ve Özkaynaklar, Diğer Finansal Aracılar (Konsolide Akım)",sum,32938.0521
bie_finhestnks610125,2022-Q4,TP.FINHESTNKS610125.ZP38,"F.5.1.Hisse Senetleri ve Özkaynaklar, Diğer Finansal Aracılar (Konsolide Akım)",sum,32938.0521
bie_finhestnks610125,2022-Q4,TP.FINHESTNKS610125.ZP39,"F.5.2.Yatırım Fonu Katılma Belgeleri, Diğer Finansal Aracılar (Konsolide Akım)",sum,0.0
bie_finhestnks610125,2022-Q4,TP.FINHESTNKS610125.ZP40,"F.5.2.1.Para Piyasası Fonları, Diğer Finansal Aracılar (Konsolide Akım)",sum,0.0
bie_finhestnks610125,2022-Q4,TP.FINHESTNKS610125.ZP41,"F.5.2.2.Diğer Yatırım Fonları, Diğer Finansal Aracılar (Konsolide Akım)",sum,0.0
bie_finhestnks610125,2022-Q4,TP.FINHESTNKS610125.ZP42,"F.6.Sigorta ve Emeklilik Sözleşmeleri, Diğer Finansal Aracılar (Konsolide Akım)",sum,0.0
bie_finhestnks610125,2022-Q4,TP.FINHESTNKS610125.ZP43,"F.7.Finansal Türevler, Diğer Finansal Aracılar (Konsolide Akım)",sum,-452998.9773
bie_finhestnks610125,2022-Q4,TP.FINHESTNKS610125.ZP44,"F.8.Diğer Borçlar, Diğer Finansal Aracılar (Konsolide Akım)",sum,3808497.1669
bie_finhestnks610125,2022-Q4,TP.FINHESTNKS610125.ZP45,"F.0.Toplam Yükümlülükler, Diğer Finansal Aracılar (Konsolide Akım)",sum,59434239.4873
bie_finhestnks610125,2023-Q1,TP.FINHESTNKS610125.ZP1,"BF.9.NET FİNANSAL DEĞER, Diğer Finansal Aracılar (Konsolide Akım)",sum,13606844.0197
bie_finhestnks610125,2023-Q1,TP.FINHESTNKS610125.ZP2,"VF.1.Parasal Altın ve SDR, Diğer Finansal Aracılar (Konsolide Akım)",sum,0.0
bie_finhestnks610125,2023-Q1,TP.FINHESTNKS610125.ZP3,"VF.1.1.Parasal Altın, Diğer Finansal Aracılar (Konsolide Akım)",sum,0.0
bie_finhestnks610125,2023-Q1,TP.FINHESTNKS610125.ZP4,"VF.1.2.Özel Çekme Hakları (SDR), Diğer Finansal Aracılar (Konsolide Akım)",sum,0.0
bie_finhestnks610125,2023-Q1,TP.FINHESTNKS610125.ZP5,"VF.2.Para ve Mevduat, Diğer Finansal Aracılar (Konsolide Akım)",sum,21582709.4702
bie_finhestnks610125,2023-Q1,TP.FINHESTNKS610125.ZP6,"VF.2.1.Para, Diğer Finansal Aracılar (Konsolide Akım)",sum,431.4828
bie_finhestnks610125,2023-Q1,TP.FINHESTNKS610125.ZP7,"VF.2.2.Vadesiz Mevduat, Diğer Finansal Aracılar (Konsolide Akım)",sum,7724920.6321
bie_finhestnks610125,2023-Q1,TP.FINHESTNKS610125.ZP8,"VF.2.9.Vadeli Mevduat, Diğer Finansal Aracılar (Konsolide Akım)",sum,13857357.3552
bie_finhestnks610125,2023-Q1,TP.FINHESTNKS610125.ZP9,"VF.3.Borçlanma Senetleri, Diğer Finansal Aracılar (Konsolide Akım)",sum,3111416.9305
bie_finhestnks610125,2023-Q1,TP.FINHESTNKS610125.ZP10,"VF.3.1.Kısa Vadeli Borçlanma Senetleri, Diğer Finansal Aracılar (Konsolide Akım)",sum,699749.1297
bie_finhestnks610125,2023-Q1,TP.FINHESTNKS610125.ZP11,"VF.3.2.Uzun Vadeli Borçlanma Senetleri, Diğer Finansal Aracılar (Konsolide Akım)",sum,2411667.8008
bie_finhestnks610125,2023-Q1,TP.FINHESTNKS610125.ZP12,"VF.4.Krediler, Diğer Finansal Aracılar (Konsolide Akım)",sum,41179314.1238
bie_finhestnks610125,2023-Q1,TP.FINHESTNKS610125.ZP13,"VF.4.1.Kısa Vadeli Krediler, Diğer Finansal Aracılar (Konsolide Akım)",sum,41179314.1238
bie_finhestnks610125,2023-Q1,TP.FINHESTNKS610125.ZP14,"VF.4.2.Uzun Vadeli Krediler, Diğer Finansal Aracılar (Konsolide Akım)",sum,0.0
bie_finhestnks610125,2023-Q1,TP.FINHESTNKS610125.ZP15,"VF.5.Hisse Senetleri ve Özkaynaklar, Diğer Finansal Aracılar (Konsolide Akım)",sum,3541370.6776
bie_finhestnks610125,2023-Q1,TP.FINHESTNKS610125.ZP16,"VF.5.1.Hisse Senetleri ve Özkaynaklar, Diğer Finansal Aracılar (Konsolide Akım)",sum,3541370.6776
bie_finhestnks610125,2023-Q1,TP.FINHESTNKS610125.ZP17,"VF.5.2.Yatırım Fonu Katılma Belgeleri, Diğer Finansal Aracılar (Konsolide Akım)",sum,0.0
bie_finhestnks610125,2023-Q1,TP.FINHESTNKS610125.ZP18,"VF.5.2.1.Para Piyasası Fonları, Diğer Finansal Aracılar (Konsolide Akım)",sum,0.0
bie_finhestnks610125,2023-Q1,TP.FINHESTNKS610125.ZP19,"VF.5.2.2.Diğer Yatırım Fonları, Diğer Finansal Aracılar (Konsolide Akım)",sum,0.0
bie_finhestnks610125,2023-Q1,TP.FINHESTNKS610125.ZP20,"VF.6.Sigorta ve Emeklilik Sözleşmeleri, Diğer Finansal Aracılar (Konsolide Akım)",sum,0.0
bie_finhestnks610125,2023-Q1,TP.FINHESTNKS610125.ZP21,"VF.7.Finansal Türevler, Diğer Finansal Aracılar (Konsolide Akım)",sum,-274949.017
bie_finhestnks610125,2023-Q1,TP.FINHESTNKS610125.ZP22,"VF.8.Diğer Alacaklar, Diğer Finansal Aracılar (Konsolide Akım)",sum,8312792.2777
bie_finhestnks610125,2023-Q1,TP.FINHESTNKS610125.ZP23,"VF.0.Toplam Varlıklar, Diğer Finansal Aracılar (Konsolide Akım)",sum,77452654.4628
bie_finhestnks610125,2023-Q1,TP.FINHESTNKS610125.ZP24,"F.1.Parasal Altın ve SDR, Diğer Finansal Aracılar (Konsolide Akım)",sum,0.0
bie_finhestnks610125,2023-Q1,TP.FINHESTNKS610125.ZP26,"F.1.2.Özel Çekme Hakları (SDR), Diğer Finansal Aracılar (Konsolide Akım)",sum,0.0
bie_finhestnks610125,2023-Q1,TP.FINHESTNKS610125.ZP27,"F.2.Para ve Mevduat, Diğer Finansal Aracılar (Konsolide Akım)",sum,0.0
bie_finhestnks610125,2023-Q1,TP.FINHESTNKS610125.ZP28,"F.2.1.Para, Diğer Finansal Aracılar (Konsolide Akım)",sum,0.0
bie_finhestnks610125,2023-Q1,TP.FINHESTNKS610125.ZP29,"F.2.2.Vadesiz Mevduat, Diğer Finansal Aracılar (Konsolide Akım)",sum,0.0
bie_finhestnks610125,2023-Q1,TP.FINHESTNKS610125.ZP30,"F.2.9.Vadeli Mevduat, Diğer Finansal Aracılar (Konsolide Akım)",sum,0.0
bie_finhestnks610125,2023-Q1,TP.FINHESTNKS610125.ZP31,"F.3.Borçlanma Senetleri, Diğer Finansal Aracılar (Konsolide Akım)",sum,-1858334.154
bie_finhestnks610125,2023-Q1,TP.FINHESTNKS610125.ZP32,"F.3.1.Kısa Vadeli Borçlanma Senetleri, Diğer Finansal Aracılar (Konsolide Akım)",sum,-1331890.6306
bie_finhestnks610125,2023-Q1,TP.FINHESTNKS610125.ZP33,"F.3.2.Uzun Vadeli Borçlanma Senetleri, Diğer Finansal Aracılar (Konsolide Akım)",sum,-526443.5233
bie_finhestnks610125,2023-Q1,TP.FINHESTNKS610125.ZP34,"F.4.Krediler, Diğer Finansal Aracılar (Konsolide Akım)",sum,47770951.5752
bie_finhestnks610125,2023-Q1,TP.FINHESTNKS610125.ZP35,"F.4.1.Kısa Vadeli Krediler, Diğer Finansal Aracılar (Konsolide Akım)",sum,30095699.4924
bie_finhestnks610125,2023-Q1,TP.FINHESTNKS610125.ZP36,"F.4.2.Uzun Vadeli Krediler, Diğer Finansal Aracılar (Konsolide Akım)",sum,17675252.0828
bie_finhestnks610125,2023-Q1,TP.FINHESTNKS610125.ZP37,"F.5.Hisse Senetleri ve Özkaynaklar, Diğer Finansal Aracılar (Konsolide Akım)",sum,3453075.8956
bie_finhestnks610125,2023-Q1,TP.FINHESTNKS610125.ZP38,"F.5.1.Hisse Senetleri ve Özkaynaklar, Diğer Finansal Aracılar (Konsolide Akım)",sum,3453075.8956
bie_finhestnks610125,2023-Q1,TP.FINHESTNKS610125.ZP39,"F.5.2.Yatırım Fonu Katılma Belgeleri, Diğer Finansal Aracılar (Konsolide Akım)",sum,0.0
bie_finhestnks610125,2023-Q1,TP.FINHESTNKS610125.ZP40,"F.5.2.1.Para Piyasası Fonları, Diğer Finansal Aracılar (Konsolide Akım)",sum,0.0
bie_finhestnks610125,2023-Q1,TP.FINHESTNKS610125.ZP41,"F.5.2.2.Diğer Yatırım Fonları, Diğer Finansal Aracılar (Konsolide Akım)",sum,0.0
bie_finhestnks610125,2023-Q1,TP.FINHESTNKS610125.ZP42,"F.6.Sigorta ve Emeklilik Sözleşmeleri, Diğer Finansal Aracılar (Konsolide Akım)",sum,0.0
bie_finhestnks610125,2023-Q1,TP.FINHESTNKS610125.ZP43,"F.7.Finansal Türevler, Diğer Finansal Aracılar (Konsolide Akım)",sum,76344.9716
bie_finhestnks610125,2023-Q1,TP.FINHESTNKS610125.ZP44,"F.8.Diğer Borçlar, Diğer Finansal Aracılar (Konsolide Akım)",sum,14403772.1546
bie_finhestnks610125,2023-Q1,TP.FINHESTNKS610125.ZP45,"F.0.Toplam Yükümlülükler, Diğer Finansal Aracılar (Konsolide Akım)",sum,63845810.4431
bie_finhestnks610125,2023-Q2,TP.FINHESTNKS610125.ZP1,"BF.9.NET FİNANSAL DEĞER, Diğer Finansal Aracılar (Konsolide Akım)",sum,12740784.8629
bie_finhestnks610125,2023-Q2,TP.FINHESTNKS610125.ZP2,"VF.1.Parasal Altın ve SDR, Diğer Finansal Aracılar (Konsolide Akım)",sum,0.0
bie_finhestnks610125,2023-Q2,TP.FINHESTNKS610125.ZP3,"VF.1.1.Parasal Altın, Diğer Finansal Aracılar (Konsolide Akım)",sum,0.0
bie_finhestnks610125,2023-Q2,TP.FINHESTNKS610125.ZP4,"VF.1.2.Özel Çekme Hakları (SDR), Diğer Finansal Aracılar (Konsolide Akım)",sum,0.0
bie_finhestnks610125,2023-Q2,TP.FINHESTNKS610125.ZP5,"VF.2.Para ve Mevduat, Diğer Finansal Aracılar (Konsolide Akım)",sum,10084128.5081
bie_finhestnks610125,2023-Q2,TP.FINHESTNKS610125.ZP6,"VF.2.1.Para, Diğer Finansal Aracılar (Konsolide Akım)",sum,2529.1531
bie_finhestnks610125,2023-Q2,TP.FINHESTNKS610125.ZP7,"VF.2.2.Vadesiz Mevduat, Diğer Finansal Aracılar (Konsolide Akım)",sum,3808302.7736
bie_finhestnks610125,2023-Q2,TP.FINHESTNKS610125.ZP8,"VF.2.9.Vadeli Mevduat, Diğer Finansal Aracılar (Konsolide Akım)",sum,6273296.5814
bie_finhestnks610125,2023-Q2,TP.FINHESTNKS610125.ZP9,"VF.3.Borçlanma Senetleri, Diğer Finansal Aracılar (Konsolide Akım)",sum,2210208.3324
bie_finhestnks610125,2023-Q2,TP.FINHESTNKS610125.ZP10,"VF.3.1.Kısa Vadeli Borçlanma Senetleri, Diğer Finansal Aracılar (Konsolide Akım)",sum,332708.681
bie_finhestnks610125,2023-Q2,TP.FINHESTNKS610125.ZP11,"VF.3.2.Uzun Vadeli Borçlanma Senetleri, Diğer Finansal Aracılar (Konsolide Akım)",sum,1877499.6514
bie_finhestnks610125,2023-Q2,TP.FINHESTNKS610125.ZP12,"VF.4.Krediler, Diğer Finansal Aracılar (Konsolide Akım)",sum,13900676.6855
bie_finhestnks610125,2023-Q2,TP.FINHESTNKS610125.ZP13,"VF.4.1.Kısa Vadeli Krediler, Diğer Finansal Aracılar (Konsolide Akım)",sum,13900676.6855
bie_finhestnks610125,2023-Q2,TP.FINHESTNKS610125.ZP14,"VF.4.2.Uzun Vadeli Krediler, Diğer Finansal Aracılar (Konsolide Akım)",sum,0.0
bie_finhestnks610125,2023-Q2,TP.FINHESTNKS610125.ZP15,"VF.5.Hisse Senetleri ve Özkaynaklar, Diğer Finansal Aracılar (Konsolide Akım)",sum,-744530.2603
bie_finhestnks610125,2023-Q2,TP.FINHESTNKS610125.ZP16,"VF.5.1.Hisse Senetleri ve Özkaynaklar, Diğer Finansal Aracılar (Konsolide Akım)",sum,-744530.2603
bie_finhestnks610125,2023-Q2,TP.FINHESTNKS610125.ZP17,"VF.5.2.Yatırım Fonu Katılma Belgeleri, Diğer Finansal Aracılar (Konsolide Akım)",sum,0.0
bie_finhestnks610125,2023-Q2,TP.FINHESTNKS610125.ZP18,"VF.5.2.1.Para Piyasası Fonları, Diğer Finansal Aracılar (Konsolide Akım)",sum,0.0
bie_finhestnks610125,2023-Q2,TP.FINHESTNKS610125.ZP19,"VF.5.2.2.Diğer Yatırım Fonları, Diğer Finansal Aracılar (Konsolide Akım)",sum,0.0
bie_finhestnks610125,2023-Q2,TP.FINHESTNKS610125.ZP20,"VF.6.Sigorta ve Emeklilik Sözleşmeleri, Diğer Finansal Aracılar (Konsolide Akım)",sum,0.0
bie_finhestnks610125,2023-Q2,TP.FINHESTNKS610125.ZP21,"VF.7.Finansal Türevler, Diğer Finansal Aracılar (Konsolide Akım)",sum,1179506.5034
bie_finhestnks610125,2023-Q2,TP.FINHESTNKS610125.ZP22,"VF.8.Diğer Alacaklar, Diğer Finansal Aracılar (Konsolide Akım)",sum,15139901.176
bie_finhestnks610125,2023-Q2,TP.FINHESTNKS610125.ZP23,"VF.0.Toplam Varlıklar, Diğer Finansal Aracılar (Konsolide Akım)",sum,41769890.9451
bie_finhestnks610125,2023-Q2,TP.FINHESTNKS610125.ZP24,"F.1.Parasal Altın ve SDR, Diğer Finansal Aracılar (Konsolide Akım)",sum,0.0
bie_finhestnks610125,2023-Q2,TP.FINHESTNKS610125.ZP26,"F.1.2.Özel Çekme Hakları (SDR), Diğer Finansal Aracılar (Konsolide Akım)",sum,0.0
bie_finhestnks610125,2023-Q2,TP.FINHESTNKS610125.ZP27,"F.2.Para ve Mevduat, Diğer Finansal Aracılar (Konsolide Akım)",sum,0.0
bie_finhestnks610125,2023-Q2,TP.FINHESTNKS610125.ZP28,"F.2.1.Para, Diğer Finansal Aracılar (Konsolide Akım)",sum,0.0
bie_finhestnks610125,2023-Q2,TP.FINHESTNKS610125.ZP29,"F.2.2.Vadesiz Mevduat, Diğer Finansal Aracılar (Konsolide Akım)",sum,0.0
bie_finhestnks610125,2023-Q2,TP.FINHESTNKS610125.ZP30,"F.2.9.Vadeli Mevduat, Diğer Finansal Aracılar (Konsolide Akım)",sum,0.0
bie_finhestnks610125,2023-Q2,TP.FINHESTNKS610125.ZP31,"F.3.Borçlanma Senetleri, Diğer Finansal Aracılar (Konsolide Akım)",sum,-8589077.5184
bie_finhestnks610125,2023-Q2,TP.FINHESTNKS610125.ZP32,"F.3.1.Kısa Vadeli Borçlanma Senetleri, Diğer Finansal Aracılar (Konsolide Akım)",sum,-5551735.2615
bie_finhestnks610125,2023-Q2,TP.FINHESTNKS610125.ZP33,"F.3.2.Uzun Vadeli Borçlanma Senetleri, Diğer Finansal Aracılar (Konsolide Akım)",sum,-3037342.2569
bie_finhestnks610125,2023-Q2,TP.FINHESTNKS610125.ZP34,"F.4.Krediler, Diğer Finansal Aracılar (Konsolide Akım)",sum,20864619.6885
bie_finhestnks610125,2023-Q2,TP.FINHESTNKS610125.ZP35,"F.4.1.Kısa Vadeli Krediler, Diğer Finansal Aracılar (Konsolide Akım)",sum,12310125.6162
bie_finhestnks610125,2023-Q2,TP.FINHESTNKS610125.ZP36,"F.4.2.Uzun Vadeli Krediler, Diğer Finansal Aracılar (Konsolide Akım)",sum,8554494.0723
bie_finhestnks610125,2023-Q2,TP.FINHESTNKS610125.ZP37,"F.5.Hisse Senetleri ve Özkaynaklar, Diğer Finansal Aracılar (Konsolide Akım)",sum,2199881.3247
bie_finhestnks610125,2023-Q2,TP.FINHESTNKS610125.ZP38,"F.5.1.Hisse Senetleri ve Özkaynaklar, Diğer Finansal Aracılar (Konsolide Akım)",sum,2199881.3247
bie_finhestnks610125,2023-Q2,TP.FINHESTNKS610125.ZP39,"F.5.2.Yatırım Fonu Katılma Belgeleri, Diğer Finansal Aracılar (Konsolide Akım)",sum,0.0
bie_finhestnks610125,2023-Q2,TP.FINHESTNKS610125.ZP40,"F.5.2.1.Para Piyasası Fonları, Diğer Finansal Aracılar (Konsolide Akım)",sum,0.0
bie_finhestnks610125,2023-Q2,TP.FINHESTNKS610125.ZP41,"F.5.2.2.Diğer Yatırım Fonları, Diğer Finansal Aracılar (Konsolide Akım)",sum,0.0
bie_finhestnks610125,2023-Q2,TP.FINHESTNKS610125.ZP42,"F.6.Sigorta ve Emeklilik Sözleşmeleri, Diğer Finansal Aracılar (Konsolide Akım)",sum,0.0
bie_finhestnks610125,2023-Q2,TP.FINHESTNKS610125.ZP43,"F.7.Finansal Türevler, Diğer Finansal Aracılar (Konsolide Akım)",sum,559830.6324
bie_finhestnks610125,2023-Q2,TP.FINHESTNKS610125.ZP44,"F.8.Diğer Borçlar, Diğer Finansal Aracılar (Konsolide Akım)",sum,13993851.9551
bie_finhestnks610125,2023-Q2,TP.FINHESTNKS610125.ZP45,"F.0.Toplam Yükümlülükler, Diğer Finansal Aracılar (Konsolide Akım)",sum,29029106.0822
bie_finhestnks610125,2023-Q3,TP.FINHESTNKS610125.ZP1,"BF.9.NET FİNANSAL DEĞER, Diğer Finansal Aracılar (Konsolide Akım)",sum,13137798.7346
bie_finhestnks610125,2023-Q3,TP.FINHESTNKS610125.ZP2,"VF.1.Parasal Altın ve SDR, Diğer Finansal Aracılar (Konsolide Akım)",sum,0.0
bie_finhestnks610125,2023-Q3,TP.FINHESTNKS610125.ZP3,"VF.1.1.Parasal Altın, Diğer Finansal Aracılar (Konsolide Akım)",sum,0.0
bie_finhestnks610125,2023-Q3,TP.FINHESTNKS610125.ZP4,"VF.1.2.Özel Çekme Hakları (SDR), Diğer Finansal Aracılar (Konsolide Akım)",sum,0.0
bie_finhestnks610125,2023-Q3,TP.FINHESTNKS610125.ZP5,"VF.2.Para ve Mevduat, Diğer Finansal Aracılar (Konsolide Akım)",sum,12673219.5752
bie_finhestnks610125,2023-Q3,TP.FINHESTNKS610125.ZP6,"VF.2.1.Para, Diğer Finansal Aracılar (Konsolide Akım)",sum,21101.9344
bie_finhestnks610125,2023-Q3,TP.FINHESTNKS610125.ZP7,"VF.2.2.Vadesiz Mevduat, Diğer Finansal Aracılar (Konsolide Akım)",sum,104318.2902
bie_finhestnks610125,2023-Q3,TP.FINHESTNKS610125.ZP8,"VF.2.9.Vadeli Mevduat, Diğer Finansal Aracılar (Konsolide Akım)",sum,12547799.3507
bie_finhestnks610125,2023-Q3,TP.FINHESTNKS610125.ZP9,"VF.3.Borçlanma Senetleri, Diğer Finansal Aracılar (Konsolide Akım)",sum,8574548.8414
bie_finhestnks610125,2023-Q3,TP.FINHESTNKS610125.ZP10,"VF.3.1.Kısa Vadeli Borçlanma Senetleri, Diğer Finansal Aracılar (Konsolide Akım)",sum,1401560.5894
bie_finhestnks610125,2023-Q3,TP.FINHESTNKS610125.ZP11,"VF.3.2.Uzun Vadeli Borçlanma Senetleri, Diğer Finansal Aracılar (Konsolide Akım)",sum,7172988.252
bie_finhestnks610125,2023-Q3,TP.FINHESTNKS610125.ZP12,"VF.4.Krediler, Diğer Finansal Aracılar (Konsolide Akım)",sum,51698023.6279
bie_finhestnks610125,2023-Q3,TP.FINHESTNKS610125.ZP13,"VF.4.1.Kısa Vadeli Krediler, Diğer Finansal Aracılar (Konsolide Akım)",sum,51698023.6279
bie_finhestnks610125,2023-Q3,TP.FINHESTNKS610125.ZP14,"VF.4.2.Uzun Vadeli Krediler, Diğer Finansal Aracılar (Konsolide Akım)",sum,0.0
bie_finhestnks610125,2023-Q3,TP.FINHESTNKS610125.ZP15,"VF.5.Hisse Senetleri ve Özkaynaklar, Diğer Finansal Aracılar (Konsolide Akım)",sum,11186678.3817
bie_finhestnks610125,2023-Q3,TP.FINHESTNKS610125.ZP16,"VF.5.1.Hisse Senetleri ve Özkaynaklar, Diğer Finansal Aracılar (Konsolide Akım)",sum,11186678.3817
bie_finhestnks610125,2023-Q3,TP.FINHESTNKS610125.ZP17,"VF.5.2.Yatırım Fonu Katılma Belgeleri, Diğer Finansal Aracılar (Konsolide Akım)",sum,0.0
bie_finhestnks610125,2023-Q3,TP.FINHESTNKS610125.ZP18,"VF.5.2.1.Para Piyasası Fonları, Diğer Finansal Aracılar (Konsolide Akım)",sum,0.0
bie_finhestnks610125,2023-Q3,TP.FINHESTNKS610125.ZP19,"VF.5.2.2.Diğer Yatırım Fonları, Diğer Finansal Aracılar (Konsolide Akım)",sum,0.0
bie_finhestnks610125,2023-Q3,TP.FINHESTNKS610125.ZP20,"VF.6.Sigorta ve Emeklilik Sözleşmeleri, Diğer Finansal Aracılar (Konsolide Akım)",sum,0.0
bie_finhestnks610125,2023-Q3,TP.FINHESTNKS610125.ZP21,"VF.7.Finansal Türevler, Diğer Finansal Aracılar (Konsolide Akım)",sum,-491765.1467
bie_finhestnks610125,2023-Q3,TP.FINHESTNKS610125.ZP22,"VF.8.Diğer Alacaklar, Diğer Finansal Aracılar (Konsolide Akım)",sum,16065377.3927
bie_finhestnks610125,2023-Q3,TP.FINHESTNKS610125.ZP23,"VF.0.Toplam Varlıklar, Diğer Finansal Aracılar (Konsolide Akım)",sum,99706082.6722
bie_finhestnks610125,2023-Q3,TP.FINHESTNKS610125.ZP24,"F.1.Parasal Altın ve SDR, Diğer Finansal Aracılar (Konsolide Akım)",sum,0.0
bie_finhestnks610125,2023-Q3,TP.FINHESTNKS610125.ZP26,"F.1.2.Özel Çekme Hakları (SDR), Diğer Finansal Aracılar (Konsolide Akım)",sum,0.0
bie_finhestnks610125,2023-Q3,TP.FINHESTNKS610125.ZP27,"F.2.Para ve Mevduat, Diğer Finansal Aracılar (Konsolide Akım)",sum,0.0
bie_finhestnks610125,2023-Q3,TP.FINHESTNKS610125.ZP28,"F.2.1.Para, Diğer Finansal Aracılar (Konsolide Akım)",sum,0.0
bie_finhestnks610125,2023-Q3,TP.FINHESTNKS610125.ZP29,"F.2.2.Vadesiz Mevduat, Diğer Finansal Aracılar (Konsolide Akım)",sum,0.0
bie_finhestnks610125,2023-Q3,TP.FINHESTNKS610125.ZP30,"F.2.9.Vadeli Mevduat, Diğer Finansal Aracılar (Konsolide Akım)",sum,0.0
bie_finhestnks610125,2023-Q3,TP.FINHESTNKS610125.ZP31,"F.3.Borçlanma Senetleri, Diğer Finansal Aracılar (Konsolide Akım)",sum,11314169.4096
bie_finhestnks610125,2023-Q3,TP.FINHESTNKS610125.ZP32,"F.3.1.Kısa Vadeli Borçlanma Senetleri, Diğer Finansal Aracılar (Konsolide Akım)",sum,7836770.9501
bie_finhestnks610125,2023-Q3,TP.FINHESTNKS610125.ZP33,"F.3.2.Uzun Vadeli Borçlanma Senetleri, Diğer Finansal Aracılar (Konsolide Akım)",sum,3477398.4595
bie_finhestnks610125,2023-Q3,TP.FINHESTNKS610125.ZP34,"F.4.Krediler, Diğer Finansal Aracılar (Konsolide Akım)",sum,41915392.988
bie_finhestnks610125,2023-Q3,TP.FINHESTNKS610125.ZP35,"F.4.1.Kısa Vadeli Krediler, Diğer Finansal Aracılar (Konsolide Akım)",sum,23891774.0032
bie_finhestnks610125,2023-Q3,TP.FINHESTNKS610125.ZP36,"F.4.2.Uzun Vadeli Krediler, Diğer Finansal Aracılar (Konsolide Akım)",sum,18023618.9848
bie_finhestnks610125,2023-Q3,TP.FINHESTNKS610125.ZP37,"F.5.Hisse Senetleri ve Özkaynaklar, Diğer Finansal Aracılar (Konsolide Akım)",sum,7249834.024
bie_finhestnks610125,2023-Q3,TP.FINHESTNKS610125.ZP38,"F.5.1.Hisse Senetleri ve Özkaynaklar, Diğer Finansal Aracılar (Konsolide Akım)",sum,7249834.024
bie_finhestnks610125,2023-Q3,TP.FINHESTNKS610125.ZP39,"F.5.2.Yatırım Fonu Katılma Belgeleri, Diğer Finansal Aracılar (Konsolide Akım)",sum,0.0
bie_finhestnks610125,2023-Q3,TP.FINHESTNKS610125.ZP40,"F.5.2.1.Para Piyasası Fonları, Diğer Finansal Aracılar (Konsolide Akım)",sum,0.0
bie_finhestnks610125,2023-Q3,TP.FINHESTNKS610125.ZP41,"F.5.2.2.Diğer Yatırım Fonları, Diğer Finansal Aracılar (Konsolide Akım)",sum,0.0
bie_finhestnks610125,2023-Q3,TP.FINHESTNKS610125.ZP42,"F.6.Sigorta ve Emeklilik Sözleşmeleri, Diğer Finansal Aracılar (Konsolide Akım)",sum,0.0
bie_finhestnks610125,2023-Q3,TP.FINHESTNKS610125.ZP43,"F.7.Finansal Türevler, Diğer Finansal Aracılar (Konsolide Akım)",sum,-426916.6599
bie_finhestnks610125,2023-Q3,TP.FINHESTNKS610125.ZP44,"F.8.Diğer Borçlar, Diğer Finansal Aracılar (Konsolide Akım)",sum,26515804.1759
bie_finhestnks610125,2023-Q3,TP.FINHESTNKS610125.ZP45,"F.0.Toplam Yükümlülükler, Diğer Finansal Aracılar (Konsolide Akım)",sum,86568283.9376
bie_finhestnks610125,2023-Q4,TP.FINHESTNKS610125.ZP1,"BF.9.NET FİNANSAL DEĞER, Diğer Finansal Aracılar (Konsolide Akım)",sum,25464908.348
bie_finhestnks610125,2023-Q4,TP.FINHESTNKS610125.ZP2,"VF.1.Parasal Altın ve SDR, Diğer Finansal Aracılar (Konsolide Akım)",sum,0.0
bie_finhestnks610125,2023-Q4,TP.FINHESTNKS610125.ZP3,"VF.1.1.Parasal Altın, Diğer Finansal Aracılar (Konsolide Akım)",sum,0.0
bie_finhestnks610125,2023-Q4,TP.FINHESTNKS610125.ZP4,"VF.1.2.Özel Çekme Hakları (SDR), Diğer Finansal Aracılar (Konsolide Akım)",sum,0.0
bie_finhestnks610125,2023-Q4,TP.FINHESTNKS610125.ZP5,"VF.2.Para ve Mevduat, Diğer Finansal Aracılar (Konsolide Akım)",sum,-10166400.1286
bie_finhestnks610125,2023-Q4,TP.FINHESTNKS610125.ZP6,"VF.2.1.Para, Diğer Finansal Aracılar (Konsolide Akım)",sum,-22014.1743
bie_finhestnks610125,2023-Q4,TP.FINHESTNKS610125.ZP7,"VF.2.2.Vadesiz Mevduat, Diğer Finansal Aracılar (Konsolide Akım)",sum,-1777994.4593
bie_finhestnks610125,2023-Q4,TP.FINHESTNKS610125.ZP8,"VF.2.9.Vadeli Mevduat, Diğer Finansal Aracılar (Konsolide Akım)",sum,-8366391.495
bie_finhestnks610125,2023-Q4,TP.FINHESTNKS610125.ZP9,"VF.3.Borçlanma Senetleri, Diğer Finansal Aracılar (Konsolide Akım)",sum,9048509.9131
bie_finhestnks610125,2023-Q4,TP.FINHESTNKS610125.ZP10,"VF.3.1.Kısa Vadeli Borçlanma Senetleri, Diğer Finansal Aracılar (Konsolide Akım)",sum,1973373.4471
bie_finhestnks610125,2023-Q4,TP.FINHESTNKS610125.ZP11,"VF.3.2.Uzun Vadeli Borçlanma Senetleri, Diğer Finansal Aracılar (Konsolide Akım)",sum,7075136.466
bie_finhestnks610125,2023-Q4,TP.FINHESTNKS610125.ZP12,"VF.4.Krediler, Diğer Finansal Aracılar (Konsolide Akım)",sum,65302172.4921
bie_finhestnks610125,2023-Q4,TP.FINHESTNKS610125.ZP13,"VF.4.1.Kısa Vadeli Krediler, Diğer Finansal Aracılar (Konsolide Akım)",sum,65302172.4921
bie_finhestnks610125,2023-Q4,TP.FINHESTNKS610125.ZP14,"VF.4.2.Uzun Vadeli Krediler, Diğer Finansal Aracılar (Konsolide Akım)",sum,0.0
bie_finhestnks610125,2023-Q4,TP.FINHESTNKS610125.ZP15,"VF.5.Hisse Senetleri ve Özkaynaklar, Diğer Finansal Aracılar (Konsolide Akım)",sum,-4753319.6515
bie_finhestnks610125,2023-Q4,TP.FINHESTNKS610125.ZP16,"VF.5.1.Hisse Senetleri ve Özkaynaklar, Diğer Finansal Aracılar (Konsolide Akım)",sum,-4753319.6515
bie_finhestnks610125,2023-Q4,TP.FINHESTNKS610125.ZP17,"VF.5.2.Yatırım Fonu Katılma Belgeleri, Diğer Finansal Aracılar (Konsolide Akım)",sum,0.0
bie_finhestnks610125,2023-Q4,TP.FINHESTNKS610125.ZP18,"VF.5.2.1.Para Piyasası Fonları, Diğer Finansal Aracılar (Konsolide Akım)",sum,0.0
bie_finhestnks610125,2023-Q4,TP.FINHESTNKS610125.ZP19,"VF.5.2.2.Diğer Yatırım Fonları, Diğer Finansal Aracılar (Konsolide Akım)",sum,0.0
bie_finhestnks610125,2023-Q4,TP.FINHESTNKS610125.ZP20,"VF.6.Sigorta ve Emeklilik Sözleşmeleri, Diğer Finansal Aracılar (Konsolide Akım)",sum,0.0
bie_finhestnks610125,2023-Q4,TP.FINHESTNKS610125.ZP21,"VF.7.Finansal Türevler, Diğer Finansal Aracılar (Konsolide Akım)",sum,-130235.2097
bie_finhestnks610125,2023-Q4,TP.FINHESTNKS610125.ZP22,"VF.8.Diğer Alacaklar, Diğer Finansal Aracılar (Konsolide Akım)",sum,-5869971.026
bie_finhestnks610125,2023-Q4,TP.FINHESTNKS610125.ZP23,"VF.0.Toplam Varlıklar, Diğer Finansal Aracılar (Konsolide Akım)",sum,53430756.3894
bie_finhestnks610125,2023-Q4,TP.FINHESTNKS610125.ZP24,"F.1.Parasal Altın ve SDR, Diğer Finansal Aracılar (Konsolide Akım)",sum,0.0
bie_finhestnks610125,2023-Q4,TP.FINHESTNKS610125.ZP26,"F.1.2.Özel Çekme Hakları (SDR), Diğer Finansal Aracılar (Konsolide Akım)",sum,0.0
bie_finhestnks610125,2023-Q4,TP.FINHESTNKS610125.ZP27,"F.2.Para ve Mevduat, Diğer Finansal Aracılar (Konsolide Akım)",sum,0.0
bie_finhestnks610125,2023-Q4,TP.FINHESTNKS610125.ZP28,"F.2.1.Para, Diğer Finansal Aracılar (Konsolide Akım)",sum,0.0
bie_finhestnks610125,2023-Q4,TP.FINHESTNKS610125.ZP29,"F.2.2.Vadesiz Mevduat, Diğer Finansal Aracılar (Konsolide Akım)",sum,0.0
bie_finhestnks610125,2023-Q4,TP.FINHESTNKS610125.ZP30,"F.2.9.Vadeli Mevduat, Diğer Finansal Aracılar (Konsolide Akım)",sum,0.0
bie_finhestnks610125,2023-Q4,TP.FINHESTNKS610125.ZP31,"F.3.Borçlanma Senetleri, Diğer Finansal Aracılar (Konsolide Akım)",sum,18016088.864
bie_finhestnks610125,2023-Q4,TP.FINHESTNKS610125.ZP32,"F.3.1.Kısa Vadeli Borçlanma Senetleri, Diğer Finansal Aracılar (Konsolide Akım)",sum,11739854.0997
bie_finhestnks610125,2023-Q4,TP.FINHESTNKS610125.ZP33,"F.3.2.Uzun Vadeli Borçlanma Senetleri, Diğer Finansal Aracılar (Konsolide Akım)",sum,6276234.7643
bie_finhestnks610125,2023-Q4,TP.FINHESTNKS610125.ZP34,"F.4.Krediler, Diğer Finansal Aracılar (Konsolide Akım)",sum,8254819.4304
bie_finhestnks610125,2023-Q4,TP.FINHESTNKS610125.ZP35,"F.4.1.Kısa Vadeli Krediler, Diğer Finansal Aracılar (Konsolide Akım)",sum,4209957.9095
bie_finhestnks610125,2023-Q4,TP.FINHESTNKS610125.ZP36,"F.4.2.Uzun Vadeli Krediler, Diğer Finansal Aracılar (Konsolide Akım)",sum,4044861.5209
bie_finhestnks610125,2023-Q4,TP.FINHESTNKS610125.ZP37,"F.5.Hisse Senetleri ve Özkaynaklar, Diğer Finansal Aracılar (Konsolide Akım)",sum,2197522.035
bie_finhestnks610125,2023-Q4,TP.FINHESTNKS610125.ZP38,"F.5.1.Hisse Senetleri ve Özkaynaklar, Diğer Finansal Aracılar (Konsolide Akım)",sum,2197522.035
bie_finhestnks610125,2023-Q4,TP.FINHESTNKS610125.ZP39,"F.5.2.Yatırım Fonu Katılma Belgeleri, Diğer Finansal Aracılar (Konsolide Akım)",sum,0.0
bie_finhestnks610125,2023-Q4,TP.FINHESTNKS610125.ZP40,"F.5.2.1.Para Piyasası Fonları, Diğer Finansal Aracılar (Konsolide Akım)",sum,0.0
bie_finhestnks610125,2023-Q4,TP.FINHESTNKS610125.ZP41,"F.5.2.2.Diğer Yatırım Fonları, Diğer Finansal Aracılar (Konsolide Akım)",sum,0.0
bie_finhestnks610125,2023-Q4,TP.FINHESTNKS610125.ZP42,"F.6.Sigorta ve Emeklilik Sözleşmeleri, Diğer Finansal Aracılar (Konsolide Akım)",sum,0.0
bie_finhestnks610125,2023-Q4,TP.FINHESTNKS610125.ZP43,"F.7.Finansal Türevler, Diğer Finansal Aracılar (Konsolide Akım)",sum,-496316.6146
bie_finhestnks610125,2023-Q4,TP.FINHESTNKS610125.ZP44,"F.8.Diğer Borçlar, Diğer Finansal Aracılar (Konsolide Akım)",sum,-6265.6734
bie_finhestnks610125,2023-Q4,TP.FINHESTNKS610125.ZP45,"F.0.Toplam Yükümlülükler, Diğer Finansal Aracılar (Konsolide Akım)",sum,27965848.0414
bie_finhestnks610125,2024-Q1,TP.FINHESTNKS610125.ZP1,"BF.9.NET FİNANSAL DEĞER, Diğer Finansal Aracılar (Konsolide Akım)",sum,16618074.824
bie_finhestnks610125,2024-Q1,TP.FINHESTNKS610125.ZP2,"VF.1.Parasal Altın ve SDR, Diğer Finansal Aracılar (Konsolide Akım)",sum,0.0
bie_finhestnks610125,2024-Q1,TP.FINHESTNKS610125.ZP3,"VF.1.1.Parasal Altın, Diğer Finansal Aracılar (Konsolide Akım)",sum,0.0
bie_finhestnks610125,2024-Q1,TP.FINHESTNKS610125.ZP4,"VF.1.2.Özel Çekme Hakları (SDR), Diğer Finansal Aracılar (Konsolide Akım)",sum,0.0
bie_finhestnks610125,2024-Q1,TP.FINHESTNKS610125.ZP5,"VF.2.Para ve Mevduat, Diğer Finansal Aracılar (Konsolide Akım)",sum,5729961.5056
bie_finhestnks610125,2024-Q1,TP.FINHESTNKS610125.ZP6,"VF.2.1.Para, Diğer Finansal Aracılar (Konsolide Akım)",sum,28097.8847
bie_finhestnks610125,2024-Q1,TP.FINHESTNKS610125.ZP7,"VF.2.2.Vadesiz Mevduat, Diğer Finansal Aracılar (Konsolide Akım)",sum,-1873217.0748
bie_finhestnks610125,2024-Q1,TP.FINHESTNKS610125.ZP8,"VF.2.9.Vadeli Mevduat, Diğer Finansal Aracılar (Konsolide Akım)",sum,7575080.6957
bie_finhestnks610125,2024-Q1,TP.FINHESTNKS610125.ZP9,"VF.3.Borçlanma Senetleri, Diğer Finansal Aracılar (Konsolide Akım)",sum,2213242.0208
bie_finhestnks610125,2024-Q1,TP.FINHESTNKS610125.ZP10,"VF.3.1.Kısa Vadeli Borçlanma Senetleri, Diğer Finansal Aracılar (Konsolide Akım)",sum,608299.148
bie_finhestnks610125,2024-Q1,TP.FINHESTNKS610125.ZP11,"VF.3.2.Uzun Vadeli Borçlanma Senetleri, Diğer Finansal Aracılar (Konsolide Akım)",sum,1604942.8728
bie_finhestnks610125,2024-Q1,TP.FINHESTNKS610125.ZP12,"VF.4.Krediler, Diğer Finansal Aracılar (Konsolide Akım)",sum,42023921.5929
bie_finhestnks610125,2024-Q1,TP.FINHESTNKS610125.ZP13,"VF.4.1.Kısa Vadeli Krediler, Diğer Finansal Aracılar (Konsolide Akım)",sum,42023921.5929
bie_finhestnks610125,2024-Q1,TP.FINHESTNKS610125.ZP14,"VF.4.2.Uzun Vadeli Krediler, Diğer Finansal Aracılar (Konsolide Akım)",sum,0.0
bie_finhestnks610125,2024-Q1,TP.FINHESTNKS610125.ZP15,"VF.5.Hisse Senetleri ve Özkaynaklar, Diğer Finansal Aracılar (Konsolide Akım)",sum,7893815.6893
bie_finhestnks610125,2024-Q1,TP.FINHESTNKS610125.ZP16,"VF.5.1.Hisse Senetleri ve Özkaynaklar, Diğer Finansal Aracılar (Konsolide Akım)",sum,7893815.6893
bie_finhestnks610125,2024-Q1,TP.FINHESTNKS610125.ZP17,"VF.5.2.Yatırım Fonu Katılma Belgeleri, Diğer Finansal Aracılar (Konsolide Akım)",sum,0.0
bie_finhestnks610125,2024-Q1,TP.FINHESTNKS610125.ZP18,"VF.5.2.1.Para Piyasası Fonları, Diğer Finansal Aracılar (Konsolide Akım)",sum,0.0
bie_finhestnks610125,2024-Q1,TP.FINHESTNKS610125.ZP19,"VF.5.2.2.Diğer Yatırım Fonları, Diğer Finansal Aracılar (Konsolide Akım)",sum,0.0
bie_finhestnks610125,2024-Q1,TP.FINHESTNKS610125.ZP20,"VF.6.Sigorta ve Emeklilik Sözleşmeleri, Diğer Finansal Aracılar (Konsolide Akım)",sum,0.0
bie_finhestnks610125,2024-Q1,TP.FINHESTNKS610125.ZP21,"VF.7.Finansal Türevler, Diğer Finansal Aracılar (Konsolide Akım)",sum,631355.3539
bie_finhestnks610125,2024-Q1,TP.FINHESTNKS610125.ZP22,"VF.8.Diğer Alacaklar, Diğer Finansal Aracılar (Konsolide Akım)",sum,13603823.9961
bie_finhestnks610125,2024-Q1,TP.FINHESTNKS610125.ZP23,"VF.0.Toplam Varlıklar, Diğer Finansal Aracılar (Konsolide Akım)",sum,72096120.1585
bie_finhestnks610125,2024-Q1,TP.FINHESTNKS610125.ZP24,"F.1.Parasal Altın ve SDR, Diğer Finansal Aracılar (Konsolide Akım)",sum,0.0
bie_finhestnks610125,2024-Q1,TP.FINHESTNKS610125.ZP26,"F.1.2.Özel Çekme Hakları (SDR), Diğer Finansal Aracılar (Konsolide Akım)",sum,0.0
bie_finhestnks610125,2024-Q1,TP.FINHESTNKS610125.ZP27,"F.2.Para ve Mevduat, Diğer Finansal Aracılar (Konsolide Akım)",sum,0.0
bie_finhestnks610125,2024-Q1,TP.FINHESTNKS610125.ZP28,"F.2.1.Para, Diğer Finansal Aracılar (Konsolide Akım)",sum,0.0
bie_finhestnks610125,2024-Q1,TP.FINHESTNKS610125.ZP29,"F.2.2.Vadesiz Mevduat, Diğer Finansal Aracılar (Konsolide Akım)",sum,0.0
bie_finhestnks610125,2024-Q1,TP.FINHESTNKS610125.ZP30,"F.2.9.Vadeli Mevduat, Diğer Finansal Aracılar (Konsolide Akım)",sum,0.0
bie_finhestnks610125,2024-Q1,TP.FINHESTNKS610125.ZP31,"F.3.Borçlanma Senetleri, Diğer Finansal Aracılar (Konsolide Akım)",sum,401837.5112
bie_finhestnks610125,2024-Q1,TP.FINHESTNKS610125.ZP32,"F.3.1.Kısa Vadeli Borçlanma Senetleri, Diğer Finansal Aracılar (Konsolide Akım)",sum,251587.6864
bie_finhestnks610125,2024-Q1,TP.FINHESTNKS610125.ZP33,"F.3.2.Uzun Vadeli Borçlanma Senetleri, Diğer Finansal Aracılar (Konsolide Akım)",sum,150249.8248
bie_finhestnks610125,2024-Q1,TP.FINHESTNKS610125.ZP34,"F.4.Krediler, Diğer Finansal Aracılar (Konsolide Akım)",sum,37630308.2569
bie_finhestnks610125,2024-Q1,TP.FINHESTNKS610125.ZP35,"F.4.1.Kısa Vadeli Krediler, Diğer Finansal Aracılar (Konsolide Akım)",sum,19191457.211
bie_finhestnks610125,2024-Q1,TP.FINHESTNKS610125.ZP36,"F.4.2.Uzun Vadeli Krediler, Diğer Finansal Aracılar (Konsolide Akım)",sum,18438851.0459
bie_finhestnks610125,2024-Q1,TP.FINHESTNKS610125.ZP37,"F.5.Hisse Senetleri ve Özkaynaklar, Diğer Finansal Aracılar (Konsolide Akım)",sum,2510567.0234
bie_finhestnks610125,2024-Q1,TP.FINHESTNKS610125.ZP38,"F.5.1.Hisse Senetleri ve Özkaynaklar, Diğer Finansal Aracılar (Konsolide Akım)",sum,2510567.0234
bie_finhestnks610125,2024-Q1,TP.FINHESTNKS610125.ZP39,"F.5.2.Yatırım Fonu Katılma Belgeleri, Diğer Finansal Aracılar (Konsolide Akım)",sum,0.0
bie_finhestnks610125,2024-Q1,TP.FINHESTNKS610125.ZP40,"F.5.2.1.Para Piyasası Fonları, Diğer Finansal Aracılar (Konsolide Akım)",sum,0.0
bie_finhestnks610125,2024-Q1,TP.FINHESTNKS610125.ZP41,"F.5.2.2.Diğer Yatırım Fonları, Diğer Finansal Aracılar (Konsolide Akım)",sum,0.0
bie_finhestnks610125,2024-Q1,TP.FINHESTNKS610125.ZP42,"F.6.Sigorta ve Emeklilik Sözleşmeleri, Diğer Finansal Aracılar (Konsolide Akım)",sum,0.0
bie_finhestnks610125,2024-Q1,TP.FINHESTNKS610125.ZP43,"F.7.Finansal Türevler, Diğer Finansal Aracılar (Konsolide Akım)",sum,62351.4188
bie_finhestnks610125,2024-Q1,TP.FINHESTNKS610125.ZP44,"F.8.Diğer Borçlar, Diğer Finansal Aracılar (Konsolide Akım)",sum,14872981.1242
bie_finhestnks610125,2024-Q1,TP.FINHESTNKS610125.ZP45,"F.0.Toplam Yükümlülükler, Diğer Finansal Aracılar (Konsolide Akım)",sum,55478045.3345
bie_finhestnks610125,2024-Q2,TP.FINHESTNKS610125.ZP1,"BF.9.NET FİNANSAL DEĞER, Diğer Finansal Aracılar (Konsolide Akım)",sum,17129156.7254
bie_finhestnks610125,2024-Q2,TP.FINHESTNKS610125.ZP2,"VF.1.Parasal Altın ve SDR, Diğer Finansal Aracılar (Konsolide Akım)",sum,0.0
bie_finhestnks610125,2024-Q2,TP.FINHESTNKS610125.ZP3,"VF.1.1.Parasal Altın, Diğer Finansal Aracılar (Konsolide Akım)",sum,0.0
bie_finhestnks610125,2024-Q2,TP.FINHESTNKS610125.ZP4,"VF.1.2.Özel Çekme Hakları (SDR), Diğer Finansal Aracılar (Konsolide Akım)",sum,0.0
bie_finhestnks610125,2024-Q2,TP.FINHESTNKS610125.ZP5,"VF.2.Para ve Mevduat, Diğer Finansal Aracılar (Konsolide Akım)",sum,-16638944.0956
bie_finhestnks610125,2024-Q2,TP.FINHESTNKS610125.ZP6,"VF.2.1.Para, Diğer Finansal Aracılar (Konsolide Akım)",sum,-21306.1669
bie_finhestnks610125,2024-Q2,TP.FINHESTNKS610125.ZP7,"VF.2.2.Vadesiz Mevduat, Diğer Finansal Aracılar (Konsolide Akım)",sum,-2636069.3695
bie_finhestnks610125,2024-Q2,TP.FINHESTNKS610125.ZP8,"VF.2.9.Vadeli Mevduat, Diğer Finansal Aracılar (Konsolide Akım)",sum,-13981568.5592
bie_finhestnks610125,2024-Q2,TP.FINHESTNKS610125.ZP9,"VF.3.Borçlanma Senetleri, Diğer Finansal Aracılar (Konsolide Akım)",sum,5176285.7403
bie_finhestnks610125,2024-Q2,TP.FINHESTNKS610125.ZP10,"VF.3.1.Kısa Vadeli Borçlanma Senetleri, Diğer Finansal Aracılar (Konsolide Akım)",sum,1383456.0881
bie_finhestnks610125,2024-Q2,TP.FINHESTNKS610125.ZP11,"VF.3.2.Uzun Vadeli Borçlanma Senetleri, Diğer Finansal Aracılar (Konsolide Akım)",sum,3792829.6522
bie_finhestnks610125,2024-Q2,TP.FINHESTNKS610125.ZP12,"VF.4.Krediler, Diğer Finansal Aracılar (Konsolide Akım)",sum,38683078.7098
bie_finhestnks610125,2024-Q2,TP.FINHESTNKS610125.ZP13,"VF.4.1.Kısa Vadeli Krediler, Diğer Finansal Aracılar (Konsolide Akım)",sum,38683078.7098
bie_finhestnks610125,2024-Q2,TP.FINHESTNKS610125.ZP14,"VF.4.2.Uzun Vadeli Krediler, Diğer Finansal Aracılar (Konsolide Akım)",sum,0.0
bie_finhestnks610125,2024-Q2,TP.FINHESTNKS610125.ZP15,"VF.5.Hisse Senetleri ve Özkaynaklar, Diğer Finansal Aracılar (Konsolide Akım)",sum,768744.2385
bie_finhestnks610125,2024-Q2,TP.FINHESTNKS610125.ZP16,"VF.5.1.Hisse Senetleri ve Özkaynaklar, Diğer Finansal Aracılar (Konsolide Akım)",sum,768744.2385
bie_finhestnks610125,2024-Q2,TP.FINHESTNKS610125.ZP17,"VF.5.2.Yatırım Fonu Katılma Belgeleri, Diğer Finansal Aracılar (Konsolide Akım)",sum,0.0
bie_finhestnks610125,2024-Q2,TP.FINHESTNKS610125.ZP18,"VF.5.2.1.Para Piyasası Fonları, Diğer Finansal Aracılar (Konsolide Akım)",sum,0.0
bie_finhestnks610125,2024-Q2,TP.FINHESTNKS610125.ZP19,"VF.5.2.2.Diğer Yatırım Fonları, Diğer Finansal Aracılar (Konsolide Akım)",sum,0.0
bie_finhestnks610125,2024-Q2,TP.FINHESTNKS610125.ZP20,"VF.6.Sigorta ve Emeklilik Sözleşmeleri, Diğer Finansal Aracılar (Konsolide Akım)",sum,0.0
bie_finhestnks610125,2024-Q2,TP.FINHESTNKS610125.ZP21,"VF.7.Finansal Türevler, Diğer Finansal Aracılar (Konsolide Akım)",sum,-686871.3367
bie_finhestnks610125,2024-Q2,TP.FINHESTNKS610125.ZP22,"VF.8.Diğer Alacaklar, Diğer Finansal Aracılar (Konsolide Akım)",sum,8332402.1458
bie_finhestnks610125,2024-Q2,TP.FINHESTNKS610125.ZP23,"VF.0.Toplam Varlıklar, Diğer Finansal Aracılar (Konsolide Akım)",sum,35634695.4022
bie_finhestnks610125,2024-Q2,TP.FINHESTNKS610125.ZP24,"F.1.Parasal Altın ve SDR, Diğer Finansal Aracılar (Konsolide Akım)",sum,0.0
bie_finhestnks610125,2024-Q2,TP.FINHESTNKS610125.ZP26,"F.1.2.Özel Çekme Hakları (SDR), Diğer Finansal Aracılar (Konsolide Akım)",sum,0.0
bie_finhestnks610125,2024-Q2,TP.FINHESTNKS610125.ZP27,"F.2.Para ve Mevduat, Diğer Finansal Aracılar (Konsolide Akım)",sum,0.0
bie_finhestnks610125,2024-Q2,TP.FINHESTNKS610125.ZP28,"F.2.1.Para, Diğer Finansal Aracılar (Konsolide Akım)",sum,0.0
bie_finhestnks610125,2024-Q2,TP.FINHESTNKS610125.ZP29,"F.2.2.Vadesiz Mevduat, Diğer Finansal Aracılar (Konsolide Akım)",sum,0.0
bie_finhestnks610125,2024-Q2,TP.FINHESTNKS610125.ZP30,"F.2.9.Vadeli Mevduat, Diğer Finansal Aracılar (Konsolide Akım)",sum,0.0
bie_finhestnks610125,2024-Q2,TP.FINHESTNKS610125.ZP31,"F.3.Borçlanma Senetleri, Diğer Finansal Aracılar (Konsolide Akım)",sum,-774357.1273
bie_finhestnks610125,2024-Q2,TP.FINHESTNKS610125.ZP32,"F.3.1.Kısa Vadeli Borçlanma Senetleri, Diğer Finansal Aracılar (Konsolide Akım)",sum,-499888.6711
bie_finhestnks610125,2024-Q2,TP.FINHESTNKS610125.ZP33,"F.3.2.Uzun Vadeli Borçlanma Senetleri, Diğer Finansal Aracılar (Konsolide Akım)",sum,-274468.4563
bie_finhestnks610125,2024-Q2,TP.FINHESTNKS610125.ZP34,"F.4.Krediler, Diğer Finansal Aracılar (Konsolide Akım)",sum,12725187.8974
bie_finhestnks610125,2024-Q2,TP.FINHESTNKS610125.ZP35,"F.4.1.Kısa Vadeli Krediler, Diğer Finansal Aracılar (Konsolide Akım)",sum,6489845.8277
bie_finhestnks610125,2024-Q2,TP.FINHESTNKS610125.ZP36,"F.4.2.Uzun Vadeli Krediler, Diğer Finansal Aracılar (Konsolide Akım)",sum,6235342.0697
bie_finhestnks610125,2024-Q2,TP.FINHESTNKS610125.ZP37,"F.5.Hisse Senetleri ve Özkaynaklar, Diğer Finansal Aracılar (Konsolide Akım)",sum,2072120.2827
bie_finhestnks610125,2024-Q2,TP.FINHESTNKS610125.ZP38,"F.5.1.Hisse Senetleri ve Özkaynaklar, Diğer Finansal Aracılar (Konsolide Akım)",sum,2072120.2827
bie_finhestnks610125,2024-Q2,TP.FINHESTNKS610125.ZP39,"F.5.2.Yatırım Fonu Katılma Belgeleri, Diğer Finansal Aracılar (Konsolide Akım)",sum,0.0
bie_finhestnks610125,2024-Q2,TP.FINHESTNKS610125.ZP40,"F.5.2.1.Para Piyasası Fonları, Diğer Finansal Aracılar (Konsolide Akım)",sum,0.0
bie_finhestnks610125,2024-Q2,TP.FINHESTNKS610125.ZP41,"F.5.2.2.Diğer Yatırım Fonları, Diğer Finansal Aracılar (Konsolide Akım)",sum,0.0
bie_finhestnks610125,2024-Q2,TP.FINHESTNKS610125.ZP42,"F.6.Sigorta ve Emeklilik Sözleşmeleri, Diğer Finansal Aracılar (Konsolide Akım)",sum,0.0
bie_finhestnks610125,2024-Q2,TP.FINHESTNKS610125.ZP43,"F.7.Finansal Türevler, Diğer Finansal Aracılar (Konsolide Akım)",sum,349788.304
bie_finhestnks610125,2024-Q2,TP.FINHESTNKS610125.ZP44,"F.8.Diğer Borçlar, Diğer Finansal Aracılar (Konsolide Akım)",sum,4132799.3201
bie_finhestnks610125,2024-Q2,TP.FINHESTNKS610125.ZP45,"F.0.Toplam Yükümlülükler, Diğer Finansal Aracılar (Konsolide Akım)",sum,18505538.6768
bie_finhestnks610125,2024-Q3,TP.FINHESTNKS610125.ZP1,"BF.9.NET FİNANSAL DEĞER, Diğer Finansal Aracılar (Konsolide Akım)",sum,-5471502.3998
bie_finhestnks610125,2024-Q3,TP.FINHESTNKS610125.ZP2,"VF.1.Parasal Altın ve SDR, Diğer Finansal Aracılar (Konsolide Akım)",sum,0.0
bie_finhestnks610125,2024-Q3,TP.FINHESTNKS610125.ZP3,"VF.1.1.Parasal Altın, Diğer Finansal Aracılar (Konsolide Akım)",sum,0.0
bie_finhestnks610125,2024-Q3,TP.FINHESTNKS610125.ZP4,"VF.1.2.Özel Çekme Hakları (SDR), Diğer Finansal Aracılar (Konsolide Akım)",sum,0.0
bie_finhestnks610125,2024-Q3,TP.FINHESTNKS610125.ZP5,"VF.2.Para ve Mevduat, Diğer Finansal Aracılar (Konsolide Akım)",sum,9898499.7992
bie_finhestnks610125,2024-Q3,TP.FINHESTNKS610125.ZP6,"VF.2.1.Para, Diğer Finansal Aracılar (Konsolide Akım)",sum,58623.4045
bie_finhestnks610125,2024-Q3,TP.FINHESTNKS610125.ZP7,"VF.2.2.Vadesiz Mevduat, Diğer Finansal Aracılar (Konsolide Akım)",sum,2397522.6888
bie_finhestnks610125,2024-Q3,TP.FINHESTNKS610125.ZP8,"VF.2.9.Vadeli Mevduat, Diğer Finansal Aracılar (Konsolide Akım)",sum,7442353.7059
bie_finhestnks610125,2024-Q3,TP.FINHESTNKS610125.ZP9,"VF.3.Borçlanma Senetleri, Diğer Finansal Aracılar (Konsolide Akım)",sum,-2062777.4094
bie_finhestnks610125,2024-Q3,TP.FINHESTNKS610125.ZP10,"VF.3.1.Kısa Vadeli Borçlanma Senetleri, Diğer Finansal Aracılar (Konsolide Akım)",sum,-552594.9621
bie_finhestnks610125,2024-Q3,TP.FINHESTNKS610125.ZP11,"VF.3.2.Uzun Vadeli Borçlanma Senetleri, Diğer Finansal Aracılar (Konsolide Akım)",sum,-1510182.4474
bie_finhestnks610125,2024-Q3,TP.FINHESTNKS610125.ZP12,"VF.4.Krediler, Diğer Finansal Aracılar (Konsolide Akım)",sum,7358110.1911
bie_finhestnks610125,2024-Q3,TP.FINHESTNKS610125.ZP13,"VF.4.1.Kısa Vadeli Krediler, Diğer Finansal Aracılar (Konsolide Akım)",sum,7358110.1911
bie_finhestnks610125,2024-Q3,TP.FINHESTNKS610125.ZP14,"VF.4.2.Uzun Vadeli Krediler, Diğer Finansal Aracılar (Konsolide Akım)",sum,0.0
bie_finhestnks610125,2024-Q3,TP.FINHESTNKS610125.ZP15,"VF.5.Hisse Senetleri ve Özkaynaklar, Diğer Finansal Aracılar (Konsolide Akım)",sum,-12607.4584
bie_finhestnks610125,2024-Q3,TP.FINHESTNKS610125.ZP16,"VF.5.1.Hisse Senetleri ve Özkaynaklar, Diğer Finansal Aracılar (Konsolide Akım)",sum,-12607.4584
bie_finhestnks610125,2024-Q3,TP.FINHESTNKS610125.ZP17,"VF.5.2.Yatırım Fonu Katılma Belgeleri, Diğer Finansal Aracılar (Konsolide Akım)",sum,0.0
bie_finhestnks610125,2024-Q3,TP.FINHESTNKS610125.ZP18,"VF.5.2.1.Para Piyasası Fonları, Diğer Finansal Aracılar (Konsolide Akım)",sum,0.0
bie_finhestnks610125,2024-Q3,TP.FINHESTNKS610125.ZP19,"VF.5.2.2.Diğer Yatırım Fonları, Diğer Finansal Aracılar (Konsolide Akım)",sum,0.0
bie_finhestnks610125,2024-Q3,TP.FINHESTNKS610125.ZP20,"VF.6.Sigorta ve Emeklilik Sözleşmeleri, Diğer Finansal Aracılar (Konsolide Akım)",sum,0.0
bie_finhestnks610125,2024-Q3,TP.FINHESTNKS610125.ZP21,"VF.7.Finansal Türevler, Diğer Finansal Aracılar (Konsolide Akım)",sum,-229019.9529
bie_finhestnks610125,2024-Q3,TP.FINHESTNKS610125.ZP22,"VF.8.Diğer Alacaklar, Diğer Finansal Aracılar (Konsolide Akım)",sum,-3905957.9888
bie_finhestnks610125,2024-Q3,TP.FINHESTNKS610125.ZP23,"VF.0.Toplam Varlıklar, Diğer Finansal Aracılar (Konsolide Akım)",sum,11046247.1808
bie_finhestnks610125,2024-Q3,TP.FINHESTNKS610125.ZP24,"F.1.Parasal Altın ve SDR, Diğer Finansal Aracılar (Konsolide Akım)",sum,0.0
bie_finhestnks610125,2024-Q3,TP.FINHESTNKS610125.ZP26,"F.1.2.Özel Çekme Hakları (SDR), Diğer Finansal Aracılar (Konsolide Akım)",sum,0.0
bie_finhestnks610125,2024-Q3,TP.FINHESTNKS610125.ZP27,"F.2.Para ve Mevduat, Diğer Finansal Aracılar (Konsolide Akım)",sum,0.0
bie_finhestnks610125,2024-Q3,TP.FINHESTNKS610125.ZP28,"F.2.1.Para, Diğer Finansal Aracılar (Konsolide Akım)",sum,0.0
bie_finhestnks610125,2024-Q3,TP.FINHESTNKS610125.ZP29,"F.2.2.Vadesiz Mevduat, Diğer Finansal Aracılar (Konsolide Akım)",sum,0.0
bie_finhestnks610125,2024-Q3,TP.FINHESTNKS610125.ZP30,"F.2.9.Vadeli Mevduat, Diğer Finansal Aracılar (Konsolide Akım)",sum,0.0
bie_finhestnks610125,2024-Q3,TP.FINHESTNKS610125.ZP31,"F.3.Borçlanma Senetleri, Diğer Finansal Aracılar (Konsolide Akım)",sum,3928407.1444
bie_finhestnks610125,2024-Q3,TP.FINHESTNKS610125.ZP32,"F.3.1.Kısa Vadeli Borçlanma Senetleri, Diğer Finansal Aracılar (Konsolide Akım)",sum,2448308.7312
bie_finhestnks610125,2024-Q3,TP.FINHESTNKS610125.ZP33,"F.3.2.Uzun Vadeli Borçlanma Senetleri, Diğer Finansal Aracılar (Konsolide Akım)",sum,1480098.4132
bie_finhestnks610125,2024-Q3,TP.FINHESTNKS610125.ZP34,"F.4.Krediler, Diğer Finansal Aracılar (Konsolide Akım)",sum,3364111.5649
bie_finhestnks610125,2024-Q3,TP.FINHESTNKS610125.ZP35,"F.4.1.Kısa Vadeli Krediler, Diğer Finansal Aracılar (Konsolide Akım)",sum,1715696.8981
bie_finhestnks610125,2024-Q3,TP.FINHESTNKS610125.ZP36,"F.4.2.Uzun Vadeli Krediler, Diğer Finansal Aracılar (Konsolide Akım)",sum,1648414.6668
bie_finhestnks610125,2024-Q3,TP.FINHESTNKS610125.ZP37,"F.5.Hisse Senetleri ve Özkaynaklar, Diğer Finansal Aracılar (Konsolide Akım)",sum,2371550.7638
bie_finhestnks610125,2024-Q3,TP.FINHESTNKS610125.ZP38,"F.5.1.Hisse Senetleri ve Özkaynaklar, Diğer Finansal Aracılar (Konsolide Akım)",sum,2371550.7638
bie_finhestnks610125,2024-Q3,TP.FINHESTNKS610125.ZP39,"F.5.2.Yatırım Fonu Katılma Belgeleri, Diğer Finansal Aracılar (Konsolide Akım)",sum,0.0
bie_finhestnks610125,2024-Q3,TP.FINHESTNKS610125.ZP40,"F.5.2.1.Para Piyasası Fonları, Diğer Finansal Aracılar (Konsolide Akım)",sum,0.0
bie_finhestnks610125,2024-Q3,TP.FINHESTNKS610125.ZP41,"F.5.2.2.Diğer Yatırım Fonları, Diğer Finansal Aracılar (Konsolide Akım)",sum,0.0
bie_finhestnks610125,2024-Q3,TP.FINHESTNKS610125.ZP42,"F.6.Sigorta ve Emeklilik Sözleşmeleri, Diğer Finansal Aracılar (Konsolide Akım)",sum,0.0
bie_finhestnks610125,2024-Q3,TP.FINHESTNKS610125.ZP43,"F.7.Finansal Türevler, Diğer Finansal Aracılar (Konsolide Akım)",sum,306232.613
bie_finhestnks610125,2024-Q3,TP.FINHESTNKS610125.ZP44,"F.8.Diğer Borçlar, Diğer Finansal Aracılar (Konsolide Akım)",sum,6547447.4945
bie_finhestnks610125,2024-Q3,TP.FINHESTNKS610125.ZP45,"F.0.Toplam Yükümlülükler, Diğer Finansal Aracılar (Konsolide Akım)",sum,16517749.5806
bie_finhestnks610125,2024-Q4,TP.FINHESTNKS610125.ZP1,"BF.9.NET FİNANSAL DEĞER, Diğer Finansal Aracılar (Konsolide Akım)",sum,49555127.9129
bie_finhestnks610125,2024-Q4,TP.FINHESTNKS610125.ZP2,"VF.1.Parasal Altın ve SDR, Diğer Finansal Aracılar (Konsolide Akım)",sum,0.0
bie_finhestnks610125,2024-Q4,TP.FINHESTNKS610125.ZP3,"VF.1.1.Parasal Altın, Diğer Finansal Aracılar (Konsolide Akım)",sum,0.0
bie_finhestnks610125,2024-Q4,TP.FINHESTNKS610125.ZP4,"VF.1.2.Özel Çekme Hakları (SDR), Diğer Finansal Aracılar (Konsolide Akım)",sum,0.0
bie_finhestnks610125,2024-Q4,TP.FINHESTNKS610125.ZP5,"VF.2.Para ve Mevduat, Diğer Finansal Aracılar (Konsolide Akım)",sum,7729951.0174
bie_finhestnks610125,2024-Q4,TP.FINHESTNKS610125.ZP6,"VF.2.1.Para, Diğer Finansal Aracılar (Konsolide Akım)",sum,-43582.226
bie_finhestnks610125,2024-Q4,TP.FINHESTNKS610125.ZP7,"VF.2.2.Vadesiz Mevduat, Diğer Finansal Aracılar (Konsolide Akım)",sum,-2716403.4156
bie_finhestnks610125,2024-Q4,TP.FINHESTNKS610125.ZP8,"VF.2.9.Vadeli Mevduat, Diğer Finansal Aracılar (Konsolide Akım)",sum,10489936.659
bie_finhestnks610125,2024-Q4,TP.FINHESTNKS610125.ZP9,"VF.3.Borçlanma Senetleri, Diğer Finansal Aracılar (Konsolide Akım)",sum,5476874.4536
bie_finhestnks610125,2024-Q4,TP.FINHESTNKS610125.ZP10,"VF.3.1.Kısa Vadeli Borçlanma Senetleri, Diğer Finansal Aracılar (Konsolide Akım)",sum,1431856.669
bie_finhestnks610125,2024-Q4,TP.FINHESTNKS610125.ZP11,"VF.3.2.Uzun Vadeli Borçlanma Senetleri, Diğer Finansal Aracılar (Konsolide Akım)",sum,4045017.7846
bie_finhestnks610125,2024-Q4,TP.FINHESTNKS610125.ZP12,"VF.4.Krediler, Diğer Finansal Aracılar (Konsolide Akım)",sum,123177999.1837
bie_finhestnks610125,2024-Q4,TP.FINHESTNKS610125.ZP13,"VF.4.1.Kısa Vadeli Krediler, Diğer Finansal Aracılar (Konsolide Akım)",sum,123177999.1837
bie_finhestnks610125,2024-Q4,TP.FINHESTNKS610125.ZP14,"VF.4.2.Uzun Vadeli Krediler, Diğer Finansal Aracılar (Konsolide Akım)",sum,0.0
bie_finhestnks610125,2024-Q4,TP.FINHESTNKS610125.ZP15,"VF.5.Hisse Senetleri ve Özkaynaklar, Diğer Finansal Aracılar (Konsolide Akım)",sum,9869650.8068
bie_finhestnks610125,2024-Q4,TP.FINHESTNKS610125.ZP16,"VF.5.1.Hisse Senetleri ve Özkaynaklar, Diğer Finansal Aracılar (Konsolide Akım)",sum,9869650.8068
bie_finhestnks610125,2024-Q4,TP.FINHESTNKS610125.ZP17,"VF.5.2.Yatırım Fonu Katılma Belgeleri, Diğer Finansal Aracılar (Konsolide Akım)",sum,0.0
bie_finhestnks610125,2024-Q4,TP.FINHESTNKS610125.ZP18,"VF.5.2.1.Para Piyasası Fonları, Diğer Finansal Aracılar (Konsolide Akım)",sum,0.0
bie_finhestnks610125,2024-Q4,TP.FINHESTNKS610125.ZP19,"VF.5.2.2.Diğer Yatırım Fonları, Diğer Finansal Aracılar (Konsolide Akım)",sum,0.0
bie_finhestnks610125,2024-Q4,TP.FINHESTNKS610125.ZP20,"VF.6.Sigorta ve Emeklilik Sözleşmeleri, Diğer Finansal Aracılar (Konsolide Akım)",sum,0.0
bie_finhestnks610125,2024-Q4,TP.FINHESTNKS610125.ZP21,"VF.7.Finansal Türevler, Diğer Finansal Aracılar (Konsolide Akım)",sum,483553.7764
bie_finhestnks610125,2024-Q4,TP.FINHESTNKS610125.ZP22,"VF.8.Diğer Alacaklar, Diğer Finansal Aracılar (Konsolide Akım)",sum,32003131.0844
bie_finhestnks610125,2024-Q4,TP.FINHESTNKS610125.ZP23,"VF.0.Toplam Varlıklar, Diğer Finansal Aracılar (Konsolide Akım)",sum,178741160.3223
bie_finhestnks610125,2024-Q4,TP.FINHESTNKS610125.ZP24,"F.1.Parasal Altın ve SDR, Diğer Finansal Aracılar (Konsolide Akım)",sum,0.0
bie_finhestnks610125,2024-Q4,TP.FINHESTNKS610125.ZP26,"F.1.2.Özel Çekme Hakları (SDR), Diğer Finansal Aracılar (Konsolide Akım)",sum,0.0
bie_finhestnks610125,2024-Q4,TP.FINHESTNKS610125.ZP27,"F.2.Para ve Mevduat, Diğer Finansal Aracılar (Konsolide Akım)",sum,0.0
bie_finhestnks610125,2024-Q4,TP.FINHESTNKS610125.ZP28,"F.2.1.Para, Diğer Finansal Aracılar (Konsolide Akım)",sum,0.0
bie_finhestnks610125,2024-Q4,TP.FINHESTNKS610125.ZP29,"F.2.2.Vadesiz Mevduat, Diğer Finansal Aracılar (Konsolide Akım)",sum,0.0
bie_finhestnks610125,2024-Q4,TP.FINHESTNKS610125.ZP30,"F.2.9.Vadeli Mevduat, Diğer Finansal Aracılar (Konsolide Akım)",sum,0.0
bie_finhestnks610125,2024-Q4,TP.FINHESTNKS610125.ZP31,"F.3.Borçlanma Senetleri, Diğer Finansal Aracılar (Konsolide Akım)",sum,18137217.384
bie_finhestnks610125,2024-Q4,TP.FINHESTNKS610125.ZP32,"F.3.1.Kısa Vadeli Borçlanma Senetleri, Diğer Finansal Aracılar (Konsolide Akım)",sum,11327401.0797
bie_finhestnks610125,2024-Q4,TP.FINHESTNKS610125.ZP33,"F.3.2.Uzun Vadeli Borçlanma Senetleri, Diğer Finansal Aracılar (Konsolide Akım)",sum,6809816.3043
bie_finhestnks610125,2024-Q4,TP.FINHESTNKS610125.ZP34,"F.4.Krediler, Diğer Finansal Aracılar (Konsolide Akım)",sum,70266098.7786
bie_finhestnks610125,2024-Q4,TP.FINHESTNKS610125.ZP35,"F.4.1.Kısa Vadeli Krediler, Diğer Finansal Aracılar (Konsolide Akım)",sum,35835710.3771
bie_finhestnks610125,2024-Q4,TP.FINHESTNKS610125.ZP36,"F.4.2.Uzun Vadeli Krediler, Diğer Finansal Aracılar (Konsolide Akım)",sum,34430388.4015
bie_finhestnks610125,2024-Q4,TP.FINHESTNKS610125.ZP37,"F.5.Hisse Senetleri ve Özkaynaklar, Diğer Finansal Aracılar (Konsolide Akım)",sum,7127248.0369
bie_finhestnks610125,2024-Q4,TP.FINHESTNKS610125.ZP38,"F.5.1.Hisse Senetleri ve Özkaynaklar, Diğer Finansal Aracılar (Konsolide Akım)",sum,7127248.0369
bie_finhestnks610125,2024-Q4,TP.FINHESTNKS610125.ZP39,"F.5.2.Yatırım Fonu Katılma Belgeleri, Diğer Finansal Aracılar (Konsolide Akım)",sum,0.0
bie_finhestnks610125,2024-Q4,TP.FINHESTNKS610125.ZP40,"F.5.2.1.Para Piyasası Fonları, Diğer Finansal Aracılar (Konsolide Akım)",sum,0.0
bie_finhestnks610125,2024-Q4,TP.FINHESTNKS610125.ZP41,"F.5.2.2.Diğer Yatırım Fonları, Diğer Finansal Aracılar (Konsolide Akım)",sum,0.0
bie_finhestnks610125,2024-Q4,TP.FINHESTNKS610125.ZP42,"F.6.Sigorta ve Emeklilik Sözleşmeleri, Diğer Finansal Aracılar (Konsolide Akım)",sum,0.0
bie_finhestnks610125,2024-Q4,TP.FINHESTNKS610125.ZP43,"F.7.Finansal Türevler, Diğer Finansal Aracılar (Konsolide Akım)",sum,-29857.23
bie_finhestnks610125,2024-Q4,TP.FINHESTNKS610125.ZP44,"F.8.Diğer Borçlar, Diğer Finansal Aracılar (Konsolide Akım)",sum,33685325.44
bie_finhestnks610125,2024-Q4,TP.FINHESTNKS610125.ZP45,"F.0.Toplam Yükümlülükler, Diğer Finansal Aracılar (Konsolide Akım)",sum,129186032.4094
bie_finhestnks610125,2025-Q1,TP.FINHESTNKS610125.ZP1,"BF.9.NET FİNANSAL DEĞER, Diğer Finansal Aracılar (Konsolide Akım)",sum,22887055.0745
bie_finhestnks610125,2025-Q1,TP.FINHESTNKS610125.ZP2,"VF.1.Parasal Altın ve SDR, Diğer Finansal Aracılar (Konsolide Akım)",sum,0.0
bie_finhestnks610125,2025-Q1,TP.FINHESTNKS610125.ZP3,"VF.1.1.Parasal Altın, Diğer Finansal Aracılar (Konsolide Akım)",sum,0.0
bie_finhestnks610125,2025-Q1,TP.FINHESTNKS610125.ZP4,"VF.1.2.Özel Çekme Hakları (SDR), Diğer Finansal Aracılar (Konsolide Akım)",sum,0.0
bie_finhestnks610125,2025-Q1,TP.FINHESTNKS610125.ZP5,"VF.2.Para ve Mevduat, Diğer Finansal Aracılar (Konsolide Akım)",sum,15908715.3665
bie_finhestnks610125,2025-Q1,TP.FINHESTNKS610125.ZP6,"VF.2.1.Para, Diğer Finansal Aracılar (Konsolide Akım)",sum,35789.2409
bie_finhestnks610125,2025-Q1,TP.FINHESTNKS610125.ZP7,"VF.2.2.Vadesiz Mevduat, Diğer Finansal Aracılar (Konsolide Akım)",sum,4038736.4254
bie_finhestnks610125,2025-Q1,TP.FINHESTNKS610125.ZP8,"VF.2.9.Vadeli Mevduat, Diğer Finansal Aracılar (Konsolide Akım)",sum,11834189.7002
bie_finhestnks610125,2025-Q1,TP.FINHESTNKS610125.ZP9,"VF.3.Borçlanma Senetleri, Diğer Finansal Aracılar (Konsolide Akım)",sum,20118113.2449
bie_finhestnks610125,2025-Q1,TP.FINHESTNKS610125.ZP10,"VF.3.1.Kısa Vadeli Borçlanma Senetleri, Diğer Finansal Aracılar (Konsolide Akım)",sum,5433673.85
bie_finhestnks610125,2025-Q1,TP.FINHESTNKS610125.ZP11,"VF.3.2.Uzun Vadeli Borçlanma Senetleri, Diğer Finansal Aracılar (Konsolide Akım)",sum,14684439.3949
bie_finhestnks610125,2025-Q1,TP.FINHESTNKS610125.ZP12,"VF.4.Krediler, Diğer Finansal Aracılar (Konsolide Akım)",sum,52071963.8127
bie_finhestnks610125,2025-Q1,TP.FINHESTNKS610125.ZP13,"VF.4.1.Kısa Vadeli Krediler, Diğer Finansal Aracılar (Konsolide Akım)",sum,52071963.8127
bie_finhestnks610125,2025-Q1,TP.FINHESTNKS610125.ZP14,"VF.4.2.Uzun Vadeli Krediler, Diğer Finansal Aracılar (Konsolide Akım)",sum,0.0
bie_finhestnks610125,2025-Q1,TP.FINHESTNKS610125.ZP15,"VF.5.Hisse Senetleri ve Özkaynaklar, Diğer Finansal Aracılar (Konsolide Akım)",sum,7550218.1365
bie_finhestnks610125,2025-Q1,TP.FINHESTNKS610125.ZP16,"VF.5.1.Hisse Senetleri ve Özkaynaklar, Diğer Finansal Aracılar (Konsolide Akım)",sum,7550218.1365
bie_finhestnks610125,2025-Q1,TP.FINHESTNKS610125.ZP17,"VF.5.2.Yatırım Fonu Katılma Belgeleri, Diğer Finansal Aracılar (Konsolide Akım)",sum,0.0
bie_finhestnks610125,2025-Q1,TP.FINHESTNKS610125.ZP18,"VF.5.2.1.Para Piyasası Fonları, Diğer Finansal Aracılar (Konsolide Akım)",sum,0.0
bie_finhestnks610125,2025-Q1,TP.FINHESTNKS610125.ZP19,"VF.5.2.2.Diğer Yatırım Fonları, Diğer Finansal Aracılar (Konsolide Akım)",sum,0.0
bie_finhestnks610125,2025-Q1,TP.FINHESTNKS610125.ZP20,"VF.6.Sigorta ve Emeklilik Sözleşmeleri, Diğer Finansal Aracılar (Konsolide Akım)",sum,0.0
bie_finhestnks610125,2025-Q1,TP.FINHESTNKS610125.ZP21,"VF.7.Finansal Türevler, Diğer Finansal Aracılar (Konsolide Akım)",sum,-222318.6046
bie_finhestnks610125,2025-Q1,TP.FINHESTNKS610125.ZP22,"VF.8.Diğer Alacaklar, Diğer Finansal Aracılar (Konsolide Akım)",sum,8078949.5687
bie_finhestnks610125,2025-Q1,TP.FINHESTNKS610125.ZP23,"VF.0.Toplam Varlıklar, Diğer Finansal Aracılar (Konsolide Akım)",sum,103505641.5247
bie_finhestnks610125,2025-Q1,TP.FINHESTNKS610125.ZP24,"F.1.Parasal Altın ve SDR, Diğer Finansal Aracılar (Konsolide Akım)",sum,0.0
bie_finhestnks610125,2025-Q1,TP.FINHESTNKS610125.ZP26,"F.1.2.Özel Çekme Hakları (SDR), Diğer Finansal Aracılar (Konsolide Akım)",sum,0.0
bie_finhestnks610125,2025-Q1,TP.FINHESTNKS610125.ZP27,"F.2.Para ve Mevduat, Diğer Finansal Aracılar (Konsolide Akım)",sum,0.0
bie_finhestnks610125,2025-Q1,TP.FINHESTNKS610125.ZP28,"F.2.1.Para, Diğer Finansal Aracılar (Konsolide Akım)",sum,0.0
bie_finhestnks610125,2025-Q1,TP.FINHESTNKS610125.ZP29,"F.2.2.Vadesiz Mevduat, Diğer Finansal Aracılar (Konsolide Akım)",sum,0.0
bie_finhestnks610125,2025-Q1,TP.FINHESTNKS610125.ZP30,"F.2.9.Vadeli Mevduat, Diğer Finansal Aracılar (Konsolide Akım)",sum,0.0
bie_finhestnks610125,2025-Q1,TP.FINHESTNKS610125.ZP31,"F.3.Borçlanma Senetleri, Diğer Finansal Aracılar (Konsolide Akım)",sum,20479673.0044
bie_finhestnks610125,2025-Q1,TP.FINHESTNKS610125.ZP32,"F.3.1.Kısa Vadeli Borçlanma Senetleri, Diğer Finansal Aracılar (Konsolide Akım)",sum,13852106.4884
bie_finhestnks610125,2025-Q1,TP.FINHESTNKS610125.ZP33,"F.3.2.Uzun Vadeli Borçlanma Senetleri, Diğer Finansal Aracılar (Konsolide Akım)",sum,6627566.516
bie_finhestnks610125,2025-Q1,TP.FINHESTNKS610125.ZP34,"F.4.Krediler, Diğer Finansal Aracılar (Konsolide Akım)",sum,1247033.71
bie_finhestnks610125,2025-Q1,TP.FINHESTNKS610125.ZP35,"F.4.1.Kısa Vadeli Krediler, Diğer Finansal Aracılar (Konsolide Akım)",sum,635987.1921
bie_finhestnks610125,2025-Q1,TP.FINHESTNKS610125.ZP36,"F.4.2.Uzun Vadeli Krediler, Diğer Finansal Aracılar (Konsolide Akım)",sum,611046.5179
bie_finhestnks610125,2025-Q1,TP.FINHESTNKS610125.ZP37,"F.5.Hisse Senetleri ve Özkaynaklar, Diğer Finansal Aracılar (Konsolide Akım)",sum,2325858.8603
bie_finhestnks610125,2025-Q1,TP.FINHESTNKS610125.ZP38,"F.5.1.Hisse Senetleri ve Özkaynaklar, Diğer Finansal Aracılar (Konsolide Akım)",sum,2325858.8603
bie_finhestnks610125,2025-Q1,TP.FINHESTNKS610125.ZP39,"F.5.2.Yatırım Fonu Katılma Belgeleri, Diğer Finansal Aracılar (Konsolide Akım)",sum,0.0
bie_finhestnks610125,2025-Q1,TP.FINHESTNKS610125.ZP40,"F.5.2.1.Para Piyasası Fonları, Diğer Finansal Aracılar (Konsolide Akım)",sum,0.0
bie_finhestnks610125,2025-Q1,TP.FINHESTNKS610125.ZP41,"F.5.2.2.Diğer Yatırım Fonları, Diğer Finansal Aracılar (Konsolide Akım)",sum,0.0
bie_finhestnks610125,2025-Q1,TP.FINHESTNKS610125.ZP42,"F.6.Sigorta ve Emeklilik Sözleşmeleri, Diğer Finansal Aracılar (Konsolide Akım)",sum,0.0
bie_finhestnks610125,2025-Q1,TP.FINHESTNKS610125.ZP43,"F.7.Finansal Türevler, Diğer Finansal Aracılar (Konsolide Akım)",sum,1035464.7394
bie_finhestnks610125,2025-Q1,TP.FINHESTNKS610125.ZP44,"F.8.Diğer Borçlar, Diğer Finansal Aracılar (Konsolide Akım)",sum,55530556.1361
bie_finhestnks610125,2025-Q1,TP.FINHESTNKS610125.ZP45,"F.0.Toplam Yükümlülükler, Diğer Finansal Aracılar (Konsolide Akım)",sum,80618586.4502
bie_finhestnks610125,2025-Q2,TP.FINHESTNKS610125.ZP1,"BF.9.NET FİNANSAL DEĞER, Diğer Finansal Aracılar (Konsolide Akım)",sum,26192100.6178
bie_finhestnks610125,2025-Q2,TP.FINHESTNKS610125.ZP2,"VF.1.Parasal Altın ve SDR, Diğer Finansal Aracılar (Konsolide Akım)",sum,0.0
bie_finhestnks610125,2025-Q2,TP.FINHESTNKS610125.ZP3,"VF.1.1.Parasal Altın, Diğer Finansal Aracılar (Konsolide Akım)",sum,0.0
bie_finhestnks610125,2025-Q2,TP.FINHESTNKS610125.ZP4,"VF.1.2.Özel Çekme Hakları (SDR), Diğer Finansal Aracılar (Konsolide Akım)",sum,0.0
bie_finhestnks610125,2025-Q2,TP.FINHESTNKS610125.ZP5,"VF.2.Para ve Mevduat, Diğer Finansal Aracılar (Konsolide Akım)",sum,550827.9021
bie_finhestnks610125,2025-Q2,TP.FINHESTNKS610125.ZP6,"VF.2.1.Para, Diğer Finansal Aracılar (Konsolide Akım)",sum,-21594.8233
bie_finhestnks610125,2025-Q2,TP.FINHESTNKS610125.ZP7,"VF.2.2.Vadesiz Mevduat, Diğer Finansal Aracılar (Konsolide Akım)",sum,3472254.9868
bie_finhestnks610125,2025-Q2,TP.FINHESTNKS610125.ZP8,"VF.2.9.Vadeli Mevduat, Diğer Finansal Aracılar (Konsolide Akım)",sum,-2899832.2614
bie_finhestnks610125,2025-Q2,TP.FINHESTNKS610125.ZP9,"VF.3.Borçlanma Senetleri, Diğer Finansal Aracılar (Konsolide Akım)",sum,31810119.6008
bie_finhestnks610125,2025-Q2,TP.FINHESTNKS610125.ZP10,"VF.3.1.Kısa Vadeli Borçlanma Senetleri, Diğer Finansal Aracılar (Konsolide Akım)",sum,7219174.3538
bie_finhestnks610125,2025-Q2,TP.FINHESTNKS610125.ZP11,"VF.3.2.Uzun Vadeli Borçlanma Senetleri, Diğer Finansal Aracılar (Konsolide Akım)",sum,24590945.247
bie_finhestnks610125,2025-Q2,TP.FINHESTNKS610125.ZP12,"VF.4.Krediler, Diğer Finansal Aracılar (Konsolide Akım)",sum,87522838.7927
bie_finhestnks610125,2025-Q2,TP.FINHESTNKS610125.ZP13,"VF.4.1.Kısa Vadeli Krediler, Diğer Finansal Aracılar (Konsolide Akım)",sum,87522838.7927
bie_finhestnks610125,2025-Q2,TP.FINHESTNKS610125.ZP14,"VF.4.2.Uzun Vadeli Krediler, Diğer Finansal Aracılar (Konsolide Akım)",sum,0.0
bie_finhestnks610125,2025-Q2,TP.FINHESTNKS610125.ZP15,"VF.5.Hisse Senetleri ve Özkaynaklar, Diğer Finansal Aracılar (Konsolide Akım)",sum,7103402.5247
bie_finhestnks610125,2025-Q2,TP.FINHESTNKS610125.ZP16,"VF.5.1.Hisse Senetleri ve Özkaynaklar, Diğer Finansal Aracılar (Konsolide Akım)",sum,7103402.5247
bie_finhestnks610125,2025-Q2,TP.FINHESTNKS610125.ZP17,"VF.5.2.Yatırım Fonu Katılma Belgeleri, Diğer Finansal Aracılar (Konsolide Akım)",sum,0.0
bie_finhestnks610125,2025-Q2,TP.FINHESTNKS610125.ZP18,"VF.5.2.1.Para Piyasası Fonları, Diğer Finansal Aracılar (Konsolide Akım)",sum,0.0
bie_finhestnks610125,2025-Q2,TP.FINHESTNKS610125.ZP19,"VF.5.2.2.Diğer Yatırım Fonları, Diğer Finansal Aracılar (Konsolide Akım)",sum,0.0
bie_finhestnks610125,2025-Q2,TP.FINHESTNKS610125.ZP20,"VF.6.Sigorta ve Emeklilik Sözleşmeleri, Diğer Finansal Aracılar (Konsolide Akım)",sum,0.0
bie_finhestnks610125,2025-Q2,TP.FINHESTNKS610125.ZP21,"VF.7.Finansal Türevler, Diğer Finansal Aracılar (Konsolide Akım)",sum,-780649.7375
bie_finhestnks610125,2025-Q2,TP.FINHESTNKS610125.ZP22,"VF.8.Diğer Alacaklar, Diğer Finansal Aracılar (Konsolide Akım)",sum,23120151.6733
bie_finhestnks610125,2025-Q2,TP.FINHESTNKS610125.ZP23,"VF.0.Toplam Varlıklar, Diğer Finansal Aracılar (Konsolide Akım)",sum,149326690.7561
bie_finhestnks610125,2025-Q2,TP.FINHESTNKS610125.ZP24,"F.1.Parasal Altın ve SDR, Diğer Finansal Aracılar (Konsolide Akım)",sum,0.0
bie_finhestnks610125,2025-Q2,TP.FINHESTNKS610125.ZP26,"F.1.2.Özel Çekme Hakları (SDR), Diğer Finansal Aracılar (Konsolide Akım)",sum,0.0
bie_finhestnks610125,2025-Q2,TP.FINHESTNKS610125.ZP27,"F.2.Para ve Mevduat, Diğer Finansal Aracılar (Konsolide Akım)",sum,0.0
bie_finhestnks610125,2025-Q2,TP.FINHESTNKS610125.ZP28,"F.2.1.Para, Diğer Finansal Aracılar (Konsolide Akım)",sum,0.0
bie_finhestnks610125,2025-Q2,TP.FINHESTNKS610125.ZP29,"F.2.2.Vadesiz Mevduat, Diğer Finansal Aracılar (Konsolide Akım)",sum,0.0
bie_finhestnks610125,2025-Q2,TP.FINHESTNKS610125.ZP30,"F.2.9.Vadeli Mevduat, Diğer Finansal Aracılar (Konsolide Akım)",sum,0.0
bie_finhestnks610125,2025-Q2,TP.FINHESTNKS610125.ZP31,"F.3.Borçlanma Senetleri, Diğer Finansal Aracılar (Konsolide Akım)",sum,4448935.0761
bie_finhestnks610125,2025-Q2,TP.FINHESTNKS610125.ZP32,"F.3.1.Kısa Vadeli Borçlanma Senetleri, Diğer Finansal Aracılar (Konsolide Akım)",sum,3058070.5001
bie_finhestnks610125,2025-Q2,TP.FINHESTNKS610125.ZP33,"F.3.2.Uzun Vadeli Borçlanma Senetleri, Diğer Finansal Aracılar (Konsolide Akım)",sum,1390864.576
bie_finhestnks610125,2025-Q2,TP.FINHESTNKS610125.ZP34,"F.4.Krediler, Diğer Finansal Aracılar (Konsolide Akım)",sum,102809178.816
bie_finhestnks610125,2025-Q2,TP.FINHESTNKS610125.ZP35,"F.4.1.Kısa Vadeli Krediler, Diğer Finansal Aracılar (Konsolide Akım)",sum,52432681.1961
bie_finhestnks610125,2025-Q2,TP.FINHESTNKS610125.ZP36,"F.4.2.Uzun Vadeli Krediler, Diğer Finansal Aracılar (Konsolide Akım)",sum,50376497.6198
bie_finhestnks610125,2025-Q2,TP.FINHESTNKS610125.ZP37,"F.5.Hisse Senetleri ve Özkaynaklar, Diğer Finansal Aracılar (Konsolide Akım)",sum,13981776.8285
bie_finhestnks610125,2025-Q2,TP.FINHESTNKS610125.ZP38,"F.5.1.Hisse Senetleri ve Özkaynaklar, Diğer Finansal Aracılar (Konsolide Akım)",sum,13981776.8285
bie_finhestnks610125,2025-Q2,TP.FINHESTNKS610125.ZP39,"F.5.2.Yatırım Fonu Katılma Belgeleri, Diğer Finansal Aracılar (Konsolide Akım)",sum,0.0
bie_finhestnks610125,2025-Q2,TP.FINHESTNKS610125.ZP40,"F.5.2.1.Para Piyasası Fonları, Diğer Finansal Aracılar (Konsolide Akım)",sum,0.0
bie_finhestnks610125,2025-Q2,TP.FINHESTNKS610125.ZP41,"F.5.2.2.Diğer Yatırım Fonları, Diğer Finansal Aracılar (Konsolide Akım)",sum,0.0
bie_finhestnks610125,2025-Q2,TP.FINHESTNKS610125.ZP42,"F.6.Sigorta ve Emeklilik Sözleşmeleri, Diğer Finansal Aracılar (Konsolide Akım)",sum,0.0
bie_finhestnks610125,2025-Q2,TP.FINHESTNKS610125.ZP43,"F.7.Finansal Türevler, Diğer Finansal Aracılar (Konsolide Akım)",sum,93420.8634
bie_finhestnks610125,2025-Q2,TP.FINHESTNKS610125.ZP44,"F.8.Diğer Borçlar, Diğer Finansal Aracılar (Konsolide Akım)",sum,1801278.5544
bie_finhestnks610125,2025-Q2,TP.FINHESTNKS610125.ZP45,"F.0.Toplam Yükümlülükler, Diğer Finansal Aracılar (Konsolide Akım)",sum,123134590.1383
bie_finhestnks610125,2025-Q3,TP.FINHESTNKS610125.ZP1,"BF.9.NET FİNANSAL DEĞER, Diğer Finansal Aracılar (Konsolide Akım)",sum,35020992.4439
bie_finhestnks610125,2025-Q3,TP.FINHESTNKS610125.ZP2,"VF.1.Parasal Altın ve SDR, Diğer Finansal Aracılar (Konsolide Akım)",sum,0.0
bie_finhestnks610125,2025-Q3,TP.FINHESTNKS610125.ZP3,"VF.1.1.Parasal Altın, Diğer Finansal Aracılar (Konsolide Akım)",sum,0.0
bie_finhestnks610125,2025-Q3,TP.FINHESTNKS610125.ZP4,"VF.1.2.Özel Çekme Hakları (SDR), Diğer Finansal Aracılar (Konsolide Akım)",sum,0.0
bie_finhestnks610125,2025-Q3,TP.FINHESTNKS610125.ZP5,"VF.2.Para ve Mevduat, Diğer Finansal Aracılar (Konsolide Akım)",sum,7648106.7529
bie_finhestnks610125,2025-Q3,TP.FINHESTNKS610125.ZP6,"VF.2.1.Para, Diğer Finansal Aracılar (Konsolide Akım)",sum,18072.5751
bie_finhestnks610125,2025-Q3,TP.FINHESTNKS610125.ZP7,"VF.2.2.Vadesiz Mevduat, Diğer Finansal Aracılar (Konsolide Akım)",sum,1885927.4268
bie_finhestnks610125,2025-Q3,TP.FINHESTNKS610125.ZP8,"VF.2.9.Vadeli Mevduat, Diğer Finansal Aracılar (Konsolide Akım)",sum,5744106.751
bie_finhestnks610125,2025-Q3,TP.FINHESTNKS610125.ZP9,"VF.3.Borçlanma Senetleri, Diğer Finansal Aracılar (Konsolide Akım)",sum,39726471.1283
bie_finhestnks610125,2025-Q3,TP.FINHESTNKS610125.ZP10,"VF.3.1.Kısa Vadeli Borçlanma Senetleri, Diğer Finansal Aracılar (Konsolide Akım)",sum,9015757.411
bie_finhestnks610125,2025-Q3,TP.FINHESTNKS610125.ZP11,"VF.3.2.Uzun Vadeli Borçlanma Senetleri, Diğer Finansal Aracılar (Konsolide Akım)",sum,30710713.7173
bie_finhestnks610125,2025-Q3,TP.FINHESTNKS610125.ZP12,"VF.4.Krediler, Diğer Finansal Aracılar (Konsolide Akım)",sum,76899485.2707
bie_finhestnks610125,2025-Q3,TP.FINHESTNKS610125.ZP13,"VF.4.1.Kısa Vadeli Krediler, Diğer Finansal Aracılar (Konsolide Akım)",sum,76899485.2707
bie_finhestnks610125,2025-Q3,TP.FINHESTNKS610125.ZP14,"VF.4.2.Uzun Vadeli Krediler, Diğer Finansal Aracılar (Konsolide Akım)",sum,0.0
bie_finhestnks610125,2025-Q3,TP.FINHESTNKS610125.ZP15,"VF.5.Hisse Senetleri ve Özkaynaklar, Diğer Finansal Aracılar (Konsolide Akım)",sum,13010285.5676
bie_finhestnks610125,2025-Q3,TP.FINHESTNKS610125.ZP16,"VF.5.1.Hisse Senetleri ve Özkaynaklar, Diğer Finansal Aracılar (Konsolide Akım)",sum,13010285.5676
bie_finhestnks610125,2025-Q3,TP.FINHESTNKS610125.ZP17,"VF.5.2.Yatırım Fonu Katılma Belgeleri, Diğer Finansal Aracılar (Konsolide Akım)",sum,0.0
bie_finhestnks610125,2025-Q3,TP.FINHESTNKS610125.ZP18,"VF.5.2.1.Para Piyasası Fonları, Diğer Finansal Aracılar (Konsolide Akım)",sum,0.0
bie_finhestnks610125,2025-Q3,TP.FINHESTNKS610125.ZP19,"VF.5.2.2.Diğer Yatırım Fonları, Diğer Finansal Aracılar (Konsolide Akım)",sum,0.0
bie_finhestnks610125,2025-Q3,TP.FINHESTNKS610125.ZP20,"VF.6.Sigorta ve Emeklilik Sözleşmeleri, Diğer Finansal Aracılar (Konsolide Akım)",sum,0.0
bie_finhestnks610125,2025-Q3,TP.FINHESTNKS610125.ZP21,"VF.7.Finansal Türevler, Diğer Finansal Aracılar (Konsolide Akım)",sum,91074.2316
bie_finhestnks610125,2025-Q3,TP.FINHESTNKS610125.ZP22,"VF.8.Diğer Alacaklar, Diğer Finansal Aracılar (Konsolide Akım)",sum,63724491.501
bie_finhestnks610125,2025-Q3,TP.FINHESTNKS610125.ZP23,"VF.0.Toplam Varlıklar, Diğer Finansal Aracılar (Konsolide Akım)",sum,201099914.452
bie_finhestnks610125,2025-Q3,TP.FINHESTNKS610125.ZP24,"F.1.Parasal Altın ve SDR, Diğer Finansal Aracılar (Konsolide Akım)",sum,0.0
bie_finhestnks610125,2025-Q3,TP.FINHESTNKS610125.ZP26,"F.1.2.Özel Çekme Hakları (SDR), Diğer Finansal Aracılar (Konsolide Akım)",sum,0.0
bie_finhestnks610125,2025-Q3,TP.FINHESTNKS610125.ZP27,"F.2.Para ve Mevduat, Diğer Finansal Aracılar (Konsolide Akım)",sum,0.0
bie_finhestnks610125,2025-Q3,TP.FINHESTNKS610125.ZP28,"F.2.1.Para, Diğer Finansal Aracılar (Konsolide Akım)",sum,0.0
bie_finhestnks610125,2025-Q3,TP.FINHESTNKS610125.ZP29,"F.2.2.Vadesiz Mevduat, Diğer Finansal Aracılar (Konsolide Akım)",sum,0.0
bie_finhestnks610125,2025-Q3,TP.FINHESTNKS610125.ZP30,"F.2.9.Vadeli Mevduat, Diğer Finansal Aracılar (Konsolide Akım)",sum,0.0
bie_finhestnks610125,2025-Q3,TP.FINHESTNKS610125.ZP31,"F.3.Borçlanma Senetleri, Diğer Finansal Aracılar (Konsolide Akım)",sum,19406912.0703
bie_finhestnks610125,2025-Q3,TP.FINHESTNKS610125.ZP32,"F.3.1.Kısa Vadeli Borçlanma Senetleri, Diğer Finansal Aracılar (Konsolide Akım)",sum,13011481.0105
bie_finhestnks610125,2025-Q3,TP.FINHESTNKS610125.ZP33,"F.3.2.Uzun Vadeli Borçlanma Senetleri, Diğer Finansal Aracılar (Konsolide Akım)",sum,6395431.0598
bie_finhestnks610125,2025-Q3,TP.FINHESTNKS610125.ZP34,"F.4.Krediler, Diğer Finansal Aracılar (Konsolide Akım)",sum,43864850.0263
bie_finhestnks610125,2025-Q3,TP.FINHESTNKS610125.ZP35,"F.4.1.Kısa Vadeli Krediler, Diğer Finansal Aracılar (Konsolide Akım)",sum,22371073.5134
bie_finhestnks610125,2025-Q3,TP.FINHESTNKS610125.ZP36,"F.4.2.Uzun Vadeli Krediler, Diğer Finansal Aracılar (Konsolide Akım)",sum,21493776.5129
bie_finhestnks610125,2025-Q3,TP.FINHESTNKS610125.ZP37,"F.5.Hisse Senetleri ve Özkaynaklar, Diğer Finansal Aracılar (Konsolide Akım)",sum,3815182.9263
bie_finhestnks610125,2025-Q3,TP.FINHESTNKS610125.ZP38,"F.5.1.Hisse Senetleri ve Özkaynaklar, Diğer Finansal Aracılar (Konsolide Akım)",sum,3815182.9263
bie_finhestnks610125,2025-Q3,TP.FINHESTNKS610125.ZP39,"F.5.2.Yatırım Fonu Katılma Belgeleri, Diğer Finansal Aracılar (Konsolide Akım)",sum,0.0
bie_finhestnks610125,2025-Q3,TP.FINHESTNKS610125.ZP40,"F.5.2.1.Para Piyasası Fonları, Diğer Finansal Aracılar (Konsolide Akım)",sum,0.0
bie_finhestnks610125,2025-Q3,TP.FINHESTNKS610125.ZP41,"F.5.2.2.Diğer Yatırım Fonları, Diğer Finansal Aracılar (Konsolide Akım)",sum,0.0
bie_finhestnks610125,2025-Q3,TP.FINHESTNKS610125.ZP42,"F.6.Sigorta ve Emeklilik Sözleşmeleri, Diğer Finansal Aracılar (Konsolide Akım)",sum,0.0
bie_finhestnks610125,2025-Q3,TP.FINHESTNKS610125.ZP43,"F.7.Finansal Türevler, Diğer Finansal Aracılar (Konsolide Akım)",sum,83001.7231
bie_finhestnks610125,2025-Q3,TP.FINHESTNKS610125.ZP44,"F.8.Diğer Borçlar, Diğer Finansal Aracılar (Konsolide Akım)",sum,98908975.2622
bie_finhestnks610125,2025-Q3,TP.FINHESTNKS610125.ZP45,"F.0.Toplam Yükümlülükler, Diğer Finansal Aracılar (Konsolide Akım)",sum,166078922.0082
bie_finhestnks610125,2025-Q4,TP.FINHESTNKS610125.ZP1,"BF.9.NET FİNANSAL DEĞER, Diğer Finansal Aracılar (Konsolide Akım)",sum,34929439.1251
bie_finhestnks610125,2025-Q4,TP.FINHESTNKS610125.ZP2,"VF.1.Parasal Altın ve SDR, Diğer Finansal Aracılar (Konsolide Akım)",sum,0.0
bie_finhestnks610125,2025-Q4,TP.FINHESTNKS610125.ZP3,"VF.1.1.Parasal Altın, Diğer Finansal Aracılar (Konsolide Akım)",sum,0.0
bie_finhestnks610125,2025-Q4,TP.FINHESTNKS610125.ZP4,"VF.1.2.Özel Çekme Hakları (SDR), Diğer Finansal Aracılar (Konsolide Akım)",sum,0.0
bie_finhestnks610125,2025-Q4,TP.FINHESTNKS610125.ZP5,"VF.2.Para ve Mevduat, Diğer Finansal Aracılar (Konsolide Akım)",sum,15249901.1843
bie_finhestnks610125,2025-Q4,TP.FINHESTNKS610125.ZP6,"VF.2.1.Para, Diğer Finansal Aracılar (Konsolide Akım)",sum,-4162.4229
bie_finhestnks610125,2025-Q4,TP.FINHESTNKS610125.ZP7,"VF.2.2.Vadesiz Mevduat, Diğer Finansal Aracılar (Konsolide Akım)",sum,2238273.9234
bie_finhestnks610125,2025-Q4,TP.FINHESTNKS610125.ZP8,"VF.2.9.Vadeli Mevduat, Diğer Finansal Aracılar (Konsolide Akım)",sum,13015789.6838
bie_finhestnks610125,2025-Q4,TP.FINHESTNKS610125.ZP9,"VF.3.Borçlanma Senetleri, Diğer Finansal Aracılar (Konsolide Akım)",sum,-4343022.165
bie_finhestnks610125,2025-Q4,TP.FINHESTNKS610125.ZP10,"VF.3.1.Kısa Vadeli Borçlanma Senetleri, Diğer Finansal Aracılar (Konsolide Akım)",sum,-839617.1822
bie_finhestnks610125,2025-Q4,TP.FINHESTNKS610125.ZP11,"VF.3.2.Uzun Vadeli Borçlanma Senetleri, Diğer Finansal Aracılar (Konsolide Akım)",sum,-3503404.9828
bie_finhestnks610125,2025-Q4,TP.FINHESTNKS610125.ZP12,"VF.4.Krediler, Diğer Finansal Aracılar (Konsolide Akım)",sum,165342772.3558
bie_finhestnks610125,2025-Q4,TP.FINHESTNKS610125.ZP13,"VF.4.1.Kısa Vadeli Krediler, Diğer Finansal Aracılar (Konsolide Akım)",sum,165342772.3558
bie_finhestnks610125,2025-Q4,TP.FINHESTNKS610125.ZP14,"VF.4.2.Uzun Vadeli Krediler, Diğer Finansal Aracılar (Konsolide Akım)",sum,0.0
bie_finhestnks610125,2025-Q4,TP.FINHESTNKS610125.ZP15,"VF.5.Hisse Senetleri ve Özkaynaklar, Diğer Finansal Aracılar (Konsolide Akım)",sum,54013190.2267
bie_finhestnks610125,2025-Q4,TP.FINHESTNKS610125.ZP16,"VF.5.1.Hisse Senetleri ve Özkaynaklar, Diğer Finansal Aracılar (Konsolide Akım)",sum,54013190.2267
bie_finhestnks610125,2025-Q4,TP.FINHESTNKS610125.ZP17,"VF.5.2.Yatırım Fonu Katılma Belgeleri, Diğer Finansal Aracılar (Konsolide Akım)",sum,0.0
bie_finhestnks610125,2025-Q4,TP.FINHESTNKS610125.ZP18,"VF.5.2.1.Para Piyasası Fonları, Diğer Finansal Aracılar (Konsolide Akım)",sum,0.0
bie_finhestnks610125,2025-Q4,TP.FINHESTNKS610125.ZP19,"VF.5.2.2.Diğer Yatırım Fonları, Diğer Finansal Aracılar (Konsolide Akım)",sum,0.0
bie_finhestnks610125,2025-Q4,TP.FINHESTNKS610125.ZP20,"VF.6.Sigorta ve Emeklilik Sözleşmeleri, Diğer Finansal Aracılar (Konsolide Akım)",sum,0.0
bie_finhestnks610125,2025-Q4,TP.FINHESTNKS610125.ZP21,"VF.7.Finansal Türevler, Diğer Finansal Aracılar (Konsolide Akım)",sum,632664.6938
bie_finhestnks610125,2025-Q4,TP.FINHESTNKS610125.ZP22,"VF.8.Diğer Alacaklar, Diğer Finansal Aracılar (Konsolide Akım)",sum,28449660.119
bie_finhestnks610125,2025-Q4,TP.FINHESTNKS610125.ZP23,"VF.0.Toplam Varlıklar, Diğer Finansal Aracılar (Konsolide Akım)",sum,259345166.4146
bie_finhestnks610125,2025-Q4,TP.FINHESTNKS610125.ZP24,"F.1.Parasal Altın ve SDR, Diğer Finansal Aracılar (Konsolide Akım)",sum,0.0
bie_finhestnks610125,2025-Q4,TP.FINHESTNKS610125.ZP26,"F.1.2.Özel Çekme Hakları (SDR), Diğer Finansal Aracılar (Konsolide Akım)",sum,0.0
bie_finhestnks610125,2025-Q4,TP.FINHESTNKS610125.ZP27,"F.2.Para ve Mevduat, Diğer Finansal Aracılar (Konsolide Akım)",sum,0.0
bie_finhestnks610125,2025-Q4,TP.FINHESTNKS610125.ZP28,"F.2.1.Para, Diğer Finansal Aracılar (Konsolide Akım)",sum,0.0
bie_finhestnks610125,2025-Q4,TP.FINHESTNKS610125.ZP29,"F.2.2.Vadesiz Mevduat, Diğer Finansal Aracılar (Konsolide Akım)",sum,0.0
bie_finhestnks610125,2025-Q4,TP.FINHESTNKS610125.ZP30,"F.2.9.Vadeli Mevduat, Diğer Finansal Aracılar (Konsolide Akım)",sum,0.0
bie_finhestnks610125,2025-Q4,TP.FINHESTNKS610125.ZP31,"F.3.Borçlanma Senetleri, Diğer Finansal Aracılar (Konsolide Akım)",sum,37873744.3457
bie_finhestnks610125,2025-Q4,TP.FINHESTNKS610125.ZP32,"F.3.1.Kısa Vadeli Borçlanma Senetleri, Diğer Finansal Aracılar (Konsolide Akım)",sum,23404865.6929
bie_finhestnks610125,2025-Q4,TP.FINHESTNKS610125.ZP33,"F.3.2.Uzun Vadeli Borçlanma Senetleri, Diğer Finansal Aracılar (Konsolide Akım)",sum,14468878.6528
bie_finhestnks610125,2025-Q4,TP.FINHESTNKS610125.ZP34,"F.4.Krediler, Diğer Finansal Aracılar (Konsolide Akım)",sum,122921497.066
bie_finhestnks610125,2025-Q4,TP.FINHESTNKS610125.ZP35,"F.4.1.Kısa Vadeli Krediler, Diğer Finansal Aracılar (Konsolide Akım)",sum,62689963.5036
bie_finhestnks610125,2025-Q4,TP.FINHESTNKS610125.ZP36,"F.4.2.Uzun Vadeli Krediler, Diğer Finansal Aracılar (Konsolide Akım)",sum,60231533.5623
bie_finhestnks610125,2025-Q4,TP.FINHESTNKS610125.ZP37,"F.5.Hisse Senetleri ve Özkaynaklar, Diğer Finansal Aracılar (Konsolide Akım)",sum,6345874.9585
bie_finhestnks610125,2025-Q4,TP.FINHESTNKS610125.ZP38,"F.5.1.Hisse Senetleri ve Özkaynaklar, Diğer Finansal Aracılar (Konsolide Akım)",sum,6345874.9585
bie_finhestnks610125,2025-Q4,TP.FINHESTNKS610125.ZP39,"F.5.2.Yatırım Fonu Katılma Belgeleri, Diğer Finansal Aracılar (Konsolide Akım)",sum,0.0
bie_finhestnks610125,2025-Q4,TP.FINHESTNKS610125.ZP40,"F.5.2.1.Para Piyasası Fonları, Diğer Finansal Aracılar (Konsolide Akım)",sum,0.0
bie_finhestnks610125,2025-Q4,TP.FINHESTNKS610125.ZP41,"F.5.2.2.Diğer Yatırım Fonları, Diğer Finansal Aracılar (Konsolide Akım)",sum,0.0
bie_finhestnks610125,2025-Q4,TP.FINHESTNKS610125.ZP42,"F.6.Sigorta ve Emeklilik Sözleşmeleri, Diğer Finansal Aracılar (Konsolide Akım)",sum,0.0
bie_finhestnks610125,2025-Q4,TP.FINHESTNKS610125.ZP43,"F.7.Finansal Türevler, Diğer Finansal Aracılar (Konsolide Akım)",sum,-150471.7195
bie_finhestnks610125,2025-Q4,TP.FINHESTNKS610125.ZP44,"F.8.Diğer Borçlar, Diğer Finansal Aracılar (Konsolide Akım)",sum,57425082.6389
bie_finhestnks610125,2025-Q4,TP.FINHESTNKS610125.ZP45,"F.0.Toplam Yükümlülükler, Diğer Finansal Aracılar (Konsolide Akım)",sum,224415727.2895
bie_finhestnks610125,2026-Q1,TP.FINHESTNKS610125.ZP1,"BF.9.NET FİNANSAL DEĞER, Diğer Finansal Aracılar (Konsolide Akım)",sum,44514142.604
bie_finhestnks610125,2026-Q1,TP.FINHESTNKS610125.ZP2,"VF.1.Parasal Altın ve SDR, Diğer Finansal Aracılar (Konsolide Akım)",sum,0.0
bie_finhestnks610125,2026-Q1,TP.FINHESTNKS610125.ZP3,"VF.1.1.Parasal Altın, Diğer Finansal Aracılar (Konsolide Akım)",sum,0.0
bie_finhestnks610125,2026-Q1,TP.FINHESTNKS610125.ZP4,"VF.1.2.Özel Çekme Hakları (SDR), Diğer Finansal Aracılar (Konsolide Akım)",sum,0.0
bie_finhestnks610125,2026-Q1,TP.FINHESTNKS610125.ZP5,"VF.2.Para ve Mevduat, Diğer Finansal Aracılar (Konsolide Akım)",sum,15834002.7233
bie_finhestnks610125,2026-Q1,TP.FINHESTNKS610125.ZP6,"VF.2.1.Para, Diğer Finansal Aracılar (Konsolide Akım)",sum,2930.4175
bie_finhestnks610125,2026-Q1,TP.FINHESTNKS610125.ZP7,"VF.2.2.Vadesiz Mevduat, Diğer Finansal Aracılar (Konsolide Akım)",sum,9356641.4215
bie_finhestnks610125,2026-Q1,TP.FINHESTNKS610125.ZP8,"VF.2.9.Vadeli Mevduat, Diğer Finansal Aracılar (Konsolide Akım)",sum,6474430.8844
bie_finhestnks610125,2026-Q1,TP.FINHESTNKS610125.ZP9,"VF.3.Borçlanma Senetleri, Diğer Finansal Aracılar (Konsolide Akım)",sum,22258212.3779
bie_finhestnks610125,2026-Q1,TP.FINHESTNKS610125.ZP10,"VF.3.1.Kısa Vadeli Borçlanma Senetleri, Diğer Finansal Aracılar (Konsolide Akım)",sum,3849020.5192
bie_finhestnks610125,2026-Q1,TP.FINHESTNKS610125.ZP11,"VF.3.2.Uzun Vadeli Borçlanma Senetleri, Diğer Finansal Aracılar (Konsolide Akım)",sum,18409191.8587
bie_finhestnks610125,2026-Q1,TP.FINHESTNKS610125.ZP12,"VF.4.Krediler, Diğer Finansal Aracılar (Konsolide Akım)",sum,116540354.3925
bie_finhestnks610125,2026-Q1,TP.FINHESTNKS610125.ZP13,"VF.4.1.Kısa Vadeli Krediler, Diğer Finansal Aracılar (Konsolide Akım)",sum,116540354.3925
bie_finhestnks610125,2026-Q1,TP.FINHESTNKS610125.ZP14,"VF.4.2.Uzun Vadeli Krediler, Diğer Finansal Aracılar (Konsolide Akım)",sum,0.0
bie_finhestnks610125,2026-Q1,TP.FINHESTNKS610125.ZP15,"VF.5.Hisse Senetleri ve Özkaynaklar, Diğer Finansal Aracılar (Konsolide Akım)",sum,-5513481.6737
bie_finhestnks610125,2026-Q1,TP.FINHESTNKS610125.ZP16,"VF.5.1.Hisse Senetleri ve Özkaynaklar, Diğer Finansal Aracılar (Konsolide Akım)",sum,-5513481.6737
bie_finhestnks610125,2026-Q1,TP.FINHESTNKS610125.ZP17,"VF.5.2.Yatırım Fonu Katılma Belgeleri, Diğer Finansal Aracılar (Konsolide Akım)",sum,0.0
bie_finhestnks610125,2026-Q1,TP.FINHESTNKS610125.ZP18,"VF.5.2.1.Para Piyasası Fonları, Diğer Finansal Aracılar (Konsolide Akım)",sum,0.0
bie_finhestnks610125,2026-Q1,TP.FINHESTNKS610125.ZP19,"VF.5.2.2.Diğer Yatırım Fonları, Diğer Finansal Aracılar (Konsolide Akım)",sum,0.0
bie_finhestnks610125,2026-Q1,TP.FINHESTNKS610125.ZP20,"VF.6.Sigorta ve Emeklilik Sözleşmeleri, Diğer Finansal Aracılar (Konsolide Akım)",sum,0.0
bie_finhestnks610125,2026-Q1,TP.FINHESTNKS610125.ZP21,"VF.7.Finansal Türevler, Diğer Finansal Aracılar (Konsolide Akım)",sum,755689.7296
bie_finhestnks610125,2026-Q1,TP.FINHESTNKS610125.ZP22,"VF.8.Diğer Alacaklar, Diğer Finansal Aracılar (Konsolide Akım)",sum,69520406.9194
bie_finhestnks610125,2026-Q1,TP.FINHESTNKS610125.ZP23,"VF.0.Toplam Varlıklar, Diğer Finansal Aracılar (Konsolide Akım)",sum,219395184.469
bie_finhestnks610125,2026-Q1,TP.FINHESTNKS610125.ZP24,"F.1.Parasal Altın ve SDR, Diğer Finansal Aracılar (Konsolide Akım)",sum,0.0
bie_finhestnks610125,2026-Q1,TP.FINHESTNKS610125.ZP26,"F.1.2.Özel Çekme Hakları (SDR), Diğer Finansal Aracılar (Konsolide Akım)",sum,0.0
bie_finhestnks610125,2026-Q1,TP.FINHESTNKS610125.ZP27,"F.2.Para ve Mevduat, Diğer Finansal Aracılar (Konsolide Akım)",sum,0.0
bie_finhestnks610125,2026-Q1,TP.FINHESTNKS610125.ZP28,"F.2.1.Para, Diğer Finansal Aracılar (Konsolide Akım)",sum,0.0
bie_finhestnks610125,2026-Q1,TP.FINHESTNKS610125.ZP29,"F.2.2.Vadesiz Mevduat, Diğer Finansal Aracılar (Konsolide Akım)",sum,0.0
bie_finhestnks610125,2026-Q1,TP.FINHESTNKS610125.ZP30,"F.2.9.Vadeli Mevduat, Diğer Finansal Aracılar (Konsolide Akım)",sum,0.0
bie_finhestnks610125,2026-Q1,TP.FINHESTNKS610125.ZP31,"F.3.Borçlanma Senetleri, Diğer Finansal Aracılar (Konsolide Akım)",sum,31795901.5232
bie_finhestnks610125,2026-Q1,TP.FINHESTNKS610125.ZP32,"F.3.1.Kısa Vadeli Borçlanma Senetleri, Diğer Finansal Aracılar (Konsolide Akım)",sum,19350885.7902
bie_finhestnks610125,2026-Q1,TP.FINHESTNKS610125.ZP33,"F.3.2.Uzun Vadeli Borçlanma Senetleri, Diğer Finansal Aracılar (Konsolide Akım)",sum,12445015.733
bie_finhestnks610125,2026-Q1,TP.FINHESTNKS610125.ZP34,"F.4.Krediler, Diğer Finansal Aracılar (Konsolide Akım)",sum,29154253.0962
bie_finhestnks610125,2026-Q1,TP.FINHESTNKS610125.ZP35,"F.4.1.Kısa Vadeli Krediler, Diğer Finansal Aracılar (Konsolide Akım)",sum,14868669.0791
bie_finhestnks610125,2026-Q1,TP.FINHESTNKS610125.ZP36,"F.4.2.Uzun Vadeli Krediler, Diğer Finansal Aracılar (Konsolide Akım)",sum,14285584.0171
bie_finhestnks610125,2026-Q1,TP.FINHESTNKS610125.ZP37,"F.5.Hisse Senetleri ve Özkaynaklar, Diğer Finansal Aracılar (Konsolide Akım)",sum,11552590.6151
bie_finhestnks610125,2026-Q1,TP.FINHESTNKS610125.ZP38,"F.5.1.Hisse Senetleri ve Özkaynaklar, Diğer Finansal Aracılar (Konsolide Akım)",sum,11552590.6151
bie_finhestnks610125,2026-Q1,TP.FINHESTNKS610125.ZP39,"F.5.2.Yatırım Fonu Katılma Belgeleri, Diğer Finansal Aracılar (Konsolide Akım)",sum,0.0
bie_finhestnks610125,2026-Q1,TP.FINHESTNKS610125.ZP40,"F.5.2.1.Para Piyasası Fonları, Diğer Finansal Aracılar (Konsolide Akım)",sum,0.0
bie_finhestnks610125,2026-Q1,TP.FINHESTNKS610125.ZP41,"F.5.2.2.Diğer Yatırım Fonları, Diğer Finansal Aracılar (Konsolide Akım)",sum,0.0
bie_finhestnks610125,2026-Q1,TP.FINHESTNKS610125.ZP42,"F.6.Sigorta ve Emeklilik Sözleşmeleri, Diğer Finansal Aracılar (Konsolide Akım)",sum,0.0
bie_finhestnks610125,2026-Q1,TP.FINHESTNKS610125.ZP43,"F.7.Finansal Türevler, Diğer Finansal Aracılar (Konsolide Akım)",sum,363201.2723
bie_finhestnks610125,2026-Q1,TP.FINHESTNKS610125.ZP44,"F.8.Diğer Borçlar, Diğer Finansal Aracılar (Konsolide Akım)",sum,102015095.3581
bie_finhestnks610125,2026-Q1,TP.FINHESTNKS610125.ZP45,"F.0.Toplam Yükümlülükler, Diğer Finansal Aracılar (Konsolide Akım)",sum,174881041.865
bie_finhestnks11,2010-Q4,TP.FINHESTNKS11.ZP1,"BF.9.NET FİNANSAL DEĞER,Finansal Olmayan Kuruluşlar (Konsolide Olmayan, Stok)",last,-485175057.43
bie_finhestnks11,2010-Q4,TP.FINHESTNKS11.ZP2,"VF.1.Parasal Altın ve SDR,Finansal Olmayan Kuruluşlar (Konsolide Olmayan, Stok)",last,0.0
bie_finhestnks11,2010-Q4,TP.FINHESTNKS11.ZP3,"VF.1.1.Parasal Altın,Finansal Olmayan Kuruluşlar (Konsolide Olmayan, Stok)",last,0.0
bie_finhestnks11,2010-Q4,TP.FINHESTNKS11.ZP4,"VF.1.2.Özel Çekme Hakları (SDR),Finansal Olmayan Kuruluşlar (Konsolide Olmayan, Stok)",last,0.0
bie_finhestnks11,2010-Q4,TP.FINHESTNKS11.ZP5,"VF.2.Para ve Mevduat,Finansal Olmayan Kuruluşlar (Konsolide Olmayan, Stok)",last,221569277.4
bie_finhestnks11,2010-Q4,TP.FINHESTNKS11.ZP6,"VF.2.1.Para,Finansal Olmayan Kuruluşlar (Konsolide Olmayan, Stok)",last,32508885.61
bie_finhestnks11,2010-Q4,TP.FINHESTNKS11.ZP7,"VF.2.2.Vadesiz Mevduat,Finansal Olmayan Kuruluşlar (Konsolide Olmayan, Stok)",last,88022150.07
bie_finhestnks11,2010-Q4,TP.FINHESTNKS11.ZP8,"VF.2.9.Vadeli Mevduat,Finansal Olmayan Kuruluşlar (Konsolide Olmayan, Stok)",last,101038241.71
bie_finhestnks11,2010-Q4,TP.FINHESTNKS11.ZP9,"VF.3.Borçlanma Senetleri,Finansal Olmayan Kuruluşlar (Konsolide Olmayan, Stok)",last,10962979.3
bie_finhestnks11,2010-Q4,TP.FINHESTNKS11.ZP10,"VF.3.1.Kısa Vadeli Borçlanma Senetleri,Finansal Olmayan Kuruluşlar (Konsolide Olmayan, Stok)",last,0.0
bie_finhestnks11,2010-Q4,TP.FINHESTNKS11.ZP11,"VF.3.2.Uzun Vadeli Borçlanma Senetleri,Finansal Olmayan Kuruluşlar (Konsolide Olmayan, Stok)",last,10962979.3
bie_finhestnks11,2010-Q4,TP.FINHESTNKS11.ZP12,"VF.4.Krediler,Finansal Olmayan Kuruluşlar (Konsolide Olmayan, Stok)",last,3768888.6
bie_finhestnks11,2010-Q4,TP.FINHESTNKS11.ZP13,"VF.4.1.Kısa Vadeli Krediler,Finansal Olmayan Kuruluşlar (Konsolide Olmayan, Stok)",last,3768888.6
bie_finhestnks11,2010-Q4,TP.FINHESTNKS11.ZP14,"VF.4.2.Uzun Vadeli Krediler,Finansal Olmayan Kuruluşlar (Konsolide Olmayan, Stok)",last,0.0
bie_finhestnks11,2010-Q4,TP.FINHESTNKS11.ZP15,"VF.5.Hisse Senetleri ve Özkaynaklar,Finansal Olmayan Kuruluşlar (Konsolide Olmayan, Stok)",last,1119003229.37
bie_finhestnks11,2010-Q4,TP.FINHESTNKS11.ZP16,"VF.5.1.Hisse Senetleri ve Özkaynaklar,Finansal Olmayan Kuruluşlar (Konsolide Olmayan, Stok)",last,1118421816.33
bie_finhestnks11,2010-Q4,TP.FINHESTNKS11.ZP17,"VF.5.2.Yatırım Fonu Katılma Belgeleri,Finansal Olmayan Kuruluşlar (Konsolide Olmayan, Stok)",last,581413.04
bie_finhestnks11,2010-Q4,TP.FINHESTNKS11.ZP18,"VF.5.2.1.Para Piyasası Fonları,Finansal Olmayan Kuruluşlar (Konsolide Olmayan, Stok)",last,0.0
bie_finhestnks11,2010-Q4,TP.FINHESTNKS11.ZP19,"VF.5.2.2.Diğer Yatırım Fonları,Finansal Olmayan Kuruluşlar (Konsolide Olmayan, Stok)",last,0.0
bie_finhestnks11,2010-Q4,TP.FINHESTNKS11.ZP20,"VF.6.Sigorta ve Emeklilik Sözleşmeleri,Finansal Olmayan Kuruluşlar (Konsolide Olmayan, Stok)",last,4192696.87
bie_finhestnks11,2010-Q4,TP.FINHESTNKS11.ZP21,"VF.7.Finansal Türevler,Finansal Olmayan Kuruluşlar (Konsolide Olmayan, Stok)",last,274731.0
bie_finhestnks11,2010-Q4,TP.FINHESTNKS11.ZP22,"VF.8.Diğer Alacaklar,Finansal Olmayan Kuruluşlar (Konsolide Olmayan, Stok)",last,824233617.82
bie_finhestnks11,2010-Q4,TP.FINHESTNKS11.ZP23,"VF.0.Toplam Varlıklar,Finansal Olmayan Kuruluşlar (Konsolide Olmayan, Stok)",last,2184005420.38
bie_finhestnks11,2010-Q4,TP.FINHESTNKS11.ZP24,"F.1.Parasal Altın ve SDR,Finansal Olmayan Kuruluşlar (Konsolide Olmayan, Stok)",last,0.0
bie_finhestnks11,2010-Q4,TP.FINHESTNKS11.ZP26,"F.1.2.Özel Çekme Hakları (SDR),Finansal Olmayan Kuruluşlar (Konsolide Olmayan, Stok)",last,0.0
bie_finhestnks11,2010-Q4,TP.FINHESTNKS11.ZP27,"F.2.Para ve Mevduat,Finansal Olmayan Kuruluşlar (Konsolide Olmayan, Stok)",last,0.0
bie_finhestnks11,2010-Q4,TP.FINHESTNKS11.ZP28,"F.2.1.Para,Finansal Olmayan Kuruluşlar (Konsolide Olmayan, Stok)",last,0.0
bie_finhestnks11,2010-Q4,TP.FINHESTNKS11.ZP29,"F.2.2.Vadesiz Mevduat,Finansal Olmayan Kuruluşlar (Konsolide Olmayan, Stok)",last,0.0
bie_finhestnks11,2010-Q4,TP.FINHESTNKS11.ZP30,"F.2.9.Vadeli Mevduat,Finansal Olmayan Kuruluşlar (Konsolide Olmayan, Stok)",last,0.0
bie_finhestnks11,2010-Q4,TP.FINHESTNKS11.ZP31,"F.3.Borçlanma Senetleri,Finansal Olmayan Kuruluşlar (Konsolide Olmayan, Stok)",last,1924759.69
bie_finhestnks11,2010-Q4,TP.FINHESTNKS11.ZP32,"F.3.1.Kısa Vadeli Borçlanma Senetleri,Finansal Olmayan Kuruluşlar (Konsolide Olmayan, Stok)",last,73059.84
bie_finhestnks11,2010-Q4,TP.FINHESTNKS11.ZP33,"F.3.2.Uzun Vadeli Borçlanma Senetleri,Finansal Olmayan Kuruluşlar (Konsolide Olmayan, Stok)",last,1851699.85
bie_finhestnks11,2010-Q4,TP.FINHESTNKS11.ZP34,"F.4.Krediler,Finansal Olmayan Kuruluşlar (Konsolide Olmayan, Stok)",last,461925748.94
bie_finhestnks11,2010-Q4,TP.FINHESTNKS11.ZP35,"F.4.1.Kısa Vadeli Krediler,Finansal Olmayan Kuruluşlar (Konsolide Olmayan, Stok)",last,223197382.18
bie_finhestnks11,2010-Q4,TP.FINHESTNKS11.ZP36,"F.4.2.Uzun Vadeli Krediler,Finansal Olmayan Kuruluşlar (Konsolide Olmayan, Stok)",last,238728393.11
bie_finhestnks11,2010-Q4,TP.FINHESTNKS11.ZP37,"F.5.Hisse Senetleri ve Özkaynaklar,Finansal Olmayan Kuruluşlar (Konsolide Olmayan, Stok)",last,1227712441.93
bie_finhestnks11,2010-Q4,TP.FINHESTNKS11.ZP38,"F.5.1.Hisse Senetleri ve Özkaynaklar,Finansal Olmayan Kuruluşlar (Konsolide Olmayan, Stok)",last,1227712441.93
bie_finhestnks11,2010-Q4,TP.FINHESTNKS11.ZP39,"F.5.2.Yatırım Fonu Katılma Belgeleri,Finansal Olmayan Kuruluşlar (Konsolide Olmayan, Stok)",last,0.0
bie_finhestnks11,2010-Q4,TP.FINHESTNKS11.ZP40,"F.5.2.1.Para Piyasası Fonları,Finansal Olmayan Kuruluşlar (Konsolide Olmayan, Stok)",last,0.0
bie_finhestnks11,2010-Q4,TP.FINHESTNKS11.ZP41,"F.5.2.2.Diğer Yatırım Fonları,Finansal Olmayan Kuruluşlar (Konsolide Olmayan, Stok)",last,0.0
bie_finhestnks11,2010-Q4,TP.FINHESTNKS11.ZP43,"F.7.Finansal Türevler,Finansal Olmayan Kuruluşlar (Konsolide Olmayan, Stok)",last,438084.0
bie_finhestnks11,2010-Q4,TP.FINHESTNKS11.ZP44,"F.8.Diğer Borçlar,Finansal Olmayan Kuruluşlar (Konsolide Olmayan, Stok)",last,977179443.25
bie_finhestnks11,2010-Q4,TP.FINHESTNKS11.ZP45,"F.0.Toplam Yükümlülükler,Finansal Olmayan Kuruluşlar (Konsolide Olmayan, Stok)",last,2669180477.82
bie_finhestnks11,2011-Q4,TP.FINHESTNKS11.ZP1,"BF.9.NET FİNANSAL DEĞER,Finansal Olmayan Kuruluşlar (Konsolide Olmayan, Stok)",last,-672546707.38
bie_finhestnks11,2011-Q4,TP.FINHESTNKS11.ZP2,"VF.1.Parasal Altın ve SDR,Finansal Olmayan Kuruluşlar (Konsolide Olmayan, Stok)",last,0.0
bie_finhestnks11,2011-Q4,TP.FINHESTNKS11.ZP3,"VF.1.1.Parasal Altın,Finansal Olmayan Kuruluşlar (Konsolide Olmayan, Stok)",last,0.0
bie_finhestnks11,2011-Q4,TP.FINHESTNKS11.ZP4,"VF.1.2.Özel Çekme Hakları (SDR),Finansal Olmayan Kuruluşlar (Konsolide Olmayan, Stok)",last,0.0
bie_finhestnks11,2011-Q4,TP.FINHESTNKS11.ZP5,"VF.2.Para ve Mevduat,Finansal Olmayan Kuruluşlar (Konsolide Olmayan, Stok)",last,230471272.31
bie_finhestnks11,2011-Q4,TP.FINHESTNKS11.ZP6,"VF.2.1.Para,Finansal Olmayan Kuruluşlar (Konsolide Olmayan, Stok)",last,28327306.12
bie_finhestnks11,2011-Q4,TP.FINHESTNKS11.ZP7,"VF.2.2.Vadesiz Mevduat,Finansal Olmayan Kuruluşlar (Konsolide Olmayan, Stok)",last,87051276.86
bie_finhestnks11,2011-Q4,TP.FINHESTNKS11.ZP8,"VF.2.9.Vadeli Mevduat,Finansal Olmayan Kuruluşlar (Konsolide Olmayan, Stok)",last,115092689.31
bie_finhestnks11,2011-Q4,TP.FINHESTNKS11.ZP9,"VF.3.Borçlanma Senetleri,Finansal Olmayan Kuruluşlar (Konsolide Olmayan, Stok)",last,19063195.38
bie_finhestnks11,2011-Q4,TP.FINHESTNKS11.ZP10,"VF.3.1.Kısa Vadeli Borçlanma Senetleri,Finansal Olmayan Kuruluşlar (Konsolide Olmayan, Stok)",last,0.0
bie_finhestnks11,2011-Q4,TP.FINHESTNKS11.ZP11,"VF.3.2.Uzun Vadeli Borçlanma Senetleri,Finansal Olmayan Kuruluşlar (Konsolide Olmayan, Stok)",last,19063195.38
bie_finhestnks11,2011-Q4,TP.FINHESTNKS11.ZP12,"VF.4.Krediler,Finansal Olmayan Kuruluşlar (Konsolide Olmayan, Stok)",last,6605543.91
bie_finhestnks11,2011-Q4,TP.FINHESTNKS11.ZP13,"VF.4.1.Kısa Vadeli Krediler,Finansal Olmayan Kuruluşlar (Konsolide Olmayan, Stok)",last,6605543.91
bie_finhestnks11,2011-Q4,TP.FINHESTNKS11.ZP14,"VF.4.2.Uzun Vadeli Krediler,Finansal Olmayan Kuruluşlar (Konsolide Olmayan, Stok)",last,0.0
bie_finhestnks11,2011-Q4,TP.FINHESTNKS11.ZP15,"VF.5.Hisse Senetleri ve Özkaynaklar,Finansal Olmayan Kuruluşlar (Konsolide Olmayan, Stok)",last,895409695.44
bie_finhestnks11,2011-Q4,TP.FINHESTNKS11.ZP16,"VF.5.1.Hisse Senetleri ve Özkaynaklar,Finansal Olmayan Kuruluşlar (Konsolide Olmayan, Stok)",last,895183626.38
bie_finhestnks11,2011-Q4,TP.FINHESTNKS11.ZP17,"VF.5.2.Yatırım Fonu Katılma Belgeleri,Finansal Olmayan Kuruluşlar (Konsolide Olmayan, Stok)",last,226069.05
bie_finhestnks11,2011-Q4,TP.FINHESTNKS11.ZP18,"VF.5.2.1.Para Piyasası Fonları,Finansal Olmayan Kuruluşlar (Konsolide Olmayan, Stok)",last,0.0
bie_finhestnks11,2011-Q4,TP.FINHESTNKS11.ZP19,"VF.5.2.2.Diğer Yatırım Fonları,Finansal Olmayan Kuruluşlar (Konsolide Olmayan, Stok)",last,0.0
bie_finhestnks11,2011-Q4,TP.FINHESTNKS11.ZP20,"VF.6.Sigorta ve Emeklilik Sözleşmeleri,Finansal Olmayan Kuruluşlar (Konsolide Olmayan, Stok)",last,4776847.0
bie_finhestnks11,2011-Q4,TP.FINHESTNKS11.ZP21,"VF.7.Finansal Türevler,Finansal Olmayan Kuruluşlar (Konsolide Olmayan, Stok)",last,628893.0
bie_finhestnks11,2011-Q4,TP.FINHESTNKS11.ZP22,"VF.8.Diğer Alacaklar,Finansal Olmayan Kuruluşlar (Konsolide Olmayan, Stok)",last,835942254.89
bie_finhestnks11,2011-Q4,TP.FINHESTNKS11.ZP23,"VF.0.Toplam Varlıklar,Finansal Olmayan Kuruluşlar (Konsolide Olmayan, Stok)",last,1992897701.95
bie_finhestnks11,2011-Q4,TP.FINHESTNKS11.ZP24,"F.1.Parasal Altın ve SDR,Finansal Olmayan Kuruluşlar (Konsolide Olmayan, Stok)",last,0.0
bie_finhestnks11,2011-Q4,TP.FINHESTNKS11.ZP26,"F.1.2.Özel Çekme Hakları (SDR),Finansal Olmayan Kuruluşlar (Konsolide Olmayan, Stok)",last,0.0
bie_finhestnks11,2011-Q4,TP.FINHESTNKS11.ZP27,"F.2.Para ve Mevduat,Finansal Olmayan Kuruluşlar (Konsolide Olmayan, Stok)",last,0.0
bie_finhestnks11,2011-Q4,TP.FINHESTNKS11.ZP28,"F.2.1.Para,Finansal Olmayan Kuruluşlar (Konsolide Olmayan, Stok)",last,0.0
bie_finhestnks11,2011-Q4,TP.FINHESTNKS11.ZP29,"F.2.2.Vadesiz Mevduat,Finansal Olmayan Kuruluşlar (Konsolide Olmayan, Stok)",last,0.0
bie_finhestnks11,2011-Q4,TP.FINHESTNKS11.ZP30,"F.2.9.Vadeli Mevduat,Finansal Olmayan Kuruluşlar (Konsolide Olmayan, Stok)",last,0.0
bie_finhestnks11,2011-Q4,TP.FINHESTNKS11.ZP31,"F.3.Borçlanma Senetleri,Finansal Olmayan Kuruluşlar (Konsolide Olmayan, Stok)",last,4884453.93
bie_finhestnks11,2011-Q4,TP.FINHESTNKS11.ZP32,"F.3.1.Kısa Vadeli Borçlanma Senetleri,Finansal Olmayan Kuruluşlar (Konsolide Olmayan, Stok)",last,185403.63
bie_finhestnks11,2011-Q4,TP.FINHESTNKS11.ZP33,"F.3.2.Uzun Vadeli Borçlanma Senetleri,Finansal Olmayan Kuruluşlar (Konsolide Olmayan, Stok)",last,4699050.3
bie_finhestnks11,2011-Q4,TP.FINHESTNKS11.ZP34,"F.4.Krediler,Finansal Olmayan Kuruluşlar (Konsolide Olmayan, Stok)",last,612595369.69
bie_finhestnks11,2011-Q4,TP.FINHESTNKS11.ZP35,"F.4.1.Kısa Vadeli Krediler,Finansal Olmayan Kuruluşlar (Konsolide Olmayan, Stok)",last,262315411.18
bie_finhestnks11,2011-Q4,TP.FINHESTNKS11.ZP36,"F.4.2.Uzun Vadeli Krediler,Finansal Olmayan Kuruluşlar (Konsolide Olmayan, Stok)",last,350279958.51
bie_finhestnks11,2011-Q4,TP.FINHESTNKS11.ZP37,"F.5.Hisse Senetleri ve Özkaynaklar,Finansal Olmayan Kuruluşlar (Konsolide Olmayan, Stok)",last,1079545290.9
bie_finhestnks11,2011-Q4,TP.FINHESTNKS11.ZP38,"F.5.1.Hisse Senetleri ve Özkaynaklar,Finansal Olmayan Kuruluşlar (Konsolide Olmayan, Stok)",last,1079545290.9
bie_finhestnks11,2011-Q4,TP.FINHESTNKS11.ZP39,"F.5.2.Yatırım Fonu Katılma Belgeleri,Finansal Olmayan Kuruluşlar (Konsolide Olmayan, Stok)",last,0.0
bie_finhestnks11,2011-Q4,TP.FINHESTNKS11.ZP40,"F.5.2.1.Para Piyasası Fonları,Finansal Olmayan Kuruluşlar (Konsolide Olmayan, Stok)",last,0.0
bie_finhestnks11,2011-Q4,TP.FINHESTNKS11.ZP41,"F.5.2.2.Diğer Yatırım Fonları,Finansal Olmayan Kuruluşlar (Konsolide Olmayan, Stok)",last,0.0
bie_finhestnks11,2011-Q4,TP.FINHESTNKS11.ZP43,"F.7.Finansal Türevler,Finansal Olmayan Kuruluşlar (Konsolide Olmayan, Stok)",last,912492.0
bie_finhestnks11,2011-Q4,TP.FINHESTNKS11.ZP44,"F.8.Diğer Borçlar,Finansal Olmayan Kuruluşlar (Konsolide Olmayan, Stok)",last,967506802.78
bie_finhestnks11,2011-Q4,TP.FINHESTNKS11.ZP45,"F.0.Toplam Yükümlülükler,Finansal Olmayan Kuruluşlar (Konsolide Olmayan, Stok)",last,2665444409.33
bie_finhestnks11,2012-Q4,TP.FINHESTNKS11.ZP1,"BF.9.NET FİNANSAL DEĞER,Finansal Olmayan Kuruluşlar (Konsolide Olmayan, Stok)",last,-760099324.54
bie_finhestnks11,2012-Q4,TP.FINHESTNKS11.ZP2,"VF.1.Parasal Altın ve SDR,Finansal Olmayan Kuruluşlar (Konsolide Olmayan, Stok)",last,0.0
bie_finhestnks11,2012-Q4,TP.FINHESTNKS11.ZP3,"VF.1.1.Parasal Altın,Finansal Olmayan Kuruluşlar (Konsolide Olmayan, Stok)",last,0.0
bie_finhestnks11,2012-Q4,TP.FINHESTNKS11.ZP4,"VF.1.2.Özel Çekme Hakları (SDR),Finansal Olmayan Kuruluşlar (Konsolide Olmayan, Stok)",last,0.0
bie_finhestnks11,2012-Q4,TP.FINHESTNKS11.ZP5,"VF.2.Para ve Mevduat,Finansal Olmayan Kuruluşlar (Konsolide Olmayan, Stok)",last,256437342.09
bie_finhestnks11,2012-Q4,TP.FINHESTNKS11.ZP6,"VF.2.1.Para,Finansal Olmayan Kuruluşlar (Konsolide Olmayan, Stok)",last,34889115.91
bie_finhestnks11,2012-Q4,TP.FINHESTNKS11.ZP7,"VF.2.2.Vadesiz Mevduat,Finansal Olmayan Kuruluşlar (Konsolide Olmayan, Stok)",last,90903108.8
bie_finhestnks11,2012-Q4,TP.FINHESTNKS11.ZP8,"VF.2.9.Vadeli Mevduat,Finansal Olmayan Kuruluşlar (Konsolide Olmayan, Stok)",last,130645117.37
bie_finhestnks11,2012-Q4,TP.FINHESTNKS11.ZP9,"VF.3.Borçlanma Senetleri,Finansal Olmayan Kuruluşlar (Konsolide Olmayan, Stok)",last,26996897.68
bie_finhestnks11,2012-Q4,TP.FINHESTNKS11.ZP10,"VF.3.1.Kısa Vadeli Borçlanma Senetleri,Finansal Olmayan Kuruluşlar (Konsolide Olmayan, Stok)",last,5646520.39
bie_finhestnks11,2012-Q4,TP.FINHESTNKS11.ZP11,"VF.3.2.Uzun Vadeli Borçlanma Senetleri,Finansal Olmayan Kuruluşlar (Konsolide Olmayan, Stok)",last,21350377.28
bie_finhestnks11,2012-Q4,TP.FINHESTNKS11.ZP12,"VF.4.Krediler,Finansal Olmayan Kuruluşlar (Konsolide Olmayan, Stok)",last,8009825.18
bie_finhestnks11,2012-Q4,TP.FINHESTNKS11.ZP13,"VF.4.1.Kısa Vadeli Krediler,Finansal Olmayan Kuruluşlar (Konsolide Olmayan, Stok)",last,8009825.18
bie_finhestnks11,2012-Q4,TP.FINHESTNKS11.ZP14,"VF.4.2.Uzun Vadeli Krediler,Finansal Olmayan Kuruluşlar (Konsolide Olmayan, Stok)",last,0.0
bie_finhestnks11,2012-Q4,TP.FINHESTNKS11.ZP15,"VF.5.Hisse Senetleri ve Özkaynaklar,Finansal Olmayan Kuruluşlar (Konsolide Olmayan, Stok)",last,1275395511.33
bie_finhestnks11,2012-Q4,TP.FINHESTNKS11.ZP16,"VF.5.1.Hisse Senetleri ve Özkaynaklar,Finansal Olmayan Kuruluşlar (Konsolide Olmayan, Stok)",last,1274689379.64
bie_finhestnks11,2012-Q4,TP.FINHESTNKS11.ZP17,"VF.5.2.Yatırım Fonu Katılma Belgeleri,Finansal Olmayan Kuruluşlar (Konsolide Olmayan, Stok)",last,706131.69
bie_finhestnks11,2012-Q4,TP.FINHESTNKS11.ZP18,"VF.5.2.1.Para Piyasası Fonları,Finansal Olmayan Kuruluşlar (Konsolide Olmayan, Stok)",last,0.0
bie_finhestnks11,2012-Q4,TP.FINHESTNKS11.ZP19,"VF.5.2.2.Diğer Yatırım Fonları,Finansal Olmayan Kuruluşlar (Konsolide Olmayan, Stok)",last,0.0
bie_finhestnks11,2012-Q4,TP.FINHESTNKS11.ZP20,"VF.6.Sigorta ve Emeklilik Sözleşmeleri,Finansal Olmayan Kuruluşlar (Konsolide Olmayan, Stok)",last,6619893.8
bie_finhestnks11,2012-Q4,TP.FINHESTNKS11.ZP21,"VF.7.Finansal Türevler,Finansal Olmayan Kuruluşlar (Konsolide Olmayan, Stok)",last,340367.0
bie_finhestnks11,2012-Q4,TP.FINHESTNKS11.ZP22,"VF.8.Diğer Alacaklar,Finansal Olmayan Kuruluşlar (Konsolide Olmayan, Stok)",last,990675028.22
bie_finhestnks11,2012-Q4,TP.FINHESTNKS11.ZP23,"VF.0.Toplam Varlıklar,Finansal Olmayan Kuruluşlar (Konsolide Olmayan, Stok)",last,2564474865.31
bie_finhestnks11,2012-Q4,TP.FINHESTNKS11.ZP24,"F.1.Parasal Altın ve SDR,Finansal Olmayan Kuruluşlar (Konsolide Olmayan, Stok)",last,0.0
bie_finhestnks11,2012-Q4,TP.FINHESTNKS11.ZP26,"F.1.2.Özel Çekme Hakları (SDR),Finansal Olmayan Kuruluşlar (Konsolide Olmayan, Stok)",last,0.0
bie_finhestnks11,2012-Q4,TP.FINHESTNKS11.ZP27,"F.2.Para ve Mevduat,Finansal Olmayan Kuruluşlar (Konsolide Olmayan, Stok)",last,0.0
bie_finhestnks11,2012-Q4,TP.FINHESTNKS11.ZP28,"F.2.1.Para,Finansal Olmayan Kuruluşlar (Konsolide Olmayan, Stok)",last,0.0
bie_finhestnks11,2012-Q4,TP.FINHESTNKS11.ZP29,"F.2.2.Vadesiz Mevduat,Finansal Olmayan Kuruluşlar (Konsolide Olmayan, Stok)",last,0.0
bie_finhestnks11,2012-Q4,TP.FINHESTNKS11.ZP30,"F.2.9.Vadeli Mevduat,Finansal Olmayan Kuruluşlar (Konsolide Olmayan, Stok)",last,0.0
bie_finhestnks11,2012-Q4,TP.FINHESTNKS11.ZP31,"F.3.Borçlanma Senetleri,Finansal Olmayan Kuruluşlar (Konsolide Olmayan, Stok)",last,8213243.57
bie_finhestnks11,2012-Q4,TP.FINHESTNKS11.ZP32,"F.3.1.Kısa Vadeli Borçlanma Senetleri,Finansal Olmayan Kuruluşlar (Konsolide Olmayan, Stok)",last,311757.51
bie_finhestnks11,2012-Q4,TP.FINHESTNKS11.ZP33,"F.3.2.Uzun Vadeli Borçlanma Senetleri,Finansal Olmayan Kuruluşlar (Konsolide Olmayan, Stok)",last,7901486.06
bie_finhestnks11,2012-Q4,TP.FINHESTNKS11.ZP34,"F.4.Krediler,Finansal Olmayan Kuruluşlar (Konsolide Olmayan, Stok)",last,694333800.82
bie_finhestnks11,2012-Q4,TP.FINHESTNKS11.ZP35,"F.4.1.Kısa Vadeli Krediler,Finansal Olmayan Kuruluşlar (Konsolide Olmayan, Stok)",last,299908902.9
bie_finhestnks11,2012-Q4,TP.FINHESTNKS11.ZP36,"F.4.2.Uzun Vadeli Krediler,Finansal Olmayan Kuruluşlar (Konsolide Olmayan, Stok)",last,394424900.77
bie_finhestnks11,2012-Q4,TP.FINHESTNKS11.ZP37,"F.5.Hisse Senetleri ve Özkaynaklar,Finansal Olmayan Kuruluşlar (Konsolide Olmayan, Stok)",last,1504878108.76
bie_finhestnks11,2012-Q4,TP.FINHESTNKS11.ZP38,"F.5.1.Hisse Senetleri ve Özkaynaklar,Finansal Olmayan Kuruluşlar (Konsolide Olmayan, Stok)",last,1504878108.76
bie_finhestnks11,2012-Q4,TP.FINHESTNKS11.ZP39,"F.5.2.Yatırım Fonu Katılma Belgeleri,Finansal Olmayan Kuruluşlar (Konsolide Olmayan, Stok)",last,0.0
bie_finhestnks11,2012-Q4,TP.FINHESTNKS11.ZP40,"F.5.2.1.Para Piyasası Fonları,Finansal Olmayan Kuruluşlar (Konsolide Olmayan, Stok)",last,0.0
bie_finhestnks11,2012-Q4,TP.FINHESTNKS11.ZP41,"F.5.2.2.Diğer Yatırım Fonları,Finansal Olmayan Kuruluşlar (Konsolide Olmayan, Stok)",last,0.0
bie_finhestnks11,2012-Q4,TP.FINHESTNKS11.ZP43,"F.7.Finansal Türevler,Finansal Olmayan Kuruluşlar (Konsolide Olmayan, Stok)",last,564683.0
bie_finhestnks11,2012-Q4,TP.FINHESTNKS11.ZP44,"F.8.Diğer Borçlar,Finansal Olmayan Kuruluşlar (Konsolide Olmayan, Stok)",last,1116584353.69
bie_finhestnks11,2012-Q4,TP.FINHESTNKS11.ZP45,"F.0.Toplam Yükümlülükler,Finansal Olmayan Kuruluşlar (Konsolide Olmayan, Stok)",last,3324574189.86
bie_finhestnks11,2013-Q4,TP.FINHESTNKS11.ZP1,"BF.9.NET FİNANSAL DEĞER,Finansal Olmayan Kuruluşlar (Konsolide Olmayan, Stok)",last,-970007181.67
bie_finhestnks11,2013-Q4,TP.FINHESTNKS11.ZP2,"VF.1.Parasal Altın ve SDR,Finansal Olmayan Kuruluşlar (Konsolide Olmayan, Stok)",last,0.0
bie_finhestnks11,2013-Q4,TP.FINHESTNKS11.ZP3,"VF.1.1.Parasal Altın,Finansal Olmayan Kuruluşlar (Konsolide Olmayan, Stok)",last,0.0
bie_finhestnks11,2013-Q4,TP.FINHESTNKS11.ZP4,"VF.1.2.Özel Çekme Hakları (SDR),Finansal Olmayan Kuruluşlar (Konsolide Olmayan, Stok)",last,0.0
bie_finhestnks11,2013-Q4,TP.FINHESTNKS11.ZP5,"VF.2.Para ve Mevduat,Finansal Olmayan Kuruluşlar (Konsolide Olmayan, Stok)",last,321069042.14
bie_finhestnks11,2013-Q4,TP.FINHESTNKS11.ZP6,"VF.2.1.Para,Finansal Olmayan Kuruluşlar (Konsolide Olmayan, Stok)",last,39014854.76
bie_finhestnks11,2013-Q4,TP.FINHESTNKS11.ZP7,"VF.2.2.Vadesiz Mevduat,Finansal Olmayan Kuruluşlar (Konsolide Olmayan, Stok)",last,108070352.22
bie_finhestnks11,2013-Q4,TP.FINHESTNKS11.ZP8,"VF.2.9.Vadeli Mevduat,Finansal Olmayan Kuruluşlar (Konsolide Olmayan, Stok)",last,173983835.14
bie_finhestnks11,2013-Q4,TP.FINHESTNKS11.ZP9,"VF.3.Borçlanma Senetleri,Finansal Olmayan Kuruluşlar (Konsolide Olmayan, Stok)",last,31395318.72
bie_finhestnks11,2013-Q4,TP.FINHESTNKS11.ZP10,"VF.3.1.Kısa Vadeli Borçlanma Senetleri,Finansal Olmayan Kuruluşlar (Konsolide Olmayan, Stok)",last,4745968.55
bie_finhestnks11,2013-Q4,TP.FINHESTNKS11.ZP11,"VF.3.2.Uzun Vadeli Borçlanma Senetleri,Finansal Olmayan Kuruluşlar (Konsolide Olmayan, Stok)",last,26649350.16
bie_finhestnks11,2013-Q4,TP.FINHESTNKS11.ZP12,"VF.4.Krediler,Finansal Olmayan Kuruluşlar (Konsolide Olmayan, Stok)",last,8043517.83
bie_finhestnks11,2013-Q4,TP.FINHESTNKS11.ZP13,"VF.4.1.Kısa Vadeli Krediler,Finansal Olmayan Kuruluşlar (Konsolide Olmayan, Stok)",last,8043517.83
bie_finhestnks11,2013-Q4,TP.FINHESTNKS11.ZP14,"VF.4.2.Uzun Vadeli Krediler,Finansal Olmayan Kuruluşlar (Konsolide Olmayan, Stok)",last,0.0
bie_finhestnks11,2013-Q4,TP.FINHESTNKS11.ZP15,"VF.5.Hisse Senetleri ve Özkaynaklar,Finansal Olmayan Kuruluşlar (Konsolide Olmayan, Stok)",last,1144358549.67
bie_finhestnks11,2013-Q4,TP.FINHESTNKS11.ZP16,"VF.5.1.Hisse Senetleri ve Özkaynaklar,Finansal Olmayan Kuruluşlar (Konsolide Olmayan, Stok)",last,1143279445.53
bie_finhestnks11,2013-Q4,TP.FINHESTNKS11.ZP17,"VF.5.2.Yatırım Fonu Katılma Belgeleri,Finansal Olmayan Kuruluşlar (Konsolide Olmayan, Stok)",last,1079104.14
bie_finhestnks11,2013-Q4,TP.FINHESTNKS11.ZP18,"VF.5.2.1.Para Piyasası Fonları,Finansal Olmayan Kuruluşlar (Konsolide Olmayan, Stok)",last,0.0
bie_finhestnks11,2013-Q4,TP.FINHESTNKS11.ZP19,"VF.5.2.2.Diğer Yatırım Fonları,Finansal Olmayan Kuruluşlar (Konsolide Olmayan, Stok)",last,0.0
bie_finhestnks11,2013-Q4,TP.FINHESTNKS11.ZP20,"VF.6.Sigorta ve Emeklilik Sözleşmeleri,Finansal Olmayan Kuruluşlar (Konsolide Olmayan, Stok)",last,8113017.86
bie_finhestnks11,2013-Q4,TP.FINHESTNKS11.ZP21,"VF.7.Finansal Türevler,Finansal Olmayan Kuruluşlar (Konsolide Olmayan, Stok)",last,881142.0
bie_finhestnks11,2013-Q4,TP.FINHESTNKS11.ZP22,"VF.8.Diğer Alacaklar,Finansal Olmayan Kuruluşlar (Konsolide Olmayan, Stok)",last,1215440318.82
bie_finhestnks11,2013-Q4,TP.FINHESTNKS11.ZP23,"VF.0.Toplam Varlıklar,Finansal Olmayan Kuruluşlar (Konsolide Olmayan, Stok)",last,2729300907.06
bie_finhestnks11,2013-Q4,TP.FINHESTNKS11.ZP24,"F.1.Parasal Altın ve SDR,Finansal Olmayan Kuruluşlar (Konsolide Olmayan, Stok)",last,0.0
bie_finhestnks11,2013-Q4,TP.FINHESTNKS11.ZP26,"F.1.2.Özel Çekme Hakları (SDR),Finansal Olmayan Kuruluşlar (Konsolide Olmayan, Stok)",last,0.0
bie_finhestnks11,2013-Q4,TP.FINHESTNKS11.ZP27,"F.2.Para ve Mevduat,Finansal Olmayan Kuruluşlar (Konsolide Olmayan, Stok)",last,0.0
bie_finhestnks11,2013-Q4,TP.FINHESTNKS11.ZP28,"F.2.1.Para,Finansal Olmayan Kuruluşlar (Konsolide Olmayan, Stok)",last,0.0
bie_finhestnks11,2013-Q4,TP.FINHESTNKS11.ZP29,"F.2.2.Vadesiz Mevduat,Finansal Olmayan Kuruluşlar (Konsolide Olmayan, Stok)",last,0.0
bie_finhestnks11,2013-Q4,TP.FINHESTNKS11.ZP30,"F.2.9.Vadeli Mevduat,Finansal Olmayan Kuruluşlar (Konsolide Olmayan, Stok)",last,0.0
bie_finhestnks11,2013-Q4,TP.FINHESTNKS11.ZP31,"F.3.Borçlanma Senetleri,Finansal Olmayan Kuruluşlar (Konsolide Olmayan, Stok)",last,16389066.04
bie_finhestnks11,2013-Q4,TP.FINHESTNKS11.ZP32,"F.3.1.Kısa Vadeli Borçlanma Senetleri,Finansal Olmayan Kuruluşlar (Konsolide Olmayan, Stok)",last,316503.07
bie_finhestnks11,2013-Q4,TP.FINHESTNKS11.ZP33,"F.3.2.Uzun Vadeli Borçlanma Senetleri,Finansal Olmayan Kuruluşlar (Konsolide Olmayan, Stok)",last,16072562.96
bie_finhestnks11,2013-Q4,TP.FINHESTNKS11.ZP34,"F.4.Krediler,Finansal Olmayan Kuruluşlar (Konsolide Olmayan, Stok)",last,929686547.74
bie_finhestnks11,2013-Q4,TP.FINHESTNKS11.ZP35,"F.4.1.Kısa Vadeli Krediler,Finansal Olmayan Kuruluşlar (Konsolide Olmayan, Stok)",last,360148936.77
bie_finhestnks11,2013-Q4,TP.FINHESTNKS11.ZP36,"F.4.2.Uzun Vadeli Krediler,Finansal Olmayan Kuruluşlar (Konsolide Olmayan, Stok)",last,569537613.72
bie_finhestnks11,2013-Q4,TP.FINHESTNKS11.ZP37,"F.5.Hisse Senetleri ve Özkaynaklar,Finansal Olmayan Kuruluşlar (Konsolide Olmayan, Stok)",last,1387858998.17
bie_finhestnks11,2013-Q4,TP.FINHESTNKS11.ZP38,"F.5.1.Hisse Senetleri ve Özkaynaklar,Finansal Olmayan Kuruluşlar (Konsolide Olmayan, Stok)",last,1387858998.17
bie_finhestnks11,2013-Q4,TP.FINHESTNKS11.ZP39,"F.5.2.Yatırım Fonu Katılma Belgeleri,Finansal Olmayan Kuruluşlar (Konsolide Olmayan, Stok)",last,0.0
bie_finhestnks11,2013-Q4,TP.FINHESTNKS11.ZP40,"F.5.2.1.Para Piyasası Fonları,Finansal Olmayan Kuruluşlar (Konsolide Olmayan, Stok)",last,0.0
bie_finhestnks11,2013-Q4,TP.FINHESTNKS11.ZP41,"F.5.2.2.Diğer Yatırım Fonları,Finansal Olmayan Kuruluşlar (Konsolide Olmayan, Stok)",last,0.0
bie_finhestnks11,2013-Q4,TP.FINHESTNKS11.ZP42,"F.6.Sigorta ve Emeklilik Sözleşmeleri,Finansal Olmayan Kuruluşlar (Konsolide Olmayan, Stok)",last,0.0
bie_finhestnks11,2013-Q4,TP.FINHESTNKS11.ZP43,"F.7.Finansal Türevler,Finansal Olmayan Kuruluşlar (Konsolide Olmayan, Stok)",last,2616076.0
bie_finhestnks11,2013-Q4,TP.FINHESTNKS11.ZP44,"F.8.Diğer Borçlar,Finansal Olmayan Kuruluşlar (Konsolide Olmayan, Stok)",last,1362757400.78
bie_finhestnks11,2013-Q4,TP.FINHESTNKS11.ZP45,"F.0.Toplam Yükümlülükler,Finansal Olmayan Kuruluşlar (Konsolide Olmayan, Stok)",last,3699308088.74
bie_finhestnks11,2014-Q4,TP.FINHESTNKS11.ZP1,"BF.9.NET FİNANSAL DEĞER,Finansal Olmayan Kuruluşlar (Konsolide Olmayan, Stok)",last,-1167175732.86
bie_finhestnks11,2014-Q4,TP.FINHESTNKS11.ZP2,"VF.1.Parasal Altın ve SDR,Finansal Olmayan Kuruluşlar (Konsolide Olmayan, Stok)",last,0.0
bie_finhestnks11,2014-Q4,TP.FINHESTNKS11.ZP3,"VF.1.1.Parasal Altın,Finansal Olmayan Kuruluşlar (Konsolide Olmayan, Stok)",last,0.0
bie_finhestnks11,2014-Q4,TP.FINHESTNKS11.ZP4,"VF.1.2.Özel Çekme Hakları (SDR),Finansal Olmayan Kuruluşlar (Konsolide Olmayan, Stok)",last,0.0
bie_finhestnks11,2014-Q4,TP.FINHESTNKS11.ZP5,"VF.2.Para ve Mevduat,Finansal Olmayan Kuruluşlar (Konsolide Olmayan, Stok)",last,352081720.21
bie_finhestnks11,2014-Q4,TP.FINHESTNKS11.ZP6,"VF.2.1.Para,Finansal Olmayan Kuruluşlar (Konsolide Olmayan, Stok)",last,40504518.8
bie_finhestnks11,2014-Q4,TP.FINHESTNKS11.ZP7,"VF.2.2.Vadesiz Mevduat,Finansal Olmayan Kuruluşlar (Konsolide Olmayan, Stok)",last,122106448.51
bie_finhestnks11,2014-Q4,TP.FINHESTNKS11.ZP8,"VF.2.9.Vadeli Mevduat,Finansal Olmayan Kuruluşlar (Konsolide Olmayan, Stok)",last,189470752.89
bie_finhestnks11,2014-Q4,TP.FINHESTNKS11.ZP9,"VF.3.Borçlanma Senetleri,Finansal Olmayan Kuruluşlar (Konsolide Olmayan, Stok)",last,37031236.74
bie_finhestnks11,2014-Q4,TP.FINHESTNKS11.ZP10,"VF.3.1.Kısa Vadeli Borçlanma Senetleri,Finansal Olmayan Kuruluşlar (Konsolide Olmayan, Stok)",last,5726174.72
bie_finhestnks11,2014-Q4,TP.FINHESTNKS11.ZP11,"VF.3.2.Uzun Vadeli Borçlanma Senetleri,Finansal Olmayan Kuruluşlar (Konsolide Olmayan, Stok)",last,31305062.02
bie_finhestnks11,2014-Q4,TP.FINHESTNKS11.ZP12,"VF.4.Krediler,Finansal Olmayan Kuruluşlar (Konsolide Olmayan, Stok)",last,12190524.19
bie_finhestnks11,2014-Q4,TP.FINHESTNKS11.ZP13,"VF.4.1.Kısa Vadeli Krediler,Finansal Olmayan Kuruluşlar (Konsolide Olmayan, Stok)",last,12190524.19
bie_finhestnks11,2014-Q4,TP.FINHESTNKS11.ZP14,"VF.4.2.Uzun Vadeli Krediler,Finansal Olmayan Kuruluşlar (Konsolide Olmayan, Stok)",last,0.0
bie_finhestnks11,2014-Q4,TP.FINHESTNKS11.ZP15,"VF.5.Hisse Senetleri ve Özkaynaklar,Finansal Olmayan Kuruluşlar (Konsolide Olmayan, Stok)",last,1394382988.1
bie_finhestnks11,2014-Q4,TP.FINHESTNKS11.ZP16,"VF.5.1.Hisse Senetleri ve Özkaynaklar,Finansal Olmayan Kuruluşlar (Konsolide Olmayan, Stok)",last,1394124752.27
bie_finhestnks11,2014-Q4,TP.FINHESTNKS11.ZP17,"VF.5.2.Yatırım Fonu Katılma Belgeleri,Finansal Olmayan Kuruluşlar (Konsolide Olmayan, Stok)",last,258235.83
bie_finhestnks11,2014-Q4,TP.FINHESTNKS11.ZP18,"VF.5.2.1.Para Piyasası Fonları,Finansal Olmayan Kuruluşlar (Konsolide Olmayan, Stok)",last,0.0
bie_finhestnks11,2014-Q4,TP.FINHESTNKS11.ZP19,"VF.5.2.2.Diğer Yatırım Fonları,Finansal Olmayan Kuruluşlar (Konsolide Olmayan, Stok)",last,0.0
bie_finhestnks11,2014-Q4,TP.FINHESTNKS11.ZP20,"VF.6.Sigorta ve Emeklilik Sözleşmeleri,Finansal Olmayan Kuruluşlar (Konsolide Olmayan, Stok)",last,9765883.42
bie_finhestnks11,2014-Q4,TP.FINHESTNKS11.ZP21,"VF.7.Finansal Türevler,Finansal Olmayan Kuruluşlar (Konsolide Olmayan, Stok)",last,1019751.0
bie_finhestnks11,2014-Q4,TP.FINHESTNKS11.ZP22,"VF.8.Diğer Alacaklar,Finansal Olmayan Kuruluşlar (Konsolide Olmayan, Stok)",last,1430677339.59
bie_finhestnks11,2014-Q4,TP.FINHESTNKS11.ZP23,"VF.0.Toplam Varlıklar,Finansal Olmayan Kuruluşlar (Konsolide Olmayan, Stok)",last,3237149443.28
bie_finhestnks11,2014-Q4,TP.FINHESTNKS11.ZP24,"F.1.Parasal Altın ve SDR,Finansal Olmayan Kuruluşlar (Konsolide Olmayan, Stok)",last,0.0
bie_finhestnks11,2014-Q4,TP.FINHESTNKS11.ZP26,"F.1.2.Özel Çekme Hakları (SDR),Finansal Olmayan Kuruluşlar (Konsolide Olmayan, Stok)",last,0.0
bie_finhestnks11,2014-Q4,TP.FINHESTNKS11.ZP27,"F.2.Para ve Mevduat,Finansal Olmayan Kuruluşlar (Konsolide Olmayan, Stok)",last,0.0
bie_finhestnks11,2014-Q4,TP.FINHESTNKS11.ZP28,"F.2.1.Para,Finansal Olmayan Kuruluşlar (Konsolide Olmayan, Stok)",last,0.0
bie_finhestnks11,2014-Q4,TP.FINHESTNKS11.ZP29,"F.2.2.Vadesiz Mevduat,Finansal Olmayan Kuruluşlar (Konsolide Olmayan, Stok)",last,0.0
bie_finhestnks11,2014-Q4,TP.FINHESTNKS11.ZP30,"F.2.9.Vadeli Mevduat,Finansal Olmayan Kuruluşlar (Konsolide Olmayan, Stok)",last,0.0
bie_finhestnks11,2014-Q4,TP.FINHESTNKS11.ZP31,"F.3.Borçlanma Senetleri,Finansal Olmayan Kuruluşlar (Konsolide Olmayan, Stok)",last,27597409.76
bie_finhestnks11,2014-Q4,TP.FINHESTNKS11.ZP32,"F.3.1.Kısa Vadeli Borçlanma Senetleri,Finansal Olmayan Kuruluşlar (Konsolide Olmayan, Stok)",last,1380697.96
bie_finhestnks11,2014-Q4,TP.FINHESTNKS11.ZP33,"F.3.2.Uzun Vadeli Borçlanma Senetleri,Finansal Olmayan Kuruluşlar (Konsolide Olmayan, Stok)",last,26216711.79
bie_finhestnks11,2014-Q4,TP.FINHESTNKS11.ZP34,"F.4.Krediler,Finansal Olmayan Kuruluşlar (Konsolide Olmayan, Stok)",last,1120752826.04
bie_finhestnks11,2014-Q4,TP.FINHESTNKS11.ZP35,"F.4.1.Kısa Vadeli Krediler,Finansal Olmayan Kuruluşlar (Konsolide Olmayan, Stok)",last,432012811.57
bie_finhestnks11,2014-Q4,TP.FINHESTNKS11.ZP36,"F.4.2.Uzun Vadeli Krediler,Finansal Olmayan Kuruluşlar (Konsolide Olmayan, Stok)",last,688740017.13
bie_finhestnks11,2014-Q4,TP.FINHESTNKS11.ZP37,"F.5.Hisse Senetleri ve Özkaynaklar,Finansal Olmayan Kuruluşlar (Konsolide Olmayan, Stok)",last,1700715462.5
bie_finhestnks11,2014-Q4,TP.FINHESTNKS11.ZP38,"F.5.1.Hisse Senetleri ve Özkaynaklar,Finansal Olmayan Kuruluşlar (Konsolide Olmayan, Stok)",last,1700715462.5
bie_finhestnks11,2014-Q4,TP.FINHESTNKS11.ZP39,"F.5.2.Yatırım Fonu Katılma Belgeleri,Finansal Olmayan Kuruluşlar (Konsolide Olmayan, Stok)",last,0.0
bie_finhestnks11,2014-Q4,TP.FINHESTNKS11.ZP40,"F.5.2.1.Para Piyasası Fonları,Finansal Olmayan Kuruluşlar (Konsolide Olmayan, Stok)",last,0.0
bie_finhestnks11,2014-Q4,TP.FINHESTNKS11.ZP41,"F.5.2.2.Diğer Yatırım Fonları,Finansal Olmayan Kuruluşlar (Konsolide Olmayan, Stok)",last,0.0
bie_finhestnks11,2014-Q4,TP.FINHESTNKS11.ZP42,"F.6.Sigorta ve Emeklilik Sözleşmeleri,Finansal Olmayan Kuruluşlar (Konsolide Olmayan, Stok)",last,0.0
bie_finhestnks11,2014-Q4,TP.FINHESTNKS11.ZP43,"F.7.Finansal Türevler,Finansal Olmayan Kuruluşlar (Konsolide Olmayan, Stok)",last,940283.0
bie_finhestnks11,2014-Q4,TP.FINHESTNKS11.ZP44,"F.8.Diğer Borçlar,Finansal Olmayan Kuruluşlar (Konsolide Olmayan, Stok)",last,1554319194.83
bie_finhestnks11,2014-Q4,TP.FINHESTNKS11.ZP45,"F.0.Toplam Yükümlülükler,Finansal Olmayan Kuruluşlar (Konsolide Olmayan, Stok)",last,4404325176.15
bie_finhestnks11,2015-Q1,TP.FINHESTNKS11.ZP1,"BF.9.NET FİNANSAL DEĞER,Finansal Olmayan Kuruluşlar (Konsolide Olmayan, Stok)",last,-1204819394.84
bie_finhestnks11,2015-Q1,TP.FINHESTNKS11.ZP2,"VF.1.Parasal Altın ve SDR,Finansal Olmayan Kuruluşlar (Konsolide Olmayan, Stok)",last,0.0
bie_finhestnks11,2015-Q1,TP.FINHESTNKS11.ZP3,"VF.1.1.Parasal Altın,Finansal Olmayan Kuruluşlar (Konsolide Olmayan, Stok)",last,0.0
bie_finhestnks11,2015-Q1,TP.FINHESTNKS11.ZP4,"VF.1.2.Özel Çekme Hakları (SDR),Finansal Olmayan Kuruluşlar (Konsolide Olmayan, Stok)",last,0.0
bie_finhestnks11,2015-Q1,TP.FINHESTNKS11.ZP5,"VF.2.Para ve Mevduat,Finansal Olmayan Kuruluşlar (Konsolide Olmayan, Stok)",last,359675344.2
bie_finhestnks11,2015-Q1,TP.FINHESTNKS11.ZP6,"VF.2.1.Para,Finansal Olmayan Kuruluşlar (Konsolide Olmayan, Stok)",last,36131723.73
bie_finhestnks11,2015-Q1,TP.FINHESTNKS11.ZP7,"VF.2.2.Vadesiz Mevduat,Finansal Olmayan Kuruluşlar (Konsolide Olmayan, Stok)",last,123766903.52
bie_finhestnks11,2015-Q1,TP.FINHESTNKS11.ZP8,"VF.2.9.Vadeli Mevduat,Finansal Olmayan Kuruluşlar (Konsolide Olmayan, Stok)",last,199776716.94
bie_finhestnks11,2015-Q1,TP.FINHESTNKS11.ZP9,"VF.3.Borçlanma Senetleri,Finansal Olmayan Kuruluşlar (Konsolide Olmayan, Stok)",last,36811328.9
bie_finhestnks11,2015-Q1,TP.FINHESTNKS11.ZP10,"VF.3.1.Kısa Vadeli Borçlanma Senetleri,Finansal Olmayan Kuruluşlar (Konsolide Olmayan, Stok)",last,7838465.1
bie_finhestnks11,2015-Q1,TP.FINHESTNKS11.ZP11,"VF.3.2.Uzun Vadeli Borçlanma Senetleri,Finansal Olmayan Kuruluşlar (Konsolide Olmayan, Stok)",last,28972863.79
bie_finhestnks11,2015-Q1,TP.FINHESTNKS11.ZP12,"VF.4.Krediler,Finansal Olmayan Kuruluşlar (Konsolide Olmayan, Stok)",last,13283254.16
bie_finhestnks11,2015-Q1,TP.FINHESTNKS11.ZP13,"VF.4.1.Kısa Vadeli Krediler,Finansal Olmayan Kuruluşlar (Konsolide Olmayan, Stok)",last,13283254.16
bie_finhestnks11,2015-Q1,TP.FINHESTNKS11.ZP14,"VF.4.2.Uzun Vadeli Krediler,Finansal Olmayan Kuruluşlar (Konsolide Olmayan, Stok)",last,0.0
bie_finhestnks11,2015-Q1,TP.FINHESTNKS11.ZP15,"VF.5.Hisse Senetleri ve Özkaynaklar,Finansal Olmayan Kuruluşlar (Konsolide Olmayan, Stok)",last,1137560338.34
bie_finhestnks11,2015-Q1,TP.FINHESTNKS11.ZP16,"VF.5.1.Hisse Senetleri ve Özkaynaklar,Finansal Olmayan Kuruluşlar (Konsolide Olmayan, Stok)",last,1137064666.37
bie_finhestnks11,2015-Q1,TP.FINHESTNKS11.ZP17,"VF.5.2.Yatırım Fonu Katılma Belgeleri,Finansal Olmayan Kuruluşlar (Konsolide Olmayan, Stok)",last,495671.96
bie_finhestnks11,2015-Q1,TP.FINHESTNKS11.ZP18,"VF.5.2.1.Para Piyasası Fonları,Finansal Olmayan Kuruluşlar (Konsolide Olmayan, Stok)",last,0.0
bie_finhestnks11,2015-Q1,TP.FINHESTNKS11.ZP19,"VF.5.2.2.Diğer Yatırım Fonları,Finansal Olmayan Kuruluşlar (Konsolide Olmayan, Stok)",last,0.0
bie_finhestnks11,2015-Q1,TP.FINHESTNKS11.ZP20,"VF.6.Sigorta ve Emeklilik Sözleşmeleri,Finansal Olmayan Kuruluşlar (Konsolide Olmayan, Stok)",last,10688001.77
bie_finhestnks11,2015-Q1,TP.FINHESTNKS11.ZP21,"VF.7.Finansal Türevler,Finansal Olmayan Kuruluşlar (Konsolide Olmayan, Stok)",last,2184823.0
bie_finhestnks11,2015-Q1,TP.FINHESTNKS11.ZP22,"VF.8.Diğer Alacaklar,Finansal Olmayan Kuruluşlar (Konsolide Olmayan, Stok)",last,1279461436.51
bie_finhestnks11,2015-Q1,TP.FINHESTNKS11.ZP23,"VF.0.Toplam Varlıklar,Finansal Olmayan Kuruluşlar (Konsolide Olmayan, Stok)",last,2839664526.91
bie_finhestnks11,2015-Q1,TP.FINHESTNKS11.ZP24,"F.1.Parasal Altın ve SDR,Finansal Olmayan Kuruluşlar (Konsolide Olmayan, Stok)",last,0.0
bie_finhestnks11,2015-Q1,TP.FINHESTNKS11.ZP26,"F.1.2.Özel Çekme Hakları (SDR),Finansal Olmayan Kuruluşlar (Konsolide Olmayan, Stok)",last,0.0
bie_finhestnks11,2015-Q1,TP.FINHESTNKS11.ZP27,"F.2.Para ve Mevduat,Finansal Olmayan Kuruluşlar (Konsolide Olmayan, Stok)",last,0.0
bie_finhestnks11,2015-Q1,TP.FINHESTNKS11.ZP28,"F.2.1.Para,Finansal Olmayan Kuruluşlar (Konsolide Olmayan, Stok)",last,0.0
bie_finhestnks11,2015-Q1,TP.FINHESTNKS11.ZP29,"F.2.2.Vadesiz Mevduat,Finansal Olmayan Kuruluşlar (Konsolide Olmayan, Stok)",last,0.0
bie_finhestnks11,2015-Q1,TP.FINHESTNKS11.ZP30,"F.2.9.Vadeli Mevduat,Finansal Olmayan Kuruluşlar (Konsolide Olmayan, Stok)",last,0.0
bie_finhestnks11,2015-Q1,TP.FINHESTNKS11.ZP31,"F.3.Borçlanma Senetleri,Finansal Olmayan Kuruluşlar (Konsolide Olmayan, Stok)",last,28814330.09
bie_finhestnks11,2015-Q1,TP.FINHESTNKS11.ZP32,"F.3.1.Kısa Vadeli Borçlanma Senetleri,Finansal Olmayan Kuruluşlar (Konsolide Olmayan, Stok)",last,186766.05
bie_finhestnks11,2015-Q1,TP.FINHESTNKS11.ZP33,"F.3.2.Uzun Vadeli Borçlanma Senetleri,Finansal Olmayan Kuruluşlar (Konsolide Olmayan, Stok)",last,28627564.04
bie_finhestnks11,2015-Q1,TP.FINHESTNKS11.ZP34,"F.4.Krediler,Finansal Olmayan Kuruluşlar (Konsolide Olmayan, Stok)",last,1199898948.93
bie_finhestnks11,2015-Q1,TP.FINHESTNKS11.ZP35,"F.4.1.Kısa Vadeli Krediler,Finansal Olmayan Kuruluşlar (Konsolide Olmayan, Stok)",last,383983356.75
bie_finhestnks11,2015-Q1,TP.FINHESTNKS11.ZP36,"F.4.2.Uzun Vadeli Krediler,Finansal Olmayan Kuruluşlar (Konsolide Olmayan, Stok)",last,815915592.18
bie_finhestnks11,2015-Q1,TP.FINHESTNKS11.ZP37,"F.5.Hisse Senetleri ve Özkaynaklar,Finansal Olmayan Kuruluşlar (Konsolide Olmayan, Stok)",last,1437717123.85
bie_finhestnks11,2015-Q1,TP.FINHESTNKS11.ZP38,"F.5.1.Hisse Senetleri ve Özkaynaklar,Finansal Olmayan Kuruluşlar (Konsolide Olmayan, Stok)",last,1437717123.85
bie_finhestnks11,2015-Q1,TP.FINHESTNKS11.ZP39,"F.5.2.Yatırım Fonu Katılma Belgeleri,Finansal Olmayan Kuruluşlar (Konsolide Olmayan, Stok)",last,0.0
bie_finhestnks11,2015-Q1,TP.FINHESTNKS11.ZP40,"F.5.2.1.Para Piyasası Fonları,Finansal Olmayan Kuruluşlar (Konsolide Olmayan, Stok)",last,0.0
bie_finhestnks11,2015-Q1,TP.FINHESTNKS11.ZP41,"F.5.2.2.Diğer Yatırım Fonları,Finansal Olmayan Kuruluşlar (Konsolide Olmayan, Stok)",last,0.0
bie_finhestnks11,2015-Q1,TP.FINHESTNKS11.ZP42,"F.6.Sigorta ve Emeklilik Sözleşmeleri,Finansal Olmayan Kuruluşlar (Konsolide Olmayan, Stok)",last,0.0
bie_finhestnks11,2015-Q1,TP.FINHESTNKS11.ZP43,"F.7.Finansal Türevler,Finansal Olmayan Kuruluşlar (Konsolide Olmayan, Stok)",last,1504948.0
bie_finhestnks11,2015-Q1,TP.FINHESTNKS11.ZP44,"F.8.Diğer Borçlar,Finansal Olmayan Kuruluşlar (Konsolide Olmayan, Stok)",last,1376548570.87
bie_finhestnks11,2015-Q1,TP.FINHESTNKS11.ZP45,"F.0.Toplam Yükümlülükler,Finansal Olmayan Kuruluşlar (Konsolide Olmayan, Stok)",last,4044483921.75
bie_finhestnks11,2015-Q2,TP.FINHESTNKS11.ZP1,"BF.9.NET FİNANSAL DEĞER,Finansal Olmayan Kuruluşlar (Konsolide Olmayan, Stok)",last,-1353896214.73
bie_finhestnks11,2015-Q2,TP.FINHESTNKS11.ZP2,"VF.1.Parasal Altın ve SDR,Finansal Olmayan Kuruluşlar (Konsolide Olmayan, Stok)",last,0.0
bie_finhestnks11,2015-Q2,TP.FINHESTNKS11.ZP3,"VF.1.1.Parasal Altın,Finansal Olmayan Kuruluşlar (Konsolide Olmayan, Stok)",last,0.0
bie_finhestnks11,2015-Q2,TP.FINHESTNKS11.ZP4,"VF.1.2.Özel Çekme Hakları (SDR),Finansal Olmayan Kuruluşlar (Konsolide Olmayan, Stok)",last,0.0
bie_finhestnks11,2015-Q2,TP.FINHESTNKS11.ZP5,"VF.2.Para ve Mevduat,Finansal Olmayan Kuruluşlar (Konsolide Olmayan, Stok)",last,379007149.98
bie_finhestnks11,2015-Q2,TP.FINHESTNKS11.ZP6,"VF.2.1.Para,Finansal Olmayan Kuruluşlar (Konsolide Olmayan, Stok)",last,40876989.6
bie_finhestnks11,2015-Q2,TP.FINHESTNKS11.ZP7,"VF.2.2.Vadesiz Mevduat,Finansal Olmayan Kuruluşlar (Konsolide Olmayan, Stok)",last,134758963.54
bie_finhestnks11,2015-Q2,TP.FINHESTNKS11.ZP8,"VF.2.9.Vadeli Mevduat,Finansal Olmayan Kuruluşlar (Konsolide Olmayan, Stok)",last,203371196.83
bie_finhestnks11,2015-Q2,TP.FINHESTNKS11.ZP9,"VF.3.Borçlanma Senetleri,Finansal Olmayan Kuruluşlar (Konsolide Olmayan, Stok)",last,35786042.21
bie_finhestnks11,2015-Q2,TP.FINHESTNKS11.ZP10,"VF.3.1.Kısa Vadeli Borçlanma Senetleri,Finansal Olmayan Kuruluşlar (Konsolide Olmayan, Stok)",last,7849672.03
bie_finhestnks11,2015-Q2,TP.FINHESTNKS11.ZP11,"VF.3.2.Uzun Vadeli Borçlanma Senetleri,Finansal Olmayan Kuruluşlar (Konsolide Olmayan, Stok)",last,27936370.18
bie_finhestnks11,2015-Q2,TP.FINHESTNKS11.ZP12,"VF.4.Krediler,Finansal Olmayan Kuruluşlar (Konsolide Olmayan, Stok)",last,14206626.02
bie_finhestnks11,2015-Q2,TP.FINHESTNKS11.ZP13,"VF.4.1.Kısa Vadeli Krediler,Finansal Olmayan Kuruluşlar (Konsolide Olmayan, Stok)",last,14206626.02
bie_finhestnks11,2015-Q2,TP.FINHESTNKS11.ZP14,"VF.4.2.Uzun Vadeli Krediler,Finansal Olmayan Kuruluşlar (Konsolide Olmayan, Stok)",last,0.0
bie_finhestnks11,2015-Q2,TP.FINHESTNKS11.ZP15,"VF.5.Hisse Senetleri ve Özkaynaklar,Finansal Olmayan Kuruluşlar (Konsolide Olmayan, Stok)",last,1357060344.27
bie_finhestnks11,2015-Q2,TP.FINHESTNKS11.ZP16,"VF.5.1.Hisse Senetleri ve Özkaynaklar,Finansal Olmayan Kuruluşlar (Konsolide Olmayan, Stok)",last,1356753252.25
bie_finhestnks11,2015-Q2,TP.FINHESTNKS11.ZP17,"VF.5.2.Yatırım Fonu Katılma Belgeleri,Finansal Olmayan Kuruluşlar (Konsolide Olmayan, Stok)",last,307092.02
bie_finhestnks11,2015-Q2,TP.FINHESTNKS11.ZP18,"VF.5.2.1.Para Piyasası Fonları,Finansal Olmayan Kuruluşlar (Konsolide Olmayan, Stok)",last,0.0
bie_finhestnks11,2015-Q2,TP.FINHESTNKS11.ZP19,"VF.5.2.2.Diğer Yatırım Fonları,Finansal Olmayan Kuruluşlar (Konsolide Olmayan, Stok)",last,0.0
bie_finhestnks11,2015-Q2,TP.FINHESTNKS11.ZP20,"VF.6.Sigorta ve Emeklilik Sözleşmeleri,Finansal Olmayan Kuruluşlar (Konsolide Olmayan, Stok)",last,11195646.21
bie_finhestnks11,2015-Q2,TP.FINHESTNKS11.ZP21,"VF.7.Finansal Türevler,Finansal Olmayan Kuruluşlar (Konsolide Olmayan, Stok)",last,1717043.0
bie_finhestnks11,2015-Q2,TP.FINHESTNKS11.ZP22,"VF.8.Diğer Alacaklar,Finansal Olmayan Kuruluşlar (Konsolide Olmayan, Stok)",last,1441289893.86
bie_finhestnks11,2015-Q2,TP.FINHESTNKS11.ZP23,"VF.0.Toplam Varlıklar,Finansal Olmayan Kuruluşlar (Konsolide Olmayan, Stok)",last,3240262745.58
bie_finhestnks11,2015-Q2,TP.FINHESTNKS11.ZP24,"F.1.Parasal Altın ve SDR,Finansal Olmayan Kuruluşlar (Konsolide Olmayan, Stok)",last,0.0
bie_finhestnks11,2015-Q2,TP.FINHESTNKS11.ZP26,"F.1.2.Özel Çekme Hakları (SDR),Finansal Olmayan Kuruluşlar (Konsolide Olmayan, Stok)",last,0.0
bie_finhestnks11,2015-Q2,TP.FINHESTNKS11.ZP27,"F.2.Para ve Mevduat,Finansal Olmayan Kuruluşlar (Konsolide Olmayan, Stok)",last,0.0
bie_finhestnks11,2015-Q2,TP.FINHESTNKS11.ZP28,"F.2.1.Para,Finansal Olmayan Kuruluşlar (Konsolide Olmayan, Stok)",last,0.0
bie_finhestnks11,2015-Q2,TP.FINHESTNKS11.ZP29,"F.2.2.Vadesiz Mevduat,Finansal Olmayan Kuruluşlar (Konsolide Olmayan, Stok)",last,0.0
bie_finhestnks11,2015-Q2,TP.FINHESTNKS11.ZP30,"F.2.9.Vadeli Mevduat,Finansal Olmayan Kuruluşlar (Konsolide Olmayan, Stok)",last,0.0
bie_finhestnks11,2015-Q2,TP.FINHESTNKS11.ZP31,"F.3.Borçlanma Senetleri,Finansal Olmayan Kuruluşlar (Konsolide Olmayan, Stok)",last,31253946.73
bie_finhestnks11,2015-Q2,TP.FINHESTNKS11.ZP32,"F.3.1.Kısa Vadeli Borçlanma Senetleri,Finansal Olmayan Kuruluşlar (Konsolide Olmayan, Stok)",last,409614.69
bie_finhestnks11,2015-Q2,TP.FINHESTNKS11.ZP33,"F.3.2.Uzun Vadeli Borçlanma Senetleri,Finansal Olmayan Kuruluşlar (Konsolide Olmayan, Stok)",last,30844332.04
bie_finhestnks11,2015-Q2,TP.FINHESTNKS11.ZP34,"F.4.Krediler,Finansal Olmayan Kuruluşlar (Konsolide Olmayan, Stok)",last,1296576735.33
bie_finhestnks11,2015-Q2,TP.FINHESTNKS11.ZP35,"F.4.1.Kısa Vadeli Krediler,Finansal Olmayan Kuruluşlar (Konsolide Olmayan, Stok)",last,417709621.02
bie_finhestnks11,2015-Q2,TP.FINHESTNKS11.ZP36,"F.4.2.Uzun Vadeli Krediler,Finansal Olmayan Kuruluşlar (Konsolide Olmayan, Stok)",last,878867114.31
bie_finhestnks11,2015-Q2,TP.FINHESTNKS11.ZP37,"F.5.Hisse Senetleri ve Özkaynaklar,Finansal Olmayan Kuruluşlar (Konsolide Olmayan, Stok)",last,1724158410.06
bie_finhestnks11,2015-Q2,TP.FINHESTNKS11.ZP38,"F.5.1.Hisse Senetleri ve Özkaynaklar,Finansal Olmayan Kuruluşlar (Konsolide Olmayan, Stok)",last,1724158410.06
bie_finhestnks11,2015-Q2,TP.FINHESTNKS11.ZP39,"F.5.2.Yatırım Fonu Katılma Belgeleri,Finansal Olmayan Kuruluşlar (Konsolide Olmayan, Stok)",last,0.0
bie_finhestnks11,2015-Q2,TP.FINHESTNKS11.ZP40,"F.5.2.1.Para Piyasası Fonları,Finansal Olmayan Kuruluşlar (Konsolide Olmayan, Stok)",last,0.0
bie_finhestnks11,2015-Q2,TP.FINHESTNKS11.ZP41,"F.5.2.2.Diğer Yatırım Fonları,Finansal Olmayan Kuruluşlar (Konsolide Olmayan, Stok)",last,0.0
bie_finhestnks11,2015-Q2,TP.FINHESTNKS11.ZP42,"F.6.Sigorta ve Emeklilik Sözleşmeleri,Finansal Olmayan Kuruluşlar (Konsolide Olmayan, Stok)",last,0.0
bie_finhestnks11,2015-Q2,TP.FINHESTNKS11.ZP43,"F.7.Finansal Türevler,Finansal Olmayan Kuruluşlar (Konsolide Olmayan, Stok)",last,1583116.0
bie_finhestnks11,2015-Q2,TP.FINHESTNKS11.ZP44,"F.8.Diğer Borçlar,Finansal Olmayan Kuruluşlar (Konsolide Olmayan, Stok)",last,1540586752.17
bie_finhestnks11,2015-Q2,TP.FINHESTNKS11.ZP45,"F.0.Toplam Yükümlülükler,Finansal Olmayan Kuruluşlar (Konsolide Olmayan, Stok)",last,4594158960.31
bie_finhestnks11,2015-Q3,TP.FINHESTNKS11.ZP1,"BF.9.NET FİNANSAL DEĞER,Finansal Olmayan Kuruluşlar (Konsolide Olmayan, Stok)",last,-1400051922.93
bie_finhestnks11,2015-Q3,TP.FINHESTNKS11.ZP2,"VF.1.Parasal Altın ve SDR,Finansal Olmayan Kuruluşlar (Konsolide Olmayan, Stok)",last,0.0
bie_finhestnks11,2015-Q3,TP.FINHESTNKS11.ZP3,"VF.1.1.Parasal Altın,Finansal Olmayan Kuruluşlar (Konsolide Olmayan, Stok)",last,0.0
bie_finhestnks11,2015-Q3,TP.FINHESTNKS11.ZP4,"VF.1.2.Özel Çekme Hakları (SDR),Finansal Olmayan Kuruluşlar (Konsolide Olmayan, Stok)",last,0.0
bie_finhestnks11,2015-Q3,TP.FINHESTNKS11.ZP5,"VF.2.Para ve Mevduat,Finansal Olmayan Kuruluşlar (Konsolide Olmayan, Stok)",last,416701755.77
bie_finhestnks11,2015-Q3,TP.FINHESTNKS11.ZP6,"VF.2.1.Para,Finansal Olmayan Kuruluşlar (Konsolide Olmayan, Stok)",last,45923826.52
bie_finhestnks11,2015-Q3,TP.FINHESTNKS11.ZP7,"VF.2.2.Vadesiz Mevduat,Finansal Olmayan Kuruluşlar (Konsolide Olmayan, Stok)",last,147789836.5
bie_finhestnks11,2015-Q3,TP.FINHESTNKS11.ZP8,"VF.2.9.Vadeli Mevduat,Finansal Olmayan Kuruluşlar (Konsolide Olmayan, Stok)",last,222988092.74
bie_finhestnks11,2015-Q3,TP.FINHESTNKS11.ZP9,"VF.3.Borçlanma Senetleri,Finansal Olmayan Kuruluşlar (Konsolide Olmayan, Stok)",last,37227819.61
bie_finhestnks11,2015-Q3,TP.FINHESTNKS11.ZP10,"VF.3.1.Kısa Vadeli Borçlanma Senetleri,Finansal Olmayan Kuruluşlar (Konsolide Olmayan, Stok)",last,7742793.56
bie_finhestnks11,2015-Q3,TP.FINHESTNKS11.ZP11,"VF.3.2.Uzun Vadeli Borçlanma Senetleri,Finansal Olmayan Kuruluşlar (Konsolide Olmayan, Stok)",last,29485026.04
bie_finhestnks11,2015-Q3,TP.FINHESTNKS11.ZP12,"VF.4.Krediler,Finansal Olmayan Kuruluşlar (Konsolide Olmayan, Stok)",last,15295730.55
bie_finhestnks11,2015-Q3,TP.FINHESTNKS11.ZP13,"VF.4.1.Kısa Vadeli Krediler,Finansal Olmayan Kuruluşlar (Konsolide Olmayan, Stok)",last,15295730.55
bie_finhestnks11,2015-Q3,TP.FINHESTNKS11.ZP14,"VF.4.2.Uzun Vadeli Krediler,Finansal Olmayan Kuruluşlar (Konsolide Olmayan, Stok)",last,0.0
bie_finhestnks11,2015-Q3,TP.FINHESTNKS11.ZP15,"VF.5.Hisse Senetleri ve Özkaynaklar,Finansal Olmayan Kuruluşlar (Konsolide Olmayan, Stok)",last,1367319204.24
bie_finhestnks11,2015-Q3,TP.FINHESTNKS11.ZP16,"VF.5.1.Hisse Senetleri ve Özkaynaklar,Finansal Olmayan Kuruluşlar (Konsolide Olmayan, Stok)",last,1366209421.37
bie_finhestnks11,2015-Q3,TP.FINHESTNKS11.ZP17,"VF.5.2.Yatırım Fonu Katılma Belgeleri,Finansal Olmayan Kuruluşlar (Konsolide Olmayan, Stok)",last,1109782.87
bie_finhestnks11,2015-Q3,TP.FINHESTNKS11.ZP18,"VF.5.2.1.Para Piyasası Fonları,Finansal Olmayan Kuruluşlar (Konsolide Olmayan, Stok)",last,0.0
bie_finhestnks11,2015-Q3,TP.FINHESTNKS11.ZP19,"VF.5.2.2.Diğer Yatırım Fonları,Finansal Olmayan Kuruluşlar (Konsolide Olmayan, Stok)",last,0.0
bie_finhestnks11,2015-Q3,TP.FINHESTNKS11.ZP20,"VF.6.Sigorta ve Emeklilik Sözleşmeleri,Finansal Olmayan Kuruluşlar (Konsolide Olmayan, Stok)",last,11627833.75
bie_finhestnks11,2015-Q3,TP.FINHESTNKS11.ZP21,"VF.7.Finansal Türevler,Finansal Olmayan Kuruluşlar (Konsolide Olmayan, Stok)",last,2318955.0
bie_finhestnks11,2015-Q3,TP.FINHESTNKS11.ZP22,"VF.8.Diğer Alacaklar,Finansal Olmayan Kuruluşlar (Konsolide Olmayan, Stok)",last,1617313605.43
bie_finhestnks11,2015-Q3,TP.FINHESTNKS11.ZP23,"VF.0.Toplam Varlıklar,Finansal Olmayan Kuruluşlar (Konsolide Olmayan, Stok)",last,3467804904.37
bie_finhestnks11,2015-Q3,TP.FINHESTNKS11.ZP24,"F.1.Parasal Altın ve SDR,Finansal Olmayan Kuruluşlar (Konsolide Olmayan, Stok)",last,0.0
bie_finhestnks11,2015-Q3,TP.FINHESTNKS11.ZP26,"F.1.2.Özel Çekme Hakları (SDR),Finansal Olmayan Kuruluşlar (Konsolide Olmayan, Stok)",last,0.0
bie_finhestnks11,2015-Q3,TP.FINHESTNKS11.ZP27,"F.2.Para ve Mevduat,Finansal Olmayan Kuruluşlar (Konsolide Olmayan, Stok)",last,0.0
bie_finhestnks11,2015-Q3,TP.FINHESTNKS11.ZP28,"F.2.1.Para,Finansal Olmayan Kuruluşlar (Konsolide Olmayan, Stok)",last,0.0
bie_finhestnks11,2015-Q3,TP.FINHESTNKS11.ZP29,"F.2.2.Vadesiz Mevduat,Finansal Olmayan Kuruluşlar (Konsolide Olmayan, Stok)",last,0.0
bie_finhestnks11,2015-Q3,TP.FINHESTNKS11.ZP30,"F.2.9.Vadeli Mevduat,Finansal Olmayan Kuruluşlar (Konsolide Olmayan, Stok)",last,0.0
bie_finhestnks11,2015-Q3,TP.FINHESTNKS11.ZP31,"F.3.Borçlanma Senetleri,Finansal Olmayan Kuruluşlar (Konsolide Olmayan, Stok)",last,33326085.68
bie_finhestnks11,2015-Q3,TP.FINHESTNKS11.ZP32,"F.3.1.Kısa Vadeli Borçlanma Senetleri,Finansal Olmayan Kuruluşlar (Konsolide Olmayan, Stok)",last,368641.41
bie_finhestnks11,2015-Q3,TP.FINHESTNKS11.ZP33,"F.3.2.Uzun Vadeli Borçlanma Senetleri,Finansal Olmayan Kuruluşlar (Konsolide Olmayan, Stok)",last,32957444.26
bie_finhestnks11,2015-Q3,TP.FINHESTNKS11.ZP34,"F.4.Krediler,Finansal Olmayan Kuruluşlar (Konsolide Olmayan, Stok)",last,1407509999.91
bie_finhestnks11,2015-Q3,TP.FINHESTNKS11.ZP35,"F.4.1.Kısa Vadeli Krediler,Finansal Olmayan Kuruluşlar (Konsolide Olmayan, Stok)",last,445381487.33
bie_finhestnks11,2015-Q3,TP.FINHESTNKS11.ZP36,"F.4.2.Uzun Vadeli Krediler,Finansal Olmayan Kuruluşlar (Konsolide Olmayan, Stok)",last,962128512.58
bie_finhestnks11,2015-Q3,TP.FINHESTNKS11.ZP37,"F.5.Hisse Senetleri ve Özkaynaklar,Finansal Olmayan Kuruluşlar (Konsolide Olmayan, Stok)",last,1702810511.96
bie_finhestnks11,2015-Q3,TP.FINHESTNKS11.ZP38,"F.5.1.Hisse Senetleri ve Özkaynaklar,Finansal Olmayan Kuruluşlar (Konsolide Olmayan, Stok)",last,1702810511.96
bie_finhestnks11,2015-Q3,TP.FINHESTNKS11.ZP39,"F.5.2.Yatırım Fonu Katılma Belgeleri,Finansal Olmayan Kuruluşlar (Konsolide Olmayan, Stok)",last,0.0
bie_finhestnks11,2015-Q3,TP.FINHESTNKS11.ZP40,"F.5.2.1.Para Piyasası Fonları,Finansal Olmayan Kuruluşlar (Konsolide Olmayan, Stok)",last,0.0
bie_finhestnks11,2015-Q3,TP.FINHESTNKS11.ZP41,"F.5.2.2.Diğer Yatırım Fonları,Finansal Olmayan Kuruluşlar (Konsolide Olmayan, Stok)",last,0.0
bie_finhestnks11,2015-Q3,TP.FINHESTNKS11.ZP42,"F.6.Sigorta ve Emeklilik Sözleşmeleri,Finansal Olmayan Kuruluşlar (Konsolide Olmayan, Stok)",last,0.0
bie_finhestnks11,2015-Q3,TP.FINHESTNKS11.ZP43,"F.7.Finansal Türevler,Finansal Olmayan Kuruluşlar (Konsolide Olmayan, Stok)",last,3473770.0
bie_finhestnks11,2015-Q3,TP.FINHESTNKS11.ZP44,"F.8.Diğer Borçlar,Finansal Olmayan Kuruluşlar (Konsolide Olmayan, Stok)",last,1720736459.74
bie_finhestnks11,2015-Q3,TP.FINHESTNKS11.ZP45,"F.0.Toplam Yükümlülükler,Finansal Olmayan Kuruluşlar (Konsolide Olmayan, Stok)",last,4867856827.3
bie_finhestnks11,2015-Q4,TP.FINHESTNKS11.ZP1,"BF.9.NET FİNANSAL DEĞER,Finansal Olmayan Kuruluşlar (Konsolide Olmayan, Stok)",last,-1449150313.28
bie_finhestnks11,2015-Q4,TP.FINHESTNKS11.ZP2,"VF.1.Parasal Altın ve SDR,Finansal Olmayan Kuruluşlar (Konsolide Olmayan, Stok)",last,0.0
bie_finhestnks11,2015-Q4,TP.FINHESTNKS11.ZP3,"VF.1.1.Parasal Altın,Finansal Olmayan Kuruluşlar (Konsolide Olmayan, Stok)",last,0.0
bie_finhestnks11,2015-Q4,TP.FINHESTNKS11.ZP4,"VF.1.2.Özel Çekme Hakları (SDR),Finansal Olmayan Kuruluşlar (Konsolide Olmayan, Stok)",last,0.0
bie_finhestnks11,2015-Q4,TP.FINHESTNKS11.ZP5,"VF.2.Para ve Mevduat,Finansal Olmayan Kuruluşlar (Konsolide Olmayan, Stok)",last,409170154.58
bie_finhestnks11,2015-Q4,TP.FINHESTNKS11.ZP6,"VF.2.1.Para,Finansal Olmayan Kuruluşlar (Konsolide Olmayan, Stok)",last,48129467.79
bie_finhestnks11,2015-Q4,TP.FINHESTNKS11.ZP7,"VF.2.2.Vadesiz Mevduat,Finansal Olmayan Kuruluşlar (Konsolide Olmayan, Stok)",last,147473862.8
bie_finhestnks11,2015-Q4,TP.FINHESTNKS11.ZP8,"VF.2.9.Vadeli Mevduat,Finansal Olmayan Kuruluşlar (Konsolide Olmayan, Stok)",last,213566823.99
bie_finhestnks11,2015-Q4,TP.FINHESTNKS11.ZP9,"VF.3.Borçlanma Senetleri,Finansal Olmayan Kuruluşlar (Konsolide Olmayan, Stok)",last,37488492.65
bie_finhestnks11,2015-Q4,TP.FINHESTNKS11.ZP10,"VF.3.1.Kısa Vadeli Borçlanma Senetleri,Finansal Olmayan Kuruluşlar (Konsolide Olmayan, Stok)",last,8381029.71
bie_finhestnks11,2015-Q4,TP.FINHESTNKS11.ZP11,"VF.3.2.Uzun Vadeli Borçlanma Senetleri,Finansal Olmayan Kuruluşlar (Konsolide Olmayan, Stok)",last,29107462.93
bie_finhestnks11,2015-Q4,TP.FINHESTNKS11.ZP12,"VF.4.Krediler,Finansal Olmayan Kuruluşlar (Konsolide Olmayan, Stok)",last,11783199.05
bie_finhestnks11,2015-Q4,TP.FINHESTNKS11.ZP13,"VF.4.1.Kısa Vadeli Krediler,Finansal Olmayan Kuruluşlar (Konsolide Olmayan, Stok)",last,11783199.05
bie_finhestnks11,2015-Q4,TP.FINHESTNKS11.ZP14,"VF.4.2.Uzun Vadeli Krediler,Finansal Olmayan Kuruluşlar (Konsolide Olmayan, Stok)",last,0.0
bie_finhestnks11,2015-Q4,TP.FINHESTNKS11.ZP15,"VF.5.Hisse Senetleri ve Özkaynaklar,Finansal Olmayan Kuruluşlar (Konsolide Olmayan, Stok)",last,1268059497.6
bie_finhestnks11,2015-Q4,TP.FINHESTNKS11.ZP16,"VF.5.1.Hisse Senetleri ve Özkaynaklar,Finansal Olmayan Kuruluşlar (Konsolide Olmayan, Stok)",last,1266848583.63
bie_finhestnks11,2015-Q4,TP.FINHESTNKS11.ZP17,"VF.5.2.Yatırım Fonu Katılma Belgeleri,Finansal Olmayan Kuruluşlar (Konsolide Olmayan, Stok)",last,1210913.97
bie_finhestnks11,2015-Q4,TP.FINHESTNKS11.ZP18,"VF.5.2.1.Para Piyasası Fonları,Finansal Olmayan Kuruluşlar (Konsolide Olmayan, Stok)",last,0.0
bie_finhestnks11,2015-Q4,TP.FINHESTNKS11.ZP19,"VF.5.2.2.Diğer Yatırım Fonları,Finansal Olmayan Kuruluşlar (Konsolide Olmayan, Stok)",last,0.0
bie_finhestnks11,2015-Q4,TP.FINHESTNKS11.ZP20,"VF.6.Sigorta ve Emeklilik Sözleşmeleri,Finansal Olmayan Kuruluşlar (Konsolide Olmayan, Stok)",last,12529693.7
bie_finhestnks11,2015-Q4,TP.FINHESTNKS11.ZP21,"VF.7.Finansal Türevler,Finansal Olmayan Kuruluşlar (Konsolide Olmayan, Stok)",last,1251670.0
bie_finhestnks11,2015-Q4,TP.FINHESTNKS11.ZP22,"VF.8.Diğer Alacaklar,Finansal Olmayan Kuruluşlar (Konsolide Olmayan, Stok)",last,1741284944.59
bie_finhestnks11,2015-Q4,TP.FINHESTNKS11.ZP23,"VF.0.Toplam Varlıklar,Finansal Olmayan Kuruluşlar (Konsolide Olmayan, Stok)",last,3481567652.19
bie_finhestnks11,2015-Q4,TP.FINHESTNKS11.ZP24,"F.1.Parasal Altın ve SDR,Finansal Olmayan Kuruluşlar (Konsolide Olmayan, Stok)",last,0.0
bie_finhestnks11,2015-Q4,TP.FINHESTNKS11.ZP26,"F.1.2.Özel Çekme Hakları (SDR),Finansal Olmayan Kuruluşlar (Konsolide Olmayan, Stok)",last,0.0
bie_finhestnks11,2015-Q4,TP.FINHESTNKS11.ZP27,"F.2.Para ve Mevduat,Finansal Olmayan Kuruluşlar (Konsolide Olmayan, Stok)",last,0.0
bie_finhestnks11,2015-Q4,TP.FINHESTNKS11.ZP28,"F.2.1.Para,Finansal Olmayan Kuruluşlar (Konsolide Olmayan, Stok)",last,0.0
bie_finhestnks11,2015-Q4,TP.FINHESTNKS11.ZP29,"F.2.2.Vadesiz Mevduat,Finansal Olmayan Kuruluşlar (Konsolide Olmayan, Stok)",last,0.0
bie_finhestnks11,2015-Q4,TP.FINHESTNKS11.ZP30,"F.2.9.Vadeli Mevduat,Finansal Olmayan Kuruluşlar (Konsolide Olmayan, Stok)",last,0.0
bie_finhestnks11,2015-Q4,TP.FINHESTNKS11.ZP31,"F.3.Borçlanma Senetleri,Finansal Olmayan Kuruluşlar (Konsolide Olmayan, Stok)",last,35668632.91
bie_finhestnks11,2015-Q4,TP.FINHESTNKS11.ZP32,"F.3.1.Kısa Vadeli Borçlanma Senetleri,Finansal Olmayan Kuruluşlar (Konsolide Olmayan, Stok)",last,433875.54
bie_finhestnks11,2015-Q4,TP.FINHESTNKS11.ZP33,"F.3.2.Uzun Vadeli Borçlanma Senetleri,Finansal Olmayan Kuruluşlar (Konsolide Olmayan, Stok)",last,35234757.37
bie_finhestnks11,2015-Q4,TP.FINHESTNKS11.ZP34,"F.4.Krediler,Finansal Olmayan Kuruluşlar (Konsolide Olmayan, Stok)",last,1410035443.69
bie_finhestnks11,2015-Q4,TP.FINHESTNKS11.ZP35,"F.4.1.Kısa Vadeli Krediler,Finansal Olmayan Kuruluşlar (Konsolide Olmayan, Stok)",last,448619659.83
bie_finhestnks11,2015-Q4,TP.FINHESTNKS11.ZP36,"F.4.2.Uzun Vadeli Krediler,Finansal Olmayan Kuruluşlar (Konsolide Olmayan, Stok)",last,961415783.86
bie_finhestnks11,2015-Q4,TP.FINHESTNKS11.ZP37,"F.5.Hisse Senetleri ve Özkaynaklar,Finansal Olmayan Kuruluşlar (Konsolide Olmayan, Stok)",last,1639359882.09
bie_finhestnks11,2015-Q4,TP.FINHESTNKS11.ZP38,"F.5.1.Hisse Senetleri ve Özkaynaklar,Finansal Olmayan Kuruluşlar (Konsolide Olmayan, Stok)",last,1639359882.09
bie_finhestnks11,2015-Q4,TP.FINHESTNKS11.ZP39,"F.5.2.Yatırım Fonu Katılma Belgeleri,Finansal Olmayan Kuruluşlar (Konsolide Olmayan, Stok)",last,0.0
bie_finhestnks11,2015-Q4,TP.FINHESTNKS11.ZP40,"F.5.2.1.Para Piyasası Fonları,Finansal Olmayan Kuruluşlar (Konsolide Olmayan, Stok)",last,0.0
bie_finhestnks11,2015-Q4,TP.FINHESTNKS11.ZP41,"F.5.2.2.Diğer Yatırım Fonları,Finansal Olmayan Kuruluşlar (Konsolide Olmayan, Stok)",last,0.0
bie_finhestnks11,2015-Q4,TP.FINHESTNKS11.ZP42,"F.6.Sigorta ve Emeklilik Sözleşmeleri,Finansal Olmayan Kuruluşlar (Konsolide Olmayan, Stok)",last,0.0
bie_finhestnks11,2015-Q4,TP.FINHESTNKS11.ZP43,"F.7.Finansal Türevler,Finansal Olmayan Kuruluşlar (Konsolide Olmayan, Stok)",last,1953642.0
bie_finhestnks11,2015-Q4,TP.FINHESTNKS11.ZP44,"F.8.Diğer Borçlar,Finansal Olmayan Kuruluşlar (Konsolide Olmayan, Stok)",last,1843700364.77
bie_finhestnks11,2015-Q4,TP.FINHESTNKS11.ZP45,"F.0.Toplam Yükümlülükler,Finansal Olmayan Kuruluşlar (Konsolide Olmayan, Stok)",last,4930717965.48
bie_finhestnks11,2016-Q1,TP.FINHESTNKS11.ZP1,"BF.9.NET FİNANSAL DEĞER,Finansal Olmayan Kuruluşlar (Konsolide Olmayan, Stok)",last,-1483228690.36
bie_finhestnks11,2016-Q1,TP.FINHESTNKS11.ZP2,"VF.1.Parasal Altın ve SDR,Finansal Olmayan Kuruluşlar (Konsolide Olmayan, Stok)",last,0.0
bie_finhestnks11,2016-Q1,TP.FINHESTNKS11.ZP3,"VF.1.1.Parasal Altın,Finansal Olmayan Kuruluşlar (Konsolide Olmayan, Stok)",last,0.0
bie_finhestnks11,2016-Q1,TP.FINHESTNKS11.ZP4,"VF.1.2.Özel Çekme Hakları (SDR),Finansal Olmayan Kuruluşlar (Konsolide Olmayan, Stok)",last,0.0
bie_finhestnks11,2016-Q1,TP.FINHESTNKS11.ZP5,"VF.2.Para ve Mevduat,Finansal Olmayan Kuruluşlar (Konsolide Olmayan, Stok)",last,406454410.89
bie_finhestnks11,2016-Q1,TP.FINHESTNKS11.ZP6,"VF.2.1.Para,Finansal Olmayan Kuruluşlar (Konsolide Olmayan, Stok)",last,41827117.94
bie_finhestnks11,2016-Q1,TP.FINHESTNKS11.ZP7,"VF.2.2.Vadesiz Mevduat,Finansal Olmayan Kuruluşlar (Konsolide Olmayan, Stok)",last,143485894.15
bie_finhestnks11,2016-Q1,TP.FINHESTNKS11.ZP8,"VF.2.9.Vadeli Mevduat,Finansal Olmayan Kuruluşlar (Konsolide Olmayan, Stok)",last,221141398.79
bie_finhestnks11,2016-Q1,TP.FINHESTNKS11.ZP9,"VF.3.Borçlanma Senetleri,Finansal Olmayan Kuruluşlar (Konsolide Olmayan, Stok)",last,39735014.91
bie_finhestnks11,2016-Q1,TP.FINHESTNKS11.ZP10,"VF.3.1.Kısa Vadeli Borçlanma Senetleri,Finansal Olmayan Kuruluşlar (Konsolide Olmayan, Stok)",last,8271901.52
bie_finhestnks11,2016-Q1,TP.FINHESTNKS11.ZP11,"VF.3.2.Uzun Vadeli Borçlanma Senetleri,Finansal Olmayan Kuruluşlar (Konsolide Olmayan, Stok)",last,31463113.38
bie_finhestnks11,2016-Q1,TP.FINHESTNKS11.ZP12,"VF.4.Krediler,Finansal Olmayan Kuruluşlar (Konsolide Olmayan, Stok)",last,11185155.24
bie_finhestnks11,2016-Q1,TP.FINHESTNKS11.ZP13,"VF.4.1.Kısa Vadeli Krediler,Finansal Olmayan Kuruluşlar (Konsolide Olmayan, Stok)",last,11185155.24
bie_finhestnks11,2016-Q1,TP.FINHESTNKS11.ZP14,"VF.4.2.Uzun Vadeli Krediler,Finansal Olmayan Kuruluşlar (Konsolide Olmayan, Stok)",last,0.0
bie_finhestnks11,2016-Q1,TP.FINHESTNKS11.ZP15,"VF.5.Hisse Senetleri ve Özkaynaklar,Finansal Olmayan Kuruluşlar (Konsolide Olmayan, Stok)",last,1133935486.67
bie_finhestnks11,2016-Q1,TP.FINHESTNKS11.ZP16,"VF.5.1.Hisse Senetleri ve Özkaynaklar,Finansal Olmayan Kuruluşlar (Konsolide Olmayan, Stok)",last,1132656256.23
bie_finhestnks11,2016-Q1,TP.FINHESTNKS11.ZP17,"VF.5.2.Yatırım Fonu Katılma Belgeleri,Finansal Olmayan Kuruluşlar (Konsolide Olmayan, Stok)",last,1279230.43
bie_finhestnks11,2016-Q1,TP.FINHESTNKS11.ZP18,"VF.5.2.1.Para Piyasası Fonları,Finansal Olmayan Kuruluşlar (Konsolide Olmayan, Stok)",last,0.0
bie_finhestnks11,2016-Q1,TP.FINHESTNKS11.ZP19,"VF.5.2.2.Diğer Yatırım Fonları,Finansal Olmayan Kuruluşlar (Konsolide Olmayan, Stok)",last,0.0
bie_finhestnks11,2016-Q1,TP.FINHESTNKS11.ZP20,"VF.6.Sigorta ve Emeklilik Sözleşmeleri,Finansal Olmayan Kuruluşlar (Konsolide Olmayan, Stok)",last,13923305.15
bie_finhestnks11,2016-Q1,TP.FINHESTNKS11.ZP21,"VF.7.Finansal Türevler,Finansal Olmayan Kuruluşlar (Konsolide Olmayan, Stok)",last,1295874.0
bie_finhestnks11,2016-Q1,TP.FINHESTNKS11.ZP22,"VF.8.Diğer Alacaklar,Finansal Olmayan Kuruluşlar (Konsolide Olmayan, Stok)",last,1512460841.62
bie_finhestnks11,2016-Q1,TP.FINHESTNKS11.ZP23,"VF.0.Toplam Varlıklar,Finansal Olmayan Kuruluşlar (Konsolide Olmayan, Stok)",last,3118990088.5
bie_finhestnks11,2016-Q1,TP.FINHESTNKS11.ZP24,"F.1.Parasal Altın ve SDR,Finansal Olmayan Kuruluşlar (Konsolide Olmayan, Stok)",last,0.0
bie_finhestnks11,2016-Q1,TP.FINHESTNKS11.ZP26,"F.1.2.Özel Çekme Hakları (SDR),Finansal Olmayan Kuruluşlar (Konsolide Olmayan, Stok)",last,0.0
bie_finhestnks11,2016-Q1,TP.FINHESTNKS11.ZP27,"F.2.Para ve Mevduat,Finansal Olmayan Kuruluşlar (Konsolide Olmayan, Stok)",last,0.0
bie_finhestnks11,2016-Q1,TP.FINHESTNKS11.ZP28,"F.2.1.Para,Finansal Olmayan Kuruluşlar (Konsolide Olmayan, Stok)",last,0.0
bie_finhestnks11,2016-Q1,TP.FINHESTNKS11.ZP29,"F.2.2.Vadesiz Mevduat,Finansal Olmayan Kuruluşlar (Konsolide Olmayan, Stok)",last,0.0
bie_finhestnks11,2016-Q1,TP.FINHESTNKS11.ZP30,"F.2.9.Vadeli Mevduat,Finansal Olmayan Kuruluşlar (Konsolide Olmayan, Stok)",last,0.0
bie_finhestnks11,2016-Q1,TP.FINHESTNKS11.ZP31,"F.3.Borçlanma Senetleri,Finansal Olmayan Kuruluşlar (Konsolide Olmayan, Stok)",last,38697400.42
bie_finhestnks11,2016-Q1,TP.FINHESTNKS11.ZP32,"F.3.1.Kısa Vadeli Borçlanma Senetleri,Finansal Olmayan Kuruluşlar (Konsolide Olmayan, Stok)",last,2572732.95
bie_finhestnks11,2016-Q1,TP.FINHESTNKS11.ZP33,"F.3.2.Uzun Vadeli Borçlanma Senetleri,Finansal Olmayan Kuruluşlar (Konsolide Olmayan, Stok)",last,36124667.47
bie_finhestnks11,2016-Q1,TP.FINHESTNKS11.ZP34,"F.4.Krediler,Finansal Olmayan Kuruluşlar (Konsolide Olmayan, Stok)",last,1437539522.52
bie_finhestnks11,2016-Q1,TP.FINHESTNKS11.ZP35,"F.4.1.Kısa Vadeli Krediler,Finansal Olmayan Kuruluşlar (Konsolide Olmayan, Stok)",last,460552528.56
bie_finhestnks11,2016-Q1,TP.FINHESTNKS11.ZP36,"F.4.2.Uzun Vadeli Krediler,Finansal Olmayan Kuruluşlar (Konsolide Olmayan, Stok)",last,976986993.96
bie_finhestnks11,2016-Q1,TP.FINHESTNKS11.ZP37,"F.5.Hisse Senetleri ve Özkaynaklar,Finansal Olmayan Kuruluşlar (Konsolide Olmayan, Stok)",last,1510933696.64
bie_finhestnks11,2016-Q1,TP.FINHESTNKS11.ZP38,"F.5.1.Hisse Senetleri ve Özkaynaklar,Finansal Olmayan Kuruluşlar (Konsolide Olmayan, Stok)",last,1510933696.64
bie_finhestnks11,2016-Q1,TP.FINHESTNKS11.ZP39,"F.5.2.Yatırım Fonu Katılma Belgeleri,Finansal Olmayan Kuruluşlar (Konsolide Olmayan, Stok)",last,0.0
bie_finhestnks11,2016-Q1,TP.FINHESTNKS11.ZP40,"F.5.2.1.Para Piyasası Fonları,Finansal Olmayan Kuruluşlar (Konsolide Olmayan, Stok)",last,0.0
bie_finhestnks11,2016-Q1,TP.FINHESTNKS11.ZP41,"F.5.2.2.Diğer Yatırım Fonları,Finansal Olmayan Kuruluşlar (Konsolide Olmayan, Stok)",last,0.0
bie_finhestnks11,2016-Q1,TP.FINHESTNKS11.ZP42,"F.6.Sigorta ve Emeklilik Sözleşmeleri,Finansal Olmayan Kuruluşlar (Konsolide Olmayan, Stok)",last,0.0
bie_finhestnks11,2016-Q1,TP.FINHESTNKS11.ZP43,"F.7.Finansal Türevler,Finansal Olmayan Kuruluşlar (Konsolide Olmayan, Stok)",last,2637282.0
bie_finhestnks11,2016-Q1,TP.FINHESTNKS11.ZP44,"F.8.Diğer Borçlar,Finansal Olmayan Kuruluşlar (Konsolide Olmayan, Stok)",last,1612410877.27
bie_finhestnks11,2016-Q1,TP.FINHESTNKS11.ZP45,"F.0.Toplam Yükümlülükler,Finansal Olmayan Kuruluşlar (Konsolide Olmayan, Stok)",last,4602218778.86
bie_finhestnks11,2016-Q2,TP.FINHESTNKS11.ZP1,"BF.9.NET FİNANSAL DEĞER,Finansal Olmayan Kuruluşlar (Konsolide Olmayan, Stok)",last,-1505298021.73
bie_finhestnks11,2016-Q2,TP.FINHESTNKS11.ZP2,"VF.1.Parasal Altın ve SDR,Finansal Olmayan Kuruluşlar (Konsolide Olmayan, Stok)",last,0.0
bie_finhestnks11,2016-Q2,TP.FINHESTNKS11.ZP3,"VF.1.1.Parasal Altın,Finansal Olmayan Kuruluşlar (Konsolide Olmayan, Stok)",last,0.0
bie_finhestnks11,2016-Q2,TP.FINHESTNKS11.ZP4,"VF.1.2.Özel Çekme Hakları (SDR),Finansal Olmayan Kuruluşlar (Konsolide Olmayan, Stok)",last,0.0
bie_finhestnks11,2016-Q2,TP.FINHESTNKS11.ZP5,"VF.2.Para ve Mevduat,Finansal Olmayan Kuruluşlar (Konsolide Olmayan, Stok)",last,410848799.41
bie_finhestnks11,2016-Q2,TP.FINHESTNKS11.ZP6,"VF.2.1.Para,Finansal Olmayan Kuruluşlar (Konsolide Olmayan, Stok)",last,47173165.35
bie_finhestnks11,2016-Q2,TP.FINHESTNKS11.ZP7,"VF.2.2.Vadesiz Mevduat,Finansal Olmayan Kuruluşlar (Konsolide Olmayan, Stok)",last,149450639.21
bie_finhestnks11,2016-Q2,TP.FINHESTNKS11.ZP8,"VF.2.9.Vadeli Mevduat,Finansal Olmayan Kuruluşlar (Konsolide Olmayan, Stok)",last,214224994.83
bie_finhestnks11,2016-Q2,TP.FINHESTNKS11.ZP9,"VF.3.Borçlanma Senetleri,Finansal Olmayan Kuruluşlar (Konsolide Olmayan, Stok)",last,39455620.69
bie_finhestnks11,2016-Q2,TP.FINHESTNKS11.ZP10,"VF.3.1.Kısa Vadeli Borçlanma Senetleri,Finansal Olmayan Kuruluşlar (Konsolide Olmayan, Stok)",last,7975493.5
bie_finhestnks11,2016-Q2,TP.FINHESTNKS11.ZP11,"VF.3.2.Uzun Vadeli Borçlanma Senetleri,Finansal Olmayan Kuruluşlar (Konsolide Olmayan, Stok)",last,31480127.19
bie_finhestnks11,2016-Q2,TP.FINHESTNKS11.ZP12,"VF.4.Krediler,Finansal Olmayan Kuruluşlar (Konsolide Olmayan, Stok)",last,11694428.31
bie_finhestnks11,2016-Q2,TP.FINHESTNKS11.ZP13,"VF.4.1.Kısa Vadeli Krediler,Finansal Olmayan Kuruluşlar (Konsolide Olmayan, Stok)",last,11694428.31
bie_finhestnks11,2016-Q2,TP.FINHESTNKS11.ZP14,"VF.4.2.Uzun Vadeli Krediler,Finansal Olmayan Kuruluşlar (Konsolide Olmayan, Stok)",last,0.0
bie_finhestnks11,2016-Q2,TP.FINHESTNKS11.ZP15,"VF.5.Hisse Senetleri ve Özkaynaklar,Finansal Olmayan Kuruluşlar (Konsolide Olmayan, Stok)",last,1217319165.52
bie_finhestnks11,2016-Q2,TP.FINHESTNKS11.ZP16,"VF.5.1.Hisse Senetleri ve Özkaynaklar,Finansal Olmayan Kuruluşlar (Konsolide Olmayan, Stok)",last,1215893426.76
bie_finhestnks11,2016-Q2,TP.FINHESTNKS11.ZP17,"VF.5.2.Yatırım Fonu Katılma Belgeleri,Finansal Olmayan Kuruluşlar (Konsolide Olmayan, Stok)",last,1425738.76
bie_finhestnks11,2016-Q2,TP.FINHESTNKS11.ZP18,"VF.5.2.1.Para Piyasası Fonları,Finansal Olmayan Kuruluşlar (Konsolide Olmayan, Stok)",last,0.0
bie_finhestnks11,2016-Q2,TP.FINHESTNKS11.ZP19,"VF.5.2.2.Diğer Yatırım Fonları,Finansal Olmayan Kuruluşlar (Konsolide Olmayan, Stok)",last,0.0
bie_finhestnks11,2016-Q2,TP.FINHESTNKS11.ZP20,"VF.6.Sigorta ve Emeklilik Sözleşmeleri,Finansal Olmayan Kuruluşlar (Konsolide Olmayan, Stok)",last,14856572.39
bie_finhestnks11,2016-Q2,TP.FINHESTNKS11.ZP21,"VF.7.Finansal Türevler,Finansal Olmayan Kuruluşlar (Konsolide Olmayan, Stok)",last,1640887.0
bie_finhestnks11,2016-Q2,TP.FINHESTNKS11.ZP22,"VF.8.Diğer Alacaklar,Finansal Olmayan Kuruluşlar (Konsolide Olmayan, Stok)",last,1706364463.91
bie_finhestnks11,2016-Q2,TP.FINHESTNKS11.ZP23,"VF.0.Toplam Varlıklar,Finansal Olmayan Kuruluşlar (Konsolide Olmayan, Stok)",last,3402179937.27
bie_finhestnks11,2016-Q2,TP.FINHESTNKS11.ZP24,"F.1.Parasal Altın ve SDR,Finansal Olmayan Kuruluşlar (Konsolide Olmayan, Stok)",last,0.0
bie_finhestnks11,2016-Q2,TP.FINHESTNKS11.ZP26,"F.1.2.Özel Çekme Hakları (SDR),Finansal Olmayan Kuruluşlar (Konsolide Olmayan, Stok)",last,0.0
bie_finhestnks11,2016-Q2,TP.FINHESTNKS11.ZP27,"F.2.Para ve Mevduat,Finansal Olmayan Kuruluşlar (Konsolide Olmayan, Stok)",last,0.0
bie_finhestnks11,2016-Q2,TP.FINHESTNKS11.ZP28,"F.2.1.Para,Finansal Olmayan Kuruluşlar (Konsolide Olmayan, Stok)",last,0.0
bie_finhestnks11,2016-Q2,TP.FINHESTNKS11.ZP29,"F.2.2.Vadesiz Mevduat,Finansal Olmayan Kuruluşlar (Konsolide Olmayan, Stok)",last,0.0
bie_finhestnks11,2016-Q2,TP.FINHESTNKS11.ZP30,"F.2.9.Vadeli Mevduat,Finansal Olmayan Kuruluşlar (Konsolide Olmayan, Stok)",last,0.0
bie_finhestnks11,2016-Q2,TP.FINHESTNKS11.ZP31,"F.3.Borçlanma Senetleri,Finansal Olmayan Kuruluşlar (Konsolide Olmayan, Stok)",last,38285594.42
bie_finhestnks11,2016-Q2,TP.FINHESTNKS11.ZP32,"F.3.1.Kısa Vadeli Borçlanma Senetleri,Finansal Olmayan Kuruluşlar (Konsolide Olmayan, Stok)",last,2177049.73
bie_finhestnks11,2016-Q2,TP.FINHESTNKS11.ZP33,"F.3.2.Uzun Vadeli Borçlanma Senetleri,Finansal Olmayan Kuruluşlar (Konsolide Olmayan, Stok)",last,36108544.68
bie_finhestnks11,2016-Q2,TP.FINHESTNKS11.ZP34,"F.4.Krediler,Finansal Olmayan Kuruluşlar (Konsolide Olmayan, Stok)",last,1502542246.17
bie_finhestnks11,2016-Q2,TP.FINHESTNKS11.ZP35,"F.4.1.Kısa Vadeli Krediler,Finansal Olmayan Kuruluşlar (Konsolide Olmayan, Stok)",last,488966524.79
bie_finhestnks11,2016-Q2,TP.FINHESTNKS11.ZP36,"F.4.2.Uzun Vadeli Krediler,Finansal Olmayan Kuruluşlar (Konsolide Olmayan, Stok)",last,1013575721.37
bie_finhestnks11,2016-Q2,TP.FINHESTNKS11.ZP37,"F.5.Hisse Senetleri ve Özkaynaklar,Finansal Olmayan Kuruluşlar (Konsolide Olmayan, Stok)",last,1552111632.7
bie_finhestnks11,2016-Q2,TP.FINHESTNKS11.ZP38,"F.5.1.Hisse Senetleri ve Özkaynaklar,Finansal Olmayan Kuruluşlar (Konsolide Olmayan, Stok)",last,1552111632.7
bie_finhestnks11,2016-Q2,TP.FINHESTNKS11.ZP39,"F.5.2.Yatırım Fonu Katılma Belgeleri,Finansal Olmayan Kuruluşlar (Konsolide Olmayan, Stok)",last,0.0
bie_finhestnks11,2016-Q2,TP.FINHESTNKS11.ZP40,"F.5.2.1.Para Piyasası Fonları,Finansal Olmayan Kuruluşlar (Konsolide Olmayan, Stok)",last,0.0
bie_finhestnks11,2016-Q2,TP.FINHESTNKS11.ZP41,"F.5.2.2.Diğer Yatırım Fonları,Finansal Olmayan Kuruluşlar (Konsolide Olmayan, Stok)",last,0.0
bie_finhestnks11,2016-Q2,TP.FINHESTNKS11.ZP43,"F.7.Finansal Türevler,Finansal Olmayan Kuruluşlar (Konsolide Olmayan, Stok)",last,2650013.0
bie_finhestnks11,2016-Q2,TP.FINHESTNKS11.ZP44,"F.8.Diğer Borçlar,Finansal Olmayan Kuruluşlar (Konsolide Olmayan, Stok)",last,1811888472.71
bie_finhestnks11,2016-Q2,TP.FINHESTNKS11.ZP45,"F.0.Toplam Yükümlülükler,Finansal Olmayan Kuruluşlar (Konsolide Olmayan, Stok)",last,4907477959.01
bie_finhestnks11,2016-Q3,TP.FINHESTNKS11.ZP1,"BF.9.NET FİNANSAL DEĞER,Finansal Olmayan Kuruluşlar (Konsolide Olmayan, Stok)",last,-1529063615.72
bie_finhestnks11,2016-Q3,TP.FINHESTNKS11.ZP2,"VF.1.Parasal Altın ve SDR,Finansal Olmayan Kuruluşlar (Konsolide Olmayan, Stok)",last,0.0
bie_finhestnks11,2016-Q3,TP.FINHESTNKS11.ZP3,"VF.1.1.Parasal Altın,Finansal Olmayan Kuruluşlar (Konsolide Olmayan, Stok)",last,0.0
bie_finhestnks11,2016-Q3,TP.FINHESTNKS11.ZP4,"VF.1.2.Özel Çekme Hakları (SDR),Finansal Olmayan Kuruluşlar (Konsolide Olmayan, Stok)",last,0.0
bie_finhestnks11,2016-Q3,TP.FINHESTNKS11.ZP5,"VF.2.Para ve Mevduat,Finansal Olmayan Kuruluşlar (Konsolide Olmayan, Stok)",last,425384361.07
bie_finhestnks11,2016-Q3,TP.FINHESTNKS11.ZP6,"VF.2.1.Para,Finansal Olmayan Kuruluşlar (Konsolide Olmayan, Stok)",last,49343131.1
bie_finhestnks11,2016-Q3,TP.FINHESTNKS11.ZP7,"VF.2.2.Vadesiz Mevduat,Finansal Olmayan Kuruluşlar (Konsolide Olmayan, Stok)",last,145703892.88
bie_finhestnks11,2016-Q3,TP.FINHESTNKS11.ZP8,"VF.2.9.Vadeli Mevduat,Finansal Olmayan Kuruluşlar (Konsolide Olmayan, Stok)",last,230337337.08
bie_finhestnks11,2016-Q3,TP.FINHESTNKS11.ZP9,"VF.3.Borçlanma Senetleri,Finansal Olmayan Kuruluşlar (Konsolide Olmayan, Stok)",last,38362205.72
bie_finhestnks11,2016-Q3,TP.FINHESTNKS11.ZP10,"VF.3.1.Kısa Vadeli Borçlanma Senetleri,Finansal Olmayan Kuruluşlar (Konsolide Olmayan, Stok)",last,8838385.08
bie_finhestnks11,2016-Q3,TP.FINHESTNKS11.ZP11,"VF.3.2.Uzun Vadeli Borçlanma Senetleri,Finansal Olmayan Kuruluşlar (Konsolide Olmayan, Stok)",last,29523820.64
bie_finhestnks11,2016-Q3,TP.FINHESTNKS11.ZP12,"VF.4.Krediler,Finansal Olmayan Kuruluşlar (Konsolide Olmayan, Stok)",last,12027394.19
bie_finhestnks11,2016-Q3,TP.FINHESTNKS11.ZP13,"VF.4.1.Kısa Vadeli Krediler,Finansal Olmayan Kuruluşlar (Konsolide Olmayan, Stok)",last,12027394.19
bie_finhestnks11,2016-Q3,TP.FINHESTNKS11.ZP14,"VF.4.2.Uzun Vadeli Krediler,Finansal Olmayan Kuruluşlar (Konsolide Olmayan, Stok)",last,0.0
bie_finhestnks11,2016-Q3,TP.FINHESTNKS11.ZP15,"VF.5.Hisse Senetleri ve Özkaynaklar,Finansal Olmayan Kuruluşlar (Konsolide Olmayan, Stok)",last,1303599427.23
bie_finhestnks11,2016-Q3,TP.FINHESTNKS11.ZP16,"VF.5.1.Hisse Senetleri ve Özkaynaklar,Finansal Olmayan Kuruluşlar (Konsolide Olmayan, Stok)",last,1301812773.46
bie_finhestnks11,2016-Q3,TP.FINHESTNKS11.ZP17,"VF.5.2.Yatırım Fonu Katılma Belgeleri,Finansal Olmayan Kuruluşlar (Konsolide Olmayan, Stok)",last,1786653.77
bie_finhestnks11,2016-Q3,TP.FINHESTNKS11.ZP18,"VF.5.2.1.Para Piyasası Fonları,Finansal Olmayan Kuruluşlar (Konsolide Olmayan, Stok)",last,0.0
bie_finhestnks11,2016-Q3,TP.FINHESTNKS11.ZP19,"VF.5.2.2.Diğer Yatırım Fonları,Finansal Olmayan Kuruluşlar (Konsolide Olmayan, Stok)",last,0.0
bie_finhestnks11,2016-Q3,TP.FINHESTNKS11.ZP20,"VF.6.Sigorta ve Emeklilik Sözleşmeleri,Finansal Olmayan Kuruluşlar (Konsolide Olmayan, Stok)",last,15043820.43
bie_finhestnks11,2016-Q3,TP.FINHESTNKS11.ZP21,"VF.7.Finansal Türevler,Finansal Olmayan Kuruluşlar (Konsolide Olmayan, Stok)",last,1270401.0
bie_finhestnks11,2016-Q3,TP.FINHESTNKS11.ZP22,"VF.8.Diğer Alacaklar,Finansal Olmayan Kuruluşlar (Konsolide Olmayan, Stok)",last,1781627189.02
bie_finhestnks11,2016-Q3,TP.FINHESTNKS11.ZP23,"VF.0.Toplam Varlıklar,Finansal Olmayan Kuruluşlar (Konsolide Olmayan, Stok)",last,3577314798.69
bie_finhestnks11,2016-Q3,TP.FINHESTNKS11.ZP24,"F.1.Parasal Altın ve SDR,Finansal Olmayan Kuruluşlar (Konsolide Olmayan, Stok)",last,0.0
bie_finhestnks11,2016-Q3,TP.FINHESTNKS11.ZP26,"F.1.2.Özel Çekme Hakları (SDR),Finansal Olmayan Kuruluşlar (Konsolide Olmayan, Stok)",last,0.0
bie_finhestnks11,2016-Q3,TP.FINHESTNKS11.ZP27,"F.2.Para ve Mevduat,Finansal Olmayan Kuruluşlar (Konsolide Olmayan, Stok)",last,0.0
bie_finhestnks11,2016-Q3,TP.FINHESTNKS11.ZP28,"F.2.1.Para,Finansal Olmayan Kuruluşlar (Konsolide Olmayan, Stok)",last,0.0
bie_finhestnks11,2016-Q3,TP.FINHESTNKS11.ZP29,"F.2.2.Vadesiz Mevduat,Finansal Olmayan Kuruluşlar (Konsolide Olmayan, Stok)",last,0.0
bie_finhestnks11,2016-Q3,TP.FINHESTNKS11.ZP30,"F.2.9.Vadeli Mevduat,Finansal Olmayan Kuruluşlar (Konsolide Olmayan, Stok)",last,0.0
bie_finhestnks11,2016-Q3,TP.FINHESTNKS11.ZP31,"F.3.Borçlanma Senetleri,Finansal Olmayan Kuruluşlar (Konsolide Olmayan, Stok)",last,39220809.1
bie_finhestnks11,2016-Q3,TP.FINHESTNKS11.ZP32,"F.3.1.Kısa Vadeli Borçlanma Senetleri,Finansal Olmayan Kuruluşlar (Konsolide Olmayan, Stok)",last,325102.97
bie_finhestnks11,2016-Q3,TP.FINHESTNKS11.ZP33,"F.3.2.Uzun Vadeli Borçlanma Senetleri,Finansal Olmayan Kuruluşlar (Konsolide Olmayan, Stok)",last,38895706.13
bie_finhestnks11,2016-Q3,TP.FINHESTNKS11.ZP34,"F.4.Krediler,Finansal Olmayan Kuruluşlar (Konsolide Olmayan, Stok)",last,1550687194.71
bie_finhestnks11,2016-Q3,TP.FINHESTNKS11.ZP35,"F.4.1.Kısa Vadeli Krediler,Finansal Olmayan Kuruluşlar (Konsolide Olmayan, Stok)",last,509577655.48
bie_finhestnks11,2016-Q3,TP.FINHESTNKS11.ZP36,"F.4.2.Uzun Vadeli Krediler,Finansal Olmayan Kuruluşlar (Konsolide Olmayan, Stok)",last,1041109539.23
bie_finhestnks11,2016-Q3,TP.FINHESTNKS11.ZP37,"F.5.Hisse Senetleri ve Özkaynaklar,Finansal Olmayan Kuruluşlar (Konsolide Olmayan, Stok)",last,1624321799.02
bie_finhestnks11,2016-Q3,TP.FINHESTNKS11.ZP38,"F.5.1.Hisse Senetleri ve Özkaynaklar,Finansal Olmayan Kuruluşlar (Konsolide Olmayan, Stok)",last,1624321799.02
bie_finhestnks11,2016-Q3,TP.FINHESTNKS11.ZP39,"F.5.2.Yatırım Fonu Katılma Belgeleri,Finansal Olmayan Kuruluşlar (Konsolide Olmayan, Stok)",last,0.0
bie_finhestnks11,2016-Q3,TP.FINHESTNKS11.ZP40,"F.5.2.1.Para Piyasası Fonları,Finansal Olmayan Kuruluşlar (Konsolide Olmayan, Stok)",last,0.0
bie_finhestnks11,2016-Q3,TP.FINHESTNKS11.ZP41,"F.5.2.2.Diğer Yatırım Fonları,Finansal Olmayan Kuruluşlar (Konsolide Olmayan, Stok)",last,0.0
bie_finhestnks11,2016-Q3,TP.FINHESTNKS11.ZP42,"F.6.Sigorta ve Emeklilik Sözleşmeleri,Finansal Olmayan Kuruluşlar (Konsolide Olmayan, Stok)",last,0.0
bie_finhestnks11,2016-Q3,TP.FINHESTNKS11.ZP43,"F.7.Finansal Türevler,Finansal Olmayan Kuruluşlar (Konsolide Olmayan, Stok)",last,2189799.0
bie_finhestnks11,2016-Q3,TP.FINHESTNKS11.ZP44,"F.8.Diğer Borçlar,Finansal Olmayan Kuruluşlar (Konsolide Olmayan, Stok)",last,1889958812.56
bie_finhestnks11,2016-Q3,TP.FINHESTNKS11.ZP45,"F.0.Toplam Yükümlülükler,Finansal Olmayan Kuruluşlar (Konsolide Olmayan, Stok)",last,5106378414.41
bie_finhestnks11,2016-Q4,TP.FINHESTNKS11.ZP1,"BF.9.NET FİNANSAL DEĞER,Finansal Olmayan Kuruluşlar (Konsolide Olmayan, Stok)",last,-1683556564.15
bie_finhestnks11,2016-Q4,TP.FINHESTNKS11.ZP2,"VF.1.Parasal Altın ve SDR,Finansal Olmayan Kuruluşlar (Konsolide Olmayan, Stok)",last,0.0
bie_finhestnks11,2016-Q4,TP.FINHESTNKS11.ZP3,"VF.1.1.Parasal Altın,Finansal Olmayan Kuruluşlar (Konsolide Olmayan, Stok)",last,0.0
bie_finhestnks11,2016-Q4,TP.FINHESTNKS11.ZP4,"VF.1.2.Özel Çekme Hakları (SDR),Finansal Olmayan Kuruluşlar (Konsolide Olmayan, Stok)",last,0.0
bie_finhestnks11,2016-Q4,TP.FINHESTNKS11.ZP5,"VF.2.Para ve Mevduat,Finansal Olmayan Kuruluşlar (Konsolide Olmayan, Stok)",last,487090947.65
bie_finhestnks11,2016-Q4,TP.FINHESTNKS11.ZP6,"VF.2.1.Para,Finansal Olmayan Kuruluşlar (Konsolide Olmayan, Stok)",last,51263838.8
bie_finhestnks11,2016-Q4,TP.FINHESTNKS11.ZP7,"VF.2.2.Vadesiz Mevduat,Finansal Olmayan Kuruluşlar (Konsolide Olmayan, Stok)",last,177629946.14
bie_finhestnks11,2016-Q4,TP.FINHESTNKS11.ZP8,"VF.2.9.Vadeli Mevduat,Finansal Olmayan Kuruluşlar (Konsolide Olmayan, Stok)",last,258197162.7
bie_finhestnks11,2016-Q4,TP.FINHESTNKS11.ZP9,"VF.3.Borçlanma Senetleri,Finansal Olmayan Kuruluşlar (Konsolide Olmayan, Stok)",last,28118708.93
bie_finhestnks11,2016-Q4,TP.FINHESTNKS11.ZP10,"VF.3.1.Kısa Vadeli Borçlanma Senetleri,Finansal Olmayan Kuruluşlar (Konsolide Olmayan, Stok)",last,8479817.91
bie_finhestnks11,2016-Q4,TP.FINHESTNKS11.ZP11,"VF.3.2.Uzun Vadeli Borçlanma Senetleri,Finansal Olmayan Kuruluşlar (Konsolide Olmayan, Stok)",last,19638891.02
bie_finhestnks11,2016-Q4,TP.FINHESTNKS11.ZP12,"VF.4.Krediler,Finansal Olmayan Kuruluşlar (Konsolide Olmayan, Stok)",last,24849571.08
bie_finhestnks11,2016-Q4,TP.FINHESTNKS11.ZP13,"VF.4.1.Kısa Vadeli Krediler,Finansal Olmayan Kuruluşlar (Konsolide Olmayan, Stok)",last,24849571.08
bie_finhestnks11,2016-Q4,TP.FINHESTNKS11.ZP14,"VF.4.2.Uzun Vadeli Krediler,Finansal Olmayan Kuruluşlar (Konsolide Olmayan, Stok)",last,0.0
bie_finhestnks11,2016-Q4,TP.FINHESTNKS11.ZP15,"VF.5.Hisse Senetleri ve Özkaynaklar,Finansal Olmayan Kuruluşlar (Konsolide Olmayan, Stok)",last,1413788039.03
bie_finhestnks11,2016-Q4,TP.FINHESTNKS11.ZP16,"VF.5.1.Hisse Senetleri ve Özkaynaklar,Finansal Olmayan Kuruluşlar (Konsolide Olmayan, Stok)",last,1412105548.95
bie_finhestnks11,2016-Q4,TP.FINHESTNKS11.ZP17,"VF.5.2.Yatırım Fonu Katılma Belgeleri,Finansal Olmayan Kuruluşlar (Konsolide Olmayan, Stok)",last,1682490.07
bie_finhestnks11,2016-Q4,TP.FINHESTNKS11.ZP18,"VF.5.2.1.Para Piyasası Fonları,Finansal Olmayan Kuruluşlar (Konsolide Olmayan, Stok)",last,1682490.07
bie_finhestnks11,2016-Q4,TP.FINHESTNKS11.ZP19,"VF.5.2.2.Diğer Yatırım Fonları,Finansal Olmayan Kuruluşlar (Konsolide Olmayan, Stok)",last,0.0
bie_finhestnks11,2016-Q4,TP.FINHESTNKS11.ZP20,"VF.6.Sigorta ve Emeklilik Sözleşmeleri,Finansal Olmayan Kuruluşlar (Konsolide Olmayan, Stok)",last,15999960.62
bie_finhestnks11,2016-Q4,TP.FINHESTNKS11.ZP21,"VF.7.Finansal Türevler,Finansal Olmayan Kuruluşlar (Konsolide Olmayan, Stok)",last,2332539.0
bie_finhestnks11,2016-Q4,TP.FINHESTNKS11.ZP22,"VF.8.Diğer Alacaklar,Finansal Olmayan Kuruluşlar (Konsolide Olmayan, Stok)",last,2073260814.72
bie_finhestnks11,2016-Q4,TP.FINHESTNKS11.ZP23,"VF.0.Toplam Varlıklar,Finansal Olmayan Kuruluşlar (Konsolide Olmayan, Stok)",last,4045440581.05
bie_finhestnks11,2016-Q4,TP.FINHESTNKS11.ZP24,"F.1.Parasal Altın ve SDR,Finansal Olmayan Kuruluşlar (Konsolide Olmayan, Stok)",last,0.0
bie_finhestnks11,2016-Q4,TP.FINHESTNKS11.ZP26,"F.1.2.Özel Çekme Hakları (SDR),Finansal Olmayan Kuruluşlar (Konsolide Olmayan, Stok)",last,0.0
bie_finhestnks11,2016-Q4,TP.FINHESTNKS11.ZP27,"F.2.Para ve Mevduat,Finansal Olmayan Kuruluşlar (Konsolide Olmayan, Stok)",last,0.0
bie_finhestnks11,2016-Q4,TP.FINHESTNKS11.ZP28,"F.2.1.Para,Finansal Olmayan Kuruluşlar (Konsolide Olmayan, Stok)",last,0.0
bie_finhestnks11,2016-Q4,TP.FINHESTNKS11.ZP29,"F.2.2.Vadesiz Mevduat,Finansal Olmayan Kuruluşlar (Konsolide Olmayan, Stok)",last,0.0
bie_finhestnks11,2016-Q4,TP.FINHESTNKS11.ZP30,"F.2.9.Vadeli Mevduat,Finansal Olmayan Kuruluşlar (Konsolide Olmayan, Stok)",last,0.0
bie_finhestnks11,2016-Q4,TP.FINHESTNKS11.ZP31,"F.3.Borçlanma Senetleri,Finansal Olmayan Kuruluşlar (Konsolide Olmayan, Stok)",last,45804700.25
bie_finhestnks11,2016-Q4,TP.FINHESTNKS11.ZP32,"F.3.1.Kısa Vadeli Borçlanma Senetleri,Finansal Olmayan Kuruluşlar (Konsolide Olmayan, Stok)",last,665528.51
bie_finhestnks11,2016-Q4,TP.FINHESTNKS11.ZP33,"F.3.2.Uzun Vadeli Borçlanma Senetleri,Finansal Olmayan Kuruluşlar (Konsolide Olmayan, Stok)",last,45139171.74
bie_finhestnks11,2016-Q4,TP.FINHESTNKS11.ZP34,"F.4.Krediler,Finansal Olmayan Kuruluşlar (Konsolide Olmayan, Stok)",last,1712438285.3
bie_finhestnks11,2016-Q4,TP.FINHESTNKS11.ZP35,"F.4.1.Kısa Vadeli Krediler,Finansal Olmayan Kuruluşlar (Konsolide Olmayan, Stok)",last,545516552.57
bie_finhestnks11,2016-Q4,TP.FINHESTNKS11.ZP36,"F.4.2.Uzun Vadeli Krediler,Finansal Olmayan Kuruluşlar (Konsolide Olmayan, Stok)",last,1166921732.72
bie_finhestnks11,2016-Q4,TP.FINHESTNKS11.ZP37,"F.5.Hisse Senetleri ve Özkaynaklar,Finansal Olmayan Kuruluşlar (Konsolide Olmayan, Stok)",last,1752535291.69
bie_finhestnks11,2016-Q4,TP.FINHESTNKS11.ZP38,"F.5.1.Hisse Senetleri ve Özkaynaklar,Finansal Olmayan Kuruluşlar (Konsolide Olmayan, Stok)",last,1752535291.69
bie_finhestnks11,2016-Q4,TP.FINHESTNKS11.ZP39,"F.5.2.Yatırım Fonu Katılma Belgeleri,Finansal Olmayan Kuruluşlar (Konsolide Olmayan, Stok)",last,0.0
bie_finhestnks11,2016-Q4,TP.FINHESTNKS11.ZP40,"F.5.2.1.Para Piyasası Fonları,Finansal Olmayan Kuruluşlar (Konsolide Olmayan, Stok)",last,0.0
bie_finhestnks11,2016-Q4,TP.FINHESTNKS11.ZP41,"F.5.2.2.Diğer Yatırım Fonları,Finansal Olmayan Kuruluşlar (Konsolide Olmayan, Stok)",last,0.0
bie_finhestnks11,2016-Q4,TP.FINHESTNKS11.ZP42,"F.6.Sigorta ve Emeklilik Sözleşmeleri,Finansal Olmayan Kuruluşlar (Konsolide Olmayan, Stok)",last,0.0
bie_finhestnks11,2016-Q4,TP.FINHESTNKS11.ZP43,"F.7.Finansal Türevler,Finansal Olmayan Kuruluşlar (Konsolide Olmayan, Stok)",last,3442893.0
bie_finhestnks11,2016-Q4,TP.FINHESTNKS11.ZP44,"F.8.Diğer Borçlar,Finansal Olmayan Kuruluşlar (Konsolide Olmayan, Stok)",last,2214775974.96
bie_finhestnks11,2016-Q4,TP.FINHESTNKS11.ZP45,"F.0.Toplam Yükümlülükler,Finansal Olmayan Kuruluşlar (Konsolide Olmayan, Stok)",last,5728997145.21
bie_finhestnks11,2017-Q1,TP.FINHESTNKS11.ZP1,"BF.9.NET FİNANSAL DEĞER,Finansal Olmayan Kuruluşlar (Konsolide Olmayan, Stok)",last,-1710811032.52
bie_finhestnks11,2017-Q1,TP.FINHESTNKS11.ZP2,"VF.1.Parasal Altın ve SDR,Finansal Olmayan Kuruluşlar (Konsolide Olmayan, Stok)",last,0.0
bie_finhestnks11,2017-Q1,TP.FINHESTNKS11.ZP3,"VF.1.1.Parasal Altın,Finansal Olmayan Kuruluşlar (Konsolide Olmayan, Stok)",last,0.0
bie_finhestnks11,2017-Q1,TP.FINHESTNKS11.ZP4,"VF.1.2.Özel Çekme Hakları (SDR),Finansal Olmayan Kuruluşlar (Konsolide Olmayan, Stok)",last,0.0
bie_finhestnks11,2017-Q1,TP.FINHESTNKS11.ZP5,"VF.2.Para ve Mevduat,Finansal Olmayan Kuruluşlar (Konsolide Olmayan, Stok)",last,513681884.45
bie_finhestnks11,2017-Q1,TP.FINHESTNKS11.ZP6,"VF.2.1.Para,Finansal Olmayan Kuruluşlar (Konsolide Olmayan, Stok)",last,52952333.79
bie_finhestnks11,2017-Q1,TP.FINHESTNKS11.ZP7,"VF.2.2.Vadesiz Mevduat,Finansal Olmayan Kuruluşlar (Konsolide Olmayan, Stok)",last,183079495.84
bie_finhestnks11,2017-Q1,TP.FINHESTNKS11.ZP8,"VF.2.9.Vadeli Mevduat,Finansal Olmayan Kuruluşlar (Konsolide Olmayan, Stok)",last,277650054.8
bie_finhestnks11,2017-Q1,TP.FINHESTNKS11.ZP9,"VF.3.Borçlanma Senetleri,Finansal Olmayan Kuruluşlar (Konsolide Olmayan, Stok)",last,28245921.19
bie_finhestnks11,2017-Q1,TP.FINHESTNKS11.ZP10,"VF.3.1.Kısa Vadeli Borçlanma Senetleri,Finansal Olmayan Kuruluşlar (Konsolide Olmayan, Stok)",last,8454004.17
bie_finhestnks11,2017-Q1,TP.FINHESTNKS11.ZP11,"VF.3.2.Uzun Vadeli Borçlanma Senetleri,Finansal Olmayan Kuruluşlar (Konsolide Olmayan, Stok)",last,19791917.01
bie_finhestnks11,2017-Q1,TP.FINHESTNKS11.ZP12,"VF.4.Krediler,Finansal Olmayan Kuruluşlar (Konsolide Olmayan, Stok)",last,25206380.04
bie_finhestnks11,2017-Q1,TP.FINHESTNKS11.ZP13,"VF.4.1.Kısa Vadeli Krediler,Finansal Olmayan Kuruluşlar (Konsolide Olmayan, Stok)",last,25206380.04
bie_finhestnks11,2017-Q1,TP.FINHESTNKS11.ZP14,"VF.4.2.Uzun Vadeli Krediler,Finansal Olmayan Kuruluşlar (Konsolide Olmayan, Stok)",last,0.0
bie_finhestnks11,2017-Q1,TP.FINHESTNKS11.ZP15,"VF.5.Hisse Senetleri ve Özkaynaklar,Finansal Olmayan Kuruluşlar (Konsolide Olmayan, Stok)",last,1486902261.41
bie_finhestnks11,2017-Q1,TP.FINHESTNKS11.ZP16,"VF.5.1.Hisse Senetleri ve Özkaynaklar,Finansal Olmayan Kuruluşlar (Konsolide Olmayan, Stok)",last,1484642698.34
bie_finhestnks11,2017-Q1,TP.FINHESTNKS11.ZP17,"VF.5.2.Yatırım Fonu Katılma Belgeleri,Finansal Olmayan Kuruluşlar (Konsolide Olmayan, Stok)",last,2259563.06
bie_finhestnks11,2017-Q1,TP.FINHESTNKS11.ZP18,"VF.5.2.1.Para Piyasası Fonları,Finansal Olmayan Kuruluşlar (Konsolide Olmayan, Stok)",last,2259563.06
bie_finhestnks11,2017-Q1,TP.FINHESTNKS11.ZP19,"VF.5.2.2.Diğer Yatırım Fonları,Finansal Olmayan Kuruluşlar (Konsolide Olmayan, Stok)",last,0.0
bie_finhestnks11,2017-Q1,TP.FINHESTNKS11.ZP20,"VF.6.Sigorta ve Emeklilik Sözleşmeleri,Finansal Olmayan Kuruluşlar (Konsolide Olmayan, Stok)",last,17539104.14
bie_finhestnks11,2017-Q1,TP.FINHESTNKS11.ZP21,"VF.7.Finansal Türevler,Finansal Olmayan Kuruluşlar (Konsolide Olmayan, Stok)",last,2276649.0
bie_finhestnks11,2017-Q1,TP.FINHESTNKS11.ZP22,"VF.8.Diğer Alacaklar,Finansal Olmayan Kuruluşlar (Konsolide Olmayan, Stok)",last,2225324654.11
bie_finhestnks11,2017-Q1,TP.FINHESTNKS11.ZP23,"VF.0.Toplam Varlıklar,Finansal Olmayan Kuruluşlar (Konsolide Olmayan, Stok)",last,4299176854.36
bie_finhestnks11,2017-Q1,TP.FINHESTNKS11.ZP24,"F.1.Parasal Altın ve SDR,Finansal Olmayan Kuruluşlar (Konsolide Olmayan, Stok)",last,0.0
bie_finhestnks11,2017-Q1,TP.FINHESTNKS11.ZP26,"F.1.2.Özel Çekme Hakları (SDR),Finansal Olmayan Kuruluşlar (Konsolide Olmayan, Stok)",last,0.0
bie_finhestnks11,2017-Q1,TP.FINHESTNKS11.ZP27,"F.2.Para ve Mevduat,Finansal Olmayan Kuruluşlar (Konsolide Olmayan, Stok)",last,0.0
bie_finhestnks11,2017-Q1,TP.FINHESTNKS11.ZP28,"F.2.1.Para,Finansal Olmayan Kuruluşlar (Konsolide Olmayan, Stok)",last,0.0
bie_finhestnks11,2017-Q1,TP.FINHESTNKS11.ZP29,"F.2.2.Vadesiz Mevduat,Finansal Olmayan Kuruluşlar (Konsolide Olmayan, Stok)",last,0.0
bie_finhestnks11,2017-Q1,TP.FINHESTNKS11.ZP30,"F.2.9.Vadeli Mevduat,Finansal Olmayan Kuruluşlar (Konsolide Olmayan, Stok)",last,0.0
bie_finhestnks11,2017-Q1,TP.FINHESTNKS11.ZP31,"F.3.Borçlanma Senetleri,Finansal Olmayan Kuruluşlar (Konsolide Olmayan, Stok)",last,47771761.18
bie_finhestnks11,2017-Q1,TP.FINHESTNKS11.ZP32,"F.3.1.Kısa Vadeli Borçlanma Senetleri,Finansal Olmayan Kuruluşlar (Konsolide Olmayan, Stok)",last,1173967.77
bie_finhestnks11,2017-Q1,TP.FINHESTNKS11.ZP33,"F.3.2.Uzun Vadeli Borçlanma Senetleri,Finansal Olmayan Kuruluşlar (Konsolide Olmayan, Stok)",last,46597793.41
bie_finhestnks11,2017-Q1,TP.FINHESTNKS11.ZP34,"F.4.Krediler,Finansal Olmayan Kuruluşlar (Konsolide Olmayan, Stok)",last,1782542125.12
bie_finhestnks11,2017-Q1,TP.FINHESTNKS11.ZP35,"F.4.1.Kısa Vadeli Krediler,Finansal Olmayan Kuruluşlar (Konsolide Olmayan, Stok)",last,546341457.5
bie_finhestnks11,2017-Q1,TP.FINHESTNKS11.ZP36,"F.4.2.Uzun Vadeli Krediler,Finansal Olmayan Kuruluşlar (Konsolide Olmayan, Stok)",last,1236200667.62
bie_finhestnks11,2017-Q1,TP.FINHESTNKS11.ZP37,"F.5.Hisse Senetleri ve Özkaynaklar,Finansal Olmayan Kuruluşlar (Konsolide Olmayan, Stok)",last,1895200135.6
bie_finhestnks11,2017-Q1,TP.FINHESTNKS11.ZP38,"F.5.1.Hisse Senetleri ve Özkaynaklar,Finansal Olmayan Kuruluşlar (Konsolide Olmayan, Stok)",last,1895200135.6
bie_finhestnks11,2017-Q1,TP.FINHESTNKS11.ZP39,"F.5.2.Yatırım Fonu Katılma Belgeleri,Finansal Olmayan Kuruluşlar (Konsolide Olmayan, Stok)",last,0.0
bie_finhestnks11,2017-Q1,TP.FINHESTNKS11.ZP40,"F.5.2.1.Para Piyasası Fonları,Finansal Olmayan Kuruluşlar (Konsolide Olmayan, Stok)",last,0.0
bie_finhestnks11,2017-Q1,TP.FINHESTNKS11.ZP41,"F.5.2.2.Diğer Yatırım Fonları,Finansal Olmayan Kuruluşlar (Konsolide Olmayan, Stok)",last,0.0
bie_finhestnks11,2017-Q1,TP.FINHESTNKS11.ZP42,"F.6.Sigorta ve Emeklilik Sözleşmeleri,Finansal Olmayan Kuruluşlar (Konsolide Olmayan, Stok)",last,0.0
bie_finhestnks11,2017-Q1,TP.FINHESTNKS11.ZP43,"F.7.Finansal Türevler,Finansal Olmayan Kuruluşlar (Konsolide Olmayan, Stok)",last,4214957.0
bie_finhestnks11,2017-Q1,TP.FINHESTNKS11.ZP44,"F.8.Diğer Borçlar,Finansal Olmayan Kuruluşlar (Konsolide Olmayan, Stok)",last,2280258907.96
bie_finhestnks11,2017-Q1,TP.FINHESTNKS11.ZP45,"F.0.Toplam Yükümlülükler,Finansal Olmayan Kuruluşlar (Konsolide Olmayan, Stok)",last,6009987886.88
bie_finhestnks11,2017-Q2,TP.FINHESTNKS11.ZP1,"BF.9.NET FİNANSAL DEĞER,Finansal Olmayan Kuruluşlar (Konsolide Olmayan, Stok)",last,-1784672770.94
bie_finhestnks11,2017-Q2,TP.FINHESTNKS11.ZP2,"VF.1.Parasal Altın ve SDR,Finansal Olmayan Kuruluşlar (Konsolide Olmayan, Stok)",last,0.0
bie_finhestnks11,2017-Q2,TP.FINHESTNKS11.ZP3,"VF.1.1.Parasal Altın,Finansal Olmayan Kuruluşlar (Konsolide Olmayan, Stok)",last,0.0
bie_finhestnks11,2017-Q2,TP.FINHESTNKS11.ZP4,"VF.1.2.Özel Çekme Hakları (SDR),Finansal Olmayan Kuruluşlar (Konsolide Olmayan, Stok)",last,0.0
bie_finhestnks11,2017-Q2,TP.FINHESTNKS11.ZP5,"VF.2.Para ve Mevduat,Finansal Olmayan Kuruluşlar (Konsolide Olmayan, Stok)",last,512586188.59
bie_finhestnks11,2017-Q2,TP.FINHESTNKS11.ZP6,"VF.2.1.Para,Finansal Olmayan Kuruluşlar (Konsolide Olmayan, Stok)",last,54995770.44
bie_finhestnks11,2017-Q2,TP.FINHESTNKS11.ZP7,"VF.2.2.Vadesiz Mevduat,Finansal Olmayan Kuruluşlar (Konsolide Olmayan, Stok)",last,179591839.69
bie_finhestnks11,2017-Q2,TP.FINHESTNKS11.ZP8,"VF.2.9.Vadeli Mevduat,Finansal Olmayan Kuruluşlar (Konsolide Olmayan, Stok)",last,277998578.45
bie_finhestnks11,2017-Q2,TP.FINHESTNKS11.ZP9,"VF.3.Borçlanma Senetleri,Finansal Olmayan Kuruluşlar (Konsolide Olmayan, Stok)",last,32567735.62
bie_finhestnks11,2017-Q2,TP.FINHESTNKS11.ZP10,"VF.3.1.Kısa Vadeli Borçlanma Senetleri,Finansal Olmayan Kuruluşlar (Konsolide Olmayan, Stok)",last,11735428.87
bie_finhestnks11,2017-Q2,TP.FINHESTNKS11.ZP11,"VF.3.2.Uzun Vadeli Borçlanma Senetleri,Finansal Olmayan Kuruluşlar (Konsolide Olmayan, Stok)",last,20832306.74
bie_finhestnks11,2017-Q2,TP.FINHESTNKS11.ZP12,"VF.4.Krediler,Finansal Olmayan Kuruluşlar (Konsolide Olmayan, Stok)",last,24436555.33
bie_finhestnks11,2017-Q2,TP.FINHESTNKS11.ZP13,"VF.4.1.Kısa Vadeli Krediler,Finansal Olmayan Kuruluşlar (Konsolide Olmayan, Stok)",last,24436555.33
bie_finhestnks11,2017-Q2,TP.FINHESTNKS11.ZP14,"VF.4.2.Uzun Vadeli Krediler,Finansal Olmayan Kuruluşlar (Konsolide Olmayan, Stok)",last,0.0
bie_finhestnks11,2017-Q2,TP.FINHESTNKS11.ZP15,"VF.5.Hisse Senetleri ve Özkaynaklar,Finansal Olmayan Kuruluşlar (Konsolide Olmayan, Stok)",last,1740520777.27
bie_finhestnks11,2017-Q2,TP.FINHESTNKS11.ZP16,"VF.5.1.Hisse Senetleri ve Özkaynaklar,Finansal Olmayan Kuruluşlar (Konsolide Olmayan, Stok)",last,1736483312.35
bie_finhestnks11,2017-Q2,TP.FINHESTNKS11.ZP17,"VF.5.2.Yatırım Fonu Katılma Belgeleri,Finansal Olmayan Kuruluşlar (Konsolide Olmayan, Stok)",last,4037464.92
bie_finhestnks11,2017-Q2,TP.FINHESTNKS11.ZP18,"VF.5.2.1.Para Piyasası Fonları,Finansal Olmayan Kuruluşlar (Konsolide Olmayan, Stok)",last,4037464.92
bie_finhestnks11,2017-Q2,TP.FINHESTNKS11.ZP19,"VF.5.2.2.Diğer Yatırım Fonları,Finansal Olmayan Kuruluşlar (Konsolide Olmayan, Stok)",last,0.0
bie_finhestnks11,2017-Q2,TP.FINHESTNKS11.ZP20,"VF.6.Sigorta ve Emeklilik Sözleşmeleri,Finansal Olmayan Kuruluşlar (Konsolide Olmayan, Stok)",last,16853082.12
bie_finhestnks11,2017-Q2,TP.FINHESTNKS11.ZP21,"VF.7.Finansal Türevler,Finansal Olmayan Kuruluşlar (Konsolide Olmayan, Stok)",last,2843135.0
bie_finhestnks11,2017-Q2,TP.FINHESTNKS11.ZP22,"VF.8.Diğer Alacaklar,Finansal Olmayan Kuruluşlar (Konsolide Olmayan, Stok)",last,2309399571.59
bie_finhestnks11,2017-Q2,TP.FINHESTNKS11.ZP23,"VF.0.Toplam Varlıklar,Finansal Olmayan Kuruluşlar (Konsolide Olmayan, Stok)",last,4639207045.55
bie_finhestnks11,2017-Q2,TP.FINHESTNKS11.ZP24,"F.1.Parasal Altın ve SDR,Finansal Olmayan Kuruluşlar (Konsolide Olmayan, Stok)",last,0.0
bie_finhestnks11,2017-Q2,TP.FINHESTNKS11.ZP26,"F.1.2.Özel Çekme Hakları (SDR),Finansal Olmayan Kuruluşlar (Konsolide Olmayan, Stok)",last,0.0
bie_finhestnks11,2017-Q2,TP.FINHESTNKS11.ZP27,"F.2.Para ve Mevduat,Finansal Olmayan Kuruluşlar (Konsolide Olmayan, Stok)",last,0.0
bie_finhestnks11,2017-Q2,TP.FINHESTNKS11.ZP28,"F.2.1.Para,Finansal Olmayan Kuruluşlar (Konsolide Olmayan, Stok)",last,0.0
bie_finhestnks11,2017-Q2,TP.FINHESTNKS11.ZP29,"F.2.2.Vadesiz Mevduat,Finansal Olmayan Kuruluşlar (Konsolide Olmayan, Stok)",last,0.0
bie_finhestnks11,2017-Q2,TP.FINHESTNKS11.ZP30,"F.2.9.Vadeli Mevduat,Finansal Olmayan Kuruluşlar (Konsolide Olmayan, Stok)",last,0.0
bie_finhestnks11,2017-Q2,TP.FINHESTNKS11.ZP31,"F.3.Borçlanma Senetleri,Finansal Olmayan Kuruluşlar (Konsolide Olmayan, Stok)",last,47394600.07
bie_finhestnks11,2017-Q2,TP.FINHESTNKS11.ZP32,"F.3.1.Kısa Vadeli Borçlanma Senetleri,Finansal Olmayan Kuruluşlar (Konsolide Olmayan, Stok)",last,2061987.66
bie_finhestnks11,2017-Q2,TP.FINHESTNKS11.ZP33,"F.3.2.Uzun Vadeli Borçlanma Senetleri,Finansal Olmayan Kuruluşlar (Konsolide Olmayan, Stok)",last,45332612.4
bie_finhestnks11,2017-Q2,TP.FINHESTNKS11.ZP34,"F.4.Krediler,Finansal Olmayan Kuruluşlar (Konsolide Olmayan, Stok)",last,1853160189.93
bie_finhestnks11,2017-Q2,TP.FINHESTNKS11.ZP35,"F.4.1.Kısa Vadeli Krediler,Finansal Olmayan Kuruluşlar (Konsolide Olmayan, Stok)",last,521009702.03
bie_finhestnks11,2017-Q2,TP.FINHESTNKS11.ZP36,"F.4.2.Uzun Vadeli Krediler,Finansal Olmayan Kuruluşlar (Konsolide Olmayan, Stok)",last,1332150487.89
bie_finhestnks11,2017-Q2,TP.FINHESTNKS11.ZP37,"F.5.Hisse Senetleri ve Özkaynaklar,Finansal Olmayan Kuruluşlar (Konsolide Olmayan, Stok)",last,2150160253.69
bie_finhestnks11,2017-Q2,TP.FINHESTNKS11.ZP38,"F.5.1.Hisse Senetleri ve Özkaynaklar,Finansal Olmayan Kuruluşlar (Konsolide Olmayan, Stok)",last,2150160253.69
bie_finhestnks11,2017-Q2,TP.FINHESTNKS11.ZP39,"F.5.2.Yatırım Fonu Katılma Belgeleri,Finansal Olmayan Kuruluşlar (Konsolide Olmayan, Stok)",last,0.0
bie_finhestnks11,2017-Q2,TP.FINHESTNKS11.ZP40,"F.5.2.1.Para Piyasası Fonları,Finansal Olmayan Kuruluşlar (Konsolide Olmayan, Stok)",last,0.0
bie_finhestnks11,2017-Q2,TP.FINHESTNKS11.ZP41,"F.5.2.2.Diğer Yatırım Fonları,Finansal Olmayan Kuruluşlar (Konsolide Olmayan, Stok)",last,0.0
bie_finhestnks11,2017-Q2,TP.FINHESTNKS11.ZP42,"F.6.Sigorta ve Emeklilik Sözleşmeleri,Finansal Olmayan Kuruluşlar (Konsolide Olmayan, Stok)",last,0.0
bie_finhestnks11,2017-Q2,TP.FINHESTNKS11.ZP43,"F.7.Finansal Türevler,Finansal Olmayan Kuruluşlar (Konsolide Olmayan, Stok)",last,4912305.0
bie_finhestnks11,2017-Q2,TP.FINHESTNKS11.ZP44,"F.8.Diğer Borçlar,Finansal Olmayan Kuruluşlar (Konsolide Olmayan, Stok)",last,2368252467.79
bie_finhestnks11,2017-Q2,TP.FINHESTNKS11.ZP45,"F.0.Toplam Yükümlülükler,Finansal Olmayan Kuruluşlar (Konsolide Olmayan, Stok)",last,6423879816.5
bie_finhestnks11,2017-Q3,TP.FINHESTNKS11.ZP1,"BF.9.NET FİNANSAL DEĞER,Finansal Olmayan Kuruluşlar (Konsolide Olmayan, Stok)",last,-1861607197.58
bie_finhestnks11,2017-Q3,TP.FINHESTNKS11.ZP2,"VF.1.Parasal Altın ve SDR,Finansal Olmayan Kuruluşlar (Konsolide Olmayan, Stok)",last,0.0
bie_finhestnks11,2017-Q3,TP.FINHESTNKS11.ZP3,"VF.1.1.Parasal Altın,Finansal Olmayan Kuruluşlar (Konsolide Olmayan, Stok)",last,0.0
bie_finhestnks11,2017-Q3,TP.FINHESTNKS11.ZP4,"VF.1.2.Özel Çekme Hakları (SDR),Finansal Olmayan Kuruluşlar (Konsolide Olmayan, Stok)",last,0.0
bie_finhestnks11,2017-Q3,TP.FINHESTNKS11.ZP5,"VF.2.Para ve Mevduat,Finansal Olmayan Kuruluşlar (Konsolide Olmayan, Stok)",last,539468012.05
bie_finhestnks11,2017-Q3,TP.FINHESTNKS11.ZP6,"VF.2.1.Para,Finansal Olmayan Kuruluşlar (Konsolide Olmayan, Stok)",last,58302587.05
bie_finhestnks11,2017-Q3,TP.FINHESTNKS11.ZP7,"VF.2.2.Vadesiz Mevduat,Finansal Olmayan Kuruluşlar (Konsolide Olmayan, Stok)",last,190029615.51
bie_finhestnks11,2017-Q3,TP.FINHESTNKS11.ZP8,"VF.2.9.Vadeli Mevduat,Finansal Olmayan Kuruluşlar (Konsolide Olmayan, Stok)",last,291135809.48
bie_finhestnks11,2017-Q3,TP.FINHESTNKS11.ZP9,"VF.3.Borçlanma Senetleri,Finansal Olmayan Kuruluşlar (Konsolide Olmayan, Stok)",last,36496512.73
bie_finhestnks11,2017-Q3,TP.FINHESTNKS11.ZP10,"VF.3.1.Kısa Vadeli Borçlanma Senetleri,Finansal Olmayan Kuruluşlar (Konsolide Olmayan, Stok)",last,14916686.54
bie_finhestnks11,2017-Q3,TP.FINHESTNKS11.ZP11,"VF.3.2.Uzun Vadeli Borçlanma Senetleri,Finansal Olmayan Kuruluşlar (Konsolide Olmayan, Stok)",last,21579826.19
bie_finhestnks11,2017-Q3,TP.FINHESTNKS11.ZP12,"VF.4.Krediler,Finansal Olmayan Kuruluşlar (Konsolide Olmayan, Stok)",last,24685776.28
bie_finhestnks11,2017-Q3,TP.FINHESTNKS11.ZP13,"VF.4.1.Kısa Vadeli Krediler,Finansal Olmayan Kuruluşlar (Konsolide Olmayan, Stok)",last,24685776.28
bie_finhestnks11,2017-Q3,TP.FINHESTNKS11.ZP14,"VF.4.2.Uzun Vadeli Krediler,Finansal Olmayan Kuruluşlar (Konsolide Olmayan, Stok)",last,0.0
bie_finhestnks11,2017-Q3,TP.FINHESTNKS11.ZP15,"VF.5.Hisse Senetleri ve Özkaynaklar,Finansal Olmayan Kuruluşlar (Konsolide Olmayan, Stok)",last,1792570141.73
bie_finhestnks11,2017-Q3,TP.FINHESTNKS11.ZP16,"VF.5.1.Hisse Senetleri ve Özkaynaklar,Finansal Olmayan Kuruluşlar (Konsolide Olmayan, Stok)",last,1788196929.51
bie_finhestnks11,2017-Q3,TP.FINHESTNKS11.ZP17,"VF.5.2.Yatırım Fonu Katılma Belgeleri,Finansal Olmayan Kuruluşlar (Konsolide Olmayan, Stok)",last,4373212.21
bie_finhestnks11,2017-Q3,TP.FINHESTNKS11.ZP18,"VF.5.2.1.Para Piyasası Fonları,Finansal Olmayan Kuruluşlar (Konsolide Olmayan, Stok)",last,4373212.21
bie_finhestnks11,2017-Q3,TP.FINHESTNKS11.ZP19,"VF.5.2.2.Diğer Yatırım Fonları,Finansal Olmayan Kuruluşlar (Konsolide Olmayan, Stok)",last,0.0
bie_finhestnks11,2017-Q3,TP.FINHESTNKS11.ZP20,"VF.6.Sigorta ve Emeklilik Sözleşmeleri,Finansal Olmayan Kuruluşlar (Konsolide Olmayan, Stok)",last,15332263.69
bie_finhestnks11,2017-Q3,TP.FINHESTNKS11.ZP21,"VF.7.Finansal Türevler,Finansal Olmayan Kuruluşlar (Konsolide Olmayan, Stok)",last,1721334.0
bie_finhestnks11,2017-Q3,TP.FINHESTNKS11.ZP22,"VF.8.Diğer Alacaklar,Finansal Olmayan Kuruluşlar (Konsolide Olmayan, Stok)",last,2423310095.45
bie_finhestnks11,2017-Q3,TP.FINHESTNKS11.ZP23,"VF.0.Toplam Varlıklar,Finansal Olmayan Kuruluşlar (Konsolide Olmayan, Stok)",last,4833584135.95
bie_finhestnks11,2017-Q3,TP.FINHESTNKS11.ZP24,"F.1.Parasal Altın ve SDR,Finansal Olmayan Kuruluşlar (Konsolide Olmayan, Stok)",last,0.0
bie_finhestnks11,2017-Q3,TP.FINHESTNKS11.ZP26,"F.1.2.Özel Çekme Hakları (SDR),Finansal Olmayan Kuruluşlar (Konsolide Olmayan, Stok)",last,0.0
bie_finhestnks11,2017-Q3,TP.FINHESTNKS11.ZP27,"F.2.Para ve Mevduat,Finansal Olmayan Kuruluşlar (Konsolide Olmayan, Stok)",last,0.0
bie_finhestnks11,2017-Q3,TP.FINHESTNKS11.ZP28,"F.2.1.Para,Finansal Olmayan Kuruluşlar (Konsolide Olmayan, Stok)",last,0.0
bie_finhestnks11,2017-Q3,TP.FINHESTNKS11.ZP29,"F.2.2.Vadesiz Mevduat,Finansal Olmayan Kuruluşlar (Konsolide Olmayan, Stok)",last,0.0
bie_finhestnks11,2017-Q3,TP.FINHESTNKS11.ZP30,"F.2.9.Vadeli Mevduat,Finansal Olmayan Kuruluşlar (Konsolide Olmayan, Stok)",last,0.0
bie_finhestnks11,2017-Q3,TP.FINHESTNKS11.ZP31,"F.3.Borçlanma Senetleri,Finansal Olmayan Kuruluşlar (Konsolide Olmayan, Stok)",last,50298894.3
bie_finhestnks11,2017-Q3,TP.FINHESTNKS11.ZP32,"F.3.1.Kısa Vadeli Borçlanma Senetleri,Finansal Olmayan Kuruluşlar (Konsolide Olmayan, Stok)",last,1989046.71
bie_finhestnks11,2017-Q3,TP.FINHESTNKS11.ZP33,"F.3.2.Uzun Vadeli Borçlanma Senetleri,Finansal Olmayan Kuruluşlar (Konsolide Olmayan, Stok)",last,48309847.58
bie_finhestnks11,2017-Q3,TP.FINHESTNKS11.ZP34,"F.4.Krediler,Finansal Olmayan Kuruluşlar (Konsolide Olmayan, Stok)",last,1920088166.12
bie_finhestnks11,2017-Q3,TP.FINHESTNKS11.ZP35,"F.4.1.Kısa Vadeli Krediler,Finansal Olmayan Kuruluşlar (Konsolide Olmayan, Stok)",last,544479846.91
bie_finhestnks11,2017-Q3,TP.FINHESTNKS11.ZP36,"F.4.2.Uzun Vadeli Krediler,Finansal Olmayan Kuruluşlar (Konsolide Olmayan, Stok)",last,1375608319.2
bie_finhestnks11,2017-Q3,TP.FINHESTNKS11.ZP37,"F.5.Hisse Senetleri ve Özkaynaklar,Finansal Olmayan Kuruluşlar (Konsolide Olmayan, Stok)",last,2212940363.7
bie_finhestnks11,2017-Q3,TP.FINHESTNKS11.ZP38,"F.5.1.Hisse Senetleri ve Özkaynaklar,Finansal Olmayan Kuruluşlar (Konsolide Olmayan, Stok)",last,2212940363.7
bie_finhestnks11,2017-Q3,TP.FINHESTNKS11.ZP39,"F.5.2.Yatırım Fonu Katılma Belgeleri,Finansal Olmayan Kuruluşlar (Konsolide Olmayan, Stok)",last,0.0
bie_finhestnks11,2017-Q3,TP.FINHESTNKS11.ZP40,"F.5.2.1.Para Piyasası Fonları,Finansal Olmayan Kuruluşlar (Konsolide Olmayan, Stok)",last,0.0
bie_finhestnks11,2017-Q3,TP.FINHESTNKS11.ZP41,"F.5.2.2.Diğer Yatırım Fonları,Finansal Olmayan Kuruluşlar (Konsolide Olmayan, Stok)",last,0.0
bie_finhestnks11,2017-Q3,TP.FINHESTNKS11.ZP42,"F.6.Sigorta ve Emeklilik Sözleşmeleri,Finansal Olmayan Kuruluşlar (Konsolide Olmayan, Stok)",last,0.0
bie_finhestnks11,2017-Q3,TP.FINHESTNKS11.ZP43,"F.7.Finansal Türevler,Finansal Olmayan Kuruluşlar (Konsolide Olmayan, Stok)",last,3739866.0
bie_finhestnks11,2017-Q3,TP.FINHESTNKS11.ZP44,"F.8.Diğer Borçlar,Finansal Olmayan Kuruluşlar (Konsolide Olmayan, Stok)",last,2508124043.41
bie_finhestnks11,2017-Q3,TP.FINHESTNKS11.ZP45,"F.0.Toplam Yükümlülükler,Finansal Olmayan Kuruluşlar (Konsolide Olmayan, Stok)",last,6695191333.54
bie_finhestnks11,2017-Q4,TP.FINHESTNKS11.ZP1,"BF.9.NET FİNANSAL DEĞER,Finansal Olmayan Kuruluşlar (Konsolide Olmayan, Stok)",last,-2030879604.88
bie_finhestnks11,2017-Q4,TP.FINHESTNKS11.ZP2,"VF.1.Parasal Altın ve SDR,Finansal Olmayan Kuruluşlar (Konsolide Olmayan, Stok)",last,0.0
bie_finhestnks11,2017-Q4,TP.FINHESTNKS11.ZP3,"VF.1.1.Parasal Altın,Finansal Olmayan Kuruluşlar (Konsolide Olmayan, Stok)",last,0.0
bie_finhestnks11,2017-Q4,TP.FINHESTNKS11.ZP4,"VF.1.2.Özel Çekme Hakları (SDR),Finansal Olmayan Kuruluşlar (Konsolide Olmayan, Stok)",last,0.0
bie_finhestnks11,2017-Q4,TP.FINHESTNKS11.ZP5,"VF.2.Para ve Mevduat,Finansal Olmayan Kuruluşlar (Konsolide Olmayan, Stok)",last,568030551.85
bie_finhestnks11,2017-Q4,TP.FINHESTNKS11.ZP6,"VF.2.1.Para,Finansal Olmayan Kuruluşlar (Konsolide Olmayan, Stok)",last,61186638.5
bie_finhestnks11,2017-Q4,TP.FINHESTNKS11.ZP7,"VF.2.2.Vadesiz Mevduat,Finansal Olmayan Kuruluşlar (Konsolide Olmayan, Stok)",last,203461650.83
bie_finhestnks11,2017-Q4,TP.FINHESTNKS11.ZP8,"VF.2.9.Vadeli Mevduat,Finansal Olmayan Kuruluşlar (Konsolide Olmayan, Stok)",last,303382262.51
bie_finhestnks11,2017-Q4,TP.FINHESTNKS11.ZP9,"VF.3.Borçlanma Senetleri,Finansal Olmayan Kuruluşlar (Konsolide Olmayan, Stok)",last,41180214.84
bie_finhestnks11,2017-Q4,TP.FINHESTNKS11.ZP10,"VF.3.1.Kısa Vadeli Borçlanma Senetleri,Finansal Olmayan Kuruluşlar (Konsolide Olmayan, Stok)",last,17167835.27
bie_finhestnks11,2017-Q4,TP.FINHESTNKS11.ZP11,"VF.3.2.Uzun Vadeli Borçlanma Senetleri,Finansal Olmayan Kuruluşlar (Konsolide Olmayan, Stok)",last,24012379.57
bie_finhestnks11,2017-Q4,TP.FINHESTNKS11.ZP12,"VF.4.Krediler,Finansal Olmayan Kuruluşlar (Konsolide Olmayan, Stok)",last,29174422.21
bie_finhestnks11,2017-Q4,TP.FINHESTNKS11.ZP13,"VF.4.1.Kısa Vadeli Krediler,Finansal Olmayan Kuruluşlar (Konsolide Olmayan, Stok)",last,29174422.21
bie_finhestnks11,2017-Q4,TP.FINHESTNKS11.ZP14,"VF.4.2.Uzun Vadeli Krediler,Finansal Olmayan Kuruluşlar (Konsolide Olmayan, Stok)",last,0.0
bie_finhestnks11,2017-Q4,TP.FINHESTNKS11.ZP15,"VF.5.Hisse Senetleri ve Özkaynaklar,Finansal Olmayan Kuruluşlar (Konsolide Olmayan, Stok)",last,1698417884.75
bie_finhestnks11,2017-Q4,TP.FINHESTNKS11.ZP16,"VF.5.1.Hisse Senetleri ve Özkaynaklar,Finansal Olmayan Kuruluşlar (Konsolide Olmayan, Stok)",last,1693426161.42
bie_finhestnks11,2017-Q4,TP.FINHESTNKS11.ZP17,"VF.5.2.Yatırım Fonu Katılma Belgeleri,Finansal Olmayan Kuruluşlar (Konsolide Olmayan, Stok)",last,4991723.33
bie_finhestnks11,2017-Q4,TP.FINHESTNKS11.ZP18,"VF.5.2.1.Para Piyasası Fonları,Finansal Olmayan Kuruluşlar (Konsolide Olmayan, Stok)",last,4991723.33
bie_finhestnks11,2017-Q4,TP.FINHESTNKS11.ZP19,"VF.5.2.2.Diğer Yatırım Fonları,Finansal Olmayan Kuruluşlar (Konsolide Olmayan, Stok)",last,0.0
bie_finhestnks11,2017-Q4,TP.FINHESTNKS11.ZP20,"VF.6.Sigorta ve Emeklilik Sözleşmeleri,Finansal Olmayan Kuruluşlar (Konsolide Olmayan, Stok)",last,4990399.05
bie_finhestnks11,2017-Q4,TP.FINHESTNKS11.ZP21,"VF.7.Finansal Türevler,Finansal Olmayan Kuruluşlar (Konsolide Olmayan, Stok)",last,2330244.0
bie_finhestnks11,2017-Q4,TP.FINHESTNKS11.ZP22,"VF.8.Diğer Alacaklar,Finansal Olmayan Kuruluşlar (Konsolide Olmayan, Stok)",last,2574429625.09
bie_finhestnks11,2017-Q4,TP.FINHESTNKS11.ZP23,"VF.0.Toplam Varlıklar,Finansal Olmayan Kuruluşlar (Konsolide Olmayan, Stok)",last,4918553341.82
bie_finhestnks11,2017-Q4,TP.FINHESTNKS11.ZP24,"F.1.Parasal Altın ve SDR,Finansal Olmayan Kuruluşlar (Konsolide Olmayan, Stok)",last,0.0
bie_finhestnks11,2017-Q4,TP.FINHESTNKS11.ZP26,"F.1.2.Özel Çekme Hakları (SDR),Finansal Olmayan Kuruluşlar (Konsolide Olmayan, Stok)",last,0.0
bie_finhestnks11,2017-Q4,TP.FINHESTNKS11.ZP27,"F.2.Para ve Mevduat,Finansal Olmayan Kuruluşlar (Konsolide Olmayan, Stok)",last,0.0
bie_finhestnks11,2017-Q4,TP.FINHESTNKS11.ZP28,"F.2.1.Para,Finansal Olmayan Kuruluşlar (Konsolide Olmayan, Stok)",last,0.0
bie_finhestnks11,2017-Q4,TP.FINHESTNKS11.ZP29,"F.2.2.Vadesiz Mevduat,Finansal Olmayan Kuruluşlar (Konsolide Olmayan, Stok)",last,0.0
bie_finhestnks11,2017-Q4,TP.FINHESTNKS11.ZP30,"F.2.9.Vadeli Mevduat,Finansal Olmayan Kuruluşlar (Konsolide Olmayan, Stok)",last,0.0
bie_finhestnks11,2017-Q4,TP.FINHESTNKS11.ZP31,"F.3.Borçlanma Senetleri,Finansal Olmayan Kuruluşlar (Konsolide Olmayan, Stok)",last,55351797.77
bie_finhestnks11,2017-Q4,TP.FINHESTNKS11.ZP32,"F.3.1.Kısa Vadeli Borçlanma Senetleri,Finansal Olmayan Kuruluşlar (Konsolide Olmayan, Stok)",last,1141942.29
bie_finhestnks11,2017-Q4,TP.FINHESTNKS11.ZP33,"F.3.2.Uzun Vadeli Borçlanma Senetleri,Finansal Olmayan Kuruluşlar (Konsolide Olmayan, Stok)",last,54209855.47
bie_finhestnks11,2017-Q4,TP.FINHESTNKS11.ZP34,"F.4.Krediler,Finansal Olmayan Kuruluşlar (Konsolide Olmayan, Stok)",last,2040593519.47
bie_finhestnks11,2017-Q4,TP.FINHESTNKS11.ZP35,"F.4.1.Kısa Vadeli Krediler,Finansal Olmayan Kuruluşlar (Konsolide Olmayan, Stok)",last,581132344.97
bie_finhestnks11,2017-Q4,TP.FINHESTNKS11.ZP36,"F.4.2.Uzun Vadeli Krediler,Finansal Olmayan Kuruluşlar (Konsolide Olmayan, Stok)",last,1459461174.5
bie_finhestnks11,2017-Q4,TP.FINHESTNKS11.ZP37,"F.5.Hisse Senetleri ve Özkaynaklar,Finansal Olmayan Kuruluşlar (Konsolide Olmayan, Stok)",last,2194890022.08
bie_finhestnks11,2017-Q4,TP.FINHESTNKS11.ZP38,"F.5.1.Hisse Senetleri ve Özkaynaklar,Finansal Olmayan Kuruluşlar (Konsolide Olmayan, Stok)",last,2194890022.08
bie_finhestnks11,2017-Q4,TP.FINHESTNKS11.ZP39,"F.5.2.Yatırım Fonu Katılma Belgeleri,Finansal Olmayan Kuruluşlar (Konsolide Olmayan, Stok)",last,0.0
bie_finhestnks11,2017-Q4,TP.FINHESTNKS11.ZP40,"F.5.2.1.Para Piyasası Fonları,Finansal Olmayan Kuruluşlar (Konsolide Olmayan, Stok)",last,0.0
bie_finhestnks11,2017-Q4,TP.FINHESTNKS11.ZP41,"F.5.2.2.Diğer Yatırım Fonları,Finansal Olmayan Kuruluşlar (Konsolide Olmayan, Stok)",last,0.0
bie_finhestnks11,2017-Q4,TP.FINHESTNKS11.ZP42,"F.6.Sigorta ve Emeklilik Sözleşmeleri,Finansal Olmayan Kuruluşlar (Konsolide Olmayan, Stok)",last,0.0
bie_finhestnks11,2017-Q4,TP.FINHESTNKS11.ZP43,"F.7.Finansal Türevler,Finansal Olmayan Kuruluşlar (Konsolide Olmayan, Stok)",last,4140936.0
bie_finhestnks11,2017-Q4,TP.FINHESTNKS11.ZP44,"F.8.Diğer Borçlar,Finansal Olmayan Kuruluşlar (Konsolide Olmayan, Stok)",last,2654456671.37
bie_finhestnks11,2017-Q4,TP.FINHESTNKS11.ZP45,"F.0.Toplam Yükümlülükler,Finansal Olmayan Kuruluşlar (Konsolide Olmayan, Stok)",last,6949432946.7
bie_finhestnks11,2018-Q1,TP.FINHESTNKS11.ZP1,"BF.9.NET FİNANSAL DEĞER,Finansal Olmayan Kuruluşlar (Konsolide Olmayan, Stok)",last,-2074044525.99
bie_finhestnks11,2018-Q1,TP.FINHESTNKS11.ZP2,"VF.1.Parasal Altın ve SDR,Finansal Olmayan Kuruluşlar (Konsolide Olmayan, Stok)",last,0.0
bie_finhestnks11,2018-Q1,TP.FINHESTNKS11.ZP3,"VF.1.1.Parasal Altın,Finansal Olmayan Kuruluşlar (Konsolide Olmayan, Stok)",last,0.0
bie_finhestnks11,2018-Q1,TP.FINHESTNKS11.ZP4,"VF.1.2.Özel Çekme Hakları (SDR),Finansal Olmayan Kuruluşlar (Konsolide Olmayan, Stok)",last,0.0
bie_finhestnks11,2018-Q1,TP.FINHESTNKS11.ZP5,"VF.2.Para ve Mevduat,Finansal Olmayan Kuruluşlar (Konsolide Olmayan, Stok)",last,571880237.68
bie_finhestnks11,2018-Q1,TP.FINHESTNKS11.ZP6,"VF.2.1.Para,Finansal Olmayan Kuruluşlar (Konsolide Olmayan, Stok)",last,63968669.21
bie_finhestnks11,2018-Q1,TP.FINHESTNKS11.ZP7,"VF.2.2.Vadesiz Mevduat,Finansal Olmayan Kuruluşlar (Konsolide Olmayan, Stok)",last,197678053.0
bie_finhestnks11,2018-Q1,TP.FINHESTNKS11.ZP8,"VF.2.9.Vadeli Mevduat,Finansal Olmayan Kuruluşlar (Konsolide Olmayan, Stok)",last,310233515.47
bie_finhestnks11,2018-Q1,TP.FINHESTNKS11.ZP9,"VF.3.Borçlanma Senetleri,Finansal Olmayan Kuruluşlar (Konsolide Olmayan, Stok)",last,48178710.71
bie_finhestnks11,2018-Q1,TP.FINHESTNKS11.ZP10,"VF.3.1.Kısa Vadeli Borçlanma Senetleri,Finansal Olmayan Kuruluşlar (Konsolide Olmayan, Stok)",last,27575935.53
bie_finhestnks11,2018-Q1,TP.FINHESTNKS11.ZP11,"VF.3.2.Uzun Vadeli Borçlanma Senetleri,Finansal Olmayan Kuruluşlar (Konsolide Olmayan, Stok)",last,20602775.18
bie_finhestnks11,2018-Q1,TP.FINHESTNKS11.ZP12,"VF.4.Krediler,Finansal Olmayan Kuruluşlar (Konsolide Olmayan, Stok)",last,30635208.77
bie_finhestnks11,2018-Q1,TP.FINHESTNKS11.ZP13,"VF.4.1.Kısa Vadeli Krediler,Finansal Olmayan Kuruluşlar (Konsolide Olmayan, Stok)",last,30635208.77
bie_finhestnks11,2018-Q1,TP.FINHESTNKS11.ZP14,"VF.4.2.Uzun Vadeli Krediler,Finansal Olmayan Kuruluşlar (Konsolide Olmayan, Stok)",last,0.0
bie_finhestnks11,2018-Q1,TP.FINHESTNKS11.ZP15,"VF.5.Hisse Senetleri ve Özkaynaklar,Finansal Olmayan Kuruluşlar (Konsolide Olmayan, Stok)",last,1776699028.35
bie_finhestnks11,2018-Q1,TP.FINHESTNKS11.ZP16,"VF.5.1.Hisse Senetleri ve Özkaynaklar,Finansal Olmayan Kuruluşlar (Konsolide Olmayan, Stok)",last,1771075192.04
bie_finhestnks11,2018-Q1,TP.FINHESTNKS11.ZP17,"VF.5.2.Yatırım Fonu Katılma Belgeleri,Finansal Olmayan Kuruluşlar (Konsolide Olmayan, Stok)",last,5623836.3
bie_finhestnks11,2018-Q1,TP.FINHESTNKS11.ZP18,"VF.5.2.1.Para Piyasası Fonları,Finansal Olmayan Kuruluşlar (Konsolide Olmayan, Stok)",last,5623836.3
bie_finhestnks11,2018-Q1,TP.FINHESTNKS11.ZP19,"VF.5.2.2.Diğer Yatırım Fonları,Finansal Olmayan Kuruluşlar (Konsolide Olmayan, Stok)",last,0.0
bie_finhestnks11,2018-Q1,TP.FINHESTNKS11.ZP20,"VF.6.Sigorta ve Emeklilik Sözleşmeleri,Finansal Olmayan Kuruluşlar (Konsolide Olmayan, Stok)",last,18719924.58
bie_finhestnks11,2018-Q1,TP.FINHESTNKS11.ZP21,"VF.7.Finansal Türevler,Finansal Olmayan Kuruluşlar (Konsolide Olmayan, Stok)",last,2689454.0
bie_finhestnks11,2018-Q1,TP.FINHESTNKS11.ZP22,"VF.8.Diğer Alacaklar,Finansal Olmayan Kuruluşlar (Konsolide Olmayan, Stok)",last,2706406851.35
bie_finhestnks11,2018-Q1,TP.FINHESTNKS11.ZP23,"VF.0.Toplam Varlıklar,Finansal Olmayan Kuruluşlar (Konsolide Olmayan, Stok)",last,5155209415.48
bie_finhestnks11,2018-Q1,TP.FINHESTNKS11.ZP24,"F.1.Parasal Altın ve SDR,Finansal Olmayan Kuruluşlar (Konsolide Olmayan, Stok)",last,0.0
bie_finhestnks11,2018-Q1,TP.FINHESTNKS11.ZP26,"F.1.2.Özel Çekme Hakları (SDR),Finansal Olmayan Kuruluşlar (Konsolide Olmayan, Stok)",last,0.0
bie_finhestnks11,2018-Q1,TP.FINHESTNKS11.ZP27,"F.2.Para ve Mevduat,Finansal Olmayan Kuruluşlar (Konsolide Olmayan, Stok)",last,0.0
bie_finhestnks11,2018-Q1,TP.FINHESTNKS11.ZP28,"F.2.1.Para,Finansal Olmayan Kuruluşlar (Konsolide Olmayan, Stok)",last,0.0
bie_finhestnks11,2018-Q1,TP.FINHESTNKS11.ZP29,"F.2.2.Vadesiz Mevduat,Finansal Olmayan Kuruluşlar (Konsolide Olmayan, Stok)",last,0.0
bie_finhestnks11,2018-Q1,TP.FINHESTNKS11.ZP30,"F.2.9.Vadeli Mevduat,Finansal Olmayan Kuruluşlar (Konsolide Olmayan, Stok)",last,0.0
bie_finhestnks11,2018-Q1,TP.FINHESTNKS11.ZP31,"F.3.Borçlanma Senetleri,Finansal Olmayan Kuruluşlar (Konsolide Olmayan, Stok)",last,61436228.13
bie_finhestnks11,2018-Q1,TP.FINHESTNKS11.ZP32,"F.3.1.Kısa Vadeli Borçlanma Senetleri,Finansal Olmayan Kuruluşlar (Konsolide Olmayan, Stok)",last,2272111.39
bie_finhestnks11,2018-Q1,TP.FINHESTNKS11.ZP33,"F.3.2.Uzun Vadeli Borçlanma Senetleri,Finansal Olmayan Kuruluşlar (Konsolide Olmayan, Stok)",last,59164116.74
bie_finhestnks11,2018-Q1,TP.FINHESTNKS11.ZP34,"F.4.Krediler,Finansal Olmayan Kuruluşlar (Konsolide Olmayan, Stok)",last,2159775749.21
bie_finhestnks11,2018-Q1,TP.FINHESTNKS11.ZP35,"F.4.1.Kısa Vadeli Krediler,Finansal Olmayan Kuruluşlar (Konsolide Olmayan, Stok)",last,625319320.08
bie_finhestnks11,2018-Q1,TP.FINHESTNKS11.ZP36,"F.4.2.Uzun Vadeli Krediler,Finansal Olmayan Kuruluşlar (Konsolide Olmayan, Stok)",last,1534456429.13
bie_finhestnks11,2018-Q1,TP.FINHESTNKS11.ZP37,"F.5.Hisse Senetleri ve Özkaynaklar,Finansal Olmayan Kuruluşlar (Konsolide Olmayan, Stok)",last,2227620828.96
bie_finhestnks11,2018-Q1,TP.FINHESTNKS11.ZP38,"F.5.1.Hisse Senetleri ve Özkaynaklar,Finansal Olmayan Kuruluşlar (Konsolide Olmayan, Stok)",last,2227620828.96
bie_finhestnks11,2018-Q1,TP.FINHESTNKS11.ZP39,"F.5.2.Yatırım Fonu Katılma Belgeleri,Finansal Olmayan Kuruluşlar (Konsolide Olmayan, Stok)",last,0.0
bie_finhestnks11,2018-Q1,TP.FINHESTNKS11.ZP40,"F.5.2.1.Para Piyasası Fonları,Finansal Olmayan Kuruluşlar (Konsolide Olmayan, Stok)",last,0.0
bie_finhestnks11,2018-Q1,TP.FINHESTNKS11.ZP41,"F.5.2.2.Diğer Yatırım Fonları,Finansal Olmayan Kuruluşlar (Konsolide Olmayan, Stok)",last,0.0
bie_finhestnks11,2018-Q1,TP.FINHESTNKS11.ZP42,"F.6.Sigorta ve Emeklilik Sözleşmeleri,Finansal Olmayan Kuruluşlar (Konsolide Olmayan, Stok)",last,0.0
bie_finhestnks11,2018-Q1,TP.FINHESTNKS11.ZP43,"F.7.Finansal Türevler,Finansal Olmayan Kuruluşlar (Konsolide Olmayan, Stok)",last,5275123.0
bie_finhestnks11,2018-Q1,TP.FINHESTNKS11.ZP44,"F.8.Diğer Borçlar,Finansal Olmayan Kuruluşlar (Konsolide Olmayan, Stok)",last,2775146012.15
bie_finhestnks11,2018-Q1,TP.FINHESTNKS11.ZP45,"F.0.Toplam Yükümlülükler,Finansal Olmayan Kuruluşlar (Konsolide Olmayan, Stok)",last,7229253941.47
bie_finhestnks11,2018-Q2,TP.FINHESTNKS11.ZP1,"BF.9.NET FİNANSAL DEĞER,Finansal Olmayan Kuruluşlar (Konsolide Olmayan, Stok)",last,-2193566537.83
bie_finhestnks11,2018-Q2,TP.FINHESTNKS11.ZP2,"VF.1.Parasal Altın ve SDR,Finansal Olmayan Kuruluşlar (Konsolide Olmayan, Stok)",last,0.0
bie_finhestnks11,2018-Q2,TP.FINHESTNKS11.ZP3,"VF.1.1.Parasal Altın,Finansal Olmayan Kuruluşlar (Konsolide Olmayan, Stok)",last,0.0
bie_finhestnks11,2018-Q2,TP.FINHESTNKS11.ZP4,"VF.1.2.Özel Çekme Hakları (SDR),Finansal Olmayan Kuruluşlar (Konsolide Olmayan, Stok)",last,0.0
bie_finhestnks11,2018-Q2,TP.FINHESTNKS11.ZP5,"VF.2.Para ve Mevduat,Finansal Olmayan Kuruluşlar (Konsolide Olmayan, Stok)",last,633235757.07
bie_finhestnks11,2018-Q2,TP.FINHESTNKS11.ZP6,"VF.2.1.Para,Finansal Olmayan Kuruluşlar (Konsolide Olmayan, Stok)",last,67062103.06
bie_finhestnks11,2018-Q2,TP.FINHESTNKS11.ZP7,"VF.2.2.Vadesiz Mevduat,Finansal Olmayan Kuruluşlar (Konsolide Olmayan, Stok)",last,227762302.72
bie_finhestnks11,2018-Q2,TP.FINHESTNKS11.ZP8,"VF.2.9.Vadeli Mevduat,Finansal Olmayan Kuruluşlar (Konsolide Olmayan, Stok)",last,338411351.28
bie_finhestnks11,2018-Q2,TP.FINHESTNKS11.ZP9,"VF.3.Borçlanma Senetleri,Finansal Olmayan Kuruluşlar (Konsolide Olmayan, Stok)",last,49334130.38
bie_finhestnks11,2018-Q2,TP.FINHESTNKS11.ZP10,"VF.3.1.Kısa Vadeli Borçlanma Senetleri,Finansal Olmayan Kuruluşlar (Konsolide Olmayan, Stok)",last,29115874.64
bie_finhestnks11,2018-Q2,TP.FINHESTNKS11.ZP11,"VF.3.2.Uzun Vadeli Borçlanma Senetleri,Finansal Olmayan Kuruluşlar (Konsolide Olmayan, Stok)",last,20218255.73
bie_finhestnks11,2018-Q2,TP.FINHESTNKS11.ZP12,"VF.4.Krediler,Finansal Olmayan Kuruluşlar (Konsolide Olmayan, Stok)",last,35087938.4
bie_finhestnks11,2018-Q2,TP.FINHESTNKS11.ZP13,"VF.4.1.Kısa Vadeli Krediler,Finansal Olmayan Kuruluşlar (Konsolide Olmayan, Stok)",last,35087938.4
bie_finhestnks11,2018-Q2,TP.FINHESTNKS11.ZP14,"VF.4.2.Uzun Vadeli Krediler,Finansal Olmayan Kuruluşlar (Konsolide Olmayan, Stok)",last,0.0
bie_finhestnks11,2018-Q2,TP.FINHESTNKS11.ZP15,"VF.5.Hisse Senetleri ve Özkaynaklar,Finansal Olmayan Kuruluşlar (Konsolide Olmayan, Stok)",last,1567018048.32
bie_finhestnks11,2018-Q2,TP.FINHESTNKS11.ZP16,"VF.5.1.Hisse Senetleri ve Özkaynaklar,Finansal Olmayan Kuruluşlar (Konsolide Olmayan, Stok)",last,1560982663.95
bie_finhestnks11,2018-Q2,TP.FINHESTNKS11.ZP17,"VF.5.2.Yatırım Fonu Katılma Belgeleri,Finansal Olmayan Kuruluşlar (Konsolide Olmayan, Stok)",last,6035384.36
bie_finhestnks11,2018-Q2,TP.FINHESTNKS11.ZP18,"VF.5.2.1.Para Piyasası Fonları,Finansal Olmayan Kuruluşlar (Konsolide Olmayan, Stok)",last,6035384.36
bie_finhestnks11,2018-Q2,TP.FINHESTNKS11.ZP19,"VF.5.2.2.Diğer Yatırım Fonları,Finansal Olmayan Kuruluşlar (Konsolide Olmayan, Stok)",last,0.0
bie_finhestnks11,2018-Q2,TP.FINHESTNKS11.ZP20,"VF.6.Sigorta ve Emeklilik Sözleşmeleri,Finansal Olmayan Kuruluşlar (Konsolide Olmayan, Stok)",last,19667561.77
bie_finhestnks11,2018-Q2,TP.FINHESTNKS11.ZP21,"VF.7.Finansal Türevler,Finansal Olmayan Kuruluşlar (Konsolide Olmayan, Stok)",last,4917976.0
bie_finhestnks11,2018-Q2,TP.FINHESTNKS11.ZP22,"VF.8.Diğer Alacaklar,Finansal Olmayan Kuruluşlar (Konsolide Olmayan, Stok)",last,2826284384.68
bie_finhestnks11,2018-Q2,TP.FINHESTNKS11.ZP23,"VF.0.Toplam Varlıklar,Finansal Olmayan Kuruluşlar (Konsolide Olmayan, Stok)",last,5135545796.63
bie_finhestnks11,2018-Q2,TP.FINHESTNKS11.ZP24,"F.1.Parasal Altın ve SDR,Finansal Olmayan Kuruluşlar (Konsolide Olmayan, Stok)",last,0.0
bie_finhestnks11,2018-Q2,TP.FINHESTNKS11.ZP26,"F.1.2.Özel Çekme Hakları (SDR),Finansal Olmayan Kuruluşlar (Konsolide Olmayan, Stok)",last,0.0
bie_finhestnks11,2018-Q2,TP.FINHESTNKS11.ZP27,"F.2.Para ve Mevduat,Finansal Olmayan Kuruluşlar (Konsolide Olmayan, Stok)",last,0.0
bie_finhestnks11,2018-Q2,TP.FINHESTNKS11.ZP28,"F.2.1.Para,Finansal Olmayan Kuruluşlar (Konsolide Olmayan, Stok)",last,0.0
bie_finhestnks11,2018-Q2,TP.FINHESTNKS11.ZP29,"F.2.2.Vadesiz Mevduat,Finansal Olmayan Kuruluşlar (Konsolide Olmayan, Stok)",last,0.0
bie_finhestnks11,2018-Q2,TP.FINHESTNKS11.ZP30,"F.2.9.Vadeli Mevduat,Finansal Olmayan Kuruluşlar (Konsolide Olmayan, Stok)",last,0.0
bie_finhestnks11,2018-Q2,TP.FINHESTNKS11.ZP31,"F.3.Borçlanma Senetleri,Finansal Olmayan Kuruluşlar (Konsolide Olmayan, Stok)",last,65961992.8
bie_finhestnks11,2018-Q2,TP.FINHESTNKS11.ZP32,"F.3.1.Kısa Vadeli Borçlanma Senetleri,Finansal Olmayan Kuruluşlar (Konsolide Olmayan, Stok)",last,2264092.59
bie_finhestnks11,2018-Q2,TP.FINHESTNKS11.ZP33,"F.3.2.Uzun Vadeli Borçlanma Senetleri,Finansal Olmayan Kuruluşlar (Konsolide Olmayan, Stok)",last,63697900.2
bie_finhestnks11,2018-Q2,TP.FINHESTNKS11.ZP34,"F.4.Krediler,Finansal Olmayan Kuruluşlar (Konsolide Olmayan, Stok)",last,2362096514.92
bie_finhestnks11,2018-Q2,TP.FINHESTNKS11.ZP35,"F.4.1.Kısa Vadeli Krediler,Finansal Olmayan Kuruluşlar (Konsolide Olmayan, Stok)",last,666397583.7
bie_finhestnks11,2018-Q2,TP.FINHESTNKS11.ZP36,"F.4.2.Uzun Vadeli Krediler,Finansal Olmayan Kuruluşlar (Konsolide Olmayan, Stok)",last,1695698931.21
bie_finhestnks11,2018-Q2,TP.FINHESTNKS11.ZP37,"F.5.Hisse Senetleri ve Özkaynaklar,Finansal Olmayan Kuruluşlar (Konsolide Olmayan, Stok)",last,1987561371.11
bie_finhestnks11,2018-Q2,TP.FINHESTNKS11.ZP38,"F.5.1.Hisse Senetleri ve Özkaynaklar,Finansal Olmayan Kuruluşlar (Konsolide Olmayan, Stok)",last,1987561371.11
bie_finhestnks11,2018-Q2,TP.FINHESTNKS11.ZP39,"F.5.2.Yatırım Fonu Katılma Belgeleri,Finansal Olmayan Kuruluşlar (Konsolide Olmayan, Stok)",last,0.0
bie_finhestnks11,2018-Q2,TP.FINHESTNKS11.ZP40,"F.5.2.1.Para Piyasası Fonları,Finansal Olmayan Kuruluşlar (Konsolide Olmayan, Stok)",last,0.0
bie_finhestnks11,2018-Q2,TP.FINHESTNKS11.ZP41,"F.5.2.2.Diğer Yatırım Fonları,Finansal Olmayan Kuruluşlar (Konsolide Olmayan, Stok)",last,0.0
bie_finhestnks11,2018-Q2,TP.FINHESTNKS11.ZP42,"F.6.Sigorta ve Emeklilik Sözleşmeleri,Finansal Olmayan Kuruluşlar (Konsolide Olmayan, Stok)",last,0.0
bie_finhestnks11,2018-Q2,TP.FINHESTNKS11.ZP43,"F.7.Finansal Türevler,Finansal Olmayan Kuruluşlar (Konsolide Olmayan, Stok)",last,8852434.0
bie_finhestnks11,2018-Q2,TP.FINHESTNKS11.ZP44,"F.8.Diğer Borçlar,Finansal Olmayan Kuruluşlar (Konsolide Olmayan, Stok)",last,2904640021.62
bie_finhestnks11,2018-Q2,TP.FINHESTNKS11.ZP45,"F.0.Toplam Yükümlülükler,Finansal Olmayan Kuruluşlar (Konsolide Olmayan, Stok)",last,7329112334.47
bie_finhestnks11,2018-Q3,TP.FINHESTNKS11.ZP1,"BF.9.NET FİNANSAL DEĞER,Finansal Olmayan Kuruluşlar (Konsolide Olmayan, Stok)",last,-2405057158.15
bie_finhestnks11,2018-Q3,TP.FINHESTNKS11.ZP2,"VF.1.Parasal Altın ve SDR,Finansal Olmayan Kuruluşlar (Konsolide Olmayan, Stok)",last,0.0
bie_finhestnks11,2018-Q3,TP.FINHESTNKS11.ZP3,"VF.1.1.Parasal Altın,Finansal Olmayan Kuruluşlar (Konsolide Olmayan, Stok)",last,0.0
bie_finhestnks11,2018-Q3,TP.FINHESTNKS11.ZP4,"VF.1.2.Özel Çekme Hakları (SDR),Finansal Olmayan Kuruluşlar (Konsolide Olmayan, Stok)",last,0.0
bie_finhestnks11,2018-Q3,TP.FINHESTNKS11.ZP5,"VF.2.Para ve Mevduat,Finansal Olmayan Kuruluşlar (Konsolide Olmayan, Stok)",last,733019342.35
bie_finhestnks11,2018-Q3,TP.FINHESTNKS11.ZP6,"VF.2.1.Para,Finansal Olmayan Kuruluşlar (Konsolide Olmayan, Stok)",last,70920951.83
bie_finhestnks11,2018-Q3,TP.FINHESTNKS11.ZP7,"VF.2.2.Vadesiz Mevduat,Finansal Olmayan Kuruluşlar (Konsolide Olmayan, Stok)",last,268441118.3
bie_finhestnks11,2018-Q3,TP.FINHESTNKS11.ZP8,"VF.2.9.Vadeli Mevduat,Finansal Olmayan Kuruluşlar (Konsolide Olmayan, Stok)",last,393657272.21
bie_finhestnks11,2018-Q3,TP.FINHESTNKS11.ZP9,"VF.3.Borçlanma Senetleri,Finansal Olmayan Kuruluşlar (Konsolide Olmayan, Stok)",last,42288602.87
bie_finhestnks11,2018-Q3,TP.FINHESTNKS11.ZP10,"VF.3.1.Kısa Vadeli Borçlanma Senetleri,Finansal Olmayan Kuruluşlar (Konsolide Olmayan, Stok)",last,20162690.99
bie_finhestnks11,2018-Q3,TP.FINHESTNKS11.ZP11,"VF.3.2.Uzun Vadeli Borçlanma Senetleri,Finansal Olmayan Kuruluşlar (Konsolide Olmayan, Stok)",last,22125911.88
bie_finhestnks11,2018-Q3,TP.FINHESTNKS11.ZP12,"VF.4.Krediler,Finansal Olmayan Kuruluşlar (Konsolide Olmayan, Stok)",last,47885015.07
bie_finhestnks11,2018-Q3,TP.FINHESTNKS11.ZP13,"VF.4.1.Kısa Vadeli Krediler,Finansal Olmayan Kuruluşlar (Konsolide Olmayan, Stok)",last,47885015.07
bie_finhestnks11,2018-Q3,TP.FINHESTNKS11.ZP14,"VF.4.2.Uzun Vadeli Krediler,Finansal Olmayan Kuruluşlar (Konsolide Olmayan, Stok)",last,0.0
bie_finhestnks11,2018-Q3,TP.FINHESTNKS11.ZP15,"VF.5.Hisse Senetleri ve Özkaynaklar,Finansal Olmayan Kuruluşlar (Konsolide Olmayan, Stok)",last,1615734106.39
bie_finhestnks11,2018-Q3,TP.FINHESTNKS11.ZP16,"VF.5.1.Hisse Senetleri ve Özkaynaklar,Finansal Olmayan Kuruluşlar (Konsolide Olmayan, Stok)",last,1610291795.51
bie_finhestnks11,2018-Q3,TP.FINHESTNKS11.ZP17,"VF.5.2.Yatırım Fonu Katılma Belgeleri,Finansal Olmayan Kuruluşlar (Konsolide Olmayan, Stok)",last,5442310.87
bie_finhestnks11,2018-Q3,TP.FINHESTNKS11.ZP18,"VF.5.2.1.Para Piyasası Fonları,Finansal Olmayan Kuruluşlar (Konsolide Olmayan, Stok)",last,5442310.87
bie_finhestnks11,2018-Q3,TP.FINHESTNKS11.ZP19,"VF.5.2.2.Diğer Yatırım Fonları,Finansal Olmayan Kuruluşlar (Konsolide Olmayan, Stok)",last,0.0
bie_finhestnks11,2018-Q3,TP.FINHESTNKS11.ZP20,"VF.6.Sigorta ve Emeklilik Sözleşmeleri,Finansal Olmayan Kuruluşlar (Konsolide Olmayan, Stok)",last,20316306.53
bie_finhestnks11,2018-Q3,TP.FINHESTNKS11.ZP21,"VF.7.Finansal Türevler,Finansal Olmayan Kuruluşlar (Konsolide Olmayan, Stok)",last,8568757.0
bie_finhestnks11,2018-Q3,TP.FINHESTNKS11.ZP22,"VF.8.Diğer Alacaklar,Finansal Olmayan Kuruluşlar (Konsolide Olmayan, Stok)",last,2997952036.8
bie_finhestnks11,2018-Q3,TP.FINHESTNKS11.ZP23,"VF.0.Toplam Varlıklar,Finansal Olmayan Kuruluşlar (Konsolide Olmayan, Stok)",last,5465764167.04
bie_finhestnks11,2018-Q3,TP.FINHESTNKS11.ZP24,"F.1.Parasal Altın ve SDR,Finansal Olmayan Kuruluşlar (Konsolide Olmayan, Stok)",last,0.0
bie_finhestnks11,2018-Q3,TP.FINHESTNKS11.ZP26,"F.1.2.Özel Çekme Hakları (SDR),Finansal Olmayan Kuruluşlar (Konsolide Olmayan, Stok)",last,0.0
bie_finhestnks11,2018-Q3,TP.FINHESTNKS11.ZP27,"F.2.Para ve Mevduat,Finansal Olmayan Kuruluşlar (Konsolide Olmayan, Stok)",last,0.0
bie_finhestnks11,2018-Q3,TP.FINHESTNKS11.ZP28,"F.2.1.Para,Finansal Olmayan Kuruluşlar (Konsolide Olmayan, Stok)",last,0.0
bie_finhestnks11,2018-Q3,TP.FINHESTNKS11.ZP29,"F.2.2.Vadesiz Mevduat,Finansal Olmayan Kuruluşlar (Konsolide Olmayan, Stok)",last,0.0
bie_finhestnks11,2018-Q3,TP.FINHESTNKS11.ZP30,"F.2.9.Vadeli Mevduat,Finansal Olmayan Kuruluşlar (Konsolide Olmayan, Stok)",last,0.0
bie_finhestnks11,2018-Q3,TP.FINHESTNKS11.ZP31,"F.3.Borçlanma Senetleri,Finansal Olmayan Kuruluşlar (Konsolide Olmayan, Stok)",last,79036661.42
bie_finhestnks11,2018-Q3,TP.FINHESTNKS11.ZP32,"F.3.1.Kısa Vadeli Borçlanma Senetleri,Finansal Olmayan Kuruluşlar (Konsolide Olmayan, Stok)",last,3842361.87
bie_finhestnks11,2018-Q3,TP.FINHESTNKS11.ZP33,"F.3.2.Uzun Vadeli Borçlanma Senetleri,Finansal Olmayan Kuruluşlar (Konsolide Olmayan, Stok)",last,75194299.54
bie_finhestnks11,2018-Q3,TP.FINHESTNKS11.ZP34,"F.4.Krediler,Finansal Olmayan Kuruluşlar (Konsolide Olmayan, Stok)",last,2754730833.11
bie_finhestnks11,2018-Q3,TP.FINHESTNKS11.ZP35,"F.4.1.Kısa Vadeli Krediler,Finansal Olmayan Kuruluşlar (Konsolide Olmayan, Stok)",last,779779274.28
bie_finhestnks11,2018-Q3,TP.FINHESTNKS11.ZP36,"F.4.2.Uzun Vadeli Krediler,Finansal Olmayan Kuruluşlar (Konsolide Olmayan, Stok)",last,1974951558.83
bie_finhestnks11,2018-Q3,TP.FINHESTNKS11.ZP37,"F.5.Hisse Senetleri ve Özkaynaklar,Finansal Olmayan Kuruluşlar (Konsolide Olmayan, Stok)",last,1950581381.16
bie_finhestnks11,2018-Q3,TP.FINHESTNKS11.ZP38,"F.5.1.Hisse Senetleri ve Özkaynaklar,Finansal Olmayan Kuruluşlar (Konsolide Olmayan, Stok)",last,1950581381.16
bie_finhestnks11,2018-Q3,TP.FINHESTNKS11.ZP39,"F.5.2.Yatırım Fonu Katılma Belgeleri,Finansal Olmayan Kuruluşlar (Konsolide Olmayan, Stok)",last,0.0
bie_finhestnks11,2018-Q3,TP.FINHESTNKS11.ZP40,"F.5.2.1.Para Piyasası Fonları,Finansal Olmayan Kuruluşlar (Konsolide Olmayan, Stok)",last,0.0
bie_finhestnks11,2018-Q3,TP.FINHESTNKS11.ZP41,"F.5.2.2.Diğer Yatırım Fonları,Finansal Olmayan Kuruluşlar (Konsolide Olmayan, Stok)",last,0.0
bie_finhestnks11,2018-Q3,TP.FINHESTNKS11.ZP42,"F.6.Sigorta ve Emeklilik Sözleşmeleri,Finansal Olmayan Kuruluşlar (Konsolide Olmayan, Stok)",last,0.0
bie_finhestnks11,2018-Q3,TP.FINHESTNKS11.ZP43,"F.7.Finansal Türevler,Finansal Olmayan Kuruluşlar (Konsolide Olmayan, Stok)",last,15539815.0
bie_finhestnks11,2018-Q3,TP.FINHESTNKS11.ZP44,"F.8.Diğer Borçlar,Finansal Olmayan Kuruluşlar (Konsolide Olmayan, Stok)",last,3070932634.49
bie_finhestnks11,2018-Q3,TP.FINHESTNKS11.ZP45,"F.0.Toplam Yükümlülükler,Finansal Olmayan Kuruluşlar (Konsolide Olmayan, Stok)",last,7870821325.19
bie_finhestnks11,2018-Q4,TP.FINHESTNKS11.ZP1,"BF.9.NET FİNANSAL DEĞER,Finansal Olmayan Kuruluşlar (Konsolide Olmayan, Stok)",last,-2146422444.62
bie_finhestnks11,2018-Q4,TP.FINHESTNKS11.ZP2,"VF.1.Parasal Altın ve SDR,Finansal Olmayan Kuruluşlar (Konsolide Olmayan, Stok)",last,0.0
bie_finhestnks11,2018-Q4,TP.FINHESTNKS11.ZP3,"VF.1.1.Parasal Altın,Finansal Olmayan Kuruluşlar (Konsolide Olmayan, Stok)",last,0.0
bie_finhestnks11,2018-Q4,TP.FINHESTNKS11.ZP4,"VF.1.2.Özel Çekme Hakları (SDR),Finansal Olmayan Kuruluşlar (Konsolide Olmayan, Stok)",last,0.0
bie_finhestnks11,2018-Q4,TP.FINHESTNKS11.ZP5,"VF.2.Para ve Mevduat,Finansal Olmayan Kuruluşlar (Konsolide Olmayan, Stok)",last,674783939.07
bie_finhestnks11,2018-Q4,TP.FINHESTNKS11.ZP6,"VF.2.1.Para,Finansal Olmayan Kuruluşlar (Konsolide Olmayan, Stok)",last,68381480.37
bie_finhestnks11,2018-Q4,TP.FINHESTNKS11.ZP7,"VF.2.2.Vadesiz Mevduat,Finansal Olmayan Kuruluşlar (Konsolide Olmayan, Stok)",last,242718152.14
bie_finhestnks11,2018-Q4,TP.FINHESTNKS11.ZP8,"VF.2.9.Vadeli Mevduat,Finansal Olmayan Kuruluşlar (Konsolide Olmayan, Stok)",last,363684306.55
bie_finhestnks11,2018-Q4,TP.FINHESTNKS11.ZP9,"VF.3.Borçlanma Senetleri,Finansal Olmayan Kuruluşlar (Konsolide Olmayan, Stok)",last,39410498.27
bie_finhestnks11,2018-Q4,TP.FINHESTNKS11.ZP10,"VF.3.1.Kısa Vadeli Borçlanma Senetleri,Finansal Olmayan Kuruluşlar (Konsolide Olmayan, Stok)",last,14260845.59
bie_finhestnks11,2018-Q4,TP.FINHESTNKS11.ZP11,"VF.3.2.Uzun Vadeli Borçlanma Senetleri,Finansal Olmayan Kuruluşlar (Konsolide Olmayan, Stok)",last,25149652.68
bie_finhestnks11,2018-Q4,TP.FINHESTNKS11.ZP12,"VF.4.Krediler,Finansal Olmayan Kuruluşlar (Konsolide Olmayan, Stok)",last,34630467.56
bie_finhestnks11,2018-Q4,TP.FINHESTNKS11.ZP13,"VF.4.1.Kısa Vadeli Krediler,Finansal Olmayan Kuruluşlar (Konsolide Olmayan, Stok)",last,34630467.56
bie_finhestnks11,2018-Q4,TP.FINHESTNKS11.ZP14,"VF.4.2.Uzun Vadeli Krediler,Finansal Olmayan Kuruluşlar (Konsolide Olmayan, Stok)",last,0.0
bie_finhestnks11,2018-Q4,TP.FINHESTNKS11.ZP15,"VF.5.Hisse Senetleri ve Özkaynaklar,Finansal Olmayan Kuruluşlar (Konsolide Olmayan, Stok)",last,1469263297.37
bie_finhestnks11,2018-Q4,TP.FINHESTNKS11.ZP16,"VF.5.1.Hisse Senetleri ve Özkaynaklar,Finansal Olmayan Kuruluşlar (Konsolide Olmayan, Stok)",last,1463189643.07
bie_finhestnks11,2018-Q4,TP.FINHESTNKS11.ZP17,"VF.5.2.Yatırım Fonu Katılma Belgeleri,Finansal Olmayan Kuruluşlar (Konsolide Olmayan, Stok)",last,6073654.29
bie_finhestnks11,2018-Q4,TP.FINHESTNKS11.ZP18,"VF.5.2.1.Para Piyasası Fonları,Finansal Olmayan Kuruluşlar (Konsolide Olmayan, Stok)",last,6073654.29
bie_finhestnks11,2018-Q4,TP.FINHESTNKS11.ZP19,"VF.5.2.2.Diğer Yatırım Fonları,Finansal Olmayan Kuruluşlar (Konsolide Olmayan, Stok)",last,0.0
bie_finhestnks11,2018-Q4,TP.FINHESTNKS11.ZP20,"VF.6.Sigorta ve Emeklilik Sözleşmeleri,Finansal Olmayan Kuruluşlar (Konsolide Olmayan, Stok)",last,20987700.04
bie_finhestnks11,2018-Q4,TP.FINHESTNKS11.ZP21,"VF.7.Finansal Türevler,Finansal Olmayan Kuruluşlar (Konsolide Olmayan, Stok)",last,3398221.0
bie_finhestnks11,2018-Q4,TP.FINHESTNKS11.ZP22,"VF.8.Diğer Alacaklar,Finansal Olmayan Kuruluşlar (Konsolide Olmayan, Stok)",last,3243323852.23
bie_finhestnks11,2018-Q4,TP.FINHESTNKS11.ZP23,"VF.0.Toplam Varlıklar,Finansal Olmayan Kuruluşlar (Konsolide Olmayan, Stok)",last,5485797975.57
bie_finhestnks11,2018-Q4,TP.FINHESTNKS11.ZP24,"F.1.Parasal Altın ve SDR,Finansal Olmayan Kuruluşlar (Konsolide Olmayan, Stok)",last,0.0
bie_finhestnks11,2018-Q4,TP.FINHESTNKS11.ZP26,"F.1.2.Özel Çekme Hakları (SDR),Finansal Olmayan Kuruluşlar (Konsolide Olmayan, Stok)",last,0.0
bie_finhestnks11,2018-Q4,TP.FINHESTNKS11.ZP27,"F.2.Para ve Mevduat,Finansal Olmayan Kuruluşlar (Konsolide Olmayan, Stok)",last,0.0
bie_finhestnks11,2018-Q4,TP.FINHESTNKS11.ZP28,"F.2.1.Para,Finansal Olmayan Kuruluşlar (Konsolide Olmayan, Stok)",last,0.0
bie_finhestnks11,2018-Q4,TP.FINHESTNKS11.ZP29,"F.2.2.Vadesiz Mevduat,Finansal Olmayan Kuruluşlar (Konsolide Olmayan, Stok)",last,0.0
bie_finhestnks11,2018-Q4,TP.FINHESTNKS11.ZP30,"F.2.9.Vadeli Mevduat,Finansal Olmayan Kuruluşlar (Konsolide Olmayan, Stok)",last,0.0
bie_finhestnks11,2018-Q4,TP.FINHESTNKS11.ZP31,"F.3.Borçlanma Senetleri,Finansal Olmayan Kuruluşlar (Konsolide Olmayan, Stok)",last,69540500.84
bie_finhestnks11,2018-Q4,TP.FINHESTNKS11.ZP32,"F.3.1.Kısa Vadeli Borçlanma Senetleri,Finansal Olmayan Kuruluşlar (Konsolide Olmayan, Stok)",last,6387024.51
bie_finhestnks11,2018-Q4,TP.FINHESTNKS11.ZP33,"F.3.2.Uzun Vadeli Borçlanma Senetleri,Finansal Olmayan Kuruluşlar (Konsolide Olmayan, Stok)",last,63153476.32
bie_finhestnks11,2018-Q4,TP.FINHESTNKS11.ZP34,"F.4.Krediler,Finansal Olmayan Kuruluşlar (Konsolide Olmayan, Stok)",last,2478875600.74
bie_finhestnks11,2018-Q4,TP.FINHESTNKS11.ZP35,"F.4.1.Kısa Vadeli Krediler,Finansal Olmayan Kuruluşlar (Konsolide Olmayan, Stok)",last,744416423.15
bie_finhestnks11,2018-Q4,TP.FINHESTNKS11.ZP36,"F.4.2.Uzun Vadeli Krediler,Finansal Olmayan Kuruluşlar (Konsolide Olmayan, Stok)",last,1734459177.58
bie_finhestnks11,2018-Q4,TP.FINHESTNKS11.ZP37,"F.5.Hisse Senetleri ve Özkaynaklar,Finansal Olmayan Kuruluşlar (Konsolide Olmayan, Stok)",last,1783908499.27
bie_finhestnks11,2018-Q4,TP.FINHESTNKS11.ZP38,"F.5.1.Hisse Senetleri ve Özkaynaklar,Finansal Olmayan Kuruluşlar (Konsolide Olmayan, Stok)",last,1783908499.27
bie_finhestnks11,2018-Q4,TP.FINHESTNKS11.ZP39,"F.5.2.Yatırım Fonu Katılma Belgeleri,Finansal Olmayan Kuruluşlar (Konsolide Olmayan, Stok)",last,0.0
bie_finhestnks11,2018-Q4,TP.FINHESTNKS11.ZP40,"F.5.2.1.Para Piyasası Fonları,Finansal Olmayan Kuruluşlar (Konsolide Olmayan, Stok)",last,0.0
bie_finhestnks11,2018-Q4,TP.FINHESTNKS11.ZP41,"F.5.2.2.Diğer Yatırım Fonları,Finansal Olmayan Kuruluşlar (Konsolide Olmayan, Stok)",last,0.0
bie_finhestnks11,2018-Q4,TP.FINHESTNKS11.ZP42,"F.6.Sigorta ve Emeklilik Sözleşmeleri,Finansal Olmayan Kuruluşlar (Konsolide Olmayan, Stok)",last,0.0
bie_finhestnks11,2018-Q4,TP.FINHESTNKS11.ZP43,"F.7.Finansal Türevler,Finansal Olmayan Kuruluşlar (Konsolide Olmayan, Stok)",last,10140868.0
bie_finhestnks11,2018-Q4,TP.FINHESTNKS11.ZP44,"F.8.Diğer Borçlar,Finansal Olmayan Kuruluşlar (Konsolide Olmayan, Stok)",last,3289754951.33
bie_finhestnks11,2018-Q4,TP.FINHESTNKS11.ZP45,"F.0.Toplam Yükümlülükler,Finansal Olmayan Kuruluşlar (Konsolide Olmayan, Stok)",last,7632220420.19
bie_finhestnks11,2019-Q1,TP.FINHESTNKS11.ZP1,"BF.9.NET FİNANSAL DEĞER,Finansal Olmayan Kuruluşlar (Konsolide Olmayan, Stok)",last,-2181549534.79
bie_finhestnks11,2019-Q1,TP.FINHESTNKS11.ZP2,"VF.1.Parasal Altın ve SDR,Finansal Olmayan Kuruluşlar (Konsolide Olmayan, Stok)",last,0.0
bie_finhestnks11,2019-Q1,TP.FINHESTNKS11.ZP3,"VF.1.1.Parasal Altın,Finansal Olmayan Kuruluşlar (Konsolide Olmayan, Stok)",last,0.0
bie_finhestnks11,2019-Q1,TP.FINHESTNKS11.ZP4,"VF.1.2.Özel Çekme Hakları (SDR),Finansal Olmayan Kuruluşlar (Konsolide Olmayan, Stok)",last,0.0
bie_finhestnks11,2019-Q1,TP.FINHESTNKS11.ZP5,"VF.2.Para ve Mevduat,Finansal Olmayan Kuruluşlar (Konsolide Olmayan, Stok)",last,778517452.05
bie_finhestnks11,2019-Q1,TP.FINHESTNKS11.ZP6,"VF.2.1.Para,Finansal Olmayan Kuruluşlar (Konsolide Olmayan, Stok)",last,70729215.55
bie_finhestnks11,2019-Q1,TP.FINHESTNKS11.ZP7,"VF.2.2.Vadesiz Mevduat,Finansal Olmayan Kuruluşlar (Konsolide Olmayan, Stok)",last,286334587.59
bie_finhestnks11,2019-Q1,TP.FINHESTNKS11.ZP8,"VF.2.9.Vadeli Mevduat,Finansal Olmayan Kuruluşlar (Konsolide Olmayan, Stok)",last,421453648.9
bie_finhestnks11,2019-Q1,TP.FINHESTNKS11.ZP9,"VF.3.Borçlanma Senetleri,Finansal Olmayan Kuruluşlar (Konsolide Olmayan, Stok)",last,59204220.79
bie_finhestnks11,2019-Q1,TP.FINHESTNKS11.ZP10,"VF.3.1.Kısa Vadeli Borçlanma Senetleri,Finansal Olmayan Kuruluşlar (Konsolide Olmayan, Stok)",last,28357647.99
bie_finhestnks11,2019-Q1,TP.FINHESTNKS11.ZP11,"VF.3.2.Uzun Vadeli Borçlanma Senetleri,Finansal Olmayan Kuruluşlar (Konsolide Olmayan, Stok)",last,30846572.79
bie_finhestnks11,2019-Q1,TP.FINHESTNKS11.ZP12,"VF.4.Krediler,Finansal Olmayan Kuruluşlar (Konsolide Olmayan, Stok)",last,36242776.86
bie_finhestnks11,2019-Q1,TP.FINHESTNKS11.ZP13,"VF.4.1.Kısa Vadeli Krediler,Finansal Olmayan Kuruluşlar (Konsolide Olmayan, Stok)",last,36242776.86
bie_finhestnks11,2019-Q1,TP.FINHESTNKS11.ZP14,"VF.4.2.Uzun Vadeli Krediler,Finansal Olmayan Kuruluşlar (Konsolide Olmayan, Stok)",last,0.0
bie_finhestnks11,2019-Q1,TP.FINHESTNKS11.ZP15,"VF.5.Hisse Senetleri ve Özkaynaklar,Finansal Olmayan Kuruluşlar (Konsolide Olmayan, Stok)",last,1635671801.91
bie_finhestnks11,2019-Q1,TP.FINHESTNKS11.ZP16,"VF.5.1.Hisse Senetleri ve Özkaynaklar,Finansal Olmayan Kuruluşlar (Konsolide Olmayan, Stok)",last,1631009352.4
bie_finhestnks11,2019-Q1,TP.FINHESTNKS11.ZP17,"VF.5.2.Yatırım Fonu Katılma Belgeleri,Finansal Olmayan Kuruluşlar (Konsolide Olmayan, Stok)",last,4662449.51
bie_finhestnks11,2019-Q1,TP.FINHESTNKS11.ZP18,"VF.5.2.1.Para Piyasası Fonları,Finansal Olmayan Kuruluşlar (Konsolide Olmayan, Stok)",last,4662449.51
bie_finhestnks11,2019-Q1,TP.FINHESTNKS11.ZP19,"VF.5.2.2.Diğer Yatırım Fonları,Finansal Olmayan Kuruluşlar (Konsolide Olmayan, Stok)",last,0.0
bie_finhestnks11,2019-Q1,TP.FINHESTNKS11.ZP20,"VF.6.Sigorta ve Emeklilik Sözleşmeleri,Finansal Olmayan Kuruluşlar (Konsolide Olmayan, Stok)",last,23303381.99
bie_finhestnks11,2019-Q1,TP.FINHESTNKS11.ZP21,"VF.7.Finansal Türevler,Finansal Olmayan Kuruluşlar (Konsolide Olmayan, Stok)",last,4082130.0
bie_finhestnks11,2019-Q1,TP.FINHESTNKS11.ZP22,"VF.8.Diğer Alacaklar,Finansal Olmayan Kuruluşlar (Konsolide Olmayan, Stok)",last,3335995067.42
bie_finhestnks11,2019-Q1,TP.FINHESTNKS11.ZP23,"VF.0.Toplam Varlıklar,Finansal Olmayan Kuruluşlar (Konsolide Olmayan, Stok)",last,5873016831.05
bie_finhestnks11,2019-Q1,TP.FINHESTNKS11.ZP24,"F.1.Parasal Altın ve SDR,Finansal Olmayan Kuruluşlar (Konsolide Olmayan, Stok)",last,0.0
bie_finhestnks11,2019-Q1,TP.FINHESTNKS11.ZP26,"F.1.2.Özel Çekme Hakları (SDR),Finansal Olmayan Kuruluşlar (Konsolide Olmayan, Stok)",last,0.0
bie_finhestnks11,2019-Q1,TP.FINHESTNKS11.ZP27,"F.2.Para ve Mevduat,Finansal Olmayan Kuruluşlar (Konsolide Olmayan, Stok)",last,0.0
bie_finhestnks11,2019-Q1,TP.FINHESTNKS11.ZP28,"F.2.1.Para,Finansal Olmayan Kuruluşlar (Konsolide Olmayan, Stok)",last,0.0
bie_finhestnks11,2019-Q1,TP.FINHESTNKS11.ZP29,"F.2.2.Vadesiz Mevduat,Finansal Olmayan Kuruluşlar (Konsolide Olmayan, Stok)",last,0.0
bie_finhestnks11,2019-Q1,TP.FINHESTNKS11.ZP30,"F.2.9.Vadeli Mevduat,Finansal Olmayan Kuruluşlar (Konsolide Olmayan, Stok)",last,0.0
bie_finhestnks11,2019-Q1,TP.FINHESTNKS11.ZP31,"F.3.Borçlanma Senetleri,Finansal Olmayan Kuruluşlar (Konsolide Olmayan, Stok)",last,84828450.71
bie_finhestnks11,2019-Q1,TP.FINHESTNKS11.ZP32,"F.3.1.Kısa Vadeli Borçlanma Senetleri,Finansal Olmayan Kuruluşlar (Konsolide Olmayan, Stok)",last,6888910.61
bie_finhestnks11,2019-Q1,TP.FINHESTNKS11.ZP33,"F.3.2.Uzun Vadeli Borçlanma Senetleri,Finansal Olmayan Kuruluşlar (Konsolide Olmayan, Stok)",last,77939540.09
bie_finhestnks11,2019-Q1,TP.FINHESTNKS11.ZP34,"F.4.Krediler,Finansal Olmayan Kuruluşlar (Konsolide Olmayan, Stok)",last,2612881988.67
bie_finhestnks11,2019-Q1,TP.FINHESTNKS11.ZP35,"F.4.1.Kısa Vadeli Krediler,Finansal Olmayan Kuruluşlar (Konsolide Olmayan, Stok)",last,774250168.03
bie_finhestnks11,2019-Q1,TP.FINHESTNKS11.ZP36,"F.4.2.Uzun Vadeli Krediler,Finansal Olmayan Kuruluşlar (Konsolide Olmayan, Stok)",last,1838631820.63
bie_finhestnks11,2019-Q1,TP.FINHESTNKS11.ZP37,"F.5.Hisse Senetleri ve Özkaynaklar,Finansal Olmayan Kuruluşlar (Konsolide Olmayan, Stok)",last,1986544420.03
bie_finhestnks11,2019-Q1,TP.FINHESTNKS11.ZP38,"F.5.1.Hisse Senetleri ve Özkaynaklar,Finansal Olmayan Kuruluşlar (Konsolide Olmayan, Stok)",last,1986544420.03
bie_finhestnks11,2019-Q1,TP.FINHESTNKS11.ZP39,"F.5.2.Yatırım Fonu Katılma Belgeleri,Finansal Olmayan Kuruluşlar (Konsolide Olmayan, Stok)",last,0.0
bie_finhestnks11,2019-Q1,TP.FINHESTNKS11.ZP40,"F.5.2.1.Para Piyasası Fonları,Finansal Olmayan Kuruluşlar (Konsolide Olmayan, Stok)",last,0.0
bie_finhestnks11,2019-Q1,TP.FINHESTNKS11.ZP41,"F.5.2.2.Diğer Yatırım Fonları,Finansal Olmayan Kuruluşlar (Konsolide Olmayan, Stok)",last,0.0
bie_finhestnks11,2019-Q1,TP.FINHESTNKS11.ZP42,"F.6.Sigorta ve Emeklilik Sözleşmeleri,Finansal Olmayan Kuruluşlar (Konsolide Olmayan, Stok)",last,0.0
bie_finhestnks11,2019-Q1,TP.FINHESTNKS11.ZP43,"F.7.Finansal Türevler,Finansal Olmayan Kuruluşlar (Konsolide Olmayan, Stok)",last,11566135.0
bie_finhestnks11,2019-Q1,TP.FINHESTNKS11.ZP44,"F.8.Diğer Borçlar,Finansal Olmayan Kuruluşlar (Konsolide Olmayan, Stok)",last,3358745371.41
bie_finhestnks11,2019-Q1,TP.FINHESTNKS11.ZP45,"F.0.Toplam Yükümlülükler,Finansal Olmayan Kuruluşlar (Konsolide Olmayan, Stok)",last,8054566365.84
bie_finhestnks11,2019-Q2,TP.FINHESTNKS11.ZP1,"BF.9.NET FİNANSAL DEĞER,Finansal Olmayan Kuruluşlar (Konsolide Olmayan, Stok)",last,-2205489850.05
bie_finhestnks11,2019-Q2,TP.FINHESTNKS11.ZP2,"VF.1.Parasal Altın ve SDR,Finansal Olmayan Kuruluşlar (Konsolide Olmayan, Stok)",last,0.0
bie_finhestnks11,2019-Q2,TP.FINHESTNKS11.ZP3,"VF.1.1.Parasal Altın,Finansal Olmayan Kuruluşlar (Konsolide Olmayan, Stok)",last,0.0
bie_finhestnks11,2019-Q2,TP.FINHESTNKS11.ZP4,"VF.1.2.Özel Çekme Hakları (SDR),Finansal Olmayan Kuruluşlar (Konsolide Olmayan, Stok)",last,0.0
bie_finhestnks11,2019-Q2,TP.FINHESTNKS11.ZP5,"VF.2.Para ve Mevduat,Finansal Olmayan Kuruluşlar (Konsolide Olmayan, Stok)",last,780381962.07
bie_finhestnks11,2019-Q2,TP.FINHESTNKS11.ZP6,"VF.2.1.Para,Finansal Olmayan Kuruluşlar (Konsolide Olmayan, Stok)",last,73127399.52
bie_finhestnks11,2019-Q2,TP.FINHESTNKS11.ZP7,"VF.2.2.Vadesiz Mevduat,Finansal Olmayan Kuruluşlar (Konsolide Olmayan, Stok)",last,299406624.98
bie_finhestnks11,2019-Q2,TP.FINHESTNKS11.ZP8,"VF.2.9.Vadeli Mevduat,Finansal Olmayan Kuruluşlar (Konsolide Olmayan, Stok)",last,407847937.57
bie_finhestnks11,2019-Q2,TP.FINHESTNKS11.ZP9,"VF.3.Borçlanma Senetleri,Finansal Olmayan Kuruluşlar (Konsolide Olmayan, Stok)",last,65232624.3
bie_finhestnks11,2019-Q2,TP.FINHESTNKS11.ZP10,"VF.3.1.Kısa Vadeli Borçlanma Senetleri,Finansal Olmayan Kuruluşlar (Konsolide Olmayan, Stok)",last,40092549.02
bie_finhestnks11,2019-Q2,TP.FINHESTNKS11.ZP11,"VF.3.2.Uzun Vadeli Borçlanma Senetleri,Finansal Olmayan Kuruluşlar (Konsolide Olmayan, Stok)",last,25140075.28
bie_finhestnks11,2019-Q2,TP.FINHESTNKS11.ZP12,"VF.4.Krediler,Finansal Olmayan Kuruluşlar (Konsolide Olmayan, Stok)",last,37266526.11
bie_finhestnks11,2019-Q2,TP.FINHESTNKS11.ZP13,"VF.4.1.Kısa Vadeli Krediler,Finansal Olmayan Kuruluşlar (Konsolide Olmayan, Stok)",last,37266526.11
bie_finhestnks11,2019-Q2,TP.FINHESTNKS11.ZP14,"VF.4.2.Uzun Vadeli Krediler,Finansal Olmayan Kuruluşlar (Konsolide Olmayan, Stok)",last,0.0
bie_finhestnks11,2019-Q2,TP.FINHESTNKS11.ZP15,"VF.5.Hisse Senetleri ve Özkaynaklar,Finansal Olmayan Kuruluşlar (Konsolide Olmayan, Stok)",last,1597197438.95
bie_finhestnks11,2019-Q2,TP.FINHESTNKS11.ZP16,"VF.5.1.Hisse Senetleri ve Özkaynaklar,Finansal Olmayan Kuruluşlar (Konsolide Olmayan, Stok)",last,1592884325.99
bie_finhestnks11,2019-Q2,TP.FINHESTNKS11.ZP17,"VF.5.2.Yatırım Fonu Katılma Belgeleri,Finansal Olmayan Kuruluşlar (Konsolide Olmayan, Stok)",last,4313112.95
bie_finhestnks11,2019-Q2,TP.FINHESTNKS11.ZP18,"VF.5.2.1.Para Piyasası Fonları,Finansal Olmayan Kuruluşlar (Konsolide Olmayan, Stok)",last,4313112.95
bie_finhestnks11,2019-Q2,TP.FINHESTNKS11.ZP19,"VF.5.2.2.Diğer Yatırım Fonları,Finansal Olmayan Kuruluşlar (Konsolide Olmayan, Stok)",last,0.0
bie_finhestnks11,2019-Q2,TP.FINHESTNKS11.ZP20,"VF.6.Sigorta ve Emeklilik Sözleşmeleri,Finansal Olmayan Kuruluşlar (Konsolide Olmayan, Stok)",last,24615805.34
bie_finhestnks11,2019-Q2,TP.FINHESTNKS11.ZP21,"VF.7.Finansal Türevler,Finansal Olmayan Kuruluşlar (Konsolide Olmayan, Stok)",last,3878263.0
bie_finhestnks11,2019-Q2,TP.FINHESTNKS11.ZP22,"VF.8.Diğer Alacaklar,Finansal Olmayan Kuruluşlar (Konsolide Olmayan, Stok)",last,3425331210.33
bie_finhestnks11,2019-Q2,TP.FINHESTNKS11.ZP23,"VF.0.Toplam Varlıklar,Finansal Olmayan Kuruluşlar (Konsolide Olmayan, Stok)",last,5933903830.13
bie_finhestnks11,2019-Q2,TP.FINHESTNKS11.ZP24,"F.1.Parasal Altın ve SDR,Finansal Olmayan Kuruluşlar (Konsolide Olmayan, Stok)",last,0.0
bie_finhestnks11,2019-Q2,TP.FINHESTNKS11.ZP26,"F.1.2.Özel Çekme Hakları (SDR),Finansal Olmayan Kuruluşlar (Konsolide Olmayan, Stok)",last,0.0
bie_finhestnks11,2019-Q2,TP.FINHESTNKS11.ZP27,"F.2.Para ve Mevduat,Finansal Olmayan Kuruluşlar (Konsolide Olmayan, Stok)",last,0.0
bie_finhestnks11,2019-Q2,TP.FINHESTNKS11.ZP28,"F.2.1.Para,Finansal Olmayan Kuruluşlar (Konsolide Olmayan, Stok)",last,0.0
bie_finhestnks11,2019-Q2,TP.FINHESTNKS11.ZP29,"F.2.2.Vadesiz Mevduat,Finansal Olmayan Kuruluşlar (Konsolide Olmayan, Stok)",last,0.0
bie_finhestnks11,2019-Q2,TP.FINHESTNKS11.ZP30,"F.2.9.Vadeli Mevduat,Finansal Olmayan Kuruluşlar (Konsolide Olmayan, Stok)",last,0.0
bie_finhestnks11,2019-Q2,TP.FINHESTNKS11.ZP31,"F.3.Borçlanma Senetleri,Finansal Olmayan Kuruluşlar (Konsolide Olmayan, Stok)",last,79060205.01
bie_finhestnks11,2019-Q2,TP.FINHESTNKS11.ZP32,"F.3.1.Kısa Vadeli Borçlanma Senetleri,Finansal Olmayan Kuruluşlar (Konsolide Olmayan, Stok)",last,5815632.35
bie_finhestnks11,2019-Q2,TP.FINHESTNKS11.ZP33,"F.3.2.Uzun Vadeli Borçlanma Senetleri,Finansal Olmayan Kuruluşlar (Konsolide Olmayan, Stok)",last,73244572.66
bie_finhestnks11,2019-Q2,TP.FINHESTNKS11.ZP34,"F.4.Krediler,Finansal Olmayan Kuruluşlar (Konsolide Olmayan, Stok)",last,2663566043.25
bie_finhestnks11,2019-Q2,TP.FINHESTNKS11.ZP35,"F.4.1.Kısa Vadeli Krediler,Finansal Olmayan Kuruluşlar (Konsolide Olmayan, Stok)",last,817444283.01
bie_finhestnks11,2019-Q2,TP.FINHESTNKS11.ZP36,"F.4.2.Uzun Vadeli Krediler,Finansal Olmayan Kuruluşlar (Konsolide Olmayan, Stok)",last,1846121760.23
bie_finhestnks11,2019-Q2,TP.FINHESTNKS11.ZP37,"F.5.Hisse Senetleri ve Özkaynaklar,Finansal Olmayan Kuruluşlar (Konsolide Olmayan, Stok)",last,1908144881.39
bie_finhestnks11,2019-Q2,TP.FINHESTNKS11.ZP38,"F.5.1.Hisse Senetleri ve Özkaynaklar,Finansal Olmayan Kuruluşlar (Konsolide Olmayan, Stok)",last,1908144881.39
bie_finhestnks11,2019-Q2,TP.FINHESTNKS11.ZP39,"F.5.2.Yatırım Fonu Katılma Belgeleri,Finansal Olmayan Kuruluşlar (Konsolide Olmayan, Stok)",last,0.0
bie_finhestnks11,2019-Q2,TP.FINHESTNKS11.ZP40,"F.5.2.1.Para Piyasası Fonları,Finansal Olmayan Kuruluşlar (Konsolide Olmayan, Stok)",last,0.0
bie_finhestnks11,2019-Q2,TP.FINHESTNKS11.ZP41,"F.5.2.2.Diğer Yatırım Fonları,Finansal Olmayan Kuruluşlar (Konsolide Olmayan, Stok)",last,0.0
bie_finhestnks11,2019-Q2,TP.FINHESTNKS11.ZP42,"F.6.Sigorta ve Emeklilik Sözleşmeleri,Finansal Olmayan Kuruluşlar (Konsolide Olmayan, Stok)",last,0.0
bie_finhestnks11,2019-Q2,TP.FINHESTNKS11.ZP43,"F.7.Finansal Türevler,Finansal Olmayan Kuruluşlar (Konsolide Olmayan, Stok)",last,10809358.0
bie_finhestnks11,2019-Q2,TP.FINHESTNKS11.ZP44,"F.8.Diğer Borçlar,Finansal Olmayan Kuruluşlar (Konsolide Olmayan, Stok)",last,3477813192.51
bie_finhestnks11,2019-Q2,TP.FINHESTNKS11.ZP45,"F.0.Toplam Yükümlülükler,Finansal Olmayan Kuruluşlar (Konsolide Olmayan, Stok)",last,8139393680.18
bie_finhestnks11,2019-Q3,TP.FINHESTNKS11.ZP1,"BF.9.NET FİNANSAL DEĞER,Finansal Olmayan Kuruluşlar (Konsolide Olmayan, Stok)",last,-2203203046.97
bie_finhestnks11,2019-Q3,TP.FINHESTNKS11.ZP2,"VF.1.Parasal Altın ve SDR,Finansal Olmayan Kuruluşlar (Konsolide Olmayan, Stok)",last,0.0
bie_finhestnks11,2019-Q3,TP.FINHESTNKS11.ZP3,"VF.1.1.Parasal Altın,Finansal Olmayan Kuruluşlar (Konsolide Olmayan, Stok)",last,0.0
bie_finhestnks11,2019-Q3,TP.FINHESTNKS11.ZP4,"VF.1.2.Özel Çekme Hakları (SDR),Finansal Olmayan Kuruluşlar (Konsolide Olmayan, Stok)",last,0.0
bie_finhestnks11,2019-Q3,TP.FINHESTNKS11.ZP5,"VF.2.Para ve Mevduat,Finansal Olmayan Kuruluşlar (Konsolide Olmayan, Stok)",last,794336399.34
bie_finhestnks11,2019-Q3,TP.FINHESTNKS11.ZP6,"VF.2.1.Para,Finansal Olmayan Kuruluşlar (Konsolide Olmayan, Stok)",last,75318378.8
bie_finhestnks11,2019-Q3,TP.FINHESTNKS11.ZP7,"VF.2.2.Vadesiz Mevduat,Finansal Olmayan Kuruluşlar (Konsolide Olmayan, Stok)",last,294492388.46
bie_finhestnks11,2019-Q3,TP.FINHESTNKS11.ZP8,"VF.2.9.Vadeli Mevduat,Finansal Olmayan Kuruluşlar (Konsolide Olmayan, Stok)",last,424525632.08
bie_finhestnks11,2019-Q3,TP.FINHESTNKS11.ZP9,"VF.3.Borçlanma Senetleri,Finansal Olmayan Kuruluşlar (Konsolide Olmayan, Stok)",last,63956296.46
bie_finhestnks11,2019-Q3,TP.FINHESTNKS11.ZP10,"VF.3.1.Kısa Vadeli Borçlanma Senetleri,Finansal Olmayan Kuruluşlar (Konsolide Olmayan, Stok)",last,33639727.46
bie_finhestnks11,2019-Q3,TP.FINHESTNKS11.ZP11,"VF.3.2.Uzun Vadeli Borçlanma Senetleri,Finansal Olmayan Kuruluşlar (Konsolide Olmayan, Stok)",last,30316568.99
bie_finhestnks11,2019-Q3,TP.FINHESTNKS11.ZP12,"VF.4.Krediler,Finansal Olmayan Kuruluşlar (Konsolide Olmayan, Stok)",last,37124107.47
bie_finhestnks11,2019-Q3,TP.FINHESTNKS11.ZP13,"VF.4.1.Kısa Vadeli Krediler,Finansal Olmayan Kuruluşlar (Konsolide Olmayan, Stok)",last,37124107.47
bie_finhestnks11,2019-Q3,TP.FINHESTNKS11.ZP14,"VF.4.2.Uzun Vadeli Krediler,Finansal Olmayan Kuruluşlar (Konsolide Olmayan, Stok)",last,0.0
bie_finhestnks11,2019-Q3,TP.FINHESTNKS11.ZP15,"VF.5.Hisse Senetleri ve Özkaynaklar,Finansal Olmayan Kuruluşlar (Konsolide Olmayan, Stok)",last,1634422262.56
bie_finhestnks11,2019-Q3,TP.FINHESTNKS11.ZP16,"VF.5.1.Hisse Senetleri ve Özkaynaklar,Finansal Olmayan Kuruluşlar (Konsolide Olmayan, Stok)",last,1629578877.1
bie_finhestnks11,2019-Q3,TP.FINHESTNKS11.ZP17,"VF.5.2.Yatırım Fonu Katılma Belgeleri,Finansal Olmayan Kuruluşlar (Konsolide Olmayan, Stok)",last,4843385.45
bie_finhestnks11,2019-Q3,TP.FINHESTNKS11.ZP18,"VF.5.2.1.Para Piyasası Fonları,Finansal Olmayan Kuruluşlar (Konsolide Olmayan, Stok)",last,4843385.45
bie_finhestnks11,2019-Q3,TP.FINHESTNKS11.ZP19,"VF.5.2.2.Diğer Yatırım Fonları,Finansal Olmayan Kuruluşlar (Konsolide Olmayan, Stok)",last,0.0
bie_finhestnks11,2019-Q3,TP.FINHESTNKS11.ZP20,"VF.6.Sigorta ve Emeklilik Sözleşmeleri,Finansal Olmayan Kuruluşlar (Konsolide Olmayan, Stok)",last,25127984.37
bie_finhestnks11,2019-Q3,TP.FINHESTNKS11.ZP21,"VF.7.Finansal Türevler,Finansal Olmayan Kuruluşlar (Konsolide Olmayan, Stok)",last,4832239.0
bie_finhestnks11,2019-Q3,TP.FINHESTNKS11.ZP22,"VF.8.Diğer Alacaklar,Finansal Olmayan Kuruluşlar (Konsolide Olmayan, Stok)",last,3548835694.05
bie_finhestnks11,2019-Q3,TP.FINHESTNKS11.ZP23,"VF.0.Toplam Varlıklar,Finansal Olmayan Kuruluşlar (Konsolide Olmayan, Stok)",last,6108634983.27
bie_finhestnks11,2019-Q3,TP.FINHESTNKS11.ZP24,"F.1.Parasal Altın ve SDR,Finansal Olmayan Kuruluşlar (Konsolide Olmayan, Stok)",last,0.0
bie_finhestnks11,2019-Q3,TP.FINHESTNKS11.ZP26,"F.1.2.Özel Çekme Hakları (SDR),Finansal Olmayan Kuruluşlar (Konsolide Olmayan, Stok)",last,0.0
bie_finhestnks11,2019-Q3,TP.FINHESTNKS11.ZP27,"F.2.Para ve Mevduat,Finansal Olmayan Kuruluşlar (Konsolide Olmayan, Stok)",last,0.0
bie_finhestnks11,2019-Q3,TP.FINHESTNKS11.ZP28,"F.2.1.Para,Finansal Olmayan Kuruluşlar (Konsolide Olmayan, Stok)",last,0.0
bie_finhestnks11,2019-Q3,TP.FINHESTNKS11.ZP29,"F.2.2.Vadesiz Mevduat,Finansal Olmayan Kuruluşlar (Konsolide Olmayan, Stok)",last,0.0
bie_finhestnks11,2019-Q3,TP.FINHESTNKS11.ZP30,"F.2.9.Vadeli Mevduat,Finansal Olmayan Kuruluşlar (Konsolide Olmayan, Stok)",last,0.0
bie_finhestnks11,2019-Q3,TP.FINHESTNKS11.ZP31,"F.3.Borçlanma Senetleri,Finansal Olmayan Kuruluşlar (Konsolide Olmayan, Stok)",last,78734934.85
bie_finhestnks11,2019-Q3,TP.FINHESTNKS11.ZP32,"F.3.1.Kısa Vadeli Borçlanma Senetleri,Finansal Olmayan Kuruluşlar (Konsolide Olmayan, Stok)",last,7296952.41
bie_finhestnks11,2019-Q3,TP.FINHESTNKS11.ZP33,"F.3.2.Uzun Vadeli Borçlanma Senetleri,Finansal Olmayan Kuruluşlar (Konsolide Olmayan, Stok)",last,71437982.43
bie_finhestnks11,2019-Q3,TP.FINHESTNKS11.ZP34,"F.4.Krediler,Finansal Olmayan Kuruluşlar (Konsolide Olmayan, Stok)",last,2619900774.39
bie_finhestnks11,2019-Q3,TP.FINHESTNKS11.ZP35,"F.4.1.Kısa Vadeli Krediler,Finansal Olmayan Kuruluşlar (Konsolide Olmayan, Stok)",last,819993907.23
bie_finhestnks11,2019-Q3,TP.FINHESTNKS11.ZP36,"F.4.2.Uzun Vadeli Krediler,Finansal Olmayan Kuruluşlar (Konsolide Olmayan, Stok)",last,1799906867.16
bie_finhestnks11,2019-Q3,TP.FINHESTNKS11.ZP37,"F.5.Hisse Senetleri ve Özkaynaklar,Finansal Olmayan Kuruluşlar (Konsolide Olmayan, Stok)",last,2015874050.99
bie_finhestnks11,2019-Q3,TP.FINHESTNKS11.ZP38,"F.5.1.Hisse Senetleri ve Özkaynaklar,Finansal Olmayan Kuruluşlar (Konsolide Olmayan, Stok)",last,2015874050.99
bie_finhestnks11,2019-Q3,TP.FINHESTNKS11.ZP39,"F.5.2.Yatırım Fonu Katılma Belgeleri,Finansal Olmayan Kuruluşlar (Konsolide Olmayan, Stok)",last,0.0
bie_finhestnks11,2019-Q3,TP.FINHESTNKS11.ZP40,"F.5.2.1.Para Piyasası Fonları,Finansal Olmayan Kuruluşlar (Konsolide Olmayan, Stok)",last,0.0
bie_finhestnks11,2019-Q3,TP.FINHESTNKS11.ZP41,"F.5.2.2.Diğer Yatırım Fonları,Finansal Olmayan Kuruluşlar (Konsolide Olmayan, Stok)",last,0.0
bie_finhestnks11,2019-Q3,TP.FINHESTNKS11.ZP42,"F.6.Sigorta ve Emeklilik Sözleşmeleri,Finansal Olmayan Kuruluşlar (Konsolide Olmayan, Stok)",last,0.0
bie_finhestnks11,2019-Q3,TP.FINHESTNKS11.ZP43,"F.7.Finansal Türevler,Finansal Olmayan Kuruluşlar (Konsolide Olmayan, Stok)",last,14413121.0
bie_finhestnks11,2019-Q3,TP.FINHESTNKS11.ZP44,"F.8.Diğer Borçlar,Finansal Olmayan Kuruluşlar (Konsolide Olmayan, Stok)",last,3582915149.0
bie_finhestnks11,2019-Q3,TP.FINHESTNKS11.ZP45,"F.0.Toplam Yükümlülükler,Finansal Olmayan Kuruluşlar (Konsolide Olmayan, Stok)",last,8311838030.25
bie_finhestnks11,2019-Q4,TP.FINHESTNKS11.ZP1,"BF.9.NET FİNANSAL DEĞER,Finansal Olmayan Kuruluşlar (Konsolide Olmayan, Stok)",last,-2138182979.15
bie_finhestnks11,2019-Q4,TP.FINHESTNKS11.ZP2,"VF.1.Parasal Altın ve SDR,Finansal Olmayan Kuruluşlar (Konsolide Olmayan, Stok)",last,0.0
bie_finhestnks11,2019-Q4,TP.FINHESTNKS11.ZP3,"VF.1.1.Parasal Altın,Finansal Olmayan Kuruluşlar (Konsolide Olmayan, Stok)",last,0.0
bie_finhestnks11,2019-Q4,TP.FINHESTNKS11.ZP4,"VF.1.2.Özel Çekme Hakları (SDR),Finansal Olmayan Kuruluşlar (Konsolide Olmayan, Stok)",last,0.0
bie_finhestnks11,2019-Q4,TP.FINHESTNKS11.ZP5,"VF.2.Para ve Mevduat,Finansal Olmayan Kuruluşlar (Konsolide Olmayan, Stok)",last,881490396.62
bie_finhestnks11,2019-Q4,TP.FINHESTNKS11.ZP6,"VF.2.1.Para,Finansal Olmayan Kuruluşlar (Konsolide Olmayan, Stok)",last,75941319.82
bie_finhestnks11,2019-Q4,TP.FINHESTNKS11.ZP7,"VF.2.2.Vadesiz Mevduat,Finansal Olmayan Kuruluşlar (Konsolide Olmayan, Stok)",last,328481302.49
bie_finhestnks11,2019-Q4,TP.FINHESTNKS11.ZP8,"VF.2.9.Vadeli Mevduat,Finansal Olmayan Kuruluşlar (Konsolide Olmayan, Stok)",last,477067774.29
bie_finhestnks11,2019-Q4,TP.FINHESTNKS11.ZP9,"VF.3.Borçlanma Senetleri,Finansal Olmayan Kuruluşlar (Konsolide Olmayan, Stok)",last,65895203.21
bie_finhestnks11,2019-Q4,TP.FINHESTNKS11.ZP10,"VF.3.1.Kısa Vadeli Borçlanma Senetleri,Finansal Olmayan Kuruluşlar (Konsolide Olmayan, Stok)",last,33649993.46
bie_finhestnks11,2019-Q4,TP.FINHESTNKS11.ZP11,"VF.3.2.Uzun Vadeli Borçlanma Senetleri,Finansal Olmayan Kuruluşlar (Konsolide Olmayan, Stok)",last,32245209.75
bie_finhestnks11,2019-Q4,TP.FINHESTNKS11.ZP12,"VF.4.Krediler,Finansal Olmayan Kuruluşlar (Konsolide Olmayan, Stok)",last,43649012.51
bie_finhestnks11,2019-Q4,TP.FINHESTNKS11.ZP13,"VF.4.1.Kısa Vadeli Krediler,Finansal Olmayan Kuruluşlar (Konsolide Olmayan, Stok)",last,43649012.51
bie_finhestnks11,2019-Q4,TP.FINHESTNKS11.ZP14,"VF.4.2.Uzun Vadeli Krediler,Finansal Olmayan Kuruluşlar (Konsolide Olmayan, Stok)",last,0.0
bie_finhestnks11,2019-Q4,TP.FINHESTNKS11.ZP15,"VF.5.Hisse Senetleri ve Özkaynaklar,Finansal Olmayan Kuruluşlar (Konsolide Olmayan, Stok)",last,1948670856.26
bie_finhestnks11,2019-Q4,TP.FINHESTNKS11.ZP16,"VF.5.1.Hisse Senetleri ve Özkaynaklar,Finansal Olmayan Kuruluşlar (Konsolide Olmayan, Stok)",last,1942779612.76
bie_finhestnks11,2019-Q4,TP.FINHESTNKS11.ZP17,"VF.5.2.Yatırım Fonu Katılma Belgeleri,Finansal Olmayan Kuruluşlar (Konsolide Olmayan, Stok)",last,5891243.5
bie_finhestnks11,2019-Q4,TP.FINHESTNKS11.ZP18,"VF.5.2.1.Para Piyasası Fonları,Finansal Olmayan Kuruluşlar (Konsolide Olmayan, Stok)",last,5891243.5
bie_finhestnks11,2019-Q4,TP.FINHESTNKS11.ZP19,"VF.5.2.2.Diğer Yatırım Fonları,Finansal Olmayan Kuruluşlar (Konsolide Olmayan, Stok)",last,0.0
bie_finhestnks11,2019-Q4,TP.FINHESTNKS11.ZP20,"VF.6.Sigorta ve Emeklilik Sözleşmeleri,Finansal Olmayan Kuruluşlar (Konsolide Olmayan, Stok)",last,26729942.88
bie_finhestnks11,2019-Q4,TP.FINHESTNKS11.ZP21,"VF.7.Finansal Türevler,Finansal Olmayan Kuruluşlar (Konsolide Olmayan, Stok)",last,4000583.0
bie_finhestnks11,2019-Q4,TP.FINHESTNKS11.ZP22,"VF.8.Diğer Alacaklar,Finansal Olmayan Kuruluşlar (Konsolide Olmayan, Stok)",last,3637534223.1
bie_finhestnks11,2019-Q4,TP.FINHESTNKS11.ZP23,"VF.0.Toplam Varlıklar,Finansal Olmayan Kuruluşlar (Konsolide Olmayan, Stok)",last,6607970217.61
bie_finhestnks11,2019-Q4,TP.FINHESTNKS11.ZP24,"F.1.Parasal Altın ve SDR,Finansal Olmayan Kuruluşlar (Konsolide Olmayan, Stok)",last,0.0
bie_finhestnks11,2019-Q4,TP.FINHESTNKS11.ZP26,"F.1.2.Özel Çekme Hakları (SDR),Finansal Olmayan Kuruluşlar (Konsolide Olmayan, Stok)",last,0.0
bie_finhestnks11,2019-Q4,TP.FINHESTNKS11.ZP27,"F.2.Para ve Mevduat,Finansal Olmayan Kuruluşlar (Konsolide Olmayan, Stok)",last,0.0
bie_finhestnks11,2019-Q4,TP.FINHESTNKS11.ZP28,"F.2.1.Para,Finansal Olmayan Kuruluşlar (Konsolide Olmayan, Stok)",last,0.0
bie_finhestnks11,2019-Q4,TP.FINHESTNKS11.ZP29,"F.2.2.Vadesiz Mevduat,Finansal Olmayan Kuruluşlar (Konsolide Olmayan, Stok)",last,0.0
bie_finhestnks11,2019-Q4,TP.FINHESTNKS11.ZP30,"F.2.9.Vadeli Mevduat,Finansal Olmayan Kuruluşlar (Konsolide Olmayan, Stok)",last,0.0
bie_finhestnks11,2019-Q4,TP.FINHESTNKS11.ZP31,"F.3.Borçlanma Senetleri,Finansal Olmayan Kuruluşlar (Konsolide Olmayan, Stok)",last,83718997.4
bie_finhestnks11,2019-Q4,TP.FINHESTNKS11.ZP32,"F.3.1.Kısa Vadeli Borçlanma Senetleri,Finansal Olmayan Kuruluşlar (Konsolide Olmayan, Stok)",last,8135172.99
bie_finhestnks11,2019-Q4,TP.FINHESTNKS11.ZP33,"F.3.2.Uzun Vadeli Borçlanma Senetleri,Finansal Olmayan Kuruluşlar (Konsolide Olmayan, Stok)",last,75583824.4
bie_finhestnks11,2019-Q4,TP.FINHESTNKS11.ZP34,"F.4.Krediler,Finansal Olmayan Kuruluşlar (Konsolide Olmayan, Stok)",last,2716716255.85
bie_finhestnks11,2019-Q4,TP.FINHESTNKS11.ZP35,"F.4.1.Kısa Vadeli Krediler,Finansal Olmayan Kuruluşlar (Konsolide Olmayan, Stok)",last,804959064.3
bie_finhestnks11,2019-Q4,TP.FINHESTNKS11.ZP36,"F.4.2.Uzun Vadeli Krediler,Finansal Olmayan Kuruluşlar (Konsolide Olmayan, Stok)",last,1911757191.55
bie_finhestnks11,2019-Q4,TP.FINHESTNKS11.ZP37,"F.5.Hisse Senetleri ve Özkaynaklar,Finansal Olmayan Kuruluşlar (Konsolide Olmayan, Stok)",last,2237131011.08
bie_finhestnks11,2019-Q4,TP.FINHESTNKS11.ZP38,"F.5.1.Hisse Senetleri ve Özkaynaklar,Finansal Olmayan Kuruluşlar (Konsolide Olmayan, Stok)",last,2237131011.08
bie_finhestnks11,2019-Q4,TP.FINHESTNKS11.ZP39,"F.5.2.Yatırım Fonu Katılma Belgeleri,Finansal Olmayan Kuruluşlar (Konsolide Olmayan, Stok)",last,0.0
bie_finhestnks11,2019-Q4,TP.FINHESTNKS11.ZP40,"F.5.2.1.Para Piyasası Fonları,Finansal Olmayan Kuruluşlar (Konsolide Olmayan, Stok)",last,0.0
bie_finhestnks11,2019-Q4,TP.FINHESTNKS11.ZP41,"F.5.2.2.Diğer Yatırım Fonları,Finansal Olmayan Kuruluşlar (Konsolide Olmayan, Stok)",last,0.0
bie_finhestnks11,2019-Q4,TP.FINHESTNKS11.ZP42,"F.6.Sigorta ve Emeklilik Sözleşmeleri,Finansal Olmayan Kuruluşlar (Konsolide Olmayan, Stok)",last,0.0
bie_finhestnks11,2019-Q4,TP.FINHESTNKS11.ZP43,"F.7.Finansal Türevler,Finansal Olmayan Kuruluşlar (Konsolide Olmayan, Stok)",last,8379306.0
bie_finhestnks11,2019-Q4,TP.FINHESTNKS11.ZP44,"F.8.Diğer Borçlar,Finansal Olmayan Kuruluşlar (Konsolide Olmayan, Stok)",last,3700207626.42
bie_finhestnks11,2019-Q4,TP.FINHESTNKS11.ZP45,"F.0.Toplam Yükümlülükler,Finansal Olmayan Kuruluşlar (Konsolide Olmayan, Stok)",last,8746153196.77
bie_finhestnks11,2020-Q1,TP.FINHESTNKS11.ZP1,"BF.9.NET FİNANSAL DEĞER,Finansal Olmayan Kuruluşlar (Konsolide Olmayan, Stok)",last,-2360013210.55
bie_finhestnks11,2020-Q1,TP.FINHESTNKS11.ZP2,"VF.1.Parasal Altın ve SDR,Finansal Olmayan Kuruluşlar (Konsolide Olmayan, Stok)",last,0.0
bie_finhestnks11,2020-Q1,TP.FINHESTNKS11.ZP3,"VF.1.1.Parasal Altın,Finansal Olmayan Kuruluşlar (Konsolide Olmayan, Stok)",last,0.0
bie_finhestnks11,2020-Q1,TP.FINHESTNKS11.ZP4,"VF.1.2.Özel Çekme Hakları (SDR),Finansal Olmayan Kuruluşlar (Konsolide Olmayan, Stok)",last,0.0
bie_finhestnks11,2020-Q1,TP.FINHESTNKS11.ZP5,"VF.2.Para ve Mevduat,Finansal Olmayan Kuruluşlar (Konsolide Olmayan, Stok)",last,945594490.88
bie_finhestnks11,2020-Q1,TP.FINHESTNKS11.ZP6,"VF.2.1.Para,Finansal Olmayan Kuruluşlar (Konsolide Olmayan, Stok)",last,78490904.05
bie_finhestnks11,2020-Q1,TP.FINHESTNKS11.ZP7,"VF.2.2.Vadesiz Mevduat,Finansal Olmayan Kuruluşlar (Konsolide Olmayan, Stok)",last,331516211.09
bie_finhestnks11,2020-Q1,TP.FINHESTNKS11.ZP8,"VF.2.9.Vadeli Mevduat,Finansal Olmayan Kuruluşlar (Konsolide Olmayan, Stok)",last,535587375.72
bie_finhestnks11,2020-Q1,TP.FINHESTNKS11.ZP9,"VF.3.Borçlanma Senetleri,Finansal Olmayan Kuruluşlar (Konsolide Olmayan, Stok)",last,40353196.31
bie_finhestnks11,2020-Q1,TP.FINHESTNKS11.ZP10,"VF.3.1.Kısa Vadeli Borçlanma Senetleri,Finansal Olmayan Kuruluşlar (Konsolide Olmayan, Stok)",last,18912007.22
bie_finhestnks11,2020-Q1,TP.FINHESTNKS11.ZP11,"VF.3.2.Uzun Vadeli Borçlanma Senetleri,Finansal Olmayan Kuruluşlar (Konsolide Olmayan, Stok)",last,21441189.09
bie_finhestnks11,2020-Q1,TP.FINHESTNKS11.ZP12,"VF.4.Krediler,Finansal Olmayan Kuruluşlar (Konsolide Olmayan, Stok)",last,47852753.88
bie_finhestnks11,2020-Q1,TP.FINHESTNKS11.ZP13,"VF.4.1.Kısa Vadeli Krediler,Finansal Olmayan Kuruluşlar (Konsolide Olmayan, Stok)",last,47852753.88
bie_finhestnks11,2020-Q1,TP.FINHESTNKS11.ZP14,"VF.4.2.Uzun Vadeli Krediler,Finansal Olmayan Kuruluşlar (Konsolide Olmayan, Stok)",last,0.0
bie_finhestnks11,2020-Q1,TP.FINHESTNKS11.ZP15,"VF.5.Hisse Senetleri ve Özkaynaklar,Finansal Olmayan Kuruluşlar (Konsolide Olmayan, Stok)",last,1743973321.54
bie_finhestnks11,2020-Q1,TP.FINHESTNKS11.ZP16,"VF.5.1.Hisse Senetleri ve Özkaynaklar,Finansal Olmayan Kuruluşlar (Konsolide Olmayan, Stok)",last,1721945174.7
bie_finhestnks11,2020-Q1,TP.FINHESTNKS11.ZP17,"VF.5.2.Yatırım Fonu Katılma Belgeleri,Finansal Olmayan Kuruluşlar (Konsolide Olmayan, Stok)",last,22028146.84
bie_finhestnks11,2020-Q1,TP.FINHESTNKS11.ZP18,"VF.5.2.1.Para Piyasası Fonları,Finansal Olmayan Kuruluşlar (Konsolide Olmayan, Stok)",last,10493402.84
bie_finhestnks11,2020-Q1,TP.FINHESTNKS11.ZP19,"VF.5.2.2.Diğer Yatırım Fonları,Finansal Olmayan Kuruluşlar (Konsolide Olmayan, Stok)",last,11534743.99
bie_finhestnks11,2020-Q1,TP.FINHESTNKS11.ZP20,"VF.6.Sigorta ve Emeklilik Sözleşmeleri,Finansal Olmayan Kuruluşlar (Konsolide Olmayan, Stok)",last,28176196.56
bie_finhestnks11,2020-Q1,TP.FINHESTNKS11.ZP21,"VF.7.Finansal Türevler,Finansal Olmayan Kuruluşlar (Konsolide Olmayan, Stok)",last,5757441.0
bie_finhestnks11,2020-Q1,TP.FINHESTNKS11.ZP22,"VF.8.Diğer Alacaklar,Finansal Olmayan Kuruluşlar (Konsolide Olmayan, Stok)",last,3726365050.95
bie_finhestnks11,2020-Q1,TP.FINHESTNKS11.ZP23,"VF.0.Toplam Varlıklar,Finansal Olmayan Kuruluşlar (Konsolide Olmayan, Stok)",last,6538072451.15
bie_finhestnks11,2020-Q1,TP.FINHESTNKS11.ZP24,"F.1.Parasal Altın ve SDR,Finansal Olmayan Kuruluşlar (Konsolide Olmayan, Stok)",last,0.0
bie_finhestnks11,2020-Q1,TP.FINHESTNKS11.ZP26,"F.1.2.Özel Çekme Hakları (SDR),Finansal Olmayan Kuruluşlar (Konsolide Olmayan, Stok)",last,0.0
bie_finhestnks11,2020-Q1,TP.FINHESTNKS11.ZP27,"F.2.Para ve Mevduat,Finansal Olmayan Kuruluşlar (Konsolide Olmayan, Stok)",last,0.0
bie_finhestnks11,2020-Q1,TP.FINHESTNKS11.ZP28,"F.2.1.Para,Finansal Olmayan Kuruluşlar (Konsolide Olmayan, Stok)",last,0.0
bie_finhestnks11,2020-Q1,TP.FINHESTNKS11.ZP29,"F.2.2.Vadesiz Mevduat,Finansal Olmayan Kuruluşlar (Konsolide Olmayan, Stok)",last,0.0
bie_finhestnks11,2020-Q1,TP.FINHESTNKS11.ZP30,"F.2.9.Vadeli Mevduat,Finansal Olmayan Kuruluşlar (Konsolide Olmayan, Stok)",last,0.0
bie_finhestnks11,2020-Q1,TP.FINHESTNKS11.ZP31,"F.3.Borçlanma Senetleri,Finansal Olmayan Kuruluşlar (Konsolide Olmayan, Stok)",last,82449972.67
bie_finhestnks11,2020-Q1,TP.FINHESTNKS11.ZP32,"F.3.1.Kısa Vadeli Borçlanma Senetleri,Finansal Olmayan Kuruluşlar (Konsolide Olmayan, Stok)",last,7825154.71
bie_finhestnks11,2020-Q1,TP.FINHESTNKS11.ZP33,"F.3.2.Uzun Vadeli Borçlanma Senetleri,Finansal Olmayan Kuruluşlar (Konsolide Olmayan, Stok)",last,74624817.95
bie_finhestnks11,2020-Q1,TP.FINHESTNKS11.ZP34,"F.4.Krediler,Finansal Olmayan Kuruluşlar (Konsolide Olmayan, Stok)",last,2913977844.14
bie_finhestnks11,2020-Q1,TP.FINHESTNKS11.ZP35,"F.4.1.Kısa Vadeli Krediler,Finansal Olmayan Kuruluşlar (Konsolide Olmayan, Stok)",last,873933814.69
bie_finhestnks11,2020-Q1,TP.FINHESTNKS11.ZP36,"F.4.2.Uzun Vadeli Krediler,Finansal Olmayan Kuruluşlar (Konsolide Olmayan, Stok)",last,2040044029.45
bie_finhestnks11,2020-Q1,TP.FINHESTNKS11.ZP37,"F.5.Hisse Senetleri ve Özkaynaklar,Finansal Olmayan Kuruluşlar (Konsolide Olmayan, Stok)",last,2128026263.39
bie_finhestnks11,2020-Q1,TP.FINHESTNKS11.ZP38,"F.5.1.Hisse Senetleri ve Özkaynaklar,Finansal Olmayan Kuruluşlar (Konsolide Olmayan, Stok)",last,2128026263.39
bie_finhestnks11,2020-Q1,TP.FINHESTNKS11.ZP39,"F.5.2.Yatırım Fonu Katılma Belgeleri,Finansal Olmayan Kuruluşlar (Konsolide Olmayan, Stok)",last,0.0
bie_finhestnks11,2020-Q1,TP.FINHESTNKS11.ZP40,"F.5.2.1.Para Piyasası Fonları,Finansal Olmayan Kuruluşlar (Konsolide Olmayan, Stok)",last,0.0
bie_finhestnks11,2020-Q1,TP.FINHESTNKS11.ZP41,"F.5.2.2.Diğer Yatırım Fonları,Finansal Olmayan Kuruluşlar (Konsolide Olmayan, Stok)",last,0.0
bie_finhestnks11,2020-Q1,TP.FINHESTNKS11.ZP42,"F.6.Sigorta ve Emeklilik Sözleşmeleri,Finansal Olmayan Kuruluşlar (Konsolide Olmayan, Stok)",last,0.0
bie_finhestnks11,2020-Q1,TP.FINHESTNKS11.ZP43,"F.7.Finansal Türevler,Finansal Olmayan Kuruluşlar (Konsolide Olmayan, Stok)",last,13581689.0
bie_finhestnks11,2020-Q1,TP.FINHESTNKS11.ZP44,"F.8.Diğer Borçlar,Finansal Olmayan Kuruluşlar (Konsolide Olmayan, Stok)",last,3760049892.49
bie_finhestnks11,2020-Q1,TP.FINHESTNKS11.ZP45,"F.0.Toplam Yükümlülükler,Finansal Olmayan Kuruluşlar (Konsolide Olmayan, Stok)",last,8898085661.7
bie_finhestnks11,2020-Q2,TP.FINHESTNKS11.ZP1,"BF.9.NET FİNANSAL DEĞER,Finansal Olmayan Kuruluşlar (Konsolide Olmayan, Stok)",last,-2725236502.35
bie_finhestnks11,2020-Q2,TP.FINHESTNKS11.ZP2,"VF.1.Parasal Altın ve SDR,Finansal Olmayan Kuruluşlar (Konsolide Olmayan, Stok)",last,0.0
bie_finhestnks11,2020-Q2,TP.FINHESTNKS11.ZP3,"VF.1.1.Parasal Altın,Finansal Olmayan Kuruluşlar (Konsolide Olmayan, Stok)",last,0.0
bie_finhestnks11,2020-Q2,TP.FINHESTNKS11.ZP4,"VF.1.2.Özel Çekme Hakları (SDR),Finansal Olmayan Kuruluşlar (Konsolide Olmayan, Stok)",last,0.0
bie_finhestnks11,2020-Q2,TP.FINHESTNKS11.ZP5,"VF.2.Para ve Mevduat,Finansal Olmayan Kuruluşlar (Konsolide Olmayan, Stok)",last,1070917683.23
bie_finhestnks11,2020-Q2,TP.FINHESTNKS11.ZP6,"VF.2.1.Para,Finansal Olmayan Kuruluşlar (Konsolide Olmayan, Stok)",last,78657131.69
bie_finhestnks11,2020-Q2,TP.FINHESTNKS11.ZP7,"VF.2.2.Vadesiz Mevduat,Finansal Olmayan Kuruluşlar (Konsolide Olmayan, Stok)",last,410699804.06
bie_finhestnks11,2020-Q2,TP.FINHESTNKS11.ZP8,"VF.2.9.Vadeli Mevduat,Finansal Olmayan Kuruluşlar (Konsolide Olmayan, Stok)",last,581560747.46
bie_finhestnks11,2020-Q2,TP.FINHESTNKS11.ZP9,"VF.3.Borçlanma Senetleri,Finansal Olmayan Kuruluşlar (Konsolide Olmayan, Stok)",last,47542335.48
bie_finhestnks11,2020-Q2,TP.FINHESTNKS11.ZP10,"VF.3.1.Kısa Vadeli Borçlanma Senetleri,Finansal Olmayan Kuruluşlar (Konsolide Olmayan, Stok)",last,20882318.9
bie_finhestnks11,2020-Q2,TP.FINHESTNKS11.ZP11,"VF.3.2.Uzun Vadeli Borçlanma Senetleri,Finansal Olmayan Kuruluşlar (Konsolide Olmayan, Stok)",last,26660016.58
bie_finhestnks11,2020-Q2,TP.FINHESTNKS11.ZP12,"VF.4.Krediler,Finansal Olmayan Kuruluşlar (Konsolide Olmayan, Stok)",last,50483458.06
bie_finhestnks11,2020-Q2,TP.FINHESTNKS11.ZP13,"VF.4.1.Kısa Vadeli Krediler,Finansal Olmayan Kuruluşlar (Konsolide Olmayan, Stok)",last,50483458.06
bie_finhestnks11,2020-Q2,TP.FINHESTNKS11.ZP14,"VF.4.2.Uzun Vadeli Krediler,Finansal Olmayan Kuruluşlar (Konsolide Olmayan, Stok)",last,0.0
bie_finhestnks11,2020-Q2,TP.FINHESTNKS11.ZP15,"VF.5.Hisse Senetleri ve Özkaynaklar,Finansal Olmayan Kuruluşlar (Konsolide Olmayan, Stok)",last,2230118192.88
bie_finhestnks11,2020-Q2,TP.FINHESTNKS11.ZP16,"VF.5.1.Hisse Senetleri ve Özkaynaklar,Finansal Olmayan Kuruluşlar (Konsolide Olmayan, Stok)",last,2203279651.43
bie_finhestnks11,2020-Q2,TP.FINHESTNKS11.ZP17,"VF.5.2.Yatırım Fonu Katılma Belgeleri,Finansal Olmayan Kuruluşlar (Konsolide Olmayan, Stok)",last,26838541.44
bie_finhestnks11,2020-Q2,TP.FINHESTNKS11.ZP18,"VF.5.2.1.Para Piyasası Fonları,Finansal Olmayan Kuruluşlar (Konsolide Olmayan, Stok)",last,11306184.36
bie_finhestnks11,2020-Q2,TP.FINHESTNKS11.ZP19,"VF.5.2.2.Diğer Yatırım Fonları,Finansal Olmayan Kuruluşlar (Konsolide Olmayan, Stok)",last,15532357.08
bie_finhestnks11,2020-Q2,TP.FINHESTNKS11.ZP20,"VF.6.Sigorta ve Emeklilik Sözleşmeleri,Finansal Olmayan Kuruluşlar (Konsolide Olmayan, Stok)",last,29059310.88
bie_finhestnks11,2020-Q2,TP.FINHESTNKS11.ZP21,"VF.7.Finansal Türevler,Finansal Olmayan Kuruluşlar (Konsolide Olmayan, Stok)",last,4992454.0
bie_finhestnks11,2020-Q2,TP.FINHESTNKS11.ZP22,"VF.8.Diğer Alacaklar,Finansal Olmayan Kuruluşlar (Konsolide Olmayan, Stok)",last,3742662061.11
bie_finhestnks11,2020-Q2,TP.FINHESTNKS11.ZP23,"VF.0.Toplam Varlıklar,Finansal Olmayan Kuruluşlar (Konsolide Olmayan, Stok)",last,7175775495.66
bie_finhestnks11,2020-Q2,TP.FINHESTNKS11.ZP24,"F.1.Parasal Altın ve SDR,Finansal Olmayan Kuruluşlar (Konsolide Olmayan, Stok)",last,0.0
bie_finhestnks11,2020-Q2,TP.FINHESTNKS11.ZP26,"F.1.2.Özel Çekme Hakları (SDR),Finansal Olmayan Kuruluşlar (Konsolide Olmayan, Stok)",last,0.0
bie_finhestnks11,2020-Q2,TP.FINHESTNKS11.ZP27,"F.2.Para ve Mevduat,Finansal Olmayan Kuruluşlar (Konsolide Olmayan, Stok)",last,0.0
bie_finhestnks11,2020-Q2,TP.FINHESTNKS11.ZP28,"F.2.1.Para,Finansal Olmayan Kuruluşlar (Konsolide Olmayan, Stok)",last,0.0
bie_finhestnks11,2020-Q2,TP.FINHESTNKS11.ZP29,"F.2.2.Vadesiz Mevduat,Finansal Olmayan Kuruluşlar (Konsolide Olmayan, Stok)",last,0.0
bie_finhestnks11,2020-Q2,TP.FINHESTNKS11.ZP30,"F.2.9.Vadeli Mevduat,Finansal Olmayan Kuruluşlar (Konsolide Olmayan, Stok)",last,0.0
bie_finhestnks11,2020-Q2,TP.FINHESTNKS11.ZP31,"F.3.Borçlanma Senetleri,Finansal Olmayan Kuruluşlar (Konsolide Olmayan, Stok)",last,78048425.22
bie_finhestnks11,2020-Q2,TP.FINHESTNKS11.ZP32,"F.3.1.Kısa Vadeli Borçlanma Senetleri,Finansal Olmayan Kuruluşlar (Konsolide Olmayan, Stok)",last,7487389.95
bie_finhestnks11,2020-Q2,TP.FINHESTNKS11.ZP33,"F.3.2.Uzun Vadeli Borçlanma Senetleri,Finansal Olmayan Kuruluşlar (Konsolide Olmayan, Stok)",last,70561035.27
bie_finhestnks11,2020-Q2,TP.FINHESTNKS11.ZP34,"F.4.Krediler,Finansal Olmayan Kuruluşlar (Konsolide Olmayan, Stok)",last,3217352268.9
bie_finhestnks11,2020-Q2,TP.FINHESTNKS11.ZP35,"F.4.1.Kısa Vadeli Krediler,Finansal Olmayan Kuruluşlar (Konsolide Olmayan, Stok)",last,921035624.16
bie_finhestnks11,2020-Q2,TP.FINHESTNKS11.ZP36,"F.4.2.Uzun Vadeli Krediler,Finansal Olmayan Kuruluşlar (Konsolide Olmayan, Stok)",last,2296316644.74
bie_finhestnks11,2020-Q2,TP.FINHESTNKS11.ZP37,"F.5.Hisse Senetleri ve Özkaynaklar,Finansal Olmayan Kuruluşlar (Konsolide Olmayan, Stok)",last,2805814977.06
bie_finhestnks11,2020-Q2,TP.FINHESTNKS11.ZP38,"F.5.1.Hisse Senetleri ve Özkaynaklar,Finansal Olmayan Kuruluşlar (Konsolide Olmayan, Stok)",last,2805814977.06
bie_finhestnks11,2020-Q2,TP.FINHESTNKS11.ZP39,"F.5.2.Yatırım Fonu Katılma Belgeleri,Finansal Olmayan Kuruluşlar (Konsolide Olmayan, Stok)",last,0.0
bie_finhestnks11,2020-Q2,TP.FINHESTNKS11.ZP40,"F.5.2.1.Para Piyasası Fonları,Finansal Olmayan Kuruluşlar (Konsolide Olmayan, Stok)",last,0.0
bie_finhestnks11,2020-Q2,TP.FINHESTNKS11.ZP41,"F.5.2.2.Diğer Yatırım Fonları,Finansal Olmayan Kuruluşlar (Konsolide Olmayan, Stok)",last,0.0
bie_finhestnks11,2020-Q2,TP.FINHESTNKS11.ZP42,"F.6.Sigorta ve Emeklilik Sözleşmeleri,Finansal Olmayan Kuruluşlar (Konsolide Olmayan, Stok)",last,0.0
bie_finhestnks11,2020-Q2,TP.FINHESTNKS11.ZP43,"F.7.Finansal Türevler,Finansal Olmayan Kuruluşlar (Konsolide Olmayan, Stok)",last,13736642.0
bie_finhestnks11,2020-Q2,TP.FINHESTNKS11.ZP44,"F.8.Diğer Borçlar,Finansal Olmayan Kuruluşlar (Konsolide Olmayan, Stok)",last,3786059684.81
bie_finhestnks11,2020-Q2,TP.FINHESTNKS11.ZP45,"F.0.Toplam Yükümlülükler,Finansal Olmayan Kuruluşlar (Konsolide Olmayan, Stok)",last,9901011998.02
bie_finhestnks11,2020-Q3,TP.FINHESTNKS11.ZP1,"BF.9.NET FİNANSAL DEĞER,Finansal Olmayan Kuruluşlar (Konsolide Olmayan, Stok)",last,-3026126766.25
bie_finhestnks11,2020-Q3,TP.FINHESTNKS11.ZP2,"VF.1.Parasal Altın ve SDR,Finansal Olmayan Kuruluşlar (Konsolide Olmayan, Stok)",last,0.0
bie_finhestnks11,2020-Q3,TP.FINHESTNKS11.ZP3,"VF.1.1.Parasal Altın,Finansal Olmayan Kuruluşlar (Konsolide Olmayan, Stok)",last,0.0
bie_finhestnks11,2020-Q3,TP.FINHESTNKS11.ZP4,"VF.1.2.Özel Çekme Hakları (SDR),Finansal Olmayan Kuruluşlar (Konsolide Olmayan, Stok)",last,0.0
bie_finhestnks11,2020-Q3,TP.FINHESTNKS11.ZP5,"VF.2.Para ve Mevduat,Finansal Olmayan Kuruluşlar (Konsolide Olmayan, Stok)",last,1161341957.57
bie_finhestnks11,2020-Q3,TP.FINHESTNKS11.ZP6,"VF.2.1.Para,Finansal Olmayan Kuruluşlar (Konsolide Olmayan, Stok)",last,83176723.49
bie_finhestnks11,2020-Q3,TP.FINHESTNKS11.ZP7,"VF.2.2.Vadesiz Mevduat,Finansal Olmayan Kuruluşlar (Konsolide Olmayan, Stok)",last,454501585.14
bie_finhestnks11,2020-Q3,TP.FINHESTNKS11.ZP8,"VF.2.9.Vadeli Mevduat,Finansal Olmayan Kuruluşlar (Konsolide Olmayan, Stok)",last,623663648.94
bie_finhestnks11,2020-Q3,TP.FINHESTNKS11.ZP9,"VF.3.Borçlanma Senetleri,Finansal Olmayan Kuruluşlar (Konsolide Olmayan, Stok)",last,76070530.64
bie_finhestnks11,2020-Q3,TP.FINHESTNKS11.ZP10,"VF.3.1.Kısa Vadeli Borçlanma Senetleri,Finansal Olmayan Kuruluşlar (Konsolide Olmayan, Stok)",last,19597703.43
bie_finhestnks11,2020-Q3,TP.FINHESTNKS11.ZP11,"VF.3.2.Uzun Vadeli Borçlanma Senetleri,Finansal Olmayan Kuruluşlar (Konsolide Olmayan, Stok)",last,56472827.21
bie_finhestnks11,2020-Q3,TP.FINHESTNKS11.ZP12,"VF.4.Krediler,Finansal Olmayan Kuruluşlar (Konsolide Olmayan, Stok)",last,58898090.86
bie_finhestnks11,2020-Q3,TP.FINHESTNKS11.ZP13,"VF.4.1.Kısa Vadeli Krediler,Finansal Olmayan Kuruluşlar (Konsolide Olmayan, Stok)",last,58898090.86
bie_finhestnks11,2020-Q3,TP.FINHESTNKS11.ZP14,"VF.4.2.Uzun Vadeli Krediler,Finansal Olmayan Kuruluşlar (Konsolide Olmayan, Stok)",last,0.0
bie_finhestnks11,2020-Q3,TP.FINHESTNKS11.ZP15,"VF.5.Hisse Senetleri ve Özkaynaklar,Finansal Olmayan Kuruluşlar (Konsolide Olmayan, Stok)",last,339589580.99
bie_finhestnks11,2020-Q3,TP.FINHESTNKS11.ZP16,"VF.5.1.Hisse Senetleri ve Özkaynaklar,Finansal Olmayan Kuruluşlar (Konsolide Olmayan, Stok)",last,315058261.9
bie_finhestnks11,2020-Q3,TP.FINHESTNKS11.ZP17,"VF.5.2.Yatırım Fonu Katılma Belgeleri,Finansal Olmayan Kuruluşlar (Konsolide Olmayan, Stok)",last,24531319.08
bie_finhestnks11,2020-Q3,TP.FINHESTNKS11.ZP18,"VF.5.2.1.Para Piyasası Fonları,Finansal Olmayan Kuruluşlar (Konsolide Olmayan, Stok)",last,8740398.07
bie_finhestnks11,2020-Q3,TP.FINHESTNKS11.ZP19,"VF.5.2.2.Diğer Yatırım Fonları,Finansal Olmayan Kuruluşlar (Konsolide Olmayan, Stok)",last,15790921.01
bie_finhestnks11,2020-Q3,TP.FINHESTNKS11.ZP20,"VF.6.Sigorta ve Emeklilik Sözleşmeleri,Finansal Olmayan Kuruluşlar (Konsolide Olmayan, Stok)",last,30225521.53
bie_finhestnks11,2020-Q3,TP.FINHESTNKS11.ZP21,"VF.7.Finansal Türevler,Finansal Olmayan Kuruluşlar (Konsolide Olmayan, Stok)",last,7477344.0
bie_finhestnks11,2020-Q3,TP.FINHESTNKS11.ZP22,"VF.8.Diğer Alacaklar,Finansal Olmayan Kuruluşlar (Konsolide Olmayan, Stok)",last,443274351.15
bie_finhestnks11,2020-Q3,TP.FINHESTNKS11.ZP23,"VF.0.Toplam Varlıklar,Finansal Olmayan Kuruluşlar (Konsolide Olmayan, Stok)",last,2116877376.77
bie_finhestnks11,2020-Q3,TP.FINHESTNKS11.ZP24,"F.1.Parasal Altın ve SDR,Finansal Olmayan Kuruluşlar (Konsolide Olmayan, Stok)",last,0.0
bie_finhestnks11,2020-Q3,TP.FINHESTNKS11.ZP26,"F.1.2.Özel Çekme Hakları (SDR),Finansal Olmayan Kuruluşlar (Konsolide Olmayan, Stok)",last,0.0
bie_finhestnks11,2020-Q3,TP.FINHESTNKS11.ZP27,"F.2.Para ve Mevduat,Finansal Olmayan Kuruluşlar (Konsolide Olmayan, Stok)",last,0.0
bie_finhestnks11,2020-Q3,TP.FINHESTNKS11.ZP28,"F.2.1.Para,Finansal Olmayan Kuruluşlar (Konsolide Olmayan, Stok)",last,0.0
bie_finhestnks11,2020-Q3,TP.FINHESTNKS11.ZP29,"F.2.2.Vadesiz Mevduat,Finansal Olmayan Kuruluşlar (Konsolide Olmayan, Stok)",last,0.0
bie_finhestnks11,2020-Q3,TP.FINHESTNKS11.ZP30,"F.2.9.Vadeli Mevduat,Finansal Olmayan Kuruluşlar (Konsolide Olmayan, Stok)",last,0.0
bie_finhestnks11,2020-Q3,TP.FINHESTNKS11.ZP31,"F.3.Borçlanma Senetleri,Finansal Olmayan Kuruluşlar (Konsolide Olmayan, Stok)",last,79500503.36
bie_finhestnks11,2020-Q3,TP.FINHESTNKS11.ZP32,"F.3.1.Kısa Vadeli Borçlanma Senetleri,Finansal Olmayan Kuruluşlar (Konsolide Olmayan, Stok)",last,1630823.26
bie_finhestnks11,2020-Q3,TP.FINHESTNKS11.ZP33,"F.3.2.Uzun Vadeli Borçlanma Senetleri,Finansal Olmayan Kuruluşlar (Konsolide Olmayan, Stok)",last,77869680.09
bie_finhestnks11,2020-Q3,TP.FINHESTNKS11.ZP34,"F.4.Krediler,Finansal Olmayan Kuruluşlar (Konsolide Olmayan, Stok)",last,3484978163.52
bie_finhestnks11,2020-Q3,TP.FINHESTNKS11.ZP35,"F.4.1.Kısa Vadeli Krediler,Finansal Olmayan Kuruluşlar (Konsolide Olmayan, Stok)",last,982275092.54
bie_finhestnks11,2020-Q3,TP.FINHESTNKS11.ZP36,"F.4.2.Uzun Vadeli Krediler,Finansal Olmayan Kuruluşlar (Konsolide Olmayan, Stok)",last,2502703070.98
bie_finhestnks11,2020-Q3,TP.FINHESTNKS11.ZP37,"F.5.Hisse Senetleri ve Özkaynaklar,Finansal Olmayan Kuruluşlar (Konsolide Olmayan, Stok)",last,1110559700.27
bie_finhestnks11,2020-Q3,TP.FINHESTNKS11.ZP38,"F.5.1.Hisse Senetleri ve Özkaynaklar,Finansal Olmayan Kuruluşlar (Konsolide Olmayan, Stok)",last,1110559700.27
bie_finhestnks11,2020-Q3,TP.FINHESTNKS11.ZP39,"F.5.2.Yatırım Fonu Katılma Belgeleri,Finansal Olmayan Kuruluşlar (Konsolide Olmayan, Stok)",last,0.0
bie_finhestnks11,2020-Q3,TP.FINHESTNKS11.ZP40,"F.5.2.1.Para Piyasası Fonları,Finansal Olmayan Kuruluşlar (Konsolide Olmayan, Stok)",last,0.0
bie_finhestnks11,2020-Q3,TP.FINHESTNKS11.ZP41,"F.5.2.2.Diğer Yatırım Fonları,Finansal Olmayan Kuruluşlar (Konsolide Olmayan, Stok)",last,0.0
bie_finhestnks11,2020-Q3,TP.FINHESTNKS11.ZP42,"F.6.Sigorta ve Emeklilik Sözleşmeleri,Finansal Olmayan Kuruluşlar (Konsolide Olmayan, Stok)",last,0.0
bie_finhestnks11,2020-Q3,TP.FINHESTNKS11.ZP43,"F.7.Finansal Türevler,Finansal Olmayan Kuruluşlar (Konsolide Olmayan, Stok)",last,17588792.0
bie_finhestnks11,2020-Q3,TP.FINHESTNKS11.ZP44,"F.8.Diğer Borçlar,Finansal Olmayan Kuruluşlar (Konsolide Olmayan, Stok)",last,450376983.86
bie_finhestnks11,2020-Q3,TP.FINHESTNKS11.ZP45,"F.0.Toplam Yükümlülükler,Finansal Olmayan Kuruluşlar (Konsolide Olmayan, Stok)",last,5143004143.02
bie_finhestnks11,2020-Q4,TP.FINHESTNKS11.ZP1,"BF.9.NET FİNANSAL DEĞER,Finansal Olmayan Kuruluşlar (Konsolide Olmayan, Stok)",last,-3326543723.28
bie_finhestnks11,2020-Q4,TP.FINHESTNKS11.ZP2,"VF.1.Parasal Altın ve SDR,Finansal Olmayan Kuruluşlar (Konsolide Olmayan, Stok)",last,0.0
bie_finhestnks11,2020-Q4,TP.FINHESTNKS11.ZP3,"VF.1.1.Parasal Altın,Finansal Olmayan Kuruluşlar (Konsolide Olmayan, Stok)",last,0.0
bie_finhestnks11,2020-Q4,TP.FINHESTNKS11.ZP4,"VF.1.2.Özel Çekme Hakları (SDR),Finansal Olmayan Kuruluşlar (Konsolide Olmayan, Stok)",last,0.0
bie_finhestnks11,2020-Q4,TP.FINHESTNKS11.ZP5,"VF.2.Para ve Mevduat,Finansal Olmayan Kuruluşlar (Konsolide Olmayan, Stok)",last,1182210032.37
bie_finhestnks11,2020-Q4,TP.FINHESTNKS11.ZP6,"VF.2.1.Para,Finansal Olmayan Kuruluşlar (Konsolide Olmayan, Stok)",last,97232731.34
bie_finhestnks11,2020-Q4,TP.FINHESTNKS11.ZP7,"VF.2.2.Vadesiz Mevduat,Finansal Olmayan Kuruluşlar (Konsolide Olmayan, Stok)",last,441336744.75
bie_finhestnks11,2020-Q4,TP.FINHESTNKS11.ZP8,"VF.2.9.Vadeli Mevduat,Finansal Olmayan Kuruluşlar (Konsolide Olmayan, Stok)",last,643640556.26
bie_finhestnks11,2020-Q4,TP.FINHESTNKS11.ZP9,"VF.3.Borçlanma Senetleri,Finansal Olmayan Kuruluşlar (Konsolide Olmayan, Stok)",last,62357455.38
bie_finhestnks11,2020-Q4,TP.FINHESTNKS11.ZP10,"VF.3.1.Kısa Vadeli Borçlanma Senetleri,Finansal Olmayan Kuruluşlar (Konsolide Olmayan, Stok)",last,14128398.69
bie_finhestnks11,2020-Q4,TP.FINHESTNKS11.ZP11,"VF.3.2.Uzun Vadeli Borçlanma Senetleri,Finansal Olmayan Kuruluşlar (Konsolide Olmayan, Stok)",last,48229056.69
bie_finhestnks11,2020-Q4,TP.FINHESTNKS11.ZP12,"VF.4.Krediler,Finansal Olmayan Kuruluşlar (Konsolide Olmayan, Stok)",last,49430457.0
bie_finhestnks11,2020-Q4,TP.FINHESTNKS11.ZP13,"VF.4.1.Kısa Vadeli Krediler,Finansal Olmayan Kuruluşlar (Konsolide Olmayan, Stok)",last,49430457.0
bie_finhestnks11,2020-Q4,TP.FINHESTNKS11.ZP14,"VF.4.2.Uzun Vadeli Krediler,Finansal Olmayan Kuruluşlar (Konsolide Olmayan, Stok)",last,0.0
bie_finhestnks11,2020-Q4,TP.FINHESTNKS11.ZP15,"VF.5.Hisse Senetleri ve Özkaynaklar,Finansal Olmayan Kuruluşlar (Konsolide Olmayan, Stok)",last,332184818.61
bie_finhestnks11,2020-Q4,TP.FINHESTNKS11.ZP16,"VF.5.1.Hisse Senetleri ve Özkaynaklar,Finansal Olmayan Kuruluşlar (Konsolide Olmayan, Stok)",last,306725037.61
bie_finhestnks11,2020-Q4,TP.FINHESTNKS11.ZP17,"VF.5.2.Yatırım Fonu Katılma Belgeleri,Finansal Olmayan Kuruluşlar (Konsolide Olmayan, Stok)",last,25459780.99
bie_finhestnks11,2020-Q4,TP.FINHESTNKS11.ZP18,"VF.5.2.1.Para Piyasası Fonları,Finansal Olmayan Kuruluşlar (Konsolide Olmayan, Stok)",last,8261870.28
bie_finhestnks11,2020-Q4,TP.FINHESTNKS11.ZP19,"VF.5.2.2.Diğer Yatırım Fonları,Finansal Olmayan Kuruluşlar (Konsolide Olmayan, Stok)",last,17197910.71
bie_finhestnks11,2020-Q4,TP.FINHESTNKS11.ZP20,"VF.6.Sigorta ve Emeklilik Sözleşmeleri,Finansal Olmayan Kuruluşlar (Konsolide Olmayan, Stok)",last,32102882.42
bie_finhestnks11,2020-Q4,TP.FINHESTNKS11.ZP21,"VF.7.Finansal Türevler,Finansal Olmayan Kuruluşlar (Konsolide Olmayan, Stok)",last,4878629.0
bie_finhestnks11,2020-Q4,TP.FINHESTNKS11.ZP22,"VF.8.Diğer Alacaklar,Finansal Olmayan Kuruluşlar (Konsolide Olmayan, Stok)",last,463800927.13
bie_finhestnks11,2020-Q4,TP.FINHESTNKS11.ZP23,"VF.0.Toplam Varlıklar,Finansal Olmayan Kuruluşlar (Konsolide Olmayan, Stok)",last,2126965201.94
bie_finhestnks11,2020-Q4,TP.FINHESTNKS11.ZP24,"F.1.Parasal Altın ve SDR,Finansal Olmayan Kuruluşlar (Konsolide Olmayan, Stok)",last,0.0
bie_finhestnks11,2020-Q4,TP.FINHESTNKS11.ZP26,"F.1.2.Özel Çekme Hakları (SDR),Finansal Olmayan Kuruluşlar (Konsolide Olmayan, Stok)",last,0.0
bie_finhestnks11,2020-Q4,TP.FINHESTNKS11.ZP27,"F.2.Para ve Mevduat,Finansal Olmayan Kuruluşlar (Konsolide Olmayan, Stok)",last,0.0
bie_finhestnks11,2020-Q4,TP.FINHESTNKS11.ZP28,"F.2.1.Para,Finansal Olmayan Kuruluşlar (Konsolide Olmayan, Stok)",last,0.0
bie_finhestnks11,2020-Q4,TP.FINHESTNKS11.ZP29,"F.2.2.Vadesiz Mevduat,Finansal Olmayan Kuruluşlar (Konsolide Olmayan, Stok)",last,0.0
bie_finhestnks11,2020-Q4,TP.FINHESTNKS11.ZP30,"F.2.9.Vadeli Mevduat,Finansal Olmayan Kuruluşlar (Konsolide Olmayan, Stok)",last,0.0
bie_finhestnks11,2020-Q4,TP.FINHESTNKS11.ZP31,"F.3.Borçlanma Senetleri,Finansal Olmayan Kuruluşlar (Konsolide Olmayan, Stok)",last,83914690.27
bie_finhestnks11,2020-Q4,TP.FINHESTNKS11.ZP32,"F.3.1.Kısa Vadeli Borçlanma Senetleri,Finansal Olmayan Kuruluşlar (Konsolide Olmayan, Stok)",last,1492285.22
bie_finhestnks11,2020-Q4,TP.FINHESTNKS11.ZP33,"F.3.2.Uzun Vadeli Borçlanma Senetleri,Finansal Olmayan Kuruluşlar (Konsolide Olmayan, Stok)",last,82422405.04
bie_finhestnks11,2020-Q4,TP.FINHESTNKS11.ZP34,"F.4.Krediler,Finansal Olmayan Kuruluşlar (Konsolide Olmayan, Stok)",last,3467791138.31
bie_finhestnks11,2020-Q4,TP.FINHESTNKS11.ZP35,"F.4.1.Kısa Vadeli Krediler,Finansal Olmayan Kuruluşlar (Konsolide Olmayan, Stok)",last,1000852636.68
bie_finhestnks11,2020-Q4,TP.FINHESTNKS11.ZP36,"F.4.2.Uzun Vadeli Krediler,Finansal Olmayan Kuruluşlar (Konsolide Olmayan, Stok)",last,2466938501.62
bie_finhestnks11,2020-Q4,TP.FINHESTNKS11.ZP37,"F.5.Hisse Senetleri ve Özkaynaklar,Finansal Olmayan Kuruluşlar (Konsolide Olmayan, Stok)",last,1380208751.4
bie_finhestnks11,2020-Q4,TP.FINHESTNKS11.ZP38,"F.5.1.Hisse Senetleri ve Özkaynaklar,Finansal Olmayan Kuruluşlar (Konsolide Olmayan, Stok)",last,1380208751.4
bie_finhestnks11,2020-Q4,TP.FINHESTNKS11.ZP39,"F.5.2.Yatırım Fonu Katılma Belgeleri,Finansal Olmayan Kuruluşlar (Konsolide Olmayan, Stok)",last,0.0
bie_finhestnks11,2020-Q4,TP.FINHESTNKS11.ZP40,"F.5.2.1.Para Piyasası Fonları,Finansal Olmayan Kuruluşlar (Konsolide Olmayan, Stok)",last,0.0
bie_finhestnks11,2020-Q4,TP.FINHESTNKS11.ZP41,"F.5.2.2.Diğer Yatırım Fonları,Finansal Olmayan Kuruluşlar (Konsolide Olmayan, Stok)",last,0.0
bie_finhestnks11,2020-Q4,TP.FINHESTNKS11.ZP42,"F.6.Sigorta ve Emeklilik Sözleşmeleri,Finansal Olmayan Kuruluşlar (Konsolide Olmayan, Stok)",last,0.0
bie_finhestnks11,2020-Q4,TP.FINHESTNKS11.ZP43,"F.7.Finansal Türevler,Finansal Olmayan Kuruluşlar (Konsolide Olmayan, Stok)",last,14826522.0
bie_finhestnks11,2020-Q4,TP.FINHESTNKS11.ZP44,"F.8.Diğer Borçlar,Finansal Olmayan Kuruluşlar (Konsolide Olmayan, Stok)",last,506767823.24
bie_finhestnks11,2020-Q4,TP.FINHESTNKS11.ZP45,"F.0.Toplam Yükümlülükler,Finansal Olmayan Kuruluşlar (Konsolide Olmayan, Stok)",last,5453508925.22
bie_finhestnks11,2021-Q1,TP.FINHESTNKS11.ZP1,"BF.9.NET FİNANSAL DEĞER,Finansal Olmayan Kuruluşlar (Konsolide Olmayan, Stok)",last,-3753230646.21
bie_finhestnks11,2021-Q1,TP.FINHESTNKS11.ZP2,"VF.1.Parasal Altın ve SDR,Finansal Olmayan Kuruluşlar (Konsolide Olmayan, Stok)",last,0.0
bie_finhestnks11,2021-Q1,TP.FINHESTNKS11.ZP3,"VF.1.1.Parasal Altın,Finansal Olmayan Kuruluşlar (Konsolide Olmayan, Stok)",last,0.0
bie_finhestnks11,2021-Q1,TP.FINHESTNKS11.ZP4,"VF.1.2.Özel Çekme Hakları (SDR),Finansal Olmayan Kuruluşlar (Konsolide Olmayan, Stok)",last,0.0
bie_finhestnks11,2021-Q1,TP.FINHESTNKS11.ZP5,"VF.2.Para ve Mevduat,Finansal Olmayan Kuruluşlar (Konsolide Olmayan, Stok)",last,1238387880.75
bie_finhestnks11,2021-Q1,TP.FINHESTNKS11.ZP6,"VF.2.1.Para,Finansal Olmayan Kuruluşlar (Konsolide Olmayan, Stok)",last,103731383.23
bie_finhestnks11,2021-Q1,TP.FINHESTNKS11.ZP7,"VF.2.2.Vadesiz Mevduat,Finansal Olmayan Kuruluşlar (Konsolide Olmayan, Stok)",last,455777648.93
bie_finhestnks11,2021-Q1,TP.FINHESTNKS11.ZP8,"VF.2.9.Vadeli Mevduat,Finansal Olmayan Kuruluşlar (Konsolide Olmayan, Stok)",last,678878848.59
bie_finhestnks11,2021-Q1,TP.FINHESTNKS11.ZP9,"VF.3.Borçlanma Senetleri,Finansal Olmayan Kuruluşlar (Konsolide Olmayan, Stok)",last,67890515.61
bie_finhestnks11,2021-Q1,TP.FINHESTNKS11.ZP10,"VF.3.1.Kısa Vadeli Borçlanma Senetleri,Finansal Olmayan Kuruluşlar (Konsolide Olmayan, Stok)",last,15083562.24
bie_finhestnks11,2021-Q1,TP.FINHESTNKS11.ZP11,"VF.3.2.Uzun Vadeli Borçlanma Senetleri,Finansal Olmayan Kuruluşlar (Konsolide Olmayan, Stok)",last,52806953.37
bie_finhestnks11,2021-Q1,TP.FINHESTNKS11.ZP12,"VF.4.Krediler,Finansal Olmayan Kuruluşlar (Konsolide Olmayan, Stok)",last,58510571.73
bie_finhestnks11,2021-Q1,TP.FINHESTNKS11.ZP13,"VF.4.1.Kısa Vadeli Krediler,Finansal Olmayan Kuruluşlar (Konsolide Olmayan, Stok)",last,58510571.73
bie_finhestnks11,2021-Q1,TP.FINHESTNKS11.ZP14,"VF.4.2.Uzun Vadeli Krediler,Finansal Olmayan Kuruluşlar (Konsolide Olmayan, Stok)",last,0.0
bie_finhestnks11,2021-Q1,TP.FINHESTNKS11.ZP15,"VF.5.Hisse Senetleri ve Özkaynaklar,Finansal Olmayan Kuruluşlar (Konsolide Olmayan, Stok)",last,2326354205.52
bie_finhestnks11,2021-Q1,TP.FINHESTNKS11.ZP16,"VF.5.1.Hisse Senetleri ve Özkaynaklar,Finansal Olmayan Kuruluşlar (Konsolide Olmayan, Stok)",last,2297162483.27
bie_finhestnks11,2021-Q1,TP.FINHESTNKS11.ZP17,"VF.5.2.Yatırım Fonu Katılma Belgeleri,Finansal Olmayan Kuruluşlar (Konsolide Olmayan, Stok)",last,29191722.24
bie_finhestnks11,2021-Q1,TP.FINHESTNKS11.ZP18,"VF.5.2.1.Para Piyasası Fonları,Finansal Olmayan Kuruluşlar (Konsolide Olmayan, Stok)",last,10191639.12
bie_finhestnks11,2021-Q1,TP.FINHESTNKS11.ZP19,"VF.5.2.2.Diğer Yatırım Fonları,Finansal Olmayan Kuruluşlar (Konsolide Olmayan, Stok)",last,19000083.12
bie_finhestnks11,2021-Q1,TP.FINHESTNKS11.ZP20,"VF.6.Sigorta ve Emeklilik Sözleşmeleri,Finansal Olmayan Kuruluşlar (Konsolide Olmayan, Stok)",last,35057405.82
bie_finhestnks11,2021-Q1,TP.FINHESTNKS11.ZP21,"VF.7.Finansal Türevler,Finansal Olmayan Kuruluşlar (Konsolide Olmayan, Stok)",last,7118960.0
bie_finhestnks11,2021-Q1,TP.FINHESTNKS11.ZP22,"VF.8.Diğer Alacaklar,Finansal Olmayan Kuruluşlar (Konsolide Olmayan, Stok)",last,4830200423.82
bie_finhestnks11,2021-Q1,TP.FINHESTNKS11.ZP23,"VF.0.Toplam Varlıklar,Finansal Olmayan Kuruluşlar (Konsolide Olmayan, Stok)",last,8563519963.28
bie_finhestnks11,2021-Q1,TP.FINHESTNKS11.ZP24,"F.1.Parasal Altın ve SDR,Finansal Olmayan Kuruluşlar (Konsolide Olmayan, Stok)",last,0.0
bie_finhestnks11,2021-Q1,TP.FINHESTNKS11.ZP26,"F.1.2.Özel Çekme Hakları (SDR),Finansal Olmayan Kuruluşlar (Konsolide Olmayan, Stok)",last,0.0
bie_finhestnks11,2021-Q1,TP.FINHESTNKS11.ZP27,"F.2.Para ve Mevduat,Finansal Olmayan Kuruluşlar (Konsolide Olmayan, Stok)",last,0.0
bie_finhestnks11,2021-Q1,TP.FINHESTNKS11.ZP28,"F.2.1.Para,Finansal Olmayan Kuruluşlar (Konsolide Olmayan, Stok)",last,0.0
bie_finhestnks11,2021-Q1,TP.FINHESTNKS11.ZP29,"F.2.2.Vadesiz Mevduat,Finansal Olmayan Kuruluşlar (Konsolide Olmayan, Stok)",last,0.0
bie_finhestnks11,2021-Q1,TP.FINHESTNKS11.ZP30,"F.2.9.Vadeli Mevduat,Finansal Olmayan Kuruluşlar (Konsolide Olmayan, Stok)",last,0.0
bie_finhestnks11,2021-Q1,TP.FINHESTNKS11.ZP31,"F.3.Borçlanma Senetleri,Finansal Olmayan Kuruluşlar (Konsolide Olmayan, Stok)",last,95193138.54
bie_finhestnks11,2021-Q1,TP.FINHESTNKS11.ZP32,"F.3.1.Kısa Vadeli Borçlanma Senetleri,Finansal Olmayan Kuruluşlar (Konsolide Olmayan, Stok)",last,1298021.43
bie_finhestnks11,2021-Q1,TP.FINHESTNKS11.ZP33,"F.3.2.Uzun Vadeli Borçlanma Senetleri,Finansal Olmayan Kuruluşlar (Konsolide Olmayan, Stok)",last,93895117.1
bie_finhestnks11,2021-Q1,TP.FINHESTNKS11.ZP34,"F.4.Krediler,Finansal Olmayan Kuruluşlar (Konsolide Olmayan, Stok)",last,3721354118.3
bie_finhestnks11,2021-Q1,TP.FINHESTNKS11.ZP35,"F.4.1.Kısa Vadeli Krediler,Finansal Olmayan Kuruluşlar (Konsolide Olmayan, Stok)",last,1098329742.35
bie_finhestnks11,2021-Q1,TP.FINHESTNKS11.ZP36,"F.4.2.Uzun Vadeli Krediler,Finansal Olmayan Kuruluşlar (Konsolide Olmayan, Stok)",last,2623024375.95
bie_finhestnks11,2021-Q1,TP.FINHESTNKS11.ZP37,"F.5.Hisse Senetleri ve Özkaynaklar,Finansal Olmayan Kuruluşlar (Konsolide Olmayan, Stok)",last,3678834758.73
bie_finhestnks11,2021-Q1,TP.FINHESTNKS11.ZP38,"F.5.1.Hisse Senetleri ve Özkaynaklar,Finansal Olmayan Kuruluşlar (Konsolide Olmayan, Stok)",last,3678834758.73
bie_finhestnks11,2021-Q1,TP.FINHESTNKS11.ZP39,"F.5.2.Yatırım Fonu Katılma Belgeleri,Finansal Olmayan Kuruluşlar (Konsolide Olmayan, Stok)",last,0.0
bie_finhestnks11,2021-Q1,TP.FINHESTNKS11.ZP40,"F.5.2.1.Para Piyasası Fonları,Finansal Olmayan Kuruluşlar (Konsolide Olmayan, Stok)",last,0.0
bie_finhestnks11,2021-Q1,TP.FINHESTNKS11.ZP41,"F.5.2.2.Diğer Yatırım Fonları,Finansal Olmayan Kuruluşlar (Konsolide Olmayan, Stok)",last,0.0
bie_finhestnks11,2021-Q1,TP.FINHESTNKS11.ZP42,"F.6.Sigorta ve Emeklilik Sözleşmeleri,Finansal Olmayan Kuruluşlar (Konsolide Olmayan, Stok)",last,0.0
bie_finhestnks11,2021-Q1,TP.FINHESTNKS11.ZP43,"F.7.Finansal Türevler,Finansal Olmayan Kuruluşlar (Konsolide Olmayan, Stok)",last,14889755.0
bie_finhestnks11,2021-Q1,TP.FINHESTNKS11.ZP44,"F.8.Diğer Borçlar,Finansal Olmayan Kuruluşlar (Konsolide Olmayan, Stok)",last,4806478838.91
bie_finhestnks11,2021-Q1,TP.FINHESTNKS11.ZP45,"F.0.Toplam Yükümlülükler,Finansal Olmayan Kuruluşlar (Konsolide Olmayan, Stok)",last,12316750609.49
bie_finhestnks11,2021-Q2,TP.FINHESTNKS11.ZP1,"BF.9.NET FİNANSAL DEĞER,Finansal Olmayan Kuruluşlar (Konsolide Olmayan, Stok)",last,-3714307742.91
bie_finhestnks11,2021-Q2,TP.FINHESTNKS11.ZP2,"VF.1.Parasal Altın ve SDR,Finansal Olmayan Kuruluşlar (Konsolide Olmayan, Stok)",last,0.0
bie_finhestnks11,2021-Q2,TP.FINHESTNKS11.ZP3,"VF.1.1.Parasal Altın,Finansal Olmayan Kuruluşlar (Konsolide Olmayan, Stok)",last,0.0
bie_finhestnks11,2021-Q2,TP.FINHESTNKS11.ZP4,"VF.1.2.Özel Çekme Hakları (SDR),Finansal Olmayan Kuruluşlar (Konsolide Olmayan, Stok)",last,0.0
bie_finhestnks11,2021-Q2,TP.FINHESTNKS11.ZP5,"VF.2.Para ve Mevduat,Finansal Olmayan Kuruluşlar (Konsolide Olmayan, Stok)",last,1293824131.22
bie_finhestnks11,2021-Q2,TP.FINHESTNKS11.ZP6,"VF.2.1.Para,Finansal Olmayan Kuruluşlar (Konsolide Olmayan, Stok)",last,114549556.62
bie_finhestnks11,2021-Q2,TP.FINHESTNKS11.ZP7,"VF.2.2.Vadesiz Mevduat,Finansal Olmayan Kuruluşlar (Konsolide Olmayan, Stok)",last,499971288.96
bie_finhestnks11,2021-Q2,TP.FINHESTNKS11.ZP8,"VF.2.9.Vadeli Mevduat,Finansal Olmayan Kuruluşlar (Konsolide Olmayan, Stok)",last,679303285.63
bie_finhestnks11,2021-Q2,TP.FINHESTNKS11.ZP9,"VF.3.Borçlanma Senetleri,Finansal Olmayan Kuruluşlar (Konsolide Olmayan, Stok)",last,69120190.7
bie_finhestnks11,2021-Q2,TP.FINHESTNKS11.ZP10,"VF.3.1.Kısa Vadeli Borçlanma Senetleri,Finansal Olmayan Kuruluşlar (Konsolide Olmayan, Stok)",last,9817918.81
bie_finhestnks11,2021-Q2,TP.FINHESTNKS11.ZP11,"VF.3.2.Uzun Vadeli Borçlanma Senetleri,Finansal Olmayan Kuruluşlar (Konsolide Olmayan, Stok)",last,59302271.88
bie_finhestnks11,2021-Q2,TP.FINHESTNKS11.ZP12,"VF.4.Krediler,Finansal Olmayan Kuruluşlar (Konsolide Olmayan, Stok)",last,64413727.25
bie_finhestnks11,2021-Q2,TP.FINHESTNKS11.ZP13,"VF.4.1.Kısa Vadeli Krediler,Finansal Olmayan Kuruluşlar (Konsolide Olmayan, Stok)",last,64413727.25
bie_finhestnks11,2021-Q2,TP.FINHESTNKS11.ZP14,"VF.4.2.Uzun Vadeli Krediler,Finansal Olmayan Kuruluşlar (Konsolide Olmayan, Stok)",last,0.0
bie_finhestnks11,2021-Q2,TP.FINHESTNKS11.ZP15,"VF.5.Hisse Senetleri ve Özkaynaklar,Finansal Olmayan Kuruluşlar (Konsolide Olmayan, Stok)",last,2440205852.01
bie_finhestnks11,2021-Q2,TP.FINHESTNKS11.ZP16,"VF.5.1.Hisse Senetleri ve Özkaynaklar,Finansal Olmayan Kuruluşlar (Konsolide Olmayan, Stok)",last,2406059942.69
bie_finhestnks11,2021-Q2,TP.FINHESTNKS11.ZP17,"VF.5.2.Yatırım Fonu Katılma Belgeleri,Finansal Olmayan Kuruluşlar (Konsolide Olmayan, Stok)",last,34145909.31
bie_finhestnks11,2021-Q2,TP.FINHESTNKS11.ZP18,"VF.5.2.1.Para Piyasası Fonları,Finansal Olmayan Kuruluşlar (Konsolide Olmayan, Stok)",last,13162621.54
bie_finhestnks11,2021-Q2,TP.FINHESTNKS11.ZP19,"VF.5.2.2.Diğer Yatırım Fonları,Finansal Olmayan Kuruluşlar (Konsolide Olmayan, Stok)",last,20983287.77
bie_finhestnks11,2021-Q2,TP.FINHESTNKS11.ZP20,"VF.6.Sigorta ve Emeklilik Sözleşmeleri,Finansal Olmayan Kuruluşlar (Konsolide Olmayan, Stok)",last,36111440.13
bie_finhestnks11,2021-Q2,TP.FINHESTNKS11.ZP21,"VF.7.Finansal Türevler,Finansal Olmayan Kuruluşlar (Konsolide Olmayan, Stok)",last,4394742.0
bie_finhestnks11,2021-Q2,TP.FINHESTNKS11.ZP22,"VF.8.Diğer Alacaklar,Finansal Olmayan Kuruluşlar (Konsolide Olmayan, Stok)",last,5321524743.06
bie_finhestnks11,2021-Q2,TP.FINHESTNKS11.ZP23,"VF.0.Toplam Varlıklar,Finansal Olmayan Kuruluşlar (Konsolide Olmayan, Stok)",last,9229594826.4
bie_finhestnks11,2021-Q2,TP.FINHESTNKS11.ZP24,"F.1.Parasal Altın ve SDR,Finansal Olmayan Kuruluşlar (Konsolide Olmayan, Stok)",last,0.0
bie_finhestnks11,2021-Q2,TP.FINHESTNKS11.ZP26,"F.1.2.Özel Çekme Hakları (SDR),Finansal Olmayan Kuruluşlar (Konsolide Olmayan, Stok)",last,0.0
bie_finhestnks11,2021-Q2,TP.FINHESTNKS11.ZP27,"F.2.Para ve Mevduat,Finansal Olmayan Kuruluşlar (Konsolide Olmayan, Stok)",last,0.0
bie_finhestnks11,2021-Q2,TP.FINHESTNKS11.ZP28,"F.2.1.Para,Finansal Olmayan Kuruluşlar (Konsolide Olmayan, Stok)",last,0.0
bie_finhestnks11,2021-Q2,TP.FINHESTNKS11.ZP29,"F.2.2.Vadesiz Mevduat,Finansal Olmayan Kuruluşlar (Konsolide Olmayan, Stok)",last,0.0
bie_finhestnks11,2021-Q2,TP.FINHESTNKS11.ZP30,"F.2.9.Vadeli Mevduat,Finansal Olmayan Kuruluşlar (Konsolide Olmayan, Stok)",last,0.0
bie_finhestnks11,2021-Q2,TP.FINHESTNKS11.ZP31,"F.3.Borçlanma Senetleri,Finansal Olmayan Kuruluşlar (Konsolide Olmayan, Stok)",last,122609421.12
bie_finhestnks11,2021-Q2,TP.FINHESTNKS11.ZP32,"F.3.1.Kısa Vadeli Borçlanma Senetleri,Finansal Olmayan Kuruluşlar (Konsolide Olmayan, Stok)",last,1374831.01
bie_finhestnks11,2021-Q2,TP.FINHESTNKS11.ZP33,"F.3.2.Uzun Vadeli Borçlanma Senetleri,Finansal Olmayan Kuruluşlar (Konsolide Olmayan, Stok)",last,121234590.1
bie_finhestnks11,2021-Q2,TP.FINHESTNKS11.ZP34,"F.4.Krediler,Finansal Olmayan Kuruluşlar (Konsolide Olmayan, Stok)",last,3865287218.1
bie_finhestnks11,2021-Q2,TP.FINHESTNKS11.ZP35,"F.4.1.Kısa Vadeli Krediler,Finansal Olmayan Kuruluşlar (Konsolide Olmayan, Stok)",last,1166511658.51
bie_finhestnks11,2021-Q2,TP.FINHESTNKS11.ZP36,"F.4.2.Uzun Vadeli Krediler,Finansal Olmayan Kuruluşlar (Konsolide Olmayan, Stok)",last,2698775559.59
bie_finhestnks11,2021-Q2,TP.FINHESTNKS11.ZP37,"F.5.Hisse Senetleri ve Özkaynaklar,Finansal Olmayan Kuruluşlar (Konsolide Olmayan, Stok)",last,3618460832.0
bie_finhestnks11,2021-Q2,TP.FINHESTNKS11.ZP38,"F.5.1.Hisse Senetleri ve Özkaynaklar,Finansal Olmayan Kuruluşlar (Konsolide Olmayan, Stok)",last,3618460832.0
bie_finhestnks11,2021-Q2,TP.FINHESTNKS11.ZP39,"F.5.2.Yatırım Fonu Katılma Belgeleri,Finansal Olmayan Kuruluşlar (Konsolide Olmayan, Stok)",last,0.0
bie_finhestnks11,2021-Q2,TP.FINHESTNKS11.ZP40,"F.5.2.1.Para Piyasası Fonları,Finansal Olmayan Kuruluşlar (Konsolide Olmayan, Stok)",last,0.0
bie_finhestnks11,2021-Q2,TP.FINHESTNKS11.ZP41,"F.5.2.2.Diğer Yatırım Fonları,Finansal Olmayan Kuruluşlar (Konsolide Olmayan, Stok)",last,0.0
bie_finhestnks11,2021-Q2,TP.FINHESTNKS11.ZP42,"F.6.Sigorta ve Emeklilik Sözleşmeleri,Finansal Olmayan Kuruluşlar (Konsolide Olmayan, Stok)",last,0.0
bie_finhestnks11,2021-Q2,TP.FINHESTNKS11.ZP43,"F.7.Finansal Türevler,Finansal Olmayan Kuruluşlar (Konsolide Olmayan, Stok)",last,13598626.0
bie_finhestnks11,2021-Q2,TP.FINHESTNKS11.ZP44,"F.8.Diğer Borçlar,Finansal Olmayan Kuruluşlar (Konsolide Olmayan, Stok)",last,5323946472.08
bie_finhestnks11,2021-Q2,TP.FINHESTNKS11.ZP45,"F.0.Toplam Yükümlülükler,Finansal Olmayan Kuruluşlar (Konsolide Olmayan, Stok)",last,12943902569.32
bie_finhestnks11,2021-Q3,TP.FINHESTNKS11.ZP1,"BF.9.NET FİNANSAL DEĞER,Finansal Olmayan Kuruluşlar (Konsolide Olmayan, Stok)",last,-3834480442.06
bie_finhestnks11,2021-Q3,TP.FINHESTNKS11.ZP2,"VF.1.Parasal Altın ve SDR,Finansal Olmayan Kuruluşlar (Konsolide Olmayan, Stok)",last,0.0
bie_finhestnks11,2021-Q3,TP.FINHESTNKS11.ZP3,"VF.1.1.Parasal Altın,Finansal Olmayan Kuruluşlar (Konsolide Olmayan, Stok)",last,0.0
bie_finhestnks11,2021-Q3,TP.FINHESTNKS11.ZP4,"VF.1.2.Özel Çekme Hakları (SDR),Finansal Olmayan Kuruluşlar (Konsolide Olmayan, Stok)",last,0.0
bie_finhestnks11,2021-Q3,TP.FINHESTNKS11.ZP5,"VF.2.Para ve Mevduat,Finansal Olmayan Kuruluşlar (Konsolide Olmayan, Stok)",last,1399395154.31
bie_finhestnks11,2021-Q3,TP.FINHESTNKS11.ZP6,"VF.2.1.Para,Finansal Olmayan Kuruluşlar (Konsolide Olmayan, Stok)",last,124668042.18
bie_finhestnks11,2021-Q3,TP.FINHESTNKS11.ZP7,"VF.2.2.Vadesiz Mevduat,Finansal Olmayan Kuruluşlar (Konsolide Olmayan, Stok)",last,530376441.0
bie_finhestnks11,2021-Q3,TP.FINHESTNKS11.ZP8,"VF.2.9.Vadeli Mevduat,Finansal Olmayan Kuruluşlar (Konsolide Olmayan, Stok)",last,744350671.12
bie_finhestnks11,2021-Q3,TP.FINHESTNKS11.ZP9,"VF.3.Borçlanma Senetleri,Finansal Olmayan Kuruluşlar (Konsolide Olmayan, Stok)",last,75847590.66
bie_finhestnks11,2021-Q3,TP.FINHESTNKS11.ZP10,"VF.3.1.Kısa Vadeli Borçlanma Senetleri,Finansal Olmayan Kuruluşlar (Konsolide Olmayan, Stok)",last,10446263.95
bie_finhestnks11,2021-Q3,TP.FINHESTNKS11.ZP11,"VF.3.2.Uzun Vadeli Borçlanma Senetleri,Finansal Olmayan Kuruluşlar (Konsolide Olmayan, Stok)",last,65401326.7
bie_finhestnks11,2021-Q3,TP.FINHESTNKS11.ZP12,"VF.4.Krediler,Finansal Olmayan Kuruluşlar (Konsolide Olmayan, Stok)",last,74088534.14
bie_finhestnks11,2021-Q3,TP.FINHESTNKS11.ZP13,"VF.4.1.Kısa Vadeli Krediler,Finansal Olmayan Kuruluşlar (Konsolide Olmayan, Stok)",last,74088534.14
bie_finhestnks11,2021-Q3,TP.FINHESTNKS11.ZP14,"VF.4.2.Uzun Vadeli Krediler,Finansal Olmayan Kuruluşlar (Konsolide Olmayan, Stok)",last,0.0
bie_finhestnks11,2021-Q3,TP.FINHESTNKS11.ZP15,"VF.5.Hisse Senetleri ve Özkaynaklar,Finansal Olmayan Kuruluşlar (Konsolide Olmayan, Stok)",last,2666578637.59
bie_finhestnks11,2021-Q3,TP.FINHESTNKS11.ZP16,"VF.5.1.Hisse Senetleri ve Özkaynaklar,Finansal Olmayan Kuruluşlar (Konsolide Olmayan, Stok)",last,2628077838.18
bie_finhestnks11,2021-Q3,TP.FINHESTNKS11.ZP17,"VF.5.2.Yatırım Fonu Katılma Belgeleri,Finansal Olmayan Kuruluşlar (Konsolide Olmayan, Stok)",last,38500799.41
bie_finhestnks11,2021-Q3,TP.FINHESTNKS11.ZP18,"VF.5.2.1.Para Piyasası Fonları,Finansal Olmayan Kuruluşlar (Konsolide Olmayan, Stok)",last,13526094.47
bie_finhestnks11,2021-Q3,TP.FINHESTNKS11.ZP19,"VF.5.2.2.Diğer Yatırım Fonları,Finansal Olmayan Kuruluşlar (Konsolide Olmayan, Stok)",last,24974704.93
bie_finhestnks11,2021-Q3,TP.FINHESTNKS11.ZP20,"VF.6.Sigorta ve Emeklilik Sözleşmeleri,Finansal Olmayan Kuruluşlar (Konsolide Olmayan, Stok)",last,37607618.4
bie_finhestnks11,2021-Q3,TP.FINHESTNKS11.ZP21,"VF.7.Finansal Türevler,Finansal Olmayan Kuruluşlar (Konsolide Olmayan, Stok)",last,5059816.0
bie_finhestnks11,2021-Q3,TP.FINHESTNKS11.ZP22,"VF.8.Diğer Alacaklar,Finansal Olmayan Kuruluşlar (Konsolide Olmayan, Stok)",last,5800547531.22
bie_finhestnks11,2021-Q3,TP.FINHESTNKS11.ZP23,"VF.0.Toplam Varlıklar,Finansal Olmayan Kuruluşlar (Konsolide Olmayan, Stok)",last,10059124882.34
bie_finhestnks11,2021-Q3,TP.FINHESTNKS11.ZP24,"F.1.Parasal Altın ve SDR,Finansal Olmayan Kuruluşlar (Konsolide Olmayan, Stok)",last,0.0
bie_finhestnks11,2021-Q3,TP.FINHESTNKS11.ZP26,"F.1.2.Özel Çekme Hakları (SDR),Finansal Olmayan Kuruluşlar (Konsolide Olmayan, Stok)",last,0.0
bie_finhestnks11,2021-Q3,TP.FINHESTNKS11.ZP27,"F.2.Para ve Mevduat,Finansal Olmayan Kuruluşlar (Konsolide Olmayan, Stok)",last,0.0
bie_finhestnks11,2021-Q3,TP.FINHESTNKS11.ZP28,"F.2.1.Para,Finansal Olmayan Kuruluşlar (Konsolide Olmayan, Stok)",last,0.0
bie_finhestnks11,2021-Q3,TP.FINHESTNKS11.ZP29,"F.2.2.Vadesiz Mevduat,Finansal Olmayan Kuruluşlar (Konsolide Olmayan, Stok)",last,0.0
bie_finhestnks11,2021-Q3,TP.FINHESTNKS11.ZP30,"F.2.9.Vadeli Mevduat,Finansal Olmayan Kuruluşlar (Konsolide Olmayan, Stok)",last,0.0
bie_finhestnks11,2021-Q3,TP.FINHESTNKS11.ZP31,"F.3.Borçlanma Senetleri,Finansal Olmayan Kuruluşlar (Konsolide Olmayan, Stok)",last,122938623.42
bie_finhestnks11,2021-Q3,TP.FINHESTNKS11.ZP32,"F.3.1.Kısa Vadeli Borçlanma Senetleri,Finansal Olmayan Kuruluşlar (Konsolide Olmayan, Stok)",last,1249370.53
bie_finhestnks11,2021-Q3,TP.FINHESTNKS11.ZP33,"F.3.2.Uzun Vadeli Borçlanma Senetleri,Finansal Olmayan Kuruluşlar (Konsolide Olmayan, Stok)",last,121689252.88
bie_finhestnks11,2021-Q3,TP.FINHESTNKS11.ZP34,"F.4.Krediler,Finansal Olmayan Kuruluşlar (Konsolide Olmayan, Stok)",last,3961215676.38
bie_finhestnks11,2021-Q3,TP.FINHESTNKS11.ZP35,"F.4.1.Kısa Vadeli Krediler,Finansal Olmayan Kuruluşlar (Konsolide Olmayan, Stok)",last,1279605369.31
bie_finhestnks11,2021-Q3,TP.FINHESTNKS11.ZP36,"F.4.2.Uzun Vadeli Krediler,Finansal Olmayan Kuruluşlar (Konsolide Olmayan, Stok)",last,2681610307.06
bie_finhestnks11,2021-Q3,TP.FINHESTNKS11.ZP37,"F.5.Hisse Senetleri ve Özkaynaklar,Finansal Olmayan Kuruluşlar (Konsolide Olmayan, Stok)",last,4009800873.84
bie_finhestnks11,2021-Q3,TP.FINHESTNKS11.ZP38,"F.5.1.Hisse Senetleri ve Özkaynaklar,Finansal Olmayan Kuruluşlar (Konsolide Olmayan, Stok)",last,4009800873.84
bie_finhestnks11,2021-Q3,TP.FINHESTNKS11.ZP39,"F.5.2.Yatırım Fonu Katılma Belgeleri,Finansal Olmayan Kuruluşlar (Konsolide Olmayan, Stok)",last,0.0
bie_finhestnks11,2021-Q3,TP.FINHESTNKS11.ZP40,"F.5.2.1.Para Piyasası Fonları,Finansal Olmayan Kuruluşlar (Konsolide Olmayan, Stok)",last,0.0
bie_finhestnks11,2021-Q3,TP.FINHESTNKS11.ZP41,"F.5.2.2.Diğer Yatırım Fonları,Finansal Olmayan Kuruluşlar (Konsolide Olmayan, Stok)",last,0.0
bie_finhestnks11,2021-Q3,TP.FINHESTNKS11.ZP42,"F.6.Sigorta ve Emeklilik Sözleşmeleri,Finansal Olmayan Kuruluşlar (Konsolide Olmayan, Stok)",last,0.0
bie_finhestnks11,2021-Q3,TP.FINHESTNKS11.ZP43,"F.7.Finansal Türevler,Finansal Olmayan Kuruluşlar (Konsolide Olmayan, Stok)",last,12254810.0
bie_finhestnks11,2021-Q3,TP.FINHESTNKS11.ZP44,"F.8.Diğer Borçlar,Finansal Olmayan Kuruluşlar (Konsolide Olmayan, Stok)",last,5787395340.75
bie_finhestnks11,2021-Q3,TP.FINHESTNKS11.ZP45,"F.0.Toplam Yükümlülükler,Finansal Olmayan Kuruluşlar (Konsolide Olmayan, Stok)",last,13893605324.4
bie_finhestnks11,2021-Q4,TP.FINHESTNKS11.ZP1,"BF.9.NET FİNANSAL DEĞER,Finansal Olmayan Kuruluşlar (Konsolide Olmayan, Stok)",last,-5086852994.43
bie_finhestnks11,2021-Q4,TP.FINHESTNKS11.ZP2,"VF.1.Parasal Altın ve SDR,Finansal Olmayan Kuruluşlar (Konsolide Olmayan, Stok)",last,0.0
bie_finhestnks11,2021-Q4,TP.FINHESTNKS11.ZP3,"VF.1.1.Parasal Altın,Finansal Olmayan Kuruluşlar (Konsolide Olmayan, Stok)",last,0.0
bie_finhestnks11,2021-Q4,TP.FINHESTNKS11.ZP4,"VF.1.2.Özel Çekme Hakları (SDR),Finansal Olmayan Kuruluşlar (Konsolide Olmayan, Stok)",last,0.0
bie_finhestnks11,2021-Q4,TP.FINHESTNKS11.ZP5,"VF.2.Para ve Mevduat,Finansal Olmayan Kuruluşlar (Konsolide Olmayan, Stok)",last,1845156383.87
bie_finhestnks11,2021-Q4,TP.FINHESTNKS11.ZP6,"VF.2.1.Para,Finansal Olmayan Kuruluşlar (Konsolide Olmayan, Stok)",last,109181097.66
bie_finhestnks11,2021-Q4,TP.FINHESTNKS11.ZP7,"VF.2.2.Vadesiz Mevduat,Finansal Olmayan Kuruluşlar (Konsolide Olmayan, Stok)",last,800534073.03
bie_finhestnks11,2021-Q4,TP.FINHESTNKS11.ZP8,"VF.2.9.Vadeli Mevduat,Finansal Olmayan Kuruluşlar (Konsolide Olmayan, Stok)",last,935441213.17
bie_finhestnks11,2021-Q4,TP.FINHESTNKS11.ZP9,"VF.3.Borçlanma Senetleri,Finansal Olmayan Kuruluşlar (Konsolide Olmayan, Stok)",last,77762101.67
bie_finhestnks11,2021-Q4,TP.FINHESTNKS11.ZP10,"VF.3.1.Kısa Vadeli Borçlanma Senetleri,Finansal Olmayan Kuruluşlar (Konsolide Olmayan, Stok)",last,4021496.23
bie_finhestnks11,2021-Q4,TP.FINHESTNKS11.ZP11,"VF.3.2.Uzun Vadeli Borçlanma Senetleri,Finansal Olmayan Kuruluşlar (Konsolide Olmayan, Stok)",last,73740605.44
bie_finhestnks11,2021-Q4,TP.FINHESTNKS11.ZP12,"VF.4.Krediler,Finansal Olmayan Kuruluşlar (Konsolide Olmayan, Stok)",last,72556324.53
bie_finhestnks11,2021-Q4,TP.FINHESTNKS11.ZP13,"VF.4.1.Kısa Vadeli Krediler,Finansal Olmayan Kuruluşlar (Konsolide Olmayan, Stok)",last,72556324.53
bie_finhestnks11,2021-Q4,TP.FINHESTNKS11.ZP14,"VF.4.2.Uzun Vadeli Krediler,Finansal Olmayan Kuruluşlar (Konsolide Olmayan, Stok)",last,0.0
bie_finhestnks11,2021-Q4,TP.FINHESTNKS11.ZP15,"VF.5.Hisse Senetleri ve Özkaynaklar,Finansal Olmayan Kuruluşlar (Konsolide Olmayan, Stok)",last,3220429935.15
bie_finhestnks11,2021-Q4,TP.FINHESTNKS11.ZP16,"VF.5.1.Hisse Senetleri ve Özkaynaklar,Finansal Olmayan Kuruluşlar (Konsolide Olmayan, Stok)",last,3169880292.8
bie_finhestnks11,2021-Q4,TP.FINHESTNKS11.ZP17,"VF.5.2.Yatırım Fonu Katılma Belgeleri,Finansal Olmayan Kuruluşlar (Konsolide Olmayan, Stok)",last,50549642.35
bie_finhestnks11,2021-Q4,TP.FINHESTNKS11.ZP18,"VF.5.2.1.Para Piyasası Fonları,Finansal Olmayan Kuruluşlar (Konsolide Olmayan, Stok)",last,16903420.77
bie_finhestnks11,2021-Q4,TP.FINHESTNKS11.ZP19,"VF.5.2.2.Diğer Yatırım Fonları,Finansal Olmayan Kuruluşlar (Konsolide Olmayan, Stok)",last,33646221.57
bie_finhestnks11,2021-Q4,TP.FINHESTNKS11.ZP20,"VF.6.Sigorta ve Emeklilik Sözleşmeleri,Finansal Olmayan Kuruluşlar (Konsolide Olmayan, Stok)",last,41867737.23
bie_finhestnks11,2021-Q4,TP.FINHESTNKS11.ZP21,"VF.7.Finansal Türevler,Finansal Olmayan Kuruluşlar (Konsolide Olmayan, Stok)",last,24438838.0
bie_finhestnks11,2021-Q4,TP.FINHESTNKS11.ZP22,"VF.8.Diğer Alacaklar,Finansal Olmayan Kuruluşlar (Konsolide Olmayan, Stok)",last,6812192490.7
bie_finhestnks11,2021-Q4,TP.FINHESTNKS11.ZP23,"VF.0.Toplam Varlıklar,Finansal Olmayan Kuruluşlar (Konsolide Olmayan, Stok)",last,12094403811.18
bie_finhestnks11,2021-Q4,TP.FINHESTNKS11.ZP24,"F.1.Parasal Altın ve SDR,Finansal Olmayan Kuruluşlar (Konsolide Olmayan, Stok)",last,0.0
bie_finhestnks11,2021-Q4,TP.FINHESTNKS11.ZP26,"F.1.2.Özel Çekme Hakları (SDR),Finansal Olmayan Kuruluşlar (Konsolide Olmayan, Stok)",last,0.0
bie_finhestnks11,2021-Q4,TP.FINHESTNKS11.ZP27,"F.2.Para ve Mevduat,Finansal Olmayan Kuruluşlar (Konsolide Olmayan, Stok)",last,0.0
bie_finhestnks11,2021-Q4,TP.FINHESTNKS11.ZP28,"F.2.1.Para,Finansal Olmayan Kuruluşlar (Konsolide Olmayan, Stok)",last,0.0
bie_finhestnks11,2021-Q4,TP.FINHESTNKS11.ZP29,"F.2.2.Vadesiz Mevduat,Finansal Olmayan Kuruluşlar (Konsolide Olmayan, Stok)",last,0.0
bie_finhestnks11,2021-Q4,TP.FINHESTNKS11.ZP30,"F.2.9.Vadeli Mevduat,Finansal Olmayan Kuruluşlar (Konsolide Olmayan, Stok)",last,0.0
bie_finhestnks11,2021-Q4,TP.FINHESTNKS11.ZP31,"F.3.Borçlanma Senetleri,Finansal Olmayan Kuruluşlar (Konsolide Olmayan, Stok)",last,169031738.75
bie_finhestnks11,2021-Q4,TP.FINHESTNKS11.ZP32,"F.3.1.Kısa Vadeli Borçlanma Senetleri,Finansal Olmayan Kuruluşlar (Konsolide Olmayan, Stok)",last,1787718.38
bie_finhestnks11,2021-Q4,TP.FINHESTNKS11.ZP33,"F.3.2.Uzun Vadeli Borçlanma Senetleri,Finansal Olmayan Kuruluşlar (Konsolide Olmayan, Stok)",last,167244020.36
bie_finhestnks11,2021-Q4,TP.FINHESTNKS11.ZP34,"F.4.Krediler,Finansal Olmayan Kuruluşlar (Konsolide Olmayan, Stok)",last,5095090180.78
bie_finhestnks11,2021-Q4,TP.FINHESTNKS11.ZP35,"F.4.1.Kısa Vadeli Krediler,Finansal Olmayan Kuruluşlar (Konsolide Olmayan, Stok)",last,1647097987.37
bie_finhestnks11,2021-Q4,TP.FINHESTNKS11.ZP36,"F.4.2.Uzun Vadeli Krediler,Finansal Olmayan Kuruluşlar (Konsolide Olmayan, Stok)",last,3447992193.41
bie_finhestnks11,2021-Q4,TP.FINHESTNKS11.ZP37,"F.5.Hisse Senetleri ve Özkaynaklar,Finansal Olmayan Kuruluşlar (Konsolide Olmayan, Stok)",last,5087053579.58
bie_finhestnks11,2021-Q4,TP.FINHESTNKS11.ZP38,"F.5.1.Hisse Senetleri ve Özkaynaklar,Finansal Olmayan Kuruluşlar (Konsolide Olmayan, Stok)",last,5087053579.58
bie_finhestnks11,2021-Q4,TP.FINHESTNKS11.ZP39,"F.5.2.Yatırım Fonu Katılma Belgeleri,Finansal Olmayan Kuruluşlar (Konsolide Olmayan, Stok)",last,0.0
bie_finhestnks11,2021-Q4,TP.FINHESTNKS11.ZP40,"F.5.2.1.Para Piyasası Fonları,Finansal Olmayan Kuruluşlar (Konsolide Olmayan, Stok)",last,0.0
bie_finhestnks11,2021-Q4,TP.FINHESTNKS11.ZP41,"F.5.2.2.Diğer Yatırım Fonları,Finansal Olmayan Kuruluşlar (Konsolide Olmayan, Stok)",last,0.0
bie_finhestnks11,2021-Q4,TP.FINHESTNKS11.ZP42,"F.6.Sigorta ve Emeklilik Sözleşmeleri,Finansal Olmayan Kuruluşlar (Konsolide Olmayan, Stok)",last,0.0
bie_finhestnks11,2021-Q4,TP.FINHESTNKS11.ZP43,"F.7.Finansal Türevler,Finansal Olmayan Kuruluşlar (Konsolide Olmayan, Stok)",last,33571691.0
bie_finhestnks11,2021-Q4,TP.FINHESTNKS11.ZP44,"F.8.Diğer Borçlar,Finansal Olmayan Kuruluşlar (Konsolide Olmayan, Stok)",last,6796509615.49
bie_finhestnks11,2021-Q4,TP.FINHESTNKS11.ZP45,"F.0.Toplam Yükümlülükler,Finansal Olmayan Kuruluşlar (Konsolide Olmayan, Stok)",last,17181256805.61
bie_finhestnks11,2022-Q1,TP.FINHESTNKS11.ZP1,"BF.9.NET FİNANSAL DEĞER,Finansal Olmayan Kuruluşlar (Konsolide Olmayan, Stok)",last,-5513206991.82
bie_finhestnks11,2022-Q1,TP.FINHESTNKS11.ZP2,"VF.1.Parasal Altın ve SDR,Finansal Olmayan Kuruluşlar (Konsolide Olmayan, Stok)",last,0.0
bie_finhestnks11,2022-Q1,TP.FINHESTNKS11.ZP3,"VF.1.1.Parasal Altın,Finansal Olmayan Kuruluşlar (Konsolide Olmayan, Stok)",last,0.0
bie_finhestnks11,2022-Q1,TP.FINHESTNKS11.ZP4,"VF.1.2.Özel Çekme Hakları (SDR),Finansal Olmayan Kuruluşlar (Konsolide Olmayan, Stok)",last,0.0
bie_finhestnks11,2022-Q1,TP.FINHESTNKS11.ZP5,"VF.2.Para ve Mevduat,Finansal Olmayan Kuruluşlar (Konsolide Olmayan, Stok)",last,2072966965.29
bie_finhestnks11,2022-Q1,TP.FINHESTNKS11.ZP6,"VF.2.1.Para,Finansal Olmayan Kuruluşlar (Konsolide Olmayan, Stok)",last,126073497.6
bie_finhestnks11,2022-Q1,TP.FINHESTNKS11.ZP7,"VF.2.2.Vadesiz Mevduat,Finansal Olmayan Kuruluşlar (Konsolide Olmayan, Stok)",last,828865564.56
bie_finhestnks11,2022-Q1,TP.FINHESTNKS11.ZP8,"VF.2.9.Vadeli Mevduat,Finansal Olmayan Kuruluşlar (Konsolide Olmayan, Stok)",last,1118027903.11
bie_finhestnks11,2022-Q1,TP.FINHESTNKS11.ZP9,"VF.3.Borçlanma Senetleri,Finansal Olmayan Kuruluşlar (Konsolide Olmayan, Stok)",last,76706255.14
bie_finhestnks11,2022-Q1,TP.FINHESTNKS11.ZP10,"VF.3.1.Kısa Vadeli Borçlanma Senetleri,Finansal Olmayan Kuruluşlar (Konsolide Olmayan, Stok)",last,1859144.18
bie_finhestnks11,2022-Q1,TP.FINHESTNKS11.ZP11,"VF.3.2.Uzun Vadeli Borçlanma Senetleri,Finansal Olmayan Kuruluşlar (Konsolide Olmayan, Stok)",last,74847110.95
bie_finhestnks11,2022-Q1,TP.FINHESTNKS11.ZP12,"VF.4.Krediler,Finansal Olmayan Kuruluşlar (Konsolide Olmayan, Stok)",last,84216425.96
bie_finhestnks11,2022-Q1,TP.FINHESTNKS11.ZP13,"VF.4.1.Kısa Vadeli Krediler,Finansal Olmayan Kuruluşlar (Konsolide Olmayan, Stok)",last,84216425.96
bie_finhestnks11,2022-Q1,TP.FINHESTNKS11.ZP14,"VF.4.2.Uzun Vadeli Krediler,Finansal Olmayan Kuruluşlar (Konsolide Olmayan, Stok)",last,0.0
bie_finhestnks11,2022-Q1,TP.FINHESTNKS11.ZP15,"VF.5.Hisse Senetleri ve Özkaynaklar,Finansal Olmayan Kuruluşlar (Konsolide Olmayan, Stok)",last,3493868494.18
bie_finhestnks11,2022-Q1,TP.FINHESTNKS11.ZP16,"VF.5.1.Hisse Senetleri ve Özkaynaklar,Finansal Olmayan Kuruluşlar (Konsolide Olmayan, Stok)",last,3431308882.96
bie_finhestnks11,2022-Q1,TP.FINHESTNKS11.ZP17,"VF.5.2.Yatırım Fonu Katılma Belgeleri,Finansal Olmayan Kuruluşlar (Konsolide Olmayan, Stok)",last,62559611.21
bie_finhestnks11,2022-Q1,TP.FINHESTNKS11.ZP18,"VF.5.2.1.Para Piyasası Fonları,Finansal Olmayan Kuruluşlar (Konsolide Olmayan, Stok)",last,22020586.71
bie_finhestnks11,2022-Q1,TP.FINHESTNKS11.ZP19,"VF.5.2.2.Diğer Yatırım Fonları,Finansal Olmayan Kuruluşlar (Konsolide Olmayan, Stok)",last,40539024.49
bie_finhestnks11,2022-Q1,TP.FINHESTNKS11.ZP20,"VF.6.Sigorta ve Emeklilik Sözleşmeleri,Finansal Olmayan Kuruluşlar (Konsolide Olmayan, Stok)",last,49083290.69
bie_finhestnks11,2022-Q1,TP.FINHESTNKS11.ZP21,"VF.7.Finansal Türevler,Finansal Olmayan Kuruluşlar (Konsolide Olmayan, Stok)",last,19441433.0
bie_finhestnks11,2022-Q1,TP.FINHESTNKS11.ZP22,"VF.8.Diğer Alacaklar,Finansal Olmayan Kuruluşlar (Konsolide Olmayan, Stok)",last,7844174529.99
bie_finhestnks11,2022-Q1,TP.FINHESTNKS11.ZP23,"VF.0.Toplam Varlıklar,Finansal Olmayan Kuruluşlar (Konsolide Olmayan, Stok)",last,13640457394.27
bie_finhestnks11,2022-Q1,TP.FINHESTNKS11.ZP24,"F.1.Parasal Altın ve SDR,Finansal Olmayan Kuruluşlar (Konsolide Olmayan, Stok)",last,0.0
bie_finhestnks11,2022-Q1,TP.FINHESTNKS11.ZP26,"F.1.2.Özel Çekme Hakları (SDR),Finansal Olmayan Kuruluşlar (Konsolide Olmayan, Stok)",last,0.0
bie_finhestnks11,2022-Q1,TP.FINHESTNKS11.ZP27,"F.2.Para ve Mevduat,Finansal Olmayan Kuruluşlar (Konsolide Olmayan, Stok)",last,0.0
bie_finhestnks11,2022-Q1,TP.FINHESTNKS11.ZP28,"F.2.1.Para,Finansal Olmayan Kuruluşlar (Konsolide Olmayan, Stok)",last,0.0
bie_finhestnks11,2022-Q1,TP.FINHESTNKS11.ZP29,"F.2.2.Vadesiz Mevduat,Finansal Olmayan Kuruluşlar (Konsolide Olmayan, Stok)",last,0.0
bie_finhestnks11,2022-Q1,TP.FINHESTNKS11.ZP30,"F.2.9.Vadeli Mevduat,Finansal Olmayan Kuruluşlar (Konsolide Olmayan, Stok)",last,0.0
bie_finhestnks11,2022-Q1,TP.FINHESTNKS11.ZP31,"F.3.Borçlanma Senetleri,Finansal Olmayan Kuruluşlar (Konsolide Olmayan, Stok)",last,188306539.81
bie_finhestnks11,2022-Q1,TP.FINHESTNKS11.ZP32,"F.3.1.Kısa Vadeli Borçlanma Senetleri,Finansal Olmayan Kuruluşlar (Konsolide Olmayan, Stok)",last,2631110.67
bie_finhestnks11,2022-Q1,TP.FINHESTNKS11.ZP33,"F.3.2.Uzun Vadeli Borçlanma Senetleri,Finansal Olmayan Kuruluşlar (Konsolide Olmayan, Stok)",last,185675429.13
bie_finhestnks11,2022-Q1,TP.FINHESTNKS11.ZP34,"F.4.Krediler,Finansal Olmayan Kuruluşlar (Konsolide Olmayan, Stok)",last,5789855397.18
bie_finhestnks11,2022-Q1,TP.FINHESTNKS11.ZP35,"F.4.1.Kısa Vadeli Krediler,Finansal Olmayan Kuruluşlar (Konsolide Olmayan, Stok)",last,2171634147.46
bie_finhestnks11,2022-Q1,TP.FINHESTNKS11.ZP36,"F.4.2.Uzun Vadeli Krediler,Finansal Olmayan Kuruluşlar (Konsolide Olmayan, Stok)",last,3618221249.72
bie_finhestnks11,2022-Q1,TP.FINHESTNKS11.ZP37,"F.5.Hisse Senetleri ve Özkaynaklar,Finansal Olmayan Kuruluşlar (Konsolide Olmayan, Stok)",last,5219083779.52
bie_finhestnks11,2022-Q1,TP.FINHESTNKS11.ZP38,"F.5.1.Hisse Senetleri ve Özkaynaklar,Finansal Olmayan Kuruluşlar (Konsolide Olmayan, Stok)",last,5219083779.52
bie_finhestnks11,2022-Q1,TP.FINHESTNKS11.ZP39,"F.5.2.Yatırım Fonu Katılma Belgeleri,Finansal Olmayan Kuruluşlar (Konsolide Olmayan, Stok)",last,0.0
bie_finhestnks11,2022-Q1,TP.FINHESTNKS11.ZP40,"F.5.2.1.Para Piyasası Fonları,Finansal Olmayan Kuruluşlar (Konsolide Olmayan, Stok)",last,0.0
bie_finhestnks11,2022-Q1,TP.FINHESTNKS11.ZP41,"F.5.2.2.Diğer Yatırım Fonları,Finansal Olmayan Kuruluşlar (Konsolide Olmayan, Stok)",last,0.0
bie_finhestnks11,2022-Q1,TP.FINHESTNKS11.ZP42,"F.6.Sigorta ve Emeklilik Sözleşmeleri,Finansal Olmayan Kuruluşlar (Konsolide Olmayan, Stok)",last,0.0
bie_finhestnks11,2022-Q1,TP.FINHESTNKS11.ZP43,"F.7.Finansal Türevler,Finansal Olmayan Kuruluşlar (Konsolide Olmayan, Stok)",last,26603046.0
bie_finhestnks11,2022-Q1,TP.FINHESTNKS11.ZP44,"F.8.Diğer Borçlar,Finansal Olmayan Kuruluşlar (Konsolide Olmayan, Stok)",last,7929815623.57
bie_finhestnks11,2022-Q1,TP.FINHESTNKS11.ZP45,"F.0.Toplam Yükümlülükler,Finansal Olmayan Kuruluşlar (Konsolide Olmayan, Stok)",last,19153664386.09
bie_finhestnks11,2022-Q2,TP.FINHESTNKS11.ZP1,"BF.9.NET FİNANSAL DEĞER,Finansal Olmayan Kuruluşlar (Konsolide Olmayan, Stok)",last,-5996537733.02
bie_finhestnks11,2022-Q2,TP.FINHESTNKS11.ZP2,"VF.1.Parasal Altın ve SDR,Finansal Olmayan Kuruluşlar (Konsolide Olmayan, Stok)",last,0.0
bie_finhestnks11,2022-Q2,TP.FINHESTNKS11.ZP3,"VF.1.1.Parasal Altın,Finansal Olmayan Kuruluşlar (Konsolide Olmayan, Stok)",last,0.0
bie_finhestnks11,2022-Q2,TP.FINHESTNKS11.ZP4,"VF.1.2.Özel Çekme Hakları (SDR),Finansal Olmayan Kuruluşlar (Konsolide Olmayan, Stok)",last,0.0
bie_finhestnks11,2022-Q2,TP.FINHESTNKS11.ZP5,"VF.2.Para ve Mevduat,Finansal Olmayan Kuruluşlar (Konsolide Olmayan, Stok)",last,2388280902.49
bie_finhestnks11,2022-Q2,TP.FINHESTNKS11.ZP6,"VF.2.1.Para,Finansal Olmayan Kuruluşlar (Konsolide Olmayan, Stok)",last,153527387.85
bie_finhestnks11,2022-Q2,TP.FINHESTNKS11.ZP7,"VF.2.2.Vadesiz Mevduat,Finansal Olmayan Kuruluşlar (Konsolide Olmayan, Stok)",last,986084157.61
bie_finhestnks11,2022-Q2,TP.FINHESTNKS11.ZP8,"VF.2.9.Vadeli Mevduat,Finansal Olmayan Kuruluşlar (Konsolide Olmayan, Stok)",last,1248669357.02
bie_finhestnks11,2022-Q2,TP.FINHESTNKS11.ZP9,"VF.3.Borçlanma Senetleri,Finansal Olmayan Kuruluşlar (Konsolide Olmayan, Stok)",last,77651758.54
bie_finhestnks11,2022-Q2,TP.FINHESTNKS11.ZP10,"VF.3.1.Kısa Vadeli Borçlanma Senetleri,Finansal Olmayan Kuruluşlar (Konsolide Olmayan, Stok)",last,2217824.46
bie_finhestnks11,2022-Q2,TP.FINHESTNKS11.ZP11,"VF.3.2.Uzun Vadeli Borçlanma Senetleri,Finansal Olmayan Kuruluşlar (Konsolide Olmayan, Stok)",last,75433934.07
bie_finhestnks11,2022-Q2,TP.FINHESTNKS11.ZP12,"VF.4.Krediler,Finansal Olmayan Kuruluşlar (Konsolide Olmayan, Stok)",last,97483408.95
bie_finhestnks11,2022-Q2,TP.FINHESTNKS11.ZP13,"VF.4.1.Kısa Vadeli Krediler,Finansal Olmayan Kuruluşlar (Konsolide Olmayan, Stok)",last,97483408.95
bie_finhestnks11,2022-Q2,TP.FINHESTNKS11.ZP14,"VF.4.2.Uzun Vadeli Krediler,Finansal Olmayan Kuruluşlar (Konsolide Olmayan, Stok)",last,0.0
bie_finhestnks11,2022-Q2,TP.FINHESTNKS11.ZP15,"VF.5.Hisse Senetleri ve Özkaynaklar,Finansal Olmayan Kuruluşlar (Konsolide Olmayan, Stok)",last,4482433026.35
bie_finhestnks11,2022-Q2,TP.FINHESTNKS11.ZP16,"VF.5.1.Hisse Senetleri ve Özkaynaklar,Finansal Olmayan Kuruluşlar (Konsolide Olmayan, Stok)",last,4409607659.69
bie_finhestnks11,2022-Q2,TP.FINHESTNKS11.ZP17,"VF.5.2.Yatırım Fonu Katılma Belgeleri,Finansal Olmayan Kuruluşlar (Konsolide Olmayan, Stok)",last,72825366.65
bie_finhestnks11,2022-Q2,TP.FINHESTNKS11.ZP18,"VF.5.2.1.Para Piyasası Fonları,Finansal Olmayan Kuruluşlar (Konsolide Olmayan, Stok)",last,17042264.34
bie_finhestnks11,2022-Q2,TP.FINHESTNKS11.ZP19,"VF.5.2.2.Diğer Yatırım Fonları,Finansal Olmayan Kuruluşlar (Konsolide Olmayan, Stok)",last,55783102.31
bie_finhestnks11,2022-Q2,TP.FINHESTNKS11.ZP20,"VF.6.Sigorta ve Emeklilik Sözleşmeleri,Finansal Olmayan Kuruluşlar (Konsolide Olmayan, Stok)",last,56255533.29
bie_finhestnks11,2022-Q2,TP.FINHESTNKS11.ZP21,"VF.7.Finansal Türevler,Finansal Olmayan Kuruluşlar (Konsolide Olmayan, Stok)",last,21009832.0
bie_finhestnks11,2022-Q2,TP.FINHESTNKS11.ZP22,"VF.8.Diğer Alacaklar,Finansal Olmayan Kuruluşlar (Konsolide Olmayan, Stok)",last,9550131417.42
bie_finhestnks11,2022-Q2,TP.FINHESTNKS11.ZP23,"VF.0.Toplam Varlıklar,Finansal Olmayan Kuruluşlar (Konsolide Olmayan, Stok)",last,16673245879.07
bie_finhestnks11,2022-Q2,TP.FINHESTNKS11.ZP24,"F.1.Parasal Altın ve SDR,Finansal Olmayan Kuruluşlar (Konsolide Olmayan, Stok)",last,0.0
bie_finhestnks11,2022-Q2,TP.FINHESTNKS11.ZP26,"F.1.2.Özel Çekme Hakları (SDR),Finansal Olmayan Kuruluşlar (Konsolide Olmayan, Stok)",last,0.0
bie_finhestnks11,2022-Q2,TP.FINHESTNKS11.ZP27,"F.2.Para ve Mevduat,Finansal Olmayan Kuruluşlar (Konsolide Olmayan, Stok)",last,0.0
bie_finhestnks11,2022-Q2,TP.FINHESTNKS11.ZP28,"F.2.1.Para,Finansal Olmayan Kuruluşlar (Konsolide Olmayan, Stok)",last,0.0
bie_finhestnks11,2022-Q2,TP.FINHESTNKS11.ZP29,"F.2.2.Vadesiz Mevduat,Finansal Olmayan Kuruluşlar (Konsolide Olmayan, Stok)",last,0.0
bie_finhestnks11,2022-Q2,TP.FINHESTNKS11.ZP30,"F.2.9.Vadeli Mevduat,Finansal Olmayan Kuruluşlar (Konsolide Olmayan, Stok)",last,0.0
bie_finhestnks11,2022-Q2,TP.FINHESTNKS11.ZP31,"F.3.Borçlanma Senetleri,Finansal Olmayan Kuruluşlar (Konsolide Olmayan, Stok)",last,201422036.6
bie_finhestnks11,2022-Q2,TP.FINHESTNKS11.ZP32,"F.3.1.Kısa Vadeli Borçlanma Senetleri,Finansal Olmayan Kuruluşlar (Konsolide Olmayan, Stok)",last,3638317.54
bie_finhestnks11,2022-Q2,TP.FINHESTNKS11.ZP33,"F.3.2.Uzun Vadeli Borçlanma Senetleri,Finansal Olmayan Kuruluşlar (Konsolide Olmayan, Stok)",last,197783719.05
bie_finhestnks11,2022-Q2,TP.FINHESTNKS11.ZP34,"F.4.Krediler,Finansal Olmayan Kuruluşlar (Konsolide Olmayan, Stok)",last,6545888361.28
bie_finhestnks11,2022-Q2,TP.FINHESTNKS11.ZP35,"F.4.1.Kısa Vadeli Krediler,Finansal Olmayan Kuruluşlar (Konsolide Olmayan, Stok)",last,2684566099.42
bie_finhestnks11,2022-Q2,TP.FINHESTNKS11.ZP36,"F.4.2.Uzun Vadeli Krediler,Finansal Olmayan Kuruluşlar (Konsolide Olmayan, Stok)",last,3861322261.86
bie_finhestnks11,2022-Q2,TP.FINHESTNKS11.ZP37,"F.5.Hisse Senetleri ve Özkaynaklar,Finansal Olmayan Kuruluşlar (Konsolide Olmayan, Stok)",last,6061654243.97
bie_finhestnks11,2022-Q2,TP.FINHESTNKS11.ZP38,"F.5.1.Hisse Senetleri ve Özkaynaklar,Finansal Olmayan Kuruluşlar (Konsolide Olmayan, Stok)",last,6061654243.97
bie_finhestnks11,2022-Q2,TP.FINHESTNKS11.ZP39,"F.5.2.Yatırım Fonu Katılma Belgeleri,Finansal Olmayan Kuruluşlar (Konsolide Olmayan, Stok)",last,0.0
bie_finhestnks11,2022-Q2,TP.FINHESTNKS11.ZP40,"F.5.2.1.Para Piyasası Fonları,Finansal Olmayan Kuruluşlar (Konsolide Olmayan, Stok)",last,0.0
bie_finhestnks11,2022-Q2,TP.FINHESTNKS11.ZP41,"F.5.2.2.Diğer Yatırım Fonları,Finansal Olmayan Kuruluşlar (Konsolide Olmayan, Stok)",last,0.0
bie_finhestnks11,2022-Q2,TP.FINHESTNKS11.ZP42,"F.6.Sigorta ve Emeklilik Sözleşmeleri,Finansal Olmayan Kuruluşlar (Konsolide Olmayan, Stok)",last,0.0
bie_finhestnks11,2022-Q2,TP.FINHESTNKS11.ZP43,"F.7.Finansal Türevler,Finansal Olmayan Kuruluşlar (Konsolide Olmayan, Stok)",last,27034457.0
bie_finhestnks11,2022-Q2,TP.FINHESTNKS11.ZP44,"F.8.Diğer Borçlar,Finansal Olmayan Kuruluşlar (Konsolide Olmayan, Stok)",last,9833784513.24
bie_finhestnks11,2022-Q2,TP.FINHESTNKS11.ZP45,"F.0.Toplam Yükümlülükler,Finansal Olmayan Kuruluşlar (Konsolide Olmayan, Stok)",last,22669783612.1
bie_finhestnks11,2022-Q3,TP.FINHESTNKS11.ZP1,"BF.9.NET FİNANSAL DEĞER,Finansal Olmayan Kuruluşlar (Konsolide Olmayan, Stok)",last,-6657248532.9
bie_finhestnks11,2022-Q3,TP.FINHESTNKS11.ZP2,"VF.1.Parasal Altın ve SDR,Finansal Olmayan Kuruluşlar (Konsolide Olmayan, Stok)",last,0.0
bie_finhestnks11,2022-Q3,TP.FINHESTNKS11.ZP3,"VF.1.1.Parasal Altın,Finansal Olmayan Kuruluşlar (Konsolide Olmayan, Stok)",last,0.0
bie_finhestnks11,2022-Q3,TP.FINHESTNKS11.ZP4,"VF.1.2.Özel Çekme Hakları (SDR),Finansal Olmayan Kuruluşlar (Konsolide Olmayan, Stok)",last,0.0
bie_finhestnks11,2022-Q3,TP.FINHESTNKS11.ZP5,"VF.2.Para ve Mevduat,Finansal Olmayan Kuruluşlar (Konsolide Olmayan, Stok)",last,2868647393.38
bie_finhestnks11,2022-Q3,TP.FINHESTNKS11.ZP6,"VF.2.1.Para,Finansal Olmayan Kuruluşlar (Konsolide Olmayan, Stok)",last,188417621.88
bie_finhestnks11,2022-Q3,TP.FINHESTNKS11.ZP7,"VF.2.2.Vadesiz Mevduat,Finansal Olmayan Kuruluşlar (Konsolide Olmayan, Stok)",last,1120111329.97
bie_finhestnks11,2022-Q3,TP.FINHESTNKS11.ZP8,"VF.2.9.Vadeli Mevduat,Finansal Olmayan Kuruluşlar (Konsolide Olmayan, Stok)",last,1560118441.53
bie_finhestnks11,2022-Q3,TP.FINHESTNKS11.ZP9,"VF.3.Borçlanma Senetleri,Finansal Olmayan Kuruluşlar (Konsolide Olmayan, Stok)",last,76085385.29
bie_finhestnks11,2022-Q3,TP.FINHESTNKS11.ZP10,"VF.3.1.Kısa Vadeli Borçlanma Senetleri,Finansal Olmayan Kuruluşlar (Konsolide Olmayan, Stok)",last,4022248.78
bie_finhestnks11,2022-Q3,TP.FINHESTNKS11.ZP11,"VF.3.2.Uzun Vadeli Borçlanma Senetleri,Finansal Olmayan Kuruluşlar (Konsolide Olmayan, Stok)",last,72063136.5
bie_finhestnks11,2022-Q3,TP.FINHESTNKS11.ZP12,"VF.4.Krediler,Finansal Olmayan Kuruluşlar (Konsolide Olmayan, Stok)",last,110315110.9
bie_finhestnks11,2022-Q3,TP.FINHESTNKS11.ZP13,"VF.4.1.Kısa Vadeli Krediler,Finansal Olmayan Kuruluşlar (Konsolide Olmayan, Stok)",last,110315110.9
bie_finhestnks11,2022-Q3,TP.FINHESTNKS11.ZP14,"VF.4.2.Uzun Vadeli Krediler,Finansal Olmayan Kuruluşlar (Konsolide Olmayan, Stok)",last,0.0
bie_finhestnks11,2022-Q3,TP.FINHESTNKS11.ZP15,"VF.5.Hisse Senetleri ve Özkaynaklar,Finansal Olmayan Kuruluşlar (Konsolide Olmayan, Stok)",last,4483750762.07
bie_finhestnks11,2022-Q3,TP.FINHESTNKS11.ZP16,"VF.5.1.Hisse Senetleri ve Özkaynaklar,Finansal Olmayan Kuruluşlar (Konsolide Olmayan, Stok)",last,4364425669.0
bie_finhestnks11,2022-Q3,TP.FINHESTNKS11.ZP17,"VF.5.2.Yatırım Fonu Katılma Belgeleri,Finansal Olmayan Kuruluşlar (Konsolide Olmayan, Stok)",last,119325093.06
bie_finhestnks11,2022-Q3,TP.FINHESTNKS11.ZP18,"VF.5.2.1.Para Piyasası Fonları,Finansal Olmayan Kuruluşlar (Konsolide Olmayan, Stok)",last,35025813.4
bie_finhestnks11,2022-Q3,TP.FINHESTNKS11.ZP19,"VF.5.2.2.Diğer Yatırım Fonları,Finansal Olmayan Kuruluşlar (Konsolide Olmayan, Stok)",last,84299279.66
bie_finhestnks11,2022-Q3,TP.FINHESTNKS11.ZP20,"VF.6.Sigorta ve Emeklilik Sözleşmeleri,Finansal Olmayan Kuruluşlar (Konsolide Olmayan, Stok)",last,65904247.83
bie_finhestnks11,2022-Q3,TP.FINHESTNKS11.ZP21,"VF.7.Finansal Türevler,Finansal Olmayan Kuruluşlar (Konsolide Olmayan, Stok)",last,19939638.0
bie_finhestnks11,2022-Q3,TP.FINHESTNKS11.ZP22,"VF.8.Diğer Alacaklar,Finansal Olmayan Kuruluşlar (Konsolide Olmayan, Stok)",last,11601670519.61
bie_finhestnks11,2022-Q3,TP.FINHESTNKS11.ZP23,"VF.0.Toplam Varlıklar,Finansal Olmayan Kuruluşlar (Konsolide Olmayan, Stok)",last,19226313057.1
bie_finhestnks11,2022-Q3,TP.FINHESTNKS11.ZP24,"F.1.Parasal Altın ve SDR,Finansal Olmayan Kuruluşlar (Konsolide Olmayan, Stok)",last,0.0
bie_finhestnks11,2022-Q3,TP.FINHESTNKS11.ZP26,"F.1.2.Özel Çekme Hakları (SDR),Finansal Olmayan Kuruluşlar (Konsolide Olmayan, Stok)",last,0.0
bie_finhestnks11,2022-Q3,TP.FINHESTNKS11.ZP27,"F.2.Para ve Mevduat,Finansal Olmayan Kuruluşlar (Konsolide Olmayan, Stok)",last,0.0
bie_finhestnks11,2022-Q3,TP.FINHESTNKS11.ZP28,"F.2.1.Para,Finansal Olmayan Kuruluşlar (Konsolide Olmayan, Stok)",last,0.0
bie_finhestnks11,2022-Q3,TP.FINHESTNKS11.ZP29,"F.2.2.Vadesiz Mevduat,Finansal Olmayan Kuruluşlar (Konsolide Olmayan, Stok)",last,0.0
bie_finhestnks11,2022-Q3,TP.FINHESTNKS11.ZP30,"F.2.9.Vadeli Mevduat,Finansal Olmayan Kuruluşlar (Konsolide Olmayan, Stok)",last,0.0
bie_finhestnks11,2022-Q3,TP.FINHESTNKS11.ZP31,"F.3.Borçlanma Senetleri,Finansal Olmayan Kuruluşlar (Konsolide Olmayan, Stok)",last,232539709.97
bie_finhestnks11,2022-Q3,TP.FINHESTNKS11.ZP32,"F.3.1.Kısa Vadeli Borçlanma Senetleri,Finansal Olmayan Kuruluşlar (Konsolide Olmayan, Stok)",last,13502100.0
bie_finhestnks11,2022-Q3,TP.FINHESTNKS11.ZP33,"F.3.2.Uzun Vadeli Borçlanma Senetleri,Finansal Olmayan Kuruluşlar (Konsolide Olmayan, Stok)",last,219037609.97
bie_finhestnks11,2022-Q3,TP.FINHESTNKS11.ZP34,"F.4.Krediler,Finansal Olmayan Kuruluşlar (Konsolide Olmayan, Stok)",last,7167940230.28
bie_finhestnks11,2022-Q3,TP.FINHESTNKS11.ZP35,"F.4.1.Kısa Vadeli Krediler,Finansal Olmayan Kuruluşlar (Konsolide Olmayan, Stok)",last,3153163942.35
bie_finhestnks11,2022-Q3,TP.FINHESTNKS11.ZP36,"F.4.2.Uzun Vadeli Krediler,Finansal Olmayan Kuruluşlar (Konsolide Olmayan, Stok)",last,4014776287.92
bie_finhestnks11,2022-Q3,TP.FINHESTNKS11.ZP37,"F.5.Hisse Senetleri ve Özkaynaklar,Finansal Olmayan Kuruluşlar (Konsolide Olmayan, Stok)",last,6371362728.66
bie_finhestnks11,2022-Q3,TP.FINHESTNKS11.ZP38,"F.5.1.Hisse Senetleri ve Özkaynaklar,Finansal Olmayan Kuruluşlar (Konsolide Olmayan, Stok)",last,6371362728.66
bie_finhestnks11,2022-Q3,TP.FINHESTNKS11.ZP39,"F.5.2.Yatırım Fonu Katılma Belgeleri,Finansal Olmayan Kuruluşlar (Konsolide Olmayan, Stok)",last,0.0
bie_finhestnks11,2022-Q3,TP.FINHESTNKS11.ZP40,"F.5.2.1.Para Piyasası Fonları,Finansal Olmayan Kuruluşlar (Konsolide Olmayan, Stok)",last,0.0
bie_finhestnks11,2022-Q3,TP.FINHESTNKS11.ZP41,"F.5.2.2.Diğer Yatırım Fonları,Finansal Olmayan Kuruluşlar (Konsolide Olmayan, Stok)",last,0.0
bie_finhestnks11,2022-Q3,TP.FINHESTNKS11.ZP42,"F.6.Sigorta ve Emeklilik Sözleşmeleri,Finansal Olmayan Kuruluşlar (Konsolide Olmayan, Stok)",last,0.0
bie_finhestnks11,2022-Q3,TP.FINHESTNKS11.ZP43,"F.7.Finansal Türevler,Finansal Olmayan Kuruluşlar (Konsolide Olmayan, Stok)",last,24763581.0
bie_finhestnks11,2022-Q3,TP.FINHESTNKS11.ZP44,"F.8.Diğer Borçlar,Finansal Olmayan Kuruluşlar (Konsolide Olmayan, Stok)",last,12086955340.1
bie_finhestnks11,2022-Q3,TP.FINHESTNKS11.ZP45,"F.0.Toplam Yükümlülükler,Finansal Olmayan Kuruluşlar (Konsolide Olmayan, Stok)",last,25883561590.01
bie_finhestnks11,2022-Q4,TP.FINHESTNKS11.ZP1,"BF.9.NET FİNANSAL DEĞER,Finansal Olmayan Kuruluşlar (Konsolide Olmayan, Stok)",last,-10436403099.55
bie_finhestnks11,2022-Q4,TP.FINHESTNKS11.ZP2,"VF.1.Parasal Altın ve SDR,Finansal Olmayan Kuruluşlar (Konsolide Olmayan, Stok)",last,0.0
bie_finhestnks11,2022-Q4,TP.FINHESTNKS11.ZP3,"VF.1.1.Parasal Altın,Finansal Olmayan Kuruluşlar (Konsolide Olmayan, Stok)",last,0.0
bie_finhestnks11,2022-Q4,TP.FINHESTNKS11.ZP4,"VF.1.2.Özel Çekme Hakları (SDR),Finansal Olmayan Kuruluşlar (Konsolide Olmayan, Stok)",last,0.0
bie_finhestnks11,2022-Q4,TP.FINHESTNKS11.ZP5,"VF.2.Para ve Mevduat,Finansal Olmayan Kuruluşlar (Konsolide Olmayan, Stok)",last,3262597506.55
bie_finhestnks11,2022-Q4,TP.FINHESTNKS11.ZP6,"VF.2.1.Para,Finansal Olmayan Kuruluşlar (Konsolide Olmayan, Stok)",last,190247186.27
bie_finhestnks11,2022-Q4,TP.FINHESTNKS11.ZP7,"VF.2.2.Vadesiz Mevduat,Finansal Olmayan Kuruluşlar (Konsolide Olmayan, Stok)",last,1280349285.94
bie_finhestnks11,2022-Q4,TP.FINHESTNKS11.ZP8,"VF.2.9.Vadeli Mevduat,Finansal Olmayan Kuruluşlar (Konsolide Olmayan, Stok)",last,1792001034.34
bie_finhestnks11,2022-Q4,TP.FINHESTNKS11.ZP9,"VF.3.Borçlanma Senetleri,Finansal Olmayan Kuruluşlar (Konsolide Olmayan, Stok)",last,73569631.65
bie_finhestnks11,2022-Q4,TP.FINHESTNKS11.ZP10,"VF.3.1.Kısa Vadeli Borçlanma Senetleri,Finansal Olmayan Kuruluşlar (Konsolide Olmayan, Stok)",last,1917666.63
bie_finhestnks11,2022-Q4,TP.FINHESTNKS11.ZP11,"VF.3.2.Uzun Vadeli Borçlanma Senetleri,Finansal Olmayan Kuruluşlar (Konsolide Olmayan, Stok)",last,71651965.01
bie_finhestnks11,2022-Q4,TP.FINHESTNKS11.ZP12,"VF.4.Krediler,Finansal Olmayan Kuruluşlar (Konsolide Olmayan, Stok)",last,88353941.78
bie_finhestnks11,2022-Q4,TP.FINHESTNKS11.ZP13,"VF.4.1.Kısa Vadeli Krediler,Finansal Olmayan Kuruluşlar (Konsolide Olmayan, Stok)",last,88353941.78
bie_finhestnks11,2022-Q4,TP.FINHESTNKS11.ZP14,"VF.4.2.Uzun Vadeli Krediler,Finansal Olmayan Kuruluşlar (Konsolide Olmayan, Stok)",last,0.0
bie_finhestnks11,2022-Q4,TP.FINHESTNKS11.ZP15,"VF.5.Hisse Senetleri ve Özkaynaklar,Finansal Olmayan Kuruluşlar (Konsolide Olmayan, Stok)",last,4664890775.03
bie_finhestnks11,2022-Q4,TP.FINHESTNKS11.ZP16,"VF.5.1.Hisse Senetleri ve Özkaynaklar,Finansal Olmayan Kuruluşlar (Konsolide Olmayan, Stok)",last,4472653593.55
bie_finhestnks11,2022-Q4,TP.FINHESTNKS11.ZP17,"VF.5.2.Yatırım Fonu Katılma Belgeleri,Finansal Olmayan Kuruluşlar (Konsolide Olmayan, Stok)",last,192237181.48
bie_finhestnks11,2022-Q4,TP.FINHESTNKS11.ZP18,"VF.5.2.1.Para Piyasası Fonları,Finansal Olmayan Kuruluşlar (Konsolide Olmayan, Stok)",last,54209803.13
bie_finhestnks11,2022-Q4,TP.FINHESTNKS11.ZP19,"VF.5.2.2.Diğer Yatırım Fonları,Finansal Olmayan Kuruluşlar (Konsolide Olmayan, Stok)",last,138027378.34
bie_finhestnks11,2022-Q4,TP.FINHESTNKS11.ZP20,"VF.6.Sigorta ve Emeklilik Sözleşmeleri,Finansal Olmayan Kuruluşlar (Konsolide Olmayan, Stok)",last,82881736.74
bie_finhestnks11,2022-Q4,TP.FINHESTNKS11.ZP21,"VF.7.Finansal Türevler,Finansal Olmayan Kuruluşlar (Konsolide Olmayan, Stok)",last,16169920.0
bie_finhestnks11,2022-Q4,TP.FINHESTNKS11.ZP22,"VF.8.Diğer Alacaklar,Finansal Olmayan Kuruluşlar (Konsolide Olmayan, Stok)",last,11367150532.96
bie_finhestnks11,2022-Q4,TP.FINHESTNKS11.ZP23,"VF.0.Toplam Varlıklar,Finansal Olmayan Kuruluşlar (Konsolide Olmayan, Stok)",last,19555614044.74
bie_finhestnks11,2022-Q4,TP.FINHESTNKS11.ZP24,"F.1.Parasal Altın ve SDR,Finansal Olmayan Kuruluşlar (Konsolide Olmayan, Stok)",last,0.0
bie_finhestnks11,2022-Q4,TP.FINHESTNKS11.ZP26,"F.1.2.Özel Çekme Hakları (SDR),Finansal Olmayan Kuruluşlar (Konsolide Olmayan, Stok)",last,0.0
bie_finhestnks11,2022-Q4,TP.FINHESTNKS11.ZP27,"F.2.Para ve Mevduat,Finansal Olmayan Kuruluşlar (Konsolide Olmayan, Stok)",last,0.0
bie_finhestnks11,2022-Q4,TP.FINHESTNKS11.ZP28,"F.2.1.Para,Finansal Olmayan Kuruluşlar (Konsolide Olmayan, Stok)",last,0.0
bie_finhestnks11,2022-Q4,TP.FINHESTNKS11.ZP29,"F.2.2.Vadesiz Mevduat,Finansal Olmayan Kuruluşlar (Konsolide Olmayan, Stok)",last,0.0
bie_finhestnks11,2022-Q4,TP.FINHESTNKS11.ZP30,"F.2.9.Vadeli Mevduat,Finansal Olmayan Kuruluşlar (Konsolide Olmayan, Stok)",last,0.0
bie_finhestnks11,2022-Q4,TP.FINHESTNKS11.ZP31,"F.3.Borçlanma Senetleri,Finansal Olmayan Kuruluşlar (Konsolide Olmayan, Stok)",last,262981285.91
bie_finhestnks11,2022-Q4,TP.FINHESTNKS11.ZP32,"F.3.1.Kısa Vadeli Borçlanma Senetleri,Finansal Olmayan Kuruluşlar (Konsolide Olmayan, Stok)",last,22926411.54
bie_finhestnks11,2022-Q4,TP.FINHESTNKS11.ZP33,"F.3.2.Uzun Vadeli Borçlanma Senetleri,Finansal Olmayan Kuruluşlar (Konsolide Olmayan, Stok)",last,240054874.37
bie_finhestnks11,2022-Q4,TP.FINHESTNKS11.ZP34,"F.4.Krediler,Finansal Olmayan Kuruluşlar (Konsolide Olmayan, Stok)",last,7808631685.27
bie_finhestnks11,2022-Q4,TP.FINHESTNKS11.ZP35,"F.4.1.Kısa Vadeli Krediler,Finansal Olmayan Kuruluşlar (Konsolide Olmayan, Stok)",last,3632220219.2
bie_finhestnks11,2022-Q4,TP.FINHESTNKS11.ZP36,"F.4.2.Uzun Vadeli Krediler,Finansal Olmayan Kuruluşlar (Konsolide Olmayan, Stok)",last,4176411466.06
bie_finhestnks11,2022-Q4,TP.FINHESTNKS11.ZP37,"F.5.Hisse Senetleri ve Özkaynaklar,Finansal Olmayan Kuruluşlar (Konsolide Olmayan, Stok)",last,10159252224.62
bie_finhestnks11,2022-Q4,TP.FINHESTNKS11.ZP38,"F.5.1.Hisse Senetleri ve Özkaynaklar,Finansal Olmayan Kuruluşlar (Konsolide Olmayan, Stok)",last,10159252224.62
bie_finhestnks11,2022-Q4,TP.FINHESTNKS11.ZP39,"F.5.2.Yatırım Fonu Katılma Belgeleri,Finansal Olmayan Kuruluşlar (Konsolide Olmayan, Stok)",last,0.0
bie_finhestnks11,2022-Q4,TP.FINHESTNKS11.ZP40,"F.5.2.1.Para Piyasası Fonları,Finansal Olmayan Kuruluşlar (Konsolide Olmayan, Stok)",last,0.0
bie_finhestnks11,2022-Q4,TP.FINHESTNKS11.ZP41,"F.5.2.2.Diğer Yatırım Fonları,Finansal Olmayan Kuruluşlar (Konsolide Olmayan, Stok)",last,0.0
bie_finhestnks11,2022-Q4,TP.FINHESTNKS11.ZP42,"F.6.Sigorta ve Emeklilik Sözleşmeleri,Finansal Olmayan Kuruluşlar (Konsolide Olmayan, Stok)",last,0.0
bie_finhestnks11,2022-Q4,TP.FINHESTNKS11.ZP43,"F.7.Finansal Türevler,Finansal Olmayan Kuruluşlar (Konsolide Olmayan, Stok)",last,23286410.0
bie_finhestnks11,2022-Q4,TP.FINHESTNKS11.ZP44,"F.8.Diğer Borçlar,Finansal Olmayan Kuruluşlar (Konsolide Olmayan, Stok)",last,11737865538.47
bie_finhestnks11,2022-Q4,TP.FINHESTNKS11.ZP45,"F.0.Toplam Yükümlülükler,Finansal Olmayan Kuruluşlar (Konsolide Olmayan, Stok)",last,29992017144.29
bie_finhestnks11,2023-Q1,TP.FINHESTNKS11.ZP1,"BF.9.NET FİNANSAL DEĞER,Finansal Olmayan Kuruluşlar (Konsolide Olmayan, Stok)",last,-9478202117.5
bie_finhestnks11,2023-Q1,TP.FINHESTNKS11.ZP2,"VF.1.Parasal Altın ve SDR,Finansal Olmayan Kuruluşlar (Konsolide Olmayan, Stok)",last,0.0
bie_finhestnks11,2023-Q1,TP.FINHESTNKS11.ZP3,"VF.1.1.Parasal Altın,Finansal Olmayan Kuruluşlar (Konsolide Olmayan, Stok)",last,0.0
bie_finhestnks11,2023-Q1,TP.FINHESTNKS11.ZP4,"VF.1.2.Özel Çekme Hakları (SDR),Finansal Olmayan Kuruluşlar (Konsolide Olmayan, Stok)",last,0.0
bie_finhestnks11,2023-Q1,TP.FINHESTNKS11.ZP5,"VF.2.Para ve Mevduat,Finansal Olmayan Kuruluşlar (Konsolide Olmayan, Stok)",last,3358853485.13
bie_finhestnks11,2023-Q1,TP.FINHESTNKS11.ZP6,"VF.2.1.Para,Finansal Olmayan Kuruluşlar (Konsolide Olmayan, Stok)",last,217666901.71
bie_finhestnks11,2023-Q1,TP.FINHESTNKS11.ZP7,"VF.2.2.Vadesiz Mevduat,Finansal Olmayan Kuruluşlar (Konsolide Olmayan, Stok)",last,1350195094.0
bie_finhestnks11,2023-Q1,TP.FINHESTNKS11.ZP8,"VF.2.9.Vadeli Mevduat,Finansal Olmayan Kuruluşlar (Konsolide Olmayan, Stok)",last,1790991489.41
bie_finhestnks11,2023-Q1,TP.FINHESTNKS11.ZP9,"VF.3.Borçlanma Senetleri,Finansal Olmayan Kuruluşlar (Konsolide Olmayan, Stok)",last,79880959.84
bie_finhestnks11,2023-Q1,TP.FINHESTNKS11.ZP10,"VF.3.1.Kısa Vadeli Borçlanma Senetleri,Finansal Olmayan Kuruluşlar (Konsolide Olmayan, Stok)",last,107919.22
bie_finhestnks11,2023-Q1,TP.FINHESTNKS11.ZP11,"VF.3.2.Uzun Vadeli Borçlanma Senetleri,Finansal Olmayan Kuruluşlar (Konsolide Olmayan, Stok)",last,79773040.62
bie_finhestnks11,2023-Q1,TP.FINHESTNKS11.ZP12,"VF.4.Krediler,Finansal Olmayan Kuruluşlar (Konsolide Olmayan, Stok)",last,90723348.43
bie_finhestnks11,2023-Q1,TP.FINHESTNKS11.ZP13,"VF.4.1.Kısa Vadeli Krediler,Finansal Olmayan Kuruluşlar (Konsolide Olmayan, Stok)",last,90723348.43
bie_finhestnks11,2023-Q1,TP.FINHESTNKS11.ZP14,"VF.4.2.Uzun Vadeli Krediler,Finansal Olmayan Kuruluşlar (Konsolide Olmayan, Stok)",last,0.0
bie_finhestnks11,2023-Q1,TP.FINHESTNKS11.ZP15,"VF.5.Hisse Senetleri ve Özkaynaklar,Finansal Olmayan Kuruluşlar (Konsolide Olmayan, Stok)",last,4486283828.89
bie_finhestnks11,2023-Q1,TP.FINHESTNKS11.ZP16,"VF.5.1.Hisse Senetleri ve Özkaynaklar,Finansal Olmayan Kuruluşlar (Konsolide Olmayan, Stok)",last,4269737930.02
bie_finhestnks11,2023-Q1,TP.FINHESTNKS11.ZP17,"VF.5.2.Yatırım Fonu Katılma Belgeleri,Finansal Olmayan Kuruluşlar (Konsolide Olmayan, Stok)",last,216545898.86
bie_finhestnks11,2023-Q1,TP.FINHESTNKS11.ZP18,"VF.5.2.1.Para Piyasası Fonları,Finansal Olmayan Kuruluşlar (Konsolide Olmayan, Stok)",last,31817993.23
bie_finhestnks11,2023-Q1,TP.FINHESTNKS11.ZP19,"VF.5.2.2.Diğer Yatırım Fonları,Finansal Olmayan Kuruluşlar (Konsolide Olmayan, Stok)",last,184727905.63
bie_finhestnks11,2023-Q1,TP.FINHESTNKS11.ZP20,"VF.6.Sigorta ve Emeklilik Sözleşmeleri,Finansal Olmayan Kuruluşlar (Konsolide Olmayan, Stok)",last,102898122.54
bie_finhestnks11,2023-Q1,TP.FINHESTNKS11.ZP21,"VF.7.Finansal Türevler,Finansal Olmayan Kuruluşlar (Konsolide Olmayan, Stok)",last,13148615.0
bie_finhestnks11,2023-Q1,TP.FINHESTNKS11.ZP22,"VF.8.Diğer Alacaklar,Finansal Olmayan Kuruluşlar (Konsolide Olmayan, Stok)",last,12919206348.29
bie_finhestnks11,2023-Q1,TP.FINHESTNKS11.ZP23,"VF.0.Toplam Varlıklar,Finansal Olmayan Kuruluşlar (Konsolide Olmayan, Stok)",last,21050994708.14
bie_finhestnks11,2023-Q1,TP.FINHESTNKS11.ZP24,"F.1.Parasal Altın ve SDR,Finansal Olmayan Kuruluşlar (Konsolide Olmayan, Stok)",last,0.0
bie_finhestnks11,2023-Q1,TP.FINHESTNKS11.ZP26,"F.1.2.Özel Çekme Hakları (SDR),Finansal Olmayan Kuruluşlar (Konsolide Olmayan, Stok)",last,0.0
bie_finhestnks11,2023-Q1,TP.FINHESTNKS11.ZP27,"F.2.Para ve Mevduat,Finansal Olmayan Kuruluşlar (Konsolide Olmayan, Stok)",last,0.0
bie_finhestnks11,2023-Q1,TP.FINHESTNKS11.ZP28,"F.2.1.Para,Finansal Olmayan Kuruluşlar (Konsolide Olmayan, Stok)",last,0.0
bie_finhestnks11,2023-Q1,TP.FINHESTNKS11.ZP29,"F.2.2.Vadesiz Mevduat,Finansal Olmayan Kuruluşlar (Konsolide Olmayan, Stok)",last,0.0
bie_finhestnks11,2023-Q1,TP.FINHESTNKS11.ZP30,"F.2.9.Vadeli Mevduat,Finansal Olmayan Kuruluşlar (Konsolide Olmayan, Stok)",last,0.0
bie_finhestnks11,2023-Q1,TP.FINHESTNKS11.ZP31,"F.3.Borçlanma Senetleri,Finansal Olmayan Kuruluşlar (Konsolide Olmayan, Stok)",last,262573904.36
bie_finhestnks11,2023-Q1,TP.FINHESTNKS11.ZP32,"F.3.1.Kısa Vadeli Borçlanma Senetleri,Finansal Olmayan Kuruluşlar (Konsolide Olmayan, Stok)",last,30047330.76
bie_finhestnks11,2023-Q1,TP.FINHESTNKS11.ZP33,"F.3.2.Uzun Vadeli Borçlanma Senetleri,Finansal Olmayan Kuruluşlar (Konsolide Olmayan, Stok)",last,232526573.59
bie_finhestnks11,2023-Q1,TP.FINHESTNKS11.ZP34,"F.4.Krediler,Finansal Olmayan Kuruluşlar (Konsolide Olmayan, Stok)",last,8498407564.04
bie_finhestnks11,2023-Q1,TP.FINHESTNKS11.ZP35,"F.4.1.Kısa Vadeli Krediler,Finansal Olmayan Kuruluşlar (Konsolide Olmayan, Stok)",last,3853646834.16
bie_finhestnks11,2023-Q1,TP.FINHESTNKS11.ZP36,"F.4.2.Uzun Vadeli Krediler,Finansal Olmayan Kuruluşlar (Konsolide Olmayan, Stok)",last,4644760729.87
bie_finhestnks11,2023-Q1,TP.FINHESTNKS11.ZP37,"F.5.Hisse Senetleri ve Özkaynaklar,Finansal Olmayan Kuruluşlar (Konsolide Olmayan, Stok)",last,8404629082.06
bie_finhestnks11,2023-Q1,TP.FINHESTNKS11.ZP38,"F.5.1.Hisse Senetleri ve Özkaynaklar,Finansal Olmayan Kuruluşlar (Konsolide Olmayan, Stok)",last,8404629082.06
bie_finhestnks11,2023-Q1,TP.FINHESTNKS11.ZP39,"F.5.2.Yatırım Fonu Katılma Belgeleri,Finansal Olmayan Kuruluşlar (Konsolide Olmayan, Stok)",last,0.0
bie_finhestnks11,2023-Q1,TP.FINHESTNKS11.ZP40,"F.5.2.1.Para Piyasası Fonları,Finansal Olmayan Kuruluşlar (Konsolide Olmayan, Stok)",last,0.0
bie_finhestnks11,2023-Q1,TP.FINHESTNKS11.ZP41,"F.5.2.2.Diğer Yatırım Fonları,Finansal Olmayan Kuruluşlar (Konsolide Olmayan, Stok)",last,0.0
bie_finhestnks11,2023-Q1,TP.FINHESTNKS11.ZP42,"F.6.Sigorta ve Emeklilik Sözleşmeleri,Finansal Olmayan Kuruluşlar (Konsolide Olmayan, Stok)",last,0.0
bie_finhestnks11,2023-Q1,TP.FINHESTNKS11.ZP43,"F.7.Finansal Türevler,Finansal Olmayan Kuruluşlar (Konsolide Olmayan, Stok)",last,18835385.0
bie_finhestnks11,2023-Q1,TP.FINHESTNKS11.ZP44,"F.8.Diğer Borçlar,Finansal Olmayan Kuruluşlar (Konsolide Olmayan, Stok)",last,13344750890.18
bie_finhestnks11,2023-Q1,TP.FINHESTNKS11.ZP45,"F.0.Toplam Yükümlülükler,Finansal Olmayan Kuruluşlar (Konsolide Olmayan, Stok)",last,30529196825.65
bie_finhestnks11,2023-Q2,TP.FINHESTNKS11.ZP1,"BF.9.NET FİNANSAL DEĞER,Finansal Olmayan Kuruluşlar (Konsolide Olmayan, Stok)",last,-10897764445.42
bie_finhestnks11,2023-Q2,TP.FINHESTNKS11.ZP2,"VF.1.Parasal Altın ve SDR,Finansal Olmayan Kuruluşlar (Konsolide Olmayan, Stok)",last,0.0
bie_finhestnks11,2023-Q2,TP.FINHESTNKS11.ZP3,"VF.1.1.Parasal Altın,Finansal Olmayan Kuruluşlar (Konsolide Olmayan, Stok)",last,0.0
bie_finhestnks11,2023-Q2,TP.FINHESTNKS11.ZP4,"VF.1.2.Özel Çekme Hakları (SDR),Finansal Olmayan Kuruluşlar (Konsolide Olmayan, Stok)",last,0.0
bie_finhestnks11,2023-Q2,TP.FINHESTNKS11.ZP5,"VF.2.Para ve Mevduat,Finansal Olmayan Kuruluşlar (Konsolide Olmayan, Stok)",last,3858440197.7
bie_finhestnks11,2023-Q2,TP.FINHESTNKS11.ZP6,"VF.2.1.Para,Finansal Olmayan Kuruluşlar (Konsolide Olmayan, Stok)",last,244906825.39
bie_finhestnks11,2023-Q2,TP.FINHESTNKS11.ZP7,"VF.2.2.Vadesiz Mevduat,Finansal Olmayan Kuruluşlar (Konsolide Olmayan, Stok)",last,1551044221.33
bie_finhestnks11,2023-Q2,TP.FINHESTNKS11.ZP8,"VF.2.9.Vadeli Mevduat,Finansal Olmayan Kuruluşlar (Konsolide Olmayan, Stok)",last,2062489150.97
bie_finhestnks11,2023-Q2,TP.FINHESTNKS11.ZP9,"VF.3.Borçlanma Senetleri,Finansal Olmayan Kuruluşlar (Konsolide Olmayan, Stok)",last,93646470.76
bie_finhestnks11,2023-Q2,TP.FINHESTNKS11.ZP10,"VF.3.1.Kısa Vadeli Borçlanma Senetleri,Finansal Olmayan Kuruluşlar (Konsolide Olmayan, Stok)",last,4208758.26
bie_finhestnks11,2023-Q2,TP.FINHESTNKS11.ZP11,"VF.3.2.Uzun Vadeli Borçlanma Senetleri,Finansal Olmayan Kuruluşlar (Konsolide Olmayan, Stok)",last,89437712.49
bie_finhestnks11,2023-Q2,TP.FINHESTNKS11.ZP12,"VF.4.Krediler,Finansal Olmayan Kuruluşlar (Konsolide Olmayan, Stok)",last,127317422.1
bie_finhestnks11,2023-Q2,TP.FINHESTNKS11.ZP13,"VF.4.1.Kısa Vadeli Krediler,Finansal Olmayan Kuruluşlar (Konsolide Olmayan, Stok)",last,127317422.1
bie_finhestnks11,2023-Q2,TP.FINHESTNKS11.ZP14,"VF.4.2.Uzun Vadeli Krediler,Finansal Olmayan Kuruluşlar (Konsolide Olmayan, Stok)",last,0.0
bie_finhestnks11,2023-Q2,TP.FINHESTNKS11.ZP15,"VF.5.Hisse Senetleri ve Özkaynaklar,Finansal Olmayan Kuruluşlar (Konsolide Olmayan, Stok)",last,6417996899.25
bie_finhestnks11,2023-Q2,TP.FINHESTNKS11.ZP16,"VF.5.1.Hisse Senetleri ve Özkaynaklar,Finansal Olmayan Kuruluşlar (Konsolide Olmayan, Stok)",last,6165355042.77
bie_finhestnks11,2023-Q2,TP.FINHESTNKS11.ZP17,"VF.5.2.Yatırım Fonu Katılma Belgeleri,Finansal Olmayan Kuruluşlar (Konsolide Olmayan, Stok)",last,252641856.47
bie_finhestnks11,2023-Q2,TP.FINHESTNKS11.ZP18,"VF.5.2.1.Para Piyasası Fonları,Finansal Olmayan Kuruluşlar (Konsolide Olmayan, Stok)",last,20020550.46
bie_finhestnks11,2023-Q2,TP.FINHESTNKS11.ZP19,"VF.5.2.2.Diğer Yatırım Fonları,Finansal Olmayan Kuruluşlar (Konsolide Olmayan, Stok)",last,232621306.0
bie_finhestnks11,2023-Q2,TP.FINHESTNKS11.ZP20,"VF.6.Sigorta ve Emeklilik Sözleşmeleri,Finansal Olmayan Kuruluşlar (Konsolide Olmayan, Stok)",last,119414622.2
bie_finhestnks11,2023-Q2,TP.FINHESTNKS11.ZP21,"VF.7.Finansal Türevler,Finansal Olmayan Kuruluşlar (Konsolide Olmayan, Stok)",last,64137395.0
bie_finhestnks11,2023-Q2,TP.FINHESTNKS11.ZP22,"VF.8.Diğer Alacaklar,Finansal Olmayan Kuruluşlar (Konsolide Olmayan, Stok)",last,14590999669.99
bie_finhestnks11,2023-Q2,TP.FINHESTNKS11.ZP23,"VF.0.Toplam Varlıklar,Finansal Olmayan Kuruluşlar (Konsolide Olmayan, Stok)",last,25271952677.01
bie_finhestnks11,2023-Q2,TP.FINHESTNKS11.ZP24,"F.1.Parasal Altın ve SDR,Finansal Olmayan Kuruluşlar (Konsolide Olmayan, Stok)",last,0.0
bie_finhestnks11,2023-Q2,TP.FINHESTNKS11.ZP26,"F.1.2.Özel Çekme Hakları (SDR),Finansal Olmayan Kuruluşlar (Konsolide Olmayan, Stok)",last,0.0
bie_finhestnks11,2023-Q2,TP.FINHESTNKS11.ZP27,"F.2.Para ve Mevduat,Finansal Olmayan Kuruluşlar (Konsolide Olmayan, Stok)",last,0.0
bie_finhestnks11,2023-Q2,TP.FINHESTNKS11.ZP28,"F.2.1.Para,Finansal Olmayan Kuruluşlar (Konsolide Olmayan, Stok)",last,0.0
bie_finhestnks11,2023-Q2,TP.FINHESTNKS11.ZP29,"F.2.2.Vadesiz Mevduat,Finansal Olmayan Kuruluşlar (Konsolide Olmayan, Stok)",last,0.0
bie_finhestnks11,2023-Q2,TP.FINHESTNKS11.ZP30,"F.2.9.Vadeli Mevduat,Finansal Olmayan Kuruluşlar (Konsolide Olmayan, Stok)",last,0.0
bie_finhestnks11,2023-Q2,TP.FINHESTNKS11.ZP31,"F.3.Borçlanma Senetleri,Finansal Olmayan Kuruluşlar (Konsolide Olmayan, Stok)",last,307738130.74
bie_finhestnks11,2023-Q2,TP.FINHESTNKS11.ZP32,"F.3.1.Kısa Vadeli Borçlanma Senetleri,Finansal Olmayan Kuruluşlar (Konsolide Olmayan, Stok)",last,26485260.0
bie_finhestnks11,2023-Q2,TP.FINHESTNKS11.ZP33,"F.3.2.Uzun Vadeli Borçlanma Senetleri,Finansal Olmayan Kuruluşlar (Konsolide Olmayan, Stok)",last,281252870.74
bie_finhestnks11,2023-Q2,TP.FINHESTNKS11.ZP34,"F.4.Krediler,Finansal Olmayan Kuruluşlar (Konsolide Olmayan, Stok)",last,10213863372.49
bie_finhestnks11,2023-Q2,TP.FINHESTNKS11.ZP35,"F.4.1.Kısa Vadeli Krediler,Finansal Olmayan Kuruluşlar (Konsolide Olmayan, Stok)",last,4659737477.83
bie_finhestnks11,2023-Q2,TP.FINHESTNKS11.ZP36,"F.4.2.Uzun Vadeli Krediler,Finansal Olmayan Kuruluşlar (Konsolide Olmayan, Stok)",last,5554125894.66
bie_finhestnks11,2023-Q2,TP.FINHESTNKS11.ZP37,"F.5.Hisse Senetleri ve Özkaynaklar,Finansal Olmayan Kuruluşlar (Konsolide Olmayan, Stok)",last,10351623254.04
bie_finhestnks11,2023-Q2,TP.FINHESTNKS11.ZP38,"F.5.1.Hisse Senetleri ve Özkaynaklar,Finansal Olmayan Kuruluşlar (Konsolide Olmayan, Stok)",last,10351623254.04
bie_finhestnks11,2023-Q2,TP.FINHESTNKS11.ZP39,"F.5.2.Yatırım Fonu Katılma Belgeleri,Finansal Olmayan Kuruluşlar (Konsolide Olmayan, Stok)",last,0.0
bie_finhestnks11,2023-Q2,TP.FINHESTNKS11.ZP40,"F.5.2.1.Para Piyasası Fonları,Finansal Olmayan Kuruluşlar (Konsolide Olmayan, Stok)",last,0.0
bie_finhestnks11,2023-Q2,TP.FINHESTNKS11.ZP41,"F.5.2.2.Diğer Yatırım Fonları,Finansal Olmayan Kuruluşlar (Konsolide Olmayan, Stok)",last,0.0
bie_finhestnks11,2023-Q2,TP.FINHESTNKS11.ZP42,"F.6.Sigorta ve Emeklilik Sözleşmeleri,Finansal Olmayan Kuruluşlar (Konsolide Olmayan, Stok)",last,0.0
bie_finhestnks11,2023-Q2,TP.FINHESTNKS11.ZP43,"F.7.Finansal Türevler,Finansal Olmayan Kuruluşlar (Konsolide Olmayan, Stok)",last,24489910.0
bie_finhestnks11,2023-Q2,TP.FINHESTNKS11.ZP44,"F.8.Diğer Borçlar,Finansal Olmayan Kuruluşlar (Konsolide Olmayan, Stok)",last,15272002455.16
bie_finhestnks11,2023-Q2,TP.FINHESTNKS11.ZP45,"F.0.Toplam Yükümlülükler,Finansal Olmayan Kuruluşlar (Konsolide Olmayan, Stok)",last,36169717122.44
bie_finhestnks11,2023-Q3,TP.FINHESTNKS11.ZP1,"BF.9.NET FİNANSAL DEĞER,Finansal Olmayan Kuruluşlar (Konsolide Olmayan, Stok)",last,-14065180802.12
bie_finhestnks11,2023-Q3,TP.FINHESTNKS11.ZP2,"VF.1.Parasal Altın ve SDR,Finansal Olmayan Kuruluşlar (Konsolide Olmayan, Stok)",last,0.0
bie_finhestnks11,2023-Q3,TP.FINHESTNKS11.ZP3,"VF.1.1.Parasal Altın,Finansal Olmayan Kuruluşlar (Konsolide Olmayan, Stok)",last,0.0
bie_finhestnks11,2023-Q3,TP.FINHESTNKS11.ZP4,"VF.1.2.Özel Çekme Hakları (SDR),Finansal Olmayan Kuruluşlar (Konsolide Olmayan, Stok)",last,0.0
bie_finhestnks11,2023-Q3,TP.FINHESTNKS11.ZP5,"VF.2.Para ve Mevduat,Finansal Olmayan Kuruluşlar (Konsolide Olmayan, Stok)",last,4502864334.6
bie_finhestnks11,2023-Q3,TP.FINHESTNKS11.ZP6,"VF.2.1.Para,Finansal Olmayan Kuruluşlar (Konsolide Olmayan, Stok)",last,288892017.17
bie_finhestnks11,2023-Q3,TP.FINHESTNKS11.ZP7,"VF.2.2.Vadesiz Mevduat,Finansal Olmayan Kuruluşlar (Konsolide Olmayan, Stok)",last,1753485926.58
bie_finhestnks11,2023-Q3,TP.FINHESTNKS11.ZP8,"VF.2.9.Vadeli Mevduat,Finansal Olmayan Kuruluşlar (Konsolide Olmayan, Stok)",last,2460486390.85
bie_finhestnks11,2023-Q3,TP.FINHESTNKS11.ZP9,"VF.3.Borçlanma Senetleri,Finansal Olmayan Kuruluşlar (Konsolide Olmayan, Stok)",last,83576221.65
bie_finhestnks11,2023-Q3,TP.FINHESTNKS11.ZP10,"VF.3.1.Kısa Vadeli Borçlanma Senetleri,Finansal Olmayan Kuruluşlar (Konsolide Olmayan, Stok)",last,3847138.69
bie_finhestnks11,2023-Q3,TP.FINHESTNKS11.ZP11,"VF.3.2.Uzun Vadeli Borçlanma Senetleri,Finansal Olmayan Kuruluşlar (Konsolide Olmayan, Stok)",last,79729082.95
bie_finhestnks11,2023-Q3,TP.FINHESTNKS11.ZP12,"VF.4.Krediler,Finansal Olmayan Kuruluşlar (Konsolide Olmayan, Stok)",last,136692220.25
bie_finhestnks11,2023-Q3,TP.FINHESTNKS11.ZP13,"VF.4.1.Kısa Vadeli Krediler,Finansal Olmayan Kuruluşlar (Konsolide Olmayan, Stok)",last,136692220.25
bie_finhestnks11,2023-Q3,TP.FINHESTNKS11.ZP14,"VF.4.2.Uzun Vadeli Krediler,Finansal Olmayan Kuruluşlar (Konsolide Olmayan, Stok)",last,0.0
bie_finhestnks11,2023-Q3,TP.FINHESTNKS11.ZP15,"VF.5.Hisse Senetleri ve Özkaynaklar,Finansal Olmayan Kuruluşlar (Konsolide Olmayan, Stok)",last,10193418321.22
bie_finhestnks11,2023-Q3,TP.FINHESTNKS11.ZP16,"VF.5.1.Hisse Senetleri ve Özkaynaklar,Finansal Olmayan Kuruluşlar (Konsolide Olmayan, Stok)",last,9889740899.66
bie_finhestnks11,2023-Q3,TP.FINHESTNKS11.ZP17,"VF.5.2.Yatırım Fonu Katılma Belgeleri,Finansal Olmayan Kuruluşlar (Konsolide Olmayan, Stok)",last,303677421.55
bie_finhestnks11,2023-Q3,TP.FINHESTNKS11.ZP18,"VF.5.2.1.Para Piyasası Fonları,Finansal Olmayan Kuruluşlar (Konsolide Olmayan, Stok)",last,38547336.72
bie_finhestnks11,2023-Q3,TP.FINHESTNKS11.ZP19,"VF.5.2.2.Diğer Yatırım Fonları,Finansal Olmayan Kuruluşlar (Konsolide Olmayan, Stok)",last,265130084.82
bie_finhestnks11,2023-Q3,TP.FINHESTNKS11.ZP20,"VF.6.Sigorta ve Emeklilik Sözleşmeleri,Finansal Olmayan Kuruluşlar (Konsolide Olmayan, Stok)",last,140314402.64
bie_finhestnks11,2023-Q3,TP.FINHESTNKS11.ZP21,"VF.7.Finansal Türevler,Finansal Olmayan Kuruluşlar (Konsolide Olmayan, Stok)",last,33902062.0
bie_finhestnks11,2023-Q3,TP.FINHESTNKS11.ZP22,"VF.8.Diğer Alacaklar,Finansal Olmayan Kuruluşlar (Konsolide Olmayan, Stok)",last,17094002075.84
bie_finhestnks11,2023-Q3,TP.FINHESTNKS11.ZP23,"VF.0.Toplam Varlıklar,Finansal Olmayan Kuruluşlar (Konsolide Olmayan, Stok)",last,32184769638.22
bie_finhestnks11,2023-Q3,TP.FINHESTNKS11.ZP24,"F.1.Parasal Altın ve SDR,Finansal Olmayan Kuruluşlar (Konsolide Olmayan, Stok)",last,0.0
bie_finhestnks11,2023-Q3,TP.FINHESTNKS11.ZP26,"F.1.2.Özel Çekme Hakları (SDR),Finansal Olmayan Kuruluşlar (Konsolide Olmayan, Stok)",last,0.0
bie_finhestnks11,2023-Q3,TP.FINHESTNKS11.ZP27,"F.2.Para ve Mevduat,Finansal Olmayan Kuruluşlar (Konsolide Olmayan, Stok)",last,0.0
bie_finhestnks11,2023-Q3,TP.FINHESTNKS11.ZP28,"F.2.1.Para,Finansal Olmayan Kuruluşlar (Konsolide Olmayan, Stok)",last,0.0
bie_finhestnks11,2023-Q3,TP.FINHESTNKS11.ZP29,"F.2.2.Vadesiz Mevduat,Finansal Olmayan Kuruluşlar (Konsolide Olmayan, Stok)",last,0.0
bie_finhestnks11,2023-Q3,TP.FINHESTNKS11.ZP30,"F.2.9.Vadeli Mevduat,Finansal Olmayan Kuruluşlar (Konsolide Olmayan, Stok)",last,0.0
bie_finhestnks11,2023-Q3,TP.FINHESTNKS11.ZP31,"F.3.Borçlanma Senetleri,Finansal Olmayan Kuruluşlar (Konsolide Olmayan, Stok)",last,348355548.95
bie_finhestnks11,2023-Q3,TP.FINHESTNKS11.ZP32,"F.3.1.Kısa Vadeli Borçlanma Senetleri,Finansal Olmayan Kuruluşlar (Konsolide Olmayan, Stok)",last,27549468.35
bie_finhestnks11,2023-Q3,TP.FINHESTNKS11.ZP33,"F.3.2.Uzun Vadeli Borçlanma Senetleri,Finansal Olmayan Kuruluşlar (Konsolide Olmayan, Stok)",last,320806080.6
bie_finhestnks11,2023-Q3,TP.FINHESTNKS11.ZP34,"F.4.Krediler,Finansal Olmayan Kuruluşlar (Konsolide Olmayan, Stok)",last,10870418232.21
bie_finhestnks11,2023-Q3,TP.FINHESTNKS11.ZP35,"F.4.1.Kısa Vadeli Krediler,Finansal Olmayan Kuruluşlar (Konsolide Olmayan, Stok)",last,5010257130.38
bie_finhestnks11,2023-Q3,TP.FINHESTNKS11.ZP36,"F.4.2.Uzun Vadeli Krediler,Finansal Olmayan Kuruluşlar (Konsolide Olmayan, Stok)",last,5860161101.83
bie_finhestnks11,2023-Q3,TP.FINHESTNKS11.ZP37,"F.5.Hisse Senetleri ve Özkaynaklar,Finansal Olmayan Kuruluşlar (Konsolide Olmayan, Stok)",last,16849508299.45
bie_finhestnks11,2023-Q3,TP.FINHESTNKS11.ZP38,"F.5.1.Hisse Senetleri ve Özkaynaklar,Finansal Olmayan Kuruluşlar (Konsolide Olmayan, Stok)",last,16849508299.45
bie_finhestnks11,2023-Q3,TP.FINHESTNKS11.ZP39,"F.5.2.Yatırım Fonu Katılma Belgeleri,Finansal Olmayan Kuruluşlar (Konsolide Olmayan, Stok)",last,0.0
bie_finhestnks11,2023-Q3,TP.FINHESTNKS11.ZP40,"F.5.2.1.Para Piyasası Fonları,Finansal Olmayan Kuruluşlar (Konsolide Olmayan, Stok)",last,0.0
bie_finhestnks11,2023-Q3,TP.FINHESTNKS11.ZP41,"F.5.2.2.Diğer Yatırım Fonları,Finansal Olmayan Kuruluşlar (Konsolide Olmayan, Stok)",last,0.0
bie_finhestnks11,2023-Q3,TP.FINHESTNKS11.ZP42,"F.6.Sigorta ve Emeklilik Sözleşmeleri,Finansal Olmayan Kuruluşlar (Konsolide Olmayan, Stok)",last,0.0
bie_finhestnks11,2023-Q3,TP.FINHESTNKS11.ZP43,"F.7.Finansal Türevler,Finansal Olmayan Kuruluşlar (Konsolide Olmayan, Stok)",last,23475488.0
bie_finhestnks11,2023-Q3,TP.FINHESTNKS11.ZP44,"F.8.Diğer Borçlar,Finansal Olmayan Kuruluşlar (Konsolide Olmayan, Stok)",last,18158192871.72
bie_finhestnks11,2023-Q3,TP.FINHESTNKS11.ZP45,"F.0.Toplam Yükümlülükler,Finansal Olmayan Kuruluşlar (Konsolide Olmayan, Stok)",last,46249950440.35
bie_finhestnks11,2023-Q4,TP.FINHESTNKS11.ZP1,"BF.9.NET FİNANSAL DEĞER,Finansal Olmayan Kuruluşlar (Konsolide Olmayan, Stok)",last,-15726166125.69
bie_finhestnks11,2023-Q4,TP.FINHESTNKS11.ZP2,"VF.1.Parasal Altın ve SDR,Finansal Olmayan Kuruluşlar (Konsolide Olmayan, Stok)",last,0.0
bie_finhestnks11,2023-Q4,TP.FINHESTNKS11.ZP3,"VF.1.1.Parasal Altın,Finansal Olmayan Kuruluşlar (Konsolide Olmayan, Stok)",last,0.0
bie_finhestnks11,2023-Q4,TP.FINHESTNKS11.ZP4,"VF.1.2.Özel Çekme Hakları (SDR),Finansal Olmayan Kuruluşlar (Konsolide Olmayan, Stok)",last,0.0
bie_finhestnks11,2023-Q4,TP.FINHESTNKS11.ZP5,"VF.2.Para ve Mevduat,Finansal Olmayan Kuruluşlar (Konsolide Olmayan, Stok)",last,5081032589.95
bie_finhestnks11,2023-Q4,TP.FINHESTNKS11.ZP6,"VF.2.1.Para,Finansal Olmayan Kuruluşlar (Konsolide Olmayan, Stok)",last,293676485.3
bie_finhestnks11,2023-Q4,TP.FINHESTNKS11.ZP7,"VF.2.2.Vadesiz Mevduat,Finansal Olmayan Kuruluşlar (Konsolide Olmayan, Stok)",last,1934561664.51
bie_finhestnks11,2023-Q4,TP.FINHESTNKS11.ZP8,"VF.2.9.Vadeli Mevduat,Finansal Olmayan Kuruluşlar (Konsolide Olmayan, Stok)",last,2852794440.13
bie_finhestnks11,2023-Q4,TP.FINHESTNKS11.ZP9,"VF.3.Borçlanma Senetleri,Finansal Olmayan Kuruluşlar (Konsolide Olmayan, Stok)",last,90306390.93
bie_finhestnks11,2023-Q4,TP.FINHESTNKS11.ZP10,"VF.3.1.Kısa Vadeli Borçlanma Senetleri,Finansal Olmayan Kuruluşlar (Konsolide Olmayan, Stok)",last,5739121.47
bie_finhestnks11,2023-Q4,TP.FINHESTNKS11.ZP11,"VF.3.2.Uzun Vadeli Borçlanma Senetleri,Finansal Olmayan Kuruluşlar (Konsolide Olmayan, Stok)",last,84567269.45
bie_finhestnks11,2023-Q4,TP.FINHESTNKS11.ZP12,"VF.4.Krediler,Finansal Olmayan Kuruluşlar (Konsolide Olmayan, Stok)",last,170192068.89
bie_finhestnks11,2023-Q4,TP.FINHESTNKS11.ZP13,"VF.4.1.Kısa Vadeli Krediler,Finansal Olmayan Kuruluşlar (Konsolide Olmayan, Stok)",last,170192068.89
bie_finhestnks11,2023-Q4,TP.FINHESTNKS11.ZP14,"VF.4.2.Uzun Vadeli Krediler,Finansal Olmayan Kuruluşlar (Konsolide Olmayan, Stok)",last,0.0
bie_finhestnks11,2023-Q4,TP.FINHESTNKS11.ZP15,"VF.5.Hisse Senetleri ve Özkaynaklar,Finansal Olmayan Kuruluşlar (Konsolide Olmayan, Stok)",last,31674428574.73
bie_finhestnks11,2023-Q4,TP.FINHESTNKS11.ZP16,"VF.5.1.Hisse Senetleri ve Özkaynaklar,Finansal Olmayan Kuruluşlar (Konsolide Olmayan, Stok)",last,31323396697.36
bie_finhestnks11,2023-Q4,TP.FINHESTNKS11.ZP17,"VF.5.2.Yatırım Fonu Katılma Belgeleri,Finansal Olmayan Kuruluşlar (Konsolide Olmayan, Stok)",last,351031877.37
bie_finhestnks11,2023-Q4,TP.FINHESTNKS11.ZP18,"VF.5.2.1.Para Piyasası Fonları,Finansal Olmayan Kuruluşlar (Konsolide Olmayan, Stok)",last,41771106.85
bie_finhestnks11,2023-Q4,TP.FINHESTNKS11.ZP19,"VF.5.2.2.Diğer Yatırım Fonları,Finansal Olmayan Kuruluşlar (Konsolide Olmayan, Stok)",last,309260770.51
bie_finhestnks11,2023-Q4,TP.FINHESTNKS11.ZP20,"VF.6.Sigorta ve Emeklilik Sözleşmeleri,Finansal Olmayan Kuruluşlar (Konsolide Olmayan, Stok)",last,161063772.45
bie_finhestnks11,2023-Q4,TP.FINHESTNKS11.ZP21,"VF.7.Finansal Türevler,Finansal Olmayan Kuruluşlar (Konsolide Olmayan, Stok)",last,20661064.0
bie_finhestnks11,2023-Q4,TP.FINHESTNKS11.ZP22,"VF.8.Diğer Alacaklar,Finansal Olmayan Kuruluşlar (Konsolide Olmayan, Stok)",last,20007653366.97
bie_finhestnks11,2023-Q4,TP.FINHESTNKS11.ZP23,"VF.0.Toplam Varlıklar,Finansal Olmayan Kuruluşlar (Konsolide Olmayan, Stok)",last,57205337827.95
bie_finhestnks11,2023-Q4,TP.FINHESTNKS11.ZP24,"F.1.Parasal Altın ve SDR,Finansal Olmayan Kuruluşlar (Konsolide Olmayan, Stok)",last,0.0
bie_finhestnks11,2023-Q4,TP.FINHESTNKS11.ZP26,"F.1.2.Özel Çekme Hakları (SDR),Finansal Olmayan Kuruluşlar (Konsolide Olmayan, Stok)",last,0.0
bie_finhestnks11,2023-Q4,TP.FINHESTNKS11.ZP27,"F.2.Para ve Mevduat,Finansal Olmayan Kuruluşlar (Konsolide Olmayan, Stok)",last,0.0
bie_finhestnks11,2023-Q4,TP.FINHESTNKS11.ZP28,"F.2.1.Para,Finansal Olmayan Kuruluşlar (Konsolide Olmayan, Stok)",last,0.0
bie_finhestnks11,2023-Q4,TP.FINHESTNKS11.ZP29,"F.2.2.Vadesiz Mevduat,Finansal Olmayan Kuruluşlar (Konsolide Olmayan, Stok)",last,0.0
bie_finhestnks11,2023-Q4,TP.FINHESTNKS11.ZP30,"F.2.9.Vadeli Mevduat,Finansal Olmayan Kuruluşlar (Konsolide Olmayan, Stok)",last,0.0
bie_finhestnks11,2023-Q4,TP.FINHESTNKS11.ZP31,"F.3.Borçlanma Senetleri,Finansal Olmayan Kuruluşlar (Konsolide Olmayan, Stok)",last,398632063.36
bie_finhestnks11,2023-Q4,TP.FINHESTNKS11.ZP32,"F.3.1.Kısa Vadeli Borçlanma Senetleri,Finansal Olmayan Kuruluşlar (Konsolide Olmayan, Stok)",last,33686938.3
bie_finhestnks11,2023-Q4,TP.FINHESTNKS11.ZP33,"F.3.2.Uzun Vadeli Borçlanma Senetleri,Finansal Olmayan Kuruluşlar (Konsolide Olmayan, Stok)",last,364945125.05
bie_finhestnks11,2023-Q4,TP.FINHESTNKS11.ZP34,"F.4.Krediler,Finansal Olmayan Kuruluşlar (Konsolide Olmayan, Stok)",last,11920347224.28
bie_finhestnks11,2023-Q4,TP.FINHESTNKS11.ZP35,"F.4.1.Kısa Vadeli Krediler,Finansal Olmayan Kuruluşlar (Konsolide Olmayan, Stok)",last,5321395424.58
bie_finhestnks11,2023-Q4,TP.FINHESTNKS11.ZP36,"F.4.2.Uzun Vadeli Krediler,Finansal Olmayan Kuruluşlar (Konsolide Olmayan, Stok)",last,6598951799.69
bie_finhestnks11,2023-Q4,TP.FINHESTNKS11.ZP37,"F.5.Hisse Senetleri ve Özkaynaklar,Finansal Olmayan Kuruluşlar (Konsolide Olmayan, Stok)",last,39462718237.83
bie_finhestnks11,2023-Q4,TP.FINHESTNKS11.ZP38,"F.5.1.Hisse Senetleri ve Özkaynaklar,Finansal Olmayan Kuruluşlar (Konsolide Olmayan, Stok)",last,39462718237.83
bie_finhestnks11,2023-Q4,TP.FINHESTNKS11.ZP39,"F.5.2.Yatırım Fonu Katılma Belgeleri,Finansal Olmayan Kuruluşlar (Konsolide Olmayan, Stok)",last,0.0
bie_finhestnks11,2023-Q4,TP.FINHESTNKS11.ZP40,"F.5.2.1.Para Piyasası Fonları,Finansal Olmayan Kuruluşlar (Konsolide Olmayan, Stok)",last,0.0
bie_finhestnks11,2023-Q4,TP.FINHESTNKS11.ZP41,"F.5.2.2.Diğer Yatırım Fonları,Finansal Olmayan Kuruluşlar (Konsolide Olmayan, Stok)",last,0.0
bie_finhestnks11,2023-Q4,TP.FINHESTNKS11.ZP42,"F.6.Sigorta ve Emeklilik Sözleşmeleri,Finansal Olmayan Kuruluşlar (Konsolide Olmayan, Stok)",last,0.0
bie_finhestnks11,2023-Q4,TP.FINHESTNKS11.ZP43,"F.7.Finansal Türevler,Finansal Olmayan Kuruluşlar (Konsolide Olmayan, Stok)",last,20372404.0
bie_finhestnks11,2023-Q4,TP.FINHESTNKS11.ZP44,"F.8.Diğer Borçlar,Finansal Olmayan Kuruluşlar (Konsolide Olmayan, Stok)",last,21129434024.16
bie_finhestnks11,2023-Q4,TP.FINHESTNKS11.ZP45,"F.0.Toplam Yükümlülükler,Finansal Olmayan Kuruluşlar (Konsolide Olmayan, Stok)",last,72931503953.65
bie_finhestnks11,2024-Q1,TP.FINHESTNKS11.ZP1,"BF.9.NET FİNANSAL DEĞER,Finansal Olmayan Kuruluşlar (Konsolide Olmayan, Stok)",last,-18154239713.8
bie_finhestnks11,2024-Q1,TP.FINHESTNKS11.ZP2,"VF.1.Parasal Altın ve SDR,Finansal Olmayan Kuruluşlar (Konsolide Olmayan, Stok)",last,0.0
bie_finhestnks11,2024-Q1,TP.FINHESTNKS11.ZP3,"VF.1.1.Parasal Altın,Finansal Olmayan Kuruluşlar (Konsolide Olmayan, Stok)",last,0.0
bie_finhestnks11,2024-Q1,TP.FINHESTNKS11.ZP4,"VF.1.2.Özel Çekme Hakları (SDR),Finansal Olmayan Kuruluşlar (Konsolide Olmayan, Stok)",last,0.0
bie_finhestnks11,2024-Q1,TP.FINHESTNKS11.ZP5,"VF.2.Para ve Mevduat,Finansal Olmayan Kuruluşlar (Konsolide Olmayan, Stok)",last,5230739856.78
bie_finhestnks11,2024-Q1,TP.FINHESTNKS11.ZP6,"VF.2.1.Para,Finansal Olmayan Kuruluşlar (Konsolide Olmayan, Stok)",last,340041043.28
bie_finhestnks11,2024-Q1,TP.FINHESTNKS11.ZP7,"VF.2.2.Vadesiz Mevduat,Finansal Olmayan Kuruluşlar (Konsolide Olmayan, Stok)",last,2147202229.05
bie_finhestnks11,2024-Q1,TP.FINHESTNKS11.ZP8,"VF.2.9.Vadeli Mevduat,Finansal Olmayan Kuruluşlar (Konsolide Olmayan, Stok)",last,2743496584.44
bie_finhestnks11,2024-Q1,TP.FINHESTNKS11.ZP9,"VF.3.Borçlanma Senetleri,Finansal Olmayan Kuruluşlar (Konsolide Olmayan, Stok)",last,108387193.09
bie_finhestnks11,2024-Q1,TP.FINHESTNKS11.ZP10,"VF.3.1.Kısa Vadeli Borçlanma Senetleri,Finansal Olmayan Kuruluşlar (Konsolide Olmayan, Stok)",last,3966380.58
bie_finhestnks11,2024-Q1,TP.FINHESTNKS11.ZP11,"VF.3.2.Uzun Vadeli Borçlanma Senetleri,Finansal Olmayan Kuruluşlar (Konsolide Olmayan, Stok)",last,104420812.5
bie_finhestnks11,2024-Q1,TP.FINHESTNKS11.ZP12,"VF.4.Krediler,Finansal Olmayan Kuruluşlar (Konsolide Olmayan, Stok)",last,192407403.83
bie_finhestnks11,2024-Q1,TP.FINHESTNKS11.ZP13,"VF.4.1.Kısa Vadeli Krediler,Finansal Olmayan Kuruluşlar (Konsolide Olmayan, Stok)",last,192407403.83
bie_finhestnks11,2024-Q1,TP.FINHESTNKS11.ZP14,"VF.4.2.Uzun Vadeli Krediler,Finansal Olmayan Kuruluşlar (Konsolide Olmayan, Stok)",last,0.0
bie_finhestnks11,2024-Q1,TP.FINHESTNKS11.ZP15,"VF.5.Hisse Senetleri ve Özkaynaklar,Finansal Olmayan Kuruluşlar (Konsolide Olmayan, Stok)",last,39570067678.71
bie_finhestnks11,2024-Q1,TP.FINHESTNKS11.ZP16,"VF.5.1.Hisse Senetleri ve Özkaynaklar,Finansal Olmayan Kuruluşlar (Konsolide Olmayan, Stok)",last,39075384359.99
bie_finhestnks11,2024-Q1,TP.FINHESTNKS11.ZP17,"VF.5.2.Yatırım Fonu Katılma Belgeleri,Finansal Olmayan Kuruluşlar (Konsolide Olmayan, Stok)",last,494683318.71
bie_finhestnks11,2024-Q1,TP.FINHESTNKS11.ZP18,"VF.5.2.1.Para Piyasası Fonları,Finansal Olmayan Kuruluşlar (Konsolide Olmayan, Stok)",last,96428662.75
bie_finhestnks11,2024-Q1,TP.FINHESTNKS11.ZP19,"VF.5.2.2.Diğer Yatırım Fonları,Finansal Olmayan Kuruluşlar (Konsolide Olmayan, Stok)",last,398254655.95
bie_finhestnks11,2024-Q1,TP.FINHESTNKS11.ZP20,"VF.6.Sigorta ve Emeklilik Sözleşmeleri,Finansal Olmayan Kuruluşlar (Konsolide Olmayan, Stok)",last,192159034.45
bie_finhestnks11,2024-Q1,TP.FINHESTNKS11.ZP21,"VF.7.Finansal Türevler,Finansal Olmayan Kuruluşlar (Konsolide Olmayan, Stok)",last,22740968.0
bie_finhestnks11,2024-Q1,TP.FINHESTNKS11.ZP22,"VF.8.Diğer Alacaklar,Finansal Olmayan Kuruluşlar (Konsolide Olmayan, Stok)",last,23324869122.25
bie_finhestnks11,2024-Q1,TP.FINHESTNKS11.ZP23,"VF.0.Toplam Varlıklar,Finansal Olmayan Kuruluşlar (Konsolide Olmayan, Stok)",last,68641371257.14
bie_finhestnks11,2024-Q1,TP.FINHESTNKS11.ZP24,"F.1.Parasal Altın ve SDR,Finansal Olmayan Kuruluşlar (Konsolide Olmayan, Stok)",last,0.0
bie_finhestnks11,2024-Q1,TP.FINHESTNKS11.ZP25,"F.1.1.Parasal Altın,Finansal Olmayan Kuruluşlar (Konsolide Olmayan, Stok)",last,0.0
bie_finhestnks11,2024-Q1,TP.FINHESTNKS11.ZP26,"F.1.2.Özel Çekme Hakları (SDR),Finansal Olmayan Kuruluşlar (Konsolide Olmayan, Stok)",last,0.0
bie_finhestnks11,2024-Q1,TP.FINHESTNKS11.ZP27,"F.2.Para ve Mevduat,Finansal Olmayan Kuruluşlar (Konsolide Olmayan, Stok)",last,0.0
bie_finhestnks11,2024-Q1,TP.FINHESTNKS11.ZP28,"F.2.1.Para,Finansal Olmayan Kuruluşlar (Konsolide Olmayan, Stok)",last,0.0
bie_finhestnks11,2024-Q1,TP.FINHESTNKS11.ZP29,"F.2.2.Vadesiz Mevduat,Finansal Olmayan Kuruluşlar (Konsolide Olmayan, Stok)",last,0.0
bie_finhestnks11,2024-Q1,TP.FINHESTNKS11.ZP30,"F.2.9.Vadeli Mevduat,Finansal Olmayan Kuruluşlar (Konsolide Olmayan, Stok)",last,0.0
bie_finhestnks11,2024-Q1,TP.FINHESTNKS11.ZP31,"F.3.Borçlanma Senetleri,Finansal Olmayan Kuruluşlar (Konsolide Olmayan, Stok)",last,463242539.38
bie_finhestnks11,2024-Q1,TP.FINHESTNKS11.ZP32,"F.3.1.Kısa Vadeli Borçlanma Senetleri,Finansal Olmayan Kuruluşlar (Konsolide Olmayan, Stok)",last,42611389.67
bie_finhestnks11,2024-Q1,TP.FINHESTNKS11.ZP33,"F.3.2.Uzun Vadeli Borçlanma Senetleri,Finansal Olmayan Kuruluşlar (Konsolide Olmayan, Stok)",last,420631149.7
bie_finhestnks11,2024-Q1,TP.FINHESTNKS11.ZP34,"F.4.Krediler,Finansal Olmayan Kuruluşlar (Konsolide Olmayan, Stok)",last,13093157589.04
bie_finhestnks11,2024-Q1,TP.FINHESTNKS11.ZP35,"F.4.1.Kısa Vadeli Krediler,Finansal Olmayan Kuruluşlar (Konsolide Olmayan, Stok)",last,5755285209.15
bie_finhestnks11,2024-Q1,TP.FINHESTNKS11.ZP36,"F.4.2.Uzun Vadeli Krediler,Finansal Olmayan Kuruluşlar (Konsolide Olmayan, Stok)",last,7337872379.89
bie_finhestnks11,2024-Q1,TP.FINHESTNKS11.ZP37,"F.5.Hisse Senetleri ve Özkaynaklar,Finansal Olmayan Kuruluşlar (Konsolide Olmayan, Stok)",last,48824531590.29
bie_finhestnks11,2024-Q1,TP.FINHESTNKS11.ZP38,"F.5.1.Hisse Senetleri ve Özkaynaklar,Finansal Olmayan Kuruluşlar (Konsolide Olmayan, Stok)",last,48824531590.29
bie_finhestnks11,2024-Q1,TP.FINHESTNKS11.ZP39,"F.5.2.Yatırım Fonu Katılma Belgeleri,Finansal Olmayan Kuruluşlar (Konsolide Olmayan, Stok)",last,0.0
bie_finhestnks11,2024-Q1,TP.FINHESTNKS11.ZP40,"F.5.2.1.Para Piyasası Fonları,Finansal Olmayan Kuruluşlar (Konsolide Olmayan, Stok)",last,0.0
bie_finhestnks11,2024-Q1,TP.FINHESTNKS11.ZP41,"F.5.2.2.Diğer Yatırım Fonları,Finansal Olmayan Kuruluşlar (Konsolide Olmayan, Stok)",last,0.0
bie_finhestnks11,2024-Q1,TP.FINHESTNKS11.ZP42,"F.6.Sigorta ve Emeklilik Sözleşmeleri,Finansal Olmayan Kuruluşlar (Konsolide Olmayan, Stok)",last,0.0
bie_finhestnks11,2024-Q1,TP.FINHESTNKS11.ZP43,"F.7.Finansal Türevler,Finansal Olmayan Kuruluşlar (Konsolide Olmayan, Stok)",last,23199720.0
bie_finhestnks11,2024-Q1,TP.FINHESTNKS11.ZP44,"F.8.Diğer Borçlar,Finansal Olmayan Kuruluşlar (Konsolide Olmayan, Stok)",last,24391479532.22
bie_finhestnks11,2024-Q1,TP.FINHESTNKS11.ZP45,"F.0.Toplam Yükümlülükler,Finansal Olmayan Kuruluşlar (Konsolide Olmayan, Stok)",last,86795610970.94
bie_finhestnks11,2024-Q2,TP.FINHESTNKS11.ZP1,"BF.9.NET FİNANSAL DEĞER,Finansal Olmayan Kuruluşlar (Konsolide Olmayan, Stok)",last,-18046839862.09
bie_finhestnks11,2024-Q2,TP.FINHESTNKS11.ZP2,"VF.1.Parasal Altın ve SDR,Finansal Olmayan Kuruluşlar (Konsolide Olmayan, Stok)",last,0.0
bie_finhestnks11,2024-Q2,TP.FINHESTNKS11.ZP3,"VF.1.1.Parasal Altın,Finansal Olmayan Kuruluşlar (Konsolide Olmayan, Stok)",last,0.0
bie_finhestnks11,2024-Q2,TP.FINHESTNKS11.ZP4,"VF.1.2.Özel Çekme Hakları (SDR),Finansal Olmayan Kuruluşlar (Konsolide Olmayan, Stok)",last,0.0
bie_finhestnks11,2024-Q2,TP.FINHESTNKS11.ZP5,"VF.2.Para ve Mevduat,Finansal Olmayan Kuruluşlar (Konsolide Olmayan, Stok)",last,5435222251.91
bie_finhestnks11,2024-Q2,TP.FINHESTNKS11.ZP6,"VF.2.1.Para,Finansal Olmayan Kuruluşlar (Konsolide Olmayan, Stok)",last,388230677.91
bie_finhestnks11,2024-Q2,TP.FINHESTNKS11.ZP7,"VF.2.2.Vadesiz Mevduat,Finansal Olmayan Kuruluşlar (Konsolide Olmayan, Stok)",last,2080993622.71
bie_finhestnks11,2024-Q2,TP.FINHESTNKS11.ZP8,"VF.2.9.Vadeli Mevduat,Finansal Olmayan Kuruluşlar (Konsolide Olmayan, Stok)",last,2965997951.28
bie_finhestnks11,2024-Q2,TP.FINHESTNKS11.ZP9,"VF.3.Borçlanma Senetleri,Finansal Olmayan Kuruluşlar (Konsolide Olmayan, Stok)",last,178121076.59
bie_finhestnks11,2024-Q2,TP.FINHESTNKS11.ZP10,"VF.3.1.Kısa Vadeli Borçlanma Senetleri,Finansal Olmayan Kuruluşlar (Konsolide Olmayan, Stok)",last,18529811.92
bie_finhestnks11,2024-Q2,TP.FINHESTNKS11.ZP11,"VF.3.2.Uzun Vadeli Borçlanma Senetleri,Finansal Olmayan Kuruluşlar (Konsolide Olmayan, Stok)",last,159591264.67
bie_finhestnks11,2024-Q2,TP.FINHESTNKS11.ZP12,"VF.4.Krediler,Finansal Olmayan Kuruluşlar (Konsolide Olmayan, Stok)",last,198037260.55
bie_finhestnks11,2024-Q2,TP.FINHESTNKS11.ZP13,"VF.4.1.Kısa Vadeli Krediler,Finansal Olmayan Kuruluşlar (Konsolide Olmayan, Stok)",last,198037260.55
bie_finhestnks11,2024-Q2,TP.FINHESTNKS11.ZP14,"VF.4.2.Uzun Vadeli Krediler,Finansal Olmayan Kuruluşlar (Konsolide Olmayan, Stok)",last,0.0
bie_finhestnks11,2024-Q2,TP.FINHESTNKS11.ZP15,"VF.5.Hisse Senetleri ve Özkaynaklar,Finansal Olmayan Kuruluşlar (Konsolide Olmayan, Stok)",last,44565816387.27
bie_finhestnks11,2024-Q2,TP.FINHESTNKS11.ZP16,"VF.5.1.Hisse Senetleri ve Özkaynaklar,Finansal Olmayan Kuruluşlar (Konsolide Olmayan, Stok)",last,43942607542.92
bie_finhestnks11,2024-Q2,TP.FINHESTNKS11.ZP17,"VF.5.2.Yatırım Fonu Katılma Belgeleri,Finansal Olmayan Kuruluşlar (Konsolide Olmayan, Stok)",last,623208844.34
bie_finhestnks11,2024-Q2,TP.FINHESTNKS11.ZP18,"VF.5.2.1.Para Piyasası Fonları,Finansal Olmayan Kuruluşlar (Konsolide Olmayan, Stok)",last,188608947.7
bie_finhestnks11,2024-Q2,TP.FINHESTNKS11.ZP19,"VF.5.2.2.Diğer Yatırım Fonları,Finansal Olmayan Kuruluşlar (Konsolide Olmayan, Stok)",last,434599896.64
bie_finhestnks11,2024-Q2,TP.FINHESTNKS11.ZP20,"VF.6.Sigorta ve Emeklilik Sözleşmeleri,Finansal Olmayan Kuruluşlar (Konsolide Olmayan, Stok)",last,208898811.91
bie_finhestnks11,2024-Q2,TP.FINHESTNKS11.ZP21,"VF.7.Finansal Türevler,Finansal Olmayan Kuruluşlar (Konsolide Olmayan, Stok)",last,20296238.0
bie_finhestnks11,2024-Q2,TP.FINHESTNKS11.ZP22,"VF.8.Diğer Alacaklar,Finansal Olmayan Kuruluşlar (Konsolide Olmayan, Stok)",last,26451426708.09
bie_finhestnks11,2024-Q2,TP.FINHESTNKS11.ZP23,"VF.0.Toplam Varlıklar,Finansal Olmayan Kuruluşlar (Konsolide Olmayan, Stok)",last,77057818734.34
bie_finhestnks11,2024-Q2,TP.FINHESTNKS11.ZP24,"F.1.Parasal Altın ve SDR,Finansal Olmayan Kuruluşlar (Konsolide Olmayan, Stok)",last,0.0
bie_finhestnks11,2024-Q2,TP.FINHESTNKS11.ZP25,"F.1.1.Parasal Altın,Finansal Olmayan Kuruluşlar (Konsolide Olmayan, Stok)",last,0.0
bie_finhestnks11,2024-Q2,TP.FINHESTNKS11.ZP26,"F.1.2.Özel Çekme Hakları (SDR),Finansal Olmayan Kuruluşlar (Konsolide Olmayan, Stok)",last,0.0
bie_finhestnks11,2024-Q2,TP.FINHESTNKS11.ZP27,"F.2.Para ve Mevduat,Finansal Olmayan Kuruluşlar (Konsolide Olmayan, Stok)",last,0.0
bie_finhestnks11,2024-Q2,TP.FINHESTNKS11.ZP28,"F.2.1.Para,Finansal Olmayan Kuruluşlar (Konsolide Olmayan, Stok)",last,0.0
bie_finhestnks11,2024-Q2,TP.FINHESTNKS11.ZP29,"F.2.2.Vadesiz Mevduat,Finansal Olmayan Kuruluşlar (Konsolide Olmayan, Stok)",last,0.0
bie_finhestnks11,2024-Q2,TP.FINHESTNKS11.ZP30,"F.2.9.Vadeli Mevduat,Finansal Olmayan Kuruluşlar (Konsolide Olmayan, Stok)",last,0.0
bie_finhestnks11,2024-Q2,TP.FINHESTNKS11.ZP31,"F.3.Borçlanma Senetleri,Finansal Olmayan Kuruluşlar (Konsolide Olmayan, Stok)",last,502794289.39
bie_finhestnks11,2024-Q2,TP.FINHESTNKS11.ZP32,"F.3.1.Kısa Vadeli Borçlanma Senetleri,Finansal Olmayan Kuruluşlar (Konsolide Olmayan, Stok)",last,46270238.85
bie_finhestnks11,2024-Q2,TP.FINHESTNKS11.ZP33,"F.3.2.Uzun Vadeli Borçlanma Senetleri,Finansal Olmayan Kuruluşlar (Konsolide Olmayan, Stok)",last,456524050.53
bie_finhestnks11,2024-Q2,TP.FINHESTNKS11.ZP34,"F.4.Krediler,Finansal Olmayan Kuruluşlar (Konsolide Olmayan, Stok)",last,13968354160.1
bie_finhestnks11,2024-Q2,TP.FINHESTNKS11.ZP35,"F.4.1.Kısa Vadeli Krediler,Finansal Olmayan Kuruluşlar (Konsolide Olmayan, Stok)",last,6339311132.21
bie_finhestnks11,2024-Q2,TP.FINHESTNKS11.ZP36,"F.4.2.Uzun Vadeli Krediler,Finansal Olmayan Kuruluşlar (Konsolide Olmayan, Stok)",last,7629043027.89
bie_finhestnks11,2024-Q2,TP.FINHESTNKS11.ZP37,"F.5.Hisse Senetleri ve Özkaynaklar,Finansal Olmayan Kuruluşlar (Konsolide Olmayan, Stok)",last,53586980580.1
bie_finhestnks11,2024-Q2,TP.FINHESTNKS11.ZP38,"F.5.1.Hisse Senetleri ve Özkaynaklar,Finansal Olmayan Kuruluşlar (Konsolide Olmayan, Stok)",last,53586980580.1
bie_finhestnks11,2024-Q2,TP.FINHESTNKS11.ZP39,"F.5.2.Yatırım Fonu Katılma Belgeleri,Finansal Olmayan Kuruluşlar (Konsolide Olmayan, Stok)",last,0.0
bie_finhestnks11,2024-Q2,TP.FINHESTNKS11.ZP40,"F.5.2.1.Para Piyasası Fonları,Finansal Olmayan Kuruluşlar (Konsolide Olmayan, Stok)",last,0.0
bie_finhestnks11,2024-Q2,TP.FINHESTNKS11.ZP41,"F.5.2.2.Diğer Yatırım Fonları,Finansal Olmayan Kuruluşlar (Konsolide Olmayan, Stok)",last,0.0
bie_finhestnks11,2024-Q2,TP.FINHESTNKS11.ZP42,"F.6.Sigorta ve Emeklilik Sözleşmeleri,Finansal Olmayan Kuruluşlar (Konsolide Olmayan, Stok)",last,0.0
bie_finhestnks11,2024-Q2,TP.FINHESTNKS11.ZP43,"F.7.Finansal Türevler,Finansal Olmayan Kuruluşlar (Konsolide Olmayan, Stok)",last,28369391.0
bie_finhestnks11,2024-Q2,TP.FINHESTNKS11.ZP44,"F.8.Diğer Borçlar,Finansal Olmayan Kuruluşlar (Konsolide Olmayan, Stok)",last,27018160175.83
bie_finhestnks11,2024-Q2,TP.FINHESTNKS11.ZP45,"F.0.Toplam Yükümlülükler,Finansal Olmayan Kuruluşlar (Konsolide Olmayan, Stok)",last,95104658596.44
bie_finhestnks11,2024-Q3,TP.FINHESTNKS11.ZP1,"BF.9.NET FİNANSAL DEĞER,Finansal Olmayan Kuruluşlar (Konsolide Olmayan, Stok)",last,-17132120898.35
bie_finhestnks11,2024-Q3,TP.FINHESTNKS11.ZP2,"VF.1.Parasal Altın ve SDR,Finansal Olmayan Kuruluşlar (Konsolide Olmayan, Stok)",last,0.0
bie_finhestnks11,2024-Q3,TP.FINHESTNKS11.ZP3,"VF.1.1.Parasal Altın,Finansal Olmayan Kuruluşlar (Konsolide Olmayan, Stok)",last,0.0
bie_finhestnks11,2024-Q3,TP.FINHESTNKS11.ZP4,"VF.1.2.Özel Çekme Hakları (SDR),Finansal Olmayan Kuruluşlar (Konsolide Olmayan, Stok)",last,0.0
bie_finhestnks11,2024-Q3,TP.FINHESTNKS11.ZP5,"VF.2.Para ve Mevduat,Finansal Olmayan Kuruluşlar (Konsolide Olmayan, Stok)",last,5859498992.09
bie_finhestnks11,2024-Q3,TP.FINHESTNKS11.ZP6,"VF.2.1.Para,Finansal Olmayan Kuruluşlar (Konsolide Olmayan, Stok)",last,436072735.36
bie_finhestnks11,2024-Q3,TP.FINHESTNKS11.ZP7,"VF.2.2.Vadesiz Mevduat,Finansal Olmayan Kuruluşlar (Konsolide Olmayan, Stok)",last,2300534974.53
bie_finhestnks11,2024-Q3,TP.FINHESTNKS11.ZP8,"VF.2.9.Vadeli Mevduat,Finansal Olmayan Kuruluşlar (Konsolide Olmayan, Stok)",last,3122891282.19
bie_finhestnks11,2024-Q3,TP.FINHESTNKS11.ZP9,"VF.3.Borçlanma Senetleri,Finansal Olmayan Kuruluşlar (Konsolide Olmayan, Stok)",last,207825039.13
bie_finhestnks11,2024-Q3,TP.FINHESTNKS11.ZP10,"VF.3.1.Kısa Vadeli Borçlanma Senetleri,Finansal Olmayan Kuruluşlar (Konsolide Olmayan, Stok)",last,28239175.81
bie_finhestnks11,2024-Q3,TP.FINHESTNKS11.ZP11,"VF.3.2.Uzun Vadeli Borçlanma Senetleri,Finansal Olmayan Kuruluşlar (Konsolide Olmayan, Stok)",last,179585863.32
bie_finhestnks11,2024-Q3,TP.FINHESTNKS11.ZP12,"VF.4.Krediler,Finansal Olmayan Kuruluşlar (Konsolide Olmayan, Stok)",last,217495747.21
bie_finhestnks11,2024-Q3,TP.FINHESTNKS11.ZP13,"VF.4.1.Kısa Vadeli Krediler,Finansal Olmayan Kuruluşlar (Konsolide Olmayan, Stok)",last,217495747.21
bie_finhestnks11,2024-Q3,TP.FINHESTNKS11.ZP14,"VF.4.2.Uzun Vadeli Krediler,Finansal Olmayan Kuruluşlar (Konsolide Olmayan, Stok)",last,0.0
bie_finhestnks11,2024-Q3,TP.FINHESTNKS11.ZP15,"VF.5.Hisse Senetleri ve Özkaynaklar,Finansal Olmayan Kuruluşlar (Konsolide Olmayan, Stok)",last,41717636817.45
bie_finhestnks11,2024-Q3,TP.FINHESTNKS11.ZP16,"VF.5.1.Hisse Senetleri ve Özkaynaklar,Finansal Olmayan Kuruluşlar (Konsolide Olmayan, Stok)",last,40875694838.73
bie_finhestnks11,2024-Q3,TP.FINHESTNKS11.ZP17,"VF.5.2.Yatırım Fonu Katılma Belgeleri,Finansal Olmayan Kuruluşlar (Konsolide Olmayan, Stok)",last,841941978.72
bie_finhestnks11,2024-Q3,TP.FINHESTNKS11.ZP18,"VF.5.2.1.Para Piyasası Fonları,Finansal Olmayan Kuruluşlar (Konsolide Olmayan, Stok)",last,286911622.23
bie_finhestnks11,2024-Q3,TP.FINHESTNKS11.ZP19,"VF.5.2.2.Diğer Yatırım Fonları,Finansal Olmayan Kuruluşlar (Konsolide Olmayan, Stok)",last,555030356.49
bie_finhestnks11,2024-Q3,TP.FINHESTNKS11.ZP20,"VF.6.Sigorta ve Emeklilik Sözleşmeleri,Finansal Olmayan Kuruluşlar (Konsolide Olmayan, Stok)",last,235147497.47
bie_finhestnks11,2024-Q3,TP.FINHESTNKS11.ZP21,"VF.7.Finansal Türevler,Finansal Olmayan Kuruluşlar (Konsolide Olmayan, Stok)",last,17002872.0
bie_finhestnks11,2024-Q3,TP.FINHESTNKS11.ZP22,"VF.8.Diğer Alacaklar,Finansal Olmayan Kuruluşlar (Konsolide Olmayan, Stok)",last,29817302511.55
bie_finhestnks11,2024-Q3,TP.FINHESTNKS11.ZP23,"VF.0.Toplam Varlıklar,Finansal Olmayan Kuruluşlar (Konsolide Olmayan, Stok)",last,78071909476.94
bie_finhestnks11,2024-Q3,TP.FINHESTNKS11.ZP24,"F.1.Parasal Altın ve SDR,Finansal Olmayan Kuruluşlar (Konsolide Olmayan, Stok)",last,0.0
bie_finhestnks11,2024-Q3,TP.FINHESTNKS11.ZP25,"F.1.1.Parasal Altın,Finansal Olmayan Kuruluşlar (Konsolide Olmayan, Stok)",last,0.0
bie_finhestnks11,2024-Q3,TP.FINHESTNKS11.ZP26,"F.1.2.Özel Çekme Hakları (SDR),Finansal Olmayan Kuruluşlar (Konsolide Olmayan, Stok)",last,0.0
bie_finhestnks11,2024-Q3,TP.FINHESTNKS11.ZP27,"F.2.Para ve Mevduat,Finansal Olmayan Kuruluşlar (Konsolide Olmayan, Stok)",last,0.0
bie_finhestnks11,2024-Q3,TP.FINHESTNKS11.ZP28,"F.2.1.Para,Finansal Olmayan Kuruluşlar (Konsolide Olmayan, Stok)",last,0.0
bie_finhestnks11,2024-Q3,TP.FINHESTNKS11.ZP29,"F.2.2.Vadesiz Mevduat,Finansal Olmayan Kuruluşlar (Konsolide Olmayan, Stok)",last,0.0
bie_finhestnks11,2024-Q3,TP.FINHESTNKS11.ZP30,"F.2.9.Vadeli Mevduat,Finansal Olmayan Kuruluşlar (Konsolide Olmayan, Stok)",last,0.0
bie_finhestnks11,2024-Q3,TP.FINHESTNKS11.ZP31,"F.3.Borçlanma Senetleri,Finansal Olmayan Kuruluşlar (Konsolide Olmayan, Stok)",last,592644222.4
bie_finhestnks11,2024-Q3,TP.FINHESTNKS11.ZP32,"F.3.1.Kısa Vadeli Borçlanma Senetleri,Finansal Olmayan Kuruluşlar (Konsolide Olmayan, Stok)",last,40678501.15
bie_finhestnks11,2024-Q3,TP.FINHESTNKS11.ZP33,"F.3.2.Uzun Vadeli Borçlanma Senetleri,Finansal Olmayan Kuruluşlar (Konsolide Olmayan, Stok)",last,551965721.24
bie_finhestnks11,2024-Q3,TP.FINHESTNKS11.ZP34,"F.4.Krediler,Finansal Olmayan Kuruluşlar (Konsolide Olmayan, Stok)",last,15156972066.95
bie_finhestnks11,2024-Q3,TP.FINHESTNKS11.ZP35,"F.4.1.Kısa Vadeli Krediler,Finansal Olmayan Kuruluşlar (Konsolide Olmayan, Stok)",last,7215196550.26
bie_finhestnks11,2024-Q3,TP.FINHESTNKS11.ZP36,"F.4.2.Uzun Vadeli Krediler,Finansal Olmayan Kuruluşlar (Konsolide Olmayan, Stok)",last,7941775516.69
bie_finhestnks11,2024-Q3,TP.FINHESTNKS11.ZP37,"F.5.Hisse Senetleri ve Özkaynaklar,Finansal Olmayan Kuruluşlar (Konsolide Olmayan, Stok)",last,48983210052.88
bie_finhestnks11,2024-Q3,TP.FINHESTNKS11.ZP38,"F.5.1.Hisse Senetleri ve Özkaynaklar,Finansal Olmayan Kuruluşlar (Konsolide Olmayan, Stok)",last,48983210052.88
bie_finhestnks11,2024-Q3,TP.FINHESTNKS11.ZP39,"F.5.2.Yatırım Fonu Katılma Belgeleri,Finansal Olmayan Kuruluşlar (Konsolide Olmayan, Stok)",last,0.0
bie_finhestnks11,2024-Q3,TP.FINHESTNKS11.ZP40,"F.5.2.1.Para Piyasası Fonları,Finansal Olmayan Kuruluşlar (Konsolide Olmayan, Stok)",last,0.0
bie_finhestnks11,2024-Q3,TP.FINHESTNKS11.ZP41,"F.5.2.2.Diğer Yatırım Fonları,Finansal Olmayan Kuruluşlar (Konsolide Olmayan, Stok)",last,0.0
bie_finhestnks11,2024-Q3,TP.FINHESTNKS11.ZP42,"F.6.Sigorta ve Emeklilik Sözleşmeleri,Finansal Olmayan Kuruluşlar (Konsolide Olmayan, Stok)",last,0.0
bie_finhestnks11,2024-Q3,TP.FINHESTNKS11.ZP43,"F.7.Finansal Türevler,Finansal Olmayan Kuruluşlar (Konsolide Olmayan, Stok)",last,35641762.0
bie_finhestnks11,2024-Q3,TP.FINHESTNKS11.ZP44,"F.8.Diğer Borçlar,Finansal Olmayan Kuruluşlar (Konsolide Olmayan, Stok)",last,30435562271.05
bie_finhestnks11,2024-Q3,TP.FINHESTNKS11.ZP45,"F.0.Toplam Yükümlülükler,Finansal Olmayan Kuruluşlar (Konsolide Olmayan, Stok)",last,95204030375.29
bie_finhestnks11,2024-Q4,TP.FINHESTNKS11.ZP1,"BF.9.NET FİNANSAL DEĞER,Finansal Olmayan Kuruluşlar (Konsolide Olmayan, Stok)",last,-19882907859.04
bie_finhestnks11,2024-Q4,TP.FINHESTNKS11.ZP2,"VF.1.Parasal Altın ve SDR,Finansal Olmayan Kuruluşlar (Konsolide Olmayan, Stok)",last,0.0
bie_finhestnks11,2024-Q4,TP.FINHESTNKS11.ZP3,"VF.1.1.Parasal Altın,Finansal Olmayan Kuruluşlar (Konsolide Olmayan, Stok)",last,0.0
bie_finhestnks11,2024-Q4,TP.FINHESTNKS11.ZP4,"VF.1.2.Özel Çekme Hakları (SDR),Finansal Olmayan Kuruluşlar (Konsolide Olmayan, Stok)",last,0.0
bie_finhestnks11,2024-Q4,TP.FINHESTNKS11.ZP5,"VF.2.Para ve Mevduat,Finansal Olmayan Kuruluşlar (Konsolide Olmayan, Stok)",last,6216880174.23
bie_finhestnks11,2024-Q4,TP.FINHESTNKS11.ZP6,"VF.2.1.Para,Finansal Olmayan Kuruluşlar (Konsolide Olmayan, Stok)",last,412435223.81
bie_finhestnks11,2024-Q4,TP.FINHESTNKS11.ZP7,"VF.2.2.Vadesiz Mevduat,Finansal Olmayan Kuruluşlar (Konsolide Olmayan, Stok)",last,2393675101.05
bie_finhestnks11,2024-Q4,TP.FINHESTNKS11.ZP8,"VF.2.9.Vadeli Mevduat,Finansal Olmayan Kuruluşlar (Konsolide Olmayan, Stok)",last,3410769849.37
bie_finhestnks11,2024-Q4,TP.FINHESTNKS11.ZP9,"VF.3.Borçlanma Senetleri,Finansal Olmayan Kuruluşlar (Konsolide Olmayan, Stok)",last,215334007.74
bie_finhestnks11,2024-Q4,TP.FINHESTNKS11.ZP10,"VF.3.1.Kısa Vadeli Borçlanma Senetleri,Finansal Olmayan Kuruluşlar (Konsolide Olmayan, Stok)",last,29938594.83
bie_finhestnks11,2024-Q4,TP.FINHESTNKS11.ZP11,"VF.3.2.Uzun Vadeli Borçlanma Senetleri,Finansal Olmayan Kuruluşlar (Konsolide Olmayan, Stok)",last,185395412.9
bie_finhestnks11,2024-Q4,TP.FINHESTNKS11.ZP12,"VF.4.Krediler,Finansal Olmayan Kuruluşlar (Konsolide Olmayan, Stok)",last,169836146.14
bie_finhestnks11,2024-Q4,TP.FINHESTNKS11.ZP13,"VF.4.1.Kısa Vadeli Krediler,Finansal Olmayan Kuruluşlar (Konsolide Olmayan, Stok)",last,169836146.14
bie_finhestnks11,2024-Q4,TP.FINHESTNKS11.ZP14,"VF.4.2.Uzun Vadeli Krediler,Finansal Olmayan Kuruluşlar (Konsolide Olmayan, Stok)",last,0.0
bie_finhestnks11,2024-Q4,TP.FINHESTNKS11.ZP15,"VF.5.Hisse Senetleri ve Özkaynaklar,Finansal Olmayan Kuruluşlar (Konsolide Olmayan, Stok)",last,45665846572.51
bie_finhestnks11,2024-Q4,TP.FINHESTNKS11.ZP16,"VF.5.1.Hisse Senetleri ve Özkaynaklar,Finansal Olmayan Kuruluşlar (Konsolide Olmayan, Stok)",last,44591100952.73
bie_finhestnks11,2024-Q4,TP.FINHESTNKS11.ZP17,"VF.5.2.Yatırım Fonu Katılma Belgeleri,Finansal Olmayan Kuruluşlar (Konsolide Olmayan, Stok)",last,1074745619.77
bie_finhestnks11,2024-Q4,TP.FINHESTNKS11.ZP18,"VF.5.2.1.Para Piyasası Fonları,Finansal Olmayan Kuruluşlar (Konsolide Olmayan, Stok)",last,421311695.24
bie_finhestnks11,2024-Q4,TP.FINHESTNKS11.ZP19,"VF.5.2.2.Diğer Yatırım Fonları,Finansal Olmayan Kuruluşlar (Konsolide Olmayan, Stok)",last,653433924.52
bie_finhestnks11,2024-Q4,TP.FINHESTNKS11.ZP20,"VF.6.Sigorta ve Emeklilik Sözleşmeleri,Finansal Olmayan Kuruluşlar (Konsolide Olmayan, Stok)",last,276520690.71
bie_finhestnks11,2024-Q4,TP.FINHESTNKS11.ZP21,"VF.7.Finansal Türevler,Finansal Olmayan Kuruluşlar (Konsolide Olmayan, Stok)",last,29162852.0
bie_finhestnks11,2024-Q4,TP.FINHESTNKS11.ZP22,"VF.8.Diğer Alacaklar,Finansal Olmayan Kuruluşlar (Konsolide Olmayan, Stok)",last,29553881806.03
bie_finhestnks11,2024-Q4,TP.FINHESTNKS11.ZP23,"VF.0.Toplam Varlıklar,Finansal Olmayan Kuruluşlar (Konsolide Olmayan, Stok)",last,82127462249.39
bie_finhestnks11,2024-Q4,TP.FINHESTNKS11.ZP24,"F.1.Parasal Altın ve SDR,Finansal Olmayan Kuruluşlar (Konsolide Olmayan, Stok)",last,0.0
bie_finhestnks11,2024-Q4,TP.FINHESTNKS11.ZP25,"F.1.1.Parasal Altın,Finansal Olmayan Kuruluşlar (Konsolide Olmayan, Stok)",last,0.0
bie_finhestnks11,2024-Q4,TP.FINHESTNKS11.ZP26,"F.1.2.Özel Çekme Hakları (SDR),Finansal Olmayan Kuruluşlar (Konsolide Olmayan, Stok)",last,0.0
bie_finhestnks11,2024-Q4,TP.FINHESTNKS11.ZP27,"F.2.Para ve Mevduat,Finansal Olmayan Kuruluşlar (Konsolide Olmayan, Stok)",last,0.0
bie_finhestnks11,2024-Q4,TP.FINHESTNKS11.ZP28,"F.2.1.Para,Finansal Olmayan Kuruluşlar (Konsolide Olmayan, Stok)",last,0.0
bie_finhestnks11,2024-Q4,TP.FINHESTNKS11.ZP29,"F.2.2.Vadesiz Mevduat,Finansal Olmayan Kuruluşlar (Konsolide Olmayan, Stok)",last,0.0
bie_finhestnks11,2024-Q4,TP.FINHESTNKS11.ZP30,"F.2.9.Vadeli Mevduat,Finansal Olmayan Kuruluşlar (Konsolide Olmayan, Stok)",last,0.0
bie_finhestnks11,2024-Q4,TP.FINHESTNKS11.ZP31,"F.3.Borçlanma Senetleri,Finansal Olmayan Kuruluşlar (Konsolide Olmayan, Stok)",last,674262418.03
bie_finhestnks11,2024-Q4,TP.FINHESTNKS11.ZP32,"F.3.1.Kısa Vadeli Borçlanma Senetleri,Finansal Olmayan Kuruluşlar (Konsolide Olmayan, Stok)",last,41823978.15
bie_finhestnks11,2024-Q4,TP.FINHESTNKS11.ZP33,"F.3.2.Uzun Vadeli Borçlanma Senetleri,Finansal Olmayan Kuruluşlar (Konsolide Olmayan, Stok)",last,632438439.88
bie_finhestnks11,2024-Q4,TP.FINHESTNKS11.ZP34,"F.4.Krediler,Finansal Olmayan Kuruluşlar (Konsolide Olmayan, Stok)",last,15891511522.55
bie_finhestnks11,2024-Q4,TP.FINHESTNKS11.ZP35,"F.4.1.Kısa Vadeli Krediler,Finansal Olmayan Kuruluşlar (Konsolide Olmayan, Stok)",last,7223241249.19
bie_finhestnks11,2024-Q4,TP.FINHESTNKS11.ZP36,"F.4.2.Uzun Vadeli Krediler,Finansal Olmayan Kuruluşlar (Konsolide Olmayan, Stok)",last,8668270273.35
bie_finhestnks11,2024-Q4,TP.FINHESTNKS11.ZP37,"F.5.Hisse Senetleri ve Özkaynaklar,Finansal Olmayan Kuruluşlar (Konsolide Olmayan, Stok)",last,54589317634.96
bie_finhestnks11,2024-Q4,TP.FINHESTNKS11.ZP38,"F.5.1.Hisse Senetleri ve Özkaynaklar,Finansal Olmayan Kuruluşlar (Konsolide Olmayan, Stok)",last,54589317634.96
bie_finhestnks11,2024-Q4,TP.FINHESTNKS11.ZP39,"F.5.2.Yatırım Fonu Katılma Belgeleri,Finansal Olmayan Kuruluşlar (Konsolide Olmayan, Stok)",last,0.0
bie_finhestnks11,2024-Q4,TP.FINHESTNKS11.ZP40,"F.5.2.1.Para Piyasası Fonları,Finansal Olmayan Kuruluşlar (Konsolide Olmayan, Stok)",last,0.0
bie_finhestnks11,2024-Q4,TP.FINHESTNKS11.ZP41,"F.5.2.2.Diğer Yatırım Fonları,Finansal Olmayan Kuruluşlar (Konsolide Olmayan, Stok)",last,0.0
bie_finhestnks11,2024-Q4,TP.FINHESTNKS11.ZP42,"F.6.Sigorta ve Emeklilik Sözleşmeleri,Finansal Olmayan Kuruluşlar (Konsolide Olmayan, Stok)",last,0.0
bie_finhestnks11,2024-Q4,TP.FINHESTNKS11.ZP43,"F.7.Finansal Türevler,Finansal Olmayan Kuruluşlar (Konsolide Olmayan, Stok)",last,25697649.0
bie_finhestnks11,2024-Q4,TP.FINHESTNKS11.ZP44,"F.8.Diğer Borçlar,Finansal Olmayan Kuruluşlar (Konsolide Olmayan, Stok)",last,30829580883.88
bie_finhestnks11,2024-Q4,TP.FINHESTNKS11.ZP45,"F.0.Toplam Yükümlülükler,Finansal Olmayan Kuruluşlar (Konsolide Olmayan, Stok)",last,102010370108.43
bie_finhestnks11,2025-Q1,TP.FINHESTNKS11.ZP1,"BF.9.NET FİNANSAL DEĞER,Finansal Olmayan Kuruluşlar (Konsolide Olmayan, Stok)",last,-21243021359.29
bie_finhestnks11,2025-Q1,TP.FINHESTNKS11.ZP2,"VF.1.Parasal Altın ve SDR,Finansal Olmayan Kuruluşlar (Konsolide Olmayan, Stok)",last,0.0
bie_finhestnks11,2025-Q1,TP.FINHESTNKS11.ZP3,"VF.1.1.Parasal Altın,Finansal Olmayan Kuruluşlar (Konsolide Olmayan, Stok)",last,0.0
bie_finhestnks11,2025-Q1,TP.FINHESTNKS11.ZP4,"VF.1.2.Özel Çekme Hakları (SDR),Finansal Olmayan Kuruluşlar (Konsolide Olmayan, Stok)",last,0.0
bie_finhestnks11,2025-Q1,TP.FINHESTNKS11.ZP5,"VF.2.Para ve Mevduat,Finansal Olmayan Kuruluşlar (Konsolide Olmayan, Stok)",last,6653411230.4
bie_finhestnks11,2025-Q1,TP.FINHESTNKS11.ZP6,"VF.2.1.Para,Finansal Olmayan Kuruluşlar (Konsolide Olmayan, Stok)",last,444339955.8
bie_finhestnks11,2025-Q1,TP.FINHESTNKS11.ZP7,"VF.2.2.Vadesiz Mevduat,Finansal Olmayan Kuruluşlar (Konsolide Olmayan, Stok)",last,2495790301.34
bie_finhestnks11,2025-Q1,TP.FINHESTNKS11.ZP8,"VF.2.9.Vadeli Mevduat,Finansal Olmayan Kuruluşlar (Konsolide Olmayan, Stok)",last,3713280973.25
bie_finhestnks11,2025-Q1,TP.FINHESTNKS11.ZP9,"VF.3.Borçlanma Senetleri,Finansal Olmayan Kuruluşlar (Konsolide Olmayan, Stok)",last,245029793.87
bie_finhestnks11,2025-Q1,TP.FINHESTNKS11.ZP10,"VF.3.1.Kısa Vadeli Borçlanma Senetleri,Finansal Olmayan Kuruluşlar (Konsolide Olmayan, Stok)",last,33860806.16
bie_finhestnks11,2025-Q1,TP.FINHESTNKS11.ZP11,"VF.3.2.Uzun Vadeli Borçlanma Senetleri,Finansal Olmayan Kuruluşlar (Konsolide Olmayan, Stok)",last,211168987.71
bie_finhestnks11,2025-Q1,TP.FINHESTNKS11.ZP12,"VF.4.Krediler,Finansal Olmayan Kuruluşlar (Konsolide Olmayan, Stok)",last,192203686.31
bie_finhestnks11,2025-Q1,TP.FINHESTNKS11.ZP13,"VF.4.1.Kısa Vadeli Krediler,Finansal Olmayan Kuruluşlar (Konsolide Olmayan, Stok)",last,192203686.31
bie_finhestnks11,2025-Q1,TP.FINHESTNKS11.ZP14,"VF.4.2.Uzun Vadeli Krediler,Finansal Olmayan Kuruluşlar (Konsolide Olmayan, Stok)",last,0.0
bie_finhestnks11,2025-Q1,TP.FINHESTNKS11.ZP15,"VF.5.Hisse Senetleri ve Özkaynaklar,Finansal Olmayan Kuruluşlar (Konsolide Olmayan, Stok)",last,47045109181.27
bie_finhestnks11,2025-Q1,TP.FINHESTNKS11.ZP16,"VF.5.1.Hisse Senetleri ve Özkaynaklar,Finansal Olmayan Kuruluşlar (Konsolide Olmayan, Stok)",last,45907024784.91
bie_finhestnks11,2025-Q1,TP.FINHESTNKS11.ZP17,"VF.5.2.Yatırım Fonu Katılma Belgeleri,Finansal Olmayan Kuruluşlar (Konsolide Olmayan, Stok)",last,1138084396.35
bie_finhestnks11,2025-Q1,TP.FINHESTNKS11.ZP18,"VF.5.2.1.Para Piyasası Fonları,Finansal Olmayan Kuruluşlar (Konsolide Olmayan, Stok)",last,203985917.95
bie_finhestnks11,2025-Q1,TP.FINHESTNKS11.ZP19,"VF.5.2.2.Diğer Yatırım Fonları,Finansal Olmayan Kuruluşlar (Konsolide Olmayan, Stok)",last,934098478.4
bie_finhestnks11,2025-Q1,TP.FINHESTNKS11.ZP20,"VF.6.Sigorta ve Emeklilik Sözleşmeleri,Finansal Olmayan Kuruluşlar (Konsolide Olmayan, Stok)",last,328524384.03
bie_finhestnks11,2025-Q1,TP.FINHESTNKS11.ZP21,"VF.7.Finansal Türevler,Finansal Olmayan Kuruluşlar (Konsolide Olmayan, Stok)",last,20275779.0
bie_finhestnks11,2025-Q1,TP.FINHESTNKS11.ZP22,"VF.8.Diğer Alacaklar,Finansal Olmayan Kuruluşlar (Konsolide Olmayan, Stok)",last,32072575673.94
bie_finhestnks11,2025-Q1,TP.FINHESTNKS11.ZP23,"VF.0.Toplam Varlıklar,Finansal Olmayan Kuruluşlar (Konsolide Olmayan, Stok)",last,86557129728.84
bie_finhestnks11,2025-Q1,TP.FINHESTNKS11.ZP24,"F.1.Parasal Altın ve SDR,Finansal Olmayan Kuruluşlar (Konsolide Olmayan, Stok)",last,0.0
bie_finhestnks11,2025-Q1,TP.FINHESTNKS11.ZP25,"F.1.1.Parasal Altın,Finansal Olmayan Kuruluşlar (Konsolide Olmayan, Stok)",last,0.0
bie_finhestnks11,2025-Q1,TP.FINHESTNKS11.ZP26,"F.1.2.Özel Çekme Hakları (SDR),Finansal Olmayan Kuruluşlar (Konsolide Olmayan, Stok)",last,0.0
bie_finhestnks11,2025-Q1,TP.FINHESTNKS11.ZP27,"F.2.Para ve Mevduat,Finansal Olmayan Kuruluşlar (Konsolide Olmayan, Stok)",last,0.0
bie_finhestnks11,2025-Q1,TP.FINHESTNKS11.ZP28,"F.2.1.Para,Finansal Olmayan Kuruluşlar (Konsolide Olmayan, Stok)",last,0.0
bie_finhestnks11,2025-Q1,TP.FINHESTNKS11.ZP29,"F.2.2.Vadesiz Mevduat,Finansal Olmayan Kuruluşlar (Konsolide Olmayan, Stok)",last,0.0
bie_finhestnks11,2025-Q1,TP.FINHESTNKS11.ZP30,"F.2.9.Vadeli Mevduat,Finansal Olmayan Kuruluşlar (Konsolide Olmayan, Stok)",last,0.0
bie_finhestnks11,2025-Q1,TP.FINHESTNKS11.ZP31,"F.3.Borçlanma Senetleri,Finansal Olmayan Kuruluşlar (Konsolide Olmayan, Stok)",last,760415031.54
bie_finhestnks11,2025-Q1,TP.FINHESTNKS11.ZP32,"F.3.1.Kısa Vadeli Borçlanma Senetleri,Finansal Olmayan Kuruluşlar (Konsolide Olmayan, Stok)",last,48094759.08
bie_finhestnks11,2025-Q1,TP.FINHESTNKS11.ZP33,"F.3.2.Uzun Vadeli Borçlanma Senetleri,Finansal Olmayan Kuruluşlar (Konsolide Olmayan, Stok)",last,712320272.45
bie_finhestnks11,2025-Q1,TP.FINHESTNKS11.ZP34,"F.4.Krediler,Finansal Olmayan Kuruluşlar (Konsolide Olmayan, Stok)",last,17817183951.05
bie_finhestnks11,2025-Q1,TP.FINHESTNKS11.ZP35,"F.4.1.Kısa Vadeli Krediler,Finansal Olmayan Kuruluşlar (Konsolide Olmayan, Stok)",last,8121800878.3
bie_finhestnks11,2025-Q1,TP.FINHESTNKS11.ZP36,"F.4.2.Uzun Vadeli Krediler,Finansal Olmayan Kuruluşlar (Konsolide Olmayan, Stok)",last,9695383072.75
bie_finhestnks11,2025-Q1,TP.FINHESTNKS11.ZP37,"F.5.Hisse Senetleri ve Özkaynaklar,Finansal Olmayan Kuruluşlar (Konsolide Olmayan, Stok)",last,55945969522.48
bie_finhestnks11,2025-Q1,TP.FINHESTNKS11.ZP38,"F.5.1.Hisse Senetleri ve Özkaynaklar,Finansal Olmayan Kuruluşlar (Konsolide Olmayan, Stok)",last,55945969522.48
bie_finhestnks11,2025-Q1,TP.FINHESTNKS11.ZP39,"F.5.2.Yatırım Fonu Katılma Belgeleri,Finansal Olmayan Kuruluşlar (Konsolide Olmayan, Stok)",last,0.0
bie_finhestnks11,2025-Q1,TP.FINHESTNKS11.ZP40,"F.5.2.1.Para Piyasası Fonları,Finansal Olmayan Kuruluşlar (Konsolide Olmayan, Stok)",last,0.0
bie_finhestnks11,2025-Q1,TP.FINHESTNKS11.ZP41,"F.5.2.2.Diğer Yatırım Fonları,Finansal Olmayan Kuruluşlar (Konsolide Olmayan, Stok)",last,0.0
bie_finhestnks11,2025-Q1,TP.FINHESTNKS11.ZP42,"F.6.Sigorta ve Emeklilik Sözleşmeleri,Finansal Olmayan Kuruluşlar (Konsolide Olmayan, Stok)",last,0.0
bie_finhestnks11,2025-Q1,TP.FINHESTNKS11.ZP43,"F.7.Finansal Türevler,Finansal Olmayan Kuruluşlar (Konsolide Olmayan, Stok)",last,39083021.0
bie_finhestnks11,2025-Q1,TP.FINHESTNKS11.ZP44,"F.8.Diğer Borçlar,Finansal Olmayan Kuruluşlar (Konsolide Olmayan, Stok)",last,33237499562.06
bie_finhestnks11,2025-Q1,TP.FINHESTNKS11.ZP45,"F.0.Toplam Yükümlülükler,Finansal Olmayan Kuruluşlar (Konsolide Olmayan, Stok)",last,107800151088.14
bie_finhestnks11,2025-Q2,TP.FINHESTNKS11.ZP1,"BF.9.NET FİNANSAL DEĞER,Finansal Olmayan Kuruluşlar (Konsolide Olmayan, Stok)",last,-23004461319.01
bie_finhestnks11,2025-Q2,TP.FINHESTNKS11.ZP2,"VF.1.Parasal Altın ve SDR,Finansal Olmayan Kuruluşlar (Konsolide Olmayan, Stok)",last,0.0
bie_finhestnks11,2025-Q2,TP.FINHESTNKS11.ZP3,"VF.1.1.Parasal Altın,Finansal Olmayan Kuruluşlar (Konsolide Olmayan, Stok)",last,0.0
bie_finhestnks11,2025-Q2,TP.FINHESTNKS11.ZP4,"VF.1.2.Özel Çekme Hakları (SDR),Finansal Olmayan Kuruluşlar (Konsolide Olmayan, Stok)",last,0.0
bie_finhestnks11,2025-Q2,TP.FINHESTNKS11.ZP5,"VF.2.Para ve Mevduat,Finansal Olmayan Kuruluşlar (Konsolide Olmayan, Stok)",last,6879838480.09
bie_finhestnks11,2025-Q2,TP.FINHESTNKS11.ZP6,"VF.2.1.Para,Finansal Olmayan Kuruluşlar (Konsolide Olmayan, Stok)",last,485173705.87
bie_finhestnks11,2025-Q2,TP.FINHESTNKS11.ZP7,"VF.2.2.Vadesiz Mevduat,Finansal Olmayan Kuruluşlar (Konsolide Olmayan, Stok)",last,2749156274.43
bie_finhestnks11,2025-Q2,TP.FINHESTNKS11.ZP8,"VF.2.9.Vadeli Mevduat,Finansal Olmayan Kuruluşlar (Konsolide Olmayan, Stok)",last,3645508499.78
bie_finhestnks11,2025-Q2,TP.FINHESTNKS11.ZP9,"VF.3.Borçlanma Senetleri,Finansal Olmayan Kuruluşlar (Konsolide Olmayan, Stok)",last,317405968.69
bie_finhestnks11,2025-Q2,TP.FINHESTNKS11.ZP10,"VF.3.1.Kısa Vadeli Borçlanma Senetleri,Finansal Olmayan Kuruluşlar (Konsolide Olmayan, Stok)",last,34120029.31
bie_finhestnks11,2025-Q2,TP.FINHESTNKS11.ZP11,"VF.3.2.Uzun Vadeli Borçlanma Senetleri,Finansal Olmayan Kuruluşlar (Konsolide Olmayan, Stok)",last,283285939.37
bie_finhestnks11,2025-Q2,TP.FINHESTNKS11.ZP12,"VF.4.Krediler,Finansal Olmayan Kuruluşlar (Konsolide Olmayan, Stok)",last,215586113.77
bie_finhestnks11,2025-Q2,TP.FINHESTNKS11.ZP13,"VF.4.1.Kısa Vadeli Krediler,Finansal Olmayan Kuruluşlar (Konsolide Olmayan, Stok)",last,215586113.77
bie_finhestnks11,2025-Q2,TP.FINHESTNKS11.ZP14,"VF.4.2.Uzun Vadeli Krediler,Finansal Olmayan Kuruluşlar (Konsolide Olmayan, Stok)",last,0.0
bie_finhestnks11,2025-Q2,TP.FINHESTNKS11.ZP15,"VF.5.Hisse Senetleri ve Özkaynaklar,Finansal Olmayan Kuruluşlar (Konsolide Olmayan, Stok)",last,48896911181.28
bie_finhestnks11,2025-Q2,TP.FINHESTNKS11.ZP16,"VF.5.1.Hisse Senetleri ve Özkaynaklar,Finansal Olmayan Kuruluşlar (Konsolide Olmayan, Stok)",last,47508987739.19
bie_finhestnks11,2025-Q2,TP.FINHESTNKS11.ZP17,"VF.5.2.Yatırım Fonu Katılma Belgeleri,Finansal Olmayan Kuruluşlar (Konsolide Olmayan, Stok)",last,1387923442.08
bie_finhestnks11,2025-Q2,TP.FINHESTNKS11.ZP18,"VF.5.2.1.Para Piyasası Fonları,Finansal Olmayan Kuruluşlar (Konsolide Olmayan, Stok)",last,287791126.65
bie_finhestnks11,2025-Q2,TP.FINHESTNKS11.ZP19,"VF.5.2.2.Diğer Yatırım Fonları,Finansal Olmayan Kuruluşlar (Konsolide Olmayan, Stok)",last,1100132315.43
bie_finhestnks11,2025-Q2,TP.FINHESTNKS11.ZP20,"VF.6.Sigorta ve Emeklilik Sözleşmeleri,Finansal Olmayan Kuruluşlar (Konsolide Olmayan, Stok)",last,356271341.09
bie_finhestnks11,2025-Q2,TP.FINHESTNKS11.ZP21,"VF.7.Finansal Türevler,Finansal Olmayan Kuruluşlar (Konsolide Olmayan, Stok)",last,17500080.0
bie_finhestnks11,2025-Q2,TP.FINHESTNKS11.ZP22,"VF.8.Diğer Alacaklar,Finansal Olmayan Kuruluşlar (Konsolide Olmayan, Stok)",last,34851534083.42
bie_finhestnks11,2025-Q2,TP.FINHESTNKS11.ZP23,"VF.0.Toplam Varlıklar,Finansal Olmayan Kuruluşlar (Konsolide Olmayan, Stok)",last,91535047248.36
bie_finhestnks11,2025-Q2,TP.FINHESTNKS11.ZP24,"F.1.Parasal Altın ve SDR,Finansal Olmayan Kuruluşlar (Konsolide Olmayan, Stok)",last,0.0
bie_finhestnks11,2025-Q2,TP.FINHESTNKS11.ZP25,"F.1.1.Parasal Altın,Finansal Olmayan Kuruluşlar (Konsolide Olmayan, Stok)",last,0.0
bie_finhestnks11,2025-Q2,TP.FINHESTNKS11.ZP26,"F.1.2.Özel Çekme Hakları (SDR),Finansal Olmayan Kuruluşlar (Konsolide Olmayan, Stok)",last,0.0
bie_finhestnks11,2025-Q2,TP.FINHESTNKS11.ZP27,"F.2.Para ve Mevduat,Finansal Olmayan Kuruluşlar (Konsolide Olmayan, Stok)",last,0.0
bie_finhestnks11,2025-Q2,TP.FINHESTNKS11.ZP28,"F.2.1.Para,Finansal Olmayan Kuruluşlar (Konsolide Olmayan, Stok)",last,0.0
bie_finhestnks11,2025-Q2,TP.FINHESTNKS11.ZP29,"F.2.2.Vadesiz Mevduat,Finansal Olmayan Kuruluşlar (Konsolide Olmayan, Stok)",last,0.0
bie_finhestnks11,2025-Q2,TP.FINHESTNKS11.ZP30,"F.2.9.Vadeli Mevduat,Finansal Olmayan Kuruluşlar (Konsolide Olmayan, Stok)",last,0.0
bie_finhestnks11,2025-Q2,TP.FINHESTNKS11.ZP31,"F.3.Borçlanma Senetleri,Finansal Olmayan Kuruluşlar (Konsolide Olmayan, Stok)",last,825564886.19
bie_finhestnks11,2025-Q2,TP.FINHESTNKS11.ZP32,"F.3.1.Kısa Vadeli Borçlanma Senetleri,Finansal Olmayan Kuruluşlar (Konsolide Olmayan, Stok)",last,60791270.46
bie_finhestnks11,2025-Q2,TP.FINHESTNKS11.ZP33,"F.3.2.Uzun Vadeli Borçlanma Senetleri,Finansal Olmayan Kuruluşlar (Konsolide Olmayan, Stok)",last,764773615.72
bie_finhestnks11,2025-Q2,TP.FINHESTNKS11.ZP34,"F.4.Krediler,Finansal Olmayan Kuruluşlar (Konsolide Olmayan, Stok)",last,19865924143.01
bie_finhestnks11,2025-Q2,TP.FINHESTNKS11.ZP35,"F.4.1.Kısa Vadeli Krediler,Finansal Olmayan Kuruluşlar (Konsolide Olmayan, Stok)",last,9035592129.45
bie_finhestnks11,2025-Q2,TP.FINHESTNKS11.ZP36,"F.4.2.Uzun Vadeli Krediler,Finansal Olmayan Kuruluşlar (Konsolide Olmayan, Stok)",last,10830332013.56
bie_finhestnks11,2025-Q2,TP.FINHESTNKS11.ZP37,"F.5.Hisse Senetleri ve Özkaynaklar,Finansal Olmayan Kuruluşlar (Konsolide Olmayan, Stok)",last,57607433784.05
bie_finhestnks11,2025-Q2,TP.FINHESTNKS11.ZP38,"F.5.1.Hisse Senetleri ve Özkaynaklar,Finansal Olmayan Kuruluşlar (Konsolide Olmayan, Stok)",last,57607433784.05
bie_finhestnks11,2025-Q2,TP.FINHESTNKS11.ZP39,"F.5.2.Yatırım Fonu Katılma Belgeleri,Finansal Olmayan Kuruluşlar (Konsolide Olmayan, Stok)",last,0.0
bie_finhestnks11,2025-Q2,TP.FINHESTNKS11.ZP40,"F.5.2.1.Para Piyasası Fonları,Finansal Olmayan Kuruluşlar (Konsolide Olmayan, Stok)",last,0.0
bie_finhestnks11,2025-Q2,TP.FINHESTNKS11.ZP41,"F.5.2.2.Diğer Yatırım Fonları,Finansal Olmayan Kuruluşlar (Konsolide Olmayan, Stok)",last,0.0
bie_finhestnks11,2025-Q2,TP.FINHESTNKS11.ZP42,"F.6.Sigorta ve Emeklilik Sözleşmeleri,Finansal Olmayan Kuruluşlar (Konsolide Olmayan, Stok)",last,0.0
bie_finhestnks11,2025-Q2,TP.FINHESTNKS11.ZP43,"F.7.Finansal Türevler,Finansal Olmayan Kuruluşlar (Konsolide Olmayan, Stok)",last,51731230.0
bie_finhestnks11,2025-Q2,TP.FINHESTNKS11.ZP44,"F.8.Diğer Borçlar,Finansal Olmayan Kuruluşlar (Konsolide Olmayan, Stok)",last,36188854524.11
bie_finhestnks11,2025-Q2,TP.FINHESTNKS11.ZP45,"F.0.Toplam Yükümlülükler,Finansal Olmayan Kuruluşlar (Konsolide Olmayan, Stok)",last,114539508567.38
bie_finhestnks11,2025-Q3,TP.FINHESTNKS11.ZP1,"BF.9.NET FİNANSAL DEĞER,Finansal Olmayan Kuruluşlar (Konsolide Olmayan, Stok)",last,-24480038912.46
bie_finhestnks11,2025-Q3,TP.FINHESTNKS11.ZP2,"VF.1.Parasal Altın ve SDR,Finansal Olmayan Kuruluşlar (Konsolide Olmayan, Stok)",last,0.0
bie_finhestnks11,2025-Q3,TP.FINHESTNKS11.ZP3,"VF.1.1.Parasal Altın,Finansal Olmayan Kuruluşlar (Konsolide Olmayan, Stok)",last,0.0
bie_finhestnks11,2025-Q3,TP.FINHESTNKS11.ZP4,"VF.1.2.Özel Çekme Hakları (SDR),Finansal Olmayan Kuruluşlar (Konsolide Olmayan, Stok)",last,0.0
bie_finhestnks11,2025-Q3,TP.FINHESTNKS11.ZP5,"VF.2.Para ve Mevduat,Finansal Olmayan Kuruluşlar (Konsolide Olmayan, Stok)",last,7696269715.24
bie_finhestnks11,2025-Q3,TP.FINHESTNKS11.ZP6,"VF.2.1.Para,Finansal Olmayan Kuruluşlar (Konsolide Olmayan, Stok)",last,532942514.15
bie_finhestnks11,2025-Q3,TP.FINHESTNKS11.ZP7,"VF.2.2.Vadesiz Mevduat,Finansal Olmayan Kuruluşlar (Konsolide Olmayan, Stok)",last,3189305561.03
bie_finhestnks11,2025-Q3,TP.FINHESTNKS11.ZP8,"VF.2.9.Vadeli Mevduat,Finansal Olmayan Kuruluşlar (Konsolide Olmayan, Stok)",last,3974021640.06
bie_finhestnks11,2025-Q3,TP.FINHESTNKS11.ZP9,"VF.3.Borçlanma Senetleri,Finansal Olmayan Kuruluşlar (Konsolide Olmayan, Stok)",last,413252406.7
bie_finhestnks11,2025-Q3,TP.FINHESTNKS11.ZP10,"VF.3.1.Kısa Vadeli Borçlanma Senetleri,Finansal Olmayan Kuruluşlar (Konsolide Olmayan, Stok)",last,62732451.8
bie_finhestnks11,2025-Q3,TP.FINHESTNKS11.ZP11,"VF.3.2.Uzun Vadeli Borçlanma Senetleri,Finansal Olmayan Kuruluşlar (Konsolide Olmayan, Stok)",last,350519954.89
bie_finhestnks11,2025-Q3,TP.FINHESTNKS11.ZP12,"VF.4.Krediler,Finansal Olmayan Kuruluşlar (Konsolide Olmayan, Stok)",last,245400199.73
bie_finhestnks11,2025-Q3,TP.FINHESTNKS11.ZP13,"VF.4.1.Kısa Vadeli Krediler,Finansal Olmayan Kuruluşlar (Konsolide Olmayan, Stok)",last,245400199.73
bie_finhestnks11,2025-Q3,TP.FINHESTNKS11.ZP14,"VF.4.2.Uzun Vadeli Krediler,Finansal Olmayan Kuruluşlar (Konsolide Olmayan, Stok)",last,0.0
bie_finhestnks11,2025-Q3,TP.FINHESTNKS11.ZP15,"VF.5.Hisse Senetleri ve Özkaynaklar,Finansal Olmayan Kuruluşlar (Konsolide Olmayan, Stok)",last,51705639781.42
bie_finhestnks11,2025-Q3,TP.FINHESTNKS11.ZP16,"VF.5.1.Hisse Senetleri ve Özkaynaklar,Finansal Olmayan Kuruluşlar (Konsolide Olmayan, Stok)",last,49920969592.52
bie_finhestnks11,2025-Q3,TP.FINHESTNKS11.ZP17,"VF.5.2.Yatırım Fonu Katılma Belgeleri,Finansal Olmayan Kuruluşlar (Konsolide Olmayan, Stok)",last,1784670188.89
bie_finhestnks11,2025-Q3,TP.FINHESTNKS11.ZP18,"VF.5.2.1.Para Piyasası Fonları,Finansal Olmayan Kuruluşlar (Konsolide Olmayan, Stok)",last,435039665.6
bie_finhestnks11,2025-Q3,TP.FINHESTNKS11.ZP19,"VF.5.2.2.Diğer Yatırım Fonları,Finansal Olmayan Kuruluşlar (Konsolide Olmayan, Stok)",last,1349630523.29
bie_finhestnks11,2025-Q3,TP.FINHESTNKS11.ZP20,"VF.6.Sigorta ve Emeklilik Sözleşmeleri,Finansal Olmayan Kuruluşlar (Konsolide Olmayan, Stok)",last,378567159.21
bie_finhestnks11,2025-Q3,TP.FINHESTNKS11.ZP21,"VF.7.Finansal Türevler,Finansal Olmayan Kuruluşlar (Konsolide Olmayan, Stok)",last,21394218.0
bie_finhestnks11,2025-Q3,TP.FINHESTNKS11.ZP22,"VF.8.Diğer Alacaklar,Finansal Olmayan Kuruluşlar (Konsolide Olmayan, Stok)",last,38423338375.88
bie_finhestnks11,2025-Q3,TP.FINHESTNKS11.ZP23,"VF.0.Toplam Varlıklar,Finansal Olmayan Kuruluşlar (Konsolide Olmayan, Stok)",last,98883861856.21
bie_finhestnks11,2025-Q3,TP.FINHESTNKS11.ZP24,"F.1.Parasal Altın ve SDR,Finansal Olmayan Kuruluşlar (Konsolide Olmayan, Stok)",last,0.0
bie_finhestnks11,2025-Q3,TP.FINHESTNKS11.ZP25,"F.1.1.Parasal Altın,Finansal Olmayan Kuruluşlar (Konsolide Olmayan, Stok)",last,0.0
bie_finhestnks11,2025-Q3,TP.FINHESTNKS11.ZP26,"F.1.2.Özel Çekme Hakları (SDR),Finansal Olmayan Kuruluşlar (Konsolide Olmayan, Stok)",last,0.0
bie_finhestnks11,2025-Q3,TP.FINHESTNKS11.ZP27,"F.2.Para ve Mevduat,Finansal Olmayan Kuruluşlar (Konsolide Olmayan, Stok)",last,0.0
bie_finhestnks11,2025-Q3,TP.FINHESTNKS11.ZP28,"F.2.1.Para,Finansal Olmayan Kuruluşlar (Konsolide Olmayan, Stok)",last,0.0
bie_finhestnks11,2025-Q3,TP.FINHESTNKS11.ZP29,"F.2.2.Vadesiz Mevduat,Finansal Olmayan Kuruluşlar (Konsolide Olmayan, Stok)",last,0.0
bie_finhestnks11,2025-Q3,TP.FINHESTNKS11.ZP30,"F.2.9.Vadeli Mevduat,Finansal Olmayan Kuruluşlar (Konsolide Olmayan, Stok)",last,0.0
bie_finhestnks11,2025-Q3,TP.FINHESTNKS11.ZP31,"F.3.Borçlanma Senetleri,Finansal Olmayan Kuruluşlar (Konsolide Olmayan, Stok)",last,938540639.9
bie_finhestnks11,2025-Q3,TP.FINHESTNKS11.ZP32,"F.3.1.Kısa Vadeli Borçlanma Senetleri,Finansal Olmayan Kuruluşlar (Konsolide Olmayan, Stok)",last,69110349.57
bie_finhestnks11,2025-Q3,TP.FINHESTNKS11.ZP33,"F.3.2.Uzun Vadeli Borçlanma Senetleri,Finansal Olmayan Kuruluşlar (Konsolide Olmayan, Stok)",last,869430290.32
bie_finhestnks11,2025-Q3,TP.FINHESTNKS11.ZP34,"F.4.Krediler,Finansal Olmayan Kuruluşlar (Konsolide Olmayan, Stok)",last,21509120786.18
bie_finhestnks11,2025-Q3,TP.FINHESTNKS11.ZP35,"F.4.1.Kısa Vadeli Krediler,Finansal Olmayan Kuruluşlar (Konsolide Olmayan, Stok)",last,9782965095.8
bie_finhestnks11,2025-Q3,TP.FINHESTNKS11.ZP36,"F.4.2.Uzun Vadeli Krediler,Finansal Olmayan Kuruluşlar (Konsolide Olmayan, Stok)",last,11726155690.37
bie_finhestnks11,2025-Q3,TP.FINHESTNKS11.ZP37,"F.5.Hisse Senetleri ve Özkaynaklar,Finansal Olmayan Kuruluşlar (Konsolide Olmayan, Stok)",last,61043287963.74
bie_finhestnks11,2025-Q3,TP.FINHESTNKS11.ZP38,"F.5.1.Hisse Senetleri ve Özkaynaklar,Finansal Olmayan Kuruluşlar (Konsolide Olmayan, Stok)",last,61043287963.74
bie_finhestnks11,2025-Q3,TP.FINHESTNKS11.ZP39,"F.5.2.Yatırım Fonu Katılma Belgeleri,Finansal Olmayan Kuruluşlar (Konsolide Olmayan, Stok)",last,0.0
bie_finhestnks11,2025-Q3,TP.FINHESTNKS11.ZP40,"F.5.2.1.Para Piyasası Fonları,Finansal Olmayan Kuruluşlar (Konsolide Olmayan, Stok)",last,0.0
bie_finhestnks11,2025-Q3,TP.FINHESTNKS11.ZP41,"F.5.2.2.Diğer Yatırım Fonları,Finansal Olmayan Kuruluşlar (Konsolide Olmayan, Stok)",last,0.0
bie_finhestnks11,2025-Q3,TP.FINHESTNKS11.ZP42,"F.6.Sigorta ve Emeklilik Sözleşmeleri,Finansal Olmayan Kuruluşlar (Konsolide Olmayan, Stok)",last,0.0
bie_finhestnks11,2025-Q3,TP.FINHESTNKS11.ZP43,"F.7.Finansal Türevler,Finansal Olmayan Kuruluşlar (Konsolide Olmayan, Stok)",last,55534997.0
bie_finhestnks11,2025-Q3,TP.FINHESTNKS11.ZP44,"F.8.Diğer Borçlar,Finansal Olmayan Kuruluşlar (Konsolide Olmayan, Stok)",last,39817416381.85
bie_finhestnks11,2025-Q3,TP.FINHESTNKS11.ZP45,"F.0.Toplam Yükümlülükler,Finansal Olmayan Kuruluşlar (Konsolide Olmayan, Stok)",last,123363900768.67
bie_finhestnks11,2025-Q4,TP.FINHESTNKS11.ZP1,"BF.9.NET FİNANSAL DEĞER,Finansal Olmayan Kuruluşlar (Konsolide Olmayan, Stok)",last,-27710224380.54
bie_finhestnks11,2025-Q4,TP.FINHESTNKS11.ZP2,"VF.1.Parasal Altın ve SDR,Finansal Olmayan Kuruluşlar (Konsolide Olmayan, Stok)",last,0.0
bie_finhestnks11,2025-Q4,TP.FINHESTNKS11.ZP3,"VF.1.1.Parasal Altın,Finansal Olmayan Kuruluşlar (Konsolide Olmayan, Stok)",last,0.0
bie_finhestnks11,2025-Q4,TP.FINHESTNKS11.ZP4,"VF.1.2.Özel Çekme Hakları (SDR),Finansal Olmayan Kuruluşlar (Konsolide Olmayan, Stok)",last,0.0
bie_finhestnks11,2025-Q4,TP.FINHESTNKS11.ZP5,"VF.2.Para ve Mevduat,Finansal Olmayan Kuruluşlar (Konsolide Olmayan, Stok)",last,8470957146.27
bie_finhestnks11,2025-Q4,TP.FINHESTNKS11.ZP6,"VF.2.1.Para,Finansal Olmayan Kuruluşlar (Konsolide Olmayan, Stok)",last,582948168.26
bie_finhestnks11,2025-Q4,TP.FINHESTNKS11.ZP7,"VF.2.2.Vadesiz Mevduat,Finansal Olmayan Kuruluşlar (Konsolide Olmayan, Stok)",last,3536798152.56
bie_finhestnks11,2025-Q4,TP.FINHESTNKS11.ZP8,"VF.2.9.Vadeli Mevduat,Finansal Olmayan Kuruluşlar (Konsolide Olmayan, Stok)",last,4351210825.44
bie_finhestnks11,2025-Q4,TP.FINHESTNKS11.ZP9,"VF.3.Borçlanma Senetleri,Finansal Olmayan Kuruluşlar (Konsolide Olmayan, Stok)",last,502790064.86
bie_finhestnks11,2025-Q4,TP.FINHESTNKS11.ZP10,"VF.3.1.Kısa Vadeli Borçlanma Senetleri,Finansal Olmayan Kuruluşlar (Konsolide Olmayan, Stok)",last,80353071.88
bie_finhestnks11,2025-Q4,TP.FINHESTNKS11.ZP11,"VF.3.2.Uzun Vadeli Borçlanma Senetleri,Finansal Olmayan Kuruluşlar (Konsolide Olmayan, Stok)",last,422436992.98
bie_finhestnks11,2025-Q4,TP.FINHESTNKS11.ZP12,"VF.4.Krediler,Finansal Olmayan Kuruluşlar (Konsolide Olmayan, Stok)",last,251644114.09
bie_finhestnks11,2025-Q4,TP.FINHESTNKS11.ZP13,"VF.4.1.Kısa Vadeli Krediler,Finansal Olmayan Kuruluşlar (Konsolide Olmayan, Stok)",last,251644114.09
bie_finhestnks11,2025-Q4,TP.FINHESTNKS11.ZP14,"VF.4.2.Uzun Vadeli Krediler,Finansal Olmayan Kuruluşlar (Konsolide Olmayan, Stok)",last,0.0
bie_finhestnks11,2025-Q4,TP.FINHESTNKS11.ZP15,"VF.5.Hisse Senetleri ve Özkaynaklar,Finansal Olmayan Kuruluşlar (Konsolide Olmayan, Stok)",last,53229124056.21
bie_finhestnks11,2025-Q4,TP.FINHESTNKS11.ZP16,"VF.5.1.Hisse Senetleri ve Özkaynaklar,Finansal Olmayan Kuruluşlar (Konsolide Olmayan, Stok)",last,51543984733.62
bie_finhestnks11,2025-Q4,TP.FINHESTNKS11.ZP17,"VF.5.2.Yatırım Fonu Katılma Belgeleri,Finansal Olmayan Kuruluşlar (Konsolide Olmayan, Stok)",last,1685139322.58
bie_finhestnks11,2025-Q4,TP.FINHESTNKS11.ZP18,"VF.5.2.1.Para Piyasası Fonları,Finansal Olmayan Kuruluşlar (Konsolide Olmayan, Stok)",last,512686007.85
bie_finhestnks11,2025-Q4,TP.FINHESTNKS11.ZP19,"VF.5.2.2.Diğer Yatırım Fonları,Finansal Olmayan Kuruluşlar (Konsolide Olmayan, Stok)",last,1172453314.73
bie_finhestnks11,2025-Q4,TP.FINHESTNKS11.ZP20,"VF.6.Sigorta ve Emeklilik Sözleşmeleri,Finansal Olmayan Kuruluşlar (Konsolide Olmayan, Stok)",last,425274752.71
bie_finhestnks11,2025-Q4,TP.FINHESTNKS11.ZP21,"VF.7.Finansal Türevler,Finansal Olmayan Kuruluşlar (Konsolide Olmayan, Stok)",last,28349179.0
bie_finhestnks11,2025-Q4,TP.FINHESTNKS11.ZP22,"VF.8.Diğer Alacaklar,Finansal Olmayan Kuruluşlar (Konsolide Olmayan, Stok)",last,42091087802.33
bie_finhestnks11,2025-Q4,TP.FINHESTNKS11.ZP23,"VF.0.Toplam Varlıklar,Finansal Olmayan Kuruluşlar (Konsolide Olmayan, Stok)",last,104999227115.5
bie_finhestnks11,2025-Q4,TP.FINHESTNKS11.ZP24,"F.1.Parasal Altın ve SDR,Finansal Olmayan Kuruluşlar (Konsolide Olmayan, Stok)",last,0.0
bie_finhestnks11,2025-Q4,TP.FINHESTNKS11.ZP25,"F.1.1.Parasal Altın,Finansal Olmayan Kuruluşlar (Konsolide Olmayan, Stok)",last,0.0
bie_finhestnks11,2025-Q4,TP.FINHESTNKS11.ZP26,"F.1.2.Özel Çekme Hakları (SDR),Finansal Olmayan Kuruluşlar (Konsolide Olmayan, Stok)",last,0.0
bie_finhestnks11,2025-Q4,TP.FINHESTNKS11.ZP27,"F.2.Para ve Mevduat,Finansal Olmayan Kuruluşlar (Konsolide Olmayan, Stok)",last,0.0
bie_finhestnks11,2025-Q4,TP.FINHESTNKS11.ZP28,"F.2.1.Para,Finansal Olmayan Kuruluşlar (Konsolide Olmayan, Stok)",last,0.0
bie_finhestnks11,2025-Q4,TP.FINHESTNKS11.ZP29,"F.2.2.Vadesiz Mevduat,Finansal Olmayan Kuruluşlar (Konsolide Olmayan, Stok)",last,0.0
bie_finhestnks11,2025-Q4,TP.FINHESTNKS11.ZP30,"F.2.9.Vadeli Mevduat,Finansal Olmayan Kuruluşlar (Konsolide Olmayan, Stok)",last,0.0
bie_finhestnks11,2025-Q4,TP.FINHESTNKS11.ZP31,"F.3.Borçlanma Senetleri,Finansal Olmayan Kuruluşlar (Konsolide Olmayan, Stok)",last,963645997.48
bie_finhestnks11,2025-Q4,TP.FINHESTNKS11.ZP32,"F.3.1.Kısa Vadeli Borçlanma Senetleri,Finansal Olmayan Kuruluşlar (Konsolide Olmayan, Stok)",last,67474309.95
bie_finhestnks11,2025-Q4,TP.FINHESTNKS11.ZP33,"F.3.2.Uzun Vadeli Borçlanma Senetleri,Finansal Olmayan Kuruluşlar (Konsolide Olmayan, Stok)",last,896171687.52
bie_finhestnks11,2025-Q4,TP.FINHESTNKS11.ZP34,"F.4.Krediler,Finansal Olmayan Kuruluşlar (Konsolide Olmayan, Stok)",last,23519868749.89
bie_finhestnks11,2025-Q4,TP.FINHESTNKS11.ZP35,"F.4.1.Kısa Vadeli Krediler,Finansal Olmayan Kuruluşlar (Konsolide Olmayan, Stok)",last,10216761654.6
bie_finhestnks11,2025-Q4,TP.FINHESTNKS11.ZP36,"F.4.2.Uzun Vadeli Krediler,Finansal Olmayan Kuruluşlar (Konsolide Olmayan, Stok)",last,13303107095.29
bie_finhestnks11,2025-Q4,TP.FINHESTNKS11.ZP37,"F.5.Hisse Senetleri ve Özkaynaklar,Finansal Olmayan Kuruluşlar (Konsolide Olmayan, Stok)",last,64461821012.82
bie_finhestnks11,2025-Q4,TP.FINHESTNKS11.ZP38,"F.5.1.Hisse Senetleri ve Özkaynaklar,Finansal Olmayan Kuruluşlar (Konsolide Olmayan, Stok)",last,64461821012.82
bie_finhestnks11,2025-Q4,TP.FINHESTNKS11.ZP39,"F.5.2.Yatırım Fonu Katılma Belgeleri,Finansal Olmayan Kuruluşlar (Konsolide Olmayan, Stok)",last,0.0
bie_finhestnks11,2025-Q4,TP.FINHESTNKS11.ZP40,"F.5.2.1.Para Piyasası Fonları,Finansal Olmayan Kuruluşlar (Konsolide Olmayan, Stok)",last,0.0
bie_finhestnks11,2025-Q4,TP.FINHESTNKS11.ZP41,"F.5.2.2.Diğer Yatırım Fonları,Finansal Olmayan Kuruluşlar (Konsolide Olmayan, Stok)",last,0.0
bie_finhestnks11,2025-Q4,TP.FINHESTNKS11.ZP42,"F.6.Sigorta ve Emeklilik Sözleşmeleri,Finansal Olmayan Kuruluşlar (Konsolide Olmayan, Stok)",last,0.0
bie_finhestnks11,2025-Q4,TP.FINHESTNKS11.ZP43,"F.7.Finansal Türevler,Finansal Olmayan Kuruluşlar (Konsolide Olmayan, Stok)",last,56125193.0
bie_finhestnks11,2025-Q4,TP.FINHESTNKS11.ZP44,"F.8.Diğer Borçlar,Finansal Olmayan Kuruluşlar (Konsolide Olmayan, Stok)",last,43707990542.84
bie_finhestnks11,2025-Q4,TP.FINHESTNKS11.ZP45,"F.0.Toplam Yükümlülükler,Finansal Olmayan Kuruluşlar (Konsolide Olmayan, Stok)",last,132709451496.04
bie_finhestnks11,2026-Q1,TP.FINHESTNKS11.ZP1,"BF.9.NET FİNANSAL DEĞER,Finansal Olmayan Kuruluşlar (Konsolide Olmayan, Stok)",last,-30108159524.44
bie_finhestnks11,2026-Q1,TP.FINHESTNKS11.ZP2,"VF.1.Parasal Altın ve SDR,Finansal Olmayan Kuruluşlar (Konsolide Olmayan, Stok)",last,0.0
bie_finhestnks11,2026-Q1,TP.FINHESTNKS11.ZP3,"VF.1.1.Parasal Altın,Finansal Olmayan Kuruluşlar (Konsolide Olmayan, Stok)",last,0.0
bie_finhestnks11,2026-Q1,TP.FINHESTNKS11.ZP4,"VF.1.2.Özel Çekme Hakları (SDR),Finansal Olmayan Kuruluşlar (Konsolide Olmayan, Stok)",last,0.0
bie_finhestnks11,2026-Q1,TP.FINHESTNKS11.ZP5,"VF.2.Para ve Mevduat,Finansal Olmayan Kuruluşlar (Konsolide Olmayan, Stok)",last,8593544693.51
bie_finhestnks11,2026-Q1,TP.FINHESTNKS11.ZP6,"VF.2.1.Para,Finansal Olmayan Kuruluşlar (Konsolide Olmayan, Stok)",last,624344492.66
bie_finhestnks11,2026-Q1,TP.FINHESTNKS11.ZP7,"VF.2.2.Vadesiz Mevduat,Finansal Olmayan Kuruluşlar (Konsolide Olmayan, Stok)",last,3569108066.14
bie_finhestnks11,2026-Q1,TP.FINHESTNKS11.ZP8,"VF.2.9.Vadeli Mevduat,Finansal Olmayan Kuruluşlar (Konsolide Olmayan, Stok)",last,4400092134.71
bie_finhestnks11,2026-Q1,TP.FINHESTNKS11.ZP9,"VF.3.Borçlanma Senetleri,Finansal Olmayan Kuruluşlar (Konsolide Olmayan, Stok)",last,551144822.77
bie_finhestnks11,2026-Q1,TP.FINHESTNKS11.ZP10,"VF.3.1.Kısa Vadeli Borçlanma Senetleri,Finansal Olmayan Kuruluşlar (Konsolide Olmayan, Stok)",last,116160898.75
bie_finhestnks11,2026-Q1,TP.FINHESTNKS11.ZP11,"VF.3.2.Uzun Vadeli Borçlanma Senetleri,Finansal Olmayan Kuruluşlar (Konsolide Olmayan, Stok)",last,434983924.01
bie_finhestnks11,2026-Q1,TP.FINHESTNKS11.ZP12,"VF.4.Krediler,Finansal Olmayan Kuruluşlar (Konsolide Olmayan, Stok)",last,268731089.51
bie_finhestnks11,2026-Q1,TP.FINHESTNKS11.ZP13,"VF.4.1.Kısa Vadeli Krediler,Finansal Olmayan Kuruluşlar (Konsolide Olmayan, Stok)",last,268731089.51
bie_finhestnks11,2026-Q1,TP.FINHESTNKS11.ZP14,"VF.4.2.Uzun Vadeli Krediler,Finansal Olmayan Kuruluşlar (Konsolide Olmayan, Stok)",last,0.0
bie_finhestnks11,2026-Q1,TP.FINHESTNKS11.ZP15,"VF.5.Hisse Senetleri ve Özkaynaklar,Finansal Olmayan Kuruluşlar (Konsolide Olmayan, Stok)",last,56694473472.88
bie_finhestnks11,2026-Q1,TP.FINHESTNKS11.ZP16,"VF.5.1.Hisse Senetleri ve Özkaynaklar,Finansal Olmayan Kuruluşlar (Konsolide Olmayan, Stok)",last,54943189350.6
bie_finhestnks11,2026-Q1,TP.FINHESTNKS11.ZP17,"VF.5.2.Yatırım Fonu Katılma Belgeleri,Finansal Olmayan Kuruluşlar (Konsolide Olmayan, Stok)",last,1751284122.27
bie_finhestnks11,2026-Q1,TP.FINHESTNKS11.ZP18,"VF.5.2.1.Para Piyasası Fonları,Finansal Olmayan Kuruluşlar (Konsolide Olmayan, Stok)",last,403688233.94
bie_finhestnks11,2026-Q1,TP.FINHESTNKS11.ZP19,"VF.5.2.2.Diğer Yatırım Fonları,Finansal Olmayan Kuruluşlar (Konsolide Olmayan, Stok)",last,1347595888.33
bie_finhestnks11,2026-Q1,TP.FINHESTNKS11.ZP20,"VF.6.Sigorta ve Emeklilik Sözleşmeleri,Finansal Olmayan Kuruluşlar (Konsolide Olmayan, Stok)",last,468669005.0
bie_finhestnks11,2026-Q1,TP.FINHESTNKS11.ZP21,"VF.7.Finansal Türevler,Finansal Olmayan Kuruluşlar (Konsolide Olmayan, Stok)",last,45117433.0
bie_finhestnks11,2026-Q1,TP.FINHESTNKS11.ZP22,"VF.8.Diğer Alacaklar,Finansal Olmayan Kuruluşlar (Konsolide Olmayan, Stok)",last,44743679590.01
bie_finhestnks11,2026-Q1,TP.FINHESTNKS11.ZP23,"VF.0.Toplam Varlıklar,Finansal Olmayan Kuruluşlar (Konsolide Olmayan, Stok)",last,111365360106.72
bie_finhestnks11,2026-Q1,TP.FINHESTNKS11.ZP24,"F.1.Parasal Altın ve SDR,Finansal Olmayan Kuruluşlar (Konsolide Olmayan, Stok)",last,0.0
bie_finhestnks11,2026-Q1,TP.FINHESTNKS11.ZP26,"F.1.2.Özel Çekme Hakları (SDR),Finansal Olmayan Kuruluşlar (Konsolide Olmayan, Stok)",last,0.0
bie_finhestnks11,2026-Q1,TP.FINHESTNKS11.ZP27,"F.2.Para ve Mevduat,Finansal Olmayan Kuruluşlar (Konsolide Olmayan, Stok)",last,0.0
bie_finhestnks11,2026-Q1,TP.FINHESTNKS11.ZP28,"F.2.1.Para,Finansal Olmayan Kuruluşlar (Konsolide Olmayan, Stok)",last,0.0
bie_finhestnks11,2026-Q1,TP.FINHESTNKS11.ZP29,"F.2.2.Vadesiz Mevduat,Finansal Olmayan Kuruluşlar (Konsolide Olmayan, Stok)",last,0.0
bie_finhestnks11,2026-Q1,TP.FINHESTNKS11.ZP30,"F.2.9.Vadeli Mevduat,Finansal Olmayan Kuruluşlar (Konsolide Olmayan, Stok)",last,0.0
bie_finhestnks11,2026-Q1,TP.FINHESTNKS11.ZP31,"F.3.Borçlanma Senetleri,Finansal Olmayan Kuruluşlar (Konsolide Olmayan, Stok)",last,1005252967.76
bie_finhestnks11,2026-Q1,TP.FINHESTNKS11.ZP32,"F.3.1.Kısa Vadeli Borçlanma Senetleri,Finansal Olmayan Kuruluşlar (Konsolide Olmayan, Stok)",last,67522734.92
bie_finhestnks11,2026-Q1,TP.FINHESTNKS11.ZP33,"F.3.2.Uzun Vadeli Borçlanma Senetleri,Finansal Olmayan Kuruluşlar (Konsolide Olmayan, Stok)",last,937730232.83
bie_finhestnks11,2026-Q1,TP.FINHESTNKS11.ZP34,"F.4.Krediler,Finansal Olmayan Kuruluşlar (Konsolide Olmayan, Stok)",last,25339760798.22
bie_finhestnks11,2026-Q1,TP.FINHESTNKS11.ZP35,"F.4.1.Kısa Vadeli Krediler,Finansal Olmayan Kuruluşlar (Konsolide Olmayan, Stok)",last,10736623319.49
bie_finhestnks11,2026-Q1,TP.FINHESTNKS11.ZP36,"F.4.2.Uzun Vadeli Krediler,Finansal Olmayan Kuruluşlar (Konsolide Olmayan, Stok)",last,14603137478.72
bie_finhestnks11,2026-Q1,TP.FINHESTNKS11.ZP37,"F.5.Hisse Senetleri ve Özkaynaklar,Finansal Olmayan Kuruluşlar (Konsolide Olmayan, Stok)",last,68743452325.23
bie_finhestnks11,2026-Q1,TP.FINHESTNKS11.ZP38,"F.5.1.Hisse Senetleri ve Özkaynaklar,Finansal Olmayan Kuruluşlar (Konsolide Olmayan, Stok)",last,68743452325.23
bie_finhestnks11,2026-Q1,TP.FINHESTNKS11.ZP39,"F.5.2.Yatırım Fonu Katılma Belgeleri,Finansal Olmayan Kuruluşlar (Konsolide Olmayan, Stok)",last,0.0
bie_finhestnks11,2026-Q1,TP.FINHESTNKS11.ZP40,"F.5.2.1.Para Piyasası Fonları,Finansal Olmayan Kuruluşlar (Konsolide Olmayan, Stok)",last,0.0
bie_finhestnks11,2026-Q1,TP.FINHESTNKS11.ZP41,"F.5.2.2.Diğer Yatırım Fonları,Finansal Olmayan Kuruluşlar (Konsolide Olmayan, Stok)",last,0.0
bie_finhestnks11,2026-Q1,TP.FINHESTNKS11.ZP42,"F.6.Sigorta ve Emeklilik Sözleşmeleri,Finansal Olmayan Kuruluşlar (Konsolide Olmayan, Stok)",last,0.0
bie_finhestnks11,2026-Q1,TP.FINHESTNKS11.ZP43,"F.7.Finansal Türevler,Finansal Olmayan Kuruluşlar (Konsolide Olmayan, Stok)",last,44256604.0
bie_finhestnks11,2026-Q1,TP.FINHESTNKS11.ZP44,"F.8.Diğer Borçlar,Finansal Olmayan Kuruluşlar (Konsolide Olmayan, Stok)",last,46340796935.94
bie_finhestnks11,2026-Q1,TP.FINHESTNKS11.ZP45,"F.0.Toplam Yükümlülükler,Finansal Olmayan Kuruluşlar (Konsolide Olmayan, Stok)",last,141473519631.16
