Donem,Enstruman,Hazne,Taraf,Stok,Islem,Degerleme_veya_Degisim
2015-Q1,altin_sdr,H,varlik,0.0,0.0,0.0
2015-Q1,altin_sdr,H,yukumluluk,0.0,0.0,0.0
2015-Q1,altin_sdr,F,varlik,0.0,0.0,0.0
2015-Q1,altin_sdr,F,yukumluluk,0.0,0.0,0.0
2015-Q1,altin_sdr,B,varlik,0.0,0.0,0.0
2015-Q1,altin_sdr,B,yukumluluk,0.0,0.0,0.0
2015-Q1,altin_sdr,K,varlik,54428627.84,-1509013.2942,5383123.564200003
2015-Q1,altin_sdr,K,yukumluluk,3874678.0,0.0,273832.0
2015-Q1,altin_sdr,D,varlik,3874678.0,0.0,273832.0
2015-Q1,altin_sdr,D,yukumluluk,3494271.84,-15.8636,246948.13360000003
2015-Q1,altin_sdr,U,varlik,0.0,,0.0
2015-Q1,altin_sdr,U,yukumluluk,50934356.0,,3627178.0
2015-Q1,para_mevduat,H,varlik,683859635.0039,21228447.6307,17188083.15330004
2015-Q1,para_mevduat,H,yukumluluk,0.0,0.0,0.0
2015-Q1,para_mevduat,F,varlik,359675344.2063,-1924290.199,9517914.188899994
2015-Q1,para_mevduat,F,yukumluluk,0.0,0.0,0.0
2015-Q1,para_mevduat,B,varlik,53021754.653400004,16926080.779600002,-1309438.2060000002
2015-Q1,para_mevduat,B,yukumluluk,819140973.6451001,32429905.1581,-3916725.7204998657
2015-Q1,para_mevduat,K,varlik,70228988.3184,-6015151.2217,-7431404.151299996
2015-Q1,para_mevduat,K,yukumluluk,351044462.0406,813494.7220000001,23492293.86839998
2015-Q1,para_mevduat,D,varlik,134366551.9908,13433403.5267,6828674.11349999
2015-Q1,para_mevduat,D,yukumluluk,130966838.4881,10405090.877,5218260.294100005
2015-Q1,para_mevduat,U,varlik,0.0010004043579101562,,-0.4155995845794678
2015-Q1,para_mevduat,U,yukumluluk,0.0,,0.0
2015-Q1,borclanma_senedi,H,varlik,21856211.7011,-609855.3113,-178308.87930000038
2015-Q1,borclanma_senedi,H,yukumluluk,0.0,0.0,0.0
2015-Q1,borclanma_senedi,F,varlik,31457308.4919,-918589.622,79961.71450000117
2015-Q1,borclanma_senedi,F,yukumluluk,23460309.68,-136449.4802,734649.7476000002
2015-Q1,borclanma_senedi,B,varlik,321711649.35029995,12718957.674600001,3587969.1585999765
2015-Q1,borclanma_senedi,B,yukumluluk,117460791.4064,-6581806.9636,18355758.086900003
2015-Q1,borclanma_senedi,K,varlik,259829954.3331,-2127779.5814,23815132.876699977
2015-Q1,borclanma_senedi,K,yukumluluk,559286103.8576,5367101.824,11360300.61500001
2015-Q1,borclanma_senedi,D,varlik,306438552.0677,-2340482.7797,3145953.7801000066
2015-Q1,borclanma_senedi,D,yukumluluk,241086471.0,8073405.0,0.0
2015-Q1,borclanma_senedi,U,varlik,0.0,,-0.20099997520446777
2015-Q1,borclanma_senedi,U,yukumluluk,0.00010001659393310547,,0.00010001659393310547
2015-Q1,kredi,H,varlik,470631.81820000004,15637.094799999999,-13780.545199999971
2015-Q1,kredi,H,yukumluluk,391884670.9385,10407080.5911,15010.836599983275
2015-Q1,kredi,F,varlik,13283254.1677,289412.764,803317.2075999998
2015-Q1,kredi,F,yukumluluk,1199898948.932,83697922.7667,-4551799.883599967
2015-Q1,kredi,B,varlik,1339828701.7476,63666371.08039999,12291558.114000082
2015-Q1,kredi,B,yukumluluk,302499889.451,-8306949.386299999,19219923.1471
2015-Q1,kredi,K,varlik,133173696.9538,13616404.624300001,5425064.683199989
2015-Q1,kredi,K,yukumluluk,85184126.1639,-4098257.9952,6625366.3784000045
2015-Q1,kredi,D,varlik,529818774.2199,5250670.0,4855968.219900012
2015-Q1,kredi,D,yukumluluk,37107423.422,1138699.3464,2053627.8584999966
2015-Q1,kredi,U,varlik,0.00019979476928710938,,0.00019979476928710938
2015-Q1,kredi,U,yukumluluk,0.0,,-0.4165003299713135
2015-Q1,hisse_ozkaynak,H,varlik,129146942.6144,3315474.9508,2485958.803900005
2015-Q1,hisse_ozkaynak,H,yukumluluk,21336291.0323,-2582196.9928,-9.313225746154785e-10
2015-Q1,hisse_ozkaynak,F,varlik,102029304.2766,5902176.8588,-4014866.374899989
2015-Q1,hisse_ozkaynak,F,yukumluluk,402186089.7919,9323249.108,-13611627.506000001
2015-Q1,hisse_ozkaynak,B,varlik,22916988.1371,18070.096899999997,572903.8338999983
2015-Q1,hisse_ozkaynak,B,yukumluluk,284335886.1235,4796243.5807,-32827249.98509999
2015-Q1,hisse_ozkaynak,K,varlik,130036656.9197,2567002.7894,8880425.24609999
2015-Q1,hisse_ozkaynak,K,yukumluluk,41878223.0,0.0,-568312.0
2015-Q1,hisse_ozkaynak,D,varlik,453156816.0,7198283.0,-54931611.0
2015-Q1,hisse_ozkaynak,D,yukumluluk,87550218.0,7463712.0,0.0
2015-Q1,hisse_ozkaynak,U,varlik,0.0,,0.0
2015-Q1,hisse_ozkaynak,U,yukumluluk,0.00010001659393310547,,9.989738464355469e-05
2015-Q1,sigorta_emeklilik,H,varlik,57619847.6754,3340822.4719,-6330.167600004468
2015-Q1,sigorta_emeklilik,H,yukumluluk,0.0,0.0,0.0
2015-Q1,sigorta_emeklilik,F,varlik,10688001.7797,922118.357,-1.0477378964424133e-09
2015-Q1,sigorta_emeklilik,F,yukumluluk,0.0,0.0,0.0
2015-Q1,sigorta_emeklilik,B,varlik,0.0,0.0,0.0
2015-Q1,sigorta_emeklilik,B,yukumluluk,66859280.0989,4136551.9469,-4.6566128730773926e-09
2015-Q1,sigorta_emeklilik,K,varlik,0.0,0.0,0.0
2015-Q1,sigorta_emeklilik,K,yukumluluk,1448569.3562,126388.882,-6330.167499999996
2015-Q1,sigorta_emeklilik,D,varlik,0.0,0.0,0.0
2015-Q1,sigorta_emeklilik,D,yukumluluk,0.0,0.0,0.0
2015-Q1,sigorta_emeklilik,U,varlik,0.0,,0.0
2015-Q1,sigorta_emeklilik,U,yukumluluk,0.0,,-0.00010000169277191162
2015-Q1,turev,H,varlik,177284.0,51401.7345,47211.2655
2015-Q1,turev,H,yukumluluk,371136.0,135291.3478,124932.65220000001
2015-Q1,turev,F,varlik,2184823.0,591280.7537,573791.2463
2015-Q1,turev,F,yukumluluk,1504948.0,608553.4321,-43888.432099999976
2015-Q1,turev,B,varlik,15029171.555,6030922.2493,366645.4687000001
2015-Q1,turev,B,yukumluluk,11628517.555,4084204.0364,405394.6815999993
2015-Q1,turev,K,varlik,0.0,0.0,0.0
2015-Q1,turev,K,yukumluluk,0.0,0.0,0.0
2015-Q1,turev,D,varlik,8975868.0,3275977.5999,-263216.5998999998
2015-Q1,turev,D,yukumluluk,12862545.0,5121533.5212,237992.4787999997
2015-Q1,turev,U,varlik,0.0,,-1.862645149230957e-09
2015-Q1,turev,U,yukumluluk,0.0,,0.0
2015-Q1,diger,H,varlik,19283168.285,-101925.2053,-298324.06410000054
2015-Q1,diger,H,yukumluluk,9387102.5536,344510.5534,159831.15089999943
2015-Q1,diger,F,varlik,102027086.2164,3576337.3382,1918303.2044999925
2015-Q1,diger,F,yukumluluk,199114220.5763,2463090.3782,-23523170.719700016
2015-Q1,diger,B,varlik,31762755.6659,4480296.7101,175714.0456999978
2015-Q1,diger,B,yukumluluk,69238328.68890001,6244376.967800001,-397376.10589999147
2015-Q1,diger,K,varlik,128977085.8514,-391694.2291,-30476434.64609999
2015-Q1,diger,K,yukumluluk,49833023.8692,-4994860.795700001,-3458532.717600001
2015-Q1,diger,D,varlik,76380199.2377,-4732178.1584,3224049.5627000043
2015-Q1,diger,D,yukumluluk,30857619.5684,-1226280.6483,1762556.4949999978
2015-Q1,diger,U,varlik,5.960464477539063e-08,,-9.995698928833008e-05
2015-Q1,diger,U,yukumluluk,0.0,,0.0
2015-Q2,altin_sdr,H,varlik,0.0,0.0,0.0
2015-Q2,altin_sdr,H,yukumluluk,0.0,0.0,0.0
2015-Q2,altin_sdr,F,varlik,0.0,0.0,0.0
2015-Q2,altin_sdr,F,yukumluluk,0.0,0.0,0.0
2015-Q2,altin_sdr,B,varlik,0.0,0.0,0.0
2015-Q2,altin_sdr,B,yukumluluk,0.0,0.0,0.0
2015-Q2,altin_sdr,K,varlik,54282982.68,-1328362.4504,1182717.290399996
2015-Q2,altin_sdr,K,yukumluluk,4039342.0,0.0,164664.0
2015-Q2,altin_sdr,D,varlik,4039342.0,0.0,164664.0
2015-Q2,altin_sdr,D,yukumluluk,3642682.68,-84.8819,148495.72190000032
2015-Q2,altin_sdr,U,varlik,0.0,,0.0
2015-Q2,altin_sdr,U,yukumluluk,50640300.0,,-294056.0
2015-Q2,para_mevduat,H,varlik,720876302.8304,28142533.0374,8874134.78909994
2015-Q2,para_mevduat,H,yukumluluk,0.0,0.0,0.0
2015-Q2,para_mevduat,F,varlik,379007149.9878,9650641.0648,9681164.716699982
2015-Q2,para_mevduat,F,yukumluluk,0.0,0.0,0.0
2015-Q2,para_mevduat,B,varlik,59912534.065000005,4986351.6524,1904427.7592000011
2015-Q2,para_mevduat,B,yukumluluk,870534424.484,39954013.809599996,11439437.029299855
2015-Q2,para_mevduat,K,varlik,93980511.0445,21743576.1868,2007946.5392999984
2015-Q2,para_mevduat,K,yukumluluk,377339053.94030005,18799044.0594,7495547.840300046
2015-Q2,para_mevduat,D,varlik,148158787.8999,9360305.8363,4431930.072799996
2015-Q2,para_mevduat,D,yukumluluk,154061807.2782,15130350.125,7964618.665099993
2015-Q2,para_mevduat,U,varlik,0.0,,-0.0010004043579101562
2015-Q2,para_mevduat,U,yukumluluk,0.12510013580322266,,0.12510013580322266
2015-Q2,borclanma_senedi,H,varlik,22279999.2194,28157.0221,395630.4962000006
2015-Q2,borclanma_senedi,H,yukumluluk,0.0,0.0,0.0
2015-Q2,borclanma_senedi,F,varlik,30679931.5671,-794186.9638,16810.038999998942
2015-Q2,borclanma_senedi,F,yukumluluk,26147836.0869,1436253.8945,1251272.5124
2015-Q2,borclanma_senedi,B,varlik,342251951.55289996,35595694.7187,-15055392.516099997
2015-Q2,borclanma_senedi,B,yukumluluk,121065562.9272,103304.6236,3501466.8972000093
2015-Q2,borclanma_senedi,K,varlik,255720370.5786,-12336871.0695,8227287.314999998
2015-Q2,borclanma_senedi,K,yukumluluk,572315819.8879,8405097.8,4624618.23030002
2015-Q2,borclanma_senedi,D,varlik,319798346.984,-2433227.3894,15793022.305699999
2015-Q2,borclanma_senedi,D,yukumluluk,251201381.0,10114910.0,0.0
2015-Q2,borclanma_senedi,U,varlik,0.0,,0.0
2015-Q2,borclanma_senedi,U,yukumluluk,0.0,,-0.00010001659393310547
2015-Q2,kredi,H,varlik,531303.109,60669.8191,1.4717000000164262
2015-Q2,kredi,H,yukumluluk,403384783.1503,11490120.2047,9992.00710003823
2015-Q2,kredi,F,varlik,14206626.0267,-142140.4484,1065512.3073999994
2015-Q2,kredi,F,yukumluluk,1296576735.3386,64846741.0402,31831045.366399996
2015-Q2,kredi,B,varlik,1403137880.1744,49389920.15539999,13919258.27140002
2015-Q2,kredi,B,yukumluluk,332190625.3898,5081401.9863,24609333.952500038
2015-Q2,kredi,K,varlik,152729360.9329,18718412.4404,837251.5387000181
2015-Q2,kredi,K,yukumluluk,87781297.2925,-613545.0713999999,3210716.200000001
2015-Q2,kredi,D,varlik,590889532.9142,14674878.0,46395880.69429994
2015-Q2,kredi,D,yukumluluk,41561262.1122,1897021.5902,2556817.100000001
2015-Q2,kredi,U,varlik,0.12620019912719727,,0.12600040435791016
2015-Q2,kredi,U,yukumluluk,0.0,,0.0
2015-Q2,hisse_ozkaynak,H,varlik,129199943.57,-5752698.195,5805699.150599994
2015-Q2,hisse_ozkaynak,H,yukumluluk,24138437.2701,2802146.2378,2.3283064365386963e-09
2015-Q2,hisse_ozkaynak,F,varlik,111094529.0743,7020184.1218,2045040.675900003
2015-Q2,hisse_ozkaynak,F,yukumluluk,478192594.8648,-2362612.9072,78369117.98009999
2015-Q2,hisse_ozkaynak,B,varlik,24015108.0926,895907.1466,202212.80889999925
2015-Q2,hisse_ozkaynak,B,yukumluluk,276442061.954,-1137082.3891,-6756741.780399993
2015-Q2,hisse_ozkaynak,K,varlik,134404195.352,2152141.8682,2215396.5641000015
2015-Q2,hisse_ozkaynak,K,yukumluluk,45808668.0,0.0,3930445.0
2015-Q2,hisse_ozkaynak,D,varlik,523235486.0,4804198.0,65274472.0
2015-Q2,hisse_ozkaynak,D,yukumluluk,97367500.0,9817282.0,0.0
2015-Q2,hisse_ozkaynak,U,varlik,0.0,,0.0
2015-Q2,hisse_ozkaynak,U,yukumluluk,0.0,,-0.00010001659393310547
2015-Q2,sigorta_emeklilik,H,varlik,60582675.6906,2962553.3509,274.66430000402033
2015-Q2,sigorta_emeklilik,H,yukumluluk,0.0,0.0,0.0
2015-Q2,sigorta_emeklilik,F,varlik,11195646.2132,507644.4335,-6.402842700481415e-10
2015-Q2,sigorta_emeklilik,F,yukumluluk,0.0,0.0,0.0
2015-Q2,sigorta_emeklilik,B,varlik,0.0,0.0,0.0
2015-Q2,sigorta_emeklilik,B,yukumluluk,70165993.0833,3306712.9844,-3.259629011154175e-09
2015-Q2,sigorta_emeklilik,K,varlik,0.0,0.0,0.0
2015-Q2,sigorta_emeklilik,K,yukumluluk,1612328.8205,163484.8,274.6642999998876
2015-Q2,sigorta_emeklilik,D,varlik,0.0,0.0,0.0
2015-Q2,sigorta_emeklilik,D,yukumluluk,0.0,0.0,0.0
2015-Q2,sigorta_emeklilik,U,varlik,0.0,,0.0
2015-Q2,sigorta_emeklilik,U,yukumluluk,0.0,,0.0
2015-Q2,turev,H,varlik,350138.0,55628.1944,117225.80559999999
2015-Q2,turev,H,yukumluluk,256377.0,-59334.1798,-55424.8202
2015-Q2,turev,F,varlik,1717043.0,-589265.2961,121485.29610000004
2015-Q2,turev,F,yukumluluk,1583116.0,-80117.2424,158285.2424
2015-Q2,turev,B,varlik,13512055.41,-1680460.4313,163344.2863000005
2015-Q2,turev,B,yukumluluk,9662244.41,-2054233.6585,87960.51350000035
2015-Q2,turev,K,varlik,0.0,0.0,0.0
2015-Q2,turev,K,yukumluluk,0.0,0.0,0.0
2015-Q2,turev,D,varlik,7493949.0,-1298957.1651,-182961.8348999999
2015-Q2,turev,D,yukumluluk,11571448.0,-1319369.6173,28272.61730000004
2015-Q2,turev,U,varlik,0.0,,0.0
2015-Q2,turev,U,yukumluluk,0.0,,0.0
2015-Q2,diger,H,varlik,20583517.7186,1293596.9927,6752.440900000976
2015-Q2,diger,H,yukumluluk,10160925.8151,764802.402,9020.85949999909
2015-Q2,diger,F,varlik,109590954.1995,4687954.6494,2875913.3336999966
2015-Q2,diger,F,yukumluluk,208887812.5101,2176561.7431,7597030.190700011
2015-Q2,diger,B,varlik,31264708.2992,-883661.6653,385614.29859999893
2015-Q2,diger,B,yukumluluk,76439542.957,6502817.5312,698396.7368999934
2015-Q2,diger,K,varlik,133396991.3991,3686786.4,733119.1477000029
2015-Q2,diger,K,yukumluluk,53961417.8322,4053895.932,74498.0309999995
2015-Q2,diger,D,varlik,86852979.8962,3755277.0883,6717503.570200001
2015-Q2,diger,D,yukumluluk,32239452.3983,-958124.1433,2339956.9732000004
2015-Q2,diger,U,varlik,0.00010001659393310547,,9.995698928833008e-05
2015-Q2,diger,U,yukumluluk,0.0,,0.0
2015-Q3,altin_sdr,H,varlik,0.0,0.0,0.0
2015-Q3,altin_sdr,H,yukumluluk,0.0,0.0,0.0
2015-Q3,altin_sdr,F,varlik,0.0,0.0,0.0
2015-Q3,altin_sdr,F,yukumluluk,0.0,0.0,0.0
2015-Q3,altin_sdr,B,varlik,0.0,0.0,0.0
2015-Q3,altin_sdr,B,yukumluluk,0.0,0.0,0.0
2015-Q3,altin_sdr,K,varlik,59344628.06,360740.0818,4700905.298200003
2015-Q3,altin_sdr,K,yukumluluk,4584863.0,0.0,545521.0
2015-Q3,altin_sdr,D,varlik,4584863.0,0.0,545521.0
2015-Q3,altin_sdr,D,yukumluluk,4134613.06,-19.7203,491950.1002999999
2015-Q3,altin_sdr,U,varlik,0.0,,0.0
2015-Q3,altin_sdr,U,yukumluluk,55210015.0,,4569715.0
2015-Q3,para_mevduat,H,varlik,771970686.2703,15787565.844299998,35306817.59560004
2015-Q3,para_mevduat,H,yukumluluk,0.0,0.0,0.0
2015-Q3,para_mevduat,F,varlik,416701755.7717,13222294.5353,24472311.24860002
2015-Q3,para_mevduat,F,yukumluluk,0.0,0.0,0.0
2015-Q3,para_mevduat,B,varlik,80185934.0786,15317076.019799998,4956323.993800001
2015-Q3,para_mevduat,B,yukumluluk,930440057.3796,24486509.796400003,35419123.09920008
2015-Q3,para_mevduat,K,varlik,113182014.01359999,14107782.6937,5093720.275399998
2015-Q3,para_mevduat,K,yukumluluk,417896377.8844,5399303.334399999,35158020.609699965
2015-Q3,para_mevduat,D,varlik,167234027.3489,3604159.7007,15471079.748300001
2015-Q3,para_mevduat,D,yukumluluk,200937982.2115,32153065.7806,14723109.152699988
2015-Q3,para_mevduat,U,varlik,0.0,,0.0
2015-Q3,para_mevduat,U,yukumluluk,0.007600307464599609,,-0.11749982833862305
2015-Q3,borclanma_senedi,H,varlik,22906319.0732,-297850.895,924170.7487999988
2015-Q3,borclanma_senedi,H,yukumluluk,0.0,0.0,0.0
2015-Q3,borclanma_senedi,F,varlik,31837497.3911,1078615.0939,78950.73010000098
2015-Q3,borclanma_senedi,F,yukumluluk,27935763.4643,-186692.365,1974619.7423999996
2015-Q3,borclanma_senedi,B,varlik,365239469.78620005,32427462.2804,-9439944.04709991
2015-Q3,borclanma_senedi,B,yukumluluk,125362843.2003,-4367251.4043,8664531.67739999
2015-Q3,borclanma_senedi,K,varlik,274765387.7976,-13845166.954599999,32890184.17359998
2015-Q3,borclanma_senedi,K,yukumluluk,598449013.7947,4978041.6188,21155152.288000032
2015-Q3,borclanma_senedi,D,varlik,315644548.4112,-11494740.6752,7340942.10239996
2015-Q3,borclanma_senedi,D,yukumluluk,258645602.0,7444221.0,0.0
2015-Q3,borclanma_senedi,U,varlik,0.0,,0.0
2015-Q3,borclanma_senedi,U,yukumluluk,0.0,,0.0
2015-Q3,kredi,H,varlik,314668.635,-171800.3492,-44834.12480000005
2015-Q3,kredi,H,yukumluluk,410527968.9546,7105013.583099999,38172.221199951135
2015-Q3,kredi,F,varlik,15295730.5529,-98180.5849,1187285.1111
2015-Q3,kredi,F,yukumluluk,1407509999.9106,38111738.1283,72821526.44370002
2015-Q3,kredi,B,varlik,1486863936.2456,31802344.8403,51923711.23089989
2015-Q3,kredi,B,yukumluluk,358688939.2916,11117677.5195,15380636.382299976
2015-Q3,kredi,K,varlik,167105547.8709,9472374.0595,4903812.878499994
2015-Q3,kredi,K,yukumluluk,98139624.2765,-30857.6742,10389184.658199998
2015-Q3,kredi,D,varlik,649147236.8118,13970676.0,44287027.897600055
2015-Q3,kredi,D,yukumluluk,43860587.6913,-1328157.7087,3627483.287799998
2015-Q3,kredi,U,varlik,0.008400440216064453,,-0.11779975891113281
2015-Q3,kredi,U,yukumluluk,0.0,,0.0
2015-Q3,hisse_ozkaynak,H,varlik,133462956.5428,11034746.0771,-6771733.104299998
2015-Q3,hisse_ozkaynak,H,yukumluluk,27118665.4474,2980228.1773,-1.3969838619232178e-09
2015-Q3,hisse_ozkaynak,F,varlik,114212154.0656,6964521.7908,-3846896.799500013
2015-Q3,hisse_ozkaynak,F,yukumluluk,449703461.7813,6166397.6099,-34655530.693399966
2015-Q3,hisse_ozkaynak,B,varlik,26222922.8937,1297586.6648000001,910228.1363000006
2015-Q3,hisse_ozkaynak,B,yukumluluk,262076581.61619997,12283360.4911,-26648840.828900024
2015-Q3,hisse_ozkaynak,K,varlik,137845544.3428,2118327.7456,1323021.2451999933
2015-Q3,hisse_ozkaynak,K,yukumluluk,55960613.0,0.0,10151945.0
2015-Q3,hisse_ozkaynak,D,varlik,493923744.0,13455304.0,-42767046.0
2015-Q3,hisse_ozkaynak,D,yukumluluk,110808000.0,13440500.0,0.0
2015-Q3,hisse_ozkaynak,U,varlik,0.0,,0.0
2015-Q3,hisse_ozkaynak,U,yukumluluk,1.1920928955078125e-07,,1.1920928955078125e-07
2015-Q3,sigorta_emeklilik,H,varlik,62807056.1839,2224385.2006,-4.707300001755357
2015-Q3,sigorta_emeklilik,H,yukumluluk,0.0,0.0,0.0
2015-Q3,sigorta_emeklilik,F,varlik,11627833.756,432187.5428,-5.820766091346741e-11
2015-Q3,sigorta_emeklilik,F,yukumluluk,0.0,0.0,0.0
2015-Q3,sigorta_emeklilik,B,varlik,0.0,0.0,0.0
2015-Q3,sigorta_emeklilik,B,yukumluluk,72829196.3156,2663203.2322,9.999843314290047e-05
2015-Q3,sigorta_emeklilik,K,varlik,0.0,0.0,0.0
2015-Q3,sigorta_emeklilik,K,yukumluluk,1605693.6244,-6630.4888,-4.7072999998263185
2015-Q3,sigorta_emeklilik,D,varlik,0.0,0.0,0.0
2015-Q3,sigorta_emeklilik,D,yukumluluk,0.0,0.0,0.0
2015-Q3,sigorta_emeklilik,U,varlik,0.00010000169277191162,,0.00010000169277191162
2015-Q3,sigorta_emeklilik,U,yukumluluk,0.0,,0.0
2015-Q3,turev,H,varlik,199564.0,-67490.0718,-83083.9282
2015-Q3,turev,H,yukumluluk,446840.0,129233.0374,61229.9626
2015-Q3,turev,F,varlik,2318955.0,407339.3018,194572.69819999998
2015-Q3,turev,F,yukumluluk,3473770.0,1279839.6996,610814.3004000001
2015-Q3,turev,B,varlik,22739287.568,8483589.5978,743642.5602000002
2015-Q3,turev,B,yukumluluk,14738815.568,4172496.3552,904074.8027999997
2015-Q3,turev,K,varlik,0.0,0.0,0.0
2015-Q3,turev,K,yukumluluk,0.0,0.0,0.0
2015-Q3,turev,D,varlik,11891814.0,3549915.9398,847949.0602000002
2015-Q3,turev,D,yukumluluk,18490195.0,6791785.6754,126961.32459999993
2015-Q3,turev,U,varlik,0.0,,0.0
2015-Q3,turev,U,yukumluluk,0.0,,0.0
2015-Q3,diger,H,varlik,20403232.8504,-257455.03919999997,77170.1709999996
2015-Q3,diger,H,yukumluluk,10368957.1939,180995.0708,27036.30800000101
2015-Q3,diger,F,varlik,121408709.711,6720684.979,5097070.532500001
2015-Q3,diger,F,yukumluluk,224831564.0221,5900344.5927,10043406.919299994
2015-Q3,diger,B,varlik,39016765.8825,6098232.0624,1653825.5209000017
2015-Q3,diger,B,yukumluluk,86724084.05250001,6625983.778299999,3658557.317200008
2015-Q3,diger,K,varlik,136681585.4452,1475438.3796,1809155.6664999905
2015-Q3,diger,K,yukumluluk,56588370.786400005,2570585.4597,56367.494500007015
2015-Q3,diger,D,varlik,97446399.8168,2489743.1061,8103676.814499997
2015-Q3,diger,D,yukumluluk,36443717.651,1248734.5863,2955530.666400001
2015-Q3,diger,U,varlik,5.960464477539063e-08,,-9.995698928833008e-05
2015-Q3,diger,U,yukumluluk,0.0,,0.0
2015-Q4,altin_sdr,H,varlik,0.0,0.0,0.0
2015-Q4,altin_sdr,H,yukumluluk,0.0,0.0,0.0
2015-Q4,altin_sdr,F,varlik,0.0,0.0,0.0
2015-Q4,altin_sdr,F,yukumluluk,0.0,0.0,0.0
2015-Q4,altin_sdr,B,varlik,0.0,0.0,0.0
2015-Q4,altin_sdr,B,yukumluluk,0.0,0.0,0.0
2015-Q4,altin_sdr,K,varlik,55091688.07,1085268.556,-5338208.546000002
2015-Q4,altin_sdr,K,yukumluluk,4324958.0,0.0,-259905.0
2015-Q4,altin_sdr,D,varlik,4324958.0,0.0,-259905.0
2015-Q4,altin_sdr,D,yukumluluk,3900212.07,-19.9233,-234381.06670000023
2015-Q4,altin_sdr,U,varlik,0.0,,0.0
2015-Q4,altin_sdr,U,yukumluluk,51191476.0,,-4018539.0
2015-Q4,para_mevduat,H,varlik,761700600.4524,5571948.5843,-15842034.402200062
2015-Q4,para_mevduat,H,yukumluluk,0.0,0.0,0.0
2015-Q4,para_mevduat,F,varlik,409170154.5865,2406021.0858,-9937622.271000035
2015-Q4,para_mevduat,F,yukumluluk,0.0,0.0,0.0
2015-Q4,para_mevduat,B,varlik,47464630.0208,-29935422.531099997,-2785881.526700005
2015-Q4,para_mevduat,B,yukumluluk,915922661.9164999,5451131.0516,-19968526.514700197
2015-Q4,para_mevduat,K,varlik,104663204.23179999,-5067157.2774,-3451652.504400002
2015-Q4,para_mevduat,K,yukumluluk,382875485.1274,-21294319.3415,-13726573.41550003
2015-Q4,para_mevduat,D,varlik,129041683.5577,-31455353.4156,-6736990.375599995
2015-Q4,para_mevduat,D,yukumluluk,153242125.3368,-42636775.7452,-5059081.129499979
2015-Q4,para_mevduat,U,varlik,0.0,,0.0
2015-Q4,para_mevduat,U,yukumluluk,0.46850013732910156,,0.46089982986450195
2015-Q4,borclanma_senedi,H,varlik,22997673.8871,95991.8905,-4637.076599998647
2015-Q4,borclanma_senedi,H,yukumluluk,0.0,0.0,0.0
2015-Q4,borclanma_senedi,F,varlik,31795955.747,-10323.4933,-31218.150799999217
2015-Q4,borclanma_senedi,F,yukumluluk,29976096.0131,1564209.8703,476122.678499999
2015-Q4,borclanma_senedi,B,varlik,333550967.50390005,-2840769.6841,-28847732.598199993
2015-Q4,borclanma_senedi,B,yukumluluk,117197629.9195,-2917658.8757,-5247554.405099999
2015-Q4,borclanma_senedi,K,varlik,250858680.5092,-11045211.2774,-12861496.010999965
2015-Q4,borclanma_senedi,K,yukumluluk,556238224.4518,-4337902.0193,-37872887.32360004
2015-Q4,borclanma_senedi,D,varlik,309515004.7627,-5230308.4603,-899235.1881999653
2015-Q4,borclanma_senedi,D,yukumluluk,245306332.0,-13339270.0,0.0
2015-Q4,borclanma_senedi,U,varlik,0.0,,0.0
2015-Q4,borclanma_senedi,U,yukumluluk,0.025500178337097168,,0.025500178337097168
2015-Q4,kredi,H,varlik,397085.3401,30006.0059,52410.69919999996
2015-Q4,kredi,H,yukumluluk,416856816.375,6344303.2196,-15455.799199976958
2015-Q4,kredi,F,varlik,11783199.0578,374862.8733,-3887394.368399999
2015-Q4,kredi,F,yukumluluk,1410035443.697,30115974.6627,-27590530.87629992
2015-Q4,kredi,B,varlik,1482962988.9978,18101022.8786,-22001970.126399875
2015-Q4,kredi,B,yukumluluk,349749159.3595,-11909829.3333,2970049.401200002
2015-Q4,kredi,K,varlik,168482590.5552,2361736.2309999997,-984693.5466999942
2015-Q4,kredi,K,yukumluluk,97364644.577,4121074.4959,-4896054.195399994
2015-Q4,kredi,D,varlik,650365668.0,9325987.0,-8107555.811800003
2015-Q4,kredi,D,yukumluluk,39985468.432,1522092.425,-5397211.684300001
2015-Q4,kredi,U,varlik,0.48960018157958984,,0.4811997413635254
2015-Q4,kredi,U,yukumluluk,0.0,,0.0
2015-Q4,hisse_ozkaynak,H,varlik,133375547.43460001,-1441075.5817,1353666.4735000161
2015-Q4,hisse_ozkaynak,H,yukumluluk,29887864.2465,2769198.799,0.0001000002957880497
2015-Q4,hisse_ozkaynak,F,varlik,97679524.0743,-16025638.3823,-506991.6089999862
2015-Q4,hisse_ozkaynak,F,yukumluluk,468979908.5594,10861784.3981,8414662.380000014
2015-Q4,hisse_ozkaynak,B,varlik,27479159.3221,1365910.5219,-109674.09350000136
2015-Q4,hisse_ozkaynak,B,yukumluluk,266401732.3984,-1354108.9986,5679259.780800039
2015-Q4,hisse_ozkaynak,K,varlik,149502437.3733,4880171.6407,6776721.389799994
2015-Q4,hisse_ozkaynak,K,yukumluluk,46427369.0,0.0,-9533244.0
2015-Q4,hisse_ozkaynak,D,varlik,494492328.0,3521628.0,-2953044.0
2015-Q4,hisse_ozkaynak,D,yukumluluk,90832122.0,-19975878.0,0.0
2015-Q4,hisse_ozkaynak,U,varlik,0.0,,0.0
2015-Q4,hisse_ozkaynak,U,yukumluluk,0.0,,-1.1920928955078125e-07
2015-Q4,sigorta_emeklilik,H,varlik,66187447.4957,3380163.0989,228.21290000295267
2015-Q4,sigorta_emeklilik,H,yukumluluk,0.0,0.0,0.0
2015-Q4,sigorta_emeklilik,F,varlik,12529693.7024,901859.9464,1.6298145055770874e-09
2015-Q4,sigorta_emeklilik,F,yukumluluk,0.0,0.0,0.0
2015-Q4,sigorta_emeklilik,B,varlik,0.0,0.0,0.0
2015-Q4,sigorta_emeklilik,B,yukumluluk,76570003.9091,3740807.5936,-9.999657049775124e-05
2015-Q4,sigorta_emeklilik,K,varlik,0.0,0.0,0.0
2015-Q4,sigorta_emeklilik,K,yukumluluk,2147137.2889,541215.4517,228.21279999997932
2015-Q4,sigorta_emeklilik,D,varlik,0.0,0.0,0.0
2015-Q4,sigorta_emeklilik,D,yukumluluk,0.0,0.0,0.0
2015-Q4,sigorta_emeklilik,U,varlik,0.0,,-0.00010000169277191162
2015-Q4,sigorta_emeklilik,U,yukumluluk,0.00010000169277191162,,0.00010000169277191162
2015-Q4,turev,H,varlik,170546.0,-78852.6602,49834.6602
2015-Q4,turev,H,yukumluluk,166859.0,-167367.8789,-112613.12109999999
2015-Q4,turev,F,varlik,1251670.0,-991403.8782,-75881.12179999996
2015-Q4,turev,F,yukumluluk,1953642.0,-1419309.5826,-100818.41739999992
2015-Q4,turev,B,varlik,13481997.345,-9012593.5631,-244696.65989999846
2015-Q4,turev,B,yukumluluk,9276781.345,-5033334.4771,-428699.7458999995
2015-Q4,turev,K,varlik,0.0,0.0,0.0
2015-Q4,turev,K,yukumluluk,0.0,0.0,0.0
2015-Q4,turev,D,varlik,7743164.0,-3729458.544,-419191.4559999998
2015-Q4,turev,D,yukumluluk,11250095.0,-7192296.7069,-47803.29310000036
2015-Q4,turev,U,varlik,0.0,,0.0
2015-Q4,turev,U,yukumluluk,0.0,,0.0
2015-Q4,diger,H,varlik,22148100.6875,1779077.182,-34209.34490000084
2015-Q4,diger,H,yukumluluk,10862208.7948,508405.8062,-15154.20530000003
2015-Q4,diger,F,varlik,116185677.3027,-5981188.3699,758155.9616000028
2015-Q4,diger,F,yukumluluk,218601097.4894,-5342723.8956,-887742.6371000018
2015-Q4,diger,B,varlik,36668794.7564,-2310547.7204,-37423.40570000373
2015-Q4,diger,B,yukumluluk,79321620.1531,-5283991.837400001,-2118472.06200001
2015-Q4,diger,K,varlik,147341280.9854,11114325.0842,-454629.54400000535
2015-Q4,diger,K,yukumluluk,74941596.2279,18333729.1464,19496.295099992305
2015-Q4,diger,D,varlik,99727765.8226,3285449.1177,-1004083.111899991
2015-Q4,diger,D,yukumluluk,38345096.8895,-328303.926,2229683.164499999
2015-Q4,diger,U,varlik,0.00010001659393310547,,9.995698928833008e-05
2015-Q4,diger,U,yukumluluk,0.0,,0.0
2016-Q1,altin_sdr,H,varlik,0.0,0.0,0.0
2016-Q1,altin_sdr,H,yukumluluk,0.0,0.0,0.0
2016-Q1,altin_sdr,F,varlik,0.0,0.0,0.0
2016-Q1,altin_sdr,F,yukumluluk,0.0,0.0,0.0
2016-Q1,altin_sdr,B,varlik,0.0,0.0,0.0
2016-Q1,altin_sdr,B,yukumluluk,0.0,0.0,0.0
2016-Q1,altin_sdr,K,varlik,57325343.64,-4517710.9116,6751366.4816000005
2016-Q1,altin_sdr,K,yukumluluk,4273856.0,0.0,-51102.0
2016-Q1,altin_sdr,D,varlik,4273856.0,0.0,-51102.0
2016-Q1,altin_sdr,D,yukumluluk,3854107.64,-21.1516,-46083.278399999705
2016-Q1,altin_sdr,U,varlik,0.0,,0.0
2016-Q1,altin_sdr,U,yukumluluk,53471236.0,,2279760.0
2016-Q1,para_mevduat,H,varlik,787902793.21,29916218.8547,-3714026.09709993
2016-Q1,para_mevduat,H,yukumluluk,0.0,0.0,0.0
2016-Q1,para_mevduat,F,varlik,406454410.8918,-1262052.3656,-1453691.3291000028
2016-Q1,para_mevduat,F,yukumluluk,0.0,0.0,0.0
2016-Q1,para_mevduat,B,varlik,77432216.81809999,14635321.9657,15332264.831599988
2016-Q1,para_mevduat,B,yukumluluk,953622160.5471001,24281840.096499998,13417658.534100216
2016-Q1,para_mevduat,K,varlik,141358077.89139998,38532771.939,-1837898.2794000134
2016-Q1,para_mevduat,K,yukumluluk,395510485.43439996,16661175.8629,-4026175.5559000187
2016-Q1,para_mevduat,D,varlik,141833489.0794,13876232.4246,-1084426.9028999899
2016-Q1,para_mevduat,D,yukumluluk,205848341.9196,54755476.4359,-2149259.853100002
2016-Q1,para_mevduat,U,varlik,0.01040029525756836,,0.01040029525756836
2016-Q1,para_mevduat,U,yukumluluk,0.0,,-0.46850013732910156
2016-Q1,borclanma_senedi,H,varlik,22978841.4977,-182780.3729,163947.98349999837
2016-Q1,borclanma_senedi,H,yukumluluk,0.0,0.0,0.0
2016-Q1,borclanma_senedi,F,varlik,33670295.5992,1891964.1475,-17624.295299998485
2016-Q1,borclanma_senedi,F,yukumluluk,32632681.1173,2972604.4114,-316019.3071999983
2016-Q1,borclanma_senedi,B,varlik,348736428.50460005,-1106235.784099996,16291696.784799993
2016-Q1,borclanma_senedi,B,yukumluluk,115864130.922,-2012614.9385,679115.9410000124
2016-Q1,borclanma_senedi,K,varlik,207113791.474,-40783556.1184,-2961332.9168
2016-Q1,borclanma_senedi,K,yukumluluk,571450018.5227,7021747.044,8190047.026899964
2016-Q1,borclanma_senedi,D,varlik,310254951.916,5663491.0534,-4923543.900100012
2016-Q1,borclanma_senedi,D,yukumluluk,202807478.4084,-42498853.5916,0.0
2016-Q1,borclanma_senedi,U,varlik,0.0,,0.0
2016-Q1,borclanma_senedi,U,yukumluluk,0.021100163459777832,,-0.004400014877319336
2016-Q1,kredi,H,varlik,279071.0786,-116188.43,-1825.8314999999711
2016-Q1,kredi,H,yukumluluk,421412893.7308,4561878.493,-5801.137200026773
2016-Q1,kredi,F,varlik,11185155.2444,-306600.6029,-291443.21050000034
2016-Q1,kredi,F,yukumluluk,1437539522.5273,40598664.3034,-13094585.473100148
2016-Q1,kredi,B,varlik,1497697362.0512,20157739.837300003,-5423366.783900201
2016-Q1,kredi,B,yukumluluk,342021193.2521,-4513475.3046,-3214490.8027999997
2016-Q1,kredi,K,varlik,182317785.7266,14686138.8845,-850943.7131000198
2016-Q1,kredi,K,yukumluluk,96357695.3808,-1710936.0279,703986.831699987
2016-Q1,kredi,D,varlik,646873055.0,6436979.8,-9929592.8
2016-Q1,kredi,D,yukumluluk,41021124.1223,1921938.4479,-886282.7575999973
2016-Q1,kredi,U,varlik,0.0,,-0.48960018157958984
2016-Q1,kredi,U,yukumluluk,0.08750009536743164,,0.08750009536743164
2016-Q1,hisse_ozkaynak,H,varlik,137962818.4127,-3701475.9411,8288746.919199986
2016-Q1,hisse_ozkaynak,H,yukumluluk,25974175.0781,-3913689.1684,-9.313225746154785e-10
2016-Q1,hisse_ozkaynak,F,varlik,101734418.4756,358678.2764,3696216.1248999983
2016-Q1,hisse_ozkaynak,F,yukumluluk,478732628.445,5190150.3659,4562569.519699971
2016-Q1,hisse_ozkaynak,B,varlik,29598615.7507,735416.7093000001,1384039.7193000019
2016-Q1,hisse_ozkaynak,B,yukumluluk,311381442.2904,2484898.5094,42494811.38260002
2016-Q1,hisse_ozkaynak,K,varlik,152044171.3745,1588762.4623,952971.5389000203
2016-Q1,hisse_ozkaynak,K,yukumluluk,43465791.0,0.0,-2961578.0
2016-Q1,hisse_ozkaynak,D,varlik,528912601.0,4646444.4,29773828.6
2016-Q1,hisse_ozkaynak,D,yukumluluk,90698588.2,-133533.8,2.9685907065868378e-09
2016-Q1,hisse_ozkaynak,U,varlik,1.1920928955078125e-07,,1.1920928955078125e-07
2016-Q1,hisse_ozkaynak,U,yukumluluk,0.0,,0.0
2016-Q1,sigorta_emeklilik,H,varlik,73170953.4489,5241271.4567,1742234.4964999976
2016-Q1,sigorta_emeklilik,H,yukumluluk,0.0,0.0,0.0
2016-Q1,sigorta_emeklilik,F,varlik,13923305.1588,1393611.4564,-4.656612873077393e-10
2016-Q1,sigorta_emeklilik,F,yukumluluk,0.0,0.0,0.0
2016-Q1,sigorta_emeklilik,B,varlik,0.0,0.0,0.0
2016-Q1,sigorta_emeklilik,B,yukumluluk,84824444.2955,6512108.585,1742331.8013999993
2016-Q1,sigorta_emeklilik,K,varlik,0.0,0.0,0.0
2016-Q1,sigorta_emeklilik,K,yukumluluk,2269814.3122,122774.3281,-97.30479999999807
2016-Q1,sigorta_emeklilik,D,varlik,0.0,0.0,0.0
2016-Q1,sigorta_emeklilik,D,yukumluluk,0.0,0.0,0.0
2016-Q1,sigorta_emeklilik,U,varlik,0.0,,0.0
2016-Q1,sigorta_emeklilik,U,yukumluluk,1.4901161193847656e-08,,-9.998679161071777e-05
2016-Q1,turev,H,varlik,292480.0,119819.4689,2114.531099999993
2016-Q1,turev,H,yukumluluk,115925.0,-31205.9647,-19728.0353
2016-Q1,turev,F,varlik,1295874.0,435816.725,-391612.725
2016-Q1,turev,F,yukumluluk,2637282.0,525754.7739,157885.22609999997
2016-Q1,turev,B,varlik,14094855.446,795256.0179,-182397.9169000002
2016-Q1,turev,B,yukumluluk,12031436.446,2924024.061,-169368.96000000043
2016-Q1,turev,K,varlik,0.0,0.0,0.0
2016-Q1,turev,K,yukumluluk,0.0,0.0,0.0
2016-Q1,turev,D,varlik,10463202.0,2485060.9408,234977.05920000002
2016-Q1,turev,D,yukumluluk,11361768.0,417380.2823,-305707.2823
2016-Q1,turev,U,varlik,0.0,,0.0
2016-Q1,turev,U,yukumluluk,0.0,,0.0
2016-Q1,diger,H,varlik,23950712.4958,1808254.4838,-5642.675500000361
2016-Q1,diger,H,yukumluluk,12686508.905,1827423.2135,-3123.1033000010066
2016-Q1,diger,F,varlik,117936639.4257,2786540.7532,-1035578.6302000042
2016-Q1,diger,F,yukumluluk,217886675.0722,3304988.4518,-4019410.868999999
2016-Q1,diger,B,varlik,43514149.5578,5538346.955,1307007.8464000057
2016-Q1,diger,B,yukumluluk,87639716.89,5100594.397500001,3217502.339400001
2016-Q1,diger,K,varlik,137940997.6721,-8892177.5053,-508105.80799998343
2016-Q1,diger,K,yukumluluk,64872372.1372,-10069567.5657,343.47499999962747
2016-Q1,diger,D,varlik,96985762.7506,-971506.4558,-1770496.6162000117
2016-Q1,diger,D,yukumluluk,37242988.8976,106019.7339,-1208127.725799997
2016-Q1,diger,U,varlik,5.960464477539063e-08,,-9.995698928833008e-05
2016-Q1,diger,U,yukumluluk,0.0,,0.0
2016-Q2,altin_sdr,H,varlik,0.0,0.0,0.0
2016-Q2,altin_sdr,H,yukumluluk,0.0,0.0,0.0
2016-Q2,altin_sdr,F,varlik,0.0,0.0,0.0
2016-Q2,altin_sdr,F,yukumluluk,0.0,0.0,0.0
2016-Q2,altin_sdr,B,varlik,0.0,0.0,0.0
2016-Q2,altin_sdr,B,yukumluluk,0.0,0.0,0.0
2016-Q2,altin_sdr,K,varlik,62109787.19,-63617.3467,4848060.896699997
2016-Q2,altin_sdr,K,yukumluluk,4328708.0,0.0,54852.0
2016-Q2,altin_sdr,D,varlik,4328708.0,0.0,54852.0
2016-Q2,altin_sdr,D,yukumluluk,3903402.19,-172.4763,49467.026299999816
2016-Q2,altin_sdr,U,varlik,0.0,,0.0
2016-Q2,altin_sdr,U,yukumluluk,58206385.0,,4735149.0
2016-Q2,para_mevduat,H,varlik,819494502.4632001,27678280.845200002,3913428.408000052
2016-Q2,para_mevduat,H,yukumluluk,0.0,0.0,0.0
2016-Q2,para_mevduat,F,varlik,410848799.4102,764695.566,3629692.9524000133
2016-Q2,para_mevduat,F,yukumluluk,0.0,0.0,0.0
2016-Q2,para_mevduat,B,varlik,73100688.40129998,2580615.4284,-6912143.845200008
2016-Q2,para_mevduat,B,yukumluluk,966650686.4361999,22054795.484899998,-9026269.595800161
2016-Q2,para_mevduat,K,varlik,148875065.5736,7493983.069200001,23004.613000013866
2016-Q2,para_mevduat,K,yukumluluk,431216074.47,27324258.051799998,8381330.9838000685
2016-Q2,para_mevduat,D,varlik,144136501.4254,1191795.4802,1111216.8657999858
2016-Q2,para_mevduat,D,yukumluluk,198588796.7661,-9669682.7596,2410137.60609998
2016-Q2,para_mevduat,U,varlik,0.39859962463378906,,0.3881993293762207
2016-Q2,para_mevduat,U,yukumluluk,0.0,,0.0
2016-Q2,borclanma_senedi,H,varlik,22316509.1248,-583077.4616,-79254.91129999794
2016-Q2,borclanma_senedi,H,yukumluluk,0.0,0.0,0.0
2016-Q2,borclanma_senedi,F,varlik,34229260.5381,544660.4157,14304.523199993884
2016-Q2,borclanma_senedi,F,yukumluluk,33059234.2609,454012.1898,-27459.046200001787
2016-Q2,borclanma_senedi,B,varlik,360496958.04620004,2361707.076699998,9398822.46489999
2016-Q2,borclanma_senedi,B,yukumluluk,122424245.4423,3158039.814,3402074.706300001
2016-Q2,borclanma_senedi,K,varlik,232995091.4239,22549236.2085,3332063.7413999997
2016-Q2,borclanma_senedi,K,yukumluluk,601632231.7409,14801275.06,15380938.158200087
2016-Q2,borclanma_senedi,D,varlik,334074253.8406,17729683.9246,6089618.000000004
2016-Q2,borclanma_senedi,D,yukumluluk,226996361.5085,24188883.1001,1.1175870895385742e-08
2016-Q2,borclanma_senedi,U,varlik,0.0,,0.0
2016-Q2,borclanma_senedi,U,yukumluluk,0.021000027656555176,,-0.00010013580322265625
2016-Q2,kredi,H,varlik,409144.38800000004,116582.6759,13490.633500000025
2016-Q2,kredi,H,yukumluluk,432338440.3642,10919505.002600001,6041.630800021812
2016-Q2,kredi,F,varlik,11694428.319,261348.7464,247924.32819999993
2016-Q2,kredi,F,yukumluluk,1502542246.1733,57838205.3304,7164518.315600149
2016-Q2,kredi,B,varlik,1558956761.967,55736299.1393,5523100.776500091
2016-Q2,kredi,B,yukumluluk,352344022.9853,5970220.158,4352609.575200014
2016-Q2,kredi,K,varlik,183760005.6417,627153.4837,815066.4314000083
2016-Q2,kredi,K,yukumluluk,98720190.3022,1103279.6318,1259215.2896000105
2016-Q2,kredi,D,varlik,672088090.0,18249819.0,6965216.0
2016-Q2,kredi,D,yukumluluk,40963530.0149,-840007.4657,782413.3582999998
2016-Q2,kredi,U,varlik,0.0,,0.0
2016-Q2,kredi,U,yukumluluk,0.4758000373840332,,0.38829994201660156
2016-Q2,hisse_ozkaynak,H,varlik,135972460.2493,611909.2054,-2602267.3687999942
2016-Q2,hisse_ozkaynak,H,yukumluluk,29294011.0692,3319835.9911,1.862645149230957e-09
2016-Q2,hisse_ozkaynak,F,varlik,105106370.2104,3367009.0077,4942.72709999606
2016-Q2,hisse_ozkaynak,F,yukumluluk,439898837.3837,-5123365.245,-33710425.81629998
2016-Q2,hisse_ozkaynak,B,varlik,29369450.1953,-920549.2603000001,691383.7049000011
2016-Q2,hisse_ozkaynak,B,yukumluluk,305313986.6845,2397252.4955,-8464708.10140005
2016-Q2,hisse_ozkaynak,K,varlik,154640380.4824,-470126.9112,3066336.0190999936
2016-Q2,hisse_ozkaynak,K,yukumluluk,50055116.0,0.0,6589325.0
2016-Q2,hisse_ozkaynak,D,varlik,494344398.0,2178001.0,-36746204.0
2016-Q2,hisse_ozkaynak,D,yukumluluk,94871108.0,4172519.8,-2.7939677238464355e-09
2016-Q2,hisse_ozkaynak,U,varlik,0.0,,-1.1920928955078125e-07
2016-Q2,hisse_ozkaynak,U,yukumluluk,0.0,,0.0
2016-Q2,sigorta_emeklilik,H,varlik,80748754.3076,4312181.2898,3265619.568900007
2016-Q2,sigorta_emeklilik,H,yukumluluk,0.0,0.0,0.0
2016-Q2,sigorta_emeklilik,F,varlik,14856572.3976,933267.2388,3.4924596548080444e-10
2016-Q2,sigorta_emeklilik,F,yukumluluk,0.0,0.0,0.0
2016-Q2,sigorta_emeklilik,B,varlik,0.0,0.0,0.0
2016-Q2,sigorta_emeklilik,B,yukumluluk,89877703.978,5053259.6825,4.6566128730773926e-09
2016-Q2,sigorta_emeklilik,K,varlik,0.0,0.0,0.0
2016-Q2,sigorta_emeklilik,K,yukumluluk,5727622.7272,192188.8461,3265619.5688999994
2016-Q2,sigorta_emeklilik,D,varlik,0.0,0.0,0.0
2016-Q2,sigorta_emeklilik,D,yukumluluk,0.0,0.0,0.0
2016-Q2,sigorta_emeklilik,U,varlik,0.0,,0.0
2016-Q2,sigorta_emeklilik,U,yukumluluk,0.0,,-1.4901161193847656e-08
2016-Q2,turev,H,varlik,407667.0,132763.486,-17576.486000000004
2016-Q2,turev,H,yukumluluk,127505.0,-9469.3725,21049.372499999998
2016-Q2,turev,F,varlik,1640887.0,169814.5972,175198.4028
2016-Q2,turev,F,yukumluluk,2650013.0,-461282.5196,474013.5196
2016-Q2,turev,B,varlik,12834526.777,-1370038.0146,109709.34560000035
2016-Q2,turev,B,yukumluluk,13113179.777,959040.2804,122703.05060000019
2016-Q2,turev,K,varlik,0.0,0.0,0.0
2016-Q2,turev,K,yukumluluk,0.0,0.0,0.0
2016-Q2,turev,D,varlik,11126495.0,708824.8414,-45531.841400000034
2016-Q2,turev,D,yukumluluk,10118878.0,-846923.4784,-395966.5216
2016-Q2,turev,U,varlik,0.0,,0.0
2016-Q2,turev,U,yukumluluk,0.0,,0.0
2016-Q2,diger,H,varlik,24012923.9936,55762.9548,6448.543000000012
2016-Q2,diger,H,yukumluluk,12971714.379,284274.1931,931.2809000013513
2016-Q2,diger,F,varlik,129239914.2763,9711658.5136,1591616.337000005
2016-Q2,diger,F,yukumluluk,234763923.0729,16518552.3079,358695.6927999966
2016-Q2,diger,B,varlik,47609895.2819,5437480.8031,-1341735.078999999
2016-Q2,diger,B,yukumluluk,96371989.24769999,7728880.7478,1003391.6098999903
2016-Q2,diger,K,varlik,145701943.087,7712765.6244,48179.790500004776
2016-Q2,diger,K,yukumluluk,67682315.5412,2838102.3998,-28158.995800000615
2016-Q2,diger,D,varlik,105768759.4753,7108196.0634,1674800.6613000035
2016-Q2,diger,D,yukumluluk,40543493.8733,2656054.3107,644450.6649999986
2016-Q2,diger,U,varlik,0.0,,-5.960464477539063e-08
2016-Q2,diger,U,yukumluluk,5.960464477539063e-08,,5.960464477539063e-08
2016-Q3,altin_sdr,H,varlik,0.0,0.0,0.0
2016-Q3,altin_sdr,H,yukumluluk,0.0,0.0,0.0
2016-Q3,altin_sdr,F,varlik,0.0,0.0,0.0
2016-Q3,altin_sdr,F,yukumluluk,0.0,0.0,0.0
2016-Q3,altin_sdr,B,varlik,0.0,0.0,0.0
2016-Q3,altin_sdr,B,yukumluluk,0.0,0.0,0.0
2016-Q3,altin_sdr,K,varlik,60485996.95,-4074484.0628,2450693.8228000053
2016-Q3,altin_sdr,K,yukumluluk,4491657.0,0.0,162949.0
2016-Q3,altin_sdr,D,varlik,4491657.0,0.0,162949.0
2016-Q3,altin_sdr,D,yukumluluk,4050322.95,0.0,146920.76000000024
2016-Q3,altin_sdr,U,varlik,0.0,,0.0
2016-Q3,altin_sdr,U,yukumluluk,56435674.0,,-1770711.0
2016-Q3,para_mevduat,H,varlik,836985323.8528,8372659.218900001,9118162.170699919
2016-Q3,para_mevduat,H,yukumluluk,0.0,0.0,0.0
2016-Q3,para_mevduat,F,varlik,425384361.0765,6711228.1832,7824333.483099999
2016-Q3,para_mevduat,F,yukumluluk,0.0,0.0,0.0
2016-Q3,para_mevduat,B,varlik,84906695.9449,18037761.125099998,-6231753.581499975
2016-Q3,para_mevduat,B,yukumluluk,1011419978.1022,64258333.7081,-19489042.04209987
2016-Q3,para_mevduat,K,varlik,104016055.1481,-47867898.512099996,3008888.0866000056
2016-Q3,para_mevduat,K,yukumluluk,419778508.3165,-41630267.3911,30192701.237599976
2016-Q3,para_mevduat,D,varlik,146436520.1867,-1743826.0515,4043844.8127999976
2016-Q3,para_mevduat,D,yukumluluk,166530469.5718,-39118141.9707,7059814.776400007
2016-Q3,para_mevduat,U,varlik,0.0,,-0.39859962463378906
2016-Q3,para_mevduat,U,yukumluluk,0.21850013732910156,,0.21850013732910156
2016-Q3,borclanma_senedi,H,varlik,21695707.9503,-550289.6434,-70511.53109999979
2016-Q3,borclanma_senedi,H,yukumluluk,0.0,0.0,0.0
2016-Q3,borclanma_senedi,F,varlik,33440624.5645,-813835.3022,25199.328600003617
2016-Q3,borclanma_senedi,F,yukumluluk,34299227.9431,-113551.5459,1353545.2280999997
2016-Q3,borclanma_senedi,B,varlik,357215029.32939994,14838674.684100002,-18120603.400900096
2016-Q3,borclanma_senedi,B,yukumluluk,125116926.2416,185261.9353,2507418.864
2016-Q3,borclanma_senedi,K,varlik,276563396.0967,34539819.3322,9028485.340600006
2016-Q3,borclanma_senedi,K,yukumluluk,605250047.8859,4295425.3,-677609.1550000189
2016-Q3,borclanma_senedi,D,varlik,344244719.6325,-2150319.4081,12320785.199999979
2016-Q3,borclanma_senedi,D,yukumluluk,268493275.4817,41496913.9731,9.99942421913147e-05
2016-Q3,borclanma_senedi,U,varlik,0.0,,0.0
2016-Q3,borclanma_senedi,U,yukumluluk,0.02110004425048828,,0.00010001659393310547
2016-Q3,kredi,H,varlik,409241.24840000004,4118.6324,-4021.7719999999954
2016-Q3,kredi,H,yukumluluk,439614006.4834,7264451.4688,11114.650399991311
2016-Q3,kredi,F,varlik,12027394.1949,-172778.9259,505744.80180000036
2016-Q3,kredi,F,yukumluluk,1550687194.7166,-28540612.5798,76685561.12309991
2016-Q3,kredi,B,varlik,1612695399.6806,9802927.286600001,43935710.42699992
2016-Q3,kredi,B,yukumluluk,358720103.8461,17056900.9679,-10680820.107100032
2016-Q3,kredi,K,varlik,177761715.4584,-7824208.573500001,1825918.3902000124
2016-Q3,kredi,K,yukumluluk,103558162.1474,1391375.8418,3446596.003400002
2016-Q3,kredi,D,varlik,693113448.6,-3556774.0,24582132.600000024
2016-Q3,kredi,D,yukumluluk,43427732.1303,1081168.3382,1383033.7772000013
2016-Q3,kredi,U,varlik,0.14149951934814453,,0.14149951934814453
2016-Q3,kredi,U,yukumluluk,0.0,,-0.4758000373840332
2016-Q3,hisse_ozkaynak,H,varlik,138673647.7243,-8798.3365,2709985.8114999942
2016-Q3,hisse_ozkaynak,H,yukumluluk,30641535.6689,1347524.5997,2.3283064365386963e-10
2016-Q3,hisse_ozkaynak,F,varlik,109350464.2831,4410604.2352,-166510.16250000615
2016-Q3,hisse_ozkaynak,F,yukumluluk,430072836.079,-7051727.6494,-2774273.6553000165
2016-Q3,hisse_ozkaynak,B,varlik,30454600.7608,136.1251999999995,1085014.4402999987
2016-Q3,hisse_ozkaynak,B,yukumluluk,326713972.6546,9534448.0726,11865537.897500046
2016-Q3,hisse_ozkaynak,K,varlik,158238326.2344,1805328.299,1792617.453000004
2016-Q3,hisse_ozkaynak,K,yukumluluk,53693252.0,0.0,3638136.0
2016-Q3,hisse_ozkaynak,D,varlik,504428670.7,2775980.0,7308292.699999988
2016-Q3,hisse_ozkaynak,D,yukumluluk,100024113.3,5153005.3,-2.7939677238464355e-09
2016-Q3,hisse_ozkaynak,U,varlik,0.0,,0.0
2016-Q3,hisse_ozkaynak,U,yukumluluk,0.00010001659393310547,,0.00010001659393310547
2016-Q3,sigorta_emeklilik,H,varlik,86589719.3782,3477779.8431,2363185.227499988
2016-Q3,sigorta_emeklilik,H,yukumluluk,0.0,0.0,0.0
2016-Q3,sigorta_emeklilik,F,varlik,15043820.4356,187248.038,-1.2223608791828156e-09
2016-Q3,sigorta_emeklilik,F,yukumluluk,0.0,0.0,0.0
2016-Q3,sigorta_emeklilik,B,varlik,0.0,0.0,0.0
2016-Q3,sigorta_emeklilik,B,yukumluluk,93419864.2418,3542160.2638,-4.6566128730773926e-09
2016-Q3,sigorta_emeklilik,K,varlik,0.0,0.0,0.0
2016-Q3,sigorta_emeklilik,K,yukumluluk,8213675.5721,122867.6173,2363185.227600001
2016-Q3,sigorta_emeklilik,D,varlik,0.0,0.0,0.0
2016-Q3,sigorta_emeklilik,D,yukumluluk,0.0,0.0,0.0
2016-Q3,sigorta_emeklilik,U,varlik,0.00010000169277191162,,0.00010000169277191162
2016-Q3,sigorta_emeklilik,U,yukumluluk,0.0,,0.0
2016-Q3,turev,H,varlik,32170.0,-296666.4834,-78830.51659999997
2016-Q3,turev,H,yukumluluk,113470.0,11792.3124,-25827.312400000003
2016-Q3,turev,F,varlik,1270401.0,-672657.9701,302171.97010000004
2016-Q3,turev,F,yukumluluk,2189799.0,-416642.2538,-43571.746199999994
2016-Q3,turev,B,varlik,11649359.432,-1463771.0888,278603.74379999936
2016-Q3,turev,B,yukumluluk,8488968.432,-4968410.7821,344199.43709999975
2016-Q3,turev,K,varlik,0.0,0.0,0.0
2016-Q3,turev,K,yukumluluk,0.0,0.0,0.0
2016-Q3,turev,D,varlik,7159272.0,-4020252.0557,53029.05569999991
2016-Q3,turev,D,yukumluluk,9318965.0,-1080086.8746,280173.8746
2016-Q3,turev,U,varlik,0.0,,0.0
2016-Q3,turev,U,yukumluluk,0.0,,0.0
2016-Q3,diger,H,varlik,23946944.6733,-86278.2204,20298.90010000208
2016-Q3,diger,H,yukumluluk,12129634.4187,-852498.8257,10418.86539999966
2016-Q3,diger,F,varlik,126414243.8845,-7843258.2682,5017587.876399999
2016-Q3,diger,F,yukumluluk,234745867.4255,-4618492.6838,4600437.036400008
2016-Q3,diger,B,varlik,49034925.9169,-1137102.1755,2562132.810499998
2016-Q3,diger,B,yukumluluk,97862388.9508,-3942527.3202,5432927.023300011
2016-Q3,diger,K,varlik,143295471.0417,-2388983.6331,-17488.412200006656
2016-Q3,diger,K,yukumluluk,68552234.9494,844853.3659,25066.04229999578
2016-Q3,diger,D,varlik,107545008.7992,-2283967.528,4060216.851899999
2016-Q3,diger,D,yukumluluk,36946468.5713,-5170924.3613,1573899.059299999
2016-Q3,diger,U,varlik,0.00010007619857788086,,0.00010007619857788086
2016-Q3,diger,U,yukumluluk,0.0,,-5.960464477539063e-08
2016-Q4,altin_sdr,H,varlik,0.0,0.0,0.0
2016-Q4,altin_sdr,H,yukumluluk,0.0,0.0,0.0
2016-Q4,altin_sdr,F,varlik,0.0,0.0,0.0
2016-Q4,altin_sdr,F,yukumluluk,0.0,0.0,0.0
2016-Q4,altin_sdr,B,varlik,0.0,0.0,0.0
2016-Q4,altin_sdr,B,yukumluluk,0.0,0.0,0.0
2016-Q4,altin_sdr,K,varlik,54028512.79,-8381163.5184,1923679.3583999965
2016-Q4,altin_sdr,K,yukumluluk,5071996.0,0.0,580339.0
2016-Q4,altin_sdr,D,varlik,5071996.0,0.0,580339.0
2016-Q4,altin_sdr,D,yukumluluk,4579020.79,0.0,528697.8399999999
2016-Q4,altin_sdr,U,varlik,0.0,,0.0
2016-Q4,altin_sdr,U,yukumluluk,49449492.0,,-6986182.0
2016-Q4,para_mevduat,H,varlik,890598722.7226,14688266.189900002,38925132.67989997
2016-Q4,para_mevduat,H,yukumluluk,0.0,0.0,0.0
2016-Q4,para_mevduat,F,varlik,487090947.6555,28999576.9164,32707009.662599996
2016-Q4,para_mevduat,F,yukumluluk,0.0,0.0,0.0
2016-Q4,para_mevduat,B,varlik,112593964.58379999,35793747.2974,-8106478.658500016
2016-Q4,para_mevduat,B,yukumluluk,1135772800.646,88347735.261,36005087.28279987
2016-Q4,para_mevduat,K,varlik,111053866.7227,-2090341.6870999997,9128153.261699997
2016-Q4,para_mevduat,K,yukumluluk,416282091.5075,-36961354.428500004,33464937.61949999
2016-Q4,para_mevduat,D,varlik,159755400.2415,-1412043.3574,14730923.412200004
2016-Q4,para_mevduat,D,yukumluluk,209038009.6655,24592824.0336,17914716.060099993
2016-Q4,para_mevduat,U,varlik,0.0,,0.0
2016-Q4,para_mevduat,U,yukumluluk,0.10710000991821289,,-0.11140012741088867
2016-Q4,borclanma_senedi,H,varlik,19546432.9619,-4278426.0385,2129151.0500999987
2016-Q4,borclanma_senedi,H,yukumluluk,0.0,0.0,0.0
2016-Q4,borclanma_senedi,F,varlik,23001999.2304,-552913.2416,-9885712.092500001
2016-Q4,borclanma_senedi,F,yukumluluk,40687990.5521,1505129.6287,4883632.980300005
2016-Q4,borclanma_senedi,B,varlik,372194886.01339996,64781736.4617,-49801879.777699985
2016-Q4,borclanma_senedi,B,yukumluluk,142455829.9893,2961397.7688,14377505.978900006
2016-Q4,borclanma_senedi,K,varlik,300626517.3733,-16422694.2503,40485815.5269
2016-Q4,borclanma_senedi,K,yukumluluk,621475539.7234,14342797.3687,1882694.4687999766
2016-Q4,borclanma_senedi,D,varlik,380136574.9197,-2324603.4128,38216458.70000003
2016-Q4,borclanma_senedi,D,yukumluluk,290887050.234,22393774.7524,-9.997561573982239e-05
2016-Q4,borclanma_senedi,U,varlik,9.989738464355469e-05,,9.989738464355469e-05
2016-Q4,borclanma_senedi,U,yukumluluk,0.0,,-0.02110004425048828
2016-Q4,kredi,H,varlik,467050.5029,27642.222,30167.03249999998
2016-Q4,kredi,H,yukumluluk,458775242.6647,19230375.9371,-69139.75580001622
2016-Q4,kredi,F,varlik,24849571.0847,194564.6924,12627612.1974
2016-Q4,kredi,F,yukumluluk,1712438285.3002,65193940.0235,96557150.56010005
2016-Q4,kredi,B,varlik,1768501397.9085,102882849.91610001,52923148.31180002
2016-Q4,kredi,B,yukumluluk,401808650.0443,4566351.904,38522194.29420005
2016-Q4,kredi,K,varlik,174998313.669,-11831919.7521,9068517.962699989
2016-Q4,kredi,K,yukumluluk,116693223.0558,3696906.0065,9438154.901899999
2016-Q4,kredi,D,varlik,784970804.4,1803165.8,90054189.99999996
2016-Q4,kredi,D,yukumluluk,64071736.607,388729.5002,20255274.9765
2016-Q4,kredi,U,varlik,0.10690021514892578,,-0.03459930419921875
2016-Q4,kredi,U,yukumluluk,0.0,,0.0
2016-Q4,hisse_ozkaynak,H,varlik,142695600.2957,-4390620.8756,8412573.447000016
2016-Q4,hisse_ozkaynak,H,yukumluluk,30682308.7267,-1367321.518,1408094.5757999986
2016-Q4,hisse_ozkaynak,F,varlik,116507930.6122,15508012.8197,-8350546.490599988
2016-Q4,hisse_ozkaynak,F,yukumluluk,455255183.2773,5675509.1055,19506838.092800006
2016-Q4,hisse_ozkaynak,B,varlik,33700081.6957,-61135.010800000004,3306615.945699997
2016-Q4,hisse_ozkaynak,B,yukumluluk,338524469.8676,1049752.2447,10760744.9683
2016-Q4,hisse_ozkaynak,K,varlik,164609940.6679,4690502.598999999,1681111.8344999924
2016-Q4,hisse_ozkaynak,K,yukumluluk,71867146.0,0.0,18173894.0
2016-Q4,hisse_ozkaynak,D,varlik,550070786.4,9788056.2,35854059.499999985
2016-Q4,hisse_ozkaynak,D,yukumluluk,111255231.8,20176875.9,-8945757.399999999
2016-Q4,hisse_ozkaynak,U,varlik,0.00010001659393310547,,0.00010001659393310547
2016-Q4,hisse_ozkaynak,U,yukumluluk,0.0,,-0.00010001659393310547
2016-Q4,sigorta_emeklilik,H,varlik,94349208.6855,5979183.6044,1780305.7029000018
2016-Q4,sigorta_emeklilik,H,yukumluluk,0.0,0.0,0.0
2016-Q4,sigorta_emeklilik,F,varlik,15999960.6201,956140.1845,1.3969838619232178e-09
2016-Q4,sigorta_emeklilik,F,yukumluluk,0.0,0.0,0.0
2016-Q4,sigorta_emeklilik,B,varlik,0.0,0.0,0.0
2016-Q4,sigorta_emeklilik,B,yukumluluk,97832423.9049,4412559.6631,4.6566128730773926e-09
2016-Q4,sigorta_emeklilik,K,varlik,0.0,0.0,0.0
2016-Q4,sigorta_emeklilik,K,yukumluluk,12516745.4007,2522764.1258,1780305.7027999987
2016-Q4,sigorta_emeklilik,D,varlik,0.0,0.0,0.0
2016-Q4,sigorta_emeklilik,D,yukumluluk,0.0,0.0,0.0
2016-Q4,sigorta_emeklilik,U,varlik,0.0,,-0.00010000169277191162
2016-Q4,sigorta_emeklilik,U,yukumluluk,0.0,,0.0
2016-Q4,turev,H,varlik,63238.0,23650.4585,7417.541499999999
2016-Q4,turev,H,yukumluluk,414731.0,190929.567,110331.43299999999
2016-Q4,turev,F,varlik,2332539.0,466927.8252,595210.1747999999
2016-Q4,turev,F,yukumluluk,3442893.0,1092075.9966,161018.00340000005
2016-Q4,turev,B,varlik,26070268.508,13415591.4415,1005317.6345000006
2016-Q4,turev,B,yukumluluk,17079782.508,7747905.3188,842908.7572000017
2016-Q4,turev,K,varlik,0.0,0.0,0.0
2016-Q4,turev,K,yukumluluk,0.0,0.0,0.0
2016-Q4,turev,D,varlik,14543461.0,7228895.6834,155293.31659999955
2016-Q4,turev,D,yukumluluk,22072100.0,12104154.5261,648980.4738999996
2016-Q4,turev,U,varlik,0.0,,0.0
2016-Q4,turev,U,yukumluluk,0.0,,0.0
2016-Q4,diger,H,varlik,27360775.0364,3600139.3493000004,-186308.98620000063
2016-Q4,diger,H,yukumluluk,12819446.2215,630522.6931,59289.10969999968
2016-Q4,diger,F,varlik,136913395.6739,1817254.2746,8681897.514800012
2016-Q4,diger,F,yukumluluk,278428555.9068,19548099.4531,24134589.028199967
2016-Q4,diger,B,varlik,50112292.958,-530657.3011,1608024.3421999954
2016-Q4,diger,B,yukumluluk,97494359.2764,-2864463.8917,2496434.2172999983
2016-Q4,diger,K,varlik,173645706.0045,29217718.0539,1132516.9088999964
2016-Q4,diger,K,yukumluluk,87125782.76089999,18486509.9841,87037.8273999989
2016-Q4,diger,D,varlik,139110905.7145,9319382.3592,22246514.55610001
2016-Q4,diger,D,yukumluluk,51274931.2216,7623168.4974,6705294.152900004
2016-Q4,diger,U,varlik,0.0,,-0.00010007619857788086
2016-Q4,diger,U,yukumluluk,0.00010007619857788086,,0.00010007619857788086
2017-Q1,altin_sdr,H,varlik,0.0,0.0,0.0
2017-Q1,altin_sdr,H,yukumluluk,0.0,0.0,0.0
2017-Q1,altin_sdr,F,varlik,0.0,0.0,0.0
2017-Q1,altin_sdr,F,yukumluluk,0.0,0.0,0.0
2017-Q1,altin_sdr,B,varlik,0.0,0.0,0.0
2017-Q1,altin_sdr,B,yukumluluk,0.0,0.0,0.0
2017-Q1,altin_sdr,K,varlik,67009365.73,7193243.8416,5787609.098399998
2017-Q1,altin_sdr,K,yukumluluk,5304261.0,0.0,232265.0
2017-Q1,altin_sdr,D,varlik,5304261.0,0.0,232265.0
2017-Q1,altin_sdr,D,yukumluluk,4782956.73,0.0,203935.9400000004
2017-Q1,altin_sdr,U,varlik,0.0,,0.0
2017-Q1,altin_sdr,U,yukumluluk,62226408.999999985,,12776916.999999985
2017-Q1,para_mevduat,H,varlik,904152834.4980999,31875590.4522,-18321478.67670006
2017-Q1,para_mevduat,H,yukumluluk,0.0,0.0,0.0
2017-Q1,para_mevduat,F,varlik,513681884.4506,31423812.8832,-4832876.088099968
2017-Q1,para_mevduat,F,yukumluluk,0.0,0.0,0.0
2017-Q1,para_mevduat,B,varlik,32090734.3868,-28034605.720799997,-52468624.4762
2017-Q1,para_mevduat,B,yukumluluk,1103243927.5494,58897123.7893,-91425996.88589981
2017-Q1,para_mevduat,K,varlik,132776776.67270002,20542674.9562,1180234.993800018
2017-Q1,para_mevduat,K,yukumluluk,462100079.8,24494249.9359,21323738.35660002
2017-Q1,para_mevduat,D,varlik,196854325.5381,38775292.0753,-1676366.7786999866
2017-Q1,para_mevduat,D,yukumluluk,214212548.2,11191390.9209,-6016852.386399997
2017-Q1,para_mevduat,U,varlik,0.003100156784057617,,0.003100156784057617
2017-Q1,para_mevduat,U,yukumluluk,0.0,,-0.10710000991821289
2017-Q1,borclanma_senedi,H,varlik,19364005.879100002,-431586.6545,249159.57170000282
2017-Q1,borclanma_senedi,H,yukumluluk,0.0,0.0,0.0
2017-Q1,borclanma_senedi,F,varlik,23383700.8549,-188001.3056,569702.930099999
2017-Q1,borclanma_senedi,F,yukumluluk,42909540.847,897690.1805,1323860.1144
2017-Q1,borclanma_senedi,B,varlik,413622038.6222,13541472.5726,27885680.036200054
2017-Q1,borclanma_senedi,B,yukumluluk,151838362.7986,5506307.9687,3876224.8405999755
2017-Q1,borclanma_senedi,K,varlik,296180012.6078,-15275395.679,10828890.91349999
2017-Q1,borclanma_senedi,K,yukumluluk,659406120.7185,20740192.0006,17190388.994500022
2017-Q1,borclanma_senedi,D,varlik,385385957.6,12766063.8,-7516681.119700003
2017-Q1,borclanma_senedi,D,yukumluluk,283781691.2,-16731637.4163,9626278.382299962
2017-Q1,borclanma_senedi,U,varlik,9.989738464355469e-05,,0.0
2017-Q1,borclanma_senedi,U,yukumluluk,0.0,,0.0
2017-Q1,kredi,H,varlik,534882.3274000001,67137.25469999999,694.5698000000557
2017-Q1,kredi,H,yukumluluk,471691001.0788,13023893.5715,-108135.15739994869
2017-Q1,kredi,F,varlik,25206380.0432,72472.947,284336.0115000016
2017-Q1,kredi,F,yukumluluk,1782542125.1259,138485886.3025,-68382046.47679996
2017-Q1,kredi,B,varlik,1898570499.5015,202497701.1568,-72428599.56380007
2017-Q1,kredi,B,yukumluluk,524968075.3782,45050296.058,78109129.27589998
2017-Q1,kredi,K,varlik,202779697.3321,2269000.1602,25512383.502900004
2017-Q1,kredi,K,yukumluluk,124589452.2214,3924146.7867,3972082.378899987
2017-Q1,kredi,D,varlik,830412207.8,-4657967.4,50099370.799999975
2017-Q1,kredi,D,yukumluluk,53713013.2,-235878.6,-10122844.806999998
2017-Q1,kredi,U,varlik,9.965896606445312e-05,,-0.10680055618286133
2017-Q1,kredi,U,yukumluluk,0.0,,0.0
2017-Q1,hisse_ozkaynak,H,varlik,154769567.8059,4000919.8826,8073047.627599994
2017-Q1,hisse_ozkaynak,H,yukumluluk,31692902.6608,1010593.9341,-1.6298145055770874e-09
2017-Q1,hisse_ozkaynak,F,varlik,119425288.1284,-1952656.405,4870013.921199991
2017-Q1,hisse_ozkaynak,F,yukumluluk,527723162.3195,7135536.206,65332442.83620003
2017-Q1,hisse_ozkaynak,B,varlik,35974523.8118,1396787.8007999999,877654.315300006
2017-Q1,hisse_ozkaynak,B,yukumluluk,371931782.1672,5581698.1878,27825614.111800004
2017-Q1,hisse_ozkaynak,K,varlik,111168983.6015,2004838.8659,-55445795.932299994
2017-Q1,hisse_ozkaynak,K,yukumluluk,74287820.0,0.0,2420674.0
2017-Q1,hisse_ozkaynak,D,varlik,707474829.6,11328337.0,146075706.20000005
2017-Q1,hisse_ozkaynak,D,yukumluluk,123177525.8,3050398.8163,8871895.183699999
2017-Q1,hisse_ozkaynak,U,varlik,0.0,,-0.00010001659393310547
2017-Q1,hisse_ozkaynak,U,yukumluluk,9.989738464355469e-05,,9.989738464355469e-05
2017-Q1,sigorta_emeklilik,H,varlik,100374472.0669,6146406.4406,-121143.05919999629
2017-Q1,sigorta_emeklilik,H,yukumluluk,0.0,0.0,0.0
2017-Q1,sigorta_emeklilik,F,varlik,17539104.1405,1295818.8955,243324.62490000064
2017-Q1,sigorta_emeklilik,F,yukumluluk,0.0,0.0,0.0
2017-Q1,sigorta_emeklilik,B,varlik,0.0,0.0,0.0
2017-Q1,sigorta_emeklilik,B,yukumluluk,105233622.3805,7401198.4756,4.6566128730773926e-09
2017-Q1,sigorta_emeklilik,K,varlik,0.0,0.0,0.0
2017-Q1,sigorta_emeklilik,K,yukumluluk,12679953.4286,41026.8605,122181.16740000102
2017-Q1,sigorta_emeklilik,D,varlik,0.0,0.0,0.0
2017-Q1,sigorta_emeklilik,D,yukumluluk,0.0,0.0,0.0
2017-Q1,sigorta_emeklilik,U,varlik,0.0,,0.0
2017-Q1,sigorta_emeklilik,U,yukumluluk,0.3982999920845032,,0.3982999920845032
2017-Q1,turev,H,varlik,371888.0,208676.3219,99973.67809999999
2017-Q1,turev,H,yukumluluk,207818.0,-134753.317,-72159.68299999999
2017-Q1,turev,F,varlik,2276649.0,106042.1983,-161932.1983
2017-Q1,turev,F,yukumluluk,4214957.0,336046.435,436017.565
2017-Q1,turev,B,varlik,24460958.138,-1839096.9567,229786.58669999894
2017-Q1,turev,B,yukumluluk,14926466.138,-2304228.9766,150912.60659999913
2017-Q1,turev,K,varlik,0.0,0.0,0.0
2017-Q1,turev,K,yukumluluk,0.0,0.0,0.0
2017-Q1,turev,D,varlik,12302162.0,-2415704.4976,174405.4975999999
2017-Q1,turev,D,yukumluluk,20062416.0,-1837147.0755,-172536.92449999996
2017-Q1,turev,U,varlik,0.0,,0.0
2017-Q1,turev,U,yukumluluk,0.0,,0.0
2017-Q1,diger,H,varlik,29544414.9471,2196876.9039,-13236.993200002704
2017-Q1,diger,H,yukumluluk,16422199.5439,1649152.2989,1953601.0235
2017-Q1,diger,F,varlik,204288169.8422,-1495756.8875,68870531.0558
2017-Q1,diger,F,yukumluluk,259222423.6886,1791016.8988,-20997149.11699997
2017-Q1,diger,B,varlik,65027137.805800006,4963190.6111,9951654.23670001
2017-Q1,diger,B,yukumluluk,105929310.8955,8173389.4887,261562.1304000048
2017-Q1,diger,K,varlik,183358549.0187,-13630182.6324,23343025.6466
2017-Q1,diger,K,yukumluluk,95597258.0669,-10238627.9208,18710103.22680001
2017-Q1,diger,D,varlik,109829017.8101,-1765593.337,-27516294.567400005
2017-Q1,diger,D,yukumluluk,114876097.2291,-11106396.1073,74707562.1148
2017-Q1,diger,U,varlik,0.00010001659393310547,,0.00010001659393310547
2017-Q1,diger,U,yukumluluk,0.0,,-0.00010007619857788086
2017-Q2,altin_sdr,H,varlik,0.0,0.0,0.0
2017-Q2,altin_sdr,H,yukumluluk,0.0,0.0,0.0
2017-Q2,altin_sdr,F,varlik,0.0,0.0,0.0
2017-Q2,altin_sdr,F,yukumluluk,0.0,0.0,0.0
2017-Q2,altin_sdr,B,varlik,0.0,0.0,0.0
2017-Q2,altin_sdr,B,yukumluluk,0.0,0.0,0.0
2017-Q2,altin_sdr,K,varlik,69641666.17,5094309.5224,-2462009.082399995
2017-Q2,altin_sdr,K,yukumluluk,5231839.0,0.0,-72422.0
2017-Q2,altin_sdr,D,varlik,5231839.0,0.0,-72422.0
2017-Q2,altin_sdr,D,yukumluluk,4717356.17,-444.2709,-65156.28910000052
2017-Q2,altin_sdr,U,varlik,0.0,,0.0
2017-Q2,altin_sdr,U,yukumluluk,64924310.0,,2697901.000000015
2017-Q2,para_mevduat,H,varlik,949099323.2039,42469463.2169,2477025.488900058
2017-Q2,para_mevduat,H,yukumluluk,0.0,0.0,0.0
2017-Q2,para_mevduat,F,varlik,512586188.5986,-2061271.1419,965575.2898999422
2017-Q2,para_mevduat,F,yukumluluk,0.0,0.0,0.0
2017-Q2,para_mevduat,B,varlik,11760305.3336,-30151743.682,9821314.628800001
2017-Q2,para_mevduat,B,yukumluluk,1118099517.7493,-35591030.3222,50446620.52209991
2017-Q2,para_mevduat,K,varlik,167125942.4775,34391748.333,-42582.528200022876
2017-Q2,para_mevduat,K,yukumluluk,498723797.9,47623079.1035,-10999361.003500037
2017-Q2,para_mevduat,D,varlik,197787470.2357,-20551941.8242,21485086.521800008
2017-Q2,para_mevduat,D,yukumluluk,221535914.2,12064206.1205,-4740840.1205
2017-Q2,para_mevduat,U,varlik,2.384185791015625e-07,,-0.0030999183654785156
2017-Q2,para_mevduat,U,yukumluluk,0.0,,0.0
2017-Q2,borclanma_senedi,H,varlik,19157403.2501,634225.7356,-840828.3646000007
2017-Q2,borclanma_senedi,H,yukumluluk,0.0,0.0,0.0
2017-Q2,borclanma_senedi,F,varlik,26542299.0728,3225578.6424,-66980.42449999927
2017-Q2,borclanma_senedi,F,yukumluluk,41369163.5253,-429605.0273,-1110772.2943999993
2017-Q2,borclanma_senedi,B,varlik,423780595.42920005,30749.38649999909,10127807.420500042
2017-Q2,borclanma_senedi,B,yukumluluk,165864834.6856,11106630.3339,2919841.5531000234
2017-Q2,borclanma_senedi,K,varlik,280659035.9191,-9322995.802499998,-6197980.886200022
2017-Q2,borclanma_senedi,K,yukumluluk,692626941.5604,35281021.4237,-2060200.5818000063
2017-Q2,borclanma_senedi,D,varlik,417839401.1,43535944.2,-11082500.700000003
2017-Q2,borclanma_senedi,D,yukumluluk,268117795.0,-7854544.5684,-7809351.631599988
2017-Q2,borclanma_senedi,U,varlik,9.989738464355469e-05,,0.0
2017-Q2,borclanma_senedi,U,yukumluluk,0.0,,0.0
2017-Q2,kredi,H,varlik,846960.1021,318823.9708,-6746.196100000059
2017-Q2,kredi,H,yukumluluk,489168101.2039,17472130.0625,4970.062599956989
2017-Q2,kredi,F,varlik,24436555.3325,138142.5162,-907967.2269000015
2017-Q2,kredi,F,yukumluluk,1853160189.9307,4946101.761,65671963.04380003
2017-Q2,kredi,B,varlik,1983898512.4013,16435645.290299997,68892367.60950007
2017-Q2,kredi,B,yukumluluk,537121828.7809,16896034.5327,-4742281.1299999915
2017-Q2,kredi,K,varlik,225319341.9432,23663050.9888,-1123406.3777000122
2017-Q2,kredi,K,yukumluluk,125585669.5636,541541.01,454676.332200011
2017-Q2,kredi,D,varlik,822334286.7,-1020502.4,-7057418.699999904
2017-Q2,kredi,D,yukumluluk,51799867.0,-320647.0,-1592499.200000003
2017-Q2,kredi,U,varlik,0.0,,-9.965896606445312e-05
2017-Q2,kredi,U,yukumluluk,0.0,,0.0
2017-Q2,hisse_ozkaynak,H,varlik,143498003.6817,-4245112.2407,-7026451.883500016
2017-Q2,hisse_ozkaynak,H,yukumluluk,32915935.4151,1223032.7543,2.0954757928848267e-09
2017-Q2,hisse_ozkaynak,F,varlik,123792058.9782,1599788.0499,2766982.7999000056
2017-Q2,hisse_ozkaynak,F,yukumluluk,533431535.4,-8282035.5376,13990408.618099947
2017-Q2,hisse_ozkaynak,B,varlik,39755476.0105,1202528.9039,2578423.2947999956
2017-Q2,hisse_ozkaynak,B,yukumluluk,412786818.2374,3335802.3303,37519233.73989996
2017-Q2,hisse_ozkaynak,K,varlik,106165834.382,-4594153.1977,-408996.0218000049
2017-Q2,hisse_ozkaynak,K,yukumluluk,69870624.0,0.0,-4417196.0
2017-Q2,hisse_ozkaynak,D,varlik,757438908.3,5531146.2,44432932.499999925
2017-Q2,hisse_ozkaynak,D,yukumluluk,121645368.3,3217398.1684,-4749555.6684
2017-Q2,hisse_ozkaynak,U,varlik,0.00010013580322265625,,0.00010013580322265625
2017-Q2,hisse_ozkaynak,U,yukumluluk,0.0,,-9.989738464355469e-05
2017-Q2,sigorta_emeklilik,H,varlik,105397911.6604,3380672.9096,1642766.6839000033
2017-Q2,sigorta_emeklilik,H,yukumluluk,0.0,0.0,0.0
2017-Q2,sigorta_emeklilik,F,varlik,16853082.1288,697450.624,-1383472.6357000005
2017-Q2,sigorta_emeklilik,F,yukumluluk,0.0,0.0,0.0
2017-Q2,sigorta_emeklilik,B,varlik,0.0,0.0,0.0
2017-Q2,sigorta_emeklilik,B,yukumluluk,109248127.8062,4014505.4257,-6.05359673500061e-09
2017-Q2,sigorta_emeklilik,K,varlik,0.0,0.0,0.0
2017-Q2,sigorta_emeklilik,K,yukumluluk,13002865.6733,63618.108,259294.13669999968
2017-Q2,sigorta_emeklilik,D,varlik,0.0,0.0,0.0
2017-Q2,sigorta_emeklilik,D,yukumluluk,0.0,0.0,0.0
2017-Q2,sigorta_emeklilik,U,varlik,0.0,,0.0
2017-Q2,sigorta_emeklilik,U,yukumluluk,0.30970001220703125,,-0.08859997987747192
2017-Q2,turev,H,varlik,132095.0,-162217.1956,-77575.8044
2017-Q2,turev,H,yukumluluk,386985.0,101367.6563,77799.3437
2017-Q2,turev,F,varlik,2843135.0,677854.2406,-111368.24060000002
2017-Q2,turev,F,yukumluluk,4912305.0,247407.748,449940.252
2017-Q2,turev,B,varlik,20547009.956,-3745380.7927,-168567.38929999992
2017-Q2,turev,B,yukumluluk,13922172.956,-838818.1063,-165475.07570000004
2017-Q2,turev,K,varlik,0.0,0.0,0.0
2017-Q2,turev,K,yukumluluk,0.0,0.0,0.0
2017-Q2,turev,D,varlik,10949069.0,-1419913.6658,66820.66580000008
2017-Q2,turev,D,yukumluluk,15249846.0,-4159614.7115,-652955.2884999998
2017-Q2,turev,U,varlik,0.0,,0.0
2017-Q2,turev,U,yukumluluk,0.0,,0.0
2017-Q2,diger,H,varlik,29536351.0964,-31293.773599999986,23229.922900001548
2017-Q2,diger,H,yukumluluk,15958350.5372,-468736.4145,4887.407800000219
2017-Q2,diger,F,varlik,217458553.0822,13607039.2064,-436655.9664000198
2017-Q2,diger,F,yukumluluk,276311449.2843,17679343.1573,-590317.5615999736
2017-Q2,diger,B,varlik,67292654.3029,1901512.0811,364004.41599999554
2017-Q2,diger,B,yukumluluk,110881888.974,4824797.3652,127780.71330000274
2017-Q2,diger,K,varlik,189398419.8329,9077282.9541,-3037412.1399000157
2017-Q2,diger,K,yukumluluk,94605495.1177,2420985.5307,-3412748.4799000043
2017-Q2,diger,D,varlik,116901019.0509,8437057.8916,-1365056.6508000065
2017-Q2,diger,D,yukumluluk,122829813.4521,8535208.7208,-581492.4978000093
2017-Q2,diger,U,varlik,1.1920928955078125e-07,,-9.989738464355469e-05
2017-Q2,diger,U,yukumluluk,0.0,,0.0
2017-Q3,altin_sdr,H,varlik,0.0,0.0,0.0
2017-Q3,altin_sdr,H,yukumluluk,0.0,0.0,0.0
2017-Q3,altin_sdr,F,varlik,0.0,0.0,0.0
2017-Q3,altin_sdr,F,yukumluluk,0.0,0.0,0.0
2017-Q3,altin_sdr,B,varlik,0.0,0.0,0.0
2017-Q3,altin_sdr,B,yukumluluk,0.0,0.0,0.0
2017-Q3,altin_sdr,K,varlik,77886248.27,4499744.4689,3744837.6310999943
2017-Q3,altin_sdr,K,yukumluluk,5403144.0,0.0,171305.0
2017-Q3,altin_sdr,D,varlik,5403144.0,0.0,171305.0
2017-Q3,altin_sdr,D,yukumluluk,4871590.27,-220.9414,154455.04139999964
2017-Q3,altin_sdr,U,varlik,0.0,,0.0
2017-Q3,altin_sdr,U,yukumluluk,73014658.0,,8090348.0
2017-Q3,para_mevduat,H,varlik,971648944.4638001,10998779.7361,11550841.523800094
2017-Q3,para_mevduat,H,yukumluluk,0.0,0.0,0.0
2017-Q3,para_mevduat,F,varlik,539468012.0569,18846333.6782,8035489.780100055
2017-Q3,para_mevduat,F,yukumluluk,0.0,0.0,0.0
2017-Q3,para_mevduat,B,varlik,106687092.4822,-10377469.8693,105304257.01789999
2017-Q3,para_mevduat,B,yukumluluk,1262469409.1074,20190509.41,124179381.94809994
2017-Q3,para_mevduat,K,varlik,177448420.0594,9071631.426600002,1250846.1552999988
2017-Q3,para_mevduat,K,yukumluluk,510903512.9,10349031.1609,1830683.8390999995
2017-Q3,para_mevduat,D,varlik,196599104.9421,-2337970.857,1149605.563399977
2017-Q3,para_mevduat,D,yukumluluk,218478652.0,-4338236.4562,1280974.2562000118
2017-Q3,para_mevduat,U,varlik,0.003000020980834961,,0.0029997825622558594
2017-Q3,para_mevduat,U,yukumluluk,0.0,,0.0
2017-Q3,borclanma_senedi,H,varlik,22799500.2423,3914120.9784,-272023.98620000156
2017-Q3,borclanma_senedi,H,yukumluluk,0.0,0.0,0.0
2017-Q3,borclanma_senedi,F,varlik,40768563.6763,4219542.9379,10006721.665599998
2017-Q3,borclanma_senedi,F,yukumluluk,44570945.2455,2499612.438,702169.2821999947
2017-Q3,borclanma_senedi,B,varlik,419458167.78499997,873329.9036000001,-5195757.547800086
2017-Q3,borclanma_senedi,B,yukumluluk,175054299.7622,2661379.6147,6528085.461899986
2017-Q3,borclanma_senedi,K,varlik,288250274.7944,855271.7668,6735967.10849999
2017-Q3,borclanma_senedi,K,yukumluluk,715767731.4903,20766550.2947,2374239.6352000497
2017-Q3,borclanma_senedi,D,varlik,439699050.0,14426510.0,7433138.899999976
2017-Q3,borclanma_senedi,D,yukumluluk,275582580.0,-1638766.7606,9103551.7606
2017-Q3,borclanma_senedi,U,varlik,2.384185791015625e-07,,-9.965896606445312e-05
2017-Q3,borclanma_senedi,U,yukumluluk,0.0,,0.0
2017-Q3,kredi,H,varlik,837966.7492999999,-22364.208699999996,13370.855899999886
2017-Q3,kredi,H,yukumluluk,513044985.8274,23863964.6754,12919.948100049049
2017-Q3,kredi,F,varlik,24685776.2828,-183671.6446,432892.5949000006
2017-Q3,kredi,F,yukumluluk,1920088166.1221,143318194.1054,-76390217.91399994
2017-Q3,kredi,B,varlik,2064968675.0042,163129100.03980002,-82058937.43689999
2017-Q3,kredi,B,yukumluluk,552844019.3381,-3074759.0335999997,18796949.590799954
2017-Q3,kredi,K,varlik,230990979.4213,4329611.6168,1342025.8613000019
2017-Q3,kredi,K,yukumluluk,128788786.1699,-237903.94389999998,3441020.550199996
2017-Q3,kredi,D,varlik,850034850.0,-625170.0,28325733.299999952
2017-Q3,kredi,D,yukumluluk,56752290.0,2758010.0,2194413.0
2017-Q3,kredi,U,varlik,0.0,,0.0
2017-Q3,kredi,U,yukumluluk,0.00010013580322265625,,0.00010013580322265625
2017-Q3,hisse_ozkaynak,H,varlik,145524216.8531,-5167669.8742,7193883.045600011
2017-Q3,hisse_ozkaynak,H,yukumluluk,34895123.2918,1979187.8767,-9.313225746154785e-10
2017-Q3,hisse_ozkaynak,F,varlik,125305311.8954,-114299.5876,1627552.504799999
2017-Q3,hisse_ozkaynak,F,yukumluluk,545675533.8718,-9688684.6851,21932683.15689997
2017-Q3,hisse_ozkaynak,B,varlik,42503160.8407,1383244.8463,1364439.9839000015
2017-Q3,hisse_ozkaynak,B,yukumluluk,429776409.1639,3573683.8434,13415907.083100023
2017-Q3,hisse_ozkaynak,K,varlik,100548511.7383,-6453581.589,836258.9452999961
2017-Q3,hisse_ozkaynak,K,yukumluluk,71852415.0,0.0,1981791.0
2017-Q3,hisse_ozkaynak,D,varlik,792529290.0,5453930.0,29636451.700000048
2017-Q3,hisse_ozkaynak,D,yukumluluk,124211010.0,-762563.2394,3328204.939400003
2017-Q3,hisse_ozkaynak,U,varlik,0.0,,-0.00010013580322265625
2017-Q3,hisse_ozkaynak,U,yukumluluk,0.0,,0.0
2017-Q3,sigorta_emeklilik,H,varlik,108814394.4622,1787993.8214,1628488.9803999977
2017-Q3,sigorta_emeklilik,H,yukumluluk,0.0,0.0,0.0
2017-Q3,sigorta_emeklilik,F,varlik,15332263.6999,83101.4806,-1603919.9095000015
2017-Q3,sigorta_emeklilik,F,yukumluluk,0.0,0.0,0.0
2017-Q3,sigorta_emeklilik,B,varlik,0.0,0.0,0.0
2017-Q3,sigorta_emeklilik,B,yukumluluk,111348374.0073,2100246.2011,6.51925802230835e-09
2017-Q3,sigorta_emeklilik,K,varlik,0.0,0.0,0.0
2017-Q3,sigorta_emeklilik,K,yukumluluk,12798283.8853,-229150.8991,24569.11109999937
2017-Q3,sigorta_emeklilik,D,varlik,0.0,0.0,0.0
2017-Q3,sigorta_emeklilik,D,yukumluluk,0.0,0.0,0.0
2017-Q3,sigorta_emeklilik,U,varlik,0.0,,0.0
2017-Q3,sigorta_emeklilik,U,yukumluluk,0.2695000022649765,,-0.04020000994205475
2017-Q3,turev,H,varlik,36730.0,-70351.8195,-25013.180500000002
2017-Q3,turev,H,yukumluluk,185025.0,-149939.1064,-52020.89360000001
2017-Q3,turev,F,varlik,1721334.0,-1020005.2637,-101795.73629999999
2017-Q3,turev,F,yukumluluk,3739866.0,-777880.6655,-394558.3345
2017-Q3,turev,B,varlik,23415530.037,2662578.5374,205941.54360000044
2017-Q3,turev,B,yukumluluk,13200182.037,-771998.6741,50007.755100000184
2017-Q3,turev,K,varlik,0.0,0.0,0.0
2017-Q3,turev,K,yukumluluk,0.0,0.0,0.0
2017-Q3,turev,D,varlik,11376786.0,238722.489,188994.511
2017-Q3,turev,D,yukumluluk,19425307.0,3510762.3891,664698.6109000002
2017-Q3,turev,U,varlik,0.0,,0.0
2017-Q3,turev,U,yukumluluk,0.0,,0.0
2017-Q3,diger,H,varlik,31727130.0575,2176261.9819,14516.979200000875
2017-Q3,diger,H,yukumluluk,14631989.7886,-1330503.8054,4143.056799999438
2017-Q3,diger,F,varlik,200094369.8261,-20768362.1148,3404178.8586999997
2017-Q3,diger,F,yukumluluk,284908317.7869,5588175.1063,3008693.3962999545
2017-Q3,diger,B,varlik,60788055.3676,-6565431.2371,60832.30179999955
2017-Q3,diger,B,yukumluluk,103421304.7451,-7338565.3172,-122018.91170000006
2017-Q3,diger,K,varlik,191863090.0738,5075651.0139,-2610980.77299999
2017-Q3,diger,K,yukumluluk,97037286.4554,5126132.4992,-2694341.161499991
2017-Q3,diger,D,varlik,129234027.1445,9354708.9975,2978299.0961000044
2017-Q3,diger,D,yukumluluk,113707773.6935,-12772409.8415,3650370.0829000026
2017-Q3,diger,U,varlik,0.0,,-1.1920928955078125e-07
2017-Q3,diger,U,yukumluluk,0.0,,0.0
2017-Q4,altin_sdr,H,varlik,0.0,0.0,0.0
2017-Q4,altin_sdr,H,yukumluluk,0.0,0.0,0.0
2017-Q4,altin_sdr,F,varlik,0.0,0.0,0.0
2017-Q4,altin_sdr,F,yukumluluk,0.0,0.0,0.0
2017-Q4,altin_sdr,B,varlik,0.0,0.0,0.0
2017-Q4,altin_sdr,B,yukumluluk,0.0,0.0,0.0
2017-Q4,altin_sdr,K,varlik,94894828.2,10881640.2285,6126939.701500008
2017-Q4,altin_sdr,K,yukumluluk,5805107.0,0.0,401963.0
2017-Q4,altin_sdr,D,varlik,5805107.0,0.0,401963.0
2017-Q4,altin_sdr,D,yukumluluk,5190498.2,0.0,318907.93000000063
2017-Q4,altin_sdr,U,varlik,0.0,,0.0
2017-Q4,altin_sdr,U,yukumluluk,89704330.0,,16689672.0
2017-Q4,para_mevduat,H,varlik,1008826638.1984,12138404.0365,25039289.69809995
2017-Q4,para_mevduat,H,yukumluluk,0.0,0.0,0.0
2017-Q4,para_mevduat,F,varlik,568030551.8547,8025577.601,20536962.196799945
2017-Q4,para_mevduat,F,yukumluluk,0.0,0.0,0.0
2017-Q4,para_mevduat,B,varlik,9823302.516200006,1438287.1335999998,-98302077.09959999
2017-Q4,para_mevduat,B,yukumluluk,1198314023.2698,-5663626.0274,-58491759.81019999
2017-Q4,para_mevduat,K,varlik,192284294.87379998,-7846280.3476,22682155.161999986
2017-Q4,para_mevduat,K,yukumluluk,534432450.9,-53710.5791,23582648.5791
2017-Q4,para_mevduat,D,varlik,210606538.7268,3554225.2639,10453208.520800006
2017-Q4,para_mevduat,D,yukumluluk,256824852.0,23027550.2939,15318649.706099998
2017-Q4,para_mevduat,U,varlik,0.0,,-0.003000020980834961
2017-Q4,para_mevduat,U,yukumluluk,0.00010037422180175781,,0.00010037422180175781
2017-Q4,borclanma_senedi,H,varlik,26693686.4484,3238428.9446,655757.2614999982
2017-Q4,borclanma_senedi,H,yukumluluk,0.0,0.0,0.0
2017-Q4,borclanma_senedi,F,varlik,38452992.066,7558850.4257,-9874422.035999997
2017-Q4,borclanma_senedi,F,yukumluluk,52624574.9885,5382272.0704,2671357.672600001
2017-Q4,borclanma_senedi,B,varlik,444409418.9232,-11911031.3673,36862282.50550005
2017-Q4,borclanma_senedi,B,yukumluluk,188694286.2696,5798314.2027,7841672.304700006
2017-Q4,borclanma_senedi,K,varlik,269165327.5978,-7236417.7082,-11848529.48839996
2017-Q4,borclanma_senedi,K,yukumluluk,743664533.7774,21636650.5847,6260151.702399958
2017-Q4,borclanma_senedi,D,varlik,463204560.0,3839371.0,19666139.0
2017-Q4,borclanma_senedi,D,yukumluluk,256942590.0,-37328035.5629,18688045.5629
2017-Q4,borclanma_senedi,U,varlik,0.00010013580322265625,,9.989738464355469e-05
2017-Q4,borclanma_senedi,U,yukumluluk,0.0,,0.0
2017-Q4,kredi,H,varlik,640204.9262000001,-241363.587,43601.763900000195
2017-Q4,kredi,H,yukumluluk,528820050.2919,15743400.8642,31663.60029995069
2017-Q4,kredi,F,varlik,29174422.2173,328016.4782,4160629.4563000016
2017-Q4,kredi,F,yukumluluk,2040593519.477,127707056.036,-7201702.681100115
2017-Q4,kredi,B,varlik,2168395176.065,138767107.5032,-35340606.44239992
2017-Q4,kredi,B,yukumluluk,609933743.5736,30334835.7768,26754888.458700098
2017-Q4,kredi,K,varlik,256482852.7117,18929622.4204,6562250.869999997
2017-Q4,kredi,K,yukumluluk,144280612.5776,7821817.1378999995,7670009.269800003
2017-Q4,kredi,D,varlik,933297600.0,24002582.0,59260168.0
2017-Q4,kredi,D,yukumluluk,64362330.0,178855.0,7431185.0
2017-Q4,kredi,U,varlik,0.0,,0.0
2017-Q4,kredi,U,yukumluluk,0.00010013580322265625,,0.0
2017-Q4,hisse_ozkaynak,H,varlik,157356324.46179998,1734695.4316,10097412.177099977
2017-Q4,hisse_ozkaynak,H,yukumluluk,36675446.4052,1780323.1134,-2.561137080192566e-09
2017-Q4,hisse_ozkaynak,F,varlik,149579304.8487,2303543.7484,21970449.204899985
2017-Q4,hisse_ozkaynak,F,yukumluluk,646051442.1782,515912.4497,99859995.85670006
2017-Q4,hisse_ozkaynak,B,varlik,45659315.1254,-201674.8048,3357829.089499999
2017-Q4,hisse_ozkaynak,B,yukumluluk,432400886.9817,4168834.4636,-1544356.6458000145
2017-Q4,hisse_ozkaynak,K,varlik,98311518.1291,-2641117.7845,404124.1752999993
2017-Q4,hisse_ozkaynak,K,yukumluluk,78599147.0,0.0011,6746731.9989
2017-Q4,hisse_ozkaynak,D,varlik,894226050.0,8839092.0,92857668.0
2017-Q4,hisse_ozkaynak,D,yukumluluk,151405590.0,3569468.5629,23625111.4371
2017-Q4,hisse_ozkaynak,U,varlik,9.989738464355469e-05,,9.989738464355469e-05
2017-Q4,hisse_ozkaynak,U,yukumluluk,0.0,,0.0
2017-Q4,sigorta_emeklilik,H,varlik,124386118.099,4579508.6253,10992215.011500005
2017-Q4,sigorta_emeklilik,H,yukumluluk,0.0,0.0,0.0
2017-Q4,sigorta_emeklilik,F,varlik,4990399.0506,474567.2793,-10816431.9286
2017-Q4,sigorta_emeklilik,F,yukumluluk,0.0,0.0,0.0
2017-Q4,sigorta_emeklilik,B,varlik,0.0,0.0,0.0
2017-Q4,sigorta_emeklilik,B,yukumluluk,115065967.1813,3717593.174,-5.122274160385132e-09
2017-Q4,sigorta_emeklilik,K,varlik,0.0,0.0,0.0
2017-Q4,sigorta_emeklilik,K,yukumluluk,14310549.4779,1336482.7306,175782.86200000113
2017-Q4,sigorta_emeklilik,D,varlik,0.0,0.0,0.0
2017-Q4,sigorta_emeklilik,D,yukumluluk,0.0,0.0,0.0
2017-Q4,sigorta_emeklilik,U,varlik,0.0,,0.0
2017-Q4,sigorta_emeklilik,U,yukumluluk,0.4904000014066696,,0.22089999914169312
2017-Q4,turev,H,varlik,34674.0,1444.8698,-3500.8698
2017-Q4,turev,H,yukumluluk,190736.0,-7391.5133,13102.513299999999
2017-Q4,turev,F,varlik,2330244.0,596125.2022,12784.797799999942
2017-Q4,turev,F,yukumluluk,4140936.0,202662.6021,198407.3979
2017-Q4,turev,B,varlik,24152637.697,365168.9198,371938.7402000002
2017-Q4,turev,B,yukumluluk,17808613.697,4473280.8865,135150.77350000013
2017-Q4,turev,K,varlik,0.0,0.0,0.0
2017-Q4,turev,K,yukumluluk,0.0,0.0,0.0
2017-Q4,turev,D,varlik,15535743.0,4006553.3509,152403.64910000004
2017-Q4,turev,D,yukumluluk,19913013.0,300740.3675,186965.6325
2017-Q4,turev,U,varlik,0.0,,0.0
2017-Q4,turev,U,yukumluluk,0.0,,0.0
2017-Q4,diger,H,varlik,33110054.0887,1336131.2286,46792.80259999912
2017-Q4,diger,H,yukumluluk,16129342.7044,1485081.8954,12271.020399999572
2017-Q4,diger,F,varlik,222181734.3503,14115888.0357,7971476.488500021
2017-Q4,diger,F,yukumluluk,302208780.6267,10235960.5566,7064502.2831999995
2017-Q4,diger,B,varlik,68501033.0804,6658541.1672,1054436.5456000036
2017-Q4,diger,B,yukumluluk,110541130.089,5865893.8634,1253931.480499995
2017-Q4,diger,K,varlik,199200951.0974,10818294.2304,-3480433.2067999877
2017-Q4,diger,K,yukumluluk,107620263.8569,13904419.1683,-3321441.7667999975
2017-Q4,diger,D,varlik,148565051.3282,10951047.6669,8379976.516800011
2017-Q4,diger,D,yukumluluk,135059306.668,12388546.8452,8962986.129300015
2017-Q4,diger,U,varlik,0.0,,0.0
2017-Q4,diger,U,yukumluluk,1.1920928955078125e-07,,1.1920928955078125e-07
2018-Q1,altin_sdr,H,varlik,0.0,0.0,0.0
2018-Q1,altin_sdr,H,yukumluluk,0.0,0.0,0.0
2018-Q1,altin_sdr,F,varlik,0.0,0.0,0.0
2018-Q1,altin_sdr,F,yukumluluk,0.0,0.0,0.0
2018-Q1,altin_sdr,B,varlik,0.0,0.0,0.0
2018-Q1,altin_sdr,B,yukumluluk,0.0,0.0,0.0
2018-Q1,altin_sdr,K,varlik,106861832.74,4964252.0239,7002752.516099991
2018-Q1,altin_sdr,K,yukumluluk,6223890.0,0.0,418783.0
2018-Q1,altin_sdr,D,varlik,6223890.0,0.0,418783.0
2018-Q1,altin_sdr,D,yukumluluk,5611001.74,0.0,420503.54000000004
2018-Q1,altin_sdr,U,varlik,0.0,,0.0
2018-Q1,altin_sdr,U,yukumluluk,101250831.0,,11546501.0
2018-Q1,para_mevduat,H,varlik,1048082551.4585999,17162508.448799998,22093404.811399907
2018-Q1,para_mevduat,H,yukumluluk,0.0,0.0,0.0
2018-Q1,para_mevduat,F,varlik,571880237.6842,-13958619.5909,17808305.42040008
2018-Q1,para_mevduat,F,yukumluluk,0.0,0.0,0.0
2018-Q1,para_mevduat,B,varlik,11056847.8239,-5408865.498299997,6642410.805999991
2018-Q1,para_mevduat,B,yukumluluk,1252890903.1878,24599196.0226,29977683.895399984
2018-Q1,para_mevduat,K,varlik,233476752.75770003,35261112.4304,5931345.453500047
2018-Q1,para_mevduat,K,yukumluluk,545148274.7,-6577543.8917000005,17293367.69170007
2018-Q1,para_mevduat,D,varlik,225379153.1664,4883342.4671,9889271.97249999
2018-Q1,para_mevduat,D,yukumluluk,291836365.0,19917826.1262,15093686.873799998
2018-Q1,para_mevduat,U,varlik,0.0,,0.0
2018-Q1,para_mevduat,U,yukumluluk,0.0029997825622558594,,0.0028994083404541016
2018-Q1,borclanma_senedi,H,varlik,31040527.0432,4137580.7671,209259.82770000305
2018-Q1,borclanma_senedi,H,yukumluluk,0.0,0.0,0.0
2018-Q1,borclanma_senedi,F,varlik,45601221.1439,7065220.0459,83009.03199999966
2018-Q1,borclanma_senedi,F,yukumluluk,58858738.5626,3221051.3481,3013112.2260000026
2018-Q1,borclanma_senedi,B,varlik,441858658.39250004,3512604.939199999,-6063365.469899967
2018-Q1,borclanma_senedi,B,yukumluluk,209160794.9293,11822116.9828,8644391.676900007
2018-Q1,borclanma_senedi,K,varlik,250158875.8527,-31348324.4168,12341872.671699978
2018-Q1,borclanma_senedi,K,yukumluluk,755472808.9403,14734835.4392,-2926560.27630003
2018-Q1,borclanma_senedi,D,varlik,492651415.0,12285052.0,17161803.0
2018-Q1,borclanma_senedi,D,yukumluluk,237818355.0,-34125870.4347,15001635.434699997
2018-Q1,borclanma_senedi,U,varlik,0.0,,-0.00010013580322265625
2018-Q1,borclanma_senedi,U,yukumluluk,0.00010013580322265625,,0.00010013580322265625
2018-Q1,kredi,H,varlik,704089.227,38420.633200000004,25463.667599999848
2018-Q1,kredi,H,yukumluluk,540286809.6175,11435025.844700001,31733.480899967253
2018-Q1,kredi,F,varlik,30635208.777,178884.5713,1281901.9883999974
2018-Q1,kredi,F,yukumluluk,2159775749.2185,-55935153.7617,175117383.50320014
2018-Q1,kredi,B,varlik,2261941816.3648,-64635534.027899995,158182174.3276999
2018-Q1,kredi,B,yukumluluk,621437407.9099,-16847672.5251,28351336.861399896
2018-Q1,kredi,K,varlik,260657522.6236,-5450918.5174,9625588.429300014
2018-Q1,kredi,K,yukumluluk,159965810.2464,882346.6013,14802851.067499997
2018-Q1,kredi,D,varlik,992757500.0,3395340.0,56064560.0
2018-Q1,kredi,D,yukumluluk,65230360.0,-6008353.5,6876383.5
2018-Q1,kredi,U,varlik,0.0,,0.0
2018-Q1,kredi,U,yukumluluk,0.00010013580322265625,,0.0
2018-Q1,hisse_ozkaynak,H,varlik,169303408.4333,5843216.7795,6103867.192000009
2018-Q1,hisse_ozkaynak,H,yukumluluk,38343003.5804,1667557.1752,4.656612873077393e-10
2018-Q1,hisse_ozkaynak,F,varlik,159108543.6322,4273600.604,5255638.179500015
2018-Q1,hisse_ozkaynak,F,yukumluluk,610030344.2387,-4196183.2443,-31824914.695199974
2018-Q1,hisse_ozkaynak,B,varlik,48500208.0273,203563.9869,2637328.915000001
2018-Q1,hisse_ozkaynak,B,yukumluluk,441322941.1234,12316232.0753,-3394177.933600031
2018-Q1,hisse_ozkaynak,K,varlik,176139650.263,-68430069.1401,146258201.27400002
2018-Q1,hisse_ozkaynak,K,yukumluluk,145218126.41329998,-69497926.2106,136116905.6239
2018-Q1,hisse_ozkaynak,D,varlik,845525770.0,3265902.0,-51966182.0
2018-Q1,hisse_ozkaynak,D,yukumluluk,163663165.0,4866534.4347,7391040.5653
2018-Q1,hisse_ozkaynak,U,varlik,0.0,,-9.989738464355469e-05
2018-Q1,hisse_ozkaynak,U,yukumluluk,0.0,,0.0
2018-Q1,sigorta_emeklilik,H,varlik,123053308.3579,2325454.9997,-3658264.7408000133
2018-Q1,sigorta_emeklilik,H,yukumluluk,0.0,0.0,0.0
2018-Q1,sigorta_emeklilik,F,varlik,18719924.587,-1119835.8008,14849361.3372
2018-Q1,sigorta_emeklilik,F,yukumluluk,0.0,0.0,0.0
2018-Q1,sigorta_emeklilik,B,varlik,0.0,0.0,0.0
2018-Q1,sigorta_emeklilik,B,yukumluluk,127196687.3802,1057722.3878,11072997.811099999
2018-Q1,sigorta_emeklilik,K,varlik,0.0,0.0,0.0
2018-Q1,sigorta_emeklilik,K,yukumluluk,14576545.5647,147896.8111,118099.27569999971
2018-Q1,sigorta_emeklilik,D,varlik,0.0,0.0,0.0
2018-Q1,sigorta_emeklilik,D,yukumluluk,0.0,0.0,0.0
2018-Q1,sigorta_emeklilik,U,varlik,0.0,,0.0
2018-Q1,sigorta_emeklilik,U,yukumluluk,0.0,,-0.4904000014066696
2018-Q1,turev,H,varlik,36057.0,-14870.7063,16253.7063
2018-Q1,turev,H,yukumluluk,218642.0,51920.4059,-24014.405899999998
2018-Q1,turev,F,varlik,2689454.0,123917.7681,235292.2319
2018-Q1,turev,F,yukumluluk,5275123.0,958660.7625,175526.23750000005
2018-Q1,turev,B,varlik,28107333.673,3620850.3791,333845.5968999998
2018-Q1,turev,B,yukumluluk,16232570.673,-1804988.3427,228945.3186999997
2018-Q1,turev,K,varlik,0.0,0.0,0.0
2018-Q1,turev,K,yukumluluk,0.0,0.0,0.0
2018-Q1,turev,D,varlik,13600516.0,-1921841.3189,-13385.681099999929
2018-Q1,turev,D,yukumluluk,22707025.0,2602463.2962,191548.70379999978
2018-Q1,turev,U,varlik,0.0,,0.0
2018-Q1,turev,U,yukumluluk,0.0,,0.0
2018-Q1,diger,H,varlik,34378603.552,1238588.7127999999,29960.750500001013
2018-Q1,diger,H,yukumluluk,18484353.6574,2345628.9569,9381.996100001503
2018-Q1,diger,F,varlik,238817144.3253,8903597.3337,7731812.641299995
2018-Q1,diger,F,yukumluluk,307556305.1248,-1858870.899,7206395.397100043
2018-Q1,diger,B,varlik,79631176.034,10086027.0972,1044115.8563999888
2018-Q1,diger,B,yukumluluk,123477604.6501,11938641.3323,997833.2287999913
2018-Q1,diger,K,varlik,195462336.2153,-3218911.3854,-519703.49670001585
2018-Q1,diger,K,yukumluluk,105126769.6675,-2518410.0558,24915.866399997845
2018-Q1,diger,D,varlik,142566832.2361,-11727248.3564,5729029.264299976
2018-Q1,diger,D,yukumluluk,136211059.263,-4624935.9323,5776688.527299999
2018-Q1,diger,U,varlik,0.00010001659393310547,,0.00010001659393310547
2018-Q1,diger,U,yukumluluk,0.0,,-1.1920928955078125e-07
2018-Q2,altin_sdr,H,varlik,0.0,0.0,0.0
2018-Q2,altin_sdr,H,yukumluluk,0.0,0.0,0.0
2018-Q2,altin_sdr,F,varlik,0.0,0.0,0.0
2018-Q2,altin_sdr,F,yukumluluk,0.0,0.0,0.0
2018-Q2,altin_sdr,B,varlik,0.0,0.0,0.0
2018-Q2,altin_sdr,B,yukumluluk,0.0,0.0,0.0
2018-Q2,altin_sdr,K,varlik,111486782.07,-5038322.0704,9663271.400399998
2018-Q2,altin_sdr,K,yukumluluk,6937396.0,0.0,713506.0
2018-Q2,altin_sdr,D,varlik,6937396.0,0.0,713506.0
2018-Q2,altin_sdr,D,yukumluluk,6253723.07,0.0,642721.3300000001
2018-Q2,altin_sdr,U,varlik,0.0,,0.0
2018-Q2,altin_sdr,U,yukumluluk,105233059.0,,3982228.0
2018-Q2,para_mevduat,H,varlik,1130725516.7898998,33653858.2832,48989107.0480999
2018-Q2,para_mevduat,H,yukumluluk,0.0,0.0,0.0
2018-Q2,para_mevduat,F,varlik,633235757.0703,20907718.2763,40447801.10979994
2018-Q2,para_mevduat,F,yukumluluk,0.0,0.0,0.0
2018-Q2,para_mevduat,B,varlik,138225101.9031,118632603.08340001,8535650.995800003
2018-Q2,para_mevduat,B,yukumluluk,1474042217.1854,154663655.227,66487658.77060008
2018-Q2,para_mevduat,K,varlik,248034329.5216,-804107.521399999,15361684.285299981
2018-Q2,para_mevduat,K,yukumluluk,574277574.8887,-11257757.122000001,40387057.31069996
2018-Q2,para_mevduat,D,varlik,255800970.7922,8758488.3141,21663329.311700016
2018-Q2,para_mevduat,D,yukumluluk,357701884.0,37742662.3305,28122856.6695
2018-Q2,para_mevduat,U,varlik,0.0,,0.0
2018-Q2,para_mevduat,U,yukumluluk,0.0029997825622558594,,0.0
2018-Q2,borclanma_senedi,H,varlik,34832417.2343,3142934.3043,648955.8868000014
2018-Q2,borclanma_senedi,H,yukumluluk,0.0,0.0,0.0
2018-Q2,borclanma_senedi,F,varlik,46304993.4776,408848.8921,294923.44160000124
2018-Q2,borclanma_senedi,F,yukumluluk,62932855.9013,-3626933.1373,7701050.475999996
2018-Q2,borclanma_senedi,B,varlik,435281812.10669994,13478293.3605,-20055139.6463001
2018-Q2,borclanma_senedi,B,yukumluluk,228062578.104,-4801086.1599,23702869.334599994
2018-Q2,borclanma_senedi,K,varlik,229089542.2872,-50313725.095300004,29244391.529800013
2018-Q2,borclanma_senedi,K,yukumluluk,768258227.1007,18783369.2563,-5997951.095899966
2018-Q2,borclanma_senedi,D,varlik,534034944.0,-10135726.0,51519255.0
2018-Q2,borclanma_senedi,D,yukumluluk,220290048.0,-53774724.4975,36246417.4975
2018-Q2,borclanma_senedi,U,varlik,0.00020003318786621094,,0.00020003318786621094
2018-Q2,borclanma_senedi,U,yukumluluk,0.0,,-0.00010013580322265625
2018-Q2,kredi,H,varlik,862277.0028,88119.9093,70067.86650000006
2018-Q2,kredi,H,yukumluluk,556083482.6339,15723479.516,73193.50040009804
2018-Q2,kredi,F,varlik,35087938.4065,-167586.3645,4620315.993999998
2018-Q2,kredi,F,yukumluluk,2362096514.9248,38729838.7923,163590926.9139998
2018-Q2,kredi,B,varlik,2326801039.3339,-52668775.545200005,117527998.5143
2018-Q2,kredi,B,yukumluluk,590939818.4787,-89746714.39490001,59249124.9637001
2018-Q2,kredi,K,varlik,280384493.2986,6596767.2381,13130203.436900012
2018-Q2,kredi,K,yukumluluk,175612860.0045,1891089.7244,13755960.033700002
2018-Q2,kredi,D,varlik,1119803904.0,13189979.0,113856425.0
2018-Q2,kredi,D,yukumluluk,78206976.0,440810.6,12535805.4
2018-Q2,kredi,U,varlik,0.00010013580322265625,,0.00010013580322265625
2018-Q2,kredi,U,yukumluluk,0.0,,-0.00010013580322265625
2018-Q2,hisse_ozkaynak,H,varlik,160467043.6189,-8471621.4988,-364743.3155999873
2018-Q2,hisse_ozkaynak,H,yukumluluk,40197216.6954,1854213.115,2.0954757928848267e-09
2018-Q2,hisse_ozkaynak,F,varlik,174880155.8644,2317583.8677,13454028.364499997
2018-Q2,hisse_ozkaynak,F,yukumluluk,595423478.6606,-19992648.0857,5385782.507599916
2018-Q2,hisse_ozkaynak,B,varlik,51129654.9154,-2199538.9425,4828985.830599998
2018-Q2,hisse_ozkaynak,B,yukumluluk,369187600.1681,4923056.3101,-77058397.26539998
2018-Q2,hisse_ozkaynak,K,varlik,189971809.7054,-78406032.8327,92238192.27509998
2018-Q2,hisse_ozkaynak,K,yukumluluk,173435952.5801,-73452539.2433,101670365.41010003
2018-Q2,hisse_ozkaynak,D,varlik,794562048.0,4094149.0,-55057871.0
2018-Q2,hisse_ozkaynak,D,yukumluluk,192766464.0,4002457.4975,25100841.5025
2018-Q2,hisse_ozkaynak,U,varlik,9.989738464355469e-05,,9.989738464355469e-05
2018-Q2,hisse_ozkaynak,U,yukumluluk,0.0,,0.0
2018-Q2,sigorta_emeklilik,H,varlik,125406710.4934,3159909.1484,-806507.0129000009
2018-Q2,sigorta_emeklilik,H,yukumluluk,0.0,0.0,0.0
2018-Q2,sigorta_emeklilik,F,varlik,19667561.7709,798980.1607,148657.02319999866
2018-Q2,sigorta_emeklilik,F,yukumluluk,0.0,0.0,0.0
2018-Q2,sigorta_emeklilik,B,varlik,0.0,0.0,0.0
2018-Q2,sigorta_emeklilik,B,yukumluluk,130574585.0217,4108306.5443,-730408.902800004
2018-Q2,sigorta_emeklilik,K,varlik,0.0,0.0,0.0
2018-Q2,sigorta_emeklilik,K,yukumluluk,14499687.2427,-149417.2353,72558.91329999937
2018-Q2,sigorta_emeklilik,D,varlik,0.0,0.0,0.0
2018-Q2,sigorta_emeklilik,D,yukumluluk,0.0,0.0,0.0
2018-Q2,sigorta_emeklilik,U,varlik,0.00010001659393310547,,0.00010001659393310547
2018-Q2,sigorta_emeklilik,U,yukumluluk,0.0,,0.0
2018-Q2,turev,H,varlik,77668.0,59184.121,-17573.121
2018-Q2,turev,H,yukumluluk,214989.0,29778.1613,-33431.1613
2018-Q2,turev,F,varlik,4917976.0,1925925.1597,302596.84030000004
2018-Q2,turev,F,yukumluluk,8852434.0,3337943.9477,239367.0523000001
2018-Q2,turev,B,varlik,51730490.452,22282854.8573,1340301.9217000008
2018-Q2,turev,B,yukumluluk,34061295.452,16841820.6141,986904.1648999974
2018-Q2,turev,K,varlik,0.0,0.0,0.0
2018-Q2,turev,K,yukumluluk,0.0,0.0,0.0
2018-Q2,turev,D,varlik,29375208.0,15055719.8889,718972.1110999994
2018-Q2,turev,D,yukumluluk,42972624.0,19114141.3039,1151457.6961000003
2018-Q2,turev,U,varlik,0.0,,0.0
2018-Q2,turev,U,yukumluluk,0.0,,0.0
2018-Q2,diger,H,varlik,36279715.4433,1817616.0385999999,83495.8527000004
2018-Q2,diger,H,yukumluluk,18998573.7001,473561.3306,40658.71210000012
2018-Q2,diger,F,varlik,261211758.767,6303631.076,16090983.36569998
2018-Q2,diger,F,yukumluluk,339567395.707,14460812.319,17550278.263199992
2018-Q2,diger,B,varlik,86490879.5254,4548926.1143,2310777.377100004
2018-Q2,diger,B,yukumluluk,129529317.419,3160505.9322,2891206.836700007
2018-Q2,diger,K,varlik,199815109.9123,2863173.9619,1489599.735099997
2018-Q2,diger,K,yukumluluk,101227476.1714,-5223507.8065,1324214.3103999915
2018-Q2,diger,D,varlik,168253055.489,8276041.4627,17410181.790200002
2018-Q2,diger,D,yukumluluk,162727756.1395,10938016.8782,15578679.99829998
2018-Q2,diger,U,varlik,0.0,,-0.00010001659393310547
2018-Q2,diger,U,yukumluluk,0.0,,0.0
2018-Q3,altin_sdr,H,varlik,0.0,0.0,0.0
2018-Q3,altin_sdr,H,yukumluluk,0.0,0.0,0.0
2018-Q3,altin_sdr,F,varlik,0.0,0.0,0.0
2018-Q3,altin_sdr,F,yukumluluk,0.0,0.0,0.0
2018-Q3,altin_sdr,B,varlik,0.0,0.0,0.0
2018-Q3,altin_sdr,B,yukumluluk,0.0,0.0,0.0
2018-Q3,altin_sdr,K,varlik,115560048.15,-23193215.056,27266481.136000015
2018-Q3,altin_sdr,K,yukumluluk,9130622.0,0.0,2193226.0
2018-Q3,altin_sdr,D,varlik,9130622.0,0.0,2193226.0
2018-Q3,altin_sdr,D,yukumluluk,8230180.15,0.0,1976457.08
2018-Q3,altin_sdr,U,varlik,0.0,,0.0
2018-Q3,altin_sdr,U,yukumluluk,107329868.0,,2096809.0
2018-Q3,para_mevduat,H,varlik,1275425678.2263,7852012.9756000005,136848148.46080017
2018-Q3,para_mevduat,H,yukumluluk,0.0,0.0,0.0
2018-Q3,para_mevduat,F,varlik,733019342.3583,-15141019.1662,114924604.45419998
2018-Q3,para_mevduat,F,yukumluluk,0.0,0.0,0.0
2018-Q3,para_mevduat,B,varlik,188242505.49750003,33307567.882100005,16709835.712300014
2018-Q3,para_mevduat,B,yukumluluk,1683595133.9736001,77404489.4629,132148427.32530014
2018-Q3,para_mevduat,K,varlik,328624206.7493,32893573.682899997,47696303.5448
2018-Q3,para_mevduat,K,yukumluluk,607591582.7474,-94794614.8318,128108622.69050004
2018-Q3,para_mevduat,D,varlik,375613511.8965,57711240.1437,62101300.96059999
2018-Q3,para_mevduat,D,yukumluluk,609738528.0,134013500.8871,118023143.1129
2018-Q3,para_mevduat,U,varlik,0.0,,0.0
2018-Q3,para_mevduat,U,yukumluluk,0.006899833679199219,,0.0039000511169433594
2018-Q3,borclanma_senedi,H,varlik,33716827.9947,-3246080.5192,2130491.279599997
2018-Q3,borclanma_senedi,H,yukumluluk,0.0,0.0,0.0
2018-Q3,borclanma_senedi,F,varlik,39185674.8882,-8581896.4401,1462577.8506999984
2018-Q3,borclanma_senedi,F,yukumluluk,75933733.4335,-3961874.721,16962752.25320001
2018-Q3,borclanma_senedi,B,varlik,481605810.61029994,36807130.396699995,9516868.106900007
2018-Q3,borclanma_senedi,B,yukumluluk,278585775.226,-64752.5827,50587949.70470001
2018-Q3,borclanma_senedi,K,varlik,214830703.491,-82785120.47659999,68526281.68039998
2018-Q3,borclanma_senedi,K,yukumluluk,864983083.3246,38824385.138,57900471.085899964
2018-Q3,borclanma_senedi,D,varlik,642880800.0,-10849134.0,119694990.0
2018-Q3,borclanma_senedi,D,yukumluluk,192717225.0,-103452858.8736,75880035.8736
2018-Q3,borclanma_senedi,U,varlik,0.0,,-0.00020003318786621094
2018-Q3,borclanma_senedi,U,yukumluluk,0.00010013580322265625,,0.00010013580322265625
2018-Q3,kredi,H,varlik,1205924.8176,149938.9857,193708.82909999994
2018-Q3,kredi,H,yukumluluk,559693431.9246,-63986569.1464,67596518.43709996
2018-Q3,kredi,F,varlik,47885015.0759,1557439.0925,11239637.576900007
2018-Q3,kredi,F,yukumluluk,2754730833.1145,-117072931.1131,509707249.3028001
2018-Q3,kredi,B,varlik,2609588687.9696,-77150502.9865,359938151.62220025
2018-Q3,kredi,B,yukumluluk,765732030.7057,61782037.8417,113010174.3853
2018-Q3,kredi,K,varlik,338013176.7051,22253581.253599998,35375102.15289998
2018-Q3,kredi,K,yukumluluk,226865408.8234,9012068.8632,42240479.95569999
2018-Q3,kredi,D,varlik,1413889425.0,-56359423.0,350444944.0
2018-Q3,kredi,D,yukumluluk,103560525.0,716426.9,24637122.1
2018-Q3,kredi,U,varlik,0.0,,-0.00010013580322265625
2018-Q3,kredi,U,yukumluluk,0.0,,0.0
2018-Q3,hisse_ozkaynak,H,varlik,164547133.998,-3769918.9712,7850009.350299995
2018-Q3,hisse_ozkaynak,H,yukumluluk,42510221.7024,2313005.007,-9.313225746154785e-10
2018-Q3,hisse_ozkaynak,F,varlik,221367770.0104,641842.2158,45845771.930199996
2018-Q3,hisse_ozkaynak,F,yukumluluk,556215044.7812,3392283.6014,-42600717.4807999
2018-Q3,hisse_ozkaynak,B,varlik,64923501.7011,952232.0630000001,12841614.7227
2018-Q3,hisse_ozkaynak,B,yukumluluk,356341274.8732,-4513228.8224,-8333096.4725
2018-Q3,hisse_ozkaynak,K,varlik,199077906.752,-84029023.7081,93135120.75470002
2018-Q3,hisse_ozkaynak,K,yukumluluk,206741421.1048,-85463070.0601,118768538.58479999
2018-Q3,hisse_ozkaynak,D,varlik,769046400.0,4751458.0,-30267106.0
2018-Q3,hisse_ozkaynak,D,yukumluluk,257154750.0,2817599.8736,61570686.1264
2018-Q3,hisse_ozkaynak,U,varlik,0.00010013580322265625,,2.384185791015625e-07
2018-Q3,hisse_ozkaynak,U,yukumluluk,0.0,,0.0
2018-Q3,sigorta_emeklilik,H,varlik,133059045.1526,2502381.7077,5149952.951500013
2018-Q3,sigorta_emeklilik,H,yukumluluk,0.0,0.0,0.0
2018-Q3,sigorta_emeklilik,F,varlik,20316306.5319,670671.5009,-21926.739900000044
2018-Q3,sigorta_emeklilik,F,yukumluluk,0.0,0.0,0.0
2018-Q3,sigorta_emeklilik,B,varlik,0.0,0.0,0.0
2018-Q3,sigorta_emeklilik,B,yukumluluk,138967352.6633,3278616.9641,5114150.677500013
2018-Q3,sigorta_emeklilik,K,varlik,0.0,0.0,0.0
2018-Q3,sigorta_emeklilik,K,yukumluluk,14407999.0212,-105563.7556,13875.534100000019
2018-Q3,sigorta_emeklilik,D,varlik,0.0,0.0,0.0
2018-Q3,sigorta_emeklilik,D,yukumluluk,0.0,0.0,0.0
2018-Q3,sigorta_emeklilik,U,varlik,0.0,,-0.00010001659393310547
2018-Q3,sigorta_emeklilik,U,yukumluluk,0.0,,0.0
2018-Q3,turev,H,varlik,97890.0,147836.0245,-127614.0245
2018-Q3,turev,H,yukumluluk,1522178.0,81624.6743,1225564.3257
2018-Q3,turev,F,varlik,8568757.0,2991761.9969,659019.0030999999
2018-Q3,turev,F,yukumluluk,15539815.0,5449513.5476,1237867.4523999998
2018-Q3,turev,B,varlik,107055021.3,48867351.2592,6457179.588799998
2018-Q3,turev,B,yukumluluk,73762449.3,36228724.1305,3472429.7174999937
2018-Q3,turev,K,varlik,0.0,0.0,0.0
2018-Q3,turev,K,yukumluluk,0.0,0.0,0.0
2018-Q3,turev,D,varlik,65355692.0,33199753.9109,2780730.0890999995
2018-Q3,turev,D,yukumluluk,90252918.0,43446840.8391,3833453.1608999968
2018-Q3,turev,U,varlik,0.0,,0.0
2018-Q3,turev,U,yukumluluk,0.0,,0.0
2018-Q3,diger,H,varlik,39077548.9433,2471820.1752,326013.32480000006
2018-Q3,diger,H,yukumluluk,19878619.2964,-36079.1949,916124.7911999985
2018-Q3,diger,F,varlik,320172930.0701,5770883.3429,53190287.96020002
2018-Q3,diger,F,yukumluluk,393153527.7641,811895.4555,52774236.6016
2018-Q3,diger,B,varlik,117607591.6262,19646398.1331,11470313.967700008
2018-Q3,diger,B,yukumluluk,155435597.5238,13753013.4607,12153266.644099986
2018-Q3,diger,K,varlik,215566179.4251,9598465.5611,6152603.951700008
2018-Q3,diger,K,yukumluluk,113432616.3007,7515452.6598000005,4689687.469499998
2018-Q3,diger,D,varlik,201723932.3409,-15897702.8,49368579.65190001
2018-Q3,diger,D,yukumluluk,212247821.5207,-454417.9688,49974483.35000002
2018-Q3,diger,U,varlik,9.989738464355469e-05,,9.989738464355469e-05
2018-Q3,diger,U,yukumluluk,0.0,,0.0
2018-Q4,altin_sdr,H,varlik,0.0,0.0,0.0
2018-Q4,altin_sdr,H,yukumluluk,0.0,0.0,0.0
2018-Q4,altin_sdr,F,varlik,0.0,0.0,0.0
2018-Q4,altin_sdr,F,yukumluluk,0.0,0.0,0.0
2018-Q4,altin_sdr,B,varlik,0.0,0.0,0.0
2018-Q4,altin_sdr,B,yukumluluk,0.0,0.0,0.0
2018-Q4,altin_sdr,K,varlik,112993849.48,5356781.4288,-7922980.098800002
2018-Q4,altin_sdr,K,yukumluluk,7844169.0,0.0,-1286453.0
2018-Q4,altin_sdr,D,varlik,7844169.0,0.0,-1286453.0
2018-Q4,altin_sdr,D,yukumluluk,7089830.48,0.0,-1140349.67
2018-Q4,altin_sdr,U,varlik,0.0,,0.0
2018-Q4,altin_sdr,U,yukumluluk,105904019.0,,-1425849.0
2018-Q4,para_mevduat,H,varlik,1233753007.9745002,37964136.347399995,-79636806.59919982
2018-Q4,para_mevduat,H,yukumluluk,0.0,0.0,0.0
2018-Q4,para_mevduat,F,varlik,674783939.0734,7800869.5423,-66036272.82719995
2018-Q4,para_mevduat,F,yukumluluk,0.0,0.0,0.0
2018-Q4,para_mevduat,B,varlik,144655613.1644,-830456.4131000042,-42756435.92000002
2018-Q4,para_mevduat,B,yukumluluk,1597521507.8617,50015430.0299,-136089056.1418001
2018-Q4,para_mevduat,K,varlik,351549398.33860004,52993934.3774,-30068742.788099967
2018-Q4,para_mevduat,K,yukumluluk,553592001.8248,-5820316.0242,-48179264.89840003
2018-Q4,para_mevduat,D,varlik,316871225.1429,-11418882.6965,-47323404.0571
2018-Q4,para_mevduat,D,yukumluluk,570499674.0,42314487.152,-81553341.15200001
2018-Q4,para_mevduat,U,varlik,0.0,,0.0
2018-Q4,para_mevduat,U,yukumluluk,0.007300376892089844,,0.000400543212890625
2018-Q4,borclanma_senedi,H,varlik,33380131.6225,951268.6599000001,-1287965.0321000011
2018-Q4,borclanma_senedi,H,yukumluluk,0.0,0.0,0.0
2018-Q4,borclanma_senedi,F,varlik,36913989.8922,-1842459.7796,-429225.21639999934
2018-Q4,borclanma_senedi,F,yukumluluk,67043992.4589,404002.2199,-9293743.19450001
2018-Q4,borclanma_senedi,B,varlik,514066303.24740005,24671829.0343,7788663.602800101
2018-Q4,borclanma_senedi,B,yukumluluk,240277392.7374,-10556479.0998,-27751903.388800018
2018-Q4,borclanma_senedi,K,varlik,157201872.9176,-32243603.4356,-25385227.13779999
2018-Q4,borclanma_senedi,K,yukumluluk,885270132.4835,38891052.0703,-18604002.911399975
2018-Q4,borclanma_senedi,D,varlik,584838360.0,8452755.8707,-66495195.8707
2018-Q4,borclanma_senedi,D,yukumluluk,133809140.0,-28748784.8406,-30159300.1594
2018-Q4,borclanma_senedi,U,varlik,0.00010013580322265625,,0.00010013580322265625
2018-Q4,borclanma_senedi,U,yukumluluk,0.0,,-0.00010013580322265625
2018-Q4,kredi,H,varlik,1352944.3486,295517.88670000003,-148498.35570000007
2018-Q4,kredi,H,yukumluluk,548024968.971,-11586457.0552,-82005.89840004966
2018-Q4,kredi,F,varlik,34630467.5627,310730.0695,-13565277.5827
2018-Q4,kredi,F,yukumluluk,2478875600.7446,11982115.2654,-287837347.6353002
2018-Q4,kredi,B,varlik,2452975362.5179,36253212.3899,-192866537.8416002
2018-Q4,kredi,B,yukumluluk,635006532.0231,-45962997.694,-84762500.98860002
2018-Q4,kredi,K,varlik,277078717.0391,-48506982.9444,-12427476.721600011
2018-Q4,kredi,K,yukumluluk,210850169.7297,-552207.6145,-15463031.479199992
2018-Q4,kredi,D,varlik,1191821320.0,-30766296.0,-191301809.0
2018-Q4,kredi,D,yukumluluk,85101540.0,3705728.5,-22164713.5
2018-Q4,kredi,U,varlik,9.965896606445312e-05,,9.965896606445312e-05
2018-Q4,kredi,U,yukumluluk,0.0,,0.0
2018-Q4,hisse_ozkaynak,H,varlik,156599758.9822,-5183278.4038,-2764096.611999999
2018-Q4,hisse_ozkaynak,H,yukumluluk,40993167.6835,-1517054.0189,4.656612873077393e-10
2018-Q4,hisse_ozkaynak,F,varlik,194187853.6394,2859416.0962,-30039332.467199992
2018-Q4,hisse_ozkaynak,F,yukumluluk,508833055.5403,1332123.5949,-48714112.83580004
2018-Q4,hisse_ozkaynak,B,varlik,59856670.4398,353733.8396,-5420565.100899997
2018-Q4,hisse_ozkaynak,B,yukumluluk,481012925.1775,7110232.4676,117561417.8367
2018-Q4,hisse_ozkaynak,K,varlik,197983585.9525,-85551515.7126,84457194.91309997
2018-Q4,hisse_ozkaynak,K,yukumluluk,215042980.6126,-86773782.0648,95075341.5726
2018-Q4,hisse_ozkaynak,D,varlik,850489400.0,14007661.0,67435339.0
2018-Q4,hisse_ozkaynak,D,yukumluluk,213235140.0,6334496.8406,-50254106.8406
2018-Q4,hisse_ozkaynak,U,varlik,0.0,,-0.00010013580322265625
2018-Q4,hisse_ozkaynak,U,yukumluluk,0.0,,0.0
2018-Q4,sigorta_emeklilik,H,varlik,139205932.7942,1934115.1338,4212772.507799998
2018-Q4,sigorta_emeklilik,H,yukumluluk,0.0,0.0,0.0
2018-Q4,sigorta_emeklilik,F,varlik,20987700.0499,2316579.0723,-1645185.554300001
2018-Q4,sigorta_emeklilik,F,yukumluluk,0.0,0.0,0.0
2018-Q4,sigorta_emeklilik,B,varlik,0.0,0.0,0.0
2018-Q4,sigorta_emeklilik,B,yukumluluk,142210682.5236,1065886.8531,2177443.0072000045
2018-Q4,sigorta_emeklilik,K,varlik,0.0,0.0,0.0
2018-Q4,sigorta_emeklilik,K,yukumluluk,17982950.3205,3184807.353,390143.9463000018
2018-Q4,sigorta_emeklilik,D,varlik,0.0,0.0,0.0
2018-Q4,sigorta_emeklilik,D,yukumluluk,0.0,0.0,0.0
2018-Q4,sigorta_emeklilik,U,varlik,0.0,,0.0
2018-Q4,sigorta_emeklilik,U,yukumluluk,0.0,,0.0
2018-Q4,turev,H,varlik,33819.0,-73212.2633,9141.263300000006
2018-Q4,turev,H,yukumluluk,479522.0,-171267.1286,-871388.8714000001
2018-Q4,turev,F,varlik,3398221.0,-3477998.849,-1692537.151
2018-Q4,turev,F,yukumluluk,10140868.0,-5791158.2021,392211.20210000034
2018-Q4,turev,B,varlik,53070604.998,-51714152.2509,-2270264.0510999933
2018-Q4,turev,B,yukumluluk,38355159.998,-33696596.0329,-1710693.2690999955
2018-Q4,turev,K,varlik,0.0,0.0,0.0
2018-Q4,turev,K,yukumluluk,0.0,0.0,0.0
2018-Q4,turev,D,varlik,35162379.0,-29940668.4676,-252644.53240000084
2018-Q4,turev,D,yukumluluk,42689474.0,-45547010.4672,-2016433.5327999964
2018-Q4,turev,U,varlik,0.0,,0.0
2018-Q4,turev,U,yukumluluk,0.0,,0.0
2018-Q4,diger,H,varlik,39849595.5933,867436.6738,-95390.02380000148
2018-Q4,diger,H,yukumluluk,20160929.6271,355212.9237,-72902.5930000011
2018-Q4,diger,F,varlik,327598982.805,38889981.4469,-31463928.712000005
2018-Q4,diger,F,yukumluluk,374030081.9011,20808620.4193,-39932066.28230004
2018-Q4,diger,B,varlik,111621081.7612,740356.7649,-6726866.629900009
2018-Q4,diger,B,yukumluluk,154077062.28800002,6775342.093599999,-8133877.329399968
2018-Q4,diger,K,varlik,234217386.9342,14645441.7431,4005765.7659999896
2018-Q4,diger,K,yukumluluk,120138373.59,4176422.2433999996,2529335.04590001
2018-Q4,diger,D,varlik,164401342.307,408422.1401,-37731012.173999995
2018-Q4,diger,D,yukumluluk,209281941.9945,23436041.0887,-26401920.614899997
2018-Q4,diger,U,varlik,1.1920928955078125e-07,,-9.97781753540039e-05
2018-Q4,diger,U,yukumluluk,0.0,,0.0
2019-Q1,altin_sdr,H,varlik,0.0,0.0,0.0
2019-Q1,altin_sdr,H,yukumluluk,0.0,0.0,0.0
2019-Q1,altin_sdr,F,varlik,0.0,0.0,0.0
2019-Q1,altin_sdr,F,yukumluluk,0.0,0.0,0.0
2019-Q1,altin_sdr,B,varlik,0.0,0.0,0.0
2019-Q1,altin_sdr,B,yukumluluk,0.0,0.0,0.0
2019-Q1,altin_sdr,K,varlik,123728878.0,1680904.0086,9054124.511399996
2019-Q1,altin_sdr,K,yukumluluk,8258559.0,0.0,414390.0
2019-Q1,altin_sdr,D,varlik,8258559.0,0.0,414390.0
2019-Q1,altin_sdr,D,yukumluluk,8258559.0,0.0,1168728.5199999996
2019-Q1,altin_sdr,U,varlik,0.0,,0.0
2019-Q1,altin_sdr,U,yukumluluk,115470319.0,,9566300.0
2019-Q1,para_mevduat,H,varlik,1302245253.9392,38278355.076799996,30213890.88789975
2019-Q1,para_mevduat,H,yukumluluk,0.0,0.0,0.0
2019-Q1,para_mevduat,F,varlik,778517452.0599,79423217.5319,24310295.45460002
2019-Q1,para_mevduat,F,yukumluluk,0.0,0.0,0.0
2019-Q1,para_mevduat,B,varlik,213110555.98189998,53957804.9636,14497137.853899963
2019-Q1,para_mevduat,B,yukumluluk,1733726809.1883001,194159511.40579998,-57954210.07919991
2019-Q1,para_mevduat,K,varlik,393192935.5485,33100739.1016,8542798.108299963
2019-Q1,para_mevduat,K,yukumluluk,586724981.9272,2157886.9121,30975093.190299947
2019-Q1,para_mevduat,D,varlik,277553855.8055,39311638.9102,-78629008.24760002
2019-Q1,para_mevduat,D,yukumluluk,644168262.2194,47754357.2663,25914230.953100048
2019-Q1,para_mevduat,U,varlik,0.0,,0.0
2019-Q1,para_mevduat,U,yukumluluk,0.00010013580322265625,,-0.0072002410888671875
2019-Q1,borclanma_senedi,H,varlik,47933660.485,14282129.2951,271399.567400001
2019-Q1,borclanma_senedi,H,yukumluluk,0.0,0.0,0.0
2019-Q1,borclanma_senedi,F,varlik,55582155.8868,18584134.3392,84031.65539999679
2019-Q1,borclanma_senedi,F,yukumluluk,81206385.8134,9828317.5054,4334075.849100003
2019-Q1,borclanma_senedi,B,varlik,537137127.8215,26454973.032800004,-3384148.4587001055
2019-Q1,borclanma_senedi,B,yukumluluk,279229811.0694,30388996.2555,8563422.076500017
2019-Q1,borclanma_senedi,K,varlik,179182275.5423,15416254.8883,6564147.73639998
2019-Q1,borclanma_senedi,K,yukumluluk,935761632.8527,52039230.6768,-1547730.3076000065
2019-Q1,borclanma_senedi,D,varlik,635085490.0,40345348.606,9901781.394000001
2019-Q1,borclanma_senedi,D,yukumluluk,158722880.0,22826295.7236,2087444.2763999999
2019-Q1,borclanma_senedi,U,varlik,0.0,,-0.00010013580322265625
2019-Q1,borclanma_senedi,U,yukumluluk,0.00010013580322265625,,0.00010013580322265625
2019-Q1,kredi,H,varlik,1632979.9579,219540.05659999998,60495.552700000146
2019-Q1,kredi,H,yukumluluk,549749719.0494,1706559.2075999998,18190.870800015982
2019-Q1,kredi,F,varlik,36242776.8691,-489057.418,2101366.7243999937
2019-Q1,kredi,F,yukumluluk,2612881988.6734,11455673.5256,122550714.4032001
2019-Q1,kredi,B,varlik,2539469318.4029,-14346538.662699997,100840494.54770023
2019-Q1,kredi,B,yukumluluk,600746573.0486,-58871678.6543,24611719.679799937
2019-Q1,kredi,K,varlik,263476497.7064,-24663081.3592,11060862.026500016
2019-Q1,kredi,K,yukumluluk,219821294.1646,-4261072.062,13232196.496900015
2019-Q1,kredi,D,varlik,1230756276.0,-12480199.0,51415155.0
2019-Q1,kredi,D,yukumluluk,88378274.0,-1788818.4,5065552.4
2019-Q1,kredi,U,varlik,0.0,,-9.965896606445312e-05
2019-Q1,kredi,U,yukumluluk,0.0003008842468261719,,0.0003008842468261719
2019-Q1,hisse_ozkaynak,H,varlik,179255243.6413,18950587.0051,3704897.6539999954
2019-Q1,hisse_ozkaynak,H,yukumluluk,42400582.3988,1407414.7153,1.1641532182693481e-09
2019-Q1,hisse_ozkaynak,F,varlik,201530413.3088,12786.7686,7329772.900800006
2019-Q1,hisse_ozkaynak,F,yukumluluk,552403031.4323,-30994985.3996,74564961.29159996
2019-Q1,hisse_ozkaynak,B,varlik,64141481.7013,162711.6533,4122099.608200001
2019-Q1,hisse_ozkaynak,B,yukumluluk,439432462.6811,27660055.5932,-69240518.0896
2019-Q1,hisse_ozkaynak,K,varlik,209237398.7721,-110582586.5556,121836399.37520002
2019-Q1,hisse_ozkaynak,K,yukumluluk,193525460.9113,-81475362.3139,59957842.6126
2019-Q1,hisse_ozkaynak,D,varlik,801423078.0,14184901.0,-63251223.0
2019-Q1,hisse_ozkaynak,D,yukumluluk,227826078.0,6131277.2764,8459660.7236
2019-Q1,hisse_ozkaynak,U,varlik,0.0,,0.0
2019-Q1,hisse_ozkaynak,U,yukumluluk,0.0,,0.0
2019-Q1,sigorta_emeklilik,H,varlik,145485294.8065,5426076.3858,853285.6264999844
2019-Q1,sigorta_emeklilik,H,yukumluluk,0.0,0.0,0.0
2019-Q1,sigorta_emeklilik,F,varlik,23303381.9921,1176004.8744,1139677.0678000012
2019-Q1,sigorta_emeklilik,F,yukumluluk,0.0,0.0,0.0
2019-Q1,sigorta_emeklilik,B,varlik,0.0,0.0,0.0
2019-Q1,sigorta_emeklilik,B,yukumluluk,151028102.8248,6733535.3914,2083884.9098000024
2019-Q1,sigorta_emeklilik,K,varlik,0.0,0.0,0.0
2019-Q1,sigorta_emeklilik,K,yukumluluk,17760573.9737,-131454.1312,-90922.21559999947
2019-Q1,sigorta_emeklilik,D,varlik,0.0,0.0,0.0
2019-Q1,sigorta_emeklilik,D,yukumluluk,0.0,0.0,0.0
2019-Q1,sigorta_emeklilik,U,varlik,0.0,,0.0
2019-Q1,sigorta_emeklilik,U,yukumluluk,9.998679161071777e-05,,9.998679161071777e-05
2019-Q1,turev,H,varlik,74948.0,7158.5005,33970.4995
2019-Q1,turev,H,yukumluluk,438413.0,19948.9549,-61057.9549
2019-Q1,turev,F,varlik,4082130.0,597891.9221,86017.07790000003
2019-Q1,turev,F,yukumluluk,11566135.0,1052619.4656,372647.5344
2019-Q1,turev,B,varlik,61322145.0,6831024.7572,1420515.2447999967
2019-Q1,turev,B,yukumluluk,34347259.0,-5763421.7521,1755520.7540999968
2019-Q1,turev,K,varlik,0.0,0.0,0.0
2019-Q1,turev,K,yukumluluk,0.0,0.0,0.0
2019-Q1,turev,D,varlik,29048053.0,-6675397.623,561071.6229999997
2019-Q1,turev,D,yukumluluk,48175469.0,5451530.8885,34464.11149999965
2019-Q1,turev,U,varlik,0.0,,0.0
2019-Q1,turev,U,yukumluluk,0.0,,0.0
2019-Q1,diger,H,varlik,42409706.0445,2526663.8927999996,33446.55840000138
2019-Q1,diger,H,yukumluluk,22607411.0448,2426784.0168,19697.40090000024
2019-Q1,diger,F,varlik,320394876.7783,-13990628.2618,6786522.235099981
2019-Q1,diger,F,yukumluluk,343145180.7678,-17848275.4196,-13036625.713700008
2019-Q1,diger,B,varlik,105137758.1305,2392728.0512,-8876051.681899993
2019-Q1,diger,B,yukumluluk,161413652.2313,6885688.9168,450901.0264999792
2019-Q1,diger,K,varlik,214117010.7684,-27543548.3105,7443172.144700024
2019-Q1,diger,K,yukumluluk,125189513.8724,-2052595.8668000002,7103736.149199997
2019-Q1,diger,D,varlik,177176909.9271,17637425.3517,-4861857.731600009
2019-Q1,diger,D,yukumluluk,206880503.7325,-8388960.5751,5987522.313099975
2019-Q1,diger,U,varlik,0.0,,-1.1920928955078125e-07
2019-Q1,diger,U,yukumluluk,0.0,,0.0
2019-Q2,altin_sdr,H,varlik,0.0,0.0,0.0
2019-Q2,altin_sdr,H,yukumluluk,0.0,0.0,0.0
2019-Q2,altin_sdr,F,varlik,0.0,0.0,0.0
2019-Q2,altin_sdr,F,yukumluluk,0.0,0.0,0.0
2019-Q2,altin_sdr,B,varlik,0.0,0.0,0.0
2019-Q2,altin_sdr,B,yukumluluk,0.0,0.0,0.0
2019-Q2,altin_sdr,K,varlik,140374341.0,2740130.487,13905332.513
2019-Q2,altin_sdr,K,yukumluluk,8592386.0,0.0,333827.0
2019-Q2,altin_sdr,D,varlik,8592386.0,0.0,333827.0
2019-Q2,altin_sdr,D,yukumluluk,8592386.0,0.0,333827.0
2019-Q2,altin_sdr,U,varlik,0.0,,0.0
2019-Q2,altin_sdr,U,yukumluluk,131781955.0,,16311636.0
2019-Q2,para_mevduat,H,varlik,1384942210.364,55755521.8191,26941434.605700158
2019-Q2,para_mevduat,H,yukumluluk,0.0,0.0,0.0
2019-Q2,para_mevduat,F,varlik,780381962.0788,-16978373.9745,18842883.993399918
2019-Q2,para_mevduat,F,yukumluluk,0.0,0.0,0.0
2019-Q2,para_mevduat,B,varlik,187936115.7037,-37904528.5732,12730088.295000032
2019-Q2,para_mevduat,B,yukumluluk,1723541429.2354,-59514296.5445,49328916.59159983
2019-Q2,para_mevduat,K,varlik,359393607.1689,-48004477.9768,14205149.597200014
2019-Q2,para_mevduat,K,yukumluluk,614715638.2098,23633492.5036,4357163.779000044
2019-Q2,para_mevduat,D,varlik,277176669.4386,-9378120.0666,9000933.699700033
2019-Q2,para_mevduat,D,yukumluluk,651573497.3088,-20629174.7311,28034409.820499934
2019-Q2,para_mevduat,U,varlik,0.0,,0.0
2019-Q2,para_mevduat,U,yukumluluk,4.76837158203125e-07,,-9.965896606445312e-05
2019-Q2,borclanma_senedi,H,varlik,53384951.792600006,8986172.223399999,-3534880.915799992
2019-Q2,borclanma_senedi,H,yukumluluk,0.0,0.0,0.0
2019-Q2,borclanma_senedi,F,varlik,61036767.9202,7316883.541,-1862271.507600001
2019-Q2,borclanma_senedi,F,yukumluluk,74864348.6345,-9719631.5413,3377594.362399997
2019-Q2,borclanma_senedi,B,varlik,652274237.0934,89071546.1785,26065563.09340006
2019-Q2,borclanma_senedi,B,yukumluluk,287979423.9558,29946703.5893,-21197090.702900015
2019-Q2,borclanma_senedi,K,varlik,184880360.5568,-2396739.7662,8094824.780700022
2019-Q2,borclanma_senedi,K,yukumluluk,1037266736.7726,53170821.1689,48334282.75100006
2019-Q2,borclanma_senedi,D,varlik,609543065.0,-24041732.0,-1500693.0
2019-Q2,borclanma_senedi,D,yukumluluk,161008873.0,5538236.9599,-3252243.9599
2019-Q2,borclanma_senedi,U,varlik,0.0,,0.0
2019-Q2,borclanma_senedi,U,yukumluluk,9.989738464355469e-05,,-2.384185791015625e-07
2019-Q2,kredi,H,varlik,2076131.7493999999,399887.74879999994,43264.042699999874
2019-Q2,kredi,H,yukumluluk,555435653.2204,5668940.0123,16994.15870000422
2019-Q2,kredi,F,varlik,37266526.1172,-412765.9381,1436515.186200005
2019-Q2,kredi,F,yukumluluk,2663566043.2534,121482205.6452,-70798151.06520008
2019-Q2,kredi,B,varlik,2603527353.5086,156295528.7761,-92237493.6704
2019-Q2,kredi,B,yukumluluk,671064312.1178,45103672.2952,25214066.77400004
2019-Q2,kredi,K,varlik,224598184.30699998,30406960.795500003,-69285274.19490004
2019-Q2,kredi,K,yukumluluk,147186234.0904,-7684289.8703,-64950770.2039
2019-Q2,kredi,D,varlik,1255118346.0,-27112889.1,51474959.1
2019-Q2,kredi,D,yukumluluk,85334299.0,-4993805.8,1949830.7999999998
2019-Q2,kredi,U,varlik,0.0,,0.0
2019-Q2,kredi,U,yukumluluk,0.00020074844360351562,,-0.00010013580322265625
2019-Q2,hisse_ozkaynak,H,varlik,189060588.1719,5240896.9271,4564447.603500011
2019-Q2,hisse_ozkaynak,H,yukumluluk,43838240.0357,1437657.6369,2.3283064365386963e-10
2019-Q2,hisse_ozkaynak,F,varlik,217487806.3665,3784818.629,12172574.428699978
2019-Q2,hisse_ozkaynak,F,yukumluluk,528435248.8083,-3768711.0223,-20199071.601699952
2019-Q2,hisse_ozkaynak,B,varlik,68220017.6155,522831.43529999995,3555704.4789000005
2019-Q2,hisse_ozkaynak,B,yukumluluk,524776601.29859996,9296212.464,76047926.15349995
2019-Q2,hisse_ozkaynak,K,varlik,213435819.2311,-90914773.4403,95113193.8993
2019-Q2,hisse_ozkaynak,K,yukumluluk,206106652.2424,-91662986.7677,104244178.09879999
2019-Q2,hisse_ozkaynak,D,varlik,857835483.0,7687512.0,48724893.0
2019-Q2,hisse_ozkaynak,D,yukumluluk,242882972.0,11019113.2401,4037780.7599
2019-Q2,hisse_ozkaynak,U,varlik,0.0,,0.0
2019-Q2,hisse_ozkaynak,U,yukumluluk,0.0,,0.0
2019-Q2,sigorta_emeklilik,H,varlik,156942425.3698,3285123.3146,8172007.248700013
2019-Q2,sigorta_emeklilik,H,yukumluluk,0.0,0.0,0.0
2019-Q2,sigorta_emeklilik,F,varlik,24615805.3453,1385956.7503,-73533.39710000018
2019-Q2,sigorta_emeklilik,F,yukumluluk,0.0,0.0,0.0
2019-Q2,sigorta_emeklilik,B,varlik,0.0,0.0,0.0
2019-Q2,sigorta_emeklilik,B,yukumluluk,163712146.2721,4655467.4021,8028576.0451999875
2019-Q2,sigorta_emeklilik,K,varlik,0.0,0.0,0.0
2019-Q2,sigorta_emeklilik,K,yukumluluk,17846084.443,15612.6629,69897.80639999814
2019-Q2,sigorta_emeklilik,D,varlik,0.0,0.0,0.0
2019-Q2,sigorta_emeklilik,D,yukumluluk,0.0,0.0,0.0
2019-Q2,sigorta_emeklilik,U,varlik,0.0,,0.0
2019-Q2,sigorta_emeklilik,U,yukumluluk,0.0,,-9.998679161071777e-05
2019-Q2,turev,H,varlik,42531.0,3403.014,-35820.014
2019-Q2,turev,H,yukumluluk,270168.0,-24593.0741,-143651.9259
2019-Q2,turev,F,varlik,3878263.0,-106157.4159,-97709.5841
2019-Q2,turev,F,yukumluluk,10809358.0,-2552827.8946,1796050.8946000002
2019-Q2,turev,B,varlik,45846750.998,-15311041.7387,-164352.26329999603
2019-Q2,turev,B,yukumluluk,34208508.998,858728.1633,-997478.1652999966
2019-Q2,turev,K,varlik,0.0,0.0,0.0
2019-Q2,turev,K,yukumluluk,0.0,0.0,0.0
2019-Q2,turev,D,varlik,30838990.0,1146328.618,644608.382
2019-Q2,turev,D,yukumluluk,35318500.0,-12548774.7171,-308194.2829
2019-Q2,turev,U,varlik,0.0,,0.0
2019-Q2,turev,U,yukumluluk,0.0,,0.0
2019-Q2,diger,H,varlik,41110229.5642,-1333741.3033999999,34264.82309999806
2019-Q2,diger,H,yukumluluk,21854600.8458,-772511.8174,19701.61840000283
2019-Q2,diger,F,varlik,324238261.9396,-3324130.484,7167515.645300004
2019-Q2,diger,F,yukumluluk,376720244.1232,44143783.6103,-10568720.254899971
2019-Q2,diger,B,varlik,107118851.3115,-208157.3714,2189250.5523999943
2019-Q2,diger,B,yukumluluk,155148517.1751,-6681101.8734,415966.81720000226
2019-Q2,diger,K,varlik,225994678.7142,3248674.0359,8628993.909899976
2019-Q2,diger,K,yukumluluk,126867810.9269,-10273034.658300001,11951331.7128
2019-Q2,diger,D,varlik,193064093.39,23691306.466,-7804123.003100015
2019-Q2,diger,D,yukumluluk,210934941.8484,-4343183.9182,8397622.034100011
2019-Q2,diger,U,varlik,0.0,,0.0
2019-Q2,diger,U,yukumluluk,0.00010001659393310547,,0.00010001659393310547
2019-Q3,altin_sdr,H,varlik,0.0,0.0,0.0
2019-Q3,altin_sdr,H,yukumluluk,0.0,0.0,0.0
2019-Q3,altin_sdr,F,varlik,0.0,0.0,0.0
2019-Q3,altin_sdr,F,yukumluluk,0.0,0.0,0.0
2019-Q3,altin_sdr,B,varlik,0.0,0.0,0.0
2019-Q3,altin_sdr,B,yukumluluk,0.0,0.0,0.0
2019-Q3,altin_sdr,K,varlik,154679916.0,8491775.8531,5813799.1469
2019-Q3,altin_sdr,K,yukumluluk,8275808.0,0.0,-316578.0
2019-Q3,altin_sdr,D,varlik,8275808.0,0.0,-316578.0
2019-Q3,altin_sdr,D,yukumluluk,8275808.0,0.0,-316578.0
2019-Q3,altin_sdr,U,varlik,0.0,,0.0
2019-Q3,altin_sdr,U,yukumluluk,146404108.0,,14622153.0
2019-Q3,para_mevduat,H,varlik,1451592499.6755002,88679764.3899,-22029475.078399926
2019-Q3,para_mevduat,H,yukumluluk,0.0,0.0,0.0
2019-Q3,para_mevduat,F,varlik,794336399.3487,30938921.6683,-16984484.398399916
2019-Q3,para_mevduat,F,yukumluluk,0.0,0.0,0.0
2019-Q3,para_mevduat,B,varlik,225903936.99550003,40423131.71520001,-2455310.423399985
2019-Q3,para_mevduat,B,yukumluluk,1850603478.6232,144963521.8318,-17901472.444000036
2019-Q3,para_mevduat,K,varlik,380461808.5647,39954900.72539999,-18886699.3296
2019-Q3,para_mevduat,K,yukumluluk,626044887.8066001,44055058.1631,-32725808.566299908
2019-Q3,para_mevduat,D,varlik,268734437.0686,-661911.1878,-7780321.182200005
2019-Q3,para_mevduat,D,yukumluluk,644380715.2233,10316227.3161,-17509009.401600003
2019-Q3,para_mevduat,U,varlik,9.918212890625e-05,,9.918212890625e-05
2019-Q3,para_mevduat,U,yukumluluk,0.0,,-4.76837158203125e-07
2019-Q3,borclanma_senedi,H,varlik,48038464.573,-5835091.3448,488604.12519999314
2019-Q3,borclanma_senedi,H,yukumluluk,0.0,0.0,0.0
2019-Q3,borclanma_senedi,F,varlik,60159894.6804,-716547.8607,-160325.37909999874
2019-Q3,borclanma_senedi,F,yukumluluk,74938533.0751,1023474.2793,-949289.8386999923
2019-Q3,borclanma_senedi,B,varlik,721611981.5035,26107086.620399997,43230657.78969999
2019-Q3,borclanma_senedi,B,yukumluluk,269734637.0783,-15270328.15,-2974458.7274999972
2019-Q3,borclanma_senedi,K,varlik,201636438.6196,24180995.6856,-7424917.622800011
2019-Q3,borclanma_senedi,K,yukumluluk,1107878558.423,42720231.7473,27891589.903100044
2019-Q3,borclanma_senedi,D,varlik,597816005.8,14584311.5,-26311370.700000048
2019-Q3,borclanma_senedi,D,yukumluluk,176711056.6,29847376.7241,-14145193.124100007
2019-Q3,borclanma_senedi,U,varlik,0.0,,0.0
2019-Q3,borclanma_senedi,U,yukumluluk,9.989738464355469e-05,,0.0
2019-Q3,kredi,H,varlik,2173265.7835,150699.47420000003,-53565.44009999998
2019-Q3,kredi,H,yukumluluk,582614343.0519,27188790.4747,-10100.643199946731
2019-Q3,kredi,F,varlik,37124107.478,558117.3714,-700536.0106000019
2019-Q3,kredi,F,yukumluluk,2619900774.3964,126770891.201,-170436160.05799988
2019-Q3,kredi,B,varlik,2625435438.9997,168187176.0138,-146279090.52270016
2019-Q3,kredi,B,yukumluluk,602455138.2031,-48160400.301,-20448773.613700032
2019-Q3,kredi,K,varlik,180296298.2649,-44231038.7602,-70847.2818999812
2019-Q3,kredi,K,yukumluluk,137307412.9747,-8561518.3355,-1317302.7802000064
2019-Q3,kredi,D,varlik,1183515878.5,-24049796.1,-47552671.4
2019-Q3,kredi,D,yukumluluk,86267320.4,3377394.96,-2444373.559999994
2019-Q3,kredi,U,varlik,0.0,,0.0
2019-Q3,kredi,U,yukumluluk,4.76837158203125e-07,,-0.0002002716064453125
2019-Q3,hisse_ozkaynak,H,varlik,200171768.973,-5163718.7196,16274899.520699985
2019-Q3,hisse_ozkaynak,H,yukumluluk,45151683.0975,1313443.0617,9.999563917517662e-05
2019-Q3,hisse_ozkaynak,F,varlik,224489441.0259,2786930.0762,4214704.583200016
2019-Q3,hisse_ozkaynak,F,yukumluluk,605941229.4618,-44020356.0785,121526336.73199996
2019-Q3,hisse_ozkaynak,B,varlik,70154382.5212,1033490.1714000001,900874.734299998
2019-Q3,hisse_ozkaynak,B,yukumluluk,659905550.8641,13151801.4373,121977148.12820002
2019-Q3,hisse_ozkaynak,K,varlik,216676129.9456,-122946790.4739,126187101.18840002
2019-Q3,hisse_ozkaynak,K,yukumluluk,159050341.2424,-93429782.2424,46373471.242400005
2019-Q3,hisse_ozkaynak,D,varlik,999476287.4,7301327.9,134339476.49999997
2019-Q3,hisse_ozkaynak,D,yukumluluk,240919205.2,5996132.7759,-7959899.575900012
2019-Q3,hisse_ozkaynak,U,varlik,9.989738464355469e-05,,9.989738464355469e-05
2019-Q3,hisse_ozkaynak,U,yukumluluk,0.0,,0.0
2019-Q3,sigorta_emeklilik,H,varlik,159619754.3514,-3282642.5583,5959971.539899986
2019-Q3,sigorta_emeklilik,H,yukumluluk,0.0,0.0,0.0
2019-Q3,sigorta_emeklilik,F,varlik,25127984.3743,287054.6667,225124.36229999916
2019-Q3,sigorta_emeklilik,F,yukumluluk,0.0,0.0,0.0
2019-Q3,sigorta_emeklilik,B,varlik,0.0,0.0,0.0
2019-Q3,sigorta_emeklilik,B,yukumluluk,166976949.251,-2560951.8299,5825754.808799986
2019-Q3,sigorta_emeklilik,K,varlik,0.0,0.0,0.0
2019-Q3,sigorta_emeklilik,K,yukumluluk,17770789.4747,-434636.0618,359341.0935000002
2019-Q3,sigorta_emeklilik,D,varlik,0.0,0.0,0.0
2019-Q3,sigorta_emeklilik,D,yukumluluk,0.0,0.0,0.0
2019-Q3,sigorta_emeklilik,U,varlik,0.0,,0.0
2019-Q3,sigorta_emeklilik,U,yukumluluk,0.0,,0.0
2019-Q3,turev,H,varlik,262896.0,42840.8393,177524.1607
2019-Q3,turev,H,yukumluluk,196912.0,-8003.6659,-65252.3341
2019-Q3,turev,F,varlik,4832239.0,1032221.7933,-78245.79330000002
2019-Q3,turev,F,yukumluluk,14413121.0,4307892.8335,-704129.8334999997
2019-Q3,turev,B,varlik,41502704.431,-3806814.1394,-537232.4276000015
2019-Q3,turev,B,yukumluluk,37595753.431,3632087.056,-244842.62300000153
2019-Q3,turev,K,varlik,0.0,0.0,0.0
2019-Q3,turev,K,yukumluluk,0.0,0.0,0.0
2019-Q3,turev,D,varlik,32571523.0,2149488.7348,-416955.7348000002
2019-Q3,turev,D,yukumluluk,26963576.0,-8514238.9955,159314.9955000002
2019-Q3,turev,U,varlik,0.0,,0.0
2019-Q3,turev,U,yukumluluk,0.0,,0.0
2019-Q3,diger,H,varlik,43503067.7929,2408614.7988,-15776.570099995472
2019-Q3,diger,H,yukumluluk,23973856.8023,2135986.9328,-16730.97630000254
2019-Q3,diger,F,varlik,346076836.852,30781596.8465,-8943021.934099995
2019-Q3,diger,F,yukumluluk,380156291.7983,20023340.3526,-16587292.677499972
2019-Q3,diger,B,varlik,114711321.2734,9347039.8969,-1754569.9350000042
2019-Q3,diger,B,yukumluluk,172803297.2794,20743899.6225,-3089119.5182000063
2019-Q3,diger,K,varlik,233152883.9312,-3119709.6944,10277914.911400007
2019-Q3,diger,K,yukumluluk,133008132.9688,-4507579.477200001,10647901.519099995
2019-Q3,diger,D,varlik,184819271.9927,7218419.9609,-15463241.358199976
2019-Q3,diger,D,yukumluluk,212321802.9934,8240314.3781,-6853453.23309999
2019-Q3,diger,U,varlik,0.0,,0.0
2019-Q3,diger,U,yukumluluk,1.1920928955078125e-07,,-9.989738464355469e-05
2019-Q4,altin_sdr,H,varlik,0.0,0.0,0.0
2019-Q4,altin_sdr,H,yukumluluk,0.0,0.0,0.0
2019-Q4,altin_sdr,F,varlik,0.0,0.0,0.0
2019-Q4,altin_sdr,F,yukumluluk,0.0,0.0,0.0
2019-Q4,altin_sdr,B,varlik,0.0,0.0,0.0
2019-Q4,altin_sdr,B,yukumluluk,0.0,0.0,0.0
2019-Q4,altin_sdr,K,varlik,169712621.0,4110723.8204,10921981.1796
2019-Q4,altin_sdr,K,yukumluluk,8808045.0,0.0,532237.0
2019-Q4,altin_sdr,D,varlik,8808045.0,0.0,532237.0
2019-Q4,altin_sdr,D,yukumluluk,8808045.0,0.0,532237.0
2019-Q4,altin_sdr,U,varlik,0.0,,0.0
2019-Q4,altin_sdr,U,yukumluluk,160904576.0,,14500468.0
2019-Q4,para_mevduat,H,varlik,1549156274.7266,57453250.7604,40110524.29069978
2019-Q4,para_mevduat,H,yukumluluk,0.0,0.0,0.0
2019-Q4,para_mevduat,F,varlik,881490396.6255,58380606.0697,28773391.207099915
2019-Q4,para_mevduat,F,yukumluluk,0.0,0.0,0.0
2019-Q4,para_mevduat,B,varlik,231561698.8344,-5435750.3076,11093512.146499969
2019-Q4,para_mevduat,B,yukumluluk,2038256567.2189002,127852121.5443,59800967.05140026
2019-Q4,para_mevduat,K,varlik,395367258.7094,-7550955.2722000005,22456405.41689999
2019-Q4,para_mevduat,K,yukumluluk,645287786.1229,2001414.0511999999,17241484.265099917
2019-Q4,para_mevduat,D,varlik,283722497.5909,3098185.9651,11889874.557200005
2019-Q4,para_mevduat,D,yukumluluk,657753773.1449,-23908198.3801,37281256.30169998
2019-Q4,para_mevduat,U,varlik,0.0,,-9.918212890625e-05
2019-Q4,para_mevduat,U,yukumluluk,0.00010013580322265625,,0.00010013580322265625
2019-Q4,borclanma_senedi,H,varlik,44961858.2718,-4111592.3823999995,1034986.0811999971
2019-Q4,borclanma_senedi,H,yukumluluk,0.0,0.0,0.0
2019-Q4,borclanma_senedi,F,varlik,62975904.024,2434669.3455,381339.99809999764
2019-Q4,borclanma_senedi,F,yukumluluk,80799698.2134,5636772.5374,224392.60090000182
2019-Q4,borclanma_senedi,B,varlik,841560920.6673,57747489.415599994,62201449.74820001
2019-Q4,borclanma_senedi,B,yukumluluk,272557510.725,-1412116.1078,4234989.754500025
2019-Q4,borclanma_senedi,K,varlik,234135600.1037,19795245.9978,12703915.486300014
2019-Q4,borclanma_senedi,K,yukumluluk,1223505074.1284,57250781.8929,58375733.81249999
2019-Q4,borclanma_senedi,D,varlik,600658740.0,2951234.0,-108499.79999995232
2019-Q4,borclanma_senedi,D,yukumluluk,207430740.0,17341608.054,13378075.346000005
2019-Q4,borclanma_senedi,U,varlik,2.384185791015625e-07,,2.384185791015625e-07
2019-Q4,borclanma_senedi,U,yukumluluk,0.0,,-9.989738464355469e-05
2019-Q4,kredi,H,varlik,2285009.0851000003,7470.372199999998,104272.92940000036
2019-Q4,kredi,H,yukumluluk,630329684.5048,47690957.11229999,24384.340599939227
2019-Q4,kredi,F,varlik,43649012.5178,533108.6474,5991796.392400003
2019-Q4,kredi,F,yukumluluk,2716716255.8582,-127194061.2953,224009542.7571001
2019-Q4,kredi,B,varlik,2773588236.1952,-39918556.5052,188071353.7006999
2019-Q4,kredi,B,yukumluluk,600390569.893,-31742955.161599997,29678386.851500038
2019-Q4,kredi,K,varlik,163306568.1257,-32090916.537499998,15101186.398299996
2019-Q4,kredi,K,yukumluluk,150205575.6679,-2908994.9184000003,15807157.611599993
2019-Q4,kredi,D,varlik,1216446660.0,-37066470.0,69997251.5
2019-Q4,kredi,D,yukumluluk,101633400.0,5619690.24,9746389.359999994
2019-Q4,kredi,U,varlik,0.00010013580322265625,,0.00010013580322265625
2019-Q4,kredi,U,yukumluluk,0.0,,-4.76837158203125e-07
2019-Q4,hisse_ozkaynak,H,varlik,238065303.81489998,8557770.3619,29335764.47999999
2019-Q4,hisse_ozkaynak,H,yukumluluk,45109890.7316,-41792.3658,-9.999496978707612e-05
2019-Q4,hisse_ozkaynak,F,varlik,244405890.6652,4783820.5231,15132629.116199989
2019-Q4,hisse_ozkaynak,F,yukumluluk,532866045.4859,5895111.7769,-78970295.75279999
2019-Q4,hisse_ozkaynak,B,varlik,76444933.4553,3493730.3369,2796820.597200002
2019-Q4,hisse_ozkaynak,B,yukumluluk,836460067.3521,16530603.6173,160023912.87070003
2019-Q4,hisse_ozkaynak,K,varlik,229308090.7879,-89285081.43699999,101917042.27929999
2019-Q4,hisse_ozkaynak,K,yukumluluk,190407535.1539,-96095585.1896,127452779.10110001
2019-Q4,hisse_ozkaynak,D,varlik,1078169400.0,3717478.0,74975634.60000002
2019-Q4,hisse_ozkaynak,D,yukumluluk,261550080.0,4979379.946,15651494.854000011
2019-Q4,hisse_ozkaynak,U,varlik,0.00020003318786621094,,0.00010013580322265625
2019-Q4,hisse_ozkaynak,U,yukumluluk,0.0,,0.0
2019-Q4,sigorta_emeklilik,H,varlik,176327320.9551,8984588.9064,7722977.697300011
2019-Q4,sigorta_emeklilik,H,yukumluluk,0.0,0.0,0.0
2019-Q4,sigorta_emeklilik,F,varlik,26729942.8883,1601958.5139,0.00010000239126384258
2019-Q4,sigorta_emeklilik,F,yukumluluk,0.0,0.0,0.0
2019-Q4,sigorta_emeklilik,B,varlik,0.0,0.0,0.0
2019-Q4,sigorta_emeklilik,B,yukumluluk,182563633.6388,8085216.8954,7501467.492400008
2019-Q4,sigorta_emeklilik,K,varlik,0.0,0.0,0.0
2019-Q4,sigorta_emeklilik,K,yukumluluk,20493630.2046,2501330.525,221510.20489999885
2019-Q4,sigorta_emeklilik,D,varlik,0.0,0.0,0.0
2019-Q4,sigorta_emeklilik,D,yukumluluk,0.0,0.0,0.0
2019-Q4,sigorta_emeklilik,U,varlik,0.0,,0.0
2019-Q4,sigorta_emeklilik,U,yukumluluk,0.0,,0.0
2019-Q4,turev,H,varlik,9563.0,-100005.8653,-153327.1347
2019-Q4,turev,H,yukumluluk,402658.0,13272.0845,192473.9155
2019-Q4,turev,F,varlik,4000583.0,-1289607.2221,457951.2220999999
2019-Q4,turev,F,yukumluluk,8379306.0,-5824494.2905,-209320.70949999988
2019-Q4,turev,B,varlik,39099096.1292,-3496237.9575,1092629.6556999949
2019-Q4,turev,B,yukumluluk,31056217.127,-8210213.4035,1670677.0994999986
2019-Q4,turev,K,varlik,0.0,0.0015,-0.0015
2019-Q4,turev,K,yukumluluk,0.0022,0.0022,0.0
2019-Q4,turev,D,varlik,27443271.0,-6229738.0502,1101486.0502000004
2019-Q4,turev,D,yukumluluk,30714332.0,2905846.5136,844909.4863999998
2019-Q4,turev,U,varlik,1.4901161193847656e-08,,1.4901161193847656e-08
2019-Q4,turev,U,yukumluluk,0.0,,0.0
2019-Q4,diger,H,varlik,45740434.4946,2200611.2314,36755.47029999457
2019-Q4,diger,H,yukumluluk,24263091.1853,265722.1311,23512.251900001313
2019-Q4,diger,F,varlik,355147587.6473,-2069420.9539,11140171.749200007
2019-Q4,diger,F,yukumluluk,417820990.9674,25469331.3546,12195367.814499985
2019-Q4,diger,B,varlik,116517690.3203,-114551.4157,1920920.4626000042
2019-Q4,diger,B,yukumluluk,163435209.9421,-9570170.0111,202082.6737999972
2019-Q4,diger,K,varlik,259921238.0489,17331989.4963,9436364.62140001
2019-Q4,diger,K,yukumluluk,143940780.5078,3449336.7219,7483310.81710002
2019-Q4,diger,D,varlik,204368645.4805,9690586.801,9858786.686800001
2019-Q4,diger,D,yukumluluk,232235523.3889,7424994.9626,12488725.432900004
2019-Q4,diger,U,varlik,0.0,,0.0
2019-Q4,diger,U,yukumluluk,0.00010001659393310547,,9.989738464355469e-05
2020-Q1,altin_sdr,H,varlik,0.0,0.0,0.0
2020-Q1,altin_sdr,H,yukumluluk,0.0,0.0,0.0
2020-Q1,altin_sdr,F,varlik,0.0,0.0,0.0
2020-Q1,altin_sdr,F,yukumluluk,0.0,0.0,0.0
2020-Q1,altin_sdr,B,varlik,0.0,0.0,0.0
2020-Q1,altin_sdr,B,yukumluluk,0.0,0.0,0.0
2020-Q1,altin_sdr,K,varlik,214231183.0,15863265.197,28655296.803
2020-Q1,altin_sdr,K,yukumluluk,9578116.0,0.0,770071.0
2020-Q1,altin_sdr,D,varlik,9578116.0,0.0,770071.0
2020-Q1,altin_sdr,D,yukumluluk,9578116.0,0.0,770071.0
2020-Q1,altin_sdr,U,varlik,0.0,,0.0
2020-Q1,altin_sdr,U,yukumluluk,204653067.0,,43748491.0
2020-Q1,para_mevduat,H,varlik,1732541500.1173,127582186.0344,55803039.3563001
2020-Q1,para_mevduat,H,yukumluluk,0.0,0.0,0.0
2020-Q1,para_mevduat,F,varlik,945594490.8822,90720417.2503,-26616322.993599966
2020-Q1,para_mevduat,F,yukumluluk,0.0,0.0,0.0
2020-Q1,para_mevduat,B,varlik,261729141.53079998,-22922593.727199987,53090036.42359997
2020-Q1,para_mevduat,B,yukumluluk,2307930796.118,221944876.46960002,47729352.429499805
2020-Q1,para_mevduat,K,varlik,367218373.5069,-57953137.42029999,29804252.217800006
2020-Q1,para_mevduat,K,yukumluluk,736679541.4618,50959671.429500006,40432083.909399964
2020-Q1,para_mevduat,D,varlik,310743105.9642,16854720.0277,10165888.345600016
2020-Q1,para_mevduat,D,yukumluluk,573216274.4216,-118622955.7343,34085457.01100002
2020-Q1,para_mevduat,U,varlik,0.0,,0.0
2020-Q1,para_mevduat,U,yukumluluk,0.0,,-0.00010013580322265625
2020-Q1,borclanma_senedi,H,varlik,48269269.084,2553750.6015,753660.2107000025
2020-Q1,borclanma_senedi,H,yukumluluk,0.0,0.0,0.0
2020-Q1,borclanma_senedi,F,varlik,71710994.7757,8153050.9573,582039.7944000065
2020-Q1,borclanma_senedi,F,yukumluluk,113807771.1303,3949803.9529,29058268.963999994
2020-Q1,borclanma_senedi,B,varlik,902874444.0004001,84627915.1604,-23314391.827299923
2020-Q1,borclanma_senedi,B,yukumluluk,298076581.8976,1366410.6466,24152660.52599997
2020-Q1,borclanma_senedi,K,varlik,279980093.0815,21965878.017899998,23878614.959899984
2020-Q1,borclanma_senedi,K,yukumluluk,1239471739.9137,75315432.1215,-59348766.336199984
2020-Q1,borclanma_senedi,D,varlik,594194040.0,-17743240.0,11278540.0
2020-Q1,borclanma_senedi,D,yukumluluk,245672748.0,18925708.016,19316299.984
2020-Q1,borclanma_senedi,U,varlik,0.0,,-2.384185791015625e-07
2020-Q1,borclanma_senedi,U,yukumluluk,0.0,,0.0
2020-Q1,kredi,H,varlik,2200481.6407,-59449.7459,-25077.698500000384
2020-Q1,kredi,H,yukumluluk,671560506.5257,41298139.149799995,-67317.12889998406
2020-Q1,kredi,F,varlik,47852753.8819,655065.2983,3548676.0657999944
2020-Q1,kredi,F,yukumluluk,2913977844.1484,206477947.5641,-9216359.27390024
2020-Q1,kredi,B,varlik,2902692203.3923,205346576.8334,-76242609.63629985
2020-Q1,kredi,B,yukumluluk,586855806.5149,15142226.2412,-28676989.619300038
2020-Q1,kredi,K,varlik,330554663.5294,80227519.75279999,87020575.6509
2020-Q1,kredi,K,yukumluluk,260119833.2552,-1364663.6164,111278921.2037
2020-Q1,kredi,D,varlik,1265856804.0,-20428409.0,69838553.0
2020-Q1,kredi,D,yukumluluk,116642916.0,4187653.8,10821862.2
2020-Q1,kredi,U,varlik,0.0,,-0.00010013580322265625
2020-Q1,kredi,U,yukumluluk,9.918212890625e-05,,9.918212890625e-05
2020-Q1,hisse_ozkaynak,H,varlik,246230214.7018,46717788.1844,-38552877.29749999
2020-Q1,hisse_ozkaynak,H,yukumluluk,46624368.8338,1514478.1022,1.3969838619232178e-09
2020-Q1,hisse_ozkaynak,F,varlik,273349642.4371,17129189.53,11814562.241899997
2020-Q1,hisse_ozkaynak,F,yukumluluk,657402584.2835,-7832715.5248,132369254.32239997
2020-Q1,hisse_ozkaynak,B,varlik,103695399.9189,16028257.673600001,11222208.789999994
2020-Q1,hisse_ozkaynak,B,yukumluluk,599661087.3107,49653198.2748,-286452178.31619996
2020-Q1,hisse_ozkaynak,K,varlik,127260495.3702,-27400157.5518,-74647437.86590001
2020-Q1,hisse_ozkaynak,K,yukumluluk,60935100.0,0.0,-129472435.1539
2020-Q1,hisse_ozkaynak,D,varlik,904310028.0,-5748019.0,-168111353.0
2020-Q1,hisse_ozkaynak,D,yukumluluk,290222640.0,3392097.984,25280462.016
2020-Q1,hisse_ozkaynak,U,varlik,0.0,,-0.00020003318786621094
2020-Q1,hisse_ozkaynak,U,yukumluluk,0.0,,0.0
2020-Q1,sigorta_emeklilik,H,varlik,192372571.3222,13907232.1312,2138018.2358999997
2020-Q1,sigorta_emeklilik,H,yukumluluk,0.0,0.0,0.0
2020-Q1,sigorta_emeklilik,F,varlik,28176196.5694,1847143.6297,-400889.94860000024
2020-Q1,sigorta_emeklilik,F,yukumluluk,0.0,0.0,0.0
2020-Q1,sigorta_emeklilik,B,varlik,0.0,0.0,0.0
2020-Q1,sigorta_emeklilik,B,yukumluluk,198582051.3893,16514056.2482,-495638.49770000577
2020-Q1,sigorta_emeklilik,K,varlik,0.0,0.0,0.0
2020-Q1,sigorta_emeklilik,K,yukumluluk,21966716.5023,-759680.4872,2232766.7849000026
2020-Q1,sigorta_emeklilik,D,varlik,0.0,0.0,0.0
2020-Q1,sigorta_emeklilik,D,yukumluluk,0.0,0.0,0.0
2020-Q1,sigorta_emeklilik,U,varlik,0.0,,0.0
2020-Q1,sigorta_emeklilik,U,yukumluluk,2.9802322387695312e-08,,2.9802322387695312e-08
2020-Q1,turev,H,varlik,169946.0,78617.7245,81765.2755
2020-Q1,turev,H,yukumluluk,1373299.4957,1072886.468,-102244.97230000002
2020-Q1,turev,F,varlik,5757441.0,2094321.7141,-337463.7141
2020-Q1,turev,F,yukumluluk,13581689.0,4056841.0524,1145541.9476
2020-Q1,turev,B,varlik,54324948.3256,13409503.1365,1816349.0599000026
2020-Q1,turev,B,yukumluluk,43939529.5285,9410059.1937,3473253.207799997
2020-Q1,turev,K,varlik,289508.6799,289508.6799,0.0
2020-Q1,turev,K,yukumluluk,498578.9813,498578.9813,-0.002199999988079071
2020-Q1,turev,D,varlik,37644794.0,7536247.6077,2665275.3923000004
2020-Q1,turev,D,yukumluluk,38793541.0,8369833.1673,-290624.16729999986
2020-Q1,turev,U,varlik,0.0,,-1.4901161193847656e-08
2020-Q1,turev,U,yukumluluk,0.0,,0.0
2020-Q1,diger,H,varlik,46712812.7212,874926.7315999999,97451.49499999883
2020-Q1,diger,H,yukumluluk,24634129.4682,328073.3568,42964.92609999812
2020-Q1,diger,F,varlik,357216411.2921,-14742202.4336,16811026.07840001
2020-Q1,diger,F,yukumluluk,390901252.8273,-21301489.2655,-5618248.874600001
2020-Q1,diger,B,varlik,170435367.8339,34508239.3237,19409438.189900003
2020-Q1,diger,B,yukumluluk,188008737.032,13328342.215,11245184.874900017
2020-Q1,diger,K,varlik,231354538.969,-22089487.4402,-6477211.6396999955
2020-Q1,diger,K,yukumluluk,174627486.4034,10987556.524,19699149.37159999
2020-Q1,diger,D,varlik,208158791.7797,-11091000.8744,14881147.173599998
2020-Q1,diger,D,yukumluluk,235706316.8652,-15882007.5232,19352800.9995
2020-Q1,diger,U,varlik,0.00020003318786621094,,0.00020003318786621094
2020-Q1,diger,U,yukumluluk,0.0,,-0.00010001659393310547
2020-Q2,altin_sdr,H,varlik,0.0,0.0,0.0
2020-Q2,altin_sdr,H,yukumluluk,0.0,0.0,0.0
2020-Q2,altin_sdr,F,varlik,0.0,0.0,0.0
2020-Q2,altin_sdr,F,yukumluluk,0.0,0.0,0.0
2020-Q2,altin_sdr,B,varlik,0.0,0.0,0.0
2020-Q2,altin_sdr,B,yukumluluk,0.0,0.0,0.0
2020-Q2,altin_sdr,K,varlik,277428330.0,31982828.0575,31214318.9425
2020-Q2,altin_sdr,K,yukumluluk,10117531.0,0.0,539415.0
2020-Q2,altin_sdr,D,varlik,10117531.0,0.0,539415.0
2020-Q2,altin_sdr,D,yukumluluk,10117531.0,0.0,539415.0
2020-Q2,altin_sdr,U,varlik,0.0,,0.0
2020-Q2,altin_sdr,U,yukumluluk,267310799.0,,62657732.0
2020-Q2,para_mevduat,H,varlik,1901364990.98,113584778.64320001,55238712.219499975
2020-Q2,para_mevduat,H,yukumluluk,0.0,0.0,0.0
2020-Q2,para_mevduat,F,varlik,1070917683.2303,97584673.281,27738519.067099944
2020-Q2,para_mevduat,F,yukumluluk,0.0,0.0,0.0
2020-Q2,para_mevduat,B,varlik,292103751.7199,18401108.0317,11973502.157400027
2020-Q2,para_mevduat,B,yukumluluk,2495504925.5446,146261711.95749998,41312417.4691
2020-Q2,para_mevduat,K,varlik,448565900.64559996,59069472.3578,22278054.78089995
2020-Q2,para_mevduat,K,yukumluluk,883920029.7574999,87960270.5133,59280217.78239995
2020-Q2,para_mevduat,D,varlik,317629941.1957,-6827420.1659,13714255.39739997
2020-Q2,para_mevduat,D,yukumluluk,651157312.4695,47590629.6771,30350408.37079996
2020-Q2,para_mevduat,U,varlik,0.00010013580322265625,,0.00010013580322265625
2020-Q2,para_mevduat,U,yukumluluk,0.0,,0.0
2020-Q2,borclanma_senedi,H,varlik,58547432.4131,9593903.7902,684259.5388999972
2020-Q2,borclanma_senedi,H,yukumluluk,0.0,0.0,0.0
2020-Q2,borclanma_senedi,F,varlik,90443577.939,18601274.2768,131308.8864999935
2020-Q2,borclanma_senedi,F,yukumluluk,120949667.6831,-479755.3223,7621651.8751
2020-Q2,borclanma_senedi,B,varlik,1091585723.681,127329296.0815,61381983.599099934
2020-Q2,borclanma_senedi,B,yukumluluk,322235260.005,8885191.5003,15273486.6071
2020-Q2,borclanma_senedi,K,varlik,216778413.4325,-70156299.06709999,6954619.418099999
2020-Q2,borclanma_senedi,K,yukumluluk,1496120699.7776,173643262.2235,83005697.64039993
2020-Q2,borclanma_senedi,D,varlik,599215518.0,-39611539.0,44633017.0
2020-Q2,borclanma_senedi,D,yukumluluk,117265038.0,-136292062.32,7884352.319999993
2020-Q2,borclanma_senedi,U,varlik,0.00010013580322265625,,0.00010013580322265625
2020-Q2,borclanma_senedi,U,yukumluluk,0.0,,0.0
2020-Q2,kredi,H,varlik,2603319.5721,67540.0276,335297.9038000001
2020-Q2,kredi,H,yukumluluk,747668364.6647999,76091564.8926,16293.246499955654
2020-Q2,kredi,F,varlik,50483458.0636,-11382.3648,2642086.546500006
2020-Q2,kredi,F,yukumluluk,3217352268.9095,207490108.3709,95884316.39020029
2020-Q2,kredi,B,varlik,3186680847.4487,227839394.61730003,56149249.43909979
2020-Q2,kredi,B,yukumluluk,683303014.8637,67370665.3189,29076543.02990006
2020-Q2,kredi,K,varlik,481325331.2734,139861316.1559,10909351.588100016
2020-Q2,kredi,K,yukumluluk,272322431.91980004,1929506.3535,10273092.311100045
2020-Q2,kredi,D,varlik,1313855576.0,-21571144.0,69569916.0
2020-Q2,kredi,D,yukumluluk,114302452.0,-6696120.5,4355656.5
2020-Q2,kredi,U,varlik,0.0,,0.0
2020-Q2,kredi,U,yukumluluk,0.0,,-9.918212890625e-05
2020-Q2,hisse_ozkaynak,H,varlik,327025713.1458,-12490051.4643,93285549.90830001
2020-Q2,hisse_ozkaynak,H,yukumluluk,46723109.6855,98740.8517,4.656612873077393e-10
2020-Q2,hisse_ozkaynak,F,varlik,302463480.8728,6213675.779,22900162.6567
2020-Q2,hisse_ozkaynak,F,yukumluluk,878160265.058,-42494492.065,263252172.8395
2020-Q2,hisse_ozkaynak,B,varlik,127948029.0929,11519611.220099999,12733017.953899996
2020-Q2,hisse_ozkaynak,B,yukumluluk,779335427.9175,35722251.1366,143952089.47019994
2020-Q2,hisse_ozkaynak,K,varlik,128793337.5495,-134863.29150000002,1667705.4708000103
2020-Q2,hisse_ozkaynak,K,yukumluluk,81084768.0,0.0,20149668.0
2020-Q2,hisse_ozkaynak,D,varlik,1206217232.0,-8985775.0,310892979.0
2020-Q2,hisse_ozkaynak,D,yukumluluk,307144222.0,2796097.32,14125484.68
2020-Q2,hisse_ozkaynak,U,varlik,0.0,,0.0
2020-Q2,hisse_ozkaynak,U,yukumluluk,0.0,,0.0
2020-Q2,sigorta_emeklilik,H,varlik,212603207.7915,7570312.3767,12660324.092600003
2020-Q2,sigorta_emeklilik,H,yukumluluk,0.0,0.0,0.0
2020-Q2,sigorta_emeklilik,F,varlik,29059310.8852,883114.3158,0.0
2020-Q2,sigorta_emeklilik,F,yukumluluk,0.0,0.0,0.0
2020-Q2,sigorta_emeklilik,B,varlik,0.0,0.0,0.0
2020-Q2,sigorta_emeklilik,B,yukumluluk,218956211.5897,8107923.426,12266236.774400026
2020-Q2,sigorta_emeklilik,K,varlik,0.0,0.0,0.0
2020-Q2,sigorta_emeklilik,K,yukumluluk,22706307.0869,345503.2664,394087.3181999978
2020-Q2,sigorta_emeklilik,D,varlik,0.0,0.0,0.0
2020-Q2,sigorta_emeklilik,D,yukumluluk,0.0,0.0,0.0
2020-Q2,sigorta_emeklilik,U,varlik,0.0,,0.0
2020-Q2,sigorta_emeklilik,U,yukumluluk,9.998679161071777e-05,,9.995698928833008e-05
2020-Q2,turev,H,varlik,27897.0,-16533.2329,-125515.7671
2020-Q2,turev,H,yukumluluk,1261392.7953,36425.4205,-148332.12089999998
2020-Q2,turev,F,varlik,4992454.0,-675885.9731,-89101.02690000006
2020-Q2,turev,F,yukumluluk,13736642.0,-1959156.5712,2114109.5712
2020-Q2,turev,B,varlik,49111945.3609,-4201186.4172,-1011816.5474999985
2020-Q2,turev,B,yukumluluk,37783287.6094,-2856043.9134,-3300198.0057000015
2020-Q2,turev,K,varlik,1041316.0875,751807.4076,0.0
2020-Q2,turev,K,yukumluluk,1290134.0438,791555.0625,1.1641532182693481e-10
2020-Q2,turev,D,varlik,34371191.0,-2353830.8257,-919772.1743000001
2020-Q2,turev,D,yukumluluk,35473347.0,-2508409.0396,-811784.9604000002
2020-Q2,turev,U,varlik,0.00010000169277191162,,0.00010000169277191162
2020-Q2,turev,U,yukumluluk,0.0,,0.0
2020-Q2,diger,H,varlik,50487849.7275,3745627.4837,29409.52260000212
2020-Q2,diger,H,yukumluluk,27292370.2933,2620478.2615,37762.563600000925
2020-Q2,diger,F,varlik,336860557.0711,-31716403.2495,11360549.028499983
2020-Q2,diger,F,yukumluluk,380258180.7711,-27231331.0145,16588258.958299972
2020-Q2,diger,B,varlik,166441368.6921,-8119344.2093,4125345.067499984
2020-Q2,diger,B,yukumluluk,214354809.8781,27179231.380599998,-833158.5344999954
2020-Q2,diger,K,varlik,255157615.4393,24893881.7763,-1090805.3060000092
2020-Q2,diger,K,yukumluluk,170130883.5858,-679061.6467,-3817541.170900012
2020-Q2,diger,D,varlik,178044519.04,-39904642.5881,9790369.848399982
2020-Q2,diger,D,yukumluluk,194955665.4417,-52990197.7678,12239546.344300002
2020-Q2,diger,U,varlik,0.0,,-0.00020003318786621094
2020-Q2,diger,U,yukumluluk,0.0,,0.0
2020-Q3,altin_sdr,H,varlik,0.0,0.0,0.0
2020-Q3,altin_sdr,H,yukumluluk,0.0,0.0,0.0
2020-Q3,altin_sdr,F,varlik,0.0,0.0,0.0
2020-Q3,altin_sdr,F,yukumluluk,0.0,0.0,0.0
2020-Q3,altin_sdr,B,varlik,0.0,0.0,0.0
2020-Q3,altin_sdr,B,yukumluluk,0.0,0.0,0.0
2020-Q3,altin_sdr,K,varlik,338315517.0,1577509.5558,59309677.4442
2020-Q3,altin_sdr,K,yukumluluk,11780877.0,0.0,1663346.0
2020-Q3,altin_sdr,D,varlik,11780877.0,0.0,1663346.0
2020-Q3,altin_sdr,D,yukumluluk,11780877.0,0.0,1663346.0
2020-Q3,altin_sdr,U,varlik,0.0,,0.0
2020-Q3,altin_sdr,U,yukumluluk,326534640.0,,59223841.0
2020-Q3,para_mevduat,H,varlik,2089666298.4173,38934932.4458,149366374.99149996
2020-Q3,para_mevduat,H,yukumluluk,0.0,0.0,0.0
2020-Q3,para_mevduat,F,varlik,1161341957.5793,992038.7722,89432235.57679997
2020-Q3,para_mevduat,F,yukumluluk,0.0,0.0,0.0
2020-Q3,para_mevduat,B,varlik,250002015.00199997,-60247438.2728,18145701.55489996
2020-Q3,para_mevduat,B,yukumluluk,2719235788.9499,-3274402.2448999994,227005265.65020013
2020-Q3,para_mevduat,K,varlik,535895574.8349,40758942.8522,46570731.33710006
2020-Q3,para_mevduat,K,yukumluluk,952719442.8117,32032667.660099998,36766745.394100055
2020-Q3,para_mevduat,D,varlik,362847621.9409,8873466.934,36344213.81120004
2020-Q3,para_mevduat,D,yukumluluk,727798236.0127,553677.3162,76087246.22700001
2020-Q3,para_mevduat,U,varlik,0.0,,-0.00010013580322265625
2020-Q3,para_mevduat,U,yukumluluk,0.00010013580322265625,,0.00010013580322265625
2020-Q3,borclanma_senedi,H,varlik,86465290.7151,-14144743.7804,42062602.08240001
2020-Q3,borclanma_senedi,H,yukumluluk,0.0,0.0,0.0
2020-Q3,borclanma_senedi,F,varlik,76070530.6487,-15219282.1334,846234.8431000039
2020-Q3,borclanma_senedi,F,yukumluluk,79500503.36,-8392734.1799,-33056430.143200003
2020-Q3,borclanma_senedi,B,varlik,1218831056.1425,117549370.5133,9695961.948199928
2020-Q3,borclanma_senedi,B,yukumluluk,346265257.8607,-4625322.4848,28655320.340500016
2020-Q3,borclanma_senedi,K,varlik,175776325.8327,-54624422.074200004,13622334.474400014
2020-Q3,borclanma_senedi,K,yukumluluk,1674517547.4883,94394282.302,84002565.40870003
2020-Q3,borclanma_senedi,D,varlik,619190016.0,-9446160.0,29420658.0
2020-Q3,borclanma_senedi,D,yukumluluk,76049920.0,-57261463.112,16046345.112000003
2020-Q3,borclanma_senedi,U,varlik,9.37000036239624,,9.369900226593018
2020-Q3,borclanma_senedi,U,yukumluluk,0.0,,0.0
2020-Q3,kredi,H,varlik,2970325.4599,265312.31,101693.57780000014
2020-Q3,kredi,H,yukumluluk,852234560.0949,104517380.4852,48814.94490008056
2020-Q3,kredi,F,varlik,58898090.8604,1283500.3411,7131132.455699995
2020-Q3,kredi,F,yukumluluk,3484978163.5221,4726754.0544,262899140.55819985
2020-Q3,kredi,B,varlik,3445708749.6387,97532154.4555,161495747.73450005
2020-Q3,kredi,B,yukumluluk,786176078.2473,14776226.5712,88096836.8124
2020-Q3,kredi,K,varlik,569984625.8238,55330762.4548,33328532.095599957
2020-Q3,kredi,K,yukumluluk,324102205.9186,20419473.7508,31360300.24799998
2020-Q3,kredi,D,varlik,1502797952.0,-10597373.0,199539749.0
2020-Q3,kredi,D,yukumluluk,132868736.0,-625478.3,19191762.3
2020-Q3,kredi,U,varlik,9.918212890625e-05,,9.918212890625e-05
2020-Q3,kredi,U,yukumluluk,0.0,,0.0
2020-Q3,hisse_ozkaynak,H,varlik,356862889.5412,-10403991.6946,40241168.08999999
2020-Q3,hisse_ozkaynak,H,yukumluluk,49407791.6542,2684681.9687,-9.313225746154785e-10
2020-Q3,hisse_ozkaynak,F,varlik,339589580.9934,-1541628.0474,38667728.16799998
2020-Q3,hisse_ozkaynak,F,yukumluluk,1110559700.272,2493278.5598,229906156.6542001
2020-Q3,hisse_ozkaynak,B,varlik,150986760.7769,4558588.2333,18480143.4507
2020-Q3,hisse_ozkaynak,B,yukumluluk,850886527.9171,-21032658.5534,92583758.55299993
2020-Q3,hisse_ozkaynak,K,varlik,132298553.5319,968638.5957000001,2536577.3867
2020-Q3,hisse_ozkaynak,K,yukumluluk,107852341.0,0.0,26767573.0
2020-Q3,hisse_ozkaynak,D,varlik,1500252544.0,-1901399.0,295936711.0
2020-Q3,hisse_ozkaynak,D,yukumluluk,361283968.0,7534906.112,46604839.888
2020-Q3,hisse_ozkaynak,U,varlik,0.0,,0.0
2020-Q3,hisse_ozkaynak,U,yukumluluk,0.00010013580322265625,,0.00010013580322265625
2020-Q3,sigorta_emeklilik,H,varlik,225470347.7822,6198685.558,6668454.432700006
2020-Q3,sigorta_emeklilik,H,yukumluluk,0.0,0.0,0.0
2020-Q3,sigorta_emeklilik,F,varlik,30225521.5324,1166210.6472,-4.656612873077393e-10
2020-Q3,sigorta_emeklilik,F,yukumluluk,0.0,0.0,0.0
2020-Q3,sigorta_emeklilik,B,varlik,0.0,0.0,0.0
2020-Q3,sigorta_emeklilik,B,yukumluluk,233473952.3693,7925115.9214,6592624.858199994
2020-Q3,sigorta_emeklilik,K,varlik,0.0,0.0,0.0
2020-Q3,sigorta_emeklilik,K,yukumluluk,22221916.9452,-560219.7162,75829.57450000045
2020-Q3,sigorta_emeklilik,D,varlik,0.0,0.0,0.0
2020-Q3,sigorta_emeklilik,D,yukumluluk,0.0,0.0,0.0
2020-Q3,sigorta_emeklilik,U,varlik,0.0,,0.0
2020-Q3,sigorta_emeklilik,U,yukumluluk,0.00010001659393310547,,2.9802322387695312e-08
2020-Q3,turev,H,varlik,34014.0,5954.8553,162.14469999999983
2020-Q3,turev,H,yukumluluk,1045611.2042,-256430.4119,40648.82079999993
2020-Q3,turev,F,varlik,7477344.0,1729004.6902,755885.3097999999
2020-Q3,turev,F,yukumluluk,17588792.0,5794999.239,-1942849.239
2020-Q3,turev,B,varlik,72127135.0681,13324687.4614,9690502.245800005
2020-Q3,turev,B,yukumluluk,58585976.152,4947991.4027,15854697.139900006
2020-Q3,turev,K,varlik,1846935.0631,805618.9756,-1.1641532182693481e-10
2020-Q3,turev,K,yukumluluk,2283947.775,993813.7313,-0.00010000017937272787
2020-Q3,turev,D,varlik,42678300.0,3058111.6684,5248997.3316
2020-Q3,turev,D,yukumluluk,44659401.0,7443003.6898,1743050.3102000002
2020-Q3,turev,U,varlik,1.4901161193847656e-08,,-9.998679161071777e-05
2020-Q3,turev,U,yukumluluk,0.0,,0.0
2020-Q3,diger,H,varlik,54345575.0826,3631368.145,226357.2100999984
2020-Q3,diger,H,yukumluluk,28863720.2709,1457806.0497,113543.92790000071
2020-Q3,diger,F,varlik,443274351.1585,72640968.4206,33772825.66680002
2020-Q3,diger,F,yukumluluk,450376983.87,36890271.2421,33228531.85680002
2020-Q3,diger,B,varlik,185639861.6143,9919442.5635,9279050.358700024
2020-Q3,diger,B,yukumluluk,238494321.7689,20139807.059499998,3999704.8313000016
2020-Q3,diger,K,varlik,258454807.468,-190438.9206,3487630.949299994
2020-Q3,diger,K,yukumluluk,177707721.4922,5505499.0911,2071338.8152999952
2020-Q3,diger,D,varlik,244123384.8454,40022703.4042,26056162.40120001
2020-Q3,diger,D,yukumluluk,290395232.7668,62030660.1704,33408907.154699974
2020-Q3,diger,U,varlik,0.0,,0.0
2020-Q3,diger,U,yukumluluk,0.0,,0.0
2020-Q4,altin_sdr,H,varlik,0.0,0.0,0.0
2020-Q4,altin_sdr,H,yukumluluk,0.0,0.0,0.0
2020-Q4,altin_sdr,F,varlik,0.0,0.0,0.0
2020-Q4,altin_sdr,F,yukumluluk,0.0,0.0,0.0
2020-Q4,altin_sdr,B,varlik,0.0,0.0,0.0
2020-Q4,altin_sdr,B,yukumluluk,0.0,0.0,0.0
2020-Q4,altin_sdr,K,varlik,331075426.0,11397880.8246,-18637971.8246
2020-Q4,altin_sdr,K,yukumluluk,11372379.0,0.0,-408498.0
2020-Q4,altin_sdr,D,varlik,11372379.0,0.0,-408498.0
2020-Q4,altin_sdr,D,yukumluluk,11372379.0,0.0,-408498.0
2020-Q4,altin_sdr,U,varlik,0.0,,0.0
2020-Q4,altin_sdr,U,yukumluluk,319703047.0,,-6831593.0
2020-Q4,para_mevduat,H,varlik,2105565176.142,72430335.5457,-56531457.821000025
2020-Q4,para_mevduat,H,yukumluluk,0.0,0.0,0.0
2020-Q4,para_mevduat,F,varlik,1182210032.3735,50616138.6475,-29748063.85329982
2020-Q4,para_mevduat,F,yukumluluk,0.0,0.0,0.0
2020-Q4,para_mevduat,B,varlik,248700115.45159996,13803681.090200007,-15105580.640600026
2020-Q4,para_mevduat,B,yukumluluk,2640381493.0684004,19325968.80170001,-98180264.68319978
2020-Q4,para_mevduat,K,varlik,588587127.9913,64589924.5444,-11898371.388000034
2020-Q4,para_mevduat,K,yukumluluk,1074793804.2976,109209068.8624,12865292.62350005
2020-Q4,para_mevduat,D,varlik,357618137.7979,3746498.2746,-8975982.417600006
2020-Q4,para_mevduat,D,yukumluluk,767505292.3903,76651540.4383,-36944484.060699925
2020-Q4,para_mevduat,U,varlik,0.0,,0.0
2020-Q4,para_mevduat,U,yukumluluk,0.0,,-0.00010013580322265625
2020-Q4,borclanma_senedi,H,varlik,84053890.125,565420.1926000001,-2976820.7827000055
2020-Q4,borclanma_senedi,H,yukumluluk,0.0,0.0,0.0
2020-Q4,borclanma_senedi,F,varlik,62357455.3899,-13293826.0585,-419249.2003000006
2020-Q4,borclanma_senedi,F,yukumluluk,83914690.27,8934566.2629,-4520379.352900004
2020-Q4,borclanma_senedi,B,varlik,1203046554.2674,11993060.5558,-27777562.430899896
2020-Q4,borclanma_senedi,B,yukumluluk,330024402.3854,-1628259.6707,-14612595.804600013
2020-Q4,borclanma_senedi,K,varlik,171894617.5014,-2133184.314,-1748524.0173000204
2020-Q4,borclanma_senedi,K,yukumluluk,1705880324.6595,32123637.7667,-760860.595500201
2020-Q4,borclanma_senedi,D,varlik,669789680.0,41537743.0,9061921.0
2020-Q4,borclanma_senedi,D,yukumluluk,71322780.0,-760730.983,-3966409.017
2020-Q4,borclanma_senedi,U,varlik,0.031199932098388672,,-9.338800430297852
2020-Q4,borclanma_senedi,U,yukumluluk,0.0,,0.0
2020-Q4,kredi,H,varlik,3017352.8939,424206.0234,-377178.5894000001
2020-Q4,kredi,H,yukumluluk,879163026.681,26952746.9608,-24280.374700017273
2020-Q4,kredi,F,varlik,49430457.0069,1000108.12,-10467741.9735
2020-Q4,kredi,F,yukumluluk,3467791138.315,55957838.0453,-73144863.25239992
2020-Q4,kredi,B,varlik,3509497098.5329,113852750.6552,-50064401.76100016
2020-Q4,kredi,B,yukumluluk,818204649.5913,75571525.5253,-43542954.181300014
2020-Q4,kredi,K,varlik,600539417.8546,39712190.3335,-9157398.302700013
2020-Q4,kredi,K,yukumluluk,330152071.7011,10850568.6007,-4800702.818200031
2020-Q4,kredi,D,varlik,1439425380.0,1695456.0,-65068028.0
2020-Q4,kredi,D,yukumluluk,106598820.0,-12647968.0,-13621948.0
2020-Q4,kredi,U,varlik,0.0001010894775390625,,1.9073486328125e-06
2020-Q4,kredi,U,yukumluluk,0.0,,0.0
2020-Q4,hisse_ozkaynak,H,varlik,392248761.7843,-31080989.3993,66466861.64240005
2020-Q4,hisse_ozkaynak,H,yukumluluk,57988029.3561,8580237.7019,-1.862645149230957e-09
2020-Q4,hisse_ozkaynak,F,varlik,332184818.6155,5498284.2262,-12903046.604100004
2020-Q4,hisse_ozkaynak,F,yukumluluk,1380208751.4009,-728184.7979,270377235.92679983
2020-Q4,hisse_ozkaynak,B,varlik,165787803.1022,15257286.8052,-456244.4798999913
2020-Q4,hisse_ozkaynak,B,yukumluluk,958369102.2592,-9815978.7853,117298553.12740003
2020-Q4,hisse_ozkaynak,K,varlik,135966508.5142,-2533061.5305,6201016.512799999
2020-Q4,hisse_ozkaynak,K,yukumluluk,109806409.0,0.0,1954068.0
2020-Q4,hisse_ozkaynak,D,varlik,1818624460.0,19559939.0,298811977.0
2020-Q4,hisse_ozkaynak,D,yukumluluk,338440060.0,8665384.983,-31509292.983
2020-Q4,hisse_ozkaynak,U,varlik,0.0,,0.0
2020-Q4,hisse_ozkaynak,U,yukumluluk,0.0,,-0.00010013580322265625
2020-Q4,sigorta_emeklilik,H,varlik,245385745.2554,11579906.8108,8335490.662399994
2020-Q4,sigorta_emeklilik,H,yukumluluk,0.0,0.0,0.0
2020-Q4,sigorta_emeklilik,F,varlik,32102882.4239,1877360.8915,0.0
2020-Q4,sigorta_emeklilik,F,yukumluluk,0.0,0.0,0.0
2020-Q4,sigorta_emeklilik,B,varlik,0.0,0.0,0.0
2020-Q4,sigorta_emeklilik,B,yukumluluk,249120082.9818,7683778.1223,7962352.490199982
2020-Q4,sigorta_emeklilik,K,varlik,0.0,0.0,0.0
2020-Q4,sigorta_emeklilik,K,yukumluluk,28368544.6974,5773489.58,373138.1721999999
2020-Q4,sigorta_emeklilik,D,varlik,0.0,0.0,0.0
2020-Q4,sigorta_emeklilik,D,yukumluluk,0.0,0.0,0.0
2020-Q4,sigorta_emeklilik,U,varlik,0.0,,0.0
2020-Q4,sigorta_emeklilik,U,yukumluluk,0.00010001659393310547,,0.0
2020-Q4,turev,H,varlik,39570.0,-1276.8573,6832.8573
2020-Q4,turev,H,yukumluluk,1067768.0404,-3695.737,25852.57320000002
2020-Q4,turev,F,varlik,4878629.0,-1627897.6219,-970817.3781000001
2020-Q4,turev,F,yukumluluk,14826522.0,-2568966.463,-193303.537
2020-Q4,turev,B,varlik,52365411.3927,-6757760.3453,-13003963.330100004
2020-Q4,turev,B,yukumluluk,41652340.3523,1479550.7314,-18413186.531099997
2020-Q4,turev,K,varlik,0.0,-1846935.0631,0.0
2020-Q4,turev,K,yukumluluk,0.0,-509785.7076,-1774162.0673999998
2020-Q4,turev,D,varlik,39111512.0,3442821.6692,-7009609.669199999
2020-Q4,turev,D,yukumluluk,38848492.0,-5188151.0423,-622757.9577000001
2020-Q4,turev,U,varlik,0.0,,-1.4901161193847656e-08
2020-Q4,turev,U,yukumluluk,0.0,,0.0
2020-Q4,diger,H,varlik,53306579.6589,-962068.7888,-76926.63489999739
2020-Q4,diger,H,yukumluluk,31962915.2833,3126859.709,-27664.69659999851
2020-Q4,diger,F,varlik,463800927.1309,33458006.4738,-12931430.50139999
2020-Q4,diger,F,yukumluluk,506767823.243,67024526.26,-10633686.887000032
2020-Q4,diger,B,varlik,191032232.4573,8112915.9425,-2720545.099500005
2020-Q4,diger,B,yukumluluk,241699711.47390002,4896971.6772,-1691581.9721999867
2020-Q4,diger,K,varlik,321163423.5774,62135356.7238,573259.3856000304
2020-Q4,diger,K,yukumluluk,188124909.0645,13241298.574000001,-2824111.001699984
2020-Q4,diger,D,varlik,249142267.6956,15904022.4338,-10885139.583600003
2020-Q4,diger,D,yukumluluk,309890071.4554,30358576.5649,-10863737.876299996
2020-Q4,diger,U,varlik,0.0,,0.0
2020-Q4,diger,U,yukumluluk,0.0,,0.0
2021-Q1,altin_sdr,H,varlik,0.0,0.0,0.0
2021-Q1,altin_sdr,H,yukumluluk,0.0,0.0,0.0
2021-Q1,altin_sdr,F,varlik,0.0,0.0,0.0
2021-Q1,altin_sdr,F,yukumluluk,0.0,0.0,0.0
2021-Q1,altin_sdr,B,varlik,0.0,0.0,0.0
2021-Q1,altin_sdr,B,yukumluluk,0.0,0.0,0.0
2021-Q1,altin_sdr,K,varlik,336940327.0,-983018.6811,6847919.6811
2021-Q1,altin_sdr,K,yukumluluk,12655404.0,0.0,1283025.0
2021-Q1,altin_sdr,D,varlik,12655404.0,0.0,1283025.0
2021-Q1,altin_sdr,D,yukumluluk,336940327.0,-983018.681,326550966.681
2021-Q1,altin_sdr,U,varlik,0.0,,0.0
2021-Q1,altin_sdr,U,yukumluluk,0.0,,-319703047.0
2021-Q1,para_mevduat,H,varlik,2238751870.1138997,3595751.1122999997,129590942.85959975
2021-Q1,para_mevduat,H,yukumluluk,0.0,0.0,0.0
2021-Q1,para_mevduat,F,varlik,1238387880.7599,-16461257.329,72639105.71539998
2021-Q1,para_mevduat,F,yukumluluk,0.0,0.0,0.0
2021-Q1,para_mevduat,B,varlik,398140673.61459994,89947259.43069999,59493298.7323
2021-Q1,para_mevduat,B,yukumluluk,2837522290.2713003,21304527.68990001,175836269.51299992
2021-Q1,para_mevduat,K,varlik,680174575.9175999,54205039.7923,37382408.13399993
2021-Q1,para_mevduat,K,yukumluluk,1200943903.0269,78019787.6373,48130311.09200002
2021-Q1,para_mevduat,D,varlik,405544893.1248,19969292.4169,27957462.910000004
2021-Q1,para_mevduat,D,yukumluluk,922533700.2327,51931770.0959,103096637.74649996
2021-Q1,para_mevduat,U,varlik,0.00010204315185546875,,0.00010204315185546875
2021-Q1,para_mevduat,U,yukumluluk,0.0,,0.0
2021-Q1,borclanma_senedi,H,varlik,86262283.14,-3786123.7527,5994516.767700001
2021-Q1,borclanma_senedi,H,yukumluluk,0.0,0.0,0.0
2021-Q1,borclanma_senedi,F,varlik,66668745.8477,-3155176.1838,7466466.641600002
2021-Q1,borclanma_senedi,F,yukumluluk,93971368.54,283857.13,9772821.14000001
2021-Q1,borclanma_senedi,B,varlik,1243747883.5806,30351913.351400003,10349415.961799994
2021-Q1,borclanma_senedi,B,yukumluluk,355562499.2656,-6678258.5759,32216355.456100028
2021-Q1,borclanma_senedi,K,varlik,174031313.5977,-4294083.4536,6430779.549900006
2021-Q1,borclanma_senedi,K,yukumluluk,1753794165.0412,37331489.0352,10582351.34650004
2021-Q1,borclanma_senedi,D,varlik,712247670.0,9355811.0,33102179.0
2021-Q1,borclanma_senedi,D,yukumluluk,79629864.0,-2464746.628,10771830.628
2021-Q1,borclanma_senedi,U,varlik,0.6807999610900879,,0.6496000289916992
2021-Q1,borclanma_senedi,U,yukumluluk,0.0,,0.0
2021-Q1,kredi,H,varlik,3395481.4729999998,8194.9115,369933.66759999975
2021-Q1,kredi,H,yukumluluk,911367615.6762999,32147447.686,57141.309299934655
2021-Q1,kredi,F,varlik,58510571.7384,885191.6796,8194923.051899999
2021-Q1,kredi,F,yukumluluk,3721354118.3098,41724348.2952,211838631.6996001
2021-Q1,kredi,B,varlik,3611343061.1566,5133185.7192,96712776.90450014
2021-Q1,kredi,B,yukumluluk,867222441.0264,-11726778.841200002,60744570.27629996
2021-Q1,kredi,K,varlik,700260030.0248001,73181399.74149999,26539212.42870012
2021-Q1,kredi,K,yukumluluk,339915111.3803,10053243.0119,-290203.33270000666
2021-Q1,kredi,D,varlik,1596418914.0,2672274.0,154321260.0
2021-Q1,kredi,D,yukumluluk,130068772.0,9681985.9,13787966.1
2021-Q1,kredi,U,varlik,0.0,,-0.0001010894775390625
2021-Q1,kredi,U,yukumluluk,9.5367431640625e-07,,9.5367431640625e-07
2021-Q1,hisse_ozkaynak,H,varlik,445915344.2273,35716758.3677,17949824.075299956
2021-Q1,hisse_ozkaynak,H,yukumluluk,61863720.301,3875690.9449,-1.3969838619232178e-09
2021-Q1,hisse_ozkaynak,F,varlik,363309526.0553,6209326.1157,24915381.324100025
2021-Q1,hisse_ozkaynak,F,yukumluluk,1715790079.273,5703016.329,329878311.5431001
2021-Q1,hisse_ozkaynak,B,varlik,197947986.9137,8615159.3086,23545024.50290001
2021-Q1,hisse_ozkaynak,B,yukumluluk,748187968.8241,34232124.714,-244413258.14909995
2021-Q1,hisse_ozkaynak,K,varlik,458724602.2018,4595003.824,318163089.8636
2021-Q1,hisse_ozkaynak,K,yukumluluk,4684659.0,0.0,-105121750.0
2021-Q1,hisse_ozkaynak,D,varlik,1456317312.0,-6188649.0,-356118499.0
2021-Q1,hisse_ozkaynak,D,yukumluluk,391688344.0,5136766.628,48111517.372
2021-Q1,hisse_ozkaynak,U,varlik,0.0,,0.0
2021-Q1,hisse_ozkaynak,U,yukumluluk,0.0,,0.0
2021-Q1,sigorta_emeklilik,H,varlik,247304383.5095,4211124.7069,-2292486.4528000047
2021-Q1,sigorta_emeklilik,H,yukumluluk,0.0,0.0,0.0
2021-Q1,sigorta_emeklilik,F,varlik,35057405.8282,2954523.4043,-3.259629011154175e-09
2021-Q1,sigorta_emeklilik,F,yukumluluk,0.0,0.0,0.0
2021-Q1,sigorta_emeklilik,B,varlik,0.0,0.0,0.0
2021-Q1,sigorta_emeklilik,B,yukumluluk,255600133.8016,7785271.9181,-1305221.098299981
2021-Q1,sigorta_emeklilik,K,varlik,0.0,0.0,0.0
2021-Q1,sigorta_emeklilik,K,yukumluluk,26761655.536,-619623.8069,-987265.3545000015
2021-Q1,sigorta_emeklilik,D,varlik,0.0,0.0,0.0
2021-Q1,sigorta_emeklilik,D,yukumluluk,0.0,0.0,0.0
2021-Q1,sigorta_emeklilik,U,varlik,0.0,,0.0
2021-Q1,sigorta_emeklilik,U,yukumluluk,0.00010001659393310547,,0.0
2021-Q1,turev,H,varlik,66218.0,10311.442,16336.558
2021-Q1,turev,H,yukumluluk,1251771.8631,132344.4147,51659.40799999991
2021-Q1,turev,F,varlik,7118960.0,1674231.1359,566099.8640999999
2021-Q1,turev,F,yukumluluk,14889755.0,2365210.9687,-2301977.9687
2021-Q1,turev,B,varlik,66445087.469,18776009.1655,-4696333.089200005
2021-Q1,turev,B,yukumluluk,38419543.6591,-5748115.9857,2515319.2925000004
2021-Q1,turev,K,varlik,840904.422,840904.422,0.0
2021-Q1,turev,K,yukumluluk,510442.3688,510442.3688,0.0
2021-Q1,turev,D,varlik,37781593.0,-3826196.6297,2496277.6297
2021-Q1,turev,D,yukumluluk,57181250.0,20215377.7693,-1882619.7692999989
2021-Q1,turev,U,varlik,0.0,,0.0
2021-Q1,turev,U,yukumluluk,0.0,,0.0
2021-Q1,diger,H,varlik,59301817.7383,5672472.1707999995,322765.90860000346
2021-Q1,diger,H,yukumluluk,33883184.6997,1854175.0539,66094.36249999679
2021-Q1,diger,F,varlik,516527564.6531,20766877.6854,31959759.836799987
2021-Q1,diger,F,yukumluluk,492805979.7362,-24668971.8055,10707128.298700005
2021-Q1,diger,B,varlik,163794552.9128,-30111584.2609,2873904.716400005
2021-Q1,diger,B,yukumluluk,284939753.1979,37240305.143400006,5999736.580599971
2021-Q1,diger,K,varlik,294123402.8386,-24709763.024,-2330257.7148000486
2021-Q1,diger,K,yukumluluk,190324798.08749998,-12270430.304,14470319.326999972
2021-Q1,diger,D,varlik,282954099.9342,6395271.3163,27416560.922299985
2021-Q1,diger,D,yukumluluk,314747722.3556,-24141804.2003,28999455.10050001
2021-Q1,diger,U,varlik,0.0,,0.0
2021-Q1,diger,U,yukumluluk,9.989738464355469e-05,,9.989738464355469e-05
2021-Q2,altin_sdr,H,varlik,0.0,0.0,0.0
2021-Q2,altin_sdr,H,yukumluluk,0.0,0.0,0.0
2021-Q2,altin_sdr,F,varlik,0.0,0.0,0.0
2021-Q2,altin_sdr,F,yukumluluk,0.0,0.0,0.0
2021-Q2,altin_sdr,B,varlik,0.0,0.0,0.0
2021-Q2,altin_sdr,B,yukumluluk,0.0,0.0,0.0
2021-Q2,altin_sdr,K,varlik,366141671.0,-1055288.4911,30256632.4911
2021-Q2,altin_sdr,K,yukumluluk,13321021.0,0.0,665617.0
2021-Q2,altin_sdr,D,varlik,13321021.0,0.0003,665616.9997
2021-Q2,altin_sdr,D,yukumluluk,366141671.0,-1055288.4908,30256632.4908
2021-Q2,altin_sdr,U,varlik,0.0,,0.0
2021-Q2,altin_sdr,U,yukumluluk,0.0,,0.0
2021-Q2,para_mevduat,H,varlik,2437154909.8273,137840444.8104,60562594.903000355
2021-Q2,para_mevduat,H,yukumluluk,0.0,0.0,0.0
2021-Q2,para_mevduat,F,varlik,1293824131.2239,16331025.0132,39105225.45079999
2021-Q2,para_mevduat,F,yukumluluk,0.0,0.0,0.0
2021-Q2,para_mevduat,B,varlik,405019438.89040005,-20163826.2697,27042591.545500107
2021-Q2,para_mevduat,B,yukumluluk,2979085821.3683004,75219853.9438,66343677.15320012
2021-Q2,para_mevduat,K,varlik,765534303.8567,61887784.63429999,23471943.304800034
2021-Q2,para_mevduat,K,yukumluluk,1292833024.2359,39991113.097500004,51898008.11149987
2021-Q2,para_mevduat,D,varlik,414506562.3003,-4721223.1024,13682892.277899977
2021-Q2,para_mevduat,D,yukumluluk,1044120500.4755,75963238.0446,45623562.1982
2021-Q2,para_mevduat,U,varlik,0.0,,-0.00010204315185546875
2021-Q2,para_mevduat,U,yukumluluk,0.018898963928222656,,0.018898963928222656
2021-Q2,borclanma_senedi,H,varlik,91163929.6765,2131319.1128000002,2770327.423699992
2021-Q2,borclanma_senedi,H,yukumluluk,0.0,0.0,0.0
2021-Q2,borclanma_senedi,F,varlik,67730030.9804,667136.2832,394148.8494999963
2021-Q2,borclanma_senedi,F,yukumluluk,121219261.128,22778070.9107,4469821.677299999
2021-Q2,borclanma_senedi,B,varlik,1349096351.5959,59923767.727,45424700.28830004
2021-Q2,borclanma_senedi,B,yukumluluk,365338830.9691,-10187460.0549,19963791.75839997
2021-Q2,borclanma_senedi,K,varlik,172772654.9934,-5454770.741,4196112.136700008
2021-Q2,borclanma_senedi,K,yukumluluk,1890213150.6664,50539998.5403,85878987.08490004
2021-Q2,borclanma_senedi,D,varlik,779410880.0,4749924.0,62413286.0
2021-Q2,borclanma_senedi,D,yukumluluk,83402605.0,-1113233.014,4885974.014
2021-Q2,borclanma_senedi,U,varlik,0.5173001289367676,,-0.1634998321533203
2021-Q2,borclanma_senedi,U,yukumluluk,0.0,,0.0
2021-Q2,kredi,H,varlik,3450037.6596,-39576.1238,94132.31040000013
2021-Q2,kredi,H,yukumluluk,942157087.165,30760341.3456,29130.14310003072
2021-Q2,kredi,F,varlik,64413727.2599,3035579.5458,2867575.9757000064
2021-Q2,kredi,F,yukumluluk,3865287218.1022,59925318.5095,84007781.28289989
2021-Q2,kredi,B,varlik,3703351633.4633,32110107.0202,59898465.28650023
2021-Q2,kredi,B,yukumluluk,808855393.9264,-85123312.517,26756265.41699998
2021-Q2,kredi,K,varlik,672176722.6443,-41940331.7054,13857024.32489992
2021-Q2,kredi,K,yukumluluk,350606701.8335,-2497169.9512,13188760.404400043
2021-Q2,kredi,D,varlik,1668844255.0,19379209.0,53046132.0
2021-Q2,kredi,D,yukumluluk,145329975.0,9479810.35,5781392.65
2021-Q2,kredi,U,varlik,9.5367431640625e-07,,9.5367431640625e-07
2021-Q2,kredi,U,yukumluluk,0.0,,-9.5367431640625e-07
2021-Q2,hisse_ozkaynak,H,varlik,448632349.42759997,14097963.397,-11380958.196700022
2021-Q2,hisse_ozkaynak,H,yukumluluk,68315504.0514,6451783.7505,-9.999331086874008e-05
2021-Q2,hisse_ozkaynak,F,varlik,385246626.7577,8048288.2505,13888812.451900028
2021-Q2,hisse_ozkaynak,F,yukumluluk,1563501606.7538,643588.9052,-152932061.4244001
2021-Q2,hisse_ozkaynak,B,varlik,220486934.9697,6721895.0666,15817052.989399996
2021-Q2,hisse_ozkaynak,B,yukumluluk,764157515.5142,22541237.9075,-6571691.217400044
2021-Q2,hisse_ozkaynak,K,varlik,461308254.1643,-272860.137,2856512.099500036
2021-Q2,hisse_ozkaynak,K,yukumluluk,4684659.0,0.0,0.0
2021-Q2,hisse_ozkaynak,D,varlik,1300988365.0,6801299.0,-162130246.0
2021-Q2,hisse_ozkaynak,D,yukumluluk,416003245.0,5759975.014,18554925.986
2021-Q2,hisse_ozkaynak,U,varlik,0.00010013580322265625,,0.00010013580322265625
2021-Q2,hisse_ozkaynak,U,yukumluluk,0.0,,0.0
2021-Q2,sigorta_emeklilik,H,varlik,262444099.3727,5609231.9879,9530483.875300009
2021-Q2,sigorta_emeklilik,H,yukumluluk,0.0,0.0,0.0
2021-Q2,sigorta_emeklilik,F,varlik,36111440.1351,1054034.3069,2.0954757928848267e-09
2021-Q2,sigorta_emeklilik,F,yukumluluk,0.0,0.0,0.0
2021-Q2,sigorta_emeklilik,B,varlik,0.0,0.0,0.0
2021-Q2,sigorta_emeklilik,B,yukumluluk,272012098.0732,7043368.2665,9368596.005099978
2021-Q2,sigorta_emeklilik,K,varlik,0.0,0.0,0.0
2021-Q2,sigorta_emeklilik,K,yukumluluk,26543441.4347,-380101.9716,161887.87030000257
2021-Q2,sigorta_emeklilik,D,varlik,0.0,0.0,0.0
2021-Q2,sigorta_emeklilik,D,yukumluluk,0.0,0.0,0.0
2021-Q2,sigorta_emeklilik,U,varlik,0.00010001659393310547,,0.00010001659393310547
2021-Q2,sigorta_emeklilik,U,yukumluluk,0.0,,-0.00010001659393310547
2021-Q2,turev,H,varlik,51504.0,-17409.2661,2695.2661000000007
2021-Q2,turev,H,yukumluluk,1195466.1831,2366.8785,-58672.558499999934
2021-Q2,turev,F,varlik,4394742.0,-2031173.5609,-693044.4391000001
2021-Q2,turev,F,yukumluluk,13598626.0,-5342355.5947,4051226.5947000002
2021-Q2,turev,B,varlik,54587976.0192,-18462191.5719,6605080.122099999
2021-Q2,turev,B,yukumluluk,32567979.7396,-6923744.1379,1072180.218399996
2021-Q2,turev,K,varlik,1773308.5847,932404.1627,0.0
2021-Q2,turev,K,yukumluluk,2740262.6813,2229820.3125,0.0
2021-Q2,turev,D,varlik,32074925.0,-6519463.9838,812795.9837999996
2021-Q2,turev,D,yukumluluk,42780121.0,-16063921.6785,1662792.6785000004
2021-Q2,turev,U,varlik,0.00010000169277191162,,0.00010000169277191162
2021-Q2,turev,U,yukumluluk,0.0,,0.0
2021-Q2,diger,H,varlik,60846839.206,1399592.7192,145428.7484999972
2021-Q2,diger,H,yukumluluk,33710281.0391,-199109.8641,26206.203500000876
2021-Q2,diger,F,varlik,573616161.0844,40063318.2269,17025278.204400048
2021-Q2,diger,F,yukumluluk,576037890.0997,69054233.8067,14177676.556799993
2021-Q2,diger,B,varlik,153209193.3586,-11922637.0384,1337277.4841999765
2021-Q2,diger,B,yukumluluk,283174300.5933,-3703256.1654000003,1937803.560799988
2021-Q2,diger,K,varlik,332212981.5029,37192365.4868,897213.1775000244
2021-Q2,diger,K,yukumluluk,191135067.2033,-559612.2877999999,1369881.4036000231
2021-Q2,diger,D,varlik,329885960.6953,32585487.0061,14346373.754999995
2021-Q2,diger,D,yukumluluk,365713596.9119,34725870.9111,16240003.645199984
2021-Q2,diger,U,varlik,0.00010013580322265625,,0.00010013580322265625
2021-Q2,diger,U,yukumluluk,0.0,,-9.989738464355469e-05
2021-Q3,altin_sdr,H,varlik,0.0,0.0,0.0
2021-Q3,altin_sdr,H,yukumluluk,0.0,0.0,0.0
2021-Q3,altin_sdr,F,varlik,0.0,0.0,0.0
2021-Q3,altin_sdr,F,yukumluluk,0.0,0.0,0.0
2021-Q3,altin_sdr,B,varlik,0.0,0.0,0.0
2021-Q3,altin_sdr,B,yukumluluk,0.0,0.0,0.0
2021-Q3,altin_sdr,K,varlik,409921677.0,40915473.9702,2864532.029799998
2021-Q3,altin_sdr,K,yukumluluk,69285132.0,52909135.0,3054976.0
2021-Q3,altin_sdr,D,varlik,69285132.0,53714550.0,2249561.0
2021-Q3,altin_sdr,D,yukumluluk,409921677.0,41720888.9702,2059117.0297999978
2021-Q3,altin_sdr,U,varlik,0.0,,0.0
2021-Q3,altin_sdr,U,yukumluluk,0.0,,0.0
2021-Q3,para_mevduat,H,varlik,2554954520.6862,102087206.6749,15712404.184000075
2021-Q3,para_mevduat,H,yukumluluk,0.0,0.0,0.0
2021-Q3,para_mevduat,F,varlik,1399395154.3141,99735716.4486,5835306.641599953
2021-Q3,para_mevduat,F,yukumluluk,0.0,0.0,0.0
2021-Q3,para_mevduat,B,varlik,495779500.8582001,98156139.09719998,-7396077.129399955
2021-Q3,para_mevduat,B,yukumluluk,3166532552.3218,125906658.36989999,61540072.583599806
2021-Q3,para_mevduat,K,varlik,1025025027.7959,253203567.1871,6287156.75210005
2021-Q3,para_mevduat,K,yukumluluk,1504115952.1163,215236514.5455,-3953586.6650998294
2021-Q3,para_mevduat,D,varlik,421436015.0493,4440440.8807,2489011.8683000132
2021-Q3,para_mevduat,D,yukumluluk,1225941714.2656,216479897.3732,-34658683.58310002
2021-Q3,para_mevduat,U,varlik,0.0,,0.0
2021-Q3,para_mevduat,U,yukumluluk,0.0,,-0.018898963928222656
2021-Q3,borclanma_senedi,H,varlik,102978749.06050001,10585172.7784,1229646.605600018
2021-Q3,borclanma_senedi,H,yukumluluk,0.0,0.0,0.0
2021-Q3,borclanma_senedi,F,varlik,74497040.3988,6705767.0144,61242.40400000475
2021-Q3,borclanma_senedi,F,yukumluluk,121588073.42,-1592413.7239,1961226.0158999958
2021-Q3,borclanma_senedi,B,varlik,1399322237.7029,56229729.3931,-6003843.286100127
2021-Q3,borclanma_senedi,B,yukumluluk,374816353.1646,6708844.0609,2768678.1346000163
2021-Q3,borclanma_senedi,K,varlik,172481468.2566,-197189.51799999998,-93997.21880001499
2021-Q3,borclanma_senedi,K,yukumluluk,1955592906.4325,72928886.0639,-7549130.297800064
2021-Q3,borclanma_senedi,D,varlik,783304097.0,4614630.0,-721413.0
2021-Q3,borclanma_senedi,D,yukumluluk,80586259.0,-107206.733,-2709139.267
2021-Q3,borclanma_senedi,U,varlik,0.0,,-0.5173001289367676
2021-Q3,borclanma_senedi,U,yukumluluk,0.4017000198364258,,0.4017000198364258
2021-Q3,kredi,H,varlik,2956677.3778,-511403.27590000007,18042.99410000007
2021-Q3,kredi,H,yukumluluk,994185398.9747001,52026678.6295,1633.1802001297474
2021-Q3,kredi,F,varlik,74088534.1405,8075667.4916,1599139.3889999902
2021-Q3,kredi,F,yukumluluk,3961215676.383,83773477.3612,12154980.91959986
2021-Q3,kredi,B,varlik,3813421187.4660997,102310249.40730001,7759304.595499501
2021-Q3,kredi,B,yukumluluk,779003612.7927,-36143174.7124,6291393.578700103
2021-Q3,kredi,K,varlik,685621351.2454,11827753.6811,1616874.9199999683
2021-Q3,kredi,K,yukumluluk,349290760.0794,-1336597.9740999998,20656.21999997506
2021-Q3,kredi,D,varlik,1667400708.0,-9361355.0,7917808.0
2021-Q3,kredi,D,yukumluluk,159793010.0,14020529.0,442506.0
2021-Q3,kredi,U,varlik,9.5367431640625e-07,,0.0
2021-Q3,kredi,U,yukumluluk,0.0,,0.0
2021-Q3,hisse_ozkaynak,H,varlik,470597008.1237,-18667598.269,40632256.96510006
2021-Q3,hisse_ozkaynak,H,yukumluluk,74350005.2875,6034501.2361,-1.210719347000122e-08
2021-Q3,hisse_ozkaynak,F,varlik,401919822.8484,11202356.8167,5470839.27399997
2021-Q3,hisse_ozkaynak,F,yukumluluk,1745142059.1013,-7592623.1413,189233075.48880008
2021-Q3,hisse_ozkaynak,B,varlik,230710613.1439,3030141.8576,7193536.316599999
2021-Q3,hisse_ozkaynak,B,yukumluluk,764400025.9662,16854233.0624,-16611722.610399976
2021-Q3,hisse_ozkaynak,K,varlik,460684366.239,-5726686.5150999995,5102798.589799997
2021-Q3,hisse_ozkaynak,K,yukumluluk,4684659.0,0.0,0.0
2021-Q3,hisse_ozkaynak,D,varlik,1456017636.0,35869681.0,119159590.0
2021-Q3,hisse_ozkaynak,D,yukumluluk,431352697.0,10411783.733,4937668.267000001
2021-Q3,hisse_ozkaynak,U,varlik,0.0,,-0.00010013580322265625
2021-Q3,hisse_ozkaynak,U,yukumluluk,0.0,,0.0
2021-Q3,sigorta_emeklilik,H,varlik,271900250.2535,4605547.4657,4850603.415099979
2021-Q3,sigorta_emeklilik,H,yukumluluk,0.0,0.0,0.0
2021-Q3,sigorta_emeklilik,F,varlik,37607618.4065,1496178.2714,-2.7939677238464355e-09
2021-Q3,sigorta_emeklilik,F,yukumluluk,0.0,0.0,0.0
2021-Q3,sigorta_emeklilik,B,varlik,0.0,0.0,0.0
2021-Q3,sigorta_emeklilik,B,yukumluluk,283491160.4214,6642707.4683,4836354.879900023
2021-Q3,sigorta_emeklilik,K,varlik,0.0,0.0,0.0
2021-Q3,sigorta_emeklilik,K,yukumluluk,26016708.2386,-540981.7312,14248.535099999746
2021-Q3,sigorta_emeklilik,D,varlik,0.0,0.0,0.0
2021-Q3,sigorta_emeklilik,D,yukumluluk,0.0,0.0,0.0
2021-Q3,sigorta_emeklilik,U,varlik,5.960464477539063e-08,,-9.995698928833008e-05
2021-Q3,sigorta_emeklilik,U,yukumluluk,0.0,,0.0
2021-Q3,turev,H,varlik,69789.0,-22470.9404,40755.9404
2021-Q3,turev,H,yukumluluk,1503669.9058,291715.3154,16488.40730000002
2021-Q3,turev,F,varlik,5059816.0,33746.2258,631327.7742
2021-Q3,turev,F,yukumluluk,12254810.0,-547689.1809,-796126.8191
2021-Q3,turev,B,varlik,53359277.4965,-553322.7978,-675375.7248999969
2021-Q3,turev,B,yukumluluk,31785741.8108,-1441289.7497,659051.820900002
2021-Q3,turev,K,varlik,2639525.3514,866216.7667,0.0
2021-Q3,turev,K,yukumluluk,4132530.1313,1392267.45,2.3283064365386963e-10
2021-Q3,turev,D,varlik,30875932.0,-1426899.8917,227906.89170000004
2021-Q3,turev,D,yukumluluk,42327588.0,-797734.4722,345201.47219999996
2021-Q3,turev,U,varlik,0.0,,-0.00010000169277191162
2021-Q3,turev,U,yukumluluk,0.0,,0.0
2021-Q3,diger,H,varlik,64281630.6297,3405222.2522,29569.171499997377
2021-Q3,diger,H,yukumluluk,34283047.0459,570192.089,2573.9178000033135
2021-Q3,diger,F,varlik,626206215.4075,50349459.0568,2240595.2662999704
2021-Q3,diger,F,yukumluluk,613054024.9373,32772516.0508,4243618.786799993
2021-Q3,diger,B,varlik,155525884.7478,1852696.9672000036,463994.4219999984
2021-Q3,diger,B,yukumluluk,299110034.7165,16903835.9704,-968101.8472000025
2021-Q3,diger,K,varlik,406142894.7319,71147889.6065,2782023.6224999726
2021-Q3,diger,K,yukumluluk,258953700.1938,65537170.4439,2281462.5466000065
2021-Q3,diger,D,varlik,357651625.8379,24118357.2232,3647307.919399999
2021-Q3,diger,D,yukumluluk,404407444.4613,35089910.5519,3603936.997500032
2021-Q3,diger,U,varlik,0.0,,-0.00010013580322265625
2021-Q3,diger,U,yukumluluk,2.384185791015625e-07,,2.384185791015625e-07
2021-Q4,altin_sdr,H,varlik,0.0,0.0,0.0
2021-Q4,altin_sdr,H,yukumluluk,0.0,0.0,0.0
2021-Q4,altin_sdr,F,varlik,0.0,0.0,0.0
2021-Q4,altin_sdr,F,yukumluluk,0.0,0.0,0.0
2021-Q4,altin_sdr,B,varlik,0.0,0.0,0.0
2021-Q4,altin_sdr,B,yukumluluk,0.0,0.0,0.0
2021-Q4,altin_sdr,K,varlik,600077864.0,-22190874.6919,212347061.6919
2021-Q4,altin_sdr,K,yukumluluk,100592854.0,0.0,31307722.0
2021-Q4,altin_sdr,D,varlik,100592854.0,-1.1592,31307723.1592
2021-Q4,altin_sdr,D,yukumluluk,600077864.0,-22190875.8511,212347062.8511
2021-Q4,altin_sdr,U,varlik,0.0,,0.0
2021-Q4,altin_sdr,U,yukumluluk,0.0,,0.0
2021-Q4,para_mevduat,H,varlik,3263636712.2363997,83053776.4023,625628415.1478995
2021-Q4,para_mevduat,H,yukumluluk,0.0,0.0,0.0
2021-Q4,para_mevduat,F,varlik,1845156383.8788,72573542.8998,373187686.6648999
2021-Q4,para_mevduat,F,yukumluluk,0.0,0.0,0.0
2021-Q4,para_mevduat,B,varlik,737343869.9296999,114686175.2102,126878193.86129983
2021-Q4,para_mevduat,B,yukumluluk,3793974007.91,-54872231.80770001,682313687.3958997
2021-Q4,para_mevduat,K,varlik,1219759722.1418,-179098953.458,373833647.80389994
2021-Q4,para_mevduat,K,yukumluluk,2135510294.4009,220340324.8625,411054017.42209977
2021-Q4,para_mevduat,D,varlik,560830113.3967,3750086.0878,135644012.2596
2021-Q4,para_mevduat,D,yukumluluk,1697242499.3104,-70503465.9126,541804250.9574001
2021-Q4,para_mevduat,U,varlik,0.03789997100830078,,0.03789997100830078
2021-Q4,para_mevduat,U,yukumluluk,0.0,,0.0
2021-Q4,borclanma_senedi,H,varlik,133863787.18689999,476655.92949999997,30408382.19689998
2021-Q4,borclanma_senedi,H,yukumluluk,0.0,0.0,0.0
2021-Q4,borclanma_senedi,F,varlik,75173821.9121,-3884964.1277,4561745.641000002
2021-Q4,borclanma_senedi,F,yukumluluk,166443458.75,-4964606.3398,49819991.6698
2021-Q4,borclanma_senedi,B,varlik,1821393723.0043,98053536.1847,324017949.1167002
2021-Q4,borclanma_senedi,B,yukumluluk,491059396.397,-13781251.9744,130024295.2068
2021-Q4,borclanma_senedi,K,varlik,197374269.9212,-7752928.9843,32645730.648900013
2021-Q4,borclanma_senedi,K,yukumluluk,2422171801.7038,17819630.0215,448759265.2498003
2021-Q4,borclanma_senedi,D,varlik,969536047.5,-82072069.0,268304019.5
2021-Q4,borclanma_senedi,D,yukumluluk,117666992.5,5746458.295,31334275.205
2021-Q4,borclanma_senedi,U,varlik,0.0,,0.0
2021-Q4,borclanma_senedi,U,yukumluluk,0.17369937896728516,,-0.22800064086914062
2021-Q4,kredi,H,varlik,3890663.8441,-238051.9437,1172038.41
2021-Q4,kredi,H,yukumluluk,1047230449.6784,52752345.9993,292704.70439994335
2021-Q4,kredi,F,varlik,72556324.5377,2781312.5728,-4313522.175599997
2021-Q4,kredi,F,yukumluluk,5095090180.787,199473082.3002,934401422.1037998
2021-Q4,kredi,B,varlik,4485736949.6083,106558538.07570001,565757224.0665004
2021-Q4,kredi,B,yukumluluk,1225197167.7587,118117939.042,328075615.92399985
2021-Q4,kredi,K,varlik,1043934291.888,240546764.5172,117766176.12540007
2021-Q4,kredi,K,yukumluluk,448525929.154,-9778782.6195,109013951.69409998
2021-Q4,kredi,D,varlik,2396684700.0,19679274.0,709604718.0
2021-Q4,kredi,D,yukumluluk,186759202.5,8763252.5,18202940.0
2021-Q4,kredi,U,varlik,9.5367431640625e-07,,0.0
2021-Q4,kredi,U,yukumluluk,0.0,,0.0
2021-Q4,hisse_ozkaynak,H,varlik,608842083.2643,22306887.6036,115938187.53699997
2021-Q4,hisse_ozkaynak,H,yukumluluk,70870930.8429,-3479074.4446,-9.313225746154785e-10
2021-Q4,hisse_ozkaynak,F,varlik,577246539.0882,20369090.5148,154957625.72499996
2021-Q4,hisse_ozkaynak,F,yukumluluk,2443870183.5228,46582113.9272,652146010.4943
2021-Q4,hisse_ozkaynak,B,varlik,353144816.4169,36502997.206199996,85931206.06679997
2021-Q4,hisse_ozkaynak,B,yukumluluk,888553709.8458,29996269.6082,94157414.27140005
2021-Q4,hisse_ozkaynak,K,varlik,597976266.9421,7301928.4712,129989972.23190002
2021-Q4,hisse_ozkaynak,K,yukumluluk,4684659.0,0.0,0.0
2021-Q4,hisse_ozkaynak,D,varlik,1914311025.0,12410153.0,445883236.0
2021-Q4,hisse_ozkaynak,D,yukumluluk,643541247.5,25791747.705,186396802.79500002
2021-Q4,hisse_ozkaynak,U,varlik,0.0,,0.0
2021-Q4,hisse_ozkaynak,U,yukumluluk,4.76837158203125e-07,,4.76837158203125e-07
2021-Q4,sigorta_emeklilik,H,varlik,341388049.3408,24009055.1735,45478743.9138
2021-Q4,sigorta_emeklilik,H,yukumluluk,0.0,0.0,0.0
2021-Q4,sigorta_emeklilik,F,varlik,41867737.2372,4260118.8306,0.00010000262409448624
2021-Q4,sigorta_emeklilik,F,yukumluluk,0.0,0.0,0.0
2021-Q4,sigorta_emeklilik,B,varlik,0.0,0.0,0.0
2021-Q4,sigorta_emeklilik,B,yukumluluk,351024356.6421,23162279.33,44370916.89069997
2021-Q4,sigorta_emeklilik,K,varlik,0.0,0.0,0.0
2021-Q4,sigorta_emeklilik,K,yukumluluk,32231429.9359,5106894.6742,1107827.023099998
2021-Q4,sigorta_emeklilik,D,varlik,0.0,0.0,0.0
2021-Q4,sigorta_emeklilik,D,yukumluluk,0.0,0.0,0.0
2021-Q4,sigorta_emeklilik,U,varlik,0.0,,-5.960464477539063e-08
2021-Q4,sigorta_emeklilik,U,yukumluluk,5.960464477539063e-08,,5.960464477539063e-08
2021-Q4,turev,H,varlik,282179.0,221638.0629,-9248.06289999999
2021-Q4,turev,H,yukumluluk,2789383.0814,1165507.4409,120205.73469999991
2021-Q4,turev,F,varlik,24438838.0,15838833.0469,3540188.9530999996
2021-Q4,turev,F,yukumluluk,33571691.0,16603160.0079,4713720.9921
2021-Q4,turev,B,varlik,109690835.2647,50300513.4888,6031044.2793999985
2021-Q4,turev,B,yukumluluk,66067951.1833,30318551.6285,3963657.7440000027
2021-Q4,turev,K,varlik,0.0,-2639525.3514,0.0
2021-Q4,turev,K,yukumluluk,0.0,-1968321.9909,-2164208.1404
2021-Q4,turev,D,varlik,51922909.0,18605390.402,2441586.598000001
2021-Q4,turev,D,yukumluluk,83905736.0,36207952.5628,5370195.437200002
2021-Q4,turev,U,varlik,0.0,,0.0
2021-Q4,turev,U,yukumluluk,0.0,,0.0
2021-Q4,diger,H,varlik,73590280.5462,7841174.755799999,1467475.1607000101
2021-Q4,diger,H,yukumluluk,38803635.9404,4347411.7809,173177.11359999515
2021-Q4,diger,F,varlik,821536779.295,11233585.6876,184096978.19989994
2021-Q4,diger,F,yukumluluk,805853904.0858,49432106.9412,143367772.20730007
2021-Q4,diger,B,varlik,179050959.03899997,14954869.7425,8570204.548699982
2021-Q4,diger,B,yukumluluk,386369425.1423,57291912.328099996,29967478.09770003
2021-Q4,diger,K,varlik,529182039.8385,92319778.0435,30719367.06310004
2021-Q4,diger,K,yukumluluk,384391965.0377,82345695.9656,43092568.878299996
2021-Q4,diger,D,varlik,565722260.6398,50544791.5469,157525843.25499997
2021-Q4,diger,D,yukumluluk,553663389.1523,-16522927.2396,165778871.9306
2021-Q4,diger,U,varlik,0.0,,0.0
2021-Q4,diger,U,yukumluluk,0.0,,-2.384185791015625e-07
2022-Q1,altin_sdr,H,varlik,0.0,0.0,0.0
2022-Q1,altin_sdr,H,yukumluluk,0.0,0.0,0.0
2022-Q1,altin_sdr,F,varlik,0.0,0.0,0.0
2022-Q1,altin_sdr,F,yukumluluk,0.0,0.0,0.0
2022-Q1,altin_sdr,B,varlik,0.0,0.0,0.0
2022-Q1,altin_sdr,B,yukumluluk,0.0,0.0,0.0
2022-Q1,altin_sdr,K,varlik,727347525.0,18710934.3187,108558726.6813
2022-Q1,altin_sdr,K,yukumluluk,112315602.0,0.0,11722748.0
2022-Q1,altin_sdr,D,varlik,112315602.0,-0.0002,11722748.0002
2022-Q1,altin_sdr,D,yukumluluk,727347525.0,18710934.3185,108558726.6815
2022-Q1,altin_sdr,U,varlik,0.0,,0.0
2022-Q1,altin_sdr,U,yukumluluk,0.0,,0.0
2022-Q1,para_mevduat,H,varlik,3619881103.4413996,110368792.8282,245875598.37679994
2022-Q1,para_mevduat,H,yukumluluk,0.0,0.0,0.0
2022-Q1,para_mevduat,F,varlik,2072966965.2949,106389284.5789,121421296.83720003
2022-Q1,para_mevduat,F,yukumluluk,0.0,0.0,0.0
2022-Q1,para_mevduat,B,varlik,790949471.5927999,-18190991.6346,71796593.2977
2022-Q1,para_mevduat,B,yukumluluk,4496136156.2735,321568562.1329,380593586.2306006
2022-Q1,para_mevduat,K,varlik,1299751107.3341,-24686191.29900001,104677576.49130009
2022-Q1,para_mevduat,K,yukumluluk,2148686772.0206,-22327629.276499998,35504106.89619996
2022-Q1,para_mevduat,D,varlik,652623543.9493,40489239.6417,51304190.91090003
2022-Q1,para_mevduat,D,yukumluluk,1791349263.3184,-84870798.7411,178977562.7490999
2022-Q1,para_mevduat,U,varlik,0.0,,-0.03789997100830078
2022-Q1,para_mevduat,U,yukumluluk,0.0,,0.0
2022-Q1,borclanma_senedi,H,varlik,160798058.7047,13153081.7456,13781189.772200003
2022-Q1,borclanma_senedi,H,yukumluluk,0.0,0.0,0.0
2022-Q1,borclanma_senedi,F,varlik,74624804.89,-1822438.1643,1273421.1421999985
2022-Q1,borclanma_senedi,F,yukumluluk,186225089.814,33178.8262,19748452.23780001
2022-Q1,borclanma_senedi,B,varlik,2351234807.5805,294460223.8081,235380860.76810002
2022-Q1,borclanma_senedi,B,yukumluluk,508044374.6529,-20256381.9061,37241360.16199997
2022-Q1,borclanma_senedi,K,varlik,209479099.0858,-2741362.2756,14846191.440199984
2022-Q1,borclanma_senedi,K,yukumluluk,2982592489.2806,251854697.5106,308565990.0661999
2022-Q1,borclanma_senedi,D,varlik,1001567678.8,-71400393.0,103432024.29999995
2022-Q1,borclanma_senedi,D,yukumluluk,120842495.8,17617.683,3157885.616999997
2022-Q1,borclanma_senedi,U,varlik,0.48650026321411133,,0.48650026321411133
2022-Q1,borclanma_senedi,U,yukumluluk,0.0,,-0.17369937896728516
2022-Q1,kredi,H,varlik,4680556.2372,354625.8578,435266.53530000045
2022-Q1,kredi,H,yukumluluk,1102451686.3525999,55026362.9266,194873.7475998178
2022-Q1,kredi,F,varlik,84216425.9633,749602.0285,10910499.397100007
2022-Q1,kredi,F,yukumluluk,5789855397.1835,333519036.7776,361246179.6189006
2022-Q1,kredi,B,varlik,5183570687.414,480549929.7378,217283808.06789935
2022-Q1,kredi,B,yukumluluk,1275927757.5813,-71023625.0886,121754214.91120012
2022-Q1,kredi,K,varlik,931657727.5845001,-152697200.6793,40420636.37580007
2022-Q1,kredi,K,yukumluluk,520155089.4817,29453234.859300002,42175925.46840002
2022-Q1,kredi,D,varlik,2684677660.6,11338017.0,276654943.5999999
2022-Q1,kredi,D,yukumluluk,200413127.2,-6680035.53,20333960.22999999
2022-Q1,kredi,U,varlik,0.0001010894775390625,,0.00010013580322265625
2022-Q1,kredi,U,yukumluluk,0.0,,0.0
2022-Q1,hisse_ozkaynak,H,varlik,712353830.9528,-25671793.1091,129183540.79760005
2022-Q1,hisse_ozkaynak,H,yukumluluk,81836016.6861,10965085.8432,1.30385160446167e-08
2022-Q1,hisse_ozkaynak,F,varlik,676689378.9455,21153394.1897,78289445.66760004
2022-Q1,hisse_ozkaynak,F,yukumluluk,2401904664.2933,-109654386.2057,67688866.97620018
2022-Q1,hisse_ozkaynak,B,varlik,363060046.2065,6648584.1526,3266645.637000015
2022-Q1,hisse_ozkaynak,B,yukumluluk,1024465670.3827,81794305.1362,54117655.40069993
2022-Q1,hisse_ozkaynak,K,varlik,608085310.8573,4704051.8574,5404992.057799995
2022-Q1,hisse_ozkaynak,K,yukumluluk,7799460.0,0.0,3114801.0
2022-Q1,hisse_ozkaynak,D,varlik,1900439008.0,-5414984.0,-8457033.0
2022-Q1,hisse_ozkaynak,D,yukumluluk,744621763.6,18314248.317,82766267.78300002
2022-Q1,hisse_ozkaynak,U,varlik,0.0,,0.0
2022-Q1,hisse_ozkaynak,U,yukumluluk,0.0,,-4.76837158203125e-07
2022-Q1,sigorta_emeklilik,H,varlik,384629496.4678,15744700.7356,27496746.39140003
2022-Q1,sigorta_emeklilik,H,yukumluluk,0.0,0.0,0.0
2022-Q1,sigorta_emeklilik,F,varlik,49083290.6902,7215553.453,1.862645149230957e-09
2022-Q1,sigorta_emeklilik,F,yukumluluk,0.0,0.0,0.0
2022-Q1,sigorta_emeklilik,B,varlik,0.0,0.0,0.0
2022-Q1,sigorta_emeklilik,B,yukumluluk,400732842.0467,22488702.1204,27219783.284200024
2022-Q1,sigorta_emeklilik,K,varlik,0.0,0.0,0.0
2022-Q1,sigorta_emeklilik,K,yukumluluk,32979945.1113,471552.0681,276963.1073000001
2022-Q1,sigorta_emeklilik,D,varlik,0.0,0.0,0.0
2022-Q1,sigorta_emeklilik,D,yukumluluk,0.0,0.0,0.0
2022-Q1,sigorta_emeklilik,U,varlik,0.0,,0.0
2022-Q1,sigorta_emeklilik,U,yukumluluk,0.0,,-5.960464477539063e-08
2022-Q1,turev,H,varlik,71529.0,-236604.197,25954.196999999986
2022-Q1,turev,H,yukumluluk,2086799.4092,-558821.7056,-143761.96659999993
2022-Q1,turev,F,varlik,19441433.0,-8750158.9202,3752753.9201999996
2022-Q1,turev,F,yukumluluk,26603046.0,-7484217.8923,515572.8923000004
2022-Q1,turev,B,varlik,114062894.3236,-13633897.7033,18005956.762199998
2022-Q1,turev,B,yukumluluk,61212999.0279,-13662459.1366,8807506.9812
2022-Q1,turev,K,varlik,1338786.7385,1338786.7385,0.0
2022-Q1,turev,K,yukumluluk,968549.625,968549.625,0.0
2022-Q1,turev,D,varlik,48378828.0,-7037384.6109,3493303.6108999997
2022-Q1,turev,D,yukumluluk,92422077.0,-7582309.5834,16098650.5834
2022-Q1,turev,U,varlik,0.0,,0.0
2022-Q1,turev,U,yukumluluk,0.0,,0.0
2022-Q1,diger,H,varlik,84575404.4342,10362590.9012,622532.9867999963
2022-Q1,diger,H,yukumluluk,49420395.1456,10551312.9414,65446.26380000077
2022-Q1,diger,F,varlik,971193069.8715,81282803.2147,68373487.36180006
2022-Q1,diger,F,yukumluluk,1056834163.4475,174579170.7551,76401088.60659993
2022-Q1,diger,B,varlik,261070766.91790003,75508246.5532,6511561.325700045
2022-Q1,diger,B,yukumluluk,456520052.2352,58286394.7761,11864232.316799976
2022-Q1,diger,K,varlik,607082443.4881,55933040.3208,21967363.32880003
2022-Q1,diger,K,yukumluluk,405267489.1275,6323759.2319,14551764.857900001
2022-Q1,diger,D,varlik,681306313.4643,46109155.541,69474897.28350008
2022-Q1,diger,D,yukumluluk,637185898.2201,19455198.8263,64067310.24150005
2022-Q1,diger,U,varlik,0.0,,0.0
2022-Q1,diger,U,yukumluluk,0.00010013580322265625,,0.00010013580322265625
2022-Q2,altin_sdr,H,varlik,0.0,0.0,0.0
2022-Q2,altin_sdr,H,yukumluluk,0.0,0.0,0.0
2022-Q2,altin_sdr,F,varlik,0.0,0.0,0.0
2022-Q2,altin_sdr,F,yukumluluk,0.0,0.0,0.0
2022-Q2,altin_sdr,B,varlik,0.0,0.0,0.0
2022-Q2,altin_sdr,B,yukumluluk,0.0,0.0,0.0
2022-Q2,altin_sdr,K,varlik,808922975.0,23773968.3083,57801481.6917
2022-Q2,altin_sdr,K,yukumluluk,123109345.0,0.0,10793743.0
2022-Q2,altin_sdr,D,varlik,123109345.0,0.0009,10793742.9991
2022-Q2,altin_sdr,D,yukumluluk,808922975.0,23773968.3092,57801481.690799996
2022-Q2,altin_sdr,U,varlik,0.0,,0.0
2022-Q2,altin_sdr,U,yukumluluk,0.0,,0.0
2022-Q2,para_mevduat,H,varlik,4060724923.2949,204252202.64159998,236591617.21190038
2022-Q2,para_mevduat,H,yukumluluk,0.0,0.0,0.0
2022-Q2,para_mevduat,F,varlik,2388280902.4999,164482155.1727,150831782.03229994
2022-Q2,para_mevduat,F,yukumluluk,0.0,0.0,0.0
2022-Q2,para_mevduat,B,varlik,845763354.8952,-23311460.3698,78125343.67220011
2022-Q2,para_mevduat,B,yukumluluk,4955712958.3022,-7167002.802999973,466743804.83169985
2022-Q2,para_mevduat,K,varlik,1526009969.0818,132940283.93339999,93318577.81429999
2022-Q2,para_mevduat,K,yukumluluk,2691028908.2075,578618704.4262,-36276568.23929989
2022-Q2,para_mevduat,D,varlik,767568186.324,57697246.3577,57247396.01699995
2022-Q2,para_mevduat,D,yukumluluk,1941605469.586,-35391273.8877,185647480.15530005
2022-Q2,para_mevduat,U,varlik,0.0,,0.0
2022-Q2,para_mevduat,U,yukumluluk,9.72747802734375e-05,,9.72747802734375e-05
2022-Q2,borclanma_senedi,H,varlik,186061499.3804,8158584.5625,17104856.11320001
2022-Q2,borclanma_senedi,H,yukumluluk,0.0,0.0,0.0
2022-Q2,borclanma_senedi,F,varlik,75757068.7732,-1377234.1862,2509498.069400005
2022-Q2,borclanma_senedi,F,yukumluluk,199527346.6,-5245376.8688,18547633.654799983
2022-Q2,borclanma_senedi,B,varlik,2739508701.6469,252661293.7335,135612600.33290005
2022-Q2,borclanma_senedi,B,yukumluluk,523007257.0844,-40596995.3156,55559877.74710002
2022-Q2,borclanma_senedi,K,varlik,239955301.6994,19798230.3828,10677972.230800014
2022-Q2,borclanma_senedi,K,yukumluluk,3322493821.0726,222566730.491,117334601.30099982
2022-Q2,borclanma_senedi,D,varlik,943548745.0,-95932588.0,37913654.20000005
2022-Q2,borclanma_senedi,D,yukumluluk,139802892.0,6583928.186,12376468.014000002
2022-Q2,borclanma_senedi,U,varlik,0.25709962844848633,,-0.229400634765625
2022-Q2,borclanma_senedi,U,yukumluluk,0.0,,0.0
2022-Q2,kredi,H,varlik,5565368.2683,412727.0467,472084.9843999993
2022-Q2,kredi,H,yukumluluk,1272437447.3638,169731562.83089998,254198.18030020595
2022-Q2,kredi,F,varlik,97483408.951,1667702.7492,11599280.2385
2022-Q2,kredi,F,yukumluluk,6545888361.2891,404086009.1805,351946954.92509943
2022-Q2,kredi,B,varlik,5784662008.7086,393215402.00270003,207875919.29190046
2022-Q2,kredi,B,yukumluluk,1484322200.8763,90758841.46980001,117635601.82520007
2022-Q2,kredi,K,varlik,1253660257.9097,284746864.7901,37255665.535099864
2022-Q2,kredi,K,yukumluluk,560304002.3085,2264565.7273999997,37884347.09940005
2022-Q2,kredi,D,varlik,2966531923.0,10291116.0,271563146.4000001
2022-Q2,kredi,D,yukumluluk,244950955.0,23492833.38,21044994.420000013
2022-Q2,kredi,U,varlik,9.918212890625e-05,,-1.9073486328125e-06
2022-Q2,kredi,U,yukumluluk,0.0,,0.0
2022-Q2,hisse_ozkaynak,H,varlik,781201375.8896999,-2689199.1812,71536744.1180999
2022-Q2,hisse_ozkaynak,H,yukumluluk,99656709.0841,17820692.398,-1.1175870895385742e-08
2022-Q2,hisse_ozkaynak,F,varlik,795539113.3894,26713652.3319,92136082.11199999
2022-Q2,hisse_ozkaynak,F,yukumluluk,2374760331.0052,-81669183.0744,54524849.78629975
2022-Q2,hisse_ozkaynak,B,varlik,400119835.4709,3446248.5036,33613540.760800004
2022-Q2,hisse_ozkaynak,B,yukumluluk,1134353681.5457,70159010.9916,39729000.1714001
2022-Q2,hisse_ozkaynak,K,varlik,616366608.885,-5083413.525,13364711.552699948
2022-Q2,hisse_ozkaynak,K,yukumluluk,7799460.0,0.0,0.0
2022-Q2,hisse_ozkaynak,D,varlik,1885813977.0,5420436.0,-20045467.0
2022-Q2,hisse_ozkaynak,D,yukumluluk,862470729.0,21497203.814,96351761.58599998
2022-Q2,hisse_ozkaynak,U,varlik,0.0,,0.0
2022-Q2,hisse_ozkaynak,U,yukumluluk,0.0,,0.0
2022-Q2,sigorta_emeklilik,H,varlik,417916549.3974,14361228.2363,18925824.6933
2022-Q2,sigorta_emeklilik,H,yukumluluk,0.0,0.0,0.0
2022-Q2,sigorta_emeklilik,F,varlik,56255533.2991,7172242.609,-0.00010000448673963547
2022-Q2,sigorta_emeklilik,F,yukumluluk,0.0,0.0,0.0
2022-Q2,sigorta_emeklilik,B,varlik,0.0,0.0,0.0
2022-Q2,sigorta_emeklilik,B,yukumluluk,441870202.1127,22651226.7002,18486133.365799986
2022-Q2,sigorta_emeklilik,K,varlik,0.0,0.0,0.0
2022-Q2,sigorta_emeklilik,K,yukumluluk,32301880.5838,-1117755.8549,439691.32740000007
2022-Q2,sigorta_emeklilik,D,varlik,0.0,0.0,0.0
2022-Q2,sigorta_emeklilik,D,yukumluluk,0.0,0.0,0.0
2022-Q2,sigorta_emeklilik,U,varlik,0.0,,0.0
2022-Q2,sigorta_emeklilik,U,yukumluluk,0.0,,0.0
2022-Q2,turev,H,varlik,136065.0,100237.3652,-35701.3652
2022-Q2,turev,H,yukumluluk,3663914.4183,1076067.8422,501047.16689999984
2022-Q2,turev,F,varlik,21009832.0,3306649.4338,-1738250.4338000002
2022-Q2,turev,F,yukumluluk,27034457.0,307904.2188,123506.78120000003
2022-Q2,turev,B,varlik,144111648.84,20009781.6417,10038972.87470001
2022-Q2,turev,B,yukumluluk,79488295.7084,12933123.1436,5342173.536899993
2022-Q2,turev,K,varlik,2966014.2242,1627227.4856,0.00010000006295740604
2022-Q2,turev,K,yukumluluk,5096780.9375,4128231.3125,0.0
2022-Q2,turev,D,varlik,64854482.0,11309289.5698,5166364.430199999
2022-Q2,turev,D,yukumluluk,117794594.0,17907858.9791,7464658.0209
2022-Q2,turev,U,varlik,0.0,,0.0
2022-Q2,turev,U,yukumluluk,2.9802322387695312e-08,,2.9802322387695312e-08
2022-Q2,diger,H,varlik,97867128.4593,12660376.906399999,631347.1186999939
2022-Q2,diger,H,yukumluluk,58575712.055,9106278.1348,49038.77460000105
2022-Q2,diger,F,varlik,1202274889.4748,153082749.9382,77999069.6651001
2022-Q2,diger,F,yukumluluk,1485927985.2881,154395223.3803,274698598.4603
2022-Q2,diger,B,varlik,342625324.3038,75171185.312,6383372.073899955
2022-Q2,diger,B,yukumluluk,570521154.0505,100701019.6588,13300082.156500041
2022-Q2,diger,K,varlik,853068332.4243,42374436.3108,203611452.6253999
2022-Q2,diger,K,yukumluluk,428031642.8503,7717567.329300001,15046586.393500015
2022-Q2,diger,D,varlik,835756196.2492,70905734.9538,83544147.83109996
2022-Q2,diger,D,yukumluluk,788535376.6676,82274394.9181,69075083.52939999
2022-Q2,diger,U,varlik,0.00010013580322265625,,0.00010013580322265625
2022-Q2,diger,U,yukumluluk,0.0,,-0.00010013580322265625
2022-Q3,altin_sdr,H,varlik,0.0,0.0,0.0
2022-Q3,altin_sdr,H,yukumluluk,0.0,0.0,0.0
2022-Q3,altin_sdr,F,varlik,0.0,0.0,0.0
2022-Q3,altin_sdr,F,yukumluluk,0.0,0.0,0.0
2022-Q3,altin_sdr,B,varlik,0.0,0.0,0.0
2022-Q3,altin_sdr,B,yukumluluk,0.0,0.0,0.0
2022-Q3,altin_sdr,K,varlik,852204589.0,30205961.9139,13075652.0861
2022-Q3,altin_sdr,K,yukumluluk,130633850.0,0.0,7524505.0
2022-Q3,altin_sdr,D,varlik,130633850.0,-0.2332,7524505.2332
2022-Q3,altin_sdr,D,yukumluluk,852204589.0,30205961.6807,13075652.3193
2022-Q3,altin_sdr,U,varlik,0.0,,0.0
2022-Q3,altin_sdr,U,yukumluluk,0.0,,0.0
2022-Q3,para_mevduat,H,varlik,4578128179.163199,332478181.40749997,184925074.46079952
2022-Q3,para_mevduat,H,yukumluluk,0.0,0.0,0.0
2022-Q3,para_mevduat,F,varlik,2868647393.3878,362933293.5302,117433197.35770035
2022-Q3,para_mevduat,F,yukumluluk,0.0,0.0,0.0
2022-Q3,para_mevduat,B,varlik,857291132.2784,-36029143.60069999,47556920.98389992
2022-Q3,para_mevduat,B,yukumluluk,5772254699.594799,689644357.4307,126897383.86189878
2022-Q3,para_mevduat,K,varlik,1783504643.9984,217028122.9552,40466551.9614
2022-Q3,para_mevduat,K,yukumluluk,2806370159.2521,-72528253.86,187869504.90460002
2022-Q3,para_mevduat,D,varlik,880838091.3038,50075917.2533,63193987.72649998
2022-Q3,para_mevduat,D,yukumluluk,2389784581.2849,309370267.9749,138808843.72400022
2022-Q3,para_mevduat,U,varlik,0.0002002716064453125,,0.0002002716064453125
2022-Q3,para_mevduat,U,yukumluluk,0.0,,-9.72747802734375e-05
2022-Q3,borclanma_senedi,H,varlik,211104313.126,8724624.617800001,16318189.127799984
2022-Q3,borclanma_senedi,H,yukumluluk,0.0,0.0,0.0
2022-Q3,borclanma_senedi,F,varlik,74797674.9839,-3208121.0471,2248727.2577999905
2022-Q3,borclanma_senedi,F,yukumluluk,231251999.97,13842653.8319,17881999.538100004
2022-Q3,borclanma_senedi,B,varlik,3158400063.1753,183255212.7852,235636148.74319994
2022-Q3,borclanma_senedi,B,yukumluluk,552385303.311,-6621586.5122,35999632.73879999
2022-Q3,borclanma_senedi,K,varlik,268608298.845,19032586.4984,9620410.647200022
2022-Q3,borclanma_senedi,K,yukumluluk,3764257001.6428,138598779.6126,303164400.9576
2022-Q3,borclanma_senedi,D,varlik,984180114.4,-63690088.0,104321457.39999998
2022-Q3,borclanma_senedi,D,yukumluluk,149196161.4,-1705632.078,11098901.478000006
2022-Q3,borclanma_senedi,U,varlik,1.7935991287231445,,1.5364995002746582
2022-Q3,borclanma_senedi,U,yukumluluk,0.0,,0.0
2022-Q3,kredi,H,varlik,7479750.9117,1453595.7865000002,460786.85690000025
2022-Q3,kredi,H,yukumluluk,1393199521.6659,120456423.5281,305650.77399994433
2022-Q3,kredi,F,varlik,110315110.9048,2163931.1472,10667770.806599993
2022-Q3,kredi,F,yukumluluk,7167940230.2811,390787517.0601,231264351.93190056
2022-Q3,kredi,B,varlik,6587503869.5393,670196887.8721,132644972.95859993
2022-Q3,kredi,B,yukumluluk,1437806882.1931,-120939049.1067,74423730.42349988
2022-Q3,kredi,K,varlik,946013813.4551,-333244093.2475,25597648.792900145
2022-Q3,kredi,K,yukumluluk,622780924.6709,36975476.2868,25501446.07559994
2022-Q3,kredi,D,varlik,3244733849.0,85982272.0,192219654.0
2022-Q3,kredi,D,yukumluluk,274318835.0,-727774.21,30095654.21
2022-Q3,kredi,U,varlik,0.0001010894775390625,,1.9073486328125e-06
2022-Q3,kredi,U,yukumluluk,0.0,,0.0
2022-Q3,hisse_ozkaynak,H,varlik,984012874.5915,-6950994.837,209762493.53880012
2022-Q3,hisse_ozkaynak,H,yukumluluk,122304433.0567,22647723.9726,1.1175870895385742e-08
2022-Q3,hisse_ozkaynak,F,varlik,955665568.9436,54629812.7546,105496642.79960005
2022-Q3,hisse_ozkaynak,F,yukumluluk,2843277535.5331,1791318.9107,466725885.6172002
2022-Q3,hisse_ozkaynak,B,varlik,467042583.4263,15463008.592,51459739.36339999
2022-Q3,hisse_ozkaynak,B,yukumluluk,1459698892.2219,63197740.0107,262147470.66549993
2022-Q3,hisse_ozkaynak,K,varlik,642645129.8503,20975766.4624,5302754.502899963
2022-Q3,hisse_ozkaynak,K,yukumluluk,7799460.0,0.0,0.0
2022-Q3,hisse_ozkaynak,D,varlik,2356662471.8,22989709.0,447858785.8000002
2022-Q3,hisse_ozkaynak,D,yukumluluk,972948307.8,19470519.078,91007059.72199994
2022-Q3,hisse_ozkaynak,U,varlik,9.5367431640625e-07,,9.5367431640625e-07
2022-Q3,hisse_ozkaynak,U,yukumluluk,0.0,,0.0
2022-Q3,sigorta_emeklilik,H,varlik,478695502.1723,15598415.009,45180537.765899956
2022-Q3,sigorta_emeklilik,H,yukumluluk,0.0,0.0,0.0
2022-Q3,sigorta_emeklilik,F,varlik,65904247.8305,9648714.5314,1.862645149230957e-09
2022-Q3,sigorta_emeklilik,F,yukumluluk,0.0,0.0,0.0
2022-Q3,sigorta_emeklilik,B,varlik,0.0,0.0,0.0
2022-Q3,sigorta_emeklilik,B,yukumluluk,513549573.4879,26525416.8077,45153954.56750003
2022-Q3,sigorta_emeklilik,K,varlik,0.0,0.0,0.0
2022-Q3,sigorta_emeklilik,K,yukumluluk,31050176.515,-1278287.2673,26583.198500001337
2022-Q3,sigorta_emeklilik,D,varlik,0.0,0.0,0.0
2022-Q3,sigorta_emeklilik,D,yukumluluk,0.0,0.0,0.0
2022-Q3,sigorta_emeklilik,U,varlik,0.00010001659393310547,,0.00010001659393310547
2022-Q3,sigorta_emeklilik,U,yukumluluk,0.0,,0.0
2022-Q3,turev,H,varlik,660660.0,129237.4249,395357.5751
2022-Q3,turev,H,yukumluluk,5220542.1922,1044373.4363,512254.33760000044
2022-Q3,turev,F,varlik,19939638.0,-2601645.6271,1531451.6271000002
2022-Q3,turev,F,yukumluluk,24763581.0,-1273087.5472,-997788.4528000001
2022-Q3,turev,B,varlik,160409956.1721,13928809.571,2369497.7611000035
2022-Q3,turev,B,yukumluluk,83157881.9223,-3216252.6059,6885838.8198
2022-Q3,turev,K,varlik,4562743.8737,1596729.6495,2.3283064365386963e-10
2022-Q3,turev,K,yukumluluk,7155808.9313,2059027.9938,2.3283064365386963e-10
2022-Q3,turev,D,varlik,69994563.0,-134228.1765,5274309.1765
2022-Q3,turev,D,yukumluluk,135269747.0,14304841.5649,3170311.4351000004
2022-Q3,turev,U,varlik,0.0,,0.0
2022-Q3,turev,U,yukumluluk,0.0,,-2.9802322387695312e-08
2022-Q3,diger,H,varlik,120742421.296,22336008.1176,539284.7191000059
2022-Q3,diger,H,yukumluluk,64263655.7265,5634979.729900001,52963.94159999676
2022-Q3,diger,F,varlik,1302918435.4235,43984438.2225,56659107.726199955
2022-Q3,diger,F,yukumluluk,1788203255.9051,131614633.5386,170660637.0784001
2022-Q3,diger,B,varlik,398635154.6645,52666074.8824,3343755.4783000126
2022-Q3,diger,B,yukumluluk,643895320.6065,65831382.2027,7542784.353299998
2022-Q3,diger,K,varlik,1010192629.152,45840968.7649,111283327.9628
2022-Q3,diger,K,yukumluluk,456554797.6417,17239545.3761,11283609.415300015
2022-Q3,diger,D,varlik,956814503.7484,49394476.5601,71663830.9391
2022-Q3,diger,D,yukumluluk,836386114.4047,-6098574.2997,53949312.036800005
2022-Q3,diger,U,varlik,0.00010013580322265625,,0.0
2022-Q3,diger,U,yukumluluk,0.0,,0.0
2022-Q4,altin_sdr,H,varlik,0.0,0.0,0.0
2022-Q4,altin_sdr,H,yukumluluk,0.0,0.0,0.0
2022-Q4,altin_sdr,F,varlik,0.0,0.0,0.0
2022-Q4,altin_sdr,F,yukumluluk,0.0,0.0,0.0
2022-Q4,altin_sdr,B,varlik,0.0,0.0,0.0
2022-Q4,altin_sdr,B,yukumluluk,0.0,0.0,0.0
2022-Q4,altin_sdr,K,varlik,995517558.0,52391549.4573,90921419.5427
2022-Q4,altin_sdr,K,yukumluluk,138268530.0,0.0,7634680.0
2022-Q4,altin_sdr,D,varlik,138268530.0,-0.0053,7634680.0053
2022-Q4,altin_sdr,D,yukumluluk,995517558.0,52391549.452,90921419.54800001
2022-Q4,altin_sdr,U,varlik,0.0,,0.0
2022-Q4,altin_sdr,U,yukumluluk,0.0,,0.0
2022-Q4,para_mevduat,H,varlik,4865288618.3557005,207970743.1002,79189696.09230107
2022-Q4,para_mevduat,H,yukumluluk,0.0,0.0,0.0
2022-Q4,para_mevduat,F,varlik,3262597506.5584,313843609.8872,80106503.28339994
2022-Q4,para_mevduat,F,yukumluluk,0.0,0.0,0.0
2022-Q4,para_mevduat,B,varlik,697970793.085,-164367873.2387,5047534.045300096
2022-Q4,para_mevduat,B,yukumluluk,6465358785.4333,629071148.8819001,64032936.956600904
2022-Q4,para_mevduat,K,varlik,2252837251.0078,326667971.0514,142664635.95800012
2022-Q4,para_mevduat,K,yukumluluk,3123827337.9224,135938841.6762,181518336.9941
2022-Q4,para_mevduat,D,varlik,974882933.5115,38644768.0516,55400074.15610001
2022-Q4,para_mevduat,D,yukumluluk,2464390979.1625,-42250771.7065,116857169.58409971
2022-Q4,para_mevduat,U,varlik,0.0,,-0.0002002716064453125
2022-Q4,para_mevduat,U,yukumluluk,0.0002002716064453125,,0.0002002716064453125
2022-Q4,borclanma_senedi,H,varlik,225770158.4036,4431226.0282000005,10234619.24940002
2022-Q4,borclanma_senedi,H,yukumluluk,0.0,0.0,0.0
2022-Q4,borclanma_senedi,F,varlik,72952551.6508,-2582454.7502,737331.417100009
2022-Q4,borclanma_senedi,F,yukumluluk,262364205.914,28930726.1624,2181479.781600006
2022-Q4,borclanma_senedi,B,varlik,3573503379.4736,249960973.56010002,165142342.73819977
2022-Q4,borclanma_senedi,B,yukumluluk,514256570.4861,-1659455.9865,-36469276.83839997
2022-Q4,borclanma_senedi,K,varlik,289819515.4393,9772442.8786,11438773.715699973
2022-Q4,borclanma_senedi,K,yukumluluk,4327453019.5672,275670825.6689,287525192.25549984
2022-Q4,borclanma_senedi,D,varlik,1091507508.0,21772604.0,85554789.60000002
2022-Q4,borclanma_senedi,D,yukumluluk,149479317.0,-19587304.128,19870459.727999993
2022-Q4,borclanma_senedi,U,varlik,0.0,,-1.7935991287231445
2022-Q4,borclanma_senedi,U,yukumluluk,9.5367431640625e-07,,9.5367431640625e-07
2022-Q4,kredi,H,varlik,42997211.489,35658407.9014,-140947.32410000265
2022-Q4,kredi,H,yukumluluk,1619987196.9096,226594374.1587,193301.08500003815
2022-Q4,kredi,F,varlik,88353941.7844,1909846.0383,-23871015.158699997
2022-Q4,kredi,F,yukumluluk,7808631685.2761,404815716.2805,235875738.7144999
2022-Q4,kredi,B,varlik,7376142067.9911,672785668.3316,115852530.1202004
2022-Q4,kredi,B,yukumluluk,1473030442.1056,-13063223.833899999,48286783.74640014
2022-Q4,kredi,K,varlik,904913302.6294,-53761801.9588,12661291.133099958
2022-Q4,kredi,K,yukumluluk,683214984.2026,19150183.957,41283875.57470001
2022-Q4,kredi,D,varlik,3407492743.2,-32296372.0,195055266.1999998
2022-Q4,kredi,D,yukumluluk,235034958.6,-13201302.25,-26082574.150000006
2022-Q4,kredi,U,varlik,0.0,,-0.0001010894775390625
2022-Q4,kredi,U,yukumluluk,0.0,,0.0
2022-Q4,hisse_ozkaynak,H,varlik,1601226460.684,126210444.2238,491003141.86869997
2022-Q4,hisse_ozkaynak,H,yukumluluk,88071134.0968,-34233298.96,9.99942421913147e-05
2022-Q4,hisse_ozkaynak,F,varlik,1094982958.4078,63156499.9176,76160889.5465999
2022-Q4,hisse_ozkaynak,F,yukumluluk,6589344407.9967,172310373.8579,3573756498.6057
2022-Q4,hisse_ozkaynak,B,varlik,648282926.8396,100808361.14979999,80431982.26349999
2022-Q4,hisse_ozkaynak,B,yukumluluk,2073260394.7821,135841623.7929,477719878.7673
2022-Q4,hisse_ozkaynak,K,varlik,1216708530.5442,-11282262.4722,585345663.1661
2022-Q4,hisse_ozkaynak,K,yukumluluk,7799460.0,0.0,0.0
2022-Q4,hisse_ozkaynak,D,varlik,5199655336.2,19490586.0,2823502278.3999996
2022-Q4,hisse_ozkaynak,D,yukumluluk,1002380815.8,24464930.128,4967577.872000001
2022-Q4,hisse_ozkaynak,U,varlik,1.9073486328125e-06,,9.5367431640625e-07
2022-Q4,hisse_ozkaynak,U,yukumluluk,0.0,,0.0
2022-Q4,sigorta_emeklilik,H,varlik,597674036.9227,44653665.488,74324869.26240006
2022-Q4,sigorta_emeklilik,H,yukumluluk,0.0,0.0,0.0
2022-Q4,sigorta_emeklilik,F,varlik,82881736.741,16977488.9105,-3.725290298461914e-09
2022-Q4,sigorta_emeklilik,F,yukumluluk,0.0,0.0,0.0
2022-Q4,sigorta_emeklilik,B,varlik,0.0,0.0,0.0
2022-Q4,sigorta_emeklilik,B,yukumluluk,636607390.6732,50287282.7908,72770534.39449999
2022-Q4,sigorta_emeklilik,K,varlik,0.0,0.0,0.0
2022-Q4,sigorta_emeklilik,K,yukumluluk,43948382.9905,11343871.6077,1554334.867800003
2022-Q4,sigorta_emeklilik,D,varlik,0.0,0.0,0.0
2022-Q4,sigorta_emeklilik,D,yukumluluk,0.0,0.0,0.0
2022-Q4,sigorta_emeklilik,U,varlik,0.0,,-0.00010001659393310547
2022-Q4,sigorta_emeklilik,U,yukumluluk,1.1920928955078125e-07,,1.1920928955078125e-07
2022-Q4,turev,H,varlik,839788.0,159523.0915,19604.90849999999
2022-Q4,turev,H,yukumluluk,6195151.2305,233245.6618,741363.3764999992
2022-Q4,turev,F,varlik,16169920.0,-9174975.0107,5405257.0107
2022-Q4,turev,F,yukumluluk,23286410.0,-2174040.8139,696869.8139
2022-Q4,turev,B,varlik,141901959.4946,-17231113.697,-1276882.980500009
2022-Q4,turev,B,yukumluluk,57619186.2641,-26636091.476,1097395.817800004
2022-Q4,turev,K,varlik,0.0,-4562743.8737,0.0
2022-Q4,turev,K,yukumluluk,0.0,-2028302.8402,-5127506.0911
2022-Q4,turev,D,varlik,49187576.0,-17325725.7687,-3481261.2313
2022-Q4,turev,D,yukumluluk,120998496.0,-17529845.7903,3258594.7903000005
2022-Q4,turev,U,varlik,0.0,,0.0
2022-Q4,turev,U,yukumluluk,0.0,,0.0
2022-Q4,diger,H,varlik,127510652.069,6575092.2349,193138.53810000233
2022-Q4,diger,H,yukumluluk,68925425.3171,4647271.5422,14498.048400006257
2022-Q4,diger,F,varlik,1446478587.779,99992594.9751,43567557.38039999
2022-Q4,diger,F,yukumluluk,1817193593.2866,-22851540.4124,51841877.793900006
2022-Q4,diger,B,varlik,503128899.75549996,96887513.1458,7606231.945199966
2022-Q4,diger,B,yukumluluk,695183662.7842,47755836.6699,3532505.5077999234
2022-Q4,diger,K,varlik,1151193870.0792,115580707.2125,25420533.714700073
2022-Q4,diger,K,yukumluluk,702717144.6295,234897807.8427,11264539.145099998
2022-Q4,diger,D,varlik,1007393692.1485,18529355.1509,32049833.249199994
2022-Q4,diger,D,yukumluluk,951685875.8137,73115887.0767,42183874.33229992
2022-Q4,diger,U,varlik,0.0,,-0.00010013580322265625
2022-Q4,diger,U,yukumluluk,9.965896606445312e-05,,9.965896606445312e-05
2023-Q1,altin_sdr,H,varlik,0.0,0.0,0.0
2023-Q1,altin_sdr,H,yukumluluk,0.0,0.0,0.0
2023-Q1,altin_sdr,F,varlik,0.0,0.0,0.0
2023-Q1,altin_sdr,F,yukumluluk,0.0,0.0,0.0
2023-Q1,altin_sdr,B,varlik,0.0,0.0,0.0
2023-Q1,altin_sdr,B,yukumluluk,0.0,0.0,0.0
2023-Q1,altin_sdr,K,varlik,1141692128.0,37087062.7684,109087507.2316
2023-Q1,altin_sdr,K,yukumluluk,142735841.0,0.0,4467311.0
2023-Q1,altin_sdr,D,varlik,142735841.0,0.0986,4467310.9014
2023-Q1,altin_sdr,D,yukumluluk,1141692128.0,37087062.8671,109087507.1329
2023-Q1,altin_sdr,U,varlik,0.0,,0.0
2023-Q1,altin_sdr,U,yukumluluk,0.0,,0.0
2023-Q1,para_mevduat,H,varlik,5490551217.2902,562935978.5442,62326620.3902998
2023-Q1,para_mevduat,H,yukumluluk,0.0,0.0,0.0
2023-Q1,para_mevduat,F,varlik,3358853485.1324,44008481.5139,52247497.060099885
2023-Q1,para_mevduat,F,yukumluluk,0.0,0.0,0.0
2023-Q1,para_mevduat,B,varlik,779824736.2988,66709425.74039999,15144517.473399967
2023-Q1,para_mevduat,B,yukumluluk,7335952834.0058,944485093.6226001,-73891045.05009985
2023-Q1,para_mevduat,K,varlik,2135416955.4627,-132174992.95019999,14754697.40509978
2023-Q1,para_mevduat,K,yukumluluk,3151482475.9804,-131968459.5286,159623597.5866001
2023-Q1,para_mevduat,D,varlik,1086557564.7257,81260626.3388,30414004.875399902
2023-Q1,para_mevduat,D,yukumluluk,2363768648.9235,-189777114.9069,89154784.66790015
2023-Q1,para_mevduat,U,varlik,0.0,,0.0
2023-Q1,para_mevduat,U,yukumluluk,9.918212890625e-05,,-0.0001010894775390625
2023-Q1,borclanma_senedi,H,varlik,245808737.9741,20222117.447,-183537.87650001422
2023-Q1,borclanma_senedi,H,yukumluluk,0.0,0.0,0.0
2023-Q1,borclanma_senedi,F,varlik,79118359.8427,5399351.0091,766457.1827999996
2023-Q1,borclanma_senedi,F,yukumluluk,261811304.36,-5377694.3361,4824792.78210001
2023-Q1,borclanma_senedi,B,varlik,3989044794.5337,426106761.1113,-10565346.051199913
2023-Q1,borclanma_senedi,B,yukumluluk,501986549.4799,-24806854.8243,12536833.818099983
2023-Q1,borclanma_senedi,K,varlik,310297166.971,-2486095.8344,22963747.366100013
2023-Q1,borclanma_senedi,K,yukumluluk,4843139655.4814,468469971.5764,47216664.33779985
2023-Q1,borclanma_senedi,D,varlik,1127278188.0,-964847.0,36735527.0
2023-Q1,borclanma_senedi,D,yukumluluk,144609738.0,9991864.317,-14861443.317
2023-Q1,borclanma_senedi,U,varlik,0.0,,0.0
2023-Q1,borclanma_senedi,U,yukumluluk,0.0002002716064453125,,0.00019931793212890625
2023-Q1,kredi,H,varlik,7101332.0552,-36403929.0673,508049.6335000023
2023-Q1,kredi,H,yukumluluk,1950449002.0049,330337413.4034,124391.69189995527
2023-Q1,kredi,F,varlik,90723348.436,489165.0184,1880241.6332000033
2023-Q1,kredi,F,yukumluluk,8498407564.0401,565003581.9995,124772296.7644999
2023-Q1,kredi,B,varlik,8240342102.562401,783514603.1674001,80685431.40390038
2023-Q1,kredi,B,yukumluluk,1542063126.2959,4356142.427499995,64676541.76279999
2023-Q1,kredi,K,varlik,1178913883.8709002,262607256.4914,11393324.750100136
2023-Q1,kredi,K,yukumluluk,835987432.5838,126282215.91950001,26490232.461699948
2023-Q1,kredi,D,varlik,3547121982.0,14468675.0,125160563.80000019
2023-Q1,kredi,D,yukumluluk,237295524.0,-1303583.14,3564148.5400000056
2023-Q1,kredi,U,varlik,0.0001983642578125,,0.0001983642578125
2023-Q1,kredi,U,yukumluluk,0.0,,0.0
2023-Q1,hisse_ozkaynak,H,varlik,1589275004.9265,-9977662.6934,-1973793.064099934
2023-Q1,hisse_ozkaynak,H,yukumluluk,100764543.5633,12693409.4665,0.0
2023-Q1,hisse_ozkaynak,F,varlik,1144854159.7089,42971738.0094,6899463.291700013
2023-Q1,hisse_ozkaynak,F,yukumluluk,5063199412.8812,-213484990.053,-1312660005.0625005
2023-Q1,hisse_ozkaynak,B,varlik,696318222.6831,35066629.2911,12968666.552400015
2023-Q1,hisse_ozkaynak,B,yukumluluk,2255552907.0919,232043923.1226,-49751410.81280008
2023-Q1,hisse_ozkaynak,K,varlik,1230306650.2179,-8548107.388,22146227.061700094
2023-Q1,hisse_ozkaynak,K,yukumluluk,9710482.0,0.0,1911022.0
2023-Q1,hisse_ozkaynak,D,varlik,3827323692.0,2158014.0,-1374489658.1999998
2023-Q1,hisse_ozkaynak,D,yukumluluk,1058850384.0,30418268.683,26051299.51700005
2023-Q1,hisse_ozkaynak,U,varlik,0.0,,-1.9073486328125e-06
2023-Q1,hisse_ozkaynak,U,yukumluluk,0.0,,0.0
2023-Q1,sigorta_emeklilik,H,varlik,642970131.3993,34728236.3763,10567858.100299932
2023-Q1,sigorta_emeklilik,H,yukumluluk,0.0,0.0,0.0
2023-Q1,sigorta_emeklilik,F,varlik,102898122.5446,20016385.8036,0.0
2023-Q1,sigorta_emeklilik,F,yukumluluk,0.0,0.0,0.0
2023-Q1,sigorta_emeklilik,B,varlik,0.0,0.0,0.0
2023-Q1,sigorta_emeklilik,B,yukumluluk,701360629.6567,54928281.6506,9824957.332900003
2023-Q1,sigorta_emeklilik,K,varlik,0.0,0.0,0.0
2023-Q1,sigorta_emeklilik,K,yukumluluk,44507624.2872,-183659.4707,742900.7673999933
2023-Q1,sigorta_emeklilik,D,varlik,0.0,0.0,0.0
2023-Q1,sigorta_emeklilik,D,yukumluluk,0.0,0.0,0.0
2023-Q1,sigorta_emeklilik,U,varlik,0.0,,0.0
2023-Q1,sigorta_emeklilik,U,yukumluluk,0.0,,-1.1920928955078125e-07
2023-Q1,turev,H,varlik,1591014.0,-424007.4582,1175233.4582
2023-Q1,turev,H,yukumluluk,6279349.6176,1138515.0308,-1054316.6436999992
2023-Q1,turev,F,varlik,13148615.0,-1049266.0228,-1972038.9772
2023-Q1,turev,F,yukumluluk,18835385.0,-730766.4658,-3720258.5342
2023-Q1,turev,B,varlik,128812502.5717,-25967910.3185,12878453.39560001
2023-Q1,turev,B,yukumluluk,52682486.6906,-5445520.3901,508820.8166000005
2023-Q1,turev,K,varlik,1765164.2991,1765164.2991,0.0
2023-Q1,turev,K,yukumluluk,2150396.5625,2150396.5625,0.0
2023-Q1,turev,D,varlik,46170185.0,-4442580.061,1425189.0609999998
2023-Q1,turev,D,yukumluluk,111539863.0,-27231224.2989,17772591.2989
2023-Q1,turev,U,varlik,0.0,,0.0
2023-Q1,turev,U,yukumluluk,0.00010001659393310547,,0.00010001659393310547
2023-Q1,diger,H,varlik,153413560.8865,25715238.6267,187670.19079999626
2023-Q1,diger,H,yukumluluk,86593228.0866,17653034.3629,14768.4066000022
2023-Q1,diger,F,varlik,1531862693.2426,52613448.2837,32770657.179899924
2023-Q1,diger,F,yukumluluk,1957407235.1294,103957660.2319,36255981.610899895
2023-Q1,diger,B,varlik,614548208.7820001,111561268.4068,-141959.380299896
2023-Q1,diger,B,yukumluluk,803437103.9232,102528255.6014,5725185.537600055
2023-Q1,diger,K,varlik,1218840121.7161,63771171.9417,3875079.6951999515
2023-Q1,diger,K,yukumluluk,778547641.7045,81205579.2988,-5375082.223800078
2023-Q1,diger,D,varlik,1070149459.7289,32699737.9471,30056029.63329999
2023-Q1,diger,D,yukumluluk,962828835.5123,-18983664.2891,30126623.987700053
2023-Q1,diger,U,varlik,0.0,,0.0
2023-Q1,diger,U,yukumluluk,9.918212890625e-05,,-4.76837158203125e-07
2023-Q2,altin_sdr,H,varlik,0.0,0.0,0.0
2023-Q2,altin_sdr,H,yukumluluk,0.0,0.0,0.0
2023-Q2,altin_sdr,F,varlik,0.0,0.0,0.0
2023-Q2,altin_sdr,F,yukumluluk,0.0,0.0,0.0
2023-Q2,altin_sdr,B,varlik,0.0,0.0,0.0
2023-Q2,altin_sdr,B,yukumluluk,0.0,0.0,0.0
2023-Q2,altin_sdr,K,varlik,1260858669.0,-183868574.6106,303035115.6106
2023-Q2,altin_sdr,K,yukumluluk,190955569.0,0.0,48219728.0
2023-Q2,altin_sdr,D,varlik,190955569.0,-0.4692,48219728.4692
2023-Q2,altin_sdr,D,yukumluluk,1260858669.0,-183868575.0799,303035116.0799
2023-Q2,altin_sdr,U,varlik,0.0,,0.0
2023-Q2,altin_sdr,U,yukumluluk,0.0,,0.0
2023-Q2,para_mevduat,H,varlik,6856899288.7130995,603721177.4949,762626893.9279993
2023-Q2,para_mevduat,H,yukumluluk,0.0,0.0,0.0
2023-Q2,para_mevduat,F,varlik,3858440197.7022,32209068.5155,467377644.0542999
2023-Q2,para_mevduat,F,yukumluluk,0.0,0.0,0.0
2023-Q2,para_mevduat,B,varlik,1213689905.941,82807825.67930001,351057343.9629
2023-Q2,para_mevduat,B,yukumluluk,9056007525.7259,1067878144.9894,652176546.7307004
2023-Q2,para_mevduat,K,varlik,2650125048.5290003,10677684.3538,504030408.7125004
2023-Q2,para_mevduat,K,yukumluluk,3738869378.3662,-162483035.68150002,749869938.0672998
2023-Q2,para_mevduat,D,varlik,1401090539.4588,57958015.3751,256574959.35800016
2023-Q2,para_mevduat,D,yukumluluk,3185368076.2518,-118021337.8895,939620765.2178
2023-Q2,para_mevduat,U,varlik,0.0,,0.0
2023-Q2,para_mevduat,U,yukumluluk,0.0001983642578125,,9.918212890625e-05
2023-Q2,borclanma_senedi,H,varlik,344047834.51269996,18943167.3919,79295929.14669997
2023-Q2,borclanma_senedi,H,yukumluluk,0.0,0.0,0.0
2023-Q2,borclanma_senedi,F,varlik,93313330.76,2737487.2915,11457483.6258
2023-Q2,borclanma_senedi,F,yukumluluk,307404990.747,-19179796.0627,64773482.44969997
2023-Q2,borclanma_senedi,B,varlik,4336144037.3494,207064569.9949,140034672.8207996
2023-Q2,borclanma_senedi,B,yukumluluk,620132918.0876,-21380360.3984,139526729.0061
2023-Q2,borclanma_senedi,K,varlik,338257097.2318,-101625218.842,129585149.1028
2023-Q2,borclanma_senedi,K,yukumluluk,5507245096.4193,177449872.8673,486655568.0706005
2023-Q2,borclanma_senedi,D,varlik,1449863772.6,-32640446.0,355226030.5999999
2023-Q2,borclanma_senedi,D,yukumluluk,126843067.2,-42410156.57,24643485.770000003
2023-Q2,borclanma_senedi,U,varlik,9.5367431640625e-07,,9.5367431640625e-07
2023-Q2,borclanma_senedi,U,yukumluluk,0.0,,-0.0002002716064453125
2023-Q2,kredi,H,varlik,6438493.0026,-2428012.432,1765173.3794
2023-Q2,kredi,H,yukumluluk,2280820092.7513,328817739.7728,1553350.9735998511
2023-Q2,kredi,F,varlik,127317422.1022,4072750.7443,32521322.921899997
2023-Q2,kredi,F,yukumluluk,10213863372.4963,334810895.3246,1380644913.1315997
2023-Q2,kredi,B,varlik,9766847494.132,752719345.1216999,773786046.4478992
2023-Q2,kredi,B,yukumluluk,1863967205.7354002,149212.4619000107,321754866.9776001
2023-Q2,kredi,K,varlik,1313202362.7101002,33255732.01,101032746.82920001
2023-Q2,kredi,K,yukumluluk,1289497832.9638,115908217.28469999,337602183.0953
2023-Q2,kredi,D,varlik,4757699590.2,-2242368.0,1212819976.1999998
2023-Q2,kredi,D,yukumluluk,323356858.2,5691382.6,80369951.6
2023-Q2,kredi,U,varlik,0.0,,-0.0001983642578125
2023-Q2,kredi,U,yukumluluk,9.72747802734375e-05,,9.72747802734375e-05
2023-Q2,hisse_ozkaynak,H,varlik,1895871424.7041,99529573.3988,207066846.3787998
2023-Q2,hisse_ozkaynak,H,yukumluluk,113374722.0272,12610178.4639,0.0
2023-Q2,hisse_ozkaynak,F,varlik,1502580870.5229,15164979.1249,342561731.68910015
2023-Q2,hisse_ozkaynak,F,yukumluluk,5436207225.3111,60626206.9179,312381605.51200014
2023-Q2,hisse_ozkaynak,B,varlik,904359572.5222,-25885927.3256,233927277.1647
2023-Q2,hisse_ozkaynak,B,yukumluluk,2623778603.252,31380287.387,336845408.77309996
2023-Q2,hisse_ozkaynak,K,varlik,1253765840.7411,770650.1405999999,22688540.382600036
2023-Q2,hisse_ozkaynak,K,yukumluluk,9710482.0,0.0,0.0
2023-Q2,hisse_ozkaynak,D,varlik,4087254444.9,39870920.0,220059832.9000001
2023-Q2,hisse_ozkaynak,D,yukumluluk,1460761120.8,24833522.57,377077214.22999996
2023-Q2,hisse_ozkaynak,U,varlik,0.0,,0.0
2023-Q2,hisse_ozkaynak,U,yukumluluk,1.9073486328125e-06,,1.9073486328125e-06
2023-Q2,sigorta_emeklilik,H,varlik,785505215.0962,43814494.2421,98720589.45480001
2023-Q2,sigorta_emeklilik,H,yukumluluk,0.0,0.0,0.0
2023-Q2,sigorta_emeklilik,F,varlik,119414622.2063,16516499.6616,0.00010001100599765778
2023-Q2,sigorta_emeklilik,F,yukumluluk,0.0,0.0,0.0
2023-Q2,sigorta_emeklilik,B,varlik,0.0,0.0,0.0
2023-Q2,sigorta_emeklilik,B,yukumluluk,860633973.2861,61854780.4168,97418563.21260002
2023-Q2,sigorta_emeklilik,K,varlik,0.0,0.0,0.0
2023-Q2,sigorta_emeklilik,K,yukumluluk,44285864.0163,-1523786.5131,1302026.242200004
2023-Q2,sigorta_emeklilik,D,varlik,0.0,0.0,0.0
2023-Q2,sigorta_emeklilik,D,yukumluluk,0.0,0.0,0.0
2023-Q2,sigorta_emeklilik,U,varlik,0.0,,0.0
2023-Q2,sigorta_emeklilik,U,yukumluluk,0.00010001659393310547,,0.00010001659393310547
2023-Q2,turev,H,varlik,3775496.0,1192213.1867,992268.8133
2023-Q2,turev,H,yukumluluk,6372802.3098,-432974.206,526426.8981999995
2023-Q2,turev,F,varlik,64137395.0,36243902.6979,14744877.302100003
2023-Q2,turev,F,yukumluluk,24489910.0,2853998.8663,2800526.1337
2023-Q2,turev,B,varlik,157311363.9041,-6653683.4229,35152544.75529999
2023-Q2,turev,B,yukumluluk,112056923.4336,45982927.0683,13391509.674699992
2023-Q2,turev,K,varlik,3926439.9642,2161275.6652,-0.0001000002957880497
2023-Q2,turev,K,yukumluluk,6731411.125,4581014.5625,0.0
2023-Q2,turev,D,varlik,52438157.0,6731281.0607,-463309.06070000026
2023-Q2,turev,D,yukumluluk,131937805.0,-13309977.1035,33707919.1035
2023-Q2,turev,U,varlik,0.00010001659393310547,,0.00010001659393310547
2023-Q2,turev,U,yukumluluk,0.0,,-0.00010001659393310547
2023-Q2,diger,H,varlik,161635267.6933,6445030.9087000005,1776675.8981000073
2023-Q2,diger,H,yukumluluk,156732242.1508,69954427.47309999,184586.5910999924
2023-Q2,diger,F,varlik,2078524744.1796,211210861.91,335451189.02700007
2023-Q2,diger,F,yukumluluk,2759527529.3481,501248055.6962,300872238.52250016
2023-Q2,diger,B,varlik,890152123.8736,258263567.0324,17340348.05919993
2023-Q2,diger,B,yukumluluk,1111059871.0153,247831148.2905,59791618.80160004
2023-Q2,diger,K,varlik,1582381811.7438002,317611789.6362,45929900.391500175
2023-Q2,diger,K,yukumluluk,854716586.806,5026649.4734000005,71142295.62810004
2023-Q2,diger,D,varlik,1425500951.4944,13666112.1097,341685379.65580004
2023-Q2,diger,D,yukumluluk,1256158669.6645,-16862919.3363,310192753.4885
2023-Q2,diger,U,varlik,0.0,,0.0
2023-Q2,diger,U,yukumluluk,0.0,,-9.918212890625e-05
2023-Q3,altin_sdr,H,varlik,0.0,0.0,0.0
2023-Q3,altin_sdr,H,yukumluluk,0.0,0.0,0.0
2023-Q3,altin_sdr,F,varlik,0.0,0.0,0.0
2023-Q3,altin_sdr,F,yukumluluk,0.0,0.0,0.0
2023-Q3,altin_sdr,B,varlik,0.0,0.0,0.0
2023-Q3,altin_sdr,B,yukumluluk,0.0,0.0,0.0
2023-Q3,altin_sdr,K,varlik,1311019123.0,9220694.5667,40939759.4333
2023-Q3,altin_sdr,K,yukumluluk,198805060.0,0.0,7849491.0
2023-Q3,altin_sdr,D,varlik,198805060.0,0.0387,7849490.9613
2023-Q3,altin_sdr,D,yukumluluk,1311019123.0,9220694.6053,40939759.3947
2023-Q3,altin_sdr,U,varlik,0.0,,0.0
2023-Q3,altin_sdr,U,yukumluluk,0.0,,0.0
2023-Q3,para_mevduat,H,varlik,7636585274.2509,644775577.4716,134910408.06620073
2023-Q3,para_mevduat,H,yukumluluk,0.0,0.0,0.0
2023-Q3,para_mevduat,F,varlik,4502864334.6092,561140420.1867,83283716.7202996
2023-Q3,para_mevduat,F,yukumluluk,0.0,0.0,0.0
2023-Q3,para_mevduat,B,varlik,1203943884.6106,-47261520.086899996,37515498.756500006
2023-Q3,para_mevduat,B,yukumluluk,9488947714.7366,318520750.45280004,114419438.55790019
2023-Q3,para_mevduat,K,varlik,3443952215.3069,798214166.5383999,-4386999.760500193
2023-Q3,para_mevduat,K,yukumluluk,5088195057.9269,1300408039.0774999,48917640.48320007
2023-Q3,para_mevduat,D,varlik,1472810493.8328,21550898.786,50169055.587999836
2023-Q3,para_mevduat,D,yukumluluk,3683013429.9469,359490753.3655,138154600.32959986
2023-Q3,para_mevduat,U,varlik,3.814697265625e-06,,3.814697265625e-06
2023-Q3,para_mevduat,U,yukumluluk,0.0,,-0.0001983642578125
2023-Q3,borclanma_senedi,H,varlik,329991560.9113,-26890997.0032,12834723.40180004
2023-Q3,borclanma_senedi,H,yukumluluk,0.0,0.0,0.0
2023-Q3,borclanma_senedi,F,varlik,83147111.6536,-10291930.0354,125710.9290000014
2023-Q3,borclanma_senedi,F,yukumluluk,347926438.952,25465768.4061,15055679.798900042
2023-Q3,borclanma_senedi,B,varlik,4757326872.8421,425202000.4858,-4019164.993099451
2023-Q3,borclanma_senedi,B,yukumluluk,697053022.0494,21045409.9091,55874694.05269998
2023-Q3,borclanma_senedi,K,varlik,293047623.8213,-48252546.084,3043072.673500009
2023-Q3,borclanma_senedi,K,yukumluluk,5916356833.2269,365651080.114,43460656.6936
2023-Q3,borclanma_senedi,D,varlik,1619121750.0,68953634.0,100304343.4000001
2023-Q3,borclanma_senedi,D,yukumluluk,121298625.0,-3442097.066,-2102345.134000003
2023-Q3,borclanma_senedi,U,varlik,0.0,,-9.5367431640625e-07
2023-Q3,borclanma_senedi,U,yukumluluk,0.0,,0.0
2023-Q3,kredi,H,varlik,8222859.546399999,1891912.3421999998,-107545.79840000067
2023-Q3,kredi,H,yukumluluk,2552730931.2413,271599257.585,311580.9050002694
2023-Q3,kredi,F,varlik,136692220.2554,1799490.7101,7575307.443100001
2023-Q3,kredi,F,yukumluluk,10870418232.216,432087130.3047,224467729.41499984
2023-Q3,kredi,B,varlik,10487011492.3778,598009048.4375,122154949.80830002
2023-Q3,kredi,B,yukumluluk,1903653256.5267,-3188848.6313,42874899.42259982
2023-Q3,kredi,K,varlik,1307152687.9085,-13131720.9199,7082046.118299782
2023-Q3,kredi,K,yukumluluk,1350423965.1043,11364639.1614,49561492.97910007
2023-Q3,kredi,D,varlik,5049510375.0,93593228.0,198217556.8000002
2023-Q3,kredi,D,yukumluluk,311363250.0,-29700219.85,17706611.650000013
2023-Q3,kredi,U,varlik,0.0002002716064453125,,0.0002002716064453125
2023-Q3,kredi,U,yukumluluk,0.0,,-9.72747802734375e-05
2023-Q3,hisse_ozkaynak,H,varlik,2800436169.842,231087459.6742,673477285.4637
2023-Q3,hisse_ozkaynak,H,yukumluluk,133736787.8167,20362065.7895,-3.725290298461914e-09
2023-Q3,hisse_ozkaynak,F,varlik,2215581257.9123,43055403.5509,669944983.8385
2023-Q3,hisse_ozkaynak,F,yukumluluk,8871671236.1482,234410098.5107,3201053912.326399
2023-Q3,hisse_ozkaynak,B,varlik,1140670395.7825,104255060.4787,132055762.78160004
2023-Q3,hisse_ozkaynak,B,yukumluluk,3407322587.1114,116095436.0161,667448547.8433002
2023-Q3,hisse_ozkaynak,K,varlik,1315805769.5394,10422881.6785,51617047.11980003
2023-Q3,hisse_ozkaynak,K,yukumluluk,9710482.0,0.0,0.0
2023-Q3,hisse_ozkaynak,D,varlik,6539230500.0,36111242.0,2415864813.1
2023-Q3,hisse_ozkaynak,D,yukumluluk,1589283000.0,54064447.066,74457432.13400005
2023-Q3,hisse_ozkaynak,U,varlik,9.918212890625e-05,,9.918212890625e-05
2023-Q3,hisse_ozkaynak,U,yukumluluk,0.0,,-1.9073486328125e-06
2023-Q3,sigorta_emeklilik,H,varlik,905727246.7776,30763556.7756,89458474.90580006
2023-Q3,sigorta_emeklilik,H,yukumluluk,0.0,0.0,0.0
2023-Q3,sigorta_emeklilik,F,varlik,140314402.6459,16256550.4867,4643229.9529000055
2023-Q3,sigorta_emeklilik,F,yukumluluk,0.0,0.0,0.0
2023-Q3,sigorta_emeklilik,B,varlik,0.0,0.0,0.0
2023-Q3,sigorta_emeklilik,B,yukumluluk,1004523759.5816,50094432.6718,93795353.62369992
2023-Q3,sigorta_emeklilik,K,varlik,0.0,0.0,0.0
2023-Q3,sigorta_emeklilik,K,yukumluluk,41517889.8419,-3074325.4096,306351.23519999813
2023-Q3,sigorta_emeklilik,D,varlik,0.0,0.0,0.0
2023-Q3,sigorta_emeklilik,D,yukumluluk,0.0,0.0,0.0
2023-Q3,sigorta_emeklilik,U,varlik,0.0,,0.0
2023-Q3,sigorta_emeklilik,U,yukumluluk,1.1920928955078125e-07,,-9.989738464355469e-05
2023-Q3,turev,H,varlik,220400.0,-1134176.1506,-2420919.8493999997
2023-Q3,turev,H,yukumluluk,7137747.537,734520.614,30424.613199999672
2023-Q3,turev,F,varlik,33902062.0,-26974972.5337,-3260360.4662999995
2023-Q3,turev,F,yukumluluk,23475488.0,-3219017.2164,2204595.2164
2023-Q3,turev,B,varlik,162920808.2753,-25263096.6189,30872540.990099996
2023-Q3,turev,B,yukumluluk,74441781.6721,-37153320.4531,-461821.30839999765
2023-Q3,turev,K,varlik,6481666.015,2555226.0508,0.0
2023-Q3,turev,K,yukumluluk,8660445.0813,1929033.9563,-2.3283064365386963e-10
2023-Q3,turev,D,varlik,51240541.0,-8201559.7121,7003943.7121
2023-Q3,turev,D,yukumluluk,141050015.0,-21309795.8652,30422005.8652
2023-Q3,turev,U,varlik,0.00010001659393310547,,0.0
2023-Q3,turev,U,yukumluluk,0.0,,0.0
2023-Q3,diger,H,varlik,204511129.4605,42525122.2944,350739.47279999405
2023-Q3,diger,H,yukumluluk,114039046.6621,-42733024.5558,39829.06710001081
2023-Q3,diger,F,varlik,2083224490.7401,-64337593.292,69037339.8524999
2023-Q3,diger,F,yukumluluk,3147415286.6247,316677465.182,71210292.0945999
2023-Q3,diger,B,varlik,731935553.9793,-162686748.6163,4470178.722000003
2023-Q3,diger,B,yukumluluk,1056418253.3056,-74863255.4595,20221637.74980001
2023-Q3,diger,K,varlik,1985999961.5056,386420017.56869996,17198132.193099856
2023-Q3,diger,K,yukumluluk,903982786.578,42376130.0659,6890069.706099957
2023-Q3,diger,D,varlik,1597327522.5993,112452812.4708,59373758.634099886
2023-Q3,diger,D,yukumluluk,1381143285.1143,72916295.193,52068320.25680001
2023-Q3,diger,U,varlik,0.0,,0.0
2023-Q3,diger,U,yukumluluk,0.00010013580322265625,,0.00010013580322265625
2023-Q4,altin_sdr,H,varlik,0.0,0.0,0.0
2023-Q4,altin_sdr,H,yukumluluk,0.0,0.0,0.0
2023-Q4,altin_sdr,F,varlik,0.0,0.0,0.0
2023-Q4,altin_sdr,F,yukumluluk,0.0,0.0,0.0
2023-Q4,altin_sdr,B,varlik,0.0,0.0,0.0
2023-Q4,altin_sdr,B,yukumluluk,0.0,0.0,0.0
2023-Q4,altin_sdr,K,varlik,1637205481.0,94378313.0807,231808044.91930002
2023-Q4,altin_sdr,K,yukumluluk,219335649.0,0.0,20530589.0
2023-Q4,altin_sdr,D,varlik,219335649.0,-0.0189,20530589.0189
2023-Q4,altin_sdr,D,yukumluluk,1637205481.0,94378313.0618,231808044.9382
2023-Q4,altin_sdr,U,varlik,0.0,,0.0
2023-Q4,altin_sdr,U,yukumluluk,0.0,,0.0
2023-Q4,para_mevduat,H,varlik,8396005085.9937,504733622.2055,254686189.53729975
2023-Q4,para_mevduat,H,yukumluluk,0.0,0.0,0.0
2023-Q4,para_mevduat,F,varlik,5081032589.9576,368105765.2702,210062490.0782001
2023-Q4,para_mevduat,F,yukumluluk,0.0,0.0,0.0
2023-Q4,para_mevduat,B,varlik,1437039725.1556,127679088.41839999,105416752.12660009
2023-Q4,para_mevduat,B,yukumluluk,10938461669.8227,1174167782.2487,275346172.8373997
2023-Q4,para_mevduat,K,varlik,4116111161.7736,552920314.9736,119238631.49310005
2023-Q4,para_mevduat,K,yukumluluk,5492489591.9527,210743078.0002,193551456.02559975
2023-Q4,para_mevduat,D,varlik,1690059840.0361,99511116.3677,117738229.8356
2023-Q4,para_mevduat,D,yukumluluk,4289297141.1412,268039046.9865,338244664.20780015
2023-Q4,para_mevduat,U,varlik,0.0,,-3.814697265625e-06
2023-Q4,para_mevduat,U,yukumluluk,0.0,,0.0
2023-Q4,borclanma_senedi,H,varlik,389529421.2771,20694418.7871,38843441.57870002
2023-Q4,borclanma_senedi,H,yukumluluk,0.0,0.0,0.0
2023-Q4,borclanma_senedi,F,varlik,87736647.6813,2525135.4863,2064400.541399992
2023-Q4,borclanma_senedi,F,yukumluluk,396062320.368,27594361.814,20541519.60199995
2023-Q4,borclanma_senedi,B,varlik,5257833293.674,393709997.2977,106796423.53419966
2023-Q4,borclanma_senedi,B,yukumluluk,826363747.2718,69958210.6304,59352514.59200007
2023-Q4,borclanma_senedi,K,varlik,285626327.8043,-9217141.2838,1795845.2667999808
2023-Q4,borclanma_senedi,K,yukumluluk,6642579212.0507,463831440.6999,262390938.12390012
2023-Q4,borclanma_senedi,D,varlik,1999113588.0,155219862.0,224771976.0
2023-Q4,borclanma_senedi,D,yukumluluk,154833999.0,1548259.143,31987114.857
2023-Q4,borclanma_senedi,U,varlik,0.2538003921508789,,0.2538003921508789
2023-Q4,borclanma_senedi,U,yukumluluk,0.0,,0.0
2023-Q4,kredi,H,varlik,10480930.443500001,989034.8608,1269036.0363000017
2023-Q4,kredi,H,yukumluluk,2862650608.7082,309233821.3263,685856.1405998468
2023-Q4,kredi,F,varlik,170192068.8961,2816667.4747,30683181.166000012
2023-Q4,kredi,F,yukumluluk,11920347224.281,497558484.6455,552370507.4195006
2023-Q4,kredi,B,varlik,11704094579.3509,910072117.6461,307010969.3270006
2023-Q4,kredi,B,yukumluluk,1804422989.6535,-158259679.6163,59029412.74310005
2023-Q4,kredi,K,varlik,958299791.3312,-387159950.3888,38307053.81150007
2023-Q4,kredi,K,yukumluluk,1548223633.379,64244963.7373,133554704.53739992
2023-Q4,kredi,D,varlik,5646369981.0,178222032.0,418637574.0
2023-Q4,kredi,D,yukumluluk,353792895.0,-7837688.5,50267333.5
2023-Q4,kredi,U,varlik,3.814697265625e-06,,-0.0001964569091796875
2023-Q4,kredi,U,yukumluluk,0.0,,0.0
2023-Q4,hisse_ozkaynak,H,varlik,2746897778.9518,124096194.58549999,-177634585.47570014
2023-Q4,hisse_ozkaynak,H,yukumluluk,214407350.4602,80670562.6435,1.4901161193847656e-08
2023-Q4,hisse_ozkaynak,F,varlik,2406637347.259,57207770.8361,133848318.51059972
2023-Q4,hisse_ozkaynak,F,yukumluluk,10194927010.3582,-6341742.6624,1329597516.872401
2023-Q4,hisse_ozkaynak,B,varlik,1258084621.0976,-22678054.616,140092279.93109995
2023-Q4,hisse_ozkaynak,B,yukumluluk,3595645675.3448,139132770.7383,49190317.49509987
2023-Q4,hisse_ozkaynak,K,varlik,2614752634.8549,-420160.2292,1299367025.5446997
2023-Q4,hisse_ozkaynak,K,yukumluluk,9710482.0,0.0,0.0
2023-Q4,hisse_ozkaynak,D,varlik,6807228114.0,102695557.0,165302057.0
2023-Q4,hisse_ozkaynak,D,yukumluluk,1818909978.0,47439716.857,182187261.143
2023-Q4,hisse_ozkaynak,U,varlik,0.0,,-9.918212890625e-05
2023-Q4,hisse_ozkaynak,U,yukumluluk,9.918212890625e-05,,9.918212890625e-05
2023-Q4,sigorta_emeklilik,H,varlik,1048999263.9858,77451657.9143,65820359.29389998
2023-Q4,sigorta_emeklilik,H,yukumluluk,0.0,0.0,0.0
2023-Q4,sigorta_emeklilik,F,varlik,161063772.4549,25392599.762,-4643229.953000013
2023-Q4,sigorta_emeklilik,F,yukumluluk,0.0,0.0,0.0
2023-Q4,sigorta_emeklilik,B,varlik,0.0,0.0,0.0
2023-Q4,sigorta_emeklilik,B,yukumluluk,1147879918.0646,84287893.0405,59068265.44250004
2023-Q4,sigorta_emeklilik,K,varlik,0.0,0.0,0.0
2023-Q4,sigorta_emeklilik,K,yukumluluk,62183118.3762,18556364.6357,2108863.898600001
2023-Q4,sigorta_emeklilik,D,varlik,0.0,0.0,0.0
2023-Q4,sigorta_emeklilik,D,yukumluluk,0.0,0.0,0.0
2023-Q4,sigorta_emeklilik,U,varlik,9.989738464355469e-05,,9.989738464355469e-05
2023-Q4,sigorta_emeklilik,U,yukumluluk,0.0,,-1.1920928955078125e-07
2023-Q4,turev,H,varlik,286932.0,-110783.54,177315.53999999998
2023-Q4,turev,H,yukumluluk,6956699.2895,-757148.6451,576100.3976000004
2023-Q4,turev,F,varlik,20661064.0,-14188280.5586,947282.5585999992
2023-Q4,turev,F,yukumluluk,20372404.0,-2985264.4625,-117819.5375000001
2023-Q4,turev,B,varlik,157675574.0556,-4106957.1216,-1138277.0981000084
2023-Q4,turev,B,yukumluluk,54348772.7661,-24380474.3798,4287465.4738000035
2023-Q4,turev,K,varlik,0.0,-6481666.015,0.0
2023-Q4,turev,K,yukumluluk,0.0,-1716254.6668,-6944190.4145
2023-Q4,turev,D,varlik,43825122.0,-11841010.7849,4425591.7849
2023-Q4,turev,D,yukumluluk,140770816.0,-6889555.8659,6610356.8659
2023-Q4,turev,U,varlik,0.0,,-0.00010001659393310547
2023-Q4,turev,U,yukumluluk,0.0,,0.0
2023-Q4,diger,H,varlik,267250503.4036,62067122.5376,672251.4055000022
2023-Q4,diger,H,yukumluluk,128986227.3347,14895113.8456,52066.827000001445
2023-Q4,diger,F,varlik,2419989541.9335,192229549.2426,144535501.9507999
2023-Q4,diger,F,yukumluluk,3541770199.1279,272805744.8136,121549167.68960005
2023-Q4,diger,B,varlik,829862063.8102,85805162.8114,12121347.019499958
2023-Q4,diger,B,yukumluluk,1151042246.331,69732730.43879999,24891262.58660005
2023-Q4,diger,K,varlik,2233354730.1888,232918042.438,14436726.245199889
2023-Q4,diger,K,yukumluluk,1121012731.9658,183635715.24249998,33394230.14530012
2023-Q4,diger,D,varlik,1760897155.482,24689495.7064,138880137.1763002
2023-Q4,diger,D,yukumluluk,1568542590.0586,56640068.3956,130759236.54869995
2023-Q4,diger,U,varlik,0.0,,0.0
2023-Q4,diger,U,yukumluluk,9.918212890625e-05,,-9.5367431640625e-07
2024-Q1,altin_sdr,H,varlik,0.0,0.0,0.0
2024-Q1,altin_sdr,H,yukumluluk,0.0,0.0,0.0
2024-Q1,altin_sdr,F,varlik,0.0,0.0,0.0
2024-Q1,altin_sdr,F,yukumluluk,0.0,0.0,0.0
2024-Q1,altin_sdr,B,varlik,0.0,0.0,0.0
2024-Q1,altin_sdr,B,yukumluluk,0.0,0.0,0.0
2024-Q1,altin_sdr,K,varlik,1990991618.0,81386753.1626,272399383.8374
2024-Q1,altin_sdr,K,yukumluluk,236770290.0,0.0,17434641.0
2024-Q1,altin_sdr,D,varlik,236770290.0,-0.0207,17434641.0207
2024-Q1,altin_sdr,D,yukumluluk,1990991618.0,81386753.1419,272399383.8581
2024-Q1,altin_sdr,U,varlik,0.0,,0.0
2024-Q1,altin_sdr,U,yukumluluk,0.0,,0.0
2024-Q1,para_mevduat,H,varlik,9084556770.7942,403691597.7145,284860087.08600086
2024-Q1,para_mevduat,H,yukumluluk,0.0,0.0,0.0
2024-Q1,para_mevduat,F,varlik,5230739856.7899,-44718794.222,194426061.0543002
2024-Q1,para_mevduat,F,yukumluluk,0.0,0.0,0.0
2024-Q1,para_mevduat,B,varlik,1430855180.7737002,-55283555.772600055,49099011.39070022
2024-Q1,para_mevduat,B,yukumluluk,11047885884.3503,-122388107.53930001,231812322.06689936
2024-Q1,para_mevduat,K,varlik,3130527931.6531,-1200324133.0943,214740902.97379994
2024-Q1,para_mevduat,K,yukumluluk,5955672755.6873,164740530.3953,298442633.33930004
2024-Q1,para_mevduat,D,varlik,1915315372.5005,132076552.1813,93178980.28310005
2024-Q1,para_mevduat,D,yukumluluk,3788436472.4739,-806910756.0492,306050087.38189983
2024-Q1,para_mevduat,U,varlik,9.5367431640625e-05,,9.5367431640625e-05
2024-Q1,para_mevduat,U,yukumluluk,0.0,,0.0
2024-Q1,borclanma_senedi,H,varlik,436041936.0763,12633918.5933,33878596.2059
2024-Q1,borclanma_senedi,H,yukumluluk,0.0,0.0,0.0
2024-Q1,borclanma_senedi,F,varlik,101409744.9255,8487395.959,5185701.285200005
2024-Q1,borclanma_senedi,F,yukumluluk,456265091.2334,29806892.32,30395878.545400016
2024-Q1,borclanma_senedi,B,varlik,5998001900.5363,552351061.7762,187817545.08609986
2024-Q1,borclanma_senedi,B,yukumluluk,1092573910.088,117731514.4925,148478648.3237
2024-Q1,borclanma_senedi,K,varlik,546887513.7304,236756541.0117,24504644.91439995
2024-Q1,borclanma_senedi,K,yukumluluk,7355748485.9631,493514124.0398,219655149.87260026
2024-Q1,borclanma_senedi,D,varlik,2264936649.0,86383531.0,179439530.0
2024-Q1,borclanma_senedi,D,yukumluluk,442690257.0,255559917.488,32296340.511999995
2024-Q1,borclanma_senedi,U,varlik,0.016000747680664062,,-0.23779964447021484
2024-Q1,borclanma_senedi,U,yukumluluk,0.0,,0.0
2024-Q1,kredi,H,varlik,13865914.9348,3374396.9348,10587.556499999948
2024-Q1,kredi,H,yukumluluk,3228019900.0648,364702584.4766,666706.8799998164
2024-Q1,kredi,F,varlik,192407403.8372,4120128.0721,18095206.868999973
2024-Q1,kredi,F,yukumluluk,13093157589.0467,696348335.5194,476462029.2462994
2024-Q1,kredi,B,varlik,12789201229.5929,887446312.3604001,197660337.8815986
2024-Q1,kredi,B,yukumluluk,2417126597.3065,560132454.4585,52571153.19449985
2024-Q1,kredi,K,varlik,1682319002.8441,687132432.7128,36886778.80009997
2024-Q1,kredi,K,yukumluluk,1673236383.791,4238656.125599999,120774094.28639995
2024-Q1,kredi,D,varlik,6128629338.0,50515746.0,431743611.0
2024-Q1,kredi,D,yukumluluk,394882419.0,7166985.5,33922538.5
2024-Q1,kredi,U,varlik,0.0,,-3.814697265625e-06
2024-Q1,kredi,U,yukumluluk,0.0,,0.0
2024-Q1,hisse_ozkaynak,H,varlik,3652896458.0011997,171711993.9153,734286685.1340998
2024-Q1,hisse_ozkaynak,H,yukumluluk,248257190.4276,33849839.9674,-1.4901161193847656e-08
2024-Q1,hisse_ozkaynak,F,varlik,2881260407.1706,130516490.1468,344106569.76480013
2024-Q1,hisse_ozkaynak,F,yukumluluk,12135724318.7508,-179099660.798,2119896969.1905992
2024-Q1,hisse_ozkaynak,B,varlik,1459179383.6732,71012272.8877,130082489.6878999
2024-Q1,hisse_ozkaynak,B,yukumluluk,4768613513.6398,531731093.9087,641236744.3863001
2024-Q1,hisse_ozkaynak,K,varlik,2695652502.9733,23081488.1282,57818379.9902001
2024-Q1,hisse_ozkaynak,K,yukumluluk,9710482.0,0.0,0.0
2024-Q1,hisse_ozkaynak,D,varlik,8515956633.0,35075007.0,1673653512.0
2024-Q1,hisse_ozkaynak,D,yukumluluk,2042639880.0,44915979.0,178813923.0
2024-Q1,hisse_ozkaynak,U,varlik,0.0,,0.0
2024-Q1,hisse_ozkaynak,U,yukumluluk,9.918212890625e-05,,0.0
2024-Q1,sigorta_emeklilik,H,varlik,1247654338.9514,82303768.5487,116351306.41690001
2024-Q1,sigorta_emeklilik,H,yukumluluk,0.0,0.0,0.0
2024-Q1,sigorta_emeklilik,F,varlik,192159034.4534,31095261.9985,-1.1175870895385742e-08
2024-Q1,sigorta_emeklilik,F,yukumluluk,0.0,0.0,0.0
2024-Q1,sigorta_emeklilik,B,varlik,0.0,0.0,0.0
2024-Q1,sigorta_emeklilik,B,yukumluluk,1371116266.5706,107385413.4275,115850935.07850005
2024-Q1,sigorta_emeklilik,K,varlik,0.0,0.0,0.0
2024-Q1,sigorta_emeklilik,K,yukumluluk,68697106.8342,6013617.1197,500371.33829999715
2024-Q1,sigorta_emeklilik,D,varlik,0.0,0.0,0.0
2024-Q1,sigorta_emeklilik,D,yukumluluk,0.0,0.0,0.0
2024-Q1,sigorta_emeklilik,U,varlik,0.0,,-9.989738464355469e-05
2024-Q1,sigorta_emeklilik,U,yukumluluk,0.0,,0.0
2024-Q1,turev,H,varlik,681597.0,72736.3286,321928.6714
2024-Q1,turev,H,yukumluluk,8093705.1252,1019444.9088,117560.92689999973
2024-Q1,turev,F,varlik,22740968.0,285573.4798,1794330.5202000001
2024-Q1,turev,F,yukumluluk,23199720.0,1698996.9521,1128319.0479
2024-Q1,turev,B,varlik,179334674.5813,34167083.0787,-12507982.552999996
2024-Q1,turev,B,yukumluluk,63917647.7609,10732253.0098,-1163378.0149999987
2024-Q1,turev,K,varlik,20240177.32,312607.78,19927569.54
2024-Q1,turev,K,yukumluluk,3479644.0153,3689201.9871,-209557.97179999994
2024-Q1,turev,D,varlik,51041878.0,9801217.4629,-2584461.4628999997
2024-Q1,turev,D,yukumluluk,175348578.0,27499321.2722,7078440.7278
2024-Q1,turev,U,varlik,0.00010001659393310547,,0.00010001659393310547
2024-Q1,turev,U,yukumluluk,0.0,,0.0
2024-Q1,diger,H,varlik,328647899.023,59895173.0762,1502222.5431999937
2024-Q1,diger,H,yukumluluk,175972555.1421,46935168.6221,51159.18530000001
2024-Q1,diger,F,varlik,2725413323.3855,161998528.3197,143425253.13230014
2024-Q1,diger,F,yukumluluk,3792023733.3493,162136993.8485,88116540.37289977
2024-Q1,diger,B,varlik,991918239.8785,170950963.7565,-8894787.688199997
2024-Q1,diger,B,yukumluluk,1382105457.723,192624341.2856,38438870.10639995
2024-Q1,diger,K,varlik,2438704522.5844,200103370.1088,5246422.286800325
2024-Q1,diger,K,yukumluluk,1181434206.6137,40664268.5555,19757206.092399865
2024-Q1,diger,D,varlik,1777213434.3952,-112208272.513,128524551.4261999
2024-Q1,diger,D,yukumluluk,1730361466.4385,38378990.4363,123439885.94359997
2024-Q1,diger,U,varlik,0.0,,0.0
2024-Q1,diger,U,yukumluluk,0.0,,-9.918212890625e-05
2024-Q2,altin_sdr,H,varlik,0.0,0.0,0.0
2024-Q2,altin_sdr,H,yukumluluk,0.0,0.0,0.0
2024-Q2,altin_sdr,F,varlik,0.0,0.0,0.0
2024-Q2,altin_sdr,F,yukumluluk,0.0,0.0,0.0
2024-Q2,altin_sdr,B,varlik,0.0,0.0,0.0
2024-Q2,altin_sdr,B,yukumluluk,0.0,0.0,0.0
2024-Q2,altin_sdr,K,varlik,2146692445.0,21976299.933,133724527.067
2024-Q2,altin_sdr,K,yukumluluk,239342496.0,0.0,2572206.0
2024-Q2,altin_sdr,D,varlik,239342496.0,-0.0213,2572206.0213
2024-Q2,altin_sdr,D,yukumluluk,2146692445.0,21976299.9117,133724527.0883
2024-Q2,altin_sdr,U,varlik,0.0,,0.0
2024-Q2,altin_sdr,U,yukumluluk,0.0,,0.0
2024-Q2,para_mevduat,H,varlik,9835804651.6225,718620058.8242,32627822.004098535
2024-Q2,para_mevduat,H,yukumluluk,0.0,0.0,0.0
2024-Q2,para_mevduat,F,varlik,5435222251.9123,186374675.7286,18107719.39380029
2024-Q2,para_mevduat,F,yukumluluk,0.0,0.0,0.0
2024-Q2,para_mevduat,B,varlik,1454578213.994,-17514068.049600005,41237101.269899726
2024-Q2,para_mevduat,B,yukumluluk,11340499302.3028,382457550.88109994,-89844132.92860055
2024-Q2,para_mevduat,K,varlik,3925540860.1469,852865422.9231,-57852494.42929983
2024-Q2,para_mevduat,K,yukumluluk,6824387679.9723,780360500.2677,88354424.01729989
2024-Q2,para_mevduat,D,varlik,1984542526.5584,58115137.1002,11112016.957699955
2024-Q2,para_mevduat,D,yukumluluk,4470801521.959,635643175.3777,46721874.10739982
2024-Q2,para_mevduat,U,varlik,3.814697265625e-06,,-9.1552734375e-05
2024-Q2,para_mevduat,U,yukumluluk,0.0,,0.0
2024-Q2,borclanma_senedi,H,varlik,444578514.3725,6351798.3822,2184779.9139999775
2024-Q2,borclanma_senedi,H,yukumluluk,0.0,0.0,0.0
2024-Q2,borclanma_senedi,F,varlik,171131466.5968,6839517.0615,62882204.609799996
2024-Q2,borclanma_senedi,F,yukumluluk,495804679.393,32807349.75,6732238.409600019
2024-Q2,borclanma_senedi,B,varlik,5993549762.8091,91119227.5442,-95571365.27139956
2024-Q2,borclanma_senedi,B,yukumluluk,1190876704.3867,97679856.2678,622938.0308998525
2024-Q2,borclanma_senedi,K,varlik,578880805.7357,30419249.5671,1574042.4382000454
2024-Q2,borclanma_senedi,K,yukumluluk,7743645599.7344,385328265.2003,2568848.570999384
2024-Q2,borclanma_senedi,D,varlik,2724193791.0,412129885.0,47127257.0
2024-Q2,borclanma_senedi,D,yukumluluk,482007357.0,31044206.337,8272893.662999999
2024-Q2,borclanma_senedi,U,varlik,0.0,,-0.016000747680664062
2024-Q2,borclanma_senedi,U,yukumluluk,0.0,,0.0
2024-Q2,kredi,H,varlik,10933929.5654,-3433167.4482,501182.0787999998
2024-Q2,kredi,H,yukumluluk,3446455495.9717,218552119.28050002,-116523.37359961867
2024-Q2,kredi,F,varlik,198037260.5535,2142882.9271,3486973.7892000107
2024-Q2,kredi,F,yukumluluk,13968354160.1053,762792245.7013,112404325.35730135
2024-Q2,kredi,B,varlik,13801242739.89,1195777176.4765,-183735666.17939997
2024-Q2,kredi,B,yukumluluk,2655283164.1544,395464908.00810003,-157308341.16020012
2024-Q2,kredi,K,varlik,1686445390.0965,-887768.800999999,5014156.05339992
2024-Q2,kredi,K,yukumluluk,1687471572.8741,79669527.0645,-65434337.98139992
2024-Q2,kredi,D,varlik,6470563707.0,270519930.0,71414439.0
2024-Q2,kredi,D,yukumluluk,409658634.0,7640253.1,7135961.9
2024-Q2,kredi,U,varlik,9.918212890625e-05,,9.918212890625e-05
2024-Q2,kredi,U,yukumluluk,0.0,,0.0
2024-Q2,hisse_ozkaynak,H,varlik,4261045149.1104,340075182.3087,268073508.80050045
2024-Q2,hisse_ozkaynak,H,yukumluluk,283439482.5032,35182292.0756,0.0
2024-Q2,hisse_ozkaynak,F,varlik,3429691124.9127,125062940.3091,423367777.4330002
2024-Q2,hisse_ozkaynak,F,yukumluluk,12450855317.7485,156397629.6072,158733369.39050165
2024-Q2,hisse_ozkaynak,B,varlik,1663515860.6974,104530597.4141,99805879.6101002
2024-Q2,hisse_ozkaynak,B,yukumluluk,6273614385.5049,337285580.1039,1167715291.7612
2024-Q2,hisse_ozkaynak,K,varlik,2709742321.0362,5461840.2094,8627977.853500066
2024-Q2,hisse_ozkaynak,K,yukumluluk,380402.0,0.0,-9330080.0
2024-Q2,hisse_ozkaynak,D,varlik,9074986371.0,4069861.0,554959877.0
2024-Q2,hisse_ozkaynak,D,yukumluluk,2130691239.0,50334919.0,37716440.0
2024-Q2,hisse_ozkaynak,U,varlik,0.0,,0.0
2024-Q2,hisse_ozkaynak,U,yukumluluk,9.918212890625e-05,,0.0
2024-Q2,sigorta_emeklilik,H,varlik,1412081969.5598,59093826.5458,105333804.06259987
2024-Q2,sigorta_emeklilik,H,yukumluluk,0.0,0.0,0.0
2024-Q2,sigorta_emeklilik,F,varlik,208898811.9172,16739777.4637,0.00010001286864280701
2024-Q2,sigorta_emeklilik,F,yukumluluk,0.0,0.0,0.0
2024-Q2,sigorta_emeklilik,B,varlik,0.0,0.0,0.0
2024-Q2,sigorta_emeklilik,B,yukumluluk,1554546080.747,78145049.2665,105284764.90989995
2024-Q2,sigorta_emeklilik,K,varlik,0.0,0.0,0.0
2024-Q2,sigorta_emeklilik,K,yukumluluk,66434700.7299,-2311445.257,49039.15270000789
2024-Q2,sigorta_emeklilik,D,varlik,0.0,0.0,0.0
2024-Q2,sigorta_emeklilik,D,yukumluluk,0.0,0.0,0.0
2024-Q2,sigorta_emeklilik,U,varlik,0.0,,0.0
2024-Q2,sigorta_emeklilik,U,yukumluluk,9.989738464355469e-05,,9.989738464355469e-05
2024-Q2,turev,H,varlik,1085843.0,286643.4359,117602.56410000002
2024-Q2,turev,H,yukumluluk,11712217.6509,3774758.33,-156245.80429999903
2024-Q2,turev,F,varlik,20296238.0,1281544.8754,-3726274.8754000003
2024-Q2,turev,F,yukumluluk,28369391.0,5338140.8227,-168469.82270000037
2024-Q2,turev,B,varlik,151455666.1272,-39809387.0753,11930378.621200018
2024-Q2,turev,B,yukumluluk,75366133.7335,10370990.3988,1077495.573800005
2024-Q2,turev,K,varlik,18348284.8277,25221.8273,-1917114.3196
2024-Q2,turev,K,yukumluluk,3251616.5705,-233255.7578,5228.31299999982
2024-Q2,turev,D,varlik,69382969.0,12232132.039,6108958.960999999
2024-Q2,turev,D,yukumluluk,141869642.0,-45234478.6914,11755542.691399999
2024-Q2,turev,U,varlik,2.9802322387695312e-08,,-9.998679161071777e-05
2024-Q2,turev,U,yukumluluk,0.0,,0.0
2024-Q2,diger,H,varlik,370284767.8119,35171812.1068,6465056.68210002
2024-Q2,diger,H,yukumluluk,196821341.5011,-6451236.0018,27300022.360799998
2024-Q2,diger,F,varlik,2779765486.2869,34062776.226,20289386.675400086
2024-Q2,diger,F,yukumluluk,3346498954.0314,-449921310.2947,4396530.9768003225
2024-Q2,diger,B,varlik,1131920645.9819002,137208699.0164,2793707.087000221
2024-Q2,diger,B,yukumluluk,1357472676.3955,-16569793.092500001,-8062988.235000104
2024-Q2,diger,K,varlik,2141337108.4201,-296640183.5535,-727230.6108002067
2024-Q2,diger,K,yukumluluk,1586237608.6446,401512814.5337,3290587.497200012
2024-Q2,diger,D,varlik,1865600335.8505,67738007.0244,20648894.430900097
2024-Q2,diger,D,yukumluluk,1801877763.7786,48970635.2728,22545662.06730005
2024-Q2,diger,U,varlik,0.0,,0.0
2024-Q2,diger,U,yukumluluk,0.00010013580322265625,,0.00010013580322265625
2024-Q3,altin_sdr,H,varlik,0.0,0.0,0.0
2024-Q3,altin_sdr,H,yukumluluk,0.0,0.0,0.0
2024-Q3,altin_sdr,F,varlik,0.0,0.0,0.0
2024-Q3,altin_sdr,F,yukumluluk,0.0,0.0,0.0
2024-Q3,altin_sdr,B,varlik,0.0,0.0,0.0
2024-Q3,altin_sdr,B,yukumluluk,0.0,0.0,0.0
2024-Q3,altin_sdr,K,varlik,2415720307.0,-79987682.1179,349015544.1179
2024-Q3,altin_sdr,K,yukumluluk,255767299.0,0.0,16424803.0
2024-Q3,altin_sdr,D,varlik,255767299.0,-0.0227,16424803.0227
2024-Q3,altin_sdr,D,yukumluluk,2415720307.0,-79987682.1407,349015544.1407
2024-Q3,altin_sdr,U,varlik,0.0,,0.0
2024-Q3,altin_sdr,U,yukumluluk,0.0,,0.0
2024-Q3,para_mevduat,H,varlik,10658656477.6684,498654910.2306,324196915.81530035
2024-Q3,para_mevduat,H,yukumluluk,0.0,0.0,0.0
2024-Q3,para_mevduat,F,varlik,5859498992.0968,219698173.4996,204578566.68489975
2024-Q3,para_mevduat,F,yukumluluk,0.0,0.0,0.0
2024-Q3,para_mevduat,B,varlik,1573782998.9934,86789514.7388,32415270.260600135
2024-Q3,para_mevduat,B,yukumluluk,12360411652.905499,821682420.5040001,198229930.0986992
2024-Q3,para_mevduat,K,varlik,3922962686.215,-125255449.12020001,122677275.18829998
2024-Q3,para_mevduat,K,yukumluluk,7045708072.3688,-76957065.0764,298277457.47290057
2024-Q3,para_mevduat,D,varlik,2076789135.2575,43892916.657,48353692.04210002
2024-Q3,para_mevduat,D,yukumluluk,4685570564.9567,-20945289.4218,235714332.41950068
2024-Q3,para_mevduat,U,varlik,0.0,,-3.814697265625e-06
2024-Q3,para_mevduat,U,yukumluluk,9.918212890625e-05,,9.918212890625e-05
2024-Q3,borclanma_senedi,H,varlik,468260164.3462,13361977.9967,10319671.976999987
2024-Q3,borclanma_senedi,H,yukumluluk,0.0,0.0,0.0
2024-Q3,borclanma_senedi,F,varlik,200290739.135,13692779.9255,15466492.612699991
2024-Q3,borclanma_senedi,F,yukumluluk,585109922.4,73633058.578,15672184.428999975
2024-Q3,borclanma_senedi,B,varlik,6718906979.2549,604581974.4755,120775241.97029984
2024-Q3,borclanma_senedi,B,yukumluluk,1357721905.5233,123629773.538,43215427.598600015
2024-Q3,borclanma_senedi,K,varlik,810310724.6507,197280550.58679998,34149368.32819998
2024-Q3,borclanma_senedi,K,yukumluluk,8546330219.4634,548163609.6824,254521010.0466001
2024-Q3,borclanma_senedi,D,varlik,3013828720.0,104125630.0,185509299.0
2024-Q3,borclanma_senedi,D,yukumluluk,722435280.0,187616471.186,52811451.81400001
2024-Q3,borclanma_senedi,U,varlik,0.0,,0.0
2024-Q3,borclanma_senedi,U,yukumluluk,9.918212890625e-05,,9.918212890625e-05
2024-Q3,kredi,H,varlik,19673035.347400002,7976857.0127,762248.7693000017
2024-Q3,kredi,H,yukumluluk,3760058199.3238,312989431.07659996,613272.2754999399
2024-Q3,kredi,F,varlik,217495747.2148,11869509.9956,7588976.6657000035
2024-Q3,kredi,F,yukumluluk,15156972066.9556,766787856.2216,421830050.6286998
2024-Q3,kredi,B,varlik,15384651564.6159,1633937604.6823,-50528779.95639944
2024-Q3,kredi,B,yukumluluk,2954092697.1843,139270363.43620002,159539169.59370005
2024-Q3,kredi,K,varlik,1380231997.9545,-322378061.4951,16164669.353100061
2024-Q3,kredi,K,yukumluluk,1619449531.6688,230369116.8612,-298391158.0664998
2024-Q3,kredi,D,varlik,6970280030.0,173763689.0,325952634.0
2024-Q3,kredi,D,yukumluluk,481759880.0,55752831.6,16348414.399999999
2024-Q3,kredi,U,varlik,0.0,,-9.918212890625e-05
2024-Q3,kredi,U,yukumluluk,9.918212890625e-05,,9.918212890625e-05
2024-Q3,hisse_ozkaynak,H,varlik,4614114087.7753,486323315.4618,-133254376.79690015
2024-Q3,hisse_ozkaynak,H,yukumluluk,318368015.4016,34928532.8983,0.00010000914335250854
2024-Q3,hisse_ozkaynak,F,varlik,3709410601.7291,197611545.8287,82107930.98770005
2024-Q3,hisse_ozkaynak,F,yukumluluk,10974983837.1553,-1173395940.6279,-302475539.9653008
2024-Q3,hisse_ozkaynak,B,varlik,1809675777.7501,-27793503.5709,173953420.6235998
2024-Q3,hisse_ozkaynak,B,yukumluluk,7137697615.2939,656007553.742,208075676.04699957
2024-Q3,hisse_ozkaynak,K,varlik,2769785922.5962,-12645414.2725,72689015.83249995
2024-Q3,hisse_ozkaynak,K,yukumluluk,380402.0,0.0,0.0
2024-Q3,hisse_ozkaynak,D,varlik,7789155920.0,-1078016476.4348,-207813974.5652001
2024-Q3,hisse_ozkaynak,D,yukumluluk,2260712440.0,47939321.0,82081880.0
2024-Q3,hisse_ozkaynak,U,varlik,9.918212890625e-05,,9.918212890625e-05
2024-Q3,hisse_ozkaynak,U,yukumluluk,0.0,,-9.918212890625e-05
2024-Q3,sigorta_emeklilik,H,varlik,1531772605.5895,47666948.863,72023687.16670004
2024-Q3,sigorta_emeklilik,H,yukumluluk,0.0,0.0,0.0
2024-Q3,sigorta_emeklilik,F,varlik,235147497.4756,26248685.5585,-9.99942421913147e-05
2024-Q3,sigorta_emeklilik,F,yukumluluk,0.0,0.0,0.0
2024-Q3,sigorta_emeklilik,B,varlik,0.0,0.0,0.0
2024-Q3,sigorta_emeklilik,B,yukumluluk,1706909858.175,80755550.8121,71608226.61589998
2024-Q3,sigorta_emeklilik,K,varlik,0.0,0.0,0.0
2024-Q3,sigorta_emeklilik,K,yukumluluk,60010244.8901,-6839916.3906,415460.5507999994
2024-Q3,sigorta_emeklilik,D,varlik,0.0,0.0,0.0
2024-Q3,sigorta_emeklilik,D,yukumluluk,0.0,0.0,0.0
2024-Q3,sigorta_emeklilik,U,varlik,0.0,,0.0
2024-Q3,sigorta_emeklilik,U,yukumluluk,0.0,,-9.989738464355469e-05
2024-Q3,turev,H,varlik,1102121.0,-15754.9166,32032.9166
2024-Q3,turev,H,yukumluluk,14777867.0586,2945096.29,120553.11769999843
2024-Q3,turev,F,varlik,17002872.0,-3926021.5025,632655.5025
2024-Q3,turev,F,yukumluluk,35641762.0,6773948.9641,498422.03589999955
2024-Q3,turev,B,varlik,185836307.2315,28487210.6363,5893430.467999991
2024-Q3,turev,B,yukumluluk,73364202.7282,-1594033.8079,-407897.1974000004
2024-Q3,turev,K,varlik,14385263.3269,581658.3152,-4544679.816000001
2024-Q3,turev,K,yukumluluk,4508093.7716,922544.3239,333932.87719999976
2024-Q3,turev,D,varlik,73848571.0,3151796.7026,1313805.2974
2024-Q3,turev,D,yukumluluk,163883209.0,19231333.4649,2782233.535100002
2024-Q3,turev,U,varlik,0.0,,-2.9802322387695312e-08
2024-Q3,turev,U,yukumluluk,5.960464477539063e-08,,5.960464477539063e-08
2024-Q3,diger,H,varlik,412071033.8757,41102912.777399994,683353.2863999829
2024-Q3,diger,H,yukumluluk,203472318.7637,6614756.8358000005,36220.42680000421
2024-Q3,diger,F,varlik,3154791481.5582,266477026.222,108548969.04929984
2024-Q3,diger,F,yukumluluk,3773051241.0543,337288851.5867,89263435.4361996
2024-Q3,diger,B,varlik,1244445488.7294,110123691.6857,2401151.061799705
2024-Q3,diger,B,yukumluluk,1667492831.747,294956017.40209997,15064137.949400067
2024-Q3,diger,K,varlik,2270606393.6566,110615667.74019998,18653617.49630004
2024-Q3,diger,K,yukumluluk,1494616867.8486,-113418944.5262,21798203.730199993
2024-Q3,diger,D,varlik,2013930702.3952,51914374.5594,96415991.98529992
2024-Q3,diger,D,yukumluluk,1957211840.8015,54792991.9613,100541085.0616001
2024-Q3,diger,U,varlik,0.0,,0.0
2024-Q3,diger,U,yukumluluk,0.0,,-0.00010013580322265625
2024-Q4,altin_sdr,H,varlik,0.0,0.0,0.0
2024-Q4,altin_sdr,H,yukumluluk,0.0,0.0,0.0
2024-Q4,altin_sdr,F,varlik,0.0,0.0,0.0
2024-Q4,altin_sdr,F,yukumluluk,0.0,0.0,0.0
2024-Q4,altin_sdr,B,varlik,0.0,0.0,0.0
2024-Q4,altin_sdr,B,yukumluluk,0.0,0.0,0.0
2024-Q4,altin_sdr,K,varlik,2521771241.0,68740354.5806,37310579.41940001
2024-Q4,altin_sdr,K,yukumluluk,254841615.0,0.0,-925684.0
2024-Q4,altin_sdr,D,varlik,254841615.0,-0.0212,-925683.9788
2024-Q4,altin_sdr,D,yukumluluk,2521771241.0,68740354.5593,37310579.440699995
2024-Q4,altin_sdr,U,varlik,0.0,,0.0
2024-Q4,altin_sdr,U,yukumluluk,0.0,,0.0
2024-Q4,para_mevduat,H,varlik,11049187126.3677,402110664.7852,-11580016.085899234
2024-Q4,para_mevduat,H,yukumluluk,0.0,0.0,0.0
2024-Q4,para_mevduat,F,varlik,6216880174.2348,358306053.8507,-924871.7126995325
2024-Q4,para_mevduat,F,yukumluluk,0.0,0.0,0.0
2024-Q4,para_mevduat,B,varlik,1520911595.5766,6211949.670000017,-59083353.08680004
2024-Q4,para_mevduat,B,yukumluluk,12656307647.069,341880874.3577,-45984880.19419825
2024-Q4,para_mevduat,K,varlik,3889588864.2107,-180604866.8021,147231044.7977999
2024-Q4,para_mevduat,K,yukumluluk,7617569029.4058,446845028.7754,125015928.26159972
2024-Q4,para_mevduat,D,varlik,2084566563.7291,21479448.3245,-13702019.852899943
2024-Q4,para_mevduat,D,yukumluluk,4487257647.644,-181222653.3048,-17090264.007900268
2024-Q4,para_mevduat,U,varlik,0.0,,0.0
2024-Q4,para_mevduat,U,yukumluluk,9.918212890625e-05,,0.0
2024-Q4,borclanma_senedi,H,varlik,453894541.1402,-18965495.6074,4599872.40140003
2024-Q4,borclanma_senedi,H,yukumluluk,0.0,0.0,0.0
2024-Q4,borclanma_senedi,F,varlik,210889817.7447,5320253.9444,5278824.665300024
2024-Q4,borclanma_senedi,F,yukumluluk,669818228.036,68154262.032,16554043.604000032
2024-Q4,borclanma_senedi,B,varlik,7378013190.1901,665462790.9003999,-6356579.965200186
2024-Q4,borclanma_senedi,B,yukumluluk,1576193371.3321,184295474.3168,34175991.491999984
2024-Q4,borclanma_senedi,K,varlik,1041692786.1304,232119866.2385,-737804.7588000298
2024-Q4,borclanma_senedi,K,yukumluluk,9106135475.8374,586280593.2631,-26475336.88909948
2024-Q4,borclanma_senedi,D,varlik,3205257777.0,178284046.0,13145011.0
2024-Q4,borclanma_senedi,D,yukumluluk,937601037.0,223491131.864,-8325374.863999993
2024-Q4,borclanma_senedi,U,varlik,0.0001010894775390625,,0.0001010894775390625
2024-Q4,borclanma_senedi,U,yukumluluk,0.0,,-9.918212890625e-05
2024-Q4,kredi,H,varlik,44124345.6404,23941082.3771,510227.91589999944
2024-Q4,kredi,H,yukumluluk,4190479567.7781997,430195701.80880004,225666.64559954405
2024-Q4,kredi,F,varlik,169836146.1484,15648068.0805,-63307669.14689999
2024-Q4,kredi,F,yukumluluk,15891511522.5518,813354668.6506,-78815213.05440092
2024-Q4,kredi,B,varlik,16507748558.3239,1345005910.7847002,-221908917.07669997
2024-Q4,kredi,B,yukumluluk,3371146245.4301,363474288.94350004,53579259.30229998
2024-Q4,kredi,K,varlik,1404333724.7035,17316465.60069999,6785261.1483000815
2024-Q4,kredi,K,yukumluluk,1522193904.0562,144959957.7,-242215585.31260008
2024-Q4,kredi,D,varlik,7235226876.0,326215982.0,-61269136.0
2024-Q4,kredi,D,yukumluluk,385938411.0,-23857108.26,-71964360.74
2024-Q4,kredi,U,varlik,9.918212890625e-05,,9.918212890625e-05
2024-Q4,kredi,U,yukumluluk,0.0,,-9.918212890625e-05
2024-Q4,hisse_ozkaynak,H,varlik,5059246335.012,297369736.8982,147762510.33850008
2024-Q4,hisse_ozkaynak,H,yukumluluk,278901642.1802,-39466373.2213,-0.00010002404451370239
2024-Q4,hisse_ozkaynak,F,varlik,4016572902.7989,273208712.9457,33953588.12409991
2024-Q4,hisse_ozkaynak,F,yukumluluk,12940043965.2486,247503973.2488,1717556154.8444998
2024-Q4,hisse_ozkaynak,B,varlik,2013356109.4143,66234378.8159,137445952.84830007
2024-Q4,hisse_ozkaynak,B,yukumluluk,7833248335.0689,486076661.0127,209474058.76230055
2024-Q4,hisse_ozkaynak,K,varlik,3703637883.2726,48555186.0638,885296774.6126002
2024-Q4,hisse_ozkaynak,K,yukumluluk,380402.0,0.0,0.0
2024-Q4,hisse_ozkaynak,D,varlik,8532947865.0,63161087.0,680630858.0
2024-Q4,hisse_ozkaynak,D,yukumluluk,2273186751.0,54414840.6834,-41940529.6834
2024-Q4,hisse_ozkaynak,U,varlik,0.0,,-9.918212890625e-05
2024-Q4,hisse_ozkaynak,U,yukumluluk,0.000102996826171875,,0.000102996826171875
2024-Q4,sigorta_emeklilik,H,varlik,1714039202.3154,123367939.0119,58898657.71399994
2024-Q4,sigorta_emeklilik,H,yukumluluk,0.0,0.0,0.0
2024-Q4,sigorta_emeklilik,F,varlik,276520690.7148,41373193.2392,-7.450580596923828e-09
2024-Q4,sigorta_emeklilik,F,yukumluluk,0.0,0.0,0.0
2024-Q4,sigorta_emeklilik,B,varlik,0.0,0.0,0.0
2024-Q4,sigorta_emeklilik,B,yukumluluk,1892974268.9788,129287830.4224,56776580.38140011
2024-Q4,sigorta_emeklilik,K,varlik,0.0,0.0,0.0
2024-Q4,sigorta_emeklilik,K,yukumluluk,97585624.0514,35453301.8287,2122077.332600005
2024-Q4,sigorta_emeklilik,D,varlik,0.0,0.0,0.0
2024-Q4,sigorta_emeklilik,D,yukumluluk,0.0,0.0,0.0
2024-Q4,sigorta_emeklilik,U,varlik,0.0,,0.0
2024-Q4,sigorta_emeklilik,U,yukumluluk,0.0,,0.0
2024-Q4,turev,H,varlik,1706428.0,594241.6124,10065.387600000016
2024-Q4,turev,H,yukumluluk,14272179.5927,-510139.6033,4452.137400001695
2024-Q4,turev,F,varlik,29162852.0,11992967.958,167012.04199999943
2024-Q4,turev,F,yukumluluk,25697649.0,-9885706.0534,-58406.94659999944
2024-Q4,turev,B,varlik,145436585.2114,-26579539.6945,-13820182.325599998
2024-Q4,turev,B,yukumluluk,89829043.3675,17161415.3117,-696574.6723999977
2024-Q4,turev,K,varlik,26016035.4389,-1026305.9457,12657078.0577
2024-Q4,turev,K,yukumluluk,1949145.6901,-1368473.9387,-1190474.1427999993
2024-Q4,turev,D,varlik,79809385.0,5241497.8037,719316.1963
2024-Q4,turev,D,yukumluluk,150383268.0,-15174233.9824,1674292.9824
2024-Q4,turev,U,varlik,0.0,,0.0
2024-Q4,turev,U,yukumluluk,0.0,,-5.960464477539063e-08
2024-Q4,diger,H,varlik,481921917.9154,69868190.7701,-17306.73039996624
2024-Q4,diger,H,yukumluluk,240207687.1852,36677149.536299996,58218.8852000013
2024-Q4,diger,F,varlik,3193339345.3495,38470352.1966,77511.5947002992
2024-Q4,diger,F,yukumluluk,4469038423.1956,680424583.9771,15562598.16419971
2024-Q4,diger,B,varlik,1361777495.6433,116530878.7815,801128.1324001402
2024-Q4,diger,B,yukumluluk,1721581179.5379,53424960.6418,663387.1490999907
2024-Q4,diger,K,varlik,2695401772.3075,439745399.9196,-14950021.268700123
2024-Q4,diger,K,yukumluluk,1505522002.8033,16194595.4392,-5289460.484500008
2024-Q4,diger,D,varlik,2170542828.6321,130224499.3763,26387626.860600084
2024-Q4,diger,D,yukumluluk,1966634067.1258,8118031.7246,1304194.599699812
2024-Q4,diger,U,varlik,0.0,,0.0
2024-Q4,diger,U,yukumluluk,1.9073486328125e-06,,1.9073486328125e-06
2025-Q1,altin_sdr,H,varlik,0.0,0.0,0.0
2025-Q1,altin_sdr,H,yukumluluk,0.0,0.0,0.0
2025-Q1,altin_sdr,F,varlik,0.0,0.0,0.0
2025-Q1,altin_sdr,F,yukumluluk,0.0,0.0,0.0
2025-Q1,altin_sdr,B,varlik,0.0,0.0,0.0
2025-Q1,altin_sdr,B,yukumluluk,0.0,0.0,0.0
2025-Q1,altin_sdr,K,varlik,3157860403.0,7684556.8787,628404605.1213
2025-Q1,altin_sdr,K,yukumluluk,278717289.0,0.0,23875674.0
2025-Q1,altin_sdr,D,varlik,278717289.0,-0.0199,23875674.0199
2025-Q1,altin_sdr,D,yukumluluk,3157860403.0,7684556.8588,628404605.1412
2025-Q1,altin_sdr,U,varlik,0.0,,0.0
2025-Q1,altin_sdr,U,yukumluluk,0.0,,0.0
2025-Q1,para_mevduat,H,varlik,12699145767.2195,1044427476.3106,605531164.541199
2025-Q1,para_mevduat,H,yukumluluk,0.0,0.0,0.0
2025-Q1,para_mevduat,F,varlik,6653411230.4021,221888877.2392,214642178.92809927
2025-Q1,para_mevduat,F,yukumluluk,0.0,0.0,0.0
2025-Q1,para_mevduat,B,varlik,2026086681.8091998,-102289986.43100005,607465072.6635997
2025-Q1,para_mevduat,B,yukumluluk,13775333568.673199,-148965959.27499998,1267991880.8791986
2025-Q1,para_mevduat,K,varlik,3296743674.2264,-831111228.0706999,238266038.0863998
2025-Q1,para_mevduat,K,yukumluluk,8476188487.4645,723126184.8297,135493273.22900057
2025-Q1,para_mevduat,D,varlik,2260860480.3633,53446802.9473,122847113.68689986
2025-Q1,para_mevduat,D,yukumluluk,4684725777.8827,-187798283.5593,385266413.7979999
2025-Q1,para_mevduat,U,varlik,0.0,,0.0
2025-Q1,para_mevduat,U,yukumluluk,9.5367431640625e-05,,-3.814697265625e-06
2025-Q1,borclanma_senedi,H,varlik,530169243.024,41541839.6444,34732862.23939997
2025-Q1,borclanma_senedi,H,yukumluluk,0.0,0.0,0.0
2025-Q1,borclanma_senedi,F,varlik,240415486.8742,18044183.7953,11481485.334199972
2025-Q1,borclanma_senedi,F,yukumluluk,755800724.545,43217889.754,42764606.75499994
2025-Q1,borclanma_senedi,B,varlik,8232217672.7768,630578621.2558,223625861.33090043
2025-Q1,borclanma_senedi,B,yukumluluk,1813042053.4616,102017011.87689999,134831670.25260016
2025-Q1,borclanma_senedi,K,varlik,1132149693.7465,-11007440.9747,101464348.59080008
2025-Q1,borclanma_senedi,K,yukumluluk,9969196388.0149,653005884.3648,210055027.8126998
2025-Q1,borclanma_senedi,D,varlik,3451270315.5,105379042.7,140633495.8
2025-Q1,borclanma_senedi,D,yukumluluk,1048183245.9,-13704539.575,124286748.47499998
2025-Q1,borclanma_senedi,U,varlik,0.0,,-0.0001010894775390625
2025-Q1,borclanma_senedi,U,yukumluluk,0.0,,0.0
2025-Q1,kredi,H,varlik,62867342.346,13883276.9093,4859719.796300001
2025-Q1,kredi,H,yukumluluk,4532113454.5083,340366103.5915,1267783.1386001706
2025-Q1,kredi,F,varlik,192203686.3167,9264473.6092,13103066.559100002
2025-Q1,kredi,F,yukumluluk,17817183951.0531,1025244976.5959,900427451.9054008
2025-Q1,kredi,B,varlik,17878545899.9021,283983315.29209995,1086814026.2860994
2025-Q1,kredi,B,yukumluluk,4281422483.2504997,229095106.8236,681181130.9967997
2025-Q1,kredi,K,varlik,2170936343.7702,732733180.9280001,33869438.13869965
2025-Q1,kredi,K,yukumluluk,1578924324.2001,-87855250.5096,144585670.6534999
2025-Q1,kredi,D,varlik,8357357753.577,502791660.0,619339217.5769997
2025-Q1,kredi,D,yukumluluk,452266812.9,35804970.2372,30523431.662799977
2025-Q1,kredi,U,varlik,3.814697265625e-06,,-9.5367431640625e-05
2025-Q1,kredi,U,yukumluluk,0.0,,0.0
2025-Q1,hisse_ozkaynak,H,varlik,5340742857.267799,133275796.0023,148220726.2534993
2025-Q1,hisse_ozkaynak,H,yukumluluk,300476623.2473,21574981.0671,4.842877388000488e-08
2025-Q1,hisse_ozkaynak,F,varlik,4246102081.8839,39839291.3037,189689887.78130004
2025-Q1,hisse_ozkaynak,F,yukumluluk,13146962423.0875,-294389776.5994,501308234.4382996
2025-Q1,hisse_ozkaynak,B,varlik,2166935975.9801,-76125530.3677,229705396.93350017
2025-Q1,hisse_ozkaynak,B,yukumluluk,7986495284.6442,33555154.7313,119691794.84400022
2025-Q1,hisse_ozkaynak,K,varlik,3724366139.5472,-292502958.2332,313231214.50780004
2025-Q1,hisse_ozkaynak,K,yukumluluk,380402.0,0.0,0.0
2025-Q1,hisse_ozkaynak,D,varlik,8500628430.0,47993100.0,-80312535.0
2025-Q1,hisse_ozkaynak,D,yukumluluk,2544460751.7,91739339.5071,179534661.19289982
2025-Q1,hisse_ozkaynak,U,varlik,0.0,,0.0
2025-Q1,hisse_ozkaynak,U,yukumluluk,0.0,,-0.000102996826171875
2025-Q1,sigorta_emeklilik,H,varlik,1932221642.7415,92685744.1946,125496696.23150001
2025-Q1,sigorta_emeklilik,H,yukumluluk,0.0,0.0,0.0
2025-Q1,sigorta_emeklilik,F,varlik,328524384.035,52003693.3202,2.2351741790771484e-08
2025-Q1,sigorta_emeklilik,F,yukumluluk,0.0,0.0,0.0
2025-Q1,sigorta_emeklilik,B,varlik,0.0,0.0,0.0
2025-Q1,sigorta_emeklilik,B,yukumluluk,2176762489.6984,159028812.8468,124759407.87279996
2025-Q1,sigorta_emeklilik,K,varlik,0.0,0.0,0.0
2025-Q1,sigorta_emeklilik,K,yukumluluk,83983537.0782,-14339375.3319,737288.3586999923
2025-Q1,sigorta_emeklilik,D,varlik,0.0,0.0,0.0
2025-Q1,sigorta_emeklilik,D,yukumluluk,0.0,0.0,0.0
2025-Q1,sigorta_emeklilik,U,varlik,0.00010013580322265625,,0.00010013580322265625
2025-Q1,sigorta_emeklilik,U,yukumluluk,0.0,,0.0
2025-Q1,turev,H,varlik,1582732.0,-177707.9266,54011.926600000006
2025-Q1,turev,H,yukumluluk,15922301.1998,1510184.4905,139937.11659999867
2025-Q1,turev,F,varlik,20275779.0,-10084448.6916,1197375.6916000005
2025-Q1,turev,F,yukumluluk,39083021.0,8347088.9003,5038283.0997
2025-Q1,turev,B,varlik,207043745.8036,54840965.5099,6766195.082300007
2025-Q1,turev,B,yukumluluk,77217282.2681,-14373942.7705,1762181.6710999869
2025-Q1,turev,K,varlik,98509816.8669,69764843.2883,2728938.1397000104
2025-Q1,turev,K,yukumluluk,75155321.2026,72984892.5757,221282.93680000305
2025-Q1,turev,D,varlik,75507554.0,-7424520.7348,3122689.7347999997
2025-Q1,turev,D,yukumluluk,195541702.0,38450908.2494,6707525.750600003
2025-Q1,turev,U,varlik,0.0,,0.0
2025-Q1,turev,U,yukumluluk,5.960464477539063e-08,,5.960464477539063e-08
2025-Q1,diger,H,varlik,533469093.2682,50416560.5541,1130614.7986999527
2025-Q1,diger,H,yukumluluk,279498100.9583,39148974.0766,141439.69649998844
2025-Q1,diger,F,varlik,3498315596.298,120767314.0495,184208936.8989997
2025-Q1,diger,F,yukumluluk,4663239484.4212,42711475.704,151489585.52160025
2025-Q1,diger,B,varlik,1412304321.3552,44889699.16009998,5637126.551800013
2025-Q1,diger,B,yukumluluk,1957687317.0966,207375006.6948,28731130.863900095
2025-Q1,diger,K,varlik,2901732435.3206,185364864.40719998,20965798.60590017
2025-Q1,diger,K,yukumluluk,1591345109.773,60538637.4732,25284469.496500097
2025-Q1,diger,D,varlik,2234647920.5902,-99007092.7657,163112184.72379982
2025-Q1,diger,D,yukumluluk,2088699354.5832,-47342748.2684,169408035.7258001
2025-Q1,diger,U,varlik,9.72747802734375e-05,,9.72747802734375e-05
2025-Q1,diger,U,yukumluluk,0.0,,-1.9073486328125e-06
2025-Q2,altin_sdr,H,varlik,0.0,0.0,0.0
2025-Q2,altin_sdr,H,yukumluluk,0.0,0.0,0.0
2025-Q2,altin_sdr,F,varlik,0.0,0.0,0.0
2025-Q2,altin_sdr,F,yukumluluk,0.0,0.0,0.0
2025-Q2,altin_sdr,B,varlik,0.0,0.0,0.0
2025-Q2,altin_sdr,B,yukumluluk,0.0,0.0,0.0
2025-Q2,altin_sdr,K,varlik,3604792471.0,80360322.0685,366571745.9315
2025-Q2,altin_sdr,K,yukumluluk,302491094.0,0.0,23773805.0
2025-Q2,altin_sdr,D,varlik,302491094.0,0.001,23773804.999
2025-Q2,altin_sdr,D,yukumluluk,3604792471.0,80360322.0696,366571745.9304
2025-Q2,altin_sdr,U,varlik,0.0,,0.0
2025-Q2,altin_sdr,U,yukumluluk,0.0,,0.0
2025-Q2,para_mevduat,H,varlik,13331832790.057701,217506881.5016,415180141.3366015
2025-Q2,para_mevduat,H,yukumluluk,0.0,0.0,0.0
2025-Q2,para_mevduat,F,varlik,6879838480.0903,-58129359.6411,284556609.3293
2025-Q2,para_mevduat,F,yukumluluk,0.0,0.0,0.0
2025-Q2,para_mevduat,B,varlik,2618672406.9002,205684581.0002,386901144.09080005
2025-Q2,para_mevduat,B,yukumluluk,15499543495.066002,1141233722.2122,582976204.1806033
2025-Q2,para_mevduat,K,varlik,4157183608.6731,662038076.5318999,198401857.91480017
2025-Q2,para_mevduat,K,yukumluluk,8976477418.953,-36705565.6663,536994497.1547987
2025-Q2,para_mevduat,D,varlik,2510904774.9664,102306572.7798,147737721.8233003
2025-Q2,para_mevduat,D,yukumluluk,5022411146.6689,24878595.6265,312806773.15969956
2025-Q2,para_mevduat,U,varlik,0.0001983642578125,,0.0001983642578125
2025-Q2,para_mevduat,U,yukumluluk,0.0,,-9.5367431640625e-05
2025-Q2,borclanma_senedi,H,varlik,617057057.6688,76061636.8926,10826177.752200007
2025-Q2,borclanma_senedi,H,yukumluluk,0.0,0.0,0.0
2025-Q2,borclanma_senedi,F,varlik,312775748.6973,38562005.125,33798256.69810003
2025-Q2,borclanma_senedi,F,yukumluluk,820934666.192,35670700.6,29463241.047000073
2025-Q2,borclanma_senedi,B,varlik,9318795439.3483,777272718.8935001,309305047.6780007
2025-Q2,borclanma_senedi,B,yukumluluk,2132952151.3694,210751792.9202,109158304.98759997
2025-Q2,borclanma_senedi,K,varlik,760860591.5921,-418223583.8865,46934481.73210001
2025-Q2,borclanma_senedi,K,yukumluluk,10979023539.7451,570568875.6974,439258276.03279984
2025-Q2,borclanma_senedi,D,varlik,3451870894.0,-194372322.7,194972901.2
2025-Q2,borclanma_senedi,D,yukumluluk,528449374.0,-537690914.893,17957042.99300003
2025-Q2,borclanma_senedi,U,varlik,0.0,,0.0
2025-Q2,borclanma_senedi,U,yukumluluk,1.9073486328125e-06,,1.9073486328125e-06
2025-Q2,kredi,H,varlik,58323248.3415,-8044710.3185,3500616.3139999984
2025-Q2,kredi,H,yukumluluk,5075940772.6145,542434830.4648,1392487.641400218
2025-Q2,kredi,F,varlik,215586113.7728,14029848.3443,9352579.111799987
2025-Q2,kredi,F,yukumluluk,19865924143.0196,1092672770.2131,956067421.7533994
2025-Q2,kredi,B,varlik,19929579287.5201,1438105253.5282,612928134.0898001
2025-Q2,kredi,B,yukumluluk,4679803305.2048,158503707.3516,239877114.60269994
2025-Q2,kredi,K,varlik,2382789786.9292,186318307.0428,25535136.116200387
2025-Q2,kredi,K,yukumluluk,1709479240.3046,-36665600.7777,167220516.88220006
2025-Q2,kredi,D,varlik,9227933034.58,136069295.0,734505986.0030003
2025-Q2,kredi,D,yukumluluk,483064010.0,9532286.345,21264910.755000025
2025-Q2,kredi,U,varlik,0.0,,-3.814697265625e-06
2025-Q2,kredi,U,yukumluluk,9.918212890625e-05,,9.918212890625e-05
2025-Q2,hisse_ozkaynak,H,varlik,6114353720.7071,471591035.8315,302019827.60780054
2025-Q2,hisse_ozkaynak,H,yukumluluk,328089686.5673,27613063.32,-7.450580596923828e-09
2025-Q2,hisse_ozkaynak,F,varlik,4879681540.0024,229062670.5459,404516787.57260025
2025-Q2,hisse_ozkaynak,F,yukumluluk,13590204142.7707,14944468.9434,428297250.7398008
2025-Q2,hisse_ozkaynak,B,varlik,2471149059.1849,36295979.2421,267917103.96269965
2025-Q2,hisse_ozkaynak,B,yukumluluk,9647529814.5306,663618638.3694,997415891.5169992
2025-Q2,hisse_ozkaynak,K,varlik,4069217417.9742,-49326864.9868,394178143.4137996
2025-Q2,hisse_ozkaynak,K,yukumluluk,380402.0,0.0,0.0
2025-Q2,hisse_ozkaynak,D,varlik,8776146376.0,95090942.0,180427004.0
2025-Q2,hisse_ozkaynak,D,yukumluluk,2744344068.0,76537592.0,123345724.30000019
2025-Q2,hisse_ozkaynak,U,varlik,0.0,,0.0
2025-Q2,hisse_ozkaynak,U,yukumluluk,0.0,,0.0
2025-Q2,sigorta_emeklilik,H,varlik,2148452310.1092,76104842.2427,140125825.12500012
2025-Q2,sigorta_emeklilik,H,yukumluluk,0.0,0.0,0.0
2025-Q2,sigorta_emeklilik,F,varlik,356271341.0962,27746957.0612,-3.725290298461914e-08
2025-Q2,sigorta_emeklilik,F,yukumluluk,0.0,0.0,0.0
2025-Q2,sigorta_emeklilik,B,varlik,0.0,0.0,0.0
2025-Q2,sigorta_emeklilik,B,yukumluluk,2420313384.1918,104103453.9928,139447440.5006001
2025-Q2,sigorta_emeklilik,K,varlik,0.0,0.0,0.0
2025-Q2,sigorta_emeklilik,K,yukumluluk,84410267.0135,-251654.689,678384.6243000075
2025-Q2,sigorta_emeklilik,D,varlik,0.0,0.0,0.0
2025-Q2,sigorta_emeklilik,D,yukumluluk,0.0,0.0,0.0
2025-Q2,sigorta_emeklilik,U,varlik,0.0,,-0.00010013580322265625
2025-Q2,sigorta_emeklilik,U,yukumluluk,9.965896606445312e-05,,9.965896606445312e-05
2025-Q2,turev,H,varlik,1850419.0,185848.0601,81838.9399
2025-Q2,turev,H,yukumluluk,16088850.6527,-47939.4174,214488.87029999992
2025-Q2,turev,F,varlik,17500080.0,-3563521.4921,787822.4920999999
2025-Q2,turev,F,yukumluluk,51731230.0,16200059.0657,-3551850.0657
2025-Q2,turev,B,varlik,199423947.419,-27418302.1108,19798503.72619999
2025-Q2,turev,B,yukumluluk,130136369.4629,50657212.4847,2261874.7101000026
2025-Q2,turev,K,varlik,5133615.6104,-73346838.2103,-20029363.046199992
2025-Q2,turev,K,yukumluluk,5329170.9138,-73441471.5807,3615321.291899994
2025-Q2,turev,D,varlik,131505918.0,51599648.2573,4398715.742700003
2025-Q2,turev,D,yukumluluk,152128359.0,-45911026.0481,2497683.048100002
2025-Q2,turev,U,varlik,0.0,,0.0
2025-Q2,turev,U,yukumluluk,0.0,,-5.960464477539063e-08
2025-Q2,diger,H,varlik,596662880.2704,61504920.004700005,1688866.997500062
2025-Q2,diger,H,yukumluluk,294591234.8871,15005633.3316,87500.59719998762
2025-Q2,diger,F,varlik,3922065123.1038,222520238.6502,201229288.15559995
2025-Q2,diger,F,yukumluluk,5259385563.7918,484178674.1646,111967405.20599973
2025-Q2,diger,B,varlik,1660638383.4182,242984343.0694,5349718.993599951
2025-Q2,diger,B,yukumluluk,2189801321.4566,200686763.6168,31427240.743200123
2025-Q2,diger,K,varlik,3079161780.444,155085810.2208,22343534.902599722
2025-Q2,diger,K,yukumluluk,1724994759.7956,73835707.2112,59813942.81139994
2025-Q2,diger,D,varlik,2518658880.5723,129370238.2407,154640721.7414
2025-Q2,diger,D,yukumluluk,2308414167.8775,37758772.1366,181956041.15770006
2025-Q2,diger,U,varlik,0.0,,-9.72747802734375e-05
2025-Q2,diger,U,yukumluluk,0.0001010894775390625,,0.0001010894775390625
2025-Q3,altin_sdr,H,varlik,0.0,0.0,0.0
2025-Q3,altin_sdr,H,yukumluluk,0.0,0.0,0.0
2025-Q3,altin_sdr,F,varlik,0.0,0.0,0.0
2025-Q3,altin_sdr,F,yukumluluk,0.0,0.0,0.0
2025-Q3,altin_sdr,B,varlik,0.0,0.0,0.0
2025-Q3,altin_sdr,B,yukumluluk,0.0,0.0,0.0
2025-Q3,altin_sdr,K,varlik,4372110090.0,44987262.1828,722330356.8172
2025-Q3,altin_sdr,K,yukumluluk,315021048.0,0.0,12529954.0
2025-Q3,altin_sdr,D,varlik,315021048.0,0.0,12529954.0
2025-Q3,altin_sdr,D,yukumluluk,4372110090.0,44987262.1828,722330356.8172
2025-Q3,altin_sdr,U,varlik,0.0,,0.0
2025-Q3,altin_sdr,U,yukumluluk,0.0,,0.0
2025-Q3,para_mevduat,H,varlik,14249687759.7198,353891158.3307,563963811.3313999
2025-Q3,para_mevduat,H,yukumluluk,0.0,0.0,0.0
2025-Q3,para_mevduat,F,varlik,7696269715.2456,597752431.3069,218678803.84840012
2025-Q3,para_mevduat,F,yukumluluk,0.0,0.0,0.0
2025-Q3,para_mevduat,B,varlik,3691474865.8887997,909947654.3348,162854804.65379977
2025-Q3,para_mevduat,B,yukumluluk,16973040778.6461,968036718.2794998,505460565.3005974
2025-Q3,para_mevduat,K,varlik,4814277584.9741,489006491.6471,168087484.65390015
2025-Q3,para_mevduat,K,yukumluluk,10762816769.73,1322415271.8534,463924078.92360044
2025-Q3,para_mevduat,D,varlik,2611421265.1383,28430386.3466,72086103.8252998
2025-Q3,para_mevduat,D,yukumluluk,5327273642.5905,88576131.8331,216286364.08850032
2025-Q3,para_mevduat,U,varlik,0.0,,-0.0001983642578125
2025-Q3,para_mevduat,U,yukumluluk,0.0,,0.0
2025-Q3,borclanma_senedi,H,varlik,780810245.6596,145586603.0414,18166584.949400038
2025-Q3,borclanma_senedi,H,yukumluluk,0.0,0.0,0.0
2025-Q3,borclanma_senedi,F,varlik,405618806.7041,78343280.9427,14499777.064099997
2025-Q3,borclanma_senedi,F,yukumluluk,930907039.9,79680356.48,30292017.22799994
2025-Q3,borclanma_senedi,B,varlik,10566103043.1464,822007797.9656001,425299805.8324994
2025-Q3,borclanma_senedi,B,yukumluluk,2517224701.9383,286491518.5919,97781031.97700012
2025-Q3,borclanma_senedi,K,varlik,1544606841.4387,747332005.5389,36414244.30769992
2025-Q3,borclanma_senedi,K,yukumluluk,12590987545.1105,1082396565.4913,529567439.8741002
2025-Q3,borclanma_senedi,D,varlik,4079045910.0,424486384.0,202688632.0
2025-Q3,borclanma_senedi,D,yukumluluk,1337065560.0,769187630.9255,39428555.074499965
2025-Q3,borclanma_senedi,U,varlik,0.0,,0.0
2025-Q3,borclanma_senedi,U,yukumluluk,0.0,,-1.9073486328125e-06
2025-Q3,kredi,H,varlik,32994601.370300002,-27721922.1943,2393275.223100003
2025-Q3,kredi,H,yukumluluk,5645553831.783401,568370789.9461,1242269.2228004932
2025-Q3,kredi,F,varlik,245400199.7399,19879557.1632,9934528.803899996
2025-Q3,kredi,F,yukumluluk,21509120786.1844,1151099463.4645,492097179.7002988
2025-Q3,kredi,B,varlik,21447435397.1647,1167086571.7280998,350769537.9165001
2025-Q3,kredi,B,yukumluluk,5144759512.8102,305042685.9733,159913521.6321001
2025-Q3,kredi,K,varlik,2833393761.1415997,411084937.8528,39519036.35959947
2025-Q3,kredi,K,yukumluluk,1705647169.6585,-90827234.13409999,86995163.48799995
2025-Q3,kredi,D,varlik,9953004399.02,366359336.0,358712028.44000053
2025-Q3,kredi,D,yukumluluk,507147058.0,3002775.3,21080272.7
2025-Q3,kredi,U,varlik,7.62939453125e-06,,7.62939453125e-06
2025-Q3,kredi,U,yukumluluk,0.0,,-9.918212890625e-05
2025-Q3,hisse_ozkaynak,H,varlik,7243990954.5047,487414497.0015,642222736.7960998
2025-Q3,hisse_ozkaynak,H,yukumluluk,360392453.8996,32302767.3323,7.450580596923828e-09
2025-Q3,hisse_ozkaynak,F,varlik,5467660104.8337,360653944.5896,227324620.24169976
2025-Q3,hisse_ozkaynak,F,yukumluluk,14805308287.1496,134049933.1954,1081054211.1834986
2025-Q3,hisse_ozkaynak,B,varlik,2943846635.6648,131961600.0167,340735976.46320033
2025-Q3,hisse_ozkaynak,B,yukumluluk,11101421208.185,827431092.1977,626460301.4566998
2025-Q3,hisse_ozkaynak,K,varlik,4083580794.2312,-55379590.8825,69742967.13950044
2025-Q3,hisse_ozkaynak,K,yukumluluk,380402.0,0.0,0.0
2025-Q3,hisse_ozkaynak,D,varlik,9518354762.0,191134084.0,551074302.0
2025-Q3,hisse_ozkaynak,D,yukumluluk,2989930900.0,122000742.0,123586090.0
2025-Q3,hisse_ozkaynak,U,varlik,0.0,,0.0
2025-Q3,hisse_ozkaynak,U,yukumluluk,0.000202178955078125,,0.000202178955078125
2025-Q3,sigorta_emeklilik,H,varlik,2466056232.3492,84258915.4499,233345006.79009977
2025-Q3,sigorta_emeklilik,H,yukumluluk,0.0,0.0,0.0
2025-Q3,sigorta_emeklilik,F,varlik,378567159.216,22295818.1198,2.9802322387695312e-08
2025-Q3,sigorta_emeklilik,F,yukumluluk,0.0,0.0,0.0
2025-Q3,sigorta_emeklilik,B,varlik,0.0,0.0,0.0
2025-Q3,sigorta_emeklilik,B,yukumluluk,2760193415.55,107221687.441,232658343.9172001
2025-Q3,sigorta_emeklilik,K,varlik,0.0,0.0,0.0
2025-Q3,sigorta_emeklilik,K,yukumluluk,84429976.0152,-666953.8712,686662.872899999
2025-Q3,sigorta_emeklilik,D,varlik,0.0,0.0,0.0
2025-Q3,sigorta_emeklilik,D,yukumluluk,0.0,0.0,0.0
2025-Q3,sigorta_emeklilik,U,varlik,4.76837158203125e-07,,4.76837158203125e-07
2025-Q3,sigorta_emeklilik,U,yukumluluk,0.0,,-9.965896606445312e-05
2025-Q3,turev,H,varlik,1743471.0,-161910.1252,54962.12520000001
2025-Q3,turev,H,yukumluluk,21686969.0394,5462954.2042,135164.18250000104
2025-Q3,turev,F,varlik,21394218.0,3463393.5974,430744.40260000015
2025-Q3,turev,F,yukumluluk,55534997.0,2755791.0346,1047975.9654000001
2025-Q3,turev,B,varlik,268696526.9188,70170946.757,-898367.2572000027
2025-Q3,turev,B,yukumluluk,95383811.5471,-34553573.0739,-198984.84190000594
2025-Q3,turev,K,varlik,7400164.4682,768978.3996,1497570.4582000002
2025-Q3,turev,K,yukumluluk,6376190.8005,841506.5604,205513.32629999972
2025-Q3,turev,D,varlik,96860238.0,-37494577.2606,2848897.2606000006
2025-Q3,turev,D,yukumluluk,217112650.0,62240152.6429,2744138.3571000025
2025-Q3,turev,U,varlik,0.0,,0.0
2025-Q3,turev,U,yukumluluk,5.960464477539063e-08,,5.960464477539063e-08
2025-Q3,diger,H,varlik,671974875.8831,74268639.28729999,1043356.3253999949
2025-Q3,diger,H,yukumluluk,318935969.2057,24291986.085300002,52748.233299996704
2025-Q3,diger,F,varlik,4352970237.7663,322037054.8707,108868059.79180038
2025-Q3,diger,F,yukumluluk,5747048243.7322,410654435.3053,77008244.63510013
2025-Q3,diger,B,varlik,1912363835.5608,247462550.71,4262901.432600051
2025-Q3,diger,B,yukumluluk,2596427667.2215,389276982.3929,17349363.37199974
2025-Q3,diger,K,varlik,3373632945.8344,284969536.0445,9501629.345900416
2025-Q3,diger,K,yukumluluk,1787122314.8959,30800849.8677,31326705.232600074
2025-Q3,diger,D,varlik,2617820108.4008,-2469020.9541,101630248.78260027
2025-Q3,diger,D,yukumluluk,2479227808.3901,71244506.5821,99569133.93049994
2025-Q3,diger,U,varlik,0.0,,0.0
2025-Q3,diger,U,yukumluluk,1.9073486328125e-06,,-9.918212890625e-05
2025-Q4,altin_sdr,H,varlik,0.0,0.0,0.0
2025-Q4,altin_sdr,H,yukumluluk,0.0,0.0,0.0
2025-Q4,altin_sdr,F,varlik,0.0,0.0,0.0
2025-Q4,altin_sdr,F,yukumluluk,0.0,0.0,0.0
2025-Q4,altin_sdr,B,varlik,0.0,0.0,0.0
2025-Q4,altin_sdr,B,yukumluluk,0.0,0.0,0.0
2025-Q4,altin_sdr,K,varlik,5323781826.0,71781188.3856,879890547.6144
2025-Q4,altin_sdr,K,yukumluluk,324922325.0,0.0,9901277.0
2025-Q4,altin_sdr,D,varlik,324922325.0,0.0,9901277.0
2025-Q4,altin_sdr,D,yukumluluk,5323781826.0,71781188.3856,879890547.6144
2025-Q4,altin_sdr,U,varlik,0.0,,0.0
2025-Q4,altin_sdr,U,yukumluluk,0.0,,0.0
2025-Q4,para_mevduat,H,varlik,14948215175.7327,113342913.7417,585184502.2711995
2025-Q4,para_mevduat,H,yukumluluk,0.0,0.0,0.0
2025-Q4,para_mevduat,F,varlik,8470957146.2762,626969410.1295,147718020.90110052
2025-Q4,para_mevduat,F,yukumluluk,0.0,0.0,0.0
2025-Q4,para_mevduat,B,varlik,3649270071.3796997,-202005992.12630004,159801197.61720008
2025-Q4,para_mevduat,B,yukumluluk,18779714659.3379,1146377294.8156,660296585.8761992
2025-Q4,para_mevduat,K,varlik,4974416368.1478,-280071397.486,440210180.65970033
2025-Q4,para_mevduat,K,yukumluluk,10615683846.5782,-683651503.7439001,536518580.5920999
2025-Q4,para_mevduat,D,varlik,2691953967.0911,10474094.7541,70058607.19870028
2025-Q4,para_mevduat,D,yukumluluk,5339414222.7115,-194016762.0587,206157342.1797003
2025-Q4,para_mevduat,U,varlik,9.918212890625e-05,,9.918212890625e-05
2025-Q4,para_mevduat,U,yukumluluk,0.0,,0.0
2025-Q4,borclanma_senedi,H,varlik,886275806.4641,91030487.4352,14435073.369299978
2025-Q4,borclanma_senedi,H,yukumluluk,0.0,0.0,0.0
2025-Q4,borclanma_senedi,F,varlik,493131454.8689,78284422.821,9228225.343799993
2025-Q4,borclanma_senedi,F,yukumluluk,953987387.48,-10084289.688,33164637.268000044
2025-Q4,borclanma_senedi,B,varlik,11454423455.2264,504361207.4833,383959204.59669995
2025-Q4,borclanma_senedi,B,yukumluluk,2876312813.2291,276860282.6718,82227828.61900008
2025-Q4,borclanma_senedi,K,varlik,1473992220.8121,-209889846.7514,139275226.12479997
2025-Q4,borclanma_senedi,K,yukumluluk,13651239526.6624,502161039.9827,558090941.569199
2025-Q4,borclanma_senedi,D,varlik,4357008024.0,83576533.0,194385581.0
2025-Q4,borclanma_senedi,D,yukumluluk,1183291234.0,-221574228.9784,67799902.97839999
2025-Q4,borclanma_senedi,U,varlik,0.0,,0.0
2025-Q4,borclanma_senedi,U,yukumluluk,0.0,,0.0
2025-Q4,kredi,H,varlik,19805417.971,-13737742.4329,548559.0335999988
2025-Q4,kredi,H,yukumluluk,6309579531.6255,662109611.9,1916087.9420992136
2025-Q4,kredi,F,varlik,251644114.0976,12168290.0281,-5924375.670399981
2025-Q4,kredi,F,yukumluluk,23519868749.8934,1551838632.2916,458909331.41739964
2025-Q4,kredi,B,varlik,23838331855.1893,2128865193.0703,262031264.95430088
2025-Q4,kredi,B,yukumluluk,5350491352.0509,362732776.125,-157000936.88429928
2025-Q4,kredi,K,varlik,2325153138.2643003,-517842600.6364,9601977.759100676
2025-Q4,kredi,K,yukumluluk,1815248727.9524,-268224310.78750002,377825869.08140004
2025-Q4,kredi,D,varlik,11057753070.0,686390904.0,418357766.97999954
2025-Q4,kredi,D,yukumluluk,497499234.0,-12612665.5,2964841.5
2025-Q4,kredi,U,varlik,0.0,,-7.62939453125e-06
2025-Q4,kredi,U,yukumluluk,0.0,,0.0
2025-Q4,hisse_ozkaynak,H,varlik,7856655277.959,347318912.6414,265345410.81289995
2025-Q4,hisse_ozkaynak,H,yukumluluk,394207846.5846,33815392.6849,9.994208812713623e-05
2025-Q4,hisse_ozkaynak,F,varlik,5771351896.9423,202210079.7375,101481712.37109965
2025-Q4,hisse_ozkaynak,F,yukumluluk,17004048853.5532,271243234.6641,1927497331.7395008
2025-Q4,hisse_ozkaynak,B,varlik,3515841093.4385,216326323.5634,355668134.21029973
2025-Q4,hisse_ozkaynak,B,yukumluluk,12373198030.5082,520884239.2257,750892583.0975002
2025-Q4,hisse_ozkaynak,K,varlik,4567059110.3063,56195967.6324,427282348.44269997
2025-Q4,hisse_ozkaynak,K,yukumluluk,380402.0,0.0,0.0
2025-Q4,hisse_ozkaynak,D,varlik,11314839346.0,126678663.0,1669805921.0
2025-Q4,hisse_ozkaynak,D,yukumluluk,3253911592.0,122787080.0,141193612.0
2025-Q4,hisse_ozkaynak,U,varlik,0.0,,0.0
2025-Q4,hisse_ozkaynak,U,yukumluluk,0.000102996826171875,,-9.918212890625e-05
2025-Q4,sigorta_emeklilik,H,varlik,2859565571.8971,150784984.8339,242724354.7140002
2025-Q4,sigorta_emeklilik,H,yukumluluk,0.0,0.0,0.0
2025-Q4,sigorta_emeklilik,F,varlik,425274752.7105,46707593.4945,-1.4901161193847656e-08
2025-Q4,sigorta_emeklilik,F,yukumluluk,0.0,0.0,0.0
2025-Q4,sigorta_emeklilik,B,varlik,0.0,0.0,0.0
2025-Q4,sigorta_emeklilik,B,yukumluluk,3194417656.4105,191817506.906,242406733.95449987
2025-Q4,sigorta_emeklilik,K,varlik,0.0,0.0,0.0
2025-Q4,sigorta_emeklilik,K,yukumluluk,90422668.1971,5675071.4224,317620.75949999504
2025-Q4,sigorta_emeklilik,D,varlik,0.0,0.0,0.0
2025-Q4,sigorta_emeklilik,D,yukumluluk,0.0,0.0,0.0
2025-Q4,sigorta_emeklilik,U,varlik,0.0,,-4.76837158203125e-07
2025-Q4,sigorta_emeklilik,U,yukumluluk,0.0,,0.0
2025-Q4,turev,H,varlik,2560775.0,778615.2161,38688.78390000004
2025-Q4,turev,H,yukumluluk,23564421.7698,1729753.6671,147699.0632999998
2025-Q4,turev,F,varlik,28349179.0,6542535.5795,412425.4205
2025-Q4,turev,F,yukumluluk,56125193.0,-427387.8952,1017583.8952
2025-Q4,turev,B,varlik,279688117.9487,9722703.1195,1268887.9104000144
2025-Q4,turev,B,yukumluluk,107760756.4887,13230024.5173,-853079.5756999906
2025-Q4,turev,K,varlik,6018271.2155,-768788.3311,-613104.9216000001
2025-Q4,turev,K,yukumluluk,5129691.9057,-837281.235,-409217.6597999999
2025-Q4,turev,D,varlik,106677341.0,7795970.3958,2021132.6042
2025-Q4,turev,D,yukumluluk,230713621.0,10375926.9257,3225044.0743000004
2025-Q4,turev,U,varlik,0.0,,0.0
2025-Q4,turev,U,yukumluluk,0.0,,-5.960464477539063e-08
2025-Q4,diger,H,varlik,721066418.2521,48078940.4132,1012601.9557999596
2025-Q4,diger,H,yukumluluk,357980487.5069,39006929.037700005,37589.26350002736
2025-Q4,diger,F,varlik,4731662014.3253,270042508.813,108649267.74599999
2025-Q4,diger,F,yukumluluk,6348564754.8349,540666725.3082,60849785.79450023
2025-Q4,diger,B,varlik,1982023966.6335,66545615.3617,3114515.7110000253
2025-Q4,diger,B,yukumluluk,2773810411.8575,162336270.9692,15046473.666800171
2025-Q4,diger,K,varlik,4036603735.9816,650804458.2653,12166331.881899595
2025-Q4,diger,K,yukumluluk,2099991331.0084,281568191.3354,31300824.777099967
2025-Q4,diger,D,varlik,2817311155.8946,115360136.3586,84130911.13519968
2025-Q4,diger,D,yukumluluk,2708320305.8793,127253542.8363,101838954.65290011
2025-Q4,diger,U,varlik,0.0,,0.0
2025-Q4,diger,U,yukumluluk,0.000102996826171875,,0.0001010894775390625
2026-Q1,altin_sdr,H,varlik,0.0,0.0,0.0
2026-Q1,altin_sdr,H,yukumluluk,0.0,0.0,0.0
2026-Q1,altin_sdr,F,varlik,0.0,0.0,0.0
2026-Q1,altin_sdr,F,yukumluluk,0.0,0.0,0.0
2026-Q1,altin_sdr,B,varlik,0.0,0.0,0.0
2026-Q1,altin_sdr,B,yukumluluk,0.0,0.0,0.0
2026-Q1,altin_sdr,K,varlik,4840688615.0,-815410656.0954,332317445.0954
2026-Q1,altin_sdr,K,yukumluluk,334059027.0,0.0,9136702.0
2026-Q1,altin_sdr,D,varlik,334059027.0,0.0,9136702.0
2026-Q1,altin_sdr,D,yukumluluk,4840688615.0,-815410656.0954,332317445.0954
2026-Q1,altin_sdr,U,varlik,0.0,,0.0
2026-Q1,altin_sdr,U,yukumluluk,0.0,,0.0
2026-Q1,para_mevduat,H,varlik,15781875542.8015,565865122.0345,267795245.03429997
2026-Q1,para_mevduat,H,yukumluluk,0.0,0.0,0.0
2026-Q1,para_mevduat,F,varlik,8593544693.515,19897510.6242,102690036.6145991
2026-Q1,para_mevduat,F,yukumluluk,0.0,0.0,0.0
2026-Q1,para_mevduat,B,varlik,4142868815.9229,470319657.8554,23279086.687800467
2026-Q1,para_mevduat,B,yukumluluk,19474173988.321,346240021.51930004,348219307.46380085
2026-Q1,para_mevduat,K,varlik,4832100143.971701,-95914218.2581,-46402005.917999774
2026-Q1,para_mevduat,K,yukumluluk,10727867508.7794,269284965.4788,-157101303.2775995
2026-Q1,para_mevduat,D,varlik,2767723858.2959,27820594.3817,47949296.82309965
2026-Q1,para_mevduat,D,yukumluluk,5916071557.4065,372463679.6397,204193655.0552997
2026-Q1,para_mevduat,U,varlik,0.0,,-9.918212890625e-05
2026-Q1,para_mevduat,U,yukumluluk,9.918212890625e-05,,9.918212890625e-05
2026-Q1,borclanma_senedi,H,varlik,1057920719.8956,155428148.99069998,16216764.440799981
2026-Q1,borclanma_senedi,H,yukumluluk,0.0,0.0,0.0
2026-Q1,borclanma_senedi,F,varlik,538979625.7777,37891307.7821,7956863.126699947
2026-Q1,borclanma_senedi,F,yukumluluk,993087770.76,10904708.6,28195674.67999997
2026-Q1,borclanma_senedi,B,varlik,11759306208.2685,178143923.47969997,126738829.56239903
2026-Q1,borclanma_senedi,B,yukumluluk,3024952481.5538,69102855.68980001,79536812.63489987
2026-Q1,borclanma_senedi,K,varlik,607533700.7337,-790162317.7139,-76296202.36449993
2026-Q1,borclanma_senedi,K,yukumluluk,13951134082.3617,434510528.65129995,-134615972.9519992
2026-Q1,borclanma_senedi,D,varlik,4393483392.0,101354280.0,-64878912.0
2026-Q1,borclanma_senedi,D,yukumluluk,388049312.0,-831862750.4026,36620828.40260005
2026-Q1,borclanma_senedi,U,varlik,0.0,,0.0
2026-Q1,borclanma_senedi,U,yukumluluk,0.0,,0.0
2026-Q1,kredi,H,varlik,13514348.646599999,-6187227.012,-103842.31240000203
2026-Q1,kredi,H,yukumluluk,6836035539.6322,525275814.6487,1180193.358000517
2026-Q1,kredi,F,varlik,268731089.5175,9195123.8066,7891851.61329997
2026-Q1,kredi,F,yukumluluk,25339760798.2257,1518949017.8561,300943030.476202
2026-Q1,kredi,B,varlik,24802343236.8924,759494772.1919003,204516609.51119804
2026-Q1,kredi,B,yukumluluk,5900639148.3413,530795946.89229995,19351849.3980996
2026-Q1,kredi,K,varlik,3921744361.0916,1569571555.0493,27019667.77799964
2026-Q1,kredi,K,yukumluluk,1870953005.9488,53087551.4886,2616726.507800117
2026-Q1,kredi,D,varlik,11530874432.0,369715936.0,103405426.0
2026-Q1,kredi,D,yukumluluk,589818976.0,73681829.15,18637912.849999994
2026-Q1,kredi,U,varlik,0.0,,0.0
2026-Q1,kredi,U,yukumluluk,9.918212890625e-05,,9.918212890625e-05
2026-Q1,hisse_ozkaynak,H,varlik,8384785201.188299,31091153.2423,497038769.9869996
2026-Q1,hisse_ozkaynak,H,yukumluluk,422201340.3224,27993493.7378,3.725290298461914e-09
2026-Q1,hisse_ozkaynak,F,varlik,5938291669.3488,78010114.2206,88929658.18589987
2026-Q1,hisse_ozkaynak,F,yukumluluk,17987270521.6991,118747266.0183,864474402.1276007
2026-Q1,hisse_ozkaynak,B,varlik,3803939563.8275,17829670.3212,270268800.0677999
2026-Q1,hisse_ozkaynak,B,yukumluluk,12401105039.7884,-233587255.024,261494264.30420095
2026-Q1,hisse_ozkaynak,K,varlik,4597841829.4453,18335194.9474,12447524.191599939
2026-Q1,hisse_ozkaynak,K,yukumluluk,380402.0,0.0,0.0
2026-Q1,hisse_ozkaynak,D,varlik,11567491232.0,-121892254.9994,374544140.9994
2026-Q1,hisse_ozkaynak,D,yukumluluk,3481392192.0,110220373.0,117260227.0
2026-Q1,hisse_ozkaynak,U,varlik,0.0,,0.0
2026-Q1,hisse_ozkaynak,U,yukumluluk,0.0,,-0.000102996826171875
2026-Q1,sigorta_emeklilik,H,varlik,3088377109.4245,100470306.8118,128341230.71560001
2026-Q1,sigorta_emeklilik,H,yukumluluk,0.0,0.0,0.0
2026-Q1,sigorta_emeklilik,F,varlik,468669005.0095,43394252.299,2.2351741790771484e-08
2026-Q1,sigorta_emeklilik,F,yukumluluk,0.0,0.0,0.0
2026-Q1,sigorta_emeklilik,B,varlik,0.0,0.0,0.0
2026-Q1,sigorta_emeklilik,B,yukumluluk,3468604103.4876,145984418.9898,128202028.0872998
2026-Q1,sigorta_emeklilik,K,varlik,0.0,0.0,0.0
2026-Q1,sigorta_emeklilik,K,yukumluluk,88442010.9464,-2119859.8791,139202.62840000307
2026-Q1,sigorta_emeklilik,D,varlik,0.0,0.0,0.0
2026-Q1,sigorta_emeklilik,D,yukumluluk,0.0,0.0,0.0
2026-Q1,sigorta_emeklilik,U,varlik,0.0,,0.0
2026-Q1,sigorta_emeklilik,U,yukumluluk,0.0,,0.0
2026-Q1,turev,H,varlik,4393451.0,1739417.7322,93258.26780000003
2026-Q1,turev,H,yukumluluk,38369407.2475,14380705.6098,424279.86790000275
2026-Q1,turev,F,varlik,45117433.0,16382329.1067,385924.8933000006
2026-Q1,turev,F,yukumluluk,44256604.0,-13220449.5634,1351860.5634000003
2026-Q1,turev,B,varlik,276640461.9693,-211406.001,-2836249.9784000386
2026-Q1,turev,B,yukumluluk,265064155.6785,157186543.1924,116855.99739998579
2026-Q1,turev,K,varlik,12317166.6634,1341829.9702,4957065.4777
2026-Q1,turev,K,yukumluluk,3773549.7066,915461.523,-2271603.7221
2026-Q1,turev,D,varlik,255770601.0,146297627.0685,2795632.931499988
2026-Q1,turev,D,yukumluluk,242775397.0,6287537.1148,5774238.8852
2026-Q1,turev,U,varlik,0.0,,0.0
2026-Q1,turev,U,yukumluluk,9.989738464355469e-05,,9.989738464355469e-05
2026-Q1,diger,H,varlik,783622487.6751,61845255.256,710814.1669999808
2026-Q1,diger,H,yukumluluk,422452725.013,64447885.9314,24351.574699997902
2026-Q1,diger,F,varlik,4815057097.5579,20605289.3867,62789793.84590021
2026-Q1,diger,F,yukumluluk,6412174443.4859,6680867.1778,56928821.47320002
2026-Q1,diger,B,varlik,2312101723.3413,326665038.4019,3412718.305899918
2026-Q1,diger,B,yukumluluk,3044071410.497,255077072.2297,15183926.409800142
2026-Q1,diger,K,varlik,4022135992.1156,-10595544.7808,-3872199.085199699
2026-Q1,diger,K,yukumluluk,2298207453.6217,190098744.9787,8117377.634599835
2026-Q1,diger,D,varlik,2937886226.897,46678477.1807,73896593.82169992
2026-Q1,diger,D,yukumluluk,2693897494.9693,-71106054.598,56683243.68799968
2026-Q1,diger,U,varlik,0.0,,0.0
2026-Q1,diger,U,yukumluluk,1.9073486328125e-06,,-0.0001010894775390625
